case_index,total_cases,dim,case_name,depth,visited_states,pending_states,disk_bytes,worker_threads,generation_sec,visited_sec,selection_sec
1,1,9,"q9_case2",1,2305,2305,131072,24,0.000237,0.001062,0.000169
1,1,9,"q9_case2",2,559741,559741,131072,24,0.046506,0.040772,0.009913
1,1,9,"q9_case2",3,1143873,143873,23502848,24,0.018095,0.250528,0.009796
1,1,9,"q9_case2",4,1731635,731635,23502848,24,0.017988,0.041790,0.009062
1,1,9,"q9_case2",5,2319736,319736,46723072,24,0.015382,0.238574,0.009099
1,1,9,"q9_case2",6,2907762,907762,46723072,24,0.016926,0.041850,0.008998
1,1,9,"q9_case2",7,3495709,495709,70103040,24,0.017650,0.245563,0.009491
1,1,9,"q9_case2",8,4083557,83557,93360128,24,0.018439,0.248102,0.009519
1,1,9,"q9_case2",9,4671269,671269,93360128,24,0.016174,0.039777,0.008755
1,1,9,"q9_case2",10,5258971,258971,116670464,24,0.016658,0.237827,0.009506
1,1,9,"q9_case2",11,5846532,846532,116670464,24,0.016776,0.043240,0.009161
1,1,9,"q9_case2",12,6434053,434053,140066816,24,0.017007,0.242754,0.009239
1,1,9,"q9_case2",13,7020810,83310,161861632,24,0.018989,0.252350,0.008550
1,1,9,"q9_case2",14,7602980,602980,163291136,24,0.016668,0.094358,0.009756
1,1,9,"q9_case2",15,8190359,190359,186568704,24,0.016480,0.243691,0.010019
1,1,9,"q9_case2",16,8779240,779240,186568704,24,0.017649,0.043775,0.012038
1,1,9,"q9_case2",17,9363776,363776,209870848,24,0.020248,0.289103,0.012908
1,1,9,"q9_case2",18,9952267,952267,209870848,24,0.018283,0.045376,0.009669
1,1,9,"q9_case2",19,10536484,536484,233332736,24,0.018909,0.276477,0.012854
1,1,9,"q9_case2",20,11124821,124821,256147456,24,0.017716,0.280010,0.009251
1,1,9,"q9_case2",21,11709276,709276,256147456,24,0.018294,0.046581,0.011204
1,1,9,"q9_case2",22,12297553,297553,279908352,24,0.019329,0.306034,0.009568
1,1,9,"q9_case2",23,12886545,886545,279908352,24,0.018540,0.045659,0.012642
1,1,9,"q9_case2",24,13474566,474566,303419392,24,0.018056,0.375298,0.013379
1,1,9,"q9_case2",25,14063272,63272,327012352,24,0.017964,0.472977,0.009564
1,1,9,"q9_case2",26,14652310,652310,327012352,24,0.017258,0.038233,0.008998
1,1,9,"q9_case2",27,15240159,240159,349720576,24,0.017565,0.562871,0.011996
1,1,9,"q9_case2",28,15828882,828882,349720576,24,0.018858,0.044276,0.011117
1,1,9,"q9_case2",29,16417899,417899,372891648,24,0.018828,0.661748,0.009776
1,1,9,"q9_case2",30,16999508,437008,386187264,24,0.018450,0.606941,0.011138
1,1,9,"q9_case2",31,17587554,587554,396517376,24,0.017589,0.572779,0.011712
1,1,9,"q9_case2",32,18176332,176332,419921920,24,0.017666,0.816464,0.013342
1,1,9,"q9_case2",33,18765226,765226,419921920,24,0.017918,0.046902,0.011887
1,1,9,"q9_case2",34,19322422,322422,443162624,24,0.018568,0.933566,0.010473
1,1,9,"q9_case2",35,19909131,909131,443162624,24,0.018263,0.043618,0.011626
1,1,9,"q9_case2",36,20494722,494722,466235392,24,0.021604,0.950303,0.012882
1,1,9,"q9_case2",37,21083152,83152,489680896,24,0.017658,0.999923,0.009988
1,1,9,"q9_case2",38,21672259,672259,489680896,24,0.020136,0.043570,0.012391
1,1,9,"q9_case2",39,22231459,231459,512835584,24,0.020053,1.053837,0.011074
1,1,9,"q9_case2",40,22819125,819125,512835584,24,0.019408,0.047232,0.012205
1,1,9,"q9_case2",41,23404694,404694,536227840,24,0.019023,1.069192,0.012133
1,1,9,"q9_case2",42,23977930,915430,537714688,24,0.021508,0.524506,0.011247
1,1,9,"q9_case2",43,24534881,534881,560099328,24,0.017982,1.129411,0.011779
1,1,9,"q9_case2",44,25121120,121120,582942720,24,0.018974,1.220135,0.011334
1,1,9,"q9_case2",45,25706149,706149,582942720,24,0.019156,0.043281,0.011831
1,1,9,"q9_case2",46,26294420,294420,605921280,24,0.018240,1.218463,0.012256
1,1,9,"q9_case2",47,26883420,883420,605921280,24,0.018677,0.042164,0.010737
1,1,9,"q9_case2",48,27472616,472616,629506048,24,0.016496,1.227761,0.012643
1,1,9,"q9_case2",49,28057602,57602,652705792,24,0.017839,1.305692,0.012597
1,1,9,"q9_case2",50,28646066,646066,652705792,24,0.020525,0.048699,0.012675
1,1,9,"q9_case2",51,29233380,233380,675872768,24,0.018273,1.307137,0.012027
1,1,9,"q9_case2",52,29821922,821922,675872768,24,0.017117,0.043232,0.012686
1,1,9,"q9_case2",53,30410933,410933,699318272,24,0.017853,1.319987,0.009402
1,1,9,"q9_case2",54,30999956,312456,715137024,24,0.018447,1.119326,0.009812
1,1,9,"q9_case2",55,31588924,588924,722710528,24,0.017827,0.920257,0.010600
1,1,9,"q9_case2",56,32177859,177859,746270720,24,0.019841,1.379024,0.011670
1,1,9,"q9_case2",57,32766827,766827,746270720,24,0.018446,0.044136,0.013262
1,1,9,"q9_case2",58,33355808,355808,769765376,24,0.019158,1.400578,0.011246
1,1,9,"q9_case2",59,33944714,944714,769765376,24,0.018278,0.041738,0.010725
1,1,9,"q9_case2",60,34533172,533172,792948736,24,0.020413,1.436407,0.009856
1,1,9,"q9_case2",61,35122014,122014,816218112,24,0.017042,1.423994,0.011515
1,1,9,"q9_case2",62,35711016,711016,816218112,24,0.018799,0.042030,0.012516
1,1,9,"q9_case2",63,36300068,300068,839340032,24,0.018628,1.478124,0.013542
1,1,9,"q9_case2",64,36889185,889185,839340032,24,0.019652,0.041354,0.011741
1,1,9,"q9_case2",65,37478236,478236,862187520,24,0.018582,1.447746,0.013026
1,1,9,"q9_case2",66,38066863,66863,885579776,24,0.018084,1.462703,0.012996
1,1,9,"q9_case2",67,38655675,655675,885579776,24,0.017290,0.038013,0.010277
1,1,9,"q9_case2",68,39244738,244738,908836864,24,0.017798,1.485852,0.013618
1,1,9,"q9_case2",69,39833906,833906,908836864,24,0.017681,0.044711,0.013013
1,1,9,"q9_case2",70,40423143,423143,932638720,24,0.018811,1.455827,0.009480
1,1,9,"q9_case2",71,41011101,323601,948363264,24,0.017709,1.261357,0.012245
1,1,9,"q9_case2",72,41600097,600097,955842560,24,0.017878,1.019815,0.012720
1,1,9,"q9_case2",73,42189253,189253,979210240,24,0.019333,1.721196,0.012023
1,1,9,"q9_case2",74,42778351,778351,979210240,24,0.018652,0.045268,0.012770
1,1,9,"q9_case2",75,43367362,367362,1002487808,24,0.018572,1.682040,0.013589
1,1,9,"q9_case2",76,43956344,831344,1005404160,24,0.017947,0.874362,0.011480
1,1,9,"q9_case2",77,44545426,545426,1026088960,24,0.018204,1.518616,0.012155
1,1,9,"q9_case2",78,45134624,134624,1049251840,24,0.018717,1.598888,0.009284
1,1,9,"q9_case2",79,45723795,723795,1049251840,24,0.020557,0.046275,0.011705
1,1,9,"q9_case2",80,46312882,312882,1071927296,24,0.018246,1.627209,0.009367
1,1,9,"q9_case2",81,46873993,873993,1071927296,24,0.017789,0.040340,0.009431
1,1,9,"q9_case2",82,47452877,452877,1095163904,24,0.017685,1.592459,0.013048
1,1,9,"q9_case2",83,48040755,165755,1116090368,24,0.017066,1.489948,0.012996
1,1,9,"q9_case2",84,48629684,629684,1118924800,24,0.017888,0.758612,0.011423
1,1,9,"q9_case2",85,49213807,213807,1142902784,24,0.019278,1.611986,0.010492
1,1,9,"q9_case2",86,49802094,802094,1142902784,24,0.020369,0.040643,0.011124
1,1,9,"q9_case2",87,50391073,391073,1166307328,24,0.018653,1.625507,0.012287
1,1,9,"q9_case2",88,50980196,667696,1173364736,24,0.017374,1.084642,0.012601
1,1,9,"q9_case2",89,51569187,569187,1189244928,24,0.019865,1.398638,0.011554
1,1,9,"q9_case2",90,52158114,158114,1212555264,24,0.018041,1.610802,0.009343
1,1,9,"q9_case2",91,52747061,747061,1212555264,24,0.020836,0.045563,0.012302
1,1,9,"q9_case2",92,53336038,336038,1235509248,24,0.018231,1.654334,0.010373
1,1,9,"q9_case2",93,53924951,862451,1236971520,24,0.017622,0.770594,0.010535
1,1,9,"q9_case2",94,54513704,513704,1258663936,24,0.017107,1.595656,0.009355
1,1,9,"q9_case2",95,55102267,102267,1281961984,24,0.016109,1.608829,0.009405
1,1,9,"q9_case2",96,55690811,690811,1281961984,24,0.016100,0.034949,0.009116
1,1,9,"q9_case2",97,56279267,279267,1304993792,24,0.016683,1.644232,0.009392
1,1,9,"q9_case2",98,56867870,867870,1304993792,24,0.016800,0.038097,0.009407
1,1,9,"q9_case2",99,57456625,456625,1328377856,24,0.016641,1.625063,0.009798
1,1,9,"q9_case2",100,58045545,170545,1348976640,24,0.016282,1.544401,0.012858
1,1,9,"q9_case2",101,58634322,634322,1351716864,24,0.017005,0.716173,0.012090
1,1,9,"q9_case2",102,59222870,222870,1375567872,24,0.018877,1.655867,0.010069
1,1,9,"q9_case2",103,59811892,811892,1375567872,24,0.018390,0.038126,0.010683
1,1,9,"q9_case2",104,60400632,400632,1398751232,24,0.016899,1.716828,0.010373
1,1,9,"q9_case2",105,60989382,614382,1407406080,24,0.020005,1.251132,0.012607
1,1,9,"q9_case2",106,61578186,578186,1421873152,24,0.019057,1.468764,0.010285
1,1,9,"q9_case2",107,62167114,167114,1445486592,24,0.016862,1.707050,0.011175
1,1,9,"q9_case2",108,62756118,756118,1445486592,24,0.019015,0.041299,0.009557
1,1,9,"q9_case2",109,63345059,345059,1469030400,24,0.017068,1.678721,0.009099
1,1,9,"q9_case2",110,63933827,871327,1470496768,24,0.016488,0.588777,0.010131
1,1,9,"q9_case2",111,64521774,521774,1492320256,24,0.018237,1.647340,0.009924
1,1,9,"q9_case2",112,65110434,110434,1515192320,24,0.018082,1.683297,0.009171
1,1,9,"q9_case2",113,65699287,699287,1515192320,24,0.019176,0.035446,0.009489
1,1,9,"q9_case2",114,66288003,288003,1538580480,24,0.017054,1.699596,0.012784
1,1,9,"q9_case2",115,66876656,876656,1538580480,24,0.017721,0.039403,0.012347
1,1,9,"q9_case2",116,67465318,465318,1561194496,24,0.018700,1.740034,0.010530
1,1,9,"q9_case2",117,68053833,178833,1581826048,24,0.017886,1.604635,0.012625
1,1,9,"q9_case2",118,68642394,642394,1584644096,24,0.018818,0.747438,0.012200
1,1,9,"q9_case2",119,69230860,230860,1608171520,24,0.017837,1.775334,0.011810
1,1,9,"q9_case2",120,69819199,819199,1608171520,24,0.017833,0.121191,0.009848
1,1,9,"q9_case2",121,70407726,407726,1631592448,24,0.017585,1.763929,0.011152
1,1,9,"q9_case2",122,70996328,621328,1640321024,24,0.019677,1.217487,0.010151
1,1,9,"q9_case2",123,71584791,584791,1655136256,24,0.018269,1.460482,0.013929
1,1,9,"q9_case2",124,72173568,173568,1678417920,24,0.017083,1.938337,0.011648
1,1,9,"q9_case2",125,72761729,761729,1678417920,24,0.018405,0.040208,0.011315
1,1,9,"q9_case2",126,73350690,350690,1702252544,24,0.018418,1.833088,0.008856
1,1,9,"q9_case2",127,73938521,876021,1703755776,24,0.017547,0.684075,0.010810
1,1,9,"q9_case2",128,74527448,527448,1725374464,24,0.018245,1.762199,0.012334
1,1,9,"q9_case2",129,75116306,116306,1748471808,24,0.018446,1.889328,0.009857
1,1,9,"q9_case2",130,75704203,704203,1748471808,24,0.019979,0.184244,0.010300
1,1,9,"q9_case2",131,76292987,292987,1771773952,24,0.018659,1.833472,0.012622
1,1,9,"q9_case2",132,76881803,881803,1771773952,24,0.018377,0.038719,0.008946
1,1,9,"q9_case2",133,77468643,468643,1795481600,24,0.017996,1.796424,0.009342
1,1,9,"q9_case2",134,78057418,119918,1817186304,24,0.018329,1.703081,0.011502
1,1,9,"q9_case2",135,78644230,644230,1818656768,24,0.016563,0.553634,0.009310
1,1,9,"q9_case2",136,79232832,232832,1842028544,24,0.018422,1.828918,0.009309
1,1,9,"q9_case2",137,79821854,821854,1842028544,24,0.017454,0.042352,0.012941
1,1,9,"q9_case2",138,80410850,410850,1865129984,24,0.018808,1.828688,0.011163
1,1,9,"q9_case2",139,80999841,499841,1876963328,24,0.017110,1.370449,0.013295
1,1,9,"q9_case2",140,81588820,588820,1888747520,24,0.017033,1.318940,0.009004
1,1,9,"q9_case2",141,82177808,177808,1912147968,24,0.016291,1.801606,0.009925
1,1,9,"q9_case2",142,82766748,766748,1912147968,24,0.016898,0.040251,0.009472
1,1,9,"q9_case2",143,83355662,355662,1935781888,24,0.016840,1.771909,0.009261
1,1,9,"q9_case2",144,83944481,756981,1940123648,24,0.018564,0.781895,0.010278
1,1,9,"q9_case2",145,84533201,533201,1958903808,24,0.017087,1.606440,0.009060
1,1,9,"q9_case2",146,85121856,121856,1981800448,24,0.018577,1.814202,0.009498
1,1,9,"q9_case2",147,85710580,710580,1981800448,24,0.017169,0.045678,0.010461
1,1,9,"q9_case2",148,86299602,299602,2005577728,24,0.020171,1.802957,0.009933
1,1,9,"q9_case2",149,86888436,888436,2005577728,24,0.017082,0.055786,0.011907
1,1,9,"q9_case2",150,87476419,476419,2028892160,24,0.016670,1.893065,0.009337
1,1,9,"q9_case2",151,88065253,65253,2052083712,24,0.018920,1.914874,0.011148
1,1,9,"q9_case2",152,88654288,654288,2052083712,24,0.016949,0.102637,0.009760
1,1,9,"q9_case2",153,89243308,243308,2075500544,24,0.018456,1.858834,0.009849
1,1,9,"q9_case2",154,89832231,832231,2075500544,24,0.017840,0.048816,0.009338
1,1,9,"q9_case2",155,90421106,421106,2098704384,24,0.017336,1.929020,0.009421
1,1,9,"q9_case2",156,91009954,509954,2110042112,24,0.018241,1.416510,0.012808
1,1,9,"q9_case2",157,91598728,598728,2121740288,24,0.017500,1.426222,0.012999
1,1,9,"q9_case2",158,92187445,187445,2144595968,24,0.017313,1.906750,0.011277
1,1,9,"q9_case2",159,92776340,776340,2144595968,24,0.016634,0.088115,0.011463
1,1,9,"q9_case2",160,93365128,365128,2168045568,24,0.016347,1.886988,0.009911
1,1,9,"q9_case2",161,93953878,828878,2170839040,24,0.017966,0.902579,0.009356
1,1,9,"q9_case2",162,94542736,542736,2190995456,24,0.016425,1.794415,0.012136
1,1,9,"q9_case2",163,95103546,103546,2214465536,24,0.017161,1.928357,0.009134
1,1,9,"q9_case2",164,95691725,691725,2214465536,24,0.017680,0.040751,0.012819
1,1,9,"q9_case2",165,96278304,278304,2237571072,24,0.019063,2.222127,0.013032
1,1,9,"q9_case2",166,96866632,866632,2237571072,24,0.017693,0.089054,0.012015
1,1,9,"q9_case2",167,97455469,455469,2261311488,24,0.017570,1.935339,0.012975
1,1,9,"q9_case2",168,98044230,106730,2283122688,24,0.018475,1.863688,0.011037
1,1,9,"q9_case2",169,98632857,632857,2284535808,24,0.016598,0.752099,0.011259
1,1,9,"q9_case2",170,99221381,221381,2307465216,24,0.018171,1.947600,0.009287
1,1,9,"q9_case2",171,99809912,809912,2307465216,24,0.017477,0.139657,0.012364
1,1,9,"q9_case2",172,100398556,398556,2331275264,24,0.018068,1.923997,0.012906
1,1,9,"q9_case2",173,100987054,674554,2338828288,24,0.017051,1.469215,0.013218
1,1,9,"q9_case2",174,101575669,575669,2354835456,24,0.017490,1.607153,0.011254
1,1,9,"q9_case2",175,102164119,164119,2378248192,24,0.016830,1.968052,0.009860
1,1,9,"q9_case2",176,102752587,752587,2378248192,24,0.018730,0.189384,0.008868
1,1,9,"q9_case2",177,103338823,338823,2401452032,24,0.018419,1.974783,0.012780
1,1,9,"q9_case2",178,103926973,926973,2401452032,24,0.018044,0.179413,0.008906
1,1,9,"q9_case2",179,104513223,513223,2424897536,24,0.017906,2.032901,0.011623
1,1,9,"q9_case2",180,105101303,101303,2448560128,24,0.018407,2.960745,0.009330
1,1,9,"q9_case2",181,105689811,689811,2448560128,24,0.017687,0.063002,0.010841
1,1,9,"q9_case2",182,106278129,278129,2471817216,24,0.016608,1.995820,0.009562
1,1,9,"q9_case2",183,106864329,864329,2471817216,24,0.017527,0.156022,0.010946
1,1,9,"q9_case2",184,107452334,452334,2494480384,24,0.019718,1.925008,0.009458
1,1,9,"q9_case2",185,108040650,228150,2513534976,24,0.016590,1.755722,0.009777
1,1,9,"q9_case2",186,108628827,628827,2517979136,24,0.016894,1.164759,0.013003
1,1,9,"q9_case2",187,109216839,216839,2541137920,24,0.019180,1.971801,0.009264
1,1,9,"q9_case2",188,109804832,804832,2541137920,24,0.017183,0.194958,0.009915
1,1,9,"q9_case2",189,110392757,392757,2564771840,24,0.016688,1.981404,0.009259
1,1,9,"q9_case2",190,110980564,668064,2571915264,24,0.016766,1.662068,0.010662
1,1,9,"q9_case2",191,111568427,568427,2587549696,24,0.016944,1.639615,0.012205
1,1,9,"q9_case2",192,112149462,149462,2610749440,24,0.018257,2.022852,0.010004
1,1,9,"q9_case2",193,112737537,737537,2610749440,24,0.017659,0.041758,0.009757
1,1,9,"q9_case2",194,113325300,325300,2634063872,24,0.018806,1.952568,0.009529
1,1,9,"q9_case2",195,113913961,913961,2634063872,24,0.016635,0.163967,0.009245
1,1,9,"q9_case2",196,114502809,502809,2657153024,24,0.016631,2.346185,0.010101
1,1,9,"q9_case2",197,115091522,154022,2679001088,24,0.017665,2.405023,0.009339
1,1,9,"q9_case2",198,115680395,680395,2680512512,24,0.015922,0.657871,0.012738
1,1,9,"q9_case2",199,116269176,269176,2703749120,24,0.021497,2.021442,0.010213
1,1,9,"q9_case2",200,116857976,857976,2703749120,24,0.016916,0.156893,0.009962
1,1,9,"q9_case2",201,117446923,446923,2726641664,24,0.017030,1.963094,0.009841
1,1,9,"q9_case2",202,118036001,286001,2743742464,24,0.017356,2.198304,0.009404
1,1,9,"q9_case2",203,118624341,624341,2749435904,24,0.016157,1.201529,0.011295
1,1,9,"q9_case2",204,119213218,213218,2773086208,24,0.017479,1.992488,0.009698
1,1,9,"q9_case2",205,119798681,798681,2773086208,24,0.017267,0.221157,0.009197
1,1,9,"q9_case2",206,120387388,387388,2796736512,24,0.017764,2.209406,0.013389
1,1,9,"q9_case2",207,120975286,662786,2803888128,24,0.017049,1.327790,0.012123
1,1,9,"q9_case2",208,121563895,563895,2819588096,24,0.016376,1.591940,0.010309
1,1,9,"q9_case2",209,122151619,151619,2843279360,24,0.017060,2.114028,0.009712
1,1,9,"q9_case2",210,122739976,739976,2843279360,24,0.018474,0.207194,0.012680
1,1,9,"q9_case2",211,123323023,323023,2866802688,24,0.017541,2.016005,0.009305
1,1,9,"q9_case2",212,123911312,911312,2866802688,24,0.016882,0.046981,0.008717
1,1,9,"q9_case2",213,124492860,492860,2890133504,24,0.016685,2.035115,0.009418
1,1,9,"q9_case2",214,125080947,143447,2911870976,24,0.018463,2.307630,0.009425
1,1,9,"q9_case2",215,125665127,665127,2913415168,24,0.016529,0.693421,0.010833
1,1,9,"q9_case2",216,126253236,253236,2937073664,24,0.017757,2.688418,0.009593
1,1,9,"q9_case2",217,126841958,841958,2937073664,24,0.016367,0.103049,0.012255
1,1,9,"q9_case2",218,127428602,428602,2960412672,24,0.016861,2.118135,0.012635
1,1,9,"q9_case2",219,128016920,329420,2976608256,24,0.017129,1.731214,0.009052
1,1,9,"q9_case2",220,128605562,605562,2984198144,24,0.016938,1.265455,0.008946
1,1,9,"q9_case2",221,129189354,189354,3006959616,24,0.016689,2.248325,0.009795
1,1,9,"q9_case2",222,129777415,777415,3006959616,24,0.017893,0.211241,0.009579
1,1,9,"q9_case2",223,130366140,366140,3030470656,24,0.017572,3.475797,0.011543
1,1,9,"q9_case2",224,130954759,829759,3033292800,24,0.017365,1.556326,0.010803
1,1,9,"q9_case2",225,131543288,543288,3053617152,24,0.020038,1.841285,0.013062
1,1,9,"q9_case2",226,132131711,131711,3077009408,24,0.016727,3.208397,0.009224
1,1,9,"q9_case2",227,132720055,720055,3077009408,24,0.017689,0.245894,0.012914
1,1,9,"q9_case2",228,133308390,308390,3100250112,24,0.016839,2.673929,0.009365
1,1,9,"q9_case2",229,133896844,896844,3100250112,24,0.017424,0.180688,0.009360
1,1,9,"q9_case2",230,134485224,485224,3123322880,24,0.017546,2.024634,0.013119
1,1,9,"q9_case2",231,135073517,136017,3145236480,24,0.016473,2.070913,0.009064
1,1,9,"q9_case2",232,135661751,661751,3146727424,24,0.016562,0.670590,0.009739
1,1,9,"q9_case2",233,136249962,249962,3170123776,24,0.017414,3.577199,0.009496
1,1,9,"q9_case2",234,136838356,838356,3170123776,24,0.017909,0.217417,0.012121
1,1,9,"q9_case2",235,137426872,426872,3193720832,24,0.016521,2.140382,0.009264
1,1,9,"q9_case2",236,138015225,327725,3210178560,24,0.016772,1.793574,0.008988
1,1,9,"q9_case2",237,138603485,603485,3217272832,24,0.016863,1.400116,0.009419
1,1,9,"q9_case2",238,139192298,192298,3240882176,24,0.017131,2.632343,0.009920
1,1,9,"q9_case2",239,139781225,781225,3240882176,24,0.018311,0.101032,0.012379
1,1,9,"q9_case2",240,140367350,367350,3263844352,24,0.017881,2.502264,0.008839
1,1,9,"q9_case2",241,140953527,828527,3266613248,24,0.016452,1.294416,0.009555
1,1,9,"q9_case2",242,141539695,539695,3287023616,24,0.017683,2.057698,0.009187
1,1,9,"q9_case2",243,142127895,190395,3308556288,24,0.018009,2.251763,0.012996
1,1,9,"q9_case2",244,142701113,701113,3310047232,24,0.016908,0.703431,0.008848
1,1,9,"q9_case2",245,143288351,288351,3333271552,24,0.017106,3.522415,0.008862
1,1,9,"q9_case2",246,143873825,873825,3333271552,24,0.017592,0.103959,0.012233
1,1,9,"q9_case2",247,144462037,462037,3356086272,24,0.017430,2.238327,0.008729
1,1,9,"q9_case2",248,145036236,223736,3374673920,24,0.016869,1.878083,0.008810
1,1,9,"q9_case2",249,145623948,623948,3379183616,24,0.017086,1.287369,0.008694
1,1,9,"q9_case2",250,146208056,208056,3402788864,24,0.016564,2.291239,0.009259
1,1,9,"q9_case2",251,146796221,796221,3402788864,24,0.017543,0.089014,0.009277
1,1,9,"q9_case2",252,147385045,385045,3426394112,24,0.017241,2.345428,0.008850
1,1,9,"q9_case2",253,147971837,659337,3433869312,24,0.016515,1.262937,0.010558
1,1,9,"q9_case2",254,148555755,555755,3449806848,24,0.017275,1.675289,0.012856
1,1,9,"q9_case2",255,149144029,144029,3473022976,24,0.016464,2.842484,0.011175
1,1,9,"q9_case2",256,149730819,730819,3473022976,24,0.016839,0.173431,0.012255
1,1,9,"q9_case2",257,150314485,314485,3496353792,24,0.019946,2.264350,0.012496
1,1,9,"q9_case2",258,150902339,902339,3496353792,24,0.016694,0.051485,0.012330
1,1,9,"q9_case2",259,151484143,484143,3519950848,24,0.016536,2.708853,0.009832
1,1,9,"q9_case2",260,152072177,134677,3541819392,24,0.017387,4.163084,0.010556
1,1,9,"q9_case2",261,152661007,661007,3543220224,24,0.017013,0.737588,0.008881
1,1,9,"q9_case2",262,153246279,246279,3567194112,24,0.016509,2.579926,0.009733
1,1,9,"q9_case2",263,153834479,834479,3567194112,24,0.016847,0.049991,0.011131
1,1,9,"q9_case2",264,154423239,423239,3590250496,24,0.016811,2.555779,0.012960
1,1,9,"q9_case2",265,155012012,262012,3607556096,24,0.016711,2.512413,0.008902
1,1,9,"q9_case2",266,155597266,597266,3613511680,24,0.016902,1.259575,0.010934
1,1,9,"q9_case2",267,156185533,185533,3636842496,24,0.018226,2.965476,0.009951
1,1,9,"q9_case2",268,156774383,774383,3636842496,24,0.016826,0.165515,0.009302
1,1,9,"q9_case2",269,157359638,359638,3659481088,24,0.017149,2.586917,0.009250
1,1,9,"q9_case2",270,157947964,822964,3662340096,24,0.016988,1.379962,0.009254
1,1,9,"q9_case2",271,158536770,536770,3682594816,24,0.016420,2.097211,0.009020
1,1,9,"q9_case2",272,159109698,172198,3704598528,24,0.016412,3.035198,0.012325
1,1,9,"q9_case2",273,159697164,697164,3706077184,24,0.017122,0.982288,0.011379
1,1,9,"q9_case2",274,160281490,281490,3729534976,24,0.019723,3.202133,0.009251
1,1,9,"q9_case2",275,160869670,869670,3729534976,24,0.016653,0.099453,0.009763
1,1,9,"q9_case2",276,161443098,443098,3752726528,24,0.018064,2.899595,0.011110
1,1,9,"q9_case2",277,162030652,218152,3771002880,24,0.016702,2.126368,0.009313
1,1,9,"q9_case2",278,162614918,614918,3775352832,24,0.017089,1.224993,0.010012
1,1,9,"q9_case2",279,163202996,202996,3798716416,24,0.019113,3.345547,0.009694
1,1,9,"q9_case2",280,163776412,776412,3798716416,24,0.016732,0.104001,0.009117
1,1,9,"q9_case2",281,164363875,363875,3822522368,24,0.016623,3.912425,0.008727
1,1,9,"q9_case2",282,164945645,820645,3825426432,24,0.016480,1.062653,0.009150
1,1,9,"q9_case2",283,165533530,533530,3845967872,24,0.016632,1.884904,0.010355
1,1,9,"q9_case2",284,166107080,169580,3868221440,24,0.016714,3.427356,0.011409
1,1,9,"q9_case2",285,166694585,694585,3869835264,24,0.016254,0.706402,0.008960
1,1,9,"q9_case2",286,167268739,268739,3893436416,24,0.016814,3.716581,0.010983
1,1,9,"q9_case2",287,167856368,856368,3893436416,24,0.017147,0.100510,0.009253
1,1,9,"q9_case2",288,168445118,445118,3916464128,24,0.016732,3.579359,0.012067
1,1,9,"q9_case2",289,169031732,219232,3935367168,24,0.018234,2.430739,0.009185
1,1,9,"q9_case2",290,169620072,620072,3939831808,24,0.016881,1.252508,0.008912
1,1,9,"q9_case2",291,170201202,201202,3962847232,24,0.022399,3.055126,0.009348
1,1,9,"q9_case2",292,170788754,788754,3962847232,24,0.016944,0.227143,0.009139
1,1,9,"q9_case2",293,171377361,377361,3985907712,24,0.016573,3.580961,0.009035
1,1,9,"q9_case2",294,171958627,833627,3988840448,24,0.016296,1.030659,0.009598
1,1,9,"q9_case2",295,172546451,546451,4008607744,24,0.017300,3.133799,0.008979
1,1,9,"q9_case2",296,173127717,190217,4030369792,24,0.016729,2.401326,0.010886
1,1,9,"q9_case2",297,173715225,715225,4031922176,24,0.016782,0.804491,0.011797
1,1,9,"q9_case2",298,174303723,303723,4054966272,24,0.017943,3.313331,0.010846
1,1,9,"q9_case2",299,174892350,829850,4056412160,24,0.016367,0.978326,0.013468
1,1,9,"q9_case2",300,175480886,480886,4078170112,24,0.016626,2.856126,0.009508
1,1,9,"q9_case2",301,176069241,256741,4097372160,24,0.017214,3.046398,0.009246
1,1,9,"q9_case2",302,176657479,657479,4101713920,24,0.017655,1.256615,0.011017
1,1,9,"q9_case2",303,177245639,245639,4125356032,24,0.017659,3.122999,0.012981
1,1,9,"q9_case2",304,177833707,833707,4125356032,24,0.019088,0.147118,0.013175
1,1,9,"q9_case2",305,178421812,421812,4148785152,24,0.016793,3.194195,0.009961
1,1,9,"q9_case2",306,179009852,322352,4164620288,24,0.016837,1.817791,0.008692
1,1,9,"q9_case2",307,179583024,583024,4171755520,24,0.016705,1.257291,0.010325
1,1,9,"q9_case2",308,180170545,170545,4195389440,24,0.018290,4.453235,0.008924
1,1,9,"q9_case2",309,180744959,744959,4195389440,24,0.017190,0.197085,0.012226
1,1,9,"q9_case2",310,181332951,332951,4218757120,24,0.016760,3.276346,0.012096
1,1,9,"q9_case2",311,181906857,844357,4220252160,24,0.017743,0.916783,0.009396
1,1,9,"q9_case2",312,182494537,494537,4242464768,24,0.019096,2.706535,0.010534
1,1,9,"q9_case2",313,183068435,255935,4261707776,24,0.016804,2.266593,0.009529
1,1,9,"q9_case2",314,183656080,656080,4266254336,24,0.016828,1.299588,0.008841
1,1,9,"q9_case2",315,184229978,229978,4289245184,24,0.019362,3.303132,0.008761
1,1,9,"q9_case2",316,184817619,817619,4289245184,24,0.016839,0.103835,0.009117
1,1,9,"q9_case2",317,185406380,406380,4312707072,24,0.016632,3.041417,0.008954
1,1,9,"q9_case2",318,185991904,616904,4321722368,24,0.018272,1.489734,0.009288
1,1,9,"q9_case2",319,186580282,580282,4336275456,24,0.016427,1.766458,0.008610
1,1,9,"q9_case2",320,187153934,216434,4357754880,24,0.016604,2.740715,0.008931
1,1,9,"q9_case2",321,187741473,741473,4359385088,24,0.016898,0.703068,0.009088
1,1,9,"q9_case2",322,188330115,330115,4382781440,24,0.016455,4.660285,0.008701
1,1,9,"q9_case2",323,188911503,849003,4384256000,24,0.016456,0.715127,0.008884
1,1,9,"q9_case2",324,189499438,499438,4406112256,24,0.017057,4.039729,0.009070
1,1,9,"q9_case2",325,190088139,213139,4426784768,24,0.016754,2.755536,0.010922
1,1,9,"q9_case2",326,190669413,669413,4429697024,24,0.016523,0.918585,0.010251
1,1,9,"q9_case2",327,191257359,257359,4452790272,24,0.016573,4.674148,0.008580
1,1,9,"q9_case2",328,191830753,830753,4452790272,24,0.016572,0.243871,0.008882
1,1,9,"q9_case2",329,192418049,418049,4476735488,24,0.016690,4.060070,0.009543
1,1,9,"q9_case2",330,193006658,381658,4491784192,24,0.016308,1.871923,0.009277
1,1,9,"q9_case2",331,193591860,591860,4500602880,24,0.017669,1.272124,0.010025
1,1,9,"q9_case2",332,194180013,180013,4523495424,24,0.016623,3.532756,0.010786
1,1,9,"q9_case2",333,194753149,753149,4523495424,24,0.016664,0.105151,0.012479
1,1,9,"q9_case2",334,195340465,340465,4546351104,24,0.018511,3.822263,0.008825
1,1,9,"q9_case2",335,195914359,851859,4547776512,24,0.016801,0.993224,0.009019
1,1,9,"q9_case2",336,196501965,501965,4570017792,24,0.017514,3.202323,0.008828
1,1,9,"q9_case2",337,197075365,262865,4589203456,24,0.016916,3.082583,0.009271
1,1,9,"q9_case2",338,197662712,662712,4593352704,24,0.016339,1.107607,0.009169
1,1,9,"q9_case2",339,198251325,251325,4616646656,24,0.017045,3.420030,0.008764
1,1,9,"q9_case2",340,198835279,835279,4616646656,24,0.018133,0.210283,0.008920
1,1,9,"q9_case2",341,199423430,423430,4639707136,24,0.017963,3.917759,0.009044
1,1,9,"q9_case2",342,200012121,449621,4652822528,24,0.016980,2.043868,0.009191
1,1,9,"q9_case2",343,200600701,600701,4662759424,24,0.017808,1.527329,0.011965
1,1,9,"q9_case2",344,201189164,189164,4685778944,24,0.020992,4.869106,0.010953
1,1,9,"q9_case2",345,201777594,777594,4685778944,24,0.016923,0.038506,0.009388
1,1,9,"q9_case2",346,202365944,365944,4708859904,24,0.018780,3.958099,0.009402
1,1,9,"q9_case2",347,202951307,763807,4713467904,24,0.017253,1.517245,0.010954
1,1,9,"q9_case2",348,203539669,539669,4732592128,24,0.017347,2.488549,0.008804
1,1,9,"q9_case2",349,204126838,189338,4754399232,24,0.016852,2.759117,0.009994
1,1,9,"q9_case2",350,204715064,715064,4755841024,24,0.016877,0.780493,0.008811
1,1,9,"q9_case2",351,205302204,302204,4779151360,24,0.017352,3.570159,0.009014
1,1,9,"q9_case2",352,205890467,827967,4780621824,24,0.016525,0.762134,0.008788
1,1,9,"q9_case2",353,206477055,477055,4802154496,24,0.016693,4.650414,0.009065
1,1,9,"q9_case2",354,207065246,252746,4821164032,24,0.016351,2.982947,0.008842
1,1,9,"q9_case2",355,207646223,646223,4825161728,24,0.016882,1.133890,0.008861
1,1,9,"q9_case2",356,208233926,233926,4848209920,24,0.015896,3.971895,0.008778
1,1,9,"q9_case2",357,208815225,815225,4848209920,24,0.016611,0.104059,0.008985
1,1,9,"q9_case2",358,209403017,403017,4871626752,24,0.017576,3.950652,0.009061
1,1,9,"q9_case2",359,209991642,491642,4883136512,24,0.017504,2.106625,0.008732
1,1,9,"q9_case2",360,210573224,573224,4894658560,24,0.016446,2.095057,0.011607
1,1,9,"q9_case2",361,211161212,161212,4918165504,24,0.017194,4.431657,0.009437
1,1,9,"q9_case2",362,211749778,749778,4918165504,24,0.018029,0.181182,0.009237
1,1,9,"q9_case2",363,212338307,338307,4941144064,24,0.016509,4.728131,0.008750
1,1,9,"q9_case2",364,212923323,860823,4942823424,24,0.018191,1.028396,0.008950
1,1,9,"q9_case2",365,213511257,511257,4964646912,24,0.016506,4.456453,0.009038
1,1,9,"q9_case2",366,214099705,224705,4985110528,24,0.016282,3.767012,0.009480
1,1,9,"q9_case2",367,214688122,688122,4988129280,24,0.016443,0.995604,0.008994
1,1,9,"q9_case2",368,215268912,268912,5012152320,24,0.016750,4.073161,0.009197
1,1,9,"q9_case2",369,215856279,793779,5013606400,24,0.016828,0.857706,0.011345
1,1,9,"q9_case2",370,216444535,444535,5035696128,24,0.017001,3.168684,0.009146
1,1,9,"q9_case2",371,217025837,400837,5050368000,24,0.017557,3.191599,0.009137
1,1,9,"q9_case2",372,217613593,613593,5058797568,24,0.016744,1.438499,0.010988
1,1,9,"q9_case2",373,218201917,201917,5081681920,24,0.017851,4.626245,0.009213
1,1,9,"q9_case2",374,218790292,790292,5081681920,24,0.016616,0.201926,0.009888
1,1,9,"q9_case2",375,219371352,371352,5104500736,24,0.017971,5.929943,0.009709
1,1,9,"q9_case2",376,219959025,521525,5114269696,24,0.016971,1.777430,0.009276
1,1,9,"q9_case2",377,220547493,547493,5127544832,24,0.018466,3.349291,0.010646
1,1,9,"q9_case2",378,221135996,198496,5148848128,24,0.017035,4.143832,0.009268
1,1,9,"q9_case2",379,221724440,724440,5150498816,24,0.016863,0.735455,0.009196
1,1,9,"q9_case2",380,222312807,312807,5174083584,24,0.016532,4.386103,0.013030
1,1,9,"q9_case2",381,222901086,838586,5175402496,24,0.018420,0.849343,0.009255
1,1,9,"q9_case2",382,223489213,489213,5197451264,24,0.016887,6.121314,0.009571
1,1,9,"q9_case2",383,224077239,264739,5216423936,24,0.016881,3.734353,0.010233
1,1,9,"q9_case2",384,224665071,665071,5220909056,24,0.016544,1.173450,0.009314
1,1,9,"q9_case2",385,225252919,252919,5244383232,24,0.016435,4.726935,0.009309
1,1,9,"q9_case2",386,225840521,778021,5245784064,24,0.016817,0.743127,0.009304
1,1,9,"q9_case2",387,226427981,427981,5267775488,24,0.016930,3.802624,0.009329
1,1,9,"q9_case2",388,227015584,453084,5280645120,24,0.016619,2.285075,0.010206
1,1,9,"q9_case2",389,227603089,603089,5290958848,24,0.017309,2.056262,0.009364
1,1,9,"q9_case2",390,228190513,190513,5314580480,24,0.016353,5.590363,0.009708
1,1,9,"q9_case2",391,228778936,778936,5314580480,24,0.016587,0.108798,0.009130
1,1,9,"q9_case2",392,229367189,367189,5337997312,24,0.016406,3.779723,0.010385
1,1,9,"q9_case2",393,229953215,703215,5344235520,24,0.016667,1.199395,0.011168
1,1,9,"q9_case2",394,230541435,541435,5361455104,24,0.017052,4.154330,0.010233
1,1,9,"q9_case2",395,231129516,192016,5383258112,24,0.016465,3.464374,0.009922
1,1,9,"q9_case2",396,231716484,716484,5384769536,24,0.016682,0.745171,0.009116
1,1,9,"q9_case2",397,232304468,304468,5408604160,24,0.016384,3.986833,0.009325
1,1,9,"q9_case2",398,232892821,830321,5410078720,24,0.017389,0.908000,0.008925
1,1,9,"q9_case2",399,233480039,480039,5432168448,24,0.016713,3.108442,0.011656
1,1,9,"q9_case2",400,234068030,255530,5450334208,24,0.018006,4.203375,0.008994
1,1,9,"q9_case2",401,234652039,652039,5454708736,24,0.016639,1.115966,0.011367
1,1,9,"q9_case2",402,235239905,239905,5478313984,24,0.017781,5.472694,0.011097
1,1,9,"q9_case2",403,235828388,765888,5479686144,24,0.016491,0.719362,0.008822
1,1,9,"q9_case2",404,236412522,412522,5501173760,24,0.017302,4.245953,0.008681
1,1,9,"q9_case2",405,236970272,470272,5512810496,24,0.016665,1.685627,0.009219
1,1,9,"q9_case2",406,237557386,557386,5524545536,24,0.016356,3.091905,0.008851
1,1,9,"q9_case2",407,238144762,207262,5546418176,24,0.016619,3.643003,0.008853
1,1,9,"q9_case2",408,238733169,733169,5547896832,24,0.016602,0.795782,0.009707
1,1,9,"q9_case2",409,239321915,321915,5570826240,24,0.017004,5.013812,0.010253
1,1,9,"q9_case2",410,239910606,848106,5572263936,24,0.017391,0.864343,0.009735
1,1,9,"q9_case2",411,240499204,499204,5594611712,24,0.017669,3.826226,0.009081
1,1,9,"q9_case2",412,241087683,275183,5613641728,24,0.016486,3.248438,0.009571
1,1,9,"q9_case2",413,241676133,676133,5617844224,24,0.016524,1.085468,0.011709
1,1,9,"q9_case2",414,242264516,264516,5641134080,24,0.016706,4.871682,0.009678
1,1,9,"q9_case2",415,242852747,790247,5642567680,24,0.016526,0.952700,0.009196
1,1,9,"q9_case2",416,243440914,440914,5664464896,24,0.018052,4.054737,0.010574
1,1,9,"q9_case2",417,244029198,404198,5679198208,24,0.016678,2.912247,0.009184
1,1,9,"q9_case2",418,244617554,617554,5688012800,24,0.017028,1.810682,0.009610
1,1,9,"q9_case2",419,245205715,205715,5711396864,24,0.017050,5.059932,0.009313
1,1,9,"q9_case2",420,245793740,793740,5711396864,24,0.017526,0.112728,0.009513
1,1,9,"q9_case2",421,246382446,382446,5734465536,24,0.017294,5.072498,0.008856
1,1,9,"q9_case2",422,246970760,470760,5745967104,24,0.016413,2.206504,0.009803
1,1,9,"q9_case2",423,247559739,559739,5757554688,24,0.016735,1.569914,0.009127
1,1,9,"q9_case2",424,248148573,211073,5779574784,24,0.018147,5.121492,0.009215
1,1,9,"q9_case2",425,248737257,737257,5781073920,24,0.016496,0.751150,0.009260
1,1,9,"q9_case2",426,249325976,325976,5804584960,24,0.016526,4.193428,0.009281
1,1,9,"q9_case2",427,249914876,852376,5806174208,24,0.016418,0.883247,0.009456
1,1,9,"q9_case2",428,250503819,503819,5828055040,24,0.017531,5.250485,0.011389
1,1,9,"q9_case2",429,251092543,280043,5847052288,24,0.016275,3.844627,0.009372
1,1,9,"q9_case2",430,251681150,681150,5851197440,24,0.017347,1.250730,0.010331
1,1,9,"q9_case2",431,252270069,270069,5874606080,24,0.016356,4.136375,0.008859
1,1,9,"q9_case2",432,252858935,796435,5876154368,24,0.016591,0.757158,0.009363
1,1,9,"q9_case2",433,253447875,447875,5897916416,24,0.017235,3.953347,0.009549
1,1,9,"q9_case2",434,254036936,349436,5914214400,24,0.017743,2.875717,0.008994
1,1,9,"q9_case2",435,254625940,625940,5921599488,24,0.016727,2.246386,0.009813
1,1,9,"q9_case2",436,255215075,215075,5944475648,24,0.016828,5.222390,0.009268
1,1,9,"q9_case2",437,255804322,804322,5944475648,24,0.016417,0.083356,0.009249
1,1,9,"q9_case2",438,256393474,393474,5967175680,24,0.016401,4.402533,0.009907
1,1,9,"q9_case2",439,256982654,482654,5978714112,24,0.016974,2.355216,0.009299
1,1,9,"q9_case2",440,257571879,571879,5990440960,24,0.016408,1.629471,0.008965
1,1,9,"q9_case2",441,258161125,223625,6012370944,24,0.016626,5.426712,0.009302
1,1,9,"q9_case2",442,258750267,750267,6013779968,24,0.016560,0.753110,0.009464
1,1,9,"q9_case2",443,259339524,339524,6036881408,24,0.016951,4.296316,0.008880
1,1,9,"q9_case2",444,259928240,803240,6039646208,24,0.016760,1.084710,0.011758
1,1,9,"q9_case2",445,260517412,517412,6060077056,24,0.016977,5.961655,0.008833
1,1,9,"q9_case2",446,261105750,230750,6080733184,24,0.016634,4.899808,0.009119
1,1,9,"q9_case2",447,261694714,694714,6083661824,24,0.016441,0.990921,0.009237
1,1,9,"q9_case2",448,262283756,283756,6107279360,24,0.016608,5.857768,0.008885
1,1,9,"q9_case2",449,262872543,810043,6108717056,24,0.016799,1.519943,0.009208
1,1,9,"q9_case2",450,263461618,461618,6130892800,24,0.016616,4.168217,0.011076
1,1,9,"q9_case2",451,264050600,300600,6148571136,24,0.016985,3.152735,0.009468
1,1,9,"q9_case2",452,264625588,625588,6154452992,24,0.016847,1.530969,0.011921
1,1,9,"q9_case2",453,265214021,214021,6177533952,24,0.017302,4.767738,0.008952
1,1,9,"q9_case2",454,265801448,801448,6177533952,24,0.016553,0.136056,0.009061
1,1,9,"q9_case2",455,266390431,390431,6200963072,24,0.016602,4.650003,0.008852
1,1,9,"q9_case2",456,266977852,477852,6212390912,24,0.018073,2.347604,0.009134
1,1,9,"q9_case2",457,267566654,566654,6223880192,24,0.018942,3.016120,0.008784
1,1,9,"q9_case2",458,268148879,211379,6245896192,24,0.016685,4.669534,0.010205
1,1,9,"q9_case2",459,268737584,737584,6247391232,24,0.017399,0.754047,0.008783
1,1,9,"q9_case2",460,269324611,324611,6270414848,24,0.016848,4.823988,0.009201
1,1,9,"q9_case2",461,269913525,851025,6271987712,24,0.016562,0.938202,0.009330
1,1,9,"q9_case2",462,270499281,499281,6293876736,24,0.016339,4.538370,0.009333
1,1,9,"q9_case2",463,271088012,275512,6312865792,24,0.017181,3.598312,0.011344
1,1,9,"q9_case2",464,271677320,677320,6317109248,24,0.016556,1.177136,0.011335
1,1,9,"q9_case2",465,272263078,263078,6340603904,24,0.016443,4.416972,0.009679
1,1,9,"q9_case2",466,272851987,789487,6342098944,24,0.016539,1.014413,0.010120
1,1,9,"q9_case2",467,273434068,434068,6364094464,24,0.018581,4.572587,0.009107
1,1,9,"q9_case2",468,274022975,397975,6377947136,24,0.016777,2.531012,0.009658
1,1,9,"q9_case2",469,274611791,611791,6386581504,24,0.018073,1.508075,0.011700
1,1,9,"q9_case2",470,275200735,263235,6408876032,24,0.016348,5.304730,0.011352
1,1,9,"q9_case2",471,275789665,789665,6410326016,24,0.017294,0.861542,0.009251
1,1,9,"q9_case2",472,276378503,378503,6433144832,24,0.017766,4.220187,0.009047
1,1,9,"q9_case2",473,276967356,467356,6444773376,24,0.016677,1.992698,0.009298
1,1,9,"q9_case2",474,277556135,556135,6456483840,24,0.017482,2.134375,0.009495
1,1,9,"q9_case2",475,278145094,207594,6478802944,24,0.017679,5.441755,0.009287
1,1,9,"q9_case2",476,278734178,734178,6480240640,24,0.016688,0.826531,0.009666
1,1,9,"q9_case2",477,279323193,323193,6503383040,24,0.017346,5.514450,0.009212
1,1,9,"q9_case2",478,279912151,849651,6504828928,24,0.016410,0.775346,0.008983
1,1,9,"q9_case2",479,280500896,500896,6526697472,24,0.016579,4.131305,0.009231
1,1,9,"q9_case2",480,281089869,277369,6545301504,24,0.016987,3.452042,0.010109
1,1,9,"q9_case2",481,281678276,678276,6549622784,24,0.016420,1.056881,0.011464
1,1,9,"q9_case2",482,282266986,266986,6573457408,24,0.016773,5.214300,0.009829
1,1,9,"q9_case2",483,282853036,790536,6574845952,24,0.016546,1.358410,0.011763
1,1,9,"q9_case2",484,283441500,441500,6596665344,24,0.016524,4.053484,0.008908
1,1,9,"q9_case2",485,284026644,401644,6610653184,24,0.016689,2.268458,0.009101
1,1,9,"q9_case2",486,284615286,615286,6619332608,24,0.016523,1.790399,0.010319
1,1,9,"q9_case2",487,285201450,263950,6641336320,24,0.016463,5.472026,0.011196
1,1,9,"q9_case2",488,285789905,789905,6642720768,24,0.016586,0.752843,0.009326
1,1,9,"q9_case2",489,286378752,378752,6666121216,24,0.016593,6.954127,0.008894
1,1,9,"q9_case2",490,286966586,529086,6676471808,24,0.016552,2.126469,0.009204
1,1,9,"q9_case2",491,287555192,555192,6689554432,24,0.016632,2.601515,0.009019
1,1,9,"q9_case2",492,288142654,205154,6711435264,24,0.016917,5.495660,0.008985
1,1,9,"q9_case2",493,288731154,731154,6712860672,24,0.016565,0.785511,0.008832
1,1,9,"q9_case2",494,289316685,316685,6736252928,24,0.017222,6.508927,0.009066
1,1,9,"q9_case2",495,289905030,842530,6737723392,24,0.016383,0.804398,0.010925
1,1,9,"q9_case2",496,290493927,493927,6759157760,24,0.016553,5.357659,0.008918
1,1,9,"q9_case2",497,291082120,207120,6779183104,24,0.016415,4.703105,0.009146
1,1,9,"q9_case2",498,291670709,670709,6782210048,24,0.016691,1.066194,0.009408
1,1,9,"q9_case2",499,292259470,259470,6805405696,24,0.016819,7.019582,0.009221
1,1,9,"q9_case2",500,292848106,785606,6806892544,24,0.016698,0.819457,0.012802
1,1,9,"q9_case2",501,293436628,436628,6828683264,24,0.016550,4.307301,0.010425
1,1,9,"q9_case2",502,294025079,337579,6845116416,24,0.016901,2.685532,0.009194
1,1,9,"q9_case2",503,294613618,613618,6852648960,24,0.017211,1.448375,0.010165
1,1,9,"q9_case2",504,295202421,264921,6874824704,24,0.016287,6.362639,0.010008
1,1,9,"q9_case2",505,295791260,791260,6876278784,24,0.016804,0.767475,0.009140
1,1,9,"q9_case2",506,296379832,379832,6899912704,24,0.017279,5.078188,0.011927
1,1,9,"q9_case2",507,296968315,530815,6910197760,24,0.016766,1.658953,0.009716
1,1,9,"q9_case2",508,297556773,556773,6922997760,24,0.016963,3.108643,0.009413
1,1,9,"q9_case2",509,298139895,202395,6944813056,24,0.017383,5.880200,0.009020
1,1,9,"q9_case2",510,298728630,728630,6946238464,24,0.016298,0.824505,0.008795
1,1,9,"q9_case2",511,299316312,316312,6969569280,24,0.016200,5.046585,0.008641
1,1,9,"q9_case2",512,299891420,828920,6970970112,24,0.017008,0.776720,0.008869
1,1,9,"q9_case2",513,300479676,479676,6992965632,24,0.017375,4.875664,0.008745
1,1,9,"q9_case2",514,301067409,254909,7011614720,24,0.016543,5.078260,0.008764
1,1,9,"q9_case2",515,301638095,638095,7015989248,24,0.016575,1.202592,0.008933
1,1,9,"q9_case2",516,302226346,288846,7037673472,24,0.016678,5.895285,0.009041
1,1,9,"q9_case2",517,302814559,814559,7039168512,24,0.016767,0.786793,0.009013
1,1,9,"q9_case2",518,303403364,403364,7062740992,24,0.018136,4.671502,0.008866
1,1,9,"q9_case2",519,303991294,491294,7074344960,24,0.016553,2.145215,0.009062
1,1,9,"q9_case2",520,304579993,579993,7085957120,24,0.016714,2.424179,0.009185
1,1,9,"q9_case2",521,305151839,214339,7107715072,24,0.016442,5.325078,0.009039
1,1,9,"q9_case2",522,305740306,740306,7109074944,24,0.017216,0.729340,0.008881
1,1,9,"q9_case2",523,306328431,328431,7132221440,24,0.016683,5.195705,0.009098
1,1,9,"q9_case2",524,306917141,854641,7133659136,24,0.017123,0.774547,0.009043
1,1,9,"q9_case2",525,307506027,506027,7155359744,24,0.016371,5.965321,0.008948
1,1,9,"q9_case2",526,308094034,219034,7175921664,24,0.017477,4.336355,0.010405
1,1,9,"q9_case2",527,308682474,682474,7178846208,24,0.016573,1.084780,0.010474
1,1,9,"q9_case2",528,309271242,271242,7202308096,24,0.016600,5.934013,0.009112
1,1,9,"q9_case2",529,309859840,797340,7203672064,24,0.016574,0.785389,0.009118
1,1,9,"q9_case2",530,310448309,448309,7225958400,24,0.016661,5.950849,0.009134
1,1,9,"q9_case2",531,311036729,286729,7243517952,24,0.016814,4.397797,0.009203
1,1,9,"q9_case2",532,311625364,625364,7249477632,24,0.016773,1.435813,0.009267
1,1,9,"q9_case2",533,312214576,277076,7270993920,24,0.018507,7.418089,0.011633
1,1,9,"q9_case2",534,312803649,803649,7272435712,24,0.017386,1.054210,0.010292
1,1,9,"q9_case2",535,313392779,392779,7295864832,24,0.016646,6.477602,0.009249
1,1,9,"q9_case2",536,313981937,481937,7307485184,24,0.016461,2.251495,0.008803
1,1,9,"q9_case2",537,314569733,569733,7318966272,24,0.017780,1.791560,0.008990
1,1,9,"q9_case2",538,315158643,221143,7340883968,24,0.016483,6.419265,0.008912
1,1,9,"q9_case2",539,315746663,746663,7342362624,24,0.016842,0.813060,0.009065
1,1,9,"q9_case2",540,316335549,335549,7365808128,24,0.017010,5.577991,0.009091
1,1,9,"q9_case2",541,316924761,799761,7368876032,24,0.017080,1.120070,0.010367
1,1,9,"q9_case2",542,317512750,512750,7388909568,24,0.016696,6.400538,0.010091
1,1,9,"q9_case2",543,318100513,163013,7410987008,24,0.018201,7.279291,0.009261
1,1,9,"q9_case2",544,318689412,689412,7412416512,24,0.016412,0.787464,0.009062
1,1,9,"q9_case2",545,319276124,276124,7436173312,24,0.016675,5.042384,0.009151
1,1,9,"q9_case2",546,319864890,802390,7437492224,24,0.018555,0.973426,0.009810
1,1,9,"q9_case2",547,320451411,451411,7459344384,24,0.017735,6.604530,0.008913
1,1,9,"q9_case2",548,321039985,289985,7476879360,24,0.017053,3.446788,0.008912
1,1,9,"q9_case2",549,321626495,626495,7482974208,24,0.016670,1.389806,0.011454
1,1,9,"q9_case2",550,322215228,277728,7504875520,24,0.017369,5.807555,0.009075
1,1,9,"q9_case2",551,322801836,801836,7506300928,24,0.017790,0.827185,0.009016
1,1,9,"q9_case2",552,323390530,390530,7529271296,24,0.017441,5.662882,0.008974
1,1,9,"q9_case2",553,323972898,535398,7539539968,24,0.017054,1.935275,0.010378
1,1,9,"q9_case2",554,324561324,561324,7553048576,24,0.016627,2.349683,0.009490
1,1,9,"q9_case2",555,325147252,209752,7575359488,24,0.017305,7.421242,0.009084
1,1,9,"q9_case2",556,325735769,735769,7576989696,24,0.017114,0.909918,0.011171
1,1,9,"q9_case2",557,326322567,322567,7599980544,24,0.016992,5.339787,0.008711
1,1,9,"q9_case2",558,326904816,842316,7601496064,24,0.016935,1.066316,0.010371
1,1,9,"q9_case2",559,327493152,493152,7623323648,24,0.016301,5.449748,0.010768
1,1,9,"q9_case2",560,328079872,142372,7645208576,24,0.017121,6.387518,0.009378
1,1,9,"q9_case2",561,328668378,668378,7646728192,24,0.016576,0.800310,0.009707
1,1,9,"q9_case2",562,329255170,317670,7668232192,24,0.016895,5.203083,0.009337
1,1,9,"q9_case2",563,329843625,781125,7671058432,24,0.016363,1.127390,0.009563
1,1,9,"q9_case2",564,330425550,425550,7693131776,24,0.016254,5.200846,0.008951
1,1,9,"q9_case2",565,331013718,388718,7707705344,24,0.016498,5.668395,0.008985
1,1,9,"q9_case2",566,331592118,592118,7716646912,24,0.016517,1.416798,0.011865
1,1,9,"q9_case2",567,332180163,242663,7738245120,24,0.016400,6.919166,0.008946
1,1,9,"q9_case2",568,332768022,768022,7739715584,24,0.016577,0.802423,0.009858
1,1,9,"q9_case2",569,333356611,356611,7763705856,24,0.016804,6.479630,0.008789
1,1,9,"q9_case2",570,333935151,747651,7768064000,24,0.017020,1.169397,0.010224
1,1,9,"q9_case2",571,334523351,523351,7787102208,24,0.018638,6.366705,0.008763
1,1,9,"q9_case2",572,335110897,173397,7808462848,24,0.016529,5.574141,0.009336
1,1,9,"q9_case2",573,335699535,699535,7809925120,24,0.017167,0.824128,0.010458
1,1,9,"q9_case2",574,336288595,288595,7833047040,24,0.016448,5.371302,0.009082
1,1,9,"q9_case2",575,336876060,813560,7834636288,24,0.016779,0.765251,0.008917
1,1,9,"q9_case2",576,337464636,464636,7856607232,24,0.016776,6.817928,0.009162
1,1,9,"q9_case2",577,338053575,241075,7875760128,24,0.016635,4.722633,0.009117
1,1,9,"q9_case2",578,338642574,642574,7880269824,24,0.016593,1.243582,0.009192
1,1,9,"q9_case2",579,339231446,293946,7901777920,24,0.016513,6.750028,0.009220
1,1,9,"q9_case2",580,339820197,820197,7903129600,24,0.016779,0.876131,0.011822
1,1,9,"q9_case2",581,340408861,408861,7926435840,24,0.017166,5.714020,0.009805
1,1,9,"q9_case2",582,340997442,372442,7940890624,24,0.016695,3.419185,0.009123
1,1,9,"q9_case2",583,341586036,586036,7949586432,24,0.018469,2.706975,0.008819
1,1,9,"q9_case2",584,342173683,236183,7971147776,24,0.016405,6.737275,0.008960
1,1,9,"q9_case2",585,342761565,761565,7972429824,24,0.016723,0.793225,0.009113
1,1,9,"q9_case2",586,343350290,350290,7996166144,24,0.016571,5.107816,0.009095
1,1,9,"q9_case2",587,343939144,751644,8000602112,24,0.016828,1.621544,0.009828
1,1,9,"q9_case2",588,344527802,527802,8019537920,24,0.016396,5.087688,0.008983
1,1,9,"q9_case2",589,345116382,178882,8041373696,24,0.016667,6.036000,0.009107
1,1,9,"q9_case2",590,345704904,704904,8042749952,24,0.016614,0.826828,0.010518
1,1,9,"q9_case2",591,346293328,293328,8065949696,24,0.016859,5.780873,0.009092
1,1,9,"q9_case2",592,346882280,819780,8067371008,24,0.016616,1.093956,0.009164
1,1,9,"q9_case2",593,347471023,471023,8088707072,24,0.017646,5.270688,0.008983
1,1,9,"q9_case2",594,348059558,184558,8109105152,24,0.016592,5.873339,0.009329
1,1,9,"q9_case2",595,348647888,647888,8111972352,24,0.016586,1.122370,0.009321
1,1,9,"q9_case2",596,349236418,298918,8133611520,24,0.016813,5.182622,0.009478
1,1,9,"q9_case2",597,349824557,824557,8135135232,24,0.018518,0.885414,0.009194
1,1,9,"q9_case2",598,350412662,412662,8158441472,24,0.016198,5.933783,0.009372
1,1,9,"q9_case2",599,351001003,376003,8173043712,24,0.017568,2.993134,0.009023
1,1,9,"q9_case2",600,351575373,575373,8181985280,24,0.017315,3.871376,0.010070
1,1,9,"q9_case2",601,352163333,225833,8203919360,24,0.016540,6.000501,0.008992
1,1,9,"q9_case2",602,352751795,751795,8205537280,24,0.016495,0.832239,0.010856
1,1,9,"q9_case2",603,353340810,340810,8228986880,24,0.017494,7.697844,0.009557
1,1,9,"q9_case2",604,353929955,867455,8230277120,24,0.016702,0.841885,0.012292
1,1,9,"q9_case2",605,354518927,518927,8252133376,24,0.016491,6.035823,0.009032
1,1,9,"q9_case2",606,355107858,170358,8273690624,24,0.016477,7.229244,0.009766
1,1,9,"q9_case2",607,355696943,696943,8275124224,24,0.016389,0.827974,0.011265
1,1,9,"q9_case2",608,356286330,286330,8298942464,24,0.017278,6.110501,0.009026
1,1,9,"q9_case2",609,356875675,813175,8300445696,24,0.016697,0.883479,0.009493
1,1,9,"q9_case2",610,357464820,464820,8321843200,24,0.018235,4.980305,0.009473
1,1,9,"q9_case2",611,358053840,178840,8341454848,24,0.017578,5.403243,0.009197
1,1,9,"q9_case2",612,358642858,642858,8344150016,24,0.017839,1.114389,0.008756
1,1,9,"q9_case2",613,359224486,286986,8365715456,24,0.016635,5.456346,0.008953
1,1,9,"q9_case2",614,359812854,812854,8367075328,24,0.016683,0.803112,0.008906
1,1,9,"q9_case2",615,360401060,401060,8390393856,24,0.016808,6.560209,0.009072
1,1,9,"q9_case2",616,360989882,489882,8402038784,24,0.016448,2.317648,0.008874
1,1,9,"q9_case2",617,361572866,572866,8413704192,24,0.016578,2.849465,0.008978
1,1,9,"q9_case2",618,362161501,224001,8435785728,24,0.016194,5.906553,0.009587
1,1,9,"q9_case2",619,362749696,749696,8437166080,24,0.016763,0.826895,0.011411
1,1,9,"q9_case2",620,363338590,338590,8460132352,24,0.017807,6.295804,0.009179
1,1,9,"q9_case2",621,363924267,799267,8462909440,24,0.016780,1.222826,0.009819
1,1,9,"q9_case2",622,364512896,512896,8483250176,24,0.017012,4.932548,0.008948
1,1,9,"q9_case2",623,365098902,161402,8505532416,24,0.016935,5.644741,0.009169
1,1,9,"q9_case2",624,365687286,687286,8507092992,24,0.016490,0.782704,0.008763
1,1,9,"q9_case2",625,366272399,272399,8530857984,24,0.016934,6.172950,0.011164
1,1,9,"q9_case2",626,366857105,794605,8532295680,24,0.016798,0.837028,0.009577
1,1,9,"q9_case2",627,367444633,444633,8553607168,24,0.016536,6.175153,0.008807
1,1,9,"q9_case2",628,368031009,343509,8569987072,24,0.016543,3.135182,0.011343
1,1,9,"q9_case2",629,368619409,619409,8577449984,24,0.016572,1.622925,0.010705
1,1,9,"q9_case2",630,369208468,270968,8599052288,24,0.017483,7.314282,0.008813
1,1,9,"q9_case2",631,369795068,795068,8600436736,24,0.016672,0.815297,0.009084
1,1,9,"q9_case2",632,370383500,383500,8624259072,24,0.016720,6.763095,0.009000
1,1,9,"q9_case2",633,370972559,535059,8634613760,24,0.018151,1.861243,0.010889
1,1,9,"q9_case2",634,371561498,561498,8647905280,24,0.016796,5.374254,0.008760
1,1,9,"q9_case2",635,372143066,205566,8670265344,24,0.016665,5.203461,0.009109
1,1,9,"q9_case2",636,372731387,731387,8671784960,24,0.016439,0.887492,0.008803
1,1,9,"q9_case2",637,373319589,319589,8695136256,24,0.016316,8.649994,0.009352
1,1,9,"q9_case2",638,373908087,845587,8696532992,24,0.016988,0.867494,0.010785
1,1,9,"q9_case2",639,374491971,491971,8718479360,24,0.016603,5.093154,0.008896
1,1,9,"q9_case2",640,375078396,140896,8740048896,24,0.016599,7.990272,0.008843
1,1,9,"q9_case2",641,375664854,664854,8741613568,24,0.016710,0.900956,0.010280
1,1,9,"q9_case2",642,376253373,253373,8765263872,24,0.016350,6.010689,0.009045
1,1,9,"q9_case2",643,376842345,779845,8766709760,24,0.016361,1.044547,0.009057
1,1,9,"q9_case2",644,377431179,431179,8788631552,24,0.016725,7.298798,0.009067
1,1,9,"q9_case2",645,378019879,332379,8804528128,24,0.016463,3.172688,0.009226
1,1,9,"q9_case2",646,378608553,608553,8811970560,24,0.016477,1.644267,0.009276
1,1,9,"q9_case2",647,379197165,259665,8834658304,24,0.016724,7.166196,0.009201
1,1,9,"q9_case2",648,379785691,785691,8836161536,24,0.016930,0.798398,0.009135
1,1,9,"q9_case2",649,380374230,374230,8859156480,24,0.017072,7.410315,0.009366
1,1,9,"q9_case2",650,380962967,775467,8863502336,24,0.016828,1.596257,0.009226
1,1,9,"q9_case2",651,381551680,551680,8882909184,24,0.016664,5.487779,0.009213
1,1,9,"q9_case2",652,382140448,202948,8905146368,24,0.016478,9.759107,0.009444
1,1,9,"q9_case2",653,382729344,729344,8906555392,24,0.016507,0.881221,0.009132
1,1,9,"q9_case2",654,383318335,318335,8929583104,24,0.016991,5.449687,0.009432
1,1,9,"q9_case2",655,383907260,844760,8930942976,24,0.017247,1.449659,0.009257
1,1,9,"q9_case2",656,384496232,496232,8952614912,24,0.016707,6.278176,0.009189
1,1,9,"q9_case2",657,385085087,147587,8974692352,24,0.016773,7.081436,0.009422
1,1,9,"q9_case2",658,385673871,673871,8976199680,24,0.016947,0.899455,0.009276
1,1,9,"q9_case2",659,386262671,262671,8999743488,24,0.016469,5.702696,0.009721
1,1,9,"q9_case2",660,386851555,789055,9001209856,24,0.016376,0.829539,0.009486
1,1,9,"q9_case2",661,387440692,440692,9022926848,24,0.016258,6.762308,0.009275
1,1,9,"q9_case2",662,388029612,342112,9038864384,24,0.016814,4.656373,0.008781
1,1,9,"q9_case2",663,388612761,612761,9045946368,24,0.016518,1.482296,0.008892
1,1,9,"q9_case2",664,389201327,263827,9067491328,24,0.016562,6.811275,0.009063
1,1,9,"q9_case2",665,389790099,790099,9068896256,24,0.016944,0.937474,0.011781
1,1,9,"q9_case2",666,390373995,373995,9092001792,24,0.016849,6.545456,0.009047
1,1,9,"q9_case2",667,390962559,837559,9094991872,24,0.016896,1.163662,0.011023
1,1,9,"q9_case2",668,391551145,551145,9115492352,24,0.017162,6.241794,0.009154
1,1,9,"q9_case2",669,392140037,202537,9136934912,24,0.016456,6.694070,0.010063
1,1,9,"q9_case2",670,392727433,727433,9138520064,24,0.016720,0.864306,0.009123
1,1,9,"q9_case2",671,393316311,316311,9162043392,24,0.016196,6.794910,0.008934
1,1,9,"q9_case2",672,393904630,779630,9164972032,24,0.016996,1.145467,0.009023
1,1,9,"q9_case2",673,394493313,493313,9185345536,24,0.016356,5.805980,0.008836
1,1,9,"q9_case2",674,395081120,143620,9207091200,24,0.016718,6.643417,0.010850
1,1,9,"q9_case2",675,395669772,669772,9208602624,24,0.016473,0.864604,0.009833
1,1,9,"q9_case2",676,396257260,319760,9230520320,24,0.017897,7.601170,0.009066
1,1,9,"q9_case2",677,396845865,783365,9233158144,24,0.016690,1.240062,0.008795
1,1,9,"q9_case2",678,397431697,431697,9255309312,24,0.018584,6.222620,0.009430
1,1,9,"q9_case2",679,398020332,457832,9268346880,24,0.016577,2.960454,0.009165
1,1,9,"q9_case2",680,398608266,608266,9278644224,24,0.016992,3.150108,0.011930
1,1,9,"q9_case2",681,399195758,258258,9300709376,24,0.017217,8.143630,0.008983
1,1,9,"q9_case2",682,399783168,783168,9302208512,24,0.016834,0.840362,0.008847
1,1,9,"q9_case2",683,400370663,370663,9325367296,24,0.016931,6.583031,0.008948
1,1,9,"q9_case2",684,400958446,708446,9330987008,24,0.016664,1.161822,0.010813
1,1,9,"q9_case2",685,401546534,546534,9348177920,24,0.017062,5.826925,0.008668
1,1,9,"q9_case2",686,402132885,195385,9369927680,24,0.017168,7.799130,0.009081
1,1,9,"q9_case2",687,402721427,721427,9371385856,24,0.016345,0.839781,0.010210
1,1,9,"q9_case2",688,403309230,309230,9394028544,24,0.016792,6.337727,0.009041
1,1,9,"q9_case2",689,403897851,772851,9396695040,24,0.016406,1.228530,0.009067
1,1,9,"q9_case2",690,404486950,486950,9417252864,24,0.018456,5.893498,0.008942
1,1,9,"q9_case2",691,405074766,137266,9439068160,24,0.016199,6.937462,0.009037
1,1,9,"q9_case2",692,405663448,663448,9440555008,24,0.016615,0.897762,0.009382
1,1,9,"q9_case2",693,406251265,313765,9463033856,24,0.016875,6.123958,0.009200
1,1,9,"q9_case2",694,406839315,776815,9466122240,24,0.016720,1.109913,0.009865
1,1,9,"q9_case2",695,407426852,426852,9487753216,24,0.016552,6.278619,0.008989
1,1,9,"q9_case2",696,408014886,452386,9500921856,24,0.016721,3.976604,0.009445
1,1,9,"q9_case2",697,408602883,602883,9511260160,24,0.017452,3.343088,0.008985
1,1,9,"q9_case2",698,409190932,253432,9532989440,24,0.016793,6.796561,0.009139
1,1,9,"q9_case2",699,409779510,779510,9534541824,24,0.016519,0.900915,0.011965
1,1,9,"q9_case2",700,410367491,367491,9557704704,24,0.016454,6.600136,0.009050
1,1,9,"q9_case2",701,410955590,768090,9561931776,24,0.017267,2.523810,0.009096
1,1,9,"q9_case2",702,411544225,544225,9580896256,24,0.016510,6.524603,0.008845
1,1,9,"q9_case2",703,412132753,195253,9602392064,24,0.017206,6.509379,0.008809
1,1,9,"q9_case2",704,412719614,719614,9603956736,24,0.016577,0.844151,0.009209
1,1,9,"q9_case2",705,413307797,307797,9627389952,24,0.017125,8.478882,0.009231
1,1,9,"q9_case2",706,413895988,770988,9630199808,24,0.016442,1.507982,0.011503
1,1,9,"q9_case2",707,414484248,484248,9650708480,24,0.017170,6.181403,0.009235
1,1,9,"q9_case2",708,415072894,135394,9672732672,24,0.016990,6.836798,0.009719
1,1,9,"q9_case2",709,415660355,660355,9674051584,24,0.016419,0.851970,0.010723
1,1,9,"q9_case2",710,416248591,311091,9695596544,24,0.018248,6.978626,0.009503
1,1,9,"q9_case2",711,416837034,837034,9696993280,24,0.016412,0.839400,0.008865
1,1,9,"q9_case2",712,417424543,424543,9720279040,24,0.017091,6.605039,0.009329
1,1,9,"q9_case2",713,418012857,450357,9733410816,24,0.016540,4.839046,0.009029
1,1,9,"q9_case2",714,418601342,601342,9743937536,24,0.016359,1.682356,0.009100
1,1,9,"q9_case2",715,419189109,251609,9765523456,24,0.016499,7.517527,0.009049
1,1,9,"q9_case2",716,419777183,777183,9766985728,24,0.018557,0.880371,0.008975
1,1,9,"q9_case2",717,420365498,365498,9790226432,24,0.017421,7.269689,0.009045
1,1,9,"q9_case2",718,420953703,703703,9796325376,24,0.016947,1.824925,0.009951
1,1,9,"q9_case2",719,421541170,541170,9813405696,24,0.017186,5.266162,0.008969
1,1,9,"q9_case2",720,422129042,191542,9835216896,24,0.016765,7.697097,0.009009
1,1,9,"q9_case2",721,422717204,717204,9836560384,24,0.016352,0.847101,0.011655
1,1,9,"q9_case2",722,423305362,305362,9859321856,24,0.017251,7.628868,0.009355
1,1,9,"q9_case2",723,423893449,768449,9862242304,24,0.016805,1.277385,0.010658
1,1,9,"q9_case2",724,424481450,481450,9882640384,24,0.016290,7.047497,0.009207
1,1,9,"q9_case2",725,425069380,131880,9904685056,24,0.016921,7.191684,0.009393
1,1,9,"q9_case2",726,425657259,657259,9906044928,24,0.016971,0.867549,0.009633
1,1,9,"q9_case2",727,426245080,307580,9928089600,24,0.016976,7.501117,0.009267
1,1,9,"q9_case2",728,426833087,833087,9929494528,24,0.016272,0.869773,0.009111
1,1,9,"q9_case2",729,427420750,420750,9953378304,24,0.016732,7.787761,0.008774
1,1,9,"q9_case2",730,428002479,502479,9965060096,24,0.016420,2.008166,0.011238
1,1,9,"q9_case2",731,428589975,589975,9976348672,24,0.016307,5.537670,0.009177
1,1,9,"q9_case2",732,429178065,240565,9998954496,24,0.016471,7.301907,0.008898
1,1,9,"q9_case2",733,429765156,765156,10000400384,24,0.016553,0.849606,0.009573
1,1,9,"q9_case2",734,430349696,349696,10023198720,24,0.016433,8.062589,0.008711
1,1,9,"q9_case2",735,430934564,809564,10025820160,24,0.016689,1.181744,0.009265
1,1,9,"q9_case2",736,431519832,519832,10046353408,24,0.016992,7.007683,0.009016
1,1,9,"q9_case2",737,432108226,170726,10068312064,24,0.018114,8.372980,0.008942
1,1,9,"q9_case2",738,432696436,696436,10069671936,24,0.016722,0.853208,0.008999
1,1,9,"q9_case2",739,433283016,283016,10093162496,24,0.016713,7.465628,0.008876
1,1,9,"q9_case2",740,433867544,742544,10096136192,24,0.017231,1.179815,0.010864
1,1,9,"q9_case2",741,434455692,455692,10116382720,24,0.016445,6.689454,0.009352
1,1,9,"q9_case2",742,435043788,293788,10134052864,24,0.016867,5.771795,0.008881
1,1,9,"q9_case2",743,435627872,627872,10139680768,24,0.016554,1.466670,0.009071
1,1,9,"q9_case2",744,436211820,274320,10161119232,24,0.016657,6.308699,0.008874
1,1,9,"q9_case2",745,436799828,799828,10162569216,24,0.016323,0.824632,0.009174
1,1,9,"q9_case2",746,437388304,388304,10185605120,24,0.018117,7.731749,0.008951
1,1,9,"q9_case2",747,437971172,596172,10194391040,24,0.016434,2.087857,0.010984
1,1,9,"q9_case2",748,438559729,559729,10208968704,24,0.016640,6.518567,0.008896
1,1,9,"q9_case2",749,439146485,208985,10230431744,24,0.017081,7.435334,0.008848
1,1,9,"q9_case2",750,439730197,730197,10232004608,24,0.016671,0.865410,0.011612
1,1,9,"q9_case2",751,440317125,317125,10255724544,24,0.016796,8.537635,0.010502
1,1,9,"q9_case2",752,440904225,779225,10258694144,24,0.016462,1.300387,0.008996
1,1,9,"q9_case2",753,441490946,490946,10279108608,24,0.016844,12.511439,0.008955
1,1,9,"q9_case2",754,442077642,140142,10300780544,24,0.016846,6.835215,0.008887
1,1,9,"q9_case2",755,442665784,665784,10302402560,24,0.016565,0.874288,0.008792
1,1,9,"q9_case2",756,443249072,249072,10325651456,24,0.018127,8.095103,0.009285
1,1,9,"q9_case2",757,443836624,836624,10325651456,24,0.016919,0.106985,0.009001
1,1,9,"q9_case2",758,444423842,423842,10349133824,24,0.016235,6.901017,0.008905
1,1,9,"q9_case2",759,445012092,512092,10360881152,24,0.016672,3.547347,0.010727
1,1,9,"q9_case2",760,445597224,597224,10372399104,24,0.016888,5.112089,0.009218
1,1,9,"q9_case2",761,446185366,247866,10394284032,24,0.016794,8.173935,0.008992
1,1,9,"q9_case2",762,446773566,773566,10395713536,24,0.016501,0.896427,0.009964
1,1,9,"q9_case2",763,447362158,362158,10419187712,24,0.016749,8.930568,0.008860
1,1,9,"q9_case2",764,447949949,637449,10426556416,24,0.017136,2.306657,0.009281
1,1,9,"q9_case2",765,448538349,538349,10442981376,24,0.016753,5.176205,0.009198
1,1,9,"q9_case2",766,449127028,189528,10464694272,24,0.016989,9.264202,0.009265
1,1,9,"q9_case2",767,449715539,715539,10466209792,24,0.016591,0.901196,0.011304
1,1,9,"q9_case2",768,450303930,303930,10489081856,24,0.017945,7.646889,0.009401
1,1,9,"q9_case2",769,450892307,767307,10491944960,24,0.017390,1.578780,0.010880
1,1,9,"q9_case2",770,451480535,480535,10512515072,24,0.016875,6.022898,0.009104
1,1,9,"q9_case2",771,452068742,131242,10534543360,24,0.016468,9.346584,0.009389
1,1,9,"q9_case2",772,452656831,656831,10535907328,24,0.017071,0.940786,0.009385
1,1,9,"q9_case2",773,453244787,244787,10558898176,24,0.016837,7.691186,0.009133
1,1,9,"q9_case2",774,453832715,832715,10558898176,24,0.017112,0.071075,0.009205
1,1,9,"q9_case2",775,454420623,420623,10582499328,24,0.017660,8.488796,0.010179
1,1,9,"q9_case2",776,455008768,571268,10592325632,24,0.016676,2.301339,0.009266
1,1,9,"q9_case2",777,455596960,596960,10605338624,24,0.016599,6.397194,0.009530
1,1,9,"q9_case2",778,456185202,247702,10627112960,24,0.016556,7.120528,0.010060
1,1,9,"q9_case2",779,456773389,773389,10628427776,24,0.016897,0.905143,0.012080
1,1,9,"q9_case2",780,457361822,361822,10651455488,24,0.016800,8.494414,0.010112
1,1,9,"q9_case2",781,457950120,575120,10659991552,24,0.016589,2.328204,0.010228
1,1,9,"q9_case2",782,458538504,538504,10674757632,24,0.016450,5.699892,0.009426
1,1,9,"q9_case2",783,459126761,189261,10696507392,24,0.017004,10.141183,0.012357
1,1,9,"q9_case2",784,459714943,714943,10697908224,24,0.017017,0.928300,0.011039
1,1,9,"q9_case2",785,460302911,302911,10720993280,24,0.016692,7.248110,0.011082
1,1,9,"q9_case2",786,460890761,765761,10723860480,24,0.017888,1.533871,0.011764
1,1,9,"q9_case2",787,461478741,478741,10744369152,24,0.017682,6.452617,0.009295
1,1,9,"q9_case2",788,462066632,129132,10766512128,24,0.017192,8.657348,0.009369
1,1,9,"q9_case2",789,462654265,654265,10768162816,24,0.017361,0.926445,0.011937
1,1,9,"q9_case2",790,463242380,242380,10791534592,24,0.017715,8.396257,0.009343
1,1,9,"q9_case2",791,463830405,830405,10791534592,24,0.017940,0.216489,0.010189
1,1,9,"q9_case2",792,464418418,418418,10814558208,24,0.017371,15.878073,0.012571
1,1,9,"q9_case2",793,465006425,506425,10826092544,24,0.017099,2.833841,0.010606
1,1,9,"q9_case2",794,465594242,594242,10837839872,24,0.017186,5.420237,0.009244
1,1,9,"q9_case2",795,466181951,244451,10859204608,24,0.016849,8.612100,0.009407
1,1,9,"q9_case2",796,466769763,769763,10860675072,24,0.017062,0.853854,0.009093
1,1,9,"q9_case2",797,467357792,357792,10884059136,24,0.017659,7.245049,0.009187
1,1,9,"q9_case2",798,467945832,695832,10889895936,24,0.016583,1.883791,0.011197
1,1,9,"q9_case2",799,468534015,534015,10907439104,24,0.016373,6.592171,0.009194
1,1,9,"q9_case2",800,469122183,184683,10929045504,24,0.016983,9.470860,0.009009
1,1,9,"q9_case2",801,469710389,710389,10930618368,24,0.016329,0.918994,0.009258
1,1,9,"q9_case2",802,470298375,298375,10954121216,24,0.018474,7.111131,0.009037
1,1,9,"q9_case2",803,470886615,761615,10957070336,24,0.016328,1.122097,0.009229
1,1,9,"q9_case2",804,471475258,475258,10978111488,24,0.017343,8.364289,0.012937
1,1,9,"q9_case2",805,472061893,186893,10998931456,24,0.016678,7.938793,0.009105
1,1,9,"q9_case2",806,472650024,650024,11001663488,24,0.016898,1.183620,0.010055
1,1,9,"q9_case2",807,473238290,238290,11025342464,24,0.016490,10.123644,0.009325
1,1,9,"q9_case2",808,473826360,763860,11026702336,24,0.016904,0.904330,0.009963
1,1,9,"q9_case2",809,474414247,414247,11048321024,24,0.016483,6.425735,0.009298
1,1,9,"q9_case2",810,475002258,502258,11059732480,24,0.017202,4.966136,0.009340
1,1,9,"q9_case2",811,475590405,590405,11071389696,24,0.017492,11.507717,0.009091
1,1,9,"q9_case2",812,476178502,241002,11093483520,24,0.016956,7.466838,0.009336
1,1,9,"q9_case2",813,476766330,766330,11094970368,24,0.016588,0.907966,0.011068
1,1,9,"q9_case2",814,477354156,354156,11118116864,24,0.016948,9.594920,0.009198
1,1,9,"q9_case2",815,477941951,754451,11122507776,24,0.016858,1.508415,0.010785
1,1,9,"q9_case2",816,478529656,529656,11141373952,24,0.016208,6.732833,0.009268
1,1,9,"q9_case2",817,479117252,179752,11162501120,24,0.016938,7.846782,0.009318
1,1,9,"q9_case2",818,479704816,704816,11163824128,24,0.017049,0.839659,0.009128
1,1,9,"q9_case2",819,480292228,292228,11187474432,24,0.016744,7.987524,0.009199
1,1,9,"q9_case2",820,480879683,754683,11190456320,24,0.017096,1.223849,0.009245
1,1,9,"q9_case2",821,481466966,466966,11210592256,24,0.017069,13.175325,0.009222
1,1,9,"q9_case2",822,482054218,241718,11229626368,24,0.016754,6.042155,0.009128
1,1,9,"q9_case2",823,482641274,641274,11233927168,24,0.016220,1.240743,0.012521
1,1,9,"q9_case2",824,483228380,228380,11257204736,24,0.016899,10.686531,0.009168
1,1,9,"q9_case2",825,483815532,753032,11258773504,24,0.016528,0.916848,0.009210
1,1,9,"q9_case2",826,484402692,402692,11281108992,24,0.018239,7.955205,0.009375
1,1,9,"q9_case2",827,484990201,490201,11292942336,24,0.017050,3.162825,0.009469
1,1,9,"q9_case2",828,485577799,577799,11304488960,24,0.017012,2.804341,0.009240
1,1,9,"q9_case2",829,486165621,228121,11326767104,24,0.016620,9.373252,0.009417
1,1,9,"q9_case2",830,486753313,753313,11328147456,24,0.016477,0.969158,0.009605
1,1,9,"q9_case2",831,487340848,340848,11351515136,24,0.016673,9.413380,0.011487
1,1,9,"q9_case2",832,487928397,803397,11354365952,24,0.017021,1.228136,0.009830
1,1,9,"q9_case2",833,488515952,515952,11375239168,24,0.016937,15.336255,0.009223
1,1,9,"q9_case2",834,489103754,166254,11396968448,24,0.016509,6.176226,0.009159
1,1,9,"q9_case2",835,489691397,691397,11398393856,24,0.016350,0.845320,0.009834
1,1,9,"q9_case2",836,490279245,279245,11421356032,24,0.016619,8.585148,0.009145
1,1,9,"q9_case2",837,490867137,804637,11422740480,24,0.016563,0.866257,0.009120
1,1,9,"q9_case2",838,491455029,455029,11444801536,24,0.016895,7.968389,0.009558
1,1,9,"q9_case2",839,492042825,355325,11460698112,24,0.016665,5.257538,0.010647
1,1,9,"q9_case2",840,492630506,630506,11468107776,24,0.016535,2.106867,0.009331
1,1,9,"q9_case2",841,493217875,217875,11491729408,24,0.017159,11.617348,0.009288
1,1,9,"q9_case2",842,493805258,805258,11491729408,24,0.017718,0.206388,0.009009
1,1,9,"q9_case2",843,494391759,391759,11514941440,24,0.017410,7.779030,0.008873
1,1,9,"q9_case2",844,494977621,540121,11525275648,24,0.016706,10.470262,0.009182
1,1,9,"q9_case2",845,495566039,566039,11538108416,24,0.017017,5.649842,0.009088
1,1,9,"q9_case2",846,496154480,216980,11559923712,24,0.016820,8.268020,0.009353
1,1,9,"q9_case2",847,496742742,742742,11561492480,24,0.016299,0.906493,0.009934
1,1,9,"q9_case2",848,497330165,330165,11584692224,24,0.016569,8.955304,0.009031
1,1,9,"q9_case2",849,497918096,793096,11587776512,24,0.016201,1.286707,0.009072
1,1,9,"q9_case2",850,498506132,506132,11608358912,24,0.016500,7.484794,0.008572
1,1,9,"q9_case2",851,499091116,153616,11629916160,24,0.017420,9.537849,0.008667
1,1,9,"q9_case2",852,499678000,678000,11631415296,24,0.016672,0.889030,0.009222
1,1,9,"q9_case2",853,500266860,266860,11655000064,24,0.016553,8.258137,0.009145
1,1,9,"q9_case2",854,500855534,793034,11656593408,24,0.016640,0.871905,0.008776
1,1,9,"q9_case2",855,501443730,443730,11678388224,24,0.016931,6.737807,0.008883
1,1,9,"q9_case2",856,502031207,468707,11691712512,24,0.016899,6.689173,0.008993
1,1,9,"q9_case2",857,502618183,618183,11701862400,24,0.016615,5.227783,0.009182
1,1,9,"q9_case2",858,503205363,205363,11724984320,24,0.016731,6.520161,0.008913
1,1,9,"q9_case2",859,503789131,789131,11724984320,24,0.016527,0.128136,0.008945
1,1,9,"q9_case2",860,504377105,377105,11747921920,24,0.016824,9.826787,0.008872
1,1,9,"q9_case2",861,504965202,527702,11758178304,24,0.016662,3.036311,0.008913
1,1,9,"q9_case2",862,505552967,552967,11771318272,24,0.016437,4.443740,0.009526
1,1,9,"q9_case2",863,506136755,199255,11792986112,24,0.017404,6.594303,0.008914
1,1,9,"q9_case2",864,506724919,724919,11794509824,24,0.016114,0.975055,0.008824
1,1,9,"q9_case2",865,507312941,312941,11818438656,24,0.018151,10.842688,0.008818
1,1,9,"q9_case2",866,507901041,776041,11821527040,24,0.017116,1.312056,0.008794
1,1,9,"q9_case2",867,508488133,488133,11841773568,24,0.016574,6.740962,0.009954
1,1,9,"q9_case2",868,509076873,201873,11861921792,24,0.017264,12.564075,0.009004
1,1,9,"q9_case2",869,509665117,665117,11864891392,24,0.016504,1.207071,0.009223
1,1,9,"q9_case2",870,510253799,253799,11888312320,24,0.018092,9.214846,0.008949
1,1,9,"q9_case2",871,510841971,779471,11889745920,24,0.017150,0.908450,0.008856
1,1,9,"q9_case2",872,511427351,427351,11911380992,24,0.016446,7.216464,0.009112
1,1,9,"q9_case2",873,512015901,453401,11924201472,24,0.016307,3.519735,0.009034
1,1,9,"q9_case2",874,512604179,604179,11934298112,24,0.016648,4.331464,0.008858
1,1,9,"q9_case2",875,513192457,192457,11957813248,24,0.017087,9.717777,0.008915
1,1,9,"q9_case2",876,513778069,778069,11957813248,24,0.017140,0.180482,0.009064
1,1,9,"q9_case2",877,514366455,366455,11981361152,24,0.016697,7.510097,0.008992
1,1,9,"q9_case2",878,514954690,642190,11988602880,24,0.017271,2.692993,0.008766
1,1,9,"q9_case2",879,515540302,540302,12004454400,24,0.016898,5.903913,0.008992
1,1,9,"q9_case2",880,516128510,191010,12026683392,24,0.017198,7.487271,0.008864
1,1,9,"q9_case2",881,516717184,717184,12028178432,24,0.017180,0.902102,0.008785
1,1,9,"q9_case2",882,517300925,300925,12051529728,24,0.017107,8.516409,0.009359
1,1,9,"q9_case2",883,517889799,827299,12052914176,24,0.016309,0.938337,0.008850
1,1,9,"q9_case2",884,518478008,478008,12074897408,24,0.016884,8.422485,0.009093
1,1,9,"q9_case2",885,519065078,315078,12091916288,24,0.017246,14.353132,0.012181
1,1,9,"q9_case2",886,519651210,651210,12097617920,24,0.016900,1.834181,0.009958
1,1,9,"q9_case2",887,520235688,235688,12121120768,24,0.016177,8.401138,0.008949
1,1,9,"q9_case2",888,520824093,824093,12121120768,24,0.018187,0.180993,0.008957
1,1,9,"q9_case2",889,521411927,411927,12144742400,24,0.017571,9.038797,0.009074
1,1,9,"q9_case2",890,522000186,437686,12157853696,24,0.016786,4.086991,0.010575
1,1,9,"q9_case2",891,522582618,582618,12168368128,24,0.017130,3.796927,0.011340
1,1,9,"q9_case2",892,523170810,233310,12190216192,24,0.016995,9.943780,0.011194
1,1,9,"q9_case2",893,523758312,758312,12191727616,24,0.016865,0.868983,0.008889
1,1,9,"q9_case2",894,524343311,343311,12215234560,24,0.017749,12.226068,0.009154
1,1,9,"q9_case2",895,524931852,681852,12221005824,24,0.016618,1.586461,0.009691
1,1,9,"q9_case2",896,525520125,520125,12238495744,24,0.016855,6.452680,0.009224
1,1,9,"q9_case2",897,526106681,169181,12260823040,24,0.016896,9.491818,0.009294
1,1,9,"q9_case2",898,526694972,694972,12262141952,24,0.016724,0.851865,0.009292
1,1,9,"q9_case2",899,527283320,283320,12285321216,24,0.016757,8.746889,0.009071
1,1,9,"q9_case2",900,527866204,803704,12286799872,24,0.016896,0.892578,0.009022
1,1,9,"q9_case2",901,528454582,454582,12308541440,24,0.017764,7.393765,0.008952
1,1,9,"q9_case2",902,529042808,355308,12324847616,24,0.016362,6.302132,0.008800
1,1,9,"q9_case2",903,529628374,628374,12332195840,24,0.017539,1.743866,0.009011
1,1,9,"q9_case2",904,530217054,217054,12355670016,24,0.016854,9.525308,0.008914
1,1,9,"q9_case2",905,530805580,805580,12355670016,24,0.016880,0.084690,0.009298
1,1,9,"q9_case2",906,531394331,394331,12378873856,24,0.016571,9.334840,0.009386
1,1,9,"q9_case2",907,531982506,482506,12390490112,24,0.016383,10.582727,0.009008
1,1,9,"q9_case2",908,532570996,570996,12402479104,24,0.016493,1.918907,0.010618
1,1,9,"q9_case2",909,533159690,222190,12424413184,24,0.017394,8.673820,0.009822
1,1,9,"q9_case2",910,533748170,748170,12425920512,24,0.017143,0.913862,0.011190
1,1,9,"q9_case2",911,534336537,336537,12448870400,24,0.017152,9.553516,0.009069
1,1,9,"q9_case2",912,534924808,799808,12451975168,24,0.016691,1.083653,0.010418
1,1,9,"q9_case2",913,535513000,513000,12472758272,24,0.017578,7.812567,0.009488
1,1,9,"q9_case2",914,536101035,163535,12494536704,24,0.017005,7.943175,0.009396
1,1,9,"q9_case2",915,536689045,689045,12496015360,24,0.016675,0.882027,0.009470
1,1,9,"q9_case2",916,537276906,276906,12519034880,24,0.016441,13.004196,0.009194
1,1,9,"q9_case2",917,537864722,802222,12520378368,24,0.017084,1.036102,0.011520
1,1,9,"q9_case2",918,538452313,452313,12542025728,24,0.016653,6.519619,0.009197
1,1,9,"q9_case2",919,539039753,414753,12556664832,24,0.017384,6.401351,0.010606
1,1,9,"q9_case2",920,539625754,625754,12565295104,24,0.016473,1.638705,0.008929
1,1,9,"q9_case2",921,540208364,208364,12588457984,24,0.016416,10.381821,0.009051
1,1,9,"q9_case2",922,540793238,793238,12588457984,24,0.016620,0.245976,0.011304
1,1,9,"q9_case2",923,541380589,380589,12612100096,24,0.018337,8.047975,0.008877
1,1,9,"q9_case2",924,541968487,655987,12619489280,24,0.017074,2.479825,0.008714
1,1,9,"q9_case2",925,542543995,543995,12635217920,24,0.016571,6.776982,0.008988
1,1,9,"q9_case2",926,543132626,195126,12657250304,24,0.016898,8.254690,0.008770
1,1,9,"q9_case2",927,543718112,718112,12658675712,24,0.016774,0.886335,0.008747
1,1,9,"q9_case2",928,544302822,302822,12682076160,24,0.016578,9.295342,0.008532
1,1,9,"q9_case2",929,544865474,802974,12683616256,24,0.017044,0.909862,0.011290
1,1,9,"q9_case2",930,545446612,446612,12706074624,24,0.015967,8.295659,0.008812
1,1,9,"q9_case2",931,546031692,469192,12718981120,24,0.016850,5.915186,0.008672
1,1,9,"q9_case2",932,546603628,603628,12729233408,24,0.017077,2.598543,0.008785
1,1,9,"q9_case2",933,547182087,244587,12751278080,24,0.016358,9.060462,0.008658
1,1,9,"q9_case2",934,547758243,758243,12752740352,24,0.017048,0.896940,0.008856
1,1,9,"q9_case2",935,548339787,339787,12776079360,24,0.018243,9.644651,0.008709
1,1,9,"q9_case2",936,548918749,793749,12778967040,24,0.016878,1.198076,0.010361
1,1,9,"q9_case2",937,549494580,494580,12799213568,24,0.016339,8.504610,0.010067
1,1,9,"q9_case2",938,550077607,202607,12819382272,24,0.016507,8.760638,0.008591
1,1,9,"q9_case2",939,550647856,647856,12822368256,24,0.016751,1.187326,0.009297
1,1,9,"q9_case2",940,551231246,231246,12845813760,24,0.018439,8.441439,0.009266
1,1,9,"q9_case2",941,551818002,818002,12845813760,24,0.017184,0.103917,0.008818
1,1,9,"q9_case2",942,552396932,396932,12868919296,24,0.016442,8.906439,0.008793
1,1,9,"q9_case2",943,552978411,540911,12879073280,24,0.017003,3.170234,0.008628
1,1,9,"q9_case2",944,553549279,549279,12892483584,24,0.016601,4.708528,0.008792
1,1,9,"q9_case2",945,554127377,189877,12914376704,24,0.016653,9.061558,0.008723
1,1,9,"q9_case2",946,554709845,709845,12915720192,24,0.016647,0.964431,0.009325
1,1,9,"q9_case2",947,555289983,289983,12938792960,24,0.017006,9.595923,0.010231
1,1,9,"q9_case2",948,555872655,810155,12940361728,24,0.016941,0.939247,0.009175
1,1,9,"q9_case2",949,556460407,460407,12962168832,24,0.016334,8.090899,0.011033
1,1,9,"q9_case2",950,557035262,472762,12975710208,24,0.017333,4.283275,0.009934
1,1,9,"q9_case2",951,557622623,622623,12985868288,24,0.016782,3.698061,0.008763
1,1,9,"q9_case2",952,558207677,207677,13008797696,24,0.017326,14.225671,0.008636
1,1,9,"q9_case2",953,558790934,790934,13008797696,24,0.016528,0.092854,0.009264
1,1,9,"q9_case2",954,559378672,378672,13032255488,24,0.016439,12.203499,0.008860
1,1,9,"q9_case2",955,559965449,590449,13041119232,24,0.017416,1.987589,0.009021
1,1,9,"q9_case2",956,560543775,543775,13055795200,24,0.016835,10.266009,0.008724
1,1,9,"q9_case2",957,561130998,193498,13077667840,24,0.016825,14.470081,0.009081
1,1,9,"q9_case2",958,561717444,717444,13079064576,24,0.016398,0.898002,0.009242
1,1,9,"q9_case2",959,562303086,303086,13101715456,24,0.016460,8.261790,0.008817
1,1,9,"q9_case2",960,562888097,825597,13103034368,24,0.016866,0.894542,0.009846
1,1,9,"q9_case2",961,563474210,474210,13125001216,24,0.016803,9.355683,0.008960
1,1,9,"q9_case2",962,564060799,248299,13143531520,24,0.016359,8.303130,0.008731
1,1,9,"q9_case2",963,564646658,646658,13148041216,24,0.017515,1.285147,0.009631
1,1,9,"q9_case2",964,565234731,234731,13170757632,24,0.016711,8.740430,0.008755
1,1,9,"q9_case2",965,565820050,820050,13170757632,24,0.016986,0.061966,0.008962
1,1,9,"q9_case2",966,566407926,407926,13193846784,24,0.017340,9.334036,0.009237
1,1,9,"q9_case2",967,566996093,496093,13205667840,24,0.017292,3.695820,0.009312
1,1,9,"q9_case2",968,567584237,584237,13217083392,24,0.018355,4.951035,0.008958
1,1,9,"q9_case2",969,568171765,234265,13239005184,24,0.017789,8.707022,0.008896
1,1,9,"q9_case2",970,568757720,757720,13240422400,24,0.016531,0.902648,0.010796
1,1,9,"q9_case2",971,569340126,340126,13263826944,24,0.016715,9.426072,0.010487
1,1,9,"q9_case2",972,569926688,676688,13269856256,24,0.016448,1.637072,0.008845
1,1,9,"q9_case2",973,570507576,507576,13287120896,24,0.016788,7.074723,0.008667
1,1,9,"q9_case2",974,571082861,207861,13307228160,24,0.016522,8.014738,0.008962
1,1,9,"q9_case2",975,571664901,664901,13310320640,24,0.016500,1.184277,0.009165
1,1,9,"q9_case2",976,572246665,246665,13333516288,24,0.016790,10.279973,0.009868
1,1,9,"q9_case2",977,572829130,829130,13333516288,24,0.017120,0.222217,0.008838
1,1,9,"q9_case2",978,573417148,417148,13357338624,24,0.017643,8.108799,0.008632
1,1,9,"q9_case2",979,573997921,497921,13368705024,24,0.017181,3.909661,0.008779
1,1,9,"q9_case2",980,574581111,581111,13380796416,24,0.016501,5.927149,0.008908
1,1,9,"q9_case2",981,575169793,232293,13402517504,24,0.016394,10.372997,0.008739
1,1,9,"q9_case2",982,575752309,752309,13404004352,24,0.016682,0.923045,0.008619
1,1,9,"q9_case2",983,576312116,312116,13427019776,24,0.016626,7.937843,0.008810
1,1,9,"q9_case2",984,576899233,774233,13429727232,24,0.017262,1.439789,0.009190
1,1,9,"q9_case2",985,577481872,481872,13449818112,24,0.016822,7.822099,0.008873
1,1,9,"q9_case2",986,578058809,246309,13469040640,24,0.016426,7.624099,0.008914
1,1,9,"q9_case2",987,578645036,645036,13473255424,24,0.017001,1.431179,0.009274
1,1,9,"q9_case2",988,579226498,226498,13496668160,24,0.018150,10.317032,0.008976
1,1,9,"q9_case2",989,579813034,813034,13496668160,24,0.017036,0.121622,0.008830
1,1,9,"q9_case2",990,580400483,400483,13520035840,24,0.017196,11.734480,0.009057
1,1,9,"q9_case2",991,580988870,551370,13530288128,24,0.016330,3.288218,0.008987
1,1,9,"q9_case2",992,581577440,577440,13543727104,24,0.016780,6.047270,0.009160
1,1,9,"q9_case2",993,582165703,228203,13565706240,24,0.016867,7.809307,0.009378
1,1,9,"q9_case2",994,582751507,751507,13567172608,24,0.016707,0.902595,0.009167
1,1,9,"q9_case2",995,583340443,340443,13590396928,24,0.017421,10.110457,0.009049
1,1,9,"q9_case2",996,583926501,614001,13597700096,24,0.016340,2.121667,0.008964
1,1,9,"q9_case2",997,584484329,484329,13614010368,24,0.016629,6.036394,0.008863
1,1,9,"q9_case2",998,585067186,254686,13632942080,24,0.017627,7.671542,0.008763
1,1,9,"q9_case2",999,585628898,628898,13637279744,24,0.016952,1.190495,0.008697
1,1,9,"q9_case2",1000,586209890,209890,13660418048,24,0.017441,10.805767,0.008632
1,1,9,"q9_case2",1001,586780320,780320,13660418048,24,0.016904,0.092865,0.008788
1,1,9,"q9_case2",1002,587360748,360748,13683527680,24,0.017039,16.456063,0.011002
1,1,9,"q9_case2",1003,587937611,625111,13690687488,24,0.018871,1.712354,0.011404
1,1,9,"q9_case2",1004,588517318,517318,13706285056,24,0.016703,5.702389,0.008598
1,1,9,"q9_case2",1005,589083554,208554,13726535680,24,0.016932,9.308498,0.008715
1,1,9,"q9_case2",1006,589663905,663905,13729394688,24,0.016885,1.289352,0.008825
1,1,9,"q9_case2",1007,590246493,246493,13752414208,24,0.016862,8.493417,0.008609
1,1,9,"q9_case2",1008,590824317,824317,13752414208,24,0.016848,0.106225,0.008789
1,1,9,"q9_case2",1009,591404578,404578,13776089088,24,0.016652,9.673692,0.008543
1,1,9,"q9_case2",1010,591986665,486665,13787856896,24,0.017191,4.053819,0.009002
1,1,9,"q9_case2",1011,592575357,575357,13799256064,24,0.016247,4.181010,0.010013
1,1,9,"q9_case2",1012,593152937,215437,13821288448,24,0.016610,10.131438,0.008638
1,1,9,"q9_case2",1013,593717626,717626,13822640128,24,0.016612,0.970935,0.010317
1,1,9,"q9_case2",1014,594306214,306214,13846642688,24,0.016750,9.256243,0.008519
1,1,9,"q9_case2",1015,594866969,804469,13848231936,24,0.016994,0.908858,0.008625
1,1,9,"q9_case2",1016,595448281,448281,13870305280,24,0.016932,9.745100,0.009012
1,1,9,"q9_case2",1017,596036652,411652,13885067264,24,0.016469,4.958484,0.008602
1,1,9,"q9_case2",1018,596616446,616446,13893578752,24,0.016744,2.105023,0.008777
1,1,9,"q9_case2",1019,597195584,258084,13915652096,24,0.016777,8.903346,0.008540
1,1,9,"q9_case2",1020,597754878,754878,13917093888,24,0.016546,0.921016,0.008834
1,1,9,"q9_case2",1021,598340919,340919,13940776960,24,0.017858,9.706915,0.009419
1,1,9,"q9_case2",1022,598915297,665297,13946621952,24,0.016964,1.682186,0.008752
1,1,9,"q9_case2",1023,599492916,492916,13964226560,24,0.017237,7.255790,0.008524
1,1,9,"q9_case2",1024,600056018,306018,13982019584,24,0.016514,7.498358,0.008751
1,1,9,"q9_case2",1025,600636377,636377,13987897344,24,0.016132,1.770278,0.008637
1,1,9,"q9_case2",1026,601215152,277652,14009876480,24,0.016820,9.163096,0.008445
1,1,9,"q9_case2",1027,601790448,790448,14011219968,24,0.016647,0.932362,0.010972
1,1,9,"q9_case2",1028,602375354,375354,14034972672,24,0.017141,10.534385,0.009391
1,1,9,"q9_case2",1029,602955613,580613,14043533312,24,0.016694,2.845557,0.009918
1,1,9,"q9_case2",1030,603542714,542714,14058086400,24,0.016837,7.919579,0.008751
1,1,9,"q9_case2",1031,604127878,190378,14080184320,24,0.016701,8.650833,0.012604
1,1,9,"q9_case2",1032,604716007,716007,14081679360,24,0.017063,0.969546,0.008669
1,1,9,"q9_case2",1033,605300757,300757,14104760320,24,0.017213,8.979936,0.008832
1,1,9,"q9_case2",1034,605888486,825986,14106148864,24,0.016691,1.052931,0.010972
1,1,9,"q9_case2",1035,606475865,475865,14127697920,24,0.017691,8.197890,0.009266
1,1,9,"q9_case2",1036,607061824,186824,14148284416,24,0.016516,7.958856,0.009036
1,1,9,"q9_case2",1037,607650122,650122,14151282688,24,0.016324,1.138337,0.011315
1,1,9,"q9_case2",1038,608227093,289593,14173155328,24,0.017298,9.557227,0.008839
1,1,9,"q9_case2",1039,608813779,813779,14174646272,24,0.016553,1.083519,0.009827
1,1,9,"q9_case2",1040,609401733,401733,14198026240,24,0.016450,8.547665,0.008471
1,1,9,"q9_case2",1041,609974974,599974,14206816256,24,0.016490,2.969673,0.010609
1,1,9,"q9_case2",1042,610562114,562114,14221217792,24,0.016425,5.520758,0.008894
1,1,9,"q9_case2",1043,611150322,212822,14242963456,24,0.017624,9.149736,0.008625
1,1,9,"q9_case2",1044,611723557,723557,14244478976,24,0.016815,0.946700,0.009542
1,1,9,"q9_case2",1045,612310831,310831,14267682816,24,0.016949,9.820828,0.009234
1,1,9,"q9_case2",1046,612898859,711359,14272086016,24,0.018503,1.677284,0.009119
1,1,9,"q9_case2",1047,613487414,487414,14291214336,24,0.018646,7.797818,0.009202
1,1,9,"q9_case2",1048,614076070,263570,14309732352,24,0.016975,7.687064,0.008618
1,1,9,"q9_case2",1049,614649579,649579,14314131456,24,0.017278,1.578279,0.009641
1,1,9,"q9_case2",1050,615236991,236991,14337548288,24,0.016457,11.083228,0.010794
1,1,9,"q9_case2",1051,615824910,824910,14337548288,24,0.017102,0.213317,0.008860
1,1,9,"q9_case2",1052,616398427,398427,14360375296,24,0.017006,8.706981,0.008870
1,1,9,"q9_case2",1053,616985873,548373,14370312192,24,0.016933,3.014426,0.008843
1,1,9,"q9_case2",1054,617573621,573621,14383792128,24,0.017139,5.739065,0.010109
1,1,9,"q9_case2",1055,618161205,223705,14405386240,24,0.017146,8.597658,0.008598
1,1,9,"q9_case2",1056,618738526,738526,14406938624,24,0.017315,0.913257,0.009181
1,1,9,"q9_case2",1057,619325798,325798,14430638080,24,0.016965,10.470736,0.009040
1,1,9,"q9_case2",1058,619913755,726255,14434975744,24,0.016973,1.522003,0.008920
1,1,9,"q9_case2",1059,620488001,488001,14453723136,24,0.016100,7.189622,0.008913
1,1,9,"q9_case2",1060,621075447,262947,14472372224,24,0.017061,15.635000,0.008960
1,1,9,"q9_case2",1061,621663435,663435,14476668928,24,0.016810,1.315813,0.009067
1,1,9,"q9_case2",1062,622251973,251973,14499835904,24,0.016813,8.584934,0.008648
1,1,9,"q9_case2",1063,622831963,769463,14501580800,24,0.017347,1.085878,0.008677
1,1,9,"q9_case2",1064,623407179,407179,14523052032,24,0.016593,10.299931,0.008930
1,1,9,"q9_case2",1065,623995315,557815,14532976640,24,0.017075,1.939587,0.011886
1,1,9,"q9_case2",1066,624581922,581922,14546137088,24,0.016775,8.136567,0.009165
1,1,9,"q9_case2",1067,625169652,232152,14567821312,24,0.017269,8.226783,0.009187
1,1,9,"q9_case2",1068,625755745,755745,14569209856,24,0.016282,1.017362,0.008964
1,1,9,"q9_case2",1069,626343886,343886,14592589824,24,0.017259,10.149376,0.008696
1,1,9,"q9_case2",1070,626929040,616540,14599622656,24,0.017255,2.334462,0.009565
1,1,9,"q9_case2",1071,627516968,516968,14615064576,24,0.016387,7.582387,0.008683
1,1,9,"q9_case2",1072,628098272,223272,14635503616,24,0.017198,7.784144,0.008788
1,1,9,"q9_case2",1073,628685861,685861,14638518272,24,0.017029,1.258235,0.010230
1,1,9,"q9_case2",1074,629269111,269111,14661480448,24,0.017684,8.966473,0.009143
1,1,9,"q9_case2",1075,629856636,794136,14662864896,24,0.017015,0.933175,0.008602
1,1,9,"q9_case2",1076,630435222,435222,14684737536,24,0.017350,8.822086,0.008970
1,1,9,"q9_case2",1077,631022605,460105,14697824256,24,0.016645,4.130011,0.009715
1,1,9,"q9_case2",1078,631607964,607964,14708043776,24,0.017014,6.445714,0.008715
1,1,9,"q9_case2",1079,632164478,226978,14729515008,24,0.016551,8.554547,0.008739
1,1,9,"q9_case2",1080,632750491,750491,14731087872,24,0.017394,0.950315,0.010823
1,1,9,"q9_case2",1081,633338447,338447,14754283520,24,0.018288,9.188539,0.008673
1,1,9,"q9_case2",1082,633917462,604962,14761615360,24,0.017124,1.975395,0.008594
1,1,9,"q9_case2",1083,634491949,491949,14777724928,24,0.017298,7.584545,0.009388
1,1,9,"q9_case2",1084,635079089,329089,14795235328,24,0.017227,8.442408,0.008932
1,1,9,"q9_case2",1085,635664642,664642,14800998400,24,0.017379,2.040322,0.010561
1,1,9,"q9_case2",1086,636238109,300609,14822916096,24,0.017389,10.697704,0.009237
1,1,9,"q9_case2",1087,636812193,812193,14824271872,24,0.016985,0.976929,0.008783
1,1,9,"q9_case2",1088,637399224,399224,14847971328,24,0.017314,10.722948,0.008644
1,1,9,"q9_case2",1089,637982576,545076,14858092544,24,0.017001,3.337484,0.008941
1,1,9,"q9_case2",1090,638555663,555663,14871363584,24,0.017253,5.490122,0.008531
1,1,9,"q9_case2",1091,639113440,175940,14893404160,24,0.017057,7.500740,0.008854
1,1,9,"q9_case2",1092,639699436,699436,14894981120,24,0.016387,0.931942,0.008923
1,1,9,"q9_case2",1093,640287029,287029,14918201344,24,0.018475,10.920147,0.008699
1,1,9,"q9_case2",1094,640863224,800724,14919737344,24,0.016684,0.902062,0.010811
1,1,9,"q9_case2",1095,641421259,421259,14941810688,24,0.016566,10.192220,0.008851
1,1,9,"q9_case2",1096,642008275,508275,14953250816,24,0.016372,4.176780,0.008913
1,1,9,"q9_case2",1097,642595582,595582,14964809728,24,0.017116,11.740745,0.008660
1,1,9,"q9_case2",1098,643162339,224839,14986276864,24,0.017223,24.549660,0.008657
1,1,9,"q9_case2",1099,643747804,747804,14987743232,24,0.016964,0.957513,0.009199
1,1,9,"q9_case2",1100,644334124,334124,15011753984,24,0.016656,21.637152,0.008760
1,1,9,"q9_case2",1101,644918405,605905,15018975232,24,0.016679,1.507182,0.010466
1,1,9,"q9_case2",1102,645476932,476932,15034818560,24,0.017515,24.662222,0.009416
1,1,9,"q9_case2",1103,646063257,313257,15052267520,24,0.016682,12.033558,0.009231
1,1,9,"q9_case2",1104,646649664,649664,15058325504,24,0.017167,2.243942,0.008464
1,1,9,"q9_case2",1105,647217534,280034,15080554496,24,0.016388,28.683536,0.008652
1,1,9,"q9_case2",1106,647804489,804489,15082106880,24,0.016610,0.822104,0.008613
1,1,9,"q9_case2",1107,648389681,389681,15105187840,24,0.017829,23.087669,0.010461
1,1,9,"q9_case2",1108,648948205,635705,15112421376,24,0.016933,1.724812,0.009700
1,1,9,"q9_case2",1109,649535329,535329,15128219648,24,0.017927,14.210499,0.010700
1,1,9,"q9_case2",1110,650121935,246935,15149113344,24,0.016839,20.099366,0.008630
1,1,9,"q9_case2",1111,650707656,707656,15152029696,24,0.016687,2.718823,0.008994
1,1,9,"q9_case2",1112,651294715,294715,15175532544,24,0.016242,24.328682,0.008515
1,1,9,"q9_case2",1113,651870669,808169,15176962048,24,0.016193,0.861871,0.008726
1,1,9,"q9_case2",1114,652457427,457427,15199469568,24,0.016618,20.582930,0.008505
1,1,9,"q9_case2",1115,653039048,414048,15214522368,24,0.016289,10.400638,0.009993
1,1,9,"q9_case2",1116,653623050,623050,15223058432,24,0.017147,13.183566,0.008460
1,1,9,"q9_case2",1117,654196647,259147,15245123584,24,0.016504,15.560337,0.008722
1,1,9,"q9_case2",1118,654783900,783900,15246626816,24,0.016738,0.835084,0.008584
1,1,9,"q9_case2",1119,655367140,367140,15270170624,24,0.016526,25.693379,0.008558
1,1,9,"q9_case2",1120,655949906,637406,15277617152,24,0.016435,5.803554,0.008806
1,1,9,"q9_case2",1121,656535656,535656,15293620224,24,0.016780,12.514387,0.008559
1,1,9,"q9_case2",1122,657108777,233777,15314501632,24,0.016628,24.162900,0.008660
1,1,9,"q9_case2",1123,657695699,695699,15317393408,24,0.016757,1.850402,0.009067
1,1,9,"q9_case2",1124,658277247,277247,15340883968,24,0.016866,12.168744,0.009101
1,1,9,"q9_case2",1125,658864143,801643,15342465024,24,0.017132,0.900472,0.009431
1,1,9,"q9_case2",1126,659424956,424956,15364354048,24,0.016788,24.241127,0.008909
1,1,9,"q9_case2",1127,660010797,510797,15375720448,24,0.016827,5.032633,0.009078
1,1,9,"q9_case2",1128,660597938,597938,15387230208,24,0.016627,14.189578,0.008364
1,1,9,"q9_case2",1129,661156964,219464,15408914432,24,0.016699,14.047407,0.008520
1,1,9,"q9_case2",1130,661741726,741726,15410405376,24,0.016482,0.858097,0.008661
1,1,9,"q9_case2",1131,662317392,317392,15433555968,24,0.016730,24.203399,0.008611
1,1,9,"q9_case2",1132,662903061,653061,15439425536,24,0.016892,4.621094,0.008633
1,1,9,"q9_case2",1133,663484594,484594,15456976896,24,0.017428,6.010116,0.008563
1,1,9,"q9_case2",1134,664044794,419794,15471497216,24,0.016375,15.021986,0.008743
1,1,9,"q9_case2",1135,664630391,630391,15480487936,24,0.016602,6.059939,0.008792
1,1,9,"q9_case2",1136,665217527,217527,15503687680,24,0.017820,27.124447,0.009022
1,1,9,"q9_case2",1137,665805786,805786,15503687680,24,0.016403,0.203796,0.009603
1,1,9,"q9_case2",1138,666367215,367215,15527178240,24,0.018584,15.907654,0.008734
1,1,9,"q9_case2",1139,666953216,640716,15534272512,24,0.019107,4.515850,0.009785
1,1,9,"q9_case2",1140,667539888,539888,15550472192,24,0.016775,10.989184,0.009362
1,1,9,"q9_case2",1141,668128038,253038,15570792448,24,0.016781,22.915534,0.008666
1,1,9,"q9_case2",1142,668690394,690394,15573643264,24,0.016249,4.933639,0.008649
1,1,9,"q9_case2",1143,669276393,276393,15597121536,24,0.018233,13.212130,0.009002
1,1,9,"q9_case2",1144,669862863,800363,15598575616,24,0.016569,0.843520,0.008977
1,1,9,"q9_case2",1145,670451005,451005,15620468736,24,0.016720,28.797472,0.009036
1,1,9,"q9_case2",1146,671039585,352085,15635931136,24,0.016625,14.720739,0.009597
1,1,9,"q9_case2",1147,671628085,628085,15643373568,24,0.016710,4.580123,0.009265
1,1,9,"q9_case2",1148,672216485,216485,15666692096,24,0.016818,18.869226,0.009161
1,1,9,"q9_case2",1149,672804861,804861,15666692096,24,0.016765,0.110268,0.009038
1,1,9,"q9_case2",1150,673393201,393201,15689682944,24,0.016528,21.233361,0.009130
1,1,9,"q9_case2",1151,673981550,544050,15699804160,24,0.016553,3.163656,0.009190
1,1,9,"q9_case2",1152,674569809,569809,15712534528,24,0.018445,13.475638,0.009081
1,1,9,"q9_case2",1153,675158058,220558,15734464512,24,0.016503,19.779206,0.009433
1,1,9,"q9_case2",1154,675746297,746297,15735963648,24,0.016519,2.922391,0.009985
1,1,9,"q9_case2",1155,676334413,334413,15759310848,24,0.016635,19.853129,0.008703
1,1,9,"q9_case2",1156,676921063,608563,15766339584,24,0.016660,2.706861,0.009150
1,1,9,"q9_case2",1157,677509674,509674,15782576128,24,0.016433,12.133349,0.010350
1,1,9,"q9_case2",1158,678098593,223593,15803056128,24,0.016503,20.400522,0.008807
1,1,9,"q9_case2",1159,678686687,686687,15805964288,24,0.016629,1.259062,0.008952
1,1,9,"q9_case2",1160,679275211,275211,15828815872,24,0.018365,26.420701,0.008953
1,1,9,"q9_case2",1161,679864066,801566,15830286336,24,0.016555,0.999667,0.011156
1,1,9,"q9_case2",1162,680452633,452633,15852146688,24,0.016805,22.954395,0.008925
1,1,9,"q9_case2",1163,681041361,353861,15867568128,24,0.016167,14.520305,0.008946
1,1,9,"q9_case2",1164,681630180,630180,15875186688,24,0.016537,8.735655,0.009586
1,1,9,"q9_case2",1165,682218757,218757,15898046464,24,0.017143,18.591821,0.009159
1,1,9,"q9_case2",1166,682807351,807351,15898046464,24,0.016236,0.217104,0.009010
1,1,9,"q9_case2",1167,683395964,395964,15921635328,24,0.018639,18.319298,0.009167
1,1,9,"q9_case2",1168,683984507,609507,15930351616,24,0.016483,10.191814,0.009046
1,1,9,"q9_case2",1169,684572959,572959,15945068544,24,0.017065,5.532920,0.009155
1,1,9,"q9_case2",1170,685161367,223867,15966715904,24,0.017783,25.857286,0.010224
1,1,9,"q9_case2",1171,685749730,749730,15968219136,24,0.016456,0.905560,0.008873
1,1,9,"q9_case2",1172,686338053,338053,15992053760,24,0.017798,24.971695,0.009121
1,1,9,"q9_case2",1173,686926395,613895,15999438848,24,0.016756,1.678963,0.009357
1,1,9,"q9_case2",1174,687514075,514075,16015310848,24,0.016431,10.827277,0.008624
1,1,9,"q9_case2",1175,688100928,225928,16035532800,24,0.016508,28.622117,0.008624
1,1,9,"q9_case2",1176,688688291,688291,16038502400,24,0.016159,2.103835,0.008708
1,1,9,"q9_case2",1177,689275148,275148,16062111744,24,0.016897,15.716438,0.008849
1,1,9,"q9_case2",1178,689863407,738407,16064950272,24,0.016673,1.195043,0.008620
1,1,9,"q9_case2",1179,690448888,448888,16085786624,24,0.016729,21.547993,0.009008
1,1,9,"q9_case2",1180,691035162,347662,16102125568,24,0.016614,16.079044,0.008936
1,1,9,"q9_case2",1181,691623794,623794,16109273088,24,0.016530,11.025513,0.009151
1,1,9,"q9_case2",1182,692212631,212631,16132333568,24,0.017070,18.898884,0.008863
1,1,9,"q9_case2",1183,692797652,797652,16132333568,24,0.016737,0.090115,0.009022
1,1,9,"q9_case2",1184,693380843,380843,16155324416,24,0.017389,22.997360,0.008901
1,1,9,"q9_case2",1185,693968536,593536,16163864576,24,0.017152,7.565603,0.011787
1,1,9,"q9_case2",1186,694552524,552524,16178515968,24,0.016641,11.097471,0.009002
1,1,9,"q9_case2",1187,695140284,265284,16198463488,24,0.017038,24.016266,0.008719
1,1,9,"q9_case2",1188,695706956,706956,16201039872,24,0.017531,1.205845,0.008698
1,1,9,"q9_case2",1189,696292466,292466,16224161792,24,0.017008,22.228773,0.008603
1,1,9,"q9_case2",1190,696880299,692799,16228872192,24,0.017080,1.236684,0.010940
1,1,9,"q9_case2",1191,697454878,454878,16247418880,24,0.016596,17.334756,0.009120
1,1,9,"q9_case2",1192,698041756,354256,16263606272,24,0.016791,19.446319,0.008742
1,1,9,"q9_case2",1193,698622959,622959,16270618624,24,0.016759,2.554691,0.008595
1,1,9,"q9_case2",1194,699201702,264202,16292610048,24,0.017130,20.385448,0.008435
1,1,9,"q9_case2",1195,699770491,770491,16293933056,24,0.016474,0.845338,0.008717
1,1,9,"q9_case2",1196,700355198,355198,16317009920,24,0.017867,19.007474,0.008601
1,1,9,"q9_case2",1197,700942123,567123,16325513216,24,0.017480,11.618189,0.008536
1,1,9,"q9_case2",1198,701510762,510762,16339775488,24,0.016462,7.258466,0.008705
1,1,9,"q9_case2",1199,702095810,220810,16360435712,24,0.016882,26.008380,0.008743
1,1,9,"q9_case2",1200,702682679,682679,16363524096,24,0.016421,1.138691,0.008852
1,1,9,"q9_case2",1201,703271003,271003,16386723840,24,0.016694,20.723574,0.008803
1,1,9,"q9_case2",1202,703841393,841393,16386723840,24,0.016800,0.216725,0.008934
1,1,9,"q9_case2",1203,704427184,427184,16410083328,24,0.016587,18.911873,0.008835
1,1,9,"q9_case2",1204,705013164,513164,16421752832,24,0.016464,8.821585,0.008714
1,1,9,"q9_case2",1205,705601308,601308,16433606656,24,0.017029,8.129545,0.008666
1,1,9,"q9_case2",1206,706171778,234278,16456380416,24,0.016647,21.167505,0.008612
1,1,9,"q9_case2",1207,706750382,750382,16457760768,24,0.016502,0.850098,0.008668
1,1,9,"q9_case2",1208,707320914,320914,16480735232,24,0.016819,21.481176,0.009985
1,1,9,"q9_case2",1209,707906032,656032,16486600704,24,0.016956,6.142834,0.008575
1,1,9,"q9_case2",1210,708491329,491329,16504446976,24,0.016866,12.786786,0.009378
1,1,9,"q9_case2",1211,709079361,266861,16523735040,24,0.016864,23.064771,0.008957
1,1,9,"q9_case2",1212,709667909,667909,16528011264,24,0.016752,3.086995,0.009151
1,1,9,"q9_case2",1213,710256437,256437,16551940096,24,0.016739,20.455087,0.011008
1,1,9,"q9_case2",1214,710844918,782418,16553406464,24,0.019864,0.985848,0.009275
1,1,9,"q9_case2",1215,711433404,433404,16575635456,24,0.018389,26.597804,0.009783
1,1,9,"q9_case2",1216,712021890,396890,16590086144,24,0.016961,8.620481,0.009156
1,1,9,"q9_case2",1217,712610388,610388,16598917120,24,0.018003,2.325201,0.009161
1,1,9,"q9_case2",1218,713198998,261498,16620630016,24,0.018165,18.611179,0.009024
1,1,9,"q9_case2",1219,713787365,787365,16622153728,24,0.016791,0.852289,0.008724
1,1,9,"q9_case2",1220,714373734,373734,16645611520,24,0.018340,22.187743,0.008680
1,1,9,"q9_case2",1221,714962107,587107,16654430208,24,0.016842,2.240709,0.008629
1,1,9,"q9_case2",1222,715548208,548208,16668835840,24,0.017678,8.601593,0.008732
1,1,9,"q9_case2",1223,716135205,260205,16689090560,24,0.016464,22.715212,0.008632
1,1,9,"q9_case2",1224,716718403,718403,16692002816,24,0.016237,1.143514,0.010671
1,1,9,"q9_case2",1225,717301593,301593,16714993664,24,0.016889,18.685293,0.008839
1,1,9,"q9_case2",1226,717887233,699733,16719319040,24,0.017220,5.292065,0.008654
1,1,9,"q9_case2",1227,718470176,470176,16738467840,24,0.017269,23.481248,0.008685
1,1,9,"q9_case2",1228,719057475,369975,16754499584,24,0.016854,13.529748,0.010052
1,1,9,"q9_case2",1229,719643755,643755,16761905152,24,0.020675,12.557542,0.009839
1,1,9,"q9_case2",1230,720231797,231797,16785035264,24,0.016640,12.918222,0.009034
1,1,9,"q9_case2",1231,720820461,820461,16785035264,24,0.016413,0.071999,0.009407
1,1,9,"q9_case2",1232,721403404,403404,16808046592,24,0.016698,21.578166,0.008828
1,1,9,"q9_case2",1233,721991433,616433,16816889856,24,0.016604,10.781309,0.008675
1,1,9,"q9_case2",1234,722574401,574401,16831430656,24,0.017191,10.184408,0.008722
1,1,9,"q9_case2",1235,723158862,283862,16851918848,24,0.018101,24.191806,0.013334
1,1,9,"q9_case2",1236,723746701,746701,16854892544,24,0.016669,1.839499,0.011377
1,1,9,"q9_case2",1237,724335277,335277,16878514176,24,0.017496,18.500573,0.009010
1,1,9,"q9_case2",1238,724923865,548865,16887422976,24,0.016774,6.670012,0.009459
1,1,9,"q9_case2",1239,725507097,507097,16901783552,24,0.016768,16.421085,0.012679
1,1,9,"q9_case2",1240,726095238,282738,16920530944,24,0.016560,17.220861,0.008952
1,1,9,"q9_case2",1241,726684008,684008,16924975104,24,0.016243,1.336786,0.008726
1,1,9,"q9_case2",1242,727267343,267343,16947818496,24,0.016601,20.466880,0.008807
1,1,9,"q9_case2",1243,727855297,792797,16949297152,24,0.016493,0.863553,0.009269
1,1,9,"q9_case2",1244,728443938,443938,16970661888,24,0.016944,25.917516,0.009451
1,1,9,"q9_case2",1245,729032678,345178,16986648576,24,0.016508,10.423873,0.009133
1,1,9,"q9_case2",1246,729621318,621318,16994066432,24,0.016659,12.010280,0.008682
1,1,9,"q9_case2",1247,730204400,266900,17016008704,24,0.016793,12.343910,0.009393
1,1,9,"q9_case2",1248,730792133,792133,17017544704,24,0.017305,0.950893,0.010362
1,1,9,"q9_case2",1249,731380549,380549,17040674816,24,0.017774,20.313406,0.008955
1,1,9,"q9_case2",1250,731969050,594050,17049165824,24,0.016877,10.461552,0.008922
1,1,9,"q9_case2",1251,732557492,557492,17063587840,24,0.016775,13.644048,0.008968
1,1,9,"q9_case2",1252,733145836,270836,17083781120,24,0.016691,22.702969,0.009014
1,1,9,"q9_case2",1253,733734149,734149,17086550016,24,0.016732,1.139563,0.010376
1,1,9,"q9_case2",1254,734322366,322366,17109479424,24,0.017712,25.424847,0.008967
1,1,9,"q9_case2",1255,734910577,598077,17116663808,24,0.016601,1.988237,0.008939
1,1,9,"q9_case2",1256,735498655,498655,17132834816,24,0.016796,14.008928,0.008986
1,1,9,"q9_case2",1257,736086240,336240,17150619648,24,0.016973,18.380633,0.008602
1,1,9,"q9_case2",1258,736667061,667061,17156644864,24,0.016625,3.329579,0.008848
1,1,9,"q9_case2",1259,737255720,255720,17179942912,24,0.017795,22.232855,0.008941
1,1,9,"q9_case2",1260,737838850,776350,17181454336,24,0.016692,0.856694,0.008674
1,1,9,"q9_case2",1261,738420125,420125,17203380224,24,0.018409,17.477132,0.008686
1,1,9,"q9_case2",1262,739007780,507780,17215160320,24,0.016516,15.417060,0.008945
1,1,9,"q9_case2",1263,739589361,589361,17226502144,24,0.017318,8.626036,0.008471
1,1,9,"q9_case2",1264,740164476,226976,17248346112,24,0.016452,22.576236,0.009724
1,1,9,"q9_case2",1265,740746609,746609,17249701888,24,0.016518,0.930399,0.008730
1,1,9,"q9_case2",1266,741331453,331453,17273077760,24,0.016682,18.543556,0.008438
1,1,9,"q9_case2",1267,741904453,716953,17277521920,24,0.016857,1.535368,0.008572
1,1,9,"q9_case2",1268,742489975,489975,17296748544,24,0.016328,25.299409,0.008681
1,1,9,"q9_case2",1269,743071286,321286,17314738176,24,0.016698,11.065843,0.008686
1,1,9,"q9_case2",1270,743656957,656957,17320493056,24,0.016331,5.716142,0.008571
1,1,9,"q9_case2",1271,744233363,233363,17343467520,24,0.016713,18.838456,0.009267
1,1,9,"q9_case2",1272,744815831,815831,17343467520,24,0.016790,0.105486,0.009446
1,1,9,"q9_case2",1273,745401273,401273,17367150592,24,0.016434,30.652235,0.010234
1,1,9,"q9_case2",1274,745974173,599173,17375404032,24,0.018606,2.402791,0.009018
1,1,9,"q9_case2",1275,746558919,558919,17390100480,24,0.018106,15.117885,0.009362
1,1,9,"q9_case2",1276,747143449,268449,17410715648,24,0.016744,20.155141,0.008705
1,1,9,"q9_case2",1277,747721270,721270,17413619712,24,0.016792,1.193336,0.008571
1,1,9,"q9_case2",1278,748299689,299689,17437290496,24,0.016800,26.582556,0.008636
1,1,9,"q9_case2",1279,748878048,690548,17441501184,24,0.016315,1.490507,0.008932
1,1,9,"q9_case2",1280,749463029,463029,17460289536,24,0.017411,17.556752,0.008583
1,1,9,"q9_case2",1281,750041224,291224,17477664768,24,0.016203,10.705290,0.008526
1,1,9,"q9_case2",1282,750614840,614840,17483321344,24,0.016408,6.630760,0.008732
1,1,9,"q9_case2",1283,751197751,260251,17505296384,24,0.017834,22.512786,0.012908
1,1,9,"q9_case2",1284,751781151,781151,17506791424,24,0.017316,0.912775,0.008939
1,1,9,"q9_case2",1285,752359990,359990,17530171392,24,0.017104,19.649051,0.008690
1,1,9,"q9_case2",1286,752938521,563521,17538674688,24,0.017477,12.112481,0.008514
1,1,9,"q9_case2",1287,753522231,522231,17553297408,24,0.017242,8.827861,0.008578
1,1,9,"q9_case2",1288,754108017,358017,17570865152,24,0.016858,13.131611,0.008745
1,1,9,"q9_case2",1289,754687935,687935,17576636416,24,0.017074,9.404663,0.008618
1,1,9,"q9_case2",1290,755271009,271009,17600159744,24,0.018140,19.965834,0.008428
1,1,9,"q9_case2",1291,755852998,727998,17603141632,24,0.016571,1.212665,0.009953
1,1,9,"q9_case2",1292,756440538,440538,17623355392,24,0.017511,21.250920,0.009002
1,1,9,"q9_case2",1293,757028795,341295,17639243776,24,0.017044,13.129662,0.008999
1,1,9,"q9_case2",1294,757617018,617018,17646424064,24,0.016600,1.789492,0.011011
1,1,9,"q9_case2",1295,758204816,267316,17668190208,24,0.017873,16.034747,0.008772
1,1,9,"q9_case2",1296,758789706,789706,17669599232,24,0.017013,0.849839,0.008818
1,1,9,"q9_case2",1297,759377027,377027,17692315648,24,0.016709,23.104245,0.008850
1,1,9,"q9_case2",1298,759965318,590318,17701380096,24,0.016661,1.747507,0.011452
1,1,9,"q9_case2",1299,760553569,553569,17715843072,24,0.018981,12.399753,0.009036
1,1,9,"q9_case2",1300,761141664,266664,17736642560,24,0.017099,22.293712,0.008797
1,1,9,"q9_case2",1301,761729551,729551,17739636736,24,0.016800,1.094378,0.010289
1,1,9,"q9_case2",1302,762316940,316940,17762603008,24,0.017442,20.591029,0.008947
1,1,9,"q9_case2",1303,762901963,651963,17768206336,24,0.016847,8.114020,0.011725
1,1,9,"q9_case2",1304,763490133,490133,17785700352,24,0.016142,14.295996,0.009382
1,1,9,"q9_case2",1305,764078450,328450,17803104256,24,0.016888,19.345360,0.009134
1,1,9,"q9_case2",1306,764666685,666685,17809113088,24,0.016924,2.311319,0.009318
1,1,9,"q9_case2",1307,765254767,254767,17832239104,24,0.017067,23.562988,0.008899
1,1,9,"q9_case2",1308,765842610,780110,17833799680,24,0.016614,0.854477,0.010331
1,1,9,"q9_case2",1309,766429889,429889,17855946752,24,0.016672,19.918777,0.008491
1,1,9,"q9_case2",1310,767014222,576722,17866010624,24,0.016390,13.752269,0.009024
1,1,9,"q9_case2",1311,767602810,602810,17878900736,24,0.016350,4.952920,0.008676
1,1,9,"q9_case2",1312,768191147,253647,17901125632,24,0.016650,29.675392,0.008602
1,1,9,"q9_case2",1313,768775278,775278,17902743552,24,0.016954,1.022517,0.008916
1,1,9,"q9_case2",1314,769360159,360159,17926156288,24,0.017920,22.114771,0.008735
1,1,9,"q9_case2",1315,769947549,572549,17934954496,24,0.016570,2.061674,0.008829
1,1,9,"q9_case2",1316,770535546,535546,17949704192,24,0.016730,12.111635,0.009183
1,1,9,"q9_case2",1317,771123714,248714,17969606656,24,0.017337,26.048944,0.008962
1,1,9,"q9_case2",1318,771711806,711806,17972584448,24,0.016900,1.201732,0.011417
1,1,9,"q9_case2",1319,772299759,299759,17995788288,24,0.017865,22.992573,0.008859
1,1,9,"q9_case2",1320,772887465,699965,18000232448,24,0.016902,2.020937,0.008683
1,1,9,"q9_case2",1321,773472907,472907,18018963456,24,0.016760,23.335130,0.008788
1,1,9,"q9_case2",1322,774061421,311421,18035974144,24,0.017567,17.605185,0.010235
1,1,9,"q9_case2",1323,774650126,650126,18041790464,24,0.017203,1.517233,0.008799
1,1,9,"q9_case2",1324,775236416,236416,18064695296,24,0.017124,18.024123,0.009089
1,1,9,"q9_case2",1325,775822478,822478,18064695296,24,0.017076,0.116113,0.008903
1,1,9,"q9_case2",1326,776410667,410667,18087882752,24,0.016394,24.343872,0.008896
1,1,9,"q9_case2",1327,776999284,561784,18097778688,24,0.016295,5.445142,0.009437
1,1,9,"q9_case2",1328,777587818,587818,18110578688,24,0.017108,5.819572,0.009087
1,1,9,"q9_case2",1329,778176192,238692,18132652032,24,0.016801,20.338617,0.009121
1,1,9,"q9_case2",1330,778764473,764473,18134294528,24,0.016592,0.850241,0.009097
1,1,9,"q9_case2",1331,779352257,352257,18157314048,24,0.017294,31.349441,0.009093
1,1,9,"q9_case2",1332,779940837,628337,18164289536,24,0.017498,1.785207,0.010571
1,1,9,"q9_case2",1333,780529922,529922,18180009984,24,0.016669,14.529824,0.008998
1,1,9,"q9_case2",1334,781118108,305608,18198802432,24,0.016733,23.139835,0.009057
1,1,9,"q9_case2",1335,781706324,706324,18203136000,24,0.016572,1.357593,0.010418
1,1,9,"q9_case2",1336,782294431,294431,18226728960,24,0.016733,21.832544,0.008504
1,1,9,"q9_case2",1337,782880804,693304,18231091200,24,0.017182,1.399997,0.011135
1,1,9,"q9_case2",1338,783469110,469110,18250149888,24,0.018312,13.631649,0.008768
1,1,9,"q9_case2",1339,784057614,307614,18267807744,24,0.016729,20.376340,0.008955
1,1,9,"q9_case2",1340,784644467,644467,18273656832,24,0.016890,1.558019,0.009641
1,1,9,"q9_case2",1341,785232650,232650,18297245696,24,0.018508,24.294346,0.008592
1,1,9,"q9_case2",1342,785821006,758506,18298568704,24,0.016705,0.843706,0.008909
1,1,9,"q9_case2",1343,786409163,409163,18319630336,24,0.016578,18.176910,0.008913
1,1,9,"q9_case2",1344,786996831,621831,18328403968,24,0.016620,2.672114,0.008768
1,1,9,"q9_case2",1345,787583339,583339,18343329792,24,0.016551,14.927057,0.008770
1,1,9,"q9_case2",1346,788170627,233127,18365665280,24,0.016764,26.645733,0.009175
1,1,9,"q9_case2",1347,788758121,758121,18367111168,24,0.016271,0.956928,0.010266
1,1,9,"q9_case2",1348,789343009,343009,18390052864,24,0.017572,20.794182,0.008983
1,1,9,"q9_case2",1349,789931302,618802,18397413376,24,0.016940,2.060177,0.009627
1,1,9,"q9_case2",1350,790519532,519532,18413776896,24,0.017770,16.160309,0.008712
1,1,9,"q9_case2",1351,791107348,294848,18432937984,24,0.016619,21.927634,0.008663
1,1,9,"q9_case2",1352,791695564,695564,18437402624,24,0.016281,4.605304,0.008982
1,1,9,"q9_case2",1353,792283733,283733,18460356608,24,0.016576,15.410882,0.008843
1,1,9,"q9_case2",1354,792871771,621771,18466054144,24,0.017612,2.413432,0.008776
1,1,9,"q9_case2",1355,793459335,459335,18483949568,24,0.017087,16.538303,0.008780
1,1,9,"q9_case2",1356,794046240,421240,18498666496,24,0.017146,10.869958,0.009388
1,1,9,"q9_case2",1357,794634668,634668,18507468800,24,0.016736,10.473892,0.008990
1,1,9,"q9_case2",1358,795222982,285482,18529271808,24,0.016513,12.402708,0.009023
1,1,9,"q9_case2",1359,795810990,810990,18530721792,24,0.017111,1.114835,0.012018
1,1,9,"q9_case2",1360,796398336,398336,18553823232,24,0.016862,20.786205,0.008989
1,1,9,"q9_case2",1361,796986969,611969,18562691072,24,0.016803,1.581448,0.009903
1,1,9,"q9_case2",1362,797576240,576240,18577084416,24,0.018450,16.375863,0.009128
1,1,9,"q9_case2",1363,798165382,227882,18599231488,24,0.016618,27.864552,0.009205
1,1,9,"q9_case2",1364,798754444,754444,18600648704,24,0.017045,0.998020,0.011603
1,1,9,"q9_case2",1365,799343553,343553,18624077824,24,0.018078,14.258755,0.009642
1,1,9,"q9_case2",1366,799932481,682481,18629877760,24,0.019181,1.859277,0.010456
1,1,9,"q9_case2",1367,800521530,521530,18647552000,24,0.016999,19.915863,0.009102
1,1,9,"q9_case2",1368,801110369,297869,18666090496,24,0.016938,19.523374,0.008859
1,1,9,"q9_case2",1369,801699106,699106,18670407680,24,0.016102,1.465993,0.009943
1,1,9,"q9_case2",1370,802287946,287946,18693386240,24,0.017602,26.209552,0.008730
1,1,9,"q9_case2",1371,802876631,626631,18699206656,24,0.016074,1.714217,0.010027
1,1,9,"q9_case2",1372,803465491,465491,18716475392,24,0.017867,11.915660,0.008899
1,1,9,"q9_case2",1373,804054009,366509,18732670976,24,0.016568,10.957334,0.009004
1,1,9,"q9_case2",1374,804642909,642909,18739929088,24,0.016644,6.849192,0.010013
1,1,9,"q9_case2",1375,805231322,231322,18763653120,24,0.016477,26.517926,0.008922
1,1,9,"q9_case2",1376,805819876,819876,18763653120,24,0.017743,0.091559,0.009113
1,1,9,"q9_case2",1377,806408217,408217,18786963456,24,0.017482,22.594355,0.008692
1,1,9,"q9_case2",1378,806992739,555239,18797027328,24,0.016681,9.917354,0.012049
1,1,9,"q9_case2",1379,807581063,581063,18810216448,24,0.016158,5.667963,0.009052
1,1,9,"q9_case2",1380,808169344,231844,18832474112,24,0.018195,24.245221,0.008847
1,1,9,"q9_case2",1381,808757536,757536,18833993728,24,0.016643,0.845546,0.009216
1,1,9,"q9_case2",1382,809346064,346064,18857246720,24,0.016823,24.948999,0.008891
1,1,9,"q9_case2",1383,809934518,622018,18864631808,24,0.016840,6.233837,0.008976
1,1,9,"q9_case2",1384,810522850,522850,18880434176,24,0.016524,12.485420,0.008818
1,1,9,"q9_case2",1385,811111106,298606,18899529728,24,0.016677,25.899026,0.008654
1,1,9,"q9_case2",1386,811696996,696996,18904064000,24,0.017082,1.689834,0.009222
1,1,9,"q9_case2",1387,812285513,285513,18927607808,24,0.017958,20.127933,0.008966
1,1,9,"q9_case2",1388,812874329,686829,18932060160,24,0.016856,1.402952,0.008783
1,1,9,"q9_case2",1389,813462773,462773,18951049216,24,0.017112,25.085822,0.008910
1,1,9,"q9_case2",1390,814051236,426236,18965729280,24,0.016537,11.196677,0.008923
1,1,9,"q9_case2",1391,814639573,639573,18974400512,24,0.016637,6.681746,0.009371
1,1,9,"q9_case2",1392,815227826,227826,18997444608,24,0.016811,22.422884,0.008703
1,1,9,"q9_case2",1393,815813670,813670,18997444608,24,0.016273,0.108673,0.008875
1,1,9,"q9_case2",1394,816402000,402000,19020664832,24,0.016447,19.779870,0.009086
1,1,9,"q9_case2",1395,816990727,553227,19030642688,24,0.016949,15.250948,0.008785
1,1,9,"q9_case2",1396,817579240,579240,19043581952,24,0.016635,7.384718,0.008887
1,1,9,"q9_case2",1397,818167689,230189,19065679872,24,0.016372,13.916745,0.009000
1,1,9,"q9_case2",1398,818756060,756060,19067101184,24,0.017122,0.918383,0.012606
1,1,9,"q9_case2",1399,819344178,344178,19090620416,24,0.018496,28.666518,0.008855
1,1,9,"q9_case2",1400,819932765,682765,19096317952,24,0.016857,8.693164,0.008945
1,1,9,"q9_case2",1401,820522066,522066,19114065920,24,0.016913,13.774589,0.008874
1,1,9,"q9_case2",1402,821110198,235198,19134566400,24,0.016970,16.196616,0.009715
1,1,9,"q9_case2",1403,821698452,698452,19137499136,24,0.017310,2.744356,0.011178
1,1,9,"q9_case2",1404,822286431,286431,19161296896,24,0.018357,19.015745,0.008941
1,1,9,"q9_case2",1405,822872287,684787,19165626368,24,0.016869,1.406468,0.011255
1,1,9,"q9_case2",1406,823460601,460601,19184369664,24,0.016618,27.426461,0.008618
1,1,9,"q9_case2",1407,824046966,421966,19198726144,24,0.016610,12.161050,0.008886
1,1,9,"q9_case2",1408,824634922,634922,19207327744,24,0.016511,6.576506,0.008540
1,1,9,"q9_case2",1409,825213724,276224,19229261824,24,0.018403,17.628477,0.010056
1,1,9,"q9_case2",1410,825795658,795658,19230781440,24,0.017982,1.076831,0.010010
1,1,9,"q9_case2",1411,826375436,375436,19254542336,24,0.017343,26.630814,0.008669
1,1,9,"q9_case2",1412,826962147,587147,19263459328,24,0.016355,3.391360,0.010089
1,1,9,"q9_case2",1413,827546527,546527,19277979648,24,0.016628,12.861282,0.008559
1,1,9,"q9_case2",1414,828124652,249652,19298906112,24,0.016774,26.254783,0.010905
1,1,9,"q9_case2",1415,828709062,709062,19301957632,24,0.016746,1.258788,0.008575
1,1,9,"q9_case2",1416,829289728,289728,19325255680,24,0.016875,21.388362,0.008611
1,1,9,"q9_case2",1417,829873876,686376,19329499136,24,0.016446,1.529172,0.008592
1,1,9,"q9_case2",1418,830459044,459044,19348619264,24,0.016884,20.452820,0.008833
1,1,9,"q9_case2",1419,831036557,411557,19363000320,24,0.016744,12.702344,0.008620
1,1,9,"q9_case2",1420,831617564,617564,19371573248,24,0.016314,9.191852,0.008628
1,1,9,"q9_case2",1421,832201132,263632,19393581056,24,0.016406,20.632058,0.010274
1,1,9,"q9_case2",1422,832787819,787819,19395108864,24,0.016890,0.877858,0.011522
1,1,9,"q9_case2",1423,833371349,371349,19418341376,24,0.016991,21.727852,0.008802
1,1,9,"q9_case2",1424,833957957,582957,19427106816,24,0.016696,4.649076,0.011711
1,1,9,"q9_case2",1425,834546528,546528,19441569792,24,0.016699,10.716023,0.008701
1,1,9,"q9_case2",1426,835135156,197656,19463098368,24,0.016568,22.430831,0.008917
1,1,9,"q9_case2",1427,835723463,723463,19464605696,24,0.017323,0.854444,0.008856
1,1,9,"q9_case2",1428,836312243,312243,19488055296,24,0.018427,31.674621,0.008919
1,1,9,"q9_case2",1429,836901637,589137,19495464960,24,0.016263,1.687979,0.011877
1,1,9,"q9_case2",1430,837490908,490908,19511627776,24,0.016356,21.995610,0.008796
1,1,9,"q9_case2",1431,838079458,329458,19528658944,24,0.016759,11.851578,0.009147
1,1,9,"q9_case2",1432,838668446,668446,19534184448,24,0.017305,1.420277,0.009882
1,1,9,"q9_case2",1433,839257301,257301,19557027840,24,0.017126,22.947430,0.008828
1,1,9,"q9_case2",1434,839846087,721087,19560013824,24,0.016774,1.263499,0.009255
1,1,9,"q9_case2",1435,840434756,434756,19580715008,24,0.017250,27.281028,0.009070
1,1,9,"q9_case2",1436,841023355,398355,19595091968,24,0.017709,15.071779,0.009231
1,1,9,"q9_case2",1437,841612383,612383,19604201472,24,0.017395,4.619159,0.008799
1,1,9,"q9_case2",1438,842200884,263384,19626070016,24,0.016794,16.121342,0.008928
1,1,9,"q9_case2",1439,842789480,789480,19627606016,24,0.017001,1.281180,0.008807
1,1,9,"q9_case2",1440,843377930,377930,19650678784,24,0.018073,28.795246,0.008674
1,1,9,"q9_case2",1441,843966929,591929,19659354112,24,0.016523,5.694276,0.008877
1,1,9,"q9_case2",1442,844555720,555720,19673878528,24,0.016834,10.626190,0.008692
1,1,9,"q9_case2",1443,845141847,204347,19695718400,24,0.016855,28.470757,0.009140
1,1,9,"q9_case2",1444,845725325,725325,19697119232,24,0.017025,6.539869,0.008895
1,1,9,"q9_case2",1445,846313895,313895,19720671232,24,0.016577,15.460435,0.009090
1,1,9,"q9_case2",1446,846902639,590139,19728093184,24,0.016865,13.046480,0.009150
1,1,9,"q9_case2",1447,847480328,480328,19744092160,24,0.018237,15.330631,0.008719
1,1,9,"q9_case2",1448,848063911,313911,19761496064,24,0.016560,16.960988,0.008533
1,1,9,"q9_case2",1449,848642641,642641,19767549952,24,0.017171,4.645810,0.009943
1,1,9,"q9_case2",1450,849221795,284295,19789443072,24,0.018808,23.005332,0.008627
1,1,9,"q9_case2",1451,849804791,804791,19790868480,24,0.017346,5.758077,0.008645
1,1,9,"q9_case2",1452,850386935,386935,19813560320,24,0.018182,15.705396,0.009422
1,1,9,"q9_case2",1453,850966656,591656,19822190592,24,0.017182,11.542532,0.008552
1,1,9,"q9_case2",1454,851549877,549877,19836882944,24,0.016350,13.781598,0.010458
1,1,9,"q9_case2",1455,852134625,197125,19858341888,24,0.016704,22.813271,0.009675
1,1,9,"q9_case2",1456,852718438,718438,19859734528,24,0.016427,4.146262,0.009489
1,1,9,"q9_case2",1457,853292264,292264,19883421696,24,0.016494,16.742636,0.010774
1,1,9,"q9_case2",1458,853874468,749468,19886424064,24,0.016716,5.193096,0.008618
1,1,9,"q9_case2",1459,854454772,454772,19906703360,24,0.016735,21.808996,0.008595
1,1,9,"q9_case2",1460,855039312,351812,19922825216,24,0.016751,18.081744,0.008819
1,1,9,"q9_case2",1461,855620994,620994,19929952256,24,0.016531,3.656933,0.008454
1,1,9,"q9_case2",1462,856202852,265352,19951833088,24,0.016652,22.787007,0.008650
1,1,9,"q9_case2",1463,856783708,783708,19953250304,24,0.016510,3.983731,0.008647
1,1,9,"q9_case2",1464,857369503,369503,19976388608,24,0.016397,23.371253,0.008602
1,1,9,"q9_case2",1465,857951370,576370,19985297408,24,0.016451,7.956361,0.008634
1,1,9,"q9_case2",1466,858534070,534070,19999883264,24,0.016596,7.835273,0.008690
1,1,9,"q9_case2",1467,859120945,245945,20019998720,24,0.016944,27.297597,0.008578
1,1,9,"q9_case2",1468,859692274,692274,20022751232,24,0.016595,3.788587,0.009016
1,1,9,"q9_case2",1469,860273599,273599,20046581760,24,0.016787,18.444505,0.009599
1,1,9,"q9_case2",1470,860861890,799390,20048023552,24,0.017063,3.211214,0.009680
1,1,9,"q9_case2",1471,861445410,445410,20070375424,24,0.017799,22.331689,0.008661
1,1,9,"q9_case2",1472,862028944,466444,20083838976,24,0.016701,11.276479,0.009434
1,1,9,"q9_case2",1473,862616166,616166,20094087168,24,0.016823,10.286729,0.008772
1,1,9,"q9_case2",1474,863203866,266366,20115812352,24,0.016661,24.779525,0.008600
1,1,9,"q9_case2",1475,863786870,786870,20117327872,24,0.016476,2.686976,0.008465
1,1,9,"q9_case2",1476,864369457,369457,20140744704,24,0.016115,17.154430,0.008536
1,1,9,"q9_case2",1477,864955780,580780,20149792768,24,0.016564,5.500536,0.008780
1,1,9,"q9_case2",1478,865539349,539349,20164661248,24,0.016564,13.024929,0.008775
1,1,9,"q9_case2",1479,866116320,303820,20184014848,24,0.017164,18.317088,0.008741
1,1,9,"q9_case2",1480,866700147,700147,20188356608,24,0.017035,6.933139,0.008480
1,1,9,"q9_case2",1481,867285477,285477,20211445760,24,0.016218,21.004899,0.008510
1,1,9,"q9_case2",1482,867841481,778981,20212867072,24,0.016544,3.990796,0.008712
1,1,9,"q9_case2",1483,868424451,424451,20234735616,24,0.017405,19.640983,0.008779
1,1,9,"q9_case2",1484,869008639,508639,20246495232,24,0.016375,13.231565,0.008737
1,1,9,"q9_case2",1485,869593474,593474,20258332672,24,0.016441,11.906144,0.008610
1,1,9,"q9_case2",1486,870175694,238194,20280422400,24,0.016995,16.439139,0.008634
1,1,9,"q9_case2",1487,870761010,761010,20281745408,24,0.016723,2.671800,0.008618
1,1,9,"q9_case2",1488,871344718,344718,20305219584,24,0.017876,28.083600,0.008833
1,1,9,"q9_case2",1489,871904001,591501,20312367104,24,0.016612,3.997213,0.008753
1,1,9,"q9_case2",1490,872488710,488710,20328370176,24,0.016813,11.980167,0.008566
1,1,9,"q9_case2",1491,873072664,322664,20346044416,24,0.016341,17.323069,0.008695
1,1,9,"q9_case2",1492,873654618,654618,20352147456,24,0.016652,3.170264,0.008553
1,1,9,"q9_case2",1493,874211954,274454,20374224896,24,0.018200,18.351430,0.008733
1,1,9,"q9_case2",1494,874796822,796822,20375552000,24,0.016514,2.770523,0.009886
1,1,9,"q9_case2",1495,875380976,380976,20398968832,24,0.016978,14.674415,0.008748
1,1,9,"q9_case2",1496,875966730,591730,20408082432,24,0.016543,5.171812,0.008726
1,1,9,"q9_case2",1497,876550746,550746,20422901760,24,0.016577,16.606849,0.009845
1,1,9,"q9_case2",1498,877136235,261235,20443045888,24,0.016541,22.155418,0.009004
1,1,9,"q9_case2",1499,877723691,723691,20445761536,24,0.016950,4.820772,0.008604
1,1,9,"q9_case2",1500,878308688,308688,20468924416,24,0.016950,16.568064,0.008975
1,1,9,"q9_case2",1501,878893273,768273,20471685120,24,0.016691,4.897673,0.008659
1,1,9,"q9_case2",1502,879477712,477712,20492210176,24,0.016626,25.000000,0.008817
1,1,9,"q9_case2",1503,880063280,313280,20509302784,24,0.016429,13.965160,0.008638
1,1,9,"q9_case2",1504,880650072,650072,20515151872,24,0.016479,4.656100,0.009836
1,1,9,"q9_case2",1505,881234834,297334,20536963072,24,0.017863,20.468755,0.008640
1,1,9,"q9_case2",1506,881820085,757585,20540047360,24,0.017154,3.762546,0.010233
1,1,9,"q9_case2",1507,882405908,405908,20561735680,24,0.017496,13.194289,0.008620
1,1,9,"q9_case2",1508,882988610,551110,20571631616,24,0.016521,11.406615,0.009116
1,1,9,"q9_case2",1509,883573782,573782,20585226240,24,0.016658,11.692661,0.008569
1,1,9,"q9_case2",1510,884154211,216711,20607234048,24,0.016390,23.189605,0.008666
1,1,9,"q9_case2",1511,884740919,740919,20608688128,24,0.016252,3.537908,0.008519
1,1,9,"q9_case2",1512,885326122,326122,20632170496,24,0.017209,17.398676,0.008385
1,1,9,"q9_case2",1513,885882526,820026,20633563136,24,0.018429,3.336057,0.008810
1,1,9,"q9_case2",1514,886466852,466852,20655435776,24,0.016438,27.193076,0.008673
1,1,9,"q9_case2",1515,887054162,304162,20672479232,24,0.016458,19.634216,0.009815
1,1,9,"q9_case2",1516,887639877,639877,20677894144,24,0.016370,4.304105,0.008644
1,1,9,"q9_case2",1517,888226277,288777,20700278784,24,0.016380,11.194626,0.008845
1,1,9,"q9_case2",1518,888813265,750765,20703047680,24,0.017141,4.259174,0.008856
1,1,9,"q9_case2",1519,889401059,401059,20724994048,24,0.016864,28.026280,0.008511
1,1,9,"q9_case2",1520,889988561,551061,20735098880,24,0.016519,6.504075,0.008836
1,1,9,"q9_case2",1521,890574768,574768,20748251136,24,0.016560,10.080261,0.008748
1,1,9,"q9_case2",1522,891162100,287100,20768649216,24,0.017476,19.792846,0.009080
1,1,9,"q9_case2",1523,891750426,750426,20771532800,24,0.016452,3.525570,0.010060
1,1,9,"q9_case2",1524,892338607,338607,20794900480,24,0.016798,17.348013,0.008777
1,1,9,"q9_case2",1525,892926861,614361,20802625536,24,0.016667,13.561613,0.008707
1,1,9,"q9_case2",1526,893514992,514992,20818399232,24,0.016689,9.970550,0.008776
1,1,9,"q9_case2",1527,894102819,290319,20837154816,24,0.016906,17.413793,0.008807
1,1,9,"q9_case2",1528,894691277,691277,20841631744,24,0.016517,4.886416,0.008718
1,1,9,"q9_case2",1529,895279634,279634,20865064960,24,0.017751,17.297611,0.008887
1,1,9,"q9_case2",1530,895868399,805899,20866629632,24,0.016317,3.666014,0.011372
1,1,9,"q9_case2",1531,896457204,457204,20888227840,24,0.017973,14.479004,0.008839
1,1,9,"q9_case2",1532,897046029,358529,20904407040,24,0.016942,15.360837,0.008796
1,1,9,"q9_case2",1533,897634920,634920,20911616000,24,0.017230,10.965375,0.008898
1,1,9,"q9_case2",1534,898223719,286219,20933193728,24,0.016941,18.797237,0.009018
1,1,9,"q9_case2",1535,898812587,750087,20936101888,24,0.017004,4.785313,0.008887
1,1,9,"q9_case2",1536,899401266,401266,20957872128,24,0.016812,17.236180,0.008686
1,1,9,"q9_case2",1537,899990016,490016,20969574400,24,0.016427,12.982171,0.009540
1,1,9,"q9_case2",1538,900578841,578841,20981362688,24,0.017100,14.267185,0.010352
1,1,9,"q9_case2",1539,901167810,292810,21001383936,24,0.017323,16.587232,0.009044
1,1,9,"q9_case2",1540,901756591,756591,21004328960,24,0.016547,4.553395,0.009932
1,1,9,"q9_case2",1541,902344214,344214,21027586048,24,0.016479,20.668221,0.009023
1,1,9,"q9_case2",1542,902932316,557316,21036130304,24,0.017017,8.944425,0.011401
1,1,9,"q9_case2",1543,903516869,516869,21051035648,24,0.018903,12.346609,0.008850
1,1,9,"q9_case2",1544,904104262,291762,21069611008,24,0.016978,18.177039,0.008589
1,1,9,"q9_case2",1545,904673449,673449,21073932288,24,0.017132,5.897180,0.008655
1,1,9,"q9_case2",1546,905260244,260244,21097361408,24,0.017630,18.865311,0.009011
1,1,9,"q9_case2",1547,905847598,785098,21098885120,24,0.017411,6.608837,0.010085
1,1,9,"q9_case2",1548,906432894,432894,21121019904,24,0.017190,14.569250,0.008397
1,1,9,"q9_case2",1549,906990153,490153,21132595200,24,0.017039,18.633581,0.009131
1,1,9,"q9_case2",1550,907575831,575831,21144596480,24,0.016461,11.223574,0.008734
1,1,9,"q9_case2",1551,908163979,288979,21164769280,24,0.016681,18.408275,0.009002
1,1,9,"q9_case2",1552,908752375,752375,21167497216,24,0.016719,6.122210,0.008514
1,1,9,"q9_case2",1553,909340133,340133,21190434816,24,0.016742,16.981464,0.008746
1,1,9,"q9_case2",1554,909928422,615922,21197754368,24,0.016558,11.394791,0.008855
1,1,9,"q9_case2",1555,910516854,516854,21214011392,24,0.016648,13.162233,0.008939
1,1,9,"q9_case2",1556,911104882,354882,21231742976,24,0.016241,15.797143,0.008635
1,1,9,"q9_case2",1557,911693407,693407,21237497856,24,0.016542,5.746095,0.008857
1,1,9,"q9_case2",1558,912282209,282209,21261012992,24,0.016310,24.490568,0.008586
1,1,9,"q9_case2",1559,912870033,807533,21262458880,24,0.016580,4.931472,0.009602
1,1,9,"q9_case2",1560,913453997,453997,21284212736,24,0.016656,11.941398,0.008634
1,1,9,"q9_case2",1561,914042309,354809,21300334592,24,0.016475,17.486259,0.008411
1,1,9,"q9_case2",1562,914620088,620088,21307510784,24,0.017285,6.672295,0.008313
1,1,9,"q9_case2",1563,914621698,0,21321699328,24,0.016356,0.048715,13.334875
