case_index,total_cases,dim,case_name,depth,max_depth,expanded,layer_candidates,retained,best_total_dist,best_misplaced,best_max_dist,elapsed_sec
1,1,9,"q9_case2",1,4608,2304,2304,256,2116,509,8,0.154590
1,1,9,"q9_case2",2,4608,559740,557436,256,2114,508,8,0.253561
1,1,9,"q9_case2",3,4608,1143872,584132,256,2112,507,8,0.534014
1,1,9,"q9_case2",4,4608,1731634,587762,256,2110,506,8,0.605002
1,1,9,"q9_case2",5,4608,2319735,588101,256,2108,505,8,0.870147
1,1,9,"q9_case2",6,4608,2907761,588026,256,2106,504,8,0.940307
1,1,9,"q9_case2",7,4608,3495708,587947,256,2104,503,8,1.214661
1,1,9,"q9_case2",8,4608,4083556,587848,256,2102,502,8,1.493412
1,1,9,"q9_case2",9,4608,4671268,587712,256,2100,501,8,1.560062
1,1,9,"q9_case2",10,4608,5258970,587702,256,2098,500,8,1.825762
1,1,9,"q9_case2",11,4608,5846531,587561,256,2096,499,8,1.897328
1,1,9,"q9_case2",12,4608,6434052,587521,256,2094,498,8,2.168548
1,1,9,"q9_case2",13,4608,7020809,586757,256,2092,498,8,2.450880
1,1,9,"q9_case2",14,4608,7602979,582170,256,2090,498,8,2.573788
1,1,9,"q9_case2",15,4608,8190358,587379,256,2088,497,8,2.845832
1,1,9,"q9_case2",16,4608,8779239,588881,256,2086,497,8,2.921291
1,1,9,"q9_case2",17,4608,9363775,584536,256,2084,496,8,3.246551
1,1,9,"q9_case2",18,4608,9952266,588491,256,2082,496,8,3.323280
1,1,9,"q9_case2",19,4608,10536483,584217,256,2080,495,8,3.633990
1,1,9,"q9_case2",20,4608,11124820,588337,256,2078,495,8,3.944240
1,1,9,"q9_case2",21,4608,11709275,584455,256,2076,495,8,4.023575
1,1,9,"q9_case2",22,4608,12297552,588277,256,2074,494,8,4.361657
1,1,9,"q9_case2",23,4608,12886544,588992,256,2072,494,8,4.441774
1,1,9,"q9_case2",24,4608,13474565,588021,256,2070,494,8,4.851063
1,1,9,"q9_case2",25,4608,14063271,588706,256,2068,493,8,5.354463
1,1,9,"q9_case2",26,4608,14652309,589038,256,2066,493,8,5.421379
1,1,9,"q9_case2",27,4608,15240158,587849,256,2064,493,8,6.016450
1,1,9,"q9_case2",28,4608,15828881,588723,256,2062,492,8,6.093985
1,1,9,"q9_case2",29,4608,16417898,589017,256,2060,492,8,6.787112
1,1,9,"q9_case2",30,4608,16999507,581609,256,2058,492,8,7.426213
1,1,9,"q9_case2",31,4608,17587553,588046,256,2056,492,8,8.030677
1,1,9,"q9_case2",32,4608,18176331,588778,256,2054,491,8,8.880552
1,1,9,"q9_case2",33,4608,18765225,588894,256,2052,491,8,8.960394
1,1,9,"q9_case2",34,4608,19322421,557196,256,2050,490,8,9.925831
1,1,9,"q9_case2",35,4608,19909130,586709,256,2048,490,8,10.002292
1,1,9,"q9_case2",36,4608,20494721,585591,256,2046,490,8,10.990028
1,1,9,"q9_case2",37,4608,21083151,588430,256,2044,489,8,12.020970
1,1,9,"q9_case2",38,4608,21672258,589107,256,2042,489,8,12.100102
1,1,9,"q9_case2",39,4608,22231458,559200,256,2040,488,8,13.188150
1,1,9,"q9_case2",40,4608,22819124,587666,256,2038,487,8,13.270012
1,1,9,"q9_case2",41,4608,23404693,585569,256,2036,486,8,14.372621
1,1,9,"q9_case2",42,4608,23977929,573236,256,2034,486,8,14.932791
1,1,9,"q9_case2",43,4608,24534880,556951,256,2032,485,8,16.094781
1,1,9,"q9_case2",44,4608,25121119,586239,256,2030,485,8,17.348555
1,1,9,"q9_case2",45,4608,25706148,585029,256,2028,485,8,17.426170
1,1,9,"q9_case2",46,4608,26294419,588271,256,2026,485,8,18.677483
1,1,9,"q9_case2",47,4608,26883419,589000,256,2024,484,8,18.752363
1,1,9,"q9_case2",48,4608,27472615,589196,256,2022,484,8,20.011471
1,1,9,"q9_case2",49,4608,28057601,584986,256,2020,483,8,21.350324
1,1,9,"q9_case2",50,4608,28646065,588464,256,2018,483,8,21.435600
1,1,9,"q9_case2",51,4608,29233379,587314,256,2016,483,8,22.775443
1,1,9,"q9_case2",52,4608,29821921,588542,256,2014,483,8,22.851242
1,1,9,"q9_case2",53,4608,30410932,589011,256,2012,483,8,24.200672
1,1,9,"q9_case2",54,4608,30999955,589023,256,2010,483,8,25.351189
1,1,9,"q9_case2",55,4608,31588923,588968,256,2008,483,8,26.303085
1,1,9,"q9_case2",56,4608,32177858,588935,256,2006,483,8,27.716450
1,1,9,"q9_case2",57,4608,32766826,588968,256,2004,483,8,27.795295
1,1,9,"q9_case2",58,4608,33355807,588981,256,2002,482,8,29.228447
1,1,9,"q9_case2",59,4608,33944713,588906,256,2000,482,8,29.301682
1,1,9,"q9_case2",60,4608,34533171,588458,256,1998,482,8,30.770941
1,1,9,"q9_case2",61,4608,35122013,588842,256,1996,482,8,32.226169
1,1,9,"q9_case2",62,4608,35711015,589002,256,1994,482,8,32.303332
1,1,9,"q9_case2",63,4608,36300067,589052,256,1992,482,8,33.816743
1,1,9,"q9_case2",64,4608,36889184,589117,256,1990,481,8,33.893007
1,1,9,"q9_case2",65,4608,37478235,589051,256,1988,481,8,35.375966
1,1,9,"q9_case2",66,4608,38066862,588627,256,1986,481,8,36.873403
1,1,9,"q9_case2",67,4608,38655674,588812,256,1984,481,8,36.941779
1,1,9,"q9_case2",68,4608,39244737,589063,256,1982,481,8,38.462056
1,1,9,"q9_case2",69,4608,39833905,589168,256,1980,480,8,38.540747
1,1,9,"q9_case2",70,4608,40423142,589237,256,1978,480,8,40.027543
1,1,9,"q9_case2",71,4608,41011100,587958,256,1976,480,8,41.321572
1,1,9,"q9_case2",72,4608,41600096,588996,256,1974,480,8,42.375037
1,1,9,"q9_case2",73,4608,42189252,589156,256,1972,480,8,44.131230
1,1,9,"q9_case2",74,4608,42778350,589098,256,1970,480,8,44.211306
1,1,9,"q9_case2",75,4608,43367361,589011,256,1968,480,8,45.928354
1,1,9,"q9_case2",76,4608,43956343,588982,256,1966,480,8,46.835838
1,1,9,"q9_case2",77,4608,44545425,589082,256,1964,480,8,48.387457
1,1,9,"q9_case2",78,4608,45134623,589198,256,1962,480,8,50.017846
1,1,9,"q9_case2",79,4608,45723794,589171,256,1960,479,8,50.099708
1,1,9,"q9_case2",80,4608,46312881,589087,256,1958,479,7,51.757297
1,1,9,"q9_case2",81,4608,46873992,561111,256,1956,479,7,51.827642
1,1,9,"q9_case2",82,4608,47452876,578884,256,1954,479,7,53.453250
1,1,9,"q9_case2",83,4608,48040754,587878,256,1952,478,7,54.976748
1,1,9,"q9_case2",84,4608,48629683,588929,256,1950,478,7,55.767242
1,1,9,"q9_case2",85,4608,49213806,584123,256,1948,478,7,57.411294
1,1,9,"q9_case2",86,4608,49802093,588287,256,1946,478,7,57.486350
1,1,9,"q9_case2",87,4608,50391072,588979,256,1944,478,7,59.145327
1,1,9,"q9_case2",88,4608,50980195,589123,256,1942,478,7,60.263462
1,1,9,"q9_case2",89,4608,51569186,588991,256,1940,478,7,61.696540
1,1,9,"q9_case2",90,4608,52158113,588927,256,1938,478,7,63.337241
1,1,9,"q9_case2",91,4608,52747060,588947,256,1936,478,7,63.419150
1,1,9,"q9_case2",92,4608,53336037,588977,256,1934,478,7,65.105124
1,1,9,"q9_case2",93,4608,53924950,588913,256,1932,478,7,65.906837
1,1,9,"q9_case2",94,4608,54513703,588753,256,1930,478,7,67.531814
1,1,9,"q9_case2",95,4608,55102266,588563,256,1928,478,7,69.168389
1,1,9,"q9_case2",96,4608,55690810,588544,256,1926,478,7,69.230895
1,1,9,"q9_case2",97,4608,56279266,588456,256,1924,478,7,70.903265
1,1,9,"q9_case2",98,4608,56867869,588603,256,1922,478,7,70.970246
1,1,9,"q9_case2",99,4608,57456624,588755,256,1920,478,7,72.623768
1,1,9,"q9_case2",100,4608,58045544,588920,256,1918,478,7,74.199652
1,1,9,"q9_case2",101,4608,58634321,588777,256,1916,478,7,74.947717
1,1,9,"q9_case2",102,4608,59222869,588548,256,1914,478,7,76.635620
1,1,9,"q9_case2",103,4608,59811891,589022,256,1912,478,7,76.706073
1,1,9,"q9_case2",104,4608,60400631,588740,256,1910,478,7,78.452252
1,1,9,"q9_case2",105,4608,60989381,588750,256,1908,478,7,79.739210
1,1,9,"q9_case2",106,4608,61578185,588804,256,1906,478,7,81.240194
1,1,9,"q9_case2",107,4608,62167113,588928,256,1904,477,7,82.981510
1,1,9,"q9_case2",108,4608,62756117,589004,256,1902,477,7,83.054845
1,1,9,"q9_case2",109,4608,63345058,588941,256,1900,476,7,84.761906
1,1,9,"q9_case2",110,4608,63933826,588768,256,1898,476,7,85.379610
1,1,9,"q9_case2",111,4608,64521773,587947,256,1896,476,7,87.057178
1,1,9,"q9_case2",112,4608,65110433,588660,256,1894,476,7,88.771172
1,1,9,"q9_case2",113,4608,65699286,588853,256,1892,476,7,88.838784
1,1,9,"q9_case2",114,4608,66288002,588716,256,1890,476,7,90.570164
1,1,9,"q9_case2",115,4608,66876655,588653,256,1888,476,7,90.642866
1,1,9,"q9_case2",116,4608,67465317,588662,256,1886,476,7,92.414808
1,1,9,"q9_case2",117,4608,68053832,588515,256,1884,476,7,94.053294
1,1,9,"q9_case2",118,4608,68642393,588561,256,1882,476,7,94.834800
1,1,9,"q9_case2",119,4608,69230859,588466,256,1880,476,7,96.642589
1,1,9,"q9_case2",120,4608,69819198,588339,256,1878,476,7,96.803919
1,1,9,"q9_case2",121,4608,70407725,588527,256,1876,476,7,98.791327
1,1,9,"q9_case2",122,4608,70996327,588602,256,1874,476,7,100.042043
1,1,9,"q9_case2",123,4608,71584790,588463,256,1872,475,7,101.537682
1,1,9,"q9_case2",124,4608,72173567,588777,256,1870,475,7,103.508049
1,1,9,"q9_case2",125,4608,72761728,588161,256,1868,474,7,103.581127
1,1,9,"q9_case2",126,4608,73350689,588961,256,1866,474,7,105.443708
1,1,9,"q9_case2",127,4608,73938520,587831,256,1864,474,7,106.158701
1,1,9,"q9_case2",128,4608,74527447,588927,256,1862,473,7,107.954429
1,1,9,"q9_case2",129,4608,75116305,588858,256,1860,473,7,109.928565
1,1,9,"q9_case2",130,4608,75704202,587897,256,1858,473,7,110.194510
1,1,9,"q9_case2",131,4608,76292986,588784,256,1856,472,7,112.061122
1,1,9,"q9_case2",132,4608,76881802,588816,256,1854,472,7,112.130246
1,1,9,"q9_case2",133,4608,77468642,586840,256,1852,471,7,113.956777
1,1,9,"q9_case2",134,4608,78057417,588775,256,1850,471,7,115.692802
1,1,9,"q9_case2",135,4608,78644229,586812,256,1848,471,7,116.388036
1,1,9,"q9_case2",136,4608,79232831,588602,256,1846,471,7,118.246673
1,1,9,"q9_case2",137,4608,79821853,589022,256,1844,471,7,118.337223
1,1,9,"q9_case2",138,4608,80410849,588996,256,1842,471,7,120.199449
1,1,9,"q9_case2",139,4608,80999840,588991,256,1840,471,7,121.602976
1,1,9,"q9_case2",140,4608,81588819,588979,256,1838,471,7,122.986010
1,1,9,"q9_case2",141,4608,82177807,588988,256,1836,471,7,124.816418
1,1,9,"q9_case2",142,4608,82766747,588940,256,1834,471,7,124.904877
1,1,9,"q9_case2",143,4608,83355661,588914,256,1832,471,7,126.731169
1,1,9,"q9_case2",144,4608,83944480,588819,256,1830,471,7,127.544989
1,1,9,"q9_case2",145,4608,84533200,588720,256,1828,471,7,129.179809
1,1,9,"q9_case2",146,4608,85121855,588655,256,1826,471,7,131.024793
1,1,9,"q9_case2",147,4608,85710579,588724,256,1824,471,7,131.225664
1,1,9,"q9_case2",148,4608,86299601,589022,256,1822,470,7,133.061477
1,1,9,"q9_case2",149,4608,86888435,588834,256,1820,470,7,133.251949
1,1,9,"q9_case2",150,4608,87476418,587983,256,1818,470,7,135.173614
1,1,9,"q9_case2",151,4608,88065252,588834,256,1816,470,7,137.503937
1,1,9,"q9_case2",152,4608,88654287,589035,256,1814,470,7,138.030696
1,1,9,"q9_case2",153,4608,89243307,589020,256,1812,470,7,140.320836
1,1,9,"q9_case2",154,4608,89832230,588923,256,1810,470,7,140.610306
1,1,9,"q9_case2",155,4608,90421105,588875,256,1808,470,7,142.568328
1,1,9,"q9_case2",156,4608,91009953,588848,256,1806,470,7,144.709812
1,1,9,"q9_case2",157,4608,91598727,588774,256,1804,470,7,146.169157
1,1,9,"q9_case2",158,4608,92187444,588717,256,1802,470,7,148.107082
1,1,9,"q9_case2",159,4608,92776339,588895,256,1800,470,7,148.611791
1,1,9,"q9_case2",160,4608,93365127,588788,256,1798,470,7,150.526866
1,1,9,"q9_case2",161,4608,93953877,588750,256,1796,469,7,152.082017
1,1,9,"q9_case2",162,4608,94542735,588858,256,1794,469,7,153.907387
1,1,9,"q9_case2",163,4608,95103545,560810,256,1792,468,7,156.215839
1,1,9,"q9_case2",164,4608,95691724,588179,256,1790,468,7,156.630956
1,1,9,"q9_case2",165,4608,96278303,586579,256,1788,468,7,158.888205
1,1,9,"q9_case2",166,4608,96866631,588328,256,1786,468,7,159.288748
1,1,9,"q9_case2",167,4608,97455468,588837,256,1784,468,7,161.774162
1,1,9,"q9_case2",168,4608,98044229,588761,256,1782,468,7,163.931312
1,1,9,"q9_case2",169,4608,98632856,588627,256,1780,468,7,165.028168
1,1,9,"q9_case2",170,4608,99221380,588524,256,1778,468,7,167.006342
1,1,9,"q9_case2",171,4608,99809911,588531,256,1776,468,7,167.496463
1,1,9,"q9_case2",172,4608,100398555,588644,256,1774,468,7,169.692171
1,1,9,"q9_case2",173,4608,100987053,588498,256,1772,468,7,171.870032
1,1,9,"q9_case2",174,4608,101575668,588615,256,1770,468,7,173.519114
1,1,9,"q9_case2",175,4608,102164118,588450,256,1768,467,7,175.720368
1,1,9,"q9_case2",176,4608,102752586,588468,256,1766,467,7,176.271917
1,1,9,"q9_case2",177,4608,103338822,586236,256,1764,466,7,178.597220
1,1,9,"q9_case2",178,4608,103926972,588150,256,1762,466,7,179.116313
1,1,9,"q9_case2",179,4608,104513222,586250,256,1760,466,7,181.209277
1,1,9,"q9_case2",180,4608,105101302,588080,256,1758,466,7,184.517366
1,1,9,"q9_case2",181,4608,105689810,588508,256,1756,465,7,185.024608
1,1,9,"q9_case2",182,4608,106278128,588318,256,1754,465,7,187.196466
1,1,9,"q9_case2",183,4608,106864328,586200,256,1752,465,7,187.634298
1,1,9,"q9_case2",184,4608,107452333,588005,256,1750,465,7,189.591274
1,1,9,"q9_case2",185,4608,108040649,588316,256,1748,465,7,191.712836
1,1,9,"q9_case2",186,4608,108628826,588177,256,1746,465,7,193.216910
1,1,9,"q9_case2",187,4608,109216838,588012,256,1744,465,7,195.220189
1,1,9,"q9_case2",188,4608,109804831,587993,256,1742,465,7,195.842191
1,1,9,"q9_case2",189,4608,110392756,587925,256,1740,465,7,198.135587
1,1,9,"q9_case2",190,4608,110980563,587807,256,1738,464,7,200.403359
1,1,9,"q9_case2",191,4608,111568426,587863,256,1736,464,7,202.074529
1,1,9,"q9_case2",192,4608,112149461,581035,256,1734,463,7,204.381751
1,1,9,"q9_case2",193,4608,112737536,588075,256,1732,463,7,204.679199
1,1,9,"q9_case2",194,4608,113325299,587763,256,1730,463,7,207.289155
1,1,9,"q9_case2",195,4608,113913960,588661,256,1728,463,7,207.959159
1,1,9,"q9_case2",196,4608,114502808,588848,256,1726,463,7,210.450692
1,1,9,"q9_case2",197,4608,115091521,588713,256,1724,463,7,213.133232
1,1,9,"q9_case2",198,4608,115680394,588873,256,1722,463,7,214.350783
1,1,9,"q9_case2",199,4608,116269175,588781,256,1720,463,7,216.407119
1,1,9,"q9_case2",200,4608,116857975,588800,256,1718,463,7,217.423793
1,1,9,"q9_case2",201,4608,117446922,588947,256,1716,462,7,219.736954
1,1,9,"q9_case2",202,4608,118036000,589078,256,1714,462,7,222.456297
1,1,9,"q9_case2",203,4608,118624340,588340,256,1712,461,7,224.037044
1,1,9,"q9_case2",204,4608,119213217,588877,256,1710,461,7,226.059473
1,1,9,"q9_case2",205,4608,119798680,585463,256,1708,460,7,226.571807
1,1,9,"q9_case2",206,4608,120387387,588707,256,1706,460,7,229.302283
1,1,9,"q9_case2",207,4608,120975285,587898,256,1704,459,7,231.249539
1,1,9,"q9_case2",208,4608,121563894,588609,256,1702,459,7,232.945505
1,1,9,"q9_case2",209,4608,122151618,587724,256,1700,458,7,235.469119
1,1,9,"q9_case2",210,4608,122739975,588357,256,1698,458,7,236.142521
1,1,9,"q9_case2",211,4608,123323022,583047,256,1696,457,7,238.739475
1,1,9,"q9_case2",212,4608,123911311,588289,256,1694,457,7,239.282598
1,1,9,"q9_case2",213,4608,124492859,581548,256,1692,456,7,241.547461
1,1,9,"q9_case2",214,4608,125080946,588087,256,1690,456,7,244.347087
1,1,9,"q9_case2",215,4608,125665126,584180,256,1688,456,7,245.571366
1,1,9,"q9_case2",216,4608,126253235,588109,256,1686,455,7,248.420457
1,1,9,"q9_case2",217,4608,126841957,588722,256,1684,455,7,248.999439
1,1,9,"q9_case2",218,4608,127428601,586644,256,1682,455,7,251.534007
1,1,9,"q9_case2",219,4608,128016919,588318,256,1680,454,7,254.024470
1,1,9,"q9_case2",220,4608,128605561,588642,256,1678,454,7,255.825428
1,1,9,"q9_case2",221,4608,129189353,583792,256,1676,454,7,258.102333
1,1,9,"q9_case2",222,4608,129777414,588061,256,1674,454,7,258.822496
1,1,9,"q9_case2",223,4608,130366139,588725,256,1672,454,7,262.844082
1,1,9,"q9_case2",224,4608,130954758,588619,256,1670,454,7,265.019641
1,1,9,"q9_case2",225,4608,131543287,588529,256,1668,454,7,266.896682
1,1,9,"q9_case2",226,4608,132131710,588423,256,1666,454,7,271.145867
1,1,9,"q9_case2",227,4608,132720054,588344,256,1664,454,7,271.682954
1,1,9,"q9_case2",228,4608,133308389,588335,256,1662,454,7,274.978768
1,1,9,"q9_case2",229,4608,133896843,588454,256,1660,454,7,275.788654
1,1,9,"q9_case2",230,4608,134485223,588380,256,1658,454,7,277.982568
1,1,9,"q9_case2",231,4608,135073516,588293,256,1656,454,7,280.380613
1,1,9,"q9_case2",232,4608,135661750,588234,256,1654,454,7,281.889400
1,1,9,"q9_case2",233,4608,136249961,588211,256,1652,454,7,285.587285
1,1,9,"q9_case2",234,4608,136838355,588394,256,1650,454,7,286.462063
1,1,9,"q9_case2",235,4608,137426871,588516,256,1648,453,7,288.946535
1,1,9,"q9_case2",236,4608,138015224,588353,256,1646,453,7,291.173077
1,1,9,"q9_case2",237,4608,138603484,588260,256,1644,453,7,293.009418
1,1,9,"q9_case2",238,4608,139192297,588813,256,1642,452,7,295.675450
1,1,9,"q9_case2",239,4608,139781224,588927,256,1640,451,7,296.362559
1,1,9,"q9_case2",240,4608,140367349,586125,256,1638,450,7,299.415315
1,1,9,"q9_case2",241,4608,140953526,586177,256,1636,450,7,301.308294
1,1,9,"q9_case2",242,4608,141539694,586168,256,1634,449,7,303.395672
1,1,9,"q9_case2",243,4608,142127894,588200,256,1632,449,7,306.181326
1,1,9,"q9_case2",244,4608,142701112,573218,256,1630,448,7,307.328167
1,1,9,"q9_case2",245,4608,143288350,587238,256,1628,448,7,311.354367
1,1,9,"q9_case2",246,4608,143873824,585474,256,1626,447,7,312.183547
1,1,9,"q9_case2",247,4608,144462036,588212,256,1624,447,7,315.089099
1,1,9,"q9_case2",248,4608,145036235,574199,256,1622,446,7,317.553361
1,1,9,"q9_case2",249,4608,145623947,587712,256,1620,446,7,319.097349
1,1,9,"q9_case2",250,4608,146208055,584108,256,1618,446,7,321.417270
1,1,9,"q9_case2",251,4608,146796220,588165,256,1616,445,7,322.202109
1,1,9,"q9_case2",252,4608,147385044,588824,256,1614,444,7,325.195457
1,1,9,"q9_case2",253,4608,147971836,586792,256,1612,444,7,327.495301
1,1,9,"q9_case2",254,4608,148555754,583918,256,1610,443,7,329.409544
1,1,9,"q9_case2",255,4608,149144028,588274,256,1608,442,7,332.390638
1,1,9,"q9_case2",256,4608,149730818,586790,256,1606,442,7,333.160432
1,1,9,"q9_case2",257,4608,150314484,583666,256,1604,441,7,335.873265
1,1,9,"q9_case2",258,4608,150902338,587854,256,1602,441,7,336.334661
1,1,9,"q9_case2",259,4608,151484142,581804,256,1600,441,7,339.605106
1,1,9,"q9_case2",260,4608,152072176,588034,256,1598,440,7,344.282062
1,1,9,"q9_case2",261,4608,152661006,588830,256,1596,440,7,345.400282
1,1,9,"q9_case2",262,4608,153246278,585272,256,1594,440,7,348.057815
1,1,9,"q9_case2",263,4608,153834478,588200,256,1592,440,7,348.891109
1,1,9,"q9_case2",264,4608,154423238,588760,256,1590,439,7,352.145682
1,1,9,"q9_case2",265,4608,155012011,588773,256,1588,439,7,355.363561
1,1,9,"q9_case2",266,4608,155597265,585254,256,1586,439,7,357.069450
1,1,9,"q9_case2",267,4608,156185532,588267,256,1584,438,7,360.260330
1,1,9,"q9_case2",268,4608,156774382,588850,256,1582,438,7,361.097755
1,1,9,"q9_case2",269,4608,157359637,585255,256,1580,438,7,364.524332
1,1,9,"q9_case2",270,4608,157947963,588326,256,1578,437,7,366.339028
1,1,9,"q9_case2",271,4608,158536769,588806,256,1576,437,7,368.557045
1,1,9,"q9_case2",272,4608,159109697,572928,256,1574,436,7,372.124789
1,1,9,"q9_case2",273,4608,159697163,587466,256,1572,436,7,374.002430
1,1,9,"q9_case2",274,4608,160281489,584326,256,1570,435,7,377.236441
1,1,9,"q9_case2",275,4608,160869669,588180,256,1568,435,7,377.653512
1,1,9,"q9_case2",276,4608,161443097,573428,256,1566,434,7,381.298369
1,1,9,"q9_case2",277,4608,162030651,587554,256,1564,434,7,384.085630
1,1,9,"q9_case2",278,4608,162614917,584266,256,1562,433,7,385.854800
1,1,9,"q9_case2",279,4608,163202995,588078,256,1560,433,7,389.454195
1,1,9,"q9_case2",280,4608,163776411,573416,256,1558,432,7,390.207439
1,1,9,"q9_case2",281,4608,164363874,587463,256,1556,432,7,394.841458
1,1,9,"q9_case2",282,4608,164945644,581770,256,1554,431,7,396.222474
1,1,9,"q9_case2",283,4608,165533529,587885,256,1552,431,7,398.439959
1,1,9,"q9_case2",284,4608,166107079,573550,256,1550,430,7,402.248370
1,1,9,"q9_case2",285,4608,166694584,587505,256,1548,430,7,403.354233
1,1,9,"q9_case2",286,4608,167268738,574154,256,1546,430,7,407.321852
1,1,9,"q9_case2",287,4608,167856367,587629,256,1544,429,7,407.829257
1,1,9,"q9_case2",288,4608,168445117,588750,256,1542,429,7,411.963920
1,1,9,"q9_case2",289,4608,169031731,586614,256,1540,428,7,414.660579
1,1,9,"q9_case2",290,4608,169620071,588340,256,1538,428,7,416.572139
1,1,9,"q9_case2",291,4608,170201201,581130,256,1536,428,7,419.662178
1,1,9,"q9_case2",292,4608,170788753,587552,256,1534,427,7,420.540497
1,1,9,"q9_case2",293,4608,171377360,588607,256,1532,427,7,424.811048
1,1,9,"q9_case2",294,4608,171958626,581266,256,1530,426,7,426.246956
1,1,9,"q9_case2",295,4608,172546450,587824,256,1528,426,7,429.409407
1,1,9,"q9_case2",296,4608,173127716,581266,256,1526,426,7,432.431166
1,1,9,"q9_case2",297,4608,173715224,587508,256,1524,426,7,433.771739
1,1,9,"q9_case2",298,4608,174303722,588498,256,1522,426,7,437.152807
1,1,9,"q9_case2",299,4608,174892349,588627,256,1520,426,7,438.552245
1,1,9,"q9_case2",300,4608,175480885,588536,256,1518,426,7,442.094912
1,1,9,"q9_case2",301,4608,176069240,588355,256,1516,426,7,445.633760
1,1,9,"q9_case2",302,4608,176657478,588238,256,1514,426,7,447.622507
1,1,9,"q9_case2",303,4608,177245638,588160,256,1512,426,7,450.779231
1,1,9,"q9_case2",304,4608,177833706,588068,256,1510,426,7,451.678489
1,1,9,"q9_case2",305,4608,178421811,588105,256,1508,425,7,455.399712
1,1,9,"q9_case2",306,4608,179009851,588040,256,1506,425,7,457.566227
1,1,9,"q9_case2",307,4608,179583023,573172,256,1504,424,7,459.343939
1,1,9,"q9_case2",308,4608,180170544,587521,256,1502,424,7,463.826761
1,1,9,"q9_case2",309,4608,180744958,574414,256,1500,423,7,464.618299
1,1,9,"q9_case2",310,4608,181332950,587992,256,1498,423,7,468.662601
1,1,9,"q9_case2",311,4608,181906856,573906,256,1496,422,7,469.993463
1,1,9,"q9_case2",312,4608,182494536,587680,256,1494,422,7,473.033688
1,1,9,"q9_case2",313,4608,183068434,573898,256,1492,421,7,475.685671
1,1,9,"q9_case2",314,4608,183656079,587645,256,1490,421,7,477.865452
1,1,9,"q9_case2",315,4608,184229977,573898,256,1488,421,7,481.631436
1,1,9,"q9_case2",316,4608,184817618,587641,256,1486,420,7,482.371808
1,1,9,"q9_case2",317,4608,185406379,588761,256,1484,420,7,486.084910
1,1,9,"q9_case2",318,4608,185991903,585524,256,1482,419,7,488.063362
1,1,9,"q9_case2",319,4608,186580281,588378,256,1480,419,7,490.274070
1,1,9,"q9_case2",320,4608,187153933,573652,256,1478,419,7,493.310493
1,1,9,"q9_case2",321,4608,187741472,587539,256,1476,418,7,494.551606
1,1,9,"q9_case2",322,4608,188330114,588642,256,1474,418,7,499.596524
1,1,9,"q9_case2",323,4608,188911502,581388,256,1472,418,7,500.896018
1,1,9,"q9_case2",324,4608,189499437,587935,256,1470,417,7,505.456023
1,1,9,"q9_case2",325,4608,190088138,588701,256,1468,417,7,508.530577
1,1,9,"q9_case2",326,4608,190669412,581274,256,1466,416,7,510.041811
1,1,9,"q9_case2",327,4608,191257358,587946,256,1464,416,7,515.148626
1,1,9,"q9_case2",328,4608,191830752,573394,256,1462,416,7,515.865193
1,1,9,"q9_case2",329,4608,192418048,587296,256,1460,415,7,520.236835
1,1,9,"q9_case2",330,4608,193006657,588609,256,1458,415,7,522.817084
1,1,9,"q9_case2",331,4608,193591859,585202,256,1456,414,7,524.520257
1,1,9,"q9_case2",332,4608,194180012,588153,256,1454,414,7,528.166893
1,1,9,"q9_case2",333,4608,194753148,573136,256,1452,413,7,528.775507
1,1,9,"q9_case2",334,4608,195340464,587316,256,1450,413,7,533.424103
1,1,9,"q9_case2",335,4608,195914358,573894,256,1448,412,7,534.767323
1,1,9,"q9_case2",336,4608,196501964,587606,256,1446,412,7,538.295455
1,1,9,"q9_case2",337,4608,197075364,573400,256,1444,412,7,541.797217
1,1,9,"q9_case2",338,4608,197662711,587347,256,1442,411,7,543.435452
1,1,9,"q9_case2",339,4608,198251324,588613,256,1440,411,7,547.194423
1,1,9,"q9_case2",340,4608,198835278,583954,256,1438,411,7,547.692320
1,1,9,"q9_case2",341,4608,199423429,588151,256,1436,411,7,552.127134
1,1,9,"q9_case2",342,4608,200012120,588691,256,1434,411,7,554.884359
1,1,9,"q9_case2",343,4608,200600700,588580,256,1432,411,7,556.731316
1,1,9,"q9_case2",344,4608,201189163,588463,256,1430,411,7,561.635091
1,1,9,"q9_case2",345,4608,201777593,588430,256,1428,410,7,562.670049
1,1,9,"q9_case2",346,4608,202365943,588350,256,1426,410,7,567.142016
1,1,9,"q9_case2",347,4608,202951306,585363,256,1424,409,7,569.381506
1,1,9,"q9_case2",348,4608,203539668,588362,256,1422,409,7,572.172535
1,1,9,"q9_case2",349,4608,204126837,587169,256,1420,408,7,575.787274
1,1,9,"q9_case2",350,4608,204715063,588226,256,1418,408,7,577.134064
1,1,9,"q9_case2",351,4608,205302203,587140,256,1416,407,7,581.022226
1,1,9,"q9_case2",352,4608,205890466,588263,256,1414,407,7,582.143851
1,1,9,"q9_case2",353,4608,206477054,586588,256,1412,406,7,587.060260
1,1,9,"q9_case2",354,4608,207065245,588191,256,1410,406,7,590.755222
1,1,9,"q9_case2",355,4608,207646222,580977,256,1408,405,7,592.356950
1,1,9,"q9_case2",356,4608,208233925,587703,256,1406,405,7,596.375921
1,1,9,"q9_case2",357,4608,208815224,581299,256,1404,405,7,597.281604
1,1,9,"q9_case2",358,4608,209403016,587792,256,1402,404,7,601.944334
1,1,9,"q9_case2",359,4608,209991641,588625,256,1400,404,7,604.413097
1,1,9,"q9_case2",360,4608,210573223,581582,256,1398,404,7,606.700568
1,1,9,"q9_case2",361,4608,211161211,587988,256,1396,404,7,611.636355
1,1,9,"q9_case2",362,4608,211749777,588566,256,1394,403,7,612.469270
1,1,9,"q9_case2",363,4608,212338306,588529,256,1392,403,7,617.665567
1,1,9,"q9_case2",364,4608,212923322,585016,256,1390,403,7,619.089725
1,1,9,"q9_case2",365,4608,213511256,587934,256,1388,403,7,624.194240
1,1,9,"q9_case2",366,4608,214099704,588448,256,1386,402,7,628.525466
1,1,9,"q9_case2",367,4608,214688121,588417,256,1384,402,7,630.276266
1,1,9,"q9_case2",368,4608,215268911,580790,256,1382,402,7,634.466780
1,1,9,"q9_case2",369,4608,215856278,587367,256,1380,401,7,636.040930
1,1,9,"q9_case2",370,4608,216444534,588256,256,1378,401,7,639.615596
1,1,9,"q9_case2",371,4608,217025836,581302,256,1376,401,7,643.140792
1,1,9,"q9_case2",372,4608,217613592,587756,256,1374,401,7,645.013598
1,1,9,"q9_case2",373,4608,218201916,588324,256,1372,400,7,649.731771
1,1,9,"q9_case2",374,4608,218790291,588375,256,1370,400,7,650.206698
1,1,9,"q9_case2",375,4608,219371351,581060,256,1368,400,7,656.691929
1,1,9,"q9_case2",376,4608,219959024,587673,256,1366,400,7,659.002469
1,1,9,"q9_case2",377,4608,220547492,588468,256,1364,400,7,662.628471
1,1,9,"q9_case2",378,4608,221135995,588503,256,1362,400,7,667.126218
1,1,9,"q9_case2",379,4608,221724439,588444,256,1360,400,7,668.543048
1,1,9,"q9_case2",380,4608,222312806,588367,256,1358,400,7,673.140799
1,1,9,"q9_case2",381,4608,222901085,588279,256,1356,400,7,674.248540
1,1,9,"q9_case2",382,4608,223489212,588127,256,1354,400,7,681.267942
1,1,9,"q9_case2",383,4608,224077238,588026,256,1352,400,7,685.553220
1,1,9,"q9_case2",384,4608,224665070,587832,256,1350,400,7,687.108254
1,1,9,"q9_case2",385,4608,225252918,587848,256,1348,400,7,692.060495
1,1,9,"q9_case2",386,4608,225840520,587602,256,1346,400,7,693.297161
1,1,9,"q9_case2",387,4608,226427980,587460,256,1344,400,7,697.809389
1,1,9,"q9_case2",388,4608,227015583,587603,256,1342,400,7,700.573314
1,1,9,"q9_case2",389,4608,227603088,587505,256,1340,400,7,703.300988
1,1,9,"q9_case2",390,4608,228190512,587424,256,1338,399,7,709.380447
1,1,9,"q9_case2",391,4608,228778935,588423,256,1336,398,7,709.910570
1,1,9,"q9_case2",392,4608,229367188,588253,256,1334,398,7,714.022051
1,1,9,"q9_case2",393,4608,229953214,586026,256,1332,397,7,715.462121
1,1,9,"q9_case2",394,4608,230541434,588220,256,1330,396,7,720.236148
1,1,9,"q9_case2",395,4608,231129515,588081,256,1328,396,7,724.285602
1,1,9,"q9_case2",396,4608,231716483,586968,256,1326,396,7,725.616738
1,1,9,"q9_case2",397,4608,232304467,587984,256,1324,394,7,729.800792
1,1,9,"q9_case2",398,4608,232892820,588353,256,1322,394,7,731.452156
1,1,9,"q9_case2",399,4608,233480038,587218,256,1320,393,7,735.401763
1,1,9,"q9_case2",400,4608,234068029,587991,256,1318,393,7,740.100657
1,1,9,"q9_case2",401,4608,234652038,584009,256,1316,393,7,741.720014
1,1,9,"q9_case2",402,4608,235239904,587866,256,1314,392,7,747.403915
1,1,9,"q9_case2",403,4608,235828387,588483,256,1312,391,7,748.698359
1,1,9,"q9_case2",404,4608,236412521,584134,256,1310,391,7,753.074727
1,1,9,"q9_case2",405,4608,236970271,557750,256,1308,390,7,755.312481
1,1,9,"q9_case2",406,4608,237557385,587114,256,1306,390,7,759.128889
1,1,9,"q9_case2",407,4608,238144761,587376,256,1304,390,7,763.355927
1,1,9,"q9_case2",408,4608,238733168,588407,256,1302,390,7,764.751996
1,1,9,"q9_case2",409,4608,239321914,588746,256,1300,390,7,770.005056
1,1,9,"q9_case2",410,4608,239910605,588691,256,1298,390,7,771.371256
1,1,9,"q9_case2",411,4608,240499203,588598,256,1296,390,7,775.675066
1,1,9,"q9_case2",412,4608,241087682,588479,256,1294,390,7,779.850509
1,1,9,"q9_case2",413,4608,241676132,588450,256,1292,390,7,781.269513
1,1,9,"q9_case2",414,4608,242264515,588383,256,1290,390,7,786.510326
1,1,9,"q9_case2",415,4608,242852746,588231,256,1288,390,7,788.022163
1,1,9,"q9_case2",416,4608,243440913,588167,256,1286,390,7,792.235181
1,1,9,"q9_case2",417,4608,244029197,588284,256,1284,390,7,795.350262
1,1,9,"q9_case2",418,4608,244617553,588356,256,1282,390,7,797.513599
1,1,9,"q9_case2",419,4608,245205714,588161,256,1280,390,7,803.377809
1,1,9,"q9_case2",420,4608,245793739,588025,256,1278,389,7,804.030762
1,1,9,"q9_case2",421,4608,246382445,588706,256,1276,389,7,809.427650
1,1,9,"q9_case2",422,4608,246970759,588314,256,1274,389,7,812.267473
1,1,9,"q9_case2",423,4608,247559738,588979,256,1272,389,7,814.069614
1,1,9,"q9_case2",424,4608,248148572,588834,256,1270,389,7,820.007770
1,1,9,"q9_case2",425,4608,248737256,588684,256,1268,389,7,821.328116
1,1,9,"q9_case2",426,4608,249325975,588719,256,1266,389,7,825.942926
1,1,9,"q9_case2",427,4608,249914875,588900,256,1264,389,7,827.474210
1,1,9,"q9_case2",428,4608,250503818,588943,256,1262,389,7,833.253409
1,1,9,"q9_case2",429,4608,251092542,588724,256,1260,389,7,837.494503
1,1,9,"q9_case2",430,4608,251681149,588607,256,1258,389,7,839.542646
1,1,9,"q9_case2",431,4608,252270068,588919,256,1256,389,7,844.277087
1,1,9,"q9_case2",432,4608,252858934,588866,256,1254,389,7,845.383587
1,1,9,"q9_case2",433,4608,253447874,588940,256,1252,389,7,849.722837
1,1,9,"q9_case2",434,4608,254036935,589061,256,1250,389,7,852.903059
1,1,9,"q9_case2",435,4608,254625939,589004,256,1248,389,7,855.557536
1,1,9,"q9_case2",436,4608,255215074,589135,256,1246,389,7,861.097304
1,1,9,"q9_case2",437,4608,255804321,589247,256,1244,389,7,861.514914
1,1,9,"q9_case2",438,4608,256393473,589152,256,1242,389,7,866.502164
1,1,9,"q9_case2",439,4608,256982653,589180,256,1240,389,7,869.482835
1,1,9,"q9_case2",440,4608,257571878,589225,256,1238,389,7,871.672966
1,1,9,"q9_case2",441,4608,258161124,589246,256,1236,389,7,877.259290
1,1,9,"q9_case2",442,4608,258750266,589142,256,1234,387,7,878.539880
1,1,9,"q9_case2",443,4608,259339523,589257,256,1232,387,7,883.063742
1,1,9,"q9_case2",444,4608,259928239,588716,256,1230,386,7,884.642978
1,1,9,"q9_case2",445,4608,260517411,589172,256,1228,386,7,891.534108
1,1,9,"q9_case2",446,4608,261105749,588338,256,1226,386,7,896.767585
1,1,9,"q9_case2",447,4608,261694713,588964,256,1224,385,7,898.105427
1,1,9,"q9_case2",448,4608,262283755,589042,256,1222,385,7,904.128690
1,1,9,"q9_case2",449,4608,262872542,588787,256,1220,385,7,906.075995
1,1,9,"q9_case2",450,4608,263461617,589075,256,1218,384,7,910.632230
1,1,9,"q9_case2",451,4608,264050599,588982,256,1216,384,7,914.194414
1,1,9,"q9_case2",452,4608,264625587,574988,256,1214,383,7,916.295859
1,1,9,"q9_case2",453,4608,265214020,588433,256,1212,383,7,921.509813
1,1,9,"q9_case2",454,4608,265801447,587427,256,1210,382,7,922.112643
1,1,9,"q9_case2",455,4608,266390430,588983,256,1208,382,7,927.167597
1,1,9,"q9_case2",456,4608,266977851,587421,256,1206,381,7,930.192608
1,1,9,"q9_case2",457,4608,267566653,588802,256,1204,381,7,933.486127
1,1,9,"q9_case2",458,4608,268148878,582225,256,1202,380,7,938.704766
1,1,9,"q9_case2",459,4608,268737583,588705,256,1200,380,7,939.956245
1,1,9,"q9_case2",460,4608,269324610,587027,256,1198,379,7,945.021151
1,1,9,"q9_case2",461,4608,269913524,588914,256,1196,379,7,946.391097
1,1,9,"q9_case2",462,4608,270499280,585756,256,1194,379,7,951.546342
1,1,9,"q9_case2",463,4608,271088011,588731,256,1192,378,7,955.695174
1,1,9,"q9_case2",464,4608,271677319,589308,256,1190,378,7,957.392841
1,1,9,"q9_case2",465,4608,272263077,585758,256,1188,377,7,962.276576
1,1,9,"q9_case2",466,4608,272851986,588909,256,1186,377,7,963.711691
1,1,9,"q9_case2",467,4608,273434067,582081,256,1184,377,6,968.521973
1,1,9,"q9_case2",468,4608,274022974,588907,256,1182,377,6,971.907294
1,1,9,"q9_case2",469,4608,274611790,588816,256,1180,377,6,973.900859
1,1,9,"q9_case2",470,4608,275200734,588944,256,1178,377,6,979.310145
1,1,9,"q9_case2",471,4608,275789664,588930,256,1176,377,6,980.893413
1,1,9,"q9_case2",472,4608,276378502,588838,256,1174,377,6,985.803431
1,1,9,"q9_case2",473,4608,276967355,588853,256,1172,377,6,988.077445
1,1,9,"q9_case2",474,4608,277556134,588779,256,1170,377,6,990.641228
1,1,9,"q9_case2",475,4608,278145093,588959,256,1168,377,6,996.981492
1,1,9,"q9_case2",476,4608,278734177,589084,256,1166,377,6,998.612919
1,1,9,"q9_case2",477,4608,279323192,589015,256,1164,376,6,1004.408440
1,1,9,"q9_case2",478,4608,279912150,588958,256,1162,376,6,1005.527842
1,1,9,"q9_case2",479,4608,280500895,588745,256,1160,375,6,1009.963529
1,1,9,"q9_case2",480,4608,281089868,588973,256,1158,375,6,1013.806580
1,1,9,"q9_case2",481,4608,281678275,588407,256,1156,374,6,1015.443943
1,1,9,"q9_case2",482,4608,282266985,588710,256,1154,374,6,1020.941531
1,1,9,"q9_case2",483,4608,282853035,586050,256,1152,373,6,1023.153473
1,1,9,"q9_case2",484,4608,283441499,588464,256,1150,373,6,1027.478411
1,1,9,"q9_case2",485,4608,284026643,585144,256,1148,372,6,1030.234034
1,1,9,"q9_case2",486,4608,284615285,588642,256,1146,372,6,1032.438239
1,1,9,"q9_case2",487,4608,285201449,586164,256,1144,372,6,1038.119899
1,1,9,"q9_case2",488,4608,285789904,588455,256,1142,371,6,1039.571440
1,1,9,"q9_case2",489,4608,286378751,588847,256,1140,371,6,1046.867514
1,1,9,"q9_case2",490,4608,286966585,587834,256,1138,370,6,1049.446207
1,1,9,"q9_case2",491,4608,287555191,588606,256,1136,370,6,1052.467512
1,1,9,"q9_case2",492,4608,288142653,587462,256,1134,369,6,1058.616976
1,1,9,"q9_case2",493,4608,288731153,588500,256,1132,369,6,1059.588345
1,1,9,"q9_case2",494,4608,289316684,585531,256,1130,369,6,1066.689076
1,1,9,"q9_case2",495,4608,289905029,588345,256,1128,368,6,1067.974818
1,1,9,"q9_case2",496,4608,290493926,588897,256,1126,368,6,1073.680287
1,1,9,"q9_case2",497,4608,291082119,588193,256,1124,368,6,1079.040558
1,1,9,"q9_case2",498,4608,291670708,588589,256,1122,368,6,1080.325450
1,1,9,"q9_case2",499,4608,292259469,588761,256,1120,368,6,1088.046903
1,1,9,"q9_case2",500,4608,292848105,588636,256,1118,368,6,1089.454557
1,1,9,"q9_case2",501,4608,293436627,588522,256,1116,368,6,1093.995400
1,1,9,"q9_case2",502,4608,294025078,588451,256,1114,368,6,1097.807272
1,1,9,"q9_case2",503,4608,294613617,588539,256,1112,368,6,1099.565121
1,1,9,"q9_case2",504,4608,295202420,588803,256,1110,367,6,1106.075822
1,1,9,"q9_case2",505,4608,295791259,588839,256,1108,367,6,1107.255118
1,1,9,"q9_case2",506,4608,296379831,588572,256,1106,367,6,1112.725623
1,1,9,"q9_case2",507,4608,296968314,588483,256,1104,366,6,1114.721322
1,1,9,"q9_case2",508,4608,297556772,588458,256,1102,366,6,1118.074652
1,1,9,"q9_case2",509,4608,298139894,583122,256,1100,365,6,1124.349926
1,1,9,"q9_case2",510,4608,298728629,588735,256,1098,364,6,1125.411720
1,1,9,"q9_case2",511,4608,299316311,587682,256,1096,364,6,1130.759654
1,1,9,"q9_case2",512,4608,299891419,575108,256,1094,363,6,1132.258372
1,1,9,"q9_case2",513,4608,300479675,588256,256,1092,362,6,1137.470943
1,1,9,"q9_case2",514,4608,301067408,587733,256,1090,362,6,1142.931640
1,1,9,"q9_case2",515,4608,301638094,570686,256,1088,361,6,1144.600613
1,1,9,"q9_case2",516,4608,302226345,588251,256,1086,361,6,1150.701313
1,1,9,"q9_case2",517,4608,302814558,588213,256,1084,360,6,1152.042640
1,1,9,"q9_case2",518,4608,303403363,588805,256,1082,360,6,1157.259873
1,1,9,"q9_case2",519,4608,303991293,587930,256,1080,359,6,1159.853106
1,1,9,"q9_case2",520,4608,304579992,588699,256,1078,359,6,1162.570938
1,1,9,"q9_case2",521,4608,305151838,571846,256,1076,358,6,1168.321127
1,1,9,"q9_case2",522,4608,305740305,588467,256,1074,358,6,1169.518066
1,1,9,"q9_case2",523,4608,306328430,588125,256,1072,358,6,1175.198951
1,1,9,"q9_case2",524,4608,306917140,588710,256,1070,357,6,1176.238157
1,1,9,"q9_case2",525,4608,307506026,588886,256,1068,357,6,1182.630463
1,1,9,"q9_case2",526,4608,308094033,588007,256,1066,357,6,1187.550707
1,1,9,"q9_case2",527,4608,308682473,588440,256,1064,357,6,1189.107256
1,1,9,"q9_case2",528,4608,309271241,588768,256,1062,357,6,1195.391997
1,1,9,"q9_case2",529,4608,309859839,588598,256,1060,357,6,1196.541571
1,1,9,"q9_case2",530,4608,310448308,588469,256,1058,357,6,1202.800334
1,1,9,"q9_case2",531,4608,311036728,588420,256,1056,357,6,1207.716451
1,1,9,"q9_case2",532,4608,311625363,588635,256,1054,357,6,1209.723604
1,1,9,"q9_case2",533,4608,312214575,589212,256,1052,357,6,1217.530441
1,1,9,"q9_case2",534,4608,312803648,589073,256,1050,357,6,1219.607984
1,1,9,"q9_case2",535,4608,313392778,589130,256,1048,356,6,1226.484321
1,1,9,"q9_case2",536,4608,313981936,589158,256,1046,356,6,1229.163459
1,1,9,"q9_case2",537,4608,314569732,587796,256,1044,355,6,1231.440747
1,1,9,"q9_case2",538,4608,315158642,588910,256,1042,355,6,1238.110532
1,1,9,"q9_case2",539,4608,315746662,588020,256,1040,355,6,1239.539610
1,1,9,"q9_case2",540,4608,316335548,588886,256,1038,354,6,1245.888112
1,1,9,"q9_case2",541,4608,316924760,589212,256,1036,353,6,1247.402542
1,1,9,"q9_case2",542,4608,317512749,587989,256,1034,353,6,1254.131912
1,1,9,"q9_case2",543,4608,318100512,587763,256,1032,352,6,1261.787290
1,1,9,"q9_case2",544,4608,318689411,588899,256,1030,352,6,1263.172451
1,1,9,"q9_case2",545,4608,319276123,586712,256,1028,351,6,1268.474837
1,1,9,"q9_case2",546,4608,319864889,588766,256,1026,351,6,1269.981612
1,1,9,"q9_case2",547,4608,320451410,586521,256,1024,350,6,1276.846416
1,1,9,"q9_case2",548,4608,321039984,588574,256,1022,350,6,1280.860430
1,1,9,"q9_case2",549,4608,321626494,586510,256,1020,349,6,1282.429539
1,1,9,"q9_case2",550,4608,322215227,588733,256,1018,349,6,1288.376181
1,1,9,"q9_case2",551,4608,322801835,586608,256,1016,348,6,1289.663828
1,1,9,"q9_case2",552,4608,323390529,588694,256,1014,348,6,1296.153954
1,1,9,"q9_case2",553,4608,323972897,582368,256,1012,347,6,1298.522506
1,1,9,"q9_case2",554,4608,324561323,588426,256,1010,347,6,1301.279121
1,1,9,"q9_case2",555,4608,325147251,585928,256,1008,346,6,1309.318806
1,1,9,"q9_case2",556,4608,325735768,588517,256,1006,345,6,1311.106220
1,1,9,"q9_case2",557,4608,326322566,586798,256,1004,345,6,1316.578318
1,1,9,"q9_case2",558,4608,326904815,582249,256,1002,344,6,1318.434419
1,1,9,"q9_case2",559,4608,327493151,588336,256,1000,344,6,1324.691604
1,1,9,"q9_case2",560,4608,328079871,586720,256,998,343,6,1331.503824
1,1,9,"q9_case2",561,4608,328668377,588506,256,996,343,6,1332.886010
1,1,9,"q9_case2",562,4608,329255169,586792,256,994,342,6,1338.485107
1,1,9,"q9_case2",563,4608,329843624,588455,256,992,342,6,1340.617902
1,1,9,"q9_case2",564,4608,330425549,581925,256,990,341,6,1346.052161
1,1,9,"q9_case2",565,4608,331013717,588168,256,988,341,6,1352.190617
1,1,9,"q9_case2",566,4608,331592117,578400,256,986,340,6,1354.294328
1,1,9,"q9_case2",567,4608,332180162,588045,256,984,340,6,1361.300615
1,1,9,"q9_case2",568,4608,332768021,587859,256,982,339,6,1362.539089
1,1,9,"q9_case2",569,4608,333356610,588589,256,980,339,6,1369.436654
1,1,9,"q9_case2",570,4608,333935150,578540,256,978,338,6,1371.366344
1,1,9,"q9_case2",571,4608,334523350,588200,256,976,338,6,1377.923426
1,1,9,"q9_case2",572,4608,335110896,587546,256,974,338,6,1384.044428
1,1,9,"q9_case2",573,4608,335699534,588638,256,972,337,6,1385.428285
1,1,9,"q9_case2",574,4608,336288594,589060,256,970,337,6,1391.327026
1,1,9,"q9_case2",575,4608,336876059,587465,256,968,337,6,1392.458845
1,1,9,"q9_case2",576,4608,337464635,588576,256,966,337,6,1399.605088
1,1,9,"q9_case2",577,4608,338053574,588939,256,964,337,6,1404.723356
1,1,9,"q9_case2",578,4608,338642573,588999,256,962,337,6,1406.409744
1,1,9,"q9_case2",579,4608,339231445,588872,256,960,337,6,1413.499077
1,1,9,"q9_case2",580,4608,339820196,588751,256,958,337,6,1414.712235
1,1,9,"q9_case2",581,4608,340408860,588664,256,956,337,6,1420.813417
1,1,9,"q9_case2",582,4608,340997441,588581,256,954,336,6,1424.431729
1,1,9,"q9_case2",583,4608,341586035,588594,256,952,335,6,1427.483968
1,1,9,"q9_case2",584,4608,342173682,587647,256,950,335,6,1434.739643
1,1,9,"q9_case2",585,4608,342761564,587882,256,948,335,6,1436.405757
1,1,9,"q9_case2",586,4608,343350289,588725,256,946,335,6,1441.824099
1,1,9,"q9_case2",587,4608,343939143,588854,256,944,335,6,1443.792611
1,1,9,"q9_case2",588,4608,344527801,588658,256,942,335,6,1449.238733
1,1,9,"q9_case2",589,4608,345116381,588580,256,940,335,6,1455.875242
1,1,9,"q9_case2",590,4608,345704903,588522,256,938,335,6,1457.224789
1,1,9,"q9_case2",591,4608,346293327,588424,256,936,335,6,1463.256524
1,1,9,"q9_case2",592,4608,346882279,588952,256,934,335,6,1464.697550
1,1,9,"q9_case2",593,4608,347471022,588743,256,932,335,6,1470.292403
1,1,9,"q9_case2",594,4608,348059557,588535,256,930,335,6,1476.610295
1,1,9,"q9_case2",595,4608,348647887,588330,256,928,334,6,1477.991188
1,1,9,"q9_case2",596,4608,349236417,588530,256,926,333,6,1483.691879
1,1,9,"q9_case2",597,4608,349824556,588139,256,924,333,6,1485.315319
1,1,9,"q9_case2",598,4608,350412661,588105,256,922,332,6,1491.563837
1,1,9,"q9_case2",599,4608,351001002,588341,256,920,332,6,1495.406219
1,1,9,"q9_case2",600,4608,351575372,574370,256,918,331,6,1499.474716
1,1,9,"q9_case2",601,4608,352163332,587960,256,916,331,6,1506.105642
1,1,9,"q9_case2",602,4608,352751794,588462,256,914,331,6,1507.642890
1,1,9,"q9_case2",603,4608,353340809,589015,256,912,331,6,1515.566455
1,1,9,"q9_case2",604,4608,353929954,589145,256,910,331,6,1517.116935
1,1,9,"q9_case2",605,4608,354518926,588972,256,908,331,6,1523.574370
1,1,9,"q9_case2",606,4608,355107857,588931,256,906,331,6,1531.264251
1,1,9,"q9_case2",607,4608,355696942,589085,256,904,331,6,1532.511152
1,1,9,"q9_case2",608,4608,356286329,589387,256,902,330,6,1538.786252
1,1,9,"q9_case2",609,4608,356875674,589345,256,900,330,6,1540.414446
1,1,9,"q9_case2",610,4608,357464819,589145,256,898,330,6,1546.020710
1,1,9,"q9_case2",611,4608,358053839,589020,256,896,329,6,1551.911323
1,1,9,"q9_case2",612,4608,358642857,589018,256,894,329,6,1553.304898
1,1,9,"q9_case2",613,4608,359224485,581628,256,892,328,6,1559.072625
1,1,9,"q9_case2",614,4608,359812853,588368,256,890,328,6,1560.202275
1,1,9,"q9_case2",615,4608,360401059,588206,256,888,327,6,1567.088322
1,1,9,"q9_case2",616,4608,360989881,588822,256,886,327,6,1569.979483
1,1,9,"q9_case2",617,4608,361572865,582984,256,884,326,6,1573.248989
1,1,9,"q9_case2",618,4608,362161500,588635,256,882,326,6,1579.485243
1,1,9,"q9_case2",619,4608,362749695,588195,256,880,325,6,1580.872459
1,1,9,"q9_case2",620,4608,363338589,588894,256,878,325,6,1587.435745
1,1,9,"q9_case2",621,4608,363924266,585677,256,876,324,6,1589.028971
1,1,9,"q9_case2",622,4608,364512895,588629,256,874,324,6,1594.502307
1,1,9,"q9_case2",623,4608,365098901,586006,256,872,323,6,1600.468357
1,1,9,"q9_case2",624,4608,365687285,588384,256,870,322,6,1601.600472
1,1,9,"q9_case2",625,4608,366272398,585113,256,868,322,6,1608.321527
1,1,9,"q9_case2",626,4608,366857104,584706,256,866,321,6,1609.764431
1,1,9,"q9_case2",627,4608,367444632,587528,256,864,321,6,1616.290726
1,1,9,"q9_case2",628,4608,368031008,586376,256,862,321,6,1619.965641
1,1,9,"q9_case2",629,4608,368619408,588400,256,860,320,6,1621.963726
1,1,9,"q9_case2",630,4608,369208467,589059,256,858,320,6,1629.805723
1,1,9,"q9_case2",631,4608,369795067,586600,256,856,320,6,1631.135788
1,1,9,"q9_case2",632,4608,370383499,588432,256,854,320,6,1638.495575
1,1,9,"q9_case2",633,4608,370972558,589059,256,852,319,6,1641.083457
1,1,9,"q9_case2",634,4608,371561497,588939,256,850,319,6,1647.023690
1,1,9,"q9_case2",635,4608,372143065,581568,256,848,318,6,1653.020943
1,1,9,"q9_case2",636,4608,372731386,588321,256,846,318,6,1654.326761
1,1,9,"q9_case2",637,4608,373319588,588202,256,844,318,5,1663.878467
1,1,9,"q9_case2",638,4608,373908086,588498,256,842,318,5,1665.867835
1,1,9,"q9_case2",639,4608,374491970,583884,256,840,317,5,1671.422316
1,1,9,"q9_case2",640,4608,375078395,586425,256,838,317,5,1679.878461
1,1,9,"q9_case2",641,4608,375664853,586458,256,836,317,5,1681.599322
1,1,9,"q9_case2",642,4608,376253372,588519,256,834,317,5,1687.975140
1,1,9,"q9_case2",643,4608,376842344,588972,256,832,317,5,1689.699048
1,1,9,"q9_case2",644,4608,377431178,588834,256,830,317,5,1697.376641
1,1,9,"q9_case2",645,4608,378019878,588700,256,828,317,5,1700.872326
1,1,9,"q9_case2",646,4608,378608552,588674,256,826,317,5,1702.986854
1,1,9,"q9_case2",647,4608,379197164,588612,256,824,317,5,1710.376824
1,1,9,"q9_case2",648,4608,379785690,588526,256,822,317,5,1711.648001
1,1,9,"q9_case2",649,4608,380374229,588539,256,820,317,5,1719.486544
1,1,9,"q9_case2",650,4608,380962966,588737,256,818,317,5,1721.618404
1,1,9,"q9_case2",651,4608,381551679,588713,256,816,317,5,1727.853564
1,1,9,"q9_case2",652,4608,382140447,588768,256,814,317,5,1738.221513
1,1,9,"q9_case2",653,4608,382729343,588896,256,812,317,5,1739.580747
1,1,9,"q9_case2",654,4608,383318334,588991,256,810,317,5,1745.475607
1,1,9,"q9_case2",655,4608,383907259,588925,256,808,317,5,1747.377814
1,1,9,"q9_case2",656,4608,384496231,588972,256,806,317,5,1754.446553
1,1,9,"q9_case2",657,4608,385085086,588855,256,804,317,5,1762.167268
1,1,9,"q9_case2",658,4608,385673870,588784,256,802,317,5,1763.609184
1,1,9,"q9_case2",659,4608,386262670,588800,256,800,317,5,1769.525486
1,1,9,"q9_case2",660,4608,386851554,588884,256,798,317,5,1770.867128
1,1,9,"q9_case2",661,4608,387440691,589137,256,796,316,5,1778.023548
1,1,9,"q9_case2",662,4608,388029611,588920,256,794,316,5,1783.195637
1,1,9,"q9_case2",663,4608,388612760,583149,256,792,315,5,1785.441598
1,1,9,"q9_case2",664,4608,389201326,588566,256,790,314,5,1792.488898
1,1,9,"q9_case2",665,4608,389790098,588772,256,788,314,5,1793.712176
1,1,9,"q9_case2",666,4608,390373994,583896,256,786,313,5,1800.619277
1,1,9,"q9_case2",667,4608,390962558,588564,256,784,313,5,1802.487878
1,1,9,"q9_case2",668,4608,391551144,588586,256,782,312,5,1809.156216
1,1,9,"q9_case2",669,4608,392140036,588892,256,780,312,5,1816.278169
1,1,9,"q9_case2",670,4608,392727432,587396,256,778,311,5,1817.589064
1,1,9,"q9_case2",671,4608,393316310,588878,256,776,311,5,1824.800106
1,1,9,"q9_case2",672,4608,393904629,588319,256,774,310,5,1826.347733
1,1,9,"q9_case2",673,4608,394493312,588683,256,772,310,5,1832.623462
1,1,9,"q9_case2",674,4608,395081119,587807,256,770,309,5,1839.596661
1,1,9,"q9_case2",675,4608,395669771,588652,256,768,309,5,1841.136342
1,1,9,"q9_case2",676,4608,396257259,587488,256,766,308,5,1849.189889
1,1,9,"q9_case2",677,4608,396845864,588605,256,764,308,5,1850.825223
1,1,9,"q9_case2",678,4608,397431696,585832,256,762,307,5,1857.481248
1,1,9,"q9_case2",679,4608,398020331,588635,256,760,306,5,1861.075503
1,1,9,"q9_case2",680,4608,398608265,587934,256,758,306,5,1864.692642
1,1,9,"q9_case2",681,4608,399195757,587492,256,756,305,5,1873.306584
1,1,9,"q9_case2",682,4608,399783167,587410,256,754,304,5,1874.581035
1,1,9,"q9_case2",683,4608,400370662,587495,256,752,304,5,1881.525992
1,1,9,"q9_case2",684,4608,400958445,587783,256,750,303,5,1883.137831
1,1,9,"q9_case2",685,4608,401546533,588088,256,748,303,5,1889.302357
1,1,9,"q9_case2",686,4608,402132884,586351,256,746,302,5,1897.508269
1,1,9,"q9_case2",687,4608,402721426,588542,256,744,302,5,1898.900827
1,1,9,"q9_case2",688,4608,403309229,587803,256,742,302,5,1905.613947
1,1,9,"q9_case2",689,4608,403897850,588621,256,740,301,5,1907.358942
1,1,9,"q9_case2",690,4608,404486949,589099,256,738,301,5,1913.637017
1,1,9,"q9_case2",691,4608,405074765,587816,256,736,300,5,1921.054094
1,1,9,"q9_case2",692,4608,405663447,588682,256,734,300,5,1922.170284
1,1,9,"q9_case2",693,4608,406251264,587817,256,732,299,5,1928.569089
1,1,9,"q9_case2",694,4608,406839314,588050,256,730,299,5,1930.045913
1,1,9,"q9_case2",695,4608,407426851,587537,256,728,298,5,1936.565468
1,1,9,"q9_case2",696,4608,408014885,588034,256,726,298,5,1940.892251
1,1,9,"q9_case2",697,4608,408602882,587997,256,724,298,5,1944.402404
1,1,9,"q9_case2",698,4608,409190931,588049,256,722,297,5,1951.661916
1,1,9,"q9_case2",699,4608,409779509,588578,256,720,297,5,1953.021758
1,1,9,"q9_case2",700,4608,410367490,587981,256,718,297,5,1960.128116
1,1,9,"q9_case2",701,4608,410955589,588099,256,716,296,5,1962.978200
1,1,9,"q9_case2",702,4608,411544224,588635,256,714,296,5,1969.781561
1,1,9,"q9_case2",703,4608,412132752,588528,256,712,296,5,1976.906562
1,1,9,"q9_case2",704,4608,412719613,586861,256,710,295,5,1978.240499
1,1,9,"q9_case2",705,4608,413307796,588183,256,708,295,5,1987.079613
1,1,9,"q9_case2",706,4608,413895987,588191,256,706,294,5,1988.939281
1,1,9,"q9_case2",707,4608,414484247,588260,256,704,294,5,1995.286427
1,1,9,"q9_case2",708,4608,415072893,588646,256,702,294,5,2002.515895
1,1,9,"q9_case2",709,4608,415660354,587461,256,700,293,5,2004.048349
1,1,9,"q9_case2",710,4608,416248590,588236,256,698,293,5,2011.299901
1,1,9,"q9_case2",711,4608,416837033,588443,256,696,293,5,2012.658116
1,1,9,"q9_case2",712,4608,417424542,587509,256,694,292,5,2019.550139
1,1,9,"q9_case2",713,4608,418012856,588314,256,692,292,5,2024.922833
1,1,9,"q9_case2",714,4608,418601341,588485,256,690,292,5,2027.237986
1,1,9,"q9_case2",715,4608,419189108,587767,256,688,291,5,2035.072986
1,1,9,"q9_case2",716,4608,419777182,588074,256,686,291,5,2036.623802
1,1,9,"q9_case2",717,4608,420365497,588315,256,684,291,5,2045.016801
1,1,9,"q9_case2",718,4608,420953702,588205,256,682,291,5,2047.138890
1,1,9,"q9_case2",719,4608,421541169,587467,256,680,291,5,2052.945841
1,1,9,"q9_case2",720,4608,422129041,587872,256,678,291,5,2061.065043
1,1,9,"q9_case2",721,4608,422717203,588162,256,676,291,5,2062.510679
1,1,9,"q9_case2",722,4608,423305361,588158,256,674,291,5,2070.496043
1,1,9,"q9_case2",723,4608,423893448,588087,256,672,291,5,2072.165231
1,1,9,"q9_case2",724,4608,424481449,588001,256,670,291,5,2079.787136
1,1,9,"q9_case2",725,4608,425069379,587930,256,668,291,5,2087.405642
1,1,9,"q9_case2",726,4608,425657258,587879,256,666,291,5,2088.874765
1,1,9,"q9_case2",727,4608,426245079,587821,256,664,291,5,2096.633449
1,1,9,"q9_case2",728,4608,426833086,588007,256,662,291,5,2097.860735
1,1,9,"q9_case2",729,4608,427420749,587663,256,662,289,5,2105.812471
1,1,9,"q9_case2",730,4608,428002478,581729,256,660,289,5,2108.391117
1,1,9,"q9_case2",731,4608,428589974,587496,256,658,289,5,2114.277632
1,1,9,"q9_case2",732,4608,429178064,588090,256,656,289,5,2122.202066
1,1,9,"q9_case2",733,4608,429765155,587091,256,654,289,5,2123.740250
1,1,9,"q9_case2",734,4608,430349695,584540,256,652,289,5,2132.378624
1,1,9,"q9_case2",735,4608,430934563,584868,256,652,287,5,2134.037921
1,1,9,"q9_case2",736,4608,431519831,585268,256,650,287,5,2141.320168
1,1,9,"q9_case2",737,4608,432108225,588394,256,648,287,5,2150.380917
1,1,9,"q9_case2",738,4608,432696435,588210,256,646,287,5,2151.716595
1,1,9,"q9_case2",739,4608,433283015,586580,256,646,285,5,2159.802088
1,1,9,"q9_case2",740,4608,433867543,584528,256,644,285,5,2161.736607
1,1,9,"q9_case2",741,4608,434455691,588148,256,642,285,5,2168.965141
1,1,9,"q9_case2",742,4608,435043787,588096,256,640,286,5,2175.407768
1,1,9,"q9_case2",743,4608,435627871,584084,256,640,283,5,2177.760124
1,1,9,"q9_case2",744,4608,436211819,583948,256,638,284,5,2184.454594
1,1,9,"q9_case2",745,4608,436799827,588008,256,636,284,5,2185.794185
1,1,9,"q9_case2",746,4608,437388303,588476,256,636,282,5,2194.343531
1,1,9,"q9_case2",747,4608,437971171,582868,256,634,282,5,2197.148957
1,1,9,"q9_case2",748,4608,438559728,588557,256,632,282,5,2204.101871
1,1,9,"q9_case2",749,4608,439146484,586756,256,632,280,5,2211.923407
1,1,9,"q9_case2",750,4608,439730196,583712,256,630,280,5,2213.244078
1,1,9,"q9_case2",751,4608,440317124,586928,256,628,281,5,2222.150848
1,1,9,"q9_case2",752,4608,440904224,587100,256,628,278,5,2223.945894
1,1,9,"q9_case2",753,4608,441490945,586721,256,626,279,5,2236.720641
1,1,9,"q9_case2",754,4608,442077641,586696,256,624,280,5,2244.294899
1,1,9,"q9_case2",755,4608,442665783,588142,256,624,277,5,2246.788995
1,1,9,"q9_case2",756,4608,443249071,583288,256,622,278,5,2255.463938
1,1,9,"q9_case2",757,4608,443836623,587552,256,622,276,5,2255.941371
1,1,9,"q9_case2",758,4608,444423841,587218,256,620,276,5,2263.677162
1,1,9,"q9_case2",759,4608,445012091,588250,256,620,275,5,2267.669695
1,1,9,"q9_case2",760,4608,445597223,585132,256,618,275,5,2273.073976
1,1,9,"q9_case2",761,4608,446185365,588142,256,618,274,5,2281.556533
1,1,9,"q9_case2",762,4608,446773565,588200,256,616,274,5,2282.861683
1,1,9,"q9_case2",763,4608,447362157,588592,256,616,273,5,2292.233729
1,1,9,"q9_case2",764,4608,447949948,587791,256,616,272,5,2295.063084
1,1,9,"q9_case2",765,4608,448538348,588400,256,616,271,5,2300.655501
1,1,9,"q9_case2",766,4608,449127027,588679,256,616,270,5,2310.582771
1,1,9,"q9_case2",767,4608,449715538,588511,256,616,269,5,2312.144954
1,1,9,"q9_case2",768,4608,450303929,588391,256,616,268,5,2320.157989
1,1,9,"q9_case2",769,4608,450892306,588377,256,616,267,5,2322.108867
1,1,9,"q9_case2",770,4608,451480534,588228,256,616,266,5,2328.411672
1,1,9,"q9_case2",771,4608,452068741,588207,256,616,265,5,2338.222406
1,1,9,"q9_case2",772,4608,452656830,588089,256,616,264,5,2340.196964
1,1,9,"q9_case2",773,4608,453244786,587956,256,616,263,5,2348.241439
1,1,9,"q9_case2",774,4608,453832714,587928,256,616,262,5,2349.224004
1,1,9,"q9_case2",775,4608,454420622,587908,256,616,261,5,2358.595797
1,1,9,"q9_case2",776,4608,455008767,588145,256,616,260,5,2361.112479
1,1,9,"q9_case2",777,4608,455596959,588192,256,616,259,5,2367.951000
1,1,9,"q9_case2",778,4608,456185201,588242,256,616,258,5,2375.362454
1,1,9,"q9_case2",779,4608,456773388,588187,256,614,258,5,2377.352618
1,1,9,"q9_case2",780,4608,457361821,588433,256,614,257,5,2386.143903
1,1,9,"q9_case2",781,4608,457950119,588298,256,612,257,5,2389.138852
1,1,9,"q9_case2",782,4608,458538503,588384,256,612,256,5,2395.182553
1,1,9,"q9_case2",783,4608,459126760,588257,256,610,256,5,2406.150644
1,1,9,"q9_case2",784,4608,459714942,588182,256,610,255,5,2407.939927
1,1,9,"q9_case2",785,4608,460302910,587968,256,610,254,5,2415.647654
1,1,9,"q9_case2",786,4608,460890760,587850,256,610,253,5,2417.639392
1,1,9,"q9_case2",787,4608,461478740,587980,256,610,252,5,2424.412866
1,1,9,"q9_case2",788,4608,462066631,587891,256,610,251,5,2433.652644
1,1,9,"q9_case2",789,4608,462654264,587633,256,610,250,5,2434.955399
1,1,9,"q9_case2",790,4608,463242379,588115,256,610,249,5,2443.732082
1,1,9,"q9_case2",791,4608,463830404,588025,256,610,248,5,2444.443039
1,1,9,"q9_case2",792,4608,464418417,588013,256,610,247,5,2460.769857
1,1,9,"q9_case2",793,4608,465006424,588007,256,610,246,5,2464.013327
1,1,9,"q9_case2",794,4608,465594241,587817,256,610,245,5,2469.645941
1,1,9,"q9_case2",795,4608,466181950,587709,256,608,245,5,2478.697780
1,1,9,"q9_case2",796,4608,466769762,587812,256,608,244,5,2479.933331
1,1,9,"q9_case2",797,4608,467357791,588029,256,606,244,5,2488.174775
1,1,9,"q9_case2",798,4608,467945831,588040,256,604,244,5,2490.805111
1,1,9,"q9_case2",799,4608,468534014,588183,256,602,243,5,2497.691425
1,1,9,"q9_case2",800,4608,469122182,588168,256,602,242,5,2507.682273
1,1,9,"q9_case2",801,4608,469710388,588206,256,600,242,5,2509.081264
1,1,9,"q9_case2",802,4608,470298374,587986,256,600,241,5,2516.587354
1,1,9,"q9_case2",803,4608,470886614,588240,256,598,240,5,2518.860147
1,1,9,"q9_case2",804,4608,471475257,588643,256,598,239,5,2527.501778
1,1,9,"q9_case2",805,4608,472061892,586635,256,598,238,5,2535.944368
1,1,9,"q9_case2",806,4608,472650023,588131,256,598,237,5,2537.596819
1,1,9,"q9_case2",807,4608,473238289,588266,256,598,236,5,2548.066846
1,1,9,"q9_case2",808,4608,473826359,588070,256,598,235,5,2549.420506
1,1,9,"q9_case2",809,4608,474414246,587887,256,598,234,5,2556.036076
1,1,9,"q9_case2",810,4608,475002257,588011,256,596,234,5,2561.511673
1,1,9,"q9_case2",811,4608,475590404,588147,256,596,233,5,2573.430174
1,1,9,"q9_case2",812,4608,476178501,588097,256,596,232,5,2581.495185
1,1,9,"q9_case2",813,4608,476766329,587828,256,596,231,5,2583.143064
1,1,9,"q9_case2",814,4608,477354155,587826,256,596,230,5,2593.194096
1,1,9,"q9_case2",815,4608,477941950,587795,256,596,229,5,2595.028370
1,1,9,"q9_case2",816,4608,478529655,587705,256,596,228,5,2601.990466
1,1,9,"q9_case2",817,4608,479117251,587596,256,596,227,5,2610.305688
1,1,9,"q9_case2",818,4608,479704815,587564,256,596,226,5,2611.686779
1,1,9,"q9_case2",819,4608,480292227,587412,256,596,225,5,2619.896948
1,1,9,"q9_case2",820,4608,480879682,587455,256,596,224,5,2621.966726
1,1,9,"q9_case2",821,4608,481466965,587283,256,596,223,5,2635.666778
1,1,9,"q9_case2",822,4608,482054217,587252,256,596,222,5,2642.407723
1,1,9,"q9_case2",823,4608,482641273,587056,256,596,221,5,2644.124198
1,1,9,"q9_case2",824,4608,483228379,587106,256,596,220,5,2655.041993
1,1,9,"q9_case2",825,4608,483815531,587152,256,596,219,5,2656.605220
1,1,9,"q9_case2",826,4608,484402691,587160,256,596,218,5,2665.056631
1,1,9,"q9_case2",827,4608,484990200,587509,256,596,217,5,2668.831211
1,1,9,"q9_case2",828,4608,485577798,587598,256,596,216,5,2672.201400
1,1,9,"q9_case2",829,4608,486165620,587822,256,596,215,5,2681.838387
1,1,9,"q9_case2",830,4608,486753312,587692,256,596,214,5,2683.943915
1,1,9,"q9_case2",831,4608,487340847,587535,256,596,213,5,2693.579438
1,1,9,"q9_case2",832,4608,487928396,587549,256,596,212,5,2695.241763
1,1,9,"q9_case2",833,4608,488515951,587555,256,594,212,5,2710.828960
1,1,9,"q9_case2",834,4608,489103753,587802,256,594,211,5,2717.791573
1,1,9,"q9_case2",835,4608,489691396,587643,256,592,211,5,2718.948587
1,1,9,"q9_case2",836,4608,490279244,587848,256,590,211,5,2727.887911
1,1,9,"q9_case2",837,4608,490867136,587892,256,588,210,5,2729.438317
1,1,9,"q9_case2",838,4608,491455028,587892,256,588,209,5,2737.858942
1,1,9,"q9_case2",839,4608,492042824,587796,256,588,208,5,2743.485718
1,1,9,"q9_case2",840,4608,492630505,587681,256,588,207,5,2745.816188
1,1,9,"q9_case2",841,4608,493217874,587369,256,588,206,5,2757.739603
1,1,9,"q9_case2",842,4608,493805257,587383,256,588,205,5,2758.624425
1,1,9,"q9_case2",843,4608,494391758,586501,256,586,206,5,2766.739239
1,1,9,"q9_case2",844,4608,494977620,585862,256,584,206,5,2777.963024
1,1,9,"q9_case2",845,4608,495566038,588418,256,582,206,5,2783.875110
1,1,9,"q9_case2",846,4608,496154479,588441,256,582,203,5,2792.744301
1,1,9,"q9_case2",847,4608,496742741,588262,256,580,203,5,2794.350365
1,1,9,"q9_case2",848,4608,497330164,587423,256,578,203,5,2804.082010
1,1,9,"q9_case2",849,4608,497918095,587931,256,576,202,5,2805.659573
1,1,9,"q9_case2",850,4608,498506131,588036,256,574,202,5,2813.343153
1,1,9,"q9_case2",851,4608,499091115,584984,256,574,201,5,2823.406025
1,1,9,"q9_case2",852,4608,499677999,586884,256,572,201,5,2825.071936
1,1,9,"q9_case2",853,4608,500266859,588860,256,570,200,5,2833.595706
1,1,9,"q9_case2",854,4608,500855533,588674,256,568,200,5,2835.124918
1,1,9,"q9_case2",855,4608,501443729,588196,256,566,200,5,2842.212934
1,1,9,"q9_case2",856,4608,502031206,587477,256,564,200,5,2849.250679
1,1,9,"q9_case2",857,4608,502618182,586976,256,562,200,5,2855.232437
1,1,9,"q9_case2",858,4608,503205362,587180,256,562,199,5,2862.369845
1,1,9,"q9_case2",859,4608,503789130,583768,256,560,199,5,2862.867598
1,1,9,"q9_case2",860,4608,504377104,587974,256,558,199,5,2873.661232
1,1,9,"q9_case2",861,4608,504965201,588097,256,556,198,5,2877.380762
1,1,9,"q9_case2",862,4608,505552966,587765,256,556,197,5,2882.161280
1,1,9,"q9_case2",863,4608,506136754,583788,256,554,197,5,2890.819783
1,1,9,"q9_case2",864,4608,506724918,588164,256,552,197,5,2892.167430
1,1,9,"q9_case2",865,4608,507312940,588022,256,550,197,5,2903.724369
1,1,9,"q9_case2",866,4608,507901040,588100,256,550,196,5,2905.790762
1,1,9,"q9_case2",867,4608,508488132,587092,256,548,196,5,2912.840879
1,1,9,"q9_case2",868,4608,509076872,588740,256,546,197,5,2926.851229
1,1,9,"q9_case2",869,4608,509665116,588244,256,544,197,5,2928.890763
1,1,9,"q9_case2",870,4608,510253798,588682,256,542,197,5,2938.862913
1,1,9,"q9_case2",871,4608,510841970,588172,256,542,196,5,2940.171391
1,1,9,"q9_case2",872,4608,511427350,585380,256,540,196,5,2948.224619
1,1,9,"q9_case2",873,4608,512015900,588550,256,538,197,5,2952.182406
1,1,9,"q9_case2",874,4608,512604178,588278,256,536,196,5,2956.868507
1,1,9,"q9_case2",875,4608,513192456,588278,256,536,195,5,2967.137086
1,1,9,"q9_case2",876,4608,513778068,585612,256,534,195,5,2967.596030
1,1,9,"q9_case2",877,4608,514366454,588386,256,532,196,5,2975.675902
1,1,9,"q9_case2",878,4608,514954689,588235,256,532,194,5,2978.951001
1,1,9,"q9_case2",879,4608,515540301,585612,256,530,195,5,2985.308054
1,1,9,"q9_case2",880,4608,516128509,588208,256,528,195,5,2993.221283
1,1,9,"q9_case2",881,4608,516717183,588674,256,528,194,5,2994.596248
1,1,9,"q9_case2",882,4608,517300924,583741,256,526,194,5,3003.532115
1,1,9,"q9_case2",883,4608,517889798,588874,256,524,194,5,3004.930510
1,1,9,"q9_case2",884,4608,518478007,588209,256,522,193,5,3013.601685
1,1,9,"q9_case2",885,4608,519065077,587070,256,520,194,5,3028.425511
1,1,9,"q9_case2",886,4608,519651209,586132,256,520,192,5,3030.748056
1,1,9,"q9_case2",887,4608,520235687,584478,256,518,193,5,3039.741985
1,1,9,"q9_case2",888,4608,520824092,588405,256,518,191,5,3040.431026
1,1,9,"q9_case2",889,4608,521411926,587834,256,516,190,5,3050.561241
1,1,9,"q9_case2",890,4608,522000185,588259,256,516,189,5,3055.282783
1,1,9,"q9_case2",891,4608,522582617,582432,256,514,188,5,3060.305549
1,1,9,"q9_case2",892,4608,523170809,588192,256,512,188,5,3070.545719
1,1,9,"q9_case2",893,4608,523758311,587502,256,512,187,5,3071.800777
1,1,9,"q9_case2",894,4608,524343310,584999,256,510,187,5,3084.597982
1,1,9,"q9_case2",895,4608,524931851,588541,256,508,188,5,3086.730081
1,1,9,"q9_case2",896,4608,525520124,588273,256,508,186,5,3093.520515
1,1,9,"q9_case2",897,4608,526106680,586556,256,506,187,5,3103.625385
1,1,9,"q9_case2",898,4608,526694971,588291,256,504,188,5,3105.796581
1,1,9,"q9_case2",899,4608,527283319,588348,256,504,186,5,3114.893210
1,1,9,"q9_case2",900,4608,527866203,582884,256,502,187,5,3116.543242
1,1,9,"q9_case2",901,4608,528454581,588378,256,500,187,5,3124.687459
1,1,9,"q9_case2",902,4608,529042807,588226,256,500,186,5,3132.054541
1,1,9,"q9_case2",903,4608,529628373,585566,256,498,186,5,3134.625055
1,1,9,"q9_case2",904,4608,530217053,588680,256,498,185,5,3144.469716
1,1,9,"q9_case2",905,4608,530805579,588526,256,496,185,5,3145.063099
1,1,9,"q9_case2",906,4608,531394330,588751,256,496,184,5,3154.949808
1,1,9,"q9_case2",907,4608,531982505,588175,256,496,183,5,3166.621173
1,1,9,"q9_case2",908,4608,532570995,588490,256,496,182,5,3169.405718
1,1,9,"q9_case2",909,4608,533159689,588694,256,496,181,5,3178.353722
1,1,9,"q9_case2",910,4608,533748169,588480,256,496,180,5,3179.850997
1,1,9,"q9_case2",911,4608,534336536,588367,256,496,179,5,3190.172007
1,1,9,"q9_case2",912,4608,534924807,588271,256,496,178,5,3191.621719
1,1,9,"q9_case2",913,4608,535512999,588192,256,496,177,5,3199.772717
1,1,9,"q9_case2",914,4608,536101034,588035,256,496,176,5,3208.559606
1,1,9,"q9_case2",915,4608,536689044,588010,256,496,175,5,3209.922310
1,1,9,"q9_case2",916,4608,537276905,587861,256,496,174,5,3223.212405
1,1,9,"q9_case2",917,4608,537864721,587816,256,496,173,5,3224.952715
1,1,9,"q9_case2",918,4608,538452312,587591,256,496,172,5,3231.677786
1,1,9,"q9_case2",919,4608,539039752,587440,256,496,171,5,3238.551823
1,1,9,"q9_case2",920,4608,539625753,586001,256,494,171,5,3240.911171
1,1,9,"q9_case2",921,4608,540208363,582610,256,494,170,5,3251.514257
1,1,9,"q9_case2",922,4608,540793237,584874,256,492,170,5,3252.011818
1,1,9,"q9_case2",923,4608,541380588,587351,256,490,169,5,3260.864406
1,1,9,"q9_case2",924,4608,541968486,587898,256,490,169,5,3263.580094
1,1,9,"q9_case2",925,4608,542543994,575508,256,488,168,5,3270.678557
1,1,9,"q9_case2",926,4608,543132625,588631,256,486,168,5,3279.370165
1,1,9,"q9_case2",927,4608,543718111,585486,256,484,167,5,3280.652726
1,1,9,"q9_case2",928,4608,544302821,584710,256,482,169,5,3290.255578
1,1,9,"q9_case2",929,4608,544865473,562652,256,482,166,5,3291.639127
1,1,9,"q9_case2",930,4608,545446611,581138,256,480,165,5,3300.125133
1,1,9,"q9_case2",931,4608,546031691,585080,256,478,166,5,3306.498638
1,1,9,"q9_case2",932,4608,546603627,571936,256,476,166,5,3309.510453
1,1,9,"q9_case2",933,4608,547182086,578459,256,476,164,5,3319.768125
1,1,9,"q9_case2",934,4608,547758242,576156,256,474,164,5,3321.309780
1,1,9,"q9_case2",935,4608,548339786,581544,256,472,164,5,3331.807906
1,1,9,"q9_case2",936,4608,548918748,578962,256,470,166,5,3333.387405
1,1,9,"q9_case2",937,4608,549494579,575831,256,468,166,5,3342.433840
1,1,9,"q9_case2",938,4608,550077606,583027,256,468,163,5,3351.609821
1,1,9,"q9_case2",939,4608,550647855,570249,256,466,164,5,3353.160570
1,1,9,"q9_case2",940,4608,551231245,583390,256,464,164,5,3361.941204
1,1,9,"q9_case2",941,4608,551818001,586756,256,462,166,5,3362.920939
1,1,9,"q9_case2",942,4608,552396931,578930,256,460,166,5,3372.608718
1,1,9,"q9_case2",943,4608,552978410,581479,256,460,162,5,3376.359315
1,1,9,"q9_case2",944,4608,553549278,570868,256,458,164,5,3381.404500
1,1,9,"q9_case2",945,4608,554127376,578098,256,456,164,5,3390.897371
1,1,9,"q9_case2",946,4608,554709844,582468,256,456,161,5,3392.216394
1,1,9,"q9_case2",947,4608,555289982,580138,256,454,163,5,3402.259303
1,1,9,"q9_case2",948,4608,555872654,582672,256,452,162,5,3403.576003
1,1,9,"q9_case2",949,4608,556460406,587752,256,452,161,5,3412.256038
1,1,9,"q9_case2",950,4608,557035261,574855,256,450,161,5,3416.979025
1,1,9,"q9_case2",951,4608,557622622,587361,256,448,161,5,3421.082092
1,1,9,"q9_case2",952,4608,558207676,585054,256,448,160,5,3435.780767
1,1,9,"q9_case2",953,4608,558790933,583257,256,446,160,5,3436.347332
1,1,9,"q9_case2",954,4608,559378671,587738,256,444,160,5,3448.884473
1,1,9,"q9_case2",955,4608,559965448,586777,256,444,159,5,3451.416642
1,1,9,"q9_case2",956,4608,560543774,578326,256,442,159,5,3461.964718
1,1,9,"q9_case2",957,4608,561130997,587223,256,440,160,5,3476.932511
1,1,9,"q9_case2",958,4608,561717443,586446,256,440,158,5,3478.368098
1,1,9,"q9_case2",959,4608,562303085,585642,256,438,159,5,3486.830923
1,1,9,"q9_case2",960,4608,562888096,585011,256,438,157,5,3488.433853
1,1,9,"q9_case2",961,4608,563474209,586113,256,436,158,5,3498.319099
1,1,9,"q9_case2",962,4608,564060798,586589,256,436,157,5,3506.911279
1,1,9,"q9_case2",963,4608,564646657,585859,256,434,158,5,3508.859837
1,1,9,"q9_case2",964,4608,565234730,588073,256,434,157,5,3518.248926
1,1,9,"q9_case2",965,4608,565820049,585319,256,434,156,5,3518.893208
1,1,9,"q9_case2",966,4608,566407925,587876,256,434,155,5,3529.027900
1,1,9,"q9_case2",967,4608,566996092,588167,256,434,154,5,3533.002233
1,1,9,"q9_case2",968,4608,567584236,588144,256,434,153,5,3539.242230
1,1,9,"q9_case2",969,4608,568171764,587528,256,434,152,5,3548.759867
1,1,9,"q9_case2",970,4608,568757719,585955,256,432,153,5,3550.180093
1,1,9,"q9_case2",971,4608,569340125,582406,256,432,151,5,3560.309517
1,1,9,"q9_case2",972,4608,569926687,586562,256,430,151,5,3562.349727
1,1,9,"q9_case2",973,4608,570507575,580888,256,430,150,5,3569.862301
1,1,9,"q9_case2",974,4608,571082860,575285,256,428,150,5,3578.416054
1,1,9,"q9_case2",975,4608,571664900,582040,256,426,151,5,3580.024249
1,1,9,"q9_case2",976,4608,572246664,581764,256,426,150,5,3590.692477
1,1,9,"q9_case2",977,4608,572829129,582465,256,424,150,5,3591.431853
1,1,9,"q9_case2",978,4608,573417147,588018,256,422,151,5,3599.989196
1,1,9,"q9_case2",979,4608,573997920,580773,256,422,150,5,3604.222022
1,1,9,"q9_case2",980,4608,574581110,583190,256,420,150,5,3610.479723
1,1,9,"q9_case2",981,4608,575169792,588682,256,418,151,5,3621.134223
1,1,9,"q9_case2",982,4608,575752308,582516,256,418,150,5,3622.592980
1,1,9,"q9_case2",983,4608,576312115,559807,256,416,150,5,3630.865364
1,1,9,"q9_case2",984,4608,576899232,587117,256,414,150,5,3633.290242
1,1,9,"q9_case2",985,4608,577481871,582639,256,414,149,5,3641.655290
1,1,9,"q9_case2",986,4608,578058808,576937,256,412,149,5,3649.878876
1,1,9,"q9_case2",987,4608,578645035,586227,256,412,148,5,3651.652868
1,1,9,"q9_case2",988,4608,579226497,581462,256,410,149,5,3663.246517
1,1,9,"q9_case2",989,4608,579813033,586536,256,410,148,5,3663.659825
1,1,9,"q9_case2",990,4608,580400482,587449,256,410,147,5,3675.891555
1,1,9,"q9_case2",991,4608,580988869,588387,256,410,146,5,3679.456584
1,1,9,"q9_case2",992,4608,581577439,588570,256,410,145,5,3685.784640
1,1,9,"q9_case2",993,4608,582165702,588263,256,410,145,5,3694.218706
1,1,9,"q9_case2",994,4608,582751506,585804,256,408,145,5,3695.629523
1,1,9,"q9_case2",995,4608,583340442,588936,256,406,145,5,3706.136240
1,1,9,"q9_case2",996,4608,583926500,586058,256,406,144,5,3708.521615
1,1,9,"q9_case2",997,4608,584484328,557828,256,404,143,5,3715.069048
1,1,9,"q9_case2",998,4608,585067185,582857,256,402,144,5,3724.084315
1,1,9,"q9_case2",999,4608,585628897,561712,256,400,144,5,3725.839845
1,1,9,"q9_case2",1000,4608,586209889,580992,256,400,142,5,3736.880986
1,1,9,"q9_case2",1001,4608,586780319,570430,256,398,142,5,3737.364583
1,1,9,"q9_case2",1002,4608,587360747,580428,256,396,143,5,3754.169153
1,1,9,"q9_case2",1003,4608,587937610,576863,256,394,144,5,3756.662649
1,1,9,"q9_case2",1004,4608,588517317,579707,256,394,141,5,3762.552328
1,1,9,"q9_case2",1005,4608,589083553,566236,256,392,142,5,3772.286255
1,1,9,"q9_case2",1006,4608,589663904,580351,256,390,143,5,3774.184946
1,1,9,"q9_case2",1007,4608,590246492,582588,256,390,140,5,3783.129867
1,1,9,"q9_case2",1008,4608,590824316,577824,256,388,141,5,3783.830636
1,1,9,"q9_case2",1009,4608,591404577,580261,256,388,140,5,3793.845078
1,1,9,"q9_case2",1010,4608,591986664,582087,256,386,139,5,3798.451100
1,1,9,"q9_case2",1011,4608,592575356,588692,256,384,140,5,3802.969857
1,1,9,"q9_case2",1012,4608,593152936,577580,256,384,139,5,3813.662314
1,1,9,"q9_case2",1013,4608,593717625,564689,256,382,138,5,3815.563043
1,1,9,"q9_case2",1014,4608,594306213,588588,256,380,140,5,3825.353601
1,1,9,"q9_case2",1015,4608,594866968,560755,256,380,138,5,3826.617470
1,1,9,"q9_case2",1016,4608,595448280,581312,256,378,138,5,3836.627225
1,1,9,"q9_case2",1017,4608,596036651,588371,256,376,140,5,3842.181814
1,1,9,"q9_case2",1018,4608,596616445,579794,256,374,139,5,3844.798650
1,1,9,"q9_case2",1019,4608,597195583,579138,256,374,138,5,3855.065054
1,1,9,"q9_case2",1020,4608,597754877,559294,256,372,137,5,3856.697324
1,1,9,"q9_case2",1021,4608,598340918,586041,256,370,138,5,3866.736820
1,1,9,"q9_case2",1022,4608,598915296,574378,256,368,139,5,3868.894307
1,1,9,"q9_case2",1023,4608,599492915,577619,256,368,136,5,3876.442245
1,1,9,"q9_case2",1024,4608,600056017,563102,256,366,137,5,3884.341893
1,1,9,"q9_case2",1025,4608,600636376,580359,256,364,139,5,3886.384533
1,1,9,"q9_case2",1026,4608,601215151,578775,256,364,136,5,3896.023308
1,1,9,"q9_case2",1027,4608,601790447,575296,256,362,137,5,3897.350020
1,1,9,"q9_case2",1028,4608,602375353,584906,256,362,135,5,3908.134793
1,1,9,"q9_case2",1029,4608,602955612,580259,256,360,136,5,3911.368680
1,1,9,"q9_case2",1030,4608,603542713,587101,256,360,135,5,3919.644376
1,1,9,"q9_case2",1031,4608,604127877,585164,256,358,135,5,3929.162013
1,1,9,"q9_case2",1032,4608,604716006,588129,256,358,134,5,3930.881695
1,1,9,"q9_case2",1033,4608,605300756,584750,256,356,135,5,3940.256494
1,1,9,"q9_case2",1034,4608,605888485,587729,256,356,137,4,3941.751396
1,1,9,"q9_case2",1035,4608,606475864,587379,256,356,136,4,3950.210588
1,1,9,"q9_case2",1036,4608,607061823,585959,256,354,135,4,3958.715495
1,1,9,"q9_case2",1037,4608,607650121,588298,256,354,134,4,3960.197312
1,1,9,"q9_case2",1038,4608,608227092,576971,256,352,135,4,3970.272919
1,1,9,"q9_case2",1039,4608,608813778,586686,256,350,135,4,3971.855340
1,1,9,"q9_case2",1040,4608,609401732,587954,256,350,134,4,3981.069515
1,1,9,"q9_case2",1041,4608,609974973,573241,256,348,135,4,3984.571683
1,1,9,"q9_case2",1042,4608,610562113,587140,256,346,135,4,3990.512665
1,1,9,"q9_case2",1043,4608,611150321,588208,256,346,134,4,4000.162069
1,1,9,"q9_case2",1044,4608,611723556,573235,256,344,135,4,4001.493243
1,1,9,"q9_case2",1045,4608,612310830,587274,256,344,134,4,4011.636106
1,1,9,"q9_case2",1046,4608,612898858,588028,256,344,133,4,4014.163976
1,1,9,"q9_case2",1047,4608,613487413,588555,256,342,133,4,4022.242939
1,1,9,"q9_case2",1048,4608,614076069,588656,256,342,132,4,4030.131770
1,1,9,"q9_case2",1049,4608,614649578,573509,256,340,133,4,4032.012354
1,1,9,"q9_case2",1050,4608,615236990,587412,256,338,133,4,4043.436195
1,1,9,"q9_case2",1051,4608,615824909,587919,256,338,132,4,4044.376934
1,1,9,"q9_case2",1052,4608,616398426,573517,256,336,132,4,4053.636262
1,1,9,"q9_case2",1053,4608,616985872,587446,256,336,131,4,4057.129927
1,1,9,"q9_case2",1054,4608,617573620,587748,256,334,131,4,4063.234189
1,1,9,"q9_case2",1055,4608,618161204,587584,256,334,130,4,4072.466695
1,1,9,"q9_case2",1056,4608,618738525,577321,256,332,130,4,4073.726169
1,1,9,"q9_case2",1057,4608,619325797,587272,256,330,130,4,4084.391809
1,1,9,"q9_case2",1058,4608,619913754,587957,256,330,129,4,4086.435230
1,1,9,"q9_case2",1059,4608,620488000,574246,256,328,130,4,4094.179698
1,1,9,"q9_case2",1060,4608,621075446,587446,256,328,129,4,4110.176514
1,1,9,"q9_case2",1061,4608,621663434,587988,256,326,128,4,4111.986558
1,1,9,"q9_case2",1062,4608,622251972,588538,256,324,129,4,4120.846278
1,1,9,"q9_case2",1063,4608,622831962,579990,256,324,128,4,4122.585934
1,1,9,"q9_case2",1064,4608,623407178,575216,256,322,128,4,4133.221959
1,1,9,"q9_case2",1065,4608,623995314,588136,256,322,127,4,4135.685018
1,1,9,"q9_case2",1066,4608,624581921,586607,256,320,128,4,4144.017529
1,1,9,"q9_case2",1067,4608,625169651,587730,256,320,127,4,4152.791705
1,1,9,"q9_case2",1068,4608,625755744,586093,256,318,128,4,4154.436206
1,1,9,"q9_case2",1069,4608,626343885,588141,256,318,127,4,4164.984481
1,1,9,"q9_case2",1070,4608,626929039,585154,256,316,128,4,4167.705150
1,1,9,"q9_case2",1071,4608,627516967,587928,256,316,127,4,4175.644032
1,1,9,"q9_case2",1072,4608,628098271,581304,256,314,127,4,4184.375400
1,1,9,"q9_case2",1073,4608,628685860,587589,256,314,126,4,4186.379358
1,1,9,"q9_case2",1074,4608,629269110,583250,256,312,127,4,4195.843994
1,1,9,"q9_case2",1075,4608,629856635,587525,256,312,126,4,4197.373282
1,1,9,"q9_case2",1076,4608,630435221,578586,256,310,127,4,4206.688928
1,1,9,"q9_case2",1077,4608,631022604,587383,256,308,126,4,4211.425107
1,1,9,"q9_case2",1078,4608,631607963,585359,256,308,125,4,4219.004850
1,1,9,"q9_case2",1079,4608,632164477,556514,256,306,126,4,4228.048915
1,1,9,"q9_case2",1080,4608,632750490,586013,256,304,124,4,4229.741673
1,1,9,"q9_case2",1081,4608,633338446,587956,256,302,124,4,4239.586800
1,1,9,"q9_case2",1082,4608,633917461,579015,256,302,123,4,4242.390571
1,1,9,"q9_case2",1083,4608,634491948,574487,256,300,124,4,4250.388340
1,1,9,"q9_case2",1084,4608,635079088,587140,256,298,124,4,4259.667740
1,1,9,"q9_case2",1085,4608,635664641,585553,256,296,123,4,4262.798328
1,1,9,"q9_case2",1086,4608,636238108,573467,256,296,122,4,4274.063538
1,1,9,"q9_case2",1087,4608,636812192,574084,256,294,122,4,4275.512975
1,1,9,"q9_case2",1088,4608,637399223,587031,256,292,121,4,4286.870307
1,1,9,"q9_case2",1089,4608,637982575,583352,256,290,120,4,4290.841671
1,1,9,"q9_case2",1090,4608,638555662,573087,256,290,119,4,4296.839759
1,1,9,"q9_case2",1091,4608,639113439,557777,256,288,120,4,4304.959483
1,1,9,"q9_case2",1092,4608,639699435,585996,256,286,118,4,4306.253487
1,1,9,"q9_case2",1093,4608,640287028,587593,256,284,119,4,4318.067512
1,1,9,"q9_case2",1094,4608,640863223,576195,256,284,118,4,4319.787294
1,1,9,"q9_case2",1095,4608,641421258,558035,256,282,119,4,4330.344673
1,1,9,"q9_case2",1096,4608,642008274,587016,256,280,117,4,4334.994745
1,1,9,"q9_case2",1097,4608,642595581,587307,256,280,116,4,4347.299196
1,1,9,"q9_case2",1098,4608,643162338,566757,256,278,117,4,4372.436574
1,1,9,"q9_case2",1099,4608,643747803,585465,256,278,114,4,4374.076333
1,1,9,"q9_case2",1100,4608,644334123,586320,256,276,116,4,4395.956171
1,1,9,"q9_case2",1101,4608,644918404,584281,256,276,114,4,4398.379861
1,1,9,"q9_case2",1102,4608,645476931,558527,256,274,115,4,4423.450422
1,1,9,"q9_case2",1103,4608,646063256,586325,256,272,115,4,4436.273586
1,1,9,"q9_case2",1104,4608,646649663,586407,256,272,114,4,4439.097403
1,1,9,"q9_case2",1105,4608,647217533,567870,256,270,114,4,4468.160995
1,1,9,"q9_case2",1106,4608,647804488,586955,256,268,115,4,4469.595753
1,1,9,"q9_case2",1107,4608,648389680,585192,256,268,114,4,4493.612741
1,1,9,"q9_case2",1108,4608,648948204,558524,256,266,114,4,4496.173541
1,1,9,"q9_case2",1109,4608,649535328,587124,256,266,112,4,4511.171972
1,1,9,"q9_case2",1110,4608,650121934,586606,256,266,111,4,4532.076981
1,1,9,"q9_case2",1111,4608,650707655,585721,256,264,111,4,4536.269212
1,1,9,"q9_case2",1112,4608,651294714,587059,256,264,109,4,4563.037492
1,1,9,"q9_case2",1113,4608,651870668,575954,256,262,111,4,4564.396867
1,1,9,"q9_case2",1114,4608,652457426,586758,256,262,108,4,4585.648792
1,1,9,"q9_case2",1115,4608,653039047,581621,256,260,109,4,4596.736867
1,1,9,"q9_case2",1116,4608,653623049,584002,256,260,108,4,4610.473905
1,1,9,"q9_case2",1117,4608,654196646,573597,256,258,109,4,4626.457181
1,1,9,"q9_case2",1118,4608,654783899,587253,256,258,106,4,4628.044866
1,1,9,"q9_case2",1119,4608,655367139,583240,256,258,105,4,4654.340268
1,1,9,"q9_case2",1120,4608,655949905,582766,256,256,106,4,4660.332308
1,1,9,"q9_case2",1121,4608,656535655,585750,256,256,105,4,4673.264266
1,1,9,"q9_case2",1122,4608,657108776,573121,256,254,106,4,4698.152425
1,1,9,"q9_case2",1123,4608,657695698,586922,256,254,105,4,4701.393161
1,1,9,"q9_case2",1124,4608,658277246,581548,256,252,104,4,4714.597722
1,1,9,"q9_case2",1125,4608,658864142,586896,256,252,103,4,4715.925063
1,1,9,"q9_case2",1126,4608,659424955,560813,256,250,104,4,4740.763586
1,1,9,"q9_case2",1127,4608,660010796,585841,256,248,104,4,4746.419416
1,1,9,"q9_case2",1128,4608,660597937,587141,256,248,102,4,4761.711798
1,1,9,"q9_case2",1129,4608,661156963,559026,256,246,102,4,4776.477042
1,1,9,"q9_case2",1130,4608,661741725,584762,256,246,101,4,4777.810502
1,1,9,"q9_case2",1131,4608,662317391,575666,256,244,101,4,4803.896213
1,1,9,"q9_case2",1132,4608,662903060,585669,256,242,100,4,4810.054867
1,1,9,"q9_case2",1133,4608,663484593,581533,256,242,99,4,4816.551715
1,1,9,"q9_case2",1134,4608,664044793,560200,256,240,100,4,4832.140493
1,1,9,"q9_case2",1135,4608,664630390,585597,256,240,99,4,4839.154423
1,1,9,"q9_case2",1136,4608,665217526,587136,256,238,98,4,4867.336131
1,1,9,"q9_case2",1137,4608,665805785,588259,256,238,97,4,4867.974820
1,1,9,"q9_case2",1138,4608,666367214,561429,256,236,98,4,4884.979178
1,1,9,"q9_case2",1139,4608,666953215,586001,256,236,97,4,4890.180824
1,1,9,"q9_case2",1140,4608,667539887,586672,256,234,97,4,4901.605775
1,1,9,"q9_case2",1141,4608,668128037,588150,256,234,96,4,4925.094144
1,1,9,"q9_case2",1142,4608,668690393,562356,256,232,97,4,4930.901682
1,1,9,"q9_case2",1143,4608,669276392,585999,256,232,96,4,4944.828406
1,1,9,"q9_case2",1144,4608,669862862,586470,256,232,95,4,4946.275255
1,1,9,"q9_case2",1145,4608,670451004,588142,256,232,94,4,4976.004139
1,1,9,"q9_case2",1146,4608,671039584,588580,256,232,93,4,4991.409659
1,1,9,"q9_case2",1147,4608,671628084,588500,256,232,92,4,4996.889720
1,1,9,"q9_case2",1148,4608,672216484,588400,256,232,91,4,5016.141191
1,1,9,"q9_case2",1149,4608,672804860,588376,256,232,90,4,5017.033717
1,1,9,"q9_case2",1150,4608,673393200,588340,256,232,89,4,5039.250013
1,1,9,"q9_case2",1151,4608,673981549,588349,256,232,88,4,5043.124126
1,1,9,"q9_case2",1152,4608,674569808,588259,256,232,87,4,5057.064970
1,1,9,"q9_case2",1153,4608,675158057,588249,256,232,86,4,5077.291805
1,1,9,"q9_case2",1154,4608,675746296,588239,256,232,85,4,5080.683055
1,1,9,"q9_case2",1155,4608,676334412,588116,256,232,85,4,5101.005279
1,1,9,"q9_case2",1156,4608,676921062,586650,256,232,84,4,5104.169681
1,1,9,"q9_case2",1157,4608,677509673,588611,256,230,85,4,5116.629713
1,1,9,"q9_case2",1158,4608,678098592,588919,256,230,84,4,5137.479887
1,1,9,"q9_case2",1159,4608,678686686,588094,256,230,84,4,5139.406531
1,1,9,"q9_case2",1160,4608,679275210,588524,256,230,83,4,5168.589785
1,1,9,"q9_case2",1161,4608,679864065,588855,256,230,83,4,5171.264219
1,1,9,"q9_case2",1162,4608,680452632,588567,256,230,83,4,5194.477745
1,1,9,"q9_case2",1163,4608,681041360,588728,256,230,83,4,5209.389229
1,1,9,"q9_case2",1164,4608,681630179,588819,256,230,83,4,5218.586199
1,1,9,"q9_case2",1165,4608,682218756,588577,256,230,83,4,5237.321826
1,1,9,"q9_case2",1166,4608,682807350,588594,256,230,83,4,5238.284929
1,1,9,"q9_case2",1167,4608,683395963,588613,256,230,83,4,5257.705526
1,1,9,"q9_case2",1168,4608,683984506,588543,256,230,83,4,5268.993714
1,1,9,"q9_case2",1169,4608,684572958,588452,256,230,83,4,5274.851706
1,1,9,"q9_case2",1170,4608,685161366,588408,256,230,83,4,5300.959646
1,1,9,"q9_case2",1171,4608,685749729,588363,256,230,83,4,5302.754794
1,1,9,"q9_case2",1172,4608,686338052,588323,256,230,82,4,5328.470058
1,1,9,"q9_case2",1173,4608,686926394,588342,256,228,83,4,5330.941912
1,1,9,"q9_case2",1174,4608,687514074,587680,256,228,82,4,5342.325005
1,1,9,"q9_case2",1175,4608,688100927,586853,256,226,84,4,5371.759743
1,1,9,"q9_case2",1176,4608,688688290,587363,256,226,82,4,5374.438106
1,1,9,"q9_case2",1177,4608,689275147,586857,256,224,82,4,5390.442770
1,1,9,"q9_case2",1178,4608,689863406,588259,256,222,83,4,5391.926928
1,1,9,"q9_case2",1179,4608,690448887,585481,256,222,82,4,5413.964576
1,1,9,"q9_case2",1180,4608,691035161,586274,256,222,81,4,5431.174473
1,1,9,"q9_case2",1181,4608,691623793,588632,256,220,81,4,5442.906292
1,1,9,"q9_case2",1182,4608,692212630,588837,256,218,82,4,5462.038284
1,1,9,"q9_case2",1183,4608,692797651,585021,256,218,81,4,5462.695479
1,1,9,"q9_case2",1184,4608,693380842,583191,256,216,83,4,5486.269938
1,1,9,"q9_case2",1185,4608,693968535,587693,256,216,82,4,5494.526867
1,1,9,"q9_case2",1186,4608,694552523,583988,256,214,84,4,5506.111936
1,1,9,"q9_case2",1187,4608,695140283,587760,256,214,83,4,5530.898908
1,1,9,"q9_case2",1188,4608,695706955,566672,256,212,84,4,5532.970350
1,1,9,"q9_case2",1189,4608,696292465,585510,256,210,83,4,5555.639990
1,1,9,"q9_case2",1190,4608,696880298,587833,256,210,82,4,5557.796590
1,1,9,"q9_case2",1191,4608,697454877,574579,256,208,81,4,5575.667226
1,1,9,"q9_case2",1192,4608,698041755,586878,256,206,82,4,5596.487451
1,1,9,"q9_case2",1193,4608,698622958,581203,256,204,82,4,5599.434744
1,1,9,"q9_case2",1194,4608,699201701,578743,256,204,80,4,5620.415728
1,1,9,"q9_case2",1195,4608,699770490,568789,256,202,81,4,5621.546783
1,1,9,"q9_case2",1196,4608,700355197,584707,256,200,81,4,5641.188152
1,1,9,"q9_case2",1197,4608,700942122,586925,256,200,80,4,5655.385648
1,1,9,"q9_case2",1198,4608,701510761,568639,256,198,81,4,5663.039250
1,1,9,"q9_case2",1199,4608,702095809,585048,256,198,80,4,5689.533878
1,1,9,"q9_case2",1200,4608,702682678,586869,256,196,80,4,5691.833870
1,1,9,"q9_case2",1201,4608,703271002,588324,256,196,79,4,5712.951974
1,1,9,"q9_case2",1202,4608,703841392,570390,256,194,80,4,5714.107221
1,1,9,"q9_case2",1203,4608,704427183,585791,256,194,79,4,5733.677136
1,1,9,"q9_case2",1204,4608,705013163,585980,256,192,80,4,5743.138247
1,1,9,"q9_case2",1205,4608,705601307,588144,256,190,79,4,5752.807154
1,1,9,"q9_case2",1206,4608,706171777,570470,256,188,77,4,5774.487459
1,1,9,"q9_case2",1207,4608,706750381,578604,256,188,76,4,5776.097200
1,1,9,"q9_case2",1208,4608,707320913,570532,256,186,77,4,5798.262668
1,1,9,"q9_case2",1209,4608,707906031,585118,256,186,76,4,5806.026273
1,1,9,"q9_case2",1210,4608,708491328,585297,256,186,75,4,5819.147166
1,1,9,"q9_case2",1211,4608,709079360,588032,256,186,74,4,5842.946146
1,1,9,"q9_case2",1212,4608,709667908,588548,256,186,73,4,5846.725244
1,1,9,"q9_case2",1213,4608,710256436,588528,256,186,72,4,5867.607418
1,1,9,"q9_case2",1214,4608,710844917,588481,256,186,71,4,5869.386115
1,1,9,"q9_case2",1215,4608,711433403,588486,256,186,70,4,5896.356346
1,1,9,"q9_case2",1216,4608,712021889,588486,256,186,69,4,5905.510679
1,1,9,"q9_case2",1217,4608,712610387,588498,256,186,68,4,5908.909919
1,1,9,"q9_case2",1218,4608,713198997,588610,256,186,67,4,5936.638907
1,1,9,"q9_case2",1219,4608,713787364,588367,256,186,67,4,5938.102489
1,1,9,"q9_case2",1220,4608,714373733,586369,256,184,67,4,5960.837189
1,1,9,"q9_case2",1221,4608,714962106,588373,256,184,66,4,5963.800363
1,1,9,"q9_case2",1222,4608,715548207,586101,256,182,66,4,5972.890368
1,1,9,"q9_case2",1223,4608,716135204,586997,256,180,66,4,5996.820255
1,1,9,"q9_case2",1224,4608,716718402,583198,256,180,65,4,5998.592215
1,1,9,"q9_case2",1225,4608,717301592,583190,256,178,66,4,6017.997451
1,1,9,"q9_case2",1226,4608,717887232,585640,256,178,65,4,6023.932720
1,1,9,"q9_case2",1227,4608,718470175,582943,256,178,64,4,6048.334013
1,1,9,"q9_case2",1228,4608,719057474,587299,256,178,64,4,6062.257498
1,1,9,"q9_case2",1229,4608,719643754,586280,256,178,64,4,6075.287763
1,1,9,"q9_case2",1230,4608,720231796,588042,256,176,63,4,6088.505539
1,1,9,"q9_case2",1231,4608,720820460,588664,256,176,63,4,6089.187822
1,1,9,"q9_case2",1232,4608,721403403,582943,256,174,63,4,6111.424449
1,1,9,"q9_case2",1233,4608,721991432,588029,256,174,62,4,6124.088096
1,1,9,"q9_case2",1234,4608,722574400,582968,256,174,62,4,6134.702554
1,1,9,"q9_case2",1235,4608,723158861,584461,256,174,62,4,6159.064411
1,1,9,"q9_case2",1236,4608,723746700,587839,256,174,62,4,6161.622039
1,1,9,"q9_case2",1237,4608,724335276,588576,256,174,61,4,6181.134784
1,1,9,"q9_case2",1238,4608,724923864,588588,256,174,61,4,6188.301076
1,1,9,"q9_case2",1239,4608,725507096,583232,256,174,61,4,6205.010740
1,1,9,"q9_case2",1240,4608,726095237,588141,256,174,60,4,6222.986142
1,1,9,"q9_case2",1241,4608,726684007,588770,256,174,60,4,6224.811276
1,1,9,"q9_case2",1242,4608,727267342,583335,256,174,60,4,6245.569391
1,1,9,"q9_case2",1243,4608,727855296,587954,256,174,60,4,6246.746780
1,1,9,"q9_case2",1244,4608,728443937,588641,256,174,60,4,6274.595333
1,1,9,"q9_case2",1245,4608,729032677,588740,256,174,59,4,6285.530397
1,1,9,"q9_case2",1246,4608,729621317,588640,256,174,59,4,6299.056480
1,1,9,"q9_case2",1247,4608,730204399,583082,256,174,59,4,6311.982369
1,1,9,"q9_case2",1248,4608,730792132,587733,256,174,59,4,6313.574926
1,1,9,"q9_case2",1249,4608,731380548,588416,256,174,59,4,6334.695468
1,1,9,"q9_case2",1250,4608,731969049,588501,256,174,59,4,6345.914030
1,1,9,"q9_case2",1251,4608,732557491,588442,256,174,59,4,6359.984155
1,1,9,"q9_case2",1252,4608,733145835,588344,256,174,59,4,6383.244407
1,1,9,"q9_case2",1253,4608,733734148,588313,256,174,59,4,6384.931909
1,1,9,"q9_case2",1254,4608,734322365,588217,256,174,59,4,6410.542324
1,1,9,"q9_case2",1255,4608,734910576,588211,256,174,59,4,6413.101382
1,1,9,"q9_case2",1256,4608,735498654,588078,256,174,59,4,6427.515103
1,1,9,"q9_case2",1257,4608,736086239,587585,256,174,60,4,6448.051848
1,1,9,"q9_case2",1258,4608,736667060,580821,256,172,59,4,6452.357442
1,1,9,"q9_case2",1259,4608,737255719,588659,256,170,58,4,6476.648157
1,1,9,"q9_case2",1260,4608,737838849,583130,256,170,58,4,6478.269904
1,1,9,"q9_case2",1261,4608,738420124,581275,256,168,59,4,6496.251738
1,1,9,"q9_case2",1262,4608,739007779,587655,256,168,57,4,6512.304623
1,1,9,"q9_case2",1263,4608,739589360,581581,256,166,60,4,6521.571444
1,1,9,"q9_case2",1264,4608,740164475,575115,256,166,57,4,6544.542138
1,1,9,"q9_case2",1265,4608,740746608,582133,256,164,56,4,6545.847935
1,1,9,"q9_case2",1266,4608,741331452,584844,256,162,59,4,6564.818187
1,1,9,"q9_case2",1267,4608,741904452,573000,256,160,57,4,6566.969970
1,1,9,"q9_case2",1268,4608,742489974,585522,256,160,56,4,6592.807085
1,1,9,"q9_case2",1269,4608,743071285,581311,256,158,57,4,6604.524758
1,1,9,"q9_case2",1270,4608,743656956,585671,256,158,56,4,6611.004316
1,1,9,"q9_case2",1271,4608,744233362,576406,256,156,57,4,6630.392397
1,1,9,"q9_case2",1272,4608,744815830,582468,256,154,56,4,6630.786117
1,1,9,"q9_case2",1273,4608,745401272,585442,256,154,55,4,6662.096729
1,1,9,"q9_case2",1274,4608,745974172,572900,256,152,56,4,6664.910904
1,1,9,"q9_case2",1275,4608,746558918,584746,256,150,56,4,6681.613148
1,1,9,"q9_case2",1276,4608,747143448,584530,256,150,54,4,6702.501658
1,1,9,"q9_case2",1277,4608,747721269,577821,256,148,54,4,6704.512677
1,1,9,"q9_case2",1278,4608,748299688,578419,256,148,53,4,6731.677114
1,1,9,"q9_case2",1279,4608,748878047,578359,256,146,53,4,6733.672360
1,1,9,"q9_case2",1280,4608,749463028,584981,256,144,52,4,6751.517932
1,1,9,"q9_case2",1281,4608,750041223,578195,256,144,51,4,6762.693753
1,1,9,"q9_case2",1282,4608,750614839,573616,256,142,52,4,6770.019581
1,1,9,"q9_case2",1283,4608,751197750,582911,256,140,52,4,6794.574067
1,1,9,"q9_case2",1284,4608,751781150,583400,256,140,50,4,6795.949917
1,1,9,"q9_case2",1285,4608,752359989,578839,256,138,52,4,6816.451380
1,1,9,"q9_case2",1286,4608,752938520,578531,256,138,50,4,6830.710733
1,1,9,"q9_case2",1287,4608,753522230,583710,256,136,50,4,6839.950253
1,1,9,"q9_case2",1288,4608,754108016,585786,256,136,49,4,6853.362569
1,1,9,"q9_case2",1289,4608,754687934,579918,256,134,50,4,6864.439017
1,1,9,"q9_case2",1290,4608,755271008,583074,256,134,49,4,6885.670653
1,1,9,"q9_case2",1291,4608,755852997,581989,256,134,48,4,6887.798199
1,1,9,"q9_case2",1292,4608,756440537,587540,256,134,47,4,6909.809702
1,1,9,"q9_case2",1293,4608,757028794,588257,256,134,46,4,6923.525490
1,1,9,"q9_case2",1294,4608,757617017,588223,256,134,45,4,6925.896501
1,1,9,"q9_case2",1295,4608,758204815,587798,256,134,45,4,6947.557292
1,1,9,"q9_case2",1296,4608,758789705,584890,256,134,45,4,6948.966909
1,1,9,"q9_case2",1297,4608,759377026,587321,256,134,45,4,6972.686385
1,1,9,"q9_case2",1298,4608,759965317,588291,256,134,45,4,6974.991847
1,1,9,"q9_case2",1299,4608,760553568,588251,256,134,45,4,6987.798538
1,1,9,"q9_case2",1300,4608,761141663,588095,256,134,45,4,7010.612111
1,1,9,"q9_case2",1301,4608,761729550,587887,256,134,45,4,7012.434112
1,1,9,"q9_case2",1302,4608,762316939,587389,256,134,45,4,7033.349664
1,1,9,"q9_case2",1303,4608,762901962,585023,256,134,45,4,7041.967441
1,1,9,"q9_case2",1304,4608,763490132,588170,256,134,45,4,7056.857321
1,1,9,"q9_case2",1305,4608,764078449,588317,256,134,45,4,7076.799229
1,1,9,"q9_case2",1306,4608,764666684,588235,256,134,45,4,7079.817362
1,1,9,"q9_case2",1307,4608,765254766,588082,256,134,45,4,7103.763789
1,1,9,"q9_case2",1308,4608,765842609,587843,256,134,45,4,7105.580686
1,1,9,"q9_case2",1309,4608,766429888,587279,256,134,46,4,7126.398326
1,1,9,"q9_case2",1310,4608,767014221,584333,256,134,45,4,7140.602220
1,1,9,"q9_case2",1311,4608,767602809,588588,256,132,46,4,7146.024460
1,1,9,"q9_case2",1312,4608,768191146,588337,256,132,45,4,7177.020773
1,1,9,"q9_case2",1313,4608,768775277,584131,256,132,45,4,7178.967677
1,1,9,"q9_case2",1314,4608,769360158,584881,256,132,45,4,7201.111971
1,1,9,"q9_case2",1315,4608,769947548,587390,256,132,45,4,7203.782129
1,1,9,"q9_case2",1316,4608,770535545,587997,256,132,45,4,7216.351125
1,1,9,"q9_case2",1317,4608,771123713,588168,256,132,45,4,7242.993713
1,1,9,"q9_case2",1318,4608,771711805,588092,256,132,45,4,7244.900758
1,1,9,"q9_case2",1319,4608,772299758,587953,256,132,45,4,7268.217706
1,1,9,"q9_case2",1320,4608,772887464,587706,256,132,46,4,7270.810113
1,1,9,"q9_case2",1321,4608,773472906,585442,256,132,45,4,7294.524887
1,1,9,"q9_case2",1322,4608,774061420,588514,256,130,44,4,7312.909385
1,1,9,"q9_case2",1323,4608,774650125,588705,256,128,44,4,7315.210838
1,1,9,"q9_case2",1324,4608,775236415,586290,256,128,44,4,7333.384791
1,1,9,"q9_case2",1325,4608,775822477,586062,256,128,44,4,7334.122035
1,1,9,"q9_case2",1326,4608,776410666,588189,256,128,44,4,7359.662092
1,1,9,"q9_case2",1327,4608,776999283,588617,256,128,44,4,7365.614862
1,1,9,"q9_case2",1328,4608,777587817,588534,256,128,44,4,7371.997748
1,1,9,"q9_case2",1329,4608,778176191,588374,256,128,44,4,7392.747711
1,1,9,"q9_case2",1330,4608,778764472,588281,256,128,45,4,7394.111263
1,1,9,"q9_case2",1331,4608,779352256,587784,256,128,44,4,7426.030008
1,1,9,"q9_case2",1332,4608,779940836,588580,256,128,44,4,7428.698556
1,1,9,"q9_case2",1333,4608,780529921,589085,256,128,44,4,7443.660447
1,1,9,"q9_case2",1334,4608,781118107,588186,256,128,44,4,7467.430193
1,1,9,"q9_case2",1335,4608,781706323,588216,256,128,44,4,7469.509867
1,1,9,"q9_case2",1336,4608,782294430,588107,256,128,45,4,7491.746254
1,1,9,"q9_case2",1337,4608,782880803,586373,256,128,45,4,7493.640267
1,1,9,"q9_case2",1338,4608,783469109,588306,256,128,44,4,7507.935644
1,1,9,"q9_case2",1339,4608,784057613,588504,256,128,44,4,7530.400540
1,1,9,"q9_case2",1340,4608,784644466,586853,256,128,44,4,7532.456816
1,1,9,"q9_case2",1341,4608,785232649,588183,256,128,44,4,7557.095556
1,1,9,"q9_case2",1342,4608,785821005,588356,256,128,44,4,7558.783892
1,1,9,"q9_case2",1343,4608,786409162,588157,256,128,44,4,7577.319016
1,1,9,"q9_case2",1344,4608,786996830,587668,256,128,44,4,7580.551167
1,1,9,"q9_case2",1345,4608,787583338,586508,256,128,44,4,7595.939338
1,1,9,"q9_case2",1346,4608,788170626,587288,256,128,44,4,7623.492819
1,1,9,"q9_case2",1347,4608,788758120,587494,256,128,45,4,7625.252436
1,1,9,"q9_case2",1348,4608,789343008,584888,256,128,44,4,7646.445218
1,1,9,"q9_case2",1349,4608,789931301,588293,256,128,44,4,7649.222847
1,1,9,"q9_case2",1350,4608,790519531,588230,256,128,44,4,7665.873641
1,1,9,"q9_case2",1351,4608,791107347,587816,256,128,44,4,7688.579827
1,1,9,"q9_case2",1352,4608,791695563,588216,256,128,44,4,7693.577307
1,1,9,"q9_case2",1353,4608,792283732,588169,256,128,44,4,7709.374118
1,1,9,"q9_case2",1354,4608,792871770,588038,256,128,44,4,7712.297174
1,1,9,"q9_case2",1355,4608,793459334,587564,256,128,44,4,7729.460458
1,1,9,"q9_case2",1356,4608,794046239,586905,256,128,44,4,7741.906272
1,1,9,"q9_case2",1357,4608,794634667,588428,256,128,44,4,7754.294273
1,1,9,"q9_case2",1358,4608,795222981,588314,256,128,44,4,7767.222810
1,1,9,"q9_case2",1359,4608,795810989,588008,256,128,45,4,7768.889542
1,1,9,"q9_case2",1360,4608,796398335,587346,256,128,46,4,7790.192059
1,1,9,"q9_case2",1361,4608,796986968,588633,256,128,45,4,7792.590846
1,1,9,"q9_case2",1362,4608,797576239,589271,256,128,45,4,7813.001020
1,1,9,"q9_case2",1363,4608,798165381,589142,256,128,45,4,7841.490780
1,1,9,"q9_case2",1364,4608,798754443,589062,256,128,45,4,7842.899994
1,1,9,"q9_case2",1365,4608,799343552,589109,256,128,45,4,7857.189600
1,1,9,"q9_case2",1366,4608,799932480,588928,256,128,45,4,7859.636630
1,1,9,"q9_case2",1367,4608,800521529,589049,256,128,45,4,7880.221383
1,1,9,"q9_case2",1368,4608,801110368,588839,256,128,45,4,7900.351438
1,1,9,"q9_case2",1369,4608,801699105,588737,256,128,44,4,7902.505350
1,1,9,"q9_case2",1370,4608,802287945,588840,256,128,44,4,7929.169010
1,1,9,"q9_case2",1371,4608,802876630,588685,256,126,44,4,7931.421197
1,1,9,"q9_case2",1372,4608,803465490,588860,256,126,43,4,7947.228694
1,1,9,"q9_case2",1373,4608,804054008,588518,256,126,43,4,7958.884930
1,1,9,"q9_case2",1374,4608,804642908,588900,256,126,43,4,7966.504839
1,1,9,"q9_case2",1375,4608,805231321,588413,256,126,43,4,7993.851305
1,1,9,"q9_case2",1376,4608,805819875,588554,256,126,43,4,7994.428166
1,1,9,"q9_case2",1377,4608,806408216,588341,256,126,44,4,8017.696763
1,1,9,"q9_case2",1378,4608,806992738,584522,256,126,43,4,8028.018668
1,1,9,"q9_case2",1379,4608,807581062,588324,256,126,43,4,8034.153156
1,1,9,"q9_case2",1380,4608,808169343,588281,256,126,43,4,8058.691644
1,1,9,"q9_case2",1381,4608,808757535,588192,256,126,43,4,8060.138810
1,1,9,"q9_case2",1382,4608,809346063,588528,256,126,43,4,8085.876182
1,1,9,"q9_case2",1383,4608,809934517,588454,256,126,43,4,8092.552953
1,1,9,"q9_case2",1384,4608,810522849,588332,256,126,43,4,8105.523872
1,1,9,"q9_case2",1385,4608,811111105,588256,256,126,44,4,8131.861764
1,1,9,"q9_case2",1386,4608,811696995,585890,256,126,43,4,8133.943678
1,1,9,"q9_case2",1387,4608,812285512,588517,256,126,43,4,8154.209053
1,1,9,"q9_case2",1388,4608,812874328,588816,256,126,43,4,8156.569560
1,1,9,"q9_case2",1389,4608,813462772,588444,256,126,43,4,8182.448079
1,1,9,"q9_case2",1390,4608,814051235,588463,256,126,43,4,8194.594743
1,1,9,"q9_case2",1391,4608,814639572,588337,256,126,43,4,8202.051981
1,1,9,"q9_case2",1392,4608,815227825,588253,256,126,44,4,8224.744885
1,1,9,"q9_case2",1393,4608,815813669,585844,256,126,43,4,8225.397858
1,1,9,"q9_case2",1394,4608,816401999,588330,256,126,43,4,8246.285258
1,1,9,"q9_case2",1395,4608,816990726,588727,256,126,43,4,8262.090137
1,1,9,"q9_case2",1396,4608,817579239,588513,256,126,43,4,8269.984020
1,1,9,"q9_case2",1397,4608,818167688,588449,256,126,43,4,8284.257566
1,1,9,"q9_case2",1398,4608,818756059,588371,256,126,44,4,8286.131284
1,1,9,"q9_case2",1399,4608,819344177,588118,256,126,43,4,8315.642582
1,1,9,"q9_case2",1400,4608,819932764,588587,256,126,43,4,8324.779690
1,1,9,"q9_case2",1401,4608,820522065,589301,256,126,43,4,8339.171403
1,1,9,"q9_case2",1402,4608,821110197,588132,256,126,43,4,8355.843370
1,1,9,"q9_case2",1403,4608,821698451,588254,256,126,43,4,8360.462296
1,1,9,"q9_case2",1404,4608,822286430,587979,256,126,44,4,8381.592303
1,1,9,"q9_case2",1405,4608,822872286,585856,256,126,43,4,8383.873825
1,1,9,"q9_case2",1406,4608,823460600,588314,256,126,43,4,8412.011727
1,1,9,"q9_case2",1407,4608,824046965,586365,256,124,43,4,8425.131343
1,1,9,"q9_case2",1408,4608,824634921,587956,256,124,42,4,8432.190995
1,1,9,"q9_case2",1409,4608,825213723,578802,256,122,43,4,8454.948947
1,1,9,"q9_case2",1410,4608,825795657,581934,256,122,42,4,8456.508561
1,1,9,"q9_case2",1411,4608,826375435,579778,256,120,43,4,8483.701003
1,1,9,"q9_case2",1412,4608,826962146,586711,256,118,42,4,8488.258534
1,1,9,"q9_case2",1413,4608,827546526,584380,256,118,41,4,8501.867948
1,1,9,"q9_case2",1414,4608,828124651,578125,256,116,41,4,8528.774398
1,1,9,"q9_case2",1415,4608,828709061,584410,256,116,40,4,8530.921572
1,1,9,"q9_case2",1416,4608,829289727,580666,256,114,40,4,8552.526617
1,1,9,"q9_case2",1417,4608,829873875,584148,256,112,39,4,8554.554763
1,1,9,"q9_case2",1418,4608,830459043,585168,256,112,38,4,8575.985834
1,1,9,"q9_case2",1419,4608,831036556,577513,256,110,39,4,8589.744936
1,1,9,"q9_case2",1420,4608,831617563,581007,256,110,38,4,8599.758220
1,1,9,"q9_case2",1421,4608,832201131,583568,256,110,37,4,8620.921527
1,1,9,"q9_case2",1422,4608,832787818,586687,256,110,37,4,8622.545262
1,1,9,"q9_case2",1423,4608,833371348,583530,256,110,37,4,8644.687206
1,1,9,"q9_case2",1424,4608,833957956,586608,256,110,37,4,8649.829837
1,1,9,"q9_case2",1425,4608,834546527,588571,256,110,37,4,8660.944826
1,1,9,"q9_case2",1426,4608,835135155,588628,256,110,38,4,8684.116509
1,1,9,"q9_case2",1427,4608,835723462,588307,256,110,39,4,8685.863672
1,1,9,"q9_case2",1428,4608,836312242,588780,256,110,38,4,8718.444532
1,1,9,"q9_case2",1429,4608,836901636,589394,256,108,39,4,8720.447483
1,1,9,"q9_case2",1430,4608,837490907,589271,256,108,38,4,8742.710778
1,1,9,"q9_case2",1431,4608,838079457,588550,256,108,37,4,8755.138688
1,1,9,"q9_case2",1432,4608,838668445,588988,256,108,37,4,8757.083046
1,1,9,"q9_case2",1433,4608,839257300,588855,256,108,37,4,8780.582841
1,1,9,"q9_case2",1434,4608,839846086,588786,256,108,38,4,8782.619499
1,1,9,"q9_case2",1435,4608,840434755,588669,256,108,38,4,8810.601136
1,1,9,"q9_case2",1436,4608,841023354,588599,256,106,36,4,8826.156753
1,1,9,"q9_case2",1437,4608,841612382,589028,256,106,36,4,8831.520006
1,1,9,"q9_case2",1438,4608,842200883,588501,256,106,36,4,8847.965634
1,1,9,"q9_case2",1439,4608,842789479,588596,256,106,37,4,8851.974937
1,1,9,"q9_case2",1440,4608,843377929,588450,256,106,36,4,8881.661665
1,1,9,"q9_case2",1441,4608,843966928,588999,256,106,36,4,8887.848224
1,1,9,"q9_case2",1442,4608,844555719,588791,256,106,36,4,8898.889228
1,1,9,"q9_case2",1443,4608,845141846,586127,256,106,37,4,8927.884775
1,1,9,"q9_case2",1444,4608,845725324,583478,256,106,36,4,8935.248190
1,1,9,"q9_case2",1445,4608,846313894,588570,256,104,35,4,8950.765361
1,1,9,"q9_case2",1446,4608,846902638,588744,256,104,35,4,8964.106236
1,1,9,"q9_case2",1447,4608,847480327,577689,256,102,35,4,8979.868569
1,1,9,"q9_case2",1448,4608,848063910,583583,256,100,35,4,8997.441423
1,1,9,"q9_case2",1449,4608,848642640,578730,256,100,34,4,9002.387003
1,1,9,"q9_case2",1450,4608,849221794,579154,256,98,34,4,9026.215677
1,1,9,"q9_case2",1451,4608,849804790,582996,256,96,35,4,9032.603347
1,1,9,"q9_case2",1452,4608,850386934,582144,256,96,32,4,9048.698134
1,1,9,"q9_case2",1453,4608,850966655,579721,256,94,35,4,9061.000913
1,1,9,"q9_case2",1454,4608,851549876,583221,256,92,34,4,9075.259509
1,1,9,"q9_case2",1455,4608,852134624,584748,256,90,32,4,9098.728194
1,1,9,"q9_case2",1456,4608,852718437,583813,256,90,31,4,9103.966915
1,1,9,"q9_case2",1457,4608,853292263,573826,256,88,32,4,9120.739069
1,1,9,"q9_case2",1458,4608,853874467,582204,256,88,31,4,9126.265351
1,1,9,"q9_case2",1459,4608,854454771,580304,256,86,32,4,9148.455940
1,1,9,"q9_case2",1460,4608,855039311,584540,256,86,29,4,9167.222454
1,1,9,"q9_case2",1461,4608,855620993,581682,256,84,30,4,9172.019017
1,1,9,"q9_case2",1462,4608,856202851,581858,256,84,29,4,9194.994977
1,1,9,"q9_case2",1463,4608,856783707,580856,256,82,28,4,9199.497395
1,1,9,"q9_case2",1464,4608,857369502,585795,256,82,28,4,9223.112236
1,1,9,"q9_case2",1465,4608,857951369,581867,256,80,28,4,9231.763640
1,1,9,"q9_case2",1466,4608,858534069,582700,256,78,26,4,9240.310907
1,1,9,"q9_case2",1467,4608,859120944,586875,256,78,26,4,9268.228077
1,1,9,"q9_case2",1468,4608,859692273,571329,256,78,26,4,9272.959280
1,1,9,"q9_case2",1469,4608,860273598,581325,256,78,25,4,9291.509603
1,1,9,"q9_case2",1470,4608,860861889,588291,256,78,25,4,9294.961515
1,1,9,"q9_case2",1471,4608,861445409,583520,256,78,25,4,9317.875738
1,1,9,"q9_case2",1472,4608,862028943,583534,256,78,25,4,9329.721790
1,1,9,"q9_case2",1473,4608,862616165,587222,256,76,26,4,9340.541416
1,1,9,"q9_case2",1474,4608,863203865,587700,256,76,25,4,9365.654713
1,1,9,"q9_case2",1475,4608,863786869,583004,256,74,26,4,9369.067355
1,1,9,"q9_case2",1476,4608,864369456,582587,256,72,24,4,9386.346641
1,1,9,"q9_case2",1477,4608,864955779,586323,256,70,23,4,9392.429842
1,1,9,"q9_case2",1478,4608,865539348,583569,256,70,23,4,9407.064275
1,1,9,"q9_case2",1479,4608,866116319,576971,256,68,23,4,9425.638595
1,1,9,"q9_case2",1480,4608,866700146,583827,256,66,21,4,9433.133137
1,1,9,"q9_case2",1481,4608,867285476,585330,256,66,21,4,9454.768078
1,1,9,"q9_case2",1482,4608,867841480,556004,256,66,21,4,9459.097413
1,1,9,"q9_case2",1483,4608,868424450,582970,256,64,22,4,9479.171445
1,1,9,"q9_case2",1484,4608,869008638,584188,256,64,21,4,9493.301821
1,1,9,"q9_case2",1485,4608,869593473,584835,256,64,20,4,9505.977339
1,1,9,"q9_case2",1486,4608,870175693,582220,256,62,22,4,9522.763923
1,1,9,"q9_case2",1487,4608,870761009,585316,256,60,20,4,9526.253459
1,1,9,"q9_case2",1488,4608,871344717,583708,256,60,19,4,9555.596366
1,1,9,"q9_case2",1489,4608,871904000,559283,256,58,20,4,9560.179768
1,1,9,"q9_case2",1490,4608,872488709,584709,256,56,19,4,9572.445115
1,1,9,"q9_case2",1491,4608,873072663,583954,256,54,17,4,9590.078585
1,1,9,"q9_case2",1492,4608,873654617,581954,256,54,17,4,9593.917430
1,1,9,"q9_case2",1493,4608,874211953,557336,256,54,17,4,9614.175880
1,1,9,"q9_case2",1494,4608,874796821,584868,256,52,18,4,9624.033187
1,1,9,"q9_case2",1495,4608,875380975,584154,256,52,17,4,9638.735617
1,1,9,"q9_case2",1496,4608,875966729,585754,256,52,17,4,9644.840502
1,1,9,"q9_case2",1497,4608,876550745,584016,256,50,18,4,9662.041633
1,1,9,"q9_case2",1498,4608,877136234,585489,256,50,17,4,9684.754583
1,1,9,"q9_case2",1499,4608,877723690,587456,256,48,18,4,9691.150073
1,1,9,"q9_case2",1500,4608,878308687,584997,256,48,17,4,9708.115899
1,1,9,"q9_case2",1501,4608,878893272,584585,256,46,18,4,9713.911431
1,1,9,"q9_case2",1502,4608,879477711,584439,256,46,17,4,9739.511412
1,1,9,"q9_case2",1503,4608,880063279,585568,256,44,16,4,9754.035568
1,1,9,"q9_case2",1504,4608,880650071,586792,256,44,15,4,9759.280861
1,1,9,"q9_case2",1505,4608,881234833,584762,256,42,16,4,9781.737778
1,1,9,"q9_case2",1506,4608,881820084,585251,256,40,15,4,9786.045734
1,1,9,"q9_case2",1507,4608,882405907,585823,256,40,14,4,9799.545384
1,1,9,"q9_case2",1508,4608,882988609,582702,256,38,13,4,9811.616683
1,1,9,"q9_case2",1509,4608,883573781,585172,256,38,13,4,9823.751040
1,1,9,"q9_case2",1510,4608,884154210,580429,256,36,13,4,9847.609279
1,1,9,"q9_case2",1511,4608,884740918,586708,256,34,11,4,9851.588146
1,1,9,"q9_case2",1512,4608,885326121,585203,256,34,12,4,9869.492972
1,1,9,"q9_case2",1513,4608,885882525,556404,256,34,11,4,9873.316949
1,1,9,"q9_case2",1514,4608,886466851,584326,256,32,12,4,9900.805255
1,1,9,"q9_case2",1515,4608,887054161,587310,256,30,11,4,9920.960384
1,1,9,"q9_case2",1516,4608,887639876,585715,256,30,10,4,9925.971981
1,1,9,"q9_case2",1517,4608,888226276,586400,256,30,13,3,9937.248309
1,1,9,"q9_case2",1518,4608,888813264,586988,256,28,12,4,9942.081768
1,1,9,"q9_case2",1519,4608,889401058,587794,256,28,11,4,9971.126204
1,1,9,"q9_case2",1520,4608,889988560,587502,256,28,14,3,9978.213136
1,1,9,"q9_case2",1521,4608,890574767,586207,256,28,13,3,9988.902234
1,1,9,"q9_case2",1522,4608,891162099,587332,256,28,12,3,10009.112166
1,1,9,"q9_case2",1523,4608,891750425,588326,256,28,13,3,10013.787157
1,1,9,"q9_case2",1524,4608,892338606,588181,256,28,12,3,10031.512695
1,1,9,"q9_case2",1525,4608,892926860,588254,256,26,13,3,10045.343350
1,1,9,"q9_case2",1526,4608,893514991,588131,256,26,12,3,10055.703507
1,1,9,"q9_case2",1527,4608,894102818,587827,256,26,11,3,10076.365272
1,1,9,"q9_case2",1528,4608,894691276,588458,256,26,12,3,10082.221261
1,1,9,"q9_case2",1529,4608,895279633,588357,256,26,11,3,10100.917760
1,1,9,"q9_case2",1530,4608,895868398,588765,256,26,12,3,10105.138064
1,1,9,"q9_case2",1531,4608,896457203,588805,256,26,11,3,10120.246926
1,1,9,"q9_case2",1532,4608,897046028,588825,256,26,12,3,10136.385490
1,1,9,"q9_case2",1533,4608,897634919,588891,256,26,11,3,10150.159787
1,1,9,"q9_case2",1534,4608,898223718,588799,256,26,12,3,10169.287118
1,1,9,"q9_case2",1535,4608,898812586,588868,256,26,11,3,10174.839335
1,1,9,"q9_case2",1536,4608,899401265,588679,256,26,12,3,10192.437285
1,1,9,"q9_case2",1537,4608,899990015,588750,256,26,11,3,10206.095038
1,1,9,"q9_case2",1538,4608,900578840,588825,256,26,11,3,10221.035762
1,1,9,"q9_case2",1539,4608,901167809,588969,256,24,11,3,10238.034839
1,1,9,"q9_case2",1540,4608,901756590,588781,256,24,10,3,10242.937485
1,1,9,"q9_case2",1541,4608,902344213,587623,256,22,10,3,10264.221079
1,1,9,"q9_case2",1542,4608,902932315,588102,256,22,9,3,10275.124744
1,1,9,"q9_case2",1543,4608,903516868,584553,256,20,8,3,10287.744390
1,1,9,"q9_case2",1544,4608,904104261,587393,256,20,9,3,10306.469445
1,1,9,"q9_case2",1545,4608,904673448,569187,256,18,8,3,10313.134375
1,1,9,"q9_case2",1546,4608,905260243,586795,256,16,7,3,10332.986364
1,1,9,"q9_case2",1547,4608,905847597,587354,256,14,5,3,10340.046819
1,1,9,"q9_case2",1548,4608,906432893,585296,256,14,6,3,10354.949124
1,1,9,"q9_case2",1549,4608,906990152,557259,256,14,7,3,10374.073999
1,1,9,"q9_case2",1550,4608,907575830,585678,256,12,6,3,10385.975833
1,1,9,"q9_case2",1551,4608,908163978,588148,256,12,5,3,10404.761019
1,1,9,"q9_case2",1552,4608,908752374,588396,256,12,8,2,10411.564995
1,1,9,"q9_case2",1553,4608,909340132,587758,256,10,7,2,10428.678370
1,1,9,"q9_case2",1554,4608,909928421,588289,256,10,6,2,10440.774643
1,1,9,"q9_case2",1555,4608,910516853,588432,256,10,5,2,10454.499434
1,1,9,"q9_case2",1556,4608,911104881,588028,256,10,10,1,10472.305616
1,1,9,"q9_case2",1557,4608,911693406,588525,256,8,5,2,10478.879004
1,1,9,"q9_case2",1558,4608,912282208,588802,256,8,4,2,10503.674261
1,1,9,"q9_case2",1559,4608,912870032,587824,256,6,5,2,10509.081718
1,1,9,"q9_case2",1560,4608,913453996,583964,256,6,6,1,10521.213762
1,1,9,"q9_case2",1561,4608,914042308,588312,256,4,4,1,10538.841367
1,1,9,"q9_case2",1562,4608,914620087,577779,256,2,2,1,10546.009754
1,1,9,"q9_case2",1563,4608,914621697,1610,1,0,0,0,10559.491162
