case_index,total_cases,dim,case_name,depth,parent_count,edge_count,logical_candidates,chunk_candidates,chunks,recent_fingerprints,recent_table_slots,valid_candidates,host_prepare_sec,device_alloc_sec,h2d_sec,recent_update_sec,kernel_sec,sort_sec,d2h_sec,cpu_merge_sec,retained_select_sec,materialize_sec,total_sec
1,1,10,"q10_case1",1,1,5120,5120,5120,1,1,2,5120,0.000100,0.000119,0.000125,0.000000,0.158013,0.000282,0.000151,0.000327,0.000841,0.000592,0.246791
1,1,10,"q10_case1",2,512,5120,2621440,2621440,1,513,2048,2620928,0.001517,0.000298,0.000337,0.000000,0.000573,0.012467,0.000187,0.000346,0.000885,0.000520,0.019129
1,1,10,"q10_case1",3,512,5120,2621440,2621440,1,1025,4096,2620439,0.001516,0.000018,0.000249,0.000000,0.000580,0.012803,0.000154,0.000312,0.000856,0.000467,0.017105
1,1,10,"q10_case1",4,512,5120,2621440,2621440,1,1537,4096,2620905,0.001451,0.000008,0.000259,0.000056,0.000615,0.012789,0.000135,0.000315,0.000858,0.000482,0.017199
1,1,10,"q10_case1",5,512,5120,2621440,2621440,1,2049,8192,2620856,0.001582,0.000013,0.000287,0.000000,0.000610,0.013063,0.000137,0.000306,0.000871,0.000359,0.017392
1,1,10,"q10_case1",6,512,5120,2621440,2621440,1,2561,8192,2620471,0.001432,0.000000,0.000239,0.000025,0.000593,0.012362,0.000168,0.000329,0.000849,0.000374,0.016576
1,1,10,"q10_case1",7,512,5120,2621440,2621440,1,3073,8192,2620486,0.001458,0.000000,0.000238,0.000022,0.000581,0.012915,0.000181,0.000314,0.000881,0.000816,0.017653
1,1,10,"q10_case1",8,512,5120,2621440,2621440,1,3585,8192,2620431,0.001433,0.000000,0.000245,0.000024,0.000564,0.012737,0.000165,0.000320,0.000838,0.000385,0.016912
1,1,10,"q10_case1",9,512,5120,2621440,2621440,1,4097,16384,2620914,0.001671,0.000015,0.000547,0.000000,0.000660,0.012295,0.000138,0.000290,0.000850,0.000300,0.017010
1,1,10,"q10_case1",10,512,5120,2621440,2621440,1,4609,16384,2620848,0.001416,0.000000,0.000258,0.000020,0.000811,0.012948,0.000150,0.000294,0.000826,0.000339,0.017284
1,1,10,"q10_case1",11,512,5120,2621440,2621440,1,5121,16384,2620449,0.001470,0.000000,0.000226,0.000022,0.000617,0.012618,0.000162,0.000286,0.000831,0.000184,0.016616
1,1,10,"q10_case1",12,512,5120,2621440,2621440,1,5633,16384,2620429,0.001428,0.000000,0.000248,0.000023,0.000605,0.012696,0.000142,0.000247,0.000794,0.000262,0.016552
1,1,10,"q10_case1",13,512,5120,2621440,2621440,1,6145,16384,2620435,0.001456,0.000000,0.000240,0.000028,0.000593,0.012450,0.000139,0.000295,0.000842,0.000128,0.016368
1,1,10,"q10_case1",14,512,5120,2621440,2621440,1,6657,16384,2620891,0.001424,0.000000,0.000242,0.000030,0.000582,0.012263,0.000140,0.000251,0.000815,0.000134,0.016024
1,1,10,"q10_case1",15,512,5120,2621440,2621440,1,7169,16384,2620443,0.001442,0.000000,0.000260,0.000031,0.000577,0.012261,0.000140,0.000239,0.000811,0.000101,0.016055
1,1,10,"q10_case1",16,512,5120,2621440,2621440,1,7681,16384,2620893,0.001434,0.000000,0.000248,0.000031,0.000569,0.012625,0.000142,0.000265,0.000792,0.000120,0.016467
1,1,10,"q10_case1",17,512,5120,2621440,2621440,1,8193,32768,2620436,0.001929,0.000016,0.000395,0.000000,0.000650,0.012589,0.000137,0.000254,0.000863,0.000239,0.017229
1,1,10,"q10_case1",18,512,5120,2621440,2621440,1,8705,32768,2620910,0.001484,0.000000,0.000218,0.000026,0.000629,0.012449,0.000158,0.000314,0.000818,0.000225,0.016518
1,1,10,"q10_case1",19,512,5120,2621440,2621440,1,9217,32768,2620434,0.001547,0.000000,0.000267,0.000033,0.000623,0.013372,0.000183,0.000285,0.000888,0.000606,0.018017
1,1,10,"q10_case1",20,512,5120,2621440,2621440,1,9729,32768,2620807,0.001503,0.000000,0.000260,0.000052,0.000644,0.012721,0.000174,0.000286,0.000864,0.000303,0.017047
1,1,10,"q10_case1",21,512,5120,2621440,2621440,1,10241,32768,2620760,0.001487,0.000000,0.000241,0.000038,0.000617,0.013468,0.000176,0.000551,0.000883,0.000612,0.018374
1,1,10,"q10_case1",22,512,5120,2621440,2621440,1,10753,32768,2620716,0.001587,0.000000,0.000240,0.000037,0.000642,0.013368,0.000175,0.000440,0.000872,0.000355,0.017920
1,1,10,"q10_case1",23,512,5120,2621440,2621440,1,11265,32768,2620701,0.001515,0.000000,0.000295,0.000034,0.000610,0.013120,0.000188,0.000288,0.000974,0.000715,0.017993
1,1,10,"q10_case1",24,512,5120,2621440,2621440,1,11777,32768,2620722,0.001506,0.000000,0.000259,0.000031,0.000608,0.012296,0.000156,0.000272,0.000842,0.000354,0.016520
1,1,10,"q10_case1",25,512,5120,2621440,2621440,1,12289,32768,2620731,0.001529,0.000000,0.000264,0.000031,0.000600,0.013255,0.000168,0.000345,0.000942,0.000611,0.018059
1,1,10,"q10_case1",26,512,5120,2621440,2621440,1,12801,32768,2620917,0.001515,0.000000,0.000267,0.000041,0.000595,0.013337,0.000200,0.000272,0.000879,0.000373,0.017704
1,1,10,"q10_case1",27,512,5120,2621440,2621440,1,13313,32768,2620434,0.001527,0.000000,0.000261,0.000035,0.000597,0.013255,0.000138,0.000302,0.000914,0.000509,0.017778
1,1,10,"q10_case1",28,512,5120,2621440,2621440,1,13825,32768,2620910,0.001546,0.000000,0.000222,0.000046,0.000592,0.013408,0.000182,0.000311,0.000887,0.000338,0.017759
1,1,10,"q10_case1",29,512,5120,2621440,2621440,1,14337,32768,2620423,0.001524,0.000000,0.000284,0.000030,0.000618,0.012773,0.000181,0.000263,0.000913,0.000504,0.017349
1,1,10,"q10_case1",30,512,5120,2621440,2621440,1,14849,32768,2620903,0.001552,0.000000,0.000267,0.000045,0.000590,0.012989,0.000155,0.000287,0.000892,0.000365,0.017401
1,1,10,"q10_case1",31,512,5120,2621440,2621440,1,15361,32768,2620433,0.001525,0.000001,0.000505,0.000063,0.000625,0.013219,0.000197,0.000291,0.000967,0.000533,0.018247
1,1,10,"q10_case1",32,512,5120,2621440,2621440,1,15873,32768,2620909,0.001522,0.000001,0.000358,0.000042,0.000590,0.013053,0.000170,0.000280,0.000963,0.000255,0.017462
1,1,10,"q10_case1",33,512,5120,2621440,2621440,1,16385,65536,2620872,0.002605,0.000135,0.000491,0.000000,0.000653,0.013206,0.000187,0.000400,0.000883,0.000458,0.019529
1,1,10,"q10_case1",34,512,5120,2621440,2621440,1,16897,65536,2620432,0.001513,0.000000,0.000255,0.000027,0.000637,0.013588,0.000184,0.000398,0.000879,0.000297,0.018070
1,1,10,"q10_case1",35,512,5120,2621440,2621440,1,17409,65536,2620426,0.001574,0.000000,0.000247,0.000023,0.000637,0.012460,0.000130,0.000320,0.000907,0.000462,0.016990
1,1,10,"q10_case1",36,512,5120,2621440,2621440,1,17921,65536,2620906,0.001483,0.000000,0.000286,0.000031,0.000640,0.012940,0.000182,0.000339,0.000839,0.000315,0.017272
1,1,10,"q10_case1",37,512,5120,2621440,2621440,1,18433,65536,2620426,0.001477,0.000000,0.000245,0.000024,0.000636,0.012747,0.000139,0.000332,0.000930,0.000452,0.017182
1,1,10,"q10_case1",38,512,5120,2621440,2621440,1,18945,65536,2620923,0.001455,0.000000,0.000235,0.000026,0.000639,0.012737,0.000176,0.000579,0.001025,0.000235,0.017363
1,1,10,"q10_case1",39,512,5120,2621440,2621440,1,19457,65536,2620420,0.001454,0.000000,0.000446,0.000048,0.000660,0.012211,0.000179,0.000316,0.000886,0.000408,0.016935
1,1,10,"q10_case1",40,512,5120,2621440,2621440,1,19969,65536,2620910,0.001474,0.000000,0.000254,0.000023,0.000628,0.012586,0.000130,0.000299,0.000858,0.000164,0.016600
1,1,10,"q10_case1",41,512,5120,2621440,2621440,1,20481,65536,2620655,0.001453,0.000000,0.000275,0.000021,0.000630,0.012062,0.000133,0.000307,0.000843,0.000398,0.016307
1,1,10,"q10_case1",42,512,5120,2621440,2621440,1,20993,65536,2620438,0.001440,0.000000,0.000253,0.000026,0.000632,0.011945,0.000173,0.000314,0.000885,0.000097,0.015983
1,1,10,"q10_case1",43,512,5120,2621440,2621440,1,21505,65536,2620430,0.001463,0.000000,0.000266,0.000025,0.000627,0.011983,0.000146,0.000326,0.000880,0.000431,0.016365
1,1,10,"q10_case1",44,512,5120,2621440,2621440,1,22017,65536,2620422,0.001448,0.000000,0.000238,0.000032,0.000622,0.012462,0.000183,0.000294,0.000788,0.000110,0.016380
1,1,10,"q10_case1",45,512,5120,2621440,2621440,1,22529,65536,2620909,0.001470,0.000000,0.000249,0.000030,0.000618,0.012541,0.000147,0.000320,0.000859,0.000404,0.016831
1,1,10,"q10_case1",46,512,5120,2621440,2621440,1,23041,65536,2620419,0.001473,0.000000,0.000340,0.000023,0.000615,0.011979,0.000143,0.000314,0.000827,0.000161,0.016057
1,1,10,"q10_case1",47,512,5120,2621440,2621440,1,23553,65536,2620829,0.001432,0.000000,0.000244,0.000022,0.000618,0.011683,0.000138,0.000278,0.000875,0.000565,0.016058
1,1,10,"q10_case1",48,512,5120,2621440,2621440,1,24065,65536,2620776,0.001473,0.000000,0.000279,0.000031,0.000614,0.012146,0.000145,0.000280,0.000866,0.000202,0.016262
1,1,10,"q10_case1",49,512,5120,2621440,2621440,1,24577,65536,2620905,0.001534,0.000000,0.000249,0.000039,0.000618,0.012067,0.000143,0.000264,0.000873,0.000571,0.016570
1,1,10,"q10_case1",50,512,5120,2621440,2621440,1,25089,65536,2620430,0.001531,0.000000,0.000349,0.000041,0.000610,0.012908,0.000145,0.000294,0.000834,0.000200,0.017140
1,1,10,"q10_case1",51,512,5120,2621440,2621440,1,25601,65536,2620914,0.001460,0.000000,0.000238,0.000027,0.000606,0.012688,0.000135,0.000275,0.000877,0.000432,0.016921
1,1,10,"q10_case1",52,512,5120,2621440,2621440,1,26113,65536,2620431,0.001540,0.000000,0.000278,0.000023,0.000608,0.012121,0.000136,0.000276,0.000824,0.000101,0.016119
1,1,10,"q10_case1",53,512,5120,2621440,2621440,1,26625,65536,2620910,0.001451,0.000000,0.000219,0.000027,0.000602,0.015053,0.000130,0.000277,0.000870,0.000416,0.019227
1,1,10,"q10_case1",54,512,5120,2621440,2621440,1,27137,65536,2620427,0.001476,0.000000,0.000291,0.000029,0.000598,0.012005,0.000134,0.000270,0.000809,0.000101,0.015885
1,1,10,"q10_case1",55,512,5120,2621440,2621440,1,27649,65536,2620916,0.001442,0.000000,0.000276,0.000035,0.000600,0.012291,0.000138,0.000277,0.000837,0.000418,0.016541
1,1,10,"q10_case1",56,512,5120,2621440,2621440,1,28161,65536,2620785,0.001427,0.000000,0.000255,0.000028,0.000601,0.011931,0.000133,0.000279,0.000805,0.000100,0.015765
1,1,10,"q10_case1",57,512,5120,2621440,2621440,1,28673,65536,2620470,0.001457,0.000000,0.000291,0.000027,0.000630,0.011866,0.000138,0.000272,0.000891,0.000322,0.016126
1,1,10,"q10_case1",58,512,5120,2621440,2621440,1,29185,65536,2620468,0.001442,0.000000,0.000231,0.000022,0.000594,0.012740,0.000149,0.000276,0.000817,0.000162,0.016608
1,1,10,"q10_case1",59,512,5120,2621440,2621440,1,29697,65536,2620427,0.001454,0.000000,0.000231,0.000030,0.000612,0.011892,0.000135,0.000311,0.000873,0.000291,0.016011
1,1,10,"q10_case1",60,512,5120,2621440,2621440,1,30209,65536,2620920,0.001442,0.000000,0.000239,0.000028,0.000592,0.012234,0.000135,0.000330,0.000867,0.000346,0.016418
1,1,10,"q10_case1",61,512,5120,2621440,2621440,1,30721,65536,2620425,0.001491,0.000000,0.000218,0.000057,0.000619,0.012201,0.000152,0.000332,0.000913,0.000438,0.016629
1,1,10,"q10_case1",62,512,5120,2621440,2621440,1,31233,65536,2620902,0.001477,0.000000,0.000258,0.000031,0.000601,0.012734,0.000150,0.000450,0.000840,0.000377,0.017131
1,1,10,"q10_case1",63,512,5120,2621440,2621440,1,31745,65536,2620422,0.001491,0.000000,0.000323,0.000053,0.000597,0.012868,0.000220,0.000307,0.000895,0.000594,0.017610
1,1,10,"q10_case1",64,512,5120,2621440,2621440,1,32257,65536,2620922,0.001547,0.000000,0.000526,0.000059,0.000628,0.013229,0.000167,0.000305,0.000916,0.000388,0.018115
1,1,10,"q10_case1",65,512,5120,2621440,2621440,1,32769,131072,2620426,0.004242,0.000397,0.000645,0.000000,0.000672,0.012621,0.000143,0.000296,0.000976,0.000786,0.021255
1,1,10,"q10_case1",66,512,5120,2621440,2621440,1,33281,131072,2620924,0.001533,0.000000,0.000242,0.000038,0.000661,0.013262,0.000180,0.000289,0.000904,0.000382,0.017728
1,1,10,"q10_case1",67,512,5120,2621440,2621440,1,33793,131072,2620421,0.001553,0.000000,0.000319,0.000032,0.000641,0.013278,0.000152,0.000355,0.000975,0.000607,0.018139
1,1,10,"q10_case1",68,512,5120,2621440,2621440,1,34305,131072,2620910,0.001525,0.000000,0.000353,0.000027,0.000641,0.011924,0.000172,0.000283,0.000873,0.000375,0.016404
1,1,10,"q10_case1",69,512,5120,2621440,2621440,1,34817,131072,2620421,0.001553,0.000000,0.000320,0.000050,0.000641,0.012171,0.000136,0.000273,0.000930,0.000392,0.016667
1,1,10,"q10_case1",70,512,5120,2621440,2621440,1,35329,131072,2620924,0.001504,0.000000,0.000421,0.000029,0.000644,0.013229,0.000172,0.000273,0.000878,0.000378,0.017750
1,1,10,"q10_case1",71,512,5120,2621440,2621440,1,35841,131072,2620423,0.001497,0.000000,0.000245,0.000029,0.000637,0.012399,0.000188,0.000298,0.000903,0.000512,0.016915
1,1,10,"q10_case1",72,512,5120,2621440,2621440,1,36353,131072,2620916,0.001583,0.000000,0.000326,0.000035,0.000637,0.012124,0.000139,0.000330,0.000899,0.000381,0.016676
1,1,10,"q10_case1",73,512,5120,2621440,2621440,1,36865,131072,2620418,0.001546,0.000000,0.000485,0.000060,0.000665,0.012402,0.000187,0.000368,0.000914,0.000526,0.017517
1,1,10,"q10_case1",74,512,5120,2621440,2621440,1,37377,131072,2620812,0.001567,0.000000,0.000363,0.000039,0.000640,0.012691,0.000178,0.000313,0.000879,0.000326,0.017211
1,1,10,"q10_case1",75,512,5120,2621440,2621440,1,37889,131072,2620773,0.001479,0.000000,0.000243,0.000025,0.000637,0.013881,0.000141,0.000319,0.000903,0.000553,0.018356
1,1,10,"q10_case1",76,512,5120,2621440,2621440,1,38401,131072,2620745,0.001482,0.000000,0.000305,0.000031,0.000638,0.014167,0.000159,0.000291,0.000878,0.000187,0.018359
1,1,10,"q10_case1",77,512,5120,2621440,2621440,1,38913,131072,2620915,0.001561,0.000000,0.000305,0.000037,0.000634,0.027330,0.000141,0.000281,0.000872,0.000513,0.031884
1,1,10,"q10_case1",78,512,5120,2621440,2621440,1,39425,131072,2620428,0.001457,0.000000,0.000245,0.000028,0.000660,0.012348,0.000138,0.000274,0.000846,0.000247,0.016446
1,1,10,"q10_case1",79,512,5120,2621440,2621440,1,39937,131072,2620337,0.001485,0.000000,0.000222,0.000031,0.000629,0.012055,0.000134,0.000241,0.000873,0.000399,0.016291
1,1,10,"q10_case1",80,512,5120,2621440,2621440,1,40449,131072,2620717,0.001445,0.000000,0.000244,0.000026,0.000628,0.011205,0.000133,0.000270,0.000794,0.000135,0.015063
1,1,10,"q10_case1",81,512,5120,2621440,2621440,1,40961,131072,2620421,0.001509,0.000000,0.000310,0.000023,0.000629,0.012009,0.000177,0.000280,0.000842,0.000373,0.016362
1,1,10,"q10_case1",82,512,5120,2621440,2621440,1,41473,131072,2620907,0.001508,0.000000,0.000275,0.000022,0.000628,0.011877,0.000137,0.000244,0.000835,0.000132,0.015870
1,1,10,"q10_case1",83,512,5120,2621440,2621440,1,41985,131072,2620421,0.001454,0.000000,0.000280,0.000022,0.000632,0.012542,0.000140,0.000276,0.000867,0.000447,0.016866
1,1,10,"q10_case1",84,512,5120,2621440,2621440,1,42497,131072,2620642,0.001448,0.000000,0.000402,0.000020,0.001139,0.017062,0.000171,0.000278,0.000798,0.000107,0.021598
1,1,10,"q10_case1",85,512,5120,2621440,2621440,1,43009,131072,2620897,0.001448,0.000000,0.000242,0.000021,0.001148,0.017534,0.000196,0.000278,0.000852,0.000371,0.022283
1,1,10,"q10_case1",86,512,5120,2621440,2621440,1,43521,131072,2620417,0.001471,0.000000,0.000254,0.000022,0.001122,0.016905,0.000198,0.000279,0.000834,0.000116,0.021417
1,1,10,"q10_case1",87,512,5120,2621440,2621440,1,44033,131072,2620894,0.001469,0.000000,0.000239,0.000039,0.001128,0.017144,0.000199,0.000283,0.000873,0.000520,0.022099
1,1,10,"q10_case1",88,512,5120,2621440,2621440,1,44545,131072,2620416,0.001493,0.000000,0.000249,0.000031,0.001120,0.017176,0.000206,0.000280,0.000827,0.000285,0.021898
1,1,10,"q10_case1",89,512,5120,2621440,2621440,1,45057,131072,2620794,0.001467,0.000000,0.000267,0.000034,0.001121,0.018478,0.000211,0.000283,0.000860,0.000556,0.023509
1,1,10,"q10_case1",90,512,5120,2621440,2621440,1,45569,131072,2620772,0.001436,0.000000,0.000371,0.000028,0.001122,0.016743,0.000208,0.000275,0.000821,0.000180,0.021378
1,1,10,"q10_case1",91,512,5120,2621440,2621440,1,46081,131072,2620721,0.001450,0.000000,0.000217,0.000061,0.001118,0.017386,0.000208,0.000280,0.000861,0.000399,0.022162
1,1,10,"q10_case1",92,512,5120,2621440,2621440,1,46593,131072,2620684,0.001469,0.000000,0.000244,0.000025,0.001113,0.017382,0.000208,0.000517,0.000797,0.000122,0.022150
1,1,10,"q10_case1",93,512,5120,2621440,2621440,1,47105,131072,2620701,0.001454,0.000000,0.000239,0.000027,0.001113,0.016875,0.000206,0.000321,0.000857,0.000453,0.021804
1,1,10,"q10_case1",94,512,5120,2621440,2621440,1,47617,131072,2620698,0.002001,0.000000,0.000232,0.000050,0.001106,0.017284,0.000211,0.000279,0.000826,0.000265,0.022492
1,1,10,"q10_case1",95,512,5120,2621440,2621440,1,48129,131072,2620786,0.001497,0.000000,0.000245,0.000030,0.001105,0.019625,0.000200,0.000296,0.000960,0.000523,0.024730
1,1,10,"q10_case1",96,512,5120,2621440,2621440,1,48641,131072,2620625,0.001537,0.000000,0.000273,0.000048,0.001104,0.017181,0.000214,0.000292,0.000898,0.000397,0.022190
1,1,10,"q10_case1",97,512,5120,2621440,2621440,1,49153,131072,2620649,0.001516,0.000000,0.000325,0.000042,0.001100,0.018561,0.000224,0.000565,0.000937,0.000583,0.024143
1,1,10,"q10_case1",98,512,5120,2621440,2621440,1,49665,131072,2620589,0.001556,0.000000,0.000362,0.000038,0.001100,0.017816,0.000206,0.000307,0.001113,0.000354,0.023113
1,1,10,"q10_case1",99,512,5120,2621440,2621440,1,50177,131072,2620553,0.001744,0.000000,0.000537,0.000060,0.001571,0.014513,0.000222,0.000292,0.000931,0.000432,0.020691
1,1,10,"q10_case1",100,512,5120,2621440,2621440,1,50689,131072,2620909,0.001538,0.000000,0.000319,0.000034,0.000611,0.013909,0.000137,0.000289,0.000909,0.000393,0.018368
1,1,10,"q10_case1",101,512,5120,2621440,2621440,1,51201,131072,2620420,0.001559,0.000000,0.000328,0.000051,0.000609,0.014272,0.000169,0.000289,0.000896,0.000490,0.018907
1,1,10,"q10_case1",102,512,5120,2621440,2621440,1,51713,131072,2620429,0.001501,0.000000,0.000312,0.000035,0.000608,0.014659,0.000152,0.000572,0.000911,0.000370,0.019347
1,1,10,"q10_case1",103,512,5120,2621440,2621440,1,52225,131072,2620661,0.001608,0.000000,0.000284,0.000040,0.000609,0.014623,0.000138,0.000288,0.000948,0.000509,0.019262
1,1,10,"q10_case1",104,512,5120,2621440,2621440,1,52737,131072,2620601,0.001542,0.000000,0.000232,0.000065,0.000613,0.012791,0.000138,0.000306,0.000901,0.000351,0.017173
1,1,10,"q10_case1",105,512,5120,2621440,2621440,1,53249,131072,2620407,0.001509,0.000000,0.000312,0.000035,0.000612,0.012260,0.000146,0.000283,0.000895,0.000413,0.016654
1,1,10,"q10_case1",106,512,5120,2621440,2621440,1,53761,131072,2620487,0.001450,0.000000,0.000279,0.000024,0.000609,0.012916,0.000172,0.000285,0.000839,0.000293,0.017079
1,1,10,"q10_case1",107,512,5120,2621440,2621440,1,54273,131072,2620474,0.001487,0.000000,0.000227,0.000085,0.000916,0.012213,0.000138,0.000291,0.000900,0.000491,0.016905
1,1,10,"q10_case1",108,512,5120,2621440,2621440,1,54785,131072,2620513,0.001494,0.000000,0.000288,0.000028,0.000607,0.012061,0.000174,0.000446,0.000827,0.000339,0.016535
1,1,10,"q10_case1",109,512,5120,2621440,2621440,1,55297,131072,2620469,0.001489,0.000000,0.000263,0.000031,0.000606,0.012042,0.000140,0.000284,0.000848,0.000380,0.016310
1,1,10,"q10_case1",110,512,5120,2621440,2621440,1,55809,131072,2620409,0.001484,0.000000,0.000233,0.000039,0.000627,0.012278,0.000178,0.000288,0.000830,0.000186,0.016382
1,1,10,"q10_case1",111,512,5120,2621440,2621440,1,56321,131072,2620329,0.001512,0.000000,0.000265,0.000039,0.000687,0.011717,0.000133,0.000287,0.000837,0.000311,0.016022
1,1,10,"q10_case1",112,512,5120,2621440,2621440,1,56833,131072,2620903,0.001460,0.000000,0.000239,0.000027,0.000604,0.011855,0.000135,0.000241,0.000843,0.000161,0.015801
1,1,10,"q10_case1",113,512,5120,2621440,2621440,1,57345,131072,2620427,0.001446,0.000000,0.000236,0.000024,0.000606,0.011581,0.000130,0.000296,0.000870,0.000302,0.015690
1,1,10,"q10_case1",114,512,5120,2621440,2621440,1,57857,131072,2620431,0.001454,0.000000,0.000247,0.000029,0.000603,0.012090,0.000139,0.000294,0.000832,0.000105,0.016039
1,1,10,"q10_case1",115,512,5120,2621440,2621440,1,58369,131072,2620915,0.001476,0.000000,0.000245,0.000033,0.000605,0.022246,0.000134,0.000267,0.000850,0.000253,0.026305
1,1,10,"q10_case1",116,512,5120,2621440,2621440,1,58881,131072,2620444,0.001456,0.000000,0.000313,0.000028,0.000603,0.012107,0.000136,0.000258,0.000793,0.000100,0.015992
1,1,10,"q10_case1",117,512,5120,2621440,2621440,1,59393,131072,2620903,0.001454,0.000000,0.000343,0.000025,0.000605,0.012175,0.000134,0.000275,0.000861,0.000385,0.016429
1,1,10,"q10_case1",118,512,5120,2621440,2621440,1,59905,131072,2620434,0.001501,0.000000,0.000221,0.000031,0.000602,0.011939,0.000130,0.000261,0.000834,0.000102,0.015792
1,1,10,"q10_case1",119,512,5120,2621440,2621440,1,60417,131072,2620910,0.001482,0.000000,0.000265,0.000034,0.000606,0.011438,0.000130,0.000317,0.000943,0.000312,0.015723
1,1,10,"q10_case1",120,512,5120,2621440,2621440,1,60929,131072,2620432,0.001437,0.000000,0.000307,0.000027,0.000608,0.011855,0.000147,0.000298,0.000834,0.000125,0.015821
1,1,10,"q10_case1",121,512,5120,2621440,2621440,1,61441,131072,2620440,0.001444,0.000000,0.000287,0.000039,0.000605,0.012358,0.000142,0.000295,0.000864,0.000255,0.016491
1,1,10,"q10_case1",122,512,5120,2621440,2621440,1,61953,131072,2620602,0.001444,0.000000,0.000221,0.000030,0.000598,0.011896,0.000135,0.000279,0.000803,0.000144,0.015719
1,1,10,"q10_case1",123,512,5120,2621440,2621440,1,62465,131072,2620405,0.001453,0.000000,0.000212,0.000030,0.000602,0.012741,0.000135,0.000233,0.000843,0.000304,0.016796
1,1,10,"q10_case1",124,512,5120,2621440,2621440,1,62977,131072,2620919,0.001463,0.000000,0.000210,0.000033,0.000603,0.013031,0.000135,0.000279,0.000840,0.000130,0.016931
1,1,10,"q10_case1",125,512,5120,2621440,2621440,1,63489,131072,2620456,0.001444,0.000000,0.000228,0.000027,0.000602,0.011895,0.000131,0.000284,0.000837,0.000250,0.015877
1,1,10,"q10_case1",126,512,5120,2621440,2621440,1,64001,131072,2620915,0.001539,0.000000,0.000333,0.000028,0.000605,0.012749,0.000153,0.000289,0.000823,0.000211,0.016908
1,1,10,"q10_case1",127,512,5120,2621440,2621440,1,64513,131072,2620448,0.001450,0.000000,0.000242,0.000052,0.000607,0.012337,0.000137,0.000302,0.000919,0.000385,0.016668
1,1,10,"q10_case1",128,512,5120,2621440,2621440,1,65025,131072,2620902,0.001446,0.000000,0.000301,0.000044,0.000602,0.012416,0.000164,0.000289,0.000826,0.000334,0.016665
1,1,10,"q10_case1",129,512,5120,2621440,2621440,1,65537,262144,2620427,0.007279,0.000493,0.000817,0.000000,0.000665,0.013178,0.000155,0.000251,0.000895,0.000650,0.025000
1,1,10,"q10_case1",130,512,5120,2621440,2621440,1,66049,262144,2620903,0.001499,0.000000,0.000241,0.000055,0.000658,0.012302,0.000146,0.000297,0.000911,0.000381,0.016802
1,1,10,"q10_case1",131,512,5120,2621440,2621440,1,66561,262144,2620426,0.001489,0.000000,0.000262,0.000031,0.000648,0.012910,0.000163,0.000324,0.000929,0.000678,0.017729
1,1,10,"q10_case1",132,512,5120,2621440,2621440,1,67073,262144,2620439,0.001587,0.000000,0.000517,0.000058,0.000667,0.012536,0.000182,0.000300,0.000924,0.000381,0.017512
1,1,10,"q10_case1",133,512,5120,2621440,2621440,1,67585,262144,2620398,0.001555,0.000000,0.000251,0.000032,0.000640,0.012137,0.000170,0.000300,0.000969,0.000659,0.016918
1,1,10,"q10_case1",134,512,5120,2621440,2621440,1,68097,262144,2620750,0.001508,0.000001,0.000303,0.000037,0.000647,0.012631,0.000135,0.000298,0.000875,0.000313,0.016980
1,1,10,"q10_case1",135,512,5120,2621440,2621440,1,68609,262144,2620608,0.001500,0.000000,0.000253,0.000031,0.000647,0.013147,0.000152,0.000255,0.001213,0.000527,0.017972
1,1,10,"q10_case1",136,512,5120,2621440,2621440,1,69121,262144,2620916,0.001520,0.000000,0.000271,0.000034,0.000653,0.013853,0.000161,0.000301,0.000886,0.000326,0.018234
1,1,10,"q10_case1",137,512,5120,2621440,2621440,1,69633,262144,2620406,0.001483,0.000000,0.000254,0.000029,0.000639,0.013634,0.000151,0.000295,0.000927,0.000570,0.018197
1,1,10,"q10_case1",138,512,5120,2621440,2621440,1,70145,262144,2620888,0.001530,0.000000,0.000252,0.000032,0.000649,0.013706,0.000135,0.000303,0.000885,0.000368,0.018096
1,1,10,"q10_case1",139,512,5120,2621440,2621440,1,70657,262144,2620416,0.001514,0.000000,0.000262,0.000044,0.000644,0.013614,0.000136,0.000303,0.000898,0.000718,0.018326
1,1,10,"q10_case1",140,512,5120,2621440,2621440,1,71169,262144,2620430,0.001494,0.000000,0.000256,0.000024,0.000642,0.013943,0.000189,0.000287,0.000820,0.000282,0.018149
1,1,10,"q10_case1",141,512,5120,2621440,2621440,1,71681,262144,2620446,0.001493,0.000000,0.000251,0.000028,0.000641,0.013455,0.000149,0.000299,0.000856,0.000623,0.017968
1,1,10,"q10_case1",142,512,5120,2621440,2621440,1,72193,262144,2620410,0.001501,0.000000,0.000216,0.000035,0.000645,0.013833,0.000151,0.000303,0.000804,0.000241,0.017884
1,1,10,"q10_case1",143,512,5120,2621440,2621440,1,72705,262144,2620196,0.001454,0.000000,0.000257,0.000025,0.000671,0.011915,0.000158,0.000296,0.000873,0.000637,0.016488
1,1,10,"q10_case1",144,512,5120,2621440,2621440,1,73217,262144,2620134,0.001489,0.000000,0.000252,0.000028,0.000641,0.012431,0.000172,0.000295,0.000817,0.000236,0.016587
1,1,10,"q10_case1",145,512,5120,2621440,2621440,1,73729,262144,2620124,0.001529,0.000000,0.000379,0.000024,0.000643,0.013024,0.000137,0.000277,0.000860,0.000568,0.017642
1,1,10,"q10_case1",146,512,5120,2621440,2621440,1,74241,262144,2620160,0.001441,0.000000,0.000313,0.000020,0.000644,0.012138,0.000163,0.000280,0.000833,0.000138,0.016161
1,1,10,"q10_case1",147,512,5120,2621440,2621440,1,74753,262144,2620181,0.001445,0.000000,0.000269,0.000025,0.000644,0.011868,0.000130,0.000360,0.000830,0.000584,0.016372
1,1,10,"q10_case1",148,512,5120,2621440,2621440,1,75265,262144,2620224,0.001452,0.000000,0.000242,0.000026,0.000639,0.011954,0.000138,0.000276,0.000836,0.000136,0.015884
1,1,10,"q10_case1",149,512,5120,2621440,2621440,1,75777,262144,2620320,0.001454,0.000000,0.000235,0.000022,0.000639,0.013190,0.000137,0.000309,0.000883,0.000605,0.017670
1,1,10,"q10_case1",150,512,5120,2621440,2621440,1,76289,262144,2620369,0.001469,0.000000,0.000267,0.000022,0.000640,0.012455,0.000158,0.000285,0.000816,0.000146,0.016467
1,1,10,"q10_case1",151,512,5120,2621440,2621440,1,76801,262144,2620398,0.001463,0.000000,0.000253,0.000022,0.000639,0.011996,0.000130,0.000276,0.000849,0.000591,0.016431
1,1,10,"q10_case1",152,512,5120,2621440,2621440,1,77313,262144,2620484,0.001422,0.000000,0.000254,0.000022,0.000637,0.012003,0.000141,0.000290,0.000826,0.000241,0.016043
1,1,10,"q10_case1",153,512,5120,2621440,2621440,1,77825,262144,2620426,0.001460,0.000000,0.000406,0.000036,0.000666,0.013657,0.000156,0.000274,0.000833,0.000598,0.018365
1,1,10,"q10_case1",154,512,5120,2621440,2621440,1,78337,262144,2620322,0.001436,0.000000,0.000248,0.000023,0.000641,0.012178,0.000135,0.000298,0.000806,0.000248,0.016219
1,1,10,"q10_case1",155,512,5120,2621440,2621440,1,78849,262144,2620352,0.001460,0.000000,0.000254,0.000028,0.000636,0.012357,0.000135,0.000275,0.000835,0.000579,0.016762
1,1,10,"q10_case1",156,512,5120,2621440,2621440,1,79361,262144,2620336,0.001432,0.000000,0.000244,0.000026,0.000638,0.012375,0.000182,0.000292,0.000771,0.000145,0.016304
1,1,10,"q10_case1",157,512,5120,2621440,2621440,1,79873,262144,2620285,0.001439,0.000000,0.000279,0.000023,0.000637,0.018656,0.000133,0.000284,0.000826,0.000543,0.023038
1,1,10,"q10_case1",158,512,5120,2621440,2621440,1,80385,262144,2620287,0.001445,0.000000,0.000326,0.000020,0.000641,0.012230,0.000142,0.000287,0.000779,0.000144,0.016181
1,1,10,"q10_case1",159,512,5120,2621440,2621440,1,80897,262144,2620307,0.001441,0.000000,0.000207,0.000026,0.000658,0.012937,0.000174,0.000280,0.000811,0.000484,0.017231
1,1,10,"q10_case1",160,512,5120,2621440,2621440,1,81409,262144,2620313,0.001420,0.000000,0.000244,0.000024,0.000642,0.012683,0.000136,0.000292,0.000792,0.000289,0.016713
1,1,10,"q10_case1",161,512,5120,2621440,2621440,1,81921,262144,2620317,0.001489,0.000000,0.000277,0.000040,0.000639,0.012956,0.000152,0.000297,0.000839,0.000820,0.017736
1,1,10,"q10_case1",162,512,5120,2621440,2621440,1,82433,262144,2620310,0.001483,0.000000,0.000234,0.000054,0.000644,0.012101,0.000149,0.000308,0.001291,0.000241,0.016776
1,1,10,"q10_case1",163,512,5120,2621440,2621440,1,82945,262144,2620889,0.001527,0.000000,0.000271,0.000031,0.000640,0.012279,0.000147,0.000328,0.000961,0.000667,0.017089
1,1,10,"q10_case1",164,512,5120,2621440,2621440,1,83457,262144,2620421,0.001501,0.000000,0.000262,0.000036,0.000636,0.012279,0.000144,0.000304,0.000885,0.000232,0.016527
1,1,10,"q10_case1",165,512,5120,2621440,2621440,1,83969,262144,2620913,0.001521,0.000000,0.000264,0.000032,0.000641,0.017006,0.000147,0.000347,0.000883,0.000660,0.021728
1,1,10,"q10_case1",166,512,5120,2621440,2621440,1,84481,262144,2620768,0.001566,0.000000,0.000545,0.000053,0.000659,0.014300,0.000211,0.000298,0.000899,0.000271,0.019157
1,1,10,"q10_case1",167,512,5120,2621440,2621440,1,84993,262144,2620417,0.001515,0.000000,0.000228,0.000030,0.000628,0.013634,0.000140,0.000328,0.000925,0.000717,0.018378
1,1,10,"q10_case1",168,512,5120,2621440,2621440,1,85505,262144,2620412,0.001481,0.000000,0.000325,0.000036,0.000632,0.013685,0.000134,0.000290,0.000893,0.000212,0.017918
1,1,10,"q10_case1",169,512,5120,2621440,2621440,1,86017,262144,2620886,0.001576,0.000000,0.000471,0.000060,0.000632,0.014028,0.000237,0.000678,0.000929,0.000678,0.019655
1,1,10,"q10_case1",170,512,5120,2621440,2621440,1,86529,262144,2620420,0.001490,0.000000,0.000262,0.000029,0.000628,0.013639,0.000140,0.000294,0.000908,0.000230,0.017897
1,1,10,"q10_case1",171,512,5120,2621440,2621440,1,87041,262144,2620906,0.001573,0.000000,0.000242,0.000039,0.000634,0.014302,0.000140,0.000293,0.000914,0.000693,0.019043
1,1,10,"q10_case1",172,512,5120,2621440,2621440,1,87553,262144,2620422,0.001478,0.000000,0.000255,0.000025,0.000627,0.013412,0.000189,0.000291,0.000841,0.000200,0.017562
1,1,10,"q10_case1",173,512,5120,2621440,2621440,1,88065,262144,2620925,0.001519,0.000000,0.000266,0.000030,0.000636,0.012912,0.000142,0.000295,0.000882,0.000620,0.017553
1,1,10,"q10_case1",174,512,5120,2621440,2621440,1,88577,262144,2620874,0.001481,0.000000,0.000272,0.000031,0.000633,0.012081,0.000157,0.000298,0.000887,0.000310,0.016381
1,1,10,"q10_case1",175,512,5120,2621440,2621440,1,89089,262144,2620425,0.001459,0.000000,0.000230,0.000030,0.000626,0.012430,0.000152,0.000278,0.000879,0.000552,0.016846
1,1,10,"q10_case1",176,512,5120,2621440,2621440,1,89601,262144,2620919,0.001442,0.000000,0.000277,0.000029,0.000630,0.012259,0.000155,0.000280,0.000825,0.000225,0.016362
1,1,10,"q10_case1",177,512,5120,2621440,2621440,1,90113,262144,2620424,0.001457,0.000000,0.000274,0.000022,0.000635,0.011935,0.000130,0.000269,0.000888,0.000528,0.016366
1,1,10,"q10_case1",178,512,5120,2621440,2621440,1,90625,262144,2620917,0.001449,0.000000,0.000248,0.000026,0.000631,0.011902,0.000138,0.000289,0.000898,0.000151,0.015949
1,1,10,"q10_case1",179,512,5120,2621440,2621440,1,91137,262144,2620422,0.001442,0.000000,0.000250,0.000025,0.000627,0.011983,0.000134,0.000300,0.000870,0.000530,0.016356
1,1,10,"q10_case1",180,512,5120,2621440,2621440,1,91649,262144,2620889,0.001428,0.000000,0.000227,0.000026,0.000630,0.012247,0.000131,0.000288,0.000817,0.000151,0.016158
1,1,10,"q10_case1",181,512,5120,2621440,2621440,1,92161,262144,2620417,0.001465,0.000000,0.000339,0.000026,0.000626,0.011921,0.000134,0.000293,0.000853,0.000563,0.016412
1,1,10,"q10_case1",182,512,5120,2621440,2621440,1,92673,262144,2620421,0.001432,0.000000,0.000254,0.000027,0.000627,0.012063,0.000135,0.000276,0.000822,0.000150,0.016023
1,1,10,"q10_case1",183,512,5120,2621440,2621440,1,93185,262144,2620786,0.001436,0.000000,0.000244,0.000027,0.000626,0.012326,0.000134,0.000286,0.000850,0.000518,0.016653
1,1,10,"q10_case1",184,512,5120,2621440,2621440,1,93697,262144,2620734,0.001467,0.000000,0.000247,0.000027,0.000629,0.012866,0.000139,0.000281,0.000826,0.000208,0.016871
1,1,10,"q10_case1",185,512,5120,2621440,2621440,1,94209,262144,2620719,0.001439,0.000000,0.000245,0.000031,0.000625,0.012176,0.000134,0.000286,0.000867,0.000476,0.016465
1,1,10,"q10_case1",186,512,5120,2621440,2621440,1,94721,262144,2620724,0.001420,0.000000,0.000260,0.000021,0.000656,0.012022,0.000136,0.000283,0.000821,0.000139,0.015981
1,1,10,"q10_case1",187,512,5120,2621440,2621440,1,95233,262144,2620571,0.001445,0.000000,0.000283,0.000019,0.000629,0.011597,0.000137,0.000279,0.000836,0.000502,0.015911
1,1,10,"q10_case1",188,512,5120,2621440,2621440,1,95745,262144,2620542,0.001438,0.000000,0.000207,0.000027,0.000627,0.011957,0.000133,0.000275,0.000815,0.000170,0.015821
1,1,10,"q10_case1",189,512,5120,2621440,2621440,1,96257,262144,2620530,0.001450,0.000000,0.000266,0.000027,0.000619,0.011773,0.000132,0.000289,0.000802,0.000526,0.016095
1,1,10,"q10_case1",190,512,5120,2621440,2621440,1,96769,262144,2620379,0.001421,0.000000,0.000254,0.000027,0.000624,0.011664,0.000133,0.000295,0.000788,0.000134,0.015518
1,1,10,"q10_case1",191,512,5120,2621440,2621440,1,97281,262144,2620215,0.001443,0.000000,0.000269,0.000024,0.000647,0.018775,0.000139,0.000271,0.000880,0.000462,0.023133
1,1,10,"q10_case1",192,512,5120,2621440,2621440,1,97793,262144,2620902,0.001441,0.000000,0.000339,0.000027,0.000620,0.012185,0.000150,0.000320,0.000861,0.000457,0.016624
1,1,10,"q10_case1",193,512,5120,2621440,2621440,1,98305,262144,2620222,0.001473,0.000000,0.000442,0.000064,0.000652,0.012924,0.000186,0.000318,0.001189,0.000656,0.018321
1,1,10,"q10_case1",194,512,5120,2621440,2621440,1,98817,262144,2620322,0.001486,0.000000,0.000465,0.000060,0.000651,0.011882,0.000174,0.000289,0.000974,0.000448,0.016785
1,1,10,"q10_case1",195,512,5120,2621440,2621440,1,99329,262144,2620417,0.001535,0.000000,0.000350,0.000032,0.000624,0.012793,0.000173,0.000296,0.000908,0.000740,0.017704
1,1,10,"q10_case1",196,512,5120,2621440,2621440,1,99841,262144,2620526,0.001509,0.000000,0.000259,0.000029,0.000620,0.013260,0.000166,0.000280,0.000827,0.000301,0.017467
1,1,10,"q10_case1",197,512,5120,2621440,2621440,1,100353,262144,2620560,0.001504,0.000000,0.000224,0.000036,0.000624,0.012355,0.000182,0.000300,0.000976,0.000648,0.017118
1,1,10,"q10_case1",198,512,5120,2621440,2621440,1,100865,262144,2620409,0.001543,0.000000,0.000252,0.000037,0.000621,0.012410,0.000152,0.000301,0.000853,0.000350,0.016767
1,1,10,"q10_case1",199,512,5120,2621440,2621440,1,101377,262144,2620359,0.001528,0.000001,0.000287,0.000046,0.000622,0.014268,0.000145,0.000309,0.000923,0.000561,0.018926
1,1,10,"q10_case1",200,512,5120,2621440,2621440,1,101889,262144,2620910,0.001508,0.000000,0.000263,0.000041,0.000617,0.013771,0.000328,0.000343,0.000918,0.000344,0.018395
1,1,10,"q10_case1",201,512,5120,2621440,2621440,1,102401,262144,2620423,0.001618,0.000000,0.000410,0.000052,0.000613,0.012615,0.000191,0.000286,0.000909,0.000541,0.017552
1,1,10,"q10_case1",202,512,5120,2621440,2621440,1,102913,262144,2620897,0.001545,0.000000,0.000288,0.000037,0.000620,0.012147,0.000136,0.000313,0.001071,0.000276,0.016683
1,1,10,"q10_case1",203,512,5120,2621440,2621440,1,103425,262144,2620647,0.001574,0.000000,0.000323,0.000046,0.000621,0.012332,0.000140,0.000328,0.000968,0.000681,0.017297
1,1,10,"q10_case1",204,512,5120,2621440,2621440,1,103937,262144,2620419,0.001579,0.000000,0.000423,0.000059,0.000645,0.012626,0.000153,0.000294,0.000870,0.000206,0.017198
1,1,10,"q10_case1",205,512,5120,2621440,2621440,1,104449,262144,2620916,0.001488,0.000000,0.000247,0.000034,0.000644,0.012116,0.000177,0.000511,0.000899,0.000530,0.016933
1,1,10,"q10_case1",206,512,5120,2621440,2621440,1,104961,262144,2620648,0.001484,0.000000,0.000255,0.000036,0.000622,0.012152,0.000187,0.000310,0.000855,0.000319,0.016439
1,1,10,"q10_case1",207,512,5120,2621440,2621440,1,105473,262144,2620419,0.001494,0.000000,0.000269,0.000032,0.000615,0.011824,0.000145,0.000302,0.000878,0.000562,0.016349
1,1,10,"q10_case1",208,512,5120,2621440,2621440,1,105985,262144,2620900,0.001469,0.000000,0.000238,0.000032,0.000619,0.012060,0.000133,0.000304,0.000872,0.000196,0.016127
1,1,10,"q10_case1",209,512,5120,2621440,2621440,1,106497,262144,2620649,0.001480,0.000000,0.000245,0.000027,0.000647,0.012609,0.000128,0.000283,0.000882,0.000492,0.017000
1,1,10,"q10_case1",210,512,5120,2621440,2621440,1,107009,262144,2620427,0.001448,0.000000,0.000274,0.000029,0.000623,0.011996,0.000133,0.000296,0.000851,0.000199,0.016035
1,1,10,"q10_case1",211,512,5120,2621440,2621440,1,107521,262144,2620413,0.001458,0.000000,0.000312,0.000026,0.000613,0.012015,0.000133,0.000288,0.000857,0.000517,0.016442
1,1,10,"q10_case1",212,512,5120,2621440,2621440,1,108033,262144,2620889,0.001440,0.000000,0.000256,0.000029,0.000882,0.011800,0.000131,0.000286,0.000820,0.000145,0.015983
1,1,10,"q10_case1",213,512,5120,2621440,2621440,1,108545,262144,2620421,0.001447,0.000000,0.000228,0.000030,0.000607,0.016404,0.000136,0.000286,0.000904,0.000557,0.020788
1,1,10,"q10_case1",214,512,5120,2621440,2621440,1,109057,262144,2620420,0.001443,0.000000,0.000247,0.000026,0.000623,0.012201,0.000177,0.000624,0.000967,0.000185,0.016785
1,1,10,"q10_case1",215,512,5120,2621440,2621440,1,109569,262144,2620397,0.001456,0.000000,0.000447,0.000051,0.000651,0.011986,0.000134,0.000285,0.000877,0.000491,0.016713
1,1,10,"q10_case1",216,512,5120,2621440,2621440,1,110081,262144,2620429,0.001437,0.000000,0.000250,0.000026,0.000651,0.012164,0.000141,0.000284,0.000819,0.000161,0.016196
1,1,10,"q10_case1",217,512,5120,2621440,2621440,1,110593,262144,2620575,0.001437,0.000000,0.000248,0.000028,0.000610,0.011829,0.000133,0.000282,0.000848,0.000628,0.016237
1,1,10,"q10_case1",218,512,5120,2621440,2621440,1,111105,262144,2620447,0.001439,0.000000,0.000241,0.000028,0.000618,0.012313,0.000135,0.000278,0.000760,0.000143,0.016231
1,1,10,"q10_case1",219,512,5120,2621440,2621440,1,111617,262144,2620363,0.001444,0.000000,0.000292,0.000027,0.000610,0.012250,0.000214,0.000280,0.000874,0.000470,0.016659
1,1,10,"q10_case1",220,512,5120,2621440,2621440,1,112129,262144,2620329,0.001442,0.000000,0.000248,0.000034,0.000613,0.012499,0.000135,0.000271,0.000817,0.000120,0.016384
1,1,10,"q10_case1",221,512,5120,2621440,2621440,1,112641,262144,2620907,0.001448,0.000000,0.000216,0.000029,0.000612,0.012526,0.000134,0.000286,0.000864,0.000494,0.016843
1,1,10,"q10_case1",222,512,5120,2621440,2621440,1,113153,262144,2620429,0.001435,0.000000,0.000275,0.000028,0.000615,0.011990,0.000171,0.000307,0.000820,0.000190,0.016034
1,1,10,"q10_case1",223,512,5120,2621440,2621440,1,113665,262144,2620549,0.001454,0.000000,0.000332,0.000030,0.000618,0.011837,0.000137,0.000337,0.000868,0.000591,0.016414
1,1,10,"q10_case1",224,512,5120,2621440,2621440,1,114177,262144,2620508,0.001439,0.000000,0.000284,0.000036,0.000625,0.012044,0.000171,0.000303,0.000826,0.000428,0.016375
1,1,10,"q10_case1",225,512,5120,2621440,2621440,1,114689,262144,2620411,0.001468,0.000000,0.000508,0.000058,0.000640,0.012666,0.000168,0.000359,0.000907,0.000658,0.017783
1,1,10,"q10_case1",226,512,5120,2621440,2621440,1,115201,262144,2620488,0.001507,0.000000,0.000462,0.000064,0.000636,0.012163,0.000206,0.000324,0.000788,0.000330,0.016873
1,1,10,"q10_case1",227,512,5120,2621440,2621440,1,115713,262144,2620365,0.001522,0.000000,0.000336,0.000046,0.000618,0.012363,0.000143,0.000300,0.000908,0.000653,0.017104
1,1,10,"q10_case1",228,512,5120,2621440,2621440,1,116225,262144,2620301,0.001559,0.000000,0.000264,0.000060,0.000619,0.012789,0.000151,0.000336,0.000821,0.000342,0.017196
1,1,10,"q10_case1",229,512,5120,2621440,2621440,1,116737,262144,2620307,0.001558,0.000000,0.000311,0.000050,0.000612,0.012675,0.000147,0.000339,0.001169,0.000731,0.017830
1,1,10,"q10_case1",230,512,5120,2621440,2621440,1,117249,262144,2620308,0.001604,0.000000,0.000591,0.000060,0.000636,0.012733,0.000141,0.000303,0.000864,0.000334,0.017650
1,1,10,"q10_case1",231,512,5120,2621440,2621440,1,117761,262144,2620341,0.001587,0.000000,0.000271,0.000038,0.000609,0.018116,0.000134,0.000297,0.000975,0.000582,0.022866
1,1,10,"q10_case1",232,512,5120,2621440,2621440,1,118273,262144,2620905,0.001476,0.000000,0.000255,0.000047,0.000608,0.013931,0.000153,0.000301,0.000836,0.000330,0.018182
1,1,10,"q10_case1",233,512,5120,2621440,2621440,1,118785,262144,2620434,0.001585,0.000000,0.000294,0.000057,0.000654,0.014330,0.000150,0.000331,0.000940,0.000679,0.019345
1,1,10,"q10_case1",234,512,5120,2621440,2621440,1,119297,262144,2620435,0.001525,0.000001,0.000422,0.000045,0.000625,0.015095,0.000166,0.000298,0.000831,0.000323,0.019633
1,1,10,"q10_case1",235,512,5120,2621440,2621440,1,119809,262144,2620790,0.001488,0.000000,0.000235,0.000048,0.000627,0.014261,0.000136,0.000296,0.000948,0.000965,0.019236
1,1,10,"q10_case1",236,512,5120,2621440,2621440,1,120321,262144,2620476,0.001454,0.000000,0.000267,0.000035,0.000626,0.014609,0.000137,0.000296,0.000882,0.000194,0.018742
1,1,10,"q10_case1",237,512,5120,2621440,2621440,1,120833,262144,2620910,0.001502,0.000000,0.000237,0.000032,0.000612,0.013904,0.000248,0.000714,0.000952,0.000653,0.019157
1,1,10,"q10_case1",238,512,5120,2621440,2621440,1,121345,262144,2620422,0.001477,0.000000,0.000473,0.000056,0.000656,0.014290,0.000178,0.000288,0.000853,0.000276,0.018891
1,1,10,"q10_case1",239,512,5120,2621440,2621440,1,121857,262144,2620424,0.001460,0.000000,0.000277,0.000030,0.000607,0.014531,0.000144,0.000633,0.000905,0.000606,0.019412
1,1,10,"q10_case1",240,512,5120,2621440,2621440,1,122369,262144,2620422,0.001438,0.000000,0.000404,0.000026,0.000607,0.013558,0.000132,0.000289,0.000851,0.000190,0.017723
1,1,10,"q10_case1",241,512,5120,2621440,2621440,1,122881,262144,2620453,0.001457,0.000000,0.000261,0.000039,0.000601,0.014047,0.000140,0.000297,0.000886,0.000613,0.018550
1,1,10,"q10_case1",242,512,5120,2621440,2621440,1,123393,262144,2620481,0.001448,0.000000,0.000259,0.000026,0.000616,0.013809,0.000139,0.000302,0.000819,0.000181,0.017806
1,1,10,"q10_case1",243,512,5120,2621440,2621440,1,123905,262144,2620431,0.001451,0.000000,0.000236,0.000031,0.000602,0.014428,0.000140,0.000281,0.000862,0.000542,0.018754
1,1,10,"q10_case1",244,512,5120,2621440,2621440,1,124417,262144,2620429,0.001437,0.000000,0.000297,0.000027,0.000643,0.013463,0.000143,0.000287,0.000776,0.000159,0.017426
1,1,10,"q10_case1",245,512,5120,2621440,2621440,1,124929,262144,2620611,0.001469,0.000000,0.000275,0.000030,0.000609,0.013943,0.000134,0.000279,0.000906,0.000541,0.018404
1,1,10,"q10_case1",246,512,5120,2621440,2621440,1,125441,262144,2620477,0.001461,0.000000,0.000235,0.000023,0.000616,0.013682,0.000134,0.000284,0.000776,0.000166,0.017551
1,1,10,"q10_case1",247,512,5120,2621440,2621440,1,125953,262144,2620412,0.001441,0.000000,0.000252,0.000024,0.000604,0.013405,0.000134,0.000284,0.000837,0.000644,0.017811
1,1,10,"q10_case1",248,512,5120,2621440,2621440,1,126465,262144,2620345,0.001455,0.000000,0.000246,0.000051,0.000608,0.013328,0.000134,0.000290,0.000790,0.000144,0.017260
1,1,10,"q10_case1",249,512,5120,2621440,2621440,1,126977,262144,2620312,0.001439,0.000000,0.000271,0.000028,0.000602,0.013446,0.000138,0.000280,0.000874,0.000628,0.017919
1,1,10,"q10_case1",250,512,5120,2621440,2621440,1,127489,262144,2620898,0.001440,0.000000,0.000290,0.000031,0.000640,0.013453,0.000134,0.000280,0.000811,0.000191,0.017494
1,1,10,"q10_case1",251,512,5120,2621440,2621440,1,128001,262144,2620421,0.001438,0.000000,0.000292,0.000020,0.000604,0.013693,0.000140,0.000284,0.000890,0.000547,0.018136
1,1,10,"q10_case1",252,512,5120,2621440,2621440,1,128513,262144,2620423,0.001470,0.000000,0.000259,0.000035,0.000636,0.013424,0.000134,0.000276,0.000828,0.000191,0.017463
1,1,10,"q10_case1",253,512,5120,2621440,2621440,1,129025,262144,2620421,0.001435,0.000000,0.000266,0.000030,0.000609,0.013768,0.000135,0.000296,0.000886,0.000596,0.018215
1,1,10,"q10_case1",254,512,5120,2621440,2621440,1,129537,262144,2620511,0.001508,0.000000,0.000309,0.000046,0.000610,0.013634,0.000156,0.000299,0.000830,0.000287,0.017911
1,1,10,"q10_case1",255,512,5120,2621440,2621440,1,130049,262144,2620542,0.001507,0.000000,0.000247,0.000056,0.000628,0.014099,0.000141,0.000329,0.000949,0.000660,0.018857
1,1,10,"q10_case1",256,512,5120,2621440,2621440,1,130561,262144,2620351,0.001517,0.000000,0.000229,0.000043,0.000609,0.014235,0.000156,0.000295,0.000873,0.000351,0.018524
1,1,10,"q10_case1",257,512,5120,2621440,2621440,1,131073,524288,2620343,0.014310,0.001131,0.001176,0.000000,0.001045,0.014151,0.000197,0.000257,0.000890,0.000353,0.033906
1,1,10,"q10_case1",258,512,5120,2621440,2621440,1,131585,524288,2620317,0.001539,0.000001,0.000320,0.000074,0.000658,0.014212,0.000153,0.000291,0.000859,0.000354,0.018673
1,1,10,"q10_case1",259,512,5120,2621440,2621440,1,132097,524288,2620288,0.001525,0.000000,0.000269,0.000046,0.000664,0.014406,0.000153,0.000264,0.000969,0.000673,0.019185
1,1,10,"q10_case1",260,512,5120,2621440,2621440,1,132609,524288,2620252,0.001516,0.000000,0.000311,0.000037,0.000651,0.014728,0.000146,0.000330,0.000830,0.000304,0.019125
1,1,10,"q10_case1",261,512,5120,2621440,2621440,1,133121,524288,2620225,0.001536,0.000000,0.000260,0.000046,0.000691,0.018280,0.000145,0.000273,0.000936,0.000684,0.023117
1,1,10,"q10_case1",262,512,5120,2621440,2621440,1,133633,524288,2620214,0.001673,0.000000,0.000631,0.000049,0.000677,0.014983,0.000202,0.000294,0.000838,0.000326,0.020097
1,1,10,"q10_case1",263,512,5120,2621440,2621440,1,134145,524288,2620195,0.001471,0.000000,0.000321,0.000034,0.000662,0.016643,0.000172,0.000246,0.000809,0.000284,0.020831
1,1,10,"q10_case1",264,512,5120,2621440,2621440,1,134657,524288,2620181,0.001478,0.000000,0.000253,0.000037,0.000676,0.016565,0.000151,0.000256,0.000783,0.000253,0.020601
1,1,10,"q10_case1",265,512,5120,2621440,2621440,1,135169,524288,2620148,0.001492,0.000000,0.000276,0.000031,0.000643,0.015728,0.000137,0.000294,0.000803,0.000297,0.019933
1,1,10,"q10_case1",266,512,5120,2621440,2621440,1,135681,524288,2620122,0.001461,0.000000,0.000286,0.000027,0.000684,0.016277,0.000144,0.000257,0.000773,0.000229,0.020340
1,1,10,"q10_case1",267,512,5120,2621440,2621440,1,136193,524288,2620096,0.001427,0.000000,0.000423,0.000023,0.000643,0.014716,0.000132,0.000242,0.000774,0.000155,0.018682
1,1,10,"q10_case1",268,512,5120,2621440,2621440,1,136705,524288,2620125,0.001428,0.000000,0.000245,0.000019,0.000646,0.013588,0.000134,0.000246,0.000760,0.000130,0.017329
1,1,10,"q10_case1",269,512,5120,2621440,2621440,1,137217,524288,2620122,0.001450,0.000000,0.000261,0.000026,0.000649,0.013239,0.000130,0.000242,0.000820,0.000519,0.017515
1,1,10,"q10_case1",270,512,5120,2621440,2621440,1,137729,524288,2620096,0.001432,0.000000,0.000249,0.000022,0.000711,0.013913,0.000133,0.000289,0.000771,0.000145,0.017868
1,1,10,"q10_case1",271,512,5120,2621440,2621440,1,138241,524288,2620128,0.001458,0.000000,0.000258,0.000036,0.000684,0.013220,0.000136,0.000243,0.000748,0.000140,0.017092
1,1,10,"q10_case1",272,512,5120,2621440,2621440,1,138753,524288,2620173,0.001445,0.000000,0.000251,0.000024,0.000644,0.013506,0.000145,0.000242,0.000795,0.000138,0.017365
1,1,10,"q10_case1",273,512,5120,2621440,2621440,1,139265,524288,2620144,0.001437,0.000000,0.000275,0.000022,0.000666,0.013956,0.000134,0.000280,0.000804,0.000136,0.017897
1,1,10,"q10_case1",274,512,5120,2621440,2621440,1,139777,524288,2620070,0.001450,0.000000,0.000278,0.000027,0.000666,0.013686,0.000143,0.000261,0.000745,0.000146,0.017605
1,1,10,"q10_case1",275,512,5120,2621440,2621440,1,140289,524288,2620053,0.001436,0.000000,0.000321,0.000032,0.000646,0.021494,0.000135,0.000251,0.000757,0.000205,0.025408
1,1,10,"q10_case1",276,512,5120,2621440,2621440,1,140801,524288,2620011,0.001438,0.000000,0.000254,0.000028,0.000688,0.014064,0.000159,0.000247,0.000750,0.000157,0.017932
1,1,10,"q10_case1",277,512,5120,2621440,2621440,1,141313,524288,2619971,0.001471,0.000000,0.000273,0.000024,0.000664,0.013713,0.000143,0.000261,0.000743,0.000184,0.017672
1,1,10,"q10_case1",278,512,5120,2621440,2621440,1,141825,524288,2619927,0.001434,0.000000,0.000258,0.000019,0.000648,0.013359,0.000146,0.000250,0.000743,0.000170,0.017197
1,1,10,"q10_case1",279,512,5120,2621440,2621440,1,142337,524288,2619830,0.001408,0.000000,0.000249,0.000025,0.000641,0.013358,0.000136,0.000249,0.000723,0.000152,0.017124
1,1,10,"q10_case1",280,512,5120,2621440,2621440,1,142849,524288,2619810,0.001435,0.000000,0.000301,0.000023,0.000674,0.013713,0.000139,0.000257,0.000764,0.000130,0.017631
1,1,10,"q10_case1",281,512,5120,2621440,2621440,1,143361,524288,2619867,0.001434,0.000000,0.000253,0.000030,0.000664,0.013475,0.000140,0.000265,0.000797,0.000293,0.017510
1,1,10,"q10_case1",282,512,5120,2621440,2621440,1,143873,524288,2620003,0.001486,0.000000,0.000258,0.000039,0.000644,0.013846,0.000155,0.000258,0.000775,0.000323,0.017989
1,1,10,"q10_case1",283,512,5120,2621440,2621440,1,144385,524288,2620091,0.001490,0.000000,0.000246,0.000049,0.000643,0.014088,0.000143,0.000265,0.000860,0.000243,0.018269
1,1,10,"q10_case1",284,512,5120,2621440,2621440,1,144897,524288,2620873,0.002018,0.000000,0.000307,0.000037,0.000683,0.013865,0.000145,0.000266,0.000895,0.000373,0.018812
1,1,10,"q10_case1",285,512,5120,2621440,2621440,1,145409,524288,2620426,0.001504,0.000000,0.000343,0.000035,0.000661,0.014513,0.000179,0.000439,0.000869,0.000394,0.019294
1,1,10,"q10_case1",286,512,5120,2621440,2621440,1,145921,524288,2620407,0.001512,0.000000,0.000260,0.000031,0.000646,0.014289,0.000151,0.000262,0.000866,0.000370,0.018641
1,1,10,"q10_case1",287,512,5120,2621440,2621440,1,146433,524288,2620428,0.001513,0.000000,0.000298,0.000032,0.000644,0.014092,0.000138,0.000261,0.000898,0.000352,0.018420
1,1,10,"q10_case1",288,512,5120,2621440,2621440,1,146945,524288,2620423,0.001498,0.000000,0.000244,0.000046,0.000648,0.036218,0.000157,0.000253,0.000850,0.000331,0.040428
1,1,10,"q10_case1",289,512,5120,2621440,2621440,1,147457,524288,2620711,0.001516,0.000000,0.000273,0.000037,0.000706,0.016162,0.000189,0.000258,0.000870,0.000363,0.020572
1,1,10,"q10_case1",290,512,5120,2621440,2621440,1,147969,524288,2620621,0.001525,0.000000,0.000236,0.000040,0.000640,0.017656,0.000182,0.000258,0.000887,0.000447,0.022059
1,1,10,"q10_case1",291,512,5120,2621440,2621440,1,148481,524288,2620511,0.001471,0.000000,0.000372,0.000033,0.000637,0.016018,0.000155,0.000287,0.000901,0.000667,0.020834
1,1,10,"q10_case1",292,512,5120,2621440,2621440,1,148993,524288,2620416,0.001509,0.000000,0.000276,0.000027,0.000638,0.015821,0.000150,0.000296,0.000821,0.000309,0.020072
1,1,10,"q10_case1",293,512,5120,2621440,2621440,1,149505,524288,2620358,0.001479,0.000000,0.000253,0.000028,0.000634,0.016404,0.000141,0.000251,0.000861,0.000222,0.020470
1,1,10,"q10_case1",294,512,5120,2621440,2621440,1,150017,524288,2620896,0.001455,0.000000,0.000358,0.000029,0.000684,0.015816,0.000135,0.000254,0.000820,0.000202,0.019968
1,1,10,"q10_case1",295,512,5120,2621440,2621440,1,150529,524288,2620458,0.001427,0.000000,0.000256,0.000034,0.000640,0.015958,0.000136,0.000243,0.000844,0.000132,0.019847
1,1,10,"q10_case1",296,512,5120,2621440,2621440,1,151041,524288,2620919,0.001439,0.000000,0.000230,0.000034,0.000636,0.015831,0.000133,0.000265,0.000845,0.000147,0.019722
1,1,10,"q10_case1",297,512,5120,2621440,2621440,1,151553,524288,2620462,0.001465,0.000000,0.000292,0.000021,0.000640,0.015443,0.000138,0.000245,0.000805,0.000139,0.019335
1,1,10,"q10_case1",298,512,5120,2621440,2621440,1,152065,524288,2620907,0.001431,0.000000,0.000290,0.000022,0.000635,0.016379,0.000145,0.000259,0.000825,0.000145,0.020289
1,1,10,"q10_case1",299,512,5120,2621440,2621440,1,152577,524288,2620465,0.001444,0.000000,0.000252,0.000035,0.000639,0.015253,0.000167,0.000296,0.000812,0.000119,0.019197
1,1,10,"q10_case1",300,512,5120,2621440,2621440,1,153089,524288,2620896,0.001434,0.000000,0.000512,0.000045,0.000662,0.013781,0.000179,0.000256,0.001131,0.000181,0.018443
1,1,10,"q10_case1",301,512,5120,2621440,2621440,1,153601,524288,2620418,0.001427,0.000000,0.000269,0.000023,0.000638,0.013540,0.000134,0.000245,0.000849,0.000129,0.017412
1,1,10,"q10_case1",302,512,5120,2621440,2621440,1,154113,524288,2620885,0.001447,0.000000,0.000276,0.000030,0.000710,0.013569,0.000136,0.000243,0.000822,0.000153,0.017567
1,1,10,"q10_case1",303,512,5120,2621440,2621440,1,154625,524288,2620420,0.001438,0.000000,0.000260,0.000023,0.000670,0.013265,0.000134,0.000245,0.000809,0.000171,0.017176
1,1,10,"q10_case1",304,512,5120,2621440,2621440,1,155137,524288,2620896,0.001442,0.000000,0.000245,0.000028,0.000644,0.023416,0.000131,0.000246,0.000812,0.000156,0.027260
1,1,10,"q10_case1",305,512,5120,2621440,2621440,1,155649,524288,2620419,0.001431,0.000000,0.000221,0.000020,0.000650,0.013730,0.000131,0.000243,0.000820,0.000166,0.017607
1,1,10,"q10_case1",306,512,5120,2621440,2621440,1,156161,524288,2620440,0.001434,0.000000,0.000260,0.000030,0.000637,0.013168,0.000140,0.000246,0.000838,0.000160,0.017062
1,1,10,"q10_case1",307,512,5120,2621440,2621440,1,156673,524288,2620603,0.001437,0.000000,0.000255,0.000023,0.000636,0.013791,0.000143,0.000258,0.000795,0.000167,0.017712
1,1,10,"q10_case1",308,512,5120,2621440,2621440,1,157185,524288,2620582,0.001429,0.000000,0.000243,0.000027,0.000637,0.013587,0.000138,0.000251,0.000791,0.000257,0.017509
1,1,10,"q10_case1",309,512,5120,2621440,2621440,1,157697,524288,2620546,0.001437,0.000000,0.000337,0.000040,0.000646,0.014351,0.000143,0.000254,0.000821,0.000342,0.018557
1,1,10,"q10_case1",310,512,5120,2621440,2621440,1,158209,524288,2620426,0.001566,0.000000,0.000242,0.000036,0.000639,0.013943,0.000133,0.000252,0.000794,0.000298,0.018106
1,1,10,"q10_case1",311,512,5120,2621440,2621440,1,158721,524288,2620264,0.001505,0.000000,0.000261,0.000037,0.000642,0.014006,0.000182,0.000265,0.000848,0.000352,0.018354
1,1,10,"q10_case1",312,512,5120,2621440,2621440,1,159233,524288,2620099,0.001962,0.000001,0.000276,0.000045,0.000675,0.014322,0.000190,0.000270,0.000894,0.000321,0.019196
1,1,10,"q10_case1",313,512,5120,2621440,2621440,1,159745,524288,2619936,0.001520,0.000000,0.000280,0.000029,0.000653,0.014220,0.000151,0.000253,0.000872,0.000285,0.018484
1,1,10,"q10_case1",314,512,5120,2621440,2621440,1,160257,524288,2620884,0.001525,0.000000,0.000248,0.000037,0.000637,0.014620,0.000166,0.000263,0.000907,0.000419,0.019142
1,1,10,"q10_case1",315,512,5120,2621440,2621440,1,160769,524288,2620444,0.001498,0.000000,0.000223,0.000032,0.000658,0.013839,0.000150,0.000256,0.000865,0.000290,0.018006
1,1,10,"q10_case1",316,512,5120,2621440,2621440,1,161281,524288,2620901,0.001532,0.000000,0.000258,0.000035,0.000643,0.014756,0.000170,0.000284,0.000900,0.000412,0.019233
1,1,10,"q10_case1",317,512,5120,2621440,2621440,1,161793,524288,2620431,0.001529,0.000000,0.000260,0.000035,0.000647,0.014201,0.000160,0.000256,0.000883,0.000368,0.018553
1,1,10,"q10_case1",318,512,5120,2621440,2621440,1,162305,524288,2620445,0.001487,0.000000,0.000269,0.000036,0.000664,0.013833,0.000134,0.000252,0.000842,0.000293,0.017979
1,1,10,"q10_case1",319,512,5120,2621440,2621440,1,162817,524288,2620484,0.001484,0.000000,0.000246,0.000034,0.000671,0.015850,0.000172,0.000248,0.000838,0.000303,0.019995
1,1,10,"q10_case1",320,512,5120,2621440,2621440,1,163329,524288,2620599,0.001462,0.000000,0.000241,0.000030,0.000629,0.015839,0.000139,0.000253,0.000871,0.000239,0.019871
1,1,10,"q10_case1",321,512,5120,2621440,2621440,1,163841,524288,2620913,0.001462,0.000000,0.000320,0.000046,0.000681,0.016257,0.000149,0.000259,0.000942,0.000692,0.020991
1,1,10,"q10_case1",322,512,5120,2621440,2621440,1,164353,524288,2620456,0.001471,0.000000,0.000245,0.000069,0.000636,0.016422,0.000139,0.000287,0.000830,0.000173,0.020474
1,1,10,"q10_case1",323,512,5120,2621440,2621440,1,164865,524288,2620886,0.001444,0.000000,0.000283,0.000031,0.000635,0.015433,0.000139,0.000262,0.000818,0.000187,0.019426
1,1,10,"q10_case1",324,512,5120,2621440,2621440,1,165377,524288,2620433,0.001445,0.000000,0.000252,0.000021,0.000634,0.016366,0.000267,0.000252,0.000854,0.000198,0.020471
1,1,10,"q10_case1",325,512,5120,2621440,2621440,1,165889,524288,2620911,0.001438,0.000000,0.000297,0.000033,0.000634,0.013788,0.000133,0.000255,0.000812,0.000182,0.017745
1,1,10,"q10_case1",326,512,5120,2621440,2621440,1,166401,524288,2620446,0.001438,0.000000,0.000347,0.000021,0.000636,0.014458,0.000139,0.000249,0.000793,0.000160,0.018371
1,1,10,"q10_case1",327,512,5120,2621440,2621440,1,166913,524288,2620465,0.001435,0.000000,0.000239,0.000034,0.000643,0.013481,0.000135,0.000251,0.000828,0.000133,0.017371
1,1,10,"q10_case1",328,512,5120,2621440,2621440,1,167425,524288,2620901,0.001465,0.000000,0.000255,0.000035,0.000631,0.013693,0.000137,0.000246,0.000810,0.000212,0.017659
1,1,10,"q10_case1",329,512,5120,2621440,2621440,1,167937,524288,2620428,0.001452,0.000000,0.000237,0.000036,0.000632,0.013245,0.000145,0.000244,0.000825,0.000165,0.017104
1,1,10,"q10_case1",330,512,5120,2621440,2621440,1,168449,524288,2620422,0.001431,0.000000,0.000246,0.000025,0.000670,0.013589,0.000135,0.000246,0.000837,0.000111,0.017430
1,1,10,"q10_case1",331,512,5120,2621440,2621440,1,168961,524288,2620909,0.001438,0.000000,0.000290,0.000022,0.000631,0.013591,0.000136,0.000247,0.000824,0.000165,0.017515
1,1,10,"q10_case1",332,512,5120,2621440,2621440,1,169473,524288,2620446,0.001432,0.000000,0.000292,0.000019,0.000637,0.013728,0.000137,0.000255,0.000827,0.000120,0.017632
1,1,10,"q10_case1",333,512,5120,2621440,2621440,1,169985,524288,2620898,0.001427,0.000000,0.000252,0.000037,0.000645,0.013700,0.000133,0.000252,0.000804,0.000169,0.017618
1,1,10,"q10_case1",334,512,5120,2621440,2621440,1,170497,524288,2620433,0.001435,0.000000,0.000324,0.000022,0.000630,0.013496,0.000142,0.000246,0.000823,0.000113,0.017376
1,1,10,"q10_case1",335,512,5120,2621440,2621440,1,171009,524288,2620905,0.001445,0.000000,0.000263,0.000023,0.000637,0.013849,0.000173,0.000251,0.000841,0.000208,0.017863
1,1,10,"q10_case1",336,512,5120,2621440,2621440,1,171521,524288,2620443,0.001463,0.000000,0.000276,0.000025,0.000634,0.014322,0.000166,0.000258,0.000872,0.000240,0.018424
1,1,10,"q10_case1",337,512,5120,2621440,2621440,1,172033,524288,2620892,0.001459,0.000000,0.000268,0.000053,0.000665,0.013909,0.000140,0.000271,0.000905,0.000379,0.018224
1,1,10,"q10_case1",338,512,5120,2621440,2621440,1,172545,524288,2620424,0.001501,0.000000,0.000284,0.000086,0.001146,0.014005,0.000143,0.000255,0.000996,0.000365,0.018999
1,1,10,"q10_case1",339,512,5120,2621440,2621440,1,173057,524288,2620431,0.002127,0.000000,0.000527,0.000060,0.000660,0.014266,0.000199,0.000260,0.001080,0.000421,0.019972
1,1,10,"q10_case1",340,512,5120,2621440,2621440,1,173569,524288,2620415,0.001552,0.000001,0.000499,0.000063,0.000659,0.014601,0.000212,0.000259,0.000881,0.000418,0.019488
1,1,10,"q10_case1",341,512,5120,2621440,2621440,1,174081,524288,2620518,0.001544,0.000001,0.000322,0.000033,0.000627,0.014929,0.000174,0.000258,0.000855,0.000381,0.019371
1,1,10,"q10_case1",342,512,5120,2621440,2621440,1,174593,524288,2620376,0.001600,0.000000,0.000449,0.000070,0.000671,0.013910,0.000197,0.000264,0.000823,0.000338,0.018625
1,1,10,"q10_case1",343,512,5120,2621440,2621440,1,175105,524288,2620390,0.001533,0.000000,0.000252,0.000053,0.000636,0.013875,0.000168,0.000263,0.000897,0.000402,0.018279
1,1,10,"q10_case1",344,512,5120,2621440,2621440,1,175617,524288,2620348,0.001515,0.000000,0.000248,0.000041,0.000669,0.015847,0.000141,0.000253,0.000918,0.000251,0.020082
1,1,10,"q10_case1",345,512,5120,2621440,2621440,1,176129,524288,2620893,0.001545,0.000000,0.000264,0.000029,0.000646,0.015976,0.000156,0.000264,0.000878,0.000421,0.020376
1,1,10,"q10_case1",346,512,5120,2621440,2621440,1,176641,524288,2620450,0.001554,0.000000,0.000601,0.000059,0.000657,0.016535,0.000178,0.000253,0.000900,0.000329,0.021454
1,1,10,"q10_case1",347,512,5120,2621440,2621440,1,177153,524288,2620460,0.001465,0.000000,0.000273,0.000028,0.000643,0.016189,0.000140,0.000252,0.000837,0.000288,0.020359
1,1,10,"q10_case1",348,512,5120,2621440,2621440,1,177665,524288,2620464,0.001426,0.000000,0.000302,0.000026,0.000624,0.015256,0.000136,0.000243,0.000840,0.000208,0.019265
1,1,10,"q10_case1",349,512,5120,2621440,2621440,1,178177,524288,2620452,0.001434,0.000000,0.000290,0.000023,0.000650,0.015372,0.000151,0.000251,0.000826,0.000180,0.019355
1,1,10,"q10_case1",350,512,5120,2621440,2621440,1,178689,524288,2620439,0.001441,0.000000,0.000251,0.000023,0.000643,0.013723,0.000154,0.000241,0.000834,0.000113,0.017665
1,1,10,"q10_case1",351,512,5120,2621440,2621440,1,179201,524288,2620880,0.001436,0.000000,0.000333,0.000021,0.000644,0.014398,0.000132,0.000254,0.000898,0.000614,0.018950
1,1,10,"q10_case1",352,512,5120,2621440,2621440,1,179713,524288,2620429,0.001470,0.000000,0.000257,0.000032,0.000631,0.016373,0.000137,0.000284,0.000851,0.000176,0.020433
1,1,10,"q10_case1",353,512,5120,2621440,2621440,1,180225,524288,2620427,0.001437,0.000000,0.000234,0.000025,0.000627,0.016447,0.000166,0.000246,0.000816,0.000191,0.020361
1,1,10,"q10_case1",354,512,5120,2621440,2621440,1,180737,524288,2620822,0.001434,0.000000,0.000418,0.000024,0.000645,0.013696,0.000135,0.000249,0.000828,0.000172,0.017766
1,1,10,"q10_case1",355,512,5120,2621440,2621440,1,181249,524288,2620763,0.001439,0.000000,0.000317,0.000029,0.000628,0.013579,0.000140,0.000251,0.000851,0.000218,0.017622
1,1,10,"q10_case1",356,512,5120,2621440,2621440,1,181761,524288,2620754,0.001427,0.000000,0.000255,0.000021,0.000628,0.014192,0.000155,0.000261,0.000838,0.000142,0.018081
1,1,10,"q10_case1",357,512,5120,2621440,2621440,1,182273,524288,2620725,0.001427,0.000000,0.000251,0.000033,0.000624,0.013589,0.000148,0.000243,0.000873,0.000200,0.017551
1,1,10,"q10_case1",358,512,5120,2621440,2621440,1,182785,524288,2620912,0.001469,0.000000,0.000339,0.000029,0.000678,0.013948,0.000152,0.000251,0.000855,0.000229,0.018080
1,1,10,"q10_case1",359,512,5120,2621440,2621440,1,183297,524288,2620410,0.001417,0.000000,0.000270,0.000030,0.000689,0.013336,0.000134,0.000247,0.000842,0.000252,0.017405
1,1,10,"q10_case1",360,512,5120,2621440,2621440,1,183809,524288,2620520,0.001422,0.000000,0.000266,0.000029,0.000624,0.013640,0.000146,0.000242,0.000823,0.000163,0.017491
1,1,10,"q10_case1",361,512,5120,2621440,2621440,1,184321,524288,2620646,0.001424,0.000000,0.000363,0.000034,0.000662,0.013680,0.000150,0.000249,0.000813,0.000250,0.017795
1,1,10,"q10_case1",362,512,5120,2621440,2621440,1,184833,524288,2620597,0.001500,0.000000,0.000274,0.000035,0.000628,0.014149,0.000145,0.000251,0.000858,0.000319,0.018400
1,1,10,"q10_case1",363,512,5120,2621440,2621440,1,185345,524288,2620561,0.001499,0.000000,0.000276,0.000040,0.000640,0.016468,0.000138,0.000271,0.000854,0.000350,0.020763
1,1,10,"q10_case1",364,512,5120,2621440,2621440,1,185857,524288,2620473,0.001508,0.000000,0.000282,0.000034,0.000622,0.015841,0.000209,0.000274,0.000901,0.000356,0.020223
1,1,10,"q10_case1",365,512,5120,2621440,2621440,1,186369,524288,2620438,0.001527,0.000001,0.000287,0.000034,0.000620,0.016127,0.000155,0.000265,0.000888,0.000376,0.020539
1,1,10,"q10_case1",366,512,5120,2621440,2621440,1,186881,524288,2620450,0.001560,0.000000,0.000338,0.000060,0.000628,0.015971,0.000146,0.000275,0.000886,0.000380,0.020455
1,1,10,"q10_case1",367,512,5120,2621440,2621440,1,187393,524288,2620461,0.001527,0.000000,0.000237,0.000049,0.000623,0.024361,0.000135,0.000255,0.000809,0.000330,0.028515
1,1,10,"q10_case1",368,512,5120,2621440,2621440,1,187905,524288,2620494,0.001527,0.000000,0.000289,0.000040,0.000621,0.015824,0.000139,0.000257,0.001270,0.000354,0.020546
1,1,10,"q10_case1",369,512,5120,2621440,2621440,1,188417,524288,2620529,0.001517,0.000000,0.000498,0.000060,0.000647,0.016664,0.000202,0.000253,0.000873,0.000326,0.021372
1,1,10,"q10_case1",370,512,5120,2621440,2621440,1,188929,524288,2620532,0.001515,0.000000,0.000501,0.000063,0.000647,0.016565,0.000185,0.000263,0.000922,0.000343,0.021331
1,1,10,"q10_case1",371,512,5120,2621440,2621440,1,189441,524288,2620510,0.001511,0.000000,0.000268,0.000063,0.000621,0.016545,0.000170,0.000251,0.000874,0.000365,0.020841
1,1,10,"q10_case1",372,512,5120,2621440,2621440,1,189953,524288,2620457,0.001466,0.000000,0.000388,0.000038,0.000630,0.015425,0.000138,0.000251,0.000830,0.000293,0.019636
1,1,10,"q10_case1",373,512,5120,2621440,2621440,1,190465,524288,2620415,0.001442,0.000000,0.000264,0.000035,0.000619,0.015195,0.000132,0.000247,0.000789,0.000204,0.019080
1,1,10,"q10_case1",374,512,5120,2621440,2621440,1,190977,524288,2620372,0.001441,0.000000,0.000256,0.000062,0.000619,0.016055,0.000141,0.000279,0.000822,0.000202,0.020039
1,1,10,"q10_case1",375,512,5120,2621440,2621440,1,191489,524288,2620355,0.001470,0.000000,0.000280,0.000033,0.000654,0.015668,0.000144,0.000249,0.000768,0.000183,0.019637
1,1,10,"q10_case1",376,512,5120,2621440,2621440,1,192001,524288,2620327,0.001447,0.000000,0.000214,0.000028,0.000620,0.015425,0.000130,0.000249,0.000760,0.000148,0.019196
1,1,10,"q10_case1",377,512,5120,2621440,2621440,1,192513,524288,2620349,0.001458,0.000000,0.000249,0.000022,0.000622,0.015809,0.000179,0.000247,0.000783,0.000169,0.019709
1,1,10,"q10_case1",378,512,5120,2621440,2621440,1,193025,524288,2620378,0.001451,0.000000,0.000300,0.000030,0.000665,0.015881,0.000135,0.000250,0.000793,0.000152,0.019917
1,1,10,"q10_case1",379,512,5120,2621440,2621440,1,193537,524288,2620441,0.001451,0.000000,0.000227,0.000025,0.000633,0.025230,0.000140,0.000244,0.000804,0.000177,0.029062
1,1,10,"q10_case1",380,512,5120,2621440,2621440,1,194049,524288,2620483,0.001460,0.000000,0.000251,0.000026,0.000708,0.013769,0.000139,0.000243,0.000801,0.000160,0.017738
1,1,10,"q10_case1",381,512,5120,2621440,2621440,1,194561,524288,2620474,0.001455,0.000000,0.000234,0.000026,0.000646,0.013584,0.000146,0.000256,0.000868,0.000534,0.017942
1,1,10,"q10_case1",382,512,5120,2621440,2621440,1,195073,524288,2620446,0.001482,0.000000,0.000258,0.000023,0.000619,0.013268,0.000132,0.000376,0.000810,0.000182,0.017329
1,1,10,"q10_case1",383,512,5120,2621440,2621440,1,195585,524288,2620413,0.001476,0.000000,0.000294,0.000026,0.000624,0.013911,0.000137,0.000246,0.000882,0.000180,0.017900
1,1,10,"q10_case1",384,512,5120,2621440,2621440,1,196097,524288,2620903,0.001458,0.000000,0.000258,0.000024,0.000621,0.013548,0.000134,0.000253,0.000854,0.000241,0.017533
1,1,10,"q10_case1",385,512,5120,2621440,2621440,1,196609,524288,2620423,0.001474,0.000000,0.000272,0.000027,0.000625,0.013904,0.000141,0.000258,0.000844,0.000153,0.017895
1,1,10,"q10_case1",386,512,5120,2621440,2621440,1,197121,524288,2620924,0.001452,0.000000,0.000377,0.000034,0.000656,0.013877,0.000164,0.000270,0.000854,0.000262,0.018150
1,1,10,"q10_case1",387,512,5120,2621440,2621440,1,197633,524288,2620775,0.001908,0.000000,0.000720,0.000067,0.000654,0.013804,0.000173,0.000255,0.001389,0.000369,0.019718
1,1,10,"q10_case1",388,512,5120,2621440,2621440,1,198145,524288,2620429,0.001551,0.000001,0.000278,0.000056,0.000623,0.013806,0.000153,0.000296,0.000877,0.000254,0.018074
1,1,10,"q10_case1",389,512,5120,2621440,2621440,1,198657,524288,2620914,0.001533,0.000000,0.000301,0.000040,0.000620,0.014742,0.000171,0.000277,0.000974,0.000424,0.019310
1,1,10,"q10_case1",390,512,5120,2621440,2621440,1,199169,524288,2620429,0.001569,0.000000,0.000537,0.000059,0.000670,0.014151,0.000185,0.000270,0.000931,0.000270,0.019066
1,1,10,"q10_case1",391,512,5120,2621440,2621440,1,199681,524288,2620913,0.001536,0.000000,0.000282,0.000035,0.000624,0.019033,0.000154,0.000259,0.000902,0.000395,0.023409
1,1,10,"q10_case1",392,512,5120,2621440,2621440,1,200193,524288,2620426,0.001555,0.000001,0.000280,0.000035,0.000618,0.015916,0.000178,0.000253,0.000867,0.000233,0.020162
1,1,10,"q10_case1",393,512,5120,2621440,2621440,1,200705,524288,2620919,0.001542,0.000000,0.000269,0.000025,0.000630,0.015923,0.000135,0.000264,0.000880,0.000356,0.020243
1,1,10,"q10_case1",394,512,5120,2621440,2621440,1,201217,524288,2620421,0.001539,0.000001,0.000257,0.000036,0.000615,0.016016,0.000150,0.000248,0.000846,0.000220,0.020140
1,1,10,"q10_case1",395,512,5120,2621440,2621440,1,201729,524288,2620895,0.001512,0.000000,0.000283,0.000035,0.000661,0.016355,0.000137,0.000249,0.000841,0.000320,0.020573
1,1,10,"q10_case1",396,512,5120,2621440,2621440,1,202241,524288,2620421,0.001495,0.000000,0.000307,0.000038,0.000618,0.016294,0.000175,0.000248,0.000861,0.000190,0.020452
1,1,10,"q10_case1",397,512,5120,2621440,2621440,1,202753,524288,2620891,0.001481,0.000000,0.000272,0.000032,0.000618,0.015861,0.000183,0.000254,0.000847,0.000289,0.020010
1,1,10,"q10_case1",398,512,5120,2621440,2621440,1,203265,524288,2620418,0.001443,0.000000,0.000285,0.000035,0.000633,0.016388,0.000132,0.000259,0.000842,0.000123,0.020372
1,1,10,"q10_case1",399,512,5120,2621440,2621440,1,203777,524288,2620885,0.001455,0.000000,0.000217,0.000027,0.000620,0.015625,0.000133,0.000253,0.000844,0.000215,0.019564
1,1,10,"q10_case1",400,512,5120,2621440,2621440,1,204289,524288,2620417,0.001455,0.000000,0.000246,0.000028,0.000634,0.015758,0.000177,0.000248,0.000856,0.000172,0.019703
1,1,10,"q10_case1",401,512,5120,2621440,2621440,1,204801,524288,2620419,0.001446,0.000000,0.000278,0.000025,0.000634,0.016397,0.000157,0.000245,0.000847,0.000200,0.020400
1,1,10,"q10_case1",402,512,5120,2621440,2621440,1,205313,524288,2620404,0.001455,0.000000,0.000257,0.000021,0.000621,0.014136,0.000139,0.000254,0.000836,0.000187,0.018059
1,1,10,"q10_case1",403,512,5120,2621440,2621440,1,205825,524288,2620905,0.001464,0.000000,0.000316,0.000027,0.000617,0.013639,0.000150,0.000257,0.000847,0.000254,0.017747
1,1,10,"q10_case1",404,512,5120,2621440,2621440,1,206337,524288,2620424,0.001477,0.000000,0.000250,0.000030,0.000616,0.013646,0.000139,0.000249,0.000833,0.000181,0.017626
1,1,10,"q10_case1",405,512,5120,2621440,2621440,1,206849,524288,2620422,0.001473,0.000000,0.000217,0.000042,0.000649,0.013472,0.000137,0.000243,0.000843,0.000123,0.017363
1,1,10,"q10_case1",406,512,5120,2621440,2621440,1,207361,524288,2620887,0.001453,0.000000,0.000283,0.000036,0.000628,0.016089,0.000139,0.000264,0.000832,0.000171,0.020043
1,1,10,"q10_case1",407,512,5120,2621440,2621440,1,207873,524288,2620423,0.001454,0.000000,0.000333,0.000026,0.000620,0.013658,0.000137,0.000252,0.000814,0.000172,0.017642
1,1,10,"q10_case1",408,512,5120,2621440,2621440,1,208385,524288,2620483,0.001445,0.000000,0.000256,0.000026,0.000618,0.013359,0.000135,0.000258,0.000836,0.000151,0.017272
1,1,10,"q10_case1",409,512,5120,2621440,2621440,1,208897,524288,2620477,0.001463,0.000000,0.000279,0.000062,0.001174,0.014329,0.000166,0.000271,0.000873,0.000209,0.019005
1,1,10,"q10_case1",410,512,5120,2621440,2621440,1,209409,524288,2620659,0.001474,0.000000,0.000437,0.000052,0.000617,0.013756,0.000139,0.000281,0.000842,0.000205,0.018092
1,1,10,"q10_case1",411,512,5120,2621440,2621440,1,209921,524288,2620574,0.001520,0.000000,0.000300,0.000036,0.000625,0.014509,0.000175,0.000304,0.000977,0.000651,0.019393
1,1,10,"q10_case1",412,512,5120,2621440,2621440,1,210433,524288,2620479,0.001598,0.000000,0.000496,0.000052,0.000665,0.032994,0.000188,0.000323,0.000845,0.000355,0.037860
1,1,10,"q10_case1",413,512,5120,2621440,2621440,1,210945,524288,2620347,0.001559,0.000000,0.000341,0.000036,0.000617,0.016281,0.000158,0.000269,0.000883,0.000394,0.020788
1,1,10,"q10_case1",414,512,5120,2621440,2621440,1,211457,524288,2620281,0.001566,0.000000,0.000267,0.000034,0.000612,0.019478,0.000185,0.000289,0.000946,0.000395,0.024011
1,1,10,"q10_case1",415,512,5120,2621440,2621440,1,211969,524288,2620282,0.001554,0.000000,0.000558,0.000068,0.000621,0.016676,0.000201,0.000256,0.000840,0.000364,0.021466
1,1,10,"q10_case1",416,512,5120,2621440,2621440,1,212481,524288,2620273,0.001523,0.000000,0.000267,0.000040,0.000612,0.015856,0.000144,0.000261,0.000861,0.000342,0.020112
1,1,10,"q10_case1",417,512,5120,2621440,2621440,1,212993,524288,2620273,0.001546,0.000000,0.000252,0.000039,0.000610,0.016774,0.000136,0.000260,0.000865,0.000373,0.021076
1,1,10,"q10_case1",418,512,5120,2621440,2621440,1,213505,524288,2620289,0.001533,0.000001,0.000277,0.000039,0.000610,0.016109,0.000142,0.000259,0.000810,0.000320,0.020297
1,1,10,"q10_case1",419,512,5120,2621440,2621440,1,214017,524288,2620298,0.001483,0.000000,0.000269,0.000040,0.000610,0.015926,0.000136,0.000253,0.000812,0.000293,0.019999
1,1,10,"q10_case1",420,512,5120,2621440,2621440,1,214529,524288,2620277,0.001510,0.000000,0.000264,0.000041,0.000643,0.016354,0.000147,0.000249,0.000887,0.000213,0.020499
1,1,10,"q10_case1",421,512,5120,2621440,2621440,1,215041,524288,2620902,0.001558,0.000000,0.000251,0.000035,0.000616,0.015786,0.000141,0.000259,0.000844,0.000325,0.020010
1,1,10,"q10_case1",422,512,5120,2621440,2621440,1,215553,524288,2620431,0.001453,0.000000,0.000267,0.000050,0.000610,0.016226,0.000152,0.000284,0.000868,0.000119,0.020241
1,1,10,"q10_case1",423,512,5120,2621440,2621440,1,216065,524288,2620889,0.001451,0.000000,0.000254,0.000032,0.000666,0.015538,0.000147,0.000246,0.000843,0.000174,0.019535
1,1,10,"q10_case1",424,512,5120,2621440,2621440,1,216577,524288,2620434,0.001454,0.000000,0.000249,0.000027,0.000674,0.015568,0.000140,0.000240,0.000816,0.000115,0.019463
1,1,10,"q10_case1",425,512,5120,2621440,2621440,1,217089,524288,2620886,0.001457,0.000000,0.000256,0.000024,0.000608,0.031068,0.000134,0.000244,0.000835,0.000208,0.034987
1,1,10,"q10_case1",426,512,5120,2621440,2621440,1,217601,524288,2620439,0.001448,0.000000,0.000298,0.000031,0.000623,0.015733,0.000174,0.000248,0.000825,0.000155,0.019758
1,1,10,"q10_case1",427,512,5120,2621440,2621440,1,218113,524288,2620444,0.001457,0.000000,0.000306,0.000025,0.000609,0.015993,0.000143,0.000246,0.000848,0.000165,0.019978
1,1,10,"q10_case1",428,512,5120,2621440,2621440,1,218625,524288,2620426,0.001465,0.000000,0.000269,0.000025,0.000611,0.015600,0.000130,0.000249,0.000855,0.000179,0.019568
1,1,10,"q10_case1",429,512,5120,2621440,2621440,1,219137,524288,2620518,0.001445,0.000000,0.000283,0.000024,0.000609,0.015958,0.000135,0.000248,0.000830,0.000189,0.019903
1,1,10,"q10_case1",430,512,5120,2621440,2621440,1,219649,524288,2620314,0.001454,0.000000,0.000216,0.000030,0.000613,0.015811,0.000140,0.000246,0.000809,0.000172,0.019622
1,1,10,"q10_case1",431,512,5120,2621440,2621440,1,220161,524288,2620297,0.001463,0.000000,0.000229,0.000030,0.000615,0.017587,0.000141,0.000247,0.000865,0.000186,0.021505
1,1,10,"q10_case1",432,512,5120,2621440,2621440,1,220673,524288,2620900,0.001463,0.000000,0.000276,0.000029,0.000612,0.014274,0.000142,0.000247,0.000850,0.000312,0.018379
1,1,10,"q10_case1",433,512,5120,2621440,2621440,1,221185,524288,2620429,0.001455,0.000000,0.000273,0.000034,0.000615,0.013940,0.000153,0.000257,0.000887,0.000304,0.018065
1,1,10,"q10_case1",434,512,5120,2621440,2621440,1,221697,524288,2620430,0.001515,0.000000,0.000278,0.000037,0.000619,0.013937,0.000148,0.000250,0.000847,0.000245,0.018093
1,1,10,"q10_case1",435,512,5120,2621440,2621440,1,222209,524288,2620880,0.001534,0.000000,0.000271,0.000035,0.000621,0.014041,0.000169,0.000255,0.000896,0.000368,0.018465
1,1,10,"q10_case1",436,512,5120,2621440,2621440,1,222721,524288,2620420,0.001567,0.000000,0.000276,0.000037,0.000608,0.014195,0.000136,0.000262,0.000905,0.000355,0.018558
1,1,10,"q10_case1",437,512,5120,2621440,2621440,1,223233,524288,2620418,0.001560,0.000000,0.000283,0.000048,0.000612,0.014386,0.000146,0.000447,0.000925,0.000402,0.019044
1,1,10,"q10_case1",438,512,5120,2621440,2621440,1,223745,524288,2620502,0.001558,0.000000,0.000305,0.000051,0.000624,0.014494,0.000161,0.000261,0.000910,0.000367,0.018964
1,1,10,"q10_case1",439,512,5120,2621440,2621440,1,224257,524288,2620464,0.001549,0.000000,0.000342,0.000045,0.000614,0.019927,0.000135,0.000259,0.000850,0.000363,0.024267
1,1,10,"q10_case1",440,512,5120,2621440,2621440,1,224769,524288,2620406,0.001556,0.000000,0.000268,0.000045,0.000616,0.016729,0.000145,0.000263,0.000862,0.000329,0.021027
1,1,10,"q10_case1",441,512,5120,2621440,2621440,1,225281,524288,2620662,0.001553,0.000001,0.000263,0.000036,0.000614,0.016196,0.000174,0.000273,0.000820,0.000304,0.020527
1,1,10,"q10_case1",442,512,5120,2621440,2621440,1,225793,524288,2620552,0.001525,0.000000,0.000286,0.000049,0.000609,0.016539,0.000142,0.000252,0.000813,0.000268,0.020666
1,1,10,"q10_case1",443,512,5120,2621440,2621440,1,226305,524288,2620450,0.001524,0.000000,0.000286,0.000038,0.000631,0.015717,0.000139,0.000259,0.000781,0.000289,0.019865
1,1,10,"q10_case1",444,512,5120,2621440,2621440,1,226817,524288,2620395,0.001486,0.000001,0.000234,0.000048,0.000613,0.016112,0.000141,0.000247,0.000820,0.000243,0.020155
1,1,10,"q10_case1",445,512,5120,2621440,2621440,1,227329,524288,2620318,0.001472,0.000000,0.000280,0.000043,0.000606,0.015782,0.000172,0.000250,0.000813,0.000242,0.019835
1,1,10,"q10_case1",446,512,5120,2621440,2621440,1,227841,524288,2620272,0.001480,0.000001,0.000337,0.000032,0.000610,0.015727,0.000136,0.000256,0.000797,0.000179,0.019777
1,1,10,"q10_case1",447,512,5120,2621440,2621440,1,228353,524288,2620241,0.001465,0.000000,0.000270,0.000068,0.000608,0.015698,0.000180,0.000264,0.000769,0.000167,0.019643
1,1,10,"q10_case1",448,512,5120,2621440,2621440,1,228865,524288,2620222,0.001465,0.000000,0.000225,0.000029,0.000623,0.015969,0.000143,0.000247,0.000787,0.000154,0.019825
1,1,10,"q10_case1",449,512,5120,2621440,2621440,1,229377,524288,2620225,0.001454,0.000000,0.000259,0.000026,0.000609,0.015910,0.000133,0.000342,0.000817,0.000131,0.019867
1,1,10,"q10_case1",450,512,5120,2621440,2621440,1,229889,524288,2620893,0.001460,0.000000,0.000277,0.000026,0.000645,0.015974,0.000146,0.000262,0.000821,0.000167,0.019969
1,1,10,"q10_case1",451,512,5120,2621440,2621440,1,230401,524288,2620440,0.001494,0.000000,0.000259,0.000041,0.000607,0.015437,0.000139,0.000249,0.000849,0.000210,0.019462
1,1,10,"q10_case1",452,512,5120,2621440,2621440,1,230913,524288,2620420,0.001446,0.000000,0.000271,0.000036,0.000650,0.013838,0.000152,0.000460,0.001243,0.000164,0.018468
1,1,10,"q10_case1",453,512,5120,2621440,2621440,1,231425,524288,2620399,0.001457,0.000000,0.000251,0.000058,0.000615,0.013839,0.000172,0.000258,0.000829,0.000162,0.017799
1,1,10,"q10_case1",454,512,5120,2621440,2621440,1,231937,524288,2620424,0.001441,0.000000,0.000252,0.000042,0.000622,0.014157,0.000156,0.000254,0.000837,0.000163,0.018090
1,1,10,"q10_case1",455,512,5120,2621440,2621440,1,232449,524288,2620459,0.001507,0.000000,0.000234,0.000041,0.000615,0.014485,0.000152,0.000255,0.000772,0.000175,0.018381
1,1,10,"q10_case1",456,512,5120,2621440,2621440,1,232961,524288,2620404,0.001433,0.000000,0.000239,0.000030,0.000613,0.013514,0.000140,0.000257,0.000832,0.000162,0.017355
1,1,10,"q10_case1",457,512,5120,2621440,2621440,1,233473,524288,2620371,0.001459,0.000000,0.000297,0.000034,0.000613,0.016896,0.000133,0.000249,0.000813,0.000222,0.020922
1,1,10,"q10_case1",458,512,5120,2621440,2621440,1,233985,524288,2620183,0.001502,0.000000,0.000249,0.000040,0.000610,0.016398,0.000143,0.000256,0.000812,0.000315,0.020545
1,1,10,"q10_case1",459,512,5120,2621440,2621440,1,234497,524288,2620128,0.001545,0.000000,0.000268,0.000035,0.000614,0.016523,0.000145,0.000266,0.000943,0.000267,0.020820
1,1,10,"q10_case1",460,512,5120,2621440,2621440,1,235009,524288,2620874,0.001576,0.000001,0.000288,0.000064,0.000608,0.016625,0.000162,0.000311,0.000893,0.000398,0.021209
1,1,10,"q10_case1",461,512,5120,2621440,2621440,1,235521,524288,2620429,0.001549,0.000000,0.000272,0.000038,0.000646,0.015948,0.000164,0.000257,0.000871,0.000260,0.020252
1,1,10,"q10_case1",462,512,5120,2621440,2621440,1,236033,524288,2620895,0.001551,0.000000,0.000269,0.000043,0.000609,0.016190,0.000159,0.000265,0.001067,0.000385,0.020765
1,1,10,"q10_case1",463,512,5120,2621440,2621440,1,236545,524288,2620427,0.001552,0.000000,0.000270,0.000041,0.000675,0.016457,0.000187,0.000262,0.000869,0.000367,0.020882
1,1,10,"q10_case1",464,512,5120,2621440,2621440,1,237057,524288,2620780,0.001559,0.000000,0.000246,0.000051,0.000612,0.016492,0.000189,0.000265,0.000944,0.000358,0.020965
1,1,10,"q10_case1",465,512,5120,2621440,2621440,1,237569,524288,2620878,0.001511,0.000001,0.000261,0.000035,0.000636,0.016060,0.000167,0.000259,0.000878,0.000338,0.020332
1,1,10,"q10_case1",466,512,5120,2621440,2621440,1,238081,524288,2620814,0.001502,0.000000,0.000276,0.000037,0.000628,0.016963,0.000145,0.000262,0.000853,0.000326,0.021202
1,1,10,"q10_case1",467,512,5120,2621440,2621440,1,238593,524288,2620719,0.001525,0.000001,0.000337,0.000047,0.000611,0.016920,0.000142,0.000257,0.000844,0.000301,0.021200
1,1,10,"q10_case1",468,512,5120,2621440,2621440,1,239105,524288,2620623,0.001514,0.000000,0.000284,0.000032,0.000607,0.016025,0.000143,0.000263,0.000854,0.000253,0.020162
1,1,10,"q10_case1",469,512,5120,2621440,2621440,1,239617,524288,2620581,0.001484,0.000000,0.000358,0.000032,0.000617,0.015827,0.000130,0.000246,0.000808,0.000216,0.019928
1,1,10,"q10_case1",470,512,5120,2621440,2621440,1,240129,524288,2620397,0.001459,0.000000,0.000216,0.000030,0.000609,0.015448,0.000132,0.000254,0.000806,0.000185,0.019295
1,1,10,"q10_case1",471,512,5120,2621440,2621440,1,240641,524288,2620424,0.001465,0.000000,0.000257,0.000041,0.000607,0.016079,0.000144,0.000250,0.000768,0.000157,0.019961
1,1,10,"q10_case1",472,512,5120,2621440,2621440,1,241153,524288,2620258,0.001460,0.000000,0.000270,0.000032,0.000656,0.016465,0.000154,0.000259,0.000774,0.000155,0.020473
1,1,10,"q10_case1",473,512,5120,2621440,2621440,1,241665,524288,2620179,0.001462,0.000000,0.000267,0.000026,0.000624,0.015765,0.000173,0.000251,0.000790,0.000171,0.019712
1,1,10,"q10_case1",474,512,5120,2621440,2621440,1,242177,524288,2620116,0.001452,0.000000,0.000324,0.000027,0.000609,0.015857,0.000178,0.000251,0.000771,0.000166,0.019838
1,1,10,"q10_case1",475,512,5120,2621440,2621440,1,242689,524288,2620142,0.001461,0.000000,0.000257,0.000033,0.000612,0.016539,0.000213,0.000261,0.000788,0.000241,0.020557
1,1,10,"q10_case1",476,512,5120,2621440,2621440,1,243201,524288,2620095,0.001453,0.000000,0.000259,0.000043,0.000610,0.015463,0.000138,0.000242,0.000867,0.000115,0.019344
1,1,10,"q10_case1",477,512,5120,2621440,2621440,1,243713,524288,2620865,0.001452,0.000000,0.000279,0.000029,0.000670,0.016114,0.000144,0.000264,0.000831,0.000181,0.020178
1,1,10,"q10_case1",478,512,5120,2621440,2621440,1,244225,524288,2620212,0.001749,0.000000,0.000279,0.000036,0.000608,0.015678,0.000134,0.000246,0.000822,0.000129,0.019893
1,1,10,"q10_case1",479,512,5120,2621440,2621440,1,244737,524288,2620889,0.001446,0.000000,0.000354,0.000028,0.000628,0.013589,0.000137,0.000249,0.000851,0.000176,0.017629
1,1,10,"q10_case1",480,512,5120,2621440,2621440,1,245249,524288,2620222,0.001492,0.000000,0.000254,0.000044,0.000646,0.013942,0.000168,0.000265,0.000840,0.000225,0.018106
1,1,10,"q10_case1",481,512,5120,2621440,2621440,1,245761,524288,2620913,0.001487,0.000000,0.000307,0.000046,0.000608,0.013831,0.000137,0.000364,0.000890,0.000342,0.018250
1,1,10,"q10_case1",482,512,5120,2621440,2621440,1,246273,524288,2620215,0.001574,0.000000,0.000304,0.000039,0.000612,0.013990,0.000149,0.000252,0.000932,0.000243,0.018303
1,1,10,"q10_case1",483,512,5120,2621440,2621440,1,246785,524288,2620912,0.001535,0.000000,0.000320,0.000039,0.000610,0.013836,0.000186,0.000261,0.000881,0.000354,0.018246
1,1,10,"q10_case1",484,512,5120,2621440,2621440,1,247297,524288,2620635,0.001535,0.000001,0.000282,0.000043,0.000610,0.016422,0.000148,0.000269,0.000973,0.000375,0.020882
1,1,10,"q10_case1",485,512,5120,2621440,2621440,1,247809,524288,2620223,0.001546,0.000000,0.000267,0.000065,0.000645,0.016564,0.000147,0.000253,0.000845,0.000253,0.020805
1,1,10,"q10_case1",486,512,5120,2621440,2621440,1,248321,524288,2620880,0.001527,0.000000,0.000248,0.000047,0.000604,0.016289,0.000178,0.000269,0.000887,0.000376,0.020639
1,1,10,"q10_case1",487,512,5120,2621440,2621440,1,248833,524288,2620418,0.001522,0.000000,0.000331,0.000059,0.000607,0.015945,0.000191,0.000265,0.000870,0.000350,0.020345
1,1,10,"q10_case1",488,512,5120,2621440,2621440,1,249345,524288,2620248,0.001480,0.000000,0.000231,0.000060,0.000622,0.016007,0.000143,0.000254,0.000795,0.000306,0.020098
1,1,10,"q10_case1",489,512,5120,2621440,2621440,1,249857,524288,2620329,0.001522,0.000000,0.000346,0.000039,0.000612,0.027485,0.000155,0.000271,0.000867,0.000336,0.031819
1,1,10,"q10_case1",490,512,5120,2621440,2621440,1,250369,524288,2620327,0.001542,0.000000,0.000260,0.000041,0.000662,0.015762,0.000148,0.000249,0.000829,0.000266,0.019985
1,1,10,"q10_case1",491,512,5120,2621440,2621440,1,250881,524288,2620325,0.001449,0.000000,0.000310,0.000026,0.000684,0.015796,0.000134,0.000247,0.000798,0.000227,0.019895
1,1,10,"q10_case1",492,512,5120,2621440,2621440,1,251393,524288,2620249,0.001449,0.000000,0.000247,0.000029,0.000637,0.040951,0.000147,0.000245,0.000825,0.000172,0.044872
1,1,10,"q10_case1",493,512,5120,2621440,2621440,1,251905,524288,2620889,0.001442,0.000000,0.000224,0.000038,0.000631,0.017204,0.000144,0.000252,0.000874,0.000242,0.021186
1,1,10,"q10_case1",494,512,5120,2621440,2621440,1,252417,524288,2620419,0.001444,0.000000,0.000323,0.000027,0.000613,0.015787,0.000132,0.000248,0.000840,0.000196,0.019854
1,1,10,"q10_case1",495,512,5120,2621440,2621440,1,252929,524288,2620415,0.001438,0.000000,0.000322,0.000027,0.000611,0.016300,0.000147,0.000335,0.000824,0.000208,0.020388
1,1,10,"q10_case1",496,512,5120,2621440,2621440,1,253441,524288,2620693,0.001460,0.000000,0.000241,0.000037,0.000634,0.016548,0.000137,0.000247,0.000827,0.000189,0.020465
1,1,10,"q10_case1",497,512,5120,2621440,2621440,1,253953,524288,2620629,0.001447,0.000000,0.000259,0.000026,0.000639,0.015785,0.000136,0.000246,0.000789,0.000172,0.019674
1,1,10,"q10_case1",498,512,5120,2621440,2621440,1,254465,524288,2620561,0.001440,0.000000,0.000298,0.000030,0.000645,0.015543,0.000141,0.000248,0.000806,0.000164,0.019532
1,1,10,"q10_case1",499,512,5120,2621440,2621440,1,254977,524288,2620397,0.001467,0.000000,0.000259,0.000026,0.000645,0.013382,0.000141,0.000247,0.000797,0.000181,0.017285
1,1,10,"q10_case1",500,512,5120,2621440,2621440,1,255489,524288,2620399,0.001433,0.000000,0.000253,0.000027,0.000611,0.013821,0.000154,0.000259,0.000783,0.000173,0.017696
1,1,10,"q10_case1",501,512,5120,2621440,2621440,1,256001,524288,2620227,0.001432,0.000000,0.000266,0.000042,0.000611,0.013543,0.000139,0.000257,0.000757,0.000194,0.017474
1,1,10,"q10_case1",502,512,5120,2621440,2621440,1,256513,524288,2620116,0.001456,0.000000,0.000287,0.000033,0.000656,0.013951,0.000168,0.000309,0.000820,0.000321,0.018233
1,1,10,"q10_case1",503,512,5120,2621440,2621440,1,257025,524288,2620116,0.001511,0.000000,0.000355,0.000044,0.000623,0.013756,0.000187,0.000278,0.000834,0.000347,0.018203
1,1,10,"q10_case1",504,512,5120,2621440,2621440,1,257537,524288,2620126,0.001582,0.000001,0.000328,0.000040,0.000612,0.015949,0.000154,0.000271,0.000874,0.000334,0.020396
1,1,10,"q10_case1",505,512,5120,2621440,2621440,1,258049,524288,2620103,0.001532,0.000000,0.000325,0.000039,0.000625,0.016034,0.000148,0.000269,0.000842,0.000349,0.020430
1,1,10,"q10_case1",506,512,5120,2621440,2621440,1,258561,524288,2620086,0.001578,0.000000,0.000257,0.000050,0.000619,0.015984,0.000151,0.000268,0.001358,0.000341,0.020814
1,1,10,"q10_case1",507,512,5120,2621440,2621440,1,259073,524288,2620049,0.001530,0.000000,0.000254,0.000053,0.000611,0.016116,0.000152,0.000268,0.000922,0.000255,0.020374
1,1,10,"q10_case1",508,512,5120,2621440,2621440,1,259585,524288,2620892,0.001534,0.000000,0.000497,0.000080,0.000638,0.016325,0.000200,0.000274,0.000954,0.000359,0.021224
1,1,10,"q10_case1",509,512,5120,2621440,2621440,1,260097,524288,2620443,0.001489,0.000000,0.000240,0.000059,0.000621,0.016390,0.000151,0.000272,0.000911,0.000232,0.020593
1,1,10,"q10_case1",510,512,5120,2621440,2621440,1,260609,524288,2620896,0.001515,0.000001,0.000269,0.000045,0.000611,0.016202,0.000199,0.000256,0.000894,0.000356,0.020540
1,1,10,"q10_case1",511,512,5120,2621440,2621440,1,261121,524288,2620441,0.001510,0.000000,0.000241,0.000042,0.000638,0.015901,0.000132,0.000257,0.000883,0.000348,0.020141
1,1,10,"q10_case1",512,512,5120,2621440,2621440,1,261633,524288,2620444,0.001466,0.000000,0.000234,0.000077,0.000611,0.016319,0.000175,0.000251,0.000848,0.000289,0.020463
1,1,10,"q10_case1",513,512,5120,2621440,2621440,1,262145,1048576,2620411,0.025563,0.001304,0.001887,0.000000,0.000678,0.015506,0.000141,0.000310,0.000894,0.000306,0.047029
1,1,10,"q10_case1",514,512,5120,2621440,2621440,1,262657,1048576,2620387,0.001660,0.000000,0.000510,0.000056,0.000681,0.015701,0.000140,0.000256,0.000806,0.000249,0.020285
1,1,10,"q10_case1",515,512,5120,2621440,2621440,1,263169,1048576,2620356,0.001435,0.000000,0.000315,0.000025,0.000648,0.015662,0.000148,0.000255,0.000800,0.000183,0.019632
1,1,10,"q10_case1",516,512,5120,2621440,2621440,1,263681,1048576,2620253,0.001460,0.000000,0.000275,0.000023,0.000651,0.015525,0.000140,0.000257,0.000790,0.000199,0.019500
1,1,10,"q10_case1",517,512,5120,2621440,2621440,1,264193,1048576,2620302,0.001444,0.000000,0.000320,0.000026,0.000650,0.016829,0.000136,0.000292,0.000801,0.000268,0.020996
1,1,10,"q10_case1",518,512,5120,2621440,2621440,1,264705,1048576,2620308,0.001419,0.000001,0.000246,0.000064,0.000649,0.015577,0.000175,0.000314,0.000783,0.000190,0.019617
1,1,10,"q10_case1",519,512,5120,2621440,2621440,1,265217,1048576,2620270,0.001463,0.000000,0.000430,0.000037,0.000662,0.019377,0.000197,0.000270,0.000768,0.000183,0.023632
1,1,10,"q10_case1",520,512,5120,2621440,2621440,1,265729,1048576,2620236,0.001509,0.000000,0.000556,0.000114,0.000663,0.015738,0.000154,0.000258,0.000822,0.000170,0.020230
1,1,10,"q10_case1",521,512,5120,2621440,2621440,1,266241,1048576,2620882,0.001424,0.000000,0.000286,0.000025,0.000677,0.016115,0.000149,0.000254,0.000838,0.000193,0.020147
1,1,10,"q10_case1",522,512,5120,2621440,2621440,1,266753,1048576,2620432,0.001496,0.000000,0.000254,0.000031,0.000647,0.016520,0.000148,0.000258,0.000839,0.000316,0.020716
1,1,10,"q10_case1",523,512,5120,2621440,2621440,1,267265,1048576,2620427,0.001481,0.000001,0.000272,0.000032,0.000709,0.014298,0.000142,0.000258,0.000964,0.000360,0.018743
1,1,10,"q10_case1",524,512,5120,2621440,2621440,1,267777,1048576,2620599,0.001532,0.000000,0.000311,0.000030,0.000649,0.014401,0.000194,0.000356,0.000884,0.000357,0.018958
1,1,10,"q10_case1",525,512,5120,2621440,2621440,1,268289,1048576,2620484,0.001567,0.000001,0.000268,0.000045,0.000679,0.014412,0.000144,0.000265,0.000900,0.000399,0.018977
1,1,10,"q10_case1",526,512,5120,2621440,2621440,1,268801,1048576,2620418,0.001579,0.000000,0.000342,0.000030,0.000655,0.013701,0.000140,0.000265,0.000861,0.000365,0.018166
1,1,10,"q10_case1",527,512,5120,2621440,2621440,1,269313,1048576,2620524,0.001560,0.000000,0.000286,0.000032,0.000684,0.014584,0.000158,0.000261,0.000833,0.000370,0.018983
1,1,10,"q10_case1",528,512,5120,2621440,2621440,1,269825,1048576,2620483,0.001537,0.000000,0.000326,0.000045,0.000647,0.015947,0.000167,0.000260,0.000817,0.000310,0.020286
1,1,10,"q10_case1",529,512,5120,2621440,2621440,1,270337,1048576,2620414,0.001555,0.000000,0.000297,0.000032,0.000647,0.016163,0.000137,0.000264,0.000814,0.000332,0.020469
1,1,10,"q10_case1",530,512,5120,2621440,2621440,1,270849,1048576,2620363,0.001530,0.000000,0.000245,0.000065,0.000661,0.016038,0.000136,0.000261,0.000850,0.000269,0.020287
1,1,10,"q10_case1",531,512,5120,2621440,2621440,1,271361,1048576,2620353,0.001473,0.000000,0.000243,0.000092,0.000710,0.016043,0.000141,0.000255,0.000791,0.000275,0.020272
1,1,10,"q10_case1",532,512,5120,2621440,2621440,1,271873,1048576,2620389,0.001500,0.000000,0.000264,0.000042,0.000648,0.016098,0.000149,0.000257,0.000813,0.000291,0.020284
1,1,10,"q10_case1",533,512,5120,2621440,2621440,1,272385,1048576,2620387,0.001506,0.000000,0.000262,0.000046,0.000701,0.015782,0.000140,0.000262,0.000803,0.000314,0.020010
1,1,10,"q10_case1",534,512,5120,2621440,2621440,1,272897,1048576,2620354,0.001511,0.000000,0.000236,0.000031,0.000646,0.023396,0.000152,0.000302,0.000780,0.000301,0.027684
1,1,10,"q10_case1",535,512,5120,2621440,2621440,1,273409,1048576,2620301,0.001484,0.000000,0.000294,0.000036,0.000661,0.016241,0.000141,0.000261,0.000873,0.000208,0.020444
1,1,10,"q10_case1",536,512,5120,2621440,2621440,1,273921,1048576,2620908,0.001482,0.000000,0.000245,0.000042,0.000647,0.016079,0.000134,0.000256,0.000854,0.000306,0.020238
1,1,10,"q10_case1",537,512,5120,2621440,2621440,1,274433,1048576,2620419,0.001496,0.000000,0.000230,0.000039,0.000647,0.016392,0.000137,0.000255,0.000877,0.000202,0.020508
1,1,10,"q10_case1",538,512,5120,2621440,2621440,1,274945,1048576,2620889,0.001461,0.000000,0.000279,0.000033,0.000679,0.015650,0.000133,0.000261,0.000816,0.000253,0.019740
1,1,10,"q10_case1",539,512,5120,2621440,2621440,1,275457,1048576,2620419,0.001468,0.000001,0.000234,0.000039,0.000643,0.016183,0.000146,0.000252,0.000874,0.000331,0.020372
1,1,10,"q10_case1",540,512,5120,2621440,2621440,1,275969,1048576,2620781,0.001493,0.000001,0.000241,0.000049,0.000868,0.017170,0.000139,0.000256,0.000856,0.000341,0.021643
1,1,10,"q10_case1",541,512,5120,2621440,2621440,1,276481,1048576,2620713,0.001503,0.000000,0.000229,0.000037,0.000657,0.018113,0.000146,0.000552,0.000800,0.000308,0.022572
1,1,10,"q10_case1",542,512,5120,2621440,2621440,1,276993,1048576,2620471,0.001515,0.000001,0.000370,0.000030,0.000645,0.016258,0.000136,0.000269,0.000853,0.000312,0.020625
1,1,10,"q10_case1",543,512,5120,2621440,2621440,1,277505,1048576,2620589,0.001523,0.000000,0.000236,0.000035,0.000647,0.016086,0.000153,0.000297,0.000850,0.000338,0.020404
1,1,10,"q10_case1",544,512,5120,2621440,2621440,1,278017,1048576,2620528,0.001560,0.000001,0.000330,0.000056,0.000660,0.016318,0.000161,0.000420,0.000859,0.000348,0.020984
1,1,10,"q10_case1",545,512,5120,2621440,2621440,1,278529,1048576,2620457,0.001571,0.000000,0.000308,0.000046,0.000647,0.016060,0.000183,0.000270,0.000850,0.000333,0.020495
1,1,10,"q10_case1",546,512,5120,2621440,2621440,1,279041,1048576,2620293,0.001554,0.000000,0.000264,0.000033,0.000647,0.016864,0.000147,0.000264,0.000826,0.000337,0.021178
1,1,10,"q10_case1",547,512,5120,2621440,2621440,1,279553,1048576,2620131,0.001545,0.000000,0.000275,0.000033,0.000688,0.016469,0.000147,0.000270,0.000859,0.000371,0.020884
1,1,10,"q10_case1",548,512,5120,2621440,2621440,1,280065,1048576,2620055,0.001512,0.000000,0.000277,0.000034,0.000642,0.016070,0.000147,0.000258,0.000860,0.000359,0.020367
1,1,10,"q10_case1",549,512,5120,2621440,2621440,1,280577,1048576,2620028,0.001549,0.000001,0.000306,0.000036,0.000662,0.016557,0.000183,0.000262,0.000782,0.000354,0.020910
1,1,10,"q10_case1",550,512,5120,2621440,2621440,1,281089,1048576,2620017,0.001484,0.000000,0.000262,0.000038,0.000653,0.015820,0.000161,0.000269,0.000806,0.000313,0.020022
1,1,10,"q10_case1",551,512,5120,2621440,2621440,1,281601,1048576,2620044,0.001489,0.000000,0.000253,0.000045,0.000646,0.016128,0.000188,0.000253,0.000829,0.000327,0.020400
1,1,10,"q10_case1",552,512,5120,2621440,2621440,1,282113,1048576,2620069,0.001505,0.000000,0.002778,0.000036,0.000668,0.015781,0.000176,0.000250,0.000810,0.000320,0.022509
1,1,10,"q10_case1",553,512,5120,2621440,2621440,1,282625,1048576,2620065,0.001457,0.000000,0.000930,0.000027,0.000644,0.016371,0.000161,0.000266,0.000789,0.000245,0.021119
1,1,10,"q10_case1",554,512,5120,2621440,2621440,1,283137,1048576,2620115,0.001476,0.000000,0.000526,0.000033,0.000644,0.016099,0.000138,0.000266,0.000810,0.000316,0.020498
1,1,10,"q10_case1",555,512,5120,2621440,2621440,1,283649,1048576,2620169,0.001524,0.000000,0.000592,0.000063,0.000667,0.016022,0.000199,0.000262,0.000802,0.000249,0.020676
1,1,10,"q10_case1",556,512,5120,2621440,2621440,1,284161,1048576,2620187,0.001472,0.000000,0.000506,0.000036,0.000649,0.018933,0.000137,0.000257,0.000777,0.000302,0.023328
1,1,10,"q10_case1",557,512,5120,2621440,2621440,1,284673,1048576,2620172,0.001530,0.000000,0.000400,0.000047,0.000646,0.015784,0.000145,0.000266,0.000791,0.000270,0.020118
1,1,10,"q10_case1",558,512,5120,2621440,2621440,1,285185,1048576,2620149,0.001907,0.000000,0.000442,0.000027,0.000646,0.018835,0.000132,0.000249,0.000765,0.000195,0.023409
1,1,10,"q10_case1",559,512,5120,2621440,2621440,1,285697,1048576,2620116,0.001441,0.000000,0.000388,0.000027,0.000643,0.016056,0.000131,0.000246,0.000833,0.000150,0.020120
1,1,10,"q10_case1",560,512,5120,2621440,2621440,1,286209,1048576,2620889,0.001456,0.000000,0.000469,0.000023,0.000678,0.067079,0.000136,0.000251,0.000827,0.000247,0.071379
1,1,10,"q10_case1",561,512,5120,2621440,2621440,1,286721,1048576,2620419,0.001427,0.000000,0.000370,0.000059,0.000665,0.016412,0.000132,0.000245,0.000860,0.000204,0.020573
1,1,10,"q10_case1",562,512,5120,2621440,2621440,1,287233,1048576,2620889,0.001491,0.000000,0.005837,0.000034,0.000646,0.015591,0.000142,0.000264,0.000852,0.000319,0.025435
1,1,10,"q10_case1",563,512,5120,2621440,2621440,1,287745,1048576,2620417,0.001547,0.000001,0.000339,0.000040,0.000646,0.017492,0.000142,0.000368,0.000899,0.000389,0.022091
1,1,10,"q10_case1",564,512,5120,2621440,2621440,1,288257,1048576,2620410,0.001554,0.000000,0.000457,0.000030,0.000644,0.016388,0.000150,0.000265,0.000883,0.000271,0.020922
1,1,10,"q10_case1",565,512,5120,2621440,2621440,1,288769,1048576,2620879,0.001580,0.000000,0.000479,0.000043,0.000652,0.016821,0.000165,0.000271,0.000968,0.000405,0.021667
1,1,10,"q10_case1",566,512,5120,2621440,2621440,1,289281,1048576,2620417,0.001525,0.000000,0.000349,0.000036,0.000642,0.016089,0.000151,0.000270,0.000880,0.000369,0.020542
1,1,10,"q10_case1",567,512,5120,2621440,2621440,1,289793,1048576,2620411,0.001485,0.000000,0.000402,0.000042,0.000640,0.016578,0.000173,0.000271,0.000889,0.000395,0.021156
1,1,10,"q10_case1",568,512,5120,2621440,2621440,1,290305,1048576,2620408,0.001542,0.000000,0.005896,0.000044,0.000647,0.015601,0.000145,0.000261,0.000863,0.000357,0.025650
1,1,10,"q10_case1",569,512,5120,2621440,2621440,1,290817,1048576,2620472,0.001490,0.000000,0.000434,0.000033,0.000675,0.015977,0.000137,0.000258,0.000852,0.000304,0.020402
1,1,10,"q10_case1",570,512,5120,2621440,2621440,1,291329,1048576,2620542,0.001494,0.000000,0.000413,0.000029,0.000640,0.018784,0.000149,0.000255,0.000832,0.000303,0.023086
1,1,10,"q10_case1",571,512,5120,2621440,2621440,1,291841,1048576,2620530,0.001489,0.000001,0.002603,0.000033,0.000639,0.016578,0.000138,0.000249,0.000801,0.000303,0.023031
1,1,10,"q10_case1",572,512,5120,2621440,2621440,1,292353,1048576,2620449,0.001480,0.000000,0.000427,0.000029,0.000641,0.016161,0.000135,0.000252,0.000804,0.000228,0.020384
1,1,10,"q10_case1",573,512,5120,2621440,2621440,1,292865,1048576,2620383,0.001438,0.000000,0.000438,0.000023,0.000643,0.021048,0.000137,0.000265,0.000807,0.000175,0.025193
1,1,10,"q10_case1",574,512,5120,2621440,2621440,1,293377,1048576,2620307,0.001458,0.000000,0.001587,0.000021,0.000641,0.015066,0.000145,0.000257,0.000781,0.000174,0.020290
1,1,10,"q10_case1",575,512,5120,2621440,2621440,1,293889,1048576,2620252,0.001440,0.000000,0.003743,0.000053,0.000639,0.023252,0.000136,0.000250,0.000847,0.000196,0.030724
1,1,10,"q10_case1",576,512,5120,2621440,2621440,1,294401,1048576,2620893,0.001465,0.000000,0.000384,0.000026,0.000641,0.015852,0.000131,0.000252,0.000833,0.000170,0.020020
1,1,10,"q10_case1",577,512,5120,2621440,2621440,1,294913,1048576,2620436,0.001446,0.000000,0.000439,0.000027,0.000642,0.015864,0.000133,0.000259,0.000816,0.000195,0.020024
1,1,10,"q10_case1",578,512,5120,2621440,2621440,1,295425,1048576,2620269,0.001449,0.000000,0.003623,0.000066,0.000638,0.016753,0.000139,0.000347,0.000801,0.000193,0.024167
1,1,10,"q10_case1",579,512,5120,2621440,2621440,1,295937,1048576,2620277,0.001463,0.000000,0.003368,0.000028,0.000641,0.016011,0.000141,0.000251,0.000832,0.000171,0.023085
1,1,10,"q10_case1",580,512,5120,2621440,2621440,1,296449,1048576,2620895,0.001455,0.000000,0.003110,0.000025,0.000637,0.044024,0.000151,0.000247,0.000815,0.000217,0.050842
1,1,10,"q10_case1",581,512,5120,2621440,2621440,1,296961,1048576,2620425,0.001466,0.000000,0.000369,0.000029,0.000645,0.015746,0.000141,0.000252,0.000856,0.000207,0.019927
1,1,10,"q10_case1",582,512,5120,2621440,2621440,1,297473,1048576,2620901,0.001479,0.000000,0.000408,0.000033,0.000638,0.022845,0.000143,0.000263,0.000928,0.000376,0.027333
1,1,10,"q10_case1",583,512,5120,2621440,2621440,1,297985,1048576,2620425,0.001545,0.000001,0.000397,0.000042,0.000672,0.016200,0.000199,0.000507,0.001092,0.000293,0.021204
1,1,10,"q10_case1",584,512,5120,2621440,2621440,1,298497,1048576,2620893,0.001560,0.000000,0.000514,0.000071,0.000772,0.023487,0.000181,0.000264,0.000879,0.000360,0.028368
1,1,10,"q10_case1",585,512,5120,2621440,2621440,1,299009,1048576,2620422,0.001583,0.000000,0.000453,0.000032,0.000640,0.017163,0.000191,0.000261,0.000861,0.000374,0.021789
1,1,10,"q10_case1",586,512,5120,2621440,2621440,1,299521,1048576,2620429,0.001546,0.000000,0.000441,0.000035,0.000639,0.016211,0.000177,0.000275,0.000902,0.000358,0.020830
1,1,10,"q10_case1",587,512,5120,2621440,2621440,1,300033,1048576,2620434,0.001539,0.000000,0.000431,0.000033,0.000651,0.016088,0.000162,0.000265,0.000913,0.000362,0.020778
1,1,10,"q10_case1",588,512,5120,2621440,2621440,1,300545,1048576,2620827,0.001506,0.000001,0.000471,0.000036,0.000639,0.016911,0.000161,0.000342,0.000950,0.000300,0.021547
1,1,10,"q10_case1",589,512,5120,2621440,2621440,1,301057,1048576,2620746,0.001493,0.000000,0.000617,0.000055,0.000670,0.015990,0.000193,0.000255,0.000901,0.000317,0.020824
1,1,10,"q10_case1",590,512,5120,2621440,2621440,1,301569,1048576,2620714,0.001499,0.000000,0.000383,0.000035,0.000641,0.016883,0.000168,0.000271,0.000870,0.000304,0.021299
1,1,10,"q10_case1",591,512,5120,2621440,2621440,1,302081,1048576,2620664,0.001473,0.000000,0.000438,0.000024,0.000640,0.016049,0.000134,0.000248,0.000825,0.000196,0.020238
1,1,10,"q10_case1",592,512,5120,2621440,2621440,1,302593,1048576,2620893,0.001453,0.000000,0.000391,0.000024,0.000639,0.017306,0.000131,0.000248,0.000883,0.000200,0.021484
1,1,10,"q10_case1",593,512,5120,2621440,2621440,1,303105,1048576,2620417,0.001453,0.000000,0.000344,0.000023,0.000641,0.016532,0.000133,0.000249,0.000831,0.000142,0.020554
1,1,10,"q10_case1",594,512,5120,2621440,2621440,1,303617,1048576,2620880,0.001466,0.000000,0.000466,0.000029,0.000640,0.015552,0.000146,0.000252,0.000830,0.000208,0.019789
1,1,10,"q10_case1",595,512,5120,2621440,2621440,1,304129,1048576,2620417,0.001455,0.000000,0.000444,0.000025,0.000643,0.015999,0.000133,0.000249,0.000855,0.000195,0.020219
1,1,10,"q10_case1",596,512,5120,2621440,2621440,1,304641,1048576,2620414,0.001451,0.000000,0.000395,0.000025,0.000640,0.021360,0.000136,0.000268,0.000826,0.000218,0.025545
1,1,10,"q10_case1",597,512,5120,2621440,2621440,1,305153,1048576,2620413,0.001438,0.000000,0.000976,0.000027,0.000695,0.015175,0.000136,0.000265,0.000840,0.000194,0.019918
1,1,10,"q10_case1",598,512,5120,2621440,2621440,1,305665,1048576,2620736,0.001442,0.000000,0.004957,0.000029,0.000640,0.015115,0.000146,0.000255,0.000818,0.000189,0.023785
1,1,10,"q10_case1",599,512,5120,2621440,2621440,1,306177,1048576,2620705,0.001450,0.000000,0.000372,0.000024,0.000638,0.019833,0.000177,0.000250,0.000837,0.000184,0.023974
1,1,10,"q10_case1",600,512,5120,2621440,2621440,1,306689,1048576,2620623,0.001467,0.000000,0.000428,0.000038,0.000639,0.020127,0.000138,0.000247,0.000859,0.000266,0.024385
1,1,10,"q10_case1",601,512,5120,2621440,2621440,1,307201,1048576,2620585,0.001512,0.000000,0.000407,0.000036,0.000635,0.029314,0.000191,0.000287,0.000876,0.000331,0.034069
1,1,10,"q10_case1",602,512,5120,2621440,2621440,1,307713,1048576,2620569,0.001576,0.000000,0.000657,0.000057,0.000666,0.016622,0.000233,0.000275,0.000866,0.000331,0.021651
1,1,10,"q10_case1",603,512,5120,2621440,2621440,1,308225,1048576,2620482,0.001551,0.000000,0.000426,0.000039,0.000643,0.016321,0.000164,0.000327,0.000862,0.000363,0.020948
1,1,10,"q10_case1",604,512,5120,2621440,2621440,1,308737,1048576,2620471,0.001531,0.000000,0.000717,0.000063,0.000666,0.016162,0.000191,0.000268,0.000850,0.000331,0.021143
1,1,10,"q10_case1",605,512,5120,2621440,2621440,1,309249,1048576,2620359,0.001561,0.000000,0.000420,0.000038,0.000648,0.016358,0.000147,0.000319,0.000874,0.000349,0.020936
1,1,10,"q10_case1",606,512,5120,2621440,2621440,1,309761,1048576,2620242,0.001548,0.000000,0.000331,0.000034,0.000641,0.016225,0.000187,0.000267,0.000822,0.000326,0.020662
1,1,10,"q10_case1",607,512,5120,2621440,2621440,1,310273,1048576,2620124,0.001513,0.000000,0.000494,0.000031,0.000641,0.021411,0.000179,0.000281,0.000807,0.000330,0.025936
1,1,10,"q10_case1",608,512,5120,2621440,2621440,1,310785,1048576,2620004,0.001515,0.000000,0.000468,0.000047,0.000641,0.017868,0.000150,0.000264,0.000932,0.000253,0.022372
1,1,10,"q10_case1",609,512,5120,2621440,2621440,1,311297,1048576,2620875,0.001531,0.000000,0.000466,0.000030,0.000639,0.016335,0.000138,0.000257,0.000826,0.000329,0.020787
1,1,10,"q10_case1",610,512,5120,2621440,2621440,1,311809,1048576,2620151,0.001444,0.000000,0.001040,0.000026,0.000639,0.016708,0.000140,0.000245,0.000847,0.000182,0.021415
1,1,10,"q10_case1",611,512,5120,2621440,2621440,1,312321,1048576,2620891,0.001479,0.000000,0.000346,0.000027,0.000639,0.016212,0.000157,0.000247,0.000829,0.000185,0.020300
1,1,10,"q10_case1",612,512,5120,2621440,2621440,1,312833,1048576,2620758,0.001467,0.000000,0.001288,0.000039,0.000638,0.015712,0.000156,0.000311,0.000858,0.000154,0.020855
1,1,10,"q10_case1",613,512,5120,2621440,2621440,1,313345,1048576,2620406,0.001453,0.000000,0.000635,0.000026,0.000642,0.015753,0.000146,0.000249,0.000821,0.000206,0.020113
1,1,10,"q10_case1",614,512,5120,2621440,2621440,1,313857,1048576,2620424,0.001461,0.000000,0.000376,0.000023,0.000636,0.021320,0.000155,0.000273,0.000866,0.000149,0.025485
1,1,10,"q10_case1",615,512,5120,2621440,2621440,1,314369,1048576,2620885,0.001452,0.000000,0.000657,0.000052,0.000657,0.016451,0.000182,0.000258,0.000847,0.000213,0.021051
1,1,10,"q10_case1",616,512,5120,2621440,2621440,1,314881,1048576,2620439,0.001461,0.000000,0.000386,0.000027,0.000637,0.015358,0.000136,0.000248,0.000855,0.000137,0.019445
1,1,10,"q10_case1",617,512,5120,2621440,2621440,1,315393,1048576,2620880,0.001452,0.000000,0.000355,0.000032,0.000635,0.016366,0.000132,0.000245,0.000844,0.000220,0.020440
1,1,10,"q10_case1",618,512,5120,2621440,2621440,1,315905,1048576,2620429,0.001455,0.000000,0.000309,0.000024,0.000638,0.015478,0.000155,0.000251,0.000832,0.000208,0.019588
1,1,10,"q10_case1",619,512,5120,2621440,2621440,1,316417,1048576,2620438,0.001447,0.000000,0.000355,0.000024,0.000637,0.016069,0.000134,0.000244,0.000830,0.000219,0.020175
1,1,10,"q10_case1",620,512,5120,2621440,2621440,1,316929,1048576,2620744,0.001464,0.000000,0.000305,0.000025,0.000634,0.021153,0.000135,0.000256,0.000842,0.000323,0.025358
1,1,10,"q10_case1",621,512,5120,2621440,2621440,1,317441,1048576,2620527,0.001514,0.000000,0.000387,0.000042,0.000634,0.015927,0.000134,0.000253,0.000879,0.000230,0.020235
1,1,10,"q10_case1",622,512,5120,2621440,2621440,1,317953,1048576,2620908,0.001535,0.000000,0.000398,0.000045,0.000636,0.016410,0.000185,0.000278,0.000894,0.000378,0.020997
1,1,10,"q10_case1",623,512,5120,2621440,2621440,1,318465,1048576,2620449,0.001553,0.000000,0.000431,0.000036,0.000640,0.020163,0.000150,0.000270,0.000926,0.000379,0.024828
1,1,10,"q10_case1",624,512,5120,2621440,2621440,1,318977,1048576,2620443,0.001574,0.000000,0.000334,0.000034,0.000648,0.022811,0.000143,0.000264,0.000917,0.000274,0.027232
1,1,10,"q10_case1",625,512,5120,2621440,2621440,1,319489,1048576,2620887,0.001534,0.000001,0.000442,0.000033,0.000638,0.016243,0.000195,0.000273,0.000870,0.000339,0.020794
1,1,10,"q10_case1",626,512,5120,2621440,2621440,1,320001,1048576,2620566,0.001551,0.000000,0.000407,0.000042,0.000636,0.017481,0.000144,0.000258,0.000884,0.000349,0.021960
1,1,10,"q10_case1",627,512,5120,2621440,2621440,1,320513,1048576,2620418,0.001507,0.000004,0.000437,0.000030,0.000635,0.015823,0.000138,0.000257,0.000855,0.000327,0.020212
1,1,10,"q10_case1",628,512,5120,2621440,2621440,1,321025,1048576,2620417,0.001501,0.000001,0.000449,0.000034,0.000638,0.018634,0.000148,0.000263,0.000858,0.000321,0.023044
1,1,10,"q10_case1",629,512,5120,2621440,2621440,1,321537,1048576,2620415,0.001478,0.000001,0.000440,0.000032,0.000637,0.015709,0.000153,0.000252,0.000807,0.000277,0.020007
1,1,10,"q10_case1",630,512,5120,2621440,2621440,1,322049,1048576,2620545,0.001459,0.000000,0.001217,0.000026,0.000635,0.015316,0.000137,0.000255,0.000832,0.000274,0.020376
1,1,10,"q10_case1",631,512,5120,2621440,2621440,1,322561,1048576,2620443,0.001478,0.000000,0.000370,0.000032,0.000636,0.021486,0.000135,0.000259,0.000845,0.000210,0.025669
1,1,10,"q10_case1",632,512,5120,2621440,2621440,1,323073,1048576,2620893,0.001485,0.000000,0.000380,0.000028,0.000635,0.015982,0.000131,0.000247,0.000843,0.000215,0.020224
1,1,10,"q10_case1",633,512,5120,2621440,2621440,1,323585,1048576,2620426,0.001462,0.000000,0.000420,0.000027,0.000639,0.015793,0.000181,0.000247,0.000842,0.000232,0.020092
1,1,10,"q10_case1",634,512,5120,2621440,2621440,1,324097,1048576,2620428,0.001476,0.000000,0.000493,0.000029,0.000635,0.016540,0.000141,0.000370,0.000831,0.000213,0.020914
1,1,10,"q10_case1",635,512,5120,2621440,2621440,1,324609,1048576,2620792,0.001513,0.000000,0.000393,0.000032,0.000637,0.015768,0.000133,0.000254,0.000865,0.000263,0.020103
1,1,10,"q10_case1",636,512,5120,2621440,2621440,1,325121,1048576,2620781,0.001494,0.000000,0.000430,0.000035,0.000639,0.016045,0.000185,0.000279,0.001192,0.000245,0.020748
1,1,10,"q10_case1",637,512,5120,2621440,2621440,1,325633,1048576,2620725,0.001458,0.000000,0.000396,0.000027,0.000638,0.016625,0.000145,0.000251,0.000858,0.000253,0.020875
1,1,10,"q10_case1",638,512,5120,2621440,2621440,1,326145,1048576,2620660,0.001461,0.000000,0.000411,0.000025,0.000635,0.016853,0.000144,0.000244,0.000865,0.000194,0.021019
1,1,10,"q10_case1",639,512,5120,2621440,2621440,1,326657,1048576,2620915,0.001453,0.000000,0.000513,0.000027,0.000635,0.016229,0.000142,0.000260,0.000942,0.000391,0.020836
1,1,10,"q10_case1",640,512,5120,2621440,2621440,1,327169,1048576,2620431,0.001514,0.000000,0.000392,0.000036,0.000662,0.016854,0.000137,0.000254,0.000906,0.000286,0.021252
1,1,10,"q10_case1",641,512,5120,2621440,2621440,1,327681,1048576,2620894,0.001532,0.000000,0.006045,0.000047,0.000634,0.015583,0.000154,0.000265,0.000881,0.000408,0.025768
1,1,10,"q10_case1",642,512,5120,2621440,2621440,1,328193,1048576,2620429,0.001544,0.000001,0.000447,0.000031,0.000638,0.016854,0.000180,0.000271,0.000911,0.000404,0.021540
1,1,10,"q10_case1",643,512,5120,2621440,2621440,1,328705,1048576,2620604,0.001568,0.000000,0.000470,0.000041,0.000635,0.017974,0.000153,0.000280,0.000895,0.000412,0.022661
1,1,10,"q10_case1",644,512,5120,2621440,2621440,1,329217,1048576,2620705,0.001529,0.000000,0.000429,0.000033,0.000645,0.016131,0.000143,0.000277,0.000908,0.000379,0.020761
1,1,10,"q10_case1",645,512,5120,2621440,2621440,1,329729,1048576,2620643,0.001576,0.000000,0.004127,0.000038,0.000640,0.018934,0.000174,0.000267,0.000851,0.000365,0.027197
1,1,10,"q10_case1",646,512,5120,2621440,2621440,1,330241,1048576,2620634,0.001514,0.000000,0.000399,0.000040,0.000639,0.018358,0.000135,0.000250,0.000855,0.000327,0.022713
1,1,10,"q10_case1",647,512,5120,2621440,2621440,1,330753,1048576,2620534,0.001528,0.000000,0.000424,0.000033,0.000635,0.016418,0.000171,0.000251,0.000859,0.000225,0.020749
1,1,10,"q10_case1",648,512,5120,2621440,2621440,1,331265,1048576,2620909,0.001497,0.000001,0.000494,0.000044,0.000633,0.016237,0.000133,0.000251,0.000853,0.000251,0.020577
1,1,10,"q10_case1",649,512,5120,2621440,2621440,1,331777,1048576,2620426,0.001468,0.000000,0.000474,0.000029,0.000631,0.016199,0.000133,0.000259,0.000824,0.000211,0.020493
1,1,10,"q10_case1",650,512,5120,2621440,2621440,1,332289,1048576,2620416,0.001477,0.000000,0.000618,0.000025,0.000634,0.016070,0.000139,0.000257,0.000849,0.000225,0.020573
1,1,10,"q10_case1",651,512,5120,2621440,2621440,1,332801,1048576,2620699,0.001493,0.000000,0.000427,0.000026,0.000634,0.016846,0.000138,0.000305,0.000800,0.000250,0.021172
1,1,10,"q10_case1",652,512,5120,2621440,2621440,1,333313,1048576,2620592,0.001457,0.000000,0.000388,0.000030,0.000638,0.018514,0.000138,0.000255,0.000830,0.000125,0.022602
1,1,10,"q10_case1",653,512,5120,2621440,2621440,1,333825,1048576,2620909,0.001518,0.000000,0.000405,0.000036,0.000856,0.039885,0.000135,0.000263,0.000853,0.000266,0.044442
1,1,10,"q10_case1",654,512,5120,2621440,2621440,1,334337,1048576,2620437,0.001503,0.000000,0.000341,0.000028,0.000639,0.016068,0.000147,0.000253,0.000822,0.000154,0.020161
1,1,10,"q10_case1",655,512,5120,2621440,2621440,1,334849,1048576,2620894,0.001464,0.000000,0.000443,0.000026,0.000647,0.015788,0.000152,0.000249,0.000809,0.000217,0.019968
1,1,10,"q10_case1",656,512,5120,2621440,2621440,1,335361,1048576,2620433,0.001453,0.000000,0.000417,0.000033,0.000635,0.015960,0.000134,0.000248,0.000823,0.000150,0.020014
1,1,10,"q10_case1",657,512,5120,2621440,2621440,1,335873,1048576,2620896,0.001456,0.000000,0.000374,0.000026,0.000633,0.016495,0.000179,0.000342,0.000865,0.000310,0.020975
1,1,10,"q10_case1",658,512,5120,2621440,2621440,1,336385,1048576,2620435,0.001543,0.000000,0.000423,0.000036,0.000636,0.018929,0.000157,0.000313,0.000825,0.000250,0.023379
1,1,10,"q10_case1",659,512,5120,2621440,2621440,1,336897,1048576,2620916,0.001553,0.000000,0.000316,0.000035,0.000632,0.016117,0.000143,0.000269,0.000893,0.000281,0.020477
1,1,10,"q10_case1",660,512,5120,2621440,2621440,1,337409,1048576,2620499,0.001581,0.000000,0.000376,0.000054,0.000636,0.016058,0.000153,0.000285,0.000849,0.000291,0.020502
1,1,10,"q10_case1",661,512,5120,2621440,2621440,1,337921,1048576,2620396,0.001542,0.000000,0.000405,0.000037,0.000638,0.016587,0.000150,0.000265,0.000991,0.000402,0.021350
1,1,10,"q10_case1",662,512,5120,2621440,2621440,1,338433,1048576,2620419,0.001549,0.000000,0.000303,0.000067,0.000640,0.015830,0.000143,0.000255,0.000902,0.000269,0.020207
1,1,10,"q10_case1",663,512,5120,2621440,2621440,1,338945,1048576,2620887,0.001535,0.000000,0.000423,0.000050,0.000637,0.016018,0.000150,0.000276,0.000895,0.000416,0.020645
1,1,10,"q10_case1",664,512,5120,2621440,2621440,1,339457,1048576,2620429,0.001521,0.000000,0.000439,0.000063,0.000631,0.016536,0.000142,0.000255,0.000879,0.000242,0.020935
1,1,10,"q10_case1",665,512,5120,2621440,2621440,1,339969,1048576,2620899,0.001515,0.000001,0.000413,0.000034,0.000632,0.016563,0.000154,0.000252,0.000853,0.000315,0.020980
1,1,10,"q10_case1",666,512,5120,2621440,2621440,1,340481,1048576,2620433,0.001519,0.000000,0.003218,0.000032,0.000634,0.016496,0.000137,0.000287,0.000855,0.000212,0.023687
1,1,10,"q10_case1",667,512,5120,2621440,2621440,1,340993,1048576,2620890,0.001486,0.000000,0.000420,0.000029,0.000636,0.016540,0.000182,0.000278,0.000881,0.000275,0.021012
1,1,10,"q10_case1",668,512,5120,2621440,2621440,1,341505,1048576,2620428,0.001465,0.000000,0.000715,0.000062,0.000639,0.015872,0.000210,0.000248,0.000839,0.000168,0.020588
1,1,10,"q10_case1",669,512,5120,2621440,2621440,1,342017,1048576,2620889,0.001453,0.000000,0.000393,0.000026,0.000641,0.016484,0.000130,0.000247,0.000839,0.000279,0.020696
1,1,10,"q10_case1",670,512,5120,2621440,2621440,1,342529,1048576,2620430,0.001465,0.000000,0.000442,0.000031,0.000633,0.015838,0.000135,0.000340,0.000834,0.000143,0.020072
1,1,10,"q10_case1",671,512,5120,2621440,2621440,1,343041,1048576,2620903,0.001455,0.000000,0.000468,0.000025,0.000634,0.016072,0.000131,0.000254,0.000845,0.000228,0.020275
1,1,10,"q10_case1",672,512,5120,2621440,2621440,1,343553,1048576,2620440,0.001457,0.000000,0.000604,0.000024,0.000633,0.016270,0.000164,0.000249,0.000811,0.000222,0.020681
1,1,10,"q10_case1",673,512,5120,2621440,2621440,1,344065,1048576,2620775,0.001441,0.000000,0.000486,0.000024,0.000631,0.016191,0.000134,0.000249,0.000850,0.000218,0.020489
1,1,10,"q10_case1",674,512,5120,2621440,2621440,1,344577,1048576,2620449,0.001456,0.000000,0.006241,0.000026,0.000631,0.015037,0.000145,0.000548,0.000814,0.000216,0.025318
1,1,10,"q10_case1",675,512,5120,2621440,2621440,1,345089,1048576,2620530,0.001446,0.000000,0.000398,0.000045,0.000652,0.017058,0.000140,0.000257,0.000824,0.000257,0.021248
1,1,10,"q10_case1",676,512,5120,2621440,2621440,1,345601,1048576,2620506,0.001456,0.000000,0.000381,0.000023,0.000635,0.015875,0.000134,0.000250,0.000783,0.000213,0.019948
1,1,10,"q10_case1",677,512,5120,2621440,2621440,1,346113,1048576,2620423,0.001506,0.000000,0.000990,0.000027,0.000636,0.016280,0.000147,0.000261,0.000815,0.000323,0.021196
1,1,10,"q10_case1",678,512,5120,2621440,2621440,1,346625,1048576,2620390,0.001550,0.000000,0.000478,0.000044,0.000633,0.016349,0.000167,0.000282,0.000847,0.000334,0.020986
1,1,10,"q10_case1",679,512,5120,2621440,2621440,1,347137,1048576,2620277,0.001533,0.000000,0.000436,0.000033,0.000634,0.017285,0.000135,0.000275,0.000901,0.000368,0.021820
1,1,10,"q10_case1",680,512,5120,2621440,2621440,1,347649,1048576,2620151,0.001565,0.000000,0.000425,0.000032,0.000630,0.016786,0.000136,0.000279,0.000864,0.000405,0.021397
1,1,10,"q10_case1",681,512,5120,2621440,2621440,1,348161,1048576,2620095,0.001561,0.000000,0.000388,0.000048,0.000658,0.016497,0.000143,0.000269,0.000854,0.000380,0.021027
1,1,10,"q10_case1",682,512,5120,2621440,2621440,1,348673,1048576,2620095,0.001747,0.000000,0.000842,0.000068,0.000656,0.017015,0.000213,0.000589,0.000871,0.000392,0.022751
1,1,10,"q10_case1",683,512,5120,2621440,2621440,1,349185,1048576,2620081,0.001553,0.000000,0.000405,0.000046,0.000631,0.016699,0.000247,0.000291,0.000885,0.000365,0.021412
1,1,10,"q10_case1",684,512,5120,2621440,2621440,1,349697,1048576,2620116,0.001494,0.000000,0.000576,0.000049,0.000646,0.042988,0.000182,0.000264,0.000809,0.000321,0.047625
1,1,10,"q10_case1",685,512,5120,2621440,2621440,1,350209,1048576,2620135,0.001512,0.000000,0.000446,0.000033,0.000634,0.019358,0.000142,0.000275,0.000903,0.000373,0.023909
1,1,10,"q10_case1",686,512,5120,2621440,2621440,1,350721,1048576,2620161,0.001530,0.000001,0.000411,0.000037,0.000629,0.016189,0.000151,0.000258,0.000806,0.000262,0.020513
1,1,10,"q10_case1",687,512,5120,2621440,2621440,1,351233,1048576,2620198,0.001437,0.000000,0.000478,0.000027,0.000628,0.017330,0.000132,0.000299,0.000836,0.000219,0.021629
1,1,10,"q10_case1",688,512,5120,2621440,2621440,1,351745,1048576,2620222,0.001463,0.000000,0.000405,0.000036,0.000630,0.020927,0.000133,0.000256,0.000857,0.000188,0.025060
1,1,10,"q10_case1",689,512,5120,2621440,2621440,1,352257,1048576,2620874,0.001469,0.000000,0.000397,0.000044,0.000630,0.015690,0.000131,0.000253,0.000855,0.000265,0.019931
1,1,10,"q10_case1",690,512,5120,2621440,2621440,1,352769,1048576,2620431,0.001448,0.000000,0.003271,0.000023,0.000629,0.038321,0.000137,0.000243,0.000873,0.000155,0.045298
1,1,10,"q10_case1",691,512,5120,2621440,2621440,1,353281,1048576,2620888,0.001461,0.000000,0.000284,0.000048,0.000627,0.015831,0.000136,0.000249,0.000849,0.000221,0.019849
1,1,10,"q10_case1",692,512,5120,2621440,2621440,1,353793,1048576,2620433,0.001446,0.000000,0.000454,0.000030,0.000631,0.043061,0.000149,0.000251,0.000857,0.000255,0.047351
1,1,10,"q10_case1",693,512,5120,2621440,2621440,1,354305,1048576,2620432,0.001439,0.000000,0.000432,0.000028,0.000636,0.016261,0.000135,0.000246,0.000835,0.000232,0.020438
1,1,10,"q10_case1",694,512,5120,2621440,2621440,1,354817,1048576,2620445,0.001487,0.000000,0.000436,0.000033,0.000633,0.032827,0.000168,0.000266,0.000868,0.000259,0.037322
1,1,10,"q10_case1",695,512,5120,2621440,2621440,1,355329,1048576,2620899,0.001527,0.000000,0.000468,0.000033,0.000642,0.022031,0.000155,0.000276,0.000911,0.000587,0.026899
1,1,10,"q10_case1",696,512,5120,2621440,2621440,1,355841,1048576,2620444,0.001711,0.000000,0.000697,0.000066,0.000664,0.016453,0.000209,0.000274,0.000960,0.000400,0.021878
1,1,10,"q10_case1",697,512,5120,2621440,2621440,1,356353,1048576,2620440,0.001556,0.000001,0.000390,0.000058,0.000633,0.016048,0.000150,0.000275,0.000906,0.000540,0.020884
1,1,10,"q10_case1",698,512,5120,2621440,2621440,1,356865,1048576,2620686,0.001542,0.000000,0.000419,0.000047,0.000643,0.017419,0.000152,0.000285,0.000908,0.000368,0.022088
1,1,10,"q10_case1",699,512,5120,2621440,2621440,1,357377,1048576,2620436,0.001555,0.000000,0.000415,0.000038,0.000630,0.016189,0.000178,0.000263,0.000892,0.000369,0.020767
1,1,10,"q10_case1",700,512,5120,2621440,2621440,1,357889,1048576,2620506,0.001523,0.000000,0.000436,0.000041,0.000633,0.015761,0.000137,0.000256,0.000863,0.000259,0.020152
1,1,10,"q10_case1",701,512,5120,2621440,2621440,1,358401,1048576,2620891,0.001488,0.000000,0.000429,0.000034,0.000630,0.016147,0.000154,0.000297,0.000889,0.000383,0.020667
1,1,10,"q10_case1",702,512,5120,2621440,2621440,1,358913,1048576,2620419,0.001481,0.000000,0.000417,0.000033,0.000632,0.016479,0.000161,0.000259,0.000892,0.000266,0.020842
1,1,10,"q10_case1",703,512,5120,2621440,2621440,1,359425,1048576,2620430,0.001455,0.000000,0.000419,0.000025,0.000626,0.015614,0.000140,0.000249,0.000804,0.000218,0.019754
1,1,10,"q10_case1",704,512,5120,2621440,2621440,1,359937,1048576,2620704,0.001463,0.000000,0.000392,0.000027,0.000640,0.016572,0.000182,0.000248,0.000840,0.000194,0.020796
1,1,10,"q10_case1",705,512,5120,2621440,2621440,1,360449,1048576,2620637,0.001457,0.000000,0.000383,0.000023,0.000628,0.016046,0.000188,0.000342,0.000811,0.000249,0.020441
1,1,10,"q10_case1",706,512,5120,2621440,2621440,1,360961,1048576,2620601,0.001453,0.000001,0.000419,0.000026,0.000632,0.015569,0.000137,0.000261,0.000809,0.000200,0.019807
1,1,10,"q10_case1",707,512,5120,2621440,2621440,1,361473,1048576,2620532,0.001461,0.000000,0.000385,0.000027,0.000626,0.015691,0.000133,0.000246,0.000841,0.000174,0.019809
1,1,10,"q10_case1",708,512,5120,2621440,2621440,1,361985,1048576,2620903,0.001451,0.000000,0.000436,0.000027,0.000628,0.015886,0.000132,0.000246,0.000871,0.000249,0.020123
1,1,10,"q10_case1",709,512,5120,2621440,2621440,1,362497,1048576,2620455,0.001461,0.000000,0.000421,0.000031,0.000628,0.016076,0.000132,0.000286,0.000826,0.000230,0.020290
1,1,10,"q10_case1",710,512,5120,2621440,2621440,1,363009,1048576,2620437,0.001455,0.000000,0.000450,0.000024,0.000624,0.016568,0.000131,0.000297,0.000840,0.000205,0.020845
1,1,10,"q10_case1",711,512,5120,2621440,2621440,1,363521,1048576,2620495,0.001482,0.000000,0.004970,0.000025,0.000628,0.016073,0.000140,0.000294,0.000832,0.000255,0.024944
1,1,10,"q10_case1",712,512,5120,2621440,2621440,1,364033,1048576,2620372,0.001576,0.000000,0.000462,0.000035,0.000635,0.016372,0.000163,0.000296,0.000831,0.000309,0.020987
1,1,10,"q10_case1",713,512,5120,2621440,2621440,1,364545,1048576,2620340,0.001532,0.000000,0.000390,0.000040,0.000631,0.016358,0.000148,0.000260,0.000851,0.000391,0.020829
1,1,10,"q10_case1",714,512,5120,2621440,2621440,1,365057,1048576,2620280,0.001552,0.000000,0.000425,0.000041,0.000639,0.018891,0.000138,0.000273,0.000985,0.000375,0.023544
1,1,10,"q10_case1",715,512,5120,2621440,2621440,1,365569,1048576,2620112,0.001527,0.000001,0.000444,0.000031,0.000622,0.019625,0.000161,0.000271,0.000935,0.000443,0.024339
1,1,10,"q10_case1",716,512,5120,2621440,2621440,1,366081,1048576,2620880,0.001540,0.000000,0.000374,0.000033,0.000625,0.015786,0.000187,0.000273,0.000884,0.000356,0.020357
1,1,10,"q10_case1",717,512,5120,2621440,2621440,1,366593,1048576,2620430,0.001543,0.000000,0.000433,0.000033,0.000626,0.016527,0.000177,0.000266,0.000873,0.000260,0.020965
1,1,10,"q10_case1",718,512,5120,2621440,2621440,1,367105,1048576,2620889,0.001511,0.000001,0.000358,0.000062,0.000655,0.016462,0.000151,0.000267,0.000864,0.000345,0.020940
1,1,10,"q10_case1",719,512,5120,2621440,2621440,1,367617,1048576,2620430,0.001497,0.000000,0.000301,0.000032,0.000629,0.017892,0.000138,0.000311,0.000897,0.000334,0.022316
1,1,10,"q10_case1",720,512,5120,2621440,2621440,1,368129,1048576,2620431,0.001531,0.000000,0.000430,0.000037,0.000626,0.016945,0.000136,0.000260,0.000840,0.000293,0.021376
1,1,10,"q10_case1",721,512,5120,2621440,2621440,1,368641,1048576,2620783,0.001470,0.000000,0.000298,0.000030,0.000624,0.015938,0.000175,0.000272,0.000844,0.000247,0.020099
1,1,10,"q10_case1",722,512,5120,2621440,2621440,1,369153,1048576,2620700,0.001455,0.000000,0.000408,0.000027,0.000629,0.015897,0.000138,0.000273,0.000846,0.000198,0.020094
1,1,10,"q10_case1",723,512,5120,2621440,2621440,1,369665,1048576,2620445,0.001471,0.000000,0.000388,0.000025,0.000625,0.015685,0.000135,0.000258,0.000806,0.000265,0.019861
1,1,10,"q10_case1",724,512,5120,2621440,2621440,1,370177,1048576,2620552,0.001450,0.000000,0.000428,0.000039,0.000628,0.059380,0.000134,0.000258,0.000849,0.000274,0.063664
1,1,10,"q10_case1",725,512,5120,2621440,2621440,1,370689,1048576,2620633,0.001456,0.000000,0.000435,0.000027,0.000624,0.016687,0.000135,0.000248,0.000836,0.000259,0.020893
1,1,10,"q10_case1",726,512,5120,2621440,2621440,1,371201,1048576,2620573,0.001453,0.000000,0.000385,0.000029,0.000625,0.021613,0.000141,0.000269,0.000861,0.000207,0.025823
1,1,10,"q10_case1",727,512,5120,2621440,2621440,1,371713,1048576,2620536,0.001478,0.000000,0.000573,0.000026,0.000623,0.015649,0.000151,0.000260,0.000813,0.000192,0.020044
1,1,10,"q10_case1",728,512,5120,2621440,2621440,1,372225,1048576,2620531,0.001474,0.000000,0.003511,0.000032,0.000625,0.015940,0.000132,0.000255,0.000794,0.000320,0.023274
1,1,10,"q10_case1",729,512,5120,2621440,2621440,1,372737,1048576,2620432,0.001527,0.000000,0.004609,0.000039,0.000624,0.019879,0.000156,0.000258,0.000817,0.000370,0.028559
1,1,10,"q10_case1",730,512,5120,2621440,2621440,1,373249,1048576,2620353,0.001544,0.000000,0.000393,0.000032,0.000625,0.016623,0.000189,0.000261,0.000928,0.000359,0.021255
1,1,10,"q10_case1",731,512,5120,2621440,2621440,1,373761,1048576,2620264,0.001565,0.000000,0.000395,0.000062,0.000625,0.016496,0.000177,0.000286,0.000869,0.000375,0.021111
1,1,10,"q10_case1",732,512,5120,2621440,2621440,1,374273,1048576,2620172,0.001541,0.000000,0.000412,0.000035,0.000626,0.017206,0.000149,0.000471,0.000879,0.000334,0.021929
1,1,10,"q10_case1",733,512,5120,2621440,2621440,1,374785,1048576,2620120,0.001547,0.000001,0.000333,0.000033,0.000627,0.016351,0.000134,0.000267,0.000895,0.000403,0.020830
1,1,10,"q10_case1",734,512,5120,2621440,2621440,1,375297,1048576,2620165,0.001556,0.000000,0.000446,0.000036,0.000644,0.015109,0.000161,0.000290,0.000919,0.000353,0.019748
1,1,10,"q10_case1",735,512,5120,2621440,2621440,1,375809,1048576,2620177,0.001543,0.000000,0.000389,0.000038,0.000624,0.019206,0.000137,0.000264,0.000811,0.000322,0.023609
1,1,10,"q10_case1",736,512,5120,2621440,2621440,1,376321,1048576,2620161,0.001508,0.000000,0.000407,0.000035,0.000626,0.016504,0.000185,0.000263,0.000772,0.000285,0.020820
1,1,10,"q10_case1",737,512,5120,2621440,2621440,1,376833,1048576,2620158,0.001515,0.000000,0.000401,0.000045,0.000626,0.015743,0.000138,0.000260,0.000867,0.000276,0.020079
1,1,10,"q10_case1",738,512,5120,2621440,2621440,1,377345,1048576,2620157,0.001452,0.000000,0.000390,0.000026,0.000624,0.016300,0.000132,0.000255,0.000780,0.000210,0.020366
1,1,10,"q10_case1",739,512,5120,2621440,2621440,1,377857,1048576,2620171,0.001466,0.000000,0.000495,0.000028,0.000623,0.016625,0.000174,0.000258,0.000827,0.000161,0.020866
1,1,10,"q10_case1",740,512,5120,2621440,2621440,1,378369,1048576,2620875,0.001496,0.000000,0.000380,0.000027,0.000623,0.016863,0.000135,0.000255,0.000854,0.000246,0.021101
1,1,10,"q10_case1",741,512,5120,2621440,2621440,1,378881,1048576,2620437,0.001461,0.000000,0.000397,0.000029,0.000620,0.015888,0.000134,0.000266,0.000820,0.000148,0.019980
1,1,10,"q10_case1",742,512,5120,2621440,2621440,1,379393,1048576,2620910,0.001458,0.000000,0.000422,0.000029,0.000624,0.022625,0.000155,0.000259,0.000822,0.000248,0.026881
1,1,10,"q10_case1",743,512,5120,2621440,2621440,1,379905,1048576,2620434,0.001447,0.000000,0.000389,0.000038,0.000622,0.016942,0.000131,0.000258,0.000828,0.000423,0.021319
1,1,10,"q10_case1",744,512,5120,2621440,2621440,1,380417,1048576,2620459,0.001455,0.000000,0.000433,0.000030,0.000623,0.016131,0.000135,0.000258,0.000837,0.000208,0.020378
1,1,10,"q10_case1",745,512,5120,2621440,2621440,1,380929,1048576,2620424,0.001485,0.000000,0.001652,0.000029,0.000674,0.016371,0.000175,0.000252,0.000851,0.000183,0.021903
1,1,10,"q10_case1",746,512,5120,2621440,2621440,1,381441,1048576,2620858,0.001492,0.000000,0.000263,0.000030,0.000630,0.016014,0.000135,0.000261,0.000871,0.000303,0.020185
1,1,10,"q10_case1",747,512,5120,2621440,2621440,1,381953,1048576,2620435,0.001507,0.000001,0.001341,0.000037,0.000623,0.016373,0.000147,0.000258,0.000977,0.000273,0.021773
1,1,10,"q10_case1",748,512,5120,2621440,2621440,1,382465,1048576,2620880,0.001537,0.000001,0.000377,0.000045,0.000626,0.016859,0.000152,0.000269,0.000890,0.000356,0.021343
1,1,10,"q10_case1",749,512,5120,2621440,2621440,1,382977,1048576,2620433,0.001558,0.000000,0.000378,0.000038,0.000627,0.016435,0.000139,0.000318,0.000899,0.000590,0.021245
1,1,10,"q10_case1",750,512,5120,2621440,2621440,1,383489,1048576,2620430,0.001539,0.000000,0.000368,0.000050,0.000622,0.016545,0.000191,0.000447,0.000896,0.000278,0.021309
1,1,10,"q10_case1",751,512,5120,2621440,2621440,1,384001,1048576,2620884,0.001595,0.000001,0.002896,0.000043,0.000625,0.015207,0.000187,0.000310,0.001061,0.000417,0.022564
1,1,10,"q10_case1",752,512,5120,2621440,2621440,1,384513,1048576,2620433,0.001526,0.000000,0.000450,0.000038,0.000625,0.016314,0.000212,0.000273,0.000907,0.000297,0.020945
1,1,10,"q10_case1",753,512,5120,2621440,2621440,1,385025,1048576,2620884,0.001573,0.000000,0.000708,0.000064,0.000645,0.015964,0.000231,0.000255,0.000816,0.000588,0.021253
1,1,10,"q10_case1",754,512,5120,2621440,2621440,1,385537,1048576,2620412,0.001496,0.000000,0.000479,0.000034,0.000620,0.016719,0.000141,0.000265,0.000910,0.000345,0.021284
1,1,10,"q10_case1",755,512,5120,2621440,2621440,1,386049,1048576,2620422,0.001516,0.000000,0.000390,0.000031,0.000621,0.015263,0.000134,0.000269,0.000860,0.000459,0.019845
1,1,10,"q10_case1",756,512,5120,2621440,2621440,1,386561,1048576,2620433,0.001475,0.000000,0.000426,0.000030,0.000625,0.041388,0.000173,0.000315,0.000893,0.000265,0.045864
1,1,10,"q10_case1",757,512,5120,2621440,2621440,1,387073,1048576,2620659,0.001775,0.000000,0.001006,0.000058,0.000651,0.016891,0.000294,0.000357,0.000845,0.000193,0.022564
1,1,10,"q10_case1",758,512,5120,2621440,2621440,1,387585,1048576,2620913,0.001574,0.000000,0.000535,0.000039,0.000638,0.016328,0.000202,0.000259,0.000878,0.000298,0.021044
1,1,10,"q10_case1",759,512,5120,2621440,2621440,1,388097,1048576,2620434,0.001460,0.000000,0.001529,0.000061,0.000649,0.015942,0.000247,0.000254,0.000828,0.000216,0.021519
1,1,10,"q10_case1",760,512,5120,2621440,2621440,1,388609,1048576,2620882,0.001457,0.000000,0.000451,0.000028,0.000623,0.019367,0.000134,0.000261,0.000823,0.000190,0.023527
1,1,10,"q10_case1",761,512,5120,2621440,2621440,1,389121,1048576,2620434,0.001514,0.000000,0.000433,0.000030,0.000622,0.018089,0.000149,0.000294,0.000836,0.000176,0.022355
1,1,10,"q10_case1",762,512,5120,2621440,2621440,1,389633,1048576,2620883,0.001449,0.000000,0.000429,0.000028,0.000627,0.015817,0.000188,0.000274,0.000865,0.000198,0.020156
1,1,10,"q10_case1",763,512,5120,2621440,2621440,1,390145,1048576,2620434,0.001498,0.000000,0.001458,0.000050,0.000625,0.016071,0.000186,0.000262,0.000837,0.000164,0.021440
1,1,10,"q10_case1",764,512,5120,2621440,2621440,1,390657,1048576,2620892,0.001522,0.000001,0.000390,0.000046,0.000629,0.016818,0.000169,0.000265,0.000944,0.000391,0.021396
1,1,10,"q10_case1",765,512,5120,2621440,2621440,1,391169,1048576,2620435,0.001542,0.000000,0.000460,0.000034,0.000620,0.016252,0.000140,0.000270,0.000930,0.000317,0.020838
1,1,10,"q10_case1",766,512,5120,2621440,2621440,1,391681,1048576,2620886,0.002023,0.000000,0.000441,0.000052,0.000626,0.019195,0.000159,0.000338,0.000927,0.000437,0.024467
1,1,10,"q10_case1",767,512,5120,2621440,2621440,1,392193,1048576,2620434,0.001561,0.000000,0.000448,0.000037,0.000622,0.015685,0.000147,0.000265,0.000917,0.000287,0.020187
1,1,10,"q10_case1",768,512,5120,2621440,2621440,1,392705,1048576,2620882,0.001517,0.000000,0.004384,0.000041,0.000623,0.016671,0.000150,0.000269,0.000905,0.000399,0.025204
1,1,10,"q10_case1",769,512,5120,2621440,2621440,1,393217,1048576,2620431,0.001646,0.000000,0.000597,0.000060,0.000647,0.016199,0.000216,0.000263,0.000880,0.000266,0.021150
1,1,10,"q10_case1",770,512,5120,2621440,2621440,1,393729,1048576,2620887,0.001539,0.000000,0.000691,0.000033,0.000662,0.015767,0.000195,0.000254,0.000889,0.000343,0.020578
1,1,10,"q10_case1",771,512,5120,2621440,2621440,1,394241,1048576,2620439,0.001508,0.000001,0.000416,0.000037,0.000643,0.017281,0.000138,0.000253,0.000857,0.000226,0.021555
1,1,10,"q10_case1",772,512,5120,2621440,2621440,1,394753,1048576,2620888,0.001511,0.000000,0.000495,0.000031,0.000622,0.019303,0.000195,0.000362,0.000892,0.000342,0.023987
1,1,10,"q10_case1",773,512,5120,2621440,2621440,1,395265,1048576,2620433,0.001502,0.000000,0.000443,0.000034,0.000622,0.016224,0.000180,0.000281,0.000847,0.000171,0.020606
1,1,10,"q10_case1",774,512,5120,2621440,2621440,1,395777,1048576,2620882,0.001471,0.000000,0.000618,0.000055,0.000644,0.016786,0.000168,0.000263,0.000836,0.000273,0.021406
1,1,10,"q10_case1",775,512,5120,2621440,2621440,1,396289,1048576,2620433,0.001457,0.000000,0.000354,0.000033,0.000624,0.015568,0.000136,0.000257,0.000840,0.000257,0.019707
1,1,10,"q10_case1",776,512,5120,2621440,2621440,1,396801,1048576,2620427,0.001460,0.000000,0.000426,0.000035,0.000625,0.024493,0.000153,0.000264,0.000929,0.000322,0.028912
1,1,10,"q10_case1",777,512,5120,2621440,2621440,1,397313,1048576,2620451,0.001489,0.000000,0.000303,0.000032,0.000624,0.016655,0.000130,0.000255,0.000820,0.000208,0.020729
1,1,10,"q10_case1",778,512,5120,2621440,2621440,1,397825,1048576,2620563,0.001461,0.000000,0.000445,0.000035,0.000620,0.017901,0.000131,0.000255,0.000784,0.000251,0.022094
1,1,10,"q10_case1",779,512,5120,2621440,2621440,1,398337,1048576,2620486,0.001478,0.000001,0.000384,0.000051,0.000624,0.016002,0.000130,0.000248,0.000841,0.000200,0.020120
1,1,10,"q10_case1",780,512,5120,2621440,2621440,1,398849,1048576,2620897,0.001508,0.000000,0.000374,0.000034,0.000620,0.016980,0.000151,0.000252,0.000841,0.000343,0.021397
1,1,10,"q10_case1",781,512,5120,2621440,2621440,1,399361,1048576,2620433,0.001552,0.000000,0.000433,0.000033,0.000618,0.015882,0.000161,0.000262,0.000843,0.000364,0.020400
1,1,10,"q10_case1",782,512,5120,2621440,2621440,1,399873,1048576,2620808,0.001537,0.000000,0.000360,0.000034,0.000620,0.017201,0.000145,0.000285,0.000992,0.000387,0.021859
1,1,10,"q10_case1",783,512,5120,2621440,2621440,1,400385,1048576,2620778,0.001579,0.000000,0.000419,0.000043,0.000623,0.016223,0.000149,0.000268,0.000901,0.000387,0.020815
1,1,10,"q10_case1",784,512,5120,2621440,2621440,1,400897,1048576,2620795,0.001533,0.000000,0.000506,0.000036,0.000620,0.015813,0.000157,0.000286,0.001067,0.000363,0.020612
1,1,10,"q10_case1",785,512,5120,2621440,2621440,1,401409,1048576,2620875,0.001566,0.000000,0.000430,0.000051,0.000622,0.016130,0.000139,0.000260,0.000895,0.000385,0.020707
1,1,10,"q10_case1",786,512,5120,2621440,2621440,1,401921,1048576,2620708,0.001505,0.000000,0.000421,0.000042,0.000625,0.015705,0.000150,0.000254,0.000847,0.000289,0.020047
1,1,10,"q10_case1",787,512,5120,2621440,2621440,1,402433,1048576,2620635,0.001502,0.000001,0.000410,0.000035,0.000619,0.020156,0.000157,0.000251,0.000858,0.000316,0.024523
1,1,10,"q10_case1",788,512,5120,2621440,2621440,1,402945,1048576,2620685,0.001490,0.000000,0.000390,0.000049,0.000616,0.015991,0.000144,0.000256,0.000864,0.000191,0.020293
1,1,10,"q10_case1",789,512,5120,2621440,2621440,1,403457,1048576,2620918,0.001457,0.000000,0.000449,0.000032,0.000634,0.015953,0.000142,0.000298,0.000848,0.000228,0.020269
1,1,10,"q10_case1",790,512,5120,2621440,2621440,1,403969,1048576,2620449,0.001465,0.000000,0.000431,0.000030,0.000644,0.050852,0.000148,0.000251,0.000820,0.000228,0.055075
1,1,10,"q10_case1",791,512,5120,2621440,2621440,1,404481,1048576,2620341,0.001463,0.000000,0.000452,0.000030,0.000621,0.016874,0.000159,0.000265,0.000829,0.000268,0.021176
1,1,10,"q10_case1",792,512,5120,2621440,2621440,1,404993,1048576,2620598,0.001445,0.000000,0.000402,0.000029,0.000621,0.015775,0.000226,0.000284,0.000816,0.000196,0.020042
1,1,10,"q10_case1",793,512,5120,2621440,2621440,1,405505,1048576,2620583,0.001527,0.000000,0.000629,0.000053,0.000651,0.015613,0.000195,0.000248,0.000865,0.000268,0.020377
1,1,10,"q10_case1",794,512,5120,2621440,2621440,1,406017,1048576,2620677,0.001462,0.000000,0.000333,0.000036,0.000618,0.016503,0.000178,0.000383,0.000833,0.000236,0.020803
1,1,10,"q10_case1",795,512,5120,2621440,2621440,1,406529,1048576,2620698,0.001474,0.000000,0.003089,0.000034,0.000619,0.016966,0.000179,0.000274,0.000841,0.000274,0.023986
1,1,10,"q10_case1",796,512,5120,2621440,2621440,1,407041,1048576,2620307,0.001655,0.000000,0.000744,0.000063,0.000655,0.016405,0.000231,0.000261,0.000830,0.000354,0.021601
1,1,10,"q10_case1",797,512,5120,2621440,2621440,1,407553,1048576,2620496,0.001544,0.000000,0.000363,0.000038,0.000627,0.016137,0.000185,0.000306,0.000893,0.000359,0.020672
1,1,10,"q10_case1",798,512,5120,2621440,2621440,1,408065,1048576,2620560,0.001582,0.000000,0.000337,0.000040,0.000626,0.016958,0.000163,0.000292,0.000881,0.000388,0.021573
1,1,10,"q10_case1",799,512,5120,2621440,2621440,1,408577,1048576,2620532,0.001552,0.000000,0.000404,0.000041,0.000625,0.015998,0.000142,0.000261,0.000867,0.000381,0.020489
1,1,10,"q10_case1",800,512,5120,2621440,2621440,1,409089,1048576,2620417,0.001588,0.000000,0.000479,0.000043,0.000623,0.016332,0.000167,0.000276,0.000927,0.000347,0.021009
1,1,10,"q10_case1",801,512,5120,2621440,2621440,1,409601,1048576,2620348,0.001573,0.000000,0.000379,0.000052,0.000618,0.027754,0.000140,0.000278,0.000989,0.000340,0.032362
1,1,10,"q10_case1",802,512,5120,2621440,2621440,1,410113,1048576,2620877,0.001501,0.000000,0.003032,0.000043,0.000623,0.016286,0.000160,0.000273,0.000877,0.000347,0.023372
1,1,10,"q10_case1",803,512,5120,2621440,2621440,1,410625,1048576,2620017,0.001507,0.000001,0.000468,0.000034,0.000621,0.018647,0.000135,0.000252,0.000904,0.000244,0.023046
1,1,10,"q10_case1",804,512,5120,2621440,2621440,1,411137,1048576,2620865,0.001489,0.000000,0.000407,0.000036,0.000625,0.016760,0.000135,0.000251,0.000825,0.000253,0.021015
1,1,10,"q10_case1",805,512,5120,2621440,2621440,1,411649,1048576,2620015,0.001475,0.000000,0.000450,0.000030,0.000617,0.015089,0.000135,0.000251,0.000803,0.000212,0.019267
1,1,10,"q10_case1",806,512,5120,2621440,2621440,1,412161,1048576,2620072,0.001477,0.000001,0.000313,0.000034,0.000625,0.015268,0.000189,0.000256,0.000837,0.000255,0.019457
1,1,10,"q10_case1",807,512,5120,2621440,2621440,1,412673,1048576,2620183,0.001468,0.000000,0.000424,0.000032,0.000620,0.015861,0.000133,0.000253,0.000825,0.000231,0.020061
1,1,10,"q10_case1",808,512,5120,2621440,2621440,1,413185,1048576,2620267,0.001472,0.000000,0.005512,0.000030,0.000619,0.016335,0.000148,0.000252,0.000813,0.000226,0.025643
1,1,10,"q10_case1",809,512,5120,2621440,2621440,1,413697,1048576,2620290,0.001469,0.000000,0.000464,0.000029,0.000622,0.015978,0.000137,0.000252,0.000813,0.000226,0.020200
1,1,10,"q10_case1",810,512,5120,2621440,2621440,1,414209,1048576,2620341,0.001457,0.000000,0.002807,0.000030,0.000618,0.015502,0.000136,0.000249,0.000807,0.000199,0.021991
1,1,10,"q10_case1",811,512,5120,2621440,2621440,1,414721,1048576,2620388,0.001457,0.000000,0.000391,0.000030,0.000617,0.015247,0.000179,0.000259,0.000814,0.000225,0.019472
1,1,10,"q10_case1",812,512,5120,2621440,2621440,1,415233,1048576,2620405,0.001452,0.000000,0.000445,0.000029,0.000619,0.017581,0.000132,0.000347,0.000792,0.000189,0.021767
1,1,10,"q10_case1",813,512,5120,2621440,2621440,1,415745,1048576,2620360,0.001527,0.000000,0.000425,0.000047,0.000620,0.016795,0.000154,0.000262,0.000839,0.000269,0.021193
1,1,10,"q10_case1",814,512,5120,2621440,2621440,1,416257,1048576,2620885,0.001604,0.000000,0.000400,0.000053,0.000621,0.020833,0.000142,0.000265,0.000961,0.000359,0.025488
1,1,10,"q10_case1",815,512,5120,2621440,2621440,1,416769,1048576,2620416,0.001627,0.000000,0.000427,0.000043,0.000620,0.020688,0.000164,0.000290,0.000878,0.000376,0.025399
1,1,10,"q10_case1",816,512,5120,2621440,2621440,1,417281,1048576,2620426,0.001560,0.000000,0.000328,0.000039,0.000618,0.015813,0.000154,0.000322,0.001154,0.000383,0.020609
1,1,10,"q10_case1",817,512,5120,2621440,2621440,1,417793,1048576,2620582,0.001592,0.000001,0.000446,0.000046,0.000627,0.017080,0.000155,0.000287,0.000901,0.000375,0.021794
1,1,10,"q10_case1",818,512,5120,2621440,2621440,1,418305,1048576,2620617,0.001554,0.000000,0.000403,0.000041,0.000617,0.017004,0.000189,0.000255,0.000896,0.000353,0.021537
1,1,10,"q10_case1",819,512,5120,2621440,2621440,1,418817,1048576,2620442,0.001540,0.000000,0.000410,0.000035,0.000625,0.017051,0.000137,0.000272,0.000888,0.000398,0.021620
1,1,10,"q10_case1",820,512,5120,2621440,2621440,1,419329,1048576,2620799,0.001519,0.000000,0.000419,0.000035,0.000616,0.016035,0.000176,0.000312,0.000890,0.000361,0.020598
1,1,10,"q10_case1",821,512,5120,2621440,2621440,1,419841,1048576,2620378,0.001473,0.000000,0.003551,0.000035,0.000618,0.016772,0.000132,0.000260,0.000872,0.000277,0.024214
1,1,10,"q10_case1",822,512,5120,2621440,2621440,1,420353,1048576,2620410,0.001468,0.000000,0.000379,0.000032,0.000622,0.016005,0.000135,0.000252,0.000830,0.000223,0.020247
1,1,10,"q10_case1",823,512,5120,2621440,2621440,1,420865,1048576,2620493,0.001469,0.000000,0.000389,0.000029,0.000617,0.016186,0.000130,0.000298,0.000819,0.000399,0.020658
1,1,10,"q10_case1",824,512,5120,2621440,2621440,1,421377,1048576,2620490,0.001464,0.000000,0.000390,0.000026,0.000617,0.016237,0.000134,0.000299,0.000805,0.000221,0.020496
1,1,10,"q10_case1",825,512,5120,2621440,2621440,1,421889,1048576,2620499,0.001456,0.000000,0.000434,0.000032,0.000620,0.016047,0.000131,0.000249,0.000822,0.000222,0.020235
1,1,10,"q10_case1",826,512,5120,2621440,2621440,1,422401,1048576,2620504,0.001497,0.000000,0.000495,0.000034,0.000617,0.015059,0.000134,0.000252,0.000807,0.000237,0.019326
1,1,10,"q10_case1",827,512,5120,2621440,2621440,1,422913,1048576,2620351,0.001468,0.000001,0.000404,0.000033,0.000616,0.016972,0.000141,0.000420,0.000784,0.000422,0.021535
1,1,10,"q10_case1",828,512,5120,2621440,2621440,1,423425,1048576,2620410,0.001466,0.000000,0.000413,0.000039,0.000617,0.031525,0.000130,0.000314,0.000796,0.000252,0.035790
1,1,10,"q10_case1",829,512,5120,2621440,2621440,1,423937,1048576,2620443,0.001471,0.000000,0.000420,0.000032,0.000612,0.016036,0.000137,0.000269,0.000813,0.000308,0.020373
1,1,10,"q10_case1",830,512,5120,2621440,2621440,1,424449,1048576,2620408,0.001543,0.000000,0.000418,0.000036,0.000615,0.016834,0.000135,0.000303,0.000836,0.000320,0.021304
1,1,10,"q10_case1",831,512,5120,2621440,2621440,1,424961,1048576,2620465,0.001559,0.000000,0.000406,0.000036,0.000620,0.016570,0.000164,0.000269,0.000848,0.000346,0.021081
1,1,10,"q10_case1",832,512,5120,2621440,2621440,1,425473,1048576,2620512,0.001545,0.000001,0.000389,0.000047,0.000618,0.016090,0.000173,0.000289,0.000966,0.000378,0.020749
1,1,10,"q10_case1",833,512,5120,2621440,2621440,1,425985,1048576,2620484,0.001579,0.000000,0.000487,0.000040,0.000623,0.022913,0.000181,0.000270,0.000916,0.000399,0.027640
1,1,10,"q10_case1",834,512,5120,2621440,2621440,1,426497,1048576,2620459,0.001541,0.000000,0.000332,0.000035,0.000618,0.016370,0.000176,0.000277,0.000914,0.000340,0.020846
1,1,10,"q10_case1",835,512,5120,2621440,2621440,1,427009,1048576,2620432,0.001538,0.000000,0.000610,0.000061,0.000644,0.016201,0.000153,0.000320,0.000890,0.000555,0.021369
1,1,10,"q10_case1",836,512,5120,2621440,2621440,1,427521,1048576,2620423,0.001562,0.000000,0.000400,0.000044,0.000637,0.017270,0.000137,0.000272,0.000875,0.000371,0.021788
1,1,10,"q10_case1",837,512,5120,2621440,2621440,1,428033,1048576,2620398,0.001503,0.000000,0.000293,0.000049,0.000621,0.018328,0.000134,0.000261,0.000838,0.000348,0.022562
1,1,10,"q10_case1",838,512,5120,2621440,2621440,1,428545,1048576,2620365,0.001479,0.000000,0.000359,0.000036,0.000640,0.015903,0.000133,0.000268,0.000820,0.000296,0.020183
1,1,10,"q10_case1",839,512,5120,2621440,2621440,1,429057,1048576,2620309,0.001472,0.000000,0.000384,0.000029,0.000612,0.016284,0.000137,0.000271,0.000808,0.000450,0.020621
1,1,10,"q10_case1",840,512,5120,2621440,2621440,1,429569,1048576,2620277,0.001443,0.000000,0.000405,0.000028,0.000615,0.016125,0.000136,0.000253,0.000801,0.000217,0.020263
1,1,10,"q10_case1",841,512,5120,2621440,2621440,1,430081,1048576,2620248,0.001478,0.000000,0.004171,0.000031,0.000617,0.016429,0.000151,0.000266,0.000778,0.000232,0.024411
1,1,10,"q10_case1",842,512,5120,2621440,2621440,1,430593,1048576,2620211,0.001443,0.000000,0.000357,0.000031,0.000617,0.016857,0.000166,0.000253,0.000781,0.000190,0.020946
1,1,10,"q10_case1",843,512,5120,2621440,2621440,1,431105,1048576,2620173,0.001456,0.000000,0.000587,0.000030,0.000618,0.015771,0.000165,0.000267,0.000853,0.000181,0.020139
1,1,10,"q10_case1",844,512,5120,2621440,2621440,1,431617,1048576,2620859,0.001461,0.000000,0.000385,0.000041,0.000617,0.019860,0.000136,0.000254,0.000838,0.000227,0.024008
1,1,10,"q10_case1",845,512,5120,2621440,2621440,1,432129,1048576,2620235,0.001497,0.000000,0.001351,0.000047,0.000618,0.015717,0.000141,0.000280,0.000854,0.000432,0.021160
1,1,10,"q10_case1",846,512,5120,2621440,2621440,1,432641,1048576,2620897,0.001481,0.000000,0.001003,0.000041,0.000617,0.016445,0.000183,0.000400,0.000954,0.000330,0.021930
1,1,10,"q10_case1",847,512,5120,2621440,2621440,1,433153,1048576,2620258,0.001591,0.000000,0.000437,0.000043,0.000646,0.016330,0.000143,0.000301,0.000973,0.000394,0.021125
1,1,10,"q10_case1",848,512,5120,2621440,2621440,1,433665,1048576,2620101,0.001548,0.000001,0.000440,0.000037,0.000621,0.017233,0.000180,0.000268,0.000879,0.000357,0.021805
1,1,10,"q10_case1",849,512,5120,2621440,2621440,1,434177,1048576,2620071,0.001544,0.000000,0.000401,0.000035,0.000617,0.016125,0.000141,0.000269,0.000862,0.000378,0.020594
1,1,10,"q10_case1",850,512,5120,2621440,2621440,1,434689,1048576,2620112,0.001540,0.000000,0.000371,0.000040,0.000619,0.018540,0.000152,0.000325,0.000904,0.000342,0.023075
1,1,10,"q10_case1",851,512,5120,2621440,2621440,1,435201,1048576,2620158,0.001576,0.000000,0.000416,0.000039,0.000617,0.016367,0.000139,0.000271,0.000853,0.000419,0.020951
1,1,10,"q10_case1",852,512,5120,2621440,2621440,1,435713,1048576,2620115,0.001512,0.000000,0.000421,0.000038,0.000615,0.016335,0.000168,0.000265,0.000832,0.000307,0.020774
1,1,10,"q10_case1",853,512,5120,2621440,2621440,1,436225,1048576,2620080,0.001519,0.000000,0.000393,0.000032,0.000616,0.015842,0.000135,0.000266,0.000855,0.000376,0.020341
1,1,10,"q10_case1",854,512,5120,2621440,2621440,1,436737,1048576,2620877,0.001485,0.000000,0.000387,0.000036,0.000614,0.016917,0.000130,0.000258,0.000849,0.000291,0.021239
1,1,10,"q10_case1",855,512,5120,2621440,2621440,1,437249,1048576,2620447,0.001477,0.000000,0.000387,0.000075,0.000616,0.016218,0.000138,0.000331,0.000852,0.000169,0.020481
1,1,10,"q10_case1",856,512,5120,2621440,2621440,1,437761,1048576,2620900,0.001491,0.000000,0.000406,0.000033,0.000615,0.025252,0.000200,0.000257,0.000994,0.000298,0.029805
1,1,10,"q10_case1",857,512,5120,2621440,2621440,1,438273,1048576,2620442,0.001464,0.000000,0.000443,0.000031,0.000620,0.016498,0.000133,0.000253,0.000848,0.000233,0.020761
1,1,10,"q10_case1",858,512,5120,2621440,2621440,1,438785,1048576,2620455,0.001457,0.000000,0.000296,0.000064,0.000619,0.015828,0.000165,0.000256,0.000822,0.000224,0.019939
1,1,10,"q10_case1",859,512,5120,2621440,2621440,1,439297,1048576,2620451,0.001462,0.000000,0.002131,0.000033,0.000613,0.015747,0.000138,0.000246,0.000840,0.000173,0.021636
1,1,10,"q10_case1",860,512,5120,2621440,2621440,1,439809,1048576,2620904,0.001561,0.000000,0.000466,0.000037,0.000623,0.015928,0.000137,0.000256,0.000933,0.000203,0.020320
1,1,10,"q10_case1",861,512,5120,2621440,2621440,1,440321,1048576,2620223,0.001473,0.000000,0.000446,0.000030,0.000616,0.018963,0.000136,0.000266,0.000823,0.000218,0.023228
1,1,10,"q10_case1",862,512,5120,2621440,2621440,1,440833,1048576,2620194,0.001499,0.000000,0.000339,0.000040,0.000650,0.018949,0.000172,0.000261,0.000864,0.000335,0.023403
1,1,10,"q10_case1",863,512,5120,2621440,2621440,1,441345,1048576,2620265,0.001514,0.000001,0.000409,0.000040,0.000613,0.016607,0.000165,0.000270,0.000889,0.000358,0.021145
1,1,10,"q10_case1",864,512,5120,2621440,2621440,1,441857,1048576,2620255,0.001550,0.000000,0.000407,0.000051,0.000622,0.016160,0.000162,0.000297,0.000927,0.000293,0.020777
1,1,10,"q10_case1",865,512,5120,2621440,2621440,1,442369,1048576,2620875,0.001581,0.000000,0.001861,0.000036,0.000618,0.016295,0.000178,0.000266,0.000895,0.000384,0.022356
1,1,10,"q10_case1",866,512,5120,2621440,2621440,1,442881,1048576,2620435,0.001547,0.000000,0.000379,0.000041,0.000618,0.039879,0.000152,0.000264,0.000914,0.000255,0.044295
1,1,10,"q10_case1",867,512,5120,2621440,2621440,1,443393,1048576,2620893,0.001554,0.000000,0.000419,0.000039,0.000620,0.017450,0.000157,0.000257,0.000893,0.000280,0.021924
1,1,10,"q10_case1",868,512,5120,2621440,2621440,1,443905,1048576,2620688,0.001535,0.000000,0.000388,0.000049,0.000627,0.018973,0.000180,0.000261,0.000905,0.000356,0.023486
1,1,10,"q10_case1",869,512,5120,2621440,2621440,1,444417,1048576,2620426,0.001539,0.000000,0.000312,0.000050,0.000623,0.015968,0.000143,0.000259,0.000869,0.000233,0.020224
1,1,10,"q10_case1",870,512,5120,2621440,2621440,1,444929,1048576,2620883,0.001500,0.000000,0.000447,0.000035,0.000614,0.015916,0.000140,0.000270,0.000892,0.000306,0.020367
1,1,10,"q10_case1",871,512,5120,2621440,2621440,1,445441,1048576,2620440,0.001458,0.000000,0.000316,0.000029,0.000639,0.016106,0.000162,0.000264,0.000926,0.000215,0.020312
1,1,10,"q10_case1",872,512,5120,2621440,2621440,1,445953,1048576,2620466,0.001482,0.000000,0.000432,0.000034,0.000615,0.017383,0.000135,0.000251,0.000839,0.000233,0.021682
1,1,10,"q10_case1",873,512,5120,2621440,2621440,1,446465,1048576,2620343,0.001475,0.000000,0.000330,0.000036,0.000617,0.027634,0.000150,0.000264,0.000828,0.000243,0.031838
1,1,10,"q10_case1",874,512,5120,2621440,2621440,1,446977,1048576,2620342,0.001463,0.000001,0.000389,0.000035,0.000627,0.016767,0.000168,0.000271,0.000832,0.000218,0.021017
1,1,10,"q10_case1",875,512,5120,2621440,2621440,1,447489,1048576,2620326,0.001457,0.000000,0.000386,0.000034,0.000621,0.017905,0.000147,0.000249,0.000771,0.000190,0.021913
1,1,10,"q10_case1",876,512,5120,2621440,2621440,1,448001,1048576,2620310,0.001473,0.000000,0.000333,0.000041,0.000620,0.016008,0.000164,0.000248,0.000810,0.000273,0.020134
1,1,10,"q10_case1",877,512,5120,2621440,2621440,1,448513,1048576,2620284,0.001473,0.000000,0.000430,0.000033,0.000616,0.017489,0.000193,0.000324,0.000822,0.000224,0.021824
1,1,10,"q10_case1",878,512,5120,2621440,2621440,1,449025,1048576,2620162,0.001514,0.000000,0.000406,0.000046,0.000610,0.015851,0.000180,0.000289,0.000843,0.000346,0.020322
1,1,10,"q10_case1",879,512,5120,2621440,2621440,1,449537,1048576,2620091,0.001534,0.000000,0.003215,0.000041,0.000617,0.016895,0.000144,0.000270,0.000898,0.000402,0.024291
1,1,10,"q10_case1",880,512,5120,2621440,2621440,1,450049,1048576,2620089,0.001535,0.000000,0.000412,0.000052,0.000616,0.017028,0.000161,0.000265,0.000819,0.000330,0.021441
1,1,10,"q10_case1",881,512,5120,2621440,2621440,1,450561,1048576,2620093,0.001525,0.000000,0.000425,0.000034,0.000620,0.016815,0.000167,0.000315,0.000807,0.000295,0.021203
1,1,10,"q10_case1",882,512,5120,2621440,2621440,1,451073,1048576,2620128,0.001448,0.000000,0.000324,0.000034,0.000616,0.016045,0.000175,0.000248,0.000830,0.000257,0.020219
1,1,10,"q10_case1",883,512,5120,2621440,2621440,1,451585,1048576,2620161,0.001454,0.000000,0.000433,0.000028,0.000615,0.016178,0.000196,0.000248,0.000773,0.000235,0.020353
1,1,10,"q10_case1",884,512,5120,2621440,2621440,1,452097,1048576,2620159,0.001462,0.000000,0.000407,0.000067,0.000617,0.015220,0.000158,0.000254,0.000777,0.000258,0.019419
1,1,10,"q10_case1",885,512,5120,2621440,2621440,1,452609,1048576,2620125,0.001536,0.000000,0.000421,0.000035,0.000627,0.016415,0.000153,0.000262,0.000872,0.000405,0.020963
1,1,10,"q10_case1",886,512,5120,2621440,2621440,1,453121,1048576,2620140,0.001546,0.000000,0.000476,0.000036,0.000700,0.015070,0.000166,0.000261,0.000870,0.000380,0.019786
1,1,10,"q10_case1",887,512,5120,2621440,2621440,1,453633,1048576,2620211,0.001539,0.000001,0.000455,0.000035,0.000616,0.015870,0.000149,0.000270,0.000839,0.000357,0.020371
1,1,10,"q10_case1",888,512,5120,2621440,2621440,1,454145,1048576,2620226,0.001529,0.000000,0.000385,0.000057,0.000617,0.016447,0.000200,0.000257,0.000809,0.000302,0.020841
1,1,10,"q10_case1",889,512,5120,2621440,2621440,1,454657,1048576,2620223,0.001530,0.000000,0.000578,0.000043,0.000615,0.015452,0.000175,0.000258,0.000846,0.000228,0.019914
1,1,10,"q10_case1",890,512,5120,2621440,2621440,1,455169,1048576,2620823,0.001510,0.000000,0.000390,0.000059,0.000620,0.016998,0.000200,0.000256,0.000837,0.000293,0.021361
1,1,10,"q10_case1",891,512,5120,2621440,2621440,1,455681,1048576,2620436,0.001515,0.000000,0.000411,0.000047,0.000626,0.017045,0.000150,0.000319,0.000850,0.000244,0.021492
1,1,10,"q10_case1",892,512,5120,2621440,2621440,1,456193,1048576,2620862,0.001463,0.000000,0.000308,0.000066,0.000615,0.016075,0.000162,0.000251,0.000864,0.000231,0.020221
1,1,10,"q10_case1",893,512,5120,2621440,2621440,1,456705,1048576,2620433,0.001470,0.000000,0.000383,0.000035,0.000613,0.015978,0.000134,0.000249,0.000872,0.000257,0.020224
1,1,10,"q10_case1",894,512,5120,2621440,2621440,1,457217,1048576,2620418,0.001464,0.000000,0.002667,0.000031,0.000615,0.021216,0.000142,0.000253,0.000848,0.000231,0.027698
1,1,10,"q10_case1",895,512,5120,2621440,2621440,1,457729,1048576,2620447,0.001482,0.000001,0.000391,0.000030,0.000627,0.015895,0.000135,0.000251,0.000829,0.000175,0.020077
1,1,10,"q10_case1",896,512,5120,2621440,2621440,1,458241,1048576,2620855,0.001478,0.000000,0.000400,0.000034,0.000618,0.017481,0.000136,0.000251,0.000834,0.000260,0.021713
1,1,10,"q10_case1",897,512,5120,2621440,2621440,1,458753,1048576,2620427,0.001476,0.000000,0.000384,0.000031,0.000613,0.018054,0.000138,0.000266,0.000853,0.000181,0.022255
1,1,10,"q10_case1",898,512,5120,2621440,2621440,1,459265,1048576,2620829,0.001486,0.000000,0.000430,0.000032,0.000615,0.017085,0.000206,0.000268,0.000836,0.000232,0.021480
1,1,10,"q10_case1",899,512,5120,2621440,2621440,1,459777,1048576,2620429,0.001548,0.000000,0.000409,0.000054,0.000616,0.016625,0.000190,0.000264,0.000889,0.000362,0.021208
1,1,10,"q10_case1",900,512,5120,2621440,2621440,1,460289,1048576,2620395,0.001570,0.000000,0.000420,0.000065,0.000617,0.016233,0.000200,0.000272,0.000905,0.000373,0.020973
1,1,10,"q10_case1",901,512,5120,2621440,2621440,1,460801,1048576,2620445,0.001799,0.000000,0.000652,0.000062,0.000653,0.016592,0.000182,0.000291,0.000859,0.000329,0.021913
1,1,10,"q10_case1",902,512,5120,2621440,2621440,1,461313,1048576,2620595,0.001537,0.000001,0.000496,0.000075,0.000640,0.016233,0.000196,0.000527,0.000906,0.000380,0.021330
1,1,10,"q10_case1",903,512,5120,2621440,2621440,1,461825,1048576,2620430,0.001549,0.000000,0.003437,0.000038,0.000793,0.016768,0.000163,0.000280,0.000868,0.000422,0.024595
1,1,10,"q10_case1",904,512,5120,2621440,2621440,1,462337,1048576,2620437,0.001571,0.000000,0.000454,0.000039,0.000614,0.016065,0.000151,0.000264,0.000869,0.000361,0.020633
1,1,10,"q10_case1",905,512,5120,2621440,2621440,1,462849,1048576,2620394,0.001554,0.000000,0.002490,0.000035,0.000617,0.018236,0.000137,0.000265,0.000855,0.000335,0.024708
1,1,10,"q10_case1",906,512,5120,2621440,2621440,1,463361,1048576,2620309,0.001525,0.000001,0.000432,0.000034,0.000613,0.016077,0.000153,0.000262,0.000808,0.000299,0.020458
1,1,10,"q10_case1",907,512,5120,2621440,2621440,1,463873,1048576,2620143,0.001478,0.000000,0.000407,0.000037,0.000614,0.016844,0.000136,0.000256,0.000813,0.000260,0.021053
1,1,10,"q10_case1",908,512,5120,2621440,2621440,1,464385,1048576,2619989,0.001477,0.000000,0.000398,0.000032,0.000614,0.016916,0.000138,0.000253,0.000767,0.000208,0.021018
1,1,10,"q10_case1",909,512,5120,2621440,2621440,1,464897,1048576,2619878,0.001484,0.000000,0.000412,0.000040,0.000629,0.017863,0.000144,0.000543,0.000765,0.000292,0.022420
1,1,10,"q10_case1",910,512,5120,2621440,2621440,1,465409,1048576,2619793,0.001618,0.000000,0.000708,0.000065,0.000641,0.015714,0.000188,0.000264,0.000846,0.000190,0.020548
1,1,10,"q10_case1",911,512,5120,2621440,2621440,1,465921,1048576,2620783,0.001457,0.000000,0.000458,0.000030,0.000619,0.016017,0.000132,0.000248,0.000826,0.000233,0.020235
1,1,10,"q10_case1",912,512,5120,2621440,2621440,1,466433,1048576,2620418,0.001479,0.000000,0.000503,0.000044,0.000615,0.016772,0.000144,0.000254,0.000849,0.000271,0.021103
1,1,10,"q10_case1",913,512,5120,2621440,2621440,1,466945,1048576,2620381,0.001470,0.000000,0.000421,0.000036,0.000614,0.015311,0.000140,0.000273,0.000859,0.000239,0.019587
1,1,10,"q10_case1",914,512,5120,2621440,2621440,1,467457,1048576,2620410,0.001450,0.000000,0.000400,0.000032,0.000613,0.016258,0.000151,0.000255,0.000841,0.000277,0.020526
1,1,10,"q10_case1",915,512,5120,2621440,2621440,1,467969,1048576,2620677,0.001486,0.000000,0.000395,0.000041,0.000623,0.019317,0.000138,0.000279,0.000844,0.000364,0.023804
1,1,10,"q10_case1",916,512,5120,2621440,2621440,1,468481,1048576,2620540,0.001543,0.000001,0.000657,0.000065,0.000646,0.016308,0.000211,0.000308,0.000920,0.000361,0.021395
1,1,10,"q10_case1",917,512,5120,2621440,2621440,1,468993,1048576,2620493,0.001570,0.000001,0.000688,0.000063,0.000673,0.016636,0.000203,0.000570,0.001010,0.000274,0.022149
1,1,10,"q10_case1",918,512,5120,2621440,2621440,1,469505,1048576,2620825,0.001552,0.000000,0.000426,0.000044,0.000615,0.017006,0.000149,0.000267,0.000886,0.000348,0.021540
1,1,10,"q10_case1",919,512,5120,2621440,2621440,1,470017,1048576,2620219,0.001541,0.000001,0.000342,0.000036,0.000620,0.015844,0.000142,0.000277,0.000890,0.000353,0.020278
1,1,10,"q10_case1",920,512,5120,2621440,2621440,1,470529,1048576,2620415,0.001574,0.000000,0.000462,0.000039,0.000620,0.019583,0.000151,0.000259,0.000825,0.000342,0.024139
1,1,10,"q10_case1",921,512,5120,2621440,2621440,1,471041,1048576,2620395,0.001541,0.000000,0.002238,0.000037,0.000619,0.020869,0.000137,0.000266,0.000835,0.000326,0.027070
1,1,10,"q10_case1",922,512,5120,2621440,2621440,1,471553,1048576,2620361,0.001506,0.000000,0.000421,0.000061,0.000612,0.016680,0.000136,0.000249,0.000850,0.000235,0.020979
1,1,10,"q10_case1",923,512,5120,2621440,2621440,1,472065,1048576,2620890,0.001492,0.000000,0.000340,0.000046,0.000613,0.016973,0.000137,0.000255,0.000801,0.000236,0.021160
1,1,10,"q10_case1",924,512,5120,2621440,2621440,1,472577,1048576,2620366,0.001483,0.000000,0.000429,0.000040,0.000621,0.019261,0.000141,0.000271,0.000868,0.000287,0.023594
1,1,10,"q10_case1",925,512,5120,2621440,2621440,1,473089,1048576,2620341,0.001454,0.000000,0.000394,0.000032,0.000618,0.015599,0.000136,0.000252,0.000835,0.000182,0.019678
1,1,10,"q10_case1",926,512,5120,2621440,2621440,1,473601,1048576,2620748,0.001471,0.000000,0.000613,0.000033,0.000616,0.016003,0.000136,0.000268,0.000844,0.000245,0.020434
1,1,10,"q10_case1",927,512,5120,2621440,2621440,1,474113,1048576,2620396,0.001485,0.000000,0.000416,0.000049,0.000618,0.016142,0.000136,0.000251,0.000822,0.000285,0.020390
1,1,10,"q10_case1",928,512,5120,2621440,2621440,1,474625,1048576,2620376,0.001455,0.000000,0.000474,0.000032,0.000664,0.016099,0.000181,0.000277,0.000837,0.000243,0.020460
1,1,10,"q10_case1",929,512,5120,2621440,2621440,1,475137,1048576,2620428,0.001453,0.000000,0.000543,0.000060,0.000637,0.016087,0.000228,0.000289,0.000817,0.000227,0.020715
1,1,10,"q10_case1",930,512,5120,2621440,2621440,1,475649,1048576,2620297,0.001534,0.000000,0.000573,0.000060,0.000645,0.016573,0.000204,0.000253,0.000832,0.000216,0.021226
1,1,10,"q10_case1",931,512,5120,2621440,2621440,1,476161,1048576,2620481,0.001595,0.000000,0.000453,0.000041,0.000617,0.016434,0.000189,0.000261,0.000861,0.000361,0.021139
1,1,10,"q10_case1",932,512,5120,2621440,2621440,1,476673,1048576,2620422,0.001587,0.000001,0.000615,0.000058,0.000675,0.016373,0.000185,0.000267,0.000853,0.000341,0.021359
1,1,10,"q10_case1",933,512,5120,2621440,2621440,1,477185,1048576,2620275,0.001597,0.000000,0.000404,0.000064,0.000618,0.016079,0.000160,0.000270,0.001022,0.000392,0.020856
1,1,10,"q10_case1",934,512,5120,2621440,2621440,1,477697,1048576,2620136,0.001557,0.000000,0.000382,0.000039,0.000660,0.020736,0.000151,0.000281,0.000875,0.000374,0.025337
1,1,10,"q10_case1",935,512,5120,2621440,2621440,1,478209,1048576,2619924,0.001594,0.000000,0.000642,0.000077,0.000637,0.016675,0.000185,0.000268,0.000856,0.000343,0.021827
1,1,10,"q10_case1",936,512,5120,2621440,2621440,1,478721,1048576,2619852,0.001565,0.000000,0.000296,0.000039,0.000616,0.021028,0.000144,0.000261,0.000831,0.000374,0.025402
1,1,10,"q10_case1",937,512,5120,2621440,2621440,1,479233,1048576,2619818,0.001557,0.000000,0.000630,0.000064,0.000618,0.017003,0.000192,0.000262,0.000837,0.000338,0.021846
1,1,10,"q10_case1",938,512,5120,2621440,2621440,1,479745,1048576,2619844,0.001506,0.000000,0.000418,0.000034,0.000614,0.016191,0.000145,0.000276,0.000843,0.000489,0.020746
1,1,10,"q10_case1",939,512,5120,2621440,2621440,1,480257,1048576,2619932,0.001466,0.000000,0.000431,0.000034,0.000615,0.016119,0.000143,0.000289,0.000799,0.000284,0.020383
1,1,10,"q10_case1",940,512,5120,2621440,2621440,1,480769,1048576,2619974,0.001464,0.000000,0.000403,0.000029,0.000616,0.015814,0.000134,0.000257,0.000789,0.000240,0.019897
1,1,10,"q10_case1",941,512,5120,2621440,2621440,1,481281,1048576,2620017,0.001478,0.000000,0.000430,0.000041,0.000618,0.028290,0.000134,0.000253,0.000823,0.000285,0.032557
1,1,10,"q10_case1",942,512,5120,2621440,2621440,1,481793,1048576,2620060,0.001474,0.000000,0.000479,0.000033,0.000618,0.016655,0.000135,0.000252,0.000810,0.000292,0.020957
1,1,10,"q10_case1",943,512,5120,2621440,2621440,1,482305,1048576,2620044,0.001471,0.000000,0.000382,0.000029,0.000615,0.016225,0.000134,0.000248,0.000783,0.000257,0.020418
1,1,10,"q10_case1",944,512,5120,2621440,2621440,1,482817,1048576,2620037,0.001452,0.000000,0.000380,0.000028,0.000619,0.016035,0.000135,0.000248,0.000784,0.000236,0.020196
1,1,10,"q10_case1",945,512,5120,2621440,2621440,1,483329,1048576,2619981,0.001457,0.000001,0.000771,0.000030,0.000616,0.016777,0.000138,0.000248,0.000771,0.000269,0.021297
1,1,10,"q10_case1",946,512,5120,2621440,2621440,1,483841,1048576,2619986,0.001463,0.000000,0.000581,0.000034,0.000618,0.018475,0.000135,0.000256,0.000806,0.000308,0.022889
1,1,10,"q10_case1",947,512,5120,2621440,2621440,1,484353,1048576,2619980,0.001534,0.000000,0.000311,0.000035,0.000620,0.015423,0.000147,0.000278,0.000886,0.000450,0.019896
1,1,10,"q10_case1",948,512,5120,2621440,2621440,1,484865,1048576,2620000,0.001607,0.000001,0.000432,0.000051,0.000617,0.016100,0.000212,0.000291,0.000888,0.000369,0.020803
1,1,10,"q10_case1",949,512,5120,2621440,2621440,1,485377,1048576,2620015,0.001590,0.000001,0.000634,0.000049,0.000619,0.016410,0.000182,0.000265,0.000869,0.000369,0.021234
1,1,10,"q10_case1",950,512,5120,2621440,2621440,1,485889,1048576,2620020,0.001552,0.000000,0.000411,0.000037,0.000627,0.016130,0.000140,0.000301,0.000860,0.000337,0.020585
1,1,10,"q10_case1",951,512,5120,2621440,2621440,1,486401,1048576,2620013,0.001588,0.000000,0.000466,0.000036,0.000619,0.016650,0.000139,0.000310,0.000836,0.000385,0.021285
1,1,10,"q10_case1",952,512,5120,2621440,2621440,1,486913,1048576,2620039,0.001548,0.000000,0.000430,0.000040,0.000667,0.018938,0.000141,0.000301,0.000825,0.000335,0.023466
1,1,10,"q10_case1",953,512,5120,2621440,2621440,1,487425,1048576,2620057,0.001527,0.000000,0.000445,0.000036,0.000618,0.017047,0.000136,0.000255,0.000832,0.000337,0.021461
1,1,10,"q10_case1",954,512,5120,2621440,2621440,1,487937,1048576,2620090,0.001475,0.000000,0.000428,0.000044,0.000617,0.017366,0.000178,0.000251,0.000794,0.000291,0.021687
1,1,10,"q10_case1",955,512,5120,2621440,2621440,1,488449,1048576,2620023,0.001479,0.000000,0.000391,0.000031,0.000614,0.016183,0.000137,0.000253,0.000759,0.000292,0.020422
1,1,10,"q10_case1",956,512,5120,2621440,2621440,1,488961,1048576,2619899,0.001495,0.000000,0.000360,0.000033,0.000619,0.015740,0.000133,0.000257,0.000782,0.000266,0.019900
1,1,10,"q10_case1",957,512,5120,2621440,2621440,1,489473,1048576,2619870,0.001489,0.000000,0.000409,0.000036,0.000618,0.017031,0.000142,0.000253,0.000796,0.000304,0.021349
1,1,10,"q10_case1",958,512,5120,2621440,2621440,1,489985,1048576,2619882,0.001461,0.000000,0.000432,0.000031,0.000617,0.016515,0.000135,0.000250,0.000801,0.000278,0.020703
1,1,10,"q10_case1",959,512,5120,2621440,2621440,1,490497,1048576,2619943,0.001482,0.000000,0.000396,0.000029,0.000620,0.030240,0.000131,0.000249,0.000796,0.000258,0.034399
1,1,10,"q10_case1",960,512,5120,2621440,2621440,1,491009,1048576,2619971,0.001453,0.000000,0.000472,0.000031,0.000616,0.021782,0.000132,0.000250,0.000808,0.000256,0.026050
1,1,10,"q10_case1",961,512,5120,2621440,2621440,1,491521,1048576,2619976,0.001467,0.000000,0.000422,0.000035,0.000627,0.016831,0.000151,0.000254,0.001019,0.000263,0.021280
1,1,10,"q10_case1",962,512,5120,2621440,2621440,1,492033,1048576,2620875,0.001524,0.000000,0.001513,0.000036,0.000618,0.016248,0.000143,0.000282,0.000891,0.000352,0.021839
1,1,10,"q10_case1",963,512,5120,2621440,2621440,1,492545,1048576,2620420,0.001629,0.000000,0.000450,0.000049,0.000621,0.016205,0.000144,0.000267,0.001058,0.000284,0.020959
1,1,10,"q10_case1",964,512,5120,2621440,2621440,1,493057,1048576,2620885,0.001543,0.000001,0.005922,0.000044,0.000622,0.018414,0.000147,0.000265,0.000929,0.000353,0.028477
1,1,10,"q10_case1",965,512,5120,2621440,2621440,1,493569,1048576,2620459,0.001549,0.000000,0.000391,0.000043,0.000619,0.016445,0.000176,0.000289,0.000907,0.000290,0.021021
1,1,10,"q10_case1",966,512,5120,2621440,2621440,1,494081,1048576,2620798,0.001550,0.000001,0.000402,0.000055,0.000620,0.015958,0.000147,0.000261,0.000905,0.000366,0.020512
1,1,10,"q10_case1",967,512,5120,2621440,2621440,1,494593,1048576,2620432,0.001491,0.000000,0.000435,0.000034,0.000618,0.018159,0.000139,0.000271,0.000895,0.000254,0.022539
1,1,10,"q10_case1",968,512,5120,2621440,2621440,1,495105,1048576,2620883,0.001518,0.000000,0.000432,0.000052,0.000632,0.016734,0.000135,0.000270,0.000933,0.000356,0.021344
1,1,10,"q10_case1",969,512,5120,2621440,2621440,1,495617,1048576,2620447,0.001484,0.000000,0.000447,0.000041,0.000624,0.016747,0.000153,0.000252,0.000894,0.000326,0.021234
1,1,10,"q10_case1",970,512,5120,2621440,2621440,1,496129,1048576,2620432,0.001476,0.000000,0.001246,0.000038,0.000643,0.015902,0.000132,0.000253,0.000840,0.000264,0.021009
1,1,10,"q10_case1",971,512,5120,2621440,2621440,1,496641,1048576,2620443,0.001472,0.000000,0.000342,0.000035,0.000667,0.022986,0.000190,0.000296,0.000804,0.000271,0.027330
1,1,10,"q10_case1",972,512,5120,2621440,2621440,1,497153,1048576,2620533,0.001474,0.000000,0.000396,0.000038,0.001096,0.018492,0.000202,0.000250,0.000815,0.000233,0.023211
1,1,10,"q10_case1",973,512,5120,2621440,2621440,1,497665,1048576,2620555,0.001466,0.000000,0.003866,0.000038,0.001105,0.017651,0.000204,0.000257,0.000825,0.000267,0.025903
1,1,10,"q10_case1",974,512,5120,2621440,2621440,1,498177,1048576,2620472,0.001454,0.000000,0.000455,0.000029,0.001105,0.017390,0.000197,0.000254,0.000849,0.000235,0.022228
1,1,10,"q10_case1",975,512,5120,2621440,2621440,1,498689,1048576,2620474,0.001470,0.000000,0.000370,0.000033,0.001098,0.018133,0.000205,0.000285,0.000825,0.000277,0.022955
1,1,10,"q10_case1",976,512,5120,2621440,2621440,1,499201,1048576,2620446,0.001504,0.000000,0.000440,0.000043,0.001118,0.025380,0.000226,0.000266,0.000870,0.000346,0.030462
1,1,10,"q10_case1",977,512,5120,2621440,2621440,1,499713,1048576,2620401,0.001543,0.000000,0.000407,0.000045,0.001119,0.017920,0.000223,0.000260,0.000845,0.000358,0.023078
1,1,10,"q10_case1",978,512,5120,2621440,2621440,1,500225,1048576,2620309,0.001541,0.000000,0.000410,0.000042,0.000626,0.017909,0.000137,0.000294,0.000950,0.000337,0.022495
1,1,10,"q10_case1",979,512,5120,2621440,2621440,1,500737,1048576,2620255,0.001554,0.000000,0.000427,0.000059,0.000619,0.016125,0.000156,0.000270,0.000852,0.000336,0.020625
1,1,10,"q10_case1",980,512,5120,2621440,2621440,1,501249,1048576,2620275,0.001569,0.000000,0.000392,0.000045,0.000622,0.015904,0.000133,0.000268,0.000850,0.000242,0.020287
1,1,10,"q10_case1",981,512,5120,2621440,2621440,1,501761,1048576,2620887,0.001572,0.000001,0.000369,0.000037,0.000626,0.016976,0.000150,0.000303,0.000882,0.000383,0.021543
1,1,10,"q10_case1",982,512,5120,2621440,2621440,1,502273,1048576,2620438,0.001500,0.000001,0.000400,0.000069,0.000624,0.016885,0.000143,0.000295,0.000863,0.000323,0.021372
1,1,10,"q10_case1",983,512,5120,2621440,2621440,1,502785,1048576,2620462,0.001504,0.000001,0.002987,0.000053,0.000663,0.015603,0.000167,0.000302,0.001356,0.000335,0.023216
1,1,10,"q10_case1",984,512,5120,2621440,2621440,1,503297,1048576,2620345,0.001469,0.000000,0.000478,0.000035,0.000621,0.016480,0.000135,0.000249,0.000838,0.000275,0.020846
1,1,10,"q10_case1",985,512,5120,2621440,2621440,1,503809,1048576,2620434,0.001471,0.000000,0.000942,0.000037,0.000617,0.016347,0.000176,0.000254,0.000830,0.000233,0.021143
1,1,10,"q10_case1",986,512,5120,2621440,2621440,1,504321,1048576,2620420,0.001484,0.000001,0.000480,0.000035,0.000618,0.019643,0.000149,0.000265,0.000797,0.000281,0.023978
1,1,10,"q10_case1",987,512,5120,2621440,2621440,1,504833,1048576,2620350,0.001488,0.000000,0.000392,0.000039,0.000625,0.016466,0.000135,0.000253,0.000814,0.000262,0.020718
1,1,10,"q10_case1",988,512,5120,2621440,2621440,1,505345,1048576,2620352,0.001491,0.000000,0.000444,0.000032,0.000644,0.022521,0.000129,0.000249,0.000820,0.000219,0.026769
1,1,10,"q10_case1",989,512,5120,2621440,2621440,1,505857,1048576,2620395,0.001473,0.000000,0.000430,0.000034,0.000620,0.015981,0.000135,0.000253,0.000783,0.000244,0.020199
1,1,10,"q10_case1",990,512,5120,2621440,2621440,1,506369,1048576,2620349,0.001485,0.000000,0.000542,0.000038,0.000619,0.016953,0.000135,0.000252,0.000819,0.000240,0.021298
1,1,10,"q10_case1",991,512,5120,2621440,2621440,1,506881,1048576,2620336,0.001468,0.000000,0.000647,0.000038,0.000625,0.016079,0.000137,0.000265,0.000877,0.000273,0.020646
1,1,10,"q10_case1",992,512,5120,2621440,2621440,1,507393,1048576,2620891,0.001488,0.000000,0.000410,0.000051,0.000622,0.015967,0.000141,0.000270,0.000908,0.000356,0.020440
1,1,10,"q10_case1",993,512,5120,2621440,2621440,1,507905,1048576,2620447,0.001562,0.000000,0.000566,0.000068,0.000650,0.016265,0.000191,0.000260,0.000899,0.000569,0.021401
1,1,10,"q10_case1",994,512,5120,2621440,2621440,1,508417,1048576,2620890,0.001538,0.000001,0.000446,0.000042,0.000622,0.015932,0.000178,0.000268,0.000931,0.000356,0.020597
1,1,10,"q10_case1",995,512,5120,2621440,2621440,1,508929,1048576,2620434,0.001546,0.000000,0.000390,0.000058,0.000620,0.025210,0.000187,0.000258,0.000942,0.000335,0.029778
1,1,10,"q10_case1",996,512,5120,2621440,2621440,1,509441,1048576,2620772,0.001577,0.000001,0.000435,0.000047,0.000628,0.015870,0.000159,0.000289,0.000877,0.000369,0.020507
1,1,10,"q10_case1",997,512,5120,2621440,2621440,1,509953,1048576,2620431,0.001536,0.000000,0.000405,0.000049,0.000628,0.015993,0.000153,0.000265,0.000868,0.000255,0.020429
1,1,10,"q10_case1",998,512,5120,2621440,2621440,1,510465,1048576,2620901,0.001498,0.000000,0.000459,0.000051,0.000618,0.016740,0.000134,0.000251,0.000890,0.000347,0.021219
1,1,10,"q10_case1",999,512,5120,2621440,2621440,1,510977,1048576,2620451,0.001463,0.000000,0.000297,0.000044,0.000617,0.015629,0.000133,0.000250,0.000863,0.000221,0.019714
1,1,10,"q10_case1",1000,512,5120,2621440,2621440,1,511489,1048576,2620891,0.001518,0.000000,0.000373,0.000052,0.000622,0.016063,0.000138,0.000268,0.000842,0.000276,0.020342
1,1,10,"q10_case1",1001,512,5120,2621440,2621440,1,512001,1048576,2620436,0.001476,0.000000,0.000409,0.000047,0.000632,0.018598,0.000154,0.000258,0.000853,0.000414,0.023021
1,1,10,"q10_case1",1002,512,5120,2621440,2621440,1,512513,1048576,2620885,0.001456,0.000000,0.000370,0.000037,0.000623,0.016854,0.000135,0.000254,0.000866,0.000258,0.021087
1,1,10,"q10_case1",1003,512,5120,2621440,2621440,1,513025,1048576,2620433,0.001489,0.000000,0.000285,0.000044,0.000620,0.016673,0.000165,0.000253,0.000875,0.000327,0.020948
1,1,10,"q10_case1",1004,512,5120,2621440,2621440,1,513537,1048576,2620426,0.001451,0.000000,0.000399,0.000033,0.000629,0.016761,0.000136,0.000253,0.000866,0.000200,0.020897
1,1,10,"q10_case1",1005,512,5120,2621440,2621440,1,514049,1048576,2620888,0.001511,0.000000,0.000327,0.000034,0.000624,0.015508,0.000138,0.000259,0.000857,0.000326,0.019755
1,1,10,"q10_case1",1006,512,5120,2621440,2621440,1,514561,1048576,2620430,0.001496,0.000001,0.000413,0.000039,0.000621,0.016137,0.000156,0.000262,0.000872,0.000356,0.020619
1,1,10,"q10_case1",1007,512,5120,2621440,2621440,1,515073,1048576,2620426,0.001559,0.000000,0.000389,0.000050,0.000624,0.016904,0.000175,0.000260,0.000895,0.000393,0.021491
1,1,10,"q10_case1",1008,512,5120,2621440,2621440,1,515585,1048576,2620403,0.001548,0.000000,0.003061,0.000039,0.000623,0.016305,0.000166,0.000270,0.000916,0.000417,0.023723
1,1,10,"q10_case1",1009,512,5120,2621440,2621440,1,516097,1048576,2620667,0.001526,0.000001,0.000419,0.000039,0.000624,0.016467,0.000183,0.000287,0.000879,0.000527,0.021262
1,1,10,"q10_case1",1010,512,5120,2621440,2621440,1,516609,1048576,2620606,0.001591,0.000000,0.000420,0.000060,0.000624,0.021296,0.000150,0.000285,0.000871,0.000496,0.026102
1,1,10,"q10_case1",1011,512,5120,2621440,2621440,1,517121,1048576,2620523,0.001580,0.000000,0.000720,0.000067,0.000654,0.016604,0.000217,0.000263,0.000878,0.000374,0.021806
1,1,10,"q10_case1",1012,512,5120,2621440,2621440,1,517633,1048576,2620473,0.001516,0.000000,0.000585,0.000062,0.000650,0.016346,0.000194,0.000259,0.000874,0.000314,0.021155
1,1,10,"q10_case1",1013,512,5120,2621440,2621440,1,518145,1048576,2620474,0.001537,0.000001,0.000652,0.000071,0.000651,0.017367,0.000195,0.000272,0.000979,0.000515,0.022630
1,1,10,"q10_case1",1014,512,5120,2621440,2621440,1,518657,1048576,2620426,0.001518,0.000000,0.005613,0.000042,0.000624,0.015907,0.000192,0.000377,0.000814,0.000292,0.025744
1,1,10,"q10_case1",1015,512,5120,2621440,2621440,1,519169,1048576,2620399,0.001597,0.000000,0.000639,0.000059,0.000653,0.015400,0.000188,0.000251,0.000774,0.000254,0.020136
1,1,10,"q10_case1",1016,512,5120,2621440,2621440,1,519681,1048576,2620334,0.001464,0.000000,0.000389,0.000037,0.000654,0.016033,0.000137,0.000248,0.000852,0.000185,0.020248
1,1,10,"q10_case1",1017,512,5120,2621440,2621440,1,520193,1048576,2620900,0.001471,0.000000,0.000412,0.000035,0.000624,0.018015,0.000133,0.000269,0.000812,0.000470,0.022492
1,1,10,"q10_case1",1018,512,5120,2621440,2621440,1,520705,1048576,2620461,0.001440,0.000000,0.000467,0.000033,0.000618,0.016738,0.000136,0.000253,0.000874,0.000169,0.020967
1,1,10,"q10_case1",1019,512,5120,2621440,2621440,1,521217,1048576,2620916,0.001477,0.000000,0.000532,0.000032,0.000625,0.016076,0.000136,0.000254,0.000836,0.000269,0.020420
1,1,10,"q10_case1",1020,512,5120,2621440,2621440,1,521729,1048576,2620444,0.001446,0.000000,0.000324,0.000039,0.000624,0.015811,0.000139,0.000253,0.000854,0.000207,0.019879
1,1,10,"q10_case1",1021,512,5120,2621440,2621440,1,522241,1048576,2620895,0.001471,0.000000,0.000388,0.000035,0.000622,0.016320,0.000165,0.000377,0.000849,0.000492,0.020934
1,1,10,"q10_case1",1022,512,5120,2621440,2621440,1,522753,1048576,2620435,0.001486,0.000001,0.000436,0.000048,0.000621,0.016570,0.000174,0.000283,0.000871,0.000284,0.021087
1,1,10,"q10_case1",1023,512,5120,2621440,2621440,1,523265,1048576,2620878,0.001542,0.000000,0.000507,0.000038,0.000629,0.016339,0.000151,0.000259,0.000910,0.000395,0.021019
1,1,10,"q10_case1",1024,512,5120,2621440,2621440,1,523777,1048576,2620429,0.001545,0.000000,0.000403,0.000041,0.000638,0.015787,0.000145,0.000290,0.000965,0.000356,0.020429
1,1,10,"q10_case1",1025,512,5120,2621440,2621440,1,524289,2097152,2620198,0.066045,0.001509,0.004410,0.000000,0.000663,0.016297,0.000137,0.000266,0.000828,0.000520,0.091423
1,1,10,"q10_case1",1026,512,5120,2621440,2621440,1,524801,2097152,2620228,0.001514,0.000001,0.000382,0.000046,0.000644,0.015865,0.000136,0.000275,0.000856,0.000303,0.020282
1,1,10,"q10_case1",1027,512,5120,2621440,2621440,1,525313,2097152,2620315,0.001477,0.000000,0.005593,0.000030,0.000644,0.017152,0.000142,0.000266,0.000871,0.000275,0.026661
1,1,10,"q10_case1",1028,512,5120,2621440,2621440,1,525825,2097152,2620509,0.001478,0.000000,0.000298,0.000029,0.000643,0.023143,0.000149,0.000254,0.000844,0.000209,0.027211
1,1,10,"q10_case1",1029,512,5120,2621440,2621440,1,526337,2097152,2620685,0.001464,0.000000,0.002212,0.000029,0.000650,0.016682,0.000194,0.000250,0.000863,0.000256,0.022783
1,1,10,"q10_case1",1030,512,5120,2621440,2621440,1,526849,2097152,2620430,0.001486,0.000000,0.000449,0.000032,0.001263,0.023468,0.000217,0.000249,0.000852,0.000169,0.028402
1,1,10,"q10_case1",1031,512,5120,2621440,2621440,1,527361,2097152,2620888,0.001475,0.000000,0.000592,0.000029,0.001229,0.019179,0.000221,0.000256,0.000832,0.000255,0.024351
1,1,10,"q10_case1",1032,512,5120,2621440,2621440,1,527873,2097152,2620433,0.001475,0.000000,0.005174,0.000030,0.001248,0.017834,0.000203,0.000257,0.000818,0.000214,0.027459
1,1,10,"q10_case1",1033,512,5120,2621440,2621440,1,528385,2097152,2620458,0.001494,0.000000,0.000630,0.000032,0.001257,0.018303,0.000213,0.000253,0.000833,0.000263,0.023495
1,1,10,"q10_case1",1034,512,5120,2621440,2621440,1,528897,2097152,2620360,0.001503,0.000000,0.000454,0.000032,0.001239,0.020701,0.000212,0.000254,0.000884,0.000260,0.025765
1,1,10,"q10_case1",1035,512,5120,2621440,2621440,1,529409,2097152,2620883,0.001535,0.000000,0.000505,0.000087,0.001683,0.021933,0.000212,0.000262,0.000882,0.000389,0.027744
1,1,10,"q10_case1",1036,512,5120,2621440,2621440,1,529921,2097152,2620427,0.001564,0.000000,0.000331,0.000035,0.001244,0.016767,0.000176,0.000265,0.000857,0.000288,0.021784
1,1,10,"q10_case1",1037,512,5120,2621440,2621440,1,530433,2097152,2620748,0.001616,0.000000,0.000415,0.000029,0.000643,0.017444,0.000177,0.000260,0.000879,0.000350,0.022107
1,1,10,"q10_case1",1038,512,5120,2621440,2621440,1,530945,2097152,2620428,0.001493,0.000000,0.003420,0.000032,0.000642,0.016073,0.000152,0.000263,0.000931,0.000445,0.023776
1,1,10,"q10_case1",1039,512,5120,2621440,2621440,1,531457,2097152,2620298,0.001535,0.000001,0.000453,0.000031,0.000647,0.017011,0.000174,0.000258,0.000865,0.000268,0.021515
1,1,10,"q10_case1",1040,512,5120,2621440,2621440,1,531969,2097152,2620627,0.001540,0.000000,0.000412,0.000045,0.000642,0.019485,0.000150,0.000258,0.000911,0.000326,0.023996
1,1,10,"q10_case1",1041,512,5120,2621440,2621440,1,532481,2097152,2620426,0.001523,0.000000,0.000475,0.000033,0.000645,0.016255,0.000133,0.000289,0.000851,0.000291,0.020743
1,1,10,"q10_case1",1042,512,5120,2621440,2621440,1,532993,2097152,2620303,0.001484,0.000000,0.000461,0.000029,0.000642,0.015844,0.000171,0.000255,0.000841,0.000208,0.020164
1,1,10,"q10_case1",1043,512,5120,2621440,2621440,1,533505,2097152,2620314,0.001488,0.000000,0.000420,0.000028,0.000644,0.016256,0.000138,0.000255,0.000807,0.000410,0.020727
1,1,10,"q10_case1",1044,512,5120,2621440,2621440,1,534017,2097152,2620217,0.001496,0.000001,0.000389,0.000028,0.000645,0.016680,0.000136,0.000260,0.000817,0.000240,0.020977
1,1,10,"q10_case1",1045,512,5120,2621440,2621440,1,534529,2097152,2620297,0.001486,0.000001,0.000458,0.000030,0.000643,0.018087,0.000141,0.000275,0.000826,0.000276,0.022472
1,1,10,"q10_case1",1046,512,5120,2621440,2621440,1,535041,2097152,2620530,0.001476,0.000000,0.000402,0.000029,0.000643,0.016974,0.000139,0.000257,0.000841,0.000263,0.021277
1,1,10,"q10_case1",1047,512,5120,2621440,2621440,1,535553,2097152,2620706,0.001478,0.000000,0.003113,0.000031,0.000645,0.015840,0.000131,0.000256,0.000834,0.000286,0.022875
1,1,10,"q10_case1",1048,512,5120,2621440,2621440,1,536065,2097152,2620429,0.001490,0.000000,0.000463,0.000075,0.000640,0.016086,0.000152,0.000497,0.000829,0.000224,0.020717
1,1,10,"q10_case1",1049,512,5120,2621440,2621440,1,536577,2097152,2620502,0.001514,0.000001,0.000425,0.000034,0.000680,0.016801,0.000145,0.000289,0.000873,0.000340,0.021427
1,1,10,"q10_case1",1050,512,5120,2621440,2621440,1,537089,2097152,2620309,0.001598,0.000001,0.000414,0.000044,0.000644,0.015804,0.000206,0.000345,0.000893,0.000331,0.020550
1,1,10,"q10_case1",1051,512,5120,2621440,2621440,1,537601,2097152,2620264,0.001588,0.000001,0.000695,0.000061,0.000671,0.015820,0.000262,0.000612,0.000915,0.000591,0.021611
1,1,10,"q10_case1",1052,512,5120,2621440,2621440,1,538113,2097152,2620356,0.001552,0.000000,0.000390,0.000046,0.000653,0.016113,0.000176,0.000263,0.000916,0.000308,0.020655
1,1,10,"q10_case1",1053,512,5120,2621440,2621440,1,538625,2097152,2620651,0.001550,0.000000,0.000378,0.000037,0.000641,0.017438,0.000148,0.000266,0.000905,0.000363,0.022010
1,1,10,"q10_case1",1054,512,5120,2621440,2621440,1,539137,2097152,2620416,0.001504,0.000000,0.000376,0.000034,0.000642,0.016982,0.000137,0.000258,0.000884,0.000345,0.021417
1,1,10,"q10_case1",1055,512,5120,2621440,2621440,1,539649,2097152,2620272,0.001534,0.000001,0.000421,0.000035,0.000648,0.016085,0.000182,0.000258,0.000834,0.000334,0.020561
1,1,10,"q10_case1",1056,512,5120,2621440,2621440,1,540161,2097152,2620328,0.001495,0.000000,0.000406,0.000036,0.001235,0.018022,0.000209,0.000255,0.000820,0.000263,0.023041
1,1,10,"q10_case1",1057,512,5120,2621440,2621440,1,540673,2097152,2620434,0.001504,0.000000,0.001098,0.000036,0.001226,0.018181,0.000203,0.000346,0.000853,0.000287,0.023926
1,1,10,"q10_case1",1058,512,5120,2621440,2621440,1,541185,2097152,2620517,0.001484,0.000000,0.000423,0.000029,0.001236,0.023377,0.000236,0.000281,0.000940,0.000402,0.028705
1,1,10,"q10_case1",1059,512,5120,2621440,2621440,1,541697,2097152,2620540,0.001473,0.000001,0.000659,0.000055,0.001274,0.017991,0.000271,0.000255,0.000794,0.000370,0.023494
1,1,10,"q10_case1",1060,512,5120,2621440,2621440,1,542209,2097152,2620461,0.001479,0.000000,0.000591,0.000033,0.001242,0.018084,0.000209,0.000253,0.000816,0.000231,0.023199
1,1,10,"q10_case1",1061,512,5120,2621440,2621440,1,542721,2097152,2620445,0.001483,0.000000,0.000315,0.000040,0.001235,0.017731,0.000201,0.000255,0.000795,0.000242,0.022476
1,1,10,"q10_case1",1062,512,5120,2621440,2621440,1,543233,2097152,2620431,0.001496,0.000000,0.000352,0.000068,0.000644,0.016275,0.000135,0.000255,0.000803,0.000231,0.020520
1,1,10,"q10_case1",1063,512,5120,2621440,2621440,1,543745,2097152,2620414,0.001527,0.000001,0.000512,0.000039,0.000642,0.025507,0.000144,0.000275,0.000860,0.000505,0.030282
1,1,10,"q10_case1",1064,512,5120,2621440,2621440,1,544257,2097152,2620458,0.001563,0.000000,0.000894,0.000057,0.000676,0.019397,0.000192,0.000278,0.000909,0.000313,0.024715
1,1,10,"q10_case1",1065,512,5120,2621440,2621440,1,544769,2097152,2620864,0.001550,0.000000,0.000388,0.000053,0.000643,0.016085,0.000138,0.000266,0.000867,0.000429,0.020663
1,1,10,"q10_case1",1066,512,5120,2621440,2621440,1,545281,2097152,2620283,0.001556,0.000000,0.000330,0.000035,0.000639,0.019464,0.000135,0.000259,0.000940,0.000340,0.023929
1,1,10,"q10_case1",1067,512,5120,2621440,2621440,1,545793,2097152,2620257,0.001571,0.000000,0.000411,0.000061,0.000639,0.016259,0.000149,0.000276,0.000884,0.000289,0.020881
1,1,10,"q10_case1",1068,512,5120,2621440,2621440,1,546305,2097152,2620877,0.001513,0.000000,0.000380,0.000042,0.000646,0.016550,0.000176,0.000292,0.000887,0.000344,0.021049
1,1,10,"q10_case1",1069,512,5120,2621440,2621440,1,546817,2097152,2620433,0.001501,0.000000,0.000415,0.000030,0.000645,0.016535,0.000176,0.000270,0.000837,0.000466,0.021192
1,1,10,"q10_case1",1070,512,5120,2621440,2621440,1,547329,2097152,2620502,0.001491,0.000000,0.000385,0.000032,0.000642,0.015717,0.000143,0.000263,0.000856,0.000234,0.020041
1,1,10,"q10_case1",1071,512,5120,2621440,2621440,1,547841,2097152,2620563,0.001500,0.000000,0.000415,0.000031,0.000646,0.017644,0.000150,0.000320,0.000855,0.000242,0.021991
1,1,10,"q10_case1",1072,512,5120,2621440,2621440,1,548353,2097152,2620913,0.001490,0.000000,0.001255,0.000035,0.000641,0.016031,0.000139,0.000298,0.000871,0.000273,0.021245
1,1,10,"q10_case1",1073,512,5120,2621440,2621440,1,548865,2097152,2620427,0.001520,0.000000,0.000441,0.000029,0.000639,0.016558,0.000138,0.000262,0.000832,0.000258,0.020843
1,1,10,"q10_case1",1074,512,5120,2621440,2621440,1,549377,2097152,2620432,0.001459,0.000001,0.000423,0.000046,0.000641,0.018142,0.000136,0.000258,0.000857,0.000202,0.022351
1,1,10,"q10_case1",1075,512,5120,2621440,2621440,1,549889,2097152,2620737,0.001475,0.000000,0.000457,0.000028,0.000640,0.016079,0.000135,0.000298,0.000856,0.000287,0.020503
1,1,10,"q10_case1",1076,512,5120,2621440,2621440,1,550401,2097152,2620417,0.001486,0.000000,0.000436,0.000050,0.000639,0.016448,0.000141,0.000267,0.000911,0.000310,0.020917
1,1,10,"q10_case1",1077,512,5120,2621440,2621440,1,550913,2097152,2620377,0.002066,0.000000,0.000443,0.000056,0.000647,0.020872,0.000147,0.000336,0.000899,0.000396,0.026287
1,1,10,"q10_case1",1078,512,5120,2621440,2621440,1,551425,2097152,2620443,0.001542,0.000000,0.000469,0.000038,0.000643,0.016911,0.000147,0.000275,0.000886,0.000365,0.021563
1,1,10,"q10_case1",1079,512,5120,2621440,2621440,1,551937,2097152,2620395,0.001545,0.000000,0.003172,0.000049,0.000643,0.027312,0.000154,0.000263,0.000933,0.000410,0.034751
1,1,10,"q10_case1",1080,512,5120,2621440,2621440,1,552449,2097152,2620301,0.001601,0.000001,0.000442,0.000066,0.000643,0.017010,0.000154,0.000563,0.001004,0.000366,0.022127
1,1,10,"q10_case1",1081,512,5120,2621440,2621440,1,552961,2097152,2620324,0.001613,0.000000,0.000353,0.000053,0.000645,0.016462,0.000151,0.000278,0.000883,0.000338,0.021013
1,1,10,"q10_case1",1082,512,5120,2621440,2621440,1,553473,2097152,2620512,0.001499,0.000000,0.000433,0.000030,0.000675,0.016340,0.000136,0.000263,0.000881,0.000318,0.020838
1,1,10,"q10_case1",1083,512,5120,2621440,2621440,1,553985,2097152,2620640,0.001520,0.000000,0.000432,0.000030,0.000641,0.015663,0.000131,0.000256,0.000833,0.000223,0.019981
1,1,10,"q10_case1",1084,512,5120,2621440,2621440,1,554497,2097152,2620894,0.001491,0.000000,0.000646,0.000030,0.000641,0.016871,0.000155,0.000266,0.000822,0.000285,0.021420
1,1,10,"q10_case1",1085,512,5120,2621440,2621440,1,555009,2097152,2620077,0.001462,0.000000,0.000420,0.000054,0.000659,0.016949,0.000179,0.000357,0.000833,0.000269,0.021395
1,1,10,"q10_case1",1086,512,5120,2621440,2621440,1,555521,2097152,2620293,0.001473,0.000000,0.000365,0.000026,0.000642,0.016128,0.000136,0.000261,0.000857,0.000249,0.020412
1,1,10,"q10_case1",1087,512,5120,2621440,2621440,1,556033,2097152,2620300,0.001473,0.000000,0.000394,0.000031,0.000635,0.015795,0.000135,0.000251,0.000794,0.000247,0.020008
1,1,10,"q10_case1",1088,512,5120,2621440,2621440,1,556545,2097152,2620322,0.001458,0.000000,0.002357,0.000030,0.000638,0.017490,0.000184,0.000301,0.000828,0.000303,0.023851
1,1,10,"q10_case1",1089,512,5120,2621440,2621440,1,557057,2097152,2620381,0.001471,0.000000,0.000431,0.000042,0.000637,0.017484,0.000134,0.000269,0.000809,0.000304,0.021798
1,1,10,"q10_case1",1090,512,5120,2621440,2621440,1,557569,2097152,2620362,0.001462,0.000000,0.000397,0.000026,0.000660,0.016229,0.000135,0.000259,0.000851,0.000334,0.020645
1,1,10,"q10_case1",1091,512,5120,2621440,2621440,1,558081,2097152,2620328,0.001509,0.000000,0.000321,0.000042,0.000635,0.019198,0.000152,0.000263,0.000837,0.000359,0.023587
1,1,10,"q10_case1",1092,512,5120,2621440,2621440,1,558593,2097152,2620287,0.001616,0.000001,0.000454,0.000034,0.000633,0.017145,0.000185,0.000265,0.001118,0.000307,0.022003
1,1,10,"q10_case1",1093,512,5120,2621440,2621440,1,559105,2097152,2620610,0.001551,0.000000,0.001784,0.000054,0.000659,0.016683,0.000145,0.000273,0.000917,0.000389,0.022729
1,1,10,"q10_case1",1094,512,5120,2621440,2621440,1,559617,2097152,2620425,0.001561,0.000000,0.000319,0.000039,0.000633,0.017679,0.000152,0.000269,0.000906,0.000395,0.022186
1,1,10,"q10_case1",1095,512,5120,2621440,2621440,1,560129,2097152,2620284,0.001534,0.000000,0.000374,0.000032,0.000638,0.035556,0.000150,0.000273,0.000904,0.000311,0.040031
1,1,10,"q10_case1",1096,512,5120,2621440,2621440,1,560641,2097152,2620611,0.001541,0.000001,0.000500,0.000034,0.001238,0.017698,0.000204,0.000265,0.000940,0.000358,0.023044
1,1,10,"q10_case1",1097,512,5120,2621440,2621440,1,561153,2097152,2620422,0.001528,0.000000,0.000335,0.000034,0.001233,0.017758,0.000193,0.000267,0.000877,0.000340,0.022803
1,1,10,"q10_case1",1098,512,5120,2621440,2621440,1,561665,2097152,2620230,0.001521,0.000000,0.000369,0.000046,0.001233,0.018362,0.000210,0.000264,0.000859,0.000349,0.023497
1,1,10,"q10_case1",1099,512,5120,2621440,2621440,1,562177,2097152,2620290,0.001539,0.000000,0.000679,0.000066,0.001246,0.018161,0.000292,0.000279,0.000823,0.000259,0.023703
1,1,10,"q10_case1",1100,512,5120,2621440,2621440,1,562689,2097152,2620375,0.001518,0.000000,0.000682,0.000057,0.001272,0.018240,0.000285,0.000264,0.000849,0.000325,0.023955
1,1,10,"q10_case1",1101,512,5120,2621440,2621440,1,563201,2097152,2620263,0.001627,0.000000,0.000445,0.000034,0.001249,0.018053,0.000214,0.000267,0.000852,0.000359,0.023423
1,1,10,"q10_case1",1102,512,5120,2621440,2621440,1,563713,2097152,2620156,0.001523,0.000000,0.000402,0.000058,0.001229,0.018085,0.000204,0.000258,0.000832,0.000303,0.023115
1,1,10,"q10_case1",1103,512,5120,2621440,2621440,1,564225,2097152,2620129,0.001695,0.000001,0.000425,0.000044,0.001235,0.020652,0.000214,0.000453,0.000867,0.000369,0.026242
1,1,10,"q10_case1",1104,512,5120,2621440,2621440,1,564737,2097152,2620112,0.001560,0.000000,0.000451,0.000037,0.001234,0.042476,0.000270,0.000273,0.000858,0.000356,0.047845
1,1,10,"q10_case1",1105,512,5120,2621440,2621440,1,565249,2097152,2620094,0.001581,0.000000,0.000705,0.000064,0.001247,0.018299,0.000311,0.000278,0.000830,0.000327,0.023964
1,1,10,"q10_case1",1106,512,5120,2621440,2621440,1,565761,2097152,2620091,0.001561,0.000000,0.000442,0.000034,0.001219,0.021726,0.000215,0.000341,0.000877,0.000372,0.027106
1,1,10,"q10_case1",1107,512,5120,2621440,2621440,1,566273,2097152,2620106,0.001556,0.000000,0.000452,0.000067,0.001239,0.017942,0.000220,0.000287,0.000832,0.000370,0.023217
1,1,10,"q10_case1",1108,512,5120,2621440,2621440,1,566785,2097152,2620090,0.001851,0.000000,0.000713,0.000059,0.001255,0.017860,0.000273,0.000274,0.000892,0.000262,0.023916
1,1,10,"q10_case1",1109,512,5120,2621440,2621440,1,567297,2097152,2620869,0.001532,0.000000,0.000430,0.000037,0.001250,0.017744,0.000210,0.000262,0.000914,0.000390,0.023047
1,1,10,"q10_case1",1110,512,5120,2621440,2621440,1,567809,2097152,2620429,0.001507,0.000001,0.003758,0.000076,0.001228,0.017808,0.000224,0.000257,0.000856,0.000206,0.026154
1,1,10,"q10_case1",1111,512,5120,2621440,2621440,1,568321,2097152,2620891,0.001484,0.000000,0.003142,0.000036,0.001225,0.018355,0.000260,0.000326,0.000914,0.000474,0.026543
1,1,10,"q10_case1",1112,512,5120,2621440,2621440,1,568833,2097152,2620433,0.001499,0.000000,0.000557,0.000045,0.001251,0.025208,0.000229,0.000253,0.000838,0.000160,0.030389
1,1,10,"q10_case1",1113,512,5120,2621440,2621440,1,569345,2097152,2620886,0.001478,0.000001,0.000347,0.000034,0.001242,0.018394,0.000211,0.000259,0.000847,0.000326,0.023340
1,1,10,"q10_case1",1114,512,5120,2621440,2621440,1,569857,2097152,2620428,0.001638,0.000000,0.003796,0.000041,0.001242,0.017730,0.000218,0.000269,0.000871,0.000296,0.026312
1,1,10,"q10_case1",1115,512,5120,2621440,2621440,1,570369,2097152,2620574,0.001504,0.000001,0.000442,0.000036,0.001242,0.017534,0.000172,0.000271,0.000886,0.000331,0.022677
1,1,10,"q10_case1",1116,512,5120,2621440,2621440,1,570881,2097152,2620502,0.001566,0.000000,0.000388,0.000031,0.000633,0.016009,0.000152,0.000266,0.000875,0.000398,0.020565
1,1,10,"q10_case1",1117,512,5120,2621440,2621440,1,571393,2097152,2620571,0.001643,0.000001,0.000509,0.000039,0.000639,0.021761,0.000171,0.000295,0.000899,0.000422,0.026659
1,1,10,"q10_case1",1118,512,5120,2621440,2621440,1,571905,2097152,2620593,0.001573,0.000000,0.000416,0.000039,0.000636,0.016150,0.000154,0.000268,0.000960,0.000309,0.020699
1,1,10,"q10_case1",1119,512,5120,2621440,2621440,1,572417,2097152,2620666,0.001599,0.000000,0.000352,0.000063,0.000635,0.016683,0.000144,0.000275,0.000938,0.000361,0.021291
1,1,10,"q10_case1",1120,512,5120,2621440,2621440,1,572929,2097152,2620422,0.001562,0.000000,0.000386,0.000039,0.000636,0.018077,0.000159,0.000268,0.000964,0.000376,0.022678
1,1,10,"q10_case1",1121,512,5120,2621440,2621440,1,573441,2097152,2620270,0.001503,0.000001,0.000502,0.000060,0.000659,0.016472,0.000197,0.000256,0.000851,0.000321,0.021197
1,1,10,"q10_case1",1122,512,5120,2621440,2621440,1,573953,2097152,2620545,0.001475,0.000000,0.000470,0.000030,0.000660,0.016711,0.000134,0.000258,0.000855,0.000275,0.021068
1,1,10,"q10_case1",1123,512,5120,2621440,2621440,1,574465,2097152,2620493,0.001465,0.000000,0.000419,0.000029,0.000657,0.016437,0.000140,0.000253,0.000835,0.000272,0.020743
1,1,10,"q10_case1",1124,512,5120,2621440,2621440,1,574977,2097152,2620482,0.001453,0.000000,0.000404,0.000026,0.000642,0.016248,0.000133,0.000266,0.000846,0.000266,0.020458
1,1,10,"q10_case1",1125,512,5120,2621440,2621440,1,575489,2097152,2620501,0.001536,0.000000,0.000394,0.000049,0.000649,0.015761,0.000141,0.000404,0.001146,0.000383,0.020734
1,1,10,"q10_case1",1126,512,5120,2621440,2621440,1,576001,2097152,2620768,0.001606,0.000001,0.004341,0.000034,0.000646,0.017443,0.000157,0.000445,0.001004,0.000368,0.026373
1,1,10,"q10_case1",1127,512,5120,2621440,2621440,1,576513,2097152,2620429,0.002408,0.000001,0.000433,0.000060,0.000660,0.016324,0.000201,0.000424,0.000947,0.000515,0.022359
1,1,10,"q10_case1",1128,512,5120,2621440,2621440,1,577025,2097152,2620562,0.001873,0.000001,0.000628,0.000065,0.000670,0.020906,0.000198,0.000402,0.001209,0.000385,0.026838
1,1,10,"q10_case1",1129,512,5120,2621440,2621440,1,577537,2097152,2620415,0.001788,0.000000,0.000988,0.000043,0.000634,0.016035,0.000145,0.000323,0.001110,0.000476,0.021808
1,1,10,"q10_case1",1130,512,5120,2621440,2621440,1,578049,2097152,2620236,0.002111,0.000000,0.000865,0.000067,0.000630,0.016449,0.000227,0.000313,0.001269,0.000466,0.022850
1,1,10,"q10_case1",1131,512,5120,2621440,2621440,1,578561,2097152,2620293,0.003149,0.000000,0.000466,0.000075,0.000674,0.016568,0.000177,0.000387,0.001310,0.000415,0.023569
1,1,10,"q10_case1",1132,512,5120,2621440,2621440,1,579073,2097152,2620890,0.002195,0.000001,0.004729,0.000065,0.000665,0.017801,0.000365,0.000584,0.000932,0.000341,0.028159
1,1,10,"q10_case1",1133,512,5120,2621440,2621440,1,579585,2097152,2620427,0.001503,0.000001,0.000669,0.000057,0.000654,0.016504,0.000193,0.000401,0.001187,0.000269,0.021876
1,1,10,"q10_case1",1134,512,5120,2621440,2621440,1,580097,2097152,2620659,0.001483,0.000000,0.000533,0.000036,0.001240,0.017869,0.000242,0.000408,0.001202,0.000580,0.023877
1,1,10,"q10_case1",1135,512,5120,2621440,2621440,1,580609,2097152,2620426,0.002424,0.000000,0.000513,0.000038,0.001255,0.018459,0.000248,0.000399,0.001118,0.000378,0.025209
1,1,10,"q10_case1",1136,512,5120,2621440,2621440,1,581121,2097152,2620882,0.001507,0.000000,0.000646,0.000057,0.001263,0.018671,0.000271,0.000401,0.001233,0.000628,0.025074
1,1,10,"q10_case1",1137,512,5120,2621440,2621440,1,581633,2097152,2620429,0.001964,0.000000,0.000809,0.000059,0.001280,0.018360,0.000220,0.000470,0.001040,0.000378,0.024939
1,1,10,"q10_case1",1138,512,5120,2621440,2621440,1,582145,2097152,2620659,0.001515,0.000000,0.000415,0.000048,0.001243,0.022097,0.000222,0.000415,0.001471,0.000495,0.028191
1,1,10,"q10_case1",1139,512,5120,2621440,2621440,1,582657,2097152,2620424,0.002164,0.000001,0.001198,0.000064,0.001265,0.017982,0.000332,0.000410,0.001241,0.000452,0.025592
1,1,10,"q10_case1",1140,512,5120,2621440,2621440,1,583169,2097152,2620210,0.001684,0.000000,0.000477,0.000047,0.001240,0.018138,0.000223,0.000393,0.001222,0.000383,0.024138
1,1,10,"q10_case1",1141,512,5120,2621440,2621440,1,583681,2097152,2620307,0.001862,0.000000,0.000882,0.000078,0.001280,0.018979,0.000306,0.000341,0.001159,0.000436,0.025856
1,1,10,"q10_case1",1142,512,5120,2621440,2621440,1,584193,2097152,2620493,0.001931,0.000000,0.000838,0.000067,0.001273,0.018808,0.000393,0.000625,0.001232,0.000520,0.026262
1,1,10,"q10_case1",1143,512,5120,2621440,2621440,1,584705,2097152,2620405,0.001932,0.000001,0.000518,0.000043,0.001242,0.018806,0.000227,0.000263,0.001143,0.000355,0.024888
1,1,10,"q10_case1",1144,512,5120,2621440,2621440,1,585217,2097152,2620435,0.001545,0.000000,0.000817,0.000059,0.001257,0.017791,0.000279,0.000386,0.001426,0.000564,0.024551
1,1,10,"q10_case1",1145,512,5120,2621440,2621440,1,585729,2097152,2620394,0.002432,0.000001,0.000521,0.000042,0.001234,0.018486,0.000254,0.000463,0.001164,0.000380,0.025237
1,1,10,"q10_case1",1146,512,5120,2621440,2621440,1,586241,2097152,2620405,0.001594,0.000000,0.000691,0.000060,0.001258,0.017960,0.000281,0.000409,0.001048,0.000175,0.023935
1,1,10,"q10_case1",1147,512,5120,2621440,2621440,1,586753,2097152,2620856,0.001451,0.000000,0.000414,0.000025,0.000632,0.016080,0.000141,0.000253,0.000859,0.000221,0.020321
1,1,10,"q10_case1",1148,512,5120,2621440,2621440,1,587265,2097152,2620407,0.001630,0.000000,0.000400,0.000029,0.000626,0.017652,0.000160,0.000416,0.001213,0.000650,0.023073
1,1,10,"q10_case1",1149,512,5120,2621440,2621440,1,587777,2097152,2620312,0.001491,0.000000,0.000354,0.000032,0.000635,0.016092,0.000149,0.000395,0.000942,0.000526,0.020889
1,1,10,"q10_case1",1150,512,5120,2621440,2621440,1,588289,2097152,2620194,0.001575,0.000000,0.000430,0.000030,0.000671,0.017821,0.000181,0.000445,0.001072,0.000372,0.022831
1,1,10,"q10_case1",1151,512,5120,2621440,2621440,1,588801,2097152,2620257,0.001740,0.000000,0.000491,0.000034,0.000631,0.016624,0.000163,0.000392,0.001226,0.000422,0.022025
1,1,10,"q10_case1",1152,512,5120,2621440,2621440,1,589313,2097152,2620330,0.002078,0.000001,0.000446,0.000048,0.000658,0.016602,0.000167,0.000300,0.001225,0.000412,0.022310
1,1,10,"q10_case1",1153,512,5120,2621440,2621440,1,589825,2097152,2620867,0.001935,0.000000,0.000445,0.000036,0.000632,0.019522,0.000169,0.000394,0.000969,0.000430,0.024807
1,1,10,"q10_case1",1154,512,5120,2621440,2621440,1,590337,2097152,2620097,0.001891,0.000000,0.000315,0.000044,0.000628,0.020920,0.000157,0.000381,0.001207,0.000443,0.026280
1,1,10,"q10_case1",1155,512,5120,2621440,2621440,1,590849,2097152,2620454,0.001767,0.000000,0.002009,0.000073,0.000668,0.017092,0.000272,0.000268,0.000927,0.000361,0.023968
1,1,10,"q10_case1",1156,512,5120,2621440,2621440,1,591361,2097152,2620428,0.001515,0.000000,0.000639,0.000062,0.000664,0.017263,0.000220,0.000407,0.001232,0.000432,0.022831
1,1,10,"q10_case1",1157,512,5120,2621440,2621440,1,591873,2097152,2620205,0.001483,0.000000,0.000436,0.000030,0.000637,0.022722,0.000161,0.000407,0.000857,0.000282,0.027317
1,1,10,"q10_case1",1158,512,5120,2621440,2621440,1,592385,2097152,2620285,0.001492,0.000000,0.000490,0.000031,0.000630,0.016853,0.000382,0.000337,0.001126,0.000310,0.021966
1,1,10,"q10_case1",1159,512,5120,2621440,2621440,1,592897,2097152,2620557,0.001513,0.000000,0.000418,0.000055,0.000641,0.016207,0.000145,0.000411,0.000883,0.000612,0.021146
1,1,10,"q10_case1",1160,512,5120,2621440,2621440,1,593409,2097152,2620427,0.001485,0.000000,0.000559,0.000027,0.000628,0.018980,0.000168,0.000398,0.001200,0.000593,0.024310
1,1,10,"q10_case1",1161,512,5120,2621440,2621440,1,593921,2097152,2620325,0.002491,0.000000,0.001276,0.000038,0.000681,0.016980,0.000141,0.000277,0.000996,0.000337,0.023556
1,1,10,"q10_case1",1162,512,5120,2621440,2621440,1,594433,2097152,2620277,0.001766,0.000000,0.003867,0.000042,0.000632,0.016576,0.000199,0.000365,0.001071,0.000393,0.025146
1,1,10,"q10_case1",1163,512,5120,2621440,2621440,1,594945,2097152,2620186,0.001657,0.000001,0.000471,0.000049,0.000638,0.016086,0.000178,0.000370,0.001125,0.000420,0.021293
1,1,10,"q10_case1",1164,512,5120,2621440,2621440,1,595457,2097152,2620275,0.002059,0.000000,0.000418,0.000041,0.000651,0.016985,0.000171,0.000297,0.001064,0.000464,0.022488
1,1,10,"q10_case1",1165,512,5120,2621440,2621440,1,595969,2097152,2620392,0.001646,0.000000,0.000431,0.000036,0.000649,0.016870,0.000154,0.000399,0.001096,0.000443,0.022022
1,1,10,"q10_case1",1166,512,5120,2621440,2621440,1,596481,2097152,2620491,0.001720,0.000000,0.001460,0.000034,0.000636,0.016919,0.000158,0.000436,0.001244,0.000415,0.023328
1,1,10,"q10_case1",1167,512,5120,2621440,2621440,1,596993,2097152,2620516,0.001641,0.000000,0.000446,0.000049,0.000641,0.017108,0.000160,0.000447,0.001311,0.000647,0.022721
1,1,10,"q10_case1",1168,512,5120,2621440,2621440,1,597505,2097152,2620424,0.002322,0.000001,0.000809,0.000067,0.000666,0.016248,0.000229,0.000394,0.001563,0.000319,0.023121
1,1,10,"q10_case1",1169,512,5120,2621440,2621440,1,598017,2097152,2620479,0.001499,0.000000,0.003281,0.000027,0.000646,0.016246,0.000162,0.000416,0.001115,0.000561,0.024228
1,1,10,"q10_case1",1170,512,5120,2621440,2621440,1,598529,2097152,2620419,0.002363,0.000000,0.000424,0.000041,0.000639,0.018585,0.000152,0.000416,0.001183,0.000544,0.024672
1,1,10,"q10_case1",1171,512,5120,2621440,2621440,1,599041,2097152,2620231,0.001489,0.000000,0.000426,0.000077,0.000630,0.016105,0.000153,0.000401,0.001146,0.000317,0.021000
1,1,10,"q10_case1",1172,512,5120,2621440,2621440,1,599553,2097152,2620486,0.002413,0.000000,0.001315,0.000036,0.000634,0.015226,0.000170,0.000404,0.001362,0.000352,0.022187
1,1,10,"q10_case1",1173,512,5120,2621440,2621440,1,600065,2097152,2620322,0.001649,0.000001,0.000607,0.000046,0.000659,0.017771,0.000187,0.000402,0.001297,0.000662,0.023598
1,1,10,"q10_case1",1174,512,5120,2621440,2621440,1,600577,2097152,2620318,0.001861,0.000000,0.000326,0.000043,0.000633,0.017260,0.000155,0.000362,0.000889,0.000373,0.022169
1,1,10,"q10_case1",1175,512,5120,2621440,2621440,1,601089,2097152,2620373,0.002318,0.000001,0.000435,0.000041,0.000635,0.018863,0.000166,0.000276,0.001098,0.000328,0.024466
1,1,10,"q10_case1",1176,512,5120,2621440,2621440,1,601601,2097152,2620504,0.001839,0.000001,0.000395,0.000034,0.000628,0.017038,0.000149,0.000364,0.001236,0.000480,0.022444
1,1,10,"q10_case1",1177,512,5120,2621440,2621440,1,602113,2097152,2620432,0.001755,0.000000,0.000454,0.000055,0.000627,0.016620,0.000178,0.000396,0.001437,0.000433,0.022250
1,1,10,"q10_case1",1178,512,5120,2621440,2621440,1,602625,2097152,2620214,0.001538,0.000000,0.000434,0.000041,0.000632,0.016339,0.000172,0.000294,0.001056,0.000383,0.021216
1,1,10,"q10_case1",1179,512,5120,2621440,2621440,1,603137,2097152,2620214,0.001544,0.000000,0.000423,0.000044,0.000629,0.016241,0.000147,0.000268,0.000925,0.000325,0.020793
1,1,10,"q10_case1",1180,512,5120,2621440,2621440,1,603649,2097152,2620464,0.002328,0.000000,0.000482,0.000041,0.000653,0.016648,0.000175,0.000438,0.000912,0.000301,0.022279
1,1,10,"q10_case1",1181,512,5120,2621440,2621440,1,604161,2097152,2620421,0.001513,0.000000,0.000349,0.000036,0.000646,0.017642,0.000149,0.000428,0.001332,0.000482,0.022832
1,1,10,"q10_case1",1182,512,5120,2621440,2621440,1,604673,2097152,2620402,0.001480,0.000001,0.000752,0.000057,0.000703,0.016379,0.000201,0.000429,0.001071,0.000597,0.022141
1,1,10,"q10_case1",1183,512,5120,2621440,2621440,1,605185,2097152,2620390,0.001476,0.000000,0.000365,0.000025,0.000638,0.015991,0.000145,0.000324,0.000924,0.000585,0.020722
1,1,10,"q10_case1",1184,512,5120,2621440,2621440,1,605697,2097152,2620369,0.002327,0.000000,0.000587,0.000034,0.000664,0.016060,0.000164,0.000521,0.001308,0.000444,0.022436
1,1,10,"q10_case1",1185,512,5120,2621440,2621440,1,606209,2097152,2620294,0.001771,0.000000,0.000539,0.000039,0.000672,0.016427,0.000155,0.000440,0.000976,0.000359,0.021783
1,1,10,"q10_case1",1186,512,5120,2621440,2621440,1,606721,2097152,2620226,0.001825,0.000000,0.000429,0.000035,0.000633,0.016770,0.000158,0.000389,0.001201,0.000519,0.022279
1,1,10,"q10_case1",1187,512,5120,2621440,2621440,1,607233,2097152,2620141,0.001556,0.000000,0.000469,0.000038,0.000635,0.017177,0.000164,0.000748,0.001174,0.000417,0.022798
1,1,10,"q10_case1",1188,512,5120,2621440,2621440,1,607745,2097152,2620067,0.001887,0.000000,0.002304,0.000035,0.000633,0.016260,0.000175,0.000392,0.001171,0.000528,0.023709
1,1,10,"q10_case1",1189,512,5120,2621440,2621440,1,608257,2097152,2620087,0.001490,0.000000,0.000396,0.000033,0.000628,0.016085,0.000154,0.000407,0.001058,0.000415,0.020948
1,1,10,"q10_case1",1190,512,5120,2621440,2621440,1,608769,2097152,2620163,0.001745,0.000000,0.000409,0.000048,0.000627,0.016878,0.000151,0.000301,0.000966,0.000511,0.021886
1,1,10,"q10_case1",1191,512,5120,2621440,2621440,1,609281,2097152,2620215,0.001885,0.000000,0.000475,0.000037,0.000630,0.016904,0.000170,0.000400,0.001021,0.000422,0.022381
1,1,10,"q10_case1",1192,512,5120,2621440,2621440,1,609793,2097152,2620190,0.002275,0.000000,0.000742,0.000063,0.000936,0.016879,0.000221,0.000403,0.001425,0.000320,0.023660
1,1,10,"q10_case1",1193,512,5120,2621440,2621440,1,610305,2097152,2620186,0.001515,0.000000,0.000429,0.000039,0.000628,0.016575,0.000148,0.000269,0.000865,0.000373,0.021117
1,1,10,"q10_case1",1194,512,5120,2621440,2621440,1,610817,2097152,2620179,0.001479,0.000000,0.000473,0.000031,0.000633,0.016343,0.000161,0.000429,0.000847,0.000621,0.021365
1,1,10,"q10_case1",1195,512,5120,2621440,2621440,1,611329,2097152,2620227,0.001461,0.000000,0.000429,0.000028,0.000629,0.016628,0.000154,0.000394,0.000983,0.000267,0.021265
1,1,10,"q10_case1",1196,512,5120,2621440,2621440,1,611841,2097152,2620268,0.001468,0.000000,0.000365,0.000034,0.000646,0.023825,0.000170,0.000414,0.001281,0.000489,0.028961
1,1,10,"q10_case1",1197,512,5120,2621440,2621440,1,612353,2097152,2620897,0.002067,0.000001,0.000465,0.000039,0.000659,0.024966,0.000141,0.000321,0.000990,0.000424,0.030322
1,1,10,"q10_case1",1198,512,5120,2621440,2621440,1,612865,2097152,2620232,0.001683,0.000000,0.001059,0.000033,0.000632,0.016596,0.000173,0.000406,0.001079,0.000442,0.022428
1,1,10,"q10_case1",1199,512,5120,2621440,2621440,1,613377,2097152,2620235,0.001875,0.000000,0.000434,0.000043,0.000640,0.016008,0.000158,0.000373,0.001004,0.000440,0.021266
1,1,10,"q10_case1",1200,512,5120,2621440,2621440,1,613889,2097152,2620233,0.001586,0.000000,0.000387,0.000029,0.000636,0.018125,0.000174,0.000388,0.000969,0.000396,0.022950
1,1,10,"q10_case1",1201,512,5120,2621440,2621440,1,614401,2097152,2620380,0.002006,0.000000,0.000768,0.000065,0.000665,0.016928,0.000219,0.000293,0.001273,0.000451,0.023181
1,1,10,"q10_case1",1202,512,5120,2621440,2621440,1,614913,2097152,2620340,0.001645,0.000001,0.000419,0.000042,0.000633,0.017577,0.000149,0.000296,0.001479,0.000366,0.022892
1,1,10,"q10_case1",1203,512,5120,2621440,2621440,1,615425,2097152,2620362,0.001506,0.000000,0.003620,0.000058,0.000664,0.017200,0.000206,0.000408,0.001403,0.000350,0.025861
1,1,10,"q10_case1",1204,512,5120,2621440,2621440,1,615937,2097152,2620416,0.001470,0.000000,0.000404,0.000030,0.000630,0.018548,0.000149,0.000411,0.000923,0.000235,0.023022
1,1,10,"q10_case1",1205,512,5120,2621440,2621440,1,616449,2097152,2620446,0.001475,0.000000,0.000740,0.000058,0.000667,0.017857,0.000161,0.000391,0.001208,0.000647,0.023681
1,1,10,"q10_case1",1206,512,5120,2621440,2621440,1,616961,2097152,2620454,0.001542,0.000000,0.000427,0.000032,0.000641,0.019110,0.000158,0.000407,0.000894,0.000312,0.023770
1,1,10,"q10_case1",1207,512,5120,2621440,2621440,1,617473,2097152,2620448,0.001482,0.000000,0.000414,0.000046,0.000641,0.015850,0.000156,0.000400,0.000941,0.000310,0.020478
1,1,10,"q10_case1",1208,512,5120,2621440,2621440,1,617985,2097152,2620406,0.001514,0.000000,0.000457,0.000030,0.000634,0.027682,0.000151,0.000396,0.001249,0.000602,0.032976
1,1,10,"q10_case1",1209,512,5120,2621440,2621440,1,618497,2097152,2620343,0.001894,0.000000,0.000445,0.000043,0.000632,0.020068,0.000184,0.000342,0.001204,0.000395,0.025477
1,1,10,"q10_case1",1210,512,5120,2621440,2621440,1,619009,2097152,2620317,0.002315,0.000000,0.000751,0.000069,0.000661,0.016890,0.000286,0.000355,0.001376,0.000360,0.023660
1,1,10,"q10_case1",1211,512,5120,2621440,2621440,1,619521,2097152,2620459,0.001963,0.000001,0.000813,0.000071,0.000673,0.016883,0.000231,0.000402,0.001374,0.000463,0.023375
1,1,10,"q10_case1",1212,512,5120,2621440,2621440,1,620033,2097152,2620429,0.001500,0.000001,0.000482,0.000031,0.000688,0.016982,0.000146,0.000316,0.001038,0.000374,0.021857
1,1,10,"q10_case1",1213,512,5120,2621440,2621440,1,620545,2097152,2620418,0.001724,0.000000,0.000419,0.000040,0.000632,0.016029,0.000145,0.000389,0.001695,0.000394,0.021802
1,1,10,"q10_case1",1214,512,5120,2621440,2621440,1,621057,2097152,2620427,0.001574,0.000000,0.000326,0.000042,0.000632,0.025584,0.000143,0.000367,0.001068,0.000363,0.030398
1,1,10,"q10_case1",1215,512,5120,2621440,2621440,1,621569,2097152,2620141,0.001493,0.000000,0.000445,0.000033,0.000630,0.016771,0.000164,0.000547,0.001074,0.000401,0.021865
1,1,10,"q10_case1",1216,512,5120,2621440,2621440,1,622081,2097152,2620160,0.001465,0.000000,0.000376,0.000023,0.000632,0.016136,0.000157,0.000400,0.001233,0.000372,0.021133
1,1,10,"q10_case1",1217,512,5120,2621440,2621440,1,622593,2097152,2620230,0.001549,0.000000,0.002843,0.000031,0.000663,0.016841,0.000146,0.000497,0.001206,0.000601,0.024675
1,1,10,"q10_case1",1218,512,5120,2621440,2621440,1,623105,2097152,2620323,0.002714,0.000000,0.000448,0.000031,0.000631,0.016781,0.000175,0.000574,0.001175,0.000356,0.023250
1,1,10,"q10_case1",1219,512,5120,2621440,2621440,1,623617,2097152,2620392,0.001490,0.000000,0.000436,0.000044,0.000631,0.015869,0.000146,0.000401,0.001418,0.000693,0.021371
1,1,10,"q10_case1",1220,512,5120,2621440,2621440,1,624129,2097152,2620471,0.001496,0.000000,0.000623,0.000053,0.000656,0.017867,0.000384,0.000324,0.001084,0.000392,0.023355
1,1,10,"q10_case1",1221,512,5120,2621440,2621440,1,624641,2097152,2620458,0.001526,0.000000,0.000780,0.000064,0.000668,0.017192,0.000286,0.000397,0.001253,0.000403,0.023204
1,1,10,"q10_case1",1222,512,5120,2621440,2621440,1,625153,2097152,2620484,0.001657,0.000000,0.000360,0.000037,0.000629,0.017395,0.000169,0.000453,0.001064,0.000532,0.022850
1,1,10,"q10_case1",1223,512,5120,2621440,2621440,1,625665,2097152,2620505,0.002041,0.000000,0.000432,0.000051,0.000689,0.018281,0.000184,0.000282,0.000854,0.000427,0.023631
1,1,10,"q10_case1",1224,512,5120,2621440,2621440,1,626177,2097152,2620475,0.002240,0.000000,0.000791,0.000073,0.000691,0.016985,0.000227,0.000335,0.001468,0.000316,0.023577
1,1,10,"q10_case1",1225,512,5120,2621440,2621440,1,626689,2097152,2620445,0.002286,0.000000,0.000444,0.000049,0.000634,0.016461,0.000153,0.000405,0.001146,0.000411,0.022296
1,1,10,"q10_case1",1226,512,5120,2621440,2621440,1,627201,2097152,2620329,0.001948,0.000001,0.000301,0.000042,0.000633,0.016500,0.000160,0.000406,0.001326,0.000580,0.022157
1,1,10,"q10_case1",1227,512,5120,2621440,2621440,1,627713,2097152,2620262,0.001500,0.000000,0.004181,0.000059,0.000632,0.016618,0.000154,0.000392,0.000856,0.000318,0.025142
1,1,10,"q10_case1",1228,512,5120,2621440,2621440,1,628225,2097152,2620220,0.001491,0.000000,0.000625,0.000062,0.000624,0.016343,0.000203,0.000406,0.001052,0.000650,0.021971
1,1,10,"q10_case1",1229,512,5120,2621440,2621440,1,628737,2097152,2620098,0.001482,0.000000,0.004490,0.000036,0.000632,0.016803,0.000149,0.000395,0.001196,0.000620,0.026061
1,1,10,"q10_case1",1230,512,5120,2621440,2621440,1,629249,2097152,2620053,0.002394,0.000000,0.000497,0.000039,0.000638,0.015788,0.000150,0.000411,0.001059,0.000389,0.021690
1,1,10,"q10_case1",1231,512,5120,2621440,2621440,1,629761,2097152,2620002,0.001489,0.000000,0.000698,0.000091,0.000661,0.016650,0.000207,0.000407,0.001183,0.000352,0.022172
1,1,10,"q10_case1",1232,512,5120,2621440,2621440,1,630273,2097152,2620068,0.001467,0.000000,0.000443,0.000070,0.000635,0.016488,0.000160,0.000388,0.001180,0.000623,0.021708
1,1,10,"q10_case1",1233,512,5120,2621440,2621440,1,630785,2097152,2620093,0.001506,0.000000,0.000309,0.000051,0.000630,0.015999,0.000167,0.000425,0.001385,0.000411,0.021303
1,1,10,"q10_case1",1234,512,5120,2621440,2621440,1,631297,2097152,2620071,0.002251,0.000000,0.005050,0.000048,0.000636,0.016455,0.000158,0.000386,0.001203,0.000448,0.026929
1,1,10,"q10_case1",1235,512,5120,2621440,2621440,1,631809,2097152,2620072,0.001781,0.000001,0.000410,0.000057,0.000635,0.016957,0.000193,0.000322,0.001064,0.000385,0.022101
1,1,10,"q10_case1",1236,512,5120,2621440,2621440,1,632321,2097152,2620067,0.002354,0.000001,0.000796,0.000067,0.000668,0.015781,0.000291,0.000386,0.000984,0.000334,0.022172
1,1,10,"q10_case1",1237,512,5120,2621440,2621440,1,632833,2097152,2620023,0.001875,0.000001,0.001012,0.000069,0.000678,0.017975,0.000221,0.000392,0.001022,0.000401,0.024103
1,1,10,"q10_case1",1238,512,5120,2621440,2621440,1,633345,2097152,2620111,0.001483,0.000000,0.000372,0.000074,0.000664,0.016553,0.000151,0.000386,0.001437,0.000625,0.022038
1,1,10,"q10_case1",1239,512,5120,2621440,2621440,1,633857,2097152,2620432,0.001490,0.000000,0.000397,0.000028,0.000630,0.015973,0.000148,0.000408,0.000937,0.000361,0.020636
1,1,10,"q10_case1",1240,512,5120,2621440,2621440,1,634369,2097152,2620433,0.001539,0.000000,0.000357,0.000035,0.000634,0.015456,0.000192,0.000336,0.000862,0.000216,0.020042
1,1,10,"q10_case1",1241,512,5120,2621440,2621440,1,634881,2097152,2620575,0.001483,0.000001,0.000408,0.000031,0.000630,0.016040,0.000150,0.000405,0.001239,0.000629,0.021311
1,1,10,"q10_case1",1242,512,5120,2621440,2621440,1,635393,2097152,2620430,0.001483,0.000000,0.000634,0.000053,0.000657,0.024399,0.000165,0.000353,0.000948,0.000318,0.029347
1,1,10,"q10_case1",1243,512,5120,2621440,2621440,1,635905,2097152,2620207,0.001465,0.000000,0.000489,0.000029,0.000674,0.020214,0.000160,0.000430,0.001303,0.000300,0.025377
1,1,10,"q10_case1",1244,512,5120,2621440,2621440,1,636417,2097152,2620450,0.001865,0.000000,0.000445,0.000039,0.000635,0.016581,0.000168,0.000334,0.001110,0.000500,0.022069
1,1,10,"q10_case1",1245,512,5120,2621440,2621440,1,636929,2097152,2620595,0.001650,0.000000,0.002831,0.000082,0.000670,0.016789,0.000171,0.000414,0.001344,0.000552,0.024821
1,1,10,"q10_case1",1246,512,5120,2621440,2621440,1,637441,2097152,2620413,0.001710,0.000000,0.004543,0.000055,0.000635,0.017072,0.000307,0.000374,0.001211,0.000387,0.026791
1,1,10,"q10_case1",1247,512,5120,2621440,2621440,1,637953,2097152,2620080,0.002214,0.000000,0.005143,0.000078,0.000670,0.020776,0.000241,0.000305,0.001130,0.000436,0.031514
1,1,10,"q10_case1",1248,512,5120,2621440,2621440,1,638465,2097152,2620397,0.001666,0.000000,0.000746,0.000069,0.000667,0.016362,0.000215,0.000292,0.001136,0.000408,0.021965
1,1,10,"q10_case1",1249,512,5120,2621440,2621440,1,638977,2097152,2620383,0.001586,0.000000,0.000449,0.000033,0.000633,0.016285,0.000167,0.000398,0.000944,0.000361,0.021131
1,1,10,"q10_case1",1250,512,5120,2621440,2621440,1,639489,2097152,2620015,0.001582,0.000000,0.000448,0.000037,0.000633,0.017026,0.000135,0.000260,0.000863,0.000311,0.021548
1,1,10,"q10_case1",1251,512,5120,2621440,2621440,1,640001,2097152,2620241,0.002370,0.000000,0.000438,0.000045,0.000640,0.016016,0.000176,0.000615,0.001185,0.000505,0.022375
1,1,10,"q10_case1",1252,512,5120,2621440,2621440,1,640513,2097152,2620392,0.001501,0.000000,0.004062,0.000026,0.000647,0.016819,0.000147,0.000451,0.001301,0.000494,0.025711
1,1,10,"q10_case1",1253,512,5120,2621440,2621440,1,641025,2097152,2620408,0.001484,0.000000,0.000450,0.000025,0.000633,0.015345,0.000149,0.000401,0.001227,0.000388,0.020411
1,1,10,"q10_case1",1254,512,5120,2621440,2621440,1,641537,2097152,2620427,0.001603,0.000000,0.000292,0.000044,0.000690,0.015738,0.000148,0.000449,0.001074,0.000530,0.020793
1,1,10,"q10_case1",1255,512,5120,2621440,2621440,1,642049,2097152,2620012,0.001485,0.000000,0.000378,0.000045,0.000632,0.015962,0.000143,0.000339,0.001105,0.000455,0.020859
1,1,10,"q10_case1",1256,512,5120,2621440,2621440,1,642561,2097152,2620200,0.001895,0.000000,0.000436,0.000037,0.000634,0.016498,0.000141,0.000320,0.001034,0.000456,0.021724
1,1,10,"q10_case1",1257,512,5120,2621440,2621440,1,643073,2097152,2620280,0.002010,0.000000,0.000461,0.000043,0.000649,0.017291,0.000148,0.000406,0.001257,0.000474,0.023052
1,1,10,"q10_case1",1258,512,5120,2621440,2621440,1,643585,2097152,2620245,0.001514,0.000000,0.000404,0.000040,0.000633,0.029513,0.000155,0.000404,0.001148,0.000381,0.034470
1,1,10,"q10_case1",1259,512,5120,2621440,2621440,1,644097,2097152,2620265,0.001640,0.000000,0.000441,0.000040,0.000651,0.039889,0.000152,0.000398,0.001069,0.000324,0.044930
1,1,10,"q10_case1",1260,512,5120,2621440,2621440,1,644609,2097152,2620430,0.002135,0.000001,0.000768,0.000069,0.000667,0.015795,0.000198,0.000258,0.000879,0.000359,0.021617
1,1,10,"q10_case1",1261,512,5120,2621440,2621440,1,645121,2097152,2620363,0.001543,0.000000,0.000304,0.000032,0.000637,0.017041,0.000145,0.000267,0.000904,0.000386,0.021549
1,1,10,"q10_case1",1262,512,5120,2621440,2621440,1,645633,2097152,2620428,0.001597,0.000000,0.000734,0.000057,0.000664,0.017098,0.000198,0.000269,0.001678,0.000513,0.023227
1,1,10,"q10_case1",1263,512,5120,2621440,2621440,1,646145,2097152,2620018,0.001481,0.000000,0.000477,0.000028,0.000635,0.015962,0.000146,0.000386,0.001013,0.000429,0.020807
1,1,10,"q10_case1",1264,512,5120,2621440,2621440,1,646657,2097152,2620154,0.002462,0.000000,0.000461,0.000082,0.000638,0.018035,0.000146,0.000414,0.001024,0.000406,0.024026
1,1,10,"q10_case1",1265,512,5120,2621440,2621440,1,647169,2097152,2620229,0.001511,0.000000,0.000586,0.000049,0.000653,0.023974,0.000170,0.000401,0.001080,0.000278,0.028992
1,1,10,"q10_case1",1266,512,5120,2621440,2621440,1,647681,2097152,2620214,0.001578,0.000000,0.000344,0.000035,0.000636,0.015745,0.000184,0.000355,0.000923,0.000260,0.020437
1,1,10,"q10_case1",1267,512,5120,2621440,2621440,1,648193,2097152,2620118,0.001519,0.000000,0.000577,0.000047,0.000650,0.019207,0.000170,0.000460,0.001207,0.000240,0.024438
1,1,10,"q10_case1",1268,512,5120,2621440,2621440,1,648705,2097152,2620071,0.002001,0.000000,0.002318,0.000069,0.000661,0.016801,0.000183,0.000361,0.001016,0.000356,0.024181
1,1,10,"q10_case1",1269,512,5120,2621440,2621440,1,649217,2097152,2620037,0.001853,0.000000,0.000427,0.000035,0.000635,0.030772,0.000155,0.000456,0.001327,0.000473,0.036401
1,1,10,"q10_case1",1270,512,5120,2621440,2621440,1,649729,2097152,2620083,0.002285,0.000001,0.000430,0.000062,0.000648,0.016680,0.000222,0.000584,0.000873,0.000556,0.022737
1,1,10,"q10_case1",1271,512,5120,2621440,2621440,1,650241,2097152,2620163,0.001815,0.000000,0.000455,0.000068,0.000637,0.018025,0.000161,0.000313,0.000946,0.000391,0.023137
1,1,10,"q10_case1",1272,512,5120,2621440,2621440,1,650753,2097152,2620203,0.001788,0.000000,0.002135,0.000038,0.000637,0.017151,0.000146,0.000386,0.001075,0.000494,0.024141
1,1,10,"q10_case1",1273,512,5120,2621440,2621440,1,651265,2097152,2620166,0.002136,0.000001,0.000437,0.000030,0.000634,0.017515,0.000172,0.000421,0.000943,0.000384,0.022999
1,1,10,"q10_case1",1274,512,5120,2621440,2621440,1,651777,2097152,2620091,0.001486,0.000000,0.000424,0.000041,0.000673,0.016077,0.000153,0.000402,0.001176,0.000425,0.021188
1,1,10,"q10_case1",1275,512,5120,2621440,2621440,1,652289,2097152,2620049,0.002356,0.000000,0.000458,0.000044,0.000638,0.016545,0.000151,0.000404,0.001337,0.000567,0.022785
1,1,10,"q10_case1",1276,512,5120,2621440,2621440,1,652801,2097152,2620064,0.002305,0.000000,0.000471,0.000036,0.000679,0.016297,0.000141,0.000391,0.001156,0.000414,0.022242
1,1,10,"q10_case1",1277,512,5120,2621440,2621440,1,653313,2097152,2620070,0.002362,0.000000,0.000511,0.000036,0.000637,0.016504,0.000199,0.000436,0.001103,0.000321,0.022624
1,1,10,"q10_case1",1278,512,5120,2621440,2621440,1,653825,2097152,2620049,0.001481,0.000000,0.000623,0.000056,0.000713,0.020287,0.000217,0.000397,0.001268,0.000358,0.025818
1,1,10,"q10_case1",1279,512,5120,2621440,2621440,1,654337,2097152,2620128,0.001705,0.000001,0.000415,0.000053,0.000633,0.032829,0.000165,0.000570,0.001151,0.000391,0.038231
1,1,10,"q10_case1",1280,512,5120,2621440,2621440,1,654849,2097152,2620426,0.002143,0.000000,0.000351,0.000039,0.000638,0.020555,0.000184,0.000392,0.001128,0.000509,0.026231
1,1,10,"q10_case1",1281,512,5120,2621440,2621440,1,655361,2097152,2620006,0.001664,0.000001,0.000447,0.000048,0.000651,0.016318,0.000170,0.000403,0.001040,0.000467,0.021516
1,1,10,"q10_case1",1282,512,5120,2621440,2621440,1,655873,2097152,2620108,0.001998,0.000000,0.000457,0.000044,0.000650,0.021387,0.000189,0.000286,0.001212,0.000370,0.026892
1,1,10,"q10_case1",1283,512,5120,2621440,2621440,1,656385,2097152,2620355,0.001771,0.000000,0.000431,0.000048,0.000637,0.018243,0.000160,0.000390,0.001124,0.000458,0.023575
1,1,10,"q10_case1",1284,512,5120,2621440,2621440,1,656897,2097152,2620417,0.001548,0.000000,0.000402,0.000040,0.000655,0.016306,0.000153,0.000391,0.001136,0.000471,0.021384
1,1,10,"q10_case1",1285,512,5120,2621440,2621440,1,657409,2097152,2620367,0.001497,0.000000,0.000646,0.000051,0.000656,0.015992,0.000161,0.000398,0.001165,0.000436,0.021378
1,1,10,"q10_case1",1286,512,5120,2621440,2621440,1,657921,2097152,2620417,0.001477,0.000000,0.000408,0.000031,0.000637,0.020110,0.000154,0.000433,0.000996,0.000687,0.025196
1,1,10,"q10_case1",1287,512,5120,2621440,2621440,1,658433,2097152,2620008,0.002400,0.000000,0.000485,0.000033,0.000637,0.017686,0.000145,0.000396,0.000866,0.000458,0.023411
1,1,10,"q10_case1",1288,512,5120,2621440,2621440,1,658945,2097152,2620166,0.003277,0.000000,0.000357,0.000032,0.000636,0.018393,0.000148,0.000383,0.001028,0.000320,0.024865
1,1,10,"q10_case1",1289,512,5120,2621440,2621440,1,659457,2097152,2620264,0.001944,0.000001,0.000402,0.000062,0.000636,0.015988,0.000166,0.000287,0.001242,0.000364,0.021398
1,1,10,"q10_case1",1290,512,5120,2621440,2621440,1,659969,2097152,2620350,0.001950,0.000000,0.000472,0.000041,0.000633,0.016429,0.000145,0.000406,0.001042,0.000325,0.021763
1,1,10,"q10_case1",1291,512,5120,2621440,2621440,1,660481,2097152,2620426,0.002241,0.000000,0.000463,0.000044,0.000640,0.016672,0.000195,0.000561,0.000934,0.000462,0.022549
1,1,10,"q10_case1",1292,512,5120,2621440,2621440,1,660993,2097152,2620330,0.002346,0.000000,0.000445,0.000040,0.000640,0.018663,0.000160,0.000405,0.001306,0.000404,0.024702
1,1,10,"q10_case1",1293,512,5120,2621440,2621440,1,661505,2097152,2620419,0.001557,0.000000,0.000761,0.000065,0.000673,0.017418,0.000207,0.000327,0.001009,0.000435,0.022878
1,1,10,"q10_case1",1294,512,5120,2621440,2621440,1,662017,2097152,2620011,0.001797,0.000000,0.000485,0.000041,0.000636,0.016880,0.000157,0.000400,0.000915,0.000360,0.021972
1,1,10,"q10_case1",1295,512,5120,2621440,2621440,1,662529,2097152,2620115,0.001484,0.000000,0.001365,0.000035,0.000634,0.016497,0.000147,0.000388,0.001080,0.000319,0.022214
1,1,10,"q10_case1",1296,512,5120,2621440,2621440,1,663041,2097152,2620333,0.001551,0.000000,0.000499,0.000055,0.000699,0.015867,0.000196,0.000388,0.001277,0.000613,0.021519
1,1,10,"q10_case1",1297,512,5120,2621440,2621440,1,663553,2097152,2620447,0.001481,0.000000,0.000334,0.000065,0.000632,0.016149,0.000151,0.000403,0.000907,0.000378,0.020728
1,1,10,"q10_case1",1298,512,5120,2621440,2621440,1,664065,2097152,2620405,0.001476,0.000000,0.000498,0.000045,0.000654,0.022461,0.000172,0.000404,0.001316,0.000275,0.027624
1,1,10,"q10_case1",1299,512,5120,2621440,2621440,1,664577,2097152,2620383,0.001479,0.000000,0.000681,0.000061,0.000666,0.016127,0.000187,0.000389,0.001242,0.000662,0.021909
1,1,10,"q10_case1",1300,512,5120,2621440,2621440,1,665089,2097152,2620315,0.001603,0.000000,0.000644,0.000060,0.000661,0.016625,0.000206,0.000391,0.001233,0.000527,0.022311
1,1,10,"q10_case1",1301,512,5120,2621440,2621440,1,665601,2097152,2620263,0.002079,0.000001,0.000477,0.000041,0.000637,0.017549,0.000141,0.000387,0.000973,0.000397,0.022960
1,1,10,"q10_case1",1302,512,5120,2621440,2621440,1,666113,2097152,2620297,0.001568,0.000000,0.000323,0.000041,0.000661,0.016279,0.000170,0.000395,0.001280,0.000480,0.021511
1,1,10,"q10_case1",1303,512,5120,2621440,2621440,1,666625,2097152,2620272,0.002286,0.000000,0.000409,0.000046,0.000705,0.016386,0.000144,0.000282,0.000986,0.000446,0.022026
1,1,10,"q10_case1",1304,512,5120,2621440,2621440,1,667137,2097152,2620238,0.001826,0.000000,0.000808,0.000066,0.000665,0.016703,0.000228,0.000407,0.000996,0.000421,0.022754
1,1,10,"q10_case1",1305,512,5120,2621440,2621440,1,667649,2097152,2620256,0.002051,0.000001,0.000462,0.000036,0.000642,0.016640,0.000185,0.000690,0.001080,0.000399,0.022494
1,1,10,"q10_case1",1306,512,5120,2621440,2621440,1,668161,2097152,2620210,0.001527,0.000000,0.000433,0.000033,0.000635,0.016167,0.000149,0.000393,0.001320,0.000301,0.021286
1,1,10,"q10_case1",1307,512,5120,2621440,2621440,1,668673,2097152,2620316,0.001486,0.000000,0.001112,0.000059,0.000661,0.016265,0.000195,0.000404,0.001318,0.000205,0.022103
1,1,10,"q10_case1",1308,512,5120,2621440,2621440,1,669185,2097152,2620434,0.001474,0.000000,0.000405,0.000031,0.000632,0.016453,0.000153,0.000394,0.000977,0.000723,0.021588
1,1,10,"q10_case1",1309,512,5120,2621440,2621440,1,669697,2097152,2620084,0.001500,0.000000,0.000433,0.000030,0.000635,0.016076,0.000146,0.000387,0.001277,0.000594,0.021360
1,1,10,"q10_case1",1310,512,5120,2621440,2621440,1,670209,2097152,2620335,0.001509,0.000000,0.000402,0.000028,0.000638,0.017815,0.000153,0.000396,0.000949,0.000396,0.022575
1,1,10,"q10_case1",1311,512,5120,2621440,2621440,1,670721,2097152,2620171,0.001492,0.000001,0.000447,0.000034,0.000646,0.018004,0.000152,0.000485,0.001075,0.000392,0.023059
1,1,10,"q10_case1",1312,512,5120,2621440,2621440,1,671233,2097152,2620273,0.002064,0.000000,0.000459,0.000036,0.000636,0.016093,0.000139,0.000334,0.001084,0.000363,0.021560
1,1,10,"q10_case1",1313,512,5120,2621440,2621440,1,671745,2097152,2620206,0.002986,0.000000,0.000512,0.000041,0.000642,0.017026,0.000149,0.000393,0.001292,0.000439,0.023828
1,1,10,"q10_case1",1314,512,5120,2621440,2621440,1,672257,2097152,2620304,0.002129,0.000001,0.000917,0.000067,0.000668,0.016963,0.000262,0.000391,0.001191,0.000382,0.023471
1,1,10,"q10_case1",1315,512,5120,2621440,2621440,1,672769,2097152,2620425,0.001898,0.000000,0.000720,0.000066,0.000668,0.017218,0.000253,0.000340,0.000937,0.000509,0.023101
1,1,10,"q10_case1",1316,512,5120,2621440,2621440,1,673281,2097152,2620283,0.001526,0.000000,0.000631,0.000061,0.000665,0.016390,0.000197,0.000379,0.000941,0.000429,0.021681
1,1,10,"q10_case1",1317,512,5120,2621440,2621440,1,673793,2097152,2620339,0.001696,0.000000,0.003525,0.000056,0.000666,0.016415,0.000197,0.000344,0.001289,0.000366,0.024914
1,1,10,"q10_case1",1318,512,5120,2621440,2621440,1,674305,2097152,2620306,0.002173,0.000001,0.000447,0.000056,0.000653,0.016034,0.000139,0.000334,0.000888,0.000301,0.021295
1,1,10,"q10_case1",1319,512,5120,2621440,2621440,1,674817,2097152,2620267,0.001620,0.000000,0.000431,0.000043,0.000638,0.016258,0.000265,0.000311,0.001309,0.000367,0.021713
1,1,10,"q10_case1",1320,512,5120,2621440,2621440,1,675329,2097152,2620428,0.001494,0.000001,0.000712,0.000067,0.000665,0.016277,0.000199,0.000398,0.001274,0.000655,0.022167
1,1,10,"q10_case1",1321,512,5120,2621440,2621440,1,675841,2097152,2620267,0.001474,0.000000,0.000415,0.000033,0.000648,0.018535,0.000144,0.000414,0.001125,0.000680,0.023739
1,1,10,"q10_case1",1322,512,5120,2621440,2621440,1,676353,2097152,2620132,0.001472,0.000000,0.000641,0.000049,0.000661,0.016536,0.000194,0.000393,0.001250,0.000515,0.022078
1,1,10,"q10_case1",1323,512,5120,2621440,2621440,1,676865,2097152,2620401,0.002284,0.000000,0.000423,0.000051,0.000667,0.016576,0.000161,0.000470,0.001198,0.000527,0.022675
1,1,10,"q10_case1",1324,512,5120,2621440,2621440,1,677377,2097152,2620366,0.001958,0.000000,0.000411,0.000043,0.000674,0.017060,0.000155,0.000351,0.001026,0.000437,0.022418
1,1,10,"q10_case1",1325,512,5120,2621440,2621440,1,677889,2097152,2620467,0.001645,0.000000,0.000645,0.000041,0.000671,0.015812,0.000165,0.000357,0.001048,0.000417,0.021136
1,1,10,"q10_case1",1326,512,5120,2621440,2621440,1,678401,2097152,2620551,0.001564,0.000000,0.001165,0.000098,0.000645,0.016145,0.000168,0.000331,0.000989,0.000428,0.021908
1,1,10,"q10_case1",1327,512,5120,2621440,2621440,1,678913,2097152,2620532,0.001787,0.000001,0.000735,0.000059,0.000670,0.016298,0.000214,0.000413,0.001228,0.000474,0.022387
1,1,10,"q10_case1",1328,512,5120,2621440,2621440,1,679425,2097152,2620516,0.001583,0.000000,0.001038,0.000041,0.000663,0.017830,0.000160,0.000404,0.001338,0.000321,0.023679
1,1,10,"q10_case1",1329,512,5120,2621440,2621440,1,679937,2097152,2620503,0.001618,0.000000,0.000413,0.000044,0.000639,0.016274,0.000145,0.000394,0.000905,0.000460,0.021179
1,1,10,"q10_case1",1330,512,5120,2621440,2621440,1,680449,2097152,2620430,0.001493,0.000000,0.000392,0.000032,0.000636,0.016705,0.000161,0.000450,0.001222,0.000348,0.021736
1,1,10,"q10_case1",1331,512,5120,2621440,2621440,1,680961,2097152,2620084,0.002344,0.000001,0.000512,0.000037,0.000683,0.016129,0.000138,0.000390,0.001227,0.000401,0.022131
1,1,10,"q10_case1",1332,512,5120,2621440,2621440,1,681473,2097152,2620283,0.002300,0.000001,0.000514,0.000038,0.000640,0.016496,0.000138,0.000389,0.001173,0.000400,0.022422
1,1,10,"q10_case1",1333,512,5120,2621440,2621440,1,681985,2097152,2620146,0.002331,0.000000,0.000348,0.000051,0.000639,0.017024,0.000147,0.000393,0.001228,0.000441,0.022892
1,1,10,"q10_case1",1334,512,5120,2621440,2621440,1,682497,2097152,2620028,0.002041,0.000000,0.000546,0.000050,0.000636,0.015445,0.000171,0.000265,0.001037,0.000390,0.020887
1,1,10,"q10_case1",1335,512,5120,2621440,2621440,1,683009,2097152,2620222,0.001633,0.000000,0.000424,0.000034,0.000636,0.016371,0.000170,0.000374,0.001063,0.000315,0.021380
1,1,10,"q10_case1",1336,512,5120,2621440,2621440,1,683521,2097152,2620427,0.001639,0.000000,0.000425,0.000035,0.000636,0.016108,0.000221,0.000409,0.001305,0.000538,0.021649
1,1,10,"q10_case1",1337,512,5120,2621440,2621440,1,684033,2097152,2620135,0.001861,0.000001,0.000456,0.000043,0.000660,0.017015,0.000166,0.000374,0.000960,0.000397,0.022307
1,1,10,"q10_case1",1338,512,5120,2621440,2621440,1,684545,2097152,2620188,0.001983,0.000000,0.000429,0.000032,0.000633,0.024043,0.000159,0.000332,0.001064,0.000458,0.029481
1,1,10,"q10_case1",1339,512,5120,2621440,2621440,1,685057,2097152,2620257,0.001526,0.000000,0.000764,0.000100,0.000656,0.016769,0.000198,0.000387,0.001314,0.000437,0.022585
1,1,10,"q10_case1",1340,512,5120,2621440,2621440,1,685569,2097152,2620642,0.001759,0.000000,0.000414,0.000070,0.000685,0.016280,0.000136,0.000257,0.000958,0.000365,0.021177
1,1,10,"q10_case1",1341,512,5120,2621440,2621440,1,686081,2097152,2620493,0.002366,0.000001,0.001647,0.000037,0.000665,0.016302,0.000162,0.000417,0.001214,0.000505,0.023649
1,1,10,"q10_case1",1342,512,5120,2621440,2621440,1,686593,2097152,2620519,0.001493,0.000000,0.000493,0.000027,0.000633,0.015521,0.000153,0.000402,0.001209,0.000820,0.020985
1,1,10,"q10_case1",1343,512,5120,2621440,2621440,1,687105,2097152,2620438,0.002635,0.000001,0.000482,0.000031,0.000638,0.015708,0.000155,0.000404,0.001067,0.000452,0.021870
1,1,10,"q10_case1",1344,512,5120,2621440,2621440,1,687617,2097152,2620551,0.001525,0.000001,0.000425,0.000038,0.000634,0.016546,0.000191,0.000427,0.001255,0.000425,0.021810
1,1,10,"q10_case1",1345,512,5120,2621440,2621440,1,688129,2097152,2620434,0.002003,0.000001,0.000423,0.000054,0.000644,0.015456,0.000164,0.000382,0.001205,0.000416,0.021063
1,1,10,"q10_case1",1346,512,5120,2621440,2621440,1,688641,2097152,2620238,0.002014,0.000000,0.000465,0.000045,0.000641,0.017094,0.000237,0.000341,0.001066,0.000294,0.022529
1,1,10,"q10_case1",1347,512,5120,2621440,2621440,1,689153,2097152,2620522,0.001818,0.000000,0.000823,0.000064,0.000673,0.016501,0.000194,0.000379,0.001417,0.000394,0.022757
1,1,10,"q10_case1",1348,512,5120,2621440,2621440,1,689665,2097152,2620427,0.001745,0.000001,0.000405,0.000040,0.000635,0.016295,0.000155,0.000306,0.001048,0.000380,0.021303
1,1,10,"q10_case1",1349,512,5120,2621440,2621440,1,690177,2097152,2620191,0.001499,0.000000,0.000598,0.000062,0.000656,0.018632,0.000190,0.000375,0.001215,0.000474,0.024163
1,1,10,"q10_case1",1350,512,5120,2621440,2621440,1,690689,2097152,2620494,0.001500,0.000000,0.000672,0.000065,0.000662,0.015847,0.000202,0.000405,0.000905,0.000317,0.020973
1,1,10,"q10_case1",1351,512,5120,2621440,2621440,1,691201,2097152,2620431,0.001495,0.000001,0.000730,0.000058,0.000665,0.016492,0.000198,0.000481,0.001191,0.000449,0.022222
1,1,10,"q10_case1",1352,512,5120,2621440,2621440,1,691713,2097152,2620193,0.001611,0.000000,0.000406,0.000027,0.000639,0.016821,0.000148,0.000390,0.001300,0.000285,0.021839
1,1,10,"q10_case1",1353,512,5120,2621440,2621440,1,692225,2097152,2620232,0.001515,0.000000,0.000470,0.000032,0.000693,0.016521,0.000150,0.000380,0.001062,0.000593,0.021943
1,1,10,"q10_case1",1354,512,5120,2621440,2621440,1,692737,2097152,2619999,0.001824,0.000000,0.000602,0.000032,0.000692,0.016043,0.000138,0.000310,0.000933,0.000362,0.021141
1,1,10,"q10_case1",1355,512,5120,2621440,2621440,1,693249,2097152,2620082,0.001485,0.000001,0.000377,0.000064,0.000635,0.016061,0.000139,0.000382,0.001172,0.000427,0.021066
1,1,10,"q10_case1",1356,512,5120,2621440,2621440,1,693761,2097152,2620246,0.001744,0.000000,0.000384,0.000040,0.000638,0.024860,0.000157,0.000413,0.001368,0.000479,0.030354
1,1,10,"q10_case1",1357,512,5120,2621440,2621440,1,694273,2097152,2620346,0.001639,0.000000,0.000332,0.000048,0.000660,0.016181,0.000182,0.000495,0.000951,0.000414,0.021250
1,1,10,"q10_case1",1358,512,5120,2621440,2621440,1,694785,2097152,2620329,0.002112,0.000001,0.000679,0.000062,0.000659,0.017068,0.000245,0.000282,0.001017,0.000356,0.022892
1,1,10,"q10_case1",1359,512,5120,2621440,2621440,1,695297,2097152,2620339,0.001619,0.000000,0.000466,0.000037,0.000638,0.017213,0.000138,0.000293,0.000890,0.000302,0.021896
1,1,10,"q10_case1",1360,512,5120,2621440,2621440,1,695809,2097152,2620424,0.001514,0.000001,0.000466,0.000034,0.000641,0.020735,0.000171,0.000275,0.000889,0.000356,0.025385
1,1,10,"q10_case1",1361,512,5120,2621440,2621440,1,696321,2097152,2619993,0.001541,0.000001,0.000428,0.000034,0.000636,0.016290,0.000181,0.000260,0.000882,0.000337,0.020825
1,1,10,"q10_case1",1362,512,5120,2621440,2621440,1,696833,2097152,2620236,0.001493,0.000000,0.000781,0.000032,0.000638,0.017647,0.000161,0.000264,0.000904,0.000318,0.022493
1,1,10,"q10_case1",1363,512,5120,2621440,2621440,1,697345,2097152,2620426,0.001553,0.000000,0.000460,0.000039,0.000652,0.016901,0.000136,0.000305,0.000966,0.000393,0.021658
1,1,10,"q10_case1",1364,512,5120,2621440,2621440,1,697857,2097152,2620237,0.001509,0.000000,0.000416,0.000040,0.000877,0.020258,0.000150,0.000280,0.000987,0.000356,0.025124
1,1,10,"q10_case1",1365,512,5120,2621440,2621440,1,698369,2097152,2620425,0.001575,0.000000,0.000376,0.000046,0.000636,0.019947,0.000138,0.000281,0.000978,0.000379,0.024615
1,1,10,"q10_case1",1366,512,5120,2621440,2621440,1,698881,2097152,2620004,0.001549,0.000001,0.000438,0.000043,0.000642,0.020398,0.000143,0.000273,0.000853,0.000367,0.024954
1,1,10,"q10_case1",1367,512,5120,2621440,2621440,1,699393,2097152,2620043,0.001488,0.000000,0.000450,0.000037,0.000639,0.022603,0.000138,0.000273,0.000838,0.000308,0.027034
1,1,10,"q10_case1",1368,512,5120,2621440,2621440,1,699905,2097152,2620274,0.001467,0.000000,0.000386,0.000029,0.000639,0.016779,0.000151,0.000256,0.000836,0.000234,0.021094
1,1,10,"q10_case1",1369,512,5120,2621440,2621440,1,700417,2097152,2620424,0.001474,0.000000,0.000414,0.000028,0.000636,0.020807,0.000151,0.000250,0.000828,0.000328,0.025150
1,1,10,"q10_case1",1370,512,5120,2621440,2621440,1,700929,2097152,2619994,0.001486,0.000000,0.000423,0.000033,0.000678,0.015757,0.000137,0.000253,0.000825,0.000287,0.020117
1,1,10,"q10_case1",1371,512,5120,2621440,2621440,1,701441,2097152,2620050,0.001486,0.000000,0.000410,0.000031,0.000641,0.016570,0.000211,0.000259,0.000832,0.000244,0.020977
1,1,10,"q10_case1",1372,512,5120,2621440,2621440,1,701953,2097152,2620633,0.001483,0.000001,0.001281,0.000033,0.000640,0.016767,0.000133,0.000257,0.000823,0.000282,0.021981
1,1,10,"q10_case1",1373,512,5120,2621440,2621440,1,702465,2097152,2620405,0.001453,0.000000,0.000428,0.000028,0.000639,0.019007,0.000149,0.000266,0.000821,0.000273,0.023321
1,1,10,"q10_case1",1374,512,5120,2621440,2621440,1,702977,2097152,2620362,0.001502,0.000000,0.000379,0.000034,0.000639,0.016136,0.000154,0.000265,0.000927,0.000285,0.020584
1,1,10,"q10_case1",1375,512,5120,2621440,2621440,1,703489,2097152,2620421,0.001539,0.000001,0.000403,0.000035,0.000639,0.018339,0.000164,0.000276,0.000946,0.000477,0.023073
1,1,10,"q10_case1",1376,512,5120,2621440,2621440,1,704001,2097152,2619992,0.001534,0.000000,0.000456,0.000036,0.000676,0.016678,0.000136,0.000272,0.000928,0.000376,0.021381
1,1,10,"q10_case1",1377,512,5120,2621440,2621440,1,704513,2097152,2620045,0.001528,0.000000,0.000413,0.000035,0.000646,0.022889,0.000150,0.000279,0.000900,0.000401,0.027499
1,1,10,"q10_case1",1378,512,5120,2621440,2621440,1,705025,2097152,2620104,0.001498,0.000000,0.000700,0.000060,0.000668,0.016733,0.000242,0.000282,0.000805,0.000300,0.021709
1,1,10,"q10_case1",1379,512,5120,2621440,2621440,1,705537,2097152,2620335,0.001522,0.000000,0.000696,0.000057,0.000668,0.017108,0.000184,0.000257,0.000816,0.000322,0.022062
1,1,10,"q10_case1",1380,512,5120,2621440,2621440,1,706049,2097152,2620325,0.001460,0.000000,0.001612,0.000055,0.000659,0.016163,0.000154,0.000258,0.000820,0.000290,0.021788
1,1,10,"q10_case1",1381,512,5120,2621440,2621440,1,706561,2097152,2620272,0.001474,0.000000,0.000447,0.000032,0.000672,0.019576,0.000135,0.000251,0.000779,0.000278,0.023937
1,1,10,"q10_case1",1382,512,5120,2621440,2621440,1,707073,2097152,2620202,0.001468,0.000000,0.000472,0.000075,0.000639,0.015919,0.000136,0.000251,0.000812,0.000295,0.020316
1,1,10,"q10_case1",1383,512,5120,2621440,2621440,1,707585,2097152,2620171,0.001483,0.000000,0.000404,0.000029,0.000659,0.020120,0.000131,0.000256,0.000813,0.000320,0.024449
1,1,10,"q10_case1",1384,512,5120,2621440,2621440,1,708097,2097152,2620123,0.001459,0.000000,0.000360,0.000044,0.000638,0.016807,0.000136,0.000258,0.000790,0.000275,0.021037
1,1,10,"q10_case1",1385,512,5120,2621440,2621440,1,708609,2097152,2620086,0.001515,0.000000,0.000402,0.000031,0.000634,0.016749,0.000137,0.000256,0.000867,0.000354,0.021160
1,1,10,"q10_case1",1386,512,5120,2621440,2621440,1,709121,2097152,2620034,0.001482,0.000000,0.000391,0.000041,0.000639,0.016705,0.000155,0.000281,0.000869,0.000366,0.021233
1,1,10,"q10_case1",1387,512,5120,2621440,2621440,1,709633,2097152,2620019,0.001538,0.000000,0.000303,0.000067,0.000639,0.016196,0.000161,0.000266,0.000856,0.000374,0.020659
1,1,10,"q10_case1",1388,512,5120,2621440,2621440,1,710145,2097152,2620013,0.001600,0.000001,0.000425,0.000045,0.000641,0.016612,0.000251,0.000280,0.000820,0.000347,0.021524
1,1,10,"q10_case1",1389,512,5120,2621440,2621440,1,710657,2097152,2620005,0.001574,0.000001,0.000462,0.000034,0.000637,0.016520,0.000152,0.000274,0.000834,0.000379,0.021188
1,1,10,"q10_case1",1390,512,5120,2621440,2621440,1,711169,2097152,2620000,0.001517,0.000000,0.002509,0.000071,0.000674,0.016407,0.000226,0.000263,0.000871,0.000306,0.023231
1,1,10,"q10_case1",1391,512,5120,2621440,2621440,1,711681,2097152,2620232,0.001498,0.000000,0.000462,0.000033,0.000641,0.016360,0.000135,0.000262,0.000868,0.000312,0.020821
1,1,10,"q10_case1",1392,512,5120,2621440,2621440,1,712193,2097152,2620428,0.001476,0.000000,0.000414,0.000075,0.000641,0.016585,0.000140,0.000276,0.000807,0.000273,0.020931
1,1,10,"q10_case1",1393,512,5120,2621440,2621440,1,712705,2097152,2620292,0.001481,0.000001,0.000403,0.000051,0.000638,0.016536,0.000139,0.000253,0.000828,0.000275,0.020871
1,1,10,"q10_case1",1394,512,5120,2621440,2621440,1,713217,2097152,2620293,0.001481,0.000000,0.000388,0.000031,0.000645,0.016163,0.000135,0.000252,0.000803,0.000299,0.020491
1,1,10,"q10_case1",1395,512,5120,2621440,2621440,1,713729,2097152,2620197,0.001471,0.000000,0.000668,0.000031,0.000665,0.016725,0.000132,0.000251,0.000815,0.000268,0.021231
1,1,10,"q10_case1",1396,512,5120,2621440,2621440,1,714241,2097152,2620207,0.001465,0.000001,0.000412,0.000033,0.000641,0.037607,0.000134,0.000254,0.000831,0.000286,0.041886
1,1,10,"q10_case1",1397,512,5120,2621440,2621440,1,714753,2097152,2620103,0.001478,0.000000,0.000398,0.000045,0.000639,0.017008,0.000136,0.000275,0.000819,0.000356,0.021406
1,1,10,"q10_case1",1398,512,5120,2621440,2621440,1,715265,2097152,2620190,0.001578,0.000000,0.000381,0.000036,0.000645,0.016556,0.000152,0.000277,0.000937,0.000362,0.021193
1,1,10,"q10_case1",1399,512,5120,2621440,2621440,1,715777,2097152,2620294,0.001562,0.000000,0.000406,0.000038,0.000636,0.016672,0.000157,0.000307,0.000915,0.000420,0.021418
1,1,10,"q10_case1",1400,512,5120,2621440,2621440,1,716289,2097152,2620487,0.001486,0.000000,0.000450,0.000037,0.000638,0.016117,0.000142,0.000277,0.001052,0.000326,0.020782
1,1,10,"q10_case1",1401,512,5120,2621440,2621440,1,716801,2097152,2620652,0.001621,0.000000,0.000336,0.000041,0.000641,0.016521,0.000147,0.000286,0.000914,0.000337,0.021140
1,1,10,"q10_case1",1402,512,5120,2621440,2621440,1,717313,2097152,2620424,0.001533,0.000000,0.000406,0.000037,0.000637,0.016095,0.000142,0.000262,0.000859,0.000348,0.020611
1,1,10,"q10_case1",1403,512,5120,2621440,2621440,1,717825,2097152,2620122,0.001465,0.000001,0.001731,0.000036,0.000638,0.016277,0.000138,0.000252,0.000847,0.000315,0.021931
1,1,10,"q10_case1",1404,512,5120,2621440,2621440,1,718337,2097152,2620426,0.001494,0.000000,0.000396,0.000040,0.000637,0.016201,0.000153,0.000269,0.000848,0.000270,0.020534
1,1,10,"q10_case1",1405,512,5120,2621440,2621440,1,718849,2097152,2620566,0.001488,0.000000,0.002065,0.000033,0.000639,0.017719,0.000137,0.000258,0.000822,0.000259,0.023679
1,1,10,"q10_case1",1406,512,5120,2621440,2621440,1,719361,2097152,2620567,0.001476,0.000000,0.000394,0.000053,0.000638,0.016246,0.000149,0.000250,0.000821,0.000233,0.020508
1,1,10,"q10_case1",1407,512,5120,2621440,2621440,1,719873,2097152,2620518,0.001473,0.000000,0.000472,0.000034,0.000640,0.020390,0.000136,0.000249,0.000837,0.000194,0.024643
1,1,10,"q10_case1",1408,512,5120,2621440,2621440,1,720385,2097152,2620449,0.001482,0.000001,0.000437,0.000031,0.000637,0.016697,0.000135,0.000256,0.000859,0.000322,0.021151
1,1,10,"q10_case1",1409,512,5120,2621440,2621440,1,720897,2097152,2620044,0.001514,0.000001,0.000367,0.000067,0.000638,0.016335,0.000169,0.000264,0.000878,0.000331,0.020865
1,1,10,"q10_case1",1410,512,5120,2621440,2621440,1,721409,2097152,2620618,0.001542,0.000000,0.000392,0.000050,0.000646,0.019878,0.000152,0.000269,0.000914,0.000330,0.024443
1,1,10,"q10_case1",1411,512,5120,2621440,2621440,1,721921,2097152,2620423,0.001553,0.000000,0.000445,0.000046,0.000638,0.016372,0.000137,0.000265,0.001011,0.000411,0.021173
1,1,10,"q10_case1",1412,512,5120,2621440,2621440,1,722433,2097152,2619999,0.001523,0.000000,0.000407,0.000044,0.000638,0.016994,0.000166,0.000279,0.000925,0.000357,0.021610
1,1,10,"q10_case1",1413,512,5120,2621440,2621440,1,722945,2097152,2620535,0.001513,0.000000,0.000378,0.000048,0.000639,0.016914,0.000175,0.000267,0.000877,0.000354,0.021403
1,1,10,"q10_case1",1414,512,5120,2621440,2621440,1,723457,2097152,2620239,0.001478,0.000000,0.000429,0.000032,0.000639,0.015788,0.000137,0.000257,0.000853,0.000319,0.020161
1,1,10,"q10_case1",1415,512,5120,2621440,2621440,1,723969,2097152,2620253,0.001479,0.000000,0.000363,0.000043,0.000634,0.016420,0.000137,0.000258,0.000861,0.000339,0.020728
1,1,10,"q10_case1",1416,512,5120,2621440,2621440,1,724481,2097152,2620511,0.001454,0.000001,0.000462,0.000031,0.000640,0.016182,0.000132,0.000254,0.000867,0.000268,0.020545
1,1,10,"q10_case1",1417,512,5120,2621440,2621440,1,724993,2097152,2620548,0.001480,0.000001,0.000394,0.000030,0.000636,0.016765,0.000178,0.000252,0.000849,0.000311,0.021149
1,1,10,"q10_case1",1418,512,5120,2621440,2621440,1,725505,2097152,2620536,0.001462,0.000000,0.000394,0.000031,0.000642,0.016449,0.000176,0.000252,0.000836,0.000275,0.020778
1,1,10,"q10_case1",1419,512,5120,2621440,2621440,1,726017,2097152,2620570,0.001469,0.000000,0.000399,0.000029,0.000639,0.016072,0.000135,0.000249,0.000846,0.000226,0.020296
1,1,10,"q10_case1",1420,512,5120,2621440,2621440,1,726529,2097152,2620425,0.001515,0.000000,0.000420,0.000036,0.000647,0.026815,0.000195,0.000263,0.000866,0.000350,0.031435
1,1,10,"q10_case1",1421,512,5120,2621440,2621440,1,727041,2097152,2619982,0.001555,0.000000,0.000670,0.000062,0.000668,0.029416,0.000222,0.000302,0.001007,0.000393,0.034682
1,1,10,"q10_case1",1422,512,5120,2621440,2621440,1,727553,2097152,2620115,0.001552,0.000000,0.000394,0.000047,0.000694,0.015860,0.000173,0.000293,0.000951,0.000342,0.020596
1,1,10,"q10_case1",1423,512,5120,2621440,2621440,1,728065,2097152,2620120,0.001579,0.000000,0.000377,0.000033,0.000643,0.016456,0.000145,0.000265,0.000878,0.000373,0.021009
1,1,10,"q10_case1",1424,512,5120,2621440,2621440,1,728577,2097152,2620099,0.001502,0.000000,0.000380,0.000033,0.000674,0.015536,0.000188,0.000265,0.000848,0.000345,0.020055
1,1,10,"q10_case1",1425,512,5120,2621440,2621440,1,729089,2097152,2620072,0.001467,0.000000,0.001400,0.000055,0.000641,0.016767,0.000132,0.000251,0.000833,0.000252,0.022012
1,1,10,"q10_case1",1426,512,5120,2621440,2621440,1,729601,2097152,2620204,0.001468,0.000000,0.000401,0.000036,0.000641,0.016870,0.000136,0.000259,0.000796,0.000247,0.021083
1,1,10,"q10_case1",1427,512,5120,2621440,2621440,1,730113,2097152,2620301,0.001499,0.000000,0.000413,0.000049,0.000640,0.017384,0.000133,0.000329,0.000913,0.000312,0.021961
1,1,10,"q10_case1",1428,512,5120,2621440,2621440,1,730625,2097152,2620267,0.001465,0.000000,0.001882,0.000036,0.000642,0.016190,0.000134,0.000251,0.000834,0.000282,0.021955
1,1,10,"q10_case1",1429,512,5120,2621440,2621440,1,731137,2097152,2620344,0.001457,0.000000,0.002657,0.000054,0.000640,0.033034,0.000143,0.000255,0.000850,0.000279,0.039595
1,1,10,"q10_case1",1430,512,5120,2621440,2621440,1,731649,2097152,2620426,0.001473,0.000000,0.000454,0.000031,0.000637,0.016479,0.000180,0.000253,0.000853,0.000307,0.020875
1,1,10,"q10_case1",1431,512,5120,2621440,2621440,1,732161,2097152,2620268,0.001556,0.000000,0.002479,0.000037,0.000642,0.016224,0.000151,0.000286,0.000908,0.000333,0.022928
1,1,10,"q10_case1",1432,512,5120,2621440,2621440,1,732673,2097152,2620533,0.001570,0.000001,0.000376,0.000051,0.000640,0.016389,0.000194,0.000272,0.000975,0.000331,0.021114
1,1,10,"q10_case1",1433,512,5120,2621440,2621440,1,733185,2097152,2620428,0.001558,0.000000,0.002465,0.000039,0.000640,0.016042,0.000139,0.000271,0.000897,0.000372,0.022684
1,1,10,"q10_case1",1434,512,5120,2621440,2621440,1,733697,2097152,2620253,0.001551,0.000000,0.000460,0.000034,0.000640,0.016621,0.000269,0.000273,0.000897,0.000311,0.021458
1,1,10,"q10_case1",1435,512,5120,2621440,2621440,1,734209,2097152,2620420,0.001543,0.000000,0.000395,0.000040,0.000642,0.033403,0.000150,0.000259,0.000885,0.000381,0.037968
1,1,10,"q10_case1",1436,512,5120,2621440,2621440,1,734721,2097152,2620112,0.001588,0.000000,0.000578,0.000033,0.000638,0.016390,0.000254,0.000280,0.000837,0.000279,0.021157
1,1,10,"q10_case1",1437,512,5120,2621440,2621440,1,735233,2097152,2620286,0.001596,0.000000,0.000651,0.000108,0.000668,0.017029,0.000192,0.000254,0.000815,0.000276,0.021976
1,1,10,"q10_case1",1438,512,5120,2621440,2621440,1,735745,2097152,2620391,0.001469,0.000000,0.000407,0.000032,0.000646,0.016237,0.000134,0.000251,0.000812,0.000235,0.020502
1,1,10,"q10_case1",1439,512,5120,2621440,2621440,1,736257,2097152,2620296,0.001492,0.000000,0.000436,0.000033,0.000694,0.022412,0.000131,0.000253,0.000808,0.000251,0.026758
1,1,10,"q10_case1",1440,512,5120,2621440,2621440,1,736769,2097152,2620316,0.001466,0.000000,0.000441,0.000076,0.000638,0.017898,0.000175,0.000255,0.000825,0.000286,0.022278
1,1,10,"q10_case1",1441,512,5120,2621440,2621440,1,737281,2097152,2620264,0.001474,0.000000,0.000450,0.000033,0.000722,0.017267,0.000134,0.000252,0.000788,0.000316,0.021709
1,1,10,"q10_case1",1442,512,5120,2621440,2621440,1,737793,2097152,2620208,0.001524,0.000000,0.000434,0.000033,0.000641,0.017406,0.000159,0.000284,0.000879,0.000360,0.022024
1,1,10,"q10_case1",1443,512,5120,2621440,2621440,1,738305,2097152,2620235,0.001548,0.000000,0.000445,0.000033,0.000642,0.016523,0.000185,0.000280,0.000953,0.000405,0.021366
1,1,10,"q10_case1",1444,512,5120,2621440,2621440,1,738817,2097152,2620204,0.001523,0.000000,0.000452,0.000038,0.000643,0.016528,0.000173,0.000261,0.001220,0.000352,0.021442
1,1,10,"q10_case1",1445,512,5120,2621440,2621440,1,739329,2097152,2620195,0.001546,0.000000,0.000391,0.000036,0.000639,0.016652,0.000150,0.000294,0.000871,0.000514,0.021442
1,1,10,"q10_case1",1446,512,5120,2621440,2621440,1,739841,2097152,2620214,0.001499,0.000001,0.000416,0.000049,0.000646,0.016388,0.000149,0.000285,0.000822,0.000386,0.020937
1,1,10,"q10_case1",1447,512,5120,2621440,2621440,1,740353,2097152,2620203,0.001488,0.000001,0.000391,0.000049,0.000644,0.017076,0.000179,0.000266,0.000868,0.000323,0.021501
1,1,10,"q10_case1",1448,512,5120,2621440,2621440,1,740865,2097152,2620168,0.001509,0.000000,0.000375,0.000036,0.000643,0.020145,0.000135,0.000275,0.000781,0.000254,0.024387
1,1,10,"q10_case1",1449,512,5120,2621440,2621440,1,741377,2097152,2620116,0.001462,0.000000,0.000374,0.000028,0.000643,0.016148,0.000135,0.000250,0.000830,0.000277,0.020415
1,1,10,"q10_case1",1450,512,5120,2621440,2621440,1,741889,2097152,2620107,0.001458,0.000001,0.004957,0.000031,0.000657,0.016193,0.000183,0.000250,0.000783,0.000258,0.024995
1,1,10,"q10_case1",1451,512,5120,2621440,2621440,1,742401,2097152,2620169,0.001510,0.000000,0.000357,0.000044,0.000644,0.015619,0.000130,0.000255,0.000774,0.000256,0.019809
1,1,10,"q10_case1",1452,512,5120,2621440,2621440,1,742913,2097152,2620240,0.001458,0.000000,0.000387,0.000030,0.000642,0.016209,0.000136,0.000249,0.000836,0.000273,0.020475
1,1,10,"q10_case1",1453,512,5120,2621440,2621440,1,743425,2097152,2620236,0.001531,0.000000,0.000379,0.000058,0.000642,0.018132,0.000143,0.000274,0.000846,0.000372,0.022625
1,1,10,"q10_case1",1454,512,5120,2621440,2621440,1,743937,2097152,2620187,0.001730,0.000000,0.000681,0.000067,0.000672,0.016998,0.000210,0.000269,0.000841,0.000380,0.022263
1,1,10,"q10_case1",1455,512,5120,2621440,2621440,1,744449,2097152,2620142,0.001568,0.000001,0.000385,0.000039,0.000641,0.016256,0.000211,0.000292,0.000997,0.000380,0.021075
1,1,10,"q10_case1",1456,512,5120,2621440,2621440,1,744961,2097152,2620137,0.001582,0.000000,0.000453,0.000041,0.000648,0.016499,0.000147,0.000274,0.000833,0.000332,0.021163
1,1,10,"q10_case1",1457,512,5120,2621440,2621440,1,745473,2097152,2620121,0.001512,0.000001,0.000459,0.000047,0.000647,0.016161,0.000139,0.000276,0.000895,0.000340,0.020723
1,1,10,"q10_case1",1458,512,5120,2621440,2621440,1,745985,2097152,2620368,0.001486,0.000000,0.000388,0.000034,0.000662,0.016023,0.000135,0.000257,0.000869,0.000203,0.020281
1,1,10,"q10_case1",1459,512,5120,2621440,2621440,1,746497,2097152,2620442,0.001478,0.000000,0.000462,0.000034,0.000644,0.015663,0.000137,0.000255,0.000864,0.000224,0.020024
1,1,10,"q10_case1",1460,512,5120,2621440,2621440,1,747009,2097152,2620396,0.001488,0.000000,0.000389,0.000050,0.000643,0.042667,0.000132,0.000253,0.000822,0.000227,0.046901
1,1,10,"q10_case1",1461,512,5120,2621440,2621440,1,747521,2097152,2620456,0.001480,0.000000,0.000395,0.000042,0.000695,0.016033,0.000134,0.000250,0.000855,0.000249,0.020383
1,1,10,"q10_case1",1462,512,5120,2621440,2621440,1,748033,2097152,2620403,0.001489,0.000000,0.000414,0.000035,0.000641,0.016409,0.000214,0.000272,0.000821,0.000236,0.020866
1,1,10,"q10_case1",1463,512,5120,2621440,2621440,1,748545,2097152,2620450,0.001551,0.000000,0.000399,0.000039,0.000647,0.016042,0.000149,0.000280,0.000853,0.000247,0.020419
1,1,10,"q10_case1",1464,512,5120,2621440,2621440,1,749057,2097152,2620156,0.001515,0.000001,0.000481,0.000042,0.000644,0.017137,0.000195,0.000268,0.000912,0.000373,0.021840
1,1,10,"q10_case1",1465,512,5120,2621440,2621440,1,749569,2097152,2619970,0.001546,0.000000,0.000643,0.000065,0.000667,0.016664,0.000205,0.000284,0.000912,0.000344,0.021820
1,1,10,"q10_case1",1466,512,5120,2621440,2621440,1,750081,2097152,2620546,0.001574,0.000000,0.000385,0.000037,0.000643,0.031076,0.000136,0.000268,0.001031,0.000356,0.035756
1,1,10,"q10_case1",1467,512,5120,2621440,2621440,1,750593,2097152,2620425,0.001498,0.000000,0.000443,0.000038,0.000645,0.017934,0.000160,0.000417,0.000869,0.000348,0.022671
1,1,10,"q10_case1",1468,512,5120,2621440,2621440,1,751105,2097152,2620431,0.001516,0.000000,0.000458,0.000032,0.000643,0.016810,0.000136,0.000255,0.000887,0.000287,0.021263
1,1,10,"q10_case1",1469,512,5120,2621440,2621440,1,751617,2097152,2620427,0.001490,0.000000,0.000425,0.000052,0.000649,0.016998,0.000131,0.000253,0.000860,0.000248,0.021323
1,1,10,"q10_case1",1470,512,5120,2621440,2621440,1,752129,2097152,2620131,0.001503,0.000000,0.000389,0.000034,0.000641,0.016333,0.000150,0.000287,0.000926,0.000260,0.020817
1,1,10,"q10_case1",1471,512,5120,2621440,2621440,1,752641,2097152,2620423,0.001512,0.000001,0.000647,0.000060,0.000712,0.016367,0.000144,0.000257,0.000860,0.000329,0.021236
1,1,10,"q10_case1",1472,512,5120,2621440,2621440,1,753153,2097152,2620070,0.001503,0.000001,0.000441,0.000039,0.000646,0.016318,0.000147,0.000269,0.000851,0.000220,0.020685
1,1,10,"q10_case1",1473,512,5120,2621440,2621440,1,753665,2097152,2620436,0.001498,0.000000,0.000390,0.000050,0.000643,0.016503,0.000146,0.000275,0.000845,0.000371,0.021006
1,1,10,"q10_case1",1474,512,5120,2621440,2621440,1,754177,2097152,2619975,0.001515,0.000000,0.000403,0.000049,0.000645,0.017139,0.000231,0.000265,0.000873,0.000309,0.021687
1,1,10,"q10_case1",1475,512,5120,2621440,2621440,1,754689,2097152,2620605,0.001552,0.000000,0.000412,0.000036,0.000693,0.016279,0.000137,0.000266,0.000867,0.000363,0.020923
1,1,10,"q10_case1",1476,512,5120,2621440,2621440,1,755201,2097152,2620369,0.001570,0.000001,0.000339,0.000053,0.000642,0.016593,0.000176,0.000265,0.001021,0.000287,0.021219
1,1,10,"q10_case1",1477,512,5120,2621440,2621440,1,755713,2097152,2620287,0.001530,0.000000,0.000411,0.000049,0.000648,0.015724,0.000147,0.000269,0.001050,0.000398,0.020510
1,1,10,"q10_case1",1478,512,5120,2621440,2621440,1,756225,2097152,2620080,0.001513,0.000000,0.000413,0.000048,0.000641,0.016284,0.000221,0.000299,0.000870,0.000261,0.020867
1,1,10,"q10_case1",1479,512,5120,2621440,2621440,1,756737,2097152,2620437,0.001656,0.000000,0.000666,0.000042,0.000655,0.017127,0.000183,0.000254,0.000863,0.000358,0.022143
1,1,10,"q10_case1",1480,512,5120,2621440,2621440,1,757249,2097152,2619970,0.001587,0.000001,0.000673,0.000061,0.000666,0.016277,0.000209,0.000253,0.000878,0.000278,0.021247
1,1,10,"q10_case1",1481,512,5120,2621440,2621440,1,757761,2097152,2620344,0.001481,0.000000,0.000367,0.000037,0.000646,0.016951,0.000135,0.000298,0.000856,0.000272,0.021296
1,1,10,"q10_case1",1482,512,5120,2621440,2621440,1,758273,2097152,2620426,0.001479,0.000000,0.000376,0.000043,0.000707,0.036921,0.000135,0.000255,0.000835,0.000261,0.041238
1,1,10,"q10_case1",1483,512,5120,2621440,2621440,1,758785,2097152,2620121,0.001479,0.000000,0.000399,0.000034,0.000645,0.016197,0.000140,0.000275,0.000833,0.000200,0.020472
1,1,10,"q10_case1",1484,512,5120,2621440,2621440,1,759297,2097152,2620412,0.001467,0.000000,0.000464,0.000032,0.000645,0.016190,0.000134,0.000257,0.000851,0.000325,0.020606
1,1,10,"q10_case1",1485,512,5120,2621440,2621440,1,759809,2097152,2619940,0.001531,0.000000,0.000466,0.000036,0.000646,0.015577,0.000139,0.000278,0.001080,0.000401,0.020405
1,1,10,"q10_case1",1486,512,5120,2621440,2621440,1,760321,2097152,2620100,0.001575,0.000000,0.000400,0.000059,0.000643,0.017105,0.000200,0.000271,0.001073,0.000316,0.021935
1,1,10,"q10_case1",1487,512,5120,2621440,2621440,1,760833,2097152,2620414,0.001523,0.000000,0.000405,0.000039,0.000645,0.025543,0.000162,0.000265,0.000917,0.000405,0.030156
1,1,10,"q10_case1",1488,512,5120,2621440,2621440,1,761345,2097152,2619945,0.001527,0.000000,0.000409,0.000035,0.000658,0.044844,0.000143,0.000263,0.000868,0.000364,0.049363
1,1,10,"q10_case1",1489,512,5120,2621440,2621440,1,761857,2097152,2620105,0.001517,0.000000,0.000431,0.000066,0.000646,0.016080,0.000133,0.000261,0.001069,0.000305,0.020742
1,1,10,"q10_case1",1490,512,5120,2621440,2621440,1,762369,2097152,2620419,0.001489,0.000000,0.000632,0.000045,0.000695,0.015768,0.000135,0.000255,0.000845,0.000264,0.020371
1,1,10,"q10_case1",1491,512,5120,2621440,2621440,1,762881,2097152,2619936,0.001533,0.000000,0.004962,0.000074,0.000648,0.015326,0.000160,0.000249,0.000824,0.000259,0.024233
1,1,10,"q10_case1",1492,512,5120,2621440,2621440,1,763393,2097152,2619978,0.001496,0.000000,0.003183,0.000033,0.000672,0.019303,0.000187,0.000277,0.000837,0.000251,0.026493
1,1,10,"q10_case1",1493,512,5120,2621440,2621440,1,763905,2097152,2620235,0.001514,0.000000,0.000585,0.000063,0.000671,0.030096,0.000221,0.000258,0.000814,0.000290,0.034825
1,1,10,"q10_case1",1494,512,5120,2621440,2621440,1,764417,2097152,2620176,0.001495,0.000000,0.000421,0.000034,0.000644,0.015816,0.000135,0.000255,0.000801,0.000270,0.020101
1,1,10,"q10_case1",1495,512,5120,2621440,2621440,1,764929,2097152,2620292,0.001518,0.000001,0.000374,0.000036,0.000649,0.017156,0.000152,0.000365,0.000842,0.000423,0.021810
1,1,10,"q10_case1",1496,512,5120,2621440,2621440,1,765441,2097152,2620274,0.001564,0.000000,0.000411,0.000042,0.000649,0.016133,0.000144,0.000265,0.000955,0.000340,0.020775
1,1,10,"q10_case1",1497,512,5120,2621440,2621440,1,765953,2097152,2620263,0.001551,0.000000,0.002133,0.000045,0.000645,0.015808,0.000137,0.000266,0.000933,0.000382,0.022133
1,1,10,"q10_case1",1498,512,5120,2621440,2621440,1,766465,2097152,2620266,0.001560,0.000000,0.000332,0.000060,0.000645,0.017076,0.000146,0.000261,0.000867,0.000347,0.021553
1,1,10,"q10_case1",1499,512,5120,2621440,2621440,1,766977,2097152,2620225,0.001590,0.000001,0.000402,0.000038,0.000652,0.016048,0.000170,0.000264,0.000846,0.000347,0.020621
1,1,10,"q10_case1",1500,512,5120,2621440,2621440,1,767489,2097152,2620234,0.001524,0.000000,0.000513,0.000053,0.000649,0.016365,0.000160,0.000271,0.000818,0.000312,0.020917
1,1,10,"q10_case1",1501,512,5120,2621440,2621440,1,768001,2097152,2620245,0.001471,0.000001,0.000408,0.000033,0.000646,0.016011,0.000135,0.000249,0.000796,0.000275,0.020199
1,1,10,"q10_case1",1502,512,5120,2621440,2621440,1,768513,2097152,2620316,0.001498,0.000000,0.000327,0.000036,0.000644,0.016568,0.000145,0.000255,0.000926,0.000255,0.020854
1,1,10,"q10_case1",1503,512,5120,2621440,2621440,1,769025,2097152,2620390,0.001481,0.000000,0.000421,0.000042,0.000645,0.016844,0.000152,0.000274,0.000837,0.000310,0.021267
1,1,10,"q10_case1",1504,512,5120,2621440,2621440,1,769537,2097152,2619797,0.001470,0.000000,0.000674,0.000066,0.000683,0.016461,0.000202,0.000254,0.000807,0.000239,0.021212
1,1,10,"q10_case1",1505,512,5120,2621440,2621440,1,770049,2097152,2619907,0.001474,0.000001,0.000394,0.000076,0.000645,0.015951,0.000135,0.000259,0.000806,0.000253,0.020222
1,1,10,"q10_case1",1506,512,5120,2621440,2621440,1,770561,2097152,2620013,0.001511,0.000001,0.000400,0.000033,0.000682,0.016935,0.000135,0.000290,0.000861,0.000349,0.021450
1,1,10,"q10_case1",1507,512,5120,2621440,2621440,1,771073,2097152,2620230,0.001587,0.000000,0.000385,0.000047,0.000676,0.015954,0.000194,0.000271,0.000882,0.000402,0.020646
1,1,10,"q10_case1",1508,512,5120,2621440,2621440,1,771585,2097152,2620260,0.001559,0.000000,0.000435,0.000031,0.000646,0.016944,0.000140,0.000268,0.000871,0.000321,0.021511
1,1,10,"q10_case1",1509,512,5120,2621440,2621440,1,772097,2097152,2620271,0.001549,0.000001,0.000394,0.000069,0.000647,0.016305,0.000137,0.000273,0.000832,0.000379,0.020865
1,1,10,"q10_case1",1510,512,5120,2621440,2621440,1,772609,2097152,2620260,0.001496,0.000000,0.002618,0.000072,0.000677,0.017255,0.000205,0.000259,0.000865,0.000305,0.024137
1,1,10,"q10_case1",1511,512,5120,2621440,2621440,1,773121,2097152,2620451,0.001519,0.000001,0.000413,0.000035,0.000684,0.016184,0.000147,0.000255,0.000859,0.000296,0.020637
1,1,10,"q10_case1",1512,512,5120,2621440,2621440,1,773633,2097152,2620449,0.001472,0.000001,0.000479,0.000060,0.000648,0.038889,0.000150,0.000251,0.000827,0.000269,0.043313
1,1,10,"q10_case1",1513,512,5120,2621440,2621440,1,774145,2097152,2620292,0.001456,0.000000,0.000384,0.000032,0.000689,0.017169,0.000131,0.000249,0.000858,0.000193,0.021473
1,1,10,"q10_case1",1514,512,5120,2621440,2621440,1,774657,2097152,2620449,0.001456,0.000000,0.000352,0.000033,0.000647,0.015865,0.000138,0.000248,0.000884,0.000229,0.020082
1,1,10,"q10_case1",1515,512,5120,2621440,2621440,1,775169,2097152,2620293,0.001469,0.000000,0.000420,0.000033,0.000647,0.031399,0.000149,0.000401,0.000868,0.000320,0.035960
1,1,10,"q10_case1",1516,512,5120,2621440,2621440,1,775681,2097152,2620175,0.001458,0.000000,0.000331,0.000033,0.000645,0.019021,0.000157,0.000262,0.000875,0.000316,0.023348
1,1,10,"q10_case1",1517,512,5120,2621440,2621440,1,776193,2097152,2620355,0.001534,0.000000,0.000419,0.000061,0.000688,0.016322,0.000177,0.000266,0.000973,0.000326,0.021007
1,1,10,"q10_case1",1518,512,5120,2621440,2621440,1,776705,2097152,2620445,0.001583,0.000000,0.000426,0.000037,0.000648,0.016594,0.000139,0.000267,0.001354,0.000392,0.021718
1,1,10,"q10_case1",1519,512,5120,2621440,2621440,1,777217,2097152,2620232,0.001596,0.000000,0.000435,0.000059,0.000655,0.016390,0.000154,0.000288,0.000925,0.000398,0.021185
1,1,10,"q10_case1",1520,512,5120,2621440,2621440,1,777729,2097152,2620359,0.001540,0.000000,0.000539,0.000035,0.000651,0.016328,0.000147,0.000260,0.000892,0.000262,0.020927
1,1,10,"q10_case1",1521,512,5120,2621440,2621440,1,778241,2097152,2620448,0.001550,0.000000,0.000426,0.000032,0.000648,0.015906,0.000136,0.000295,0.000893,0.000342,0.020521
1,1,10,"q10_case1",1522,512,5120,2621440,2621440,1,778753,2097152,2620107,0.001483,0.000000,0.000406,0.000033,0.000646,0.016245,0.000136,0.000251,0.000828,0.000184,0.020437
1,1,10,"q10_case1",1523,512,5120,2621440,2621440,1,779265,2097152,2620444,0.001493,0.000000,0.000433,0.000033,0.000648,0.015606,0.000137,0.000256,0.000849,0.000314,0.020165
1,1,10,"q10_case1",1524,512,5120,2621440,2621440,1,779777,2097152,2620056,0.001463,0.000000,0.000428,0.000032,0.000699,0.016150,0.000131,0.000250,0.000813,0.000236,0.020476
1,1,10,"q10_case1",1525,512,5120,2621440,2621440,1,780289,2097152,2620227,0.001525,0.000001,0.000310,0.000057,0.000651,0.019866,0.000140,0.000257,0.000855,0.000233,0.024109
1,1,10,"q10_case1",1526,512,5120,2621440,2621440,1,780801,2097152,2620419,0.001475,0.000001,0.000433,0.000035,0.000647,0.043005,0.000137,0.000263,0.000836,0.000320,0.047405
1,1,10,"q10_case1",1527,512,5120,2621440,2621440,1,781313,2097152,2619995,0.001512,0.000000,0.000420,0.000036,0.000644,0.016801,0.000143,0.000270,0.000878,0.000406,0.021356
1,1,10,"q10_case1",1528,512,5120,2621440,2621440,1,781825,2097152,2620104,0.001571,0.000000,0.000419,0.000033,0.000649,0.016513,0.000177,0.000269,0.000925,0.000467,0.021336
1,1,10,"q10_case1",1529,512,5120,2621440,2621440,1,782337,2097152,2620302,0.001567,0.000000,0.000491,0.000038,0.000646,0.017221,0.000182,0.000263,0.000898,0.000372,0.021932
1,1,10,"q10_case1",1530,512,5120,2621440,2621440,1,782849,2097152,2620258,0.001571,0.000000,0.000380,0.000042,0.000653,0.017198,0.000146,0.000282,0.001004,0.000399,0.022027
1,1,10,"q10_case1",1531,512,5120,2621440,2621440,1,783361,2097152,2620262,0.001553,0.000000,0.003332,0.000034,0.000652,0.016129,0.000148,0.000271,0.000873,0.000355,0.023635
1,1,10,"q10_case1",1532,512,5120,2621440,2621440,1,783873,2097152,2620218,0.001485,0.000000,0.002456,0.000051,0.000653,0.016630,0.000167,0.000255,0.000851,0.000281,0.023053
1,1,10,"q10_case1",1533,512,5120,2621440,2621440,1,784385,2097152,2620403,0.001484,0.000000,0.000413,0.000041,0.000648,0.016159,0.000137,0.000250,0.000849,0.000272,0.020485
1,1,10,"q10_case1",1534,512,5120,2621440,2621440,1,784897,2097152,2620444,0.001459,0.000000,0.002843,0.000033,0.000651,0.020671,0.000185,0.000251,0.000874,0.000230,0.027461
1,1,10,"q10_case1",1535,512,5120,2621440,2621440,1,785409,2097152,2620368,0.001471,0.000001,0.000372,0.000047,0.000650,0.015521,0.000137,0.000253,0.000858,0.000317,0.019812
1,1,10,"q10_case1",1536,512,5120,2621440,2621440,1,785921,2097152,2620243,0.001471,0.000000,0.000445,0.000031,0.000649,0.017355,0.000140,0.000269,0.000826,0.000229,0.021713
1,1,10,"q10_case1",1537,512,5120,2621440,2621440,1,786433,2097152,2620439,0.001464,0.000000,0.000388,0.000073,0.000653,0.017285,0.000134,0.000251,0.000899,0.000298,0.021672
1,1,10,"q10_case1",1538,512,5120,2621440,2621440,1,786945,2097152,2620123,0.001526,0.000000,0.000379,0.000037,0.000650,0.015577,0.000181,0.000296,0.000936,0.000340,0.020226
1,1,10,"q10_case1",1539,512,5120,2621440,2621440,1,787457,2097152,2620370,0.001577,0.000000,0.000406,0.000035,0.000647,0.016669,0.000138,0.000276,0.000922,0.000327,0.021248
1,1,10,"q10_case1",1540,512,5120,2621440,2621440,1,787969,2097152,2620432,0.001552,0.000000,0.003458,0.000051,0.000687,0.016741,0.000165,0.000261,0.000886,0.000338,0.024418
1,1,10,"q10_case1",1541,512,5120,2621440,2621440,1,788481,2097152,2620420,0.001544,0.000000,0.000306,0.000057,0.000648,0.015981,0.000137,0.000256,0.000888,0.000284,0.020305
1,1,10,"q10_case1",1542,512,5120,2621440,2621440,1,788993,2097152,2620387,0.001508,0.000001,0.000371,0.000040,0.000649,0.016277,0.000136,0.000256,0.000858,0.000302,0.020623
1,1,10,"q10_case1",1543,512,5120,2621440,2621440,1,789505,2097152,2620409,0.001502,0.000001,0.000400,0.000053,0.000669,0.015942,0.000139,0.000265,0.000849,0.000242,0.020277
1,1,10,"q10_case1",1544,512,5120,2621440,2621440,1,790017,2097152,2620409,0.001476,0.000000,0.000393,0.000035,0.000697,0.017063,0.000137,0.000265,0.000851,0.000282,0.021468
1,1,10,"q10_case1",1545,512,5120,2621440,2621440,1,790529,2097152,2620096,0.001570,0.000000,0.000427,0.000038,0.000650,0.017158,0.000137,0.000257,0.000886,0.000263,0.021679
1,1,10,"q10_case1",1546,512,5120,2621440,2621440,1,791041,2097152,2620373,0.001466,0.000000,0.002439,0.000033,0.000653,0.017892,0.000137,0.000266,0.000826,0.000267,0.024232
1,1,10,"q10_case1",1547,512,5120,2621440,2621440,1,791553,2097152,2620263,0.001463,0.000001,0.000443,0.000033,0.000654,0.016996,0.000181,0.000263,0.000817,0.000248,0.021330
1,1,10,"q10_case1",1548,512,5120,2621440,2621440,1,792065,2097152,2620552,0.001538,0.000000,0.000442,0.000040,0.000648,0.017200,0.000146,0.000257,0.000865,0.000317,0.021742
1,1,10,"q10_case1",1549,512,5120,2621440,2621440,1,792577,2097152,2620361,0.001552,0.000000,0.000382,0.000035,0.000652,0.016379,0.000154,0.000275,0.000929,0.000413,0.021030
1,1,10,"q10_case1",1550,512,5120,2621440,2621440,1,793089,2097152,2620197,0.001569,0.000000,0.000430,0.000035,0.000712,0.019368,0.000160,0.000273,0.000948,0.000380,0.024175
1,1,10,"q10_case1",1551,512,5120,2621440,2621440,1,793601,2097152,2620132,0.001674,0.000000,0.000499,0.000037,0.000692,0.018431,0.000170,0.000333,0.000896,0.000336,0.023408
1,1,10,"q10_case1",1552,512,5120,2621440,2621440,1,794113,2097152,2620454,0.001551,0.000000,0.000424,0.000038,0.000647,0.022496,0.000137,0.000258,0.000879,0.000358,0.027016
1,1,10,"q10_case1",1553,512,5120,2621440,2621440,1,794625,2097152,2620183,0.001510,0.000000,0.000399,0.000051,0.000647,0.016351,0.000138,0.000257,0.000915,0.000328,0.020863
1,1,10,"q10_case1",1554,512,5120,2621440,2621440,1,795137,2097152,2620073,0.001483,0.000000,0.000390,0.000077,0.000692,0.016777,0.000132,0.000253,0.000845,0.000243,0.021133
1,1,10,"q10_case1",1555,512,5120,2621440,2621440,1,795649,2097152,2620154,0.001470,0.000000,0.000396,0.000072,0.000651,0.016651,0.000133,0.000249,0.000803,0.000315,0.020982
1,1,10,"q10_case1",1556,512,5120,2621440,2621440,1,796161,2097152,2620324,0.001472,0.000000,0.000368,0.000074,0.000666,0.016516,0.000184,0.000255,0.000818,0.000253,0.020892
1,1,10,"q10_case1",1557,512,5120,2621440,2621440,1,796673,2097152,2620456,0.001465,0.000001,0.000425,0.000036,0.000651,0.016057,0.000140,0.000267,0.000873,0.000394,0.020570
1,1,10,"q10_case1",1558,512,5120,2621440,2621440,1,797185,2097152,2620012,0.001446,0.000001,0.002098,0.000044,0.000650,0.015873,0.000140,0.000258,0.000858,0.000295,0.021904
1,1,10,"q10_case1",1559,512,5120,2621440,2621440,1,797697,2097152,2620169,0.001533,0.000000,0.000427,0.000036,0.000650,0.016848,0.000146,0.000264,0.000906,0.000315,0.021393
1,1,10,"q10_case1",1560,512,5120,2621440,2621440,1,798209,2097152,2620432,0.001553,0.000000,0.002797,0.000049,0.000651,0.017257,0.000173,0.000578,0.000959,0.000378,0.024705
1,1,10,"q10_case1",1561,512,5120,2621440,2621440,1,798721,2097152,2620085,0.001549,0.000001,0.000434,0.000036,0.000650,0.016379,0.000151,0.000267,0.001059,0.000298,0.021153
1,1,10,"q10_case1",1562,512,5120,2621440,2621440,1,799233,2097152,2620411,0.001592,0.000000,0.000425,0.000041,0.000653,0.016533,0.000161,0.000277,0.000865,0.000314,0.021141
1,1,10,"q10_case1",1563,512,5120,2621440,2621440,1,799745,2097152,2620180,0.001543,0.000000,0.000393,0.000041,0.000652,0.020001,0.000132,0.000255,0.000882,0.000361,0.024497
1,1,10,"q10_case1",1564,512,5120,2621440,2621440,1,800257,2097152,2620008,0.001481,0.000001,0.001342,0.000035,0.000651,0.016796,0.000176,0.000251,0.000850,0.000240,0.022042
1,1,10,"q10_case1",1565,512,5120,2621440,2621440,1,800769,2097152,2619965,0.001449,0.000000,0.000412,0.000033,0.000654,0.016379,0.000135,0.000249,0.000824,0.000223,0.020625
1,1,10,"q10_case1",1566,512,5120,2621440,2621440,1,801281,2097152,2620374,0.001480,0.000001,0.000334,0.000037,0.000651,0.017073,0.000135,0.000253,0.000853,0.000296,0.021352
1,1,10,"q10_case1",1567,512,5120,2621440,2621440,1,801793,2097152,2620135,0.001475,0.000000,0.000445,0.000031,0.000653,0.016670,0.000139,0.000267,0.000809,0.000230,0.020974
1,1,10,"q10_case1",1568,512,5120,2621440,2621440,1,802305,2097152,2620351,0.001456,0.000000,0.000432,0.000072,0.000651,0.015997,0.000135,0.000281,0.000864,0.000292,0.020461
1,1,10,"q10_case1",1569,512,5120,2621440,2621440,1,802817,2097152,2620028,0.001539,0.000000,0.000392,0.000051,0.000653,0.016259,0.000141,0.000258,0.000874,0.000353,0.020821
1,1,10,"q10_case1",1570,512,5120,2621440,2621440,1,803329,2097152,2620038,0.001556,0.000000,0.000410,0.000064,0.000654,0.016180,0.000171,0.000279,0.000891,0.000322,0.020804
1,1,10,"q10_case1",1571,512,5120,2621440,2621440,1,803841,2097152,2620158,0.001556,0.000000,0.000401,0.000048,0.000653,0.016515,0.000151,0.000266,0.000896,0.000392,0.021180
1,1,10,"q10_case1",1572,512,5120,2621440,2621440,1,804353,2097152,2619975,0.001540,0.000000,0.000417,0.000038,0.000654,0.023568,0.000161,0.000281,0.000891,0.000357,0.028179
1,1,10,"q10_case1",1573,512,5120,2621440,2621440,1,804865,2097152,2620046,0.001540,0.000000,0.000433,0.000041,0.000654,0.016110,0.000153,0.000302,0.000842,0.000340,0.020702
1,1,10,"q10_case1",1574,512,5120,2621440,2621440,1,805377,2097152,2620012,0.001556,0.000000,0.000420,0.000043,0.000656,0.016316,0.000139,0.000284,0.000820,0.000220,0.020715
1,1,10,"q10_case1",1575,512,5120,2621440,2621440,1,805889,2097152,2620215,0.001490,0.000001,0.000392,0.000034,0.000654,0.016536,0.000137,0.000258,0.000870,0.000260,0.020876
1,1,10,"q10_case1",1576,512,5120,2621440,2621440,1,806401,2097152,2620032,0.001473,0.000000,0.005653,0.000052,0.000655,0.018055,0.000156,0.000256,0.000914,0.000269,0.027687
1,1,10,"q10_case1",1577,512,5120,2621440,2621440,1,806913,2097152,2620006,0.001480,0.000000,0.000429,0.000041,0.000651,0.028863,0.000171,0.000278,0.000866,0.000269,0.033307
1,1,10,"q10_case1",1578,512,5120,2621440,2621440,1,807425,2097152,2620414,0.001619,0.000000,0.000711,0.000066,0.000653,0.016475,0.000151,0.000256,0.000837,0.000297,0.021471
1,1,10,"q10_case1",1579,512,5120,2621440,2621440,1,807937,2097152,2620509,0.001506,0.000000,0.004787,0.000034,0.000694,0.015777,0.000145,0.000258,0.000852,0.000331,0.024676
1,1,10,"q10_case1",1580,512,5120,2621440,2621440,1,808449,2097152,2620339,0.001572,0.000000,0.000371,0.000036,0.000708,0.016129,0.000159,0.000279,0.000907,0.000356,0.020800
1,1,10,"q10_case1",1581,512,5120,2621440,2621440,1,808961,2097152,2620365,0.001583,0.000001,0.000414,0.000038,0.000656,0.016387,0.000211,0.000305,0.000866,0.000364,0.021104
1,1,10,"q10_case1",1582,512,5120,2621440,2621440,1,809473,2097152,2620379,0.001594,0.000001,0.000431,0.000043,0.000658,0.016985,0.000175,0.000343,0.000876,0.000368,0.021935
1,1,10,"q10_case1",1583,512,5120,2621440,2621440,1,809985,2097152,2620307,0.001532,0.000000,0.000411,0.000047,0.000658,0.019265,0.000146,0.000278,0.000879,0.000361,0.023818
1,1,10,"q10_case1",1584,512,5120,2621440,2621440,1,810497,2097152,2620267,0.001483,0.000000,0.000666,0.000053,0.000688,0.018567,0.000197,0.000262,0.000820,0.000235,0.023376
1,1,10,"q10_case1",1585,512,5120,2621440,2621440,1,811009,2097152,2620276,0.001469,0.000000,0.000478,0.000034,0.000650,0.016231,0.000136,0.000258,0.000791,0.000250,0.020515
1,1,10,"q10_case1",1586,512,5120,2621440,2621440,1,811521,2097152,2620289,0.001470,0.000000,0.004177,0.000037,0.000653,0.016731,0.000130,0.000248,0.000798,0.000240,0.024741
1,1,10,"q10_case1",1587,512,5120,2621440,2621440,1,812033,2097152,2620181,0.001489,0.000001,0.000431,0.000044,0.000692,0.016342,0.000134,0.000252,0.000789,0.000281,0.020737
1,1,10,"q10_case1",1588,512,5120,2621440,2621440,1,812545,2097152,2620167,0.001478,0.000000,0.000502,0.000034,0.000654,0.016283,0.000140,0.000249,0.000781,0.000246,0.020649
1,1,10,"q10_case1",1589,512,5120,2621440,2621440,1,813057,2097152,2620133,0.001512,0.000000,0.000420,0.000034,0.000652,0.016552,0.000158,0.000257,0.000806,0.000322,0.021020
1,1,10,"q10_case1",1590,512,5120,2621440,2621440,1,813569,2097152,2620112,0.001546,0.000000,0.000438,0.000040,0.000654,0.016252,0.000177,0.000281,0.000841,0.000382,0.021045
1,1,10,"q10_case1",1591,512,5120,2621440,2621440,1,814081,2097152,2620093,0.001575,0.000001,0.000451,0.000041,0.000657,0.017043,0.000144,0.000272,0.001061,0.000410,0.021919
1,1,10,"q10_case1",1592,512,5120,2621440,2621440,1,814593,2097152,2620038,0.001553,0.000000,0.001059,0.000060,0.000681,0.016322,0.000200,0.000268,0.000871,0.000371,0.021800
1,1,10,"q10_case1",1593,512,5120,2621440,2621440,1,815105,2097152,2619978,0.001539,0.000000,0.000370,0.000073,0.000658,0.016208,0.000139,0.000282,0.000872,0.000330,0.020777
1,1,10,"q10_case1",1594,512,5120,2621440,2621440,1,815617,2097152,2620011,0.001517,0.000001,0.000419,0.000044,0.000655,0.016236,0.000132,0.000252,0.000815,0.000291,0.020609
1,1,10,"q10_case1",1595,512,5120,2621440,2621440,1,816129,2097152,2620050,0.001474,0.000000,0.000381,0.000065,0.000659,0.015947,0.000161,0.000255,0.000775,0.000257,0.020198
1,1,10,"q10_case1",1596,512,5120,2621440,2621440,1,816641,2097152,2620049,0.001485,0.000000,0.000400,0.000079,0.000659,0.016541,0.000135,0.000251,0.000783,0.000245,0.020810
1,1,10,"q10_case1",1597,512,5120,2621440,2621440,1,817153,2097152,2620013,0.001469,0.000000,0.000411,0.000033,0.000658,0.016326,0.000135,0.000251,0.000755,0.000278,0.020592
1,1,10,"q10_case1",1598,512,5120,2621440,2621440,1,817665,2097152,2620005,0.001467,0.000001,0.000343,0.000036,0.000658,0.025619,0.000138,0.000268,0.000764,0.000286,0.029822
1,1,10,"q10_case1",1599,512,5120,2621440,2621440,1,818177,2097152,2620027,0.001589,0.000000,0.000327,0.000037,0.000655,0.020971,0.000141,0.000250,0.000754,0.000262,0.025217
1,1,10,"q10_case1",1600,512,5120,2621440,2621440,1,818689,2097152,2620038,0.001496,0.000000,0.000452,0.000037,0.000656,0.016823,0.000145,0.000257,0.000838,0.000364,0.021334
1,1,10,"q10_case1",1601,512,5120,2621440,2621440,1,819201,2097152,2620050,0.001569,0.000000,0.000387,0.000043,0.000657,0.017285,0.000187,0.000266,0.000900,0.000369,0.022005
1,1,10,"q10_case1",1602,512,5120,2621440,2621440,1,819713,2097152,2620045,0.001554,0.000000,0.000479,0.000035,0.000655,0.016904,0.000137,0.000266,0.000874,0.000327,0.021553
1,1,10,"q10_case1",1603,512,5120,2621440,2621440,1,820225,2097152,2620034,0.001568,0.000000,0.000340,0.000036,0.000660,0.016185,0.000186,0.000257,0.000858,0.000329,0.020716
1,1,10,"q10_case1",1604,512,5120,2621440,2621440,1,820737,2097152,2619975,0.001530,0.000000,0.004426,0.000034,0.000691,0.016173,0.000142,0.000264,0.000829,0.000275,0.024676
1,1,10,"q10_case1",1605,512,5120,2621440,2621440,1,821249,2097152,2619798,0.001470,0.000000,0.000395,0.000067,0.000657,0.015880,0.000189,0.000483,0.000812,0.000261,0.020502
1,1,10,"q10_case1",1606,512,5120,2621440,2621440,1,821761,2097152,2619480,0.001524,0.000000,0.000450,0.000039,0.000660,0.036169,0.000137,0.000252,0.000857,0.000277,0.040586
1,1,10,"q10_case1",1607,512,5120,2621440,2621440,1,822273,2097152,2619370,0.001469,0.000000,0.000439,0.000036,0.000660,0.024156,0.000146,0.000249,0.000821,0.000259,0.028469
1,1,10,"q10_case1",1608,512,5120,2621440,2621440,1,822785,2097152,2619337,0.001464,0.000000,0.000396,0.000038,0.000656,0.017176,0.000174,0.000245,0.000823,0.000232,0.021510
1,1,10,"q10_case1",1609,512,5120,2621440,2621440,1,823297,2097152,2619303,0.001464,0.000000,0.000395,0.000077,0.000659,0.016905,0.000134,0.000246,0.000759,0.000243,0.021136
1,1,10,"q10_case1",1610,512,5120,2621440,2621440,1,823809,2097152,2619274,0.001512,0.000000,0.004648,0.000042,0.000659,0.016430,0.000145,0.000258,0.000660,0.000304,0.024911
1,1,10,"q10_case1",1611,512,5120,2621440,2621440,1,824321,2097152,2619308,0.001583,0.000000,0.000423,0.000035,0.000687,0.018693,0.000159,0.000297,0.000804,0.000355,0.023373
1,1,10,"q10_case1",1612,512,5120,2621440,2621440,1,824833,2097152,2619506,0.001590,0.000000,0.000658,0.000063,0.000687,0.016511,0.000224,0.000266,0.000772,0.000396,0.021694
1,1,10,"q10_case1",1613,512,5120,2621440,2621440,1,825345,2097152,2619724,0.001533,0.000000,0.000477,0.000037,0.000668,0.016207,0.000149,0.000260,0.000848,0.000341,0.020805
1,1,10,"q10_case1",1614,512,5120,2621440,2621440,1,825857,2097152,2619593,0.001511,0.000000,0.000423,0.000044,0.000660,0.016680,0.000146,0.000253,0.000783,0.000297,0.021049
1,1,10,"q10_case1",1615,512,5120,2621440,2621440,1,826369,2097152,2619534,0.001492,0.000000,0.000438,0.000054,0.000716,0.016549,0.000185,0.000337,0.000798,0.000254,0.021032
1,1,10,"q10_case1",1616,512,5120,2621440,2621440,1,826881,2097152,2619493,0.001476,0.000000,0.000398,0.000069,0.000660,0.016867,0.000131,0.000250,0.000794,0.000231,0.021136
1,1,10,"q10_case1",1617,512,5120,2621440,2621440,1,827393,2097152,2619469,0.001500,0.000000,0.000338,0.000043,0.000669,0.015634,0.000190,0.000246,0.000826,0.000275,0.019925
1,1,10,"q10_case1",1618,512,5120,2621440,2621440,1,827905,2097152,2619411,0.001479,0.000000,0.000432,0.000072,0.000657,0.016629,0.000133,0.000580,0.000822,0.000248,0.021413
1,1,10,"q10_case1",1619,512,5120,2621440,2621440,1,828417,2097152,2619359,0.001503,0.000000,0.000447,0.000030,0.000656,0.016149,0.000130,0.000253,0.000834,0.000323,0.020565
1,1,10,"q10_case1",1620,512,5120,2621440,2621440,1,828929,2097152,2619425,0.001501,0.000001,0.000336,0.000041,0.000691,0.021571,0.000150,0.000258,0.000960,0.000356,0.026129
1,1,10,"q10_case1",1621,512,5120,2621440,2621440,1,829441,2097152,2619463,0.001540,0.000000,0.000396,0.000048,0.000659,0.021224,0.000152,0.000274,0.000929,0.000383,0.025923
1,1,10,"q10_case1",1622,512,5120,2621440,2621440,1,829953,2097152,2620140,0.001555,0.000000,0.000413,0.000039,0.000660,0.016554,0.000142,0.000271,0.001021,0.000355,0.021285
1,1,10,"q10_case1",1623,512,5120,2621440,2621440,1,830465,2097152,2619914,0.001547,0.000000,0.000446,0.000050,0.000661,0.017602,0.000146,0.000264,0.000800,0.000329,0.022099
1,1,10,"q10_case1",1624,512,5120,2621440,2621440,1,830977,2097152,2619476,0.001512,0.000001,0.000427,0.000035,0.000658,0.016312,0.000136,0.000254,0.000802,0.000312,0.020747
1,1,10,"q10_case1",1625,512,5120,2621440,2621440,1,831489,2097152,2619649,0.001476,0.000001,0.000447,0.000034,0.000657,0.016362,0.000136,0.000248,0.000781,0.000229,0.020622
1,1,10,"q10_case1",1626,512,5120,2621440,2621440,1,832001,2097152,2619862,0.001473,0.000000,0.000387,0.000080,0.000658,0.016086,0.000144,0.000263,0.000789,0.000216,0.020392
1,1,10,"q10_case1",1627,512,5120,2621440,2621440,1,832513,2097152,2619890,0.001484,0.000000,0.000435,0.000032,0.000660,0.016264,0.000148,0.000253,0.000711,0.000266,0.020491
1,1,10,"q10_case1",1628,512,5120,2621440,2621440,1,833025,2097152,2619795,0.001470,0.000000,0.000353,0.000032,0.000663,0.016284,0.000137,0.000265,0.000774,0.000213,0.020461
1,1,10,"q10_case1",1629,512,5120,2621440,2621440,1,833537,2097152,2619823,0.001482,0.000000,0.000439,0.000034,0.000662,0.036644,0.000179,0.000278,0.000786,0.000290,0.041080
1,1,10,"q10_case1",1630,512,5120,2621440,2621440,1,834049,2097152,2619764,0.001477,0.000000,0.000374,0.000035,0.000661,0.016648,0.000147,0.000280,0.000813,0.000351,0.021101
1,1,10,"q10_case1",1631,512,5120,2621440,2621440,1,834561,2097152,2619851,0.001562,0.000001,0.000413,0.000034,0.000661,0.016118,0.000175,0.000266,0.000853,0.000378,0.020735
1,1,10,"q10_case1",1632,512,5120,2621440,2621440,1,835073,2097152,2619955,0.001543,0.000000,0.000428,0.000035,0.000664,0.017431,0.000144,0.000285,0.000886,0.000332,0.022075
1,1,10,"q10_case1",1633,512,5120,2621440,2621440,1,835585,2097152,2620043,0.001526,0.000000,0.000429,0.000037,0.000661,0.016353,0.000161,0.000262,0.000843,0.000306,0.020832
1,1,10,"q10_case1",1634,512,5120,2621440,2621440,1,836097,2097152,2620086,0.001517,0.000000,0.000487,0.000036,0.000657,0.021260,0.000143,0.000275,0.000855,0.000344,0.025836
1,1,10,"q10_case1",1635,512,5120,2621440,2621440,1,836609,2097152,2620173,0.001493,0.000000,0.000398,0.000049,0.000655,0.018248,0.000144,0.000263,0.000785,0.000262,0.022548
1,1,10,"q10_case1",1636,512,5120,2621440,2621440,1,837121,2097152,2620260,0.001506,0.000000,0.000401,0.000053,0.000661,0.017021,0.000148,0.000250,0.000775,0.000284,0.021336
1,1,10,"q10_case1",1637,512,5120,2621440,2621440,1,837633,2097152,2620309,0.001480,0.000001,0.000471,0.000036,0.000660,0.022662,0.000138,0.000255,0.000780,0.000286,0.027005
1,1,10,"q10_case1",1638,512,5120,2621440,2621440,1,838145,2097152,2620486,0.001465,0.000000,0.000469,0.000034,0.000660,0.017103,0.000142,0.000258,0.000788,0.000204,0.021363
1,1,10,"q10_case1",1639,512,5120,2621440,2621440,1,838657,2097152,2620338,0.001482,0.000000,0.000399,0.000033,0.000661,0.016326,0.000130,0.000251,0.000791,0.000212,0.020538
1,1,10,"q10_case1",1640,512,5120,2621440,2621440,1,839169,2097152,2620330,0.001517,0.000001,0.000439,0.000042,0.000708,0.015982,0.000144,0.000271,0.000877,0.000315,0.020571
1,1,10,"q10_case1",1641,512,5120,2621440,2621440,1,839681,2097152,2620405,0.001586,0.000000,0.000469,0.000036,0.000663,0.015727,0.000158,0.000307,0.000900,0.000364,0.020499
1,1,10,"q10_case1",1642,512,5120,2621440,2621440,1,840193,2097152,2620597,0.001586,0.000001,0.001936,0.000037,0.000664,0.020394,0.000154,0.000261,0.000922,0.000317,0.026520
1,1,10,"q10_case1",1643,512,5120,2621440,2621440,1,840705,2097152,2620779,0.001515,0.000001,0.003411,0.000061,0.000679,0.016771,0.000207,0.000262,0.000868,0.000327,0.024514
1,1,10,"q10_case1",1644,512,5120,2621440,2621440,1,841217,2097152,2620607,0.001511,0.000000,0.000389,0.000045,0.000660,0.016658,0.000139,0.000271,0.000850,0.000288,0.021140
1,1,10,"q10_case1",1645,512,5120,2621440,2621440,1,841729,2097152,2620740,0.001480,0.000000,0.000553,0.000032,0.000664,0.016107,0.000140,0.000262,0.000807,0.000277,0.020531
1,1,10,"q10_case1",1646,512,5120,2621440,2621440,1,842241,2097152,2620674,0.001477,0.000000,0.000366,0.000037,0.000702,0.052452,0.000144,0.000266,0.000845,0.000281,0.056780
1,1,10,"q10_case1",1647,512,5120,2621440,2621440,1,842753,2097152,2620665,0.001481,0.000001,0.000432,0.000038,0.000663,0.026540,0.000168,0.000279,0.001067,0.000354,0.031290
1,1,10,"q10_case1",1648,512,5120,2621440,2621440,1,843265,2097152,2620731,0.001484,0.000000,0.000413,0.000035,0.000699,0.027018,0.000182,0.000335,0.000826,0.000238,0.031490
1,1,10,"q10_case1",1649,512,5120,2621440,2621440,1,843777,2097152,2620663,0.001534,0.000000,0.000411,0.000037,0.000661,0.016422,0.000198,0.000260,0.000853,0.000334,0.021034
1,1,10,"q10_case1",1650,512,5120,2621440,2621440,1,844289,2097152,2620605,0.001548,0.000000,0.000427,0.000036,0.000661,0.016307,0.000137,0.000266,0.000855,0.000346,0.020856
1,1,10,"q10_case1",1651,512,5120,2621440,2621440,1,844801,2097152,2620522,0.001535,0.000000,0.000385,0.000057,0.000663,0.016599,0.000136,0.000257,0.000865,0.000341,0.021092
1,1,10,"q10_case1",1652,512,5120,2621440,2621440,1,845313,2097152,2620337,0.001514,0.000000,0.000386,0.000037,0.000677,0.026178,0.000144,0.000300,0.000861,0.000321,0.030651
1,1,10,"q10_case1",1653,512,5120,2621440,2621440,1,845825,2097152,2620266,0.001494,0.000000,0.000395,0.000051,0.000662,0.017570,0.000166,0.000264,0.000782,0.000295,0.021999
1,1,10,"q10_case1",1654,512,5120,2621440,2621440,1,846337,2097152,2620324,0.001472,0.000000,0.000371,0.000033,0.000661,0.016982,0.000142,0.000249,0.000785,0.000221,0.021219
1,1,10,"q10_case1",1655,512,5120,2621440,2621440,1,846849,2097152,2620382,0.001481,0.000000,0.000587,0.000032,0.000667,0.016499,0.000135,0.000246,0.000821,0.000300,0.021000
1,1,10,"q10_case1",1656,512,5120,2621440,2621440,1,847361,2097152,2620306,0.001510,0.000000,0.000346,0.000033,0.000659,0.015939,0.000166,0.000263,0.000832,0.000273,0.020305
1,1,10,"q10_case1",1657,512,5120,2621440,2621440,1,847873,2097152,2620308,0.001483,0.000001,0.000454,0.000040,0.000663,0.024806,0.000133,0.000254,0.000774,0.000293,0.029138
1,1,10,"q10_case1",1658,512,5120,2621440,2621440,1,848385,2097152,2620303,0.001479,0.000001,0.000435,0.000053,0.000663,0.016895,0.000138,0.000256,0.000832,0.000332,0.021367
1,1,10,"q10_case1",1659,512,5120,2621440,2621440,1,848897,2097152,2620208,0.001576,0.000000,0.000448,0.000040,0.000661,0.016365,0.000148,0.000322,0.000894,0.000381,0.021127
1,1,10,"q10_case1",1660,512,5120,2621440,2621440,1,849409,2097152,2620214,0.001550,0.000000,0.000305,0.000038,0.000664,0.017010,0.000137,0.000290,0.000845,0.000387,0.021455
1,1,10,"q10_case1",1661,512,5120,2621440,2621440,1,849921,2097152,2620176,0.001538,0.000000,0.000421,0.000041,0.000664,0.016884,0.000158,0.000270,0.001058,0.000365,0.021736
1,1,10,"q10_case1",1662,512,5120,2621440,2621440,1,850433,2097152,2620135,0.001527,0.000000,0.000633,0.000105,0.000696,0.016359,0.000213,0.000266,0.000896,0.000299,0.021380
1,1,10,"q10_case1",1663,512,5120,2621440,2621440,1,850945,2097152,2620095,0.001482,0.000000,0.000396,0.000033,0.000664,0.016501,0.000136,0.000258,0.000835,0.000286,0.020912
1,1,10,"q10_case1",1664,512,5120,2621440,2621440,1,851457,2097152,2620101,0.001466,0.000000,0.000387,0.000076,0.000661,0.016258,0.000141,0.000263,0.000794,0.000225,0.020525
1,1,10,"q10_case1",1665,512,5120,2621440,2621440,1,851969,2097152,2620064,0.001477,0.000000,0.000442,0.000033,0.000661,0.018762,0.000137,0.000251,0.000831,0.000260,0.023087
1,1,10,"q10_case1",1666,512,5120,2621440,2621440,1,852481,2097152,2620052,0.001494,0.000000,0.000267,0.000033,0.000662,0.015949,0.000147,0.000256,0.000818,0.000209,0.020097
1,1,10,"q10_case1",1667,512,5120,2621440,2621440,1,852993,2097152,2620143,0.001460,0.000000,0.000436,0.000033,0.000697,0.016340,0.000136,0.000246,0.000839,0.000243,0.020648
1,1,10,"q10_case1",1668,512,5120,2621440,2621440,1,853505,2097152,2620241,0.001488,0.000000,0.000390,0.000050,0.000662,0.053035,0.000139,0.000265,0.000858,0.000323,0.057462
1,1,10,"q10_case1",1669,512,5120,2621440,2621440,1,854017,2097152,2620379,0.002156,0.000000,0.000437,0.000067,0.000662,0.016548,0.000152,0.000282,0.000854,0.000345,0.021873
1,1,10,"q10_case1",1670,512,5120,2621440,2621440,1,854529,2097152,2620526,0.001550,0.000000,0.000680,0.000037,0.000659,0.015536,0.000172,0.000259,0.000885,0.000288,0.020351
1,1,10,"q10_case1",1671,512,5120,2621440,2621440,1,855041,2097152,2620342,0.001577,0.000000,0.000427,0.000037,0.000667,0.016171,0.000134,0.000310,0.001008,0.000296,0.020883
1,1,10,"q10_case1",1672,512,5120,2621440,2621440,1,855553,2097152,2620309,0.001538,0.000000,0.000659,0.000099,0.000703,0.016338,0.000197,0.000271,0.000859,0.000293,0.021386
1,1,10,"q10_case1",1673,512,5120,2621440,2621440,1,856065,2097152,2620327,0.001482,0.000000,0.002357,0.000031,0.000674,0.015855,0.000150,0.000259,0.000818,0.000304,0.022209
1,1,10,"q10_case1",1674,512,5120,2621440,2621440,1,856577,2097152,2620361,0.001478,0.000000,0.000395,0.000057,0.000663,0.016276,0.000135,0.000291,0.000826,0.000269,0.020641
1,1,10,"q10_case1",1675,512,5120,2621440,2621440,1,857089,2097152,2620479,0.001478,0.000000,0.000446,0.000036,0.000723,0.026655,0.000133,0.000250,0.000787,0.000289,0.031039
1,1,10,"q10_case1",1676,512,5120,2621440,2621440,1,857601,2097152,2620297,0.001480,0.000001,0.001841,0.000036,0.000662,0.016294,0.000146,0.000256,0.000796,0.000274,0.022081
1,1,10,"q10_case1",1677,512,5120,2621440,2621440,1,858113,2097152,2620355,0.001465,0.000000,0.001885,0.000033,0.000663,0.016257,0.000133,0.000250,0.000814,0.000260,0.022000
1,1,10,"q10_case1",1678,512,5120,2621440,2621440,1,858625,2097152,2620512,0.001530,0.000000,0.000348,0.000038,0.000664,0.016067,0.000191,0.000277,0.000843,0.000335,0.020569
1,1,10,"q10_case1",1679,512,5120,2621440,2621440,1,859137,2097152,2620456,0.001750,0.000000,0.002254,0.000065,0.000662,0.016593,0.000200,0.000268,0.001076,0.000356,0.023640
1,1,10,"q10_case1",1680,512,5120,2621440,2621440,1,859649,2097152,2620568,0.001553,0.000000,0.000392,0.000035,0.000663,0.016840,0.000148,0.000259,0.000864,0.000313,0.021346
1,1,10,"q10_case1",1681,512,5120,2621440,2621440,1,860161,2097152,2620529,0.001510,0.000000,0.000727,0.000062,0.000688,0.016707,0.000183,0.000253,0.000888,0.000266,0.021750
1,1,10,"q10_case1",1682,512,5120,2621440,2621440,1,860673,2097152,2620716,0.001521,0.000000,0.000456,0.000034,0.000664,0.016861,0.000136,0.000258,0.000853,0.000267,0.021321
1,1,10,"q10_case1",1683,512,5120,2621440,2621440,1,861185,2097152,2620766,0.001473,0.000000,0.000368,0.000033,0.000714,0.015191,0.000142,0.000251,0.000824,0.000278,0.019537
1,1,10,"q10_case1",1684,512,5120,2621440,2621440,1,861697,2097152,2620559,0.001481,0.000000,0.000440,0.000040,0.000665,0.033990,0.000174,0.000284,0.000794,0.000287,0.038594
1,1,10,"q10_case1",1685,512,5120,2621440,2621440,1,862209,2097152,2620365,0.001473,0.000000,0.000587,0.000048,0.000677,0.018791,0.000168,0.000257,0.000779,0.000268,0.023350
1,1,10,"q10_case1",1686,512,5120,2621440,2621440,1,862721,2097152,2620018,0.001465,0.000001,0.000433,0.000040,0.000668,0.015951,0.000140,0.000253,0.000740,0.000227,0.020125
1,1,10,"q10_case1",1687,512,5120,2621440,2621440,1,863233,2097152,2619856,0.001500,0.000000,0.000404,0.000046,0.000666,0.020137,0.000143,0.000254,0.000825,0.000326,0.024571
1,1,10,"q10_case1",1688,512,5120,2621440,2621440,1,863745,2097152,2619992,0.001566,0.000000,0.000310,0.000064,0.000665,0.016864,0.000186,0.000271,0.000826,0.000323,0.021338
1,1,10,"q10_case1",1689,512,5120,2621440,2621440,1,864257,2097152,2620192,0.001560,0.000000,0.000329,0.000035,0.000665,0.016644,0.000145,0.000275,0.000900,0.000345,0.021169
1,1,10,"q10_case1",1690,512,5120,2621440,2621440,1,864769,2097152,2620320,0.001537,0.000000,0.000394,0.000053,0.000689,0.016735,0.000138,0.000263,0.001017,0.000347,0.021425
1,1,10,"q10_case1",1691,512,5120,2621440,2621440,1,865281,2097152,2620621,0.001522,0.000000,0.000434,0.000050,0.000713,0.017709,0.000134,0.000252,0.000860,0.000297,0.022271
1,1,10,"q10_case1",1692,512,5120,2621440,2621440,1,865793,2097152,2620490,0.001468,0.000001,0.000492,0.000039,0.000664,0.015855,0.000136,0.000267,0.000847,0.000249,0.020262
1,1,10,"q10_case1",1693,512,5120,2621440,2621440,1,866305,2097152,2620379,0.001486,0.000000,0.000361,0.000034,0.000665,0.024202,0.000136,0.000242,0.000800,0.000217,0.028359
1,1,10,"q10_case1",1694,512,5120,2621440,2621440,1,866817,2097152,2620402,0.001472,0.000000,0.000394,0.000041,0.000666,0.016198,0.000130,0.000246,0.000790,0.000232,0.020418
1,1,10,"q10_case1",1695,512,5120,2621440,2621440,1,867329,2097152,2620401,0.001482,0.000000,0.000449,0.000032,0.000666,0.016408,0.000142,0.000298,0.000762,0.000287,0.020800
1,1,10,"q10_case1",1696,512,5120,2621440,2621440,1,867841,2097152,2620262,0.001478,0.000001,0.000763,0.000068,0.000700,0.017375,0.000184,0.000258,0.000779,0.000309,0.022417
1,1,10,"q10_case1",1697,512,5120,2621440,2621440,1,868353,2097152,2620262,0.001532,0.000000,0.000383,0.000043,0.000668,0.016505,0.000149,0.000279,0.001059,0.000326,0.021223
1,1,10,"q10_case1",1698,512,5120,2621440,2621440,1,868865,2097152,2620442,0.001821,0.000000,0.000627,0.000067,0.000726,0.021201,0.000184,0.000261,0.000874,0.000345,0.026584
1,1,10,"q10_case1",1699,512,5120,2621440,2621440,1,869377,2097152,2620614,0.001534,0.000000,0.000404,0.000037,0.000669,0.016323,0.000142,0.000270,0.000937,0.000333,0.020973
1,1,10,"q10_case1",1700,512,5120,2621440,2621440,1,869889,2097152,2620651,0.001498,0.000000,0.000399,0.000036,0.000669,0.016487,0.000157,0.000277,0.000846,0.000315,0.020961
1,1,10,"q10_case1",1701,512,5120,2621440,2621440,1,870401,2097152,2620549,0.001589,0.000000,0.000454,0.000034,0.000669,0.016786,0.000137,0.000280,0.000889,0.000293,0.021435
1,1,10,"q10_case1",1702,512,5120,2621440,2621440,1,870913,2097152,2620514,0.001469,0.000000,0.000401,0.000031,0.000670,0.017045,0.000164,0.000365,0.000814,0.000224,0.021489
1,1,10,"q10_case1",1703,512,5120,2621440,2621440,1,871425,2097152,2620524,0.001479,0.000000,0.000398,0.000037,0.000665,0.016042,0.000135,0.000264,0.000794,0.000235,0.020256
1,1,10,"q10_case1",1704,512,5120,2621440,2621440,1,871937,2097152,2620493,0.001538,0.000000,0.000405,0.000034,0.000709,0.018757,0.000164,0.000454,0.000789,0.000216,0.023353
1,1,10,"q10_case1",1705,512,5120,2621440,2621440,1,872449,2097152,2620444,0.001501,0.000000,0.000421,0.000032,0.000672,0.015816,0.000132,0.000246,0.000786,0.000213,0.020063
1,1,10,"q10_case1",1706,512,5120,2621440,2621440,1,872961,2097152,2620339,0.001485,0.000000,0.000422,0.000042,0.000663,0.016868,0.000166,0.000255,0.000832,0.000294,0.021329
1,1,10,"q10_case1",1707,512,5120,2621440,2621440,1,873473,2097152,2620359,0.001534,0.000000,0.000385,0.000033,0.000668,0.016354,0.000150,0.000296,0.001032,0.000353,0.021069
1,1,10,"q10_case1",1708,512,5120,2621440,2621440,1,873985,2097152,2620431,0.001552,0.000000,0.000425,0.000032,0.000669,0.017178,0.000185,0.000259,0.000902,0.000329,0.021792
1,1,10,"q10_case1",1709,512,5120,2621440,2621440,1,874497,2097152,2620677,0.001553,0.000000,0.002918,0.000063,0.000670,0.016458,0.000153,0.000264,0.000883,0.000297,0.023554
1,1,10,"q10_case1",1710,512,5120,2621440,2621440,1,875009,2097152,2620499,0.001509,0.000000,0.000428,0.000056,0.000678,0.015067,0.000156,0.000270,0.000844,0.000296,0.019597
1,1,10,"q10_case1",1711,512,5120,2621440,2621440,1,875521,2097152,2620722,0.001464,0.000000,0.000411,0.000075,0.000671,0.015979,0.000136,0.000251,0.000933,0.000278,0.020481
1,1,10,"q10_case1",1712,512,5120,2621440,2621440,1,876033,2097152,2620635,0.001480,0.000000,0.000448,0.000035,0.000697,0.037227,0.000175,0.000434,0.000863,0.000301,0.041922
1,1,10,"q10_case1",1713,512,5120,2621440,2621440,1,876545,2097152,2620808,0.001509,0.000000,0.000605,0.000063,0.000692,0.016696,0.000220,0.000310,0.000947,0.000212,0.021696
1,1,10,"q10_case1",1714,512,5120,2621440,2621440,1,877057,2097152,2620659,0.001717,0.000000,0.000601,0.000065,0.000702,0.016653,0.000212,0.000465,0.000811,0.000253,0.021935
1,1,10,"q10_case1",1715,512,5120,2621440,2621440,1,877569,2097152,2620550,0.001466,0.000001,0.000505,0.000038,0.000671,0.016508,0.000136,0.000251,0.000807,0.000298,0.020948
1,1,10,"q10_case1",1716,512,5120,2621440,2621440,1,878081,2097152,2620622,0.001545,0.000000,0.000391,0.000041,0.000669,0.016605,0.000164,0.000269,0.001009,0.000331,0.021292
1,1,10,"q10_case1",1717,512,5120,2621440,2621440,1,878593,2097152,2620517,0.001580,0.000000,0.000413,0.000041,0.000670,0.016376,0.000166,0.000259,0.000970,0.000292,0.021069
1,1,10,"q10_case1",1718,512,5120,2621440,2621440,1,879105,2097152,2620695,0.001544,0.000000,0.000379,0.000048,0.000700,0.016508,0.000146,0.000268,0.000985,0.000317,0.021231
1,1,10,"q10_case1",1719,512,5120,2621440,2621440,1,879617,2097152,2620616,0.001512,0.000000,0.000455,0.000037,0.000670,0.016155,0.000173,0.000268,0.000906,0.000409,0.020829
1,1,10,"q10_case1",1720,512,5120,2621440,2621440,1,880129,2097152,2620752,0.001565,0.000000,0.000394,0.000036,0.000673,0.017545,0.000132,0.000257,0.000860,0.000311,0.022131
1,1,10,"q10_case1",1721,512,5120,2621440,2621440,1,880641,2097152,2620700,0.001468,0.000000,0.000386,0.000032,0.000673,0.016363,0.000134,0.000252,0.000812,0.000292,0.020726
1,1,10,"q10_case1",1722,512,5120,2621440,2621440,1,881153,2097152,2620541,0.001464,0.000000,0.000415,0.000032,0.000669,0.018764,0.000140,0.000247,0.000865,0.000263,0.023147
1,1,10,"q10_case1",1723,512,5120,2621440,2621440,1,881665,2097152,2620538,0.001524,0.000000,0.000545,0.000048,0.000673,0.015706,0.000189,0.000253,0.000839,0.000291,0.020297
1,1,10,"q10_case1",1724,512,5120,2621440,2621440,1,882177,2097152,2620518,0.001481,0.000001,0.000400,0.000033,0.000673,0.017129,0.000150,0.000299,0.000840,0.000322,0.021631
1,1,10,"q10_case1",1725,512,5120,2621440,2621440,1,882689,2097152,2620739,0.001499,0.000001,0.000421,0.000033,0.000668,0.018697,0.000145,0.000252,0.000859,0.000318,0.023234
1,1,10,"q10_case1",1726,512,5120,2621440,2621440,1,883201,2097152,2620808,0.001554,0.000000,0.000421,0.000048,0.000672,0.016692,0.000145,0.000266,0.000980,0.000339,0.021380
1,1,10,"q10_case1",1727,512,5120,2621440,2621440,1,883713,2097152,2620779,0.001536,0.000000,0.000392,0.000038,0.000672,0.016238,0.000238,0.000266,0.001067,0.000324,0.021088
1,1,10,"q10_case1",1728,512,5120,2621440,2621440,1,884225,2097152,2620766,0.001540,0.000000,0.000634,0.000042,0.000685,0.016350,0.000197,0.000289,0.001073,0.000346,0.021448
1,1,10,"q10_case1",1729,512,5120,2621440,2621440,1,884737,2097152,2620654,0.001538,0.000000,0.000415,0.000037,0.000673,0.015949,0.000139,0.000293,0.000921,0.000299,0.020512
1,1,10,"q10_case1",1730,512,5120,2621440,2621440,1,885249,2097152,2620791,0.001487,0.000000,0.000441,0.000049,0.000672,0.016395,0.000156,0.000269,0.000811,0.000246,0.020783
1,1,10,"q10_case1",1731,512,5120,2621440,2621440,1,885761,2097152,2620595,0.001496,0.000000,0.000434,0.000075,0.000674,0.016157,0.000133,0.000282,0.000773,0.000224,0.020469
1,1,10,"q10_case1",1732,512,5120,2621440,2621440,1,886273,2097152,2620502,0.001494,0.000000,0.000454,0.000034,0.000673,0.016296,0.000180,0.000284,0.000803,0.000205,0.020657
1,1,10,"q10_case1",1733,512,5120,2621440,2621440,1,886785,2097152,2620640,0.001497,0.000000,0.000450,0.000049,0.000669,0.016551,0.000180,0.000264,0.000839,0.000265,0.020997
1,1,10,"q10_case1",1734,512,5120,2621440,2621440,1,887297,2097152,2620749,0.001463,0.000000,0.001835,0.000036,0.000671,0.016447,0.000155,0.000258,0.000834,0.000215,0.022144
1,1,10,"q10_case1",1735,512,5120,2621440,2621440,1,887809,2097152,2620650,0.001520,0.000000,0.000426,0.000046,0.000672,0.016767,0.000136,0.000269,0.001232,0.000320,0.021667
1,1,10,"q10_case1",1736,512,5120,2621440,2621440,1,888321,2097152,2620663,0.001547,0.000000,0.000475,0.000036,0.000671,0.016688,0.000147,0.000273,0.000996,0.000338,0.021516
1,1,10,"q10_case1",1737,512,5120,2621440,2621440,1,888833,2097152,2620778,0.001579,0.000001,0.000407,0.000054,0.000725,0.016921,0.000141,0.000265,0.001055,0.000333,0.021813
1,1,10,"q10_case1",1738,512,5120,2621440,2621440,1,889345,2097152,2620830,0.001538,0.000000,0.000373,0.000062,0.000674,0.016542,0.000159,0.000270,0.000914,0.000328,0.021131
1,1,10,"q10_case1",1739,512,5120,2621440,2621440,1,889857,2097152,2620649,0.001543,0.000000,0.000378,0.000041,0.000693,0.016731,0.000136,0.000253,0.000854,0.000302,0.021184
1,1,10,"q10_case1",1740,512,5120,2621440,2621440,1,890369,2097152,2620756,0.001469,0.000000,0.000408,0.000040,0.000732,0.015699,0.000135,0.000247,0.000914,0.000287,0.020201
1,1,10,"q10_case1",1741,512,5120,2621440,2621440,1,890881,2097152,2620580,0.001478,0.000000,0.000399,0.000078,0.000676,0.016190,0.000135,0.000247,0.000844,0.000265,0.020634
1,1,10,"q10_case1",1742,512,5120,2621440,2621440,1,891393,2097152,2620597,0.001499,0.000000,0.000500,0.000035,0.000677,0.016989,0.000132,0.000247,0.000830,0.000265,0.021416
1,1,10,"q10_case1",1743,512,5120,2621440,2621440,1,891905,2097152,2620701,0.001466,0.000000,0.000355,0.000035,0.000673,0.016136,0.000143,0.000250,0.000835,0.000274,0.020633
1,1,10,"q10_case1",1744,512,5120,2621440,2621440,1,892417,2097152,2620824,0.001468,0.000000,0.002772,0.000035,0.000674,0.018081,0.000131,0.000247,0.000874,0.000256,0.024737
1,1,10,"q10_case1",1745,512,5120,2621440,2621440,1,892929,2097152,2620867,0.001505,0.000002,0.000391,0.000044,0.000671,0.019650,0.000160,0.000259,0.000862,0.000304,0.024123
1,1,10,"q10_case1",1746,512,5120,2621440,2621440,1,893441,2097152,2620726,0.001563,0.000000,0.000782,0.000064,0.000710,0.021159,0.000213,0.000270,0.000911,0.000279,0.026385
1,1,10,"q10_case1",1747,512,5120,2621440,2621440,1,893953,2097152,2620825,0.001541,0.000000,0.000374,0.000072,0.000709,0.016668,0.000137,0.000261,0.001063,0.000338,0.021422
1,1,10,"q10_case1",1748,512,5120,2621440,2621440,1,894465,2097152,2620680,0.001531,0.000000,0.000415,0.000050,0.000672,0.017567,0.000139,0.000263,0.000853,0.000299,0.022044
1,1,10,"q10_case1",1749,512,5120,2621440,2621440,1,894977,2097152,2620568,0.001517,0.000000,0.000393,0.000036,0.000674,0.016537,0.000154,0.000259,0.000893,0.000304,0.021011
1,1,10,"q10_case1",1750,512,5120,2621440,2621440,1,895489,2097152,2620586,0.001474,0.000000,0.000410,0.000032,0.000676,0.016426,0.000136,0.000254,0.000874,0.000265,0.020879
1,1,10,"q10_case1",1751,512,5120,2621440,2621440,1,896001,2097152,2620780,0.001482,0.000001,0.004149,0.000033,0.000674,0.016327,0.000139,0.000266,0.000837,0.000272,0.024425
1,1,10,"q10_case1",1752,512,5120,2621440,2621440,1,896513,2097152,2620721,0.001456,0.000000,0.000317,0.000035,0.000671,0.016006,0.000132,0.000248,0.000859,0.000199,0.020139
1,1,10,"q10_case1",1753,512,5120,2621440,2621440,1,897025,2097152,2620632,0.001466,0.000000,0.000425,0.000054,0.000693,0.016384,0.000136,0.000248,0.000849,0.000250,0.020774
1,1,10,"q10_case1",1754,512,5120,2621440,2621440,1,897537,2097152,2620678,0.001486,0.000000,0.000430,0.000038,0.000679,0.023590,0.000152,0.000299,0.001120,0.000350,0.028460
1,1,10,"q10_case1",1755,512,5120,2621440,2621440,1,898049,2097152,2620705,0.001534,0.000000,0.000376,0.000052,0.000673,0.017174,0.000191,0.000262,0.000890,0.000324,0.021785
1,1,10,"q10_case1",1756,512,5120,2621440,2621440,1,898561,2097152,2620719,0.001582,0.000000,0.000595,0.000061,0.000669,0.015984,0.000206,0.000260,0.000918,0.000328,0.021157
1,1,10,"q10_case1",1757,512,5120,2621440,2621440,1,899073,2097152,2620502,0.001564,0.000001,0.000576,0.000054,0.000694,0.015921,0.000212,0.000282,0.000874,0.000300,0.020791
1,1,10,"q10_case1",1758,512,5120,2621440,2621440,1,899585,2097152,2620723,0.001529,0.000000,0.000657,0.000063,0.000709,0.016250,0.000205,0.000257,0.000976,0.000317,0.021365
1,1,10,"q10_case1",1759,512,5120,2621440,2621440,1,900097,2097152,2620461,0.001500,0.000000,0.000438,0.000055,0.000671,0.016009,0.000134,0.000257,0.000829,0.000266,0.020402
1,1,10,"q10_case1",1760,512,5120,2621440,2621440,1,900609,2097152,2620440,0.001467,0.000000,0.002558,0.000033,0.000673,0.022672,0.000166,0.000341,0.000818,0.000243,0.029234
1,1,10,"q10_case1",1761,512,5120,2621440,2621440,1,901121,2097152,2620631,0.001486,0.000000,0.000316,0.000032,0.000674,0.016277,0.000180,0.000365,0.000826,0.000274,0.020944
1,1,10,"q10_case1",1762,512,5120,2621440,2621440,1,901633,2097152,2620804,0.001490,0.000000,0.000421,0.000045,0.000679,0.016313,0.000148,0.000262,0.000831,0.000240,0.020704
1,1,10,"q10_case1",1763,512,5120,2621440,2621440,1,902145,2097152,2620841,0.001462,0.000000,0.000413,0.000045,0.000679,0.016839,0.000136,0.000251,0.000851,0.000283,0.021203
1,1,10,"q10_case1",1764,512,5120,2621440,2621440,1,902657,2097152,2620800,0.001529,0.000000,0.000429,0.000038,0.000688,0.016720,0.000198,0.000260,0.000902,0.000300,0.021355
1,1,10,"q10_case1",1765,512,5120,2621440,2621440,1,903169,2097152,2620732,0.001553,0.000001,0.000417,0.000037,0.000688,0.016798,0.000198,0.000272,0.001057,0.000322,0.021670
1,1,10,"q10_case1",1766,512,5120,2621440,2621440,1,903681,2097152,2620658,0.001575,0.000000,0.000703,0.000065,0.000710,0.016444,0.000211,0.000308,0.001015,0.000300,0.021798
1,1,10,"q10_case1",1767,512,5120,2621440,2621440,1,904193,2097152,2620659,0.001701,0.000000,0.000693,0.000068,0.000707,0.016323,0.000314,0.000258,0.000895,0.000343,0.021705
1,1,10,"q10_case1",1768,512,5120,2621440,2621440,1,904705,2097152,2620525,0.001529,0.000000,0.000414,0.000041,0.000674,0.019661,0.000136,0.000265,0.000920,0.000302,0.024230
1,1,10,"q10_case1",1769,512,5120,2621440,2621440,1,905217,2097152,2620750,0.001526,0.000000,0.000456,0.000037,0.000674,0.017282,0.000135,0.000251,0.000840,0.000284,0.021693
1,1,10,"q10_case1",1770,512,5120,2621440,2621440,1,905729,2097152,2620551,0.001496,0.000000,0.000405,0.000035,0.000675,0.015646,0.000142,0.000254,0.000837,0.000251,0.019946
1,1,10,"q10_case1",1771,512,5120,2621440,2621440,1,906241,2097152,2620811,0.001477,0.000000,0.000402,0.000074,0.000677,0.016067,0.000146,0.000249,0.000835,0.000205,0.020383
1,1,10,"q10_case1",1772,512,5120,2621440,2621440,1,906753,2097152,2620817,0.001481,0.000000,0.000404,0.000074,0.000677,0.017010,0.000136,0.000258,0.000922,0.000297,0.021532
1,1,10,"q10_case1",1773,512,5120,2621440,2621440,1,907265,2097152,2620598,0.001550,0.000000,0.000400,0.000048,0.000678,0.016430,0.000190,0.000259,0.000897,0.000327,0.021116
1,1,10,"q10_case1",1774,512,5120,2621440,2621440,1,907777,2097152,2620704,0.001538,0.000001,0.002292,0.000037,0.000682,0.016876,0.000148,0.000267,0.000884,0.000337,0.023348
1,1,10,"q10_case1",1775,512,5120,2621440,2621440,1,908289,2097152,2620557,0.001601,0.000000,0.000630,0.000063,0.000700,0.016779,0.000212,0.000264,0.000935,0.000330,0.021992
1,1,10,"q10_case1",1776,512,5120,2621440,2621440,1,908801,2097152,2620738,0.001544,0.000000,0.000373,0.000044,0.000678,0.016237,0.000175,0.000264,0.000876,0.000294,0.020820
1,1,10,"q10_case1",1777,512,5120,2621440,2621440,1,909313,2097152,2620642,0.001512,0.000000,0.000334,0.000048,0.000678,0.016642,0.000179,0.000250,0.000856,0.000282,0.021016
1,1,10,"q10_case1",1778,512,5120,2621440,2621440,1,909825,2097152,2620836,0.001479,0.000000,0.000405,0.000036,0.000673,0.016356,0.000148,0.000248,0.000831,0.000244,0.020680
1,1,10,"q10_case1",1779,512,5120,2621440,2621440,1,910337,2097152,2620789,0.001478,0.000000,0.000462,0.000035,0.000679,0.017429,0.000131,0.000343,0.000822,0.000251,0.021938
1,1,10,"q10_case1",1780,512,5120,2621440,2621440,1,910849,2097152,2620681,0.001512,0.000000,0.002574,0.000035,0.000677,0.016574,0.000138,0.000251,0.000839,0.000203,0.022983
1,1,10,"q10_case1",1781,512,5120,2621440,2621440,1,911361,2097152,2620804,0.001480,0.000001,0.000385,0.000073,0.000678,0.017669,0.000167,0.000259,0.000831,0.000219,0.022004
1,1,10,"q10_case1",1782,512,5120,2621440,2621440,1,911873,2097152,2620683,0.001520,0.000000,0.000410,0.000053,0.000676,0.016373,0.000140,0.000298,0.000874,0.000287,0.020933
1,1,10,"q10_case1",1783,512,5120,2621440,2621440,1,912385,2097152,2620865,0.001548,0.000000,0.004962,0.000066,0.000677,0.016510,0.000163,0.000294,0.000900,0.000320,0.025722
1,1,10,"q10_case1",1784,512,5120,2621440,2621440,1,912897,2097152,2620887,0.001539,0.000001,0.000427,0.000040,0.000699,0.016398,0.000236,0.000294,0.000868,0.000384,0.021244
1,1,10,"q10_case1",1785,512,5120,2621440,2621440,1,913409,2097152,2620706,0.001518,0.000000,0.000796,0.000060,0.000709,0.016709,0.000202,0.000278,0.000899,0.000304,0.022005
1,1,10,"q10_case1",1786,512,5120,2621440,2621440,1,913921,2097152,2620849,0.001510,0.000000,0.000402,0.000034,0.000682,0.015773,0.000140,0.000254,0.000866,0.000303,0.020214
1,1,10,"q10_case1",1787,512,5120,2621440,2621440,1,914433,2097152,2620687,0.001462,0.000000,0.000481,0.000034,0.000678,0.016713,0.000148,0.000249,0.000848,0.000304,0.021161
1,1,10,"q10_case1",1788,512,5120,2621440,2621440,1,914945,2097152,2620788,0.001473,0.000000,0.000403,0.000038,0.000682,0.015980,0.000180,0.000255,0.000824,0.000258,0.020419
1,1,10,"q10_case1",1789,512,5120,2621440,2621440,1,915457,2097152,2620769,0.001469,0.000000,0.000424,0.000033,0.000718,0.019798,0.000132,0.000246,0.000852,0.000261,0.024147
1,1,10,"q10_case1",1790,512,5120,2621440,2621440,1,915969,2097152,2620864,0.001510,0.000000,0.000420,0.000034,0.000675,0.017025,0.000144,0.000263,0.000884,0.000305,0.021517
1,1,10,"q10_case1",1791,512,5120,2621440,2621440,1,916481,2097152,2620883,0.001531,0.000001,0.000434,0.000053,0.000683,0.016869,0.000164,0.000269,0.000840,0.000314,0.021507
1,1,10,"q10_case1",1792,512,5120,2621440,2621440,1,916993,2097152,2620767,0.001554,0.000000,0.000388,0.000046,0.000678,0.016212,0.000191,0.000263,0.000926,0.000340,0.020826
1,1,10,"q10_case1",1793,512,5120,2621440,2621440,1,917505,2097152,2620654,0.001560,0.000000,0.000396,0.000047,0.000690,0.016783,0.000150,0.000284,0.001037,0.000328,0.021543
1,1,10,"q10_case1",1794,512,5120,2621440,2621440,1,918017,2097152,2620600,0.001553,0.000000,0.000417,0.000037,0.000679,0.015432,0.000196,0.000270,0.000903,0.000310,0.020060
1,1,10,"q10_case1",1795,512,5120,2621440,2621440,1,918529,2097152,2620794,0.001533,0.000000,0.000360,0.000033,0.000696,0.016255,0.000138,0.000256,0.000942,0.000311,0.020833
1,1,10,"q10_case1",1796,512,5120,2621440,2621440,1,919041,2097152,2620844,0.001471,0.000000,0.000298,0.000037,0.000682,0.016343,0.000135,0.000256,0.000880,0.000264,0.020676
1,1,10,"q10_case1",1797,512,5120,2621440,2621440,1,919553,2097152,2620859,0.001460,0.000000,0.000391,0.000035,0.000682,0.015635,0.000132,0.000257,0.000827,0.000270,0.019952
1,1,10,"q10_case1",1798,512,5120,2621440,2621440,1,920065,2097152,2620881,0.001461,0.000000,0.000417,0.000034,0.000679,0.015965,0.000135,0.000251,0.000820,0.000272,0.020280
1,1,10,"q10_case1",1799,512,5120,2621440,2621440,1,920577,2097152,2620630,0.001465,0.000001,0.000388,0.000033,0.000683,0.016012,0.000134,0.000245,0.000876,0.000253,0.020357
1,1,10,"q10_case1",1800,512,5120,2621440,2621440,1,921089,2097152,2620815,0.001464,0.000000,0.000429,0.000036,0.000714,0.043251,0.000208,0.000434,0.000838,0.000347,0.048043
1,1,10,"q10_case1",1801,512,5120,2621440,2621440,1,921601,2097152,2620872,0.001563,0.000000,0.000421,0.000037,0.000676,0.016307,0.000187,0.000272,0.001140,0.000343,0.021238
1,1,10,"q10_case1",1802,512,5120,2621440,2621440,1,922113,2097152,2620887,0.001547,0.000000,0.000505,0.000049,0.000679,0.015550,0.000151,0.000261,0.001047,0.000313,0.020379
1,1,10,"q10_case1",1803,512,5120,2621440,2621440,1,922625,2097152,2620890,0.001557,0.000000,0.000400,0.000043,0.000691,0.016946,0.000179,0.000304,0.001119,0.000329,0.021833
1,1,10,"q10_case1",1804,512,5120,2621440,2621440,1,923137,2097152,2620907,0.001534,0.000000,0.000447,0.000048,0.000685,0.016303,0.000210,0.000253,0.000878,0.000276,0.020899
1,1,10,"q10_case1",1805,512,5120,2621440,2621440,1,923649,2097152,2620874,0.001508,0.000000,0.000372,0.000034,0.000682,0.016248,0.000130,0.000259,0.000868,0.000244,0.020579
1,1,10,"q10_case1",1806,512,5120,2621440,2621440,1,924161,2097152,2620894,0.001473,0.000000,0.000387,0.000040,0.000682,0.016144,0.000131,0.000253,0.000838,0.000189,0.020431
1,1,10,"q10_case1",1807,512,5120,2621440,2621440,1,924673,2097152,2620892,0.001469,0.000001,0.000399,0.000071,0.000681,0.015503,0.000139,0.000266,0.000807,0.000286,0.019954
1,1,10,"q10_case1",1808,512,5120,2621440,2621440,1,925185,2097152,2620756,0.001586,0.000001,0.000392,0.000043,0.000685,0.016166,0.000145,0.000258,0.000832,0.000240,0.020645
1,1,10,"q10_case1",1809,512,5120,2621440,2621440,1,925697,2097152,2620853,0.001478,0.000001,0.000416,0.000078,0.000684,0.017103,0.000132,0.000251,0.000837,0.000237,0.021458
1,1,10,"q10_case1",1810,512,5120,2621440,2621440,1,926209,2097152,2620896,0.001476,0.000000,0.000409,0.000075,0.000683,0.016386,0.000135,0.000254,0.001062,0.000305,0.021105
1,1,10,"q10_case1",1811,512,5120,2621440,2621440,1,926721,2097152,2620719,0.001561,0.000000,0.000423,0.000033,0.000933,0.016186,0.000152,0.000264,0.000909,0.000368,0.021229
1,1,10,"q10_case1",1812,512,5120,2621440,2621440,1,927233,2097152,2620712,0.001564,0.000000,0.000408,0.000038,0.000694,0.017380,0.000138,0.000265,0.001161,0.000306,0.022229
1,1,10,"q10_case1",1813,512,5120,2621440,2621440,1,927745,2097152,2620804,0.001550,0.000000,0.000411,0.000040,0.000681,0.016782,0.000202,0.000265,0.000932,0.000317,0.021547
1,1,10,"q10_case1",1814,512,5120,2621440,2621440,1,928257,2097152,2620832,0.001537,0.000000,0.000394,0.000046,0.000691,0.017223,0.000179,0.000258,0.000864,0.000286,0.021751
1,1,10,"q10_case1",1815,512,5120,2621440,2621440,1,928769,2097152,2620882,0.001537,0.000000,0.000372,0.000055,0.000681,0.016350,0.000143,0.000284,0.000859,0.000286,0.020888
1,1,10,"q10_case1",1816,512,5120,2621440,2621440,1,929281,2097152,2620796,0.001561,0.000000,0.000389,0.000050,0.000689,0.015871,0.000136,0.000252,0.000857,0.000258,0.020359
1,1,10,"q10_case1",1817,512,5120,2621440,2621440,1,929793,2097152,2620758,0.001508,0.000000,0.000613,0.000036,0.000685,0.020063,0.000145,0.000254,0.000855,0.000270,0.024666
1,1,10,"q10_case1",1818,512,5120,2621440,2621440,1,930305,2097152,2620859,0.001484,0.000000,0.000403,0.000051,0.000681,0.016957,0.000177,0.000255,0.000873,0.000227,0.021413
1,1,10,"q10_case1",1819,512,5120,2621440,2621440,1,930817,2097152,2620695,0.001483,0.000000,0.000680,0.000069,0.000711,0.018149,0.000190,0.000264,0.000994,0.000293,0.023251
1,1,10,"q10_case1",1820,512,5120,2621440,2621440,1,931329,2097152,2620864,0.001534,0.000000,0.000414,0.000037,0.000685,0.017022,0.000150,0.000263,0.001085,0.000318,0.021791
1,1,10,"q10_case1",1821,512,5120,2621440,2621440,1,931841,2097152,2620900,0.001602,0.000000,0.000373,0.000054,0.000683,0.017037,0.000142,0.000293,0.000896,0.000404,0.021809
1,1,10,"q10_case1",1822,512,5120,2621440,2621440,1,932353,2097152,2620708,0.001614,0.000000,0.000459,0.000046,0.000679,0.016290,0.000141,0.000316,0.000922,0.000307,0.021051
1,1,10,"q10_case1",1823,512,5120,2621440,2621440,1,932865,2097152,2620868,0.001526,0.000000,0.000469,0.000037,0.000681,0.015668,0.000172,0.000255,0.000836,0.000320,0.020221
1,1,10,"q10_case1",1824,512,5120,2621440,2621440,1,933377,2097152,2620590,0.001478,0.000000,0.000392,0.000038,0.000682,0.016457,0.000144,0.000252,0.000850,0.000252,0.021025
1,1,10,"q10_case1",1825,512,5120,2621440,2621440,1,933889,2097152,2620811,0.001490,0.000001,0.004617,0.000041,0.000683,0.016417,0.000132,0.000254,0.000863,0.000264,0.024995
1,1,10,"q10_case1",1826,512,5120,2621440,2621440,1,934401,2097152,2620880,0.001473,0.000000,0.000625,0.000034,0.000725,0.016162,0.000133,0.000241,0.000843,0.000254,0.020776
1,1,10,"q10_case1",1827,512,5120,2621440,2621440,1,934913,2097152,2620691,0.001505,0.000000,0.000315,0.000038,0.000684,0.016372,0.000134,0.000252,0.000985,0.000285,0.020796
1,1,10,"q10_case1",1828,512,5120,2621440,2621440,1,935425,2097152,2620876,0.001468,0.000000,0.000408,0.000042,0.000687,0.017655,0.000133,0.000256,0.000842,0.000286,0.022030
1,1,10,"q10_case1",1829,512,5120,2621440,2621440,1,935937,2097152,2620719,0.001511,0.000000,0.000394,0.000048,0.000686,0.018482,0.000151,0.000263,0.001079,0.000341,0.023275
1,1,10,"q10_case1",1830,512,5120,2621440,2621440,1,936449,2097152,2620596,0.001538,0.000000,0.000434,0.000041,0.000683,0.020486,0.000165,0.000256,0.000937,0.000312,0.025176
1,1,10,"q10_case1",1831,512,5120,2621440,2621440,1,936961,2097152,2620750,0.001532,0.000000,0.000433,0.000041,0.000684,0.017020,0.000192,0.000289,0.000874,0.000342,0.021684
1,1,10,"q10_case1",1832,512,5120,2621440,2621440,1,937473,2097152,2620863,0.001772,0.000000,0.000622,0.000058,0.000707,0.016780,0.000212,0.000262,0.000861,0.000290,0.021948
1,1,10,"q10_case1",1833,512,5120,2621440,2621440,1,937985,2097152,2620899,0.001522,0.000000,0.000505,0.000036,0.000742,0.016054,0.000175,0.000251,0.000856,0.000252,0.020665
1,1,10,"q10_case1",1834,512,5120,2621440,2621440,1,938497,2097152,2620897,0.001471,0.000000,0.000419,0.000038,0.000689,0.016176,0.000141,0.000272,0.000858,0.000214,0.020556
1,1,10,"q10_case1",1835,512,5120,2621440,2621440,1,939009,2097152,2620735,0.001549,0.000000,0.000456,0.000050,0.000743,0.017004,0.000147,0.000285,0.000849,0.000269,0.021665
1,1,10,"q10_case1",1836,512,5120,2621440,2621440,1,939521,2097152,2620606,0.001480,0.000000,0.000412,0.000044,0.000723,0.017133,0.000134,0.000250,0.000927,0.000238,0.021552
1,1,10,"q10_case1",1837,512,5120,2621440,2621440,1,940033,2097152,2620832,0.001476,0.000001,0.000447,0.000037,0.000689,0.018916,0.000135,0.000246,0.000886,0.000260,0.023333
1,1,10,"q10_case1",1838,512,5120,2621440,2621440,1,940545,2097152,2620883,0.001458,0.000000,0.004771,0.000056,0.000686,0.015938,0.000134,0.000242,0.000917,0.000282,0.024709
1,1,10,"q10_case1",1839,512,5120,2621440,2621440,1,941057,2097152,2620598,0.001549,0.000001,0.000387,0.000048,0.000692,0.016365,0.000178,0.000252,0.000902,0.000334,0.020970
1,1,10,"q10_case1",1840,512,5120,2621440,2621440,1,941569,2097152,2620520,0.001558,0.000001,0.000419,0.000035,0.000688,0.016452,0.000182,0.000393,0.001000,0.000295,0.021351
1,1,10,"q10_case1",1841,512,5120,2621440,2621440,1,942081,2097152,2620751,0.001576,0.000000,0.000554,0.000040,0.000686,0.016486,0.000139,0.000268,0.001018,0.000316,0.021359
1,1,10,"q10_case1",1842,512,5120,2621440,2621440,1,942593,2097152,2620755,0.001657,0.000000,0.000635,0.000062,0.000714,0.016948,0.000185,0.000253,0.000907,0.000316,0.022120
1,1,10,"q10_case1",1843,512,5120,2621440,2621440,1,943105,2097152,2620557,0.001493,0.000000,0.000433,0.000034,0.000688,0.016923,0.000136,0.000252,0.000843,0.000293,0.021364
1,1,10,"q10_case1",1844,512,5120,2621440,2621440,1,943617,2097152,2620776,0.001476,0.000000,0.000466,0.000037,0.000751,0.015815,0.000134,0.000253,0.000816,0.000247,0.020248
1,1,10,"q10_case1",1845,512,5120,2621440,2621440,1,944129,2097152,2620653,0.001476,0.000000,0.000427,0.000036,0.000686,0.025936,0.000135,0.000268,0.000831,0.000254,0.030299
1,1,10,"q10_case1",1846,512,5120,2621440,2621440,1,944641,2097152,2620665,0.001477,0.000000,0.000478,0.000038,0.000690,0.033281,0.000140,0.000260,0.000810,0.000272,0.037728
1,1,10,"q10_case1",1847,512,5120,2621440,2621440,1,945153,2097152,2620473,0.001493,0.000000,0.000384,0.000035,0.000686,0.034175,0.000138,0.000265,0.000795,0.000342,0.038524
1,1,10,"q10_case1",1848,512,5120,2621440,2621440,1,945665,2097152,2620447,0.001548,0.000000,0.002533,0.000036,0.000688,0.016856,0.000189,0.000289,0.000886,0.000323,0.023633
1,1,10,"q10_case1",1849,512,5120,2621440,2621440,1,946177,2097152,2620607,0.001543,0.000001,0.000470,0.000036,0.000689,0.016973,0.000140,0.000309,0.000893,0.000318,0.021658
1,1,10,"q10_case1",1850,512,5120,2621440,2621440,1,946689,2097152,2620821,0.001566,0.000000,0.000405,0.000045,0.000752,0.017566,0.000139,0.000272,0.001091,0.000319,0.022499
1,1,10,"q10_case1",1851,512,5120,2621440,2621440,1,947201,2097152,2620684,0.001585,0.000001,0.000604,0.000062,0.000715,0.016019,0.000203,0.000313,0.000981,0.000295,0.021224
1,1,10,"q10_case1",1852,512,5120,2621440,2621440,1,947713,2097152,2620741,0.001521,0.000000,0.000606,0.000068,0.000711,0.019847,0.000249,0.000262,0.000892,0.000268,0.024886
1,1,10,"q10_case1",1853,512,5120,2621440,2621440,1,948225,2097152,2620485,0.001491,0.000001,0.000679,0.000070,0.000713,0.017439,0.000202,0.000272,0.000801,0.000293,0.022324
1,1,10,"q10_case1",1854,512,5120,2621440,2621440,1,948737,2097152,2620416,0.001472,0.000000,0.000448,0.000038,0.000691,0.017770,0.000137,0.000275,0.000849,0.000253,0.022176
1,1,10,"q10_case1",1855,512,5120,2621440,2621440,1,949249,2097152,2620723,0.001466,0.000000,0.000415,0.000037,0.000693,0.015992,0.000134,0.000250,0.000828,0.000244,0.020259
1,1,10,"q10_case1",1856,512,5120,2621440,2621440,1,949761,2097152,2620849,0.001475,0.000000,0.000400,0.000034,0.000688,0.016510,0.000138,0.000256,0.000822,0.000298,0.020939
1,1,10,"q10_case1",1857,512,5120,2621440,2621440,1,950273,2097152,2620717,0.001542,0.000001,0.000409,0.000049,0.000690,0.016231,0.000146,0.000258,0.000929,0.000294,0.020874
1,1,10,"q10_case1",1858,512,5120,2621440,2621440,1,950785,2097152,2620879,0.001571,0.000001,0.000431,0.000039,0.000691,0.017239,0.000174,0.000252,0.000856,0.000277,0.021834
1,1,10,"q10_case1",1859,512,5120,2621440,2621440,1,951297,2097152,2620545,0.001511,0.000000,0.000452,0.000039,0.000702,0.016057,0.000157,0.000259,0.000887,0.000414,0.020750
1,1,10,"q10_case1",1860,512,5120,2621440,2621440,1,951809,2097152,2620626,0.001516,0.000001,0.000383,0.000055,0.000690,0.016167,0.000137,0.000253,0.000894,0.000301,0.020692
1,1,10,"q10_case1",1861,512,5120,2621440,2621440,1,952321,2097152,2620801,0.001506,0.000000,0.000438,0.000036,0.000694,0.015721,0.000175,0.000256,0.000878,0.000298,0.020292
1,1,10,"q10_case1",1862,512,5120,2621440,2621440,1,952833,2097152,2620866,0.001478,0.000000,0.000431,0.000038,0.000692,0.016887,0.000141,0.000271,0.000844,0.000258,0.021283
1,1,10,"q10_case1",1863,512,5120,2621440,2621440,1,953345,2097152,2620809,0.001473,0.000000,0.000434,0.000042,0.000689,0.016455,0.000137,0.000264,0.000838,0.000257,0.020822
1,1,10,"q10_case1",1864,512,5120,2621440,2621440,1,953857,2097152,2620882,0.001530,0.000000,0.004113,0.000037,0.000688,0.015850,0.000142,0.000263,0.000848,0.000238,0.023989
1,1,10,"q10_case1",1865,512,5120,2621440,2621440,1,954369,2097152,2620749,0.001466,0.000000,0.000437,0.000054,0.000689,0.016911,0.000139,0.000267,0.000854,0.000246,0.021341
1,1,10,"q10_case1",1866,512,5120,2621440,2621440,1,954881,2097152,2620858,0.001533,0.000001,0.000418,0.000048,0.000701,0.016022,0.000151,0.000278,0.001030,0.000282,0.020756
1,1,10,"q10_case1",1867,512,5120,2621440,2621440,1,955393,2097152,2620900,0.001538,0.000001,0.000384,0.000035,0.000688,0.016601,0.000138,0.000266,0.000909,0.000327,0.021213
1,1,10,"q10_case1",1868,512,5120,2621440,2621440,1,955905,2097152,2620902,0.001571,0.000000,0.000387,0.000037,0.000689,0.019476,0.000176,0.000271,0.001024,0.000295,0.024264
1,1,10,"q10_case1",1869,512,5120,2621440,2621440,1,956417,2097152,2620903,0.001551,0.000000,0.000392,0.000050,0.000739,0.016773,0.000142,0.000261,0.000867,0.000280,0.021360
1,1,10,"q10_case1",1870,512,5120,2621440,2621440,1,956929,2097152,2620833,0.001481,0.000000,0.000415,0.000033,0.000753,0.018671,0.000129,0.000251,0.000862,0.000194,0.023082
1,1,10,"q10_case1",1871,512,5120,2621440,2621440,1,957441,2097152,2620874,0.001483,0.000000,0.000378,0.000050,0.000691,0.016506,0.000139,0.000247,0.000829,0.000222,0.020755
1,1,10,"q10_case1",1872,512,5120,2621440,2621440,1,957953,2097152,2620777,0.001481,0.000000,0.000437,0.000035,0.000689,0.016244,0.000152,0.000278,0.000846,0.000265,0.020691
1,1,10,"q10_case1",1873,512,5120,2621440,2621440,1,958465,2097152,2620888,0.001498,0.000000,0.000352,0.000037,0.000693,0.015755,0.000143,0.000261,0.000915,0.000271,0.020117
1,1,10,"q10_case1",1874,512,5120,2621440,2621440,1,958977,2097152,2620911,0.001472,0.000000,0.000416,0.000036,0.000694,0.017117,0.000175,0.000268,0.001014,0.000274,0.021712
1,1,10,"q10_case1",1875,512,5120,2621440,2621440,1,959489,2097152,2620849,0.001534,0.000000,0.000392,0.000042,0.000692,0.016182,0.000147,0.000516,0.000931,0.000301,0.021027
1,1,10,"q10_case1",1876,512,5120,2621440,2621440,1,960001,2097152,2620894,0.001555,0.000000,0.000417,0.000039,0.000698,0.015710,0.000155,0.000278,0.000939,0.000286,0.020356
1,1,10,"q10_case1",1877,512,5120,2621440,2621440,1,960513,2097152,2620844,0.001547,0.000000,0.000404,0.000035,0.000701,0.016318,0.000142,0.000259,0.000916,0.000326,0.020971
1,1,10,"q10_case1",1878,512,5120,2621440,2621440,1,961025,2097152,2620713,0.001552,0.000000,0.000459,0.000046,0.000696,0.016065,0.000149,0.000269,0.000937,0.000269,0.020754
1,1,10,"q10_case1",1879,512,5120,2621440,2621440,1,961537,2097152,2620879,0.001495,0.000000,0.000446,0.000034,0.000692,0.016155,0.000136,0.000252,0.000855,0.000270,0.020624
1,1,10,"q10_case1",1880,512,5120,2621440,2621440,1,962049,2097152,2620807,0.001471,0.000000,0.001880,0.000051,0.000698,0.015684,0.000133,0.000251,0.000828,0.000242,0.021490
1,1,10,"q10_case1",1881,512,5120,2621440,2621440,1,962561,2097152,2620762,0.001508,0.000000,0.000291,0.000045,0.000699,0.019573,0.000134,0.000257,0.000870,0.000262,0.023891
1,1,10,"q10_case1",1882,512,5120,2621440,2621440,1,963073,2097152,2620851,0.001492,0.000000,0.000458,0.000031,0.000698,0.016140,0.000136,0.000242,0.000851,0.000230,0.020551
1,1,10,"q10_case1",1883,512,5120,2621440,2621440,1,963585,2097152,2620871,0.001448,0.000000,0.000285,0.000031,0.000695,0.016804,0.000132,0.000253,0.000831,0.000241,0.020952
1,1,10,"q10_case1",1884,512,5120,2621440,2621440,1,964097,2097152,2620907,0.001562,0.000000,0.000464,0.000046,0.000692,0.016273,0.000155,0.000264,0.000910,0.000311,0.021047
1,1,10,"q10_case1",1885,512,5120,2621440,2621440,1,964609,2097152,2620860,0.001564,0.000000,0.000424,0.000048,0.000690,0.015880,0.000138,0.000262,0.000920,0.000316,0.020570
1,1,10,"q10_case1",1886,512,5120,2621440,2621440,1,965121,2097152,2620896,0.001535,0.000000,0.000421,0.000042,0.000699,0.017135,0.000152,0.000275,0.000910,0.000300,0.021746
1,1,10,"q10_case1",1887,512,5120,2621440,2621440,1,965633,2097152,2620792,0.001518,0.000000,0.000366,0.000052,0.000696,0.016892,0.000144,0.000258,0.000956,0.000300,0.021488
1,1,10,"q10_case1",1888,512,5120,2621440,2621440,1,966145,2097152,2620816,0.001475,0.000000,0.000403,0.000045,0.000695,0.016587,0.000138,0.000250,0.000867,0.000258,0.020946
1,1,10,"q10_case1",1889,512,5120,2621440,2621440,1,966657,2097152,2620898,0.001475,0.000000,0.000431,0.000040,0.000705,0.016511,0.000140,0.000267,0.000840,0.000257,0.020934
1,1,10,"q10_case1",1890,512,5120,2621440,2621440,1,967169,2097152,2620779,0.001488,0.000000,0.000488,0.000038,0.000701,0.016873,0.000143,0.000251,0.000826,0.000250,0.021349
1,1,10,"q10_case1",1891,512,5120,2621440,2621440,1,967681,2097152,2620840,0.001465,0.000001,0.000438,0.000039,0.000696,0.020471,0.000176,0.000280,0.000925,0.000242,0.025008
1,1,10,"q10_case1",1892,512,5120,2621440,2621440,1,968193,2097152,2620896,0.001487,0.000000,0.000576,0.000048,0.000713,0.017415,0.000184,0.000255,0.000892,0.000256,0.022138
1,1,10,"q10_case1",1893,512,5120,2621440,2621440,1,968705,2097152,2620766,0.001556,0.000000,0.000374,0.000048,0.000703,0.019487,0.000149,0.000276,0.000974,0.000361,0.024209
1,1,10,"q10_case1",1894,512,5120,2621440,2621440,1,969217,2097152,2620900,0.001594,0.000000,0.000514,0.000039,0.000695,0.023548,0.000142,0.000264,0.000911,0.000320,0.028306
1,1,10,"q10_case1",1895,512,5120,2621440,2621440,1,969729,2097152,2620885,0.001552,0.000000,0.000396,0.000054,0.000697,0.016200,0.000151,0.000260,0.000889,0.000292,0.020790
1,1,10,"q10_case1",1896,512,5120,2621440,2621440,1,970241,2097152,2620815,0.001515,0.000001,0.000381,0.000041,0.000695,0.016044,0.000141,0.000264,0.000890,0.000275,0.020565
1,1,10,"q10_case1",1897,512,5120,2621440,2621440,1,970753,2097152,2620910,0.001498,0.000000,0.000444,0.000034,0.000696,0.016090,0.000141,0.000254,0.000864,0.000260,0.020593
1,1,10,"q10_case1",1898,512,5120,2621440,2621440,1,971265,2097152,2620913,0.001516,0.000000,0.000443,0.000053,0.000697,0.021051,0.000137,0.000250,0.000868,0.000258,0.025506
1,1,10,"q10_case1",1899,512,5120,2621440,2621440,1,971777,2097152,2620918,0.001462,0.000000,0.000424,0.000039,0.000701,0.016819,0.000153,0.000251,0.000872,0.000211,0.021225
1,1,10,"q10_case1",1900,512,5120,2621440,2621440,1,972289,2097152,2620881,0.001481,0.000001,0.000389,0.000041,0.000696,0.017008,0.000143,0.000253,0.000883,0.000231,0.021385
1,1,10,"q10_case1",1901,512,5120,2621440,2621440,1,972801,2097152,2620919,0.001496,0.000000,0.000606,0.000048,0.000699,0.016384,0.000147,0.000255,0.001037,0.000289,0.021268
1,1,10,"q10_case1",1902,512,5120,2621440,2621440,1,973313,2097152,2620922,0.001544,0.000000,0.000400,0.000067,0.000698,0.016547,0.000148,0.000266,0.000939,0.000302,0.021189
1,1,10,"q10_case1",1903,512,5120,2621440,2621440,1,973825,2097152,2620873,0.001572,0.000000,0.000386,0.000035,0.000702,0.016167,0.000176,0.000274,0.000929,0.000322,0.020823
1,1,10,"q10_case1",1904,512,5120,2621440,2621440,1,974337,2097152,2620887,0.001706,0.000000,0.000601,0.000067,0.000720,0.016743,0.000202,0.000292,0.000891,0.000280,0.021927
1,1,10,"q10_case1",1905,512,5120,2621440,2621440,1,974849,2097152,2620906,0.001499,0.000000,0.000425,0.000046,0.000703,0.016288,0.000141,0.000309,0.000863,0.000271,0.020793
1,1,10,"q10_case1",1906,512,5120,2621440,2621440,1,975361,2097152,2620850,0.001510,0.000000,0.000624,0.000063,0.000728,0.016623,0.000231,0.000250,0.000855,0.000206,0.021464
1,1,10,"q10_case1",1907,512,5120,2621440,2621440,1,975873,2097152,2620877,0.001508,0.000001,0.000396,0.000038,0.000697,0.016196,0.000190,0.000522,0.000851,0.000203,0.020944
1,1,10,"q10_case1",1908,512,5120,2621440,2621440,1,976385,2097152,2620793,0.001503,0.000000,0.000443,0.000038,0.000745,0.016124,0.000144,0.000251,0.000856,0.000218,0.020535
1,1,10,"q10_case1",1909,512,5120,2621440,2621440,1,976897,2097152,2620880,0.001482,0.000000,0.000450,0.000034,0.000699,0.016983,0.000135,0.000255,0.000832,0.000258,0.021455
1,1,10,"q10_case1",1910,512,5120,2621440,2621440,1,977409,2097152,2620908,0.001502,0.000000,0.000427,0.000035,0.000699,0.016833,0.000147,0.000257,0.000872,0.000279,0.021414
1,1,10,"q10_case1",1911,512,5120,2621440,2621440,1,977921,2097152,2620851,0.001563,0.000000,0.000395,0.000036,0.000705,0.016507,0.000162,0.000264,0.000983,0.000321,0.021298
1,1,10,"q10_case1",1912,512,5120,2621440,2621440,1,978433,2097152,2620917,0.001562,0.000000,0.000447,0.000078,0.000701,0.016259,0.000178,0.000268,0.000973,0.000319,0.021022
1,1,10,"q10_case1",1913,512,5120,2621440,2621440,1,978945,2097152,2620844,0.001567,0.000000,0.000605,0.000050,0.000699,0.016211,0.000141,0.000270,0.001135,0.000297,0.021267
1,1,10,"q10_case1",1914,512,5120,2621440,2621440,1,979457,2097152,2620879,0.001521,0.000000,0.000455,0.000037,0.000699,0.015876,0.000154,0.000258,0.000889,0.000274,0.020442
1,1,10,"q10_case1",1915,512,5120,2621440,2621440,1,979969,2097152,2620855,0.001496,0.000000,0.000442,0.000037,0.000702,0.016578,0.000131,0.000254,0.000829,0.000269,0.021019
1,1,10,"q10_case1",1916,512,5120,2621440,2621440,1,980481,2097152,2620898,0.001498,0.000000,0.000707,0.000040,0.000699,0.019073,0.000149,0.000260,0.000840,0.000252,0.023787
1,1,10,"q10_case1",1917,512,5120,2621440,2621440,1,980993,2097152,2620872,0.001497,0.000000,0.000461,0.000039,0.000702,0.017541,0.000133,0.000254,0.000887,0.000267,0.022037
1,1,10,"q10_case1",1918,512,5120,2621440,2621440,1,981505,2097152,2620910,0.001488,0.000000,0.000421,0.000037,0.000704,0.022955,0.000179,0.000273,0.000832,0.000241,0.027401
1,1,10,"q10_case1",1919,512,5120,2621440,2621440,1,982017,2097152,2620912,0.001519,0.000000,0.000445,0.000038,0.000709,0.027578,0.000138,0.000273,0.000867,0.000298,0.032175
1,1,10,"q10_case1",1920,512,5120,2621440,2621440,1,982529,2097152,2620829,0.001504,0.000001,0.000724,0.000069,0.000736,0.021068,0.000184,0.000270,0.000929,0.000327,0.026250
1,1,10,"q10_case1",1921,512,5120,2621440,2621440,1,983041,2097152,2620905,0.001616,0.000000,0.000650,0.000057,0.000732,0.016432,0.000183,0.000273,0.000876,0.000310,0.021530
1,1,10,"q10_case1",1922,512,5120,2621440,2621440,1,983553,2097152,2620787,0.001509,0.000000,0.000527,0.000127,0.000738,0.016392,0.000275,0.000516,0.000880,0.000301,0.021719
1,1,10,"q10_case1",1923,512,5120,2621440,2621440,1,984065,2097152,2620773,0.001507,0.000000,0.000397,0.000053,0.000703,0.020051,0.000138,0.000253,0.000862,0.000281,0.024575
1,1,10,"q10_case1",1924,512,5120,2621440,2621440,1,984577,2097152,2620866,0.001475,0.000000,0.000396,0.000042,0.000702,0.016279,0.000137,0.000270,0.000888,0.000265,0.020697
1,1,10,"q10_case1",1925,512,5120,2621440,2621440,1,985089,2097152,2620848,0.001473,0.000000,0.000411,0.000054,0.000704,0.016259,0.000131,0.000252,0.000889,0.000267,0.020755
1,1,10,"q10_case1",1926,512,5120,2621440,2621440,1,985601,2097152,2620904,0.001483,0.000000,0.000491,0.000038,0.000701,0.017437,0.000171,0.000287,0.000889,0.000254,0.022032
1,1,10,"q10_case1",1927,512,5120,2621440,2621440,1,986113,2097152,2620904,0.001488,0.000000,0.000597,0.000066,0.000735,0.016160,0.000171,0.000259,0.000824,0.000253,0.020924
1,1,10,"q10_case1",1928,512,5120,2621440,2621440,1,986625,2097152,2620869,0.001507,0.000000,0.001072,0.000038,0.000702,0.016166,0.000180,0.000316,0.001169,0.000304,0.021727
1,1,10,"q10_case1",1929,512,5120,2621440,2621440,1,987137,2097152,2620864,0.001813,0.000001,0.000683,0.000061,0.000734,0.016172,0.000204,0.000267,0.000916,0.000330,0.021682
1,1,10,"q10_case1",1930,512,5120,2621440,2621440,1,987649,2097152,2620905,0.001533,0.000000,0.000404,0.000047,0.000705,0.016831,0.000150,0.000283,0.001030,0.000301,0.021549
1,1,10,"q10_case1",1931,512,5120,2621440,2621440,1,988161,2097152,2620904,0.001530,0.000001,0.000401,0.000042,0.000707,0.016627,0.000138,0.000256,0.000878,0.000299,0.021123
1,1,10,"q10_case1",1932,512,5120,2621440,2621440,1,988673,2097152,2620766,0.001478,0.000000,0.000505,0.000034,0.000707,0.015721,0.000175,0.000272,0.000879,0.000256,0.020352
1,1,10,"q10_case1",1933,512,5120,2621440,2621440,1,989185,2097152,2620887,0.001508,0.000000,0.000616,0.000052,0.000719,0.022998,0.000161,0.000254,0.000893,0.000260,0.027784
1,1,10,"q10_case1",1934,512,5120,2621440,2621440,1,989697,2097152,2620914,0.001481,0.000000,0.000385,0.000038,0.000702,0.044259,0.000140,0.000261,0.000968,0.000246,0.048735
1,1,10,"q10_case1",1935,512,5120,2621440,2621440,1,990209,2097152,2620803,0.001488,0.000001,0.000437,0.000058,0.000704,0.016742,0.000139,0.000266,0.000899,0.000258,0.021244
1,1,10,"q10_case1",1936,512,5120,2621440,2621440,1,990721,2097152,2620911,0.001615,0.000000,0.000428,0.000050,0.000706,0.015885,0.000148,0.000264,0.000914,0.000283,0.020581
1,1,10,"q10_case1",1937,512,5120,2621440,2621440,1,991233,2097152,2620922,0.001634,0.000000,0.000355,0.000049,0.000707,0.016639,0.000173,0.000260,0.000883,0.000276,0.021322
1,1,10,"q10_case1",1938,512,5120,2621440,2621440,1,991745,2097152,2620819,0.001557,0.000000,0.000464,0.000041,0.000704,0.016005,0.000136,0.000262,0.000889,0.000251,0.020637
1,1,10,"q10_case1",1939,512,5120,2621440,2621440,1,992257,2097152,2620911,0.001541,0.000000,0.000362,0.000039,0.000705,0.016674,0.000134,0.000252,0.000892,0.000232,0.021082
1,1,10,"q10_case1",1940,512,5120,2621440,2621440,1,992769,2097152,2620916,0.001500,0.000000,0.000371,0.000048,0.000706,0.016042,0.000149,0.000284,0.000899,0.000258,0.020541
1,1,10,"q10_case1",1941,512,5120,2621440,2621440,1,993281,2097152,2620926,0.001523,0.000001,0.000403,0.000061,0.000754,0.017068,0.000169,0.000265,0.000862,0.000237,0.021687
1,1,10,"q10_case1",1942,512,5120,2621440,2621440,1,993793,2097152,2620919,0.001513,0.000000,0.000368,0.000039,0.000718,0.018785,0.000142,0.000250,0.000852,0.000183,0.023085
1,1,10,"q10_case1",1943,512,5120,2621440,2621440,1,994305,2097152,2620910,0.001476,0.000000,0.000470,0.000037,0.000709,0.017335,0.000132,0.000248,0.000848,0.000188,0.021697
1,1,10,"q10_case1",1944,512,5120,2621440,2621440,1,994817,2097152,2620921,0.001530,0.000000,0.000543,0.000085,0.001030,0.016251,0.000146,0.000249,0.000837,0.000251,0.021137
1,1,10,"q10_case1",1945,512,5120,2621440,2621440,1,995329,2097152,2620924,0.001533,0.000000,0.000370,0.000053,0.000707,0.016056,0.000159,0.000266,0.000998,0.000332,0.020728
1,1,10,"q10_case1",1946,512,5120,2621440,2621440,1,995841,2097152,2620865,0.001547,0.000001,0.000452,0.000045,0.000706,0.016304,0.000137,0.000265,0.000898,0.000310,0.020951
1,1,10,"q10_case1",1947,512,5120,2621440,2621440,1,996353,2097152,2620910,0.001548,0.000000,0.000379,0.000053,0.000712,0.016349,0.000137,0.000268,0.000931,0.000306,0.020976
1,1,10,"q10_case1",1948,512,5120,2621440,2621440,1,996865,2097152,2620919,0.001516,0.000000,0.000338,0.000042,0.000716,0.022112,0.000153,0.000268,0.000909,0.000274,0.026609
1,1,10,"q10_case1",1949,512,5120,2621440,2621440,1,997377,2097152,2620860,0.001503,0.000000,0.004028,0.000042,0.000742,0.016530,0.000177,0.000250,0.000881,0.000286,0.024775
1,1,10,"q10_case1",1950,512,5120,2621440,2621440,1,997889,2097152,2620900,0.001503,0.000000,0.000566,0.000101,0.000849,0.024311,0.000132,0.000251,0.000868,0.000247,0.029101
1,1,10,"q10_case1",1951,512,5120,2621440,2621440,1,998401,2097152,2620894,0.001502,0.000000,0.000396,0.000057,0.000727,0.029452,0.000133,0.000249,0.000867,0.000267,0.033872
1,1,10,"q10_case1",1952,512,5120,2621440,2621440,1,998913,2097152,2620920,0.001479,0.000001,0.000440,0.000072,0.000710,0.032888,0.000139,0.000251,0.000835,0.000261,0.037301
1,1,10,"q10_case1",1953,512,5120,2621440,2621440,1,999425,2097152,2620926,0.001475,0.000000,0.000424,0.000038,0.000711,0.018072,0.000137,0.000250,0.000908,0.000309,0.022575
1,1,10,"q10_case1",1954,512,5120,2621440,2621440,1,999937,2097152,2620925,0.001531,0.000000,0.000404,0.000045,0.000709,0.016321,0.000140,0.000270,0.001185,0.000289,0.021157
1,1,10,"q10_case1",1955,512,5120,2621440,2621440,1,1000449,2097152,2620919,0.001568,0.000000,0.000404,0.000041,0.000708,0.017043,0.000150,0.000276,0.001090,0.000290,0.021905
1,1,10,"q10_case1",1956,512,5120,2621440,2621440,1,1000961,2097152,2620905,0.001566,0.000000,0.003117,0.000037,0.000706,0.016314,0.000141,0.000259,0.000882,0.000265,0.023572
1,1,10,"q10_case1",1957,512,5120,2621440,2621440,1,1001473,2097152,2620924,0.001527,0.000000,0.004119,0.000040,0.000710,0.016352,0.000147,0.000257,0.000888,0.000302,0.024623
1,1,10,"q10_case1",1958,512,5120,2621440,2621440,1,1001985,2097152,2620897,0.001474,0.000001,0.000323,0.000044,0.000748,0.016074,0.000141,0.000251,0.000829,0.000185,0.020338
1,1,10,"q10_case1",1959,512,5120,2621440,2621440,1,1002497,2097152,2620871,0.001483,0.000001,0.000419,0.000045,0.000722,0.016952,0.000153,0.000248,0.000857,0.000242,0.021378
1,1,10,"q10_case1",1960,512,5120,2621440,2621440,1,1003009,2097152,2620913,0.001482,0.000000,0.000557,0.000048,0.000711,0.015289,0.000138,0.000253,0.000855,0.000289,0.019875
1,1,10,"q10_case1",1961,512,5120,2621440,2621440,1,1003521,2097152,2620598,0.001478,0.000000,0.000458,0.000036,0.000713,0.015334,0.000138,0.000249,0.000854,0.000234,0.019742
1,1,10,"q10_case1",1962,512,5120,2621440,2621440,1,1004033,2097152,2620891,0.001505,0.000000,0.000373,0.000053,0.000711,0.016583,0.000143,0.000257,0.000863,0.000275,0.021069
1,1,10,"q10_case1",1963,512,5120,2621440,2621440,1,1004545,2097152,2620907,0.001542,0.000000,0.000481,0.000040,0.000712,0.016764,0.000156,0.000263,0.000895,0.000348,0.021523
1,1,10,"q10_case1",1964,512,5120,2621440,2621440,1,1005057,2097152,2620720,0.001531,0.000000,0.000433,0.000055,0.000712,0.016612,0.000190,0.000261,0.000972,0.000279,0.021338
1,1,10,"q10_case1",1965,512,5120,2621440,2621440,1,1005569,2097152,2620901,0.001613,0.000001,0.000415,0.000049,0.000711,0.015716,0.000318,0.000265,0.000910,0.000293,0.020588
1,1,10,"q10_case1",1966,512,5120,2621440,2621440,1,1006081,2097152,2620901,0.001521,0.000000,0.000433,0.000041,0.000713,0.015973,0.000133,0.000262,0.000864,0.000267,0.020451
1,1,10,"q10_case1",1967,512,5120,2621440,2621440,1,1006593,2097152,2620836,0.001483,0.000000,0.000444,0.000036,0.000713,0.016427,0.000141,0.000338,0.000867,0.000243,0.020949
1,1,10,"q10_case1",1968,512,5120,2621440,2621440,1,1007105,2097152,2620919,0.001480,0.000000,0.000410,0.000071,0.000712,0.016083,0.000146,0.000248,0.000823,0.000239,0.020476
1,1,10,"q10_case1",1969,512,5120,2621440,2621440,1,1007617,2097152,2620913,0.001468,0.000000,0.000368,0.000040,0.000708,0.016288,0.000141,0.000249,0.000856,0.000180,0.020567
1,1,10,"q10_case1",1970,512,5120,2621440,2621440,1,1008129,2097152,2620896,0.001481,0.000000,0.000431,0.000036,0.000715,0.016758,0.000135,0.000250,0.000847,0.000252,0.021117
1,1,10,"q10_case1",1971,512,5120,2621440,2621440,1,1008641,2097152,2620919,0.001543,0.000001,0.000412,0.000048,0.000712,0.017077,0.000147,0.000249,0.000874,0.000293,0.021712
1,1,10,"q10_case1",1972,512,5120,2621440,2621440,1,1009153,2097152,2620896,0.001578,0.000000,0.000383,0.000048,0.000775,0.017995,0.000190,0.000302,0.000942,0.000321,0.022863
1,1,10,"q10_case1",1973,512,5120,2621440,2621440,1,1009665,2097152,2620890,0.001540,0.000000,0.000421,0.000053,0.000717,0.016600,0.000175,0.000290,0.000941,0.000300,0.021387
1,1,10,"q10_case1",1974,512,5120,2621440,2621440,1,1010177,2097152,2620914,0.001521,0.000001,0.000415,0.000038,0.000713,0.016748,0.000159,0.000256,0.000927,0.000288,0.021405
1,1,10,"q10_case1",1975,512,5120,2621440,2621440,1,1010689,2097152,2620923,0.001543,0.000000,0.000423,0.000061,0.000968,0.016991,0.000181,0.000256,0.001071,0.000287,0.022106
1,1,10,"q10_case1",1976,512,5120,2621440,2621440,1,1011201,2097152,2620791,0.001492,0.000000,0.000391,0.000060,0.000712,0.016077,0.000135,0.000248,0.000831,0.000227,0.020403
1,1,10,"q10_case1",1977,512,5120,2621440,2621440,1,1011713,2097152,2620773,0.001479,0.000001,0.000437,0.000078,0.000714,0.016041,0.000138,0.000252,0.000873,0.000295,0.020571
1,1,10,"q10_case1",1978,512,5120,2621440,2621440,1,1012225,2097152,2620567,0.001476,0.000000,0.000386,0.000038,0.000717,0.016857,0.000138,0.000254,0.000914,0.000230,0.021292
1,1,10,"q10_case1",1979,512,5120,2621440,2621440,1,1012737,2097152,2620882,0.001494,0.000000,0.000466,0.000038,0.000718,0.015955,0.000135,0.000339,0.000898,0.000250,0.020524
1,1,10,"q10_case1",1980,512,5120,2621440,2621440,1,1013249,2097152,2620919,0.001480,0.000000,0.000393,0.000048,0.000715,0.017183,0.000150,0.000258,0.000883,0.000280,0.021748
1,1,10,"q10_case1",1981,512,5120,2621440,2621440,1,1013761,2097152,2620927,0.001553,0.000000,0.000418,0.000038,0.000717,0.016364,0.000182,0.000267,0.000971,0.000335,0.021168
1,1,10,"q10_case1",1982,512,5120,2621440,2621440,1,1014273,2097152,2620657,0.001534,0.000001,0.000379,0.000058,0.000717,0.015971,0.000141,0.000326,0.000911,0.000268,0.020550
1,1,10,"q10_case1",1983,512,5120,2621440,2621440,1,1014785,2097152,2620565,0.001506,0.000000,0.000390,0.000054,0.000719,0.018665,0.000165,0.000310,0.000860,0.000281,0.023322
1,1,10,"q10_case1",1984,512,5120,2621440,2621440,1,1015297,2097152,2620599,0.001480,0.000000,0.000505,0.000037,0.000749,0.017771,0.000179,0.000280,0.000886,0.000308,0.022507
1,1,10,"q10_case1",1985,512,5120,2621440,2621440,1,1015809,2097152,2620544,0.001523,0.000000,0.000707,0.000065,0.000744,0.016721,0.000237,0.000274,0.000875,0.000200,0.021721
1,1,10,"q10_case1",1986,512,5120,2621440,2621440,1,1016321,2097152,2620854,0.001538,0.000000,0.000713,0.000062,0.000752,0.016530,0.000213,0.000298,0.001109,0.000293,0.021979
1,1,10,"q10_case1",1987,512,5120,2621440,2621440,1,1016833,2097152,2620888,0.001561,0.000000,0.000716,0.000070,0.000746,0.016033,0.000155,0.000258,0.000902,0.000282,0.021157
1,1,10,"q10_case1",1988,512,5120,2621440,2621440,1,1017345,2097152,2620921,0.001587,0.000000,0.004232,0.000079,0.000724,0.016339,0.000155,0.000262,0.000869,0.000378,0.024977
1,1,10,"q10_case1",1989,512,5120,2621440,2621440,1,1017857,2097152,2620911,0.001600,0.000000,0.000400,0.000039,0.000718,0.016081,0.000161,0.000334,0.000975,0.000358,0.020964
1,1,10,"q10_case1",1990,512,5120,2621440,2621440,1,1018369,2097152,2620909,0.001601,0.000001,0.000614,0.000070,0.000728,0.016649,0.000150,0.000266,0.001090,0.000258,0.021734
1,1,10,"q10_case1",1991,512,5120,2621440,2621440,1,1018881,2097152,2620886,0.001594,0.000000,0.000397,0.000039,0.000720,0.016943,0.000149,0.000267,0.000939,0.000440,0.021757
1,1,10,"q10_case1",1992,512,5120,2621440,2621440,1,1019393,2097152,2620890,0.001602,0.000001,0.000634,0.000067,0.000812,0.016381,0.000191,0.000257,0.000897,0.000271,0.021577
1,1,10,"q10_case1",1993,512,5120,2621440,2621440,1,1019905,2097152,2620924,0.001523,0.000000,0.000520,0.000040,0.000714,0.015871,0.000155,0.000266,0.000823,0.000278,0.020473
1,1,10,"q10_case1",1994,512,5120,2621440,2621440,1,1020417,2097152,2620605,0.001549,0.000001,0.000409,0.000043,0.000776,0.015488,0.000149,0.000266,0.000833,0.000261,0.020020
1,1,10,"q10_case1",1995,512,5120,2621440,2621440,1,1020929,2097152,2620867,0.001562,0.000000,0.000419,0.000036,0.000717,0.016274,0.000139,0.000339,0.000863,0.000268,0.020925
1,1,10,"q10_case1",1996,512,5120,2621440,2621440,1,1021441,2097152,2620909,0.001538,0.000001,0.000393,0.000048,0.000722,0.016115,0.000144,0.000268,0.000910,0.000287,0.020688
1,1,10,"q10_case1",1997,512,5120,2621440,2621440,1,1021953,2097152,2620887,0.001521,0.000000,0.000463,0.000042,0.000754,0.017113,0.000167,0.000270,0.000916,0.000297,0.021974
1,1,10,"q10_case1",1998,512,5120,2621440,2621440,1,1022465,2097152,2620924,0.001619,0.000001,0.000411,0.000042,0.000723,0.016933,0.000164,0.000269,0.001009,0.000308,0.021834
1,1,10,"q10_case1",1999,512,5120,2621440,2621440,1,1022977,2097152,2620912,0.001610,0.000001,0.002829,0.000051,0.000730,0.016514,0.000183,0.000263,0.000893,0.000353,0.023765
1,1,10,"q10_case1",2000,512,5120,2621440,2621440,1,1023489,2097152,2620742,0.001567,0.000001,0.000757,0.000071,0.000756,0.016864,0.000249,0.000288,0.000913,0.000295,0.022235
1,1,10,"q10_case1",2001,512,5120,2621440,2621440,1,1024001,2097152,2620875,0.001636,0.000000,0.000624,0.000066,0.000749,0.016619,0.000208,0.000263,0.000902,0.000296,0.021763
1,1,10,"q10_case1",2002,512,5120,2621440,2621440,1,1024513,2097152,2620881,0.001554,0.000000,0.000396,0.000034,0.000722,0.018391,0.000187,0.000280,0.000909,0.000264,0.023007
1,1,10,"q10_case1",2003,512,5120,2621440,2621440,1,1025025,2097152,2620875,0.001506,0.000000,0.000436,0.000039,0.000745,0.017673,0.000141,0.000255,0.000889,0.000281,0.022265
1,1,10,"q10_case1",2004,512,5120,2621440,2621440,1,1025537,2097152,2620917,0.001518,0.000000,0.000385,0.000051,0.000721,0.020760,0.000201,0.000292,0.001209,0.000299,0.025722
1,1,10,"q10_case1",2005,512,5120,2621440,2621440,1,1026049,2097152,2620913,0.001602,0.000001,0.000405,0.000042,0.000720,0.016409,0.000164,0.000271,0.001212,0.000351,0.021495
1,1,10,"q10_case1",2006,512,5120,2621440,2621440,1,1026561,2097152,2620573,0.001602,0.000000,0.000384,0.000039,0.000723,0.017069,0.000176,0.000281,0.000967,0.000285,0.021853
1,1,10,"q10_case1",2007,512,5120,2621440,2621440,1,1027073,2097152,2620830,0.001577,0.000000,0.000394,0.000045,0.000781,0.016550,0.000155,0.000271,0.000923,0.000282,0.021298
1,1,10,"q10_case1",2008,512,5120,2621440,2621440,1,1027585,2097152,2620897,0.001587,0.000000,0.000373,0.000051,0.000724,0.016970,0.000178,0.000266,0.000928,0.000286,0.021660
1,1,10,"q10_case1",2009,512,5120,2621440,2621440,1,1028097,2097152,2620921,0.001568,0.000001,0.000456,0.000041,0.000722,0.016255,0.000135,0.000275,0.000854,0.000286,0.020845
1,1,10,"q10_case1",2010,512,5120,2621440,2621440,1,1028609,2097152,2620709,0.001540,0.000000,0.000409,0.000040,0.000723,0.016940,0.000141,0.000261,0.000842,0.000273,0.021506
1,1,10,"q10_case1",2011,512,5120,2621440,2621440,1,1029121,2097152,2620684,0.001599,0.000000,0.001524,0.000045,0.000723,0.017253,0.000162,0.000270,0.000900,0.000376,0.023087
1,1,10,"q10_case1",2012,512,5120,2621440,2621440,1,1029633,2097152,2620566,0.001531,0.000000,0.000404,0.000044,0.000721,0.017070,0.000162,0.000262,0.000897,0.000276,0.021733
1,1,10,"q10_case1",2013,512,5120,2621440,2621440,1,1030145,2097152,2620864,0.001536,0.000000,0.000415,0.000045,0.000727,0.016705,0.000178,0.000530,0.001378,0.000656,0.022701
1,1,10,"q10_case1",2014,512,5120,2621440,2621440,1,1030657,2097152,2620898,0.001515,0.000001,0.000449,0.000038,0.000784,0.020184,0.000147,0.000282,0.000968,0.000303,0.025010
1,1,10,"q10_case1",2015,512,5120,2621440,2621440,1,1031169,2097152,2620925,0.001600,0.000001,0.000411,0.000046,0.000725,0.016339,0.000185,0.000281,0.000947,0.000309,0.021208
1,1,10,"q10_case1",2016,512,5120,2621440,2621440,1,1031681,2097152,2620906,0.001609,0.000000,0.000309,0.000040,0.000723,0.016472,0.000189,0.000276,0.000915,0.000306,0.021177
1,1,10,"q10_case1",2017,512,5120,2621440,2621440,1,1032193,2097152,2620918,0.001567,0.000001,0.000364,0.000058,0.000724,0.016302,0.000163,0.000280,0.000908,0.000300,0.020989
1,1,10,"q10_case1",2018,512,5120,2621440,2621440,1,1032705,2097152,2620894,0.001558,0.000001,0.000405,0.000044,0.000723,0.017179,0.000136,0.000391,0.000892,0.000279,0.021882
1,1,10,"q10_case1",2019,512,5120,2621440,2621440,1,1033217,2097152,2620919,0.001562,0.000000,0.000466,0.000045,0.000726,0.016157,0.000136,0.000270,0.000906,0.000272,0.020881
1,1,10,"q10_case1",2020,512,5120,2621440,2621440,1,1033729,2097152,2620925,0.001565,0.000001,0.000402,0.000039,0.000729,0.016565,0.000182,0.000275,0.000883,0.000266,0.021211
1,1,10,"q10_case1",2021,512,5120,2621440,2621440,1,1034241,2097152,2620829,0.001529,0.000001,0.000315,0.000056,0.000723,0.016171,0.000152,0.000257,0.000880,0.000281,0.020619
1,1,10,"q10_case1",2022,512,5120,2621440,2621440,1,1034753,2097152,2620907,0.001542,0.000001,0.000450,0.000039,0.000758,0.016127,0.000170,0.000271,0.000937,0.000290,0.021012
1,1,10,"q10_case1",2023,512,5120,2621440,2621440,1,1035265,2097152,2620913,0.001602,0.000000,0.000415,0.000047,0.000764,0.017068,0.000188,0.000279,0.000971,0.000295,0.021969
1,1,10,"q10_case1",2024,512,5120,2621440,2621440,1,1035777,2097152,2620892,0.001630,0.000000,0.000340,0.000042,0.000726,0.016557,0.000176,0.000270,0.000941,0.000304,0.021276
1,1,10,"q10_case1",2025,512,5120,2621440,2621440,1,1036289,2097152,2620924,0.001624,0.000000,0.000441,0.000046,0.000744,0.018981,0.000188,0.000279,0.001108,0.000356,0.024138
1,1,10,"q10_case1",2026,512,5120,2621440,2621440,1,1036801,2097152,2620910,0.001596,0.000000,0.000424,0.000041,0.000729,0.016535,0.000221,0.000280,0.001007,0.000284,0.021484
1,1,10,"q10_case1",2027,512,5120,2621440,2621440,1,1037313,2097152,2620887,0.001533,0.000000,0.000419,0.000036,0.000727,0.016384,0.000186,0.000293,0.000883,0.000259,0.021115
1,1,10,"q10_case1",2028,512,5120,2621440,2621440,1,1037825,2097152,2620883,0.002041,0.000000,0.000887,0.000059,0.000762,0.016952,0.000234,0.000265,0.000881,0.000284,0.022855
1,1,10,"q10_case1",2029,512,5120,2621440,2621440,1,1038337,2097152,2620916,0.001576,0.000001,0.000407,0.000052,0.000724,0.020689,0.000146,0.000263,0.000865,0.000235,0.025241
1,1,10,"q10_case1",2030,512,5120,2621440,2621440,1,1038849,2097152,2620921,0.001589,0.000001,0.000450,0.000067,0.000725,0.016497,0.000145,0.000300,0.000897,0.000281,0.021229
1,1,10,"q10_case1",2031,512,5120,2621440,2621440,1,1039361,2097152,2620891,0.001618,0.000000,0.000398,0.000057,0.000726,0.016552,0.000139,0.000305,0.001050,0.000318,0.021435
1,1,10,"q10_case1",2032,512,5120,2621440,2621440,1,1039873,2097152,2620915,0.001640,0.000000,0.000464,0.000062,0.000730,0.015644,0.000187,0.000282,0.000946,0.000313,0.020639
1,1,10,"q10_case1",2033,512,5120,2621440,2621440,1,1040385,2097152,2620923,0.001593,0.000000,0.000438,0.000051,0.000729,0.016252,0.000141,0.000256,0.000907,0.000295,0.020983
1,1,10,"q10_case1",2034,512,5120,2621440,2621440,1,1040897,2097152,2620799,0.001599,0.000001,0.000614,0.000058,0.000731,0.017492,0.000192,0.000267,0.001276,0.000271,0.022851
1,1,10,"q10_case1",2035,512,5120,2621440,2621440,1,1041409,2097152,2620525,0.001543,0.000000,0.000710,0.000064,0.000730,0.015929,0.000145,0.000268,0.000873,0.000337,0.021016
1,1,10,"q10_case1",2036,512,5120,2621440,2621440,1,1041921,2097152,2620531,0.001533,0.000000,0.000416,0.000050,0.000730,0.016696,0.000140,0.000260,0.000888,0.000260,0.021313
1,1,10,"q10_case1",2037,512,5120,2621440,2621440,1,1042433,2097152,2620843,0.001642,0.000000,0.000406,0.000054,0.000730,0.023851,0.000142,0.000285,0.000835,0.000294,0.028500
1,1,10,"q10_case1",2038,512,5120,2621440,2621440,1,1042945,2097152,2620835,0.001567,0.000000,0.000478,0.000047,0.000724,0.016539,0.000179,0.000267,0.000924,0.000295,0.021339
1,1,10,"q10_case1",2039,512,5120,2621440,2621440,1,1043457,2097152,2620897,0.001627,0.000000,0.000392,0.000040,0.000727,0.016425,0.000149,0.000307,0.000969,0.000327,0.021245
1,1,10,"q10_case1",2040,512,5120,2621440,2621440,1,1043969,2097152,2620915,0.001619,0.000000,0.000414,0.000044,0.000729,0.016724,0.000183,0.000277,0.001022,0.000292,0.021662
1,1,10,"q10_case1",2041,512,5120,2621440,2621440,1,1044481,2097152,2620869,0.001603,0.000000,0.002794,0.000066,0.000756,0.016846,0.000207,0.000266,0.000908,0.000314,0.024241
1,1,10,"q10_case1",2042,512,5120,2621440,2621440,1,1044993,2097152,2620927,0.001689,0.000000,0.002792,0.000038,0.000735,0.017141,0.000182,0.000296,0.000917,0.000286,0.024539
1,1,10,"q10_case1",2043,512,5120,2621440,2621440,1,1045505,2097152,2620922,0.001594,0.000000,0.000426,0.000039,0.000786,0.017608,0.000150,0.000270,0.000939,0.000297,0.022485
1,1,10,"q10_case1",2044,512,5120,2621440,2621440,1,1046017,2097152,2620926,0.001600,0.000000,0.000402,0.000046,0.000780,0.017130,0.000155,0.000307,0.000891,0.000312,0.022008
1,1,10,"q10_case1",2045,512,5120,2621440,2621440,1,1046529,2097152,2620919,0.001579,0.000000,0.000485,0.000042,0.000734,0.026317,0.000140,0.000260,0.000930,0.000314,0.031054
1,1,10,"q10_case1",2046,512,5120,2621440,2621440,1,1047041,2097152,2620927,0.001618,0.000000,0.000446,0.000042,0.000728,0.016287,0.000198,0.000275,0.000939,0.000314,0.021168
1,1,10,"q10_case1",2047,512,5120,2621440,2621440,1,1047553,2097152,2620921,0.001615,0.000000,0.000432,0.000068,0.000743,0.017037,0.000166,0.000556,0.000958,0.000333,0.022245
1,1,10,"q10_case1",2048,512,5120,2621440,2621440,1,1048065,2097152,2620924,0.001667,0.000000,0.001811,0.000061,0.000743,0.016496,0.000157,0.000290,0.000989,0.000353,0.022858
1,1,10,"q10_case1",2049,512,5120,2621440,2621440,1,1048577,4194304,2620919,0.125133,0.002314,0.006903,0.000000,0.000738,0.015054,0.000188,0.000384,0.000876,0.000306,0.153081
1,1,10,"q10_case1",2050,512,5120,2621440,2621440,1,1049089,4194304,2620925,0.001545,0.000000,0.000741,0.000065,0.000799,0.017551,0.000230,0.000293,0.000905,0.000288,0.022890
1,1,10,"q10_case1",2051,512,5120,2621440,2621440,1,1049601,4194304,2620924,0.001650,0.000000,0.000458,0.000033,0.000720,0.016653,0.000145,0.000323,0.000933,0.000301,0.021604
1,1,10,"q10_case1",2052,512,5120,2621440,2621440,1,1050113,4194304,2620909,0.001640,0.000000,0.000429,0.000047,0.000721,0.017317,0.000249,0.000340,0.000984,0.000320,0.022438
1,1,10,"q10_case1",2053,512,5120,2621440,2621440,1,1050625,4194304,2620917,0.001678,0.000000,0.000806,0.000071,0.000763,0.016951,0.000194,0.000332,0.000973,0.000341,0.022639
1,1,10,"q10_case1",2054,512,5120,2621440,2621440,1,1051137,4194304,2620918,0.001635,0.000001,0.000391,0.000054,0.000726,0.016194,0.000143,0.000321,0.000978,0.000325,0.021143
1,1,10,"q10_case1",2055,512,5120,2621440,2621440,1,1051649,4194304,2620926,0.001638,0.000000,0.000401,0.000034,0.000774,0.016671,0.000140,0.000283,0.000977,0.000287,0.021580
1,1,10,"q10_case1",2056,512,5120,2621440,2621440,1,1052161,4194304,2620919,0.001600,0.000000,0.000482,0.000035,0.000724,0.020516,0.000140,0.000309,0.000883,0.000288,0.025235
1,1,10,"q10_case1",2057,512,5120,2621440,2621440,1,1052673,4194304,2620922,0.001625,0.000001,0.000402,0.000036,0.000723,0.016325,0.000173,0.000297,0.000906,0.000309,0.021103
1,1,10,"q10_case1",2058,512,5120,2621440,2621440,1,1053185,4194304,2620923,0.001588,0.000000,0.000734,0.000069,0.000754,0.017258,0.000204,0.000304,0.000880,0.000285,0.022571
1,1,10,"q10_case1",2059,512,5120,2621440,2621440,1,1053697,4194304,2620928,0.001641,0.000001,0.000427,0.000036,0.000726,0.017394,0.000187,0.000286,0.000968,0.000374,0.022348
1,1,10,"q10_case1",2060,512,5120,2621440,2621440,1,1054209,4194304,2620918,0.001653,0.000001,0.000401,0.000045,0.000744,0.016098,0.000190,0.000287,0.000977,0.000319,0.021065
1,1,10,"q10_case1",2061,512,5120,2621440,2621440,1,1054721,4194304,2620920,0.001714,0.000000,0.000605,0.000208,0.000759,0.017697,0.000209,0.000303,0.000976,0.000328,0.023336
1,1,10,"q10_case1",2062,512,5120,2621440,2621440,1,1055233,4194304,2620920,0.001689,0.000000,0.000431,0.000049,0.000725,0.017094,0.000153,0.000263,0.000975,0.000314,0.022061
1,1,10,"q10_case1",2063,512,5120,2621440,2621440,1,1055745,4194304,2620927,0.001617,0.000000,0.000475,0.000034,0.000723,0.016631,0.000143,0.000253,0.000873,0.000255,0.021273
1,1,10,"q10_case1",2064,512,5120,2621440,2621440,1,1056257,4194304,2620919,0.001484,0.000000,0.000397,0.000031,0.000771,0.018338,0.000180,0.000249,0.000843,0.000265,0.022910
1,1,10,"q10_case1",2065,512,5120,2621440,2621440,1,1056769,4194304,2620922,0.001476,0.000000,0.000442,0.000032,0.000726,0.016144,0.000135,0.000247,0.000854,0.000263,0.020557
1,1,10,"q10_case1",2066,512,5120,2621440,2621440,1,1057281,4194304,2620922,0.001477,0.000000,0.000401,0.000040,0.000737,0.016802,0.000141,0.000267,0.000833,0.000264,0.021243
1,1,10,"q10_case1",2067,512,5120,2621440,2621440,1,1057793,4194304,2620928,0.001517,0.000000,0.000296,0.000032,0.000724,0.016467,0.000181,0.000263,0.000897,0.000313,0.020971
1,1,10,"q10_case1",2068,512,5120,2621440,2621440,1,1058305,4194304,2620928,0.001544,0.000000,0.000402,0.000042,0.000725,0.016648,0.000149,0.000273,0.001017,0.000324,0.021419
1,1,10,"q10_case1",2069,512,5120,2621440,2621440,1,1058817,4194304,2620920,0.001498,0.000001,0.000412,0.000042,0.000722,0.016194,0.000135,0.000256,0.000827,0.000286,0.020704
1,1,10,"q10_case1",2070,512,5120,2621440,2621440,1,1059329,4194304,2620680,0.001519,0.000000,0.000537,0.000075,0.000724,0.015193,0.000150,0.000356,0.000848,0.000292,0.019920
1,1,10,"q10_case1",2071,512,5120,2621440,2621440,1,1059841,4194304,2620448,0.001485,0.000000,0.000476,0.000032,0.000757,0.022076,0.000189,0.000309,0.000777,0.000266,0.026731
1,1,10,"q10_case1",2072,512,5120,2621440,2621440,1,1060353,4194304,2620473,0.001482,0.000000,0.000387,0.000034,0.000725,0.017478,0.000143,0.000313,0.000846,0.000311,0.022006
1,1,10,"q10_case1",2073,512,5120,2621440,2621440,1,1060865,4194304,2620525,0.001472,0.000000,0.000384,0.000075,0.000729,0.016265,0.000140,0.000258,0.000883,0.000233,0.020752
1,1,10,"q10_case1",2074,512,5120,2621440,2621440,1,1061377,4194304,2620886,0.001470,0.000000,0.000332,0.000034,0.000724,0.016244,0.000135,0.000267,0.000830,0.000241,0.020543
1,1,10,"q10_case1",2075,512,5120,2621440,2621440,1,1061889,4194304,2620890,0.001492,0.000000,0.000415,0.000053,0.000730,0.016028,0.000142,0.000251,0.000865,0.000276,0.020567
1,1,10,"q10_case1",2076,512,5120,2621440,2621440,1,1062401,4194304,2620817,0.001542,0.000000,0.000400,0.000058,0.000741,0.016455,0.000174,0.000262,0.000911,0.000310,0.021191
1,1,10,"q10_case1",2077,512,5120,2621440,2621440,1,1062913,4194304,2620790,0.001544,0.000000,0.000464,0.000041,0.000724,0.016931,0.000140,0.000265,0.000885,0.000287,0.021545
1,1,10,"q10_case1",2078,512,5120,2621440,2621440,1,1063425,4194304,2620890,0.001490,0.000000,0.000407,0.000043,0.000727,0.017117,0.000174,0.000260,0.000923,0.000279,0.021720
1,1,10,"q10_case1",2079,512,5120,2621440,2621440,1,1063937,4194304,2620889,0.001476,0.000000,0.000436,0.000031,0.000726,0.016023,0.000139,0.000251,0.000836,0.000252,0.020433
1,1,10,"q10_case1",2080,512,5120,2621440,2621440,1,1064449,4194304,2620898,0.001483,0.000000,0.000429,0.000083,0.000723,0.016674,0.000252,0.000284,0.001147,0.000501,0.022180
1,1,10,"q10_case1",2081,512,5120,2621440,2621440,1,1064961,4194304,2620920,0.001502,0.000000,0.000592,0.000047,0.000739,0.017792,0.000187,0.000335,0.000832,0.000254,0.022569
1,1,10,"q10_case1",2082,512,5120,2621440,2621440,1,1065473,4194304,2620923,0.001470,0.000000,0.000479,0.000030,0.000727,0.016267,0.000135,0.000255,0.000832,0.000249,0.020753
1,1,10,"q10_case1",2083,512,5120,2621440,2621440,1,1065985,4194304,2620884,0.001527,0.000000,0.000395,0.000030,0.000758,0.016623,0.000146,0.000269,0.000992,0.000315,0.021344
1,1,10,"q10_case1",2084,512,5120,2621440,2621440,1,1066497,4194304,2620920,0.001566,0.000000,0.000391,0.000032,0.000729,0.017052,0.000203,0.000295,0.000870,0.000284,0.021828
1,1,10,"q10_case1",2085,512,5120,2621440,2621440,1,1067009,4194304,2620922,0.001540,0.000000,0.000373,0.000039,0.000726,0.016101,0.000170,0.000264,0.000865,0.000257,0.020595
1,1,10,"q10_case1",2086,512,5120,2621440,2621440,1,1067521,4194304,2620908,0.001502,0.000000,0.000897,0.000039,0.000738,0.019005,0.000193,0.000267,0.000859,0.000268,0.024041
1,1,10,"q10_case1",2087,512,5120,2621440,2621440,1,1068033,4194304,2620927,0.001479,0.000000,0.000417,0.000031,0.000727,0.017655,0.000150,0.000251,0.000889,0.000266,0.022087
1,1,10,"q10_case1",2088,512,5120,2621440,2621440,1,1068545,4194304,2620922,0.001474,0.000000,0.000415,0.000031,0.000727,0.015911,0.000140,0.000253,0.000876,0.000250,0.020411
1,1,10,"q10_case1",2089,512,5120,2621440,2621440,1,1069057,4194304,2620887,0.001476,0.000001,0.004445,0.000032,0.000724,0.016130,0.000168,0.000251,0.000853,0.000254,0.024587
1,1,10,"q10_case1",2090,512,5120,2621440,2621440,1,1069569,4194304,2620925,0.001465,0.000000,0.002667,0.000075,0.000728,0.016474,0.000176,0.000258,0.000858,0.000270,0.023225
1,1,10,"q10_case1",2091,512,5120,2621440,2621440,1,1070081,4194304,2620918,0.001582,0.000000,0.000399,0.000036,0.000727,0.019798,0.000182,0.000301,0.000908,0.000259,0.024465
1,1,10,"q10_case1",2092,512,5120,2621440,2621440,1,1070593,4194304,2620921,0.001582,0.000000,0.000397,0.000043,0.000729,0.016324,0.000157,0.000322,0.000965,0.000285,0.021171
1,1,10,"q10_case1",2093,512,5120,2621440,2621440,1,1071105,4194304,2620871,0.001563,0.000000,0.000400,0.000045,0.000741,0.017215,0.000151,0.000274,0.000913,0.000304,0.021952
1,1,10,"q10_case1",2094,512,5120,2621440,2621440,1,1071617,4194304,2620878,0.001523,0.000000,0.000388,0.000029,0.000775,0.015294,0.000136,0.000257,0.000834,0.000285,0.019776
1,1,10,"q10_case1",2095,512,5120,2621440,2621440,1,1072129,4194304,2620577,0.001473,0.000000,0.000394,0.000030,0.000727,0.018856,0.000135,0.000255,0.000878,0.000261,0.023290
1,1,10,"q10_case1",2096,512,5120,2621440,2621440,1,1072641,4194304,2620915,0.001493,0.000000,0.000525,0.000031,0.000730,0.017129,0.000139,0.000250,0.000866,0.000246,0.021645
1,1,10,"q10_case1",2097,512,5120,2621440,2621440,1,1073153,4194304,2620913,0.001526,0.000000,0.000408,0.000033,0.000726,0.020337,0.000138,0.000262,0.000831,0.000258,0.024836
1,1,10,"q10_case1",2098,512,5120,2621440,2621440,1,1073665,4194304,2620789,0.001512,0.000000,0.000396,0.000042,0.000724,0.016366,0.000151,0.000264,0.000857,0.000287,0.020892
1,1,10,"q10_case1",2099,512,5120,2621440,2621440,1,1074177,4194304,2620884,0.001570,0.000000,0.000712,0.000061,0.000761,0.018617,0.000235,0.000278,0.000889,0.000297,0.023920
1,1,10,"q10_case1",2100,512,5120,2621440,2621440,1,1074689,4194304,2620920,0.001623,0.000000,0.000391,0.000055,0.000731,0.016511,0.000184,0.000275,0.000910,0.000282,0.021261
1,1,10,"q10_case1",2101,512,5120,2621440,2621440,1,1075201,4194304,2620919,0.001569,0.000001,0.000494,0.000043,0.000733,0.015416,0.000151,0.000270,0.000901,0.000285,0.020176
1,1,10,"q10_case1",2102,512,5120,2621440,2621440,1,1075713,4194304,2620908,0.001507,0.000000,0.000457,0.000033,0.000725,0.016675,0.000137,0.000264,0.000874,0.000266,0.021242
1,1,10,"q10_case1",2103,512,5120,2621440,2621440,1,1076225,4194304,2620924,0.001481,0.000000,0.000441,0.000035,0.000733,0.018615,0.000134,0.000253,0.000865,0.000276,0.023125
1,1,10,"q10_case1",2104,512,5120,2621440,2621440,1,1076737,4194304,2620926,0.001472,0.000000,0.000385,0.000075,0.000731,0.016497,0.000148,0.000246,0.000847,0.000240,0.020939
1,1,10,"q10_case1",2105,512,5120,2621440,2621440,1,1077249,4194304,2620920,0.001511,0.000000,0.000473,0.000065,0.000729,0.022202,0.000134,0.000260,0.000829,0.000259,0.026739
1,1,10,"q10_case1",2106,512,5120,2621440,2621440,1,1077761,4194304,2620714,0.001481,0.000001,0.000457,0.000032,0.000725,0.016242,0.000137,0.000258,0.000882,0.000327,0.020858
1,1,10,"q10_case1",2107,512,5120,2621440,2621440,1,1078273,4194304,2620533,0.001563,0.000000,0.000482,0.000056,0.000726,0.016147,0.000142,0.000331,0.000886,0.000289,0.020899
1,1,10,"q10_case1",2108,512,5120,2621440,2621440,1,1078785,4194304,2620902,0.001540,0.000000,0.000403,0.000043,0.000766,0.016553,0.000144,0.000307,0.000907,0.000293,0.021289
1,1,10,"q10_case1",2109,512,5120,2621440,2621440,1,1079297,4194304,2620923,0.001536,0.000000,0.000677,0.000045,0.000727,0.019035,0.000177,0.000272,0.000856,0.000263,0.023849
1,1,10,"q10_case1",2110,512,5120,2621440,2621440,1,1079809,4194304,2620904,0.001487,0.000000,0.000310,0.000034,0.000725,0.016403,0.000151,0.000261,0.000865,0.000276,0.020781
1,1,10,"q10_case1",2111,512,5120,2621440,2621440,1,1080321,4194304,2620922,0.001490,0.000001,0.000408,0.000070,0.000729,0.016168,0.000140,0.000254,0.000873,0.000256,0.020699
1,1,10,"q10_case1",2112,512,5120,2621440,2621440,1,1080833,4194304,2620918,0.001468,0.000000,0.000403,0.000075,0.000729,0.015900,0.000142,0.000253,0.000831,0.000247,0.020372
1,1,10,"q10_case1",2113,512,5120,2621440,2621440,1,1081345,4194304,2620925,0.001467,0.000000,0.000413,0.000073,0.000730,0.016614,0.000142,0.000253,0.000840,0.000258,0.021047
1,1,10,"q10_case1",2114,512,5120,2621440,2621440,1,1081857,4194304,2620881,0.001473,0.000000,0.000398,0.000031,0.000775,0.017855,0.000135,0.000251,0.000850,0.000296,0.022341
1,1,10,"q10_case1",2115,512,5120,2621440,2621440,1,1082369,4194304,2620922,0.001544,0.000000,0.000415,0.000039,0.000727,0.016492,0.000149,0.000272,0.000959,0.000289,0.021209
1,1,10,"q10_case1",2116,512,5120,2621440,2621440,1,1082881,4194304,2620914,0.001633,0.000000,0.000724,0.000057,0.000730,0.016384,0.000227,0.000262,0.000869,0.000272,0.021588
1,1,10,"q10_case1",2117,512,5120,2621440,2621440,1,1083393,4194304,2620867,0.001520,0.000000,0.004902,0.000031,0.000772,0.016778,0.000186,0.000255,0.000881,0.000283,0.025880
1,1,10,"q10_case1",2118,512,5120,2621440,2621440,1,1083905,4194304,2620904,0.001498,0.000000,0.000409,0.000042,0.000728,0.017247,0.000139,0.000257,0.000854,0.000256,0.021697
1,1,10,"q10_case1",2119,512,5120,2621440,2621440,1,1084417,4194304,2620879,0.001504,0.000000,0.000378,0.000032,0.000731,0.016510,0.000144,0.000253,0.000855,0.000253,0.020909
1,1,10,"q10_case1",2120,512,5120,2621440,2621440,1,1084929,4194304,2620918,0.001476,0.000000,0.000505,0.000030,0.000751,0.015517,0.000142,0.000251,0.000848,0.000246,0.020080
1,1,10,"q10_case1",2121,512,5120,2621440,2621440,1,1085441,4194304,2620919,0.001497,0.000000,0.000365,0.000031,0.000751,0.016407,0.000145,0.000364,0.000861,0.000250,0.021027
1,1,10,"q10_case1",2122,512,5120,2621440,2621440,1,1085953,4194304,2620921,0.001501,0.000000,0.000423,0.000038,0.000732,0.015860,0.000148,0.000293,0.000853,0.000309,0.020471
1,1,10,"q10_case1",2123,512,5120,2621440,2621440,1,1086465,4194304,2620922,0.001507,0.000000,0.000423,0.000032,0.000753,0.016363,0.000145,0.000310,0.000935,0.000293,0.021095
1,1,10,"q10_case1",2124,512,5120,2621440,2621440,1,1086977,4194304,2620915,0.001576,0.000000,0.000318,0.000031,0.001044,0.016316,0.000139,0.000276,0.000891,0.000274,0.021143
1,1,10,"q10_case1",2125,512,5120,2621440,2621440,1,1087489,4194304,2620920,0.001556,0.000000,0.000600,0.000061,0.000759,0.016504,0.000196,0.000258,0.000868,0.000269,0.021476
1,1,10,"q10_case1",2126,512,5120,2621440,2621440,1,1088001,4194304,2620917,0.001501,0.000000,0.000455,0.000037,0.000727,0.016448,0.000172,0.000256,0.000879,0.000267,0.021001
1,1,10,"q10_case1",2127,512,5120,2621440,2621440,1,1088513,4194304,2620917,0.001474,0.000001,0.000364,0.000077,0.000729,0.016854,0.000139,0.000260,0.000873,0.000262,0.021340
1,1,10,"q10_case1",2128,512,5120,2621440,2621440,1,1089025,4194304,2620923,0.001491,0.000000,0.000394,0.000032,0.000731,0.016088,0.000167,0.000280,0.000870,0.000246,0.020678
1,1,10,"q10_case1",2129,512,5120,2621440,2621440,1,1089537,4194304,2620924,0.001466,0.000000,0.000662,0.000058,0.000763,0.016302,0.000200,0.000249,0.000843,0.000224,0.021211
1,1,10,"q10_case1",2130,512,5120,2621440,2621440,1,1090049,4194304,2620925,0.001497,0.000000,0.000616,0.000057,0.000756,0.015728,0.000192,0.000257,0.000828,0.000308,0.020660
1,1,10,"q10_case1",2131,512,5120,2621440,2621440,1,1090561,4194304,2620925,0.001583,0.000000,0.000411,0.000049,0.000731,0.016264,0.000139,0.000267,0.000924,0.000333,0.021012
1,1,10,"q10_case1",2132,512,5120,2621440,2621440,1,1091073,4194304,2620925,0.001527,0.000000,0.000459,0.000031,0.000732,0.016844,0.000198,0.000505,0.000907,0.000273,0.021953
1,1,10,"q10_case1",2133,512,5120,2621440,2621440,1,1091585,4194304,2620924,0.001539,0.000000,0.000958,0.000034,0.000730,0.017330,0.000186,0.000254,0.000889,0.000271,0.022470
1,1,10,"q10_case1",2134,512,5120,2621440,2621440,1,1092097,4194304,2620927,0.001499,0.000000,0.001664,0.000029,0.000763,0.016941,0.000142,0.000254,0.000856,0.000253,0.022684
1,1,10,"q10_case1",2135,512,5120,2621440,2621440,1,1092609,4194304,2620928,0.001486,0.000000,0.000398,0.000031,0.000766,0.016290,0.000145,0.000249,0.000875,0.000256,0.020786
1,1,10,"q10_case1",2136,512,5120,2621440,2621440,1,1093121,4194304,2620928,0.001468,0.000000,0.000576,0.000041,0.000733,0.020393,0.000140,0.000247,0.000867,0.000253,0.024974
1,1,10,"q10_case1",2137,512,5120,2621440,2621440,1,1093633,4194304,2620924,0.001462,0.000000,0.000399,0.000032,0.000731,0.016255,0.000139,0.000265,0.000860,0.000255,0.020791
1,1,10,"q10_case1",2138,512,5120,2621440,2621440,1,1094145,4194304,2620928,0.001497,0.000001,0.000360,0.000050,0.000733,0.016222,0.000181,0.000261,0.000926,0.000261,0.020816
1,1,10,"q10_case1",2139,512,5120,2621440,2621440,1,1094657,4194304,2620924,0.001540,0.000000,0.000378,0.000046,0.000730,0.016489,0.000193,0.000283,0.000904,0.000278,0.021284
1,1,10,"q10_case1",2140,512,5120,2621440,2621440,1,1095169,4194304,2620926,0.001536,0.000000,0.001407,0.000034,0.000734,0.016286,0.000137,0.000258,0.000887,0.000278,0.021853
1,1,10,"q10_case1",2141,512,5120,2621440,2621440,1,1095681,4194304,2620858,0.001514,0.000000,0.000419,0.000034,0.000733,0.016021,0.000137,0.000263,0.000897,0.000309,0.020630
1,1,10,"q10_case1",2142,512,5120,2621440,2621440,1,1096193,4194304,2620530,0.001519,0.000001,0.000398,0.000035,0.000745,0.016241,0.000141,0.000259,0.000993,0.000261,0.020860
1,1,10,"q10_case1",2143,512,5120,2621440,2621440,1,1096705,4194304,2620907,0.001505,0.000000,0.002828,0.000030,0.000732,0.016494,0.000181,0.000264,0.000847,0.000240,0.023419
1,1,10,"q10_case1",2144,512,5120,2621440,2621440,1,1097217,4194304,2620925,0.001483,0.000000,0.000423,0.000035,0.000728,0.016565,0.000138,0.000261,0.000860,0.000285,0.021013
1,1,10,"q10_case1",2145,512,5120,2621440,2621440,1,1097729,4194304,2620928,0.001491,0.000000,0.000633,0.000031,0.000730,0.019044,0.000165,0.000248,0.000864,0.000241,0.023713
1,1,10,"q10_case1",2146,512,5120,2621440,2621440,1,1098241,4194304,2620928,0.001468,0.000000,0.000450,0.000031,0.000734,0.015403,0.000135,0.000346,0.000899,0.000275,0.020037
1,1,10,"q10_case1",2147,512,5120,2621440,2621440,1,1098753,4194304,2620928,0.001556,0.000001,0.000422,0.000039,0.000736,0.015865,0.000173,0.000266,0.000905,0.000302,0.020623
1,1,10,"q10_case1",2148,512,5120,2621440,2621440,1,1099265,4194304,2620928,0.001534,0.000000,0.000895,0.000061,0.000733,0.016414,0.000152,0.000264,0.000955,0.000373,0.021645
1,1,10,"q10_case1",2149,512,5120,2621440,2621440,1,1099777,4194304,2620927,0.001519,0.000000,0.000417,0.000037,0.000736,0.016810,0.000145,0.000301,0.000888,0.000253,0.021450
1,1,10,"q10_case1",2150,512,5120,2621440,2621440,1,1100289,4194304,2620928,0.001562,0.000000,0.000403,0.000042,0.000736,0.016587,0.000134,0.000254,0.000868,0.000264,0.021122
1,1,10,"q10_case1",2151,512,5120,2621440,2621440,1,1100801,4194304,2620923,0.001519,0.000000,0.000412,0.000033,0.000733,0.016907,0.000145,0.000275,0.000838,0.000273,0.021419
1,1,10,"q10_case1",2152,512,5120,2621440,2621440,1,1101313,4194304,2620734,0.001511,0.000000,0.000421,0.000029,0.000732,0.016980,0.000143,0.000266,0.000839,0.000306,0.021552
1,1,10,"q10_case1",2153,512,5120,2621440,2621440,1,1101825,4194304,2620514,0.001458,0.000000,0.000434,0.000033,0.000743,0.021121,0.000172,0.000286,0.001213,0.000233,0.025971
1,1,10,"q10_case1",2154,512,5120,2621440,2621440,1,1102337,4194304,2620892,0.001467,0.000000,0.000586,0.000030,0.000734,0.015891,0.000141,0.000498,0.001396,0.000276,0.021356
1,1,10,"q10_case1",2155,512,5120,2621440,2621440,1,1102849,4194304,2620927,0.001553,0.000000,0.000367,0.000032,0.000730,0.016370,0.000195,0.000559,0.000888,0.000284,0.021340
1,1,10,"q10_case1",2156,512,5120,2621440,2621440,1,1103361,4194304,2620918,0.001525,0.000000,0.001237,0.000042,0.000734,0.016953,0.000177,0.000267,0.000911,0.000263,0.022375
1,1,10,"q10_case1",2157,512,5120,2621440,2621440,1,1103873,4194304,2620926,0.001495,0.000000,0.000440,0.000036,0.000762,0.016774,0.000151,0.000256,0.000874,0.000264,0.021394
1,1,10,"q10_case1",2158,512,5120,2621440,2621440,1,1104385,4194304,2620923,0.001502,0.000000,0.004338,0.000048,0.000782,0.016401,0.000158,0.000249,0.000863,0.000248,0.024844
1,1,10,"q10_case1",2159,512,5120,2621440,2621440,1,1104897,4194304,2620927,0.001480,0.000000,0.000396,0.000077,0.000735,0.016581,0.000143,0.000249,0.000861,0.000242,0.021123
1,1,10,"q10_case1",2160,512,5120,2621440,2621440,1,1105409,4194304,2620927,0.001481,0.000000,0.000410,0.000060,0.000734,0.017038,0.000175,0.000278,0.000832,0.000239,0.021524
1,1,10,"q10_case1",2161,512,5120,2621440,2621440,1,1105921,4194304,2620928,0.001485,0.000000,0.004683,0.000030,0.000734,0.016259,0.000139,0.000248,0.000854,0.000247,0.024948
1,1,10,"q10_case1",2162,512,5120,2621440,2621440,1,1106433,4194304,2620928,0.001471,0.000000,0.000432,0.000041,0.000736,0.015811,0.000137,0.000257,0.000888,0.000261,0.020278
1,1,10,"q10_case1",2163,512,5120,2621440,2621440,1,1106945,4194304,2620926,0.001544,0.000000,0.000448,0.000035,0.000734,0.016333,0.000175,0.000264,0.000900,0.000267,0.021040
1,1,10,"q10_case1",2164,512,5120,2621440,2621440,1,1107457,4194304,2620926,0.001515,0.000000,0.000391,0.000061,0.000734,0.016605,0.000185,0.000262,0.000888,0.000279,0.021232
1,1,10,"q10_case1",2165,512,5120,2621440,2621440,1,1107969,4194304,2620928,0.001506,0.000001,0.000423,0.000034,0.000732,0.015978,0.000171,0.000256,0.000879,0.000262,0.020504
1,1,10,"q10_case1",2166,512,5120,2621440,2621440,1,1108481,4194304,2620927,0.001504,0.000000,0.000390,0.000038,0.000734,0.017324,0.000206,0.000279,0.001105,0.000260,0.022393
1,1,10,"q10_case1",2167,512,5120,2621440,2621440,1,1108993,4194304,2620928,0.001473,0.000000,0.000398,0.000051,0.000733,0.016122,0.000134,0.000255,0.000884,0.000261,0.020584
1,1,10,"q10_case1",2168,512,5120,2621440,2621440,1,1109505,4194304,2620928,0.001456,0.000000,0.000386,0.000030,0.000735,0.016849,0.000139,0.000260,0.000861,0.000240,0.021280
1,1,10,"q10_case1",2169,512,5120,2621440,2621440,1,1110017,4194304,2620925,0.001457,0.000000,0.000360,0.000027,0.000782,0.016110,0.000137,0.000254,0.000855,0.000234,0.020537
1,1,10,"q10_case1",2170,512,5120,2621440,2621440,1,1110529,4194304,2620925,0.001474,0.000001,0.000420,0.000071,0.000735,0.016050,0.000136,0.000253,0.000875,0.000267,0.020576
1,1,10,"q10_case1",2171,512,5120,2621440,2621440,1,1111041,4194304,2620919,0.001523,0.000001,0.000410,0.000035,0.000735,0.016799,0.000192,0.000268,0.001051,0.000347,0.021700
1,1,10,"q10_case1",2172,512,5120,2621440,2621440,1,1111553,4194304,2620544,0.001545,0.000000,0.000759,0.000062,0.000768,0.016836,0.000172,0.000273,0.000877,0.000338,0.022166
1,1,10,"q10_case1",2173,512,5120,2621440,2621440,1,1112065,4194304,2620492,0.001523,0.000000,0.000383,0.000032,0.000750,0.017394,0.000173,0.000258,0.000880,0.000251,0.021895
1,1,10,"q10_case1",2174,512,5120,2621440,2621440,1,1112577,4194304,2620868,0.001506,0.000000,0.000441,0.000032,0.000736,0.016248,0.000139,0.000248,0.000866,0.000240,0.020707
1,1,10,"q10_case1",2175,512,5120,2621440,2621440,1,1113089,4194304,2620922,0.001471,0.000000,0.000428,0.000076,0.000735,0.016236,0.000151,0.000268,0.000830,0.000255,0.020730
1,1,10,"q10_case1",2176,512,5120,2621440,2621440,1,1113601,4194304,2620904,0.001485,0.000000,0.004689,0.000065,0.000771,0.016248,0.000194,0.000252,0.000823,0.000239,0.025153
1,1,10,"q10_case1",2177,512,5120,2621440,2621440,1,1114113,4194304,2620926,0.001471,0.000000,0.000400,0.000056,0.000734,0.017137,0.000141,0.000245,0.000845,0.000240,0.021580
1,1,10,"q10_case1",2178,512,5120,2621440,2621440,1,1114625,4194304,2620904,0.001477,0.000001,0.001659,0.000036,0.000748,0.016279,0.000171,0.000266,0.000842,0.000267,0.022037
1,1,10,"q10_case1",2179,512,5120,2621440,2621440,1,1115137,4194304,2620928,0.001560,0.000000,0.000434,0.000036,0.000734,0.028726,0.000146,0.000274,0.000945,0.000273,0.033432
1,1,10,"q10_case1",2180,512,5120,2621440,2621440,1,1115649,4194304,2620927,0.001540,0.000000,0.003237,0.000071,0.000739,0.017522,0.000210,0.000305,0.001171,0.000287,0.025666
1,1,10,"q10_case1",2181,512,5120,2621440,2621440,1,1116161,4194304,2620928,0.001526,0.000000,0.000403,0.000060,0.000736,0.016580,0.000147,0.000256,0.000871,0.000288,0.021187
1,1,10,"q10_case1",2182,512,5120,2621440,2621440,1,1116673,4194304,2620908,0.001510,0.000000,0.000389,0.000080,0.000735,0.016644,0.000141,0.000269,0.000822,0.000248,0.021184
1,1,10,"q10_case1",2183,512,5120,2621440,2621440,1,1117185,4194304,2620925,0.001498,0.000000,0.000391,0.000031,0.000739,0.016480,0.000133,0.000247,0.000866,0.000240,0.020900
1,1,10,"q10_case1",2184,512,5120,2621440,2621440,1,1117697,4194304,2620926,0.001467,0.000000,0.000430,0.000032,0.000736,0.016186,0.000141,0.000248,0.000851,0.000249,0.020608
1,1,10,"q10_case1",2185,512,5120,2621440,2621440,1,1118209,4194304,2620894,0.001466,0.000000,0.000415,0.000033,0.000735,0.019573,0.000139,0.000274,0.000812,0.000261,0.023977
1,1,10,"q10_case1",2186,512,5120,2621440,2621440,1,1118721,4194304,2620924,0.001496,0.000001,0.000408,0.000049,0.000739,0.017376,0.000159,0.000274,0.000880,0.000251,0.022008
1,1,10,"q10_case1",2187,512,5120,2621440,2621440,1,1119233,4194304,2620925,0.001592,0.000000,0.000342,0.000038,0.000741,0.017950,0.000151,0.000257,0.000900,0.000293,0.022559
1,1,10,"q10_case1",2188,512,5120,2621440,2621440,1,1119745,4194304,2620928,0.001538,0.000000,0.000451,0.000033,0.000734,0.017048,0.000149,0.000274,0.000886,0.000281,0.021708
1,1,10,"q10_case1",2189,512,5120,2621440,2621440,1,1120257,4194304,2620904,0.001545,0.000001,0.000767,0.000059,0.001025,0.016722,0.000240,0.000271,0.000899,0.000297,0.022432
1,1,10,"q10_case1",2190,512,5120,2621440,2621440,1,1120769,4194304,2620928,0.001495,0.000000,0.000437,0.000033,0.000740,0.016954,0.000143,0.000253,0.000847,0.000237,0.021386
1,1,10,"q10_case1",2191,512,5120,2621440,2621440,1,1121281,4194304,2620928,0.001464,0.000001,0.000398,0.000029,0.000736,0.017539,0.000145,0.000251,0.000870,0.000250,0.021966
1,1,10,"q10_case1",2192,512,5120,2621440,2621440,1,1121793,4194304,2620733,0.001474,0.000000,0.000405,0.000075,0.000777,0.016154,0.000141,0.000258,0.000844,0.000291,0.020720
1,1,10,"q10_case1",2193,512,5120,2621440,2621440,1,1122305,4194304,2620509,0.001455,0.000000,0.000541,0.000030,0.000736,0.016022,0.000187,0.000286,0.000815,0.000255,0.020627
1,1,10,"q10_case1",2194,512,5120,2621440,2621440,1,1122817,4194304,2620886,0.001492,0.000000,0.002120,0.000038,0.000739,0.016187,0.000150,0.000257,0.000980,0.000261,0.022548
1,1,10,"q10_case1",2195,512,5120,2621440,2621440,1,1123329,4194304,2620892,0.001610,0.000000,0.000798,0.000056,0.000761,0.016498,0.000203,0.000263,0.000923,0.000342,0.021858
1,1,10,"q10_case1",2196,512,5120,2621440,2621440,1,1123841,4194304,2620531,0.001840,0.000000,0.000513,0.000059,0.000773,0.016545,0.000202,0.000268,0.000951,0.000281,0.021943
1,1,10,"q10_case1",2197,512,5120,2621440,2621440,1,1124353,4194304,2620900,0.001515,0.000000,0.000498,0.000032,0.000737,0.016425,0.000136,0.000253,0.000894,0.000271,0.021053
1,1,10,"q10_case1",2198,512,5120,2621440,2621440,1,1124865,4194304,2620921,0.001500,0.000001,0.000563,0.000032,0.000739,0.017295,0.000139,0.000261,0.000878,0.000279,0.021957
1,1,10,"q10_case1",2199,512,5120,2621440,2621440,1,1125377,4194304,2620917,0.001465,0.000001,0.000429,0.000034,0.000738,0.019534,0.000140,0.000251,0.000830,0.000248,0.023963
1,1,10,"q10_case1",2200,512,5120,2621440,2621440,1,1125889,4194304,2620928,0.001486,0.000000,0.000415,0.000037,0.000741,0.016653,0.000139,0.000255,0.000848,0.000241,0.021071
1,1,10,"q10_case1",2201,512,5120,2621440,2621440,1,1126401,4194304,2620906,0.001473,0.000000,0.000420,0.000030,0.000739,0.016447,0.000148,0.000254,0.000844,0.000252,0.020837
1,1,10,"q10_case1",2202,512,5120,2621440,2621440,1,1126913,4194304,2620928,0.001506,0.000000,0.000502,0.000035,0.000740,0.017599,0.000176,0.000292,0.000870,0.000275,0.022507
1,1,10,"q10_case1",2203,512,5120,2621440,2621440,1,1127425,4194304,2620926,0.001520,0.000001,0.000418,0.000036,0.000740,0.016826,0.000148,0.000261,0.000924,0.000270,0.021483
1,1,10,"q10_case1",2204,512,5120,2621440,2621440,1,1127937,4194304,2620927,0.001534,0.000001,0.000363,0.000048,0.000737,0.016663,0.000137,0.000282,0.000918,0.000286,0.021318
1,1,10,"q10_case1",2205,512,5120,2621440,2621440,1,1128449,4194304,2620928,0.001521,0.000000,0.003033,0.000047,0.001009,0.016572,0.000207,0.000266,0.000867,0.000299,0.024153
1,1,10,"q10_case1",2206,512,5120,2621440,2621440,1,1128961,4194304,2620926,0.001518,0.000000,0.000393,0.000073,0.000738,0.017470,0.000139,0.000249,0.000885,0.000246,0.021975
1,1,10,"q10_case1",2207,512,5120,2621440,2621440,1,1129473,4194304,2620928,0.001485,0.000000,0.000395,0.000044,0.000737,0.016314,0.000155,0.000249,0.000893,0.000255,0.020800
1,1,10,"q10_case1",2208,512,5120,2621440,2621440,1,1129985,4194304,2620926,0.001473,0.000000,0.000401,0.000076,0.000739,0.016973,0.000139,0.000246,0.000851,0.000244,0.021454
1,1,10,"q10_case1",2209,512,5120,2621440,2621440,1,1130497,4194304,2620928,0.001467,0.000000,0.000376,0.000031,0.000741,0.016415,0.000145,0.000263,0.000856,0.000236,0.020807
1,1,10,"q10_case1",2210,512,5120,2621440,2621440,1,1131009,4194304,2620927,0.001544,0.000000,0.000403,0.000031,0.000742,0.016524,0.000172,0.000267,0.000903,0.000275,0.021202
1,1,10,"q10_case1",2211,512,5120,2621440,2621440,1,1131521,4194304,2620914,0.001592,0.000000,0.000380,0.000060,0.000739,0.017929,0.000295,0.000301,0.000893,0.000287,0.022796
1,1,10,"q10_case1",2212,512,5120,2621440,2621440,1,1132033,4194304,2620926,0.001579,0.000000,0.002429,0.000038,0.000741,0.017946,0.000183,0.000290,0.000892,0.000262,0.024806
1,1,10,"q10_case1",2213,512,5120,2621440,2621440,1,1132545,4194304,2620919,0.001525,0.000000,0.000427,0.000043,0.000738,0.016703,0.000154,0.000261,0.000887,0.000292,0.021334
1,1,10,"q10_case1",2214,512,5120,2621440,2621440,1,1133057,4194304,2620918,0.001481,0.000000,0.001281,0.000033,0.000741,0.027822,0.000145,0.000254,0.000831,0.000263,0.033090
1,1,10,"q10_case1",2215,512,5120,2621440,2621440,1,1133569,4194304,2620789,0.001481,0.000001,0.002638,0.000075,0.000736,0.016751,0.000211,0.000274,0.000823,0.000244,0.023533
1,1,10,"q10_case1",2216,512,5120,2621440,2621440,1,1134081,4194304,2620905,0.001455,0.000000,0.000406,0.000035,0.000783,0.016205,0.000166,0.000249,0.000933,0.000790,0.021299
1,1,10,"q10_case1",2217,512,5120,2621440,2621440,1,1134593,4194304,2620499,0.001483,0.000000,0.000604,0.000039,0.000737,0.016901,0.000194,0.000260,0.000864,0.000305,0.021653
1,1,10,"q10_case1",2218,512,5120,2621440,2621440,1,1135105,4194304,2620866,0.001546,0.000000,0.000376,0.000045,0.000746,0.016331,0.000178,0.000306,0.000921,0.000275,0.021028
1,1,10,"q10_case1",2219,512,5120,2621440,2621440,1,1135617,4194304,2620921,0.001565,0.000000,0.000419,0.000032,0.000741,0.016574,0.000158,0.000261,0.000975,0.000264,0.021350
1,1,10,"q10_case1",2220,512,5120,2621440,2621440,1,1136129,4194304,2620925,0.001573,0.000001,0.000580,0.000059,0.000766,0.016492,0.000211,0.000257,0.000872,0.000264,0.021525
1,1,10,"q10_case1",2221,512,5120,2621440,2621440,1,1136641,4194304,2620928,0.001474,0.000000,0.002343,0.000031,0.000741,0.016527,0.000139,0.000258,0.000865,0.000240,0.022901
1,1,10,"q10_case1",2222,512,5120,2621440,2621440,1,1137153,4194304,2620928,0.001465,0.000000,0.000657,0.000029,0.000744,0.015635,0.000148,0.000270,0.000856,0.000239,0.020348
1,1,10,"q10_case1",2223,512,5120,2621440,2621440,1,1137665,4194304,2620928,0.001470,0.000000,0.000455,0.000030,0.000775,0.016487,0.000147,0.000257,0.000863,0.000262,0.021034
1,1,10,"q10_case1",2224,512,5120,2621440,2621440,1,1138177,4194304,2620928,0.001476,0.000000,0.000436,0.000030,0.000741,0.016229,0.000140,0.000250,0.000855,0.000250,0.020681
1,1,10,"q10_case1",2225,512,5120,2621440,2621440,1,1138689,4194304,2620922,0.001547,0.000000,0.000914,0.000033,0.000741,0.016650,0.000148,0.000267,0.000862,0.000296,0.021811
1,1,10,"q10_case1",2226,512,5120,2621440,2621440,1,1139201,4194304,2620925,0.001517,0.000000,0.000423,0.000037,0.000745,0.016972,0.000137,0.000273,0.000882,0.000291,0.021567
1,1,10,"q10_case1",2227,512,5120,2621440,2621440,1,1139713,4194304,2620520,0.001541,0.000000,0.000393,0.000037,0.000742,0.016710,0.000178,0.000258,0.000881,0.000295,0.021382
1,1,10,"q10_case1",2228,512,5120,2621440,2621440,1,1140225,4194304,2620849,0.001508,0.000000,0.000403,0.000082,0.000738,0.016159,0.000177,0.000296,0.000880,0.000277,0.020836
1,1,10,"q10_case1",2229,512,5120,2621440,2621440,1,1140737,4194304,2620925,0.001530,0.000000,0.000392,0.000038,0.000742,0.017621,0.000137,0.000270,0.000886,0.000257,0.022213
1,1,10,"q10_case1",2230,512,5120,2621440,2621440,1,1141249,4194304,2620927,0.001502,0.000000,0.000379,0.000072,0.000742,0.016104,0.000151,0.000476,0.000835,0.000264,0.020829
1,1,10,"q10_case1",2231,512,5120,2621440,2621440,1,1141761,4194304,2620921,0.001469,0.000001,0.003099,0.000042,0.000743,0.017286,0.000174,0.000247,0.000869,0.000252,0.024450
1,1,10,"q10_case1",2232,512,5120,2621440,2621440,1,1142273,4194304,2620625,0.001530,0.000000,0.000320,0.000032,0.000743,0.016572,0.000161,0.000279,0.000856,0.000251,0.021013
1,1,10,"q10_case1",2233,512,5120,2621440,2621440,1,1142785,4194304,2620744,0.001509,0.000000,0.000380,0.000035,0.000773,0.016206,0.000155,0.000267,0.001317,0.000304,0.021294
1,1,10,"q10_case1",2234,512,5120,2621440,2621440,1,1143297,4194304,2620816,0.001572,0.000001,0.000798,0.000063,0.000768,0.016543,0.000331,0.000269,0.000894,0.000286,0.021958
1,1,10,"q10_case1",2235,512,5120,2621440,2621440,1,1143809,4194304,2620883,0.001547,0.000000,0.000398,0.000031,0.000745,0.016117,0.000143,0.000265,0.000933,0.000274,0.020792
1,1,10,"q10_case1",2236,512,5120,2621440,2621440,1,1144321,4194304,2620915,0.001620,0.000001,0.000686,0.000057,0.000796,0.016460,0.000183,0.000250,0.000835,0.000251,0.021600
1,1,10,"q10_case1",2237,512,5120,2621440,2621440,1,1144833,4194304,2620925,0.001488,0.000000,0.000399,0.000074,0.000741,0.016220,0.000141,0.000254,0.000831,0.000250,0.020717
1,1,10,"q10_case1",2238,512,5120,2621440,2621440,1,1145345,4194304,2620928,0.001463,0.000000,0.000445,0.000032,0.000742,0.016159,0.000139,0.000250,0.000865,0.000277,0.020700
1,1,10,"q10_case1",2239,512,5120,2621440,2621440,1,1145857,4194304,2620928,0.001541,0.000001,0.000381,0.000070,0.000745,0.017991,0.000149,0.000262,0.000844,0.000257,0.022594
1,1,10,"q10_case1",2240,512,5120,2621440,2621440,1,1146369,4194304,2620890,0.001519,0.000000,0.000614,0.000062,0.000770,0.016575,0.000203,0.000254,0.000782,0.000338,0.021456
1,1,10,"q10_case1",2241,512,5120,2621440,2621440,1,1146881,4194304,2620532,0.001615,0.000001,0.000429,0.000033,0.000771,0.017006,0.000138,0.000273,0.000936,0.000315,0.021869
1,1,10,"q10_case1",2242,512,5120,2621440,2621440,1,1147393,4194304,2620846,0.001588,0.000000,0.000399,0.000034,0.000744,0.016788,0.000146,0.000374,0.000889,0.000273,0.021580
1,1,10,"q10_case1",2243,512,5120,2621440,2621440,1,1147905,4194304,2620571,0.001520,0.000000,0.001302,0.000040,0.000741,0.016100,0.000148,0.000260,0.000917,0.000259,0.021558
1,1,10,"q10_case1",2244,512,5120,2621440,2621440,1,1148417,4194304,2620852,0.001493,0.000001,0.000526,0.000030,0.000742,0.017010,0.000138,0.000257,0.000834,0.000253,0.021559
1,1,10,"q10_case1",2245,512,5120,2621440,2621440,1,1148929,4194304,2620921,0.001474,0.000000,0.001379,0.000031,0.000742,0.016415,0.000140,0.000252,0.000839,0.000234,0.021801
1,1,10,"q10_case1",2246,512,5120,2621440,2621440,1,1149441,4194304,2620880,0.001464,0.000000,0.000410,0.000073,0.000742,0.017565,0.000138,0.000252,0.000897,0.000262,0.022065
1,1,10,"q10_case1",2247,512,5120,2621440,2621440,1,1149953,4194304,2620889,0.001472,0.000000,0.000386,0.000030,0.000741,0.016134,0.000141,0.000247,0.000836,0.000264,0.020524
1,1,10,"q10_case1",2248,512,5120,2621440,2621440,1,1150465,4194304,2620927,0.001473,0.000001,0.000418,0.000037,0.000748,0.016292,0.000141,0.000255,0.000863,0.000266,0.020848
1,1,10,"q10_case1",2249,512,5120,2621440,2621440,1,1150977,4194304,2620927,0.001548,0.000000,0.000441,0.000034,0.000744,0.016075,0.000227,0.000317,0.000904,0.000277,0.020934
1,1,10,"q10_case1",2250,512,5120,2621440,2621440,1,1151489,4194304,2620923,0.001529,0.000000,0.000667,0.000040,0.000741,0.015877,0.000140,0.000264,0.000819,0.000291,0.020633
1,1,10,"q10_case1",2251,512,5120,2621440,2621440,1,1152001,4194304,2620508,0.001525,0.000000,0.000441,0.000030,0.000745,0.028096,0.000164,0.000270,0.000870,0.000323,0.032736
1,1,10,"q10_case1",2252,512,5120,2621440,2621440,1,1152513,4194304,2620466,0.001471,0.000000,0.000440,0.000037,0.000743,0.017740,0.000135,0.000277,0.000861,0.000240,0.022247
1,1,10,"q10_case1",2253,512,5120,2621440,2621440,1,1153025,4194304,2620875,0.001464,0.000000,0.000404,0.000032,0.000788,0.016448,0.000140,0.000378,0.000867,0.000349,0.021163
1,1,10,"q10_case1",2254,512,5120,2621440,2621440,1,1153537,4194304,2620460,0.001469,0.000000,0.000343,0.000071,0.000746,0.016988,0.000140,0.000265,0.000825,0.000233,0.021344
1,1,10,"q10_case1",2255,512,5120,2621440,2621440,1,1154049,4194304,2620893,0.001478,0.000000,0.000405,0.000075,0.000745,0.016531,0.000144,0.000252,0.000855,0.000358,0.021108
1,1,10,"q10_case1",2256,512,5120,2621440,2621440,1,1154561,4194304,2620421,0.001498,0.000000,0.005375,0.000033,0.000762,0.016552,0.000154,0.000271,0.000907,0.000277,0.026131
1,1,10,"q10_case1",2257,512,5120,2621440,2621440,1,1155073,4194304,2620923,0.001540,0.000001,0.000719,0.000033,0.000747,0.016551,0.000210,0.000266,0.000912,0.000371,0.021759
1,1,10,"q10_case1",2258,512,5120,2621440,2621440,1,1155585,4194304,2620457,0.001529,0.000000,0.000389,0.000057,0.000745,0.016200,0.000152,0.000262,0.000896,0.000257,0.020788
1,1,10,"q10_case1",2259,512,5120,2621440,2621440,1,1156097,4194304,2620909,0.001517,0.000000,0.000451,0.000033,0.000743,0.016473,0.000137,0.000253,0.000858,0.000266,0.021001
1,1,10,"q10_case1",2260,512,5120,2621440,2621440,1,1156609,4194304,2620893,0.001476,0.000000,0.000363,0.000031,0.000745,0.017485,0.000142,0.000391,0.000867,0.000356,0.022203
1,1,10,"q10_case1",2261,512,5120,2621440,2621440,1,1157121,4194304,2620928,0.001472,0.000000,0.000470,0.000031,0.000778,0.016609,0.000147,0.000254,0.000850,0.000252,0.021211
1,1,10,"q10_case1",2262,512,5120,2621440,2621440,1,1157633,4194304,2620925,0.001481,0.000000,0.000360,0.000049,0.000747,0.016420,0.000177,0.000250,0.000864,0.000243,0.020875
1,1,10,"q10_case1",2263,512,5120,2621440,2621440,1,1158145,4194304,2620878,0.001471,0.000000,0.000380,0.000077,0.000743,0.016131,0.000142,0.000255,0.000887,0.000298,0.020663
1,1,10,"q10_case1",2264,512,5120,2621440,2621440,1,1158657,4194304,2620469,0.001528,0.000000,0.000490,0.000036,0.000790,0.016692,0.000159,0.000259,0.000899,0.000258,0.021569
1,1,10,"q10_case1",2265,512,5120,2621440,2621440,1,1159169,4194304,2620912,0.001540,0.000000,0.000437,0.000038,0.000747,0.016237,0.000137,0.000277,0.000912,0.000315,0.020966
1,1,10,"q10_case1",2266,512,5120,2621440,2621440,1,1159681,4194304,2620881,0.001559,0.000000,0.000416,0.000030,0.000757,0.016303,0.000194,0.000260,0.000902,0.000268,0.021031
1,1,10,"q10_case1",2267,512,5120,2621440,2621440,1,1160193,4194304,2620928,0.001517,0.000000,0.000437,0.000031,0.000767,0.017051,0.000149,0.000258,0.000927,0.000262,0.021674
1,1,10,"q10_case1",2268,512,5120,2621440,2621440,1,1160705,4194304,2620928,0.001477,0.000000,0.000396,0.000055,0.000744,0.017551,0.000138,0.000254,0.000859,0.000288,0.022086
1,1,10,"q10_case1",2269,512,5120,2621440,2621440,1,1161217,4194304,2620927,0.001502,0.000000,0.000472,0.000031,0.000759,0.017798,0.000221,0.000258,0.000868,0.000251,0.022434
1,1,10,"q10_case1",2270,512,5120,2621440,2621440,1,1161729,4194304,2620921,0.001458,0.000001,0.000427,0.000032,0.000746,0.017299,0.000174,0.000280,0.000823,0.000242,0.021803
1,1,10,"q10_case1",2271,512,5120,2621440,2621440,1,1162241,4194304,2620928,0.001524,0.000001,0.000612,0.000053,0.000776,0.016602,0.000200,0.000286,0.000889,0.000260,0.021708
1,1,10,"q10_case1",2272,512,5120,2621440,2621440,1,1162753,4194304,2620928,0.001588,0.000000,0.000434,0.000029,0.000789,0.017034,0.000144,0.000273,0.000910,0.000285,0.021822
1,1,10,"q10_case1",2273,512,5120,2621440,2621440,1,1163265,4194304,2620927,0.001535,0.000000,0.000368,0.000044,0.000751,0.017101,0.000153,0.000282,0.000899,0.000277,0.021738
1,1,10,"q10_case1",2274,512,5120,2621440,2621440,1,1163777,4194304,2620923,0.001513,0.000000,0.000418,0.000032,0.000746,0.016628,0.000181,0.000248,0.000883,0.000269,0.021229
1,1,10,"q10_case1",2275,512,5120,2621440,2621440,1,1164289,4194304,2620926,0.001498,0.000000,0.000389,0.000050,0.000745,0.016217,0.000139,0.000254,0.000862,0.000256,0.020741
1,1,10,"q10_case1",2276,512,5120,2621440,2621440,1,1164801,4194304,2620928,0.001538,0.000000,0.000400,0.000033,0.000751,0.016826,0.000201,0.000295,0.000858,0.000254,0.021456
1,1,10,"q10_case1",2277,512,5120,2621440,2621440,1,1165313,4194304,2620927,0.001744,0.000000,0.000701,0.000062,0.000802,0.017098,0.000222,0.000251,0.000823,0.000187,0.022297
1,1,10,"q10_case1",2278,512,5120,2621440,2621440,1,1165825,4194304,2620928,0.001477,0.000000,0.000450,0.000031,0.000786,0.016495,0.000138,0.000248,0.000836,0.000309,0.021100
1,1,10,"q10_case1",2279,512,5120,2621440,2621440,1,1166337,4194304,2620508,0.001519,0.000000,0.000394,0.000040,0.000747,0.016478,0.000186,0.000312,0.000857,0.000352,0.021171
1,1,10,"q10_case1",2280,512,5120,2621440,2621440,1,1166849,4194304,2620467,0.001574,0.000000,0.000398,0.000042,0.000747,0.016576,0.000217,0.000598,0.000902,0.000280,0.021636
1,1,10,"q10_case1",2281,512,5120,2621440,2621440,1,1167361,4194304,2620888,0.001558,0.000000,0.000394,0.000037,0.000753,0.021198,0.000149,0.000257,0.000878,0.000267,0.025849
1,1,10,"q10_case1",2282,512,5120,2621440,2621440,1,1167873,4194304,2620918,0.001486,0.000000,0.000423,0.000033,0.000775,0.015911,0.000138,0.000253,0.000874,0.000277,0.020475
1,1,10,"q10_case1",2283,512,5120,2621440,2621440,1,1168385,4194304,2620792,0.001533,0.000000,0.002308,0.000046,0.000745,0.016249,0.000163,0.000260,0.000878,0.000269,0.022760
1,1,10,"q10_case1",2284,512,5120,2621440,2621440,1,1168897,4194304,2620884,0.001504,0.000000,0.000342,0.000031,0.000750,0.016319,0.000130,0.000259,0.000860,0.000253,0.020714
1,1,10,"q10_case1",2285,512,5120,2621440,2621440,1,1169409,4194304,2620927,0.001499,0.000000,0.000400,0.000034,0.000744,0.016606,0.000138,0.000251,0.000831,0.000240,0.021019
1,1,10,"q10_case1",2286,512,5120,2621440,2621440,1,1169921,4194304,2620921,0.001477,0.000000,0.000385,0.000075,0.000749,0.016336,0.000138,0.000249,0.000847,0.000257,0.020835
1,1,10,"q10_case1",2287,512,5120,2621440,2621440,1,1170433,4194304,2620856,0.001482,0.000000,0.000415,0.000031,0.000744,0.016268,0.000141,0.000276,0.000893,0.000273,0.020766
1,1,10,"q10_case1",2288,512,5120,2621440,2621440,1,1170945,4194304,2620882,0.001474,0.000001,0.000398,0.000034,0.000749,0.016744,0.000162,0.000256,0.000883,0.000247,0.021257
1,1,10,"q10_case1",2289,512,5120,2621440,2621440,1,1171457,4194304,2620925,0.001539,0.000000,0.000408,0.000042,0.000753,0.016868,0.000169,0.000430,0.000902,0.000281,0.021850
1,1,10,"q10_case1",2290,512,5120,2621440,2621440,1,1171969,4194304,2620927,0.001534,0.000000,0.000420,0.000031,0.000747,0.016372,0.000191,0.000265,0.000937,0.000253,0.021045
1,1,10,"q10_case1",2291,512,5120,2621440,2621440,1,1172481,4194304,2620928,0.001557,0.000000,0.000515,0.000045,0.000770,0.015631,0.000138,0.000253,0.000876,0.000257,0.020301
1,1,10,"q10_case1",2292,512,5120,2621440,2621440,1,1172993,4194304,2620928,0.001481,0.000000,0.000389,0.000076,0.000749,0.016808,0.000138,0.000255,0.000865,0.000240,0.021332
1,1,10,"q10_case1",2293,512,5120,2621440,2621440,1,1173505,4194304,2620928,0.001478,0.000000,0.000518,0.000031,0.000749,0.016912,0.000142,0.000254,0.000840,0.000243,0.021452
1,1,10,"q10_case1",2294,512,5120,2621440,2621440,1,1174017,4194304,2620927,0.001486,0.000000,0.000516,0.000039,0.000776,0.021255,0.000132,0.000256,0.000850,0.000238,0.025880
1,1,10,"q10_case1",2295,512,5120,2621440,2621440,1,1174529,4194304,2620928,0.001466,0.000000,0.000449,0.000034,0.000749,0.016298,0.000182,0.000249,0.001190,0.000604,0.021485
1,1,10,"q10_case1",2296,512,5120,2621440,2621440,1,1175041,4194304,2620928,0.001519,0.000001,0.000453,0.000038,0.000745,0.016176,0.000147,0.000270,0.000876,0.000267,0.020873
1,1,10,"q10_case1",2297,512,5120,2621440,2621440,1,1175553,4194304,2620928,0.001530,0.000000,0.000423,0.000034,0.000749,0.020439,0.000175,0.000308,0.001014,0.000294,0.025329
1,1,10,"q10_case1",2298,512,5120,2621440,2621440,1,1176065,4194304,2620928,0.001555,0.000000,0.000711,0.000062,0.000795,0.016675,0.000185,0.000263,0.000983,0.000279,0.021985
1,1,10,"q10_case1",2299,512,5120,2621440,2621440,1,1176577,4194304,2620927,0.001528,0.000000,0.000665,0.000057,0.000778,0.016939,0.000219,0.000279,0.000892,0.000263,0.022140
1,1,10,"q10_case1",2300,512,5120,2621440,2621440,1,1177089,4194304,2620892,0.001477,0.000001,0.000788,0.000062,0.000750,0.016007,0.000223,0.000276,0.000837,0.000168,0.021116
1,1,10,"q10_case1",2301,512,5120,2621440,2621440,1,1177601,4194304,2620927,0.001564,0.000000,0.000614,0.000045,0.000765,0.017277,0.000174,0.000296,0.000835,0.000287,0.022240
1,1,10,"q10_case1",2302,512,5120,2621440,2621440,1,1178113,4194304,2620745,0.001508,0.000000,0.000465,0.000032,0.000775,0.016323,0.000142,0.000261,0.000854,0.000245,0.020950
1,1,10,"q10_case1",2303,512,5120,2621440,2621440,1,1178625,4194304,2620923,0.001470,0.000000,0.000453,0.000036,0.000785,0.016496,0.000150,0.000268,0.000823,0.000364,0.021208
1,1,10,"q10_case1",2304,512,5120,2621440,2621440,1,1179137,4194304,2620454,0.001511,0.000000,0.000437,0.000036,0.000751,0.016482,0.000163,0.000287,0.000916,0.000300,0.021194
1,1,10,"q10_case1",2305,512,5120,2621440,2621440,1,1179649,4194304,2620901,0.001554,0.000000,0.000453,0.000032,0.000748,0.017454,0.000148,0.000258,0.000865,0.000371,0.022215
1,1,10,"q10_case1",2306,512,5120,2621440,2621440,1,1180161,4194304,2620435,0.001490,0.000000,0.000384,0.000031,0.000750,0.017016,0.000148,0.000260,0.000907,0.000247,0.021561
1,1,10,"q10_case1",2307,512,5120,2621440,2621440,1,1180673,4194304,2620908,0.001480,0.000000,0.000783,0.000065,0.000775,0.016585,0.000185,0.000287,0.000836,0.000249,0.021635
1,1,10,"q10_case1",2308,512,5120,2621440,2621440,1,1181185,4194304,2620434,0.001491,0.000000,0.000401,0.000031,0.000750,0.019310,0.000129,0.000250,0.000830,0.000174,0.023575
1,1,10,"q10_case1",2309,512,5120,2621440,2621440,1,1181697,4194304,2620907,0.001473,0.000001,0.000339,0.000038,0.000752,0.016914,0.000140,0.000251,0.000813,0.000326,0.021323
1,1,10,"q10_case1",2310,512,5120,2621440,2621440,1,1182209,4194304,2620431,0.001475,0.000000,0.000368,0.000072,0.000751,0.017412,0.000138,0.000249,0.000834,0.000226,0.021851
1,1,10,"q10_case1",2311,512,5120,2621440,2621440,1,1182721,4194304,2620913,0.001536,0.000000,0.000385,0.000038,0.000747,0.017109,0.000177,0.000473,0.000923,0.000384,0.022101
1,1,10,"q10_case1",2312,512,5120,2621440,2621440,1,1183233,4194304,2620431,0.001532,0.000000,0.000481,0.000030,0.000763,0.016383,0.000142,0.000264,0.000893,0.000257,0.021067
1,1,10,"q10_case1",2313,512,5120,2621440,2621440,1,1183745,4194304,2620915,0.001543,0.000000,0.000443,0.000031,0.000749,0.016573,0.000149,0.000271,0.000906,0.000376,0.021384
1,1,10,"q10_case1",2314,512,5120,2621440,2621440,1,1184257,4194304,2620424,0.001496,0.000000,0.000395,0.000044,0.000754,0.016987,0.000133,0.000255,0.000874,0.000237,0.021495
1,1,10,"q10_case1",2315,512,5120,2621440,2621440,1,1184769,4194304,2620926,0.001481,0.000000,0.000368,0.000076,0.000751,0.017705,0.000132,0.000258,0.000853,0.000353,0.022295
1,1,10,"q10_case1",2316,512,5120,2621440,2621440,1,1185281,4194304,2620438,0.001473,0.000000,0.004205,0.000084,0.000753,0.018199,0.000138,0.000262,0.000847,0.000236,0.026463
1,1,10,"q10_case1",2317,512,5120,2621440,2621440,1,1185793,4194304,2620911,0.001486,0.000000,0.000390,0.000046,0.000753,0.018664,0.000141,0.000253,0.000874,0.000249,0.023124
1,1,10,"q10_case1",2318,512,5120,2621440,2621440,1,1186305,4194304,2620849,0.001463,0.000000,0.000394,0.000082,0.000750,0.017062,0.000138,0.000258,0.000922,0.000318,0.021715
1,1,10,"q10_case1",2319,512,5120,2621440,2621440,1,1186817,4194304,2620487,0.001541,0.000001,0.000373,0.000042,0.000750,0.016552,0.000195,0.000304,0.000905,0.000280,0.021235
1,1,10,"q10_case1",2320,512,5120,2621440,2621440,1,1187329,4194304,2620914,0.001541,0.000000,0.004347,0.000034,0.000750,0.016158,0.000144,0.000261,0.000905,0.000251,0.024698
1,1,10,"q10_case1",2321,512,5120,2621440,2621440,1,1187841,4194304,2620896,0.001543,0.000000,0.003793,0.000033,0.000772,0.016992,0.000212,0.000270,0.000951,0.000287,0.025190
1,1,10,"q10_case1",2322,512,5120,2621440,2621440,1,1188353,4194304,2620897,0.001473,0.000000,0.000430,0.000035,0.000749,0.017008,0.000180,0.000264,0.000860,0.000231,0.021600
1,1,10,"q10_case1",2323,512,5120,2621440,2621440,1,1188865,4194304,2620927,0.001488,0.000000,0.000426,0.000035,0.000753,0.027173,0.000143,0.000250,0.000865,0.000246,0.031652
1,1,10,"q10_case1",2324,512,5120,2621440,2621440,1,1189377,4194304,2620892,0.001487,0.000000,0.000391,0.000030,0.000775,0.016359,0.000177,0.000249,0.000854,0.000243,0.020900
1,1,10,"q10_case1",2325,512,5120,2621440,2621440,1,1189889,4194304,2620921,0.001475,0.000000,0.000399,0.000074,0.000751,0.016474,0.000141,0.000252,0.000839,0.000243,0.020958
1,1,10,"q10_case1",2326,512,5120,2621440,2621440,1,1190401,4194304,2620928,0.001509,0.000000,0.000386,0.000058,0.000751,0.016388,0.000173,0.000264,0.000925,0.000291,0.021034
1,1,10,"q10_case1",2327,512,5120,2621440,2621440,1,1190913,4194304,2620903,0.001549,0.000000,0.000367,0.000037,0.000752,0.016906,0.000173,0.000301,0.000923,0.000255,0.021595
1,1,10,"q10_case1",2328,512,5120,2621440,2621440,1,1191425,4194304,2620928,0.001575,0.000000,0.000373,0.000042,0.000991,0.017253,0.000149,0.000271,0.000932,0.000263,0.022168
1,1,10,"q10_case1",2329,512,5120,2621440,2621440,1,1191937,4194304,2620905,0.001529,0.000000,0.000428,0.000031,0.000750,0.015585,0.000177,0.000261,0.000874,0.000262,0.020258
1,1,10,"q10_case1",2330,512,5120,2621440,2621440,1,1192449,4194304,2620927,0.001511,0.000000,0.000532,0.000032,0.000751,0.016849,0.000163,0.000253,0.000857,0.000243,0.021462
1,1,10,"q10_case1",2331,512,5120,2621440,2621440,1,1192961,4194304,2620889,0.001505,0.000000,0.000372,0.000032,0.000755,0.016475,0.000183,0.000252,0.000823,0.000215,0.020967
1,1,10,"q10_case1",2332,512,5120,2621440,2621440,1,1193473,4194304,2620927,0.001491,0.000000,0.000393,0.000077,0.000800,0.016510,0.000141,0.000265,0.000858,0.000230,0.021076
1,1,10,"q10_case1",2333,512,5120,2621440,2621440,1,1193985,4194304,2620923,0.001460,0.000000,0.000371,0.000030,0.000751,0.017190,0.000136,0.000255,0.000899,0.000356,0.021784
1,1,10,"q10_case1",2334,512,5120,2621440,2621440,1,1194497,4194304,2620483,0.001523,0.000000,0.000377,0.000050,0.000753,0.016431,0.000173,0.000270,0.000922,0.000278,0.021151
1,1,10,"q10_case1",2335,512,5120,2621440,2621440,1,1195009,4194304,2620920,0.001559,0.000000,0.000404,0.000044,0.000756,0.016562,0.000193,0.000269,0.000944,0.000275,0.021373
1,1,10,"q10_case1",2336,512,5120,2621440,2621440,1,1195521,4194304,2620895,0.001506,0.000000,0.000388,0.000057,0.000776,0.016826,0.000150,0.000263,0.000965,0.000266,0.021526
1,1,10,"q10_case1",2337,512,5120,2621440,2621440,1,1196033,4194304,2620911,0.001508,0.000001,0.000372,0.000048,0.000754,0.015713,0.000147,0.000260,0.000840,0.000250,0.020233
1,1,10,"q10_case1",2338,512,5120,2621440,2621440,1,1196545,4194304,2620927,0.001519,0.000001,0.005244,0.000034,0.000788,0.016849,0.000140,0.000247,0.000831,0.000268,0.026238
1,1,10,"q10_case1",2339,512,5120,2621440,2621440,1,1197057,4194304,2620810,0.001504,0.000001,0.000451,0.000043,0.000752,0.017420,0.000182,0.000254,0.000857,0.000262,0.021974
1,1,10,"q10_case1",2340,512,5120,2621440,2621440,1,1197569,4194304,2620856,0.001462,0.000000,0.000393,0.000076,0.000756,0.017274,0.000138,0.000267,0.000823,0.000286,0.021795
1,1,10,"q10_case1",2341,512,5120,2621440,2621440,1,1198081,4194304,2620566,0.001512,0.000000,0.000409,0.000032,0.000755,0.016808,0.000142,0.000269,0.000860,0.000285,0.021368
1,1,10,"q10_case1",2342,512,5120,2621440,2621440,1,1198593,4194304,2620845,0.001576,0.000000,0.000389,0.000046,0.000799,0.016359,0.000160,0.000279,0.000899,0.000327,0.021267
1,1,10,"q10_case1",2343,512,5120,2621440,2621440,1,1199105,4194304,2620461,0.001594,0.000000,0.000434,0.000039,0.000757,0.016790,0.000148,0.000266,0.000861,0.000251,0.021482
1,1,10,"q10_case1",2344,512,5120,2621440,2621440,1,1199617,4194304,2620922,0.001509,0.000000,0.000392,0.000030,0.000754,0.015978,0.000162,0.000253,0.000852,0.000337,0.020560
1,1,10,"q10_case1",2345,512,5120,2621440,2621440,1,1200129,4194304,2620423,0.001489,0.000000,0.000396,0.000078,0.000753,0.017105,0.000138,0.000251,0.000861,0.000234,0.021634
1,1,10,"q10_case1",2346,512,5120,2621440,2621440,1,1200641,4194304,2620923,0.001493,0.000000,0.000341,0.000045,0.000750,0.016723,0.000173,0.000280,0.000830,0.000335,0.021270
1,1,10,"q10_case1",2347,512,5120,2621440,2621440,1,1201153,4194304,2620431,0.001488,0.000000,0.000801,0.000061,0.000785,0.016641,0.000219,0.000264,0.000872,0.000223,0.021809
1,1,10,"q10_case1",2348,512,5120,2621440,2621440,1,1201665,4194304,2620928,0.001510,0.000001,0.000456,0.000040,0.000797,0.016087,0.000147,0.000276,0.000866,0.000376,0.020889
1,1,10,"q10_case1",2349,512,5120,2621440,2621440,1,1202177,4194304,2620425,0.001537,0.000001,0.000441,0.000046,0.000753,0.017004,0.000192,0.000271,0.000943,0.000268,0.021765
1,1,10,"q10_case1",2350,512,5120,2621440,2621440,1,1202689,4194304,2620923,0.001531,0.000000,0.000377,0.000065,0.000770,0.016002,0.000183,0.000268,0.000901,0.000350,0.020780
1,1,10,"q10_case1",2351,512,5120,2621440,2621440,1,1203201,4194304,2620430,0.001518,0.000000,0.000411,0.000030,0.000755,0.016453,0.000135,0.000255,0.000846,0.000239,0.020991
1,1,10,"q10_case1",2352,512,5120,2621440,2621440,1,1203713,4194304,2620924,0.001469,0.000000,0.000842,0.000031,0.000755,0.016823,0.000156,0.000252,0.000843,0.000340,0.021786
1,1,10,"q10_case1",2353,512,5120,2621440,2621440,1,1204225,4194304,2620429,0.001484,0.000001,0.000476,0.000071,0.000756,0.017110,0.000143,0.000250,0.000850,0.000238,0.021671
1,1,10,"q10_case1",2354,512,5120,2621440,2621440,1,1204737,4194304,2620923,0.001476,0.000001,0.000295,0.000031,0.000753,0.015483,0.000141,0.000264,0.000851,0.000241,0.019840
1,1,10,"q10_case1",2355,512,5120,2621440,2621440,1,1205249,4194304,2620880,0.001465,0.000000,0.000583,0.000075,0.000756,0.017352,0.000182,0.000283,0.000852,0.000295,0.022102
1,1,10,"q10_case1",2356,512,5120,2621440,2621440,1,1205761,4194304,2620459,0.001534,0.000000,0.001018,0.000037,0.000752,0.016765,0.000136,0.000261,0.000900,0.000267,0.021955
1,1,10,"q10_case1",2357,512,5120,2621440,2621440,1,1206273,4194304,2620923,0.001519,0.000001,0.000366,0.000060,0.000753,0.016582,0.000181,0.000298,0.000877,0.000273,0.021195
1,1,10,"q10_case1",2358,512,5120,2621440,2621440,1,1206785,4194304,2620901,0.001535,0.000000,0.000394,0.000037,0.000760,0.017081,0.000159,0.000261,0.000907,0.000264,0.021669
1,1,10,"q10_case1",2359,512,5120,2621440,2621440,1,1207297,4194304,2620877,0.001494,0.000000,0.002290,0.000032,0.000754,0.016726,0.000202,0.000251,0.000845,0.000236,0.023132
1,1,10,"q10_case1",2360,512,5120,2621440,2621440,1,1207809,4194304,2620928,0.001463,0.000000,0.000390,0.000075,0.000755,0.017073,0.000138,0.000247,0.000855,0.000242,0.021515
1,1,10,"q10_case1",2361,512,5120,2621440,2621440,1,1208321,4194304,2620874,0.001508,0.000000,0.000389,0.000034,0.000756,0.016779,0.000131,0.000258,0.000816,0.000334,0.021286
1,1,10,"q10_case1",2362,512,5120,2621440,2621440,1,1208833,4194304,2620581,0.001566,0.000000,0.000377,0.000051,0.000757,0.016697,0.000138,0.000300,0.000825,0.000360,0.021400
1,1,10,"q10_case1",2363,512,5120,2621440,2621440,1,1209345,4194304,2620436,0.001515,0.000000,0.000465,0.000037,0.000753,0.017455,0.000150,0.000272,0.000861,0.000279,0.022107
1,1,10,"q10_case1",2364,512,5120,2621440,2621440,1,1209857,4194304,2620578,0.001565,0.000000,0.000395,0.000051,0.000757,0.017345,0.000189,0.000263,0.000889,0.000442,0.022285
1,1,10,"q10_case1",2365,512,5120,2621440,2621440,1,1210369,4194304,2620762,0.001553,0.000000,0.000491,0.000078,0.000782,0.015241,0.000150,0.000268,0.000954,0.000293,0.020120
1,1,10,"q10_case1",2366,512,5120,2621440,2621440,1,1210881,4194304,2620881,0.001520,0.000001,0.004065,0.000041,0.000755,0.017058,0.000182,0.000254,0.000901,0.000267,0.025384
1,1,10,"q10_case1",2367,512,5120,2621440,2621440,1,1211393,4194304,2620915,0.001562,0.000000,0.000663,0.000056,0.000782,0.016920,0.000231,0.000250,0.000849,0.000234,0.022060
1,1,10,"q10_case1",2368,512,5120,2621440,2621440,1,1211905,4194304,2620926,0.001491,0.000001,0.000618,0.000059,0.000789,0.016489,0.000202,0.000259,0.000878,0.000156,0.021345
1,1,10,"q10_case1",2369,512,5120,2621440,2621440,1,1212417,4194304,2620925,0.001497,0.000000,0.000404,0.000030,0.000754,0.016386,0.000140,0.000286,0.000842,0.000214,0.020832
1,1,10,"q10_case1",2370,512,5120,2621440,2621440,1,1212929,4194304,2620928,0.001467,0.000000,0.002417,0.000079,0.000757,0.017498,0.000148,0.000260,0.000824,0.000256,0.024011
1,1,10,"q10_case1",2371,512,5120,2621440,2621440,1,1213441,4194304,2620879,0.001558,0.000000,0.000462,0.000046,0.000756,0.016277,0.000172,0.000261,0.000920,0.000273,0.021147
1,1,10,"q10_case1",2372,512,5120,2621440,2621440,1,1213953,4194304,2620928,0.001548,0.000000,0.000393,0.000034,0.000757,0.017067,0.000138,0.000260,0.000849,0.000263,0.021638
1,1,10,"q10_case1",2373,512,5120,2621440,2621440,1,1214465,4194304,2620435,0.001542,0.000000,0.000385,0.000030,0.000753,0.016527,0.000147,0.000250,0.000853,0.000202,0.021004
1,1,10,"q10_case1",2374,512,5120,2621440,2621440,1,1214977,4194304,2620923,0.001509,0.000000,0.000438,0.000036,0.000764,0.016044,0.000136,0.000263,0.000840,0.000312,0.020600
1,1,10,"q10_case1",2375,512,5120,2621440,2621440,1,1215489,4194304,2620425,0.001497,0.000000,0.000349,0.000032,0.000758,0.016409,0.000161,0.000246,0.000838,0.000191,0.020742
1,1,10,"q10_case1",2376,512,5120,2621440,2621440,1,1216001,4194304,2620925,0.001509,0.000000,0.000342,0.000033,0.000759,0.020414,0.000140,0.000247,0.000877,0.000234,0.024807
1,1,10,"q10_case1",2377,512,5120,2621440,2621440,1,1216513,4194304,2620903,0.001493,0.000000,0.000361,0.000069,0.000757,0.017225,0.000147,0.000268,0.000794,0.000284,0.021759
1,1,10,"q10_case1",2378,512,5120,2621440,2621440,1,1217025,4194304,2620574,0.001526,0.000000,0.000411,0.000032,0.000755,0.016303,0.000190,0.000273,0.000908,0.000307,0.021050
1,1,10,"q10_case1",2379,512,5120,2621440,2621440,1,1217537,4194304,2620425,0.001576,0.000000,0.000307,0.000043,0.000759,0.015951,0.000183,0.000273,0.000945,0.000272,0.020556
1,1,10,"q10_case1",2380,512,5120,2621440,2621440,1,1218049,4194304,2620910,0.001560,0.000000,0.000600,0.000053,0.000776,0.016068,0.000187,0.000259,0.000872,0.000272,0.021003
1,1,10,"q10_case1",2381,512,5120,2621440,2621440,1,1218561,4194304,2620876,0.001518,0.000000,0.000395,0.000042,0.000791,0.017384,0.000138,0.000258,0.000890,0.000251,0.021974
1,1,10,"q10_case1",2382,512,5120,2621440,2621440,1,1219073,4194304,2620908,0.001486,0.000000,0.000377,0.000032,0.000758,0.017098,0.000135,0.000254,0.000862,0.000230,0.021585
1,1,10,"q10_case1",2383,512,5120,2621440,2621440,1,1219585,4194304,2620928,0.001469,0.000000,0.000390,0.000032,0.000767,0.016244,0.000137,0.000250,0.000857,0.000238,0.020659
1,1,10,"q10_case1",2384,512,5120,2621440,2621440,1,1220097,4194304,2620893,0.001469,0.000000,0.000397,0.000030,0.000760,0.019792,0.000140,0.000252,0.000861,0.000230,0.024235
1,1,10,"q10_case1",2385,512,5120,2621440,2621440,1,1220609,4194304,2620928,0.001502,0.000000,0.000470,0.000042,0.000758,0.016697,0.000138,0.000254,0.000861,0.000274,0.021310
1,1,10,"q10_case1",2386,512,5120,2621440,2621440,1,1221121,4194304,2620876,0.001540,0.000000,0.000390,0.000042,0.000757,0.016405,0.000185,0.000261,0.000926,0.000349,0.021189
1,1,10,"q10_case1",2387,512,5120,2621440,2621440,1,1221633,4194304,2620928,0.001528,0.000000,0.000378,0.000042,0.000759,0.017749,0.000150,0.000275,0.000893,0.000271,0.022384
1,1,10,"q10_case1",2388,512,5120,2621440,2621440,1,1222145,4194304,2620881,0.001534,0.000001,0.000424,0.000038,0.000755,0.016256,0.000170,0.000259,0.000878,0.000268,0.020905
1,1,10,"q10_case1",2389,512,5120,2621440,2621440,1,1222657,4194304,2620892,0.001482,0.000000,0.000422,0.000051,0.000758,0.016402,0.000144,0.000255,0.000906,0.000253,0.020976
1,1,10,"q10_case1",2390,512,5120,2621440,2621440,1,1223169,4194304,2620928,0.001478,0.000000,0.003146,0.000044,0.000784,0.016209,0.000139,0.000251,0.000873,0.000273,0.023451
1,1,10,"q10_case1",2391,512,5120,2621440,2621440,1,1223681,4194304,2620686,0.001501,0.000000,0.003890,0.000031,0.000759,0.016652,0.000155,0.000261,0.000883,0.000235,0.024715
1,1,10,"q10_case1",2392,512,5120,2621440,2621440,1,1224193,4194304,2620926,0.001496,0.000000,0.000425,0.000033,0.000774,0.017254,0.000177,0.000285,0.000806,0.000252,0.021815
1,1,10,"q10_case1",2393,512,5120,2621440,2621440,1,1224705,4194304,2620868,0.001536,0.000000,0.003824,0.000033,0.000759,0.016799,0.000184,0.000267,0.000896,0.000301,0.024929
1,1,10,"q10_case1",2394,512,5120,2621440,2621440,1,1225217,4194304,2620845,0.001551,0.000000,0.000427,0.000031,0.000783,0.016882,0.000156,0.000614,0.000899,0.000263,0.021904
1,1,10,"q10_case1",2395,512,5120,2621440,2621440,1,1225729,4194304,2620928,0.001546,0.000000,0.000302,0.000032,0.000761,0.016943,0.000149,0.000284,0.000865,0.000350,0.021520
1,1,10,"q10_case1",2396,512,5120,2621440,2621440,1,1226241,4194304,2620557,0.001517,0.000001,0.000371,0.000045,0.000771,0.022546,0.000155,0.000252,0.000853,0.000233,0.027084
1,1,10,"q10_case1",2397,512,5120,2621440,2621440,1,1226753,4194304,2620921,0.001484,0.000000,0.000371,0.000077,0.000760,0.016226,0.000152,0.000272,0.000876,0.000349,0.020876
1,1,10,"q10_case1",2398,512,5120,2621440,2621440,1,1227265,4194304,2620422,0.001471,0.000001,0.000402,0.000034,0.000756,0.017396,0.000176,0.000247,0.000893,0.000231,0.021941
1,1,10,"q10_case1",2399,512,5120,2621440,2621440,1,1227777,4194304,2620915,0.001469,0.000000,0.000379,0.000048,0.000759,0.016383,0.000141,0.000269,0.000852,0.000307,0.020936
1,1,10,"q10_case1",2400,512,5120,2621440,2621440,1,1228289,4194304,2620424,0.001499,0.000000,0.000410,0.000040,0.000763,0.017888,0.000136,0.000370,0.000879,0.000262,0.022531
1,1,10,"q10_case1",2401,512,5120,2621440,2621440,1,1228801,4194304,2620928,0.001569,0.000000,0.000400,0.000040,0.000764,0.015683,0.000139,0.000273,0.000892,0.000400,0.020514
1,1,10,"q10_case1",2402,512,5120,2621440,2621440,1,1229313,4194304,2620419,0.001534,0.000000,0.000403,0.000034,0.000761,0.016221,0.000146,0.000303,0.000856,0.000248,0.020882
1,1,10,"q10_case1",2403,512,5120,2621440,2621440,1,1229825,4194304,2620899,0.001491,0.000000,0.000581,0.000059,0.000784,0.016727,0.000178,0.000250,0.000857,0.000287,0.021674
1,1,10,"q10_case1",2404,512,5120,2621440,2621440,1,1230337,4194304,2620434,0.001491,0.000000,0.000333,0.000033,0.000758,0.017038,0.000166,0.000252,0.000835,0.000215,0.021339
1,1,10,"q10_case1",2405,512,5120,2621440,2621440,1,1230849,4194304,2620926,0.001499,0.000000,0.000438,0.000038,0.000761,0.017172,0.000146,0.000255,0.000824,0.000246,0.021685
1,1,10,"q10_case1",2406,512,5120,2621440,2621440,1,1231361,4194304,2620757,0.001510,0.000000,0.000393,0.000043,0.000760,0.016781,0.000174,0.000255,0.000889,0.000312,0.021416
1,1,10,"q10_case1",2407,512,5120,2621440,2621440,1,1231873,4194304,2620448,0.001484,0.000001,0.000420,0.000032,0.000759,0.016363,0.000139,0.000262,0.000900,0.000272,0.020920
1,1,10,"q10_case1",2408,512,5120,2621440,2621440,1,1232385,4194304,2620923,0.001542,0.000000,0.000716,0.000058,0.000785,0.016530,0.000215,0.000262,0.000888,0.000281,0.021656
1,1,10,"q10_case1",2409,512,5120,2621440,2621440,1,1232897,4194304,2620580,0.001549,0.000000,0.000448,0.000033,0.000762,0.016217,0.000180,0.000270,0.000917,0.000303,0.021035
1,1,10,"q10_case1",2410,512,5120,2621440,2621440,1,1233409,4194304,2620730,0.001501,0.000001,0.000618,0.000045,0.000761,0.017190,0.000147,0.000273,0.000854,0.000311,0.021980
1,1,10,"q10_case1",2411,512,5120,2621440,2621440,1,1233921,4194304,2620888,0.001482,0.000000,0.000421,0.000031,0.000766,0.016298,0.000144,0.000251,0.000828,0.000245,0.020736
1,1,10,"q10_case1",2412,512,5120,2621440,2621440,1,1234433,4194304,2620689,0.001465,0.000000,0.000417,0.000045,0.000761,0.016792,0.000144,0.000249,0.000793,0.000266,0.021247
1,1,10,"q10_case1",2413,512,5120,2621440,2621440,1,1234945,4194304,2620459,0.001498,0.000000,0.000293,0.000032,0.000793,0.016869,0.000147,0.000291,0.000871,0.000266,0.021305
1,1,10,"q10_case1",2414,512,5120,2621440,2621440,1,1235457,4194304,2620449,0.001498,0.000000,0.000430,0.000036,0.000805,0.016805,0.000145,0.000265,0.000904,0.000266,0.021441
1,1,10,"q10_case1",2415,512,5120,2621440,2621440,1,1235969,4194304,2620903,0.001550,0.000000,0.000423,0.000048,0.000777,0.016890,0.000144,0.000269,0.000914,0.000284,0.021639
1,1,10,"q10_case1",2416,512,5120,2621440,2621440,1,1236481,4194304,2620880,0.001540,0.000000,0.000712,0.000056,0.000789,0.020262,0.000184,0.000299,0.000936,0.000309,0.025544
1,1,10,"q10_case1",2417,512,5120,2621440,2621440,1,1236993,4194304,2620453,0.001523,0.000000,0.000379,0.000044,0.000762,0.016281,0.000138,0.000255,0.000881,0.000251,0.020838
1,1,10,"q10_case1",2418,512,5120,2621440,2621440,1,1237505,4194304,2620928,0.001484,0.000000,0.000409,0.000030,0.000761,0.016988,0.000131,0.000257,0.000871,0.000336,0.021552
1,1,10,"q10_case1",2419,512,5120,2621440,2621440,1,1238017,4194304,2620419,0.001476,0.000000,0.000423,0.000033,0.000766,0.019872,0.000172,0.000327,0.000831,0.000238,0.024559
1,1,10,"q10_case1",2420,512,5120,2621440,2621440,1,1238529,4194304,2620902,0.001470,0.000000,0.000427,0.000031,0.000765,0.015587,0.000142,0.000258,0.000798,0.000198,0.019905
1,1,10,"q10_case1",2421,512,5120,2621440,2621440,1,1239041,4194304,2620435,0.001541,0.000000,0.000428,0.000033,0.000762,0.016160,0.000142,0.000310,0.000844,0.000251,0.020793
1,1,10,"q10_case1",2422,512,5120,2621440,2621440,1,1239553,4194304,2620928,0.001582,0.000001,0.000618,0.000062,0.000793,0.016756,0.000207,0.000270,0.000931,0.000313,0.022024
1,1,10,"q10_case1",2423,512,5120,2621440,2621440,1,1240065,4194304,2620421,0.001549,0.000000,0.000448,0.000047,0.000762,0.015424,0.000175,0.000255,0.000916,0.000264,0.020108
1,1,10,"q10_case1",2424,512,5120,2621440,2621440,1,1240577,4194304,2620877,0.001536,0.000000,0.000381,0.000049,0.000765,0.016710,0.000135,0.000267,0.000895,0.000288,0.021328
1,1,10,"q10_case1",2425,512,5120,2621440,2621440,1,1241089,4194304,2620432,0.001483,0.000000,0.000428,0.000031,0.000763,0.016397,0.000136,0.000319,0.000869,0.000233,0.020987
1,1,10,"q10_case1",2426,512,5120,2621440,2621440,1,1241601,4194304,2620928,0.001503,0.000000,0.000361,0.000043,0.000762,0.016001,0.000171,0.000296,0.001007,0.000239,0.020708
1,1,10,"q10_case1",2427,512,5120,2621440,2621440,1,1242113,4194304,2620907,0.001471,0.000000,0.000422,0.000030,0.000788,0.016546,0.000214,0.000302,0.000837,0.000306,0.021197
1,1,10,"q10_case1",2428,512,5120,2621440,2621440,1,1242625,4194304,2620563,0.001466,0.000000,0.000442,0.000031,0.000764,0.016187,0.000166,0.000261,0.000885,0.000249,0.020702
1,1,10,"q10_case1",2429,512,5120,2621440,2621440,1,1243137,4194304,2620799,0.001534,0.000000,0.000403,0.000036,0.000763,0.016278,0.000160,0.000312,0.000941,0.000286,0.021086
1,1,10,"q10_case1",2430,512,5120,2621440,2621440,1,1243649,4194304,2620789,0.001556,0.000000,0.004747,0.000030,0.000762,0.016552,0.000162,0.000276,0.000899,0.000297,0.025575
1,1,10,"q10_case1",2431,512,5120,2621440,2621440,1,1244161,4194304,2620445,0.001527,0.000000,0.000457,0.000033,0.000760,0.016422,0.000141,0.000266,0.000888,0.000242,0.021030
1,1,10,"q10_case1",2432,512,5120,2621440,2621440,1,1244673,4194304,2620924,0.001476,0.000001,0.000473,0.000035,0.000761,0.017606,0.000165,0.000255,0.000862,0.000268,0.022237
1,1,10,"q10_case1",2433,512,5120,2621440,2621440,1,1245185,4194304,2620421,0.001479,0.000000,0.004917,0.000034,0.000764,0.016619,0.000151,0.000248,0.000869,0.000239,0.025590
1,1,10,"q10_case1",2434,512,5120,2621440,2621440,1,1245697,4194304,2620894,0.001467,0.000000,0.000384,0.000077,0.000764,0.016007,0.000138,0.000258,0.000852,0.000332,0.020560
1,1,10,"q10_case1",2435,512,5120,2621440,2621440,1,1246209,4194304,2620417,0.001493,0.000001,0.000397,0.000032,0.000763,0.017522,0.000138,0.000247,0.000889,0.000241,0.022006
1,1,10,"q10_case1",2436,512,5120,2621440,2621440,1,1246721,4194304,2620899,0.001534,0.000000,0.000406,0.000031,0.000764,0.016195,0.000192,0.000266,0.000936,0.000368,0.020974
1,1,10,"q10_case1",2437,512,5120,2621440,2621440,1,1247233,4194304,2620422,0.001547,0.000000,0.000398,0.000054,0.000762,0.016709,0.000211,0.000286,0.000973,0.000278,0.021572
1,1,10,"q10_case1",2438,512,5120,2621440,2621440,1,1247745,4194304,2620913,0.001532,0.000000,0.000422,0.000034,0.000763,0.016146,0.000149,0.000279,0.000876,0.000360,0.020912
1,1,10,"q10_case1",2439,512,5120,2621440,2621440,1,1248257,4194304,2620424,0.001472,0.000000,0.000401,0.000049,0.000764,0.017198,0.000178,0.000279,0.000868,0.000231,0.021812
1,1,10,"q10_case1",2440,512,5120,2621440,2621440,1,1248769,4194304,2620925,0.001462,0.000000,0.001303,0.000042,0.000767,0.018594,0.000136,0.000260,0.000841,0.000238,0.023917
1,1,10,"q10_case1",2441,512,5120,2621440,2621440,1,1249281,4194304,2620886,0.001477,0.000000,0.000365,0.000030,0.000804,0.016300,0.000140,0.000253,0.000872,0.000310,0.020885
1,1,10,"q10_case1",2442,512,5120,2621440,2621440,1,1249793,4194304,2620422,0.001491,0.000000,0.000395,0.000031,0.000778,0.017801,0.000142,0.000262,0.000837,0.000217,0.022389
1,1,10,"q10_case1",2443,512,5120,2621440,2621440,1,1250305,4194304,2620924,0.001547,0.000000,0.000387,0.000069,0.000765,0.016393,0.000148,0.000283,0.000911,0.000392,0.021205
1,1,10,"q10_case1",2444,512,5120,2621440,2621440,1,1250817,4194304,2620422,0.001534,0.000000,0.003537,0.000050,0.000767,0.016289,0.000179,0.000264,0.000910,0.000253,0.024127
1,1,10,"q10_case1",2445,512,5120,2621440,2621440,1,1251329,4194304,2620901,0.001530,0.000000,0.000372,0.000031,0.000782,0.016391,0.000143,0.000256,0.000855,0.000277,0.020970
1,1,10,"q10_case1",2446,512,5120,2621440,2621440,1,1251841,4194304,2620797,0.001490,0.000000,0.000448,0.000034,0.000763,0.016019,0.000151,0.000263,0.000840,0.000301,0.020669
1,1,10,"q10_case1",2447,512,5120,2621440,2621440,1,1252353,4194304,2620458,0.001491,0.000000,0.000441,0.000033,0.000765,0.016669,0.000144,0.000271,0.000843,0.000228,0.021135
1,1,10,"q10_case1",2448,512,5120,2621440,2621440,1,1252865,4194304,2620922,0.001466,0.000000,0.000464,0.000032,0.000763,0.016559,0.000178,0.000401,0.000878,0.000145,0.021138
1,1,10,"q10_case1",2449,512,5120,2621440,2621440,1,1253377,4194304,2620905,0.001474,0.000000,0.000657,0.000056,0.000795,0.016267,0.000196,0.000257,0.000878,0.000275,0.021449
1,1,10,"q10_case1",2450,512,5120,2621440,2621440,1,1253889,4194304,2620384,0.001530,0.000000,0.002064,0.000044,0.000765,0.016615,0.000193,0.000269,0.000787,0.000318,0.022885
1,1,10,"q10_case1",2451,512,5120,2621440,2621440,1,1254401,4194304,2620235,0.001586,0.000000,0.003890,0.000055,0.000768,0.016601,0.000197,0.000281,0.000844,0.000343,0.025046
1,1,10,"q10_case1",2452,512,5120,2621440,2621440,1,1254913,4194304,2620392,0.001566,0.000000,0.000428,0.000034,0.000766,0.016456,0.000203,0.000282,0.000918,0.000292,0.021278
1,1,10,"q10_case1",2453,512,5120,2621440,2621440,1,1255425,4194304,2620434,0.001474,0.000000,0.000489,0.000031,0.000767,0.016893,0.000133,0.000258,0.000849,0.000229,0.021389
1,1,10,"q10_case1",2454,512,5120,2621440,2621440,1,1255937,4194304,2620922,0.001506,0.000000,0.000429,0.000034,0.000769,0.019566,0.000147,0.000254,0.001737,0.000742,0.025420
1,1,10,"q10_case1",2455,512,5120,2621440,2621440,1,1256449,4194304,2620424,0.001464,0.000000,0.000454,0.000031,0.000762,0.017394,0.000203,0.000277,0.001067,0.000242,0.022179
1,1,10,"q10_case1",2456,512,5120,2621440,2621440,1,1256961,4194304,2620878,0.001497,0.000000,0.000427,0.000046,0.000761,0.017169,0.000144,0.000283,0.000886,0.000320,0.021828
1,1,10,"q10_case1",2457,512,5120,2621440,2621440,1,1257473,4194304,2620431,0.001555,0.000000,0.000382,0.000060,0.000779,0.016808,0.000136,0.000305,0.000920,0.000266,0.021542
1,1,10,"q10_case1",2458,512,5120,2621440,2621440,1,1257985,4194304,2620928,0.001535,0.000000,0.000386,0.000036,0.000778,0.018821,0.000199,0.000263,0.000881,0.000357,0.023547
1,1,10,"q10_case1",2459,512,5120,2621440,2621440,1,1258497,4194304,2620417,0.001503,0.000000,0.001723,0.000034,0.000767,0.018906,0.000172,0.000250,0.000865,0.000251,0.024763
1,1,10,"q10_case1",2460,512,5120,2621440,2621440,1,1259009,4194304,2620880,0.001468,0.000000,0.000408,0.000031,0.000764,0.017763,0.000139,0.000251,0.000839,0.000274,0.022263
1,1,10,"q10_case1",2461,512,5120,2621440,2621440,1,1259521,4194304,2620438,0.001465,0.000000,0.000460,0.000029,0.000811,0.016466,0.000139,0.000253,0.000881,0.000234,0.021109
1,1,10,"q10_case1",2462,512,5120,2621440,2621440,1,1260033,4194304,2620922,0.001474,0.000000,0.000750,0.000038,0.000763,0.016894,0.000240,0.000258,0.000826,0.000250,0.021819
1,1,10,"q10_case1",2463,512,5120,2621440,2621440,1,1260545,4194304,2620711,0.001493,0.000000,0.000391,0.000045,0.000769,0.016692,0.000149,0.000294,0.000861,0.000309,0.021348
1,1,10,"q10_case1",2464,512,5120,2621440,2621440,1,1261057,4194304,2620432,0.001559,0.000001,0.002861,0.000033,0.000764,0.017757,0.000141,0.000267,0.000907,0.000318,0.024926
1,1,10,"q10_case1",2465,512,5120,2621440,2621440,1,1261569,4194304,2620419,0.002611,0.000001,0.000406,0.000073,0.000765,0.017197,0.000132,0.000266,0.000884,0.000274,0.022917
1,1,10,"q10_case1",2466,512,5120,2621440,2621440,1,1262081,4194304,2620919,0.001512,0.000000,0.000365,0.000042,0.000766,0.016674,0.000151,0.000483,0.001377,0.000276,0.022013
1,1,10,"q10_case1",2467,512,5120,2621440,2621440,1,1262593,4194304,2620423,0.001476,0.000000,0.000382,0.000041,0.000772,0.015595,0.000140,0.000251,0.000863,0.000250,0.020060
1,1,10,"q10_case1",2468,512,5120,2621440,2621440,1,1263105,4194304,2620884,0.001467,0.000000,0.000394,0.000047,0.000767,0.016196,0.000138,0.000251,0.000866,0.000305,0.020756
1,1,10,"q10_case1",2469,512,5120,2621440,2621440,1,1263617,4194304,2620421,0.001453,0.000000,0.000398,0.000060,0.000777,0.017230,0.000141,0.000368,0.000857,0.000239,0.021798
1,1,10,"q10_case1",2470,512,5120,2621440,2621440,1,1264129,4194304,2620903,0.001515,0.000000,0.002864,0.000033,0.000771,0.017548,0.000137,0.000263,0.000893,0.000329,0.024672
1,1,10,"q10_case1",2471,512,5120,2621440,2621440,1,1264641,4194304,2620651,0.001534,0.000001,0.000404,0.000033,0.000803,0.016208,0.000145,0.000264,0.000890,0.000262,0.020901
1,1,10,"q10_case1",2472,512,5120,2621440,2621440,1,1265153,4194304,2620911,0.001560,0.000000,0.000454,0.000033,0.000767,0.016882,0.000134,0.000299,0.000903,0.000328,0.021662
1,1,10,"q10_case1",2473,512,5120,2621440,2621440,1,1265665,4194304,2620429,0.001505,0.000000,0.000378,0.000045,0.000810,0.015587,0.000174,0.000258,0.000898,0.000258,0.020172
1,1,10,"q10_case1",2474,512,5120,2621440,2621440,1,1266177,4194304,2620928,0.001483,0.000000,0.000329,0.000041,0.000769,0.016292,0.000165,0.000251,0.000852,0.000283,0.020825
1,1,10,"q10_case1",2475,512,5120,2621440,2621440,1,1266689,4194304,2620429,0.001464,0.000000,0.000397,0.000039,0.000769,0.016367,0.000138,0.000272,0.000846,0.000227,0.020795
1,1,10,"q10_case1",2476,512,5120,2621440,2621440,1,1267201,4194304,2620928,0.001468,0.000000,0.000379,0.000034,0.000772,0.017334,0.000138,0.000279,0.000848,0.000319,0.021893
1,1,10,"q10_case1",2477,512,5120,2621440,2621440,1,1267713,4194304,2620420,0.001498,0.000000,0.000427,0.000034,0.000772,0.016496,0.000150,0.000302,0.000875,0.000274,0.021218
1,1,10,"q10_case1",2478,512,5120,2621440,2621440,1,1268225,4194304,2620896,0.001538,0.000000,0.000436,0.000037,0.000769,0.016185,0.000191,0.000277,0.000959,0.000376,0.021119
1,1,10,"q10_case1",2479,512,5120,2621440,2621440,1,1268737,4194304,2620420,0.001527,0.000001,0.000442,0.000035,0.000773,0.016458,0.000154,0.000319,0.000914,0.000281,0.021214
1,1,10,"q10_case1",2480,512,5120,2621440,2621440,1,1269249,4194304,2620891,0.001514,0.000001,0.000430,0.000038,0.000780,0.015471,0.000151,0.000268,0.000859,0.000263,0.020073
1,1,10,"q10_case1",2481,512,5120,2621440,2621440,1,1269761,4194304,2620571,0.001511,0.000000,0.003608,0.000077,0.000763,0.017032,0.000152,0.000254,0.000871,0.000304,0.024820
1,1,10,"q10_case1",2482,512,5120,2621440,2621440,1,1270273,4194304,2620431,0.001508,0.000000,0.000458,0.000030,0.000803,0.016871,0.000225,0.000256,0.000863,0.000234,0.021562
1,1,10,"q10_case1",2483,512,5120,2621440,2621440,1,1270785,4194304,2620928,0.001471,0.000000,0.000406,0.000074,0.000773,0.016774,0.000141,0.000270,0.000821,0.000351,0.021365
1,1,10,"q10_case1",2484,512,5120,2621440,2621440,1,1271297,4194304,2620419,0.001514,0.000000,0.000387,0.000031,0.000770,0.017390,0.000148,0.000262,0.000878,0.000261,0.022014
1,1,10,"q10_case1",2485,512,5120,2621440,2621440,1,1271809,4194304,2620886,0.001545,0.000000,0.004450,0.000033,0.000768,0.016441,0.000256,0.000289,0.000888,0.000341,0.025431
1,1,10,"q10_case1",2486,512,5120,2621440,2621440,1,1272321,4194304,2620416,0.001563,0.000001,0.000438,0.000033,0.000770,0.016988,0.000186,0.000273,0.000931,0.000368,0.021890
1,1,10,"q10_case1",2487,512,5120,2621440,2621440,1,1272833,4194304,2620161,0.001556,0.000000,0.000420,0.000035,0.000772,0.020161,0.000145,0.000298,0.000859,0.000342,0.024890
1,1,10,"q10_case1",2488,512,5120,2621440,2621440,1,1273345,4194304,2620267,0.001474,0.000000,0.000384,0.000049,0.000770,0.016768,0.000145,0.000257,0.000858,0.000327,0.021333
1,1,10,"q10_case1",2489,512,5120,2621440,2621440,1,1273857,4194304,2620343,0.001465,0.000000,0.000597,0.000034,0.000786,0.016157,0.000182,0.000277,0.000851,0.000331,0.020923
1,1,10,"q10_case1",2490,512,5120,2621440,2621440,1,1274369,4194304,2620320,0.001450,0.000000,0.000902,0.000033,0.000771,0.016782,0.000180,0.000250,0.000877,0.000249,0.021809
1,1,10,"q10_case1",2491,512,5120,2621440,2621440,1,1274881,4194304,2620897,0.001493,0.000000,0.000441,0.000034,0.000769,0.016402,0.000147,0.000258,0.000883,0.000295,0.021069
1,1,10,"q10_case1",2492,512,5120,2621440,2621440,1,1275393,4194304,2620439,0.001579,0.000000,0.003966,0.000050,0.000778,0.017236,0.000200,0.000268,0.000924,0.000266,0.025585
1,1,10,"q10_case1",2493,512,5120,2621440,2621440,1,1275905,4194304,2620928,0.001543,0.000000,0.005278,0.000061,0.000774,0.016192,0.000143,0.000260,0.000911,0.000278,0.025746
1,1,10,"q10_case1",2494,512,5120,2621440,2621440,1,1276417,4194304,2620882,0.001517,0.000001,0.000525,0.000047,0.000772,0.016058,0.000135,0.000288,0.000847,0.000283,0.020729
1,1,10,"q10_case1",2495,512,5120,2621440,2621440,1,1276929,4194304,2620568,0.001498,0.000000,0.000507,0.000033,0.000789,0.016149,0.000138,0.000251,0.000870,0.000275,0.020778
1,1,10,"q10_case1",2496,512,5120,2621440,2621440,1,1277441,4194304,2620427,0.001489,0.000000,0.000368,0.000032,0.000770,0.016829,0.000147,0.000259,0.000873,0.000235,0.021305
1,1,10,"q10_case1",2497,512,5120,2621440,2621440,1,1277953,4194304,2620927,0.001462,0.000000,0.000461,0.000033,0.000769,0.016306,0.000176,0.000292,0.000771,0.000273,0.020884
1,1,10,"q10_case1",2498,512,5120,2621440,2621440,1,1278465,4194304,2620601,0.001495,0.000000,0.000387,0.000039,0.000769,0.016427,0.000153,0.000339,0.000876,0.000285,0.021098
1,1,10,"q10_case1",2499,512,5120,2621440,2621440,1,1278977,4194304,2620416,0.001550,0.000000,0.000619,0.000033,0.000799,0.015494,0.000170,0.000291,0.000903,0.000277,0.020591
1,1,10,"q10_case1",2500,512,5120,2621440,2621440,1,1279489,4194304,2620928,0.001554,0.000000,0.000743,0.000057,0.000805,0.017452,0.000193,0.000260,0.000860,0.000319,0.022694
1,1,10,"q10_case1",2501,512,5120,2621440,2621440,1,1280001,4194304,2620666,0.001506,0.000000,0.000390,0.000037,0.000771,0.016919,0.000151,0.000249,0.000941,0.000253,0.021496
1,1,10,"q10_case1",2502,512,5120,2621440,2621440,1,1280513,4194304,2620778,0.001487,0.000000,0.000400,0.000081,0.000774,0.017371,0.000138,0.000260,0.000853,0.000302,0.021973
1,1,10,"q10_case1",2503,512,5120,2621440,2621440,1,1281025,4194304,2620413,0.001489,0.000000,0.000418,0.000036,0.000771,0.017040,0.000186,0.000259,0.000888,0.000263,0.021608
1,1,10,"q10_case1",2504,512,5120,2621440,2621440,1,1281537,4194304,2620876,0.001466,0.000000,0.000355,0.000041,0.000803,0.016736,0.000139,0.000257,0.000864,0.000275,0.021176
1,1,10,"q10_case1",2505,512,5120,2621440,2621440,1,1282049,4194304,2620437,0.001495,0.000000,0.000928,0.000039,0.000779,0.016014,0.000136,0.000261,0.000896,0.000262,0.021092
1,1,10,"q10_case1",2506,512,5120,2621440,2621440,1,1282561,4194304,2620922,0.001550,0.000001,0.000458,0.000036,0.000775,0.016222,0.000151,0.000285,0.000932,0.000312,0.021075
1,1,10,"q10_case1",2507,512,5120,2621440,2621440,1,1283073,4194304,2620430,0.001553,0.000000,0.000441,0.000032,0.000772,0.016558,0.000158,0.000256,0.000857,0.000246,0.021163
1,1,10,"q10_case1",2508,512,5120,2621440,2621440,1,1283585,4194304,2620928,0.001503,0.000000,0.000374,0.000038,0.000774,0.016411,0.000187,0.000260,0.000923,0.000284,0.021088
1,1,10,"q10_case1",2509,512,5120,2621440,2621440,1,1284097,4194304,2620420,0.001467,0.000000,0.002300,0.000032,0.000787,0.017134,0.000165,0.000262,0.000844,0.000248,0.023560
1,1,10,"q10_case1",2510,512,5120,2621440,2621440,1,1284609,4194304,2620872,0.001471,0.000000,0.004230,0.000079,0.000770,0.016837,0.000136,0.000258,0.000864,0.000261,0.025187
1,1,10,"q10_case1",2511,512,5120,2621440,2621440,1,1285121,4194304,2620431,0.001493,0.000001,0.000326,0.000032,0.000772,0.016102,0.000135,0.000259,0.000863,0.000235,0.020543
1,1,10,"q10_case1",2512,512,5120,2621440,2621440,1,1285633,4194304,2620928,0.001547,0.000000,0.003603,0.000042,0.000770,0.016431,0.000176,0.000276,0.000887,0.000390,0.024454
1,1,10,"q10_case1",2513,512,5120,2621440,2621440,1,1286145,4194304,2620427,0.001540,0.000000,0.002497,0.000038,0.000785,0.016439,0.000188,0.000495,0.000900,0.000270,0.023542
1,1,10,"q10_case1",2514,512,5120,2621440,2621440,1,1286657,4194304,2620909,0.001512,0.000000,0.000534,0.000044,0.000774,0.016572,0.000184,0.000255,0.000893,0.000297,0.021390
1,1,10,"q10_case1",2515,512,5120,2621440,2621440,1,1287169,4194304,2620421,0.001477,0.000000,0.000432,0.000076,0.000798,0.016368,0.000135,0.000246,0.000865,0.000238,0.020947
1,1,10,"q10_case1",2516,512,5120,2621440,2621440,1,1287681,4194304,2620890,0.001467,0.000001,0.000401,0.000047,0.000774,0.016349,0.000140,0.000253,0.000872,0.000268,0.020866
1,1,10,"q10_case1",2517,512,5120,2621440,2621440,1,1288193,4194304,2620427,0.001467,0.000001,0.000390,0.000081,0.000772,0.016774,0.000147,0.000379,0.000849,0.000230,0.021406
1,1,10,"q10_case1",2518,512,5120,2621440,2621440,1,1288705,4194304,2620928,0.001480,0.000000,0.003987,0.000032,0.000814,0.016814,0.000134,0.000252,0.000879,0.000354,0.024995
1,1,10,"q10_case1",2519,512,5120,2621440,2621440,1,1289217,4194304,2620425,0.001527,0.000000,0.000360,0.000031,0.000809,0.016214,0.000154,0.000277,0.000917,0.000303,0.020946
1,1,10,"q10_case1",2520,512,5120,2621440,2621440,1,1289729,4194304,2620907,0.001579,0.000000,0.000412,0.000033,0.000810,0.016527,0.000184,0.000265,0.000907,0.000291,0.021352
1,1,10,"q10_case1",2521,512,5120,2621440,2621440,1,1290241,4194304,2620424,0.001521,0.000000,0.000438,0.000041,0.000770,0.016377,0.000138,0.000252,0.000839,0.000248,0.020935
1,1,10,"q10_case1",2522,512,5120,2621440,2621440,1,1290753,4194304,2620922,0.001478,0.000000,0.000365,0.000042,0.000775,0.016732,0.000144,0.000258,0.000852,0.000246,0.021218
1,1,10,"q10_case1",2523,512,5120,2621440,2621440,1,1291265,4194304,2620426,0.001486,0.000000,0.000424,0.000031,0.000774,0.016369,0.000143,0.000247,0.000839,0.000163,0.020761
1,1,10,"q10_case1",2524,512,5120,2621440,2621440,1,1291777,4194304,2620923,0.001484,0.000000,0.000391,0.000076,0.000774,0.016436,0.000165,0.000265,0.000877,0.000243,0.021154
1,1,10,"q10_case1",2525,512,5120,2621440,2621440,1,1292289,4194304,2620813,0.001492,0.000000,0.000308,0.000056,0.000775,0.016836,0.000140,0.000255,0.000826,0.000262,0.021215
1,1,10,"q10_case1",2526,512,5120,2621440,2621440,1,1292801,4194304,2620436,0.001524,0.000001,0.000472,0.000035,0.000776,0.016038,0.000147,0.000266,0.000951,0.000272,0.020766
1,1,10,"q10_case1",2527,512,5120,2621440,2621440,1,1293313,4194304,2620928,0.001541,0.000001,0.000689,0.000062,0.000807,0.016471,0.000204,0.000271,0.000925,0.000286,0.021760
1,1,10,"q10_case1",2528,512,5120,2621440,2621440,1,1293825,4194304,2620842,0.001524,0.000000,0.000648,0.000057,0.000797,0.016671,0.000207,0.000281,0.000908,0.000291,0.022063
1,1,10,"q10_case1",2529,512,5120,2621440,2621440,1,1294337,4194304,2620433,0.001474,0.000000,0.000382,0.000031,0.000771,0.016413,0.000144,0.000265,0.000855,0.000235,0.020912
1,1,10,"q10_case1",2530,512,5120,2621440,2621440,1,1294849,4194304,2620928,0.001464,0.000000,0.001783,0.000044,0.000776,0.016067,0.000147,0.000253,0.000855,0.000342,0.022008
1,1,10,"q10_case1",2531,512,5120,2621440,2621440,1,1295361,4194304,2620426,0.001477,0.000000,0.000415,0.000033,0.000777,0.016810,0.000139,0.000253,0.000883,0.000338,0.021485
1,1,10,"q10_case1",2532,512,5120,2621440,2621440,1,1295873,4194304,2620432,0.001466,0.000000,0.000371,0.000043,0.000778,0.016096,0.000135,0.000257,0.000863,0.000333,0.020728
1,1,10,"q10_case1",2533,512,5120,2621440,2621440,1,1296385,4194304,2620491,0.001532,0.000000,0.000367,0.000050,0.000777,0.016809,0.000141,0.000261,0.000887,0.000353,0.021459
1,1,10,"q10_case1",2534,512,5120,2621440,2621440,1,1296897,4194304,2620553,0.001552,0.000000,0.000381,0.000034,0.000778,0.016226,0.000191,0.000263,0.000903,0.000277,0.020929
1,1,10,"q10_case1",2535,512,5120,2621440,2621440,1,1297409,4194304,2620904,0.001521,0.000000,0.000421,0.000053,0.000776,0.017062,0.000147,0.000261,0.000867,0.000311,0.021773
1,1,10,"q10_case1",2536,512,5120,2621440,2621440,1,1297921,4194304,2620448,0.001503,0.000001,0.000424,0.000070,0.000812,0.016440,0.000144,0.000257,0.000856,0.000241,0.021132
1,1,10,"q10_case1",2537,512,5120,2621440,2621440,1,1298433,4194304,2620928,0.001483,0.000000,0.000392,0.000049,0.000778,0.018289,0.000138,0.000256,0.000866,0.000365,0.022942
1,1,10,"q10_case1",2538,512,5120,2621440,2621440,1,1298945,4194304,2620426,0.001480,0.000001,0.000397,0.000036,0.000777,0.017220,0.000173,0.000278,0.001093,0.000244,0.022023
1,1,10,"q10_case1",2539,512,5120,2621440,2621440,1,1299457,4194304,2620880,0.001495,0.000000,0.000617,0.000056,0.000812,0.017215,0.000195,0.000314,0.000868,0.000308,0.022361
1,1,10,"q10_case1",2540,512,5120,2621440,2621440,1,1299969,4194304,2620433,0.001577,0.000000,0.000423,0.000031,0.000773,0.016402,0.000191,0.000308,0.000878,0.000264,0.021217
1,1,10,"q10_case1",2541,512,5120,2621440,2621440,1,1300481,4194304,2620920,0.001611,0.000000,0.000392,0.000039,0.000789,0.016281,0.000140,0.000303,0.000883,0.000307,0.021052
1,1,10,"q10_case1",2542,512,5120,2621440,2621440,1,1300993,4194304,2620748,0.001530,0.000000,0.000429,0.000038,0.000784,0.015611,0.000147,0.000272,0.000802,0.000347,0.020237
1,1,10,"q10_case1",2543,512,5120,2621440,2621440,1,1301505,4194304,2620427,0.001477,0.000000,0.000393,0.000069,0.000778,0.018672,0.000147,0.000267,0.001075,0.000626,0.023825
1,1,10,"q10_case1",2544,512,5120,2621440,2621440,1,1302017,4194304,2620424,0.001462,0.000000,0.000458,0.000049,0.000776,0.016604,0.000136,0.000251,0.000857,0.000232,0.021059
1,1,10,"q10_case1",2545,512,5120,2621440,2621440,1,1302529,4194304,2620928,0.001460,0.000000,0.000407,0.000075,0.000782,0.016618,0.000140,0.000282,0.000870,0.000358,0.021322
1,1,10,"q10_case1",2546,512,5120,2621440,2621440,1,1303041,4194304,2620427,0.001502,0.000001,0.000436,0.000032,0.000799,0.016772,0.000139,0.000257,0.000888,0.000258,0.021451
1,1,10,"q10_case1",2547,512,5120,2621440,2621440,1,1303553,4194304,2620901,0.001545,0.000000,0.000368,0.000037,0.000778,0.016391,0.000205,0.000323,0.000912,0.000341,0.021290
1,1,10,"q10_case1",2548,512,5120,2621440,2621440,1,1304065,4194304,2620420,0.001563,0.000000,0.000435,0.000033,0.000776,0.017141,0.000170,0.000266,0.000936,0.000263,0.021934
1,1,10,"q10_case1",2549,512,5120,2621440,2621440,1,1304577,4194304,2620863,0.001527,0.000000,0.000389,0.000033,0.000778,0.016072,0.000169,0.000261,0.000885,0.000285,0.020718
1,1,10,"q10_case1",2550,512,5120,2621440,2621440,1,1305089,4194304,2620420,0.001479,0.000000,0.000372,0.000030,0.000776,0.017642,0.000163,0.000248,0.000845,0.000239,0.022138
1,1,10,"q10_case1",2551,512,5120,2621440,2621440,1,1305601,4194304,2620879,0.001480,0.000000,0.000414,0.000033,0.000779,0.016363,0.000174,0.000372,0.000882,0.000345,0.021204
1,1,10,"q10_case1",2552,512,5120,2621440,2621440,1,1306113,4194304,2620420,0.001460,0.000000,0.000416,0.000081,0.000775,0.016333,0.000139,0.000249,0.000850,0.000245,0.020816
1,1,10,"q10_case1",2553,512,5120,2621440,2621440,1,1306625,4194304,2620874,0.001499,0.000000,0.000382,0.000045,0.000777,0.016844,0.000194,0.000263,0.000876,0.000296,0.021485
1,1,10,"q10_case1",2554,512,5120,2621440,2621440,1,1307137,4194304,2620433,0.001599,0.000000,0.000477,0.000036,0.000809,0.015174,0.000167,0.000277,0.000895,0.000258,0.020252
1,1,10,"q10_case1",2555,512,5120,2621440,2621440,1,1307649,4194304,2620925,0.001556,0.000000,0.000437,0.000034,0.000778,0.016283,0.000154,0.000264,0.000927,0.000292,0.021055
1,1,10,"q10_case1",2556,512,5120,2621440,2621440,1,1308161,4194304,2620864,0.001524,0.000000,0.000409,0.000033,0.000777,0.016496,0.000138,0.000263,0.000925,0.000292,0.021148
1,1,10,"q10_case1",2557,512,5120,2621440,2621440,1,1308673,4194304,2620552,0.001469,0.000000,0.000373,0.000046,0.000777,0.018961,0.000135,0.000272,0.000837,0.000234,0.023432
1,1,10,"q10_case1",2558,512,5120,2621440,2621440,1,1309185,4194304,2620925,0.001471,0.000001,0.000404,0.000075,0.000779,0.016112,0.000145,0.000254,0.000878,0.000271,0.020713
1,1,10,"q10_case1",2559,512,5120,2621440,2621440,1,1309697,4194304,2620422,0.001473,0.000001,0.000398,0.000043,0.000788,0.021418,0.000172,0.000283,0.000809,0.000245,0.025941
1,1,10,"q10_case1",2560,512,5120,2621440,2621440,1,1310209,4194304,2620874,0.001515,0.000000,0.000648,0.000011,0.000805,0.016355,0.000206,0.000260,0.000894,0.000293,0.021796
1,1,10,"q10_case1",2561,512,5120,2621440,2621440,1,1310721,4194304,2620424,0.001534,0.000001,0.000388,0.000038,0.000777,0.016849,0.000147,0.000263,0.000932,0.000264,0.021567
1,1,10,"q10_case1",2562,512,5120,2621440,2621440,1,1311233,4194304,2620892,0.001546,0.000000,0.000516,0.000035,0.000783,0.016654,0.000221,0.000285,0.000914,0.000360,0.021742
1,1,10,"q10_case1",2563,512,5120,2621440,2621440,1,1311745,4194304,2620421,0.001498,0.000000,0.000655,0.000059,0.000806,0.017302,0.000192,0.000261,0.000885,0.000255,0.022351
1,1,10,"q10_case1",2564,512,5120,2621440,2621440,1,1312257,4194304,2620877,0.001470,0.000000,0.003174,0.000085,0.000783,0.016616,0.000157,0.000250,0.000870,0.000276,0.023948
1,1,10,"q10_case1",2565,512,5120,2621440,2621440,1,1312769,4194304,2620430,0.001469,0.000001,0.000433,0.000041,0.000778,0.016332,0.000139,0.000250,0.000873,0.000232,0.020894
1,1,10,"q10_case1",2566,512,5120,2621440,2621440,1,1313281,4194304,2620928,0.001455,0.000000,0.000430,0.000035,0.000780,0.017706,0.000136,0.000249,0.000857,0.000242,0.022156
1,1,10,"q10_case1",2567,512,5120,2621440,2621440,1,1313793,4194304,2620877,0.001503,0.000000,0.000393,0.000037,0.000779,0.016686,0.000180,0.000262,0.000869,0.000326,0.021336
1,1,10,"q10_case1",2568,512,5120,2621440,2621440,1,1314305,4194304,2620431,0.001547,0.000000,0.000404,0.000041,0.000774,0.016090,0.000141,0.000260,0.000920,0.000261,0.020753
1,1,10,"q10_case1",2569,512,5120,2621440,2621440,1,1314817,4194304,2620922,0.001556,0.000000,0.000395,0.000068,0.000810,0.016916,0.000147,0.000268,0.000917,0.000303,0.021725
1,1,10,"q10_case1",2570,512,5120,2621440,2621440,1,1315329,4194304,2620428,0.001552,0.000000,0.000382,0.000039,0.000779,0.016144,0.000144,0.000263,0.000863,0.000250,0.020760
1,1,10,"q10_case1",2571,512,5120,2621440,2621440,1,1315841,4194304,2620924,0.001524,0.000000,0.000400,0.000076,0.000783,0.016450,0.000143,0.000280,0.000879,0.000273,0.021136
1,1,10,"q10_case1",2572,512,5120,2621440,2621440,1,1316353,4194304,2620427,0.001501,0.000000,0.000500,0.000032,0.000780,0.015248,0.000146,0.000256,0.000862,0.000228,0.019832
1,1,10,"q10_case1",2573,512,5120,2621440,2621440,1,1316865,4194304,2620928,0.001476,0.000000,0.000526,0.000033,0.000783,0.016389,0.000174,0.000255,0.000866,0.000262,0.021083
1,1,10,"q10_case1",2574,512,5120,2621440,2621440,1,1317377,4194304,2620439,0.001470,0.000000,0.000451,0.000033,0.000783,0.015690,0.000226,0.000257,0.000845,0.000243,0.020365
1,1,10,"q10_case1",2575,512,5120,2621440,2621440,1,1317889,4194304,2620924,0.001543,0.000000,0.000414,0.000036,0.000780,0.016044,0.000173,0.000322,0.001296,0.000331,0.021505
1,1,10,"q10_case1",2576,512,5120,2621440,2621440,1,1318401,4194304,2620438,0.001552,0.000000,0.000406,0.000032,0.000777,0.016893,0.000163,0.000261,0.000913,0.000264,0.021582
1,1,10,"q10_case1",2577,512,5120,2621440,2621440,1,1318913,4194304,2620928,0.001503,0.000000,0.000438,0.000033,0.000804,0.016967,0.000145,0.000296,0.000883,0.000293,0.021636
1,1,10,"q10_case1",2578,512,5120,2621440,2621440,1,1319425,4194304,2620436,0.001471,0.000000,0.004532,0.000054,0.000779,0.016568,0.000186,0.000278,0.000853,0.000244,0.025243
1,1,10,"q10_case1",2579,512,5120,2621440,2621440,1,1319937,4194304,2620918,0.001473,0.000000,0.000647,0.000061,0.000813,0.015465,0.000178,0.000264,0.000815,0.000269,0.020450
1,1,10,"q10_case1",2580,512,5120,2621440,2621440,1,1320449,4194304,2620447,0.001467,0.000000,0.000380,0.000074,0.000780,0.016449,0.000140,0.000242,0.000870,0.000222,0.020959
1,1,10,"q10_case1",2581,512,5120,2621440,2621440,1,1320961,4194304,2620921,0.001477,0.000000,0.000385,0.000038,0.000788,0.016216,0.000167,0.000255,0.001036,0.000287,0.021010
1,1,10,"q10_case1",2582,512,5120,2621440,2621440,1,1321473,4194304,2620568,0.001543,0.000000,0.000367,0.000050,0.000783,0.017205,0.000144,0.000285,0.000844,0.000319,0.021891
1,1,10,"q10_case1",2583,512,5120,2621440,2621440,1,1321985,4194304,2620400,0.001689,0.000000,0.000865,0.000064,0.000810,0.016310,0.000189,0.000271,0.000888,0.000298,0.021857
1,1,10,"q10_case1",2584,512,5120,2621440,2621440,1,1322497,4194304,2620422,0.001516,0.000000,0.000418,0.000032,0.000784,0.016227,0.000154,0.000314,0.000932,0.000254,0.020979
1,1,10,"q10_case1",2585,512,5120,2621440,2621440,1,1323009,4194304,2620923,0.001466,0.000000,0.000702,0.000060,0.000808,0.016491,0.000182,0.000252,0.000827,0.000251,0.021415
1,1,10,"q10_case1",2586,512,5120,2621440,2621440,1,1323521,4194304,2620446,0.001487,0.000000,0.000538,0.000036,0.000782,0.019090,0.000135,0.000248,0.000827,0.000188,0.023609
1,1,10,"q10_case1",2587,512,5120,2621440,2621440,1,1324033,4194304,2620928,0.001479,0.000001,0.000390,0.000075,0.000820,0.016053,0.000144,0.000255,0.000842,0.000352,0.020736
1,1,10,"q10_case1",2588,512,5120,2621440,2621440,1,1324545,4194304,2620428,0.001508,0.000000,0.000394,0.000033,0.000782,0.016968,0.000178,0.000270,0.000891,0.000255,0.021728
1,1,10,"q10_case1",2589,512,5120,2621440,2621440,1,1325057,4194304,2620919,0.001526,0.000001,0.000406,0.000041,0.000798,0.016121,0.000137,0.000268,0.000910,0.000313,0.020897
1,1,10,"q10_case1",2590,512,5120,2621440,2621440,1,1325569,4194304,2620437,0.001533,0.000000,0.000643,0.000044,0.000785,0.016565,0.000133,0.000256,0.000886,0.000235,0.021339
1,1,10,"q10_case1",2591,512,5120,2621440,2621440,1,1326081,4194304,2620924,0.001507,0.000000,0.000414,0.000038,0.000782,0.017197,0.000178,0.000296,0.000883,0.000275,0.021885
1,1,10,"q10_case1",2592,512,5120,2621440,2621440,1,1326593,4194304,2620440,0.001471,0.000001,0.000388,0.000054,0.000784,0.015852,0.000145,0.000251,0.000883,0.000238,0.020349
1,1,10,"q10_case1",2593,512,5120,2621440,2621440,1,1327105,4194304,2620928,0.001459,0.000001,0.000343,0.000036,0.000809,0.016648,0.000143,0.000257,0.000865,0.000315,0.021108
1,1,10,"q10_case1",2594,512,5120,2621440,2621440,1,1327617,4194304,2620446,0.001464,0.000000,0.000391,0.000078,0.000783,0.016811,0.000144,0.000253,0.000879,0.000236,0.021363
1,1,10,"q10_case1",2595,512,5120,2621440,2621440,1,1328129,4194304,2620928,0.001529,0.000000,0.000395,0.000055,0.000780,0.016909,0.000203,0.000266,0.000877,0.000320,0.021735
1,1,10,"q10_case1",2596,512,5120,2621440,2621440,1,1328641,4194304,2620437,0.001543,0.000000,0.000657,0.000058,0.000809,0.016878,0.000208,0.000256,0.000902,0.000252,0.021987
1,1,10,"q10_case1",2597,512,5120,2621440,2621440,1,1329153,4194304,2620928,0.001529,0.000000,0.000366,0.000042,0.000786,0.016548,0.000228,0.000292,0.000887,0.000378,0.021393
1,1,10,"q10_case1",2598,512,5120,2621440,2621440,1,1329665,4194304,2620423,0.001603,0.000001,0.000605,0.000064,0.000813,0.016611,0.000200,0.000272,0.000825,0.000171,0.021663
1,1,10,"q10_case1",2599,512,5120,2621440,2621440,1,1330177,4194304,2620880,0.001481,0.000001,0.000502,0.000034,0.000779,0.016796,0.000187,0.000286,0.000976,0.000267,0.021583
1,1,10,"q10_case1",2600,512,5120,2621440,2621440,1,1330689,4194304,2620432,0.001465,0.000000,0.000388,0.000031,0.000784,0.016271,0.000152,0.000249,0.000851,0.000227,0.020763
1,1,10,"q10_case1",2601,512,5120,2621440,2621440,1,1331201,4194304,2620924,0.001589,0.000000,0.000424,0.000052,0.000780,0.016943,0.000137,0.000295,0.000886,0.000296,0.021734
1,1,10,"q10_case1",2602,512,5120,2621440,2621440,1,1331713,4194304,2620725,0.001599,0.000000,0.000422,0.000035,0.000785,0.016271,0.000159,0.000366,0.000884,0.000312,0.021157
1,1,10,"q10_case1",2603,512,5120,2621440,2621440,1,1332225,4194304,2620426,0.001576,0.000000,0.000419,0.000035,0.000782,0.016355,0.000139,0.000255,0.000897,0.000242,0.021062
1,1,10,"q10_case1",2604,512,5120,2621440,2621440,1,1332737,4194304,2620928,0.001523,0.000000,0.002515,0.000038,0.000793,0.016801,0.000176,0.000255,0.000856,0.000337,0.023568
1,1,10,"q10_case1",2605,512,5120,2621440,2621440,1,1333249,4194304,2620433,0.001509,0.000000,0.000382,0.000033,0.000789,0.016658,0.000135,0.000258,0.000859,0.000255,0.021245
1,1,10,"q10_case1",2606,512,5120,2621440,2621440,1,1333761,4194304,2620928,0.001486,0.000000,0.000407,0.000044,0.000793,0.017687,0.000164,0.000259,0.000852,0.000274,0.022318
1,1,10,"q10_case1",2607,512,5120,2621440,2621440,1,1334273,4194304,2620429,0.001509,0.000000,0.000414,0.000053,0.000780,0.016367,0.000137,0.000253,0.000910,0.000260,0.021014
1,1,10,"q10_case1",2608,512,5120,2621440,2621440,1,1334785,4194304,2620928,0.001584,0.000000,0.000415,0.000063,0.001026,0.016571,0.000179,0.000343,0.000894,0.000358,0.021800
1,1,10,"q10_case1",2609,512,5120,2621440,2621440,1,1335297,4194304,2620432,0.001550,0.000000,0.000391,0.000036,0.000832,0.016801,0.000151,0.000302,0.000892,0.000259,0.021590
1,1,10,"q10_case1",2610,512,5120,2621440,2621440,1,1335809,4194304,2620926,0.001504,0.000000,0.000638,0.000046,0.000786,0.016616,0.000141,0.000263,0.000867,0.000329,0.021488
1,1,10,"q10_case1",2611,512,5120,2621440,2621440,1,1336321,4194304,2620443,0.001545,0.000001,0.000383,0.000041,0.000785,0.016307,0.000152,0.000257,0.000864,0.000244,0.020906
1,1,10,"q10_case1",2612,512,5120,2621440,2621440,1,1336833,4194304,2620928,0.001480,0.000000,0.000414,0.000060,0.000788,0.016994,0.000138,0.000258,0.000870,0.000340,0.021632
1,1,10,"q10_case1",2613,512,5120,2621440,2621440,1,1337345,4194304,2620424,0.001484,0.000000,0.000370,0.000035,0.000789,0.017221,0.000181,0.000305,0.000836,0.000353,0.021941
1,1,10,"q10_case1",2614,512,5120,2621440,2621440,1,1337857,4194304,2620435,0.001479,0.000001,0.000641,0.000058,0.000811,0.016791,0.000214,0.000284,0.000925,0.000348,0.021992
1,1,10,"q10_case1",2615,512,5120,2621440,2621440,1,1338369,4194304,2620452,0.001566,0.000000,0.000388,0.000035,0.000786,0.016153,0.000192,0.000544,0.000950,0.000506,0.021567
1,1,10,"q10_case1",2616,512,5120,2621440,2621440,1,1338881,4194304,2620616,0.001546,0.000000,0.000459,0.000034,0.000785,0.016922,0.000191,0.000269,0.000870,0.000340,0.021762
1,1,10,"q10_case1",2617,512,5120,2621440,2621440,1,1339393,4194304,2620580,0.001561,0.000000,0.000431,0.000033,0.000786,0.016219,0.000170,0.000260,0.000846,0.000338,0.020990
1,1,10,"q10_case1",2618,512,5120,2621440,2621440,1,1339905,4194304,2620550,0.001483,0.000000,0.000378,0.000034,0.000786,0.017246,0.000140,0.000253,0.000837,0.000316,0.021781
1,1,10,"q10_case1",2619,512,5120,2621440,2621440,1,1340417,4194304,2620532,0.001462,0.000001,0.000396,0.000077,0.000824,0.015882,0.000294,0.000278,0.000807,0.000315,0.020679
1,1,10,"q10_case1",2620,512,5120,2621440,2621440,1,1340929,4194304,2620474,0.001502,0.000000,0.000405,0.000056,0.000789,0.016064,0.000142,0.000255,0.000840,0.000317,0.020693
1,1,10,"q10_case1",2621,512,5120,2621440,2621440,1,1341441,4194304,2620430,0.001504,0.000000,0.000365,0.000034,0.000790,0.016177,0.000161,0.000261,0.000820,0.000355,0.020849
1,1,10,"q10_case1",2622,512,5120,2621440,2621440,1,1341953,4194304,2620365,0.001540,0.000000,0.000421,0.000040,0.000787,0.016486,0.000151,0.000281,0.000862,0.000376,0.021284
1,1,10,"q10_case1",2623,512,5120,2621440,2621440,1,1342465,4194304,2620349,0.001546,0.000000,0.001742,0.000034,0.000788,0.016487,0.000184,0.000270,0.000881,0.000362,0.022621
1,1,10,"q10_case1",2624,512,5120,2621440,2621440,1,1342977,4194304,2620252,0.001509,0.000000,0.001780,0.000063,0.000784,0.016414,0.000191,0.000264,0.000837,0.000352,0.022474
1,1,10,"q10_case1",2625,512,5120,2621440,2621440,1,1343489,4194304,2620202,0.001477,0.000000,0.001892,0.000076,0.000821,0.016427,0.000190,0.000254,0.000808,0.000318,0.022779
1,1,10,"q10_case1",2626,512,5120,2621440,2621440,1,1344001,4194304,2620144,0.001480,0.000000,0.001688,0.000031,0.000790,0.016462,0.000132,0.000254,0.000781,0.000310,0.022222
1,1,10,"q10_case1",2627,512,5120,2621440,2621440,1,1344513,4194304,2620152,0.001476,0.000000,0.000345,0.000035,0.000792,0.016152,0.000163,0.000256,0.000792,0.000320,0.020614
1,1,10,"q10_case1",2628,512,5120,2621440,2621440,1,1345025,4194304,2620129,0.001481,0.000000,0.000431,0.000033,0.000789,0.017051,0.000176,0.000379,0.000824,0.000347,0.021919
1,1,10,"q10_case1",2629,512,5120,2621440,2621440,1,1345537,4194304,2620176,0.001542,0.000000,0.000430,0.000035,0.000792,0.016355,0.000138,0.000274,0.000855,0.000411,0.021149
1,1,10,"q10_case1",2630,512,5120,2621440,2621440,1,1346049,4194304,2620178,0.001559,0.000000,0.000401,0.000035,0.000807,0.016112,0.000183,0.000272,0.000869,0.000342,0.020941
1,1,10,"q10_case1",2631,512,5120,2621440,2621440,1,1346561,4194304,2620233,0.001548,0.000000,0.000423,0.000039,0.000790,0.020259,0.000145,0.000257,0.000790,0.000333,0.024857
1,1,10,"q10_case1",2632,512,5120,2621440,2621440,1,1347073,4194304,2620234,0.001498,0.000000,0.000399,0.000043,0.000788,0.016504,0.000139,0.000250,0.000815,0.000311,0.021052
1,1,10,"q10_case1",2633,512,5120,2621440,2621440,1,1347585,4194304,2620248,0.001468,0.000000,0.000387,0.000069,0.000808,0.018025,0.000142,0.000269,0.000786,0.000319,0.022601
1,1,10,"q10_case1",2634,512,5120,2621440,2621440,1,1348097,4194304,2620208,0.001462,0.000000,0.000383,0.000073,0.000790,0.015924,0.000142,0.000255,0.000814,0.000298,0.020415
1,1,10,"q10_case1",2635,512,5120,2621440,2621440,1,1348609,4194304,2620230,0.001546,0.000001,0.000447,0.000031,0.000793,0.016590,0.000187,0.000307,0.000843,0.000387,0.021503
1,1,10,"q10_case1",2636,512,5120,2621440,2621440,1,1349121,4194304,2620246,0.001527,0.000000,0.000456,0.000053,0.000789,0.015180,0.000158,0.000297,0.000841,0.000349,0.019969
1,1,10,"q10_case1",2637,512,5120,2621440,2621440,1,1349633,4194304,2620259,0.001497,0.000000,0.000530,0.000036,0.000794,0.016994,0.000152,0.000270,0.000840,0.000362,0.021775
1,1,10,"q10_case1",2638,512,5120,2621440,2621440,1,1350145,4194304,2620237,0.001481,0.000000,0.000413,0.000071,0.000786,0.021742,0.000163,0.000385,0.000809,0.000328,0.026479
1,1,10,"q10_case1",2639,512,5120,2621440,2621440,1,1350657,4194304,2620183,0.001471,0.000000,0.002542,0.000134,0.000793,0.016772,0.000146,0.000263,0.000792,0.000337,0.023566
1,1,10,"q10_case1",2640,512,5120,2621440,2621440,1,1351169,4194304,2620187,0.001466,0.000000,0.000611,0.000030,0.000793,0.015380,0.000166,0.000253,0.000835,0.000315,0.020131
1,1,10,"q10_case1",2641,512,5120,2621440,2621440,1,1351681,4194304,2620207,0.001466,0.000000,0.000429,0.000030,0.000790,0.016231,0.000144,0.000287,0.000831,0.000342,0.020925
1,1,10,"q10_case1",2642,512,5120,2621440,2621440,1,1352193,4194304,2620197,0.001539,0.000000,0.000430,0.000034,0.000825,0.016743,0.000144,0.000294,0.000876,0.000375,0.021552
1,1,10,"q10_case1",2643,512,5120,2621440,2621440,1,1352705,4194304,2620201,0.001536,0.000000,0.000426,0.000033,0.000789,0.016110,0.000138,0.000299,0.000843,0.000349,0.020880
1,1,10,"q10_case1",2644,512,5120,2621440,2621440,1,1353217,4194304,2620199,0.001523,0.000000,0.001755,0.000205,0.000799,0.016158,0.000143,0.000261,0.000842,0.000353,0.022406
1,1,10,"q10_case1",2645,512,5120,2621440,2621440,1,1353729,4194304,2620188,0.001517,0.000000,0.000430,0.000042,0.000847,0.016681,0.000172,0.000304,0.000886,0.000260,0.021474
1,1,10,"q10_case1",2646,512,5120,2621440,2621440,1,1354241,4194304,2620885,0.001470,0.000000,0.000458,0.000041,0.001054,0.016626,0.000149,0.000252,0.000856,0.000303,0.021457
1,1,10,"q10_case1",2647,512,5120,2621440,2621440,1,1354753,4194304,2620431,0.001506,0.000001,0.000444,0.000036,0.000787,0.017442,0.000135,0.000251,0.000854,0.000241,0.022005
1,1,10,"q10_case1",2648,512,5120,2621440,2621440,1,1355265,4194304,2620927,0.001484,0.000000,0.000409,0.000031,0.000789,0.016907,0.000137,0.000264,0.000883,0.000262,0.021503
1,1,10,"q10_case1",2649,512,5120,2621440,2621440,1,1355777,4194304,2620868,0.001566,0.000000,0.000378,0.000045,0.000789,0.016614,0.000221,0.000366,0.000837,0.000320,0.021520
1,1,10,"q10_case1",2650,512,5120,2621440,2621440,1,1356289,4194304,2620458,0.001555,0.000000,0.000882,0.000069,0.000824,0.016601,0.000269,0.000281,0.000902,0.000290,0.022132
1,1,10,"q10_case1",2651,512,5120,2621440,2621440,1,1356801,4194304,2620419,0.001527,0.000000,0.000645,0.000046,0.000792,0.015285,0.000176,0.000255,0.000880,0.000242,0.020133
1,1,10,"q10_case1",2652,512,5120,2621440,2621440,1,1357313,4194304,2620925,0.001474,0.000000,0.000495,0.000077,0.000792,0.017027,0.000218,0.000255,0.000859,0.000272,0.021750
1,1,10,"q10_case1",2653,512,5120,2621440,2621440,1,1357825,4194304,2620743,0.001488,0.000000,0.000386,0.000032,0.000793,0.016474,0.000180,0.000282,0.001065,0.000359,0.021377
1,1,10,"q10_case1",2654,512,5120,2621440,2621440,1,1358337,4194304,2620419,0.001482,0.000000,0.000418,0.000079,0.000813,0.016208,0.000213,0.000500,0.000966,0.000534,0.021505
1,1,10,"q10_case1",2655,512,5120,2621440,2621440,1,1358849,4194304,2620928,0.001815,0.000001,0.000607,0.000057,0.000788,0.017220,0.000169,0.000424,0.001298,0.000600,0.023332
1,1,10,"q10_case1",2656,512,5120,2621440,2621440,1,1359361,4194304,2620422,0.002100,0.000001,0.000632,0.000061,0.000819,0.016623,0.000236,0.000286,0.000997,0.000400,0.022635
1,1,10,"q10_case1",2657,512,5120,2621440,2621440,1,1359873,4194304,2620909,0.001852,0.000000,0.000776,0.000058,0.000818,0.017160,0.000205,0.000274,0.000909,0.000264,0.022827
1,1,10,"q10_case1",2658,512,5120,2621440,2621440,1,1360385,4194304,2620424,0.001477,0.000000,0.000427,0.000033,0.000791,0.016059,0.000171,0.000390,0.001253,0.000529,0.021494
1,1,10,"q10_case1",2659,512,5120,2621440,2621440,1,1360897,4194304,2620896,0.001880,0.000000,0.000357,0.000036,0.000879,0.016938,0.000175,0.000272,0.000859,0.000352,0.022184
1,1,10,"q10_case1",2660,512,5120,2621440,2621440,1,1361409,4194304,2620421,0.001643,0.000001,0.000589,0.000065,0.000801,0.016623,0.000172,0.000319,0.000963,0.000295,0.021941
1,1,10,"q10_case1",2661,512,5120,2621440,2621440,1,1361921,4194304,2620909,0.001634,0.000000,0.000597,0.000052,0.000794,0.016689,0.000187,0.000423,0.000934,0.000369,0.022077
1,1,10,"q10_case1",2662,512,5120,2621440,2621440,1,1362433,4194304,2620424,0.001615,0.000000,0.000415,0.000046,0.000795,0.016206,0.000145,0.000269,0.000919,0.000280,0.021005
1,1,10,"q10_case1",2663,512,5120,2621440,2621440,1,1362945,4194304,2620908,0.001606,0.000000,0.003977,0.000037,0.000822,0.016430,0.000147,0.000321,0.001031,0.000504,0.025207
1,1,10,"q10_case1",2664,512,5120,2621440,2621440,1,1363457,4194304,2620420,0.001587,0.000000,0.000442,0.000041,0.000822,0.017366,0.000158,0.000428,0.000979,0.000319,0.022533
1,1,10,"q10_case1",2665,512,5120,2621440,2621440,1,1363969,4194304,2620880,0.001624,0.000000,0.002065,0.000062,0.000825,0.016665,0.000237,0.000287,0.000922,0.000362,0.023624
1,1,10,"q10_case1",2666,512,5120,2621440,2621440,1,1364481,4194304,2620420,0.001557,0.000000,0.000409,0.000037,0.000793,0.017222,0.000211,0.000549,0.000913,0.000259,0.022368
1,1,10,"q10_case1",2667,512,5120,2621440,2621440,1,1364993,4194304,2620902,0.001503,0.000001,0.000380,0.000047,0.000797,0.017126,0.000140,0.000251,0.000833,0.000279,0.021710
1,1,10,"q10_case1",2668,512,5120,2621440,2621440,1,1365505,4194304,2620640,0.001462,0.000000,0.000424,0.000074,0.000787,0.015087,0.000248,0.000296,0.000828,0.000243,0.019737
1,1,10,"q10_case1",2669,512,5120,2621440,2621440,1,1366017,4194304,2620403,0.001470,0.000000,0.000696,0.000063,0.000792,0.016579,0.000258,0.000278,0.000853,0.000227,0.021711
1,1,10,"q10_case1",2670,512,5120,2621440,2621440,1,1366529,4194304,2620928,0.001783,0.000000,0.000445,0.000036,0.000808,0.021802,0.000166,0.000481,0.000869,0.000358,0.027129
1,1,10,"q10_case1",2671,512,5120,2621440,2621440,1,1367041,4194304,2620420,0.001560,0.000000,0.000983,0.000067,0.000819,0.017476,0.000402,0.000344,0.000884,0.000267,0.023349
1,1,10,"q10_case1",2672,512,5120,2621440,2621440,1,1367553,4194304,2620903,0.001554,0.000001,0.000430,0.000034,0.000790,0.016777,0.000141,0.000273,0.000941,0.000287,0.021584
1,1,10,"q10_case1",2673,512,5120,2621440,2621440,1,1368065,4194304,2620425,0.001494,0.000001,0.000407,0.000044,0.000796,0.017066,0.000136,0.000274,0.000883,0.000253,0.021689
1,1,10,"q10_case1",2674,512,5120,2621440,2621440,1,1368577,4194304,2620928,0.001507,0.000000,0.001679,0.000074,0.000806,0.016438,0.000178,0.000256,0.000862,0.000325,0.022398
1,1,10,"q10_case1",2675,512,5120,2621440,2621440,1,1369089,4194304,2620417,0.001485,0.000000,0.000403,0.000034,0.000794,0.017601,0.000164,0.000255,0.000855,0.000262,0.022150
1,1,10,"q10_case1",2676,512,5120,2621440,2621440,1,1369601,4194304,2620827,0.001465,0.000000,0.000413,0.000076,0.000788,0.016266,0.000148,0.000256,0.000838,0.000253,0.020781
1,1,10,"q10_case1",2677,512,5120,2621440,2621440,1,1370113,4194304,2620428,0.001540,0.000000,0.000438,0.000036,0.000797,0.016678,0.000139,0.000276,0.000936,0.000274,0.021477
1,1,10,"q10_case1",2678,512,5120,2621440,2621440,1,1370625,4194304,2620923,0.001535,0.000000,0.000388,0.000058,0.000799,0.016377,0.000167,0.000294,0.000884,0.000277,0.021279
1,1,10,"q10_case1",2679,512,5120,2621440,2621440,1,1371137,4194304,2620843,0.001505,0.000000,0.000426,0.000033,0.000794,0.016478,0.000133,0.000287,0.000864,0.000262,0.021057
1,1,10,"q10_case1",2680,512,5120,2621440,2621440,1,1371649,4194304,2620427,0.001485,0.000000,0.000432,0.000036,0.000792,0.015847,0.000142,0.000256,0.000849,0.000233,0.020387
1,1,10,"q10_case1",2681,512,5120,2621440,2621440,1,1372161,4194304,2620928,0.001477,0.000000,0.000390,0.000033,0.000794,0.016151,0.000146,0.000257,0.000866,0.000334,0.020796
1,1,10,"q10_case1",2682,512,5120,2621440,2621440,1,1372673,4194304,2620416,0.001467,0.000000,0.000430,0.000075,0.000790,0.016101,0.000140,0.000257,0.000837,0.000320,0.020742
1,1,10,"q10_case1",2683,512,5120,2621440,2621440,1,1373185,4194304,2620338,0.001550,0.000000,0.000405,0.000035,0.000795,0.019674,0.000186,0.000293,0.000880,0.000368,0.024531
1,1,10,"q10_case1",2684,512,5120,2621440,2621440,1,1373697,4194304,2620349,0.001509,0.000000,0.000470,0.000051,0.000800,0.016251,0.000153,0.000284,0.000906,0.000344,0.021079
1,1,10,"q10_case1",2685,512,5120,2621440,2621440,1,1374209,4194304,2620300,0.001522,0.000000,0.000523,0.000033,0.000798,0.015406,0.000191,0.000264,0.000836,0.000338,0.020191
1,1,10,"q10_case1",2686,512,5120,2621440,2621440,1,1374721,4194304,2620370,0.001498,0.000000,0.000403,0.000036,0.000798,0.016893,0.000158,0.000262,0.000810,0.000327,0.021506
1,1,10,"q10_case1",2687,512,5120,2621440,2621440,1,1375233,4194304,2620417,0.001464,0.000000,0.000399,0.000031,0.000796,0.015316,0.000190,0.000281,0.000824,0.000327,0.019963
1,1,10,"q10_case1",2688,512,5120,2621440,2621440,1,1375745,4194304,2620392,0.001695,0.000001,0.000604,0.000060,0.000799,0.019748,0.000183,0.000258,0.000790,0.000274,0.024842
1,1,10,"q10_case1",2689,512,5120,2621440,2621440,1,1376257,4194304,2620386,0.001475,0.000000,0.001462,0.000034,0.000829,0.016687,0.000190,0.000267,0.000803,0.000323,0.022544
1,1,10,"q10_case1",2690,512,5120,2621440,2621440,1,1376769,4194304,2620359,0.001543,0.000000,0.000375,0.000043,0.000795,0.016661,0.000180,0.000334,0.000884,0.000239,0.021394
1,1,10,"q10_case1",2691,512,5120,2621440,2621440,1,1377281,4194304,2620897,0.001596,0.000000,0.000423,0.000036,0.000793,0.016337,0.000145,0.000280,0.000867,0.000281,0.020998
1,1,10,"q10_case1",2692,512,5120,2621440,2621440,1,1377793,4194304,2620428,0.001559,0.000000,0.003671,0.000034,0.000796,0.016544,0.000144,0.000265,0.000916,0.000252,0.024497
1,1,10,"q10_case1",2693,512,5120,2621440,2621440,1,1378305,4194304,2620920,0.001500,0.000000,0.000628,0.000030,0.000839,0.016993,0.000217,0.000263,0.000844,0.000250,0.021906
1,1,10,"q10_case1",2694,512,5120,2621440,2621440,1,1378817,4194304,2620865,0.001474,0.000000,0.000388,0.000076,0.000796,0.016357,0.000135,0.000255,0.000857,0.000267,0.020935
1,1,10,"q10_case1",2695,512,5120,2621440,2621440,1,1379329,4194304,2620487,0.001483,0.000000,0.000503,0.000042,0.000798,0.017176,0.000135,0.000249,0.000876,0.000236,0.021771
1,1,10,"q10_case1",2696,512,5120,2621440,2621440,1,1379841,4194304,2620912,0.001473,0.000000,0.003784,0.000074,0.000799,0.016507,0.000138,0.000269,0.000883,0.000267,0.024486
1,1,10,"q10_case1",2697,512,5120,2621440,2621440,1,1380353,4194304,2620423,0.001542,0.000000,0.000467,0.000038,0.000796,0.016626,0.000138,0.000278,0.000897,0.000264,0.021410
1,1,10,"q10_case1",2698,512,5120,2621440,2621440,1,1380865,4194304,2620859,0.001536,0.000000,0.000853,0.000041,0.000795,0.016197,0.000138,0.000315,0.000897,0.000280,0.021338
1,1,10,"q10_case1",2699,512,5120,2621440,2621440,1,1381377,4194304,2620433,0.001488,0.000000,0.000382,0.000033,0.000809,0.016299,0.000137,0.000258,0.000922,0.000251,0.020882
1,1,10,"q10_case1",2700,512,5120,2621440,2621440,1,1381889,4194304,2620928,0.001464,0.000000,0.000389,0.000078,0.000795,0.016094,0.000137,0.000249,0.000860,0.000236,0.020626
1,1,10,"q10_case1",2701,512,5120,2621440,2621440,1,1382401,4194304,2620717,0.001467,0.000000,0.000584,0.000034,0.000797,0.016904,0.000135,0.000251,0.000864,0.000271,0.021574
1,1,10,"q10_case1",2702,512,5120,2621440,2621440,1,1382913,4194304,2620743,0.001470,0.000000,0.000565,0.000073,0.000796,0.016275,0.000135,0.000252,0.000870,0.000243,0.020957
1,1,10,"q10_case1",2703,512,5120,2621440,2621440,1,1383425,4194304,2620434,0.001474,0.000001,0.000399,0.000043,0.000797,0.016368,0.000306,0.000269,0.000898,0.000268,0.021085
1,1,10,"q10_case1",2704,512,5120,2621440,2621440,1,1383937,4194304,2620928,0.001524,0.000000,0.000384,0.000049,0.000794,0.016548,0.000148,0.000267,0.000900,0.000275,0.021152
1,1,10,"q10_case1",2705,512,5120,2621440,2621440,1,1384449,4194304,2620430,0.001589,0.000001,0.000380,0.000057,0.000796,0.017009,0.000171,0.000299,0.000912,0.000254,0.021836
1,1,10,"q10_case1",2706,512,5120,2621440,2621440,1,1384961,4194304,2620928,0.001527,0.000001,0.000543,0.000033,0.000798,0.016166,0.000138,0.000262,0.000854,0.000332,0.020936
1,1,10,"q10_case1",2707,512,5120,2621440,2621440,1,1385473,4194304,2620418,0.001487,0.000000,0.000385,0.000051,0.000797,0.016383,0.000207,0.000259,0.000863,0.000251,0.021041
1,1,10,"q10_case1",2708,512,5120,2621440,2621440,1,1385985,4194304,2620881,0.001480,0.000000,0.000385,0.000075,0.000809,0.016864,0.000142,0.000266,0.000843,0.000253,0.021491
1,1,10,"q10_case1",2709,512,5120,2621440,2621440,1,1386497,4194304,2620430,0.001486,0.000000,0.000463,0.000031,0.000833,0.016296,0.000143,0.000247,0.000887,0.000228,0.020890
1,1,10,"q10_case1",2710,512,5120,2621440,2621440,1,1387009,4194304,2620928,0.001513,0.000000,0.000399,0.000051,0.000798,0.016637,0.000144,0.000280,0.000882,0.000358,0.021409
1,1,10,"q10_case1",2711,512,5120,2621440,2621440,1,1387521,4194304,2620418,0.001633,0.000000,0.000376,0.000043,0.000796,0.016519,0.000187,0.000262,0.000865,0.000271,0.021317
1,1,10,"q10_case1",2712,512,5120,2621440,2621440,1,1388033,4194304,2620829,0.001560,0.000001,0.000447,0.000034,0.000808,0.015995,0.000189,0.000268,0.000955,0.000311,0.020922
1,1,10,"q10_case1",2713,512,5120,2621440,2621440,1,1388545,4194304,2620417,0.001505,0.000000,0.003194,0.000044,0.000801,0.016586,0.000156,0.000253,0.000867,0.000249,0.023941
1,1,10,"q10_case1",2714,512,5120,2621440,2621440,1,1389057,4194304,2620914,0.001476,0.000000,0.000485,0.000030,0.000794,0.016021,0.000150,0.000252,0.000871,0.000268,0.020701
1,1,10,"q10_case1",2715,512,5120,2621440,2621440,1,1389569,4194304,2620418,0.001460,0.000000,0.000415,0.000034,0.000796,0.016014,0.000146,0.000258,0.000858,0.000335,0.020634
1,1,10,"q10_case1",2716,512,5120,2621440,2621440,1,1390081,4194304,2619954,0.001478,0.000001,0.000378,0.000036,0.000800,0.016601,0.000140,0.000250,0.000837,0.000321,0.021161
1,1,10,"q10_case1",2717,512,5120,2621440,2621440,1,1390593,4194304,2619984,0.001493,0.000000,0.000383,0.000035,0.000801,0.016981,0.000148,0.000259,0.000834,0.000350,0.021641
1,1,10,"q10_case1",2718,512,5120,2621440,2621440,1,1391105,4194304,2620009,0.001529,0.000000,0.000427,0.000034,0.000798,0.016450,0.000154,0.000268,0.000859,0.000378,0.021244
1,1,10,"q10_case1",2719,512,5120,2621440,2621440,1,1391617,4194304,2620131,0.001538,0.000001,0.000433,0.000031,0.000831,0.016788,0.000194,0.000267,0.000844,0.000363,0.021634
1,1,10,"q10_case1",2720,512,5120,2621440,2621440,1,1392129,4194304,2620185,0.001499,0.000000,0.000786,0.000033,0.000801,0.020544,0.000175,0.000263,0.000805,0.000339,0.025527
1,1,10,"q10_case1",2721,512,5120,2621440,2621440,1,1392641,4194304,2620160,0.001541,0.000000,0.000432,0.000092,0.000814,0.021200,0.000132,0.000286,0.000837,0.000355,0.026033
1,1,10,"q10_case1",2722,512,5120,2621440,2621440,1,1393153,4194304,2620203,0.001501,0.000000,0.000390,0.000076,0.000802,0.016280,0.000142,0.000251,0.000855,0.000264,0.020821
1,1,10,"q10_case1",2723,512,5120,2621440,2621440,1,1393665,4194304,2620731,0.001513,0.000000,0.000444,0.000035,0.000827,0.019425,0.000163,0.000287,0.000849,0.000260,0.024121
1,1,10,"q10_case1",2724,512,5120,2621440,2621440,1,1394177,4194304,2620436,0.001531,0.000000,0.000377,0.000040,0.000802,0.016338,0.000186,0.000300,0.000924,0.000277,0.021135
1,1,10,"q10_case1",2725,512,5120,2621440,2621440,1,1394689,4194304,2620924,0.001581,0.000000,0.000589,0.000043,0.000804,0.017104,0.000169,0.000634,0.000902,0.000364,0.022595
1,1,10,"q10_case1",2726,512,5120,2621440,2621440,1,1395201,4194304,2620721,0.001560,0.000000,0.000395,0.000065,0.000798,0.016854,0.000134,0.000307,0.000894,0.000272,0.021587
1,1,10,"q10_case1",2727,512,5120,2621440,2621440,1,1395713,4194304,2620425,0.001518,0.000000,0.000771,0.000047,0.000796,0.016658,0.000175,0.000271,0.000889,0.000238,0.021654
1,1,10,"q10_case1",2728,512,5120,2621440,2621440,1,1396225,4194304,2620925,0.001524,0.000000,0.000369,0.000056,0.000803,0.016877,0.000142,0.000275,0.000894,0.000325,0.021513
1,1,10,"q10_case1",2729,512,5120,2621440,2621440,1,1396737,4194304,2620567,0.001587,0.000000,0.000385,0.000070,0.000801,0.016349,0.000136,0.000254,0.000861,0.000235,0.020971
1,1,10,"q10_case1",2730,512,5120,2621440,2621440,1,1397249,4194304,2620897,0.001496,0.000001,0.000464,0.000036,0.000803,0.016305,0.000134,0.000256,0.000823,0.000156,0.020766
1,1,10,"q10_case1",2731,512,5120,2621440,2621440,1,1397761,4194304,2620443,0.001525,0.000000,0.000378,0.000057,0.000802,0.015967,0.000154,0.000281,0.000888,0.000285,0.020720
1,1,10,"q10_case1",2732,512,5120,2621440,2621440,1,1398273,4194304,2620866,0.001570,0.000001,0.000422,0.000041,0.000817,0.016797,0.000152,0.000289,0.000948,0.000277,0.021587
1,1,10,"q10_case1",2733,512,5120,2621440,2621440,1,1398785,4194304,2620427,0.001546,0.000000,0.000349,0.000034,0.000830,0.017624,0.000181,0.000299,0.000881,0.000264,0.022280
1,1,10,"q10_case1",2734,512,5120,2621440,2621440,1,1399297,4194304,2620928,0.001502,0.000000,0.000412,0.000038,0.000809,0.016424,0.000140,0.000257,0.000865,0.000340,0.021089
1,1,10,"q10_case1",2735,512,5120,2621440,2621440,1,1399809,4194304,2620421,0.001499,0.000001,0.000403,0.000031,0.000804,0.016029,0.000138,0.000254,0.000830,0.000235,0.020504
1,1,10,"q10_case1",2736,512,5120,2621440,2621440,1,1400321,4194304,2620906,0.001482,0.000000,0.000429,0.000036,0.000798,0.017237,0.000137,0.000251,0.000842,0.000284,0.021797
1,1,10,"q10_case1",2737,512,5120,2621440,2621440,1,1400833,4194304,2620417,0.001458,0.000000,0.000418,0.000034,0.000804,0.018660,0.000250,0.000258,0.000882,0.000264,0.023362
1,1,10,"q10_case1",2738,512,5120,2621440,2621440,1,1401345,4194304,2620720,0.001543,0.000000,0.000416,0.000034,0.000802,0.016302,0.000154,0.000267,0.000874,0.000280,0.020965
1,1,10,"q10_case1",2739,512,5120,2621440,2621440,1,1401857,4194304,2620428,0.001559,0.000000,0.000482,0.000033,0.000807,0.015865,0.000173,0.000261,0.000856,0.000232,0.020546
1,1,10,"q10_case1",2740,512,5120,2621440,2621440,1,1402369,4194304,2620928,0.001514,0.000000,0.000410,0.000033,0.000801,0.017646,0.000138,0.000262,0.000865,0.000349,0.022365
1,1,10,"q10_case1",2741,512,5120,2621440,2621440,1,1402881,4194304,2620420,0.001500,0.000000,0.004388,0.000046,0.000806,0.016139,0.000144,0.000283,0.000886,0.000251,0.024709
1,1,10,"q10_case1",2742,512,5120,2621440,2621440,1,1403393,4194304,2620896,0.001476,0.000000,0.000414,0.000033,0.000832,0.016825,0.000183,0.000287,0.000843,0.000266,0.021435
1,1,10,"q10_case1",2743,512,5120,2621440,2621440,1,1403905,4194304,2620421,0.001476,0.000001,0.000646,0.000066,0.000829,0.017247,0.000223,0.000272,0.000867,0.000247,0.022369
1,1,10,"q10_case1",2744,512,5120,2621440,2621440,1,1404417,4194304,2620877,0.001478,0.000000,0.000420,0.000047,0.000796,0.016472,0.000136,0.000257,0.000844,0.000262,0.021057
1,1,10,"q10_case1",2745,512,5120,2621440,2621440,1,1404929,4194304,2620424,0.001544,0.000000,0.000440,0.000031,0.000798,0.016174,0.000167,0.000311,0.000890,0.000255,0.020925
1,1,10,"q10_case1",2746,512,5120,2621440,2621440,1,1405441,4194304,2620852,0.001533,0.000001,0.000432,0.000035,0.000825,0.016795,0.000142,0.000326,0.000888,0.000311,0.021637
1,1,10,"q10_case1",2747,512,5120,2621440,2621440,1,1405953,4194304,2620419,0.001507,0.000000,0.000432,0.000035,0.000810,0.016955,0.000151,0.000269,0.000885,0.000259,0.021600
1,1,10,"q10_case1",2748,512,5120,2621440,2621440,1,1406465,4194304,2620867,0.001463,0.000000,0.000536,0.000072,0.000801,0.015950,0.000146,0.000253,0.000832,0.000150,0.020445
1,1,10,"q10_case1",2749,512,5120,2621440,2621440,1,1406977,4194304,2620423,0.001481,0.000000,0.000405,0.000031,0.000800,0.016835,0.000143,0.000498,0.000854,0.000242,0.021677
1,1,10,"q10_case1",2750,512,5120,2621440,2621440,1,1407489,4194304,2620878,0.001458,0.000000,0.000381,0.000036,0.000807,0.017265,0.000138,0.000251,0.000846,0.000320,0.021810
1,1,10,"q10_case1",2751,512,5120,2621440,2621440,1,1408001,4194304,2620417,0.001558,0.000000,0.000431,0.000053,0.000801,0.016920,0.000182,0.000415,0.000896,0.000293,0.021814
1,1,10,"q10_case1",2752,512,5120,2621440,2621440,1,1408513,4194304,2620703,0.001597,0.000001,0.000435,0.000043,0.000804,0.016421,0.000144,0.000268,0.000930,0.000284,0.021205
1,1,10,"q10_case1",2753,512,5120,2621440,2621440,1,1409025,4194304,2620423,0.001507,0.000001,0.003873,0.000043,0.000815,0.017085,0.000146,0.000304,0.000916,0.000258,0.025220
1,1,10,"q10_case1",2754,512,5120,2621440,2621440,1,1409537,4194304,2620871,0.001511,0.000000,0.000669,0.000058,0.000849,0.016726,0.000196,0.000265,0.000892,0.000311,0.021936
1,1,10,"q10_case1",2755,512,5120,2621440,2621440,1,1410049,4194304,2620416,0.001491,0.000000,0.000425,0.000034,0.000803,0.016887,0.000144,0.000258,0.000820,0.000333,0.021500
1,1,10,"q10_case1",2756,512,5120,2621440,2621440,1,1410561,4194304,2620150,0.001460,0.000000,0.000515,0.000075,0.000822,0.015612,0.000146,0.000259,0.000865,0.000339,0.020468
1,1,10,"q10_case1",2757,512,5120,2621440,2621440,1,1411073,4194304,2620238,0.001481,0.000000,0.000484,0.000032,0.000803,0.017166,0.000137,0.000271,0.000892,0.000358,0.021939
1,1,10,"q10_case1",2758,512,5120,2621440,2621440,1,1411585,4194304,2620378,0.001544,0.000000,0.000468,0.000033,0.000806,0.015665,0.000197,0.000319,0.000892,0.000374,0.020772
1,1,10,"q10_case1",2759,512,5120,2621440,2621440,1,1412097,4194304,2620390,0.001549,0.000000,0.000425,0.000033,0.000809,0.017035,0.000135,0.000259,0.000832,0.000352,0.021791
1,1,10,"q10_case1",2760,512,5120,2621440,2621440,1,1412609,4194304,2620385,0.001511,0.000001,0.000648,0.000059,0.000832,0.016121,0.000180,0.000257,0.000822,0.000331,0.021244
1,1,10,"q10_case1",2761,512,5120,2621440,2621440,1,1413121,4194304,2620328,0.001509,0.000000,0.000443,0.000077,0.000804,0.015290,0.000142,0.000251,0.000803,0.000330,0.019928
1,1,10,"q10_case1",2762,512,5120,2621440,2621440,1,1413633,4194304,2620322,0.001506,0.000000,0.000430,0.000033,0.000805,0.016738,0.000131,0.000257,0.000848,0.000333,0.021437
1,1,10,"q10_case1",2763,512,5120,2621440,2621440,1,1414145,4194304,2620274,0.001474,0.000000,0.000396,0.000043,0.000834,0.015941,0.000158,0.000261,0.000803,0.000342,0.020696
1,1,10,"q10_case1",2764,512,5120,2621440,2621440,1,1414657,4194304,2620259,0.001496,0.000000,0.000425,0.000052,0.000803,0.015809,0.000145,0.000263,0.000865,0.000344,0.020512
1,1,10,"q10_case1",2765,512,5120,2621440,2621440,1,1415169,4194304,2620231,0.001509,0.000000,0.000425,0.000034,0.000807,0.015421,0.000170,0.000326,0.000854,0.000369,0.020303
1,1,10,"q10_case1",2766,512,5120,2621440,2621440,1,1415681,4194304,2620188,0.001567,0.000000,0.001414,0.000036,0.000832,0.017028,0.000227,0.000259,0.001000,0.000342,0.023136
1,1,10,"q10_case1",2767,512,5120,2621440,2621440,1,1416193,4194304,2620210,0.001495,0.000000,0.000384,0.000049,0.000806,0.016955,0.000134,0.000259,0.000821,0.000330,0.021518
1,1,10,"q10_case1",2768,512,5120,2621440,2621440,1,1416705,4194304,2620217,0.001468,0.000001,0.000394,0.000074,0.000833,0.017367,0.000150,0.000256,0.000817,0.000314,0.021989
1,1,10,"q10_case1",2769,512,5120,2621440,2621440,1,1417217,4194304,2620187,0.001546,0.000000,0.000313,0.000037,0.000859,0.017157,0.000173,0.000311,0.000963,0.000351,0.022193
1,1,10,"q10_case1",2770,512,5120,2621440,2621440,1,1417729,4194304,2620154,0.001893,0.000000,0.000408,0.000052,0.000837,0.018066,0.000175,0.000358,0.001050,0.000372,0.023785
1,1,10,"q10_case1",2771,512,5120,2621440,2621440,1,1418241,4194304,2620565,0.002114,0.000000,0.000428,0.000057,0.000823,0.015520,0.000153,0.000411,0.001153,0.000332,0.021326
1,1,10,"q10_case1",2772,512,5120,2621440,2621440,1,1418753,4194304,2620432,0.001908,0.000001,0.000416,0.000042,0.000810,0.017088,0.000143,0.000314,0.001240,0.000301,0.022654
1,1,10,"q10_case1",2773,512,5120,2621440,2621440,1,1419265,4194304,2620925,0.001486,0.000000,0.000659,0.000060,0.000827,0.017301,0.000222,0.000458,0.001219,0.000524,0.023349
1,1,10,"q10_case1",2774,512,5120,2621440,2621440,1,1419777,4194304,2620715,0.001486,0.000000,0.000395,0.000044,0.000809,0.015986,0.000159,0.000406,0.001215,0.000445,0.021322
1,1,10,"q10_case1",2775,512,5120,2621440,2621440,1,1420289,4194304,2620416,0.001504,0.000000,0.000385,0.000077,0.000806,0.016508,0.000155,0.000407,0.000961,0.000246,0.021422
1,1,10,"q10_case1",2776,512,5120,2621440,2621440,1,1420801,4194304,2620920,0.001469,0.000000,0.000485,0.000039,0.000814,0.016506,0.000150,0.000346,0.001121,0.000374,0.021593
1,1,10,"q10_case1",2777,512,5120,2621440,2621440,1,1421313,4194304,2620793,0.001783,0.000000,0.000468,0.000045,0.000841,0.016625,0.000148,0.000276,0.000939,0.000320,0.021844
1,1,10,"q10_case1",2778,512,5120,2621440,2621440,1,1421825,4194304,2620728,0.001557,0.000000,0.000431,0.000033,0.000802,0.016460,0.000159,0.000251,0.000875,0.000285,0.021147
1,1,10,"q10_case1",2779,512,5120,2621440,2621440,1,1422337,4194304,2620923,0.001528,0.000000,0.001722,0.000050,0.000806,0.016221,0.000158,0.000313,0.000916,0.000270,0.022299
1,1,10,"q10_case1",2780,512,5120,2621440,2621440,1,1422849,4194304,2620898,0.001525,0.000000,0.000413,0.000036,0.000850,0.019154,0.000149,0.000261,0.000937,0.000292,0.023975
1,1,10,"q10_case1",2781,512,5120,2621440,2621440,1,1423361,4194304,2620864,0.001600,0.000000,0.003005,0.000046,0.000808,0.015842,0.000153,0.000267,0.000920,0.000273,0.023280
1,1,10,"q10_case1",2782,512,5120,2621440,2621440,1,1423873,4194304,2620428,0.001582,0.000000,0.000405,0.000033,0.000807,0.016103,0.000134,0.000254,0.000884,0.000242,0.020717
1,1,10,"q10_case1",2783,512,5120,2621440,2621440,1,1424385,4194304,2620904,0.001552,0.000000,0.000808,0.000035,0.000809,0.017075,0.000169,0.000276,0.000886,0.000262,0.022262
1,1,10,"q10_case1",2784,512,5120,2621440,2621440,1,1424897,4194304,2620435,0.001543,0.000000,0.000371,0.000056,0.000816,0.016372,0.000175,0.000253,0.000876,0.000243,0.021047
1,1,10,"q10_case1",2785,512,5120,2621440,2621440,1,1425409,4194304,2620888,0.001467,0.000000,0.000566,0.000075,0.000811,0.015081,0.000143,0.000259,0.000858,0.000296,0.019843
1,1,10,"q10_case1",2786,512,5120,2621440,2621440,1,1425921,4194304,2620468,0.001468,0.000001,0.000406,0.000041,0.000810,0.016538,0.000149,0.000247,0.000857,0.000238,0.021046
1,1,10,"q10_case1",2787,512,5120,2621440,2621440,1,1426433,4194304,2620902,0.001472,0.000000,0.000889,0.000041,0.000807,0.016086,0.000144,0.000376,0.000860,0.000301,0.021204
1,1,10,"q10_case1",2788,512,5120,2621440,2621440,1,1426945,4194304,2620425,0.001444,0.000000,0.000428,0.000036,0.000806,0.016770,0.000136,0.000259,0.000893,0.000267,0.021352
1,1,10,"q10_case1",2789,512,5120,2621440,2621440,1,1427457,4194304,2620900,0.001470,0.000000,0.000397,0.000046,0.000809,0.015977,0.000135,0.000275,0.000918,0.000293,0.020646
1,1,10,"q10_case1",2790,512,5120,2621440,2621440,1,1427969,4194304,2620421,0.001539,0.000000,0.000445,0.000043,0.000812,0.018966,0.000155,0.000257,0.000873,0.000258,0.023689
1,1,10,"q10_case1",2791,512,5120,2621440,2621440,1,1428481,4194304,2620858,0.001697,0.000000,0.000451,0.000037,0.000841,0.016539,0.000180,0.000260,0.000864,0.000313,0.021587
1,1,10,"q10_case1",2792,512,5120,2621440,2621440,1,1428993,4194304,2620462,0.001485,0.000000,0.000549,0.000054,0.000842,0.016680,0.000261,0.000272,0.000854,0.000253,0.021524
1,1,10,"q10_case1",2793,512,5120,2621440,2621440,1,1429505,4194304,2620410,0.001484,0.000000,0.000390,0.000049,0.000810,0.017887,0.000142,0.000255,0.000857,0.000353,0.022568
1,1,10,"q10_case1",2794,512,5120,2621440,2621440,1,1430017,4194304,2619906,0.001467,0.000001,0.000547,0.000043,0.000843,0.015330,0.000235,0.000264,0.000876,0.000330,0.020231
1,1,10,"q10_case1",2795,512,5120,2621440,2621440,1,1430529,4194304,2619927,0.001509,0.000000,0.000453,0.000034,0.000806,0.016148,0.000227,0.000535,0.000890,0.000410,0.021390
1,1,10,"q10_case1",2796,512,5120,2621440,2621440,1,1431041,4194304,2620045,0.001541,0.000000,0.002042,0.000059,0.000832,0.016610,0.000206,0.000272,0.000891,0.000364,0.023290
1,1,10,"q10_case1",2797,512,5120,2621440,2621440,1,1431553,4194304,2620144,0.001555,0.000000,0.000397,0.000060,0.000809,0.020329,0.000151,0.000261,0.000861,0.000361,0.025108
1,1,10,"q10_case1",2798,512,5120,2621440,2621440,1,1432065,4194304,2620169,0.001491,0.000000,0.000377,0.000035,0.000811,0.017043,0.000145,0.000285,0.000843,0.000330,0.021891
1,1,10,"q10_case1",2799,512,5120,2621440,2621440,1,1432577,4194304,2620319,0.001473,0.000000,0.000385,0.000033,0.000811,0.018135,0.000144,0.000260,0.000848,0.000337,0.022694
1,1,10,"q10_case1",2800,512,5120,2621440,2621440,1,1433089,4194304,2620306,0.001458,0.000000,0.000423,0.000075,0.000807,0.016654,0.000150,0.000275,0.000780,0.000307,0.021213
1,1,10,"q10_case1",2801,512,5120,2621440,2621440,1,1433601,4194304,2620257,0.001469,0.000000,0.000405,0.000030,0.000811,0.017131,0.000133,0.000254,0.000780,0.000264,0.021587
1,1,10,"q10_case1",2802,512,5120,2621440,2621440,1,1434113,4194304,2620113,0.001530,0.000000,0.000447,0.000033,0.000807,0.016734,0.000182,0.000277,0.000862,0.000374,0.021618
1,1,10,"q10_case1",2803,512,5120,2621440,2621440,1,1434625,4194304,2620079,0.001524,0.000000,0.000385,0.000050,0.000811,0.017127,0.000208,0.000579,0.000843,0.000399,0.022285
1,1,10,"q10_case1",2804,512,5120,2621440,2621440,1,1435137,4194304,2620056,0.001520,0.000000,0.000400,0.000031,0.000810,0.016080,0.000200,0.000276,0.000851,0.000337,0.020939
1,1,10,"q10_case1",2805,512,5120,2621440,2621440,1,1435649,4194304,2620038,0.001491,0.000000,0.000603,0.000062,0.000837,0.017115,0.000186,0.000263,0.000764,0.000309,0.022118
1,1,10,"q10_case1",2806,512,5120,2621440,2621440,1,1436161,4194304,2619959,0.001458,0.000000,0.000548,0.000040,0.000813,0.016726,0.000133,0.000255,0.000795,0.000318,0.021345
1,1,10,"q10_case1",2807,512,5120,2621440,2621440,1,1436673,4194304,2619974,0.001460,0.000000,0.000435,0.000057,0.001047,0.016837,0.000139,0.000253,0.000805,0.000347,0.021644
1,1,10,"q10_case1",2808,512,5120,2621440,2621440,1,1437185,4194304,2619952,0.001522,0.000000,0.000384,0.000047,0.000813,0.017259,0.000151,0.000311,0.000855,0.000366,0.022028
1,1,10,"q10_case1",2809,512,5120,2621440,2621440,1,1437697,4194304,2619991,0.001595,0.000000,0.004219,0.000067,0.000833,0.016463,0.000259,0.000300,0.000870,0.000373,0.025484
1,1,10,"q10_case1",2810,512,5120,2621440,2621440,1,1438209,4194304,2620005,0.001477,0.000000,0.000661,0.000071,0.000858,0.016824,0.000215,0.000260,0.000818,0.000352,0.022076
1,1,10,"q10_case1",2811,512,5120,2621440,2621440,1,1438721,4194304,2619992,0.001523,0.000000,0.000427,0.000033,0.000813,0.016579,0.000186,0.000284,0.000826,0.000318,0.021518
1,1,10,"q10_case1",2812,512,5120,2621440,2621440,1,1439233,4194304,2620004,0.001524,0.000000,0.000379,0.000076,0.000813,0.016279,0.000138,0.000253,0.000802,0.000313,0.020894
1,1,10,"q10_case1",2813,512,5120,2621440,2621440,1,1439745,4194304,2619980,0.001593,0.000000,0.000388,0.000068,0.000845,0.016285,0.000146,0.000274,0.000793,0.000321,0.021052
1,1,10,"q10_case1",2814,512,5120,2621440,2621440,1,1440257,4194304,2620002,0.001473,0.000000,0.000396,0.000032,0.000811,0.016831,0.000144,0.000255,0.000813,0.000328,0.021417
1,1,10,"q10_case1",2815,512,5120,2621440,2621440,1,1440769,4194304,2620049,0.001542,0.000000,0.000401,0.000050,0.000814,0.017106,0.000145,0.000272,0.000897,0.000356,0.021892
1,1,10,"q10_case1",2816,512,5120,2621440,2621440,1,1441281,4194304,2620024,0.001543,0.000000,0.000407,0.000038,0.000814,0.018954,0.000138,0.000270,0.000818,0.000337,0.023612
1,1,10,"q10_case1",2817,512,5120,2621440,2621440,1,1441793,4194304,2619971,0.001525,0.000000,0.000359,0.000048,0.000815,0.015825,0.000194,0.000266,0.000828,0.000325,0.020526
1,1,10,"q10_case1",2818,512,5120,2621440,2621440,1,1442305,4194304,2619969,0.001512,0.000000,0.000380,0.000056,0.000810,0.016133,0.000134,0.000285,0.000779,0.000319,0.020761
1,1,10,"q10_case1",2819,512,5120,2621440,2621440,1,1442817,4194304,2619907,0.001464,0.000001,0.000543,0.000033,0.000845,0.020600,0.000147,0.000262,0.000777,0.000311,0.025259
1,1,10,"q10_case1",2820,512,5120,2621440,2621440,1,1443329,4194304,2619886,0.001486,0.000000,0.000394,0.000032,0.000815,0.015991,0.000175,0.000288,0.000803,0.000955,0.021249
1,1,10,"q10_case1",2821,512,5120,2621440,2621440,1,1443841,4194304,2619822,0.001517,0.000000,0.000358,0.000042,0.000850,0.016457,0.000201,0.000290,0.000818,0.000352,0.021208
1,1,10,"q10_case1",2822,512,5120,2621440,2621440,1,1444353,4194304,2619791,0.001514,0.000000,0.002438,0.000048,0.000822,0.017102,0.000206,0.000271,0.000816,0.000356,0.023950
1,1,10,"q10_case1",2823,512,5120,2621440,2621440,1,1444865,4194304,2619761,0.001493,0.000000,0.000376,0.000046,0.000816,0.015847,0.000140,0.000276,0.000810,0.000386,0.020551
1,1,10,"q10_case1",2824,512,5120,2621440,2621440,1,1445377,4194304,2619780,0.001514,0.000000,0.000442,0.000035,0.000808,0.017188,0.000167,0.000255,0.000788,0.000314,0.021853
1,1,10,"q10_case1",2825,512,5120,2621440,2621440,1,1445889,4194304,2619801,0.001473,0.000000,0.000502,0.000034,0.000816,0.015824,0.000177,0.000287,0.000726,0.000293,0.020456
1,1,10,"q10_case1",2826,512,5120,2621440,2621440,1,1446401,4194304,2619901,0.001509,0.000000,0.000426,0.000034,0.000813,0.017236,0.000137,0.000258,0.000754,0.000339,0.021857
1,1,10,"q10_case1",2827,512,5120,2621440,2621440,1,1446913,4194304,2619940,0.001499,0.000000,0.000402,0.000033,0.000836,0.015743,0.000175,0.000286,0.000738,0.000315,0.020381
1,1,10,"q10_case1",2828,512,5120,2621440,2621440,1,1447425,4194304,2619965,0.001553,0.000000,0.000427,0.000033,0.000824,0.016814,0.000222,0.000310,0.000813,0.000343,0.021787
1,1,10,"q10_case1",2829,512,5120,2621440,2621440,1,1447937,4194304,2620073,0.001538,0.000000,0.002130,0.000033,0.000808,0.016276,0.000135,0.000266,0.000866,0.000333,0.022737
1,1,10,"q10_case1",2830,512,5120,2621440,2621440,1,1448449,4194304,2620078,0.001466,0.000000,0.000463,0.000035,0.000815,0.016359,0.000148,0.000282,0.000833,0.000252,0.020941
1,1,10,"q10_case1",2831,512,5120,2621440,2621440,1,1448961,4194304,2620241,0.001471,0.000000,0.002481,0.000032,0.000813,0.016165,0.000146,0.000250,0.000851,0.000240,0.022710
1,1,10,"q10_case1",2832,512,5120,2621440,2621440,1,1449473,4194304,2620874,0.001501,0.000000,0.003879,0.000047,0.000815,0.016261,0.000179,0.000256,0.000883,0.000267,0.024386
1,1,10,"q10_case1",2833,512,5120,2621440,2621440,1,1449985,4194304,2620826,0.001538,0.000001,0.000490,0.000033,0.000815,0.016030,0.000203,0.000338,0.000887,0.000239,0.021036
1,1,10,"q10_case1",2834,512,5120,2621440,2621440,1,1450497,4194304,2620907,0.001553,0.000000,0.000735,0.000070,0.000864,0.017114,0.000210,0.000586,0.000892,0.000319,0.022907
1,1,10,"q10_case1",2835,512,5120,2621440,2621440,1,1451009,4194304,2620440,0.001534,0.000001,0.000398,0.000043,0.000830,0.016765,0.000138,0.000261,0.000906,0.000242,0.021456
1,1,10,"q10_case1",2836,512,5120,2621440,2621440,1,1451521,4194304,2620884,0.001561,0.000000,0.000418,0.000042,0.000812,0.016147,0.000197,0.000303,0.000896,0.000291,0.021064
1,1,10,"q10_case1",2837,512,5120,2621440,2621440,1,1452033,4194304,2620412,0.001541,0.000000,0.000480,0.000039,0.000816,0.015435,0.000149,0.000267,0.000913,0.000247,0.020202
1,1,10,"q10_case1",2838,512,5120,2621440,2621440,1,1452545,4194304,2620898,0.001540,0.000000,0.001441,0.000045,0.000811,0.016770,0.000173,0.000297,0.000870,0.000336,0.022572
1,1,10,"q10_case1",2839,512,5120,2621440,2621440,1,1453057,4194304,2620424,0.001476,0.000001,0.001813,0.000033,0.000828,0.016846,0.000184,0.000478,0.000892,0.000235,0.023084
1,1,10,"q10_case1",2840,512,5120,2621440,2621440,1,1453569,4194304,2620874,0.001498,0.000000,0.000464,0.000037,0.000817,0.016092,0.000157,0.000257,0.000783,0.000271,0.020738
1,1,10,"q10_case1",2841,512,5120,2621440,2621440,1,1454081,4194304,2620422,0.001616,0.000000,0.000376,0.000034,0.000817,0.017044,0.000154,0.000267,0.000838,0.000244,0.021752
1,1,10,"q10_case1",2842,512,5120,2621440,2621440,1,1454593,4194304,2620820,0.001597,0.000000,0.000383,0.000042,0.000846,0.016500,0.000189,0.000268,0.000910,0.000284,0.021342
1,1,10,"q10_case1",2843,512,5120,2621440,2621440,1,1455105,4194304,2620458,0.001617,0.000000,0.000516,0.000036,0.000813,0.016895,0.000148,0.000267,0.000865,0.000248,0.021725
1,1,10,"q10_case1",2844,512,5120,2621440,2621440,1,1455617,4194304,2620907,0.001478,0.000000,0.000422,0.000075,0.000843,0.016599,0.000167,0.000268,0.000804,0.000283,0.021405
1,1,10,"q10_case1",2845,512,5120,2621440,2621440,1,1456129,4194304,2620576,0.001547,0.000001,0.000426,0.000034,0.000812,0.016345,0.000135,0.000287,0.000839,0.000257,0.020962
1,1,10,"q10_case1",2846,512,5120,2621440,2621440,1,1456641,4194304,2620439,0.001502,0.000000,0.000564,0.000036,0.000841,0.016440,0.000156,0.000247,0.000847,0.000237,0.021153
1,1,10,"q10_case1",2847,512,5120,2621440,2621440,1,1457153,4194304,2620919,0.001558,0.000000,0.000419,0.000035,0.000816,0.016019,0.000148,0.000268,0.000894,0.000257,0.020727
1,1,10,"q10_case1",2848,512,5120,2621440,2621440,1,1457665,4194304,2620730,0.001527,0.000001,0.000400,0.000035,0.000815,0.016500,0.000139,0.000268,0.000867,0.000276,0.021141
1,1,10,"q10_case1",2849,512,5120,2621440,2621440,1,1458177,4194304,2620480,0.001569,0.000001,0.000394,0.000043,0.000850,0.017042,0.000250,0.000418,0.000906,0.000247,0.022158
1,1,10,"q10_case1",2850,512,5120,2621440,2621440,1,1458689,4194304,2620909,0.001503,0.000000,0.000402,0.000033,0.000810,0.016825,0.000141,0.000255,0.000827,0.000247,0.021398
1,1,10,"q10_case1",2851,512,5120,2621440,2621440,1,1459201,4194304,2620458,0.001506,0.000000,0.000412,0.000077,0.000829,0.016041,0.000145,0.000252,0.000857,0.000225,0.020624
1,1,10,"q10_case1",2852,512,5120,2621440,2621440,1,1459713,4194304,2620922,0.001455,0.000000,0.000407,0.000041,0.000812,0.016180,0.000183,0.000281,0.000806,0.000399,0.020885
1,1,10,"q10_case1",2853,512,5120,2621440,2621440,1,1460225,4194304,2620456,0.001492,0.000000,0.000363,0.000034,0.000817,0.016169,0.000137,0.000308,0.000902,0.000267,0.020774
1,1,10,"q10_case1",2854,512,5120,2621440,2621440,1,1460737,4194304,2620866,0.001521,0.000000,0.000468,0.000037,0.000823,0.017072,0.000187,0.000272,0.000899,0.000299,0.021893
1,1,10,"q10_case1",2855,512,5120,2621440,2621440,1,1461249,4194304,2620592,0.001487,0.000000,0.000431,0.000035,0.000815,0.016269,0.000189,0.000267,0.000975,0.000276,0.021117
1,1,10,"q10_case1",2856,512,5120,2621440,2621440,1,1461761,4194304,2620877,0.001515,0.000000,0.000413,0.000037,0.000846,0.016002,0.000148,0.000264,0.000914,0.000256,0.020737
1,1,10,"q10_case1",2857,512,5120,2621440,2621440,1,1462273,4194304,2620852,0.001490,0.000000,0.000472,0.000033,0.000819,0.016042,0.000154,0.000254,0.000814,0.000227,0.020605
1,1,10,"q10_case1",2858,512,5120,2621440,2621440,1,1462785,4194304,2620688,0.001458,0.000000,0.000389,0.000073,0.000815,0.016270,0.000135,0.000251,0.000856,0.000251,0.020834
1,1,10,"q10_case1",2859,512,5120,2621440,2621440,1,1463297,4194304,2620644,0.001506,0.000000,0.000438,0.000034,0.000818,0.016266,0.000132,0.000254,0.000889,0.000236,0.020918
1,1,10,"q10_case1",2860,512,5120,2621440,2621440,1,1463809,4194304,2620876,0.001510,0.000001,0.000426,0.000042,0.000811,0.016301,0.000135,0.000298,0.000882,0.000253,0.020944
1,1,10,"q10_case1",2861,512,5120,2621440,2621440,1,1464321,4194304,2620909,0.001483,0.000000,0.000363,0.000042,0.000838,0.016643,0.000138,0.000262,0.001085,0.000263,0.021460
1,1,10,"q10_case1",2862,512,5120,2621440,2621440,1,1464833,4194304,2620827,0.001555,0.000000,0.000543,0.000034,0.000817,0.016734,0.000177,0.000421,0.000850,0.000253,0.021704
1,1,10,"q10_case1",2863,512,5120,2621440,2621440,1,1465345,4194304,2620925,0.001500,0.000000,0.000422,0.000036,0.000817,0.016201,0.000142,0.000260,0.000897,0.000247,0.020877
1,1,10,"q10_case1",2864,512,5120,2621440,2621440,1,1465857,4194304,2620853,0.001495,0.000001,0.000482,0.000032,0.000821,0.015530,0.000163,0.000251,0.000888,0.000244,0.020170
1,1,10,"q10_case1",2865,512,5120,2621440,2621440,1,1466369,4194304,2620886,0.001466,0.000000,0.000414,0.000075,0.000814,0.016066,0.000135,0.000257,0.000857,0.000219,0.020619
1,1,10,"q10_case1",2866,512,5120,2621440,2621440,1,1466881,4194304,2620927,0.001470,0.000000,0.000381,0.000074,0.000818,0.016024,0.000146,0.000258,0.000835,0.000245,0.020577
1,1,10,"q10_case1",2867,512,5120,2621440,2621440,1,1467393,4194304,2620648,0.001557,0.000000,0.000451,0.000037,0.000817,0.016678,0.000199,0.000361,0.000855,0.000244,0.021577
1,1,10,"q10_case1",2868,512,5120,2621440,2621440,1,1467905,4194304,2620885,0.001528,0.000000,0.000434,0.000036,0.000820,0.016524,0.000135,0.000262,0.000880,0.000279,0.021219
1,1,10,"q10_case1",2869,512,5120,2621440,2621440,1,1468417,4194304,2620490,0.001551,0.000000,0.000395,0.000037,0.000821,0.016052,0.000138,0.000258,0.000887,0.000234,0.020703
1,1,10,"q10_case1",2870,512,5120,2621440,2621440,1,1468929,4194304,2620884,0.001490,0.000000,0.000411,0.000038,0.000820,0.017210,0.000183,0.000254,0.000828,0.000286,0.021887
1,1,10,"q10_case1",2871,512,5120,2621440,2621440,1,1469441,4194304,2620426,0.001524,0.000000,0.000382,0.000031,0.000819,0.016941,0.000143,0.000264,0.000859,0.000239,0.021581
1,1,10,"q10_case1",2872,512,5120,2621440,2621440,1,1469953,4194304,2620864,0.001515,0.000000,0.000533,0.000033,0.000817,0.017173,0.000298,0.000262,0.000839,0.000263,0.021992
1,1,10,"q10_case1",2873,512,5120,2621440,2621440,1,1470465,4194304,2620420,0.001471,0.000000,0.000400,0.000038,0.000825,0.017021,0.000152,0.000283,0.000874,0.000258,0.021716
1,1,10,"q10_case1",2874,512,5120,2621440,2621440,1,1470977,4194304,2620828,0.001550,0.000000,0.002648,0.000040,0.000817,0.016677,0.000201,0.000268,0.000884,0.000299,0.023701
1,1,10,"q10_case1",2875,512,5120,2621440,2621440,1,1471489,4194304,2620428,0.001522,0.000000,0.000378,0.000048,0.000842,0.016660,0.000144,0.000399,0.000903,0.000260,0.021517
1,1,10,"q10_case1",2876,512,5120,2621440,2621440,1,1472001,4194304,2620837,0.001511,0.000000,0.000552,0.000039,0.000821,0.016011,0.000172,0.000257,0.000873,0.000251,0.020774
1,1,10,"q10_case1",2877,512,5120,2621440,2621440,1,1472513,4194304,2620607,0.001474,0.000000,0.000703,0.000036,0.000824,0.016235,0.000143,0.000250,0.000815,0.000236,0.020990
1,1,10,"q10_case1",2878,512,5120,2621440,2621440,1,1473025,4194304,2620394,0.001463,0.000001,0.001735,0.000036,0.000820,0.017482,0.000140,0.000248,0.000845,0.000245,0.023324
1,1,10,"q10_case1",2879,512,5120,2621440,2621440,1,1473537,4194304,2620840,0.001511,0.000003,0.000395,0.000032,0.000819,0.022857,0.000210,0.000285,0.000846,0.000233,0.027509
1,1,10,"q10_case1",2880,512,5120,2621440,2621440,1,1474049,4194304,2620429,0.001499,0.000001,0.000421,0.000045,0.000820,0.016278,0.000197,0.000266,0.000894,0.000254,0.021029
1,1,10,"q10_case1",2881,512,5120,2621440,2621440,1,1474561,4194304,2620829,0.001546,0.000000,0.000418,0.000047,0.000816,0.016093,0.000220,0.000288,0.000821,0.000266,0.020872
1,1,10,"q10_case1",2882,512,5120,2621440,2621440,1,1475073,4194304,2620427,0.001497,0.000000,0.000385,0.000051,0.000817,0.017228,0.000150,0.000268,0.000927,0.000306,0.021980
1,1,10,"q10_case1",2883,512,5120,2621440,2621440,1,1475585,4194304,2620477,0.001504,0.000000,0.000409,0.000045,0.000819,0.016287,0.000144,0.000280,0.000821,0.000233,0.020871
1,1,10,"q10_case1",2884,512,5120,2621440,2621440,1,1476097,4194304,2620567,0.001469,0.000000,0.000453,0.000029,0.000866,0.016792,0.000142,0.000255,0.000857,0.000292,0.021525
1,1,10,"q10_case1",2885,512,5120,2621440,2621440,1,1476609,4194304,2620117,0.001465,0.000000,0.000374,0.000080,0.000819,0.016125,0.000143,0.000381,0.000841,0.000269,0.020842
1,1,10,"q10_case1",2886,512,5120,2621440,2621440,1,1477121,4194304,2619943,0.001508,0.000000,0.000421,0.000037,0.000823,0.016852,0.000168,0.000303,0.000916,0.000337,0.021744
1,1,10,"q10_case1",2887,512,5120,2621440,2621440,1,1477633,4194304,2619495,0.001569,0.000000,0.003225,0.000049,0.000820,0.016814,0.000156,0.000271,0.000891,0.000358,0.024490
1,1,10,"q10_case1",2888,512,5120,2621440,2621440,1,1478145,4194304,2619573,0.001522,0.000000,0.000385,0.000042,0.000822,0.017114,0.000185,0.000267,0.000845,0.000340,0.021921
1,1,10,"q10_case1",2889,512,5120,2621440,2621440,1,1478657,4194304,2619702,0.001511,0.000000,0.000388,0.000034,0.000822,0.016341,0.000136,0.000259,0.000817,0.000320,0.020963
1,1,10,"q10_case1",2890,512,5120,2621440,2621440,1,1479169,4194304,2619836,0.001490,0.000000,0.000405,0.000083,0.000823,0.017736,0.000177,0.000259,0.000792,0.000346,0.022455
1,1,10,"q10_case1",2891,512,5120,2621440,2621440,1,1479681,4194304,2619943,0.001477,0.000000,0.000411,0.000032,0.000832,0.017385,0.000221,0.000280,0.000765,0.000351,0.022070
1,1,10,"q10_case1",2892,512,5120,2621440,2621440,1,1480193,4194304,2619993,0.001469,0.000000,0.000386,0.000032,0.000823,0.017301,0.000172,0.000304,0.000791,0.000252,0.021872
1,1,10,"q10_case1",2893,512,5120,2621440,2621440,1,1480705,4194304,2620004,0.001573,0.000001,0.000594,0.000052,0.000823,0.017059,0.000162,0.000273,0.000857,0.000365,0.022160
1,1,10,"q10_case1",2894,512,5120,2621440,2621440,1,1481217,4194304,2620029,0.001542,0.000000,0.000448,0.000045,0.000819,0.015420,0.000140,0.000275,0.000861,0.000336,0.020186
1,1,10,"q10_case1",2895,512,5120,2621440,2621440,1,1481729,4194304,2619967,0.001521,0.000000,0.000962,0.000047,0.000823,0.016390,0.000163,0.000266,0.000904,0.000255,0.021660
1,1,10,"q10_case1",2896,512,5120,2621440,2621440,1,1482241,4194304,2620853,0.001465,0.000000,0.001672,0.000041,0.000818,0.016842,0.000176,0.000318,0.000804,0.000237,0.022669
1,1,10,"q10_case1",2897,512,5120,2621440,2621440,1,1482753,4194304,2620504,0.001486,0.000000,0.000626,0.000055,0.000855,0.016885,0.000190,0.000269,0.000853,0.000236,0.021890
1,1,10,"q10_case1",2898,512,5120,2621440,2621440,1,1483265,4194304,2620890,0.001487,0.000000,0.000499,0.000034,0.000824,0.016887,0.000149,0.000399,0.000815,0.000267,0.021780
1,1,10,"q10_case1",2899,512,5120,2621440,2621440,1,1483777,4194304,2620456,0.001503,0.000000,0.000452,0.000036,0.000826,0.015693,0.000181,0.000282,0.000903,0.000298,0.020487
1,1,10,"q10_case1",2900,512,5120,2621440,2621440,1,1484289,4194304,2620859,0.001540,0.000000,0.002007,0.000036,0.000822,0.016644,0.000145,0.000268,0.000859,0.000300,0.022964
1,1,10,"q10_case1",2901,512,5120,2621440,2621440,1,1484801,4194304,2620587,0.001602,0.000000,0.000474,0.000040,0.000818,0.016272,0.000200,0.000273,0.000922,0.000271,0.021290
1,1,10,"q10_case1",2902,512,5120,2621440,2621440,1,1485313,4194304,2620874,0.001555,0.000000,0.000433,0.000039,0.000859,0.016346,0.000187,0.000257,0.000825,0.000253,0.021039
1,1,10,"q10_case1",2903,512,5120,2621440,2621440,1,1485825,4194304,2620518,0.001475,0.000001,0.001918,0.000042,0.000847,0.015897,0.000143,0.000255,0.000822,0.000236,0.021969
1,1,10,"q10_case1",2904,512,5120,2621440,2621440,1,1486337,4194304,2620372,0.001480,0.000000,0.000328,0.000045,0.000831,0.016606,0.000166,0.000248,0.000896,0.000248,0.021127
1,1,10,"q10_case1",2905,512,5120,2621440,2621440,1,1486849,4194304,2620881,0.001465,0.000000,0.000397,0.000074,0.000824,0.017898,0.000135,0.000250,0.000794,0.000262,0.022433
1,1,10,"q10_case1",2906,512,5120,2621440,2621440,1,1487361,4194304,2620437,0.001547,0.000000,0.000444,0.000034,0.000874,0.015953,0.000192,0.000283,0.000922,0.000261,0.020861
1,1,10,"q10_case1",2907,512,5120,2621440,2621440,1,1487873,4194304,2620854,0.001544,0.000001,0.000387,0.000061,0.000856,0.016368,0.000136,0.000275,0.000902,0.000257,0.021129
1,1,10,"q10_case1",2908,512,5120,2621440,2621440,1,1488385,4194304,2620682,0.001528,0.000000,0.000411,0.000039,0.000850,0.016595,0.000147,0.000277,0.000853,0.000266,0.021324
1,1,10,"q10_case1",2909,512,5120,2621440,2621440,1,1488897,4194304,2620563,0.001466,0.000001,0.000434,0.000032,0.000854,0.016056,0.000150,0.000252,0.000851,0.000238,0.020659
1,1,10,"q10_case1",2910,512,5120,2621440,2621440,1,1489409,4194304,2620797,0.001461,0.000000,0.000426,0.000033,0.000821,0.017099,0.000181,0.000250,0.000877,0.000233,0.021714
1,1,10,"q10_case1",2911,512,5120,2621440,2621440,1,1489921,4194304,2620880,0.001447,0.000000,0.000413,0.000034,0.000832,0.017273,0.000143,0.000248,0.000840,0.000236,0.021780
1,1,10,"q10_case1",2912,512,5120,2621440,2621440,1,1490433,4194304,2620678,0.001515,0.000000,0.000395,0.000033,0.000838,0.016036,0.000138,0.000297,0.000858,0.000279,0.020739
1,1,10,"q10_case1",2913,512,5120,2621440,2621440,1,1490945,4194304,2620548,0.001543,0.000001,0.000379,0.000034,0.000824,0.016141,0.000138,0.000378,0.000865,0.000254,0.020911
1,1,10,"q10_case1",2914,512,5120,2621440,2621440,1,1491457,4194304,2620620,0.001570,0.000000,0.000368,0.000032,0.000855,0.017311,0.000165,0.000508,0.000878,0.000288,0.022320
1,1,10,"q10_case1",2915,512,5120,2621440,2621440,1,1491969,4194304,2620435,0.001485,0.000000,0.000449,0.000037,0.000824,0.016595,0.000150,0.000266,0.000837,0.000232,0.021155
1,1,10,"q10_case1",2916,512,5120,2621440,2621440,1,1492481,4194304,2620867,0.001463,0.000000,0.000386,0.000074,0.000823,0.016023,0.000134,0.000257,0.000791,0.000169,0.020434
1,1,10,"q10_case1",2917,512,5120,2621440,2621440,1,1492993,4194304,2620438,0.001566,0.000000,0.000507,0.000033,0.000852,0.016565,0.000135,0.000253,0.000841,0.000229,0.021278
1,1,10,"q10_case1",2918,512,5120,2621440,2621440,1,1493505,4194304,2620857,0.001460,0.000000,0.000421,0.000033,0.000823,0.016023,0.000151,0.000385,0.000885,0.000271,0.020792
1,1,10,"q10_case1",2919,512,5120,2621440,2621440,1,1494017,4194304,2620683,0.001572,0.000000,0.000395,0.000036,0.000855,0.016452,0.000146,0.000264,0.000921,0.000252,0.021219
1,1,10,"q10_case1",2920,512,5120,2621440,2621440,1,1494529,4194304,2620425,0.001527,0.000000,0.000383,0.000045,0.000833,0.016125,0.000196,0.000263,0.000902,0.000267,0.020931
1,1,10,"q10_case1",2921,512,5120,2621440,2621440,1,1495041,4194304,2620856,0.001506,0.000001,0.000384,0.000033,0.000847,0.016852,0.000299,0.000260,0.000828,0.000251,0.021621
1,1,10,"q10_case1",2922,512,5120,2621440,2621440,1,1495553,4194304,2620429,0.001504,0.000000,0.000545,0.000034,0.000821,0.016073,0.000157,0.000249,0.000868,0.000252,0.020772
1,1,10,"q10_case1",2923,512,5120,2621440,2621440,1,1496065,4194304,2620853,0.001461,0.000000,0.000390,0.000034,0.000824,0.016797,0.000142,0.000260,0.000880,0.000238,0.021440
1,1,10,"q10_case1",2924,512,5120,2621440,2621440,1,1496577,4194304,2620426,0.001471,0.000001,0.000411,0.000054,0.000821,0.017385,0.000129,0.000251,0.000804,0.000249,0.021845
1,1,10,"q10_case1",2925,512,5120,2621440,2621440,1,1497089,4194304,2620420,0.001499,0.000000,0.000411,0.000035,0.000827,0.018723,0.000139,0.000262,0.000852,0.000258,0.023390
1,1,10,"q10_case1",2926,512,5120,2621440,2621440,1,1497601,4194304,2620427,0.001535,0.000001,0.000409,0.000034,0.000824,0.016391,0.000200,0.000289,0.000901,0.000289,0.021186
1,1,10,"q10_case1",2927,512,5120,2621440,2621440,1,1498113,4194304,2620444,0.001600,0.000000,0.000539,0.000035,0.000826,0.016243,0.000173,0.000259,0.000879,0.000248,0.021102
1,1,10,"q10_case1",2928,512,5120,2621440,2621440,1,1498625,4194304,2620426,0.001481,0.000000,0.000425,0.000053,0.000829,0.017028,0.000135,0.000253,0.000781,0.000246,0.021567
1,1,10,"q10_case1",2929,512,5120,2621440,2621440,1,1499137,4194304,2620377,0.001506,0.000000,0.000444,0.000034,0.000855,0.016426,0.000190,0.000255,0.000817,0.000242,0.020993
1,1,10,"q10_case1",2930,512,5120,2621440,2621440,1,1499649,4194304,2620434,0.001506,0.000000,0.000448,0.000031,0.000823,0.016309,0.000141,0.000256,0.000849,0.000249,0.020943
1,1,10,"q10_case1",2931,512,5120,2621440,2621440,1,1500161,4194304,2620250,0.001564,0.000000,0.000426,0.000046,0.000824,0.015995,0.000168,0.000275,0.000844,0.000314,0.020832
1,1,10,"q10_case1",2932,512,5120,2621440,2621440,1,1500673,4194304,2620006,0.001588,0.000000,0.003501,0.000058,0.000867,0.016281,0.000192,0.000284,0.000872,0.000332,0.024396
1,1,10,"q10_case1",2933,512,5120,2621440,2621440,1,1501185,4194304,2619580,0.001542,0.000000,0.000390,0.000038,0.000827,0.016185,0.000140,0.000263,0.000792,0.000332,0.020823
1,1,10,"q10_case1",2934,512,5120,2621440,2621440,1,1501697,4194304,2619260,0.001465,0.000000,0.003286,0.000032,0.000853,0.016438,0.000157,0.000257,0.000771,0.000313,0.023853
1,1,10,"q10_case1",2935,512,5120,2621440,2621440,1,1502209,4194304,2619332,0.001470,0.000001,0.000355,0.000035,0.000845,0.016837,0.000144,0.000255,0.000676,0.000298,0.021290
1,1,10,"q10_case1",2936,512,5120,2621440,2621440,1,1502721,4194304,2619579,0.001462,0.000000,0.004706,0.000073,0.000824,0.016584,0.000134,0.000253,0.000756,0.000266,0.025348
1,1,10,"q10_case1",2937,512,5120,2621440,2621440,1,1503233,4194304,2619919,0.001488,0.000000,0.000515,0.000034,0.000831,0.015871,0.000146,0.000262,0.000846,0.000318,0.020670
1,1,10,"q10_case1",2938,512,5120,2621440,2621440,1,1503745,4194304,2620255,0.001531,0.000000,0.000447,0.000050,0.000826,0.015408,0.000169,0.000264,0.000924,0.000287,0.020229
1,1,10,"q10_case1",2939,512,5120,2621440,2621440,1,1504257,4194304,2620458,0.001524,0.000000,0.000454,0.000035,0.000825,0.016433,0.000137,0.000268,0.000888,0.000342,0.021278
1,1,10,"q10_case1",2940,512,5120,2621440,2621440,1,1504769,4194304,2620510,0.001488,0.000000,0.000369,0.000033,0.000828,0.016676,0.000139,0.000256,0.000879,0.000286,0.021315
1,1,10,"q10_case1",2941,512,5120,2621440,2621440,1,1505281,4194304,2620600,0.001498,0.000000,0.000577,0.000043,0.000855,0.019531,0.000135,0.000251,0.000831,0.000279,0.024274
1,1,10,"q10_case1",2942,512,5120,2621440,2621440,1,1505793,4194304,2620771,0.001475,0.000000,0.000382,0.000048,0.000828,0.016199,0.000146,0.000257,0.000849,0.000266,0.020739
1,1,10,"q10_case1",2943,512,5120,2621440,2621440,1,1506305,4194304,2620477,0.001481,0.000000,0.000439,0.000050,0.000855,0.016428,0.000178,0.000283,0.000848,0.000261,0.021142
1,1,10,"q10_case1",2944,512,5120,2621440,2621440,1,1506817,4194304,2620536,0.001523,0.000000,0.000382,0.000043,0.000829,0.016361,0.000182,0.000275,0.000875,0.000264,0.021094
1,1,10,"q10_case1",2945,512,5120,2621440,2621440,1,1507329,4194304,2620677,0.001578,0.000001,0.000409,0.000039,0.000854,0.016385,0.000179,0.000275,0.000851,0.000272,0.021222
1,1,10,"q10_case1",2946,512,5120,2621440,2621440,1,1507841,4194304,2620544,0.001504,0.000000,0.000374,0.000036,0.000828,0.017186,0.000147,0.000301,0.000864,0.000281,0.021857
1,1,10,"q10_case1",2947,512,5120,2621440,2621440,1,1508353,4194304,2620535,0.001522,0.000000,0.000450,0.000035,0.000830,0.016537,0.000147,0.000255,0.000846,0.000228,0.021126
1,1,10,"q10_case1",2948,512,5120,2621440,2621440,1,1508865,4194304,2620904,0.001485,0.000000,0.000454,0.000030,0.000848,0.016156,0.000140,0.000282,0.000873,0.000291,0.020844
1,1,10,"q10_case1",2949,512,5120,2621440,2621440,1,1509377,4194304,2620507,0.001477,0.000000,0.000370,0.000031,0.000853,0.016951,0.000144,0.000251,0.000860,0.000233,0.021502
1,1,10,"q10_case1",2950,512,5120,2621440,2621440,1,1509889,4194304,2620884,0.001487,0.000000,0.000503,0.000034,0.000824,0.014919,0.000142,0.000267,0.000880,0.000264,0.019677
1,1,10,"q10_case1",2951,512,5120,2621440,2621440,1,1510401,4194304,2620476,0.001553,0.000000,0.001406,0.000048,0.000861,0.016430,0.000175,0.000268,0.000880,0.000282,0.022292
1,1,10,"q10_case1",2952,512,5120,2621440,2621440,1,1510913,4194304,2620593,0.001519,0.000000,0.000453,0.000043,0.000831,0.015826,0.000147,0.000265,0.000874,0.000288,0.020538
1,1,10,"q10_case1",2953,512,5120,2621440,2621440,1,1511425,4194304,2620447,0.001491,0.000000,0.004650,0.000032,0.000832,0.016597,0.000158,0.000264,0.000847,0.000272,0.025481
1,1,10,"q10_case1",2954,512,5120,2621440,2621440,1,1511937,4194304,2620178,0.001476,0.000000,0.000393,0.000078,0.000829,0.016421,0.000141,0.000252,0.000823,0.000260,0.020963
1,1,10,"q10_case1",2955,512,5120,2621440,2621440,1,1512449,4194304,2620457,0.001485,0.000000,0.000448,0.000031,0.000838,0.016219,0.000146,0.000287,0.000867,0.000254,0.020890
1,1,10,"q10_case1",2956,512,5120,2621440,2621440,1,1512961,4194304,2620440,0.001466,0.000000,0.000382,0.000041,0.000828,0.017126,0.000206,0.000250,0.000835,0.000246,0.021720
1,1,10,"q10_case1",2957,512,5120,2621440,2621440,1,1513473,4194304,2620470,0.001539,0.000000,0.000385,0.000036,0.000831,0.017197,0.000176,0.000263,0.000868,0.000272,0.021924
1,1,10,"q10_case1",2958,512,5120,2621440,2621440,1,1513985,4194304,2620332,0.001527,0.000000,0.000436,0.000041,0.000831,0.015299,0.000140,0.000288,0.000845,0.000293,0.020022
1,1,10,"q10_case1",2959,512,5120,2621440,2621440,1,1514497,4194304,2620386,0.001549,0.000000,0.000387,0.000038,0.000853,0.016362,0.000181,0.000287,0.000879,0.000298,0.021193
1,1,10,"q10_case1",2960,512,5120,2621440,2621440,1,1515009,4194304,2620356,0.001493,0.000000,0.005481,0.000031,0.000829,0.016437,0.000146,0.000254,0.000847,0.000259,0.026100
1,1,10,"q10_case1",2961,512,5120,2621440,2621440,1,1515521,4194304,2620797,0.001539,0.000000,0.000323,0.000041,0.000828,0.017116,0.000198,0.000277,0.000807,0.000305,0.021698
1,1,10,"q10_case1",2962,512,5120,2621440,2621440,1,1516033,4194304,2620537,0.001498,0.000000,0.002304,0.000100,0.000832,0.017055,0.000136,0.000289,0.000866,0.000306,0.023612
1,1,10,"q10_case1",2963,512,5120,2621440,2621440,1,1516545,4194304,2620338,0.001466,0.000000,0.000398,0.000042,0.000835,0.015925,0.000136,0.000331,0.000889,0.000260,0.020581
1,1,10,"q10_case1",2964,512,5120,2621440,2621440,1,1517057,4194304,2620873,0.001561,0.000000,0.000414,0.000036,0.000830,0.016555,0.000184,0.000291,0.000903,0.000395,0.021541
1,1,10,"q10_case1",2965,512,5120,2621440,2621440,1,1517569,4194304,2620401,0.001541,0.000000,0.000421,0.000033,0.000832,0.017195,0.000182,0.000272,0.000874,0.000346,0.022072
1,1,10,"q10_case1",2966,512,5120,2621440,2621440,1,1518081,4194304,2620270,0.001529,0.000000,0.005231,0.000067,0.000895,0.016682,0.000152,0.000274,0.000869,0.000293,0.026410
1,1,10,"q10_case1",2967,512,5120,2621440,2621440,1,1518593,4194304,2620263,0.001489,0.000000,0.005207,0.000032,0.000833,0.016494,0.000144,0.000261,0.000830,0.000272,0.025861
1,1,10,"q10_case1",2968,512,5120,2621440,2621440,1,1519105,4194304,2620686,0.001473,0.000000,0.002879,0.000077,0.000833,0.017113,0.000182,0.000253,0.000828,0.000246,0.024166
1,1,10,"q10_case1",2969,512,5120,2621440,2621440,1,1519617,4194304,2620626,0.001488,0.000000,0.000582,0.000038,0.000834,0.016554,0.000155,0.000275,0.000818,0.000296,0.021367
1,1,10,"q10_case1",2970,512,5120,2621440,2621440,1,1520129,4194304,2620480,0.001552,0.000000,0.000396,0.000046,0.000832,0.016584,0.000176,0.000274,0.000946,0.000314,0.021561
1,1,10,"q10_case1",2971,512,5120,2621440,2621440,1,1520641,4194304,2620666,0.001540,0.000000,0.002201,0.000034,0.000827,0.016428,0.000154,0.000284,0.000906,0.000304,0.022978
1,1,10,"q10_case1",2972,512,5120,2621440,2621440,1,1521153,4194304,2620484,0.001504,0.000000,0.000653,0.000061,0.000857,0.019800,0.000204,0.000253,0.000856,0.000296,0.024948
1,1,10,"q10_case1",2973,512,5120,2621440,2621440,1,1521665,4194304,2620368,0.001468,0.000001,0.000533,0.000042,0.000832,0.016225,0.000177,0.000267,0.000799,0.000267,0.020951
1,1,10,"q10_case1",2974,512,5120,2621440,2621440,1,1522177,4194304,2620740,0.001549,0.000000,0.000668,0.000058,0.000834,0.016822,0.000193,0.000251,0.000832,0.000252,0.021952
1,1,10,"q10_case1",2975,512,5120,2621440,2621440,1,1522689,4194304,2620853,0.001490,0.000000,0.000353,0.000036,0.000850,0.017278,0.000138,0.000297,0.000855,0.000254,0.021843
1,1,10,"q10_case1",2976,512,5120,2621440,2621440,1,1523201,4194304,2620426,0.001548,0.000001,0.000864,0.000065,0.000865,0.017355,0.000216,0.000270,0.000847,0.000333,0.022831
1,1,10,"q10_case1",2977,512,5120,2621440,2621440,1,1523713,4194304,2620246,0.001546,0.000000,0.000420,0.000040,0.000834,0.016995,0.000177,0.000276,0.000915,0.000285,0.021807
1,1,10,"q10_case1",2978,512,5120,2621440,2621440,1,1524225,4194304,2620881,0.001512,0.000001,0.000579,0.000036,0.000832,0.016520,0.000234,0.000281,0.000803,0.000260,0.021450
1,1,10,"q10_case1",2979,512,5120,2621440,2621440,1,1524737,4194304,2620531,0.001501,0.000000,0.000607,0.000068,0.000885,0.016363,0.000231,0.000261,0.000950,0.000283,0.021717
1,1,10,"q10_case1",2980,512,5120,2621440,2621440,1,1525249,4194304,2620228,0.001473,0.000000,0.000472,0.000033,0.000829,0.020473,0.000133,0.000259,0.000829,0.000161,0.025010
1,1,10,"q10_case1",2981,512,5120,2621440,2621440,1,1525761,4194304,2620792,0.001464,0.000000,0.000396,0.000072,0.000831,0.016955,0.000146,0.000253,0.000857,0.000242,0.021558
1,1,10,"q10_case1",2982,512,5120,2621440,2621440,1,1526273,4194304,2620386,0.001491,0.000001,0.000412,0.000035,0.000833,0.017236,0.000193,0.000276,0.000930,0.000256,0.022025
1,1,10,"q10_case1",2983,512,5120,2621440,2621440,1,1526785,4194304,2620029,0.001538,0.000000,0.001549,0.000065,0.000862,0.016229,0.000207,0.000270,0.000899,0.000265,0.022367
1,1,10,"q10_case1",2984,512,5120,2621440,2621440,1,1527297,4194304,2620092,0.001554,0.000000,0.001046,0.000032,0.000835,0.016509,0.000177,0.000259,0.000885,0.000259,0.021860
1,1,10,"q10_case1",2985,512,5120,2621440,2621440,1,1527809,4194304,2620740,0.001471,0.000000,0.000401,0.000078,0.000830,0.016849,0.000143,0.000253,0.000810,0.000285,0.021485
1,1,10,"q10_case1",2986,512,5120,2621440,2621440,1,1528321,4194304,2620266,0.001467,0.000000,0.000453,0.000035,0.000836,0.016258,0.000187,0.000254,0.000849,0.000239,0.020852
1,1,10,"q10_case1",2987,512,5120,2621440,2621440,1,1528833,4194304,2620753,0.001475,0.000000,0.000404,0.000076,0.000830,0.015951,0.000136,0.000256,0.000858,0.000255,0.020563
1,1,10,"q10_case1",2988,512,5120,2621440,2621440,1,1529345,4194304,2620325,0.001522,0.000000,0.003221,0.000035,0.000862,0.016348,0.000149,0.000255,0.000867,0.000302,0.023891
1,1,10,"q10_case1",2989,512,5120,2621440,2621440,1,1529857,4194304,2620765,0.001481,0.000000,0.000516,0.000035,0.000839,0.015610,0.000144,0.000279,0.000878,0.000268,0.020378
1,1,10,"q10_case1",2990,512,5120,2621440,2621440,1,1530369,4194304,2620386,0.001514,0.000000,0.000435,0.000033,0.000836,0.016034,0.000175,0.000263,0.000875,0.000259,0.020738
1,1,10,"q10_case1",2991,512,5120,2621440,2621440,1,1530881,4194304,2620760,0.001522,0.000000,0.002293,0.000044,0.000836,0.016623,0.000143,0.000303,0.000885,0.000327,0.023262
1,1,10,"q10_case1",2992,512,5120,2621440,2621440,1,1531393,4194304,2620243,0.001561,0.000000,0.002795,0.000033,0.000903,0.017168,0.000148,0.000252,0.000845,0.000276,0.024269
1,1,10,"q10_case1",2993,512,5120,2621440,2621440,1,1531905,4194304,2620439,0.001511,0.000000,0.000399,0.000037,0.000836,0.017075,0.000146,0.000250,0.000822,0.000261,0.021628
1,1,10,"q10_case1",2994,512,5120,2621440,2621440,1,1532417,4194304,2620469,0.001502,0.000000,0.000456,0.000033,0.000868,0.016113,0.000145,0.000261,0.000857,0.000319,0.020939
1,1,10,"q10_case1",2995,512,5120,2621440,2621440,1,1532929,4194304,2620756,0.001521,0.000001,0.000398,0.000039,0.000836,0.016218,0.000139,0.000288,0.000842,0.000277,0.020863
1,1,10,"q10_case1",2996,512,5120,2621440,2621440,1,1533441,4194304,2620625,0.001534,0.000000,0.000384,0.000061,0.000837,0.016461,0.000182,0.000264,0.000925,0.000287,0.021298
1,1,10,"q10_case1",2997,512,5120,2621440,2621440,1,1533953,4194304,2620646,0.001510,0.000000,0.000397,0.000036,0.000835,0.016269,0.000145,0.000257,0.000861,0.000272,0.020910
1,1,10,"q10_case1",2998,512,5120,2621440,2621440,1,1534465,4194304,2620715,0.001479,0.000001,0.000434,0.000033,0.000835,0.016103,0.000131,0.000256,0.000810,0.000249,0.020637
1,1,10,"q10_case1",2999,512,5120,2621440,2621440,1,1534977,4194304,2620668,0.001485,0.000000,0.000413,0.000035,0.000831,0.016054,0.000134,0.000258,0.000846,0.000280,0.020664
1,1,10,"q10_case1",3000,512,5120,2621440,2621440,1,1535489,4194304,2620468,0.001455,0.000000,0.000423,0.000032,0.000847,0.018628,0.000143,0.000251,0.000811,0.000315,0.023220
1,1,10,"q10_case1",3001,512,5120,2621440,2621440,1,1536001,4194304,2620429,0.001526,0.000000,0.000466,0.000033,0.000831,0.016993,0.000198,0.000295,0.000915,0.000297,0.021923
1,1,10,"q10_case1",3002,512,5120,2621440,2621440,1,1536513,4194304,2620790,0.001543,0.000000,0.000744,0.000040,0.000854,0.016021,0.000177,0.000272,0.000853,0.000308,0.021113
1,1,10,"q10_case1",3003,512,5120,2621440,2621440,1,1537025,4194304,2620493,0.001541,0.000000,0.004958,0.000035,0.000837,0.016784,0.000163,0.000277,0.000914,0.000365,0.026566
1,1,10,"q10_case1",3004,512,5120,2621440,2621440,1,1537537,4194304,2620240,0.001464,0.000001,0.000370,0.000077,0.000844,0.016541,0.000139,0.000259,0.000854,0.000253,0.021130
1,1,10,"q10_case1",3005,512,5120,2621440,2621440,1,1538049,4194304,2620789,0.001460,0.000000,0.000476,0.000073,0.000837,0.016807,0.000154,0.000290,0.000839,0.000298,0.021514
1,1,10,"q10_case1",3006,512,5120,2621440,2621440,1,1538561,4194304,2620487,0.001471,0.000000,0.000413,0.000033,0.000833,0.017142,0.000138,0.000252,0.000858,0.000245,0.021731
1,1,10,"q10_case1",3007,512,5120,2621440,2621440,1,1539073,4194304,2620855,0.001489,0.000000,0.000526,0.000037,0.000839,0.016328,0.000152,0.000271,0.000795,0.000275,0.021011
1,1,10,"q10_case1",3008,512,5120,2621440,2621440,1,1539585,4194304,2620460,0.001550,0.000000,0.004602,0.000036,0.000833,0.016576,0.000178,0.000261,0.000829,0.000273,0.025516
1,1,10,"q10_case1",3009,512,5120,2621440,2621440,1,1540097,4194304,2620385,0.001552,0.000000,0.002844,0.000043,0.000837,0.016996,0.000140,0.000268,0.000826,0.000278,0.024089
1,1,10,"q10_case1",3010,512,5120,2621440,2621440,1,1540609,4194304,2620360,0.001750,0.000000,0.000422,0.000053,0.000843,0.017311,0.000155,0.000258,0.000842,0.000279,0.022394
1,1,10,"q10_case1",3011,512,5120,2621440,2621440,1,1541121,4194304,2620427,0.001487,0.000000,0.000370,0.000032,0.000837,0.016862,0.000138,0.000261,0.000857,0.000234,0.021409
1,1,10,"q10_case1",3012,512,5120,2621440,2621440,1,1541633,4194304,2620574,0.001499,0.000000,0.000426,0.000034,0.000838,0.016971,0.000135,0.000261,0.000858,0.000251,0.021570
1,1,10,"q10_case1",3013,512,5120,2621440,2621440,1,1542145,4194304,2620580,0.001471,0.000000,0.000461,0.000038,0.000834,0.016663,0.000142,0.000272,0.000792,0.000252,0.021198
1,1,10,"q10_case1",3014,512,5120,2621440,2621440,1,1542657,4194304,2620380,0.001530,0.000000,0.000453,0.000037,0.000838,0.016811,0.000142,0.000279,0.000894,0.000306,0.021650
1,1,10,"q10_case1",3015,512,5120,2621440,2621440,1,1543169,4194304,2620368,0.001536,0.000001,0.000428,0.000037,0.000831,0.016833,0.000167,0.000419,0.000883,0.000307,0.021917
1,1,10,"q10_case1",3016,512,5120,2621440,2621440,1,1543681,4194304,2620474,0.001507,0.000000,0.000372,0.000042,0.000842,0.016706,0.000146,0.000264,0.000833,0.000276,0.021309
1,1,10,"q10_case1",3017,512,5120,2621440,2621440,1,1544193,4194304,2620476,0.001504,0.000000,0.000508,0.000044,0.000840,0.016277,0.000153,0.000249,0.000863,0.000241,0.020985
1,1,10,"q10_case1",3018,512,5120,2621440,2621440,1,1544705,4194304,2620866,0.001487,0.000000,0.000382,0.000032,0.000853,0.016905,0.000152,0.000266,0.000846,0.000236,0.021494
1,1,10,"q10_case1",3019,512,5120,2621440,2621440,1,1545217,4194304,2620374,0.001525,0.000000,0.000424,0.000040,0.000837,0.016109,0.000180,0.000267,0.000886,0.000246,0.020801
1,1,10,"q10_case1",3020,512,5120,2621440,2621440,1,1545729,4194304,2620447,0.001527,0.000000,0.000495,0.000033,0.000881,0.016448,0.000177,0.000289,0.000879,0.000326,0.021409
1,1,10,"q10_case1",3021,512,5120,2621440,2621440,1,1546241,4194304,2620475,0.001597,0.000000,0.000636,0.000047,0.000833,0.015931,0.000138,0.000296,0.000858,0.000365,0.020953
1,1,10,"q10_case1",3022,512,5120,2621440,2621440,1,1546753,4194304,2620272,0.001571,0.000000,0.000364,0.000050,0.000838,0.016138,0.000239,0.000315,0.000849,0.000352,0.021013
1,1,10,"q10_case1",3023,512,5120,2621440,2621440,1,1547265,4194304,2620262,0.001470,0.000000,0.000442,0.000032,0.000838,0.016756,0.000174,0.000290,0.000957,0.000397,0.021679
1,1,10,"q10_case1",3024,512,5120,2621440,2621440,1,1547777,4194304,2620430,0.001479,0.000000,0.000646,0.000060,0.000891,0.016456,0.000241,0.000418,0.000868,0.000263,0.021823
1,1,10,"q10_case1",3025,512,5120,2621440,2621440,1,1548289,4194304,2620745,0.001507,0.000001,0.000418,0.000047,0.000842,0.016910,0.000151,0.000267,0.000867,0.000289,0.021689
1,1,10,"q10_case1",3026,512,5120,2621440,2621440,1,1548801,4194304,2620869,0.001569,0.000000,0.000698,0.000067,0.000861,0.017207,0.000188,0.000279,0.000925,0.000309,0.022554
1,1,10,"q10_case1",3027,512,5120,2621440,2621440,1,1549313,4194304,2620707,0.001532,0.000000,0.001913,0.000037,0.000842,0.016963,0.000138,0.000294,0.000865,0.000351,0.023263
1,1,10,"q10_case1",3028,512,5120,2621440,2621440,1,1549825,4194304,2620558,0.001497,0.000000,0.002142,0.000047,0.000837,0.016339,0.000141,0.000258,0.000823,0.000319,0.022696
1,1,10,"q10_case1",3029,512,5120,2621440,2621440,1,1550337,4194304,2620543,0.001456,0.000001,0.000439,0.000033,0.000843,0.016351,0.000174,0.000289,0.000803,0.000247,0.020926
1,1,10,"q10_case1",3030,512,5120,2621440,2621440,1,1550849,4194304,2620830,0.001484,0.000001,0.000668,0.000067,0.000891,0.016313,0.000142,0.000258,0.000786,0.000259,0.021304
1,1,10,"q10_case1",3031,512,5120,2621440,2621440,1,1551361,4194304,2620542,0.001468,0.000000,0.000390,0.000049,0.000840,0.016111,0.000159,0.000259,0.000859,0.000300,0.020776
1,1,10,"q10_case1",3032,512,5120,2621440,2621440,1,1551873,4194304,2620773,0.001624,0.000000,0.000385,0.000064,0.000843,0.016798,0.000192,0.000281,0.001097,0.000318,0.022068
1,1,10,"q10_case1",3033,512,5120,2621440,2621440,1,1552385,4194304,2620477,0.001550,0.000000,0.000420,0.000044,0.000833,0.016653,0.000159,0.000303,0.000991,0.000371,0.021834
1,1,10,"q10_case1",3034,512,5120,2621440,2621440,1,1552897,4194304,2620275,0.001514,0.000000,0.000397,0.000062,0.000842,0.016093,0.000150,0.000311,0.000877,0.000325,0.020918
1,1,10,"q10_case1",3035,512,5120,2621440,2621440,1,1553409,4194304,2620224,0.001463,0.000001,0.000450,0.000064,0.000838,0.016697,0.000139,0.000262,0.000806,0.000160,0.021116
1,1,10,"q10_case1",3036,512,5120,2621440,2621440,1,1553921,4194304,2620704,0.001513,0.000000,0.000382,0.000035,0.000843,0.018737,0.000135,0.000267,0.000827,0.000328,0.023428
1,1,10,"q10_case1",3037,512,5120,2621440,2621440,1,1554433,4194304,2620473,0.001494,0.000000,0.000368,0.000037,0.000842,0.016644,0.000138,0.000258,0.000853,0.000289,0.021203
1,1,10,"q10_case1",3038,512,5120,2621440,2621440,1,1554945,4194304,2620617,0.001570,0.000000,0.000512,0.000034,0.000836,0.016263,0.000137,0.000281,0.000919,0.000335,0.021341
1,1,10,"q10_case1",3039,512,5120,2621440,2621440,1,1555457,4194304,2620553,0.001547,0.000000,0.004256,0.000051,0.000848,0.016731,0.000234,0.000275,0.000908,0.000351,0.025579
1,1,10,"q10_case1",3040,512,5120,2621440,2621440,1,1555969,4194304,2620410,0.001530,0.000000,0.000413,0.000044,0.000856,0.016976,0.000150,0.000266,0.000842,0.000282,0.021856
1,1,10,"q10_case1",3041,512,5120,2621440,2621440,1,1556481,4194304,2620732,0.001467,0.000000,0.000412,0.000073,0.000842,0.018459,0.000141,0.000257,0.000849,0.000284,0.023121
1,1,10,"q10_case1",3042,512,5120,2621440,2621440,1,1556993,4194304,2620555,0.001493,0.000000,0.003006,0.000033,0.000855,0.016707,0.000135,0.000263,0.000823,0.000303,0.023911
1,1,10,"q10_case1",3043,512,5120,2621440,2621440,1,1557505,4194304,2620544,0.001495,0.000000,0.000386,0.000055,0.000870,0.016110,0.000142,0.000247,0.000846,0.000261,0.020685
1,1,10,"q10_case1",3044,512,5120,2621440,2621440,1,1558017,4194304,2620762,0.001582,0.000000,0.001555,0.000035,0.000844,0.016687,0.000169,0.000264,0.000870,0.000298,0.022632
1,1,10,"q10_case1",3045,512,5120,2621440,2621440,1,1558529,4194304,2620585,0.001561,0.000000,0.000369,0.000082,0.000840,0.016662,0.000140,0.000262,0.000857,0.000312,0.021470
1,1,10,"q10_case1",3046,512,5120,2621440,2621440,1,1559041,4194304,2620269,0.001520,0.000001,0.000422,0.000064,0.000844,0.017880,0.000164,0.000263,0.000908,0.000305,0.022723
1,1,10,"q10_case1",3047,512,5120,2621440,2621440,1,1559553,4194304,2620549,0.001495,0.000000,0.000288,0.000063,0.000876,0.016209,0.000139,0.000250,0.000825,0.000264,0.020680
1,1,10,"q10_case1",3048,512,5120,2621440,2621440,1,1560065,4194304,2620452,0.001472,0.000000,0.000407,0.000033,0.000846,0.016189,0.000211,0.000251,0.000787,0.000293,0.020755
1,1,10,"q10_case1",3049,512,5120,2621440,2621440,1,1560577,4194304,2620273,0.001459,0.000001,0.004628,0.000076,0.000845,0.016820,0.000242,0.000276,0.000759,0.000270,0.025686
1,1,10,"q10_case1",3050,512,5120,2621440,2621440,1,1561089,4194304,2620528,0.001504,0.000000,0.000507,0.000031,0.000874,0.016122,0.000214,0.000309,0.000852,0.000299,0.021043
1,1,10,"q10_case1",3051,512,5120,2621440,2621440,1,1561601,4194304,2620441,0.001591,0.000000,0.000382,0.000065,0.000848,0.016273,0.000173,0.000284,0.000894,0.000345,0.021273
1,1,10,"q10_case1",3052,512,5120,2621440,2621440,1,1562113,4194304,2620285,0.001559,0.000001,0.000381,0.000046,0.000854,0.017925,0.000136,0.000252,0.000844,0.000273,0.022575
1,1,10,"q10_case1",3053,512,5120,2621440,2621440,1,1562625,4194304,2620770,0.001490,0.000000,0.000426,0.000032,0.000838,0.016746,0.000174,0.000260,0.000814,0.000266,0.021359
1,1,10,"q10_case1",3054,512,5120,2621440,2621440,1,1563137,4194304,2620438,0.001470,0.000000,0.000517,0.000036,0.000845,0.020466,0.000134,0.000260,0.000790,0.000296,0.025082
1,1,10,"q10_case1",3055,512,5120,2621440,2621440,1,1563649,4194304,2620029,0.001473,0.000000,0.000422,0.000038,0.000839,0.016088,0.000147,0.000274,0.000775,0.000309,0.020686
1,1,10,"q10_case1",3056,512,5120,2621440,2621440,1,1564161,4194304,2620231,0.001527,0.000000,0.004662,0.000033,0.000850,0.016933,0.000155,0.000368,0.000893,0.000329,0.026079
1,1,10,"q10_case1",3057,512,5120,2621440,2621440,1,1564673,4194304,2620254,0.001547,0.000000,0.000414,0.000040,0.000845,0.016245,0.000183,0.000278,0.000916,0.000268,0.021115
1,1,10,"q10_case1",3058,512,5120,2621440,2621440,1,1565185,4194304,2620635,0.001542,0.000000,0.000389,0.000033,0.000846,0.020203,0.000182,0.000268,0.000870,0.000265,0.025043
1,1,10,"q10_case1",3059,512,5120,2621440,2621440,1,1565697,4194304,2620632,0.001483,0.000000,0.000392,0.000033,0.000874,0.016846,0.000140,0.000254,0.000858,0.000256,0.021479
1,1,10,"q10_case1",3060,512,5120,2621440,2621440,1,1566209,4194304,2620793,0.001486,0.000000,0.000397,0.000035,0.000842,0.017181,0.000204,0.000355,0.000845,0.000302,0.022075
1,1,10,"q10_case1",3061,512,5120,2621440,2621440,1,1566721,4194304,2620897,0.001476,0.000000,0.000404,0.000042,0.000844,0.017002,0.000146,0.000256,0.000842,0.000275,0.021577
1,1,10,"q10_case1",3062,512,5120,2621440,2621440,1,1567233,4194304,2620604,0.001481,0.000000,0.000446,0.000053,0.000838,0.016462,0.000136,0.000274,0.000834,0.000338,0.021178
1,1,10,"q10_case1",3063,512,5120,2621440,2621440,1,1567745,4194304,2620343,0.001555,0.000000,0.000410,0.000036,0.000845,0.016396,0.000143,0.000297,0.000885,0.000246,0.021109
1,1,10,"q10_case1",3064,512,5120,2621440,2621440,1,1568257,4194304,2620785,0.001524,0.000001,0.000375,0.000033,0.000850,0.018725,0.000191,0.000270,0.000897,0.000276,0.023504
1,1,10,"q10_case1",3065,512,5120,2621440,2621440,1,1568769,4194304,2620723,0.001497,0.000000,0.000383,0.000033,0.000847,0.016688,0.000146,0.000262,0.000847,0.000265,0.021337
1,1,10,"q10_case1",3066,512,5120,2621440,2621440,1,1569281,4194304,2620802,0.001466,0.000000,0.000372,0.000036,0.000876,0.017090,0.000175,0.000289,0.000830,0.000241,0.021742
1,1,10,"q10_case1",3067,512,5120,2621440,2621440,1,1569793,4194304,2620902,0.001490,0.000000,0.004465,0.000064,0.000875,0.016213,0.000188,0.000256,0.000835,0.000234,0.025036
1,1,10,"q10_case1",3068,512,5120,2621440,2621440,1,1570305,4194304,2620804,0.001457,0.000000,0.000406,0.000030,0.000847,0.016308,0.000135,0.000254,0.000886,0.000259,0.021040
1,1,10,"q10_case1",3069,512,5120,2621440,2621440,1,1570817,4194304,2620796,0.001533,0.000000,0.000395,0.000035,0.000841,0.017088,0.000147,0.000258,0.000861,0.000265,0.021774
1,1,10,"q10_case1",3070,512,5120,2621440,2621440,1,1571329,4194304,2620890,0.001522,0.000000,0.000401,0.000036,0.000848,0.016263,0.000135,0.000259,0.000870,0.000275,0.020977
1,1,10,"q10_case1",3071,512,5120,2621440,2621440,1,1571841,4194304,2620642,0.001491,0.000000,0.000389,0.000036,0.000844,0.016927,0.000138,0.000265,0.000853,0.000317,0.021662
1,1,10,"q10_case1",3072,512,5120,2621440,2621440,1,1572353,4194304,2620307,0.001477,0.000000,0.000400,0.000035,0.000844,0.016098,0.000141,0.000253,0.000827,0.000298,0.020739
1,1,10,"q10_case1",3073,512,5120,2621440,2621440,1,1572865,4194304,2620162,0.001463,0.000000,0.000391,0.000072,0.000848,0.016695,0.000135,0.000259,0.000855,0.000242,0.021246
1,1,10,"q10_case1",3074,512,5120,2621440,2621440,1,1573377,4194304,2620789,0.001463,0.000000,0.000391,0.000075,0.000845,0.016066,0.000145,0.000363,0.000824,0.000267,0.020729
1,1,10,"q10_case1",3075,512,5120,2621440,2621440,1,1573889,4194304,2620463,0.001497,0.000000,0.000388,0.000035,0.000878,0.016082,0.000176,0.000304,0.000905,0.000256,0.020956
1,1,10,"q10_case1",3076,512,5120,2621440,2621440,1,1574401,4194304,2620853,0.001522,0.000000,0.001128,0.000035,0.000848,0.016878,0.000137,0.000262,0.000850,0.000265,0.022251
1,1,10,"q10_case1",3077,512,5120,2621440,2621440,1,1574913,4194304,2620499,0.001568,0.000000,0.000454,0.000065,0.000866,0.016175,0.000192,0.000265,0.000843,0.000292,0.021064
1,1,10,"q10_case1",3078,512,5120,2621440,2621440,1,1575425,4194304,2620339,0.001514,0.000001,0.001914,0.000035,0.000846,0.016013,0.000176,0.000262,0.000830,0.000286,0.022184
1,1,10,"q10_case1",3079,512,5120,2621440,2621440,1,1575937,4194304,2620302,0.001491,0.000000,0.000382,0.000034,0.000847,0.016759,0.000138,0.000257,0.000839,0.000280,0.021341
1,1,10,"q10_case1",3080,512,5120,2621440,2621440,1,1576449,4194304,2620334,0.001468,0.000000,0.002634,0.000033,0.000850,0.015996,0.000147,0.000256,0.000811,0.000261,0.022797
1,1,10,"q10_case1",3081,512,5120,2621440,2621440,1,1576961,4194304,2620448,0.001540,0.000000,0.001270,0.000046,0.000858,0.016176,0.000317,0.000610,0.000824,0.000314,0.022541
1,1,10,"q10_case1",3082,512,5120,2621440,2621440,1,1577473,4194304,2620252,0.001595,0.000000,0.000412,0.000032,0.000849,0.015181,0.000191,0.000278,0.000916,0.000276,0.020084
1,1,10,"q10_case1",3083,512,5120,2621440,2621440,1,1577985,4194304,2620423,0.001546,0.000000,0.000410,0.000032,0.000849,0.016443,0.000169,0.000284,0.000916,0.000272,0.021395
1,1,10,"q10_case1",3084,512,5120,2621440,2621440,1,1578497,4194304,2620022,0.001500,0.000001,0.000381,0.000034,0.000851,0.017323,0.000182,0.000290,0.000812,0.000267,0.022021
1,1,10,"q10_case1",3085,512,5120,2621440,2621440,1,1579009,4194304,2619889,0.001484,0.000000,0.000397,0.000048,0.000851,0.016598,0.000136,0.000261,0.000835,0.000301,0.021224
1,1,10,"q10_case1",3086,512,5120,2621440,2621440,1,1579521,4194304,2620288,0.001473,0.000000,0.000422,0.000033,0.000850,0.016083,0.000149,0.000256,0.000846,0.000318,0.020684
1,1,10,"q10_case1",3087,512,5120,2621440,2621440,1,1580033,4194304,2620342,0.001500,0.000001,0.000698,0.000036,0.000851,0.016030,0.000146,0.000259,0.000885,0.000287,0.021003
1,1,10,"q10_case1",3088,512,5120,2621440,2621440,1,1580545,4194304,2620777,0.001676,0.000001,0.000407,0.000039,0.000856,0.016337,0.000144,0.000261,0.000860,0.000327,0.021291
1,1,10,"q10_case1",3089,512,5120,2621440,2621440,1,1581057,4194304,2620467,0.001550,0.000001,0.000531,0.000036,0.000842,0.015893,0.000144,0.000289,0.000875,0.000282,0.020747
1,1,10,"q10_case1",3090,512,5120,2621440,2621440,1,1581569,4194304,2620554,0.001482,0.000001,0.000383,0.000033,0.000849,0.015760,0.000170,0.000285,0.000839,0.000313,0.020560
1,1,10,"q10_case1",3091,512,5120,2621440,2621440,1,1582081,4194304,2620432,0.001470,0.000000,0.003824,0.000069,0.000906,0.017484,0.000213,0.000257,0.000773,0.000266,0.025639
1,1,10,"q10_case1",3092,512,5120,2621440,2621440,1,1582593,4194304,2620603,0.001484,0.000000,0.000482,0.000035,0.000851,0.016356,0.000213,0.000262,0.000822,0.000265,0.021064
1,1,10,"q10_case1",3093,512,5120,2621440,2621440,1,1583105,4194304,2620451,0.001486,0.000000,0.000407,0.000034,0.000848,0.016467,0.000143,0.000308,0.000845,0.000323,0.021232
1,1,10,"q10_case1",3094,512,5120,2621440,2621440,1,1583617,4194304,2620293,0.001540,0.000000,0.000461,0.000038,0.000844,0.016609,0.000150,0.000270,0.000870,0.000298,0.021448
1,1,10,"q10_case1",3095,512,5120,2621440,2621440,1,1584129,4194304,2620663,0.001543,0.000000,0.000375,0.000035,0.000849,0.016985,0.000211,0.000269,0.000883,0.000309,0.021972
1,1,10,"q10_case1",3096,512,5120,2621440,2621440,1,1584641,4194304,2620397,0.001520,0.000000,0.000405,0.000045,0.000844,0.016944,0.000150,0.000258,0.000845,0.000270,0.021626
1,1,10,"q10_case1",3097,512,5120,2621440,2621440,1,1585153,4194304,2620514,0.001483,0.000000,0.000377,0.000075,0.000853,0.016852,0.000137,0.000256,0.000794,0.000287,0.021402
1,1,10,"q10_case1",3098,512,5120,2621440,2621440,1,1585665,4194304,2620345,0.001458,0.000000,0.003082,0.000036,0.000901,0.016111,0.000188,0.000324,0.000802,0.000324,0.023587
1,1,10,"q10_case1",3099,512,5120,2621440,2621440,1,1586177,4194304,2620331,0.001474,0.000001,0.000385,0.000080,0.000851,0.016955,0.000136,0.000262,0.000906,0.000259,0.021660
1,1,10,"q10_case1",3100,512,5120,2621440,2621440,1,1586689,4194304,2620767,0.001569,0.000000,0.000406,0.000037,0.000851,0.017138,0.000138,0.000297,0.000846,0.000253,0.021882
1,1,10,"q10_case1",3101,512,5120,2621440,2621440,1,1587201,4194304,2620769,0.001530,0.000000,0.000452,0.000037,0.000868,0.016458,0.000144,0.000267,0.000886,0.000283,0.021253
1,1,10,"q10_case1",3102,512,5120,2621440,2621440,1,1587713,4194304,2620836,0.001505,0.000000,0.000406,0.000069,0.000853,0.015855,0.000153,0.000259,0.000887,0.000312,0.020609
1,1,10,"q10_case1",3103,512,5120,2621440,2621440,1,1588225,4194304,2620467,0.001460,0.000000,0.004051,0.000040,0.000844,0.016515,0.000168,0.000248,0.000841,0.000240,0.024722
1,1,10,"q10_case1",3104,512,5120,2621440,2621440,1,1588737,4194304,2620865,0.001476,0.000000,0.000365,0.000078,0.000857,0.016140,0.000142,0.000253,0.000827,0.000298,0.020763
1,1,10,"q10_case1",3105,512,5120,2621440,2621440,1,1589249,4194304,2620325,0.001465,0.000001,0.000473,0.000075,0.000853,0.016514,0.000167,0.000266,0.000806,0.000268,0.021312
1,1,10,"q10_case1",3106,512,5120,2621440,2621440,1,1589761,4194304,2620161,0.001517,0.000000,0.000415,0.000035,0.000852,0.016808,0.000134,0.000279,0.000931,0.000265,0.021527
1,1,10,"q10_case1",3107,512,5120,2621440,2621440,1,1590273,4194304,2620754,0.001630,0.000000,0.000402,0.000063,0.000848,0.016229,0.000141,0.000267,0.000896,0.000277,0.021111
1,1,10,"q10_case1",3108,512,5120,2621440,2621440,1,1590785,4194304,2620709,0.001508,0.000001,0.000359,0.000054,0.000862,0.016284,0.000180,0.000396,0.000849,0.000295,0.021124
1,1,10,"q10_case1",3109,512,5120,2621440,2621440,1,1591297,4194304,2620575,0.001486,0.000000,0.002459,0.000060,0.000877,0.016568,0.000195,0.000272,0.000864,0.000246,0.023468
1,1,10,"q10_case1",3110,512,5120,2621440,2621440,1,1591809,4194304,2620832,0.001484,0.000000,0.000502,0.000031,0.000854,0.017041,0.000142,0.000254,0.000860,0.000253,0.021709
1,1,10,"q10_case1",3111,512,5120,2621440,2621440,1,1592321,4194304,2620870,0.001523,0.000000,0.000418,0.000033,0.000850,0.016598,0.000178,0.000289,0.000853,0.000260,0.021682
1,1,10,"q10_case1",3112,512,5120,2621440,2621440,1,1592833,4194304,2620824,0.001563,0.000000,0.000433,0.000038,0.000854,0.015415,0.000140,0.000465,0.000881,0.000314,0.020372
1,1,10,"q10_case1",3113,512,5120,2621440,2621440,1,1593345,4194304,2620601,0.001510,0.000000,0.000418,0.000039,0.000868,0.016407,0.000141,0.000264,0.000881,0.000253,0.021143
1,1,10,"q10_case1",3114,512,5120,2621440,2621440,1,1593857,4194304,2620862,0.001522,0.000000,0.000393,0.000032,0.000849,0.015867,0.000136,0.000267,0.000869,0.000291,0.020572
1,1,10,"q10_case1",3115,512,5120,2621440,2621440,1,1594369,4194304,2620445,0.001482,0.000001,0.000425,0.000033,0.000853,0.016825,0.000144,0.000274,0.000860,0.000262,0.021498
1,1,10,"q10_case1",3116,512,5120,2621440,2621440,1,1594881,4194304,2620114,0.001477,0.000000,0.000415,0.000057,0.000856,0.016649,0.000165,0.000250,0.000841,0.000247,0.021300
1,1,10,"q10_case1",3117,512,5120,2621440,2621440,1,1595393,4194304,2620841,0.001461,0.000000,0.000391,0.000078,0.000852,0.016171,0.000135,0.000276,0.000842,0.000248,0.020770
1,1,10,"q10_case1",3118,512,5120,2621440,2621440,1,1595905,4194304,2620813,0.001525,0.000001,0.001587,0.000068,0.000867,0.016082,0.000187,0.000266,0.000882,0.000286,0.022111
1,1,10,"q10_case1",3119,512,5120,2621440,2621440,1,1596417,4194304,2620708,0.001557,0.000000,0.000433,0.000062,0.000852,0.016869,0.000186,0.000288,0.000874,0.000277,0.021704
1,1,10,"q10_case1",3120,512,5120,2621440,2621440,1,1596929,4194304,2620434,0.001505,0.000000,0.002690,0.000058,0.000881,0.016120,0.000216,0.000289,0.000879,0.000281,0.023404
1,1,10,"q10_case1",3121,512,5120,2621440,2621440,1,1597441,4194304,2620107,0.001541,0.000001,0.000675,0.000058,0.000871,0.017006,0.000189,0.000269,0.000846,0.000238,0.022143
1,1,10,"q10_case1",3122,512,5120,2621440,2621440,1,1597953,4194304,2620826,0.001468,0.000000,0.000388,0.000078,0.000880,0.016096,0.000144,0.000258,0.000854,0.000254,0.020754
1,1,10,"q10_case1",3123,512,5120,2621440,2621440,1,1598465,4194304,2620808,0.001482,0.000000,0.000425,0.000037,0.000851,0.015976,0.000142,0.000290,0.000857,0.000281,0.020642
1,1,10,"q10_case1",3124,512,5120,2621440,2621440,1,1598977,4194304,2620720,0.001531,0.000001,0.000395,0.000034,0.000854,0.016540,0.000176,0.000262,0.000875,0.000301,0.021317
1,1,10,"q10_case1",3125,512,5120,2621440,2621440,1,1599489,4194304,2620540,0.001560,0.000000,0.000415,0.000037,0.000858,0.016271,0.000179,0.000269,0.000892,0.000257,0.021127
1,1,10,"q10_case1",3126,512,5120,2621440,2621440,1,1600001,4194304,2620874,0.001523,0.000000,0.000391,0.000042,0.000875,0.016564,0.000200,0.000292,0.000858,0.000289,0.021462
1,1,10,"q10_case1",3127,512,5120,2621440,2621440,1,1600513,4194304,2620440,0.001480,0.000000,0.002333,0.000068,0.000880,0.016345,0.000189,0.000255,0.000843,0.000244,0.023024
1,1,10,"q10_case1",3128,512,5120,2621440,2621440,1,1601025,4194304,2620833,0.001465,0.000000,0.000381,0.000049,0.000857,0.016169,0.000141,0.000266,0.000830,0.000195,0.020677
1,1,10,"q10_case1",3129,512,5120,2621440,2621440,1,1601537,4194304,2620808,0.001489,0.000001,0.000416,0.000073,0.000850,0.016798,0.000180,0.000386,0.000854,0.000261,0.021636
1,1,10,"q10_case1",3130,512,5120,2621440,2621440,1,1602049,4194304,2620443,0.001553,0.000000,0.002932,0.000036,0.000854,0.016339,0.000138,0.000305,0.000844,0.000316,0.023611
1,1,10,"q10_case1",3131,512,5120,2621440,2621440,1,1602561,4194304,2620225,0.001533,0.000000,0.000402,0.000032,0.000864,0.016079,0.000146,0.000262,0.000894,0.000305,0.020902
1,1,10,"q10_case1",3132,512,5120,2621440,2621440,1,1603073,4194304,2620646,0.001754,0.000000,0.000420,0.000053,0.000860,0.017424,0.000138,0.000259,0.000875,0.000273,0.022334
1,1,10,"q10_case1",3133,512,5120,2621440,2621440,1,1603585,4194304,2620784,0.001478,0.000001,0.000434,0.000034,0.000855,0.017378,0.000165,0.000252,0.000835,0.000288,0.022088
1,1,10,"q10_case1",3134,512,5120,2621440,2621440,1,1604097,4194304,2620664,0.001459,0.000000,0.000400,0.000044,0.000855,0.016591,0.000138,0.000253,0.000856,0.000243,0.021165
1,1,10,"q10_case1",3135,512,5120,2621440,2621440,1,1604609,4194304,2620854,0.001471,0.000000,0.000403,0.000036,0.000856,0.016020,0.000147,0.000252,0.000862,0.000318,0.020689
1,1,10,"q10_case1",3136,512,5120,2621440,2621440,1,1605121,4194304,2620477,0.001511,0.000000,0.004282,0.000040,0.000877,0.016449,0.000178,0.000457,0.000940,0.000300,0.025454
1,1,10,"q10_case1",3137,512,5120,2621440,2621440,1,1605633,4194304,2620874,0.001531,0.000000,0.000425,0.000034,0.000858,0.016214,0.000180,0.000270,0.000880,0.000282,0.021045
1,1,10,"q10_case1",3138,512,5120,2621440,2621440,1,1606145,4194304,2620429,0.001659,0.000000,0.000677,0.000064,0.000880,0.016391,0.000204,0.000298,0.000930,0.000282,0.021802
1,1,10,"q10_case1",3139,512,5120,2621440,2621440,1,1606657,4194304,2620101,0.001458,0.000000,0.000389,0.000051,0.000854,0.016210,0.000142,0.000263,0.000882,0.000240,0.020998
1,1,10,"q10_case1",3140,512,5120,2621440,2621440,1,1607169,4194304,2620807,0.001477,0.000000,0.000392,0.000079,0.000858,0.016328,0.000138,0.000258,0.000866,0.000262,0.021030
1,1,10,"q10_case1",3141,512,5120,2621440,2621440,1,1607681,4194304,2620809,0.001594,0.000000,0.004651,0.000040,0.000852,0.016259,0.000176,0.000306,0.000871,0.000290,0.025503
1,1,10,"q10_case1",3142,512,5120,2621440,2621440,1,1608193,4194304,2620704,0.001611,0.000000,0.000417,0.000050,0.000853,0.016275,0.000181,0.000278,0.000980,0.000322,0.021333
1,1,10,"q10_case1",3143,512,5120,2621440,2621440,1,1608705,4194304,2620548,0.001521,0.000000,0.000378,0.000047,0.000855,0.016130,0.000172,0.000267,0.000851,0.000249,0.020898
1,1,10,"q10_case1",3144,512,5120,2621440,2621440,1,1609217,4194304,2620851,0.001469,0.000000,0.002263,0.000077,0.000885,0.017236,0.000177,0.000256,0.000856,0.000267,0.023873
1,1,10,"q10_case1",3145,512,5120,2621440,2621440,1,1609729,4194304,2620859,0.001469,0.000000,0.000381,0.000079,0.000855,0.016444,0.000135,0.000252,0.000850,0.000232,0.021034
1,1,10,"q10_case1",3146,512,5120,2621440,2621440,1,1610241,4194304,2620867,0.001507,0.000001,0.000385,0.000046,0.000858,0.016719,0.000172,0.000262,0.000862,0.000314,0.021438
1,1,10,"q10_case1",3147,512,5120,2621440,2621440,1,1610753,4194304,2620366,0.001541,0.000000,0.000413,0.000036,0.000854,0.016007,0.000147,0.000266,0.000859,0.000279,0.020888
1,1,10,"q10_case1",3148,512,5120,2621440,2621440,1,1611265,4194304,2620128,0.001548,0.000000,0.000380,0.000033,0.000858,0.016619,0.000179,0.000282,0.000834,0.000265,0.021312
1,1,10,"q10_case1",3149,512,5120,2621440,2621440,1,1611777,4194304,2620799,0.001502,0.000000,0.004720,0.000036,0.000857,0.016378,0.000137,0.000257,0.000877,0.000273,0.025381
1,1,10,"q10_case1",3150,512,5120,2621440,2621440,1,1612289,4194304,2620799,0.001478,0.000000,0.000382,0.000034,0.000858,0.016918,0.000131,0.000257,0.000839,0.000244,0.021507
1,1,10,"q10_case1",3151,512,5120,2621440,2621440,1,1612801,4194304,2620873,0.001471,0.000001,0.002015,0.000035,0.000859,0.016362,0.000193,0.000255,0.000857,0.000243,0.022683
1,1,10,"q10_case1",3152,512,5120,2621440,2621440,1,1613313,4194304,2620896,0.001483,0.000000,0.000421,0.000052,0.000867,0.016645,0.000163,0.000280,0.000864,0.000261,0.021378
1,1,10,"q10_case1",3153,512,5120,2621440,2621440,1,1613825,4194304,2620902,0.001542,0.000000,0.000394,0.000034,0.000861,0.016108,0.000196,0.000286,0.000906,0.000266,0.020939
1,1,10,"q10_case1",3154,512,5120,2621440,2621440,1,1614337,4194304,2620909,0.001542,0.000001,0.000422,0.000035,0.000853,0.016881,0.000190,0.000275,0.000900,0.000286,0.021729
1,1,10,"q10_case1",3155,512,5120,2621440,2621440,1,1614849,4194304,2620893,0.001480,0.000000,0.000834,0.000063,0.000879,0.016136,0.000201,0.000270,0.000847,0.000261,0.021376
1,1,10,"q10_case1",3156,512,5120,2621440,2621440,1,1615361,4194304,2620893,0.001467,0.000000,0.000396,0.000034,0.000860,0.016099,0.000133,0.000255,0.000844,0.000249,0.020690
1,1,10,"q10_case1",3157,512,5120,2621440,2621440,1,1615873,4194304,2620882,0.001471,0.000001,0.000378,0.000032,0.000857,0.016898,0.000151,0.000265,0.001218,0.000566,0.022168
1,1,10,"q10_case1",3158,512,5120,2621440,2621440,1,1616385,4194304,2620891,0.001534,0.000000,0.000383,0.000060,0.000861,0.016760,0.000148,0.000260,0.000878,0.000268,0.021480
1,1,10,"q10_case1",3159,512,5120,2621440,2621440,1,1616897,4194304,2620891,0.001520,0.000000,0.003106,0.000038,0.000887,0.016121,0.000150,0.000267,0.000918,0.000282,0.023601
1,1,10,"q10_case1",3160,512,5120,2621440,2621440,1,1617409,4194304,2620872,0.001470,0.000000,0.000415,0.000055,0.000872,0.015494,0.000135,0.000260,0.000871,0.000262,0.020199
1,1,10,"q10_case1",3161,512,5120,2621440,2621440,1,1617921,4194304,2620903,0.001480,0.000001,0.000380,0.000034,0.000862,0.017065,0.000186,0.000249,0.000858,0.000246,0.021716
1,1,10,"q10_case1",3162,512,5120,2621440,2621440,1,1618433,4194304,2620822,0.001471,0.000000,0.004563,0.000035,0.000855,0.015672,0.000139,0.000263,0.000862,0.000248,0.024394
1,1,10,"q10_case1",3163,512,5120,2621440,2621440,1,1618945,4194304,2620887,0.001455,0.000001,0.000376,0.000033,0.000889,0.017292,0.000167,0.000250,0.000854,0.000239,0.021868
1,1,10,"q10_case1",3164,512,5120,2621440,2621440,1,1619457,4194304,2620904,0.001507,0.000000,0.000494,0.000031,0.000877,0.016199,0.000180,0.000267,0.000866,0.000332,0.021091
1,1,10,"q10_case1",3165,512,5120,2621440,2621440,1,1619969,4194304,2620717,0.001519,0.000000,0.000427,0.000040,0.000860,0.016061,0.000179,0.000275,0.000914,0.000292,0.020937
1,1,10,"q10_case1",3166,512,5120,2621440,2621440,1,1620481,4194304,2620476,0.001540,0.000000,0.000390,0.000052,0.000860,0.016260,0.000180,0.000262,0.000858,0.000314,0.021013
1,1,10,"q10_case1",3167,512,5120,2621440,2621440,1,1620993,4194304,2620238,0.001502,0.000000,0.000477,0.000039,0.000857,0.016020,0.000142,0.000257,0.000874,0.000258,0.020748
1,1,10,"q10_case1",3168,512,5120,2621440,2621440,1,1621505,4194304,2620744,0.001469,0.000000,0.000404,0.000084,0.000859,0.016059,0.000145,0.000283,0.000846,0.000250,0.020740
1,1,10,"q10_case1",3169,512,5120,2621440,2621440,1,1622017,4194304,2620850,0.001615,0.000000,0.000398,0.000033,0.000866,0.016849,0.000156,0.000295,0.000892,0.000257,0.021715
1,1,10,"q10_case1",3170,512,5120,2621440,2621440,1,1622529,4194304,2620875,0.001531,0.000000,0.000399,0.000040,0.000863,0.016335,0.000158,0.000284,0.000915,0.000283,0.021149
1,1,10,"q10_case1",3171,512,5120,2621440,2621440,1,1623041,4194304,2620905,0.001605,0.000000,0.000471,0.000038,0.000863,0.016334,0.000170,0.000276,0.000894,0.000279,0.021388
1,1,10,"q10_case1",3172,512,5120,2621440,2621440,1,1623553,4194304,2620881,0.001589,0.000001,0.000421,0.000036,0.000862,0.016166,0.000139,0.000282,0.000861,0.000276,0.021032
1,1,10,"q10_case1",3173,512,5120,2621440,2621440,1,1624065,4194304,2620454,0.001481,0.000000,0.000420,0.000035,0.000861,0.017293,0.000143,0.000296,0.001450,0.000234,0.022569
1,1,10,"q10_case1",3174,512,5120,2621440,2621440,1,1624577,4194304,2620840,0.001465,0.000000,0.000451,0.000038,0.000888,0.016130,0.000148,0.000247,0.000819,0.000241,0.020734
1,1,10,"q10_case1",3175,512,5120,2621440,2621440,1,1625089,4194304,2620539,0.001502,0.000000,0.000373,0.000047,0.000859,0.015906,0.000141,0.000289,0.000863,0.000249,0.020525
1,1,10,"q10_case1",3176,512,5120,2621440,2621440,1,1625601,4194304,2620448,0.001517,0.000000,0.000384,0.000036,0.000862,0.016946,0.000140,0.000256,0.000878,0.000295,0.021617
1,1,10,"q10_case1",3177,512,5120,2621440,2621440,1,1626113,4194304,2620236,0.001542,0.000000,0.000423,0.000034,0.000862,0.016319,0.000186,0.000812,0.000877,0.000283,0.021703
1,1,10,"q10_case1",3178,512,5120,2621440,2621440,1,1626625,4194304,2620619,0.001631,0.000000,0.000427,0.000037,0.000863,0.016046,0.000166,0.000280,0.000842,0.000345,0.020952
1,1,10,"q10_case1",3179,512,5120,2621440,2621440,1,1627137,4194304,2620251,0.001488,0.000001,0.001819,0.000035,0.000863,0.016278,0.000184,0.000287,0.000875,0.000278,0.022461
1,1,10,"q10_case1",3180,512,5120,2621440,2621440,1,1627649,4194304,2620558,0.001480,0.000000,0.000418,0.000056,0.000857,0.016061,0.000144,0.000255,0.000803,0.000250,0.020630
1,1,10,"q10_case1",3181,512,5120,2621440,2621440,1,1628161,4194304,2620667,0.001451,0.000000,0.000377,0.000075,0.000860,0.017315,0.000139,0.000253,0.000833,0.000246,0.021891
1,1,10,"q10_case1",3182,512,5120,2621440,2621440,1,1628673,4194304,2620442,0.001538,0.000001,0.000414,0.000039,0.000856,0.016528,0.000139,0.000267,0.000899,0.000293,0.021287
1,1,10,"q10_case1",3183,512,5120,2621440,2621440,1,1629185,4194304,2620134,0.001552,0.000000,0.000487,0.000040,0.000862,0.016252,0.000149,0.000283,0.000850,0.000277,0.021097
1,1,10,"q10_case1",3184,512,5120,2621440,2621440,1,1629697,4194304,2620706,0.001524,0.000001,0.000417,0.000038,0.000862,0.016985,0.000142,0.000259,0.000877,0.000299,0.021741
1,1,10,"q10_case1",3185,512,5120,2621440,2621440,1,1630209,4194304,2620641,0.001468,0.000000,0.000391,0.000033,0.000864,0.015704,0.000147,0.000252,0.000871,0.000242,0.020287
1,1,10,"q10_case1",3186,512,5120,2621440,2621440,1,1630721,4194304,2620850,0.001452,0.000000,0.000637,0.000034,0.000891,0.017264,0.000143,0.000296,0.000852,0.000261,0.022155
1,1,10,"q10_case1",3187,512,5120,2621440,2621440,1,1631233,4194304,2620877,0.001476,0.000000,0.000414,0.000039,0.000857,0.016458,0.000161,0.000253,0.000864,0.000305,0.021166
1,1,10,"q10_case1",3188,512,5120,2621440,2621440,1,1631745,4194304,2620592,0.001531,0.000000,0.000382,0.000032,0.000862,0.016856,0.000190,0.000329,0.000892,0.000292,0.021728
1,1,10,"q10_case1",3189,512,5120,2621440,2621440,1,1632257,4194304,2620870,0.001548,0.000000,0.000392,0.000045,0.000864,0.016203,0.000165,0.000346,0.000911,0.000278,0.021172
1,1,10,"q10_case1",3190,512,5120,2621440,2621440,1,1632769,4194304,2620862,0.001515,0.000001,0.000407,0.000036,0.000866,0.017388,0.000136,0.000260,0.000876,0.000263,0.022115
1,1,10,"q10_case1",3191,512,5120,2621440,2621440,1,1633281,4194304,2620877,0.001501,0.000000,0.000411,0.000049,0.000866,0.016854,0.000143,0.000259,0.000866,0.000241,0.021483
1,1,10,"q10_case1",3192,512,5120,2621440,2621440,1,1633793,4194304,2620877,0.001485,0.000000,0.000431,0.000031,0.000863,0.015457,0.000151,0.000256,0.000879,0.000306,0.020152
1,1,10,"q10_case1",3193,512,5120,2621440,2621440,1,1634305,4194304,2620418,0.001493,0.000000,0.000415,0.000070,0.000874,0.018335,0.000145,0.000259,0.000858,0.000261,0.023031
1,1,10,"q10_case1",3194,512,5120,2621440,2621440,1,1634817,4194304,2620644,0.001503,0.000000,0.000402,0.000043,0.000882,0.016543,0.000147,0.000284,0.000924,0.000319,0.021378
1,1,10,"q10_case1",3195,512,5120,2621440,2621440,1,1635329,4194304,2620771,0.001539,0.000000,0.000552,0.000033,0.000862,0.015796,0.000137,0.000301,0.000892,0.000252,0.020645
1,1,10,"q10_case1",3196,512,5120,2621440,2621440,1,1635841,4194304,2620438,0.001528,0.000000,0.000358,0.000047,0.000891,0.016238,0.000188,0.000258,0.000841,0.000259,0.020947
1,1,10,"q10_case1",3197,512,5120,2621440,2621440,1,1636353,4194304,2620087,0.001471,0.000001,0.000488,0.000073,0.000893,0.016794,0.000146,0.000253,0.000866,0.000275,0.021530
1,1,10,"q10_case1",3198,512,5120,2621440,2621440,1,1636865,4194304,2620830,0.001484,0.000001,0.000395,0.000034,0.000865,0.017014,0.000145,0.000255,0.000802,0.000296,0.021797
1,1,10,"q10_case1",3199,512,5120,2621440,2621440,1,1637377,4194304,2620396,0.001471,0.000000,0.001707,0.000034,0.000864,0.016273,0.000145,0.000253,0.000908,0.000321,0.022296
1,1,10,"q10_case1",3200,512,5120,2621440,2621440,1,1637889,4194304,2620617,0.001519,0.000000,0.000416,0.000060,0.000860,0.017132,0.000204,0.000388,0.000884,0.000289,0.022297
1,1,10,"q10_case1",3201,512,5120,2621440,2621440,1,1638401,4194304,2620525,0.001630,0.000000,0.000472,0.000039,0.000860,0.016129,0.000140,0.000317,0.000891,0.000365,0.021120
1,1,10,"q10_case1",3202,512,5120,2621440,2621440,1,1638913,4194304,2620212,0.001550,0.000000,0.000423,0.000033,0.000870,0.016247,0.000142,0.000268,0.000861,0.000312,0.021027
1,1,10,"q10_case1",3203,512,5120,2621440,2621440,1,1639425,4194304,2620341,0.001740,0.000000,0.000638,0.000062,0.000894,0.018022,0.000229,0.000302,0.000842,0.000274,0.023435
1,1,10,"q10_case1",3204,512,5120,2621440,2621440,1,1639937,4194304,2620517,0.001477,0.000001,0.000373,0.000053,0.000896,0.018885,0.000184,0.000270,0.000805,0.000279,0.023609
1,1,10,"q10_case1",3205,512,5120,2621440,2621440,1,1640449,4194304,2620607,0.001472,0.000000,0.000581,0.000051,0.000889,0.017114,0.000182,0.000258,0.000836,0.000259,0.022034
1,1,10,"q10_case1",3206,512,5120,2621440,2621440,1,1640961,4194304,2620439,0.001530,0.000000,0.001393,0.000036,0.000878,0.016062,0.000177,0.000284,0.000967,0.000333,0.021990
1,1,10,"q10_case1",3207,512,5120,2621440,2621440,1,1641473,4194304,2620619,0.001534,0.000001,0.000393,0.000049,0.000865,0.016672,0.000152,0.000284,0.000945,0.000279,0.021548
1,1,10,"q10_case1",3208,512,5120,2621440,2621440,1,1641985,4194304,2620372,0.001505,0.000000,0.000421,0.000048,0.000860,0.016036,0.000137,0.000268,0.000885,0.000355,0.020864
1,1,10,"q10_case1",3209,512,5120,2621440,2621440,1,1642497,4194304,2620266,0.001489,0.000000,0.003483,0.000076,0.000866,0.016677,0.000147,0.000250,0.000859,0.000245,0.024571
1,1,10,"q10_case1",3210,512,5120,2621440,2621440,1,1643009,4194304,2620849,0.001469,0.000000,0.000394,0.000073,0.000867,0.017222,0.000145,0.000277,0.000847,0.000245,0.021853
1,1,10,"q10_case1",3211,512,5120,2621440,2621440,1,1643521,4194304,2620440,0.001491,0.000000,0.000400,0.000043,0.000866,0.015903,0.000134,0.000254,0.000821,0.000305,0.020504
1,1,10,"q10_case1",3212,512,5120,2621440,2621440,1,1644033,4194304,2620641,0.001525,0.000000,0.000718,0.000038,0.000871,0.016197,0.000149,0.000267,0.000882,0.000276,0.021208
1,1,10,"q10_case1",3213,512,5120,2621440,2621440,1,1644545,4194304,2620364,0.001473,0.000000,0.000423,0.000037,0.000867,0.015550,0.000176,0.000286,0.000963,0.000401,0.020589
1,1,10,"q10_case1",3214,512,5120,2621440,2621440,1,1645057,4194304,2620138,0.001501,0.000000,0.000410,0.000036,0.000861,0.016345,0.000175,0.000253,0.000849,0.000280,0.021004
1,1,10,"q10_case1",3215,512,5120,2621440,2621440,1,1645569,4194304,2620770,0.001470,0.000000,0.000386,0.000035,0.000865,0.016144,0.000145,0.000251,0.000839,0.000248,0.020749
1,1,10,"q10_case1",3216,512,5120,2621440,2621440,1,1646081,4194304,2620376,0.001454,0.000000,0.000385,0.000034,0.000888,0.016325,0.000138,0.000255,0.000849,0.000349,0.021017
1,1,10,"q10_case1",3217,512,5120,2621440,2621440,1,1646593,4194304,2620177,0.001480,0.000000,0.000406,0.000035,0.000867,0.017050,0.000137,0.000264,0.000875,0.000268,0.021749
1,1,10,"q10_case1",3218,512,5120,2621440,2621440,1,1647105,4194304,2620833,0.001562,0.000000,0.002429,0.000033,0.000906,0.016384,0.000149,0.000310,0.000846,0.000319,0.023274
1,1,10,"q10_case1",3219,512,5120,2621440,2621440,1,1647617,4194304,2620406,0.001559,0.000000,0.000928,0.000060,0.000863,0.016990,0.000140,0.000273,0.000865,0.000267,0.022290
1,1,10,"q10_case1",3220,512,5120,2621440,2621440,1,1648129,4194304,2620442,0.001491,0.000000,0.002815,0.000033,0.000868,0.016275,0.000206,0.000258,0.000861,0.000334,0.023480
1,1,10,"q10_case1",3221,512,5120,2621440,2621440,1,1648641,4194304,2620159,0.001473,0.000001,0.004994,0.000036,0.000865,0.017496,0.000168,0.000244,0.000856,0.000251,0.026666
1,1,10,"q10_case1",3222,512,5120,2621440,2621440,1,1649153,4194304,2620835,0.001473,0.000000,0.000396,0.000036,0.000867,0.016344,0.000271,0.000264,0.000834,0.000331,0.021185
1,1,10,"q10_case1",3223,512,5120,2621440,2621440,1,1649665,4194304,2620268,0.001513,0.000000,0.002455,0.000041,0.000868,0.015952,0.000140,0.000275,0.000846,0.000269,0.022682
1,1,10,"q10_case1",3224,512,5120,2621440,2621440,1,1650177,4194304,2620248,0.001622,0.000000,0.000383,0.000061,0.000866,0.016987,0.000187,0.000282,0.000904,0.000360,0.021950
1,1,10,"q10_case1",3225,512,5120,2621440,2621440,1,1650689,4194304,2620195,0.001541,0.000001,0.000567,0.000036,0.000895,0.016208,0.000188,0.000282,0.000879,0.000321,0.021239
1,1,10,"q10_case1",3226,512,5120,2621440,2621440,1,1651201,4194304,2620323,0.001488,0.000001,0.000632,0.000061,0.000923,0.015469,0.000191,0.000269,0.000847,0.000280,0.020579
1,1,10,"q10_case1",3227,512,5120,2621440,2621440,1,1651713,4194304,2620485,0.001473,0.000000,0.000418,0.000038,0.000867,0.015848,0.000177,0.000276,0.000810,0.000260,0.020488
1,1,10,"q10_case1",3228,512,5120,2621440,2621440,1,1652225,4194304,2620507,0.001527,0.000000,0.000769,0.000060,0.000911,0.016364,0.000178,0.000247,0.000830,0.000229,0.021561
1,1,10,"q10_case1",3229,512,5120,2621440,2621440,1,1652737,4194304,2620910,0.001486,0.000000,0.000390,0.000049,0.000870,0.017670,0.000140,0.000265,0.000854,0.000262,0.022361
1,1,10,"q10_case1",3230,512,5120,2621440,2621440,1,1653249,4194304,2620458,0.001538,0.000000,0.001409,0.000036,0.000868,0.016027,0.000171,0.000531,0.000886,0.000292,0.022243
1,1,10,"q10_case1",3231,512,5120,2621440,2621440,1,1653761,4194304,2620694,0.001559,0.000001,0.000706,0.000060,0.000898,0.016170,0.000194,0.000315,0.000829,0.000296,0.021525
1,1,10,"q10_case1",3232,512,5120,2621440,2621440,1,1654273,4194304,2620463,0.001529,0.000001,0.000413,0.000035,0.000878,0.015690,0.000147,0.000362,0.000889,0.000274,0.020500
1,1,10,"q10_case1",3233,512,5120,2621440,2621440,1,1654785,4194304,2620699,0.001466,0.000000,0.000445,0.000056,0.000874,0.016530,0.000144,0.000256,0.000862,0.000247,0.021248
1,1,10,"q10_case1",3234,512,5120,2621440,2621440,1,1655297,4194304,2620867,0.001498,0.000000,0.000490,0.000035,0.000866,0.015938,0.000169,0.000261,0.000834,0.000336,0.020743
1,1,10,"q10_case1",3235,512,5120,2621440,2621440,1,1655809,4194304,2620539,0.001540,0.000000,0.000405,0.000063,0.000876,0.016454,0.000206,0.000423,0.000927,0.000373,0.021803
1,1,10,"q10_case1",3236,512,5120,2621440,2621440,1,1656321,4194304,2620393,0.001548,0.000001,0.000434,0.000036,0.000888,0.016255,0.000146,0.000263,0.000905,0.000264,0.021074
1,1,10,"q10_case1",3237,512,5120,2621440,2621440,1,1656833,4194304,2620875,0.001503,0.000001,0.000443,0.000036,0.000875,0.017790,0.000156,0.000274,0.000900,0.000252,0.022557
1,1,10,"q10_case1",3238,512,5120,2621440,2621440,1,1657345,4194304,2620518,0.001485,0.000000,0.000424,0.000048,0.000864,0.016316,0.000140,0.000253,0.000834,0.000267,0.020940
1,1,10,"q10_case1",3239,512,5120,2621440,2621440,1,1657857,4194304,2620138,0.001499,0.000000,0.000550,0.000034,0.000902,0.016887,0.000135,0.000261,0.000867,0.000267,0.021704
1,1,10,"q10_case1",3240,512,5120,2621440,2621440,1,1658369,4194304,2620540,0.001480,0.000000,0.000421,0.000076,0.000868,0.016160,0.000137,0.000254,0.000875,0.000270,0.020868
1,1,10,"q10_case1",3241,512,5120,2621440,2621440,1,1658881,4194304,2620465,0.001579,0.000000,0.000435,0.000038,0.000874,0.016932,0.000166,0.000273,0.001295,0.000335,0.022303
1,1,10,"q10_case1",3242,512,5120,2621440,2621440,1,1659393,4194304,2620094,0.001532,0.000000,0.004530,0.000033,0.000870,0.016037,0.000161,0.000274,0.000898,0.000276,0.024932
1,1,10,"q10_case1",3243,512,5120,2621440,2621440,1,1659905,4194304,2620838,0.001504,0.000000,0.001914,0.000043,0.000870,0.016496,0.000145,0.000265,0.000916,0.000271,0.022749
1,1,10,"q10_case1",3244,512,5120,2621440,2621440,1,1660417,4194304,2620453,0.001459,0.000000,0.000407,0.000074,0.000868,0.017087,0.000140,0.000255,0.000819,0.000266,0.021656
1,1,10,"q10_case1",3245,512,5120,2621440,2621440,1,1660929,4194304,2620776,0.001468,0.000000,0.000407,0.000074,0.000893,0.016969,0.000236,0.000265,0.000830,0.000252,0.021737
1,1,10,"q10_case1",3246,512,5120,2621440,2621440,1,1661441,4194304,2620497,0.001475,0.000000,0.005285,0.000039,0.000866,0.016326,0.000173,0.000246,0.000834,0.000254,0.025742
1,1,10,"q10_case1",3247,512,5120,2621440,2621440,1,1661953,4194304,2620834,0.001539,0.000001,0.000406,0.000040,0.000870,0.016564,0.000183,0.000277,0.000905,0.000268,0.021414
1,1,10,"q10_case1",3248,512,5120,2621440,2621440,1,1662465,4194304,2620468,0.001523,0.000000,0.000597,0.000033,0.000878,0.015127,0.000235,0.000324,0.000904,0.000289,0.020220
1,1,10,"q10_case1",3249,512,5120,2621440,2621440,1,1662977,4194304,2620898,0.001497,0.000000,0.003576,0.000036,0.000874,0.016450,0.000136,0.000256,0.000858,0.000247,0.024235
1,1,10,"q10_case1",3250,512,5120,2621440,2621440,1,1663489,4194304,2620459,0.001472,0.000000,0.000382,0.000038,0.000895,0.017252,0.000139,0.000252,0.000856,0.000311,0.021945
1,1,10,"q10_case1",3251,512,5120,2621440,2621440,1,1664001,4194304,2620281,0.001457,0.000000,0.000451,0.000071,0.000866,0.015874,0.000136,0.000252,0.000823,0.000252,0.020469
1,1,10,"q10_case1",3252,512,5120,2621440,2621440,1,1664513,4194304,2620677,0.001486,0.000000,0.000416,0.000033,0.000901,0.016878,0.000150,0.000261,0.000863,0.000273,0.021657
1,1,10,"q10_case1",3253,512,5120,2621440,2621440,1,1665025,4194304,2620507,0.001530,0.000000,0.000699,0.000060,0.000896,0.016783,0.000212,0.000276,0.000918,0.000334,0.022430
1,1,10,"q10_case1",3254,512,5120,2621440,2621440,1,1665537,4194304,2620239,0.001497,0.000000,0.000384,0.000057,0.000874,0.016630,0.000194,0.000259,0.000895,0.000278,0.021374
1,1,10,"q10_case1",3255,512,5120,2621440,2621440,1,1666049,4194304,2620475,0.001462,0.000000,0.000398,0.000077,0.000873,0.015622,0.000142,0.000280,0.000850,0.000262,0.020270
1,1,10,"q10_case1",3256,512,5120,2621440,2621440,1,1666561,4194304,2620468,0.001469,0.000001,0.000840,0.000036,0.000873,0.017263,0.000211,0.000299,0.000790,0.000278,0.022380
1,1,10,"q10_case1",3257,512,5120,2621440,2621440,1,1667073,4194304,2620277,0.001495,0.000001,0.000650,0.000067,0.000925,0.016508,0.000207,0.000254,0.000798,0.000247,0.021615
1,1,10,"q10_case1",3258,512,5120,2621440,2621440,1,1667585,4194304,2620707,0.001520,0.000000,0.000454,0.000033,0.000872,0.016743,0.000136,0.000257,0.000882,0.000255,0.021492
1,1,10,"q10_case1",3259,512,5120,2621440,2621440,1,1668097,4194304,2620453,0.001550,0.000001,0.000404,0.000037,0.000875,0.016300,0.000178,0.000267,0.000906,0.000352,0.021238
1,1,10,"q10_case1",3260,512,5120,2621440,2621440,1,1668609,4194304,2620121,0.001785,0.000001,0.000466,0.000052,0.000876,0.016372,0.000137,0.000274,0.000878,0.000307,0.021688
1,1,10,"q10_case1",3261,512,5120,2621440,2621440,1,1669121,4194304,2620588,0.001506,0.000000,0.000445,0.000033,0.000872,0.017200,0.000142,0.000275,0.000833,0.000268,0.021924
1,1,10,"q10_case1",3262,512,5120,2621440,2621440,1,1669633,4194304,2620525,0.001510,0.000001,0.000411,0.000037,0.000875,0.016571,0.000178,0.000345,0.000828,0.000269,0.021316
1,1,10,"q10_case1",3263,512,5120,2621440,2621440,1,1670145,4194304,2620467,0.001452,0.000000,0.000419,0.000034,0.000876,0.016720,0.000144,0.000268,0.000855,0.000240,0.021318
1,1,10,"q10_case1",3264,512,5120,2621440,2621440,1,1670657,4194304,2620581,0.001496,0.000000,0.001564,0.000037,0.000871,0.016772,0.000168,0.000277,0.000878,0.000287,0.022697
1,1,10,"q10_case1",3265,512,5120,2621440,2621440,1,1671169,4194304,2620712,0.001550,0.000001,0.000395,0.000038,0.000872,0.017508,0.000139,0.000256,0.000837,0.000257,0.022192
1,1,10,"q10_case1",3266,512,5120,2621440,2621440,1,1671681,4194304,2620502,0.001502,0.000000,0.000381,0.000036,0.000892,0.019847,0.000174,0.000271,0.000885,0.000341,0.024713
1,1,10,"q10_case1",3267,512,5120,2621440,2621440,1,1672193,4194304,2620170,0.001471,0.000000,0.000467,0.000044,0.000873,0.016478,0.000146,0.000253,0.000838,0.000266,0.021100
1,1,10,"q10_case1",3268,512,5120,2621440,2621440,1,1672705,4194304,2620715,0.001471,0.000000,0.000463,0.000033,0.000891,0.015603,0.000145,0.000251,0.000838,0.000245,0.020266
1,1,10,"q10_case1",3269,512,5120,2621440,2621440,1,1673217,4194304,2620449,0.001466,0.000001,0.000395,0.000077,0.000873,0.016106,0.000137,0.000260,0.000834,0.000325,0.020825
1,1,10,"q10_case1",3270,512,5120,2621440,2621440,1,1673729,4194304,2619905,0.001551,0.000000,0.000525,0.000039,0.000873,0.017141,0.000146,0.000310,0.000832,0.000318,0.022017
1,1,10,"q10_case1",3271,512,5120,2621440,2621440,1,1674241,4194304,2620313,0.001530,0.000000,0.000432,0.000032,0.000879,0.016167,0.000180,0.000272,0.000884,0.000354,0.021091
1,1,10,"q10_case1",3272,512,5120,2621440,2621440,1,1674753,4194304,2620361,0.001512,0.000001,0.000414,0.000035,0.000871,0.016479,0.000174,0.000258,0.000863,0.000276,0.021230
1,1,10,"q10_case1",3273,512,5120,2621440,2621440,1,1675265,4194304,2620513,0.001486,0.000000,0.005341,0.000036,0.000876,0.016686,0.000224,0.000263,0.000839,0.000290,0.026365
1,1,10,"q10_case1",3274,512,5120,2621440,2621440,1,1675777,4194304,2620155,0.001487,0.000000,0.000390,0.000047,0.000876,0.017065,0.000181,0.000255,0.000817,0.000293,0.021671
1,1,10,"q10_case1",3275,512,5120,2621440,2621440,1,1676289,4194304,2620166,0.001473,0.000001,0.000370,0.000078,0.000877,0.016873,0.000137,0.000263,0.000862,0.000306,0.021617
1,1,10,"q10_case1",3276,512,5120,2621440,2621440,1,1676801,4194304,2620729,0.001540,0.000000,0.000385,0.000048,0.000875,0.017411,0.000179,0.000271,0.000909,0.000309,0.022235
1,1,10,"q10_case1",3277,512,5120,2621440,2621440,1,1677313,4194304,2620577,0.001540,0.000001,0.000401,0.000057,0.000877,0.016547,0.000139,0.000272,0.000871,0.000362,0.021389
1,1,10,"q10_case1",3278,512,5120,2621440,2621440,1,1677825,4194304,2620564,0.001460,0.000000,0.000401,0.000059,0.000872,0.016092,0.000145,0.000289,0.000851,0.000324,0.020802
1,1,10,"q10_case1",3279,512,5120,2621440,2621440,1,1678337,4194304,2620654,0.001476,0.000000,0.000595,0.000085,0.000878,0.015114,0.000145,0.000256,0.000854,0.000288,0.019979
1,1,10,"q10_case1",3280,512,5120,2621440,2621440,1,1678849,4194304,2620645,0.001477,0.000000,0.000390,0.000032,0.000877,0.015846,0.000142,0.000259,0.000858,0.000325,0.020514
1,1,10,"q10_case1",3281,512,5120,2621440,2621440,1,1679361,4194304,2620695,0.001500,0.000000,0.000397,0.000037,0.000880,0.016169,0.000198,0.000334,0.000836,0.000330,0.021138
1,1,10,"q10_case1",3282,512,5120,2621440,2621440,1,1679873,4194304,2620641,0.001471,0.000000,0.000401,0.000047,0.000883,0.016250,0.000169,0.000274,0.000873,0.000347,0.021116
1,1,10,"q10_case1",3283,512,5120,2621440,2621440,1,1680385,4194304,2620655,0.001515,0.000000,0.000429,0.000037,0.000873,0.016293,0.000187,0.000274,0.000892,0.000319,0.021145
1,1,10,"q10_case1",3284,512,5120,2621440,2621440,1,1680897,4194304,2620781,0.001484,0.000001,0.000421,0.000032,0.000884,0.016297,0.000209,0.000406,0.000822,0.000292,0.021254
1,1,10,"q10_case1",3285,512,5120,2621440,2621440,1,1681409,4194304,2620410,0.001477,0.000000,0.000427,0.000033,0.000877,0.015722,0.000142,0.000280,0.000793,0.000316,0.020372
1,1,10,"q10_case1",3286,512,5120,2621440,2621440,1,1681921,4194304,2620288,0.001545,0.000000,0.001666,0.000035,0.000879,0.016241,0.000186,0.000270,0.000841,0.000354,0.022341
1,1,10,"q10_case1",3287,512,5120,2621440,2621440,1,1682433,4194304,2620441,0.001549,0.000000,0.000374,0.000037,0.000879,0.016278,0.000191,0.000263,0.000886,0.000290,0.021056
1,1,10,"q10_case1",3288,512,5120,2621440,2621440,1,1682945,4194304,2620565,0.001510,0.000000,0.000387,0.000041,0.000877,0.016102,0.000157,0.000260,0.000839,0.000326,0.020812
1,1,10,"q10_case1",3289,512,5120,2621440,2621440,1,1683457,4194304,2620470,0.001476,0.000001,0.000442,0.000033,0.000875,0.015816,0.000138,0.000257,0.000829,0.000250,0.020563
1,1,10,"q10_case1",3290,512,5120,2621440,2621440,1,1683969,4194304,2620522,0.001461,0.000000,0.000399,0.000041,0.000878,0.015894,0.000139,0.000264,0.000762,0.000285,0.020440
1,1,10,"q10_case1",3291,512,5120,2621440,2621440,1,1684481,4194304,2620332,0.001529,0.000000,0.000399,0.000104,0.000889,0.015752,0.000131,0.000283,0.000840,0.000263,0.020509
1,1,10,"q10_case1",3292,512,5120,2621440,2621440,1,1684993,4194304,2620771,0.001626,0.000000,0.000439,0.000037,0.000890,0.016545,0.000135,0.000265,0.000863,0.000284,0.021452
1,1,10,"q10_case1",3293,512,5120,2621440,2621440,1,1685505,4194304,2620635,0.001528,0.000000,0.000396,0.000033,0.000901,0.016180,0.000178,0.000298,0.000823,0.000276,0.020939
1,1,10,"q10_case1",3294,512,5120,2621440,2621440,1,1686017,4194304,2620337,0.001512,0.000000,0.001311,0.000033,0.000882,0.016986,0.000137,0.000255,0.000813,0.000257,0.022490
1,1,10,"q10_case1",3295,512,5120,2621440,2621440,1,1686529,4194304,2620341,0.001475,0.000000,0.000527,0.000044,0.000878,0.016435,0.000174,0.000255,0.000833,0.000266,0.021204
1,1,10,"q10_case1",3296,512,5120,2621440,2621440,1,1687041,4194304,2620544,0.001462,0.000001,0.000390,0.000078,0.000881,0.016152,0.000139,0.000279,0.000749,0.000285,0.020746
1,1,10,"q10_case1",3297,512,5120,2621440,2621440,1,1687553,4194304,2620009,0.001462,0.000000,0.000541,0.000033,0.000878,0.015712,0.000144,0.000256,0.000818,0.000315,0.020453
1,1,10,"q10_case1",3298,512,5120,2621440,2621440,1,1688065,4194304,2620326,0.001497,0.000000,0.000422,0.000038,0.000881,0.016756,0.000152,0.000264,0.001296,0.000868,0.022500
1,1,10,"q10_case1",3299,512,5120,2621440,2621440,1,1688577,4194304,2620480,0.001533,0.000001,0.000458,0.000043,0.000880,0.016387,0.000145,0.000261,0.000869,0.000330,0.021195
1,1,10,"q10_case1",3300,512,5120,2621440,2621440,1,1689089,4194304,2620479,0.001509,0.000001,0.000522,0.000033,0.000881,0.015704,0.000136,0.000298,0.000852,0.000318,0.020552
1,1,10,"q10_case1",3301,512,5120,2621440,2621440,1,1689601,4194304,2620583,0.001466,0.000000,0.000448,0.000032,0.000882,0.017220,0.000140,0.000252,0.000842,0.000327,0.021914
1,1,10,"q10_case1",3302,512,5120,2621440,2621440,1,1690113,4194304,2620580,0.001508,0.000000,0.000590,0.000044,0.000906,0.015973,0.000182,0.000247,0.000805,0.000265,0.020767
1,1,10,"q10_case1",3303,512,5120,2621440,2621440,1,1690625,4194304,2620414,0.001461,0.000001,0.000390,0.000075,0.000881,0.017016,0.000138,0.000266,0.000820,0.000273,0.021653
1,1,10,"q10_case1",3304,512,5120,2621440,2621440,1,1691137,4194304,2620598,0.001550,0.000000,0.004993,0.000044,0.000876,0.016772,0.000187,0.000260,0.000927,0.000276,0.026230
1,1,10,"q10_case1",3305,512,5120,2621440,2621440,1,1691649,4194304,2620695,0.001538,0.000001,0.001564,0.000063,0.000880,0.016079,0.000185,0.000277,0.000872,0.000268,0.022057
1,1,10,"q10_case1",3306,512,5120,2621440,2621440,1,1692161,4194304,2620801,0.001509,0.000000,0.000377,0.000045,0.000882,0.016540,0.000174,0.000255,0.000851,0.000228,0.021202
1,1,10,"q10_case1",3307,512,5120,2621440,2621440,1,1692673,4194304,2620665,0.001473,0.000000,0.000390,0.000034,0.000876,0.015840,0.000164,0.000246,0.000863,0.000236,0.020495
1,1,10,"q10_case1",3308,512,5120,2621440,2621440,1,1693185,4194304,2620530,0.001505,0.000001,0.000708,0.000039,0.000886,0.017093,0.000135,0.000285,0.000000,0.000000,0.020925
