id,scramble,astar_steps,beam_steps,batcher_swaps,batcher_ok,astar_sec,beam_sec,batcher_sec
0,20,16,16,42,1,0.047860,0.001305,0.000001
1,20,10,10,36,1,0.000429,0.000923,0.000001
2,20,10,10,38,1,0.000517,0.000856,0.000001
3,20,12,12,32,1,0.001307,0.001050,0.000001
4,20,12,12,46,1,0.003850,0.001005,0.000001
5,20,14,14,32,1,0.002451,0.001245,0.000001
6,20,10,10,40,1,0.000716,0.000928,0.000001
7,20,12,12,44,1,0.002044,0.001083,0.000001
8,20,12,12,44,1,0.000564,0.001065,0.000001
9,20,12,12,32,1,0.001490,0.001319,0.000001
10,20,10,10,40,1,0.000481,0.000920,0.000001
11,20,8,8,36,1,0.000325,0.000735,0.000001
12,20,12,12,42,1,0.000503,0.001131,0.000001
13,20,12,12,42,1,0.000788,0.001091,0.000001
14,20,12,12,36,1,0.000323,0.001056,0.000001
15,20,12,12,44,1,0.000328,0.001032,0.000001
16,20,10,10,30,1,0.000337,0.001098,0.000001
17,20,14,14,42,1,0.016519,0.001190,0.000001
18,20,12,12,34,1,0.000314,0.001016,0.000001
19,20,14,14,44,1,0.000902,0.001286,0.000000
20,20,14,14,34,1,0.002065,0.001168,0.000001
21,20,14,14,44,1,0.000315,0.001161,0.000001
22,20,12,12,30,1,0.000764,0.001022,0.000001
23,20,14,14,36,1,0.001124,0.001404,0.000001
24,20,14,14,38,1,0.006337,0.001283,0.000001
25,20,12,12,42,1,0.000332,0.001057,0.000001
26,20,16,16,36,1,0.040095,0.001330,0.000001
27,20,16,16,38,1,0.014518,0.001327,0.000001
28,20,12,12,40,1,0.000333,0.001029,0.000001
29,20,14,14,40,1,0.028390,0.001220,0.000001
30,20,14,14,34,1,0.009716,0.001176,0.000001
31,20,10,10,44,1,0.000405,0.000873,0.000001
32,20,16,16,36,1,0.005123,0.001331,0.000001
33,20,14,14,30,1,0.013497,0.001202,0.000001
34,20,14,14,36,1,0.001097,0.001280,0.000001
35,20,8,8,34,1,0.000333,0.000757,0.000001
36,20,12,12,38,1,0.001516,0.001135,0.000001
37,20,14,14,42,1,0.001783,0.001195,0.000001
38,20,16,16,44,1,0.007092,0.001504,0.000001
39,20,12,12,40,1,0.000372,0.001063,0.000001
40,20,12,12,34,1,0.005964,0.001092,0.000001
41,20,10,10,40,1,0.000412,0.000931,0.000001
42,20,14,14,32,1,0.023986,0.001159,0.000001
43,20,12,12,36,1,0.000447,0.001042,0.000001
44,20,14,14,30,1,0.023486,0.001205,0.000001
45,20,12,14,42,1,0.000732,0.001173,0.000001
46,20,12,12,32,1,0.000400,0.001181,0.000001
47,20,14,14,34,1,0.000991,0.001139,0.000001
48,20,14,14,40,1,0.003842,0.001145,0.000001
49,20,10,10,38,1,0.000308,0.000862,0.000001
50,20,10,10,42,1,0.000507,0.001037,0.000001
51,20,14,14,44,1,0.003374,0.001522,0.000001
52,20,14,14,32,1,0.005626,0.001168,0.000001
53,20,10,10,36,1,0.000502,0.000873,0.000001
54,20,16,16,48,1,0.002295,0.001357,0.000001
55,20,16,16,38,1,0.001077,0.001285,0.000001
56,20,16,16,40,1,0.015530,0.001295,0.000001
57,20,14,14,34,1,0.010591,0.001174,0.000001
58,20,12,12,36,1,0.000367,0.000992,0.000001
59,20,14,14,40,1,0.002359,0.001281,0.000001
60,20,12,12,34,1,0.003843,0.001044,0.000001
61,20,-1,16,40,1,0.088296,0.001339,0.000001
62,20,12,12,44,1,0.000586,0.001000,0.000001
63,20,14,14,38,1,0.005337,0.001315,0.000001
64,20,12,12,44,1,0.000317,0.001050,0.000001
65,20,-1,16,34,1,0.083362,0.001336,0.000001
66,20,10,10,38,1,0.000426,0.000878,0.000001
67,20,16,16,46,1,0.001118,0.001245,0.000001
68,20,10,10,38,1,0.000421,0.000844,0.000001
69,20,12,12,42,1,0.001975,0.000968,0.000001
70,20,12,12,36,1,0.000720,0.000925,0.000001
71,20,14,14,36,1,0.002032,0.001209,0.000001
72,20,14,14,38,1,0.004679,0.001126,0.000001
73,20,-1,16,44,1,0.087377,0.001424,0.000001
74,20,12,12,38,1,0.000537,0.001077,0.000001
75,20,-1,16,40,1,0.092173,0.001455,0.000001
76,20,16,16,44,1,0.041318,0.001306,0.000001
77,20,14,14,34,1,0.022749,0.001209,0.000001
78,20,14,16,40,1,0.004548,0.001381,0.000001
79,20,14,14,38,1,0.007775,0.001437,0.000001
80,20,14,14,46,1,0.001141,0.001247,0.000001
81,20,16,16,38,1,0.049922,0.001324,0.000001
82,20,14,14,44,1,0.004492,0.001199,0.000001
83,20,10,10,32,1,0.001484,0.000965,0.000001
84,20,12,12,32,1,0.000534,0.001474,0.000001
85,20,14,14,40,1,0.005398,0.001272,0.000001
86,20,10,10,40,1,0.000329,0.000891,0.000001
87,20,14,14,44,1,0.001262,0.001199,0.000001
88,20,14,14,26,1,0.001340,0.001186,0.000001
89,20,12,12,38,1,0.002342,0.001102,0.000001
90,20,12,12,32,1,0.000437,0.001063,0.000001
91,20,10,10,42,1,0.000302,0.000875,0.000000
92,20,12,12,42,1,0.000354,0.001004,0.000001
93,20,14,14,40,1,0.001004,0.001225,0.000000
94,20,12,14,38,1,0.000688,0.001115,0.000001
95,20,10,10,38,1,0.000716,0.000947,0.000000
96,20,14,14,38,1,0.000348,0.001248,0.000001
97,20,8,8,36,1,0.000304,0.000752,0.000000
98,20,12,12,42,1,0.000689,0.001025,0.000000
99,20,16,16,46,1,0.064594,0.001453,0.000001
100,20,14,14,34,1,0.001538,0.001160,0.000001
101,20,12,12,34,1,0.000501,0.001069,0.000001
102,20,14,14,42,1,0.005243,0.001133,0.000001
103,20,14,14,32,1,0.001016,0.001203,0.000001
104,20,12,12,48,1,0.000718,0.000996,0.000001
105,20,14,14,40,1,0.000757,0.001165,0.000001
106,20,14,14,40,1,0.009407,0.001167,0.000001
107,20,14,14,34,1,0.007420,0.001075,0.000001
108,20,14,14,38,1,0.008367,0.001137,0.000001
109,20,10,10,38,1,0.000304,0.000852,0.000001
110,20,12,12,40,1,0.000347,0.001031,0.000001
111,20,10,10,34,1,0.000311,0.000879,0.000001
112,20,14,14,42,1,0.004976,0.001200,0.000001
113,20,12,12,44,1,0.000649,0.001079,0.000001
114,20,14,14,44,1,0.026882,0.001277,0.000001
115,20,12,12,44,1,0.000758,0.001065,0.000001
116,20,14,14,36,1,0.000915,0.001212,0.000001
117,20,14,14,36,1,0.000388,0.001249,0.000001
118,20,14,14,42,1,0.000949,0.001246,0.000001
119,20,12,12,38,1,0.001686,0.001088,0.000001
120,20,14,14,40,1,0.003431,0.001469,0.000001
121,20,12,12,42,1,0.001442,0.001085,0.000001
122,20,12,12,36,1,0.000571,0.001182,0.000001
123,20,10,10,36,1,0.000475,0.000972,0.000000
124,20,12,12,32,1,0.000584,0.001029,0.000001
125,20,14,14,36,1,0.002329,0.001338,0.000001
126,20,10,10,32,1,0.000532,0.000903,0.000001
127,20,16,16,38,1,0.032699,0.001354,0.000001
128,20,14,14,46,1,0.001899,0.001161,0.000000
129,20,14,14,42,1,0.000795,0.001244,0.000001
130,20,10,10,40,1,0.000454,0.000871,0.000000
131,20,14,14,42,1,0.001158,0.001207,0.000001
132,20,16,16,38,1,0.011543,0.001495,0.000001
133,20,-1,16,42,1,0.103873,0.001252,0.000001
134,20,14,14,40,1,0.003742,0.001164,0.000001
135,20,12,12,42,1,0.001156,0.001050,0.000001
136,20,12,12,46,1,0.000687,0.000993,0.000001
137,20,12,12,42,1,0.000650,0.001115,0.000001
138,20,12,12,44,1,0.001220,0.001086,0.000001
139,20,14,14,44,1,0.002126,0.001168,0.000001
140,20,14,14,42,1,0.003470,0.001170,0.000001
141,20,12,12,36,1,0.001073,0.001002,0.000001
142,20,16,18,42,1,0.001798,0.001771,0.000001
143,20,12,12,40,1,0.000748,0.001025,0.000001
144,20,12,12,38,1,0.000558,0.001034,0.000001
145,20,12,12,42,1,0.001559,0.001006,0.000001
146,20,12,12,36,1,0.001598,0.001071,0.000001
147,20,12,12,32,1,0.000708,0.001006,0.000001
148,20,10,10,42,1,0.000296,0.000894,0.000000
149,20,16,16,42,1,0.015500,0.001391,0.000001
150,20,12,12,40,1,0.001227,0.001043,0.000001
151,20,14,14,40,1,0.062917,0.001258,0.000001
152,20,12,12,42,1,0.002246,0.001013,0.000001
153,20,10,10,40,1,0.000390,0.000877,0.000001
154,20,14,14,36,1,0.015994,0.001187,0.000001
155,20,12,12,34,1,0.000816,0.001010,0.000001
156,20,14,14,42,1,0.009374,0.001128,0.000001
157,20,14,14,42,1,0.015670,0.001181,0.000001
158,20,16,16,42,1,0.058256,0.001466,0.000001
159,20,10,10,40,1,0.000341,0.000869,0.000001
160,20,10,10,46,1,0.000351,0.000812,0.000001
161,20,14,14,36,1,0.009401,0.001148,0.000001
162,20,14,14,40,1,0.021658,0.001159,0.000001
163,20,14,14,38,1,0.003198,0.001166,0.000001
164,20,12,12,34,1,0.000927,0.001028,0.000001
165,20,14,14,42,1,0.005227,0.001346,0.000001
166,20,14,14,40,1,0.001047,0.001139,0.000001
167,20,10,10,40,1,0.000292,0.000926,0.000001
168,20,14,14,28,1,0.004175,0.001192,0.000001
169,20,12,12,44,1,0.000727,0.001042,0.000001
170,20,-1,16,44,1,0.106094,0.001426,0.000001
171,20,14,14,42,1,0.000360,0.001182,0.000001
172,20,12,12,36,1,0.001207,0.000967,0.000001
173,20,-1,16,38,1,0.093188,0.001293,0.000001
174,20,16,16,46,1,0.016208,0.001287,0.000001
175,20,16,16,34,1,0.039498,0.001276,0.000001
176,20,10,10,44,1,0.000347,0.000857,0.000001
177,20,8,8,42,1,0.000302,0.000723,0.000000
178,20,12,12,38,1,0.001858,0.000937,0.000001
179,20,-1,16,40,1,0.094134,0.001259,0.000001
180,20,14,14,38,1,0.000338,0.001140,0.000001
181,20,12,12,36,1,0.000438,0.001010,0.000001
182,20,12,12,38,1,0.000439,0.001005,0.000001
183,20,14,14,40,1,0.002206,0.001461,0.000001
184,20,14,14,42,1,0.002802,0.001203,0.000001
185,20,12,12,42,1,0.000712,0.001078,0.000001
186,20,14,14,38,1,0.006359,0.001194,0.000001
187,20,8,8,36,1,0.000313,0.000747,0.000001
188,20,14,14,38,1,0.009341,0.001193,0.000001
189,20,14,14,38,1,0.004944,0.001169,0.000001
190,20,14,14,38,1,0.007482,0.001121,0.000001
191,20,-1,18,38,1,0.097865,0.001810,0.000001
192,20,14,14,46,1,0.000373,0.001189,0.000001
193,20,10,10,28,1,0.001668,0.000881,0.000001
194,20,12,12,36,1,0.001140,0.000959,0.000001
195,20,12,12,46,1,0.000541,0.001359,0.000001
196,20,14,14,46,1,0.002263,0.001613,0.000001
197,20,12,12,44,1,0.000655,0.000977,0.000001
198,20,-1,16,36,1,0.095542,0.001385,0.000001
199,20,12,12,46,1,0.001418,0.000914,0.000001
200,20,14,14,46,1,0.001342,0.001182,0.000001
201,20,16,16,34,1,0.021802,0.001317,0.000001
202,20,14,14,42,1,0.000989,0.001086,0.000001
203,20,10,10,36,1,0.000292,0.001007,0.000001
204,20,10,10,44,1,0.000318,0.000854,0.000001
205,20,12,12,32,1,0.002167,0.000997,0.000001
206,20,14,14,30,1,0.002135,0.001098,0.000001
207,20,14,14,30,1,0.014382,0.001152,0.000001
208,20,14,14,46,1,0.004912,0.001172,0.000001
209,20,14,14,40,1,0.029362,0.001200,0.000001
210,20,12,12,36,1,0.000573,0.000983,0.000001
211,20,18,18,46,1,0.000341,0.001460,0.000001
212,20,14,14,38,1,0.000568,0.001106,0.000001
213,20,10,10,40,1,0.000328,0.000886,0.000001
214,20,14,14,40,1,0.006023,0.001170,0.000001
215,20,12,12,38,1,0.000646,0.000968,0.000001
216,20,16,16,42,1,0.014360,0.001309,0.000001
217,20,14,16,36,1,0.003590,0.001318,0.000001
218,20,16,16,42,1,0.046551,0.001376,0.000001
219,20,14,14,40,1,0.000938,0.001953,0.000001
220,20,14,14,38,1,0.001514,0.001122,0.000001
221,20,16,16,32,1,0.001468,0.001387,0.000001
222,20,12,12,42,1,0.002421,0.001014,0.000001
223,20,14,14,36,1,0.001037,0.001156,0.000001
224,20,12,12,38,1,0.000326,0.001040,0.000001
225,20,14,14,32,1,0.015295,0.001173,0.000001
226,20,14,14,40,1,0.000307,0.001145,0.000001
227,20,16,18,44,1,0.004341,0.001298,0.000001
228,20,14,16,38,1,0.002192,0.001214,0.000001
229,20,14,14,36,1,0.001696,0.001289,0.000001
230,20,12,12,36,1,0.000349,0.001016,0.000001
231,20,14,14,32,1,0.010247,0.001223,0.000001
232,20,12,12,36,1,0.000516,0.000970,0.000000
233,20,12,12,46,1,0.000452,0.001076,0.000001
234,20,14,14,42,1,0.003255,0.001101,0.000001
235,20,14,14,44,1,0.022070,0.001160,0.000001
236,20,14,14,34,1,0.001150,0.001114,0.000001
237,20,14,14,38,1,0.000717,0.001171,0.000001
238,20,14,14,40,1,0.001673,0.001095,0.000001
239,20,12,12,42,1,0.001284,0.001074,0.000001
240,20,12,12,44,1,0.002978,0.001014,0.000000
241,20,12,12,34,1,0.000622,0.000973,0.000001
242,20,8,8,38,1,0.000326,0.000724,0.000001
243,20,14,14,46,1,0.001248,0.001055,0.000001
244,20,12,12,40,1,0.000996,0.001056,0.000001
245,20,10,10,34,1,0.000374,0.000846,0.000000
246,20,14,14,34,1,0.003945,0.001166,0.000001
247,20,14,14,40,1,0.001516,0.001157,0.000001
248,20,14,14,40,1,0.001244,0.001093,0.000000
249,20,-1,16,44,1,0.091966,0.001458,0.000001
250,20,16,16,40,1,0.015278,0.001269,0.000001
251,20,14,14,34,1,0.003532,0.001105,0.000001
252,20,10,10,36,1,0.000691,0.000828,0.000001
253,20,-1,18,46,1,0.122875,0.001527,0.000001
254,20,14,14,44,1,0.002637,0.001179,0.000001
255,20,14,14,40,1,0.000835,0.001083,0.000000
256,20,12,12,32,1,0.000335,0.000936,0.000001
257,20,12,12,36,1,0.002678,0.001178,0.000001
258,20,12,12,34,1,0.000329,0.001029,0.000001
259,20,12,12,38,1,0.000580,0.000958,0.000001
260,20,14,14,40,1,0.002710,0.001099,0.000001
261,20,10,10,44,1,0.000324,0.000821,0.000001
262,20,12,12,38,1,0.000517,0.000954,0.000001
263,20,12,12,34,1,0.000320,0.000981,0.000000
264,20,14,14,42,1,0.026663,0.001208,0.000001
265,20,8,8,36,1,0.000363,0.000679,0.000000
266,20,8,8,40,1,0.000348,0.000694,0.000000
267,20,14,14,40,1,0.001575,0.001119,0.000000
268,20,14,14,42,1,0.008156,0.001185,0.000001
269,20,12,12,38,1,0.000450,0.000963,0.000001
270,20,14,14,38,1,0.000476,0.001150,0.000001
271,20,12,12,36,1,0.000672,0.000993,0.000001
272,20,-1,14,36,1,0.085504,0.001250,0.000001
273,20,14,14,44,1,0.028717,0.001623,0.000001
274,20,12,12,32,1,0.000943,0.001396,0.000001
275,20,12,12,36,1,0.000852,0.001458,0.000001
276,20,12,12,44,1,0.002924,0.001161,0.000001
277,20,16,16,42,1,0.000343,0.001292,0.000001
278,20,14,14,38,1,0.002244,0.001336,0.000001
279,20,16,16,34,1,0.003244,0.001522,0.000001
280,20,10,10,38,1,0.000462,0.000900,0.000001
281,20,14,14,44,1,0.003840,0.001084,0.000001
282,20,14,14,40,1,0.004488,0.001290,0.000001
283,20,16,16,40,1,0.007380,0.001391,0.000001
284,20,12,12,30,1,0.000528,0.001007,0.000001
285,20,12,12,36,1,0.001004,0.000934,0.000000
286,20,14,14,28,1,0.007355,0.001103,0.000001
287,20,-1,16,40,1,0.117479,0.001846,0.000001
288,20,12,12,40,1,0.000521,0.001261,0.000001
289,20,12,12,40,1,0.000393,0.000951,0.000001
290,20,12,12,40,1,0.000948,0.001709,0.000001
291,20,14,14,42,1,0.008628,0.001135,0.000001
292,20,10,10,34,1,0.000314,0.000853,0.000001
293,20,-1,16,40,1,0.144942,0.001332,0.000001
294,20,14,14,42,1,0.001987,0.001126,0.000001
295,20,16,16,44,1,0.057462,0.001415,0.000001
296,20,12,12,36,1,0.000799,0.001039,0.000001
297,20,10,10,38,1,0.000389,0.000878,0.000001
298,20,12,12,38,1,0.000360,0.000991,0.000001
299,20,14,14,38,1,0.002719,0.001278,0.000001
300,20,14,14,36,1,0.021492,0.001275,0.000001
301,20,12,12,40,1,0.000715,0.000946,0.000001
302,20,14,14,36,1,0.009185,0.001068,0.000001
303,20,-1,16,42,1,0.088378,0.001825,0.000001
304,20,10,10,42,1,0.000460,0.001040,0.000001
305,20,14,14,46,1,0.012570,0.001087,0.000001
306,20,14,14,38,1,0.001374,0.001225,0.000001
307,20,14,14,34,1,0.005306,0.001110,0.000001
308,20,12,12,36,1,0.000505,0.000939,0.000000
309,20,14,14,42,1,0.014447,0.001068,0.000001
310,20,12,12,46,1,0.000697,0.000947,0.000001
311,20,16,18,42,1,0.019039,0.001453,0.000001
312,20,12,12,36,1,0.000715,0.000951,0.000001
313,20,14,14,38,1,0.000377,0.001638,0.000001
314,20,14,14,44,1,0.004584,0.001517,0.000001
315,20,14,14,40,1,0.000629,0.001114,0.000001
316,20,12,12,38,1,0.001449,0.001013,0.000001
317,20,12,12,42,1,0.000469,0.000960,0.000001
318,20,16,16,38,1,0.008847,0.001280,0.000001
319,20,16,16,34,1,0.019612,0.001405,0.000001
320,20,8,8,44,1,0.000503,0.000751,0.000001
321,20,12,12,40,1,0.007574,0.001173,0.000001
322,20,14,14,38,1,0.004663,0.001237,0.000001
323,20,14,14,42,1,0.001554,0.001108,0.000001
324,20,16,16,46,1,0.066372,0.001652,0.000001
325,20,-1,16,34,1,0.110864,0.001381,0.000001
326,20,12,12,40,1,0.005648,0.001060,0.000001
327,20,10,10,36,1,0.000298,0.000816,0.000001
328,20,8,8,34,1,0.000327,0.000656,0.000000
329,20,14,14,38,1,0.003416,0.001142,0.000001
330,20,14,14,42,1,0.009551,0.001082,0.000001
331,20,8,8,32,1,0.000317,0.000683,0.000001
332,20,-1,16,40,1,0.098493,0.001398,0.000001
333,20,14,14,44,1,0.000649,0.001192,0.000001
334,20,12,12,36,1,0.000325,0.001186,0.000001
335,20,14,14,46,1,0.001199,0.001092,0.000001
336,20,-1,16,40,1,0.096183,0.001309,0.000001
337,20,16,16,36,1,0.003749,0.001242,0.000001
338,20,12,12,38,1,0.000299,0.001007,0.000001
339,20,14,14,32,1,0.002476,0.001094,0.000001
340,20,10,10,46,1,0.000360,0.000783,0.000001
341,20,16,16,40,1,0.003400,0.001325,0.000001
342,20,8,8,42,1,0.000301,0.000688,0.000001
343,20,14,14,38,1,0.003163,0.001065,0.000001
344,20,12,12,42,1,0.001067,0.000911,0.000001
345,20,14,14,36,1,0.001359,0.001138,0.000001
346,20,16,16,32,1,0.056897,0.001241,0.000001
347,20,12,12,40,1,0.000573,0.000924,0.000001
348,20,-1,16,38,1,0.095008,0.001180,0.000001
349,20,-1,16,34,1,0.086144,0.001337,0.000001
350,20,14,14,38,1,0.021652,0.001110,0.000001
351,20,12,12,42,1,0.000516,0.000936,0.000000
352,20,14,14,38,1,0.004122,0.001126,0.000001
353,20,12,12,38,1,0.000441,0.000924,0.000001
354,20,12,12,42,1,0.000583,0.001040,0.000001
355,20,14,14,24,1,0.018584,0.001074,0.000001
356,20,12,12,46,1,0.000793,0.001075,0.000001
357,20,12,12,42,1,0.001905,0.000941,0.000001
358,20,16,16,42,1,0.058882,0.001216,0.000001
359,20,14,14,36,1,0.004090,0.001081,0.000001
360,20,10,10,36,1,0.000383,0.000808,0.000001
361,20,14,14,50,1,0.000803,0.001184,0.000001
362,20,14,14,32,1,0.005892,0.001040,0.000001
363,20,12,12,36,1,0.000351,0.000911,0.000001
364,20,10,10,36,1,0.000362,0.000777,0.000001
365,20,10,10,36,1,0.000362,0.000920,0.000001
366,20,14,14,42,1,0.010284,0.001185,0.000001
367,20,14,14,40,1,0.007940,0.001073,0.000001
368,20,12,12,38,1,0.000554,0.001031,0.000001
369,20,14,14,44,1,0.000571,0.001104,0.000001
370,20,14,14,40,1,0.001218,0.001082,0.000001
371,20,12,12,44,1,0.000922,0.000972,0.000001
372,20,12,12,46,1,0.001422,0.000928,0.000001
373,20,12,12,34,1,0.000432,0.000976,0.000001
374,20,12,12,42,1,0.000725,0.000961,0.000001
375,20,-1,16,34,1,0.090210,0.001589,0.000001
376,20,12,12,38,1,0.000546,0.000960,0.000001
377,20,10,10,34,1,0.000577,0.000887,0.000001
378,20,10,10,34,1,0.000361,0.000774,0.000001
379,20,12,12,30,1,0.000833,0.000959,0.000001
380,20,10,10,38,1,0.000398,0.000757,0.000001
381,20,16,16,38,1,0.041364,0.001230,0.000001
382,20,12,12,34,1,0.002431,0.000932,0.000001
383,20,16,16,44,1,0.003857,0.001224,0.000001
384,20,12,12,46,1,0.000478,0.000943,0.000000
385,20,12,12,38,1,0.000296,0.000940,0.000001
386,20,14,14,44,1,0.000800,0.001147,0.000001
387,20,14,14,42,1,0.001169,0.001120,0.000001
388,20,16,16,38,1,0.009733,0.001197,0.000001
389,20,10,10,32,1,0.000315,0.000826,0.000001
390,20,14,14,38,1,0.021543,0.001236,0.000001
391,20,12,12,34,1,0.000587,0.000959,0.000001
392,20,10,10,30,1,0.000455,0.000804,0.000000
393,20,14,14,38,1,0.023602,0.001208,0.000001
394,20,12,12,38,1,0.000397,0.000931,0.000001
395,20,12,12,28,1,0.000469,0.000964,0.000001
396,20,8,8,44,1,0.000427,0.000657,0.000000
397,20,12,12,42,1,0.000725,0.001047,0.000001
398,20,14,14,36,1,0.004766,0.001092,0.000001
399,20,14,14,38,1,0.001943,0.001070,0.000001
400,20,12,12,38,1,0.001133,0.000955,0.000001
401,20,12,12,36,1,0.000927,0.000976,0.000001
402,20,14,14,44,1,0.006205,0.001060,0.000001
403,20,12,12,44,1,0.001429,0.000958,0.000001
404,20,-1,18,40,1,0.095792,0.001654,0.000001
405,20,12,12,36,1,0.000932,0.000927,0.000001
406,20,14,14,42,1,0.032339,0.001092,0.000001
407,20,12,12,42,1,0.001402,0.000998,0.000001
408,20,14,14,34,1,0.001333,0.001126,0.000001
409,20,8,8,40,1,0.000318,0.000658,0.000001
410,20,12,12,36,1,0.001107,0.001262,0.000001
411,20,-1,16,40,1,0.090883,0.001301,0.000001
412,20,12,12,38,1,0.001578,0.000916,0.000001
413,20,12,12,44,1,0.001234,0.000912,0.000001
414,20,12,12,38,1,0.000440,0.000919,0.000001
415,20,10,10,38,1,0.000336,0.000753,0.000001
416,20,10,10,48,1,0.000365,0.000760,0.000001
417,20,12,12,38,1,0.001396,0.001319,0.000001
418,20,12,12,44,1,0.001587,0.001360,0.000001
419,20,10,10,32,1,0.000377,0.001127,0.000001
420,20,10,10,32,1,0.000356,0.000783,0.000000
421,20,14,14,34,1,0.006188,0.001173,0.000001
422,20,14,14,38,1,0.009599,0.001093,0.000001
423,20,12,12,38,1,0.000875,0.000978,0.000001
424,20,10,10,36,1,0.000347,0.000825,0.000000
425,20,12,12,38,1,0.000505,0.000936,0.000001
426,20,-1,16,38,1,0.100306,0.001256,0.000001
427,20,14,14,32,1,0.000338,0.001119,0.000001
428,20,12,12,40,1,0.002339,0.000955,0.000001
429,20,10,10,28,1,0.000349,0.000820,0.000001
430,20,14,14,38,1,0.002291,0.001019,0.000001
431,20,14,14,36,1,0.010132,0.001079,0.000001
432,20,12,12,38,1,0.000404,0.000951,0.000001
433,20,12,12,40,1,0.001546,0.000959,0.000001
434,20,-1,18,48,1,0.090133,0.001405,0.000001
435,20,10,10,44,1,0.000361,0.001049,0.000001
436,20,12,12,44,1,0.001660,0.001283,0.000001
437,20,14,14,38,1,0.004580,0.001053,0.000001
438,20,14,14,40,1,0.004501,0.001031,0.000001
439,20,16,16,36,1,0.005339,0.001189,0.000001
440,20,10,10,36,1,0.000413,0.000785,0.000000
441,20,14,14,34,1,0.004796,0.001032,0.000001
442,20,14,14,40,1,0.001132,0.001026,0.000001
443,20,14,14,34,1,0.000358,0.001130,0.000001
444,20,12,12,40,1,0.000415,0.001047,0.000001
445,20,10,10,42,1,0.000568,0.000826,0.000001
446,20,12,12,40,1,0.000368,0.000919,0.000001
447,20,10,10,44,1,0.000349,0.000809,0.000001
448,20,12,12,36,1,0.000766,0.001145,0.000001
449,20,14,14,34,1,0.002070,0.001108,0.000001
450,20,14,14,36,1,0.000594,0.001133,0.000001
451,20,16,16,40,1,0.000387,0.001229,0.000001
452,20,10,10,34,1,0.000295,0.000790,0.000001
453,20,16,16,44,1,0.002331,0.001367,0.000001
454,20,16,16,44,1,0.004230,0.001315,0.000001
455,20,16,16,44,1,0.033244,0.001237,0.000001
456,20,12,12,36,1,0.000862,0.000938,0.000001
457,20,14,14,40,1,0.031648,0.001210,0.000001
458,20,14,14,40,1,0.004096,0.001209,0.000001
459,20,12,12,36,1,0.001309,0.000981,0.000001
460,20,12,12,36,1,0.001549,0.000934,0.000001
461,20,14,14,34,1,0.002193,0.001097,0.000001
462,20,14,14,46,1,0.002022,0.001225,0.000001
463,20,12,12,32,1,0.000467,0.000981,0.000001
464,20,12,12,40,1,0.000527,0.000978,0.000001
465,20,12,12,40,1,0.001076,0.001024,0.000001
466,20,12,12,46,1,0.000498,0.000936,0.000001
467,20,14,14,38,1,0.004659,0.001078,0.000001
468,20,14,14,38,1,0.000583,0.001094,0.000001
469,20,14,14,38,1,0.000332,0.001263,0.000001
470,20,14,16,40,1,0.002843,0.001190,0.000001
471,20,10,10,40,1,0.000351,0.000949,0.000001
472,20,14,14,36,1,0.005655,0.001045,0.000001
473,20,14,14,46,1,0.007309,0.001094,0.000001
474,20,14,14,44,1,0.000680,0.001151,0.000001
475,20,10,10,34,1,0.000400,0.000838,0.000001
476,20,8,8,44,1,0.000301,0.000670,0.000001
477,20,14,14,46,1,0.001230,0.001237,0.000000
478,20,16,16,42,1,0.000938,0.001215,0.000001
479,20,14,14,40,1,0.004950,0.001100,0.000001
480,20,-1,18,36,1,0.107011,0.001780,0.000001
481,20,14,14,38,1,0.001597,0.001099,0.000001
482,20,10,10,34,1,0.000651,0.000823,0.000001
483,20,14,14,42,1,0.022500,0.001132,0.000001
484,20,16,16,34,1,0.011172,0.001216,0.000001
485,20,16,16,32,1,0.005744,0.001216,0.000001
486,20,12,12,36,1,0.000572,0.001079,0.000001
487,20,16,16,40,1,0.003556,0.001314,0.000001
488,20,10,10,30,1,0.000398,0.000823,0.000000
489,20,10,10,38,1,0.000557,0.000829,0.000001
490,20,12,12,40,1,0.000598,0.000931,0.000001
491,20,14,14,42,1,0.003715,0.001119,0.000001
492,20,14,14,42,1,0.002629,0.001092,0.000001
493,20,8,8,26,1,0.000322,0.000686,0.000001
494,20,10,10,30,1,0.000292,0.000783,0.000000
495,20,12,12,40,1,0.000582,0.001068,0.000001
496,20,16,16,48,1,0.045914,0.001352,0.000001
497,20,14,14,38,1,0.000788,0.001076,0.000001
498,20,10,10,38,1,0.000538,0.000780,0.000001
499,20,12,12,34,1,0.001079,0.001002,0.000001
500,20,14,14,36,1,0.000302,0.001070,0.000000
501,20,14,14,44,1,0.000458,0.001087,0.000001
502,20,8,8,36,1,0.000294,0.000654,0.000001
503,20,12,12,30,1,0.001563,0.000952,0.000001
504,20,14,14,42,1,0.001076,0.001071,0.000001
505,20,14,14,38,1,0.000999,0.001125,0.000001
506,20,-1,16,32,1,0.091539,0.001268,0.000001
507,20,10,10,40,1,0.000313,0.000809,0.000001
508,20,8,8,32,1,0.000301,0.000649,0.000001
509,20,16,16,40,1,0.039476,0.001244,0.000001
510,20,12,12,36,1,0.000349,0.000927,0.000001
511,20,-1,16,38,1,0.087393,0.001416,0.000001
512,20,12,12,34,1,0.000905,0.000924,0.000001
513,20,14,14,34,1,0.007082,0.001256,0.000001
514,20,12,12,46,1,0.000503,0.000944,0.000000
515,20,14,14,34,1,0.003365,0.001249,0.000001
516,20,12,12,34,1,0.000837,0.000923,0.000001
517,20,16,16,36,1,0.020712,0.001256,0.000001
518,20,14,14,48,1,0.000699,0.001058,0.000001
519,20,8,8,38,1,0.000285,0.000830,0.000001
520,20,10,10,42,1,0.000360,0.000814,0.000001
521,20,10,10,36,1,0.000384,0.000833,0.000001
522,20,16,16,40,1,0.038685,0.001366,0.000001
523,20,14,14,38,1,0.001917,0.001085,0.000001
524,20,14,14,34,1,0.016429,0.001124,0.000001
525,20,10,10,54,1,0.000314,0.000911,0.000001
526,20,14,14,36,1,0.022655,0.001083,0.000001
527,20,12,12,46,1,0.002220,0.000994,0.000001
528,20,12,12,34,1,0.000480,0.000974,0.000001
529,20,10,10,44,1,0.000315,0.000824,0.000001
530,20,12,12,34,1,0.001444,0.000913,0.000001
531,20,14,14,44,1,0.001054,0.001095,0.000001
532,20,14,14,40,1,0.021731,0.001091,0.000001
533,20,14,14,36,1,0.000886,0.001062,0.000001
534,20,14,14,40,1,0.001345,0.001111,0.000001
535,20,14,14,38,1,0.000772,0.001086,0.000001
536,20,14,14,36,1,0.003893,0.001072,0.000001
537,20,12,12,30,1,0.001246,0.001118,0.000001
538,20,16,16,52,1,0.017868,0.001255,0.000001
539,20,14,14,36,1,0.008696,0.001088,0.000001
540,20,10,10,32,1,0.000355,0.000804,0.000001
541,20,14,14,40,1,0.001531,0.001301,0.000001
542,20,-1,16,38,1,0.093908,0.001233,0.000001
543,20,14,14,32,1,0.023346,0.001239,0.000001
544,20,10,10,30,1,0.000352,0.000820,0.000001
545,20,10,10,42,1,0.000347,0.000825,0.000001
546,20,12,12,38,1,0.000627,0.000917,0.000001
547,20,14,14,42,1,0.000357,0.001245,0.000001
548,20,14,14,42,1,0.003295,0.001066,0.000001
549,20,12,12,36,1,0.002725,0.000939,0.000001
550,20,12,12,42,1,0.002384,0.000967,0.000001
551,20,12,12,32,1,0.001938,0.000970,0.000001
552,20,14,14,40,1,0.004747,0.001093,0.000001
553,20,14,14,40,1,0.005458,0.001269,0.000001
554,20,14,14,46,1,0.004303,0.001255,0.000001
555,20,14,14,42,1,0.002671,0.001093,0.000001
556,20,14,14,42,1,0.001541,0.001074,0.000001
557,20,14,14,38,1,0.001584,0.001097,0.000001
558,20,14,14,46,1,0.008019,0.001094,0.000001
559,20,12,12,40,1,0.000510,0.000945,0.000001
560,20,14,14,38,1,0.001736,0.001120,0.000001
561,20,14,14,38,1,0.004137,0.001144,0.000001
562,20,-1,16,46,1,0.088919,0.001294,0.000001
563,20,14,14,42,1,0.001201,0.001090,0.000001
564,20,14,14,36,1,0.000987,0.001144,0.000001
565,20,14,14,38,1,0.001410,0.001154,0.000001
566,20,10,10,34,1,0.000455,0.000778,0.000001
567,20,12,12,38,1,0.000792,0.000957,0.000001
568,20,10,10,40,1,0.000355,0.000871,0.000001
569,20,-1,18,42,1,0.091163,0.001427,0.000001
570,20,14,14,40,1,0.018151,0.001083,0.000001
571,20,16,16,38,1,0.061096,0.001527,0.000001
572,20,12,12,36,1,0.006298,0.000963,0.000001
573,20,14,14,36,1,0.005466,0.001113,0.000001
574,20,14,14,40,1,0.000727,0.001073,0.000001
575,20,8,8,40,1,0.000339,0.000863,0.000001
576,20,14,14,44,1,0.000500,0.001400,0.000001
577,20,12,12,38,1,0.000983,0.001148,0.000001
578,20,12,12,44,1,0.000756,0.001485,0.000001
579,20,10,10,32,1,0.000455,0.001120,0.000001
580,20,10,10,38,1,0.000347,0.001094,0.000001
581,20,12,12,36,1,0.000434,0.001020,0.000001
582,20,12,12,44,1,0.002448,0.000962,0.000001
583,20,12,12,36,1,0.003128,0.000947,0.000001
584,20,12,12,40,1,0.004887,0.000983,0.000001
585,20,8,8,42,1,0.000315,0.000696,0.000001
586,20,16,16,30,1,0.013301,0.001304,0.000001
587,20,14,14,36,1,0.008231,0.001203,0.000001
588,20,14,14,38,1,0.000350,0.001135,0.000001
589,20,12,12,42,1,0.000797,0.001078,0.000001
590,20,12,12,38,1,0.000406,0.000937,0.000001
591,20,14,14,44,1,0.021283,0.001098,0.000001
592,20,14,14,38,1,0.005408,0.001078,0.000001
593,20,-1,16,40,1,0.091822,0.001206,0.000001
594,20,14,14,40,1,0.003019,0.001112,0.000001
595,20,10,10,40,1,0.000303,0.000777,0.000001
596,20,14,14,38,1,0.000329,0.001140,0.000001
597,20,14,14,40,1,0.040855,0.001290,0.000001
598,20,6,6,36,1,0.000366,0.000511,0.000001
599,20,12,12,38,1,0.000599,0.000883,0.000001
600,20,12,12,32,1,0.000495,0.000911,0.000001
601,20,10,10,36,1,0.000450,0.000877,0.000001
602,20,14,14,44,1,0.002445,0.001025,0.000001
603,20,16,16,40,1,0.022203,0.001376,0.000001
604,20,-1,16,46,1,0.092335,0.001379,0.000001
605,20,12,12,40,1,0.004403,0.000944,0.000001
606,20,14,14,38,1,0.000888,0.001062,0.000001
607,20,12,12,34,1,0.000809,0.001126,0.000001
608,20,12,12,40,1,0.001988,0.000901,0.000001
609,20,10,10,40,1,0.000658,0.000806,0.000000
610,20,12,12,38,1,0.001466,0.000921,0.000001
611,20,14,14,42,1,0.006246,0.001069,0.000001
612,20,12,12,42,1,0.002670,0.000936,0.000001
613,20,14,14,40,1,0.000695,0.001065,0.000001
614,20,14,14,44,1,0.015866,0.001073,0.000001
615,20,10,10,36,1,0.000538,0.000937,0.000001
616,20,12,12,38,1,0.000349,0.000931,0.000001
617,20,14,14,38,1,0.005203,0.001059,0.000001
618,20,12,12,38,1,0.000723,0.000946,0.000001
619,20,14,14,38,1,0.000593,0.001218,0.000001
620,20,10,10,34,1,0.000438,0.000857,0.000001
621,20,14,14,42,1,0.010887,0.001127,0.000001
622,20,14,14,36,1,0.002207,0.001422,0.000001
623,20,16,16,46,1,0.060777,0.001231,0.000001
624,20,12,12,36,1,0.001077,0.001009,0.000001
625,20,10,10,38,1,0.000358,0.000798,0.000000
626,20,12,12,40,1,0.001127,0.000947,0.000001
627,20,12,12,36,1,0.000584,0.000902,0.000001
628,20,14,14,38,1,0.000456,0.001067,0.000000
629,20,14,14,36,1,0.001689,0.001070,0.000001
630,20,12,12,50,1,0.005021,0.000929,0.000001
631,20,14,14,36,1,0.023974,0.001211,0.000001
632,20,-1,16,40,1,0.094667,0.001386,0.000001
633,20,16,16,40,1,0.005931,0.001318,0.000001
634,20,8,8,36,1,0.000316,0.000717,0.000001
635,20,12,12,40,1,0.000487,0.000941,0.000001
636,20,8,8,28,1,0.000302,0.000705,0.000001
637,20,16,16,38,1,0.017595,0.001377,0.000001
638,20,14,14,38,1,0.014144,0.001103,0.000001
639,20,-1,16,32,1,0.092509,0.001277,0.000001
640,20,12,12,44,1,0.000479,0.000926,0.000001
641,20,14,14,34,1,0.005158,0.001072,0.000001
642,20,10,10,40,1,0.000402,0.000812,0.000001
643,20,12,12,34,1,0.001072,0.000926,0.000001
644,20,14,14,30,1,0.000313,0.001108,0.000001
645,20,12,12,42,1,0.000506,0.000944,0.000001
646,20,14,14,42,1,0.002049,0.001094,0.000001
647,20,-1,20,44,1,0.085091,0.001630,0.000001
648,20,12,12,42,1,0.000369,0.000928,0.000001
649,20,10,10,32,1,0.000360,0.000865,0.000001
650,20,-1,18,40,1,0.090992,0.001711,0.000001
651,20,12,12,46,1,0.000315,0.000926,0.000001
652,20,12,12,36,1,0.001014,0.000961,0.000001
653,20,14,14,40,1,0.005118,0.001112,0.000001
654,20,14,14,44,1,0.014557,0.001096,0.000001
655,20,14,14,46,1,0.000935,0.001116,0.000001
656,20,12,14,38,1,0.003000,0.001166,0.000001
657,20,14,14,42,1,0.000340,0.001110,0.000000
658,20,12,12,44,1,0.000569,0.000933,0.000001
659,20,16,16,46,1,0.004950,0.001260,0.000001
660,20,12,12,34,1,0.000503,0.001053,0.000001
661,20,12,12,40,1,0.001273,0.000965,0.000001
662,20,10,10,44,1,0.000325,0.000803,0.000000
663,20,10,10,34,1,0.000331,0.000818,0.000000
664,20,14,14,38,1,0.001408,0.001108,0.000001
665,20,14,14,44,1,0.000792,0.001101,0.000001
666,20,16,16,38,1,0.008501,0.001228,0.000001
667,20,18,20,44,1,0.015242,0.001537,0.000001
668,20,14,14,34,1,0.000908,0.001070,0.000001
669,20,12,12,38,1,0.000615,0.000975,0.000001
670,20,12,14,40,1,0.001879,0.001071,0.000001
671,20,12,12,44,1,0.000990,0.001321,0.000001
672,20,10,10,34,1,0.000728,0.000770,0.000001
673,20,14,14,40,1,0.009218,0.001134,0.000001
674,20,8,8,30,1,0.000316,0.000666,0.000001
675,20,14,14,40,1,0.000321,0.001105,0.000001
676,20,-1,16,40,1,0.092247,0.001463,0.000001
677,20,12,12,32,1,0.000446,0.000961,0.000000
678,20,-1,14,40,1,0.087732,0.001152,0.000001
679,20,16,16,40,1,0.007055,0.001202,0.000001
680,20,10,10,36,1,0.000351,0.000808,0.000001
681,20,10,10,40,1,0.000645,0.000817,0.000001
682,20,-1,18,32,1,0.086167,0.001638,0.000001
683,20,16,16,38,1,0.027153,0.001345,0.000001
684,20,8,8,34,1,0.000296,0.000691,0.000000
685,20,14,14,34,1,0.019200,0.001085,0.000001
686,20,12,12,42,1,0.000533,0.000924,0.000001
687,20,14,14,34,1,0.004014,0.001076,0.000001
688,20,10,10,32,1,0.000700,0.000788,0.000001
689,20,14,14,32,1,0.004525,0.001099,0.000001
690,20,14,14,40,1,0.005031,0.001097,0.000001
691,20,12,12,46,1,0.000489,0.000968,0.000001
692,20,12,12,46,1,0.000532,0.000936,0.000000
693,20,16,16,42,1,0.006558,0.001190,0.000001
694,20,12,12,48,1,0.000342,0.000979,0.000001
695,20,12,12,38,1,0.000305,0.000956,0.000001
696,20,16,16,42,1,0.032410,0.001268,0.000001
697,20,12,12,42,1,0.000380,0.001170,0.000001
698,20,-1,16,36,1,0.089573,0.001314,0.000001
699,20,12,12,42,1,0.006106,0.000975,0.000001
700,20,12,12,42,1,0.000437,0.000971,0.000001
701,20,-1,16,42,1,0.087125,0.001393,0.000000
702,20,10,10,44,1,0.000612,0.000816,0.000001
703,20,10,10,40,1,0.000563,0.000801,0.000001
704,20,8,8,38,1,0.000306,0.000718,0.000001
705,20,12,12,40,1,0.001963,0.000931,0.000001
706,20,12,12,42,1,0.001014,0.000947,0.000001
707,20,12,12,42,1,0.000365,0.000916,0.000001
708,20,14,14,46,1,0.001260,0.001148,0.000001
709,20,14,14,42,1,0.005230,0.001343,0.000001
710,20,10,10,24,1,0.001144,0.001288,0.000001
711,20,12,12,40,1,0.002671,0.001460,0.000001
712,20,14,14,42,1,0.000897,0.001523,0.000001
713,20,16,16,40,1,0.051731,0.001261,0.000001
714,20,12,12,40,1,0.000623,0.001093,0.000001
715,20,12,12,36,1,0.006170,0.000932,0.000001
716,20,16,16,44,1,0.032879,0.001258,0.000001
717,20,14,14,48,1,0.001155,0.001057,0.000001
718,20,12,12,32,1,0.001985,0.000949,0.000001
719,20,14,14,44,1,0.001022,0.001045,0.000001
720,20,12,12,34,1,0.001854,0.000994,0.000001
721,20,12,12,40,1,0.002723,0.001059,0.000001
722,20,14,16,38,1,0.003126,0.001212,0.000001
723,20,12,12,40,1,0.001507,0.000951,0.000001
724,20,14,14,38,1,0.002778,0.001205,0.000001
725,20,12,12,32,1,0.000958,0.000897,0.000001
726,20,14,14,36,1,0.007335,0.001109,0.000001
727,20,12,12,34,1,0.000693,0.000957,0.000001
728,20,14,14,34,1,0.001300,0.001079,0.000001
729,20,10,10,32,1,0.000329,0.000808,0.000001
730,20,10,10,42,1,0.000394,0.000843,0.000001
731,20,-1,16,38,1,0.087510,0.001298,0.000001
732,20,12,12,38,1,0.001269,0.000984,0.000001
733,20,14,14,38,1,0.012178,0.001080,0.000001
734,20,8,8,32,1,0.000306,0.000728,0.000001
735,20,8,8,36,1,0.000292,0.000738,0.000001
736,20,16,16,32,1,0.000442,0.001264,0.000001
737,20,16,16,42,1,0.004684,0.001221,0.000001
738,20,16,16,40,1,0.002580,0.001302,0.000001
739,20,16,16,38,1,0.009373,0.001377,0.000001
740,20,14,14,32,1,0.023291,0.001082,0.000001
741,20,12,12,34,1,0.001105,0.001047,0.000001
742,20,12,12,36,1,0.001247,0.000929,0.000001
743,20,16,16,36,1,0.001327,0.001238,0.000001
744,20,10,10,38,1,0.000336,0.000834,0.000001
745,20,-1,14,38,1,0.088572,0.001101,0.000001
746,20,14,14,34,1,0.002502,0.001190,0.000001
747,20,12,12,38,1,0.000602,0.000936,0.000001
748,20,12,12,36,1,0.001440,0.001044,0.000001
749,20,12,12,34,1,0.000913,0.000915,0.000001
750,20,8,8,48,1,0.000327,0.000700,0.000001
751,20,12,12,42,1,0.000376,0.000904,0.000000
752,20,14,14,34,1,0.017453,0.001122,0.000001
753,20,16,16,36,1,0.005471,0.001226,0.000001
754,20,16,16,36,1,0.039560,0.001260,0.000001
755,20,14,14,36,1,0.003805,0.001094,0.000001
756,20,12,12,44,1,0.000313,0.000950,0.000001
757,20,16,16,46,1,0.001191,0.001215,0.000001
758,20,12,12,44,1,0.002066,0.000968,0.000001
759,20,14,14,54,1,0.001148,0.001062,0.000001
760,20,14,14,38,1,0.003130,0.001101,0.000001
761,20,12,12,38,1,0.000811,0.001086,0.000001
762,20,10,10,30,1,0.000343,0.000846,0.000001
763,20,16,16,36,1,0.004224,0.001258,0.000001
764,20,14,14,44,1,0.007464,0.001095,0.000001
765,20,14,14,40,1,0.002641,0.001150,0.000001
766,20,14,14,40,1,0.000381,0.001627,0.000001
767,20,14,14,38,1,0.002781,0.001089,0.000001
768,20,10,10,32,1,0.000426,0.000814,0.000001
769,20,10,10,38,1,0.000363,0.000852,0.000001
770,20,12,12,42,1,0.000387,0.001092,0.000001
771,20,12,12,34,1,0.000381,0.001341,0.000001
772,20,-1,16,44,1,0.089714,0.001259,0.000001
773,20,10,10,36,1,0.000414,0.000784,0.000001
774,20,14,14,46,1,0.006846,0.001187,0.000001
775,20,14,14,44,1,0.009143,0.001242,0.000001
776,20,12,12,36,1,0.000878,0.000935,0.000001
777,20,12,12,40,1,0.000592,0.000931,0.000001
778,20,16,16,44,1,0.008157,0.001254,0.000001
779,20,12,12,48,1,0.002345,0.001125,0.000001
780,20,14,14,38,1,0.003267,0.001102,0.000001
781,20,14,14,38,1,0.003192,0.001067,0.000001
782,20,12,12,36,1,0.000523,0.000959,0.000001
783,20,10,10,44,1,0.000409,0.000879,0.000001
784,20,10,10,30,1,0.000432,0.000830,0.000000
785,20,12,12,36,1,0.000362,0.000957,0.000001
786,20,12,12,36,1,0.001057,0.001158,0.000001
787,20,14,14,46,1,0.001115,0.001063,0.000001
788,20,12,12,42,1,0.001697,0.001055,0.000001
789,20,12,12,38,1,0.000311,0.000964,0.000001
790,20,10,10,46,1,0.000450,0.000830,0.000000
791,20,10,10,34,1,0.000382,0.000806,0.000001
792,20,12,12,44,1,0.000304,0.001006,0.000001
793,20,12,12,38,1,0.001592,0.000933,0.000001
794,20,12,12,40,1,0.000300,0.000984,0.000001
795,20,16,16,38,1,0.035994,0.001214,0.000001
796,20,12,12,34,1,0.004485,0.000951,0.000001
797,20,14,14,34,1,0.010882,0.001081,0.000001
798,20,16,16,40,1,0.018540,0.001223,0.000001
799,20,8,8,30,1,0.000343,0.000739,0.000001
800,20,14,16,38,1,0.000317,0.001170,0.000001
801,20,12,12,40,1,0.000293,0.001066,0.000001
802,20,14,14,40,1,0.003276,0.001071,0.000001
803,20,14,14,40,1,0.000324,0.001173,0.000001
804,20,10,10,30,1,0.000315,0.000810,0.000000
805,20,12,12,42,1,0.000385,0.000950,0.000000
806,20,12,12,42,1,0.000550,0.000928,0.000001
807,20,-1,16,42,1,0.088643,0.001248,0.000001
808,20,16,16,40,1,0.003398,0.001276,0.000001
809,20,14,14,40,1,0.000305,0.001064,0.000001
810,20,12,12,38,1,0.002050,0.000950,0.000001
811,20,12,12,44,1,0.000704,0.000937,0.000001
812,20,12,12,42,1,0.000468,0.001145,0.000001
813,20,16,16,40,1,0.002446,0.001251,0.000001
814,20,14,14,42,1,0.002245,0.001141,0.000001
815,20,10,10,38,1,0.000375,0.000782,0.000001
816,20,14,14,42,1,0.018297,0.001217,0.000001
817,20,12,12,32,1,0.000391,0.000964,0.000001
818,20,14,14,40,1,0.003165,0.001113,0.000001
819,20,14,14,36,1,0.000840,0.001052,0.000001
820,20,14,14,46,1,0.001246,0.001250,0.000001
821,20,14,14,32,1,0.001731,0.001085,0.000001
822,20,14,14,36,1,0.002498,0.001119,0.000001
823,20,14,14,38,1,0.001340,0.001079,0.000001
824,20,12,12,40,1,0.000715,0.001080,0.000001
825,20,14,14,40,1,0.001190,0.001074,0.000001
826,20,14,14,30,1,0.005557,0.001111,0.000001
827,20,12,12,36,1,0.000687,0.001052,0.000001
828,20,12,12,38,1,0.000565,0.000967,0.000001
829,20,14,14,40,1,0.002313,0.001099,0.000001
830,20,12,12,28,1,0.001046,0.000944,0.000001
831,20,16,16,42,1,0.007773,0.001385,0.000001
832,20,16,16,32,1,0.031738,0.001443,0.000001
833,20,12,12,38,1,0.000320,0.000973,0.000001
834,20,10,10,42,1,0.000392,0.000858,0.000001
835,20,12,12,42,1,0.000598,0.000980,0.000001
836,20,10,10,34,1,0.000339,0.000920,0.000001
837,20,14,14,40,1,0.004598,0.001297,0.000001
838,20,10,10,34,1,0.000322,0.000836,0.000001
839,20,14,14,40,1,0.011703,0.001135,0.000001
840,20,14,14,40,1,0.000954,0.001614,0.000001
841,20,12,12,38,1,0.001875,0.000984,0.000001
842,20,12,12,34,1,0.005102,0.000955,0.000001
843,20,14,14,40,1,0.019266,0.001095,0.000001
844,20,14,14,42,1,0.001798,0.001192,0.000001
845,20,12,12,36,1,0.000458,0.000970,0.000001
846,20,10,10,42,1,0.000517,0.000830,0.000001
847,20,8,8,34,1,0.000294,0.000677,0.000001
848,20,14,14,38,1,0.025526,0.001128,0.000001
849,20,14,14,42,1,0.001140,0.001250,0.000001
850,20,10,10,38,1,0.000406,0.000919,0.000001
851,20,-1,18,38,1,0.102240,0.001374,0.000001
852,20,-1,16,40,1,0.092752,0.001312,0.000001
853,20,14,14,38,1,0.004757,0.001122,0.000001
854,20,14,14,40,1,0.000988,0.001120,0.000001
855,20,12,12,40,1,0.000311,0.000970,0.000001
856,20,12,12,44,1,0.000305,0.000968,0.000000
857,20,14,14,42,1,0.013230,0.001123,0.000001
858,20,10,10,32,1,0.000354,0.000811,0.000001
859,20,14,14,42,1,0.000973,0.001069,0.000001
860,20,12,12,36,1,0.000557,0.000963,0.000001
861,20,14,14,46,1,0.031680,0.001097,0.000001
862,20,16,16,36,1,0.003806,0.001233,0.000001
863,20,14,14,44,1,0.003695,0.001117,0.000001
864,20,10,10,36,1,0.000379,0.000817,0.000001
865,20,12,12,32,1,0.002152,0.001080,0.000001
866,20,-1,16,38,1,0.089611,0.001310,0.000001
867,20,14,14,40,1,0.005303,0.001096,0.000001
868,20,16,16,38,1,0.006699,0.001244,0.000001
869,20,14,14,40,1,0.002436,0.001097,0.000001
870,20,12,12,38,1,0.001641,0.000964,0.000001
871,20,14,14,38,1,0.012068,0.001123,0.000001
872,20,12,12,42,1,0.000296,0.001065,0.000001
873,20,14,14,38,1,0.003510,0.001140,0.000001
874,20,12,12,36,1,0.000327,0.000980,0.000001
875,20,14,14,34,1,0.001442,0.001048,0.000001
876,20,12,12,42,1,0.002964,0.000944,0.000001
877,20,14,14,36,1,0.002950,0.001117,0.000001
878,20,10,10,38,1,0.000423,0.000838,0.000001
879,20,10,10,32,1,0.000290,0.000784,0.000001
880,20,12,12,38,1,0.000377,0.000957,0.000001
881,20,10,10,30,1,0.000387,0.000859,0.000001
882,20,16,16,42,1,0.040909,0.001278,0.000001
883,20,10,10,36,1,0.000323,0.000797,0.000000
884,20,10,10,34,1,0.000313,0.000823,0.000000
885,20,14,14,38,1,0.005240,0.001120,0.000001
886,20,14,14,48,1,0.000959,0.001104,0.000001
887,20,14,14,38,1,0.008068,0.001271,0.000001
888,20,14,14,38,1,0.019227,0.001083,0.000001
889,20,12,12,40,1,0.001695,0.000972,0.000001
890,20,14,14,36,1,0.000966,0.001078,0.000001
891,20,14,14,40,1,0.000770,0.001250,0.000001
892,20,14,14,40,1,0.010200,0.001234,0.000001
893,20,12,12,24,1,0.000913,0.000951,0.000001
894,20,12,12,32,1,0.000431,0.000927,0.000001
895,20,10,10,36,1,0.000748,0.000947,0.000001
896,20,10,10,46,1,0.000391,0.000795,0.000001
897,20,12,12,34,1,0.001085,0.000938,0.000001
898,20,14,14,36,1,0.003888,0.001060,0.000001
899,20,14,14,38,1,0.000948,0.001065,0.000001
900,20,14,14,42,1,0.000343,0.001074,0.000001
901,20,14,14,42,1,0.057899,0.001111,0.000001
902,20,14,14,40,1,0.006313,0.001133,0.000001
903,20,14,14,30,1,0.007297,0.001091,0.000001
904,20,14,14,36,1,0.009218,0.001103,0.000001
905,20,12,12,44,1,0.000551,0.000991,0.000001
906,20,16,16,44,1,0.008753,0.001199,0.000001
907,20,14,14,34,1,0.001726,0.001089,0.000001
908,20,10,10,36,1,0.000348,0.000835,0.000001
909,20,14,14,44,1,0.004241,0.001074,0.000001
910,20,-1,18,32,1,0.094756,0.001489,0.000001
911,20,14,14,44,1,0.002289,0.001087,0.000001
912,20,14,14,36,1,0.000322,0.001207,0.000001
913,20,16,16,36,1,0.048274,0.001239,0.000001
914,20,8,8,38,1,0.000295,0.000895,0.000001
915,20,12,12,40,1,0.000602,0.000950,0.000001
916,20,-1,16,42,1,0.088097,0.001479,0.000001
917,20,14,14,40,1,0.005360,0.001101,0.000001
918,20,14,14,32,1,0.001629,0.001064,0.000001
919,20,12,12,34,1,0.000446,0.001195,0.000001
920,20,14,14,40,1,0.001081,0.001355,0.000001
921,20,12,12,44,1,0.000326,0.000921,0.000001
922,20,16,16,38,1,0.003004,0.001277,0.000001
923,20,14,14,42,1,0.001314,0.001193,0.000001
924,20,10,10,34,1,0.000605,0.000939,0.000001
925,20,14,14,36,1,0.004852,0.001075,0.000001
926,20,12,12,44,1,0.000975,0.000956,0.000001
927,20,12,12,38,1,0.000540,0.001076,0.000001
928,20,14,14,34,1,0.000349,0.001107,0.000001
929,20,14,14,30,1,0.005348,0.001075,0.000001
930,20,10,10,36,1,0.000363,0.000819,0.000001
931,20,14,14,38,1,0.004227,0.001076,0.000001
932,20,12,12,36,1,0.000541,0.001039,0.000001
933,20,12,12,36,1,0.000396,0.000937,0.000001
934,20,14,14,40,1,0.001276,0.001078,0.000001
935,20,12,12,44,1,0.000547,0.000994,0.000001
936,20,14,14,40,1,0.006166,0.001084,0.000001
937,20,14,14,34,1,0.009311,0.001076,0.000001
938,20,14,14,38,1,0.022089,0.001074,0.000001
939,20,14,14,42,1,0.019765,0.001081,0.000001
940,20,14,14,34,1,0.000407,0.001086,0.000001
941,20,12,12,42,1,0.000745,0.001066,0.000001
942,20,14,14,38,1,0.006381,0.001109,0.000001
943,20,16,16,36,1,0.007061,0.001234,0.000001
944,20,12,12,42,1,0.000357,0.000987,0.000001
945,20,16,16,38,1,0.008180,0.001283,0.000001
946,20,14,14,30,1,0.007687,0.001097,0.000001
947,20,14,14,36,1,0.001154,0.001085,0.000001
948,20,10,10,38,1,0.000702,0.000835,0.000001
949,20,14,14,40,1,0.003297,0.001170,0.000001
950,20,14,14,42,1,0.000307,0.001132,0.000001
951,20,10,10,42,1,0.000327,0.000798,0.000001
952,20,12,12,32,1,0.000373,0.000956,0.000001
953,20,14,14,44,1,0.000611,0.001214,0.000001
954,20,12,12,36,1,0.000669,0.000955,0.000001
955,20,12,12,44,1,0.000988,0.000918,0.000001
956,20,12,12,40,1,0.002038,0.001854,0.000001
957,20,-1,16,34,1,0.113976,0.001288,0.000001
958,20,14,14,42,1,0.000736,0.001193,0.000001
959,20,14,14,38,1,0.005474,0.001081,0.000001
960,20,10,10,38,1,0.000323,0.000804,0.000001
961,20,14,14,36,1,0.005592,0.001058,0.000001
962,20,10,10,24,1,0.000358,0.000813,0.000000
963,20,10,10,36,1,0.000693,0.000813,0.000001
964,20,12,12,44,1,0.000321,0.000961,0.000001
965,20,14,14,40,1,0.002441,0.001267,0.000001
966,20,12,12,44,1,0.000399,0.000959,0.000001
967,20,12,12,42,1,0.001998,0.000931,0.000001
968,20,-1,16,40,1,0.111650,0.001371,0.000001
969,20,16,16,42,1,0.004660,0.001230,0.000001
970,20,14,14,50,1,0.000313,0.001104,0.000001
971,20,14,14,40,1,0.000777,0.001265,0.000001
972,20,14,14,38,1,0.008777,0.001089,0.000001
973,20,14,14,38,1,0.018072,0.001098,0.000001
974,20,10,10,36,1,0.000385,0.000834,0.000001
975,20,14,14,44,1,0.081441,0.001137,0.000001
976,20,10,10,36,1,0.000342,0.000873,0.000001
977,20,12,12,36,1,0.000386,0.001056,0.000001
978,20,12,12,28,1,0.003918,0.000963,0.000001
979,20,12,12,46,1,0.000574,0.001082,0.000001
980,20,14,14,44,1,0.000777,0.001128,0.000001
981,20,14,14,38,1,0.000968,0.001086,0.000001
982,20,12,12,36,1,0.002339,0.000949,0.000001
983,20,12,12,36,1,0.000383,0.001057,0.000001
984,20,14,14,38,1,0.007098,0.001165,0.000001
985,20,16,16,38,1,0.041808,0.001358,0.000001
986,20,12,12,38,1,0.001738,0.001198,0.000001
987,20,12,12,42,1,0.001341,0.001030,0.000001
988,20,-1,16,44,1,0.109467,0.001307,0.000001
989,20,16,16,42,1,0.000855,0.001378,0.000001
990,20,14,14,42,1,0.000314,0.001092,0.000001
991,20,-1,18,36,1,0.081742,0.001432,0.000001
992,20,8,8,34,1,0.000353,0.000685,0.000000
993,20,12,12,40,1,0.000552,0.001064,0.000001
994,20,14,14,38,1,0.001350,0.001110,0.000001
995,20,10,10,40,1,0.000406,0.000817,0.000001
996,20,12,12,32,1,0.000678,0.001035,0.000001
997,20,14,16,38,1,0.001170,0.001187,0.000001
998,20,14,14,42,1,0.000308,0.001096,0.000001
999,20,16,16,34,1,0.033597,0.001365,0.000001
1000,20,10,10,44,1,0.000521,0.001113,0.000001
1001,20,10,10,36,1,0.000342,0.000817,0.000001
1002,20,16,16,34,1,0.057954,0.001511,0.000001
1003,20,12,12,34,1,0.001412,0.001405,0.000001
1004,20,16,16,46,1,0.013614,0.001295,0.000001
1005,20,14,14,40,1,0.000586,0.001253,0.000001
1006,20,14,14,38,1,0.009885,0.001256,0.000001
1007,20,16,16,38,1,0.001392,0.001318,0.000001
1008,20,14,14,36,1,0.001179,0.001313,0.000001
1009,20,14,14,38,1,0.007066,0.001231,0.000001
1010,20,8,8,40,1,0.000301,0.000688,0.000001
1011,20,12,12,38,1,0.000694,0.000939,0.000001
1012,20,12,12,42,1,0.000558,0.000991,0.000000
1013,20,12,12,34,1,0.000634,0.000947,0.000001
1014,20,14,14,38,1,0.006863,0.001327,0.000001
1015,20,10,10,40,1,0.000316,0.000836,0.000001
1016,20,12,12,32,1,0.001534,0.000958,0.000001
1017,20,14,14,46,1,0.001068,0.001195,0.000001
1018,20,12,12,36,1,0.000362,0.001123,0.000001
1019,20,12,12,42,1,0.006174,0.001324,0.000001
1020,20,12,12,44,1,0.000678,0.000967,0.000001
1021,20,12,12,36,1,0.001159,0.000998,0.000001
1022,20,16,16,32,1,0.094806,0.001365,0.000001
1023,20,14,14,40,1,0.000360,0.001207,0.000001
1024,20,14,14,40,1,0.000391,0.001108,0.000001
1025,20,12,12,42,1,0.001324,0.000966,0.000001
1026,20,14,14,38,1,0.015658,0.001225,0.000001
1027,20,12,12,38,1,0.005612,0.000965,0.000001
1028,20,12,12,36,1,0.000539,0.001013,0.000001
1029,20,14,14,40,1,0.001090,0.001138,0.000001
1030,20,14,14,38,1,0.000869,0.001078,0.000001
1031,20,14,14,44,1,0.003577,0.001172,0.000001
1032,20,-1,14,38,1,0.086212,0.001110,0.000001
1033,20,14,14,38,1,0.002741,0.001104,0.000001
1034,20,12,12,34,1,0.000438,0.000972,0.000001
1035,20,12,12,38,1,0.001254,0.000931,0.000001
1036,20,16,16,44,1,0.000299,0.001238,0.000001
1037,20,14,14,40,1,0.010458,0.001067,0.000001
1038,20,12,12,40,1,0.000340,0.000989,0.000001
1039,20,12,12,32,1,0.004379,0.000919,0.000001
1040,20,14,14,32,1,0.001525,0.001093,0.000001
1041,20,14,14,34,1,0.006546,0.001089,0.000001
1042,20,14,14,32,1,0.001434,0.001091,0.000001
1043,20,14,14,40,1,0.001236,0.001065,0.000001
1044,20,12,12,40,1,0.000350,0.000996,0.000001
1045,20,10,10,48,1,0.000472,0.000806,0.000001
1046,20,14,14,34,1,0.009197,0.001241,0.000001
1047,20,10,10,40,1,0.000349,0.000803,0.000001
1048,20,12,12,30,1,0.000602,0.000955,0.000001
1049,20,14,14,44,1,0.012621,0.001107,0.000001
1050,20,14,14,38,1,0.000753,0.001110,0.000001
1051,20,14,14,36,1,0.000926,0.001100,0.000001
1052,20,-1,14,44,1,0.090303,0.001063,0.000001
1053,20,12,12,32,1,0.002095,0.000954,0.000001
1054,20,-1,16,42,1,0.086505,0.001237,0.000001
1055,20,12,12,44,1,0.002212,0.001034,0.000001
1056,20,10,10,40,1,0.000376,0.000843,0.000000
1057,20,14,14,40,1,0.001178,0.001089,0.000001
1058,20,14,14,48,1,0.001672,0.001079,0.000001
1059,20,12,12,40,1,0.000432,0.001030,0.000001
1060,20,14,14,28,1,0.000610,0.001104,0.000001
1061,20,12,12,42,1,0.001964,0.000931,0.000001
1062,20,14,14,40,1,0.016543,0.001087,0.000001
1063,20,10,10,42,1,0.000314,0.000814,0.000001
1064,20,14,14,38,1,0.003315,0.001423,0.000001
1065,20,10,10,46,1,0.000526,0.001176,0.000001
1066,20,14,14,48,1,0.000676,0.001504,0.000001
1067,20,12,12,38,1,0.000811,0.001303,0.000001
1068,20,12,12,42,1,0.000357,0.001296,0.000001
1069,20,14,14,36,1,0.002955,0.001106,0.000001
1070,20,12,12,40,1,0.000447,0.001049,0.000001
1071,20,10,10,38,1,0.000345,0.000804,0.000001
1072,20,14,14,40,1,0.000976,0.001031,0.000001
1073,20,12,12,32,1,0.000781,0.001005,0.000001
1074,20,12,12,36,1,0.000766,0.000932,0.000001
1075,20,18,18,44,1,0.055606,0.001701,0.000001
1076,20,10,10,38,1,0.000852,0.001211,0.000001
1077,20,12,12,34,1,0.000533,0.001544,0.000001
1078,20,16,16,36,1,0.007903,0.001222,0.000001
1079,20,16,16,42,1,0.049067,0.001273,0.000001
1080,20,12,12,36,1,0.000359,0.001031,0.000001
1081,20,12,12,44,1,0.000623,0.000923,0.000001
1082,20,14,14,36,1,0.011262,0.001202,0.000001
1083,20,16,16,32,1,0.010395,0.001286,0.000001
1084,20,12,12,36,1,0.000316,0.000923,0.000001
1085,20,12,12,46,1,0.000398,0.000978,0.000000
1086,20,12,12,28,1,0.002557,0.000944,0.000001
1087,20,14,14,42,1,0.001621,0.001134,0.000001
1088,20,10,10,38,1,0.000381,0.000812,0.000001
1089,20,12,12,46,1,0.000431,0.001254,0.000001
1090,20,16,16,46,1,0.001599,0.001337,0.000001
1091,20,14,14,28,1,0.000771,0.001092,0.000001
1092,20,12,12,40,1,0.000526,0.000928,0.000000
1093,20,8,8,38,1,0.000295,0.000776,0.000001
1094,20,12,12,40,1,0.001747,0.000972,0.000001
1095,20,10,10,30,1,0.000575,0.000771,0.000001
1096,20,10,10,36,1,0.000385,0.000800,0.000001
1097,20,12,12,38,1,0.000637,0.001128,0.000001
1098,20,6,6,42,1,0.000316,0.000537,0.000001
1099,20,12,12,34,1,0.001211,0.000893,0.000001
1100,20,14,14,40,1,0.001317,0.001243,0.000001
1101,20,-1,18,28,1,0.086149,0.001403,0.000001
1102,20,10,10,38,1,0.000322,0.000785,0.000001
1103,20,14,14,36,1,0.000844,0.001118,0.000001
1104,20,10,10,44,1,0.000392,0.000807,0.000001
1105,20,14,14,44,1,0.000307,0.001106,0.000001
1106,20,14,14,38,1,0.001846,0.001116,0.000001
1107,20,14,14,34,1,0.002181,0.001097,0.000001
1108,20,14,14,38,1,0.006715,0.001189,0.000001
1109,20,12,12,52,1,0.000620,0.000960,0.000000
1110,20,10,10,44,1,0.000302,0.000798,0.000000
1111,20,14,14,38,1,0.001212,0.001113,0.000001
1112,20,14,14,40,1,0.000468,0.001153,0.000001
1113,20,14,14,40,1,0.062889,0.001185,0.000001
1114,20,12,12,46,1,0.000731,0.000929,0.000001
1115,20,14,14,38,1,0.000298,0.001041,0.000001
1116,20,10,10,36,1,0.000357,0.001005,0.000001
1117,20,14,14,36,1,0.023828,0.001157,0.000001
1118,20,14,14,40,1,0.000347,0.001187,0.000001
1119,20,14,14,40,1,0.000354,0.001141,0.000001
1120,20,-1,16,36,1,0.087225,0.001317,0.000001
1121,20,14,14,36,1,0.045039,0.001159,0.000001
1122,20,14,14,36,1,0.002452,0.001229,0.000001
1123,20,14,14,36,1,0.033029,0.001109,0.000001
1124,20,12,12,44,1,0.000362,0.001048,0.000001
1125,20,8,8,36,1,0.000299,0.000696,0.000001
1126,20,12,12,42,1,0.001808,0.000935,0.000001
1127,20,12,12,34,1,0.001108,0.000967,0.000001
1128,20,16,16,36,1,0.056780,0.001326,0.000001
1129,20,14,14,44,1,0.000363,0.001179,0.000001
1130,20,12,12,40,1,0.002263,0.000953,0.000001
1131,20,12,12,44,1,0.001068,0.000952,0.000000
1132,20,8,8,46,1,0.000293,0.000681,0.000001
1133,20,12,12,38,1,0.000304,0.001101,0.000001
1134,20,12,12,40,1,0.001330,0.000938,0.000001
1135,20,10,10,30,1,0.000304,0.000845,0.000001
1136,20,12,12,36,1,0.002686,0.001021,0.000001
1137,20,12,12,38,1,0.000398,0.000960,0.000001
1138,20,10,10,40,1,0.000344,0.000807,0.000001
1139,20,14,14,34,1,0.008082,0.001104,0.000001
1140,20,14,14,38,1,0.003335,0.001080,0.000001
1141,20,14,14,40,1,0.000744,0.001055,0.000001
1142,20,12,12,40,1,0.001412,0.000982,0.000001
1143,20,10,10,40,1,0.000359,0.000824,0.000001
1144,20,12,12,44,1,0.000892,0.000933,0.000001
1145,20,16,16,44,1,0.022296,0.001320,0.000001
1146,20,-1,16,40,1,0.094036,0.001278,0.000001
1147,20,14,14,38,1,0.000492,0.001093,0.000000
1148,20,12,12,38,1,0.000601,0.000899,0.000001
1149,20,12,12,44,1,0.000352,0.000910,0.000001
1150,20,12,12,30,1,0.000625,0.000927,0.000001
1151,20,16,16,46,1,0.007078,0.001252,0.000001
1152,20,12,12,36,1,0.000705,0.001076,0.000001
1153,20,14,14,32,1,0.001602,0.001086,0.000001
1154,20,14,14,44,1,0.003321,0.001126,0.000001
1155,20,14,14,36,1,0.002547,0.001193,0.000001
1156,20,14,14,44,1,0.003356,0.001067,0.000001
1157,20,10,10,36,1,0.000309,0.000975,0.000001
1158,20,12,12,30,1,0.000502,0.000957,0.000001
1159,20,10,10,34,1,0.000466,0.000787,0.000001
1160,20,12,12,36,1,0.000293,0.000941,0.000001
1161,20,12,12,40,1,0.001616,0.000942,0.000001
1162,20,10,10,32,1,0.000505,0.000833,0.000001
1163,20,16,16,42,1,0.043233,0.001369,0.000001
1164,20,10,10,42,1,0.000460,0.001000,0.000001
1165,20,12,12,44,1,0.000338,0.001196,0.000001
1166,20,12,12,42,1,0.001245,0.001082,0.000001
1167,20,14,14,40,1,0.002953,0.001117,0.000001
1168,20,12,12,34,1,0.000479,0.000980,0.000001
1169,20,14,14,32,1,0.055934,0.001441,0.000001
1170,20,14,14,44,1,0.001212,0.001206,0.000001
1171,20,14,14,40,1,0.000369,0.001260,0.000001
1172,20,12,12,38,1,0.000352,0.001457,0.000001
1173,20,14,14,40,1,0.005756,0.001270,0.000001
1174,20,10,10,30,1,0.000471,0.001006,0.000001
1175,20,12,12,40,1,0.000413,0.001287,0.000001
1176,20,16,16,40,1,0.075593,0.001459,0.000001
1177,20,12,12,36,1,0.002945,0.001090,0.000001
1178,20,10,10,42,1,0.000342,0.000905,0.000001
1179,20,12,12,36,1,0.001140,0.001076,0.000001
1180,20,14,14,46,1,0.000843,0.001206,0.000001
1181,20,10,10,40,1,0.000447,0.001008,0.000001
1182,20,10,10,38,1,0.000442,0.000953,0.000001
1183,20,16,16,46,1,0.072162,0.001388,0.000001
1184,20,16,16,44,1,0.001498,0.001316,0.000001
1185,20,12,12,34,1,0.000391,0.001081,0.000001
1186,20,12,12,44,1,0.000387,0.001032,0.000001
1187,20,10,10,40,1,0.000358,0.000817,0.000001
1188,20,14,14,36,1,0.004588,0.001182,0.000001
1189,20,16,16,38,1,0.114411,0.001300,0.000001
1190,20,14,14,36,1,0.005931,0.001110,0.000001
1191,20,14,14,40,1,0.003166,0.001228,0.000001
1192,20,14,14,40,1,0.001024,0.001080,0.000001
1193,20,10,10,30,1,0.000326,0.000815,0.000001
1194,20,14,14,40,1,0.001760,0.001097,0.000001
1195,20,14,14,44,1,0.000597,0.001112,0.000001
1196,20,14,14,40,1,0.005669,0.001111,0.000001
1197,20,14,14,42,1,0.000665,0.001231,0.000001
1198,20,12,12,46,1,0.000310,0.000985,0.000001
1199,20,14,14,38,1,0.001125,0.001068,0.000001
1200,20,10,10,40,1,0.000382,0.000954,0.000001
1201,20,12,12,38,1,0.001056,0.000950,0.000001
1202,20,10,10,42,1,0.000403,0.000829,0.000001
1203,20,14,14,38,1,0.013876,0.001116,0.000001
1204,20,16,16,42,1,0.003386,0.001290,0.000001
1205,20,16,18,38,1,0.002289,0.001391,0.000001
1206,20,12,12,32,1,0.000934,0.000927,0.000001
1207,20,14,14,50,1,0.000454,0.001161,0.000001
1208,20,12,12,42,1,0.000398,0.000924,0.000001
1209,20,16,16,42,1,0.048847,0.001391,0.000001
1210,20,14,14,38,1,0.015912,0.001412,0.000001
1211,20,16,16,40,1,0.016707,0.001381,0.000001
1212,20,-1,16,32,1,0.105185,0.001379,0.000001
1213,20,12,12,44,1,0.001996,0.000962,0.000001
1214,20,14,14,36,1,0.000352,0.001169,0.000001
1215,20,14,14,42,1,0.001164,0.001242,0.000001
1216,20,12,12,42,1,0.000484,0.001026,0.000001
1217,20,14,14,42,1,0.009084,0.001218,0.000001
1218,20,14,14,36,1,0.000386,0.001202,0.000001
1219,20,14,14,44,1,0.000346,0.001192,0.000001
1220,20,12,12,42,1,0.000320,0.001224,0.000001
1221,20,14,14,38,1,0.008926,0.001331,0.000001
1222,20,14,14,28,1,0.008334,0.001210,0.000001
1223,20,12,12,42,1,0.000448,0.001179,0.000001
1224,20,14,16,32,1,0.001253,0.001371,0.000001
1225,20,-1,18,38,1,0.109605,0.001413,0.000001
1226,20,12,12,44,1,0.000394,0.001161,0.000001
1227,20,10,10,38,1,0.000397,0.000899,0.000001
1228,20,16,18,36,1,0.018478,0.001625,0.000001
1229,20,14,14,50,1,0.000360,0.001292,0.000001
1230,20,14,14,44,1,0.000798,0.001298,0.000001
1231,20,14,14,38,1,0.000691,0.001269,0.000001
1232,20,14,14,38,1,0.023628,0.001091,0.000001
1233,20,12,12,36,1,0.000327,0.000966,0.000001
1234,20,12,12,40,1,0.000362,0.001182,0.000001
1235,20,10,10,38,1,0.000340,0.000830,0.000001
1236,20,14,14,46,1,0.010432,0.001096,0.000001
1237,20,12,14,32,1,0.000608,0.001081,0.000001
1238,20,16,16,44,1,0.017028,0.001474,0.000001
1239,20,12,12,40,1,0.003184,0.000947,0.000001
1240,20,12,12,44,1,0.000301,0.001397,0.000001
1241,20,14,14,38,1,0.001597,0.001132,0.000001
1242,20,12,12,42,1,0.001142,0.001039,0.000001
1243,20,16,16,34,1,0.003921,0.001350,0.000001
1244,20,12,12,42,1,0.000706,0.000967,0.000001
1245,20,16,16,34,1,0.028892,0.001251,0.000001
1246,20,12,12,40,1,0.001825,0.000925,0.000001
1247,20,14,14,34,1,0.009167,0.001303,0.000001
1248,20,12,12,42,1,0.000436,0.000933,0.000001
1249,20,10,10,40,1,0.000630,0.000933,0.000001
1250,20,14,14,44,1,0.003245,0.001042,0.000001
1251,20,14,14,46,1,0.004211,0.001077,0.000001
1252,20,14,14,36,1,0.008049,0.001105,0.000001
1253,20,14,14,40,1,0.017930,0.001091,0.000001
1254,20,14,14,34,1,0.001957,0.001047,0.000001
1255,20,12,12,42,1,0.000816,0.000941,0.000001
1256,20,10,10,34,1,0.000299,0.000904,0.000001
1257,20,14,14,38,1,0.026532,0.001190,0.000001
1258,20,14,14,36,1,0.003043,0.001308,0.000001
1259,20,14,14,42,1,0.004489,0.001542,0.000001
1260,20,12,12,46,1,0.000476,0.001061,0.000001
1261,20,12,12,36,1,0.000616,0.001058,0.000001
1262,20,12,12,40,1,0.001137,0.001150,0.000001
1263,20,14,14,44,1,0.002992,0.001350,0.000001
1264,20,12,12,42,1,0.001451,0.001078,0.000001
1265,20,14,14,38,1,0.007199,0.001404,0.000001
1266,20,14,14,38,1,0.002509,0.001242,0.000001
1267,20,14,14,42,1,0.003165,0.001233,0.000001
1268,20,12,12,36,1,0.000306,0.001078,0.000001
1269,20,8,8,40,1,0.000328,0.000853,0.000001
1270,20,14,14,44,1,0.002086,0.001107,0.000001
1271,20,14,14,36,1,0.003203,0.001428,0.000001
1272,20,10,10,40,1,0.000335,0.001034,0.000001
1273,20,10,10,42,1,0.000436,0.001009,0.000001
1274,20,14,14,30,1,0.000351,0.001344,0.000001
1275,20,14,14,36,1,0.002258,0.001412,0.000001
1276,20,12,12,34,1,0.001953,0.001080,0.000001
1277,20,10,10,36,1,0.000572,0.000945,0.000001
1278,20,14,14,40,1,0.005203,0.001389,0.000001
1279,20,10,10,26,1,0.000439,0.000838,0.000001
1280,20,14,14,44,1,0.000949,0.001224,0.000001
1281,20,14,14,42,1,0.009114,0.001251,0.000001
1282,20,16,16,40,1,0.005987,0.001377,0.000001
1283,20,12,12,32,1,0.001925,0.001069,0.000001
1284,20,14,14,44,1,0.001444,0.001381,0.000001
1285,20,12,12,42,1,0.000354,0.001112,0.000001
1286,20,12,12,36,1,0.001556,0.001126,0.000001
1287,20,12,12,40,1,0.000625,0.001121,0.000001
1288,20,16,16,40,1,0.002344,0.001369,0.000001
1289,20,10,10,42,1,0.000362,0.000982,0.000001
1290,20,12,12,34,1,0.000551,0.001123,0.000001
1291,20,12,12,38,1,0.000518,0.001056,0.000001
1292,20,12,12,38,1,0.000366,0.001154,0.000001
1293,20,12,12,44,1,0.000746,0.001001,0.000001
1294,20,10,10,34,1,0.000377,0.000947,0.000001
1295,20,14,14,38,1,0.000346,0.001200,0.000001
1296,20,14,14,42,1,0.001591,0.001216,0.000001
1297,20,12,12,34,1,0.000329,0.001014,0.000001
1298,20,12,12,38,1,0.000459,0.001248,0.000001
1299,20,14,14,46,1,0.002266,0.001713,0.000001
1300,20,10,10,46,1,0.000352,0.001230,0.000001
1301,20,10,10,32,1,0.000422,0.000931,0.000001
1302,20,16,16,40,1,0.075985,0.002078,0.000001
1303,20,14,14,38,1,0.000405,0.001737,0.000001
1304,20,10,10,36,1,0.000378,0.001245,0.000001
1305,20,14,14,38,1,0.003193,0.001831,0.000001
1306,20,10,10,38,1,0.000412,0.001428,0.000001
1307,20,14,14,40,1,0.014543,0.001789,0.000001
1308,20,16,16,34,1,0.008705,0.001453,0.000001
1309,20,14,14,40,1,0.000809,0.001306,0.000001
1310,20,14,16,44,1,0.002224,0.001315,0.000001
1311,20,12,12,34,1,0.001044,0.001138,0.000001
1312,20,12,12,38,1,0.000726,0.001089,0.000001
1313,20,16,16,40,1,0.006829,0.001737,0.000001
1314,20,18,18,46,1,0.106808,0.001464,0.000001
1315,20,14,14,40,1,0.008641,0.001123,0.000001
1316,20,14,14,42,1,0.002363,0.001099,0.000001
1317,20,14,14,38,1,0.000783,0.001096,0.000001
1318,20,14,14,40,1,0.001077,0.001176,0.000001
1319,20,12,12,34,1,0.000320,0.000995,0.000001
1320,20,14,14,30,1,0.000640,0.001082,0.000000
1321,20,12,14,44,1,0.000969,0.001123,0.000001
1322,20,12,12,36,1,0.001044,0.000956,0.000001
1323,20,14,14,40,1,0.000901,0.001448,0.000001
1324,20,12,12,40,1,0.000927,0.000999,0.000001
1325,20,14,14,32,1,0.011825,0.001082,0.000001
1326,20,16,16,34,1,0.018124,0.001471,0.000001
1327,20,12,12,36,1,0.000541,0.000969,0.000001
1328,20,12,12,38,1,0.002200,0.001091,0.000001
1329,20,10,10,36,1,0.000308,0.000851,0.000001
1330,20,16,16,38,1,0.013317,0.001203,0.000001
1331,20,14,14,38,1,0.001062,0.001174,0.000001
1332,20,10,10,42,1,0.000313,0.000826,0.000001
1333,20,12,12,44,1,0.001143,0.001031,0.000001
1334,20,10,10,36,1,0.000395,0.000803,0.000001
1335,20,12,12,40,1,0.000403,0.001034,0.000001
1336,20,14,14,46,1,0.004502,0.001091,0.000001
1337,20,12,12,36,1,0.000681,0.000987,0.000001
1338,20,12,12,36,1,0.000305,0.001081,0.000001
1339,20,10,10,38,1,0.000422,0.000843,0.000001
1340,20,14,14,38,1,0.079626,0.001179,0.000001
1341,20,14,14,38,1,0.001214,0.001061,0.000001
1342,20,10,10,32,1,0.001483,0.000836,0.000001
1343,20,10,10,40,1,0.000458,0.000791,0.000001
1344,20,14,14,34,1,0.020374,0.001098,0.000001
1345,20,12,12,28,1,0.000780,0.000950,0.000001
1346,20,14,14,34,1,0.005264,0.001239,0.000001
1347,20,10,10,38,1,0.001102,0.001048,0.000001
1348,20,14,14,46,1,0.011635,0.001125,0.000001
1349,20,12,12,36,1,0.000421,0.001061,0.000001
1350,20,14,14,38,1,0.014982,0.001242,0.000001
1351,20,12,12,40,1,0.000439,0.001272,0.000001
1352,20,12,14,38,1,0.002207,0.001164,0.000001
1353,20,10,10,30,1,0.000315,0.000877,0.000001
1354,20,10,10,36,1,0.000522,0.000825,0.000001
1355,20,12,12,32,1,0.000877,0.000942,0.000001
1356,20,14,14,44,1,0.002023,0.001090,0.000001
1357,20,12,12,38,1,0.004342,0.000919,0.000001
1358,20,12,12,32,1,0.001400,0.000949,0.000001
1359,20,12,12,40,1,0.000353,0.001060,0.000001
1360,20,12,12,36,1,0.008281,0.001107,0.000001
1361,20,-1,16,38,1,0.113790,0.001250,0.000001
1362,20,14,14,46,1,0.000404,0.001061,0.000001
1363,20,14,14,40,1,0.002240,0.001034,0.000001
1364,20,14,14,36,1,0.002067,0.001101,0.000001
1365,20,12,12,32,1,0.001518,0.000943,0.000001
1366,20,14,14,42,1,0.001186,0.001069,0.000001
1367,20,14,14,38,1,0.008983,0.001306,0.000001
1368,20,10,10,38,1,0.000323,0.000831,0.000001
1369,20,14,14,44,1,0.000599,0.001131,0.000001
1370,20,12,12,40,1,0.000347,0.000941,0.000001
1371,20,12,12,46,1,0.000417,0.000974,0.000001
1372,20,12,12,38,1,0.001621,0.000927,0.000001
1373,20,16,16,34,1,0.026012,0.001272,0.000001
1374,20,14,14,44,1,0.000920,0.001408,0.000001
1375,20,14,14,34,1,0.000785,0.001050,0.000001
1376,20,14,14,38,1,0.001318,0.001133,0.000001
1377,20,8,8,36,1,0.000326,0.000708,0.000001
1378,20,12,12,42,1,0.001336,0.000921,0.000001
1379,20,14,14,38,1,0.001262,0.001249,0.000001
1380,20,16,16,38,1,0.038397,0.001222,0.000001
1381,20,-1,18,36,1,0.084942,0.001547,0.000001
1382,20,10,10,34,1,0.000346,0.000811,0.000001
1383,20,14,14,40,1,0.007884,0.001069,0.000001
1384,20,14,14,42,1,0.016432,0.001163,0.000001
1385,20,12,12,44,1,0.001168,0.000963,0.000001
1386,20,12,12,38,1,0.000298,0.000941,0.000001
1387,20,14,14,44,1,0.014286,0.001092,0.000001
1388,20,12,12,30,1,0.001524,0.001048,0.000001
1389,20,10,10,34,1,0.000379,0.000823,0.000001
1390,20,10,10,30,1,0.000577,0.000787,0.000000
1391,20,12,12,46,1,0.000495,0.000953,0.000001
1392,20,16,16,48,1,0.005008,0.001362,0.000001
1393,20,14,14,38,1,0.011366,0.001087,0.000001
1394,20,12,12,36,1,0.002598,0.001067,0.000001
1395,20,12,12,44,1,0.000567,0.000955,0.000001
1396,20,14,14,44,1,0.000885,0.001067,0.000001
1397,20,12,12,40,1,0.000406,0.000961,0.000001
1398,20,14,14,40,1,0.001564,0.001080,0.000001
1399,20,14,14,38,1,0.001509,0.001726,0.000001
1400,20,10,10,40,1,0.000620,0.000815,0.000001
1401,20,14,14,36,1,0.000996,0.001133,0.000001
1402,20,14,14,44,1,0.002380,0.001081,0.000001
1403,20,12,12,44,1,0.001015,0.000914,0.000001
1404,20,12,12,36,1,0.000506,0.001079,0.000001
1405,20,-1,16,38,1,0.090642,0.001345,0.000001
1406,20,12,12,32,1,0.002399,0.000968,0.000001
1407,20,8,8,38,1,0.000334,0.000697,0.000000
1408,20,-1,16,38,1,0.085437,0.001371,0.000001
1409,20,14,14,42,1,0.000322,0.001524,0.000001
1410,20,12,12,36,1,0.000684,0.001480,0.000001
1411,20,10,10,42,1,0.000351,0.001203,0.000001
1412,20,-1,18,36,1,0.095148,0.001463,0.000001
1413,20,10,10,42,1,0.000362,0.000817,0.000001
1414,20,14,14,48,1,0.014921,0.001670,0.000001
1415,20,-1,16,40,1,0.082334,0.001261,0.000001
1416,20,18,18,36,1,0.032979,0.001418,0.000001
1417,20,14,14,42,1,0.010013,0.001251,0.000001
1418,20,16,16,40,1,0.006728,0.001242,0.000001
1419,20,16,16,40,1,0.061441,0.001293,0.000001
1420,20,10,10,40,1,0.000342,0.000827,0.000001
1421,20,10,10,44,1,0.000365,0.000844,0.000001
1422,20,14,14,40,1,0.002319,0.001134,0.000001
1423,20,-1,16,38,1,0.097597,0.001264,0.000001
1424,20,14,14,36,1,0.002974,0.001087,0.000001
1425,20,12,12,30,1,0.000597,0.000981,0.000001
1426,20,10,10,38,1,0.000562,0.000822,0.000001
1427,20,14,14,40,1,0.000304,0.001099,0.000001
1428,20,10,10,38,1,0.000315,0.000830,0.000001
1429,20,14,14,36,1,0.000365,0.001114,0.000001
1430,20,14,14,36,1,0.026146,0.001275,0.000001
1431,20,12,12,32,1,0.000685,0.001137,0.000001
1432,20,12,12,40,1,0.000898,0.001115,0.000001
1433,20,14,14,40,1,0.005870,0.001221,0.000001
1434,20,14,14,48,1,0.000370,0.001272,0.000001
1435,20,8,8,34,1,0.000421,0.000808,0.000001
1436,20,12,12,48,1,0.000684,0.001097,0.000001
1437,20,14,14,38,1,0.001131,0.001329,0.000001
1438,20,12,12,32,1,0.001300,0.001240,0.000001
1439,20,14,14,42,1,0.001284,0.001153,0.000001
1440,20,16,16,50,1,0.013870,0.001407,0.000001
1441,20,8,8,28,1,0.000362,0.000792,0.000001
1442,20,12,12,36,1,0.000311,0.001052,0.000001
1443,20,-1,18,48,1,0.091090,0.001641,0.000001
1444,20,12,12,30,1,0.000342,0.001029,0.000001
1445,20,12,12,30,1,0.002041,0.001106,0.000001
1446,20,14,14,32,1,0.011572,0.001274,0.000001
1447,20,12,12,40,1,0.002367,0.001028,0.000001
1448,20,12,12,32,1,0.000511,0.001170,0.000001
1449,20,12,12,40,1,0.000859,0.001083,0.000001
1450,20,14,14,38,1,0.014736,0.001184,0.000001
1451,20,14,14,36,1,0.001937,0.001196,0.000001
1452,20,14,14,32,1,0.011517,0.001272,0.000001
1453,20,-1,18,38,1,0.079745,0.001470,0.000001
1454,20,10,10,40,1,0.000445,0.000918,0.000002
1455,20,14,14,40,1,0.004125,0.001146,0.000001
1456,20,16,16,36,1,0.024140,0.001322,0.000001
1457,20,14,14,34,1,0.007917,0.001165,0.000001
1458,20,12,12,38,1,0.003147,0.000957,0.000001
1459,20,12,12,36,1,0.000526,0.001137,0.000001
1460,20,-1,16,42,1,0.073440,0.001304,0.000001
1461,20,14,14,42,1,0.015391,0.001156,0.000001
1462,20,14,14,38,1,0.005763,0.001629,0.000001
1463,20,14,14,40,1,0.103818,0.001162,0.000001
1464,20,10,10,38,1,0.000412,0.000852,0.000001
1465,20,14,14,36,1,0.000705,0.001176,0.000001
1466,20,12,12,34,1,0.000569,0.000948,0.000001
1467,20,12,12,36,1,0.001069,0.001017,0.000001
1468,20,8,8,40,1,0.000335,0.000849,0.000001
1469,20,18,18,44,1,0.019364,0.001479,0.000001
1470,20,10,10,42,1,0.000311,0.000804,0.000001
1471,20,10,10,36,1,0.000386,0.000946,0.000001
1472,20,16,16,42,1,0.006007,0.001294,0.000001
1473,20,14,14,42,1,0.001810,0.001109,0.000001
1474,20,12,12,40,1,0.001758,0.000978,0.000001
1475,20,12,12,40,1,0.000416,0.000998,0.000001
1476,20,10,10,42,1,0.000320,0.000842,0.000001
1477,20,10,10,32,1,0.000376,0.000917,0.000001
1478,20,14,14,48,1,0.000989,0.001115,0.000001
1479,20,12,12,38,1,0.000330,0.001051,0.000001
1480,20,12,12,40,1,0.000309,0.000988,0.000001
1481,20,12,12,34,1,0.001194,0.000952,0.000001
1482,20,16,16,40,1,0.046884,0.001530,0.000001
1483,20,12,12,42,1,0.000719,0.000977,0.000001
1484,20,8,8,30,1,0.000318,0.000754,0.000001
1485,20,14,14,38,1,0.002496,0.001082,0.000001
1486,20,14,14,34,1,0.000575,0.001138,0.000001
1487,20,14,14,44,1,0.001667,0.001116,0.000001
1488,20,14,14,28,1,0.000678,0.001323,0.000001
1489,20,12,12,34,1,0.000531,0.000958,0.000001
1490,20,-1,16,40,1,0.070692,0.001267,0.000001
1491,20,14,14,36,1,0.037724,0.001161,0.000001
1492,20,12,12,38,1,0.001581,0.000960,0.000001
1493,20,-1,16,38,1,0.071676,0.001297,0.000001
1494,20,12,12,32,1,0.000466,0.001019,0.000001
1495,20,14,14,28,1,0.000317,0.001058,0.000001
1496,20,14,14,38,1,0.004484,0.001135,0.000001
1497,20,12,12,32,1,0.000312,0.000953,0.000001
1498,20,14,14,40,1,0.000847,0.001104,0.000001
1499,20,-1,18,44,1,0.070469,0.001519,0.000001
1500,20,10,10,44,1,0.000373,0.000833,0.000001
1501,20,14,14,50,1,0.006964,0.001159,0.000001
1502,20,12,12,38,1,0.000597,0.000970,0.000001
1503,20,14,14,38,1,0.003216,0.001138,0.000001
1504,20,16,18,42,1,0.001391,0.001535,0.000001
1505,20,12,12,36,1,0.001136,0.000947,0.000001
1506,20,-1,18,38,1,0.071182,0.001728,0.000001
1507,20,-1,16,36,1,0.072797,0.001291,0.000001
1508,20,12,12,38,1,0.000301,0.000973,0.000001
1509,20,12,12,44,1,0.001316,0.001024,0.000001
1510,20,10,10,38,1,0.000382,0.000835,0.000001
1511,20,12,12,38,1,0.001101,0.000938,0.000001
1512,20,12,12,28,1,0.000601,0.000978,0.000001
1513,20,16,16,34,1,0.042888,0.001336,0.000001
1514,20,16,16,44,1,0.056765,0.001295,0.000001
1515,20,12,12,48,1,0.000348,0.000995,0.000001
1516,20,14,16,44,1,0.001140,0.001223,0.000001
1517,20,8,8,32,1,0.000296,0.000719,0.000001
1518,20,14,14,38,1,0.001433,0.001108,0.000001
1519,20,14,14,48,1,0.001408,0.001141,0.000001
1520,20,12,12,30,1,0.000305,0.000959,0.000001
1521,20,12,12,36,1,0.000323,0.000966,0.000001
1522,20,14,14,36,1,0.000907,0.001089,0.000001
1523,20,10,10,30,1,0.000362,0.000834,0.000001
1524,20,14,14,42,1,0.001353,0.001088,0.000001
1525,20,12,12,42,1,0.000300,0.000980,0.000001
1526,20,14,14,36,1,0.000959,0.001084,0.000001
1527,20,14,14,38,1,0.000978,0.001138,0.000001
1528,20,14,14,36,1,0.020136,0.001148,0.000001
1529,20,10,10,32,1,0.000302,0.000817,0.000001
1530,20,10,10,40,1,0.000350,0.000828,0.000001
1531,20,14,14,50,1,0.001784,0.001174,0.000001
1532,20,-1,16,40,1,0.074705,0.001455,0.000001
1533,20,14,14,44,1,0.000934,0.001198,0.000001
1534,20,14,14,42,1,0.002238,0.001185,0.000001
1535,20,10,10,36,1,0.000572,0.000952,0.000001
1536,20,12,12,36,1,0.000414,0.001000,0.000001
1537,20,-1,16,42,1,0.081461,0.001241,0.000001
1538,20,14,14,38,1,0.004698,0.001086,0.000001
1539,20,12,12,40,1,0.000491,0.001031,0.000001
1540,20,12,12,34,1,0.000839,0.001032,0.000001
1541,20,12,12,42,1,0.000781,0.001042,0.000001
1542,20,10,10,38,1,0.000341,0.000954,0.000001
1543,20,16,16,44,1,0.009118,0.001405,0.000001
1544,20,12,12,44,1,0.002743,0.001006,0.000001
1545,20,14,14,44,1,0.005715,0.001690,0.000001
1546,20,16,16,38,1,0.047930,0.001414,0.000001
1547,20,10,10,38,1,0.000459,0.000923,0.000001
1548,20,16,16,40,1,0.016012,0.001401,0.000001
1549,20,14,14,44,1,0.020385,0.001238,0.000001
1550,20,10,10,34,1,0.000313,0.000877,0.000001
1551,20,12,12,40,1,0.000324,0.001024,0.000001
1552,20,14,14,38,1,0.000330,0.001108,0.000001
1553,20,16,16,42,1,0.016587,0.001290,0.000001
1554,20,14,14,40,1,0.040574,0.001185,0.000001
1555,20,10,10,46,1,0.000400,0.000835,0.000001
1556,20,14,14,38,1,0.001535,0.001110,0.000001
1557,20,16,16,36,1,0.051636,0.001324,0.000001
1558,20,-1,16,46,1,0.072526,0.001445,0.000001
1559,20,14,14,38,1,0.000808,0.001099,0.000001
1560,20,12,12,44,1,0.000306,0.000982,0.000001
1561,20,8,8,32,1,0.000348,0.000687,0.000001
1562,20,14,14,44,1,0.001231,0.001124,0.000001
1563,20,10,10,32,1,0.000602,0.000828,0.000000
1564,20,18,18,40,1,0.038747,0.001497,0.000001
1565,20,14,14,36,1,0.001132,0.001428,0.000001
1566,20,16,16,34,1,0.010496,0.001718,0.000001
1567,20,12,12,34,1,0.001283,0.001213,0.000002
1568,20,14,14,46,1,0.000809,0.001036,0.000001
1569,20,14,14,36,1,0.005474,0.001096,0.000001
1570,20,14,14,42,1,0.003141,0.001084,0.000001
1571,20,14,14,52,1,0.001421,0.001115,0.000001
1572,20,16,16,34,1,0.079511,0.001345,0.000001
1573,20,10,10,42,1,0.000386,0.000876,0.000001
1574,20,8,8,34,1,0.000431,0.000824,0.000001
1575,20,12,12,32,1,0.000690,0.001001,0.000001
1576,20,12,12,40,1,0.001249,0.001041,0.000001
1577,20,10,10,38,1,0.000361,0.000847,0.000001
1578,20,14,14,44,1,0.002648,0.001155,0.000001
1579,20,8,8,46,1,0.000332,0.000720,0.000001
1580,20,10,10,38,1,0.000430,0.000892,0.000001
1581,20,16,16,34,1,0.039524,0.001286,0.000001
1582,20,14,14,32,1,0.010361,0.001120,0.000001
1583,20,14,14,42,1,0.004423,0.001142,0.000001
1584,20,10,10,38,1,0.000316,0.000937,0.000001
1585,20,12,12,38,1,0.000579,0.000984,0.000001
1586,20,12,12,44,1,0.001994,0.000994,0.000001
1587,20,16,16,38,1,0.028222,0.001320,0.000001
1588,20,-1,18,42,1,0.077100,0.001392,0.000001
1589,20,12,12,40,1,0.000778,0.000968,0.000001
1590,20,16,16,46,1,0.017177,0.001321,0.000001
1591,20,14,14,32,1,0.006761,0.001170,0.000001
1592,20,14,14,50,1,0.029757,0.001139,0.000001
1593,20,12,12,36,1,0.000311,0.000962,0.000001
1594,20,10,10,24,1,0.000304,0.000857,0.000001
1595,20,8,8,38,1,0.000308,0.000735,0.000000
1596,20,12,12,38,1,0.001116,0.000989,0.000001
1597,20,10,10,38,1,0.000314,0.000917,0.000001
1598,20,12,12,44,1,0.000562,0.000959,0.000001
1599,20,12,12,48,1,0.000783,0.000987,0.000001
1600,20,16,16,36,1,0.022544,0.001295,0.000001
1601,20,12,12,36,1,0.000958,0.000958,0.000001
1602,20,16,16,40,1,0.001512,0.001319,0.000001
1603,20,14,14,36,1,0.003782,0.001151,0.000001
1604,20,12,12,48,1,0.001183,0.000986,0.000001
1605,20,-1,16,42,1,0.081100,0.001385,0.000001
1606,20,10,10,38,1,0.000471,0.000851,0.000001
1607,20,14,14,42,1,0.000395,0.001405,0.000001
1608,20,10,10,42,1,0.000369,0.000827,0.000001
1609,20,12,12,40,1,0.000655,0.000996,0.000001
1610,20,16,16,36,1,0.043625,0.001363,0.000001
1611,20,14,14,40,1,0.001497,0.001132,0.000001
1612,20,14,14,38,1,0.004746,0.001097,0.000001
1613,20,12,12,32,1,0.000598,0.000957,0.000001
1614,20,12,12,42,1,0.000731,0.001027,0.000001
1615,20,12,12,40,1,0.000314,0.000995,0.000001
1616,20,10,10,34,1,0.000308,0.000811,0.000001
1617,20,12,12,34,1,0.000926,0.001034,0.000000
1618,20,10,10,34,1,0.000313,0.001040,0.000001
1619,20,14,14,38,1,0.000597,0.001438,0.000001
1620,20,12,12,40,1,0.002181,0.001014,0.000001
1621,20,-1,16,46,1,0.073080,0.001359,0.000001
1622,20,12,12,36,1,0.000535,0.000956,0.000001
1623,20,10,10,38,1,0.000402,0.000833,0.000001
1624,20,14,14,38,1,0.001116,0.001125,0.000001
1625,20,14,14,40,1,0.006839,0.001133,0.000001
1626,20,14,14,34,1,0.000692,0.001106,0.000001
1627,20,8,8,30,1,0.000410,0.000711,0.000001
1628,20,10,10,36,1,0.000302,0.000852,0.000001
1629,20,14,14,40,1,0.009458,0.001115,0.000001
1630,20,10,10,44,1,0.000344,0.000842,0.000001
1631,20,10,10,30,1,0.000318,0.000840,0.000000
1632,20,12,12,42,1,0.002730,0.000978,0.000001
1633,20,14,14,44,1,0.000454,0.001095,0.000001
1634,20,12,12,38,1,0.000416,0.000994,0.000001
1635,20,12,12,38,1,0.002663,0.000950,0.000001
1636,20,10,10,40,1,0.000311,0.000853,0.000001
1637,20,10,10,34,1,0.000366,0.000851,0.000001
1638,20,12,12,40,1,0.000367,0.000977,0.000000
1639,20,12,12,42,1,0.000344,0.000931,0.000001
1640,20,10,10,34,1,0.000431,0.000827,0.000001
1641,20,14,14,32,1,0.001563,0.001086,0.000001
1642,20,12,12,38,1,0.000523,0.001000,0.000001
1643,20,12,12,38,1,0.000539,0.000950,0.000000
1644,20,12,12,32,1,0.000512,0.001013,0.000001
1645,20,12,12,38,1,0.000400,0.000946,0.000001
1646,20,14,14,30,1,0.000958,0.001102,0.000001
1647,20,10,10,32,1,0.000299,0.001089,0.000001
1648,20,12,12,42,1,0.000333,0.001012,0.000001
1649,20,10,10,34,1,0.000409,0.000836,0.000001
1650,20,14,14,38,1,0.008868,0.001139,0.000001
1651,20,12,12,44,1,0.001686,0.000969,0.000001
1652,20,14,14,38,1,0.003663,0.001133,0.000001
1653,20,12,12,32,1,0.000855,0.000956,0.000001
1654,20,12,12,40,1,0.001548,0.000971,0.000000
1655,20,16,16,46,1,0.002491,0.001298,0.000001
1656,20,14,14,46,1,0.000481,0.001122,0.000001
1657,20,12,14,42,1,0.000771,0.001086,0.000000
1658,20,12,12,36,1,0.001140,0.000971,0.000001
1659,20,14,14,42,1,0.000310,0.001109,0.000001
1660,20,14,14,44,1,0.000315,0.001107,0.000001
1661,20,16,16,40,1,0.021324,0.001242,0.000001
1662,20,14,14,36,1,0.002635,0.001106,0.000001
1663,20,12,12,36,1,0.000770,0.000964,0.000001
1664,20,12,12,40,1,0.001011,0.000961,0.000000
1665,20,14,14,34,1,0.001880,0.001120,0.000001
1666,20,14,14,40,1,0.020929,0.001149,0.000001
1667,20,14,14,42,1,0.001515,0.001126,0.000001
1668,20,14,14,44,1,0.004150,0.001132,0.000001
1669,20,12,12,36,1,0.000925,0.000965,0.000001
1670,20,12,12,46,1,0.000700,0.001033,0.000001
1671,20,16,16,42,1,0.032962,0.001294,0.000001
1672,20,12,12,38,1,0.001932,0.000974,0.000001
1673,20,10,10,28,1,0.000394,0.000814,0.000001
1674,20,12,12,38,1,0.001904,0.000975,0.000001
1675,20,16,16,30,1,0.009455,0.001298,0.000001
1676,20,14,14,36,1,0.003112,0.001286,0.000001
1677,20,14,14,40,1,0.001327,0.001172,0.000001
1678,20,16,16,38,1,0.001959,0.001316,0.000001
1679,20,10,10,40,1,0.000487,0.000887,0.000001
1680,20,12,12,40,1,0.000649,0.000965,0.000001
1681,20,10,10,34,1,0.000305,0.000836,0.000001
1682,20,14,14,44,1,0.001825,0.001131,0.000001
1683,20,14,14,42,1,0.001811,0.001115,0.000001
1684,20,8,8,38,1,0.000308,0.000688,0.000001
1685,20,-1,14,46,1,0.070979,0.001183,0.000001
1686,20,12,12,40,1,0.000334,0.001074,0.000001
1687,20,14,14,38,1,0.000825,0.001115,0.000001
1688,20,14,14,40,1,0.000566,0.001122,0.000001
1689,20,14,14,36,1,0.017103,0.001130,0.000001
1690,20,16,16,36,1,0.049052,0.001414,0.000001
1691,20,14,14,32,1,0.004571,0.001204,0.000001
1692,20,16,18,34,1,0.008028,0.001528,0.000001
1693,20,14,14,44,1,0.008647,0.001260,0.000001
1694,20,10,10,42,1,0.000315,0.000948,0.000001
1695,20,8,8,32,1,0.000316,0.000789,0.000001
1696,20,10,10,36,1,0.000356,0.000833,0.000001
1697,20,12,12,44,1,0.000511,0.001040,0.000001
1698,20,12,12,36,1,0.001294,0.001000,0.000001
1699,20,10,10,38,1,0.000359,0.000929,0.000001
1700,20,12,12,40,1,0.000327,0.000959,0.000001
1701,20,-1,16,42,1,0.087383,0.001305,0.000001
1702,20,12,12,42,1,0.000646,0.001047,0.000001
1703,20,14,14,42,1,0.001948,0.001199,0.000001
1704,20,14,14,40,1,0.018499,0.001225,0.000001
1705,20,10,10,42,1,0.000450,0.000981,0.000001
1706,20,14,14,44,1,0.000346,0.001166,0.000001
1707,20,10,10,38,1,0.000466,0.000867,0.000001
1708,20,12,12,42,1,0.000505,0.001105,0.000001
1709,20,14,14,38,1,0.000486,0.001251,0.000001
1710,20,14,14,34,1,0.000719,0.001169,0.000001
1711,20,12,12,42,1,0.000703,0.001054,0.000001
1712,20,12,12,42,1,0.012064,0.001038,0.000001
1713,20,12,12,44,1,0.000785,0.001034,0.000000
1714,20,12,12,32,1,0.004412,0.001085,0.000001
1715,20,-1,16,38,1,0.075175,0.001295,0.000001
1716,20,12,12,32,1,0.000548,0.000990,0.000001
1717,20,14,14,42,1,0.000322,0.001093,0.000000
1718,20,14,14,38,1,0.001248,0.001183,0.000001
1719,20,14,14,42,1,0.017457,0.001116,0.000001
1720,20,14,14,42,1,0.005235,0.001129,0.000001
1721,20,12,12,46,1,0.000299,0.000995,0.000001
1722,20,14,14,48,1,0.000665,0.001214,0.000001
1723,20,14,14,36,1,0.000316,0.001120,0.000001
1724,20,14,14,48,1,0.002077,0.001141,0.000001
1725,20,12,12,38,1,0.001623,0.000967,0.000001
1726,20,16,16,46,1,0.001876,0.001430,0.000001
1727,20,12,12,36,1,0.000607,0.001177,0.000001
1728,20,14,14,44,1,0.002705,0.001134,0.000001
1729,20,12,12,32,1,0.001178,0.000977,0.000001
1730,20,12,12,38,1,0.005002,0.000990,0.000001
1731,20,12,12,42,1,0.001094,0.001051,0.000001
1732,20,12,12,38,1,0.003410,0.000944,0.000001
1733,20,10,10,40,1,0.000341,0.000859,0.000001
1734,20,16,16,36,1,0.004054,0.001295,0.000001
1735,20,12,12,34,1,0.000325,0.000992,0.000001
1736,20,12,12,42,1,0.000526,0.000963,0.000001
1737,20,16,16,40,1,0.007864,0.001240,0.000001
1738,20,14,14,40,1,0.000777,0.001156,0.000001
1739,20,14,14,40,1,0.000784,0.001138,0.000001
1740,20,14,14,32,1,0.005823,0.001126,0.000001
1741,20,14,14,38,1,0.033530,0.001165,0.000001
1742,20,10,10,26,1,0.000300,0.000832,0.000001
1743,20,12,12,30,1,0.000436,0.001035,0.000000
1744,20,-1,16,38,1,0.077931,0.001406,0.000001
1745,20,12,12,42,1,0.000729,0.000963,0.000001
1746,20,12,12,44,1,0.000379,0.000970,0.000001
1747,20,10,10,36,1,0.000409,0.000841,0.000001
1748,20,14,14,36,1,0.017333,0.001451,0.000001
1749,20,12,12,40,1,0.000854,0.000960,0.000001
1750,20,14,14,36,1,0.009115,0.001125,0.000001
1751,20,14,14,30,1,0.000835,0.001118,0.000001
1752,20,-1,16,36,1,0.075195,0.001412,0.000001
1753,20,12,12,44,1,0.000674,0.000956,0.000001
1754,20,8,8,32,1,0.000334,0.000734,0.000001
1755,20,12,14,42,1,0.001779,0.001104,0.000001
1756,20,12,12,36,1,0.000311,0.000959,0.000001
1757,20,12,12,24,1,0.006623,0.001642,0.000001
1758,20,12,12,42,1,0.000416,0.001069,0.000001
1759,20,10,10,40,1,0.000382,0.000830,0.000001
1760,20,12,12,34,1,0.000316,0.000974,0.000001
1761,20,18,18,36,1,0.000466,0.001371,0.000001
1762,20,12,12,34,1,0.001021,0.000973,0.000001
1763,20,14,14,34,1,0.010248,0.001137,0.000001
1764,20,14,14,42,1,0.000703,0.001095,0.000001
1765,20,12,12,38,1,0.001587,0.000941,0.000001
1766,20,16,16,36,1,0.042730,0.001284,0.000001
1767,20,14,14,46,1,0.005858,0.001091,0.000001
1768,20,12,12,38,1,0.000362,0.000973,0.000001
1769,20,10,10,48,1,0.000349,0.000828,0.000001
1770,20,10,10,38,1,0.000321,0.000934,0.000001
1771,20,-1,16,38,1,0.070967,0.001352,0.000001
1772,20,12,12,42,1,0.000318,0.001030,0.000001
1773,20,12,12,38,1,0.000632,0.001056,0.000001
1774,20,10,10,40,1,0.000337,0.000860,0.000001
1775,20,12,12,40,1,0.001847,0.001061,0.000001
1776,20,14,14,40,1,0.001595,0.001207,0.000001
1777,20,16,16,36,1,0.041297,0.001388,0.000001
1778,20,14,14,38,1,0.001071,0.001237,0.000001
1779,20,12,12,42,1,0.000860,0.001029,0.000001
1780,20,16,16,34,1,0.005155,0.001323,0.000001
1781,20,14,14,42,1,0.036849,0.001290,0.000001
1782,20,14,14,40,1,0.010882,0.001220,0.000001
1783,20,10,10,36,1,0.000327,0.000887,0.000001
1784,20,12,12,38,1,0.001173,0.001049,0.000001
1785,20,12,12,42,1,0.000746,0.001009,0.000001
1786,20,14,14,48,1,0.001858,0.001275,0.000001
1787,20,12,12,40,1,0.000334,0.001012,0.000001
1788,20,10,10,40,1,0.000444,0.000939,0.000001
1789,20,12,12,34,1,0.000861,0.001081,0.000001
1790,20,12,12,38,1,0.000368,0.001053,0.000001
1791,20,14,14,38,1,0.000862,0.001152,0.000001
1792,20,12,12,40,1,0.000544,0.001027,0.000001
1793,20,14,14,44,1,0.001489,0.001171,0.000001
1794,20,12,12,38,1,0.000795,0.001033,0.000001
1795,20,12,12,42,1,0.000425,0.001075,0.000001
1796,20,8,8,36,1,0.000309,0.000774,0.000001
1797,20,10,10,46,1,0.000345,0.000870,0.000001
1798,20,14,14,48,1,0.001132,0.001179,0.000001
1799,20,12,12,46,1,0.000707,0.000998,0.000001
1800,20,14,14,46,1,0.000799,0.001171,0.000001
1801,20,12,12,36,1,0.000686,0.001001,0.000001
1802,20,16,16,48,1,0.000328,0.001352,0.000001
1803,20,14,14,40,1,0.001157,0.001138,0.000001
1804,20,12,12,32,1,0.000323,0.001091,0.000001
1805,20,14,14,34,1,0.012764,0.001215,0.000001
1806,20,14,14,36,1,0.000810,0.001210,0.000001
1807,20,14,14,42,1,0.008472,0.001120,0.000001
1808,20,12,12,42,1,0.000511,0.001037,0.000001
1809,20,14,14,38,1,0.011673,0.001155,0.000001
1810,20,14,14,34,1,0.032853,0.001115,0.000001
1811,20,14,14,36,1,0.004035,0.001102,0.000001
1812,20,16,16,40,1,0.004325,0.001266,0.000001
1813,20,14,14,42,1,0.001826,0.001090,0.000001
1814,20,12,12,38,1,0.000994,0.001046,0.000001
1815,20,14,16,34,1,0.002030,0.001248,0.000001
1816,20,14,14,40,1,0.019554,0.001162,0.000001
1817,20,16,16,48,1,0.021210,0.001241,0.000001
1818,20,8,8,34,1,0.000342,0.000766,0.000001
1819,20,14,14,44,1,0.009603,0.001191,0.000001
1820,20,-1,16,36,1,0.074984,0.001488,0.000001
1821,20,14,14,40,1,0.007235,0.001241,0.000001
1822,20,10,10,42,1,0.000408,0.000934,0.000001
1823,20,10,10,30,1,0.000335,0.000912,0.000001
1824,20,14,14,40,1,0.045142,0.001742,0.000001
1825,20,12,12,42,1,0.000758,0.001537,0.000001
1826,20,14,14,38,1,0.006279,0.001716,0.000001
1827,20,10,10,38,1,0.000454,0.000943,0.000001
1828,20,12,12,44,1,0.002352,0.001429,0.000001
1829,20,14,14,38,1,0.004894,0.001700,0.000001
1830,20,14,14,42,1,0.000388,0.001635,0.000001
1831,20,10,10,38,1,0.000763,0.001254,0.000001
1832,20,12,12,38,1,0.000709,0.001497,0.000001
1833,20,10,10,32,1,0.000519,0.001230,0.000001
1834,20,12,12,40,1,0.000886,0.001437,0.000001
1835,20,14,14,42,1,0.026261,0.001180,0.000001
1836,20,12,12,40,1,0.000881,0.001217,0.000001
1837,20,8,8,40,1,0.000435,0.000828,0.000001
1838,20,10,10,44,1,0.000397,0.000926,0.000001
1839,20,10,10,42,1,0.000314,0.000917,0.000001
1840,20,10,10,40,1,0.000393,0.000878,0.000001
1841,20,12,12,42,1,0.000660,0.001013,0.000001
1842,20,16,16,42,1,0.007154,0.001404,0.000001
1843,20,12,12,44,1,0.000496,0.001011,0.000001
1844,20,14,14,42,1,0.002640,0.001185,0.000001
1845,20,14,14,42,1,0.001769,0.001176,0.000001
1846,20,16,18,48,1,0.005843,0.001532,0.000001
1847,20,16,16,40,1,0.003550,0.001322,0.000001
1848,20,10,10,42,1,0.000377,0.000888,0.000001
1849,20,8,8,40,1,0.000332,0.000741,0.000001
1850,20,10,10,44,1,0.000336,0.000913,0.000001
1851,20,10,10,40,1,0.000302,0.000940,0.000001
1852,20,12,12,38,1,0.004581,0.001087,0.000001
1853,20,8,8,36,1,0.000307,0.000779,0.000001
1854,20,14,14,38,1,0.023026,0.001704,0.000001
1855,20,14,14,40,1,0.008822,0.001748,0.000001
1856,20,10,10,38,1,0.000500,0.001207,0.000001
1857,20,12,12,44,1,0.000769,0.001444,0.000001
1858,20,-1,18,46,1,0.083965,0.001497,0.000001
1859,20,12,12,34,1,0.000330,0.001203,0.000001
1860,20,12,12,40,1,0.000926,0.001016,0.000001
1861,20,12,12,42,1,0.001798,0.001019,0.000001
1862,20,10,10,34,1,0.000362,0.000924,0.000001
1863,20,16,16,40,1,0.020992,0.001431,0.000001
1864,20,14,14,44,1,0.022519,0.001249,0.000001
1865,20,14,14,34,1,0.000340,0.001251,0.000001
1866,20,14,14,40,1,0.020413,0.001213,0.000001
1867,20,14,14,42,1,0.001175,0.001227,0.000001
1868,20,12,12,36,1,0.000404,0.001038,0.000001
1869,20,12,12,36,1,0.001452,0.001020,0.000001
1870,20,12,12,42,1,0.000539,0.001010,0.000001
1871,20,14,14,38,1,0.000419,0.001224,0.000001
1872,20,12,12,32,1,0.000332,0.001029,0.000001
1873,20,14,14,34,1,0.001488,0.001354,0.000001
1874,20,12,12,40,1,0.000619,0.001016,0.000001
1875,20,16,16,42,1,0.052019,0.001371,0.000001
1876,20,14,14,38,1,0.001361,0.001317,0.000001
1877,20,14,14,40,1,0.002060,0.001179,0.000001
1878,20,8,8,44,1,0.000335,0.000726,0.000001
1879,20,14,14,40,1,0.000614,0.001303,0.000001
1880,20,12,12,36,1,0.000533,0.001026,0.000001
1881,20,12,12,32,1,0.000459,0.001063,0.000001
1882,20,12,12,38,1,0.000796,0.001196,0.000001
1883,20,14,14,42,1,0.001011,0.001226,0.000001
1884,20,12,12,36,1,0.001216,0.000973,0.000001
1885,20,12,12,34,1,0.001283,0.001067,0.000001
1886,20,14,14,32,1,0.001144,0.001185,0.000001
1887,20,14,14,34,1,0.005374,0.001388,0.000001
1888,20,14,14,38,1,0.001282,0.001144,0.000001
1889,20,14,14,44,1,0.000924,0.001212,0.000001
1890,20,12,12,36,1,0.000608,0.001007,0.000001
1891,20,14,14,40,1,0.000320,0.001173,0.000001
1892,20,14,14,38,1,0.041420,0.001221,0.000001
1893,20,-1,16,42,1,0.072055,0.001264,0.000001
1894,20,10,10,38,1,0.000537,0.000852,0.000001
1895,20,14,14,36,1,0.000609,0.001086,0.000001
1896,20,12,12,36,1,0.000555,0.000984,0.000001
1897,20,12,12,38,1,0.000313,0.000987,0.000001
1898,20,14,14,46,1,0.000912,0.001118,0.000001
1899,20,-1,16,32,1,0.072902,0.001286,0.000001
1900,20,12,12,44,1,0.000387,0.000982,0.000001
1901,20,14,14,38,1,0.000331,0.001118,0.000001
1902,20,12,12,44,1,0.000559,0.000991,0.000001
1903,20,14,14,34,1,0.003905,0.001239,0.000001
1904,20,14,14,42,1,0.000607,0.001142,0.000001
1905,20,14,14,44,1,0.000333,0.001242,0.000001
1906,20,16,16,42,1,0.029202,0.001284,0.000001
1907,20,12,12,38,1,0.000389,0.000959,0.000001
1908,20,14,14,32,1,0.003285,0.001112,0.000001
1909,20,14,14,34,1,0.041408,0.001164,0.000001
1910,20,14,14,42,1,0.002600,0.001135,0.000001
1911,20,14,14,40,1,0.001157,0.001120,0.000001
1912,20,12,12,42,1,0.000544,0.001046,0.000001
1913,20,14,14,38,1,0.024199,0.001201,0.000001
1914,20,10,10,30,1,0.000377,0.000879,0.000001
1915,20,14,14,36,1,0.007078,0.001154,0.000001
1916,20,10,10,38,1,0.000514,0.000886,0.000001
1917,20,14,14,36,1,0.002457,0.001732,0.000001
1918,20,16,16,36,1,0.040193,0.001307,0.000001
1919,20,10,10,40,1,0.000381,0.000868,0.000001
1920,20,12,12,26,1,0.001054,0.000987,0.000001
1921,20,12,12,38,1,0.000533,0.000943,0.000001
1922,20,16,16,42,1,0.002505,0.001508,0.000001
1923,20,14,14,34,1,0.005979,0.001085,0.000001
1924,20,12,12,38,1,0.000459,0.000994,0.000001
1925,20,14,14,42,1,0.001009,0.001094,0.000001
1926,20,10,10,44,1,0.000364,0.000830,0.000001
1927,20,10,10,32,1,0.000310,0.000823,0.000001
1928,20,12,12,42,1,0.000966,0.001015,0.000001
1929,20,12,12,38,1,0.000351,0.000977,0.000001
1930,20,12,12,38,1,0.000803,0.000988,0.000001
1931,20,16,16,38,1,0.051140,0.001345,0.000001
1932,20,14,14,38,1,0.000699,0.001169,0.000001
1933,20,14,14,44,1,0.001434,0.001104,0.000001
1934,20,12,12,40,1,0.000606,0.000977,0.000001
1935,20,14,14,42,1,0.003109,0.001172,0.000001
1936,20,10,10,38,1,0.000343,0.000857,0.000001
1937,20,14,14,44,1,0.003205,0.001092,0.000001
1938,20,-1,18,50,1,0.085884,0.001574,0.000001
1939,20,12,12,42,1,0.000637,0.001103,0.000001
1940,20,16,16,38,1,0.031288,0.001406,0.000001
1941,20,10,10,38,1,0.000429,0.000909,0.000001
1942,20,10,10,32,1,0.000467,0.000858,0.000000
1943,20,14,14,40,1,0.000759,0.001167,0.000001
1944,20,10,10,32,1,0.000397,0.000871,0.000001
1945,20,10,10,36,1,0.000307,0.000880,0.000000
1946,20,12,12,36,1,0.000886,0.001027,0.000001
1947,20,12,12,40,1,0.001468,0.001056,0.000001
1948,20,14,14,40,1,0.000831,0.001143,0.000001
1949,20,14,14,34,1,0.002942,0.001213,0.000001
1950,20,14,14,38,1,0.015667,0.001670,0.000001
1951,20,-1,16,32,1,0.080208,0.001250,0.000001
1952,20,10,10,46,1,0.000537,0.000865,0.000001
1953,20,12,12,38,1,0.001494,0.001025,0.000001
1954,20,12,12,34,1,0.005176,0.001076,0.000001
1955,20,14,14,42,1,0.006282,0.001147,0.000001
1956,20,14,14,36,1,0.001329,0.001136,0.000001
1957,20,12,12,30,1,0.000486,0.001149,0.000001
1958,20,14,14,36,1,0.004866,0.001122,0.000001
1959,20,12,12,36,1,0.002462,0.000964,0.000000
1960,20,12,12,38,1,0.000470,0.000954,0.000001
1961,20,12,12,32,1,0.000757,0.000989,0.000001
1962,20,14,14,34,1,0.000347,0.001121,0.000001
1963,20,12,12,38,1,0.000580,0.000971,0.000001
1964,20,12,12,38,1,0.001300,0.000967,0.000001
1965,20,16,16,34,1,0.040614,0.001271,0.000001
1966,20,12,12,26,1,0.000393,0.001127,0.000001
1967,20,-1,18,30,1,0.084791,0.001556,0.000001
1968,20,14,14,36,1,0.029965,0.001163,0.000001
1969,20,10,10,34,1,0.000425,0.000844,0.000001
1970,20,8,8,38,1,0.000340,0.000812,0.000001
1971,20,14,14,42,1,0.000770,0.001091,0.000001
1972,20,12,12,40,1,0.000391,0.000992,0.000001
1973,20,14,14,38,1,0.011554,0.001185,0.000001
1974,20,14,14,30,1,0.002020,0.001092,0.000001
1975,20,14,14,32,1,0.005526,0.001120,0.000001
1976,20,12,12,38,1,0.000502,0.001104,0.000001
1977,20,12,12,40,1,0.000351,0.000938,0.000001
1978,20,14,14,46,1,0.000883,0.001103,0.000001
1979,20,10,10,36,1,0.000402,0.000944,0.000001
1980,20,12,12,38,1,0.004719,0.001057,0.000001
1981,20,14,14,38,1,0.002144,0.001111,0.000001
1982,20,12,12,30,1,0.000743,0.000907,0.000001
1983,20,12,12,38,1,0.001869,0.000917,0.000001
1984,20,12,12,40,1,0.003220,0.000936,0.000001
1985,20,10,10,40,1,0.000405,0.000812,0.000001
1986,20,8,8,40,1,0.000371,0.000684,0.000001
1987,20,14,14,36,1,0.015030,0.001151,0.000001
1988,20,12,12,30,1,0.000573,0.001029,0.000001
1989,20,12,12,42,1,0.000314,0.001037,0.000001
1990,20,12,12,40,1,0.000303,0.001094,0.000001
1991,20,16,16,44,1,0.010516,0.001278,0.000001
1992,20,16,16,44,1,0.001036,0.001392,0.000001
1993,20,12,12,36,1,0.003338,0.000960,0.000001
1994,20,12,12,38,1,0.000993,0.000970,0.000001
1995,20,12,12,36,1,0.000538,0.000981,0.000001
1996,20,12,12,40,1,0.001711,0.000960,0.000001
1997,20,8,8,38,1,0.000387,0.001004,0.000001
1998,20,10,10,38,1,0.000416,0.000827,0.000001
1999,20,8,8,36,1,0.000370,0.000666,0.000001
2000,20,8,8,28,1,0.000370,0.000762,0.000001
2001,20,16,16,42,1,0.081558,0.001273,0.000001
2002,20,14,14,36,1,0.001830,0.001178,0.000001
2003,20,10,10,38,1,0.000533,0.000866,0.000001
2004,20,16,16,36,1,0.004335,0.001859,0.000001
2005,20,14,14,34,1,0.001962,0.001086,0.000001
2006,20,8,8,30,1,0.000320,0.000876,0.000001
2007,20,14,14,36,1,0.001475,0.001148,0.000001
2008,20,6,6,26,1,0.000333,0.000764,0.000001
2009,20,12,12,36,1,0.002071,0.000968,0.000001
2010,20,12,12,42,1,0.000730,0.001003,0.000001
2011,20,12,12,36,1,0.000403,0.001157,0.000001
2012,20,8,8,46,1,0.000496,0.000842,0.000001
2013,20,10,10,38,1,0.000359,0.001014,0.000001
2014,20,-1,16,36,1,0.078364,0.001272,0.000001
2015,20,14,14,42,1,0.002157,0.001086,0.000001
2016,20,14,14,48,1,0.001398,0.001166,0.000001
2017,20,12,12,44,1,0.000435,0.000970,0.000001
2018,20,12,12,38,1,0.000553,0.000933,0.000001
2019,20,10,10,36,1,0.000417,0.000810,0.000001
2020,20,10,10,38,1,0.000339,0.000780,0.000001
2021,20,16,16,44,1,0.070790,0.001243,0.000001
2022,20,14,14,38,1,0.001051,0.001266,0.000001
2023,20,-1,16,24,1,0.086709,0.001969,0.000001
2024,20,12,12,40,1,0.000891,0.001460,0.000001
2025,20,12,12,38,1,0.000371,0.001458,0.000001
2026,20,12,12,34,1,0.000533,0.001516,0.000002
2027,20,14,14,46,1,0.000571,0.001139,0.000001
2028,20,14,14,44,1,0.005605,0.001181,0.000001
2029,20,14,14,42,1,0.001409,0.001359,0.000001
2030,20,14,14,42,1,0.001159,0.001140,0.000001
2031,20,16,16,50,1,0.000319,0.001781,0.000001
2032,20,12,12,36,1,0.000361,0.001440,0.000001
2033,20,14,14,38,1,0.001813,0.001574,0.000001
2034,20,14,14,44,1,0.005286,0.001350,0.000001
2035,20,12,12,30,1,0.000528,0.001109,0.000001
2036,20,14,14,40,1,0.011102,0.001153,0.000001
2037,20,10,10,38,1,0.000438,0.000872,0.000001
2038,20,16,16,36,1,0.033466,0.001248,0.000001
2039,20,8,8,36,1,0.000321,0.000682,0.000001
2040,20,12,12,38,1,0.000834,0.000972,0.000001
2041,20,14,14,44,1,0.001203,0.001095,0.000001
2042,20,14,14,36,1,0.000904,0.001486,0.000001
2043,20,12,12,42,1,0.000730,0.001200,0.000001
2044,20,14,14,38,1,0.009716,0.001129,0.000001
2045,20,-1,18,40,1,0.087223,0.001501,0.000001
2046,20,14,14,40,1,0.002543,0.001067,0.000001
2047,20,14,14,34,1,0.000882,0.001080,0.000001
2048,20,10,10,42,1,0.000498,0.000838,0.000001
2049,20,10,10,38,1,0.000387,0.000816,0.000001
2050,20,12,12,42,1,0.006478,0.001007,0.000001
2051,20,14,16,40,1,0.002474,0.001819,0.000001
2052,20,14,14,40,1,0.001538,0.001614,0.000006
2053,20,8,8,34,1,0.000387,0.000958,0.000001
2054,20,14,14,42,1,0.001161,0.001239,0.000001
2055,20,12,12,44,1,0.000783,0.001267,0.000001
2056,20,10,10,40,1,0.000632,0.001125,0.000001
2057,20,12,12,38,1,0.005396,0.001022,0.000001
2058,20,10,10,42,1,0.000363,0.000852,0.000000
2059,20,12,12,42,1,0.000367,0.000991,0.000001
2060,20,14,14,44,1,0.002020,0.001198,0.000001
2061,20,14,14,32,1,0.000445,0.001155,0.000001
2062,20,16,16,44,1,0.059122,0.001326,0.000001
2063,20,-1,16,44,1,0.152985,0.001297,0.000001
2064,20,14,14,36,1,0.000347,0.001177,0.000001
2065,20,14,14,46,1,0.005160,0.001143,0.000001
2066,20,12,12,30,1,0.001979,0.001082,0.000001
2067,20,12,12,34,1,0.000900,0.001182,0.000001
2068,20,16,16,40,1,0.040130,0.001281,0.000001
2069,20,12,12,34,1,0.000596,0.000941,0.000001
2070,20,14,14,46,1,0.000336,0.001138,0.000001
2071,20,-1,16,32,1,0.093877,0.001792,0.000001
2072,20,12,12,38,1,0.004994,0.000940,0.000001
2073,20,14,14,46,1,0.001934,0.001307,0.000001
2074,20,8,8,36,1,0.000324,0.000731,0.000001
2075,20,12,12,34,1,0.000351,0.001062,0.000001
2076,20,10,10,28,1,0.000376,0.000826,0.000000
2077,20,14,14,48,1,0.001201,0.001175,0.000001
2078,20,12,12,40,1,0.000582,0.001013,0.000001
2079,20,14,14,38,1,0.000408,0.001151,0.000001
2080,20,10,10,42,1,0.000315,0.000948,0.000001
2081,20,10,10,42,1,0.000339,0.000885,0.000001
2082,20,10,10,40,1,0.000317,0.000831,0.000001
2083,20,14,14,38,1,0.004914,0.001206,0.000001
2084,20,12,12,42,1,0.000623,0.000968,0.000001
2085,20,12,12,36,1,0.007087,0.000946,0.000001
2086,20,12,12,38,1,0.000577,0.000971,0.000001
2087,20,14,14,36,1,0.003242,0.001135,0.000001
2088,20,14,14,38,1,0.001265,0.001155,0.000001
2089,20,10,10,40,1,0.000388,0.000833,0.000001
2090,20,16,16,40,1,0.008104,0.001276,0.000001
2091,20,12,12,34,1,0.000684,0.001007,0.000001
2092,20,16,16,40,1,0.005047,0.001420,0.000001
2093,20,10,10,36,1,0.000374,0.000842,0.000001
2094,20,12,12,38,1,0.000683,0.001064,0.000002
2095,20,14,14,32,1,0.026621,0.001269,0.000001
2096,20,12,12,36,1,0.001268,0.000988,0.000001
2097,20,12,12,44,1,0.000511,0.000971,0.000001
2098,20,14,14,44,1,0.005977,0.001260,0.000001
2099,20,12,12,42,1,0.000312,0.000967,0.000001
2100,20,14,14,36,1,0.030369,0.001265,0.000001
2101,20,12,12,36,1,0.000310,0.000987,0.000001
2102,20,12,12,40,1,0.000772,0.000939,0.000001
2103,20,16,18,40,1,0.069757,0.001474,0.000001
2104,20,10,10,42,1,0.000351,0.000825,0.000001
2105,20,10,10,32,1,0.000747,0.000845,0.000001
2106,20,12,12,40,1,0.000313,0.000954,0.000001
2107,20,16,16,40,1,0.050219,0.001412,0.000001
2108,20,10,10,42,1,0.000354,0.000839,0.000001
2109,20,12,12,40,1,0.001051,0.000961,0.000001
2110,20,12,12,34,1,0.000528,0.000970,0.000000
2111,20,-1,16,38,1,0.099154,0.001234,0.000001
2112,20,10,10,44,1,0.000529,0.000808,0.000000
2113,20,-1,16,42,1,0.082228,0.001276,0.000001
2114,20,14,14,46,1,0.003235,0.001076,0.000001
2115,20,12,12,40,1,0.001526,0.000948,0.000001
2116,20,14,14,38,1,0.000542,0.001093,0.000001
2117,20,12,12,38,1,0.000567,0.000940,0.000001
2118,20,12,12,32,1,0.001675,0.000910,0.000000
2119,20,12,12,26,1,0.003146,0.000983,0.000001
2120,20,12,12,36,1,0.002516,0.000975,0.000001
2121,20,12,12,30,1,0.000562,0.000980,0.000001
2122,20,-1,16,40,1,0.079711,0.001546,0.000001
2123,20,12,12,30,1,0.000333,0.000943,0.000000
2124,20,12,12,40,1,0.000476,0.000953,0.000001
2125,20,12,12,38,1,0.000427,0.000976,0.000001
2126,20,14,14,46,1,0.001648,0.001051,0.000001
2127,20,10,10,32,1,0.000375,0.000844,0.000001
2128,20,12,12,34,1,0.000668,0.000887,0.000001
2129,20,14,14,46,1,0.001154,0.001046,0.000001
2130,20,14,14,44,1,0.001914,0.001115,0.000001
2131,20,14,14,42,1,0.000340,0.001124,0.000001
2132,20,16,16,38,1,0.000352,0.001224,0.000001
2133,20,12,12,42,1,0.000773,0.000981,0.000001
2134,20,14,14,42,1,0.000348,0.001095,0.000001
2135,20,12,12,36,1,0.000488,0.000959,0.000001
2136,20,-1,16,38,1,0.088863,0.001747,0.000001
2137,20,12,12,40,1,0.001077,0.001039,0.000001
2138,20,14,14,40,1,0.047078,0.001111,0.000001
2139,20,12,12,40,1,0.000343,0.000972,0.000001
2140,20,10,10,42,1,0.000465,0.000850,0.000001
2141,20,14,14,38,1,0.002076,0.001087,0.000001
2142,20,10,10,40,1,0.000364,0.000802,0.000001
2143,20,10,10,36,1,0.000382,0.000830,0.000001
2144,20,14,14,38,1,0.001407,0.001058,0.000001
2145,20,14,14,46,1,0.002439,0.001178,0.000001
2146,20,12,12,32,1,0.002515,0.000940,0.000001
2147,20,12,12,36,1,0.000725,0.000951,0.000001
2148,20,-1,16,44,1,0.105636,0.001377,0.000001
2149,20,14,14,40,1,0.002659,0.001629,0.000001
2150,20,12,12,38,1,0.000478,0.001002,0.000001
2151,20,12,12,34,1,0.000732,0.001022,0.000001
2152,20,14,14,40,1,0.001031,0.001139,0.000001
2153,20,14,14,34,1,0.002430,0.001070,0.000001
2154,20,14,14,40,1,0.019314,0.001225,0.000001
2155,20,10,10,32,1,0.000502,0.000847,0.000001
2156,20,12,12,44,1,0.000606,0.001346,0.000001
2157,20,-1,18,34,1,0.080240,0.001623,0.000001
2158,20,12,12,42,1,0.001089,0.000949,0.000001
2159,20,10,10,34,1,0.000302,0.000837,0.000001
2160,20,14,14,36,1,0.000861,0.001050,0.000001
2161,20,14,16,42,1,0.015120,0.001256,0.000001
2162,20,12,12,42,1,0.000633,0.000945,0.000001
2163,20,12,12,38,1,0.000594,0.000924,0.000001
2164,20,14,14,38,1,0.000672,0.001127,0.000001
2165,20,12,12,42,1,0.004100,0.001275,0.000001
2166,20,14,14,38,1,0.000510,0.001113,0.000001
2167,20,12,12,38,1,0.000402,0.001043,0.000001
2168,20,10,10,40,1,0.000305,0.001272,0.000001
2169,20,12,12,40,1,0.000320,0.000940,0.000001
2170,20,12,12,38,1,0.000396,0.000979,0.000001
2171,20,12,12,40,1,0.001245,0.000904,0.000001
2172,20,14,14,36,1,0.001016,0.001102,0.000001
2173,20,14,14,40,1,0.003724,0.001126,0.000001
2174,20,14,14,38,1,0.028502,0.001033,0.000001
2175,20,14,14,36,1,0.003068,0.001106,0.000001
2176,20,14,14,38,1,0.001393,0.001040,0.000001
2177,20,10,10,34,1,0.001311,0.000801,0.000001
2178,20,14,14,40,1,0.003513,0.001155,0.000001
2179,20,14,14,38,1,0.004354,0.001133,0.000001
2180,20,14,14,42,1,0.002257,0.001056,0.000001
2181,20,16,16,36,1,0.009760,0.001252,0.000001
2182,20,10,10,44,1,0.000352,0.000958,0.000001
2183,20,10,10,38,1,0.000405,0.000814,0.000001
2184,20,8,8,42,1,0.000338,0.000723,0.000001
2185,20,12,12,40,1,0.000677,0.000938,0.000001
2186,20,12,12,34,1,0.001481,0.000976,0.000001
2187,20,12,12,42,1,0.000473,0.000924,0.000001
2188,20,12,12,42,1,0.000527,0.000943,0.000001
2189,20,12,12,38,1,0.001337,0.000962,0.000001
2190,20,14,14,36,1,0.013536,0.001072,0.000000
2191,20,10,10,40,1,0.000301,0.000857,0.000001
2192,20,8,8,40,1,0.000308,0.000705,0.000001
2193,20,14,14,36,1,0.004345,0.001118,0.000001
2194,20,12,12,34,1,0.000333,0.000948,0.000001
2195,20,12,12,38,1,0.000542,0.000968,0.000001
2196,20,14,14,38,1,0.003882,0.001089,0.000001
2197,20,14,14,42,1,0.002123,0.001055,0.000001
2198,20,14,14,28,1,0.001092,0.001060,0.000001
2199,20,-1,16,44,1,0.091284,0.001166,0.000001
2200,20,14,14,32,1,0.001359,0.001070,0.000001
2201,20,14,14,44,1,0.008502,0.001189,0.000001
2202,20,14,14,36,1,0.028556,0.001049,0.000001
2203,20,8,8,36,1,0.000292,0.000681,0.000001
2204,20,10,10,38,1,0.000551,0.000784,0.000001
2205,20,14,14,40,1,0.001275,0.001088,0.000001
2206,20,10,10,42,1,0.000474,0.000793,0.000001
2207,20,12,12,36,1,0.000362,0.000944,0.000001
2208,20,10,10,40,1,0.000361,0.000794,0.000000
2209,20,14,14,34,1,0.021345,0.001093,0.000001
2210,20,12,12,38,1,0.000406,0.000945,0.000001
2211,20,-1,16,36,1,0.085714,0.001254,0.000001
2212,20,14,14,40,1,0.013402,0.001164,0.000001
2213,20,14,14,50,1,0.001157,0.001114,0.000001
2214,20,16,16,44,1,0.078166,0.001304,0.000001
2215,20,12,12,32,1,0.000320,0.001141,0.000001
2216,20,14,14,40,1,0.000324,0.001079,0.000001
2217,20,6,6,34,1,0.000296,0.001004,0.000002
2218,20,14,14,40,1,0.001534,0.001064,0.000001
2219,20,12,12,34,1,0.003678,0.000944,0.000001
2220,20,8,8,40,1,0.000299,0.000670,0.000001
2221,20,14,14,40,1,0.005368,0.001125,0.000001
2222,20,14,14,46,1,0.000313,0.001117,0.000001
2223,20,12,12,40,1,0.001376,0.000946,0.000001
2224,20,12,12,38,1,0.000304,0.000958,0.000001
2225,20,12,12,36,1,0.000299,0.000951,0.000001
2226,20,12,12,42,1,0.000862,0.000915,0.000001
2227,20,14,14,38,1,0.005045,0.001097,0.000001
2228,20,14,14,36,1,0.019002,0.001108,0.000000
2229,20,12,12,30,1,0.000323,0.000949,0.000001
2230,20,8,8,42,1,0.000305,0.000696,0.000001
2231,20,10,10,34,1,0.000304,0.000792,0.000001
2232,20,12,12,38,1,0.002190,0.001311,0.000001
2233,20,12,12,44,1,0.000497,0.000968,0.000001
2234,20,8,8,36,1,0.000298,0.000698,0.000001
2235,20,12,12,34,1,0.000861,0.000927,0.000001
2236,20,12,12,46,1,0.002725,0.000965,0.000001
2237,20,14,14,38,1,0.000556,0.001279,0.000001
2238,20,14,14,38,1,0.011593,0.001108,0.000001
2239,20,10,10,32,1,0.000389,0.000824,0.000001
2240,20,14,14,38,1,0.001452,0.001126,0.000001
2241,20,10,10,42,1,0.000376,0.000804,0.000001
2242,20,14,14,38,1,0.009474,0.001165,0.000001
2243,20,14,14,36,1,0.005331,0.001071,0.000000
2244,20,12,12,34,1,0.000564,0.000939,0.000001
2245,20,12,12,40,1,0.000425,0.000947,0.000001
2246,20,14,14,42,1,0.016935,0.001089,0.000001
2247,20,14,14,42,1,0.005317,0.001108,0.000001
2248,20,12,12,40,1,0.000566,0.000969,0.000001
2249,20,12,12,36,1,0.001102,0.000971,0.000001
2250,20,14,14,36,1,0.008890,0.001244,0.000001
2251,20,-1,16,36,1,0.090645,0.001374,0.000001
2252,20,10,10,36,1,0.000392,0.000812,0.000001
2253,20,14,14,38,1,0.000315,0.001147,0.000001
2254,20,10,10,24,1,0.000303,0.000876,0.000001
2255,20,16,16,42,1,0.006284,0.001258,0.000001
2256,20,14,14,44,1,0.000771,0.001070,0.000001
2257,20,8,8,38,1,0.000304,0.000691,0.000001
2258,20,14,14,40,1,0.000662,0.001066,0.000001
2259,20,12,12,44,1,0.000304,0.001392,0.000001
2260,20,12,12,36,1,0.002884,0.001001,0.000001
2261,20,12,12,36,1,0.000534,0.000948,0.000000
2262,20,14,14,38,1,0.001295,0.001043,0.000001
2263,20,14,14,36,1,0.008546,0.001108,0.000001
2264,20,12,12,38,1,0.000317,0.000988,0.000001
2265,20,14,14,44,1,0.000542,0.001102,0.000001
2266,20,-1,18,42,1,0.106993,0.001426,0.000001
2267,20,12,12,42,1,0.000322,0.000954,0.000001
2268,20,12,12,42,1,0.001057,0.000955,0.000001
2269,20,12,12,46,1,0.001473,0.001005,0.000001
2270,20,14,14,40,1,0.014379,0.001081,0.000001
2271,20,10,10,36,1,0.000362,0.000857,0.000001
2272,20,14,14,44,1,0.004565,0.001082,0.000001
2273,20,-1,18,40,1,0.077269,0.001475,0.000001
2274,20,12,12,38,1,0.001180,0.000922,0.000001
2275,20,10,10,34,1,0.000313,0.000841,0.000001
2276,20,12,12,30,1,0.001709,0.000922,0.000000
2277,20,12,12,42,1,0.000351,0.000942,0.000000
2278,20,12,12,34,1,0.000541,0.000889,0.000001
2279,20,14,14,36,1,0.000719,0.001135,0.000000
2280,20,14,14,38,1,0.001264,0.001073,0.000000
2281,20,12,12,38,1,0.000746,0.000956,0.000000
2282,20,12,12,42,1,0.000672,0.000971,0.000001
2283,20,14,14,38,1,0.000644,0.001093,0.000001
2284,20,-1,16,44,1,0.086179,0.001264,0.000001
2285,20,12,12,40,1,0.000691,0.000913,0.000001
2286,20,12,12,36,1,0.000839,0.000950,0.000001
2287,20,14,14,40,1,0.002064,0.001108,0.000001
2288,20,14,14,36,1,0.002007,0.001159,0.000000
2289,20,14,14,38,1,0.016306,0.001094,0.000001
2290,20,12,12,40,1,0.001625,0.000918,0.000001
2291,20,10,10,32,1,0.000520,0.000806,0.000001
2292,20,16,16,42,1,0.047973,0.001338,0.000001
2293,20,12,12,40,1,0.003234,0.000935,0.000001
2294,20,12,12,38,1,0.001172,0.000925,0.000001
2295,20,-1,16,40,1,0.083931,0.001303,0.000001
2296,20,10,10,38,1,0.000336,0.000818,0.000001
2297,20,10,10,44,1,0.000295,0.000791,0.000001
2298,20,16,16,44,1,0.029822,0.001211,0.000001
2299,20,14,14,32,1,0.003321,0.001175,0.000001
2300,20,14,14,38,1,0.001967,0.001070,0.000001
2301,20,-1,18,42,1,0.081806,0.001388,0.000001
2302,20,14,14,40,1,0.001150,0.001080,0.000001
2303,20,14,14,42,1,0.009985,0.001083,0.000001
2304,20,16,16,34,1,0.003807,0.001246,0.000001
2305,20,16,16,42,1,0.016863,0.001216,0.000001
2306,20,14,14,40,1,0.039943,0.001080,0.000001
2307,20,12,12,36,1,0.000354,0.000949,0.000001
2308,20,12,12,40,1,0.000300,0.000937,0.000001
2309,20,14,14,46,1,0.005927,0.001094,0.000001
2310,20,12,12,38,1,0.001250,0.000941,0.000000
2311,20,14,14,42,1,0.007475,0.001114,0.000001
2312,20,14,14,42,1,0.011718,0.001111,0.000001
2313,20,10,10,38,1,0.000297,0.000805,0.000001
2314,20,16,16,38,1,0.035326,0.001295,0.000001
2315,20,16,16,34,1,0.035477,0.001282,0.000001
2316,20,14,14,44,1,0.001345,0.001092,0.000001
2317,20,10,10,48,1,0.000307,0.000879,0.000001
2318,20,10,10,42,1,0.000401,0.000867,0.000000
2319,20,10,10,44,1,0.000731,0.000855,0.000000
2320,20,16,16,36,1,0.044869,0.001294,0.000001
2321,20,10,10,36,1,0.000376,0.000837,0.000001
2322,20,12,12,42,1,0.001014,0.000941,0.000001
2323,20,12,12,42,1,0.000317,0.000972,0.000001
2324,20,16,16,44,1,0.004779,0.001256,0.000001
2325,20,12,12,36,1,0.000316,0.000979,0.000001
2326,20,16,16,38,1,0.055014,0.001430,0.000001
2327,20,14,14,42,1,0.013353,0.001472,0.000001
2328,20,12,12,28,1,0.000758,0.001259,0.000001
2329,20,14,14,36,1,0.001011,0.001366,0.000001
2330,20,10,10,38,1,0.000324,0.001255,0.000001
2331,20,12,12,38,1,0.001064,0.000946,0.000001
2332,20,14,14,44,1,0.004196,0.001124,0.000001
2333,20,14,14,38,1,0.007509,0.001110,0.000001
2334,20,14,14,46,1,0.000325,0.001117,0.000001
2335,20,16,18,40,1,0.005115,0.001377,0.000001
2336,20,14,14,30,1,0.006945,0.001107,0.000001
2337,20,16,16,38,1,0.000363,0.001257,0.000001
2338,20,-1,16,32,1,0.095831,0.001340,0.000001
2339,20,12,12,36,1,0.000493,0.000961,0.000001
2340,20,14,14,40,1,0.008588,0.001112,0.000001
2341,20,14,14,46,1,0.000336,0.001097,0.000001
2342,20,14,14,50,1,0.007405,0.001103,0.000001
2343,20,10,10,38,1,0.000301,0.000817,0.000001
2344,20,12,12,40,1,0.000308,0.000986,0.000001
2345,20,10,10,38,1,0.000402,0.000842,0.000001
2346,20,12,12,38,1,0.000965,0.000927,0.000001
2347,20,12,12,42,1,0.000317,0.001027,0.000001
2348,20,14,14,40,1,0.005318,0.001120,0.000001
2349,20,14,14,40,1,0.022538,0.001138,0.000001
2350,20,14,14,42,1,0.001700,0.001045,0.000001
2351,20,10,10,38,1,0.000295,0.000835,0.000001
2352,20,12,12,40,1,0.000350,0.000950,0.000001
2353,20,12,12,34,1,0.000304,0.000964,0.000001
2354,20,10,10,32,1,0.000383,0.000786,0.000001
2355,20,-1,16,48,1,0.086719,0.001297,0.000001
2356,20,16,16,36,1,0.021973,0.001253,0.000001
2357,20,12,12,32,1,0.004003,0.000900,0.000001
2358,20,14,14,42,1,0.001051,0.001015,0.000001
2359,20,14,14,34,1,0.001586,0.001078,0.000001
2360,20,12,12,38,1,0.000855,0.000932,0.000001
2361,20,8,8,26,1,0.000322,0.000632,0.000000
2362,20,14,14,42,1,0.001019,0.001042,0.000001
2363,20,8,8,36,1,0.000339,0.000626,0.000000
2364,20,12,12,40,1,0.000416,0.000955,0.000001
2365,20,14,14,40,1,0.002880,0.001047,0.000001
2366,20,14,14,46,1,0.000763,0.001031,0.000001
2367,20,12,12,44,1,0.000429,0.000896,0.000000
2368,20,12,12,28,1,0.001195,0.000883,0.000001
2369,20,10,10,38,1,0.000485,0.000817,0.000001
2370,20,10,10,36,1,0.000406,0.000789,0.000001
2371,20,16,16,38,1,0.021328,0.001239,0.000001
2372,20,14,14,40,1,0.005665,0.001132,0.000001
2373,20,14,14,34,1,0.003171,0.001226,0.000001
2374,20,12,12,24,1,0.000791,0.000936,0.000001
2375,20,12,12,34,1,0.000434,0.001515,0.000001
2376,20,12,12,48,1,0.000413,0.000967,0.000000
2377,20,12,12,38,1,0.001223,0.000926,0.000001
2378,20,14,14,34,1,0.001459,0.001096,0.000001
2379,20,12,12,42,1,0.000325,0.000951,0.000001
2380,20,12,12,32,1,0.000519,0.000944,0.000000
2381,20,14,14,38,1,0.000951,0.001055,0.000001
2382,20,14,14,34,1,0.009878,0.001154,0.000001
2383,20,14,14,40,1,0.015237,0.001126,0.000001
2384,20,12,12,34,1,0.000457,0.000947,0.000001
2385,20,10,10,38,1,0.000373,0.000801,0.000000
2386,20,14,14,36,1,0.001059,0.001154,0.000001
2387,20,12,12,30,1,0.002832,0.000919,0.000001
2388,20,12,12,34,1,0.000526,0.001036,0.000001
2389,20,14,14,36,1,0.000673,0.001078,0.000001
2390,20,14,14,36,1,0.001323,0.001657,0.000001
2391,20,12,12,44,1,0.001510,0.000931,0.000001
2392,20,12,12,46,1,0.001445,0.000949,0.000001
2393,20,8,8,40,1,0.000291,0.000768,0.000001
2394,20,12,12,36,1,0.000389,0.000961,0.000001
2395,20,10,10,34,1,0.000345,0.000820,0.000001
2396,20,14,14,34,1,0.004508,0.001091,0.000000
2397,20,14,14,46,1,0.003123,0.001092,0.000001
2398,20,12,12,44,1,0.000320,0.000965,0.000001
2399,20,12,12,36,1,0.000360,0.000918,0.000001
2400,20,14,14,32,1,0.005698,0.001153,0.000001
2401,20,14,14,36,1,0.003562,0.001059,0.000001
2402,20,12,12,40,1,0.001263,0.000966,0.000001
2403,20,12,12,38,1,0.000717,0.000935,0.000001
2404,20,12,12,36,1,0.000298,0.000967,0.000001
2405,20,12,12,36,1,0.000638,0.000948,0.000001
2406,20,14,14,40,1,0.001087,0.001046,0.000000
2407,20,12,12,42,1,0.000609,0.000950,0.000000
2408,20,14,14,38,1,0.000981,0.001083,0.000001
2409,20,12,12,36,1,0.000333,0.000923,0.000001
2410,20,12,12,34,1,0.001389,0.000957,0.000001
2411,20,12,12,44,1,0.000351,0.001009,0.000001
2412,20,12,12,34,1,0.000300,0.000999,0.000001
2413,20,12,12,40,1,0.000553,0.000935,0.000001
2414,20,10,10,30,1,0.000306,0.000837,0.000001
2415,20,14,14,36,1,0.000341,0.001085,0.000000
2416,20,10,10,36,1,0.000342,0.000816,0.000000
2417,20,14,14,46,1,0.005396,0.001066,0.000001
2418,20,14,14,42,1,0.001306,0.001163,0.000001
2419,20,12,12,42,1,0.002215,0.000994,0.000001
2420,20,16,16,38,1,0.026659,0.001248,0.000001
2421,20,12,12,42,1,0.001377,0.000984,0.000001
2422,20,12,12,34,1,0.000308,0.000926,0.000001
2423,20,16,16,42,1,0.016727,0.001248,0.000001
2424,20,16,16,32,1,0.002572,0.001229,0.000001
2425,20,14,14,40,1,0.000635,0.001078,0.000001
2426,20,14,14,38,1,0.011159,0.001081,0.000001
2427,20,16,16,38,1,0.059912,0.001199,0.000001
2428,20,14,14,32,1,0.000826,0.001063,0.000001
2429,20,14,14,44,1,0.000981,0.001051,0.000001
2430,20,16,16,32,1,0.004536,0.001239,0.000001
2431,20,10,10,44,1,0.000347,0.000796,0.000001
2432,20,12,12,48,1,0.000586,0.000933,0.000001
2433,20,14,14,38,1,0.009910,0.001104,0.000001
2434,20,12,12,34,1,0.000338,0.001084,0.000001
2435,20,14,14,34,1,0.001167,0.001068,0.000001
2436,20,-1,16,40,1,0.081895,0.001325,0.000001
2437,20,14,14,34,1,0.008067,0.001125,0.000001
2438,20,16,16,44,1,0.048920,0.001233,0.000001
2439,20,14,14,36,1,0.002727,0.001754,0.000001
2440,20,14,14,44,1,0.000325,0.001084,0.000001
2441,20,14,14,40,1,0.001143,0.001066,0.000001
2442,20,-1,16,40,1,0.081784,0.001273,0.000001
2443,20,16,16,40,1,0.021503,0.001885,0.000001
2444,20,12,12,40,1,0.000544,0.000959,0.000001
2445,20,12,12,36,1,0.000471,0.000919,0.000001
2446,20,10,10,34,1,0.000291,0.000819,0.000000
2447,20,16,16,42,1,0.007099,0.001281,0.000001
2448,20,14,14,42,1,0.001708,0.001073,0.000001
2449,20,14,14,46,1,0.004067,0.001067,0.000001
2450,20,14,14,38,1,0.022324,0.001231,0.000001
2451,20,10,10,34,1,0.000614,0.000824,0.000001
2452,20,14,14,42,1,0.004233,0.001093,0.000001
2453,20,14,14,40,1,0.011517,0.001070,0.000001
2454,20,8,8,28,1,0.000298,0.000679,0.000001
2455,20,12,12,40,1,0.000858,0.000939,0.000001
2456,20,14,14,36,1,0.021300,0.001128,0.000001
2457,20,16,16,42,1,0.039928,0.001216,0.000001
2458,20,-1,16,40,1,0.084290,0.001288,0.000001
2459,20,14,14,42,1,0.001187,0.001066,0.000001
2460,20,10,10,44,1,0.000374,0.000846,0.000001
2461,20,14,14,38,1,0.006241,0.001088,0.000001
2462,20,10,10,38,1,0.000297,0.000814,0.000001
2463,20,14,14,32,1,0.008502,0.001129,0.000001
2464,20,10,10,40,1,0.000323,0.000811,0.000001
2465,20,10,10,42,1,0.000398,0.000791,0.000001
2466,20,12,12,40,1,0.001397,0.000983,0.000001
2467,20,14,14,32,1,0.009184,0.001094,0.000001
2468,20,12,12,40,1,0.003151,0.001151,0.000001
2469,20,16,16,34,1,0.021360,0.001281,0.000001
2470,20,14,14,40,1,0.026756,0.001082,0.000001
2471,20,14,14,34,1,0.006964,0.001268,0.000001
2472,20,16,16,44,1,0.004129,0.001234,0.000001
2473,20,12,12,40,1,0.000327,0.000956,0.000001
2474,20,14,14,34,1,0.029559,0.001128,0.000001
2475,20,10,10,38,1,0.000801,0.000839,0.000001
2476,20,12,12,36,1,0.004898,0.000958,0.000001
2477,20,12,12,42,1,0.003996,0.001162,0.000001
2478,20,14,14,42,1,0.009631,0.001146,0.000001
2479,20,12,12,42,1,0.000532,0.001038,0.000001
2480,20,12,12,42,1,0.000449,0.000989,0.000001
2481,20,14,14,42,1,0.001025,0.001116,0.000001
2482,20,14,14,42,1,0.003553,0.001131,0.000001
2483,20,-1,18,46,1,0.090152,0.001547,0.000001
2484,20,12,12,44,1,0.002190,0.000983,0.000001
2485,20,12,12,38,1,0.001420,0.000936,0.000001
2486,20,10,10,32,1,0.000482,0.000835,0.000000
2487,20,14,14,38,1,0.021557,0.001102,0.000001
2488,20,14,14,40,1,0.006248,0.001083,0.000001
2489,20,-1,16,34,1,0.088686,0.001377,0.000001
2490,20,12,12,44,1,0.000315,0.000925,0.000001
2491,20,14,14,34,1,0.007441,0.001086,0.000001
2492,20,14,14,42,1,0.001551,0.001080,0.000001
2493,20,10,10,36,1,0.000370,0.000831,0.000001
2494,20,14,14,44,1,0.001892,0.001153,0.000002
2495,20,14,14,42,1,0.006442,0.001092,0.000001
2496,20,16,16,40,1,0.003438,0.001893,0.000001
2497,20,12,12,46,1,0.000687,0.000943,0.000001
2498,20,12,12,44,1,0.000353,0.000941,0.000001
2499,20,12,12,42,1,0.000491,0.001102,0.000001
2500,20,14,14,34,1,0.007806,0.001110,0.000001
2501,20,16,16,36,1,0.005287,0.001250,0.000001
2502,20,14,14,44,1,0.004627,0.001089,0.000001
2503,20,10,10,40,1,0.000330,0.000825,0.000001
2504,20,12,12,36,1,0.000368,0.000933,0.000000
2505,20,12,12,38,1,0.001451,0.000947,0.000001
2506,20,16,16,46,1,0.010362,0.001221,0.000001
2507,20,14,14,42,1,0.001943,0.001095,0.000001
2508,20,10,10,30,1,0.000317,0.000865,0.000001
2509,20,16,16,40,1,0.042937,0.001221,0.000001
2510,20,10,10,40,1,0.000339,0.000819,0.000001
2511,20,14,14,40,1,0.003589,0.001104,0.000001
2512,20,12,12,30,1,0.000320,0.000959,0.000001
2513,20,14,14,42,1,0.000898,0.001076,0.000001
2514,20,14,14,34,1,0.014908,0.001089,0.000001
2515,20,-1,16,34,1,0.082854,0.001253,0.000001
2516,20,14,14,36,1,0.000635,0.001093,0.000001
2517,20,8,8,34,1,0.000355,0.000669,0.000001
2518,20,12,12,28,1,0.003979,0.000952,0.000001
2519,20,12,12,38,1,0.000491,0.000950,0.000001
2520,20,14,14,40,1,0.004037,0.001078,0.000001
2521,20,14,14,48,1,0.005979,0.001089,0.000001
2522,20,10,10,30,1,0.000563,0.000881,0.000001
2523,20,14,14,42,1,0.003850,0.001270,0.000001
2524,20,14,14,38,1,0.002031,0.001072,0.000001
2525,20,14,14,38,1,0.000867,0.001219,0.000001
2526,20,16,16,46,1,0.034115,0.001221,0.000001
2527,20,12,12,34,1,0.000721,0.000931,0.000001
2528,20,14,14,30,1,0.005864,0.001269,0.000001
2529,20,14,14,40,1,0.005720,0.001045,0.000001
2530,20,14,14,36,1,0.010534,0.001258,0.000001
2531,20,12,12,36,1,0.000684,0.000940,0.000001
2532,20,12,12,48,1,0.000634,0.001071,0.000001
2533,20,12,12,46,1,0.000538,0.000918,0.000001
2534,20,14,14,38,1,0.000628,0.001132,0.000002
2535,20,16,16,42,1,0.017609,0.001297,0.000001
2536,20,14,14,36,1,0.000492,0.001053,0.000001
2537,20,10,10,36,1,0.000378,0.000814,0.000001
2538,20,12,12,30,1,0.004831,0.000916,0.000001
2539,20,14,14,44,1,0.000890,0.001620,0.000001
2540,20,12,12,36,1,0.000923,0.000948,0.000001
2541,20,16,16,40,1,0.035976,0.001270,0.000001
2542,20,14,14,42,1,0.001775,0.001213,0.000001
2543,20,10,10,38,1,0.000458,0.000826,0.000001
2544,20,16,16,44,1,0.001012,0.001220,0.000001
2545,20,12,12,36,1,0.000322,0.001197,0.000001
2546,20,12,12,32,1,0.000329,0.000945,0.000001
2547,20,14,14,40,1,0.000368,0.001086,0.000001
2548,20,12,12,36,1,0.000439,0.001043,0.000001
2549,20,12,12,34,1,0.000692,0.001024,0.000001
2550,20,14,14,44,1,0.005852,0.001051,0.000001
2551,20,12,12,36,1,0.001409,0.000915,0.000000
2552,20,16,16,38,1,0.007498,0.001217,0.000001
2553,20,14,14,40,1,0.011569,0.001102,0.000001
2554,20,10,10,46,1,0.000327,0.000874,0.000001
2555,20,14,14,42,1,0.002087,0.001684,0.000001
2556,20,12,12,38,1,0.000657,0.001072,0.000001
2557,20,10,10,44,1,0.000399,0.000811,0.000001
2558,20,14,14,34,1,0.008081,0.001244,0.000001
2559,20,14,14,38,1,0.005973,0.001077,0.000001
2560,20,14,14,28,1,0.000903,0.001102,0.000001
2561,20,10,10,38,1,0.000300,0.000813,0.000001
2562,20,12,12,28,1,0.001820,0.000960,0.000001
2563,20,14,14,38,1,0.008192,0.001084,0.000001
2564,20,14,14,40,1,0.033205,0.001078,0.000001
2565,20,10,10,42,1,0.000355,0.000813,0.000001
2566,20,10,10,38,1,0.000300,0.000815,0.000001
2567,20,14,14,38,1,0.000589,0.001117,0.000001
2568,20,12,12,42,1,0.000289,0.000942,0.000000
2569,20,12,12,34,1,0.000363,0.000918,0.000001
2570,20,14,14,32,1,0.000342,0.001075,0.000001
2571,20,12,12,36,1,0.000443,0.000955,0.000001
2572,20,14,14,46,1,0.000336,0.001070,0.000001
2573,20,10,10,46,1,0.000339,0.000784,0.000001
2574,20,14,14,34,1,0.001075,0.001119,0.000000
2575,20,14,14,36,1,0.000670,0.001059,0.000001
2576,20,16,16,38,1,0.012303,0.001232,0.000001
2577,20,16,16,44,1,0.004361,0.001212,0.000001
2578,20,14,14,36,1,0.019333,0.001056,0.000001
2579,20,12,12,40,1,0.001023,0.000926,0.000000
2580,20,16,16,40,1,0.032670,0.001218,0.000001
2581,20,12,12,50,1,0.001107,0.000967,0.000001
2582,20,12,12,30,1,0.000752,0.000970,0.000001
2583,20,12,12,32,1,0.003542,0.001013,0.000001
2584,20,12,12,42,1,0.000484,0.001017,0.000001
2585,20,16,16,42,1,0.003015,0.001232,0.000001
2586,20,12,12,40,1,0.000833,0.000938,0.000001
2587,20,16,16,40,1,0.048732,0.001282,0.000001
2588,20,12,12,38,1,0.000381,0.000915,0.000001
2589,20,14,14,40,1,0.005999,0.001072,0.000001
2590,20,14,14,42,1,0.003842,0.001078,0.000001
2591,20,12,12,42,1,0.002060,0.000962,0.000000
2592,20,-1,16,32,1,0.082283,0.001481,0.000001
2593,20,14,14,38,1,0.028814,0.001090,0.000001
2594,20,14,14,36,1,0.001198,0.001150,0.000001
2595,20,14,14,38,1,0.001367,0.001087,0.000001
2596,20,12,12,38,1,0.000441,0.000949,0.000001
2597,20,-1,16,44,1,0.081114,0.001330,0.000001
2598,20,16,16,32,1,0.040179,0.001256,0.000001
2599,20,14,14,32,1,0.000620,0.001041,0.000001
2600,20,14,14,42,1,0.010372,0.001086,0.000001
2601,20,10,10,36,1,0.000544,0.000830,0.000000
2602,20,10,10,40,1,0.000360,0.000840,0.000000
2603,20,14,14,44,1,0.008051,0.001123,0.000001
2604,20,14,14,40,1,0.000308,0.001089,0.000001
2605,20,14,14,42,1,0.001622,0.001058,0.000001
2606,20,8,8,38,1,0.000307,0.000760,0.000001
2607,20,10,10,38,1,0.000354,0.000824,0.000001
2608,20,12,12,42,1,0.000563,0.000944,0.000001
2609,20,12,12,40,1,0.001354,0.000949,0.000001
2610,20,12,12,42,1,0.000589,0.000943,0.000001
2611,20,10,10,40,1,0.000316,0.000811,0.000000
2612,20,14,14,38,1,0.028542,0.001120,0.000001
2613,20,14,14,38,1,0.001954,0.001073,0.000001
2614,20,14,14,40,1,0.056560,0.001121,0.000001
2615,20,10,10,38,1,0.000357,0.000814,0.000001
2616,20,12,12,38,1,0.000580,0.000938,0.000000
2617,20,14,14,36,1,0.006347,0.001092,0.000001
2618,20,14,14,40,1,0.008179,0.001110,0.000001
2619,20,12,12,38,1,0.002141,0.000985,0.000000
2620,20,12,12,36,1,0.000939,0.000959,0.000001
2621,20,14,14,34,1,0.000736,0.001078,0.000000
2622,20,14,14,36,1,0.008030,0.001052,0.000001
2623,20,16,16,40,1,0.000316,0.001221,0.000001
2624,20,14,14,34,1,0.002061,0.001056,0.000000
2625,20,-1,16,42,1,0.077819,0.001685,0.000001
2626,20,-1,16,44,1,0.092959,0.001232,0.000001
2627,20,10,10,40,1,0.000769,0.000861,0.000001
2628,20,14,14,42,1,0.000998,0.001082,0.000001
2629,20,12,12,36,1,0.000296,0.000931,0.000001
2630,20,10,10,44,1,0.000622,0.000778,0.000001
2631,20,16,16,36,1,0.002031,0.001269,0.000001
2632,20,14,14,42,1,0.001013,0.001061,0.000000
2633,20,14,14,36,1,0.005614,0.001140,0.000001
2634,20,14,14,32,1,0.004810,0.001073,0.000001
2635,20,10,10,40,1,0.000305,0.000828,0.000001
2636,20,12,12,46,1,0.001650,0.000910,0.000000
2637,20,12,12,40,1,0.000550,0.000952,0.000000
2638,20,12,12,44,1,0.001003,0.000924,0.000001
2639,20,14,14,36,1,0.006729,0.001160,0.000000
2640,20,14,14,46,1,0.000644,0.001055,0.000000
2641,20,16,16,38,1,0.032778,0.001236,0.000001
2642,20,16,16,40,1,0.041777,0.001239,0.000001
2643,20,12,12,44,1,0.001184,0.000995,0.000001
2644,20,14,14,42,1,0.001195,0.001054,0.000001
2645,20,12,12,40,1,0.012431,0.000949,0.000000
2646,20,12,12,46,1,0.000469,0.000948,0.000001
2647,20,10,10,42,1,0.000296,0.000792,0.000001
2648,20,14,14,38,1,0.026249,0.001083,0.000001
2649,20,10,10,38,1,0.000349,0.000815,0.000000
2650,20,10,10,48,1,0.000649,0.000797,0.000000
2651,20,12,12,42,1,0.000432,0.000962,0.000001
2652,20,16,16,46,1,0.022158,0.001210,0.000000
2653,20,14,14,40,1,0.000638,0.001053,0.000001
2654,20,-1,18,42,1,0.079512,0.001453,0.000001
2655,20,14,14,42,1,0.001424,0.001090,0.000001
2656,20,12,12,38,1,0.000337,0.000939,0.000000
2657,20,14,14,42,1,0.000727,0.001054,0.000001
2658,20,8,8,40,1,0.000309,0.000708,0.000001
2659,20,14,14,40,1,0.001156,0.001049,0.000001
2660,20,16,16,34,1,0.002798,0.001277,0.000001
2661,20,16,16,40,1,0.028596,0.001277,0.000001
2662,20,12,12,28,1,0.000528,0.000922,0.000001
2663,20,12,12,42,1,0.000598,0.000977,0.000001
2664,20,-1,16,30,1,0.077653,0.001399,0.000001
2665,20,14,14,40,1,0.002014,0.001102,0.000001
2666,20,14,14,40,1,0.016108,0.001061,0.000001
2667,20,14,14,38,1,0.000785,0.001042,0.000001
2668,20,8,8,30,1,0.000291,0.000696,0.000000
2669,20,10,10,34,1,0.000368,0.000783,0.000001
2670,20,12,12,40,1,0.000718,0.000996,0.000001
2671,20,12,12,42,1,0.002092,0.000919,0.000000
2672,20,14,14,42,1,0.000297,0.001060,0.000001
2673,20,14,14,34,1,0.014673,0.001077,0.000000
2674,20,12,12,40,1,0.000446,0.000911,0.000001
2675,20,12,12,38,1,0.000402,0.000963,0.000001
2676,20,10,10,38,1,0.000303,0.000788,0.000000
2677,20,12,12,42,1,0.005114,0.000952,0.000001
2678,20,12,12,40,1,0.000999,0.000917,0.000000
2679,20,10,10,36,1,0.000352,0.000937,0.000000
2680,20,14,14,44,1,0.013076,0.001106,0.000001
2681,20,14,14,38,1,0.001011,0.001123,0.000001
2682,20,14,14,42,1,0.004266,0.001190,0.000001
2683,20,14,14,38,1,0.005347,0.001072,0.000001
2684,20,-1,18,40,1,0.106641,0.001463,0.000001
2685,20,14,14,38,1,0.000793,0.001106,0.000001
2686,20,14,14,34,1,0.001270,0.001159,0.000001
2687,20,12,12,42,1,0.003399,0.000927,0.000000
2688,20,12,12,38,1,0.000644,0.000968,0.000000
2689,20,10,10,34,1,0.000351,0.000791,0.000001
2690,20,14,14,44,1,0.001271,0.001070,0.000001
2691,20,10,10,40,1,0.000306,0.000855,0.000000
2692,20,16,16,36,1,0.009588,0.001290,0.000001
2693,20,14,14,34,1,0.000340,0.001059,0.000001
2694,20,12,12,38,1,0.000496,0.000981,0.000001
2695,20,14,14,32,1,0.002931,0.001078,0.000000
2696,20,12,12,44,1,0.000749,0.000927,0.000000
2697,20,12,12,38,1,0.000687,0.000902,0.000001
2698,20,14,14,36,1,0.002571,0.001066,0.000001
2699,20,16,16,40,1,0.032779,0.001212,0.000001
2700,20,14,14,40,1,0.005442,0.001137,0.000001
2701,20,12,12,42,1,0.000323,0.000958,0.000000
2702,20,14,14,32,1,0.003332,0.001141,0.000001
2703,20,16,16,34,1,0.035567,0.001331,0.000001
2704,20,12,12,34,1,0.000874,0.000927,0.000001
2705,20,10,10,36,1,0.000333,0.000781,0.000001
2706,20,12,12,38,1,0.000433,0.001011,0.000000
2707,20,12,12,42,1,0.000726,0.000923,0.000001
2708,20,10,10,32,1,0.000391,0.000820,0.000000
2709,20,12,12,38,1,0.000691,0.000900,0.000001
2710,20,12,12,32,1,0.000292,0.000987,0.000000
2711,20,10,10,36,1,0.000313,0.000780,0.000000
2712,20,8,8,32,1,0.000282,0.000705,0.000000
2713,20,14,14,36,1,0.001196,0.001057,0.000000
2714,20,10,10,44,1,0.000541,0.000799,0.000000
2715,20,8,8,50,1,0.000295,0.000654,0.000000
2716,20,12,12,38,1,0.000767,0.000907,0.000000
2717,20,14,14,34,1,0.007116,0.001163,0.000001
2718,20,12,12,46,1,0.001126,0.000932,0.000001
2719,20,14,14,36,1,0.001432,0.001092,0.000001
2720,20,14,14,40,1,0.005974,0.001096,0.000001
2721,20,10,10,40,1,0.000371,0.000837,0.000001
2722,20,12,12,38,1,0.000930,0.000937,0.000000
2723,20,14,14,38,1,0.000302,0.001088,0.000001
2724,20,10,10,40,1,0.000354,0.000815,0.000001
2725,20,14,14,40,1,0.000988,0.001036,0.000001
2726,20,14,14,40,1,0.004781,0.001076,0.000001
2727,20,12,12,38,1,0.000645,0.000978,0.000000
2728,20,8,8,32,1,0.000283,0.000680,0.000001
2729,20,14,14,38,1,0.000695,0.001067,0.000001
2730,20,16,16,34,1,0.005415,0.001235,0.000001
2731,20,12,12,34,1,0.001021,0.000961,0.000001
2732,20,14,14,38,1,0.000933,0.001123,0.000000
2733,20,12,12,36,1,0.000439,0.000929,0.000001
2734,20,-1,14,42,1,0.078664,0.001128,0.000001
2735,20,12,12,40,1,0.001445,0.000964,0.000001
2736,20,12,12,38,1,0.000318,0.000948,0.000001
2737,20,-1,16,40,1,0.082894,0.001196,0.000001
2738,20,-1,16,42,1,0.079479,0.001212,0.000001
2739,20,14,14,38,1,0.003645,0.001086,0.000001
2740,20,6,6,30,1,0.000339,0.000529,0.000000
2741,20,14,14,28,1,0.004805,0.001071,0.000001
2742,20,-1,18,38,1,0.078673,0.001472,0.000001
2743,20,14,14,42,1,0.000384,0.001089,0.000001
2744,20,12,12,44,1,0.000307,0.000996,0.000001
2745,20,10,10,28,1,0.000322,0.000806,0.000001
2746,20,10,10,30,1,0.000371,0.000801,0.000001
2747,20,10,10,32,1,0.000444,0.000808,0.000000
2748,20,14,14,42,1,0.000361,0.001124,0.000001
2749,20,-1,16,38,1,0.081443,0.001214,0.000001
2750,20,8,8,38,1,0.000305,0.000661,0.000001
2751,20,12,12,38,1,0.000654,0.000936,0.000001
2752,20,16,16,42,1,0.011590,0.001240,0.000001
2753,20,14,14,42,1,0.000300,0.001094,0.000001
2754,20,12,12,40,1,0.000774,0.000920,0.000001
2755,20,16,16,38,1,0.017947,0.001225,0.000001
2756,20,14,14,42,1,0.001003,0.001116,0.000001
2757,20,8,8,32,1,0.000341,0.000682,0.000001
2758,20,12,12,36,1,0.000564,0.000983,0.000000
2759,20,16,16,34,1,0.047136,0.001179,0.000001
2760,20,14,14,40,1,0.005125,0.001079,0.000001
2761,20,16,16,42,1,0.018993,0.001220,0.000001
2762,20,14,14,42,1,0.001102,0.001055,0.000001
2763,20,8,8,42,1,0.000280,0.000696,0.000000
2764,20,16,16,36,1,0.035552,0.001244,0.000001
2765,20,12,12,32,1,0.001310,0.001018,0.000001
2766,20,10,10,42,1,0.000352,0.000806,0.000000
2767,20,14,14,42,1,0.003538,0.001170,0.000001
2768,20,12,12,38,1,0.000537,0.000926,0.000001
2769,20,14,14,46,1,0.000299,0.001079,0.000000
2770,20,14,16,36,1,0.001445,0.001230,0.000001
2771,20,12,14,40,1,0.001566,0.001063,0.000001
2772,20,14,14,40,1,0.000870,0.001135,0.000001
2773,20,14,14,44,1,0.001651,0.001041,0.000001
2774,20,12,12,36,1,0.000804,0.000899,0.000000
2775,20,14,14,36,1,0.005551,0.001127,0.000001
2776,20,16,16,44,1,0.002660,0.001195,0.000000
2777,20,12,12,40,1,0.002318,0.000877,0.000001
2778,20,16,16,40,1,0.001012,0.001178,0.000001
2779,20,10,10,40,1,0.000524,0.000849,0.000000
2780,20,16,16,42,1,0.055957,0.001334,0.000001
2781,20,14,14,36,1,0.010164,0.001093,0.000001
2782,20,14,14,36,1,0.019430,0.001113,0.000001
2783,20,16,16,38,1,0.024276,0.001277,0.000001
2784,20,12,12,44,1,0.000337,0.000956,0.000000
2785,20,14,14,42,1,0.009169,0.001107,0.000001
2786,20,12,12,42,1,0.000964,0.000945,0.000001
2787,20,12,12,28,1,0.004320,0.000996,0.000001
2788,20,12,12,34,1,0.000554,0.000965,0.000001
2789,20,14,14,38,1,0.018336,0.001129,0.000001
2790,20,14,14,36,1,0.005648,0.001093,0.000001
2791,20,12,12,38,1,0.000445,0.000945,0.000001
2792,20,12,12,40,1,0.002122,0.000957,0.000001
2793,20,12,12,42,1,0.000846,0.000996,0.000001
2794,20,12,12,40,1,0.000612,0.000964,0.000001
2795,20,12,12,42,1,0.002372,0.000990,0.000000
2796,20,12,12,36,1,0.000906,0.000962,0.000001
2797,20,14,14,40,1,0.003336,0.001077,0.000001
2798,20,16,16,44,1,0.056999,0.001252,0.000001
2799,20,14,14,34,1,0.001040,0.001071,0.000001
2800,20,14,14,42,1,0.017034,0.001064,0.000001
2801,20,12,12,44,1,0.000307,0.001011,0.000001
2802,20,14,14,42,1,0.018964,0.001077,0.000001
2803,20,14,14,38,1,0.003966,0.001060,0.000001
2804,20,14,14,36,1,0.000298,0.001072,0.000001
2805,20,16,16,40,1,0.026819,0.001309,0.000001
2806,20,-1,16,42,1,0.077431,0.001278,0.000001
2807,20,10,10,38,1,0.000634,0.000812,0.000001
2808,20,12,12,42,1,0.000867,0.000922,0.000001
2809,20,16,16,34,1,0.004785,0.001293,0.000001
2810,20,14,14,34,1,0.020242,0.001124,0.000001
2811,20,14,14,36,1,0.003380,0.001081,0.000001
2812,20,12,12,32,1,0.000321,0.001010,0.000000
2813,20,8,8,42,1,0.000307,0.000671,0.000000
2814,20,12,12,42,1,0.000293,0.000988,0.000001
2815,20,12,12,42,1,0.000298,0.000908,0.000001
2816,20,14,14,46,1,0.001095,0.001129,0.000001
2817,20,12,12,40,1,0.001506,0.000914,0.000000
2818,20,10,10,34,1,0.000312,0.000828,0.000001
2819,20,10,10,28,1,0.000440,0.000831,0.000001
2820,20,16,16,44,1,0.040372,0.001232,0.000001
2821,20,16,16,38,1,0.011775,0.001242,0.000001
2822,20,14,14,38,1,0.006304,0.001078,0.000000
2823,20,14,14,40,1,0.001319,0.001116,0.000001
2824,20,12,12,40,1,0.001691,0.000955,0.000000
2825,20,-1,14,34,1,0.092957,0.001125,0.000001
2826,20,12,12,44,1,0.000394,0.001211,0.000001
2827,20,10,10,34,1,0.000422,0.000839,0.000001
2828,20,12,12,48,1,0.001762,0.000945,0.000001
2829,20,6,6,44,1,0.000300,0.000652,0.000001
2830,20,14,14,42,1,0.005177,0.001193,0.000001
2831,20,10,10,32,1,0.000328,0.000838,0.000001
2832,20,10,10,34,1,0.000736,0.000815,0.000001
2833,20,14,14,44,1,0.000485,0.001125,0.000001
2834,20,10,10,34,1,0.000336,0.000793,0.000001
2835,20,14,14,42,1,0.000909,0.001122,0.000001
2836,20,14,14,36,1,0.009553,0.001088,0.000001
2837,20,16,16,50,1,0.049166,0.001245,0.000001
2838,20,14,14,40,1,0.000620,0.001093,0.000001
2839,20,14,14,32,1,0.001574,0.001159,0.000001
2840,20,12,12,46,1,0.014587,0.001006,0.000001
2841,20,12,12,38,1,0.001421,0.000937,0.000001
2842,20,14,14,40,1,0.000947,0.001115,0.000001
2843,20,16,16,44,1,0.080502,0.001320,0.000001
2844,20,12,12,38,1,0.002020,0.000946,0.000001
2845,20,14,14,40,1,0.000317,0.001117,0.000001
2846,20,14,14,40,1,0.000670,0.001082,0.000001
2847,20,12,12,32,1,0.006442,0.000946,0.000001
2848,20,16,16,46,1,0.004236,0.001222,0.000001
2849,20,12,12,38,1,0.001241,0.000974,0.000001
2850,20,14,14,40,1,0.003866,0.001076,0.000001
2851,20,-1,18,40,1,0.079235,0.001500,0.000001
2852,20,14,14,34,1,0.000823,0.001062,0.000001
2853,20,14,14,38,1,0.001010,0.001082,0.000001
2854,20,10,10,38,1,0.000294,0.000802,0.000000
2855,20,16,18,40,1,0.000343,0.001358,0.000001
2856,20,10,10,44,1,0.000378,0.000833,0.000001
2857,20,12,12,38,1,0.005641,0.000948,0.000001
2858,20,14,14,40,1,0.002150,0.001072,0.000001
2859,20,14,14,40,1,0.003529,0.001097,0.000001
2860,20,14,14,38,1,0.029281,0.001090,0.000001
2861,20,12,12,40,1,0.000463,0.000954,0.000001
2862,20,-1,16,42,1,0.081035,0.001314,0.000001
2863,20,12,12,44,1,0.000516,0.000949,0.000001
2864,20,12,12,40,1,0.001325,0.000949,0.000001
2865,20,12,12,40,1,0.004507,0.001004,0.000001
2866,20,14,14,36,1,0.004141,0.001078,0.000001
2867,20,14,16,38,1,0.000999,0.001123,0.000001
2868,20,12,12,40,1,0.000900,0.000924,0.000001
2869,20,14,14,40,1,0.000790,0.001052,0.000001
2870,20,14,14,40,1,0.015765,0.001090,0.000001
2871,20,14,14,38,1,0.006676,0.001095,0.000001
2872,20,14,14,38,1,0.000521,0.001162,0.000000
2873,20,10,10,38,1,0.000366,0.000811,0.000000
2874,20,12,12,30,1,0.000296,0.000963,0.000000
2875,20,12,12,42,1,0.000788,0.000933,0.000000
2876,20,14,14,34,1,0.000329,0.001142,0.000001
2877,20,14,14,32,1,0.001745,0.001046,0.000001
2878,20,14,14,34,1,0.000953,0.001164,0.000001
2879,20,12,12,34,1,0.000395,0.000922,0.000001
2880,20,12,12,36,1,0.000611,0.000926,0.000001
2881,20,14,14,36,1,0.001035,0.001124,0.000001
2882,20,12,12,34,1,0.000299,0.000956,0.000001
2883,20,14,14,36,1,0.010758,0.001061,0.000001
2884,20,14,14,40,1,0.001170,0.001085,0.000001
2885,20,8,8,44,1,0.000320,0.000770,0.000001
2886,20,12,12,34,1,0.000548,0.000941,0.000001
2887,20,16,16,40,1,0.045121,0.001252,0.000001
2888,20,10,10,42,1,0.000349,0.000824,0.000001
2889,20,14,14,36,1,0.000314,0.001040,0.000001
2890,20,12,12,42,1,0.000494,0.000955,0.000001
2891,20,14,14,46,1,0.000313,0.001147,0.000000
2892,20,12,12,32,1,0.001587,0.000956,0.000001
2893,20,-1,18,38,1,0.081233,0.001471,0.000001
2894,20,16,16,38,1,0.006290,0.001199,0.000001
2895,20,12,12,44,1,0.000522,0.000916,0.000001
2896,20,12,12,46,1,0.000338,0.000953,0.000001
2897,20,14,14,36,1,0.006614,0.001081,0.000001
2898,20,12,12,36,1,0.002149,0.000935,0.000001
2899,20,14,14,38,1,0.003176,0.001058,0.000001
2900,20,10,10,38,1,0.000643,0.000849,0.000001
2901,20,14,14,44,1,0.000306,0.001063,0.000001
2902,20,-1,16,38,1,0.081834,0.001204,0.000001
2903,20,12,12,42,1,0.002299,0.000974,0.000001
2904,20,8,8,34,1,0.000318,0.000651,0.000000
2905,20,14,14,46,1,0.000333,0.001081,0.000001
2906,20,12,12,28,1,0.001264,0.000929,0.000001
2907,20,12,12,36,1,0.000843,0.000949,0.000000
2908,20,12,12,30,1,0.000655,0.000918,0.000000
2909,20,10,10,38,1,0.000329,0.000894,0.000001
2910,20,-1,18,46,1,0.079556,0.001368,0.000001
2911,20,12,12,38,1,0.000530,0.000935,0.000001
2912,20,12,12,46,1,0.000377,0.000952,0.000001
2913,20,12,12,38,1,0.000308,0.000955,0.000000
2914,20,12,12,28,1,0.000418,0.000927,0.000000
2915,20,14,14,38,1,0.016536,0.001113,0.000001
2916,20,14,14,38,1,0.002364,0.001091,0.000001
2917,20,12,12,40,1,0.000640,0.000922,0.000001
2918,20,12,12,32,1,0.000315,0.001000,0.000001
2919,20,-1,16,34,1,0.078236,0.001236,0.000001
2920,20,14,14,40,1,0.001660,0.001082,0.000001
2921,20,12,12,30,1,0.001342,0.000936,0.000001
2922,20,12,12,34,1,0.000497,0.000923,0.000000
2923,20,14,14,44,1,0.005383,0.001108,0.000001
2924,20,14,14,36,1,0.005393,0.001075,0.000000
2925,20,14,14,40,1,0.005765,0.001105,0.000001
2926,20,14,14,42,1,0.001151,0.001081,0.000001
2927,20,-1,18,42,1,0.082092,0.001509,0.000001
2928,20,12,12,44,1,0.000941,0.000955,0.000001
2929,20,-1,16,36,1,0.081349,0.001350,0.000001
2930,20,14,14,42,1,0.000308,0.001065,0.000001
2931,20,10,10,42,1,0.000548,0.000774,0.000001
2932,20,-1,16,38,1,0.081721,0.001185,0.000001
2933,20,12,12,32,1,0.000767,0.000937,0.000001
2934,20,12,12,34,1,0.001698,0.000924,0.000001
2935,20,10,10,38,1,0.000299,0.000813,0.000001
2936,20,12,12,38,1,0.000479,0.000932,0.000001
2937,20,14,14,40,1,0.014433,0.001077,0.000000
2938,20,12,12,36,1,0.000648,0.000934,0.000000
2939,20,14,14,36,1,0.007064,0.001088,0.000000
2940,20,-1,16,40,1,0.081680,0.001237,0.000001
2941,20,14,14,36,1,0.000447,0.001070,0.000001
2942,20,16,16,42,1,0.076733,0.001246,0.000001
2943,20,10,10,48,1,0.000331,0.000778,0.000001
2944,20,12,12,32,1,0.000557,0.000960,0.000001
2945,20,10,10,40,1,0.000303,0.000792,0.000000
2946,20,12,12,40,1,0.002084,0.000941,0.000001
2947,20,10,10,32,1,0.000454,0.000799,0.000001
2948,20,14,14,34,1,0.011469,0.001081,0.000001
2949,20,8,8,42,1,0.000321,0.000679,0.000000
2950,20,12,12,32,1,0.000599,0.000986,0.000000
2951,20,12,12,36,1,0.000512,0.000957,0.000001
2952,20,12,12,34,1,0.000310,0.000954,0.000001
2953,20,16,16,38,1,0.014532,0.001262,0.000001
2954,20,12,12,46,1,0.001197,0.000911,0.000001
2955,20,8,8,32,1,0.000402,0.000697,0.000000
2956,20,-1,16,30,1,0.083706,0.001223,0.000000
2957,20,10,10,32,1,0.000363,0.000781,0.000000
2958,20,12,12,36,1,0.001566,0.000972,0.000001
2959,20,14,14,42,1,0.001429,0.001070,0.000001
2960,20,16,16,34,1,0.002219,0.001268,0.000000
2961,20,14,14,46,1,0.003871,0.001116,0.000001
2962,20,12,12,46,1,0.000677,0.000946,0.000001
2963,20,12,12,38,1,0.000401,0.000918,0.000000
2964,20,12,12,44,1,0.001519,0.001010,0.000001
2965,20,12,12,44,1,0.000372,0.000948,0.000001
2966,20,14,14,32,1,0.000809,0.001079,0.000001
2967,20,10,10,34,1,0.000311,0.000780,0.000001
2968,20,10,10,40,1,0.000304,0.000858,0.000000
2969,20,10,10,38,1,0.000542,0.000776,0.000000
2970,20,12,12,40,1,0.002119,0.000951,0.000001
2971,20,10,10,36,1,0.000293,0.000873,0.000000
2972,20,14,14,42,1,0.004206,0.001159,0.000001
2973,20,14,14,46,1,0.013133,0.001107,0.000001
2974,20,14,14,42,1,0.000937,0.001099,0.000001
2975,20,12,12,38,1,0.000799,0.000939,0.000001
2976,20,12,12,42,1,0.000295,0.000931,0.000001
2977,20,12,12,36,1,0.000306,0.000920,0.000001
2978,20,14,14,34,1,0.002317,0.001112,0.000000
2979,20,14,14,34,1,0.009668,0.001066,0.000001
2980,20,14,14,42,1,0.006580,0.001061,0.000001
2981,20,16,16,36,1,0.041974,0.001272,0.000001
2982,20,8,8,42,1,0.000358,0.000680,0.000001
2983,20,14,14,40,1,0.000307,0.001089,0.000001
2984,20,16,16,40,1,0.003314,0.001256,0.000001
2985,20,14,14,40,1,0.003297,0.001133,0.000001
2986,20,14,14,40,1,0.000566,0.001083,0.000001
2987,20,12,12,44,1,0.002321,0.000930,0.000001
2988,20,14,14,38,1,0.000357,0.001097,0.000000
2989,20,12,12,42,1,0.000735,0.000902,0.000001
2990,20,16,16,38,1,0.007693,0.001299,0.000001
2991,20,12,12,40,1,0.000307,0.000946,0.000001
2992,20,14,14,46,1,0.002452,0.001132,0.000001
2993,20,12,12,42,1,0.000564,0.000932,0.000000
2994,20,14,14,40,1,0.000849,0.001084,0.000000
2995,20,14,14,38,1,0.005567,0.001059,0.000001
2996,20,14,14,44,1,0.000327,0.001157,0.000001
2997,20,12,12,40,1,0.000640,0.000906,0.000000
2998,20,12,12,40,1,0.000301,0.000943,0.000001
2999,20,12,12,34,1,0.000649,0.000935,0.000001
3000,20,16,16,44,1,0.080356,0.001164,0.000000
3001,20,14,14,38,1,0.005010,0.001098,0.000001
3002,20,12,12,32,1,0.000520,0.000930,0.000001
3003,20,12,12,38,1,0.000709,0.000984,0.000001
3004,20,8,8,44,1,0.000369,0.000665,0.000000
3005,20,16,16,38,1,0.057505,0.001260,0.000001
3006,20,14,14,34,1,0.003461,0.001052,0.000001
3007,20,12,12,36,1,0.002297,0.000963,0.000001
3008,20,14,14,38,1,0.002408,0.001042,0.000001
3009,20,12,12,42,1,0.000522,0.000926,0.000001
3010,20,12,12,34,1,0.001252,0.000905,0.000001
3011,20,14,14,36,1,0.000416,0.001065,0.000001
3012,20,12,12,46,1,0.000819,0.000904,0.000000
3013,20,10,10,34,1,0.000390,0.000775,0.000001
3014,20,14,14,46,1,0.001213,0.001019,0.000001
3015,20,12,12,46,1,0.000494,0.000932,0.000001
3016,20,14,14,38,1,0.021123,0.001062,0.000001
3017,20,12,12,32,1,0.000844,0.000974,0.000001
3018,20,12,12,40,1,0.000713,0.000929,0.000000
3019,20,12,12,44,1,0.000299,0.000935,0.000000
3020,20,12,12,44,1,0.000742,0.000962,0.000000
3021,20,12,12,32,1,0.000652,0.000943,0.000001
3022,20,12,12,42,1,0.001081,0.000935,0.000001
3023,20,14,14,42,1,0.017379,0.001160,0.000001
3024,20,-1,18,40,1,0.078560,0.001473,0.000001
3025,20,14,14,36,1,0.012049,0.001215,0.000001
3026,20,12,12,38,1,0.000862,0.000942,0.000001
3027,20,14,14,42,1,0.001681,0.001057,0.000001
3028,20,14,14,36,1,0.000937,0.001159,0.000000
3029,20,10,10,30,1,0.000295,0.000781,0.000000
3030,20,14,14,44,1,0.000306,0.001092,0.000001
3031,20,10,10,38,1,0.000342,0.000815,0.000001
3032,20,14,14,46,1,0.000468,0.001144,0.000000
3033,20,16,16,38,1,0.000836,0.001208,0.000001
3034,20,12,14,36,1,0.000593,0.001187,0.000001
3035,20,8,8,38,1,0.000298,0.000664,0.000000
3036,20,14,14,44,1,0.000826,0.001099,0.000001
3037,20,14,14,42,1,0.001350,0.001131,0.000001
3038,20,12,12,40,1,0.000677,0.000938,0.000001
3039,20,12,12,38,1,0.001233,0.000946,0.000000
3040,20,12,12,44,1,0.005526,0.000947,0.000001
3041,20,14,14,38,1,0.005367,0.001130,0.000000
3042,20,16,16,34,1,0.008683,0.001206,0.000001
3043,20,12,12,38,1,0.000356,0.000953,0.000001
3044,20,-1,16,38,1,0.085757,0.001298,0.000000
3045,20,12,12,38,1,0.000601,0.000984,0.000000
3046,20,12,12,46,1,0.000446,0.000967,0.000000
3047,20,12,12,44,1,0.000634,0.000957,0.000000
3048,20,-1,16,44,1,0.079835,0.001343,0.000001
3049,20,12,12,38,1,0.000619,0.000947,0.000001
3050,20,14,14,42,1,0.007974,0.001156,0.000001
3051,20,8,8,36,1,0.000318,0.000691,0.000001
3052,20,16,16,34,1,0.053222,0.001210,0.000001
3053,20,12,12,44,1,0.000640,0.000925,0.000001
3054,20,14,14,28,1,0.006023,0.001072,0.000001
3055,20,16,16,36,1,0.029668,0.001261,0.000001
3056,20,14,14,42,1,0.000313,0.001085,0.000000
3057,20,12,12,34,1,0.000822,0.000912,0.000001
3058,20,14,14,42,1,0.001806,0.001065,0.000001
3059,20,12,12,36,1,0.000667,0.000930,0.000000
3060,20,14,14,44,1,0.001486,0.001104,0.000001
3061,20,16,16,40,1,0.006681,0.001214,0.000001
3062,20,10,10,42,1,0.000840,0.000792,0.000001
3063,20,14,14,40,1,0.003383,0.001067,0.000000
3064,20,10,10,40,1,0.000334,0.000800,0.000000
3065,20,12,12,44,1,0.000330,0.000998,0.000001
3066,20,12,12,36,1,0.003505,0.000936,0.000001
3067,20,14,14,38,1,0.001268,0.001064,0.000000
3068,20,12,12,38,1,0.001991,0.000910,0.000001
3069,20,12,12,38,1,0.000453,0.001019,0.000001
3070,20,16,16,40,1,0.025743,0.001280,0.000001
3071,20,12,12,38,1,0.000728,0.000950,0.000001
3072,20,14,14,42,1,0.013709,0.001171,0.000001
3073,20,14,14,34,1,0.008215,0.001078,0.000001
3074,20,10,10,34,1,0.000572,0.000819,0.000001
3075,20,8,8,34,1,0.000288,0.000716,0.000000
3076,20,12,12,30,1,0.000695,0.000915,0.000001
3077,20,10,10,32,1,0.000314,0.000827,0.000001
3078,20,10,10,40,1,0.000327,0.000832,0.000001
3079,20,16,16,42,1,0.047322,0.001235,0.000001
3080,20,12,12,28,1,0.001276,0.000909,0.000001
3081,20,12,12,44,1,0.000518,0.001010,0.000001
3082,20,16,16,34,1,0.033539,0.001219,0.000001
3083,20,12,12,46,1,0.000508,0.000891,0.000001
3084,20,16,16,40,1,0.006389,0.001210,0.000001
3085,20,12,12,40,1,0.000589,0.000948,0.000001
3086,20,12,12,30,1,0.000403,0.000958,0.000001
3087,20,16,16,34,1,0.017626,0.001253,0.000001
3088,20,12,12,34,1,0.003163,0.000949,0.000001
3089,20,14,14,38,1,0.000935,0.001089,0.000000
3090,20,12,12,44,1,0.000730,0.000945,0.000001
3091,20,-1,16,34,1,0.087166,0.001248,0.000001
3092,20,14,14,36,1,0.004610,0.001110,0.000001
3093,20,16,16,48,1,0.010397,0.001340,0.000001
3094,20,16,16,38,1,0.036264,0.001270,0.000001
3095,20,14,14,36,1,0.003076,0.001097,0.000001
3096,20,14,14,34,1,0.001290,0.001070,0.000001
3097,20,12,12,44,1,0.000308,0.000955,0.000001
3098,20,10,10,40,1,0.000299,0.000802,0.000001
3099,20,14,14,42,1,0.002576,0.001113,0.000001
3100,20,12,12,42,1,0.000365,0.000931,0.000000
3101,20,10,10,32,1,0.000810,0.000833,0.000001
3102,20,12,12,40,1,0.000506,0.000928,0.000001
3103,20,12,12,46,1,0.000416,0.000953,0.000001
3104,20,-1,16,36,1,0.086931,0.001202,0.000001
3105,20,14,14,38,1,0.000677,0.001093,0.000001
3106,20,14,14,36,1,0.000326,0.001078,0.000001
3107,20,14,14,42,1,0.001165,0.001097,0.000001
3108,20,16,16,34,1,0.015229,0.001237,0.000000
3109,20,14,14,42,1,0.004677,0.001059,0.000001
3110,20,14,14,40,1,0.019221,0.001080,0.000001
3111,20,-1,16,36,1,0.077706,0.001284,0.000001
3112,20,12,12,38,1,0.000581,0.001009,0.000000
3113,20,10,10,36,1,0.000439,0.000763,0.000001
3114,20,12,12,36,1,0.001153,0.000887,0.000001
3115,20,10,10,36,1,0.000440,0.000763,0.000000
3116,20,14,14,38,1,0.001256,0.001008,0.000000
3117,20,14,14,42,1,0.002184,0.001024,0.000001
3118,20,10,10,38,1,0.000537,0.000774,0.000000
3119,20,12,12,34,1,0.000464,0.000894,0.000001
3120,20,10,10,46,1,0.000516,0.000750,0.000001
3121,20,12,12,42,1,0.000583,0.000893,0.000001
3122,20,10,10,36,1,0.000449,0.000886,0.000000
3123,20,12,12,42,1,0.000498,0.000887,0.000001
3124,20,12,12,34,1,0.000451,0.000908,0.000001
3125,20,12,12,40,1,0.000359,0.000946,0.000001
3126,20,14,14,38,1,0.033444,0.001063,0.000001
3127,20,14,14,38,1,0.000986,0.001068,0.000001
3128,20,16,16,42,1,0.051121,0.001241,0.000001
3129,20,12,12,42,1,0.000548,0.000924,0.000000
3130,20,14,14,36,1,0.009861,0.001063,0.000001
3131,20,14,14,38,1,0.004448,0.001111,0.000001
3132,20,14,14,46,1,0.001357,0.001083,0.000001
3133,20,14,14,38,1,0.004043,0.001092,0.000000
3134,20,10,10,38,1,0.000358,0.000826,0.000001
3135,20,14,14,40,1,0.032682,0.001127,0.000001
3136,20,12,12,42,1,0.000517,0.001027,0.000000
3137,20,12,12,36,1,0.002140,0.000931,0.000001
3138,20,16,16,42,1,0.004458,0.001224,0.000001
3139,20,14,14,40,1,0.029836,0.001067,0.000001
3140,20,16,16,42,1,0.000309,0.001189,0.000000
3141,20,14,14,44,1,0.019228,0.001070,0.000001
3142,20,12,12,40,1,0.000679,0.000949,0.000001
3143,20,10,10,46,1,0.000394,0.000803,0.000000
3144,20,16,16,38,1,0.000342,0.001218,0.000001
3145,20,12,12,40,1,0.000674,0.000914,0.000000
3146,20,10,10,42,1,0.000339,0.000804,0.000001
3147,20,14,14,42,1,0.000316,0.001069,0.000000
3148,20,12,12,38,1,0.000326,0.000944,0.000001
3149,20,12,12,40,1,0.000301,0.000950,0.000001
3150,20,12,12,34,1,0.000291,0.000953,0.000000
3151,20,12,12,34,1,0.001217,0.000980,0.000001
3152,20,14,14,38,1,0.002623,0.001078,0.000000
3153,20,14,14,36,1,0.006088,0.001143,0.000001
3154,20,10,10,30,1,0.000285,0.000804,0.000001
3155,20,14,14,42,1,0.006130,0.001056,0.000001
3156,20,14,14,40,1,0.000502,0.001064,0.000000
3157,20,6,6,38,1,0.000307,0.000564,0.000001
3158,20,14,14,38,1,0.014177,0.001049,0.000001
3159,20,12,12,38,1,0.000439,0.001033,0.000001
3160,20,10,10,36,1,0.000364,0.000797,0.000001
3161,20,12,12,36,1,0.000903,0.000947,0.000000
3162,20,16,16,46,1,0.036231,0.001206,0.000001
3163,20,12,12,42,1,0.000441,0.000941,0.000000
3164,20,12,12,40,1,0.001127,0.000945,0.000001
3165,20,12,12,36,1,0.001187,0.000962,0.000000
3166,20,12,12,38,1,0.000323,0.000905,0.000001
3167,20,12,12,44,1,0.000512,0.000971,0.000000
3168,20,16,16,40,1,0.000303,0.001171,0.000000
3169,20,10,10,40,1,0.000296,0.000835,0.000001
3170,20,14,14,36,1,0.016165,0.001115,0.000001
3171,20,12,12,38,1,0.001208,0.000946,0.000001
3172,20,14,14,40,1,0.000941,0.001078,0.000001
3173,20,14,14,36,1,0.000748,0.001053,0.000001
3174,20,12,12,40,1,0.001298,0.000949,0.000000
3175,20,14,14,40,1,0.000323,0.001042,0.000000
3176,20,12,12,42,1,0.001285,0.000963,0.000000
3177,20,12,12,40,1,0.000497,0.000929,0.000001
3178,20,12,12,38,1,0.000463,0.000942,0.000001
3179,20,10,10,38,1,0.000387,0.000808,0.000000
3180,20,16,16,38,1,0.029321,0.001171,0.000001
3181,20,12,12,46,1,0.001068,0.000948,0.000001
3182,20,14,14,40,1,0.001544,0.001079,0.000001
3183,20,12,12,44,1,0.000319,0.000938,0.000001
3184,20,14,14,34,1,0.001203,0.001053,0.000001
3185,20,16,16,38,1,0.023834,0.001238,0.000001
3186,20,14,14,36,1,0.004477,0.001120,0.000001
3187,20,14,14,36,1,0.000325,0.001068,0.000001
3188,20,12,12,32,1,0.000823,0.000962,0.000000
3189,20,10,10,46,1,0.000374,0.000821,0.000001
3190,20,14,14,42,1,0.000650,0.001071,0.000000
3191,20,14,14,42,1,0.003223,0.001065,0.000000
3192,20,14,14,38,1,0.002590,0.001120,0.000001
3193,20,10,10,36,1,0.000291,0.000782,0.000001
3194,20,-1,18,46,1,0.079725,0.001423,0.000001
3195,20,12,12,26,1,0.000514,0.000927,0.000000
3196,20,12,12,44,1,0.001295,0.000926,0.000001
3197,20,14,14,36,1,0.000360,0.001124,0.000001
3198,20,12,12,42,1,0.000322,0.000940,0.000001
3199,20,10,10,30,1,0.000313,0.000832,0.000001
3200,20,10,10,40,1,0.000298,0.000806,0.000001
3201,20,12,12,44,1,0.000446,0.000946,0.000000
3202,20,10,10,48,1,0.000632,0.000803,0.000001
3203,20,10,10,32,1,0.000314,0.000804,0.000001
3204,20,12,12,40,1,0.001852,0.000936,0.000000
3205,20,16,16,38,1,0.033350,0.001224,0.000001
3206,20,14,14,38,1,0.001765,0.001093,0.000001
3207,20,16,16,32,1,0.047996,0.001261,0.000001
3208,20,14,14,36,1,0.000704,0.001071,0.000000
3209,20,12,12,36,1,0.000679,0.000926,0.000000
3210,20,16,16,36,1,0.028048,0.001234,0.000001
3211,20,10,10,38,1,0.000355,0.000823,0.000001
3212,20,12,12,36,1,0.001213,0.000910,0.000001
3213,20,10,10,38,1,0.000299,0.000905,0.000001
3214,20,14,14,28,1,0.001144,0.001058,0.000001
3215,20,-1,14,40,1,0.077554,0.001048,0.000001
3216,20,10,10,30,1,0.000301,0.000806,0.000000
3217,20,14,14,40,1,0.000467,0.001126,0.000001
3218,20,12,12,32,1,0.000298,0.000939,0.000001
3219,20,12,12,38,1,0.000295,0.000905,0.000001
3220,20,12,12,34,1,0.000306,0.000960,0.000001
3221,20,12,12,30,1,0.000556,0.001019,0.000000
3222,20,14,14,32,1,0.005307,0.001106,0.000000
3223,20,12,12,38,1,0.000971,0.000928,0.000001
3224,20,10,10,44,1,0.000451,0.000818,0.000001
3225,20,14,14,34,1,0.002509,0.001095,0.000001
3226,20,10,10,42,1,0.000296,0.000859,0.000000
3227,20,10,10,40,1,0.000394,0.000842,0.000000
3228,20,14,14,38,1,0.000356,0.001087,0.000001
3229,20,16,16,44,1,0.009102,0.001311,0.000001
3230,20,10,10,46,1,0.000348,0.000816,0.000001
3231,20,16,16,36,1,0.041500,0.001201,0.000001
3232,20,12,12,28,1,0.000972,0.000941,0.000001
3233,20,10,10,40,1,0.000305,0.000782,0.000000
3234,20,12,12,38,1,0.000695,0.000938,0.000001
3235,20,14,14,44,1,0.010084,0.001091,0.000001
3236,20,8,8,34,1,0.000282,0.000695,0.000000
3237,20,12,12,36,1,0.000402,0.000923,0.000001
3238,20,10,10,46,1,0.000390,0.000794,0.000001
3239,20,12,12,46,1,0.001423,0.000939,0.000001
3240,20,14,14,40,1,0.000331,0.001078,0.000001
3241,20,12,12,36,1,0.000581,0.000904,0.000001
3242,20,16,16,40,1,0.041579,0.001236,0.000001
3243,20,12,12,42,1,0.001177,0.000955,0.000000
3244,20,12,12,36,1,0.000764,0.000923,0.000000
3245,20,14,16,34,1,0.004208,0.001188,0.000001
3246,20,16,16,40,1,0.003714,0.001203,0.000001
3247,20,14,14,42,1,0.003777,0.001063,0.000001
3248,20,14,14,40,1,0.001449,0.001094,0.000001
3249,20,14,14,38,1,0.002238,0.001050,0.000001
3250,20,12,12,36,1,0.000306,0.000916,0.000000
3251,20,12,12,46,1,0.006167,0.001014,0.000000
3252,20,10,10,36,1,0.000295,0.000796,0.000001
3253,20,10,10,34,1,0.000372,0.000783,0.000000
3254,20,10,10,34,1,0.000285,0.000818,0.000000
3255,20,-1,16,40,1,0.078149,0.001266,0.000001
3256,20,8,8,34,1,0.000355,0.000672,0.000001
3257,20,14,14,36,1,0.000854,0.001047,0.000000
3258,20,12,12,32,1,0.000800,0.000918,0.000001
3259,20,10,10,40,1,0.000315,0.000897,0.000000
3260,20,12,12,28,1,0.000404,0.000944,0.000000
3261,20,16,16,44,1,0.003681,0.001212,0.000001
3262,20,14,14,38,1,0.006270,0.001061,0.000001
3263,20,12,12,40,1,0.005169,0.000953,0.000001
3264,20,16,16,42,1,0.040033,0.001179,0.000001
3265,20,10,10,38,1,0.000316,0.000849,0.000000
3266,20,14,16,42,1,0.002338,0.001194,0.000001
3267,20,14,14,36,1,0.000397,0.001069,0.000000
3268,20,16,16,40,1,0.037583,0.001225,0.000001
3269,20,14,14,36,1,0.000309,0.001123,0.000000
3270,20,12,12,44,1,0.001820,0.000916,0.000001
3271,20,12,12,34,1,0.000698,0.000933,0.000001
3272,20,16,16,40,1,0.002445,0.001206,0.000001
3273,20,14,14,40,1,0.001124,0.001143,0.000001
3274,20,14,14,44,1,0.007121,0.001063,0.000001
3275,20,14,14,40,1,0.001356,0.001066,0.000001
3276,20,16,16,40,1,0.037380,0.001206,0.000001
3277,20,-1,16,42,1,0.081240,0.001342,0.000001
3278,20,8,8,38,1,0.000289,0.000677,0.000001
3279,20,14,14,38,1,0.007324,0.001105,0.000001
3280,20,12,12,32,1,0.000567,0.000971,0.000001
3281,20,10,10,38,1,0.000301,0.000823,0.000001
3282,20,14,14,40,1,0.005527,0.001096,0.000001
3283,20,12,12,36,1,0.006309,0.000930,0.000001
3284,20,10,10,40,1,0.000558,0.000817,0.000001
3285,20,10,10,38,1,0.000413,0.000825,0.000001
3286,20,12,12,42,1,0.000625,0.000937,0.000001
3287,20,14,14,44,1,0.000846,0.001129,0.000000
3288,20,10,10,40,1,0.000365,0.000824,0.000001
3289,20,12,12,42,1,0.000598,0.000912,0.000001
3290,20,14,14,36,1,0.000709,0.001100,0.000001
3291,20,14,14,42,1,0.003884,0.001044,0.000001
3292,20,10,10,36,1,0.000340,0.000876,0.000001
3293,20,14,14,36,1,0.000337,0.001060,0.000001
3294,20,16,16,40,1,0.018990,0.001233,0.000001
3295,20,12,12,30,1,0.000795,0.000967,0.000001
3296,20,14,14,42,1,0.000693,0.001066,0.000001
3297,20,14,14,44,1,0.001610,0.001166,0.000001
3298,20,12,12,44,1,0.000969,0.000927,0.000001
3299,20,12,12,34,1,0.000576,0.000940,0.000000
3300,20,12,12,36,1,0.000295,0.000995,0.000001
3301,20,14,14,42,1,0.005524,0.001082,0.000001
3302,20,16,16,34,1,0.035170,0.001282,0.000001
3303,20,14,14,46,1,0.004601,0.001108,0.000001
3304,20,12,12,46,1,0.001640,0.000917,0.000001
3305,20,16,16,42,1,0.013223,0.001297,0.000001
3306,20,14,14,42,1,0.000301,0.001081,0.000001
3307,20,14,14,48,1,0.000303,0.001058,0.000001
3308,20,12,12,46,1,0.000299,0.000953,0.000001
3309,20,14,16,42,1,0.003275,0.001234,0.000001
3310,20,10,10,36,1,0.000292,0.000836,0.000001
3311,20,14,14,36,1,0.000554,0.001069,0.000001
3312,20,14,14,48,1,0.001306,0.001073,0.000001
3313,20,14,14,32,1,0.000301,0.001069,0.000001
3314,20,14,14,40,1,0.009872,0.001066,0.000001
3315,20,10,10,36,1,0.000418,0.000795,0.000001
3316,20,16,16,44,1,0.003308,0.001263,0.000001
3317,20,14,14,36,1,0.000307,0.001084,0.000001
3318,20,16,16,34,1,0.038639,0.001249,0.000001
3319,20,14,14,38,1,0.005457,0.001066,0.000001
3320,20,-1,18,38,1,0.079989,0.001439,0.000001
3321,20,16,16,50,1,0.003473,0.001251,0.000001
3322,20,12,12,36,1,0.000294,0.000943,0.000001
3323,20,12,14,38,1,0.000901,0.001050,0.000000
3324,20,10,10,36,1,0.000445,0.000822,0.000001
3325,20,14,14,36,1,0.008790,0.001184,0.000001
3326,20,14,14,42,1,0.000638,0.001115,0.000001
3327,20,12,12,42,1,0.000298,0.000947,0.000000
3328,20,12,12,36,1,0.001847,0.000999,0.000000
3329,20,12,12,32,1,0.000412,0.000924,0.000000
3330,20,10,10,34,1,0.000345,0.000813,0.000000
3331,20,14,14,32,1,0.007523,0.001127,0.000001
3332,20,12,12,46,1,0.000560,0.000945,0.000001
3333,20,14,14,36,1,0.002194,0.001121,0.000001
3334,20,10,10,42,1,0.000293,0.000812,0.000001
3335,20,12,12,36,1,0.001393,0.000902,0.000000
3336,20,8,8,40,1,0.000293,0.000715,0.000001
3337,20,12,14,38,1,0.000765,0.001069,0.000001
3338,20,16,16,32,1,0.010513,0.001220,0.000001
3339,20,14,14,38,1,0.022918,0.001114,0.000000
3340,20,14,14,36,1,0.019881,0.001084,0.000000
3341,20,10,10,36,1,0.000404,0.000790,0.000001
3342,20,14,14,38,1,0.001414,0.001095,0.000001
3343,20,14,14,36,1,0.005635,0.001059,0.000001
3344,20,12,12,38,1,0.000393,0.000957,0.000001
3345,20,12,12,30,1,0.000498,0.000999,0.000000
3346,20,8,8,38,1,0.000321,0.000699,0.000001
3347,20,16,16,40,1,0.018513,0.001279,0.000001
3348,20,14,14,38,1,0.039561,0.001053,0.000001
3349,20,14,14,42,1,0.007281,0.001068,0.000001
3350,20,14,14,42,1,0.000917,0.001071,0.000000
3351,20,12,12,42,1,0.000312,0.000922,0.000001
3352,20,10,10,42,1,0.000503,0.000797,0.000000
3353,20,14,14,46,1,0.014218,0.001045,0.000001
3354,20,12,12,36,1,0.000616,0.000935,0.000001
3355,20,12,12,38,1,0.000331,0.000948,0.000001
3356,20,14,14,42,1,0.001091,0.001120,0.000001
3357,20,16,16,34,1,0.039649,0.001267,0.000001
3358,20,12,12,42,1,0.000761,0.000951,0.000001
3359,20,14,14,42,1,0.001409,0.001033,0.000001
3360,20,14,14,36,1,0.003468,0.001086,0.000001
3361,20,12,12,40,1,0.000307,0.000922,0.000001
3362,20,16,16,36,1,0.003772,0.001216,0.000001
3363,20,10,10,32,1,0.000291,0.000808,0.000000
3364,20,12,12,40,1,0.000603,0.000956,0.000000
3365,20,12,12,38,1,0.003546,0.001045,0.000001
3366,20,10,10,36,1,0.000656,0.000803,0.000000
3367,20,14,14,40,1,0.017019,0.001062,0.000001
3368,20,14,14,40,1,0.002200,0.001046,0.000001
3369,20,14,14,36,1,0.000309,0.001074,0.000000
3370,20,10,10,36,1,0.000316,0.000797,0.000001
3371,20,16,16,36,1,0.015934,0.001211,0.000000
3372,20,12,12,38,1,0.000504,0.000958,0.000000
3373,20,16,16,34,1,0.078925,0.001238,0.000001
3374,20,14,14,40,1,0.001199,0.001079,0.000001
3375,20,12,12,36,1,0.001718,0.000940,0.000001
3376,20,14,14,34,1,0.001319,0.001049,0.000001
3377,20,14,14,42,1,0.003795,0.001066,0.000001
3378,20,12,12,48,1,0.000691,0.000966,0.000000
3379,20,14,14,40,1,0.003417,0.001110,0.000000
3380,20,12,12,44,1,0.002022,0.000914,0.000001
3381,20,16,16,32,1,0.002681,0.001213,0.000001
3382,20,12,12,38,1,0.000367,0.000927,0.000000
3383,20,-1,18,40,1,0.081800,0.001390,0.000001
3384,20,14,14,28,1,0.004674,0.001066,0.000001
3385,20,14,14,42,1,0.001063,0.001070,0.000001
3386,20,8,8,34,1,0.000371,0.000692,0.000000
3387,20,14,14,44,1,0.003061,0.001075,0.000001
3388,20,14,14,38,1,0.008355,0.001082,0.000001
3389,20,14,14,40,1,0.027543,0.001084,0.000001
3390,20,16,16,40,1,0.007169,0.001206,0.000001
3391,20,14,14,42,1,0.003036,0.001146,0.000001
3392,20,12,12,40,1,0.000431,0.000961,0.000001
3393,20,14,14,40,1,0.001489,0.001112,0.000001
3394,20,10,10,36,1,0.000808,0.000822,0.000001
3395,20,12,12,38,1,0.000527,0.000959,0.000001
3396,20,12,12,30,1,0.000686,0.000938,0.000001
3397,20,14,14,40,1,0.005620,0.001194,0.000001
3398,20,10,10,36,1,0.000321,0.000830,0.000001
3399,20,12,12,34,1,0.000579,0.000972,0.000001
3400,20,10,10,36,1,0.000295,0.000796,0.000000
3401,20,16,16,36,1,0.002310,0.001238,0.000000
3402,20,12,12,34,1,0.000653,0.000941,0.000000
3403,20,16,16,42,1,0.077441,0.001257,0.000001
3404,20,14,14,40,1,0.043517,0.001171,0.000001
3405,20,14,14,34,1,0.002149,0.001072,0.000001
3406,20,14,14,36,1,0.005592,0.001075,0.000001
3407,20,14,14,46,1,0.001199,0.001084,0.000001
3408,20,14,14,42,1,0.005055,0.001108,0.000001
3409,20,10,10,40,1,0.000291,0.000786,0.000001
3410,20,10,10,44,1,0.000404,0.000820,0.000001
3411,20,14,14,44,1,0.001369,0.001065,0.000000
3412,20,12,12,38,1,0.000305,0.000949,0.000001
3413,20,-1,18,42,1,0.084100,0.001402,0.000001
3414,20,10,10,42,1,0.000327,0.000873,0.000001
3415,20,8,8,48,1,0.000312,0.000679,0.000000
3416,20,14,14,42,1,0.013801,0.001124,0.000001
3417,20,16,16,40,1,0.001269,0.001254,0.000000
3418,20,14,14,28,1,0.010377,0.001073,0.000001
3419,20,14,14,44,1,0.015623,0.001093,0.000001
3420,20,14,14,36,1,0.000846,0.001120,0.000000
3421,20,12,12,38,1,0.001307,0.000915,0.000001
3422,20,16,16,46,1,0.048100,0.001222,0.000001
3423,20,-1,16,44,1,0.078684,0.001276,0.000001
3424,20,12,12,36,1,0.000857,0.000924,0.000000
3425,20,14,14,46,1,0.000673,0.001062,0.000001
3426,20,10,10,40,1,0.000314,0.000828,0.000000
3427,20,14,14,46,1,0.001070,0.001061,0.000001
3428,20,10,10,32,1,0.000337,0.000816,0.000000
3429,20,16,16,40,1,0.000807,0.001209,0.000001
3430,20,14,14,42,1,0.001465,0.001090,0.000001
3431,20,10,10,38,1,0.000450,0.000801,0.000001
3432,20,12,12,36,1,0.000531,0.000950,0.000001
3433,20,14,14,40,1,0.010265,0.001067,0.000001
3434,20,14,14,40,1,0.001527,0.001088,0.000001
3435,20,14,14,42,1,0.012232,0.001109,0.000001
3436,20,16,16,52,1,0.045806,0.001232,0.000001
3437,20,8,8,38,1,0.000300,0.000672,0.000001
3438,20,14,14,42,1,0.000562,0.001118,0.000000
3439,20,10,10,38,1,0.000345,0.000783,0.000001
3440,20,10,10,38,1,0.000341,0.000829,0.000000
3441,20,12,12,32,1,0.001291,0.000946,0.000000
3442,20,8,8,36,1,0.000356,0.000642,0.000000
3443,20,14,14,40,1,0.004583,0.001044,0.000001
3444,20,12,12,36,1,0.000567,0.000873,0.000000
3445,20,12,12,44,1,0.000727,0.000881,0.000000
3446,20,14,14,34,1,0.020616,0.001086,0.000001
3447,20,8,8,42,1,0.000344,0.000773,0.000001
3448,20,14,14,42,1,0.022057,0.001116,0.000001
3449,20,12,12,38,1,0.000875,0.000920,0.000001
3450,20,10,10,32,1,0.000300,0.000853,0.000000
3451,20,12,12,32,1,0.001328,0.000931,0.000001
3452,20,12,12,44,1,0.002061,0.000949,0.000001
3453,20,14,14,48,1,0.003755,0.001076,0.000000
3454,20,14,14,34,1,0.000301,0.001099,0.000001
3455,20,14,14,38,1,0.027352,0.001168,0.000001
3456,20,14,14,38,1,0.027047,0.001138,0.000001
3457,20,16,16,46,1,0.003603,0.001220,0.000001
3458,20,14,14,38,1,0.000972,0.001092,0.000001
3459,20,12,12,38,1,0.000436,0.000941,0.000001
3460,20,8,8,34,1,0.000313,0.000744,0.000000
3461,20,12,12,46,1,0.000521,0.000929,0.000001
3462,20,12,12,38,1,0.000469,0.000957,0.000000
3463,20,18,20,48,1,0.042705,0.001606,0.000001
3464,20,14,14,32,1,0.000579,0.001071,0.000001
3465,20,8,8,32,1,0.000296,0.000664,0.000001
3466,20,16,16,48,1,0.002267,0.001223,0.000001
3467,20,14,14,46,1,0.003459,0.001133,0.000000
3468,20,12,12,46,1,0.000695,0.000971,0.000001
3469,20,16,16,44,1,0.028342,0.001232,0.000001
3470,20,10,10,36,1,0.000607,0.000845,0.000001
3471,20,12,12,38,1,0.000853,0.000970,0.000001
3472,20,14,14,44,1,0.006090,0.001072,0.000001
3473,20,6,6,26,1,0.000291,0.000576,0.000000
3474,20,16,16,40,1,0.032172,0.001243,0.000001
3475,20,12,12,40,1,0.000327,0.000985,0.000001
3476,20,12,12,32,1,0.000450,0.000975,0.000001
3477,20,14,14,32,1,0.006738,0.001097,0.000001
3478,20,12,12,40,1,0.000707,0.000946,0.000000
3479,20,10,10,34,1,0.000307,0.000827,0.000000
3480,20,12,12,38,1,0.001178,0.000911,0.000001
3481,20,14,14,36,1,0.000825,0.001125,0.000001
3482,20,12,12,46,1,0.000296,0.000909,0.000001
3483,20,16,16,42,1,0.003024,0.001237,0.000001
3484,20,10,10,34,1,0.000293,0.000782,0.000000
3485,20,14,14,36,1,0.018979,0.001160,0.000001
3486,20,14,14,38,1,0.000696,0.001102,0.000001
3487,20,12,12,36,1,0.004287,0.000953,0.000001
3488,20,12,12,42,1,0.000478,0.000957,0.000000
3489,20,12,12,44,1,0.000379,0.000932,0.000001
3490,20,12,12,40,1,0.000388,0.000953,0.000001
3491,20,12,12,42,1,0.000571,0.000944,0.000001
3492,20,10,10,42,1,0.000310,0.000822,0.000000
3493,20,14,14,38,1,0.003994,0.001125,0.000001
3494,20,14,14,40,1,0.001079,0.001174,0.000001
3495,20,14,14,40,1,0.000408,0.001066,0.000001
3496,20,10,10,36,1,0.000635,0.000837,0.000000
3497,20,10,10,42,1,0.000420,0.000776,0.000001
3498,20,10,10,32,1,0.000393,0.000866,0.000000
3499,20,14,14,38,1,0.036588,0.001125,0.000001
3500,20,12,12,44,1,0.000525,0.000955,0.000000
3501,20,12,12,44,1,0.000925,0.000910,0.000001
3502,20,12,12,32,1,0.000881,0.000988,0.000000
3503,20,16,18,44,1,0.001837,0.001300,0.000001
3504,20,14,14,36,1,0.005550,0.001071,0.000001
3505,20,14,14,44,1,0.003497,0.001077,0.000001
3506,20,14,14,44,1,0.006423,0.001104,0.000001
3507,20,14,14,36,1,0.003429,0.001077,0.000001
3508,20,16,18,48,1,0.005404,0.001414,0.000001
3509,20,14,14,44,1,0.000433,0.001100,0.000001
3510,20,14,14,44,1,0.009141,0.001084,0.000001
3511,20,12,12,44,1,0.000555,0.000921,0.000000
3512,20,16,16,44,1,0.044333,0.001312,0.000001
3513,20,12,12,38,1,0.000721,0.000929,0.000000
3514,20,14,14,42,1,0.001699,0.001107,0.000001
3515,20,14,14,38,1,0.005765,0.001049,0.000001
3516,20,-1,18,40,1,0.078545,0.001399,0.000001
3517,20,12,12,34,1,0.000476,0.001093,0.000000
3518,20,12,12,38,1,0.000436,0.000948,0.000001
3519,20,12,12,42,1,0.001259,0.000929,0.000001
3520,20,12,12,36,1,0.001279,0.001002,0.000000
3521,20,12,12,42,1,0.000314,0.000927,0.000001
3522,20,-1,16,42,1,0.078134,0.001235,0.000001
3523,20,16,16,40,1,0.006217,0.001298,0.000001
3524,20,14,14,36,1,0.004217,0.001134,0.000001
3525,20,14,14,40,1,0.000321,0.001085,0.000001
3526,20,12,12,32,1,0.000292,0.000938,0.000000
3527,20,12,12,34,1,0.000714,0.000963,0.000001
3528,20,12,12,36,1,0.002315,0.000969,0.000000
3529,20,12,12,32,1,0.001378,0.000962,0.000000
3530,20,12,12,40,1,0.004470,0.001042,0.000001
3531,20,10,10,38,1,0.000314,0.000832,0.000000
3532,20,10,10,38,1,0.000398,0.000830,0.000000
3533,20,10,10,38,1,0.000340,0.000791,0.000000
3534,20,14,14,38,1,0.006670,0.001169,0.000001
3535,20,12,12,38,1,0.000631,0.000941,0.000000
3536,20,10,10,38,1,0.000291,0.000831,0.000000
3537,20,12,12,34,1,0.000859,0.000944,0.000000
3538,20,16,16,42,1,0.011483,0.001250,0.000001
3539,20,12,12,34,1,0.000332,0.000938,0.000000
3540,20,14,14,42,1,0.001656,0.001167,0.000001
3541,20,14,14,34,1,0.019348,0.001122,0.000001
3542,20,16,16,38,1,0.019748,0.001234,0.000001
3543,20,14,14,34,1,0.000315,0.001086,0.000000
3544,20,-1,16,36,1,0.077322,0.001310,0.000001
3545,20,12,12,32,1,0.000533,0.000925,0.000000
3546,20,10,10,38,1,0.000343,0.000804,0.000001
3547,20,16,16,32,1,0.002578,0.001241,0.000001
3548,20,14,14,40,1,0.001209,0.001059,0.000001
3549,20,14,14,40,1,0.000786,0.001139,0.000001
3550,20,14,14,48,1,0.021654,0.001099,0.000001
3551,20,14,14,42,1,0.001454,0.001060,0.000001
3552,20,14,14,38,1,0.016346,0.001076,0.000001
3553,20,14,14,38,1,0.000345,0.001149,0.000001
3554,20,14,14,44,1,0.005792,0.001077,0.000001
3555,20,14,14,44,1,0.001339,0.001110,0.000001
3556,20,12,12,38,1,0.000445,0.000967,0.000001
3557,20,-1,16,42,1,0.076471,0.001348,0.000001
3558,20,14,14,44,1,0.074954,0.001070,0.000001
3559,20,10,10,48,1,0.000303,0.000813,0.000001
3560,20,16,16,38,1,0.005481,0.001300,0.000001
3561,20,14,14,42,1,0.001001,0.001083,0.000000
3562,20,12,12,42,1,0.000571,0.000920,0.000001
3563,20,12,12,36,1,0.000304,0.000993,0.000001
3564,20,12,12,48,1,0.002082,0.000915,0.000000
3565,20,12,12,34,1,0.001326,0.001043,0.000001
3566,20,12,12,36,1,0.001061,0.000936,0.000001
3567,20,12,12,36,1,0.000622,0.000960,0.000001
3568,20,14,14,42,1,0.004734,0.001085,0.000001
3569,20,-1,16,44,1,0.078495,0.001195,0.000001
3570,20,12,12,30,1,0.001482,0.000901,0.000001
3571,20,12,12,38,1,0.001363,0.000903,0.000001
3572,20,16,16,38,1,0.016326,0.001238,0.000001
3573,20,16,18,38,1,0.016219,0.001344,0.000001
3574,20,8,8,38,1,0.000316,0.000654,0.000000
3575,20,12,12,44,1,0.000488,0.000963,0.000001
3576,20,14,14,40,1,0.000817,0.001058,0.000001
3577,20,12,12,40,1,0.000356,0.000954,0.000001
3578,20,14,14,42,1,0.000695,0.001076,0.000001
3579,20,8,8,34,1,0.000293,0.000695,0.000001
3580,20,12,12,44,1,0.000312,0.000931,0.000000
3581,20,14,14,30,1,0.009921,0.001102,0.000001
3582,20,16,16,38,1,0.020279,0.001236,0.000001
3583,20,14,14,46,1,0.001351,0.001131,0.000001
3584,20,14,14,40,1,0.006933,0.001067,0.000001
3585,20,12,12,38,1,0.000691,0.000966,0.000001
3586,20,12,12,42,1,0.000461,0.000961,0.000001
3587,20,12,12,44,1,0.000302,0.000957,0.000001
3588,20,14,14,42,1,0.007517,0.001147,0.000001
3589,20,12,12,36,1,0.000714,0.000923,0.000001
3590,20,8,8,46,1,0.000329,0.000717,0.000000
3591,20,14,14,42,1,0.003222,0.001084,0.000001
3592,20,10,10,30,1,0.000312,0.000835,0.000001
3593,20,12,12,36,1,0.000790,0.000910,0.000001
3594,20,14,14,34,1,0.001466,0.001126,0.000001
3595,20,14,14,44,1,0.000316,0.001025,0.000000
3596,20,14,14,36,1,0.000303,0.001141,0.000001
3597,20,10,10,34,1,0.000467,0.000844,0.000000
3598,20,12,12,40,1,0.000305,0.000982,0.000000
3599,20,14,14,46,1,0.000382,0.001101,0.000001
3600,20,10,10,38,1,0.000377,0.000785,0.000001
3601,20,14,14,38,1,0.009137,0.001094,0.000001
3602,20,12,12,46,1,0.000455,0.001007,0.000000
3603,20,16,16,38,1,0.030153,0.001225,0.000001
3604,20,10,10,40,1,0.000316,0.000852,0.000000
3605,20,12,12,34,1,0.000498,0.000987,0.000001
3606,20,14,14,38,1,0.001263,0.001071,0.000001
3607,20,10,10,38,1,0.000298,0.000780,0.000000
3608,20,10,10,38,1,0.000400,0.000830,0.000001
3609,20,14,14,42,1,0.010028,0.001161,0.000001
3610,20,8,8,40,1,0.000299,0.000704,0.000001
3611,20,14,14,34,1,0.001347,0.001052,0.000001
3612,20,12,12,44,1,0.001727,0.000967,0.000001
3613,20,12,12,34,1,0.002732,0.000940,0.000000
3614,20,12,12,42,1,0.000432,0.000950,0.000001
3615,20,10,10,34,1,0.000334,0.000805,0.000000
3616,20,14,14,40,1,0.003825,0.001107,0.000001
3617,20,14,14,34,1,0.001267,0.001047,0.000001
3618,20,12,12,44,1,0.000304,0.001007,0.000001
3619,20,14,14,42,1,0.001980,0.001065,0.000001
3620,20,14,14,38,1,0.000635,0.001112,0.000000
3621,20,14,14,42,1,0.008588,0.001074,0.000000
3622,20,14,14,34,1,0.026830,0.001072,0.000001
3623,20,16,16,38,1,0.001178,0.001231,0.000001
3624,20,14,14,40,1,0.000326,0.001082,0.000000
3625,20,12,12,40,1,0.000941,0.000939,0.000001
3626,20,12,12,34,1,0.000503,0.000947,0.000001
3627,20,14,14,32,1,0.000304,0.001074,0.000000
3628,20,14,14,34,1,0.016904,0.001105,0.000001
3629,20,14,14,38,1,0.001020,0.001137,0.000001
3630,20,16,16,38,1,0.002094,0.001226,0.000000
3631,20,14,14,38,1,0.000905,0.001086,0.000001
3632,20,10,10,34,1,0.000605,0.000826,0.000001
3633,20,12,12,38,1,0.002330,0.000962,0.000001
3634,20,12,12,42,1,0.000309,0.000972,0.000001
3635,20,12,12,30,1,0.001230,0.000931,0.000000
3636,20,12,12,46,1,0.000425,0.000939,0.000000
3637,20,10,10,42,1,0.000382,0.000837,0.000001
3638,20,14,14,42,1,0.000748,0.001099,0.000001
3639,20,14,14,36,1,0.032897,0.001075,0.000001
3640,20,16,16,38,1,0.040360,0.001238,0.000000
3641,20,12,12,36,1,0.000403,0.000953,0.000001
3642,20,14,14,38,1,0.000756,0.001159,0.000001
3643,20,14,14,36,1,0.001106,0.001076,0.000001
3644,20,14,14,40,1,0.001848,0.001167,0.000001
3645,20,10,10,36,1,0.000296,0.000810,0.000001
3646,20,14,14,40,1,0.001924,0.001054,0.000001
3647,20,14,14,48,1,0.005870,0.001129,0.000001
3648,20,12,12,34,1,0.000555,0.000963,0.000001
3649,20,14,14,40,1,0.011369,0.001125,0.000001
3650,20,14,14,44,1,0.002257,0.001075,0.000001
3651,20,12,12,38,1,0.002110,0.000965,0.000000
3652,20,12,12,38,1,0.000359,0.001024,0.000000
3653,20,12,12,34,1,0.000342,0.001007,0.000000
3654,20,14,14,38,1,0.003944,0.001097,0.000001
3655,20,-1,16,44,1,0.079878,0.001241,0.000001
3656,20,10,10,22,1,0.000353,0.000897,0.000000
3657,20,12,12,40,1,0.000421,0.000973,0.000000
3658,20,14,14,40,1,0.000890,0.001077,0.000001
3659,20,14,14,40,1,0.008461,0.001089,0.000001
3660,20,16,16,42,1,0.013112,0.001288,0.000001
3661,20,10,10,34,1,0.000429,0.000829,0.000001
3662,20,10,10,46,1,0.000525,0.000792,0.000000
3663,20,14,14,38,1,0.000297,0.001069,0.000000
3664,20,10,10,32,1,0.000295,0.000846,0.000000
3665,20,14,14,38,1,0.008286,0.001095,0.000000
3666,20,12,12,38,1,0.001240,0.000995,0.000001
3667,20,14,14,40,1,0.000631,0.001102,0.000001
3668,20,14,14,36,1,0.014247,0.001120,0.000001
3669,20,12,12,40,1,0.000398,0.000930,0.000001
3670,20,14,14,46,1,0.004995,0.001099,0.000000
3671,20,14,14,34,1,0.002001,0.001117,0.000001
3672,20,12,12,42,1,0.001535,0.000930,0.000000
3673,20,12,12,44,1,0.000696,0.000938,0.000000
3674,20,10,10,42,1,0.000351,0.000778,0.000000
3675,20,12,12,46,1,0.001284,0.000901,0.000000
3676,20,16,16,44,1,0.002064,0.001192,0.000001
3677,20,12,12,42,1,0.000522,0.000907,0.000000
3678,20,-1,16,36,1,0.078538,0.001284,0.000000
3679,20,14,14,48,1,0.005308,0.001056,0.000001
3680,20,12,12,38,1,0.000307,0.000966,0.000001
3681,20,16,16,40,1,0.003720,0.001211,0.000000
3682,20,10,10,42,1,0.000993,0.000861,0.000000
3683,20,16,16,38,1,0.043837,0.001190,0.000001
3684,20,10,10,44,1,0.000321,0.000828,0.000000
3685,20,14,14,34,1,0.016228,0.001096,0.000001
3686,20,14,14,34,1,0.002137,0.001077,0.000001
3687,20,14,14,36,1,0.001615,0.001099,0.000001
3688,20,12,12,38,1,0.000445,0.000956,0.000000
3689,20,10,10,32,1,0.000441,0.000807,0.000000
3690,20,14,14,34,1,0.000874,0.001091,0.000000
3691,20,14,14,36,1,0.022944,0.001099,0.000001
3692,20,14,14,36,1,0.034188,0.001094,0.000001
3693,20,16,16,44,1,0.033354,0.001226,0.000001
3694,20,12,12,42,1,0.000745,0.000918,0.000001
3695,20,14,14,40,1,0.000811,0.001128,0.000001
3696,20,12,12,40,1,0.000316,0.000946,0.000000
3697,20,14,14,38,1,0.003466,0.001085,0.000001
3698,20,16,16,36,1,0.010535,0.001290,0.000001
3699,20,14,14,34,1,0.001154,0.001095,0.000001
3700,20,10,10,38,1,0.000314,0.000825,0.000000
3701,20,8,8,34,1,0.000289,0.000736,0.000000
3702,20,14,14,42,1,0.000812,0.001084,0.000001
3703,20,12,12,42,1,0.002081,0.000949,0.000001
3704,20,14,14,36,1,0.009896,0.001075,0.000001
3705,20,-1,16,42,1,0.080850,0.001274,0.000001
3706,20,12,12,42,1,0.000432,0.000992,0.000001
3707,20,14,14,36,1,0.014280,0.001097,0.000001
3708,20,8,8,36,1,0.000300,0.000662,0.000000
3709,20,10,10,36,1,0.000668,0.000840,0.000001
3710,20,16,18,36,1,0.000885,0.001329,0.000001
3711,20,12,12,42,1,0.000326,0.000953,0.000001
3712,20,16,16,38,1,0.036299,0.001235,0.000001
3713,20,10,10,32,1,0.000557,0.000859,0.000001
3714,20,12,12,44,1,0.001788,0.000935,0.000001
3715,20,16,16,44,1,0.001699,0.001268,0.000000
3716,20,12,12,32,1,0.000335,0.000963,0.000001
3717,20,12,12,42,1,0.000297,0.000953,0.000001
3718,20,14,14,42,1,0.000955,0.001168,0.000001
3719,20,12,12,38,1,0.000311,0.000924,0.000001
3720,20,16,16,36,1,0.038539,0.001202,0.000001
3721,20,14,14,38,1,0.000966,0.001097,0.000001
3722,20,16,16,48,1,0.000311,0.001224,0.000001
3723,20,-1,18,44,1,0.082586,0.001537,0.000001
3724,20,14,14,38,1,0.000517,0.001070,0.000000
3725,20,14,14,44,1,0.004129,0.001115,0.000001
3726,20,10,10,42,1,0.000678,0.000817,0.000000
3727,20,12,12,38,1,0.001551,0.001028,0.000001
3728,20,14,14,46,1,0.004902,0.001131,0.000001
3729,20,14,14,38,1,0.000763,0.001091,0.000000
3730,20,12,12,36,1,0.000321,0.000928,0.000000
3731,20,10,10,32,1,0.000287,0.000877,0.000000
3732,20,10,10,36,1,0.000334,0.000843,0.000001
3733,20,12,12,38,1,0.000312,0.000944,0.000001
3734,20,14,14,38,1,0.002227,0.001130,0.000001
3735,20,12,12,40,1,0.000709,0.000935,0.000001
3736,20,16,16,40,1,0.040842,0.001245,0.000001
3737,20,16,16,42,1,0.022017,0.001204,0.000001
3738,20,14,14,36,1,0.008138,0.001125,0.000000
3739,20,10,10,42,1,0.000289,0.000809,0.000000
3740,20,-1,16,42,1,0.079748,0.001257,0.000001
3741,20,12,12,38,1,0.000664,0.000929,0.000001
3742,20,16,16,38,1,0.037184,0.001220,0.000001
3743,20,12,12,40,1,0.000301,0.000942,0.000001
3744,20,-1,16,44,1,0.077750,0.001199,0.000001
3745,20,12,12,32,1,0.000389,0.000994,0.000001
3746,20,14,14,36,1,0.005144,0.001149,0.000001
3747,20,10,10,44,1,0.000428,0.000823,0.000001
3748,20,18,18,44,1,0.013827,0.001362,0.000001
3749,20,12,12,40,1,0.000441,0.001012,0.000001
3750,20,14,14,34,1,0.027824,0.001080,0.000001
3751,20,12,12,30,1,0.001089,0.000924,0.000001
3752,20,14,14,44,1,0.002411,0.001062,0.000001
3753,20,14,16,44,1,0.001132,0.001170,0.000001
3754,20,12,12,42,1,0.000304,0.000950,0.000001
3755,20,16,16,36,1,0.077976,0.001252,0.000001
3756,20,14,14,38,1,0.000340,0.001053,0.000001
3757,20,10,10,44,1,0.000403,0.000797,0.000001
3758,20,14,14,40,1,0.007562,0.001088,0.000001
3759,20,10,10,40,1,0.000596,0.000816,0.000001
3760,20,14,14,40,1,0.007312,0.001073,0.000001
3761,20,14,14,38,1,0.000482,0.001068,0.000001
3762,20,16,18,42,1,0.012290,0.001447,0.000001
3763,20,16,16,42,1,0.005326,0.001272,0.000001
3764,20,14,14,34,1,0.001869,0.001073,0.000001
3765,20,12,12,42,1,0.003902,0.000951,0.000001
3766,20,10,10,40,1,0.000311,0.000814,0.000001
3767,20,12,12,34,1,0.000487,0.000980,0.000001
3768,20,12,12,42,1,0.000301,0.000937,0.000000
3769,20,10,10,32,1,0.000310,0.000832,0.000001
3770,20,16,16,42,1,0.004341,0.001204,0.000001
3771,20,12,12,40,1,0.001027,0.000997,0.000000
3772,20,12,12,40,1,0.001178,0.000911,0.000001
3773,20,12,12,30,1,0.000296,0.000944,0.000000
3774,20,12,12,44,1,0.000559,0.000956,0.000001
3775,20,12,12,36,1,0.000300,0.000962,0.000000
3776,20,10,10,32,1,0.000315,0.000782,0.000000
3777,20,14,14,44,1,0.028819,0.001117,0.000000
3778,20,10,10,38,1,0.000334,0.000828,0.000001
3779,20,12,12,44,1,0.001977,0.000948,0.000000
3780,20,14,14,36,1,0.001667,0.001106,0.000000
3781,20,14,14,38,1,0.000352,0.001058,0.000000
3782,20,10,10,36,1,0.000379,0.000800,0.000001
3783,20,12,12,44,1,0.000306,0.000914,0.000001
3784,20,12,12,32,1,0.000620,0.000967,0.000000
3785,20,14,14,46,1,0.000731,0.001065,0.000000
3786,20,14,14,34,1,0.000981,0.001074,0.000001
3787,20,10,10,36,1,0.000336,0.000805,0.000000
3788,20,12,12,40,1,0.000291,0.000940,0.000000
3789,20,14,14,46,1,0.003168,0.001116,0.000001
3790,20,14,14,36,1,0.006613,0.001043,0.000001
3791,20,14,14,40,1,0.000592,0.001054,0.000001
3792,20,12,12,34,1,0.000497,0.000955,0.000000
3793,20,12,12,46,1,0.002385,0.000924,0.000001
3794,20,12,12,42,1,0.000757,0.000986,0.000000
3795,20,14,14,38,1,0.000538,0.001120,0.000000
3796,20,12,12,32,1,0.010091,0.000938,0.000001
3797,20,8,8,46,1,0.000287,0.000706,0.000001
3798,20,14,14,34,1,0.002092,0.001130,0.000001
3799,20,10,10,34,1,0.000302,0.000822,0.000000
3800,20,16,16,38,1,0.002314,0.001262,0.000001
3801,20,10,10,38,1,0.000299,0.000831,0.000000
3802,20,10,10,38,1,0.000377,0.000828,0.000000
3803,20,14,14,34,1,0.003417,0.001148,0.000000
3804,20,12,12,38,1,0.000437,0.000976,0.000001
3805,20,10,10,34,1,0.000406,0.000837,0.000000
3806,20,12,12,42,1,0.001102,0.000967,0.000000
3807,20,-1,18,38,1,0.086181,0.001451,0.000001
3808,20,16,16,36,1,0.037574,0.001241,0.000001
3809,20,12,12,38,1,0.000317,0.000929,0.000001
3810,20,14,14,40,1,0.002428,0.001062,0.000001
3811,20,10,10,40,1,0.000336,0.000818,0.000001
3812,20,16,16,40,1,0.000306,0.001290,0.000001
3813,20,10,10,34,1,0.000315,0.000794,0.000000
3814,20,12,12,40,1,0.000473,0.000941,0.000001
3815,20,14,14,38,1,0.000909,0.001056,0.000000
3816,20,16,16,38,1,0.015238,0.001204,0.000000
3817,20,12,12,46,1,0.000469,0.000954,0.000000
3818,20,12,12,40,1,0.000503,0.000969,0.000001
3819,20,-1,16,44,1,0.080683,0.001215,0.000001
3820,20,12,12,48,1,0.000336,0.000955,0.000000
3821,20,14,16,34,1,0.002479,0.001201,0.000001
3822,20,16,16,34,1,0.012710,0.001223,0.000001
3823,20,12,12,40,1,0.000994,0.000927,0.000001
3824,20,14,14,36,1,0.000743,0.001112,0.000001
3825,20,-1,16,40,1,0.079894,0.001173,0.000001
3826,20,14,14,40,1,0.005322,0.001036,0.000001
3827,20,12,12,42,1,0.000585,0.000921,0.000001
3828,20,12,12,38,1,0.001360,0.000916,0.000001
3829,20,10,10,30,1,0.000406,0.000795,0.000001
3830,20,16,16,38,1,0.029556,0.001230,0.000001
3831,20,14,14,40,1,0.000419,0.001084,0.000000
3832,20,12,12,46,1,0.000433,0.000929,0.000000
3833,20,16,16,36,1,0.001780,0.001225,0.000001
3834,20,12,12,36,1,0.000540,0.000972,0.000001
3835,20,14,14,36,1,0.000976,0.001092,0.000001
3836,20,10,10,44,1,0.000372,0.000816,0.000000
3837,20,14,14,38,1,0.000805,0.001039,0.000000
3838,20,12,12,40,1,0.000667,0.000951,0.000001
3839,20,14,16,38,1,0.001484,0.001558,0.000001
3840,20,12,12,42,1,0.000326,0.000959,0.000001
3841,20,14,14,42,1,0.007072,0.001086,0.000000
3842,20,12,12,42,1,0.000490,0.000925,0.000001
3843,20,14,14,40,1,0.000786,0.001050,0.000001
3844,20,14,14,40,1,0.007509,0.001080,0.000001
3845,20,12,12,38,1,0.002839,0.000901,0.000001
3846,20,12,12,40,1,0.000920,0.000939,0.000001
3847,20,14,14,46,1,0.001946,0.001105,0.000001
3848,20,-1,16,50,1,0.078422,0.001229,0.000001
3849,20,12,12,38,1,0.000517,0.000965,0.000001
3850,20,14,14,32,1,0.000602,0.001043,0.000000
3851,20,12,12,44,1,0.000925,0.000952,0.000001
3852,20,14,14,40,1,0.020379,0.001124,0.000001
3853,20,14,14,46,1,0.000905,0.001076,0.000001
3854,20,12,12,36,1,0.000536,0.000936,0.000001
3855,20,10,10,40,1,0.000417,0.000866,0.000001
3856,20,14,14,44,1,0.000316,0.001078,0.000001
3857,20,14,14,32,1,0.001355,0.001065,0.000001
3858,20,10,10,38,1,0.000716,0.000896,0.000001
3859,20,14,14,28,1,0.004453,0.001134,0.000001
3860,20,16,16,40,1,0.052144,0.001212,0.000001
3861,20,18,18,38,1,0.001790,0.001427,0.000001
3862,20,12,12,34,1,0.001994,0.000948,0.000001
3863,20,-1,16,38,1,0.080367,0.001289,0.000001
3864,20,12,12,34,1,0.001523,0.001014,0.000000
3865,20,16,18,38,1,0.000762,0.001408,0.000000
3866,20,10,10,40,1,0.000494,0.000784,0.000000
3867,20,16,16,34,1,0.024695,0.001283,0.000001
3868,20,14,14,40,1,0.001324,0.001098,0.000001
3869,20,10,10,34,1,0.000483,0.000811,0.000001
3870,20,12,12,34,1,0.001520,0.000945,0.000001
3871,20,10,10,38,1,0.000372,0.000790,0.000000
3872,20,14,14,46,1,0.005044,0.001106,0.000000
3873,20,14,14,44,1,0.006766,0.001125,0.000001
3874,20,16,16,42,1,0.007610,0.001261,0.000001
3875,20,12,12,34,1,0.002055,0.000931,0.000000
3876,20,14,16,38,1,0.004024,0.001230,0.000001
3877,20,10,10,42,1,0.000301,0.000792,0.000001
3878,20,10,10,42,1,0.000335,0.000828,0.000001
3879,20,-1,16,34,1,0.083710,0.001308,0.000001
3880,20,10,10,36,1,0.000365,0.000837,0.000001
3881,20,16,16,40,1,0.000308,0.001236,0.000001
3882,20,12,12,42,1,0.000507,0.000956,0.000001
3883,20,12,12,40,1,0.000668,0.000954,0.000001
3884,20,12,12,36,1,0.000514,0.000974,0.000000
3885,20,10,10,42,1,0.001115,0.000822,0.000000
3886,20,14,14,44,1,0.001145,0.001086,0.000001
3887,20,14,14,38,1,0.004121,0.001067,0.000001
3888,20,16,16,34,1,0.035343,0.001245,0.000001
3889,20,14,14,36,1,0.000339,0.001109,0.000001
3890,20,10,10,32,1,0.000415,0.000761,0.000000
3891,20,16,16,34,1,0.009329,0.001257,0.000001
3892,20,12,12,34,1,0.000508,0.000935,0.000001
3893,20,14,14,46,1,0.000635,0.001134,0.000001
3894,20,14,14,32,1,0.003838,0.001073,0.000001
3895,20,16,16,40,1,0.046605,0.001264,0.000001
3896,20,12,12,44,1,0.000442,0.000940,0.000001
3897,20,14,14,40,1,0.000310,0.001078,0.000000
3898,20,14,14,36,1,0.000303,0.001059,0.000000
3899,20,12,12,40,1,0.000297,0.000927,0.000001
3900,20,10,10,42,1,0.000362,0.000834,0.000000
3901,20,12,12,46,1,0.000380,0.000965,0.000001
3902,20,14,14,44,1,0.007438,0.001051,0.000001
3903,20,16,16,44,1,0.000921,0.001194,0.000001
3904,20,16,16,38,1,0.022049,0.001240,0.000001
3905,20,10,10,32,1,0.000358,0.000793,0.000001
3906,20,12,12,36,1,0.000388,0.001073,0.000001
3907,20,12,12,34,1,0.001090,0.000925,0.000000
3908,20,14,14,38,1,0.003073,0.001124,0.000001
3909,20,12,12,38,1,0.000297,0.000911,0.000001
3910,20,14,14,44,1,0.001089,0.001065,0.000000
3911,20,14,14,40,1,0.003382,0.001046,0.000001
3912,20,12,12,40,1,0.000660,0.000957,0.000001
3913,20,14,14,34,1,0.000321,0.001064,0.000000
3914,20,10,10,34,1,0.000349,0.000831,0.000001
3915,20,14,14,36,1,0.001513,0.001032,0.000001
3916,20,10,10,34,1,0.000719,0.000811,0.000000
3917,20,14,14,46,1,0.000997,0.001030,0.000001
3918,20,12,12,46,1,0.000587,0.000932,0.000001
3919,20,12,12,42,1,0.000301,0.000949,0.000001
3920,20,12,12,40,1,0.001534,0.000959,0.000000
3921,20,-1,16,38,1,0.085104,0.001292,0.000001
3922,20,10,10,42,1,0.000432,0.000789,0.000001
3923,20,10,10,34,1,0.000297,0.000817,0.000001
3924,20,12,12,42,1,0.000688,0.000893,0.000001
3925,20,16,16,42,1,0.030442,0.001208,0.000001
3926,20,10,10,32,1,0.000413,0.000869,0.000001
3927,20,14,14,38,1,0.001928,0.001083,0.000001
3928,20,14,14,38,1,0.001225,0.001087,0.000001
3929,20,14,14,42,1,0.003891,0.001112,0.000001
3930,20,12,12,42,1,0.001765,0.000916,0.000001
3931,20,14,14,34,1,0.006472,0.001069,0.000001
3932,20,10,10,32,1,0.000371,0.000854,0.000001
3933,20,8,8,28,1,0.000309,0.000684,0.000000
3934,20,12,12,40,1,0.000358,0.000920,0.000001
3935,20,6,6,32,1,0.000275,0.000575,0.000000
3936,20,12,12,40,1,0.001643,0.000962,0.000001
3937,20,8,8,36,1,0.000301,0.000679,0.000000
3938,20,12,12,42,1,0.000296,0.000907,0.000000
3939,20,12,12,32,1,0.000708,0.000945,0.000000
3940,20,12,12,32,1,0.000418,0.000970,0.000001
3941,20,14,14,40,1,0.003087,0.001112,0.000000
3942,20,12,12,42,1,0.000396,0.000950,0.000001
3943,20,10,10,32,1,0.000359,0.000829,0.000000
3944,20,12,12,36,1,0.000424,0.000925,0.000001
3945,20,12,12,36,1,0.000450,0.000945,0.000001
3946,20,10,10,34,1,0.000300,0.000837,0.000000
3947,20,12,12,30,1,0.000683,0.000937,0.000001
3948,20,10,10,32,1,0.000348,0.000786,0.000000
3949,20,14,14,34,1,0.000897,0.001087,0.000000
3950,20,14,14,34,1,0.005051,0.001149,0.000000
3951,20,10,10,34,1,0.000845,0.000793,0.000001
3952,20,12,12,42,1,0.002301,0.000964,0.000001
3953,20,10,10,34,1,0.000512,0.000816,0.000001
3954,20,16,16,40,1,0.020441,0.001245,0.000001
3955,20,10,10,26,1,0.000390,0.000785,0.000001
3956,20,10,10,28,1,0.000311,0.000828,0.000000
3957,20,14,14,44,1,0.003988,0.001053,0.000001
3958,20,10,10,40,1,0.000302,0.000813,0.000000
3959,20,12,12,36,1,0.001610,0.000942,0.000001
3960,20,14,14,30,1,0.000662,0.001077,0.000000
3961,20,12,12,34,1,0.000634,0.000911,0.000001
3962,20,14,14,42,1,0.001789,0.001079,0.000000
3963,20,16,16,40,1,0.001744,0.001236,0.000001
3964,20,12,12,36,1,0.001131,0.000954,0.000001
3965,20,12,12,34,1,0.000642,0.000918,0.000001
3966,20,14,14,32,1,0.001074,0.001124,0.000000
3967,20,10,10,40,1,0.000319,0.000761,0.000001
3968,20,8,8,42,1,0.000291,0.000685,0.000000
3969,20,14,14,46,1,0.012312,0.001089,0.000001
3970,20,10,10,34,1,0.000295,0.000892,0.000001
3971,20,14,14,40,1,0.000967,0.001084,0.000000
3972,20,12,12,40,1,0.000383,0.000942,0.000001
3973,20,10,10,46,1,0.000320,0.000784,0.000000
3974,20,14,14,44,1,0.001096,0.001058,0.000001
3975,20,12,12,46,1,0.000609,0.000915,0.000001
3976,20,16,16,42,1,0.001056,0.001264,0.000000
3977,20,16,16,42,1,0.030178,0.001254,0.000001
3978,20,12,12,40,1,0.002007,0.000930,0.000000
3979,20,12,12,38,1,0.001049,0.000929,0.000000
3980,20,10,10,32,1,0.000479,0.000775,0.000000
3981,20,12,12,32,1,0.000366,0.000959,0.000001
3982,20,14,14,40,1,0.004687,0.001046,0.000001
3983,20,10,10,34,1,0.000363,0.000823,0.000000
3984,20,12,12,36,1,0.005355,0.000928,0.000001
3985,20,16,16,42,1,0.018793,0.001233,0.000001
3986,20,16,16,48,1,0.003652,0.001280,0.000001
3987,20,12,12,32,1,0.000374,0.000944,0.000001
3988,20,14,14,42,1,0.007169,0.001089,0.000001
3989,20,12,12,36,1,0.000511,0.000952,0.000001
3990,20,12,12,40,1,0.000771,0.000978,0.000000
3991,20,10,10,38,1,0.000341,0.000785,0.000000
3992,20,10,10,36,1,0.000499,0.000879,0.000000
3993,20,14,14,42,1,0.010277,0.001150,0.000001
3994,20,14,14,36,1,0.005079,0.001104,0.000000
3995,20,16,16,40,1,0.075975,0.001280,0.000001
3996,20,12,12,42,1,0.000550,0.001009,0.000001
3997,20,14,14,38,1,0.001198,0.001063,0.000000
3998,20,14,14,34,1,0.007896,0.001143,0.000001
3999,20,16,16,46,1,0.006698,0.001225,0.000001
4000,20,-1,16,36,1,0.079885,0.001311,0.000001
4001,20,12,12,36,1,0.001387,0.000947,0.000001
4002,20,14,14,48,1,0.000939,0.001116,0.000001
4003,20,14,14,38,1,0.007901,0.001104,0.000001
4004,20,12,12,44,1,0.000531,0.000926,0.000001
4005,20,12,12,44,1,0.000363,0.000955,0.000001
4006,20,8,8,42,1,0.000303,0.000679,0.000000
4007,20,14,14,28,1,0.007991,0.001126,0.000000
4008,20,16,16,46,1,0.043632,0.001228,0.000001
4009,20,14,14,40,1,0.012276,0.001114,0.000001
4010,20,10,10,42,1,0.000652,0.000828,0.000001
4011,20,8,8,34,1,0.000289,0.000707,0.000001
4012,20,12,12,38,1,0.001438,0.000938,0.000000
4013,20,12,12,38,1,0.000741,0.001032,0.000001
4014,20,14,14,38,1,0.002303,0.001054,0.000001
4015,20,16,16,32,1,0.004295,0.001202,0.000001
4016,20,8,8,36,1,0.000296,0.000659,0.000000
4017,20,12,12,34,1,0.000642,0.000988,0.000001
4018,20,12,12,34,1,0.000494,0.000954,0.000001
4019,20,12,12,36,1,0.005998,0.000973,0.000000
4020,20,12,12,38,1,0.000296,0.000951,0.000000
4021,20,-1,16,36,1,0.088893,0.001289,0.000001
4022,20,14,14,48,1,0.001466,0.001103,0.000001
4023,20,14,14,40,1,0.014259,0.001097,0.000001
4024,20,14,14,40,1,0.003346,0.001081,0.000001
4025,20,16,16,38,1,0.005495,0.001216,0.000001
4026,20,10,10,42,1,0.000311,0.000832,0.000001
4027,20,12,12,38,1,0.000425,0.000946,0.000001
4028,20,12,12,32,1,0.000622,0.000978,0.000001
4029,20,12,12,40,1,0.000549,0.000920,0.000000
4030,20,12,12,34,1,0.000361,0.000972,0.000001
4031,20,12,12,38,1,0.000445,0.000984,0.000001
4032,20,10,10,42,1,0.000314,0.000814,0.000000
4033,20,14,14,46,1,0.001593,0.001070,0.000001
4034,20,16,16,38,1,0.004499,0.001241,0.000001
4035,20,14,14,44,1,0.000950,0.001084,0.000001
4036,20,14,14,36,1,0.019332,0.001096,0.000001
4037,20,14,14,34,1,0.011962,0.001080,0.000001
4038,20,14,14,44,1,0.007341,0.001077,0.000001
4039,20,14,14,42,1,0.001218,0.001109,0.000001
4040,20,14,14,40,1,0.007102,0.001073,0.000001
4041,20,12,12,38,1,0.000685,0.001006,0.000001
4042,20,-1,16,34,1,0.080630,0.001345,0.000001
4043,20,10,10,40,1,0.000323,0.000779,0.000001
4044,20,10,10,46,1,0.000392,0.000837,0.000001
4045,20,14,14,40,1,0.007306,0.001088,0.000001
4046,20,12,12,42,1,0.000305,0.000944,0.000001
4047,20,12,12,38,1,0.001328,0.000929,0.000001
4048,20,-1,16,42,1,0.081469,0.001287,0.000001
4049,20,10,10,40,1,0.000347,0.000809,0.000001
4050,20,-1,16,44,1,0.083511,0.001301,0.000001
4051,20,14,14,42,1,0.006361,0.001067,0.000001
4052,20,14,14,38,1,0.077247,0.001158,0.000001
4053,20,12,12,36,1,0.000321,0.000954,0.000000
4054,20,16,16,34,1,0.019480,0.001308,0.000001
4055,20,10,10,48,1,0.000674,0.000843,0.000000
4056,20,-1,16,36,1,0.079677,0.001239,0.000001
4057,20,12,12,38,1,0.000755,0.000918,0.000000
4058,20,12,12,36,1,0.000338,0.000968,0.000001
4059,20,12,12,38,1,0.000674,0.000922,0.000001
4060,20,-1,18,44,1,0.078487,0.001373,0.000001
4061,20,12,12,28,1,0.000409,0.001023,0.000001
4062,20,14,14,42,1,0.002037,0.001053,0.000001
4063,20,10,10,36,1,0.000447,0.000798,0.000000
4064,20,14,14,50,1,0.002359,0.001071,0.000001
4065,20,12,12,42,1,0.000663,0.000941,0.000001
4066,20,12,12,44,1,0.000437,0.000994,0.000000
4067,20,12,12,44,1,0.000579,0.000952,0.000001
4068,20,14,14,38,1,0.008643,0.001117,0.000001
4069,20,14,16,42,1,0.000518,0.001200,0.000001
4070,20,12,12,46,1,0.000610,0.000917,0.000001
4071,20,14,14,40,1,0.000620,0.001144,0.000001
4072,20,10,10,36,1,0.000586,0.000783,0.000001
4073,20,-1,18,34,1,0.081273,0.001369,0.000001
4074,20,14,14,36,1,0.004592,0.001066,0.000001
4075,20,12,12,34,1,0.000455,0.000973,0.000001
4076,20,14,14,42,1,0.003226,0.001076,0.000001
4077,20,16,16,34,1,0.046063,0.001252,0.000001
4078,20,-1,16,38,1,0.082249,0.001233,0.000001
4079,20,14,14,32,1,0.016634,0.001076,0.000001
4080,20,12,12,40,1,0.000637,0.000946,0.000001
4081,20,12,12,44,1,0.000687,0.000959,0.000001
4082,20,16,18,36,1,0.006711,0.001342,0.000001
4083,20,10,10,40,1,0.000289,0.000796,0.000000
4084,20,12,12,38,1,0.000532,0.000963,0.000000
4085,20,10,10,30,1,0.000663,0.000848,0.000001
4086,20,14,14,42,1,0.013021,0.001101,0.000001
4087,20,14,14,32,1,0.005120,0.001152,0.000001
4088,20,-1,16,42,1,0.082341,0.001254,0.000001
4089,20,12,12,40,1,0.000561,0.000913,0.000000
4090,20,12,12,44,1,0.000660,0.001016,0.000001
4091,20,14,14,38,1,0.010729,0.001080,0.000001
4092,20,14,14,32,1,0.000732,0.001098,0.000001
4093,20,8,8,34,1,0.000316,0.000660,0.000001
4094,20,12,12,36,1,0.000470,0.001065,0.000001
4095,20,14,14,36,1,0.012323,0.001079,0.000001
4096,20,16,16,36,1,0.061314,0.001214,0.000001
4097,20,10,10,36,1,0.000344,0.000790,0.000001
4098,20,10,10,40,1,0.000428,0.000785,0.000001
4099,20,14,14,40,1,0.001259,0.001039,0.000001
4100,20,14,14,38,1,0.022205,0.001085,0.000001
4101,20,14,14,32,1,0.000907,0.001152,0.000001
4102,20,12,12,36,1,0.000317,0.000952,0.000001
4103,20,14,14,44,1,0.000312,0.001070,0.000001
4104,20,12,12,32,1,0.004507,0.000922,0.000001
4105,20,16,16,38,1,0.044722,0.001239,0.000001
4106,20,12,12,36,1,0.000514,0.000915,0.000000
4107,20,10,10,44,1,0.000293,0.000821,0.000000
4108,20,12,12,42,1,0.003470,0.000950,0.000001
4109,20,10,10,42,1,0.000411,0.000869,0.000001
4110,20,14,14,40,1,0.005851,0.001062,0.000001
4111,20,8,8,48,1,0.000290,0.000700,0.000001
4112,20,14,14,46,1,0.000864,0.001066,0.000001
4113,20,12,12,40,1,0.000304,0.000993,0.000001
4114,20,14,14,42,1,0.003231,0.001081,0.000001
4115,20,12,12,38,1,0.000308,0.000995,0.000001
4116,20,14,14,38,1,0.020773,0.001132,0.000001
4117,20,14,14,36,1,0.000852,0.001063,0.000001
4118,20,14,14,56,1,0.032504,0.001105,0.000001
4119,20,14,14,44,1,0.001209,0.001116,0.000001
4120,20,16,16,34,1,0.021117,0.001279,0.000001
4121,20,10,10,40,1,0.000430,0.000781,0.000000
4122,20,8,8,38,1,0.000306,0.000693,0.000001
4123,20,14,14,40,1,0.005311,0.001105,0.000001
4124,20,16,16,36,1,0.001324,0.001272,0.000001
4125,20,12,12,38,1,0.000711,0.000932,0.000000
4126,20,16,16,34,1,0.010912,0.001226,0.000001
4127,20,12,12,40,1,0.000536,0.000951,0.000000
4128,20,12,12,36,1,0.000666,0.000918,0.000000
4129,20,12,12,44,1,0.000525,0.000918,0.000001
4130,20,-1,14,44,1,0.080237,0.001281,0.000001
4131,20,8,8,46,1,0.000334,0.000699,0.000001
4132,20,12,12,36,1,0.000991,0.000917,0.000000
4133,20,12,12,40,1,0.000323,0.000946,0.000001
4134,20,14,14,40,1,0.005616,0.001089,0.000000
4135,20,16,16,34,1,0.001599,0.001216,0.000001
4136,20,10,10,38,1,0.000333,0.000805,0.000001
4137,20,12,12,34,1,0.000519,0.000936,0.000001
4138,20,12,12,46,1,0.000577,0.000919,0.000001
4139,20,14,14,46,1,0.001414,0.001099,0.000001
4140,20,10,10,44,1,0.000344,0.000806,0.000000
4141,20,12,12,32,1,0.000322,0.000937,0.000000
4142,20,10,10,32,1,0.000379,0.000812,0.000000
4143,20,10,10,32,1,0.000303,0.000828,0.000001
4144,20,10,10,34,1,0.000348,0.000897,0.000000
4145,20,10,10,38,1,0.000297,0.000832,0.000000
4146,20,16,18,38,1,0.000374,0.001323,0.000001
4147,20,14,14,40,1,0.005632,0.001096,0.000001
4148,20,14,14,46,1,0.001154,0.001075,0.000001
4149,20,14,14,34,1,0.000319,0.001092,0.000001
4150,20,12,12,46,1,0.000310,0.000924,0.000001
4151,20,12,12,34,1,0.001297,0.000974,0.000001
4152,20,14,14,32,1,0.003348,0.001099,0.000001
4153,20,12,12,30,1,0.001259,0.000954,0.000000
4154,20,12,12,42,1,0.000601,0.000918,0.000000
4155,20,10,10,42,1,0.000374,0.000819,0.000001
4156,20,12,12,50,1,0.000371,0.000946,0.000001
4157,20,6,6,32,1,0.000291,0.000586,0.000001
4158,20,10,10,30,1,0.000387,0.000800,0.000001
4159,20,12,12,40,1,0.000893,0.000944,0.000001
4160,20,12,12,44,1,0.000657,0.000947,0.000001
4161,20,14,14,40,1,0.005290,0.001087,0.000001
4162,20,14,14,42,1,0.011835,0.001178,0.000001
4163,20,16,16,46,1,0.020381,0.001206,0.000001
4164,20,14,14,38,1,0.005369,0.001121,0.000000
4165,20,-1,18,34,1,0.084262,0.001432,0.000001
4166,20,12,12,44,1,0.000461,0.000944,0.000001
4167,20,8,8,28,1,0.000298,0.000714,0.000001
4168,20,14,14,40,1,0.001379,0.001055,0.000000
4169,20,-1,16,42,1,0.085859,0.001256,0.000001
4170,20,14,14,38,1,0.001945,0.001093,0.000001
4171,20,14,14,44,1,0.000354,0.001096,0.000000
4172,20,14,14,38,1,0.000439,0.001108,0.000000
4173,20,14,14,46,1,0.040429,0.001098,0.000001
4174,20,12,14,38,1,0.001035,0.001037,0.000001
4175,20,14,14,34,1,0.001122,0.001097,0.000001
4176,20,12,12,30,1,0.001227,0.000947,0.000001
4177,20,-1,16,38,1,0.081772,0.001187,0.000001
4178,20,12,12,34,1,0.004245,0.000949,0.000001
4179,20,14,14,36,1,0.006064,0.001067,0.000001
4180,20,8,8,44,1,0.000302,0.000682,0.000001
4181,20,14,14,34,1,0.000625,0.001138,0.000000
4182,20,12,12,42,1,0.000307,0.000960,0.000000
4183,20,-1,18,40,1,0.084511,0.001429,0.000001
4184,20,10,10,36,1,0.000320,0.000784,0.000001
4185,20,14,14,38,1,0.001098,0.001075,0.000001
4186,20,12,12,34,1,0.001003,0.000939,0.000001
4187,20,12,12,32,1,0.004771,0.000954,0.000001
4188,20,14,14,42,1,0.005939,0.001107,0.000001
4189,20,14,14,38,1,0.005705,0.001089,0.000001
4190,20,12,12,36,1,0.001756,0.000922,0.000000
4191,20,-1,16,42,1,0.083707,0.001355,0.000001
4192,20,12,12,32,1,0.000642,0.000928,0.000000
4193,20,14,14,42,1,0.004678,0.001092,0.000001
4194,20,12,12,34,1,0.000583,0.000938,0.000001
4195,20,-1,16,40,1,0.083866,0.001254,0.000001
4196,20,14,14,32,1,0.004739,0.001157,0.000001
4197,20,12,12,50,1,0.000318,0.000927,0.000001
4198,20,12,12,38,1,0.000654,0.000971,0.000001
4199,20,10,10,42,1,0.000305,0.000815,0.000001
4200,20,12,12,34,1,0.000711,0.000950,0.000000
4201,20,12,12,40,1,0.000768,0.000972,0.000000
4202,20,12,12,30,1,0.001161,0.000940,0.000000
4203,20,12,12,34,1,0.001090,0.000915,0.000000
4204,20,14,14,44,1,0.006591,0.001119,0.000001
4205,20,10,10,30,1,0.000324,0.000808,0.000001
4206,20,16,16,34,1,0.000889,0.001244,0.000001
4207,20,-1,16,44,1,0.082143,0.001323,0.000001
4208,20,14,14,26,1,0.014582,0.001130,0.000001
4209,20,12,12,36,1,0.000701,0.000914,0.000000
4210,20,12,12,36,1,0.002420,0.000963,0.000001
4211,20,14,14,46,1,0.001092,0.001089,0.000001
4212,20,12,12,40,1,0.000333,0.000968,0.000001
4213,20,16,16,32,1,0.024795,0.001239,0.000001
4214,20,12,12,40,1,0.000383,0.000925,0.000001
4215,20,8,8,32,1,0.000292,0.000698,0.000001
4216,20,14,14,42,1,0.003606,0.001051,0.000001
4217,20,12,12,36,1,0.007262,0.000949,0.000001
4218,20,10,10,42,1,0.000309,0.000811,0.000001
4219,20,14,14,44,1,0.001647,0.001081,0.000001
4220,20,14,14,34,1,0.019113,0.001125,0.000001
4221,20,16,16,40,1,0.015840,0.001255,0.000001
4222,20,16,16,48,1,0.007246,0.001198,0.000001
4223,20,10,10,40,1,0.000346,0.000768,0.000001
4224,20,16,16,44,1,0.020245,0.001221,0.000001
4225,20,14,14,40,1,0.001070,0.001110,0.000001
4226,20,12,12,38,1,0.001080,0.000963,0.000001
4227,20,14,14,34,1,0.002480,0.001080,0.000001
4228,20,12,12,36,1,0.001001,0.000939,0.000000
4229,20,14,14,42,1,0.000307,0.001088,0.000001
4230,20,14,14,34,1,0.000894,0.001047,0.000001
4231,20,14,14,44,1,0.001511,0.001112,0.000001
4232,20,14,14,42,1,0.003107,0.001105,0.000000
4233,20,14,14,40,1,0.003886,0.001124,0.000001
4234,20,14,14,38,1,0.019011,0.001076,0.000001
4235,20,14,16,36,1,0.002709,0.001204,0.000000
4236,20,14,14,40,1,0.010388,0.001100,0.000001
4237,20,14,14,40,1,0.004408,0.001054,0.000001
4238,20,14,14,42,1,0.010994,0.001093,0.000001
4239,20,14,14,36,1,0.006013,0.001070,0.000001
4240,20,10,10,32,1,0.001264,0.000832,0.000001
4241,20,12,12,30,1,0.000464,0.000916,0.000000
4242,20,12,12,42,1,0.001483,0.000991,0.000001
4243,20,-1,18,42,1,0.083271,0.001453,0.000001
4244,20,12,12,46,1,0.000350,0.000937,0.000001
4245,20,14,14,34,1,0.001885,0.001207,0.000001
4246,20,-1,18,44,1,0.081838,0.001401,0.000001
4247,20,12,12,28,1,0.005504,0.000924,0.000000
4248,20,8,8,36,1,0.000341,0.000681,0.000001
4249,20,12,12,44,1,0.000512,0.000961,0.000000
4250,20,12,12,38,1,0.001943,0.000929,0.000000
4251,20,14,14,40,1,0.001148,0.001078,0.000001
4252,20,10,10,36,1,0.000434,0.000814,0.000001
4253,20,-1,16,42,1,0.076800,0.001305,0.000001
4254,20,16,16,46,1,0.047363,0.001248,0.000001
4255,20,14,14,42,1,0.004100,0.001069,0.000001
4256,20,10,10,38,1,0.000321,0.000801,0.000001
4257,20,10,10,32,1,0.000310,0.000858,0.000000
4258,20,14,14,40,1,0.000332,0.001038,0.000001
4259,20,14,14,32,1,0.007288,0.001097,0.000001
4260,20,14,14,44,1,0.007664,0.001096,0.000001
4261,20,12,12,36,1,0.000615,0.000952,0.000001
4262,20,-1,16,46,1,0.078455,0.001225,0.000000
4263,20,12,12,42,1,0.000476,0.000949,0.000001
4264,20,10,10,36,1,0.000515,0.000776,0.000000
4265,20,12,12,40,1,0.000694,0.001022,0.000001
4266,20,-1,16,46,1,0.078260,0.001328,0.000001
4267,20,12,12,42,1,0.000322,0.000913,0.000001
4268,20,14,14,36,1,0.003959,0.001076,0.000001
4269,20,12,12,34,1,0.000458,0.000907,0.000001
4270,20,14,14,38,1,0.003344,0.001086,0.000001
4271,20,12,12,38,1,0.000315,0.000925,0.000001
4272,20,16,16,42,1,0.006053,0.001226,0.000000
4273,20,12,12,44,1,0.002546,0.000917,0.000001
4274,20,10,10,44,1,0.000451,0.000827,0.000001
4275,20,14,14,40,1,0.001826,0.001054,0.000000
4276,20,10,10,42,1,0.000424,0.000819,0.000001
4277,20,14,14,40,1,0.011559,0.001069,0.000001
4278,20,10,10,30,1,0.000456,0.000800,0.000001
4279,20,16,16,42,1,0.033229,0.001206,0.000001
4280,20,12,12,38,1,0.001395,0.000933,0.000001
4281,20,12,12,38,1,0.002671,0.000953,0.000000
4282,20,16,16,36,1,0.039089,0.001196,0.000001
4283,20,-1,16,40,1,0.077309,0.001217,0.000001
4284,20,14,14,36,1,0.014612,0.001066,0.000001
4285,20,12,12,36,1,0.000508,0.000922,0.000000
4286,20,14,14,40,1,0.020009,0.001096,0.000001
4287,20,14,14,28,1,0.016915,0.001077,0.000000
4288,20,12,12,34,1,0.000498,0.001024,0.000001
4289,20,14,14,38,1,0.006684,0.001092,0.000001
4290,20,12,12,40,1,0.000417,0.000948,0.000001
4291,20,8,8,28,1,0.000304,0.000747,0.000000
4292,20,10,10,34,1,0.000291,0.000842,0.000001
4293,20,12,12,38,1,0.000494,0.000931,0.000001
4294,20,-1,16,42,1,0.077661,0.001190,0.000001
4295,20,14,14,34,1,0.032646,0.001123,0.000001
4296,20,16,16,30,1,0.013846,0.001215,0.000001
4297,20,14,14,38,1,0.002916,0.001048,0.000001
4298,20,16,16,48,1,0.032933,0.001197,0.000001
4299,20,14,14,38,1,0.001129,0.001107,0.000001
4300,20,16,16,36,1,0.015305,0.001291,0.000001
4301,20,14,14,32,1,0.005310,0.001112,0.000001
4302,20,10,10,38,1,0.000373,0.000807,0.000001
4303,20,12,12,32,1,0.000391,0.000951,0.000001
4304,20,14,14,42,1,0.005194,0.001240,0.000001
4305,20,14,14,46,1,0.009315,0.001088,0.000001
4306,20,10,10,30,1,0.000355,0.000803,0.000001
4307,20,-1,16,36,1,0.085161,0.001247,0.000001
4308,20,14,14,44,1,0.002224,0.001117,0.000001
4309,20,8,8,30,1,0.000321,0.000651,0.000001
4310,20,8,8,32,1,0.000343,0.000730,0.000001
4311,20,14,14,38,1,0.006479,0.001098,0.000001
4312,20,12,12,40,1,0.000434,0.000937,0.000000
4313,20,10,10,28,1,0.000540,0.000841,0.000001
4314,20,10,10,46,1,0.000530,0.000817,0.000001
4315,20,12,12,32,1,0.000478,0.000951,0.000001
4316,20,14,14,40,1,0.004782,0.001070,0.000001
4317,20,12,12,40,1,0.000705,0.000958,0.000001
4318,20,8,8,34,1,0.000296,0.000754,0.000000
4319,20,12,12,36,1,0.001359,0.000954,0.000001
4320,20,12,12,44,1,0.000519,0.000933,0.000001
4321,20,12,12,42,1,0.003966,0.000942,0.000000
4322,20,14,14,36,1,0.019617,0.001103,0.000001
4323,20,16,16,46,1,0.011167,0.001228,0.000001
4324,20,14,14,46,1,0.001147,0.001128,0.000001
4325,20,14,14,38,1,0.000313,0.001065,0.000001
4326,20,-1,16,40,1,0.084121,0.001173,0.000001
4327,20,8,8,40,1,0.000322,0.000675,0.000001
4328,20,10,10,38,1,0.000326,0.000828,0.000000
4329,20,12,12,34,1,0.000501,0.000963,0.000001
4330,20,14,14,38,1,0.000314,0.001057,0.000000
4331,20,14,14,32,1,0.000574,0.001072,0.000001
4332,20,8,8,38,1,0.000351,0.000694,0.000001
4333,20,14,14,40,1,0.001804,0.001128,0.000000
4334,20,-1,16,38,1,0.078465,0.001396,0.000000
4335,20,12,12,38,1,0.001159,0.000923,0.000001
4336,20,16,16,42,1,0.008139,0.001237,0.000001
4337,20,16,16,42,1,0.029092,0.001218,0.000001
4338,20,10,10,40,1,0.000375,0.000865,0.000000
4339,20,14,14,40,1,0.002211,0.001027,0.000001
4340,20,12,12,34,1,0.000830,0.001013,0.000001
4341,20,12,12,38,1,0.001007,0.000919,0.000001
4342,20,12,12,34,1,0.000412,0.000950,0.000001
4343,20,14,14,40,1,0.009535,0.001064,0.000000
4344,20,12,12,34,1,0.000291,0.000948,0.000001
4345,20,10,10,40,1,0.000300,0.000860,0.000001
4346,20,12,12,38,1,0.000476,0.000957,0.000001
4347,20,14,14,36,1,0.002391,0.001063,0.000001
4348,20,12,12,44,1,0.000515,0.000960,0.000001
4349,20,10,10,38,1,0.000293,0.000811,0.000001
4350,20,14,14,38,1,0.006076,0.001078,0.000001
4351,20,8,8,38,1,0.000298,0.000673,0.000001
4352,20,12,12,40,1,0.000557,0.000931,0.000000
4353,20,12,12,40,1,0.000485,0.000924,0.000001
4354,20,14,14,40,1,0.000919,0.001060,0.000001
4355,20,12,12,38,1,0.000399,0.000993,0.000000
4356,20,12,12,36,1,0.001925,0.000963,0.000001
4357,20,14,14,46,1,0.000352,0.001029,0.000001
4358,20,12,12,42,1,0.001529,0.000946,0.000001
4359,20,-1,16,44,1,0.078399,0.001337,0.000001
4360,20,10,10,24,1,0.000418,0.000787,0.000000
4361,20,10,10,36,1,0.000312,0.000821,0.000000
4362,20,12,12,44,1,0.000540,0.000950,0.000000
4363,20,12,12,46,1,0.000686,0.000958,0.000000
4364,20,14,14,36,1,0.009849,0.001056,0.000001
4365,20,12,12,38,1,0.001577,0.000943,0.000001
4366,20,16,16,40,1,0.002088,0.001200,0.000001
4367,20,12,12,30,1,0.001303,0.000959,0.000000
4368,20,12,12,34,1,0.000311,0.000992,0.000001
4369,20,-1,18,32,1,0.077377,0.001481,0.000000
4370,20,14,14,34,1,0.001285,0.001073,0.000001
4371,20,14,14,38,1,0.007043,0.001088,0.000001
4372,20,14,14,36,1,0.017614,0.001097,0.000001
4373,20,16,16,42,1,0.037658,0.001256,0.000001
4374,20,12,12,34,1,0.003530,0.000924,0.000000
4375,20,12,12,28,1,0.000595,0.001019,0.000001
4376,20,6,6,30,1,0.000295,0.000542,0.000000
4377,20,14,14,36,1,0.000828,0.001106,0.000000
4378,20,12,12,38,1,0.000577,0.000918,0.000000
4379,20,8,8,36,1,0.000312,0.000722,0.000001
4380,20,10,10,40,1,0.000294,0.000796,0.000001
4381,20,16,16,30,1,0.052548,0.001257,0.000001
4382,20,12,12,36,1,0.000331,0.000944,0.000001
4383,20,14,14,34,1,0.001559,0.001062,0.000001
4384,20,14,14,42,1,0.008074,0.001118,0.000001
4385,20,12,12,36,1,0.000291,0.000940,0.000001
4386,20,12,12,44,1,0.000484,0.000925,0.000001
4387,20,14,14,46,1,0.001361,0.001108,0.000001
4388,20,-1,16,36,1,0.080450,0.001240,0.000001
4389,20,12,12,36,1,0.000355,0.000993,0.000000
4390,20,8,8,40,1,0.000355,0.000682,0.000001
4391,20,12,12,38,1,0.001138,0.000925,0.000001
4392,20,12,12,34,1,0.001023,0.000987,0.000001
4393,20,14,14,40,1,0.011860,0.001089,0.000001
4394,20,12,12,34,1,0.000577,0.000935,0.000001
4395,20,10,10,42,1,0.000327,0.000798,0.000001
4396,20,14,14,34,1,0.007222,0.001095,0.000001
4397,20,14,14,38,1,0.000645,0.001067,0.000001
4398,20,12,12,40,1,0.001682,0.000953,0.000001
4399,20,10,10,40,1,0.000481,0.000807,0.000001
4400,20,14,14,34,1,0.000699,0.001076,0.000001
4401,20,12,12,48,1,0.000562,0.001039,0.000000
4402,20,14,14,34,1,0.001366,0.001097,0.000001
4403,20,12,12,28,1,0.001078,0.000923,0.000001
4404,20,14,14,34,1,0.009965,0.001107,0.000001
4405,20,8,8,36,1,0.000325,0.000688,0.000001
4406,20,14,14,42,1,0.030576,0.001080,0.000000
4407,20,-1,16,36,1,0.078309,0.001294,0.000001
4408,20,14,14,32,1,0.031317,0.001145,0.000001
4409,20,10,10,36,1,0.000419,0.000827,0.000001
4410,20,12,12,34,1,0.000720,0.000925,0.000000
4411,20,14,14,42,1,0.004350,0.001115,0.000000
4412,20,14,14,46,1,0.001063,0.001078,0.000000
4413,20,14,14,34,1,0.001479,0.001106,0.000001
4414,20,12,12,46,1,0.000525,0.000928,0.000001
4415,20,14,14,44,1,0.009786,0.001074,0.000001
4416,20,12,12,36,1,0.000400,0.000954,0.000001
4417,20,10,10,30,1,0.000329,0.000854,0.000001
4418,20,16,16,44,1,0.050121,0.001253,0.000001
4419,20,-1,18,42,1,0.078035,0.001368,0.000001
4420,20,8,8,32,1,0.000401,0.000722,0.000001
4421,20,10,10,30,1,0.001025,0.000841,0.000001
4422,20,12,12,34,1,0.006150,0.000934,0.000001
4423,20,10,10,30,1,0.000444,0.000870,0.000000
4424,20,8,8,38,1,0.000303,0.000666,0.000001
4425,20,14,14,38,1,0.008474,0.001102,0.000001
4426,20,14,14,46,1,0.000934,0.001120,0.000001
4427,20,12,12,38,1,0.000310,0.000938,0.000001
4428,20,16,16,46,1,0.005022,0.001199,0.000001
4429,20,12,12,40,1,0.000393,0.000992,0.000000
4430,20,10,10,38,1,0.000459,0.000798,0.000000
4431,20,12,12,44,1,0.001362,0.000947,0.000001
4432,20,10,10,42,1,0.000298,0.000787,0.000000
4433,20,14,14,38,1,0.000490,0.001117,0.000001
4434,20,14,14,48,1,0.003018,0.001044,0.000001
4435,20,14,14,40,1,0.002451,0.001060,0.000001
4436,20,12,12,36,1,0.000441,0.000968,0.000000
4437,20,12,12,44,1,0.000453,0.001066,0.000001
4438,20,14,14,38,1,0.001411,0.001077,0.000001
4439,20,12,12,40,1,0.000998,0.000972,0.000000
4440,20,14,14,40,1,0.000695,0.001088,0.000001
4441,20,14,14,42,1,0.002804,0.001103,0.000000
4442,20,-1,16,36,1,0.079401,0.001223,0.000001
4443,20,12,12,36,1,0.003421,0.000957,0.000001
4444,20,-1,18,38,1,0.078321,0.001454,0.000001
4445,20,14,14,38,1,0.012363,0.001074,0.000001
4446,20,12,12,36,1,0.002373,0.000959,0.000001
4447,20,16,16,42,1,0.003975,0.001284,0.000001
4448,20,12,12,30,1,0.000507,0.000959,0.000000
4449,20,14,14,36,1,0.030023,0.001117,0.000001
4450,20,16,16,44,1,0.043635,0.001292,0.000001
4451,20,10,10,28,1,0.000377,0.000787,0.000001
4452,20,12,12,40,1,0.000298,0.000998,0.000001
4453,20,8,8,36,1,0.000336,0.000676,0.000001
4454,20,14,14,42,1,0.004352,0.001103,0.000001
4455,20,8,8,42,1,0.000315,0.000677,0.000001
4456,20,12,12,36,1,0.001653,0.000944,0.000001
4457,20,14,14,44,1,0.002249,0.001093,0.000001
4458,20,10,10,36,1,0.000376,0.000836,0.000000
4459,20,14,14,40,1,0.000815,0.001102,0.000001
4460,20,10,10,38,1,0.000389,0.000843,0.000000
4461,20,8,8,40,1,0.000298,0.000666,0.000001
4462,20,14,14,42,1,0.000557,0.001077,0.000001
4463,20,14,14,38,1,0.002183,0.001068,0.000001
4464,20,14,14,46,1,0.001009,0.001063,0.000001
4465,20,14,14,44,1,0.000854,0.001077,0.000000
4466,20,16,16,34,1,0.020198,0.001263,0.000001
4467,20,14,14,36,1,0.001267,0.001084,0.000001
4468,20,12,12,38,1,0.000577,0.000924,0.000001
4469,20,14,14,38,1,0.027025,0.001103,0.000001
4470,20,12,12,36,1,0.000646,0.000930,0.000000
4471,20,12,12,36,1,0.000763,0.000914,0.000001
4472,20,12,12,42,1,0.000402,0.000940,0.000001
4473,20,14,14,42,1,0.002138,0.001063,0.000001
4474,20,14,14,46,1,0.012445,0.001101,0.000001
4475,20,14,14,42,1,0.001322,0.001097,0.000000
4476,20,14,14,38,1,0.003760,0.001080,0.000001
4477,20,12,12,32,1,0.000842,0.000931,0.000000
4478,20,14,14,40,1,0.003474,0.001056,0.000001
4479,20,14,14,34,1,0.000578,0.001077,0.000001
4480,20,14,14,46,1,0.004724,0.001046,0.000001
4481,20,12,12,36,1,0.000871,0.000930,0.000001
4482,20,14,14,42,1,0.005534,0.001105,0.000000
4483,20,14,14,40,1,0.012226,0.001101,0.000001
4484,20,12,12,34,1,0.002515,0.000955,0.000001
4485,20,12,12,46,1,0.001140,0.000937,0.000001
4486,20,12,12,42,1,0.001433,0.000931,0.000001
4487,20,12,12,34,1,0.001166,0.000921,0.000001
4488,20,14,14,48,1,0.009402,0.001115,0.000001
4489,20,14,14,42,1,0.000498,0.001137,0.000001
4490,20,14,14,36,1,0.008430,0.001041,0.000000
4491,20,12,12,44,1,0.001019,0.000966,0.000001
4492,20,16,16,38,1,0.036730,0.001235,0.000001
4493,20,14,14,36,1,0.001590,0.001089,0.000001
4494,20,10,10,42,1,0.000351,0.000807,0.000001
4495,20,14,14,46,1,0.000669,0.001090,0.000001
4496,20,12,12,44,1,0.000544,0.000934,0.000001
4497,20,12,12,40,1,0.000304,0.000904,0.000000
4498,20,12,12,42,1,0.000666,0.000932,0.000000
4499,20,12,12,36,1,0.000303,0.000991,0.000001
4500,20,12,12,42,1,0.000302,0.000933,0.000001
4501,20,8,8,32,1,0.000411,0.000660,0.000001
4502,20,14,14,44,1,0.003976,0.001089,0.000001
4503,20,-1,16,40,1,0.078590,0.001254,0.000001
4504,20,12,12,34,1,0.000836,0.000933,0.000001
4505,20,-1,16,42,1,0.086502,0.001287,0.000001
4506,20,10,10,40,1,0.000374,0.000860,0.000001
4507,20,14,14,38,1,0.021286,0.001128,0.000000
4508,20,10,10,38,1,0.000385,0.000864,0.000001
4509,20,12,12,42,1,0.000515,0.000946,0.000000
4510,20,12,12,42,1,0.000295,0.000955,0.000000
4511,20,14,14,40,1,0.004713,0.001105,0.000000
4512,20,12,12,38,1,0.001281,0.000942,0.000001
4513,20,14,14,46,1,0.003517,0.001112,0.000001
4514,20,10,10,34,1,0.000302,0.000805,0.000001
4515,20,10,10,34,1,0.000371,0.000792,0.000000
4516,20,14,14,36,1,0.004203,0.001096,0.000001
4517,20,14,14,36,1,0.005143,0.001081,0.000001
4518,20,12,12,42,1,0.000529,0.001010,0.000001
4519,20,10,10,40,1,0.000687,0.000804,0.000001
4520,20,14,14,36,1,0.012139,0.001079,0.000001
4521,20,12,12,38,1,0.001246,0.000962,0.000001
4522,20,12,12,34,1,0.000539,0.000911,0.000001
4523,20,12,12,32,1,0.001539,0.000978,0.000001
4524,20,-1,16,38,1,0.077582,0.001363,0.000001
4525,20,-1,16,44,1,0.080563,0.001288,0.000000
4526,20,10,10,42,1,0.000403,0.000810,0.000001
4527,20,14,14,46,1,0.006767,0.001066,0.000001
4528,20,14,16,42,1,0.000938,0.001249,0.000001
4529,20,12,12,40,1,0.001374,0.000924,0.000001
4530,20,16,16,32,1,0.043466,0.001228,0.000000
4531,20,14,14,38,1,0.000985,0.001060,0.000001
4532,20,14,14,36,1,0.000343,0.001072,0.000001
4533,20,12,12,34,1,0.000494,0.000938,0.000001
4534,20,12,12,38,1,0.000351,0.001042,0.000000
4535,20,8,8,36,1,0.000324,0.000675,0.000000
4536,20,-1,16,38,1,0.076236,0.001330,0.000001
4537,20,14,14,36,1,0.003008,0.001135,0.000001
4538,20,12,12,40,1,0.000512,0.000938,0.000001
4539,20,12,12,40,1,0.000311,0.000943,0.000001
4540,20,12,12,40,1,0.001561,0.000948,0.000001
4541,20,-1,16,40,1,0.080093,0.001439,0.000001
4542,20,12,12,34,1,0.001380,0.000916,0.000001
4543,20,16,16,32,1,0.052571,0.001243,0.000001
4544,20,14,14,44,1,0.003658,0.001091,0.000001
4545,20,12,12,48,1,0.001161,0.000932,0.000001
4546,20,12,12,38,1,0.000309,0.000925,0.000001
4547,20,14,14,38,1,0.000318,0.001106,0.000001
4548,20,14,14,40,1,0.005797,0.001098,0.000001
4549,20,14,14,40,1,0.000915,0.001096,0.000000
4550,20,-1,16,34,1,0.082541,0.001315,0.000001
4551,20,8,8,38,1,0.000317,0.000673,0.000001
4552,20,12,12,44,1,0.000306,0.000935,0.000001
4553,20,10,10,38,1,0.000319,0.000851,0.000001
4554,20,14,14,36,1,0.001222,0.001060,0.000001
4555,20,14,14,44,1,0.001962,0.001128,0.000000
4556,20,12,12,40,1,0.000601,0.000995,0.000001
4557,20,-1,18,38,1,0.080225,0.001566,0.000001
4558,20,12,12,42,1,0.000708,0.000951,0.000001
4559,20,14,14,44,1,0.012007,0.001081,0.000001
4560,20,12,12,38,1,0.001403,0.000965,0.000001
4561,20,16,16,42,1,0.002750,0.001214,0.000001
4562,20,10,10,38,1,0.000313,0.000805,0.000001
4563,20,14,14,42,1,0.001630,0.001074,0.000001
4564,20,10,10,30,1,0.000528,0.000888,0.000000
4565,20,12,12,36,1,0.001379,0.000938,0.000001
4566,20,10,10,42,1,0.000340,0.000836,0.000000
4567,20,14,14,42,1,0.001388,0.001114,0.000001
4568,20,12,12,38,1,0.002205,0.000965,0.000000
4569,20,14,14,38,1,0.004853,0.001081,0.000001
4570,20,14,14,38,1,0.001325,0.001084,0.000001
4571,20,12,12,32,1,0.002201,0.000923,0.000001
4572,20,10,10,28,1,0.000583,0.000855,0.000000
4573,20,12,12,48,1,0.000525,0.000923,0.000001
4574,20,12,12,34,1,0.000294,0.000956,0.000000
4575,20,16,16,38,1,0.018646,0.001272,0.000001
4576,20,-1,16,36,1,0.086068,0.001307,0.000001
4577,20,16,16,36,1,0.040479,0.001321,0.000001
4578,20,14,14,36,1,0.000733,0.001063,0.000000
4579,20,12,12,38,1,0.000609,0.000927,0.000001
4580,20,12,12,42,1,0.000619,0.000992,0.000000
4581,20,14,14,44,1,0.002640,0.001090,0.000001
4582,20,10,10,30,1,0.000389,0.000810,0.000000
4583,20,-1,18,40,1,0.080726,0.001452,0.000001
4584,20,16,16,40,1,0.007071,0.001220,0.000001
4585,20,12,12,30,1,0.000870,0.000952,0.000001
4586,20,16,16,38,1,0.030551,0.001228,0.000001
4587,20,12,12,34,1,0.001052,0.000900,0.000000
4588,20,10,10,46,1,0.000700,0.000809,0.000001
4589,20,12,12,38,1,0.001948,0.000924,0.000001
4590,20,12,12,38,1,0.000510,0.001027,0.000000
4591,20,14,14,36,1,0.000830,0.001071,0.000001
4592,20,12,12,40,1,0.000441,0.000974,0.000001
4593,20,14,14,30,1,0.034266,0.001187,0.000001
4594,20,10,10,34,1,0.000313,0.000819,0.000000
4595,20,14,14,42,1,0.004235,0.001066,0.000001
4596,20,16,16,42,1,0.007245,0.001229,0.000001
4597,20,14,14,40,1,0.002288,0.001065,0.000001
4598,20,12,12,36,1,0.000443,0.000958,0.000000
4599,20,14,14,40,1,0.004224,0.001068,0.000001
4600,20,12,12,38,1,0.001578,0.000955,0.000000
4601,20,14,14,40,1,0.001044,0.001065,0.000000
4602,20,12,12,36,1,0.001516,0.000970,0.000001
4603,20,16,16,38,1,0.043855,0.001245,0.000001
4604,20,10,10,34,1,0.000307,0.000790,0.000001
4605,20,12,12,42,1,0.001535,0.000958,0.000001
4606,20,14,14,40,1,0.021430,0.001094,0.000000
4607,20,14,14,44,1,0.006707,0.001062,0.000001
4608,20,10,10,42,1,0.000419,0.000803,0.000001
4609,20,10,10,38,1,0.000427,0.000793,0.000000
4610,20,16,16,38,1,0.002462,0.001208,0.000000
4611,20,14,14,34,1,0.012207,0.001089,0.000000
4612,20,12,12,38,1,0.000499,0.000959,0.000000
4613,20,12,12,28,1,0.000384,0.000919,0.000001
4614,20,14,14,44,1,0.010722,0.001053,0.000001
4615,20,12,12,40,1,0.002815,0.000941,0.000001
4616,20,14,14,48,1,0.001977,0.001131,0.000000
4617,20,10,10,36,1,0.000388,0.000800,0.000001
4618,20,14,14,36,1,0.006319,0.001055,0.000001
4619,20,12,12,40,1,0.000790,0.000985,0.000001
4620,20,14,14,40,1,0.002024,0.001086,0.000000
4621,20,14,14,42,1,0.001580,0.001090,0.000001
4622,20,12,12,34,1,0.000429,0.000944,0.000001
4623,20,12,12,42,1,0.000803,0.000904,0.000001
4624,20,8,8,40,1,0.000286,0.000687,0.000000
4625,20,14,14,32,1,0.019145,0.001113,0.000001
4626,20,12,12,30,1,0.004757,0.000923,0.000001
4627,20,-1,18,36,1,0.082238,0.001386,0.000001
4628,20,12,12,38,1,0.004759,0.001013,0.000001
4629,20,14,14,46,1,0.001211,0.001028,0.000001
4630,20,14,14,36,1,0.015542,0.001072,0.000001
4631,20,16,16,40,1,0.005728,0.001232,0.000001
4632,20,8,8,26,1,0.000299,0.000690,0.000001
4633,20,14,14,40,1,0.000570,0.001138,0.000001
4634,20,12,12,36,1,0.000478,0.000953,0.000000
4635,20,14,14,36,1,0.000600,0.001091,0.000001
4636,20,14,14,38,1,0.005718,0.001076,0.000001
4637,20,14,14,42,1,0.002181,0.001063,0.000001
4638,20,16,16,42,1,0.038967,0.001226,0.000000
4639,20,14,14,38,1,0.007543,0.001082,0.000001
4640,20,14,14,36,1,0.003561,0.001100,0.000001
4641,20,14,14,44,1,0.007989,0.001113,0.000001
4642,20,12,12,34,1,0.000315,0.000963,0.000000
4643,20,12,12,36,1,0.001272,0.000944,0.000001
4644,20,16,16,34,1,0.030723,0.001241,0.000000
4645,20,12,12,34,1,0.001067,0.000950,0.000000
4646,20,16,16,42,1,0.008285,0.001231,0.000001
4647,20,10,10,38,1,0.000373,0.000826,0.000001
4648,20,12,12,42,1,0.001291,0.000968,0.000000
4649,20,14,14,38,1,0.001584,0.001046,0.000001
4650,20,14,14,40,1,0.005061,0.001074,0.000001
4651,20,14,14,40,1,0.029532,0.001082,0.000001
4652,20,12,12,40,1,0.000422,0.000959,0.000001
4653,20,12,12,36,1,0.000619,0.001018,0.000001
4654,20,12,12,36,1,0.000443,0.000922,0.000001
4655,20,16,16,46,1,0.028450,0.001225,0.000001
4656,20,14,14,38,1,0.002838,0.001085,0.000001
4657,20,10,10,28,1,0.000298,0.000791,0.000000
4658,20,14,14,34,1,0.003605,0.001072,0.000001
4659,20,10,10,48,1,0.000354,0.000788,0.000000
4660,20,12,12,26,1,0.000366,0.000952,0.000001
4661,20,16,16,40,1,0.060599,0.001209,0.000001
4662,20,14,14,38,1,0.000561,0.001144,0.000001
4663,20,14,14,46,1,0.005089,0.001061,0.000001
4664,20,10,10,26,1,0.000354,0.000846,0.000001
4665,20,14,14,38,1,0.004473,0.001073,0.000001
4666,20,12,12,40,1,0.001198,0.000958,0.000001
4667,20,12,12,40,1,0.000485,0.000964,0.000000
4668,20,12,12,40,1,0.000338,0.001012,0.000000
4669,20,14,14,44,1,0.000411,0.001069,0.000000
4670,20,12,12,40,1,0.002297,0.000979,0.000001
4671,20,12,12,36,1,0.000651,0.000935,0.000000
4672,20,12,12,42,1,0.001675,0.001007,0.000001
4673,20,14,14,42,1,0.003085,0.001109,0.000001
4674,20,14,14,44,1,0.001689,0.001102,0.000001
4675,20,16,16,38,1,0.013651,0.001274,0.000001
4676,20,10,10,34,1,0.000593,0.000807,0.000000
4677,20,16,16,36,1,0.021469,0.001230,0.000001
4678,20,14,14,46,1,0.000358,0.001092,0.000001
4679,20,14,14,40,1,0.007564,0.001060,0.000001
4680,20,-1,16,40,1,0.081963,0.001305,0.000001
4681,20,12,12,40,1,0.000593,0.000922,0.000001
4682,20,14,14,42,1,0.015112,0.001057,0.000001
4683,20,14,14,44,1,0.000398,0.001048,0.000001
4684,20,12,12,38,1,0.002450,0.000905,0.000001
4685,20,14,14,40,1,0.001637,0.001058,0.000001
4686,20,10,10,42,1,0.000352,0.000795,0.000001
4687,20,14,14,38,1,0.002141,0.001037,0.000001
4688,20,14,14,42,1,0.003561,0.001038,0.000001
4689,20,12,12,38,1,0.001089,0.000887,0.000001
4690,20,16,16,40,1,0.004697,0.001184,0.000001
4691,20,10,10,38,1,0.000443,0.000767,0.000001
4692,20,14,14,40,1,0.001653,0.001030,0.000000
4693,20,12,12,34,1,0.000418,0.000886,0.000001
4694,20,12,12,38,1,0.000350,0.000958,0.000000
4695,20,14,14,36,1,0.003765,0.001120,0.000000
4696,20,16,16,32,1,0.009711,0.001332,0.000001
4697,20,16,16,32,1,0.048930,0.001248,0.000001
4698,20,16,16,40,1,0.028807,0.001267,0.000001
4699,20,14,14,36,1,0.017396,0.001057,0.000001
4700,20,14,14,36,1,0.000305,0.001102,0.000001
4701,20,12,12,40,1,0.000372,0.000953,0.000001
4702,20,16,16,38,1,0.007092,0.001230,0.000001
4703,20,-1,16,40,1,0.081699,0.001221,0.000001
4704,20,14,14,38,1,0.005209,0.001114,0.000001
4705,20,-1,16,42,1,0.079137,0.001363,0.000001
4706,20,10,10,34,1,0.000352,0.000807,0.000001
4707,20,12,12,36,1,0.002077,0.001026,0.000001
4708,20,14,14,38,1,0.016459,0.001108,0.000000
4709,20,14,14,46,1,0.000310,0.001063,0.000000
4710,20,18,18,42,1,0.031845,0.001403,0.000001
4711,20,14,14,42,1,0.000336,0.001089,0.000000
4712,20,12,12,32,1,0.000326,0.000954,0.000000
4713,20,16,16,38,1,0.021755,0.001203,0.000001
4714,20,12,12,38,1,0.001013,0.000958,0.000001
4715,20,10,10,32,1,0.000330,0.000910,0.000000
4716,20,12,12,38,1,0.001642,0.000927,0.000001
4717,20,12,12,34,1,0.000841,0.000927,0.000000
4718,20,12,12,42,1,0.000303,0.000994,0.000001
4719,20,14,14,40,1,0.005503,0.001104,0.000001
4720,20,14,14,30,1,0.000309,0.001079,0.000000
4721,20,12,12,38,1,0.000473,0.000930,0.000001
4722,20,12,12,38,1,0.000335,0.000969,0.000001
4723,20,12,12,44,1,0.000362,0.000931,0.000001
4724,20,16,16,40,1,0.003967,0.001280,0.000001
4725,20,10,10,46,1,0.000736,0.000801,0.000000
4726,20,14,14,40,1,0.000649,0.001077,0.000001
4727,20,14,14,32,1,0.011201,0.001118,0.000001
4728,20,-1,18,34,1,0.084025,0.001414,0.000001
4729,20,16,16,44,1,0.055209,0.001226,0.000001
4730,20,16,16,40,1,0.020280,0.001278,0.000001
4731,20,14,14,46,1,0.001002,0.001081,0.000001
4732,20,14,14,44,1,0.001673,0.001066,0.000001
4733,20,8,8,42,1,0.000321,0.000682,0.000001
4734,20,16,16,46,1,0.003244,0.001204,0.000001
4735,20,-1,18,38,1,0.080788,0.001513,0.000001
4736,20,10,10,38,1,0.000396,0.000844,0.000001
4737,20,12,12,38,1,0.000751,0.000957,0.000001
4738,20,12,12,44,1,0.001123,0.000950,0.000001
4739,20,10,10,38,1,0.000708,0.000804,0.000000
4740,20,14,14,36,1,0.001371,0.001095,0.000001
4741,20,14,14,40,1,0.002469,0.001073,0.000001
4742,20,12,12,36,1,0.000608,0.000934,0.000001
4743,20,14,16,42,1,0.000743,0.001236,0.000001
4744,20,12,12,40,1,0.000302,0.000971,0.000001
4745,20,14,14,42,1,0.000831,0.001048,0.000000
4746,20,16,16,44,1,0.000301,0.001209,0.000000
4747,20,12,12,44,1,0.000883,0.000934,0.000000
4748,20,10,10,34,1,0.000461,0.000792,0.000001
4749,20,12,12,44,1,0.000994,0.000915,0.000001
4750,20,12,12,38,1,0.000536,0.000989,0.000001
4751,20,12,12,36,1,0.000316,0.000934,0.000001
4752,20,10,10,38,1,0.000608,0.000807,0.000001
4753,20,16,16,32,1,0.016613,0.001234,0.000001
4754,20,10,10,44,1,0.000495,0.000856,0.000001
4755,20,14,14,40,1,0.000626,0.001097,0.000000
4756,20,10,10,40,1,0.000295,0.000801,0.000000
4757,20,-1,16,40,1,0.082429,0.001259,0.000001
4758,20,-1,16,38,1,0.080355,0.001365,0.000001
4759,20,14,14,36,1,0.003417,0.001056,0.000000
4760,20,12,12,42,1,0.001619,0.000973,0.000001
4761,20,16,16,32,1,0.018282,0.001212,0.000001
4762,20,-1,16,42,1,0.080468,0.001283,0.000001
4763,20,12,12,40,1,0.001714,0.000923,0.000000
4764,20,14,14,44,1,0.005059,0.001072,0.000001
4765,20,14,14,40,1,0.000465,0.001096,0.000001
4766,20,12,12,34,1,0.000307,0.000946,0.000001
4767,20,-1,16,40,1,0.080985,0.001343,0.000001
4768,20,12,12,48,1,0.000566,0.000930,0.000001
4769,20,12,12,36,1,0.000448,0.000957,0.000001
4770,20,14,14,50,1,0.004251,0.001067,0.000001
4771,20,10,10,34,1,0.000451,0.000825,0.000001
4772,20,10,10,42,1,0.000320,0.000799,0.000000
4773,20,14,14,42,1,0.021687,0.001107,0.000001
4774,20,10,10,40,1,0.000296,0.000807,0.000001
4775,20,14,14,38,1,0.002019,0.001115,0.000001
4776,20,8,8,38,1,0.000312,0.000718,0.000000
4777,20,16,16,48,1,0.044145,0.001207,0.000001
4778,20,16,16,38,1,0.000595,0.001277,0.000001
4779,20,12,12,36,1,0.000478,0.000940,0.000001
4780,20,12,14,42,1,0.001061,0.001063,0.000000
4781,20,12,12,42,1,0.005035,0.000906,0.000001
4782,20,14,14,38,1,0.003585,0.001068,0.000001
4783,20,14,14,44,1,0.017142,0.001166,0.000001
4784,20,16,16,40,1,0.005157,0.001219,0.000001
4785,20,12,12,36,1,0.002284,0.000895,0.000001
4786,20,12,12,38,1,0.001240,0.000893,0.000001
4787,20,-1,16,36,1,0.084709,0.001273,0.000001
4788,20,14,14,40,1,0.000826,0.001076,0.000001
4789,20,12,12,34,1,0.002823,0.000959,0.000000
4790,20,14,14,48,1,0.000742,0.001095,0.000001
4791,20,10,10,36,1,0.000310,0.000817,0.000000
4792,20,6,6,42,1,0.000287,0.000536,0.000001
4793,20,16,16,42,1,0.003137,0.001283,0.000001
4794,20,12,12,36,1,0.000458,0.000960,0.000001
4795,20,14,14,34,1,0.007920,0.001140,0.000001
4796,20,12,12,26,1,0.002147,0.000935,0.000001
4797,20,14,14,34,1,0.001263,0.001142,0.000001
4798,20,14,14,42,1,0.001842,0.001088,0.000001
4799,20,12,12,34,1,0.000542,0.000995,0.000001
4800,20,14,14,34,1,0.001350,0.001086,0.000001
4801,20,10,10,34,1,0.000362,0.000817,0.000001
4802,20,12,12,36,1,0.000300,0.000912,0.000000
4803,20,12,12,40,1,0.000385,0.001016,0.000000
4804,20,8,8,38,1,0.000301,0.000669,0.000000
4805,20,14,14,32,1,0.014463,0.001065,0.000001
4806,20,14,14,42,1,0.002426,0.001084,0.000000
4807,20,14,14,50,1,0.002340,0.001028,0.000001
4808,20,12,12,40,1,0.000515,0.000946,0.000000
4809,20,12,12,40,1,0.000551,0.000973,0.000001
4810,20,-1,18,40,1,0.084269,0.001334,0.000001
4811,20,12,12,38,1,0.000757,0.000931,0.000000
4812,20,12,12,42,1,0.000462,0.000984,0.000001
4813,20,-1,16,42,1,0.081211,0.001204,0.000001
4814,20,12,12,40,1,0.000401,0.000955,0.000000
4815,20,16,16,44,1,0.000880,0.001204,0.000001
4816,20,14,14,42,1,0.004634,0.001132,0.000001
4817,20,14,14,42,1,0.000761,0.001093,0.000000
4818,20,12,12,40,1,0.002102,0.000941,0.000001
4819,20,12,12,40,1,0.000300,0.000921,0.000001
4820,20,12,12,40,1,0.000510,0.000985,0.000000
4821,20,12,12,32,1,0.000969,0.000922,0.000001
4822,20,14,14,38,1,0.002637,0.001151,0.000001
4823,20,12,12,44,1,0.000304,0.000946,0.000000
4824,20,12,12,40,1,0.000349,0.000954,0.000000
4825,20,14,14,40,1,0.001544,0.001115,0.000000
4826,20,10,10,42,1,0.000320,0.000835,0.000000
4827,20,14,14,34,1,0.008273,0.001100,0.000000
4828,20,14,14,38,1,0.008321,0.001086,0.000001
4829,20,10,10,36,1,0.000353,0.000808,0.000001
4830,20,12,12,38,1,0.000990,0.000943,0.000001
4831,20,14,14,52,1,0.030166,0.001154,0.000001
4832,20,16,16,42,1,0.001875,0.001234,0.000001
4833,20,-1,16,40,1,0.080956,0.001307,0.000001
4834,20,10,10,36,1,0.000348,0.000799,0.000001
4835,20,10,10,24,1,0.000482,0.000841,0.000000
4836,20,10,10,36,1,0.000311,0.000863,0.000001
4837,20,10,10,34,1,0.000304,0.000827,0.000000
4838,20,12,12,40,1,0.000729,0.000917,0.000000
4839,20,6,6,30,1,0.000297,0.000562,0.000001
4840,20,12,12,32,1,0.002291,0.000922,0.000000
4841,20,12,12,38,1,0.000553,0.000958,0.000001
4842,20,12,12,36,1,0.004410,0.000952,0.000001
4843,20,-1,16,46,1,0.083912,0.001208,0.000001
4844,20,14,14,42,1,0.000704,0.001109,0.000001
4845,20,14,14,40,1,0.000813,0.001038,0.000000
4846,20,12,12,40,1,0.000629,0.000963,0.000001
4847,20,16,16,32,1,0.055019,0.001216,0.000001
4848,20,10,10,40,1,0.000321,0.000804,0.000001
4849,20,16,16,40,1,0.010575,0.001240,0.000001
4850,20,12,12,40,1,0.001487,0.000944,0.000001
4851,20,14,14,36,1,0.003064,0.001160,0.000001
4852,20,16,16,34,1,0.000342,0.001203,0.000000
4853,20,16,16,40,1,0.021508,0.001222,0.000001
4854,20,14,14,46,1,0.011947,0.001076,0.000001
4855,20,10,10,38,1,0.000731,0.000803,0.000001
4856,20,10,10,40,1,0.000383,0.000803,0.000000
4857,20,12,12,46,1,0.000294,0.000941,0.000001
4858,20,12,12,34,1,0.000668,0.000929,0.000001
4859,20,14,14,42,1,0.004789,0.001111,0.000001
4860,20,12,12,42,1,0.001770,0.000946,0.000001
4861,20,12,12,30,1,0.005339,0.000922,0.000001
4862,20,14,14,38,1,0.000307,0.001058,0.000001
4863,20,12,12,36,1,0.000438,0.000969,0.000001
4864,20,12,12,36,1,0.001205,0.000930,0.000001
4865,20,14,14,40,1,0.031605,0.001092,0.000000
4866,20,14,14,44,1,0.000323,0.001075,0.000001
4867,20,10,10,42,1,0.000349,0.000806,0.000000
4868,20,14,14,38,1,0.005477,0.001069,0.000001
4869,20,14,14,36,1,0.001820,0.001039,0.000001
4870,20,14,14,40,1,0.016994,0.001105,0.000001
4871,20,12,12,42,1,0.000664,0.000950,0.000001
4872,20,14,14,40,1,0.000704,0.001062,0.000001
4873,20,14,14,46,1,0.042872,0.001119,0.000001
4874,20,14,14,38,1,0.001899,0.001042,0.000001
4875,20,16,16,42,1,0.002367,0.001210,0.000000
4876,20,12,12,42,1,0.001277,0.000892,0.000001
4877,20,12,12,38,1,0.000379,0.001017,0.000000
4878,20,14,14,48,1,0.002988,0.001084,0.000001
4879,20,10,10,38,1,0.000298,0.000831,0.000001
4880,20,16,16,38,1,0.027946,0.001208,0.000001
4881,20,12,12,38,1,0.000465,0.000938,0.000001
4882,20,14,14,34,1,0.005228,0.001101,0.000001
4883,20,10,10,44,1,0.000296,0.000810,0.000001
4884,20,14,14,38,1,0.001983,0.001077,0.000000
4885,20,14,14,40,1,0.000339,0.001085,0.000001
4886,20,14,14,44,1,0.000730,0.001163,0.000001
4887,20,14,14,32,1,0.001509,0.001035,0.000000
4888,20,10,10,34,1,0.000318,0.000813,0.000001
4889,20,10,10,36,1,0.000593,0.000839,0.000001
4890,20,12,12,34,1,0.000838,0.000925,0.000001
4891,20,14,14,46,1,0.030482,0.001094,0.000001
4892,20,16,16,40,1,0.005782,0.001252,0.000001
4893,20,8,8,34,1,0.000377,0.000680,0.000001
4894,20,14,14,46,1,0.006791,0.001117,0.000001
4895,20,16,16,38,1,0.006399,0.001211,0.000001
4896,20,16,16,46,1,0.005676,0.001368,0.000001
4897,20,14,14,44,1,0.003197,0.001104,0.000001
4898,20,14,14,40,1,0.006424,0.001088,0.000001
4899,20,14,14,38,1,0.018618,0.001058,0.000001
4900,20,16,16,40,1,0.021974,0.001277,0.000001
4901,20,14,14,36,1,0.034191,0.001093,0.000001
4902,20,14,14,44,1,0.001228,0.001164,0.000001
4903,20,14,14,40,1,0.003732,0.001128,0.000001
4904,20,12,12,26,1,0.004065,0.000951,0.000001
4905,20,10,10,34,1,0.000372,0.000821,0.000000
4906,20,12,12,38,1,0.000384,0.000924,0.000000
4907,20,14,16,38,1,0.003168,0.001247,0.000001
4908,20,10,10,28,1,0.000365,0.000806,0.000001
4909,20,14,14,40,1,0.004564,0.001088,0.000001
4910,20,8,8,44,1,0.000355,0.000657,0.000001
4911,20,12,12,36,1,0.000311,0.000964,0.000001
4912,20,12,12,38,1,0.000844,0.000927,0.000001
4913,20,14,14,38,1,0.023100,0.001077,0.000001
4914,20,12,12,38,1,0.000431,0.000987,0.000001
4915,20,10,10,38,1,0.000366,0.000807,0.000000
4916,20,10,10,46,1,0.000333,0.000826,0.000001
4917,20,12,12,36,1,0.000484,0.000914,0.000000
4918,20,12,12,52,1,0.002236,0.000954,0.000000
4919,20,12,12,32,1,0.000597,0.000915,0.000001
4920,20,12,12,38,1,0.000756,0.000929,0.000001
4921,20,12,12,38,1,0.001081,0.000927,0.000001
4922,20,14,14,46,1,0.000575,0.001096,0.000001
4923,20,16,16,40,1,0.022084,0.001217,0.000001
4924,20,14,14,40,1,0.008072,0.001130,0.000001
4925,20,14,14,42,1,0.007077,0.001153,0.000001
4926,20,12,12,38,1,0.000572,0.000919,0.000001
4927,20,12,12,46,1,0.000298,0.000940,0.000001
4928,20,14,14,38,1,0.009561,0.001067,0.000001
4929,20,14,14,44,1,0.004396,0.001059,0.000001
4930,20,12,12,38,1,0.000645,0.000921,0.000001
4931,20,16,16,36,1,0.023378,0.001255,0.000001
4932,20,14,14,38,1,0.001519,0.001098,0.000001
4933,20,14,14,30,1,0.000817,0.001105,0.000001
4934,20,14,14,40,1,0.004925,0.001097,0.000000
4935,20,12,12,42,1,0.002910,0.000949,0.000001
4936,20,14,14,44,1,0.001241,0.001073,0.000001
4937,20,12,12,42,1,0.000442,0.000927,0.000001
4938,20,14,14,42,1,0.000457,0.001114,0.000001
4939,20,10,10,42,1,0.000624,0.000812,0.000000
4940,20,14,14,38,1,0.007202,0.001060,0.000001
4941,20,14,14,44,1,0.022392,0.001161,0.000001
4942,20,14,14,42,1,0.001218,0.001068,0.000000
4943,20,12,12,30,1,0.001805,0.000994,0.000001
4944,20,12,12,44,1,0.002008,0.000910,0.000001
4945,20,12,12,40,1,0.000519,0.000968,0.000001
4946,20,12,12,42,1,0.000432,0.000984,0.000000
4947,20,8,8,40,1,0.000284,0.000704,0.000000
4948,20,14,14,42,1,0.009332,0.001064,0.000001
4949,20,14,14,44,1,0.001040,0.001104,0.000001
4950,20,12,12,44,1,0.002006,0.000982,0.000001
4951,20,12,12,42,1,0.000292,0.000967,0.000001
4952,20,14,14,36,1,0.001900,0.001048,0.000000
4953,20,14,14,38,1,0.014707,0.001096,0.000001
4954,20,16,16,30,1,0.006786,0.001233,0.000001
4955,20,14,14,48,1,0.001883,0.001064,0.000001
4956,20,14,14,34,1,0.001955,0.001066,0.000001
4957,20,14,14,36,1,0.028300,0.001079,0.000001
4958,20,14,14,44,1,0.000314,0.001133,0.000001
4959,20,10,10,44,1,0.000351,0.000787,0.000001
4960,20,14,14,36,1,0.005303,0.001056,0.000001
4961,20,12,12,42,1,0.001330,0.000909,0.000001
4962,20,10,10,40,1,0.000374,0.000842,0.000000
4963,20,12,12,38,1,0.000526,0.000883,0.000000
4964,20,16,16,30,1,0.006461,0.001190,0.000001
4965,20,10,10,42,1,0.000527,0.000865,0.000001
4966,20,12,12,42,1,0.000427,0.000917,0.000001
4967,20,12,12,36,1,0.000288,0.000960,0.000001
4968,20,12,12,40,1,0.001459,0.000901,0.000001
4969,20,12,12,40,1,0.000338,0.000964,0.000001
4970,20,12,12,34,1,0.004058,0.001005,0.000000
4971,20,14,14,42,1,0.000387,0.001075,0.000001
4972,20,14,14,38,1,0.001284,0.001015,0.000001
4973,20,12,12,40,1,0.001013,0.000994,0.000001
4974,20,10,10,42,1,0.000352,0.000796,0.000001
4975,20,12,12,36,1,0.001087,0.000950,0.000000
4976,20,14,14,34,1,0.000807,0.001079,0.000000
4977,20,12,12,38,1,0.000302,0.000934,0.000000
4978,20,14,14,44,1,0.007471,0.001085,0.000001
4979,20,12,12,32,1,0.000697,0.000927,0.000001
4980,20,10,10,48,1,0.000291,0.000798,0.000001
4981,20,8,8,28,1,0.000281,0.000691,0.000001
4982,20,14,14,40,1,0.001934,0.001091,0.000001
4983,20,14,14,34,1,0.008438,0.001084,0.000001
4984,20,16,16,44,1,0.006941,0.001235,0.000000
4985,20,16,16,46,1,0.001995,0.001262,0.000000
4986,20,14,14,36,1,0.003434,0.001067,0.000000
4987,20,16,16,44,1,0.003867,0.001221,0.000001
4988,20,10,10,36,1,0.000308,0.000845,0.000001
4989,20,14,14,40,1,0.011768,0.001067,0.000001
4990,20,14,14,34,1,0.004170,0.001053,0.000001
4991,20,10,10,38,1,0.000400,0.000838,0.000000
4992,20,10,10,42,1,0.000303,0.000791,0.000001
4993,20,12,12,44,1,0.000443,0.001062,0.000001
4994,20,16,16,44,1,0.004254,0.001259,0.000001
4995,20,16,16,38,1,0.018714,0.001196,0.000001
4996,20,12,12,38,1,0.000417,0.000995,0.000001
4997,20,10,10,40,1,0.000380,0.000810,0.000000
4998,20,14,16,44,1,0.004558,0.001213,0.000001
4999,20,12,12,44,1,0.000685,0.000923,0.000001
