"case_index","total_cases","dim","case_name","depth","max_depth","expanded","layer_candidates","retained","best_total_dist","best_misplaced","best_max_dist","elapsed_sec"
"1","2","10","q10_case1","1","10240","5120","5120","512","5118","1022","10","0.027182"
"1","2","10","q10_case1","2","10240","2626048","2620928","512","5116","1021","10","0.796243"
"1","2","10","q10_case1","3","10240","5246487","2620439","512","5114","1020","10","1.591963"
"1","2","10","q10_case1","4","10240","7867392","2620905","512","5112","1019","10","2.373380"
"1","2","10","q10_case1","5","10240","10488248","2620856","512","5110","1018","10","3.138906"
"1","2","10","q10_case1","6","10240","13108719","2620471","512","5108","1018","10","3.901197"
"1","2","10","q10_case1","7","10240","15729205","2620486","512","5106","1017","10","4.667022"
"1","2","10","q10_case1","8","10240","18349636","2620431","512","5104","1016","10","5.436474"
"1","2","10","q10_case1","9","10240","20970550","2620914","512","5102","1015","10","6.219493"
"1","2","10","q10_case1","10","10240","23591398","2620848","512","5100","1014","10","6.987103"
"1","2","10","q10_case1","11","10240","26211847","2620449","512","5098","1014","10","7.759005"
"1","2","10","q10_case1","12","10240","28832276","2620429","512","5096","1013","10","8.548171"
"1","2","10","q10_case1","13","10240","31452711","2620435","512","5094","1013","10","9.399695"
"1","2","10","q10_case1","14","10240","34073602","2620891","512","5092","1012","10","10.250772"
"1","2","10","q10_case1","15","10240","36694045","2620443","512","5090","1012","10","11.099902"
"1","2","10","q10_case1","16","10240","39314938","2620893","512","5088","1011","10","11.948966"
"1","2","10","q10_case1","17","10240","41935374","2620436","512","5086","1011","10","12.795669"
"1","2","10","q10_case1","18","10240","44556284","2620910","512","5084","1011","10","13.645318"
"1","2","10","q10_case1","19","10240","47176718","2620434","512","5082","1011","10","14.491763"
"1","2","10","q10_case1","20","10240","49797525","2620807","512","5080","1011","10","15.384128"
"1","2","10","q10_case1","21","10240","52418285","2620760","512","5078","1011","10","16.228418"
"1","2","10","q10_case1","22","10240","55039001","2620716","512","5076","1011","10","17.024398"
"1","2","10","q10_case1","23","10240","57659702","2620701","512","5074","1011","10","17.817815"
"1","2","10","q10_case1","24","10240","60280424","2620722","512","5072","1010","10","18.599082"
"1","2","10","q10_case1","25","10240","62901155","2620731","512","5070","1010","10","19.375958"
"1","2","10","q10_case1","26","10240","65522072","2620917","512","5068","1009","10","20.171579"
"1","2","10","q10_case1","27","10240","68142506","2620434","512","5066","1009","10","20.958884"
"1","2","10","q10_case1","28","10240","70763416","2620910","512","5064","1008","10","21.727392"
"1","2","10","q10_case1","29","10240","73383839","2620423","512","5062","1008","10","22.510885"
"1","2","10","q10_case1","30","10240","76004742","2620903","512","5060","1007","10","23.304787"
"1","2","10","q10_case1","31","10240","78625175","2620433","512","5058","1005","10","24.068845"
"1","2","10","q10_case1","32","10240","81246084","2620909","512","5056","1004","10","24.906989"
"1","2","10","q10_case1","33","10240","83866956","2620872","512","5054","1004","10","25.745507"
"1","2","10","q10_case1","34","10240","86487388","2620432","512","5052","1003","10","26.598846"
"1","2","10","q10_case1","35","10240","89107814","2620426","512","5050","1003","10","27.442706"
"1","2","10","q10_case1","36","10240","91728720","2620906","512","5048","1002","10","28.253861"
"1","2","10","q10_case1","37","10240","94349146","2620426","512","5046","1002","10","29.027129"
"1","2","10","q10_case1","38","10240","96970069","2620923","512","5044","1001","10","29.798998"
"1","2","10","q10_case1","39","10240","99590489","2620420","512","5042","1000","10","30.622916"
"1","2","10","q10_case1","40","10240","102211399","2620910","512","5040","999","10","31.475675"
"1","2","10","q10_case1","41","10240","104832054","2620655","512","5038","998","10","32.260869"
"1","2","10","q10_case1","42","10240","107452492","2620438","512","5036","998","10","33.039187"
"1","2","10","q10_case1","43","10240","110072922","2620430","512","5034","997","10","33.805506"
"1","2","10","q10_case1","44","10240","112693344","2620422","512","5032","997","10","34.567819"
"1","2","10","q10_case1","45","10240","115314253","2620909","512","5030","997","10","35.330412"
"1","2","10","q10_case1","46","10240","117934672","2620419","512","5028","997","10","36.098818"
"1","2","10","q10_case1","47","10240","120555501","2620829","512","5026","996","10","36.863870"
"1","2","10","q10_case1","48","10240","123176277","2620776","512","5024","996","10","37.627803"
"1","2","10","q10_case1","49","10240","125797182","2620905","512","5022","995","10","38.396551"
"1","2","10","q10_case1","50","10240","128417612","2620430","512","5020","995","10","39.194108"
"1","2","10","q10_case1","51","10240","131038526","2620914","512","5018","994","10","39.980351"
"1","2","10","q10_case1","52","10240","133658957","2620431","512","5016","994","10","40.784054"
"1","2","10","q10_case1","53","10240","136279867","2620910","512","5014","993","10","41.558185"
"1","2","10","q10_case1","54","10240","138900294","2620427","512","5012","992","10","42.320955"
"1","2","10","q10_case1","55","10240","141521210","2620916","512","5010","991","10","43.080856"
"1","2","10","q10_case1","56","10240","144141995","2620785","512","5008","990","10","43.840463"
"1","2","10","q10_case1","57","10240","146762465","2620470","512","5006","990","10","44.595531"
"1","2","10","q10_case1","58","10240","149382933","2620468","512","5004","989","10","45.357949"
"1","2","10","q10_case1","59","10240","152003360","2620427","512","5002","989","10","46.116728"
"1","2","10","q10_case1","60","10240","154624280","2620920","512","5000","988","10","46.867077"
"1","2","10","q10_case1","61","10240","157244705","2620425","512","4998","988","10","47.631483"
"1","2","10","q10_case1","62","10240","159865607","2620902","512","4996","987","10","48.411322"
"1","2","10","q10_case1","63","10240","162486029","2620422","512","4994","987","10","49.231588"
"1","2","10","q10_case1","64","10240","165106951","2620922","512","4992","986","10","50.068763"
"1","2","10","q10_case1","65","10240","167727377","2620426","512","4990","986","10","50.894714"
"1","2","10","q10_case1","66","10240","170348301","2620924","512","4988","985","10","51.737198"
"1","2","10","q10_case1","67","10240","172968722","2620421","512","4986","985","10","52.489671"
"1","2","10","q10_case1","68","10240","175589632","2620910","512","4984","984","10","53.254920"
"1","2","10","q10_case1","69","10240","178210053","2620421","512","4982","984","10","54.052496"
"1","2","10","q10_case1","70","10240","180830977","2620924","512","4980","983","10","54.842434"
"1","2","10","q10_case1","71","10240","183451400","2620423","512","4978","983","10","55.634078"
"1","2","10","q10_case1","72","10240","186072316","2620916","512","4976","983","10","56.473694"
"1","2","10","q10_case1","73","10240","188692734","2620418","512","4974","983","10","57.264200"
"1","2","10","q10_case1","74","10240","191313546","2620812","512","4972","983","10","58.060187"
"1","2","10","q10_case1","75","10240","193934319","2620773","512","4970","982","10","58.849162"
"1","2","10","q10_case1","76","10240","196555064","2620745","512","4968","982","10","59.630698"
"1","2","10","q10_case1","77","10240","199175979","2620915","512","4966","982","10","60.410966"
"1","2","10","q10_case1","78","10240","201796407","2620428","512","4964","981","10","61.219822"
"1","2","10","q10_case1","79","10240","204416744","2620337","512","4962","981","10","61.991030"
"1","2","10","q10_case1","80","10240","207037461","2620717","512","4960","980","10","62.766202"
"1","2","10","q10_case1","81","10240","209657882","2620421","512","4958","980","10","63.568168"
"1","2","10","q10_case1","82","10240","212278789","2620907","512","4956","980","10","64.385538"
"1","2","10","q10_case1","83","10240","214899210","2620421","512","4954","979","10","65.169859"
"1","2","10","q10_case1","84","10240","217519852","2620642","512","4952","979","10","65.965854"
"1","2","10","q10_case1","85","10240","220140749","2620897","512","4950","978","10","66.743337"
"1","2","10","q10_case1","86","10240","222761166","2620417","512","4948","978","10","67.514022"
"1","2","10","q10_case1","87","10240","225382060","2620894","512","4946","978","10","68.266166"
"1","2","10","q10_case1","88","10240","228002476","2620416","512","4944","978","10","69.051219"
"1","2","10","q10_case1","89","10240","230623270","2620794","512","4942","978","10","69.843460"
"1","2","10","q10_case1","90","10240","233244042","2620772","512","4940","978","10","70.590386"
"1","2","10","q10_case1","91","10240","235864763","2620721","512","4938","978","10","71.379666"
"1","2","10","q10_case1","92","10240","238485447","2620684","512","4936","978","10","72.215600"
"1","2","10","q10_case1","93","10240","241106148","2620701","512","4934","977","10","73.017852"
"1","2","10","q10_case1","94","10240","243726846","2620698","512","4932","977","10","73.785257"
"1","2","10","q10_case1","95","10240","246347632","2620786","512","4930","977","10","74.580472"
"1","2","10","q10_case1","96","10240","248968257","2620625","512","4928","977","10","75.396592"
"1","2","10","q10_case1","97","10240","251588906","2620649","512","4926","977","10","76.198443"
"1","2","10","q10_case1","98","10240","254209495","2620589","512","4924","976","10","76.992616"
"1","2","10","q10_case1","99","10240","256830048","2620553","512","4922","976","10","77.795471"
"1","2","10","q10_case1","100","10240","259450957","2620909","512","4920","976","10","78.624369"
"1","2","10","q10_case1","101","10240","262071377","2620420","512","4918","976","10","79.462423"
"1","2","10","q10_case1","102","10240","264691806","2620429","512","4916","976","10","80.274780"
"1","2","10","q10_case1","103","10240","267312467","2620661","512","4914","976","10","81.103266"
"1","2","10","q10_case1","104","10240","269933068","2620601","512","4912","976","10","81.880839"
"1","2","10","q10_case1","105","10240","272553475","2620407","512","4910","976","10","82.678815"
"1","2","10","q10_case1","106","10240","275173962","2620487","512","4908","976","10","83.473675"
"1","2","10","q10_case1","107","10240","277794436","2620474","512","4906","976","10","84.273728"
"1","2","10","q10_case1","108","10240","280414949","2620513","512","4904","976","10","85.097789"
"1","2","10","q10_case1","109","10240","283035418","2620469","512","4902","976","10","85.926278"
"1","2","10","q10_case1","110","10240","285655827","2620409","512","4900","975","10","86.750729"
"1","2","10","q10_case1","111","10240","288276156","2620329","512","4898","974","10","87.565861"
"1","2","10","q10_case1","112","10240","290897059","2620903","512","4896","974","10","88.365706"
"1","2","10","q10_case1","113","10240","293517486","2620427","512","4894","973","10","89.188610"
"1","2","10","q10_case1","114","10240","296137917","2620431","512","4892","973","10","89.983450"
"1","2","10","q10_case1","115","10240","298758832","2620915","512","4890","972","10","90.785628"
"1","2","10","q10_case1","116","10240","301379276","2620444","512","4888","972","10","91.575430"
"1","2","10","q10_case1","117","10240","304000179","2620903","512","4886","971","10","92.375156"
"1","2","10","q10_case1","118","10240","306620613","2620434","512","4884","971","10","93.169602"
"1","2","10","q10_case1","119","10240","309241523","2620910","512","4882","971","10","93.962922"
"1","2","10","q10_case1","120","10240","311861955","2620432","512","4880","971","10","94.778657"
"1","2","10","q10_case1","121","10240","314482395","2620440","512","4878","971","10","95.610900"
"1","2","10","q10_case1","122","10240","317102997","2620602","512","4876","970","10","96.429651"
"1","2","10","q10_case1","123","10240","319723402","2620405","512","4874","970","10","97.249030"
"1","2","10","q10_case1","124","10240","322344321","2620919","512","4872","969","10","98.075999"
"1","2","10","q10_case1","125","10240","324964777","2620456","512","4870","969","10","98.894649"
"1","2","10","q10_case1","126","10240","327585692","2620915","512","4868","968","10","99.741383"
"1","2","10","q10_case1","127","10240","330206140","2620448","512","4866","968","10","100.618406"
"1","2","10","q10_case1","128","10240","332827042","2620902","512","4864","967","10","101.438643"
"1","2","10","q10_case1","129","10240","335447469","2620427","512","4862","967","10","102.233002"
"1","2","10","q10_case1","130","10240","338068372","2620903","512","4860","967","10","103.017003"
"1","2","10","q10_case1","131","10240","340688798","2620426","512","4858","967","10","103.802110"
"1","2","10","q10_case1","132","10240","343309237","2620439","512","4856","967","10","104.609681"
"1","2","10","q10_case1","133","10240","345929635","2620398","512","4854","967","10","105.381542"
"1","2","10","q10_case1","134","10240","348550385","2620750","512","4852","966","10","106.159763"
"1","2","10","q10_case1","135","10240","351170993","2620608","512","4850","966","10","106.932479"
"1","2","10","q10_case1","136","10240","353791909","2620916","512","4848","965","10","107.709899"
"1","2","10","q10_case1","137","10240","356412315","2620406","512","4846","965","10","108.483199"
"1","2","10","q10_case1","138","10240","359033203","2620888","512","4844","965","10","109.259423"
"1","2","10","q10_case1","139","10240","361653619","2620416","512","4842","965","10","110.029122"
"1","2","10","q10_case1","140","10240","364274049","2620430","512","4840","965","10","110.803504"
"1","2","10","q10_case1","141","10240","366894495","2620446","512","4838","965","10","111.581956"
"1","2","10","q10_case1","142","10240","369514905","2620410","512","4836","965","10","112.347793"
"1","2","10","q10_case1","143","10240","372135101","2620196","512","4834","965","10","113.112891"
"1","2","10","q10_case1","144","10240","374755235","2620134","512","4832","965","10","113.884025"
"1","2","10","q10_case1","145","10240","377375359","2620124","512","4830","965","10","114.649773"
"1","2","10","q10_case1","146","10240","379995519","2620160","512","4828","965","10","115.419698"
"1","2","10","q10_case1","147","10240","382615700","2620181","512","4826","965","10","116.196556"
"1","2","10","q10_case1","148","10240","385235924","2620224","512","4824","965","10","116.965047"
"1","2","10","q10_case1","149","10240","387856244","2620320","512","4822","965","10","117.739952"
"1","2","10","q10_case1","150","10240","390476613","2620369","512","4820","965","10","118.516011"
"1","2","10","q10_case1","151","10240","393097011","2620398","512","4818","965","10","119.288810"
"1","2","10","q10_case1","152","10240","395717495","2620484","512","4816","965","10","120.062147"
"1","2","10","q10_case1","153","10240","398337921","2620426","512","4814","965","10","120.853853"
"1","2","10","q10_case1","154","10240","400958243","2620322","512","4812","965","10","121.640824"
"1","2","10","q10_case1","155","10240","403578595","2620352","512","4810","965","10","122.418271"
"1","2","10","q10_case1","156","10240","406198931","2620336","512","4808","965","10","123.190820"
"1","2","10","q10_case1","157","10240","408819216","2620285","512","4806","965","10","123.967915"
"1","2","10","q10_case1","158","10240","411439503","2620287","512","4804","965","10","124.741221"
"1","2","10","q10_case1","159","10240","414059810","2620307","512","4802","965","10","125.539344"
"1","2","10","q10_case1","160","10240","416680123","2620313","512","4800","965","10","126.327446"
"1","2","10","q10_case1","161","10240","419300440","2620317","512","4798","964","10","127.123939"
"1","2","10","q10_case1","162","10240","421920750","2620310","512","4796","964","10","127.897971"
"1","2","10","q10_case1","163","10240","424541639","2620889","512","4794","963","10","128.672905"
"1","2","10","q10_case1","164","10240","427162060","2620421","512","4792","961","10","129.441154"
"1","2","10","q10_case1","165","10240","429782973","2620913","512","4790","960","10","130.211475"
"1","2","10","q10_case1","166","10240","432403741","2620768","512","4788","960","10","130.977050"
"1","2","10","q10_case1","167","10240","435024158","2620417","512","4786","959","10","131.742783"
"1","2","10","q10_case1","168","10240","437644570","2620412","512","4784","959","10","132.512673"
"1","2","10","q10_case1","169","10240","440265456","2620886","512","4782","958","10","133.312863"
"1","2","10","q10_case1","170","10240","442885876","2620420","512","4780","958","10","134.074410"
"1","2","10","q10_case1","171","10240","445506782","2620906","512","4778","956","10","134.842648"
"1","2","10","q10_case1","172","10240","448127204","2620422","512","4776","955","10","135.591860"
"1","2","10","q10_case1","173","10240","450748129","2620925","512","4774","955","10","136.359870"
"1","2","10","q10_case1","174","10240","453369003","2620874","512","4772","954","10","137.132818"
"1","2","10","q10_case1","175","10240","455989428","2620425","512","4770","954","10","137.903120"
"1","2","10","q10_case1","176","10240","458610347","2620919","512","4768","953","10","138.666675"
"1","2","10","q10_case1","177","10240","461230771","2620424","512","4766","953","10","139.428341"
"1","2","10","q10_case1","178","10240","463851688","2620917","512","4764","952","10","140.193351"
"1","2","10","q10_case1","179","10240","466472110","2620422","512","4762","952","10","140.958209"
"1","2","10","q10_case1","180","10240","469092999","2620889","512","4760","952","10","141.725406"
"1","2","10","q10_case1","181","10240","471713416","2620417","512","4758","952","10","142.499793"
"1","2","10","q10_case1","182","10240","474333837","2620421","512","4756","952","10","143.271346"
"1","2","10","q10_case1","183","10240","476954623","2620786","512","4754","952","10","144.041963"
"1","2","10","q10_case1","184","10240","479575357","2620734","512","4752","952","10","144.818244"
"1","2","10","q10_case1","185","10240","482196076","2620719","512","4750","952","10","145.591850"
"1","2","10","q10_case1","186","10240","484816800","2620724","512","4748","952","10","146.363201"
"1","2","10","q10_case1","187","10240","487437371","2620571","512","4746","952","10","147.132403"
"1","2","10","q10_case1","188","10240","490057913","2620542","512","4744","952","10","147.908018"
"1","2","10","q10_case1","189","10240","492678443","2620530","512","4742","952","10","148.677225"
"1","2","10","q10_case1","190","10240","495298822","2620379","512","4740","951","10","149.447741"
"1","2","10","q10_case1","191","10240","497919037","2620215","512","4738","951","10","150.244414"
"1","2","10","q10_case1","192","10240","500539939","2620902","512","4736","951","10","151.051306"
"1","2","10","q10_case1","193","10240","503160161","2620222","512","4734","951","10","151.834469"
"1","2","10","q10_case1","194","10240","505780483","2620322","512","4732","951","10","152.645012"
"1","2","10","q10_case1","195","10240","508400900","2620417","512","4730","951","10","153.472169"
"1","2","10","q10_case1","196","10240","511021426","2620526","512","4728","951","10","154.316801"
"1","2","10","q10_case1","197","10240","513641986","2620560","512","4726","951","10","155.125610"
"1","2","10","q10_case1","198","10240","516262395","2620409","512","4724","950","10","155.920762"
"1","2","10","q10_case1","199","10240","518882754","2620359","512","4722","950","10","156.695079"
"1","2","10","q10_case1","200","10240","521503664","2620910","512","4720","949","10","157.467125"
"1","2","10","q10_case1","201","10240","524124087","2620423","512","4718","948","10","158.241120"
"1","2","10","q10_case1","202","10240","526744984","2620897","512","4716","948","10","159.022826"
"1","2","10","q10_case1","203","10240","529365631","2620647","512","4714","947","10","159.796022"
"1","2","10","q10_case1","204","10240","531986050","2620419","512","4712","946","10","160.569404"
"1","2","10","q10_case1","205","10240","534606966","2620916","512","4710","946","10","161.346944"
"1","2","10","q10_case1","206","10240","537227614","2620648","512","4708","945","10","162.126494"
"1","2","10","q10_case1","207","10240","539848033","2620419","512","4706","944","10","162.902307"
"1","2","10","q10_case1","208","10240","542468933","2620900","512","4704","942","10","163.717858"
"1","2","10","q10_case1","209","10240","545089582","2620649","512","4702","942","10","164.518498"
"1","2","10","q10_case1","210","10240","547710009","2620427","512","4700","941","10","165.289614"
"1","2","10","q10_case1","211","10240","550330422","2620413","512","4698","941","10","166.079506"
"1","2","10","q10_case1","212","10240","552951311","2620889","512","4696","941","10","166.855239"
"1","2","10","q10_case1","213","10240","555571732","2620421","512","4694","941","10","167.636859"
"1","2","10","q10_case1","214","10240","558192152","2620420","512","4692","941","10","168.411273"
"1","2","10","q10_case1","215","10240","560812549","2620397","512","4690","941","10","169.164156"
"1","2","10","q10_case1","216","10240","563432978","2620429","512","4688","941","10","169.941427"
"1","2","10","q10_case1","217","10240","566053553","2620575","512","4686","941","10","170.718128"
"1","2","10","q10_case1","218","10240","568674000","2620447","512","4684","941","10","171.505613"
"1","2","10","q10_case1","219","10240","571294363","2620363","512","4682","940","10","172.292241"
"1","2","10","q10_case1","220","10240","573914692","2620329","512","4680","940","10","173.063224"
"1","2","10","q10_case1","221","10240","576535599","2620907","512","4678","940","10","173.831922"
"1","2","10","q10_case1","222","10240","579156028","2620429","512","4676","940","10","174.634957"
"1","2","10","q10_case1","223","10240","581776577","2620549","512","4674","940","10","175.426692"
"1","2","10","q10_case1","224","10240","584397085","2620508","512","4672","940","10","176.238947"
"1","2","10","q10_case1","225","10240","587017496","2620411","512","4670","940","10","177.018714"
"1","2","10","q10_case1","226","10240","589637984","2620488","512","4668","940","10","177.806122"
"1","2","10","q10_case1","227","10240","592258349","2620365","512","4666","940","10","178.586343"
"1","2","10","q10_case1","228","10240","594878650","2620301","512","4664","940","10","179.368502"
"1","2","10","q10_case1","229","10240","597498957","2620307","512","4662","940","10","180.148045"
"1","2","10","q10_case1","230","10240","600119265","2620308","512","4660","939","10","180.947540"
"1","2","10","q10_case1","231","10240","602739606","2620341","512","4658","939","10","181.732979"
"1","2","10","q10_case1","232","10240","605360511","2620905","512","4656","939","10","182.517565"
"1","2","10","q10_case1","233","10240","607980945","2620434","512","4654","939","10","183.304754"
"1","2","10","q10_case1","234","10240","610601380","2620435","512","4652","939","10","184.083695"
"1","2","10","q10_case1","235","10240","613222170","2620790","512","4650","938","10","184.865931"
"1","2","10","q10_case1","236","10240","615842646","2620476","512","4648","938","10","185.651502"
"1","2","10","q10_case1","237","10240","618463556","2620910","512","4646","938","10","186.432550"
"1","2","10","q10_case1","238","10240","621083978","2620422","512","4644","938","10","187.210377"
"1","2","10","q10_case1","239","10240","623704402","2620424","512","4642","938","10","187.995006"
"1","2","10","q10_case1","240","10240","626324824","2620422","512","4640","938","10","188.776171"
"1","2","10","q10_case1","241","10240","628945277","2620453","512","4638","938","10","189.558851"
"1","2","10","q10_case1","242","10240","631565758","2620481","512","4636","938","10","190.323133"
"1","2","10","q10_case1","243","10240","634186189","2620431","512","4634","938","10","191.104847"
"1","2","10","q10_case1","244","10240","636806618","2620429","512","4632","938","10","191.883709"
"1","2","10","q10_case1","245","10240","639427229","2620611","512","4630","938","10","192.659251"
"1","2","10","q10_case1","246","10240","642047706","2620477","512","4628","938","10","193.440362"
"1","2","10","q10_case1","247","10240","644668118","2620412","512","4626","938","10","194.226634"
"1","2","10","q10_case1","248","10240","647288463","2620345","512","4624","937","10","194.989384"
"1","2","10","q10_case1","249","10240","649908775","2620312","512","4622","937","10","195.764355"
"1","2","10","q10_case1","250","10240","652529673","2620898","512","4620","937","10","196.548315"
"1","2","10","q10_case1","251","10240","655150094","2620421","512","4618","937","10","197.325667"
"1","2","10","q10_case1","252","10240","657770517","2620423","512","4616","937","10","198.096335"
"1","2","10","q10_case1","253","10240","660390938","2620421","512","4614","937","10","198.877766"
"1","2","10","q10_case1","254","10240","663011449","2620511","512","4612","937","10","199.708573"
"1","2","10","q10_case1","255","10240","665631991","2620542","512","4610","937","10","200.520480"
"1","2","10","q10_case1","256","10240","668252342","2620351","512","4608","937","10","201.309123"
"1","2","10","q10_case1","257","10240","670872685","2620343","512","4606","937","10","202.094603"
"1","2","10","q10_case1","258","10240","673493002","2620317","512","4604","937","10","202.872873"
"1","2","10","q10_case1","259","10240","676113290","2620288","512","4602","937","10","203.643190"
"1","2","10","q10_case1","260","10240","678733542","2620252","512","4600","937","10","204.421795"
"1","2","10","q10_case1","261","10240","681353767","2620225","512","4598","937","10","205.265043"
"1","2","10","q10_case1","262","10240","683973981","2620214","512","4596","937","10","206.081668"
"1","2","10","q10_case1","263","10240","686594176","2620195","512","4594","937","10","206.897095"
"1","2","10","q10_case1","264","10240","689214357","2620181","512","4592","937","10","207.704465"
"1","2","10","q10_case1","265","10240","691834505","2620148","512","4590","937","10","208.518259"
"1","2","10","q10_case1","266","10240","694454627","2620122","512","4588","937","10","209.330273"
"1","2","10","q10_case1","267","10240","697074723","2620096","512","4586","937","10","210.155659"
"1","2","10","q10_case1","268","10240","699694848","2620125","512","4584","937","10","210.994162"
"1","2","10","q10_case1","269","10240","702314970","2620122","512","4582","937","10","211.817262"
"1","2","10","q10_case1","270","10240","704935066","2620096","512","4580","937","10","212.612779"
"1","2","10","q10_case1","271","10240","707555194","2620128","512","4578","937","10","213.444695"
"1","2","10","q10_case1","272","10240","710175367","2620173","512","4576","937","10","214.261719"
"1","2","10","q10_case1","273","10240","712795511","2620144","512","4574","937","10","215.037937"
"1","2","10","q10_case1","274","10240","715415581","2620070","512","4572","937","10","215.816162"
"1","2","10","q10_case1","275","10240","718035634","2620053","512","4570","937","10","216.598150"
"1","2","10","q10_case1","276","10240","720655645","2620011","512","4568","937","10","217.377233"
"1","2","10","q10_case1","277","10240","723275616","2619971","512","4566","937","10","218.156602"
"1","2","10","q10_case1","278","10240","725895543","2619927","512","4564","937","10","218.933735"
"1","2","10","q10_case1","279","10240","728515373","2619830","512","4562","937","10","219.710426"
"1","2","10","q10_case1","280","10240","731135183","2619810","512","4560","937","10","220.488822"
"1","2","10","q10_case1","281","10240","733755050","2619867","512","4558","937","10","221.272711"
"1","2","10","q10_case1","282","10240","736375053","2620003","512","4556","936","10","222.058095"
"1","2","10","q10_case1","283","10240","738995144","2620091","512","4554","934","10","222.843545"
"1","2","10","q10_case1","284","10240","741616017","2620873","512","4552","934","10","223.657059"
"1","2","10","q10_case1","285","10240","744236443","2620426","512","4550","934","10","224.440326"
"1","2","10","q10_case1","286","10240","746856850","2620407","512","4548","934","10","225.240703"
"1","2","10","q10_case1","287","10240","749477278","2620428","512","4546","934","10","226.029361"
"1","2","10","q10_case1","288","10240","752097701","2620423","512","4544","934","10","226.842934"
"1","2","10","q10_case1","289","10240","754718412","2620711","512","4542","934","10","227.604182"
"1","2","10","q10_case1","290","10240","757339033","2620621","512","4540","934","10","228.384280"
"1","2","10","q10_case1","291","10240","759959544","2620511","512","4538","934","10","229.160956"
"1","2","10","q10_case1","292","10240","762579960","2620416","512","4536","933","10","229.945522"
"1","2","10","q10_case1","293","10240","765200318","2620358","512","4534","933","10","230.721783"
"1","2","10","q10_case1","294","10240","767821214","2620896","512","4532","932","10","231.479558"
"1","2","10","q10_case1","295","10240","770441672","2620458","512","4530","932","10","232.262058"
"1","2","10","q10_case1","296","10240","773062591","2620919","512","4528","931","10","233.041858"
"1","2","10","q10_case1","297","10240","775683053","2620462","512","4526","931","10","233.819473"
"1","2","10","q10_case1","298","10240","778303960","2620907","512","4524","930","10","234.606496"
"1","2","10","q10_case1","299","10240","780924425","2620465","512","4522","930","10","235.388691"
"1","2","10","q10_case1","300","10240","783545321","2620896","512","4520","929","10","236.145845"
"1","2","10","q10_case1","301","10240","786165739","2620418","512","4518","929","10","236.927118"
"1","2","10","q10_case1","302","10240","788786624","2620885","512","4516","928","10","237.708413"
"1","2","10","q10_case1","303","10240","791407044","2620420","512","4514","928","10","238.484839"
"1","2","10","q10_case1","304","10240","794027940","2620896","512","4512","928","10","239.263731"
"1","2","10","q10_case1","305","10240","796648359","2620419","512","4510","928","10","240.047712"
"1","2","10","q10_case1","306","10240","799268799","2620440","512","4508","928","10","240.845776"
"1","2","10","q10_case1","307","10240","801889402","2620603","512","4506","928","10","241.636295"
"1","2","10","q10_case1","308","10240","804509984","2620582","512","4504","928","10","242.420619"
"1","2","10","q10_case1","309","10240","807130530","2620546","512","4502","928","10","243.202280"
"1","2","10","q10_case1","310","10240","809750956","2620426","512","4500","928","10","243.978254"
"1","2","10","q10_case1","311","10240","812371220","2620264","512","4498","928","10","244.761584"
"1","2","10","q10_case1","312","10240","814991319","2620099","512","4496","927","10","245.542069"
"1","2","10","q10_case1","313","10240","817611255","2619936","512","4494","927","10","246.324803"
"1","2","10","q10_case1","314","10240","820232139","2620884","512","4492","926","10","247.105003"
"1","2","10","q10_case1","315","10240","822852583","2620444","512","4490","926","10","247.882337"
"1","2","10","q10_case1","316","10240","825473484","2620901","512","4488","926","10","248.664139"
"1","2","10","q10_case1","317","10240","828093915","2620431","512","4486","926","10","249.444055"
"1","2","10","q10_case1","318","10240","830714360","2620445","512","4484","926","10","250.247616"
"1","2","10","q10_case1","319","10240","833334844","2620484","512","4482","925","10","251.012101"
"1","2","10","q10_case1","320","10240","835955443","2620599","512","4480","925","10","251.791836"
"1","2","10","q10_case1","321","10240","838576356","2620913","512","4478","924","10","252.606510"
"1","2","10","q10_case1","322","10240","841196812","2620456","512","4476","924","10","253.387144"
"1","2","10","q10_case1","323","10240","843817698","2620886","512","4474","923","10","254.196670"
"1","2","10","q10_case1","324","10240","846438131","2620433","512","4472","923","10","254.951657"
"1","2","10","q10_case1","325","10240","849059042","2620911","512","4470","923","10","255.735332"
"1","2","10","q10_case1","326","10240","851679488","2620446","512","4468","922","10","256.520690"
"1","2","10","q10_case1","327","10240","854299953","2620465","512","4466","921","10","257.296277"
"1","2","10","q10_case1","328","10240","856920854","2620901","512","4464","921","10","258.068199"
"1","2","10","q10_case1","329","10240","859541282","2620428","512","4462","920","10","258.852331"
"1","2","10","q10_case1","330","10240","862161704","2620422","512","4460","920","10","259.609939"
"1","2","10","q10_case1","331","10240","864782613","2620909","512","4458","919","10","260.393511"
"1","2","10","q10_case1","332","10240","867403059","2620446","512","4456","919","10","261.177397"
"1","2","10","q10_case1","333","10240","870023957","2620898","512","4454","918","10","261.960933"
"1","2","10","q10_case1","334","10240","872644390","2620433","512","4452","918","10","262.743020"
"1","2","10","q10_case1","335","10240","875265295","2620905","512","4450","917","10","263.526887"
"1","2","10","q10_case1","336","10240","877885738","2620443","512","4448","917","10","264.304620"
"1","2","10","q10_case1","337","10240","880506630","2620892","512","4446","917","10","265.092019"
"1","2","10","q10_case1","338","10240","883127054","2620424","512","4444","917","10","265.877528"
"1","2","10","q10_case1","339","10240","885747485","2620431","512","4442","917","10","266.663470"
"1","2","10","q10_case1","340","10240","888367900","2620415","512","4440","917","10","267.446762"
"1","2","10","q10_case1","341","10240","890988418","2620518","512","4438","917","10","268.200969"
"1","2","10","q10_case1","342","10240","893608794","2620376","512","4436","917","10","268.979225"
"1","2","10","q10_case1","343","10240","896229184","2620390","512","4434","916","10","269.756186"
"1","2","10","q10_case1","344","10240","898849532","2620348","512","4432","916","10","270.549461"
"1","2","10","q10_case1","345","10240","901470425","2620893","512","4430","916","10","271.328978"
"1","2","10","q10_case1","346","10240","904090875","2620450","512","4428","916","10","272.105434"
"1","2","10","q10_case1","347","10240","906711335","2620460","512","4426","916","10","272.900704"
"1","2","10","q10_case1","348","10240","909331799","2620464","512","4424","916","10","273.679146"
"1","2","10","q10_case1","349","10240","911952251","2620452","512","4422","915","10","274.453179"
"1","2","10","q10_case1","350","10240","914572690","2620439","512","4420","915","10","275.252355"
"1","2","10","q10_case1","351","10240","917193570","2620880","512","4418","915","10","276.025227"
"1","2","10","q10_case1","352","10240","919813999","2620429","512","4416","915","10","276.807920"
"1","2","10","q10_case1","353","10240","922434426","2620427","512","4414","915","10","277.582533"
"1","2","10","q10_case1","354","10240","925055248","2620822","512","4412","915","10","278.366802"
"1","2","10","q10_case1","355","10240","927676011","2620763","512","4410","915","10","279.148202"
"1","2","10","q10_case1","356","10240","930296765","2620754","512","4408","914","10","279.906733"
"1","2","10","q10_case1","357","10240","932917490","2620725","512","4406","914","10","280.684477"
"1","2","10","q10_case1","358","10240","935538402","2620912","512","4404","914","10","281.468621"
"1","2","10","q10_case1","359","10240","938158812","2620410","512","4402","914","10","282.244456"
"1","2","10","q10_case1","360","10240","940779332","2620520","512","4400","914","10","283.033817"
"1","2","10","q10_case1","361","10240","943399978","2620646","512","4398","914","10","283.808350"
"1","2","10","q10_case1","362","10240","946020575","2620597","512","4396","914","10","284.583309"
"1","2","10","q10_case1","363","10240","948641136","2620561","512","4394","914","10","285.352781"
"1","2","10","q10_case1","364","10240","951261609","2620473","512","4392","914","10","286.130546"
"1","2","10","q10_case1","365","10240","953882047","2620438","512","4390","914","10","286.919988"
"1","2","10","q10_case1","366","10240","956502497","2620450","512","4388","914","10","287.697564"
"1","2","10","q10_case1","367","10240","959122958","2620461","512","4386","914","10","288.470849"
"1","2","10","q10_case1","368","10240","961743452","2620494","512","4384","914","10","289.247795"
"1","2","10","q10_case1","369","10240","964363981","2620529","512","4382","914","10","290.032136"
"1","2","10","q10_case1","370","10240","966984513","2620532","512","4380","914","10","290.808361"
"1","2","10","q10_case1","371","10240","969605023","2620510","512","4378","914","10","291.563156"
"1","2","10","q10_case1","372","10240","972225480","2620457","512","4376","914","10","292.339437"
"1","2","10","q10_case1","373","10240","974845895","2620415","512","4374","914","10","293.123285"
"1","2","10","q10_case1","374","10240","977466267","2620372","512","4372","914","10","293.903578"
"1","2","10","q10_case1","375","10240","980086622","2620355","512","4370","914","10","294.681058"
"1","2","10","q10_case1","376","10240","982706949","2620327","512","4368","914","10","295.462480"
"1","2","10","q10_case1","377","10240","985327298","2620349","512","4366","914","10","296.223641"
"1","2","10","q10_case1","378","10240","987947676","2620378","512","4364","914","10","297.006198"
"1","2","10","q10_case1","379","10240","990568117","2620441","512","4362","914","10","297.776254"
"1","2","10","q10_case1","380","10240","993188600","2620483","512","4360","914","10","298.553098"
"1","2","10","q10_case1","381","10240","995809074","2620474","512","4358","914","10","299.327691"
"1","2","10","q10_case1","382","10240","998429520","2620446","512","4356","913","10","300.134776"
"1","2","10","q10_case1","383","10240","1001049933","2620413","512","4354","913","10","300.942021"
"1","2","10","q10_case1","384","10240","1003670836","2620903","512","4352","912","10","301.761175"
"1","2","10","q10_case1","385","10240","1006291259","2620423","512","4350","911","10","302.543489"
"1","2","10","q10_case1","386","10240","1008912183","2620924","512","4348","911","10","303.324082"
"1","2","10","q10_case1","387","10240","1011532958","2620775","512","4346","910","10","304.106077"
"1","2","10","q10_case1","388","10240","1014153387","2620429","512","4344","910","10","304.884822"
"1","2","10","q10_case1","389","10240","1016774301","2620914","512","4342","909","10","305.697045"
"1","2","10","q10_case1","390","10240","1019394730","2620429","512","4340","909","10","306.474341"
"1","2","10","q10_case1","391","10240","1022015643","2620913","512","4338","908","10","307.260413"
"1","2","10","q10_case1","392","10240","1024636069","2620426","512","4336","908","10","308.041632"
"1","2","10","q10_case1","393","10240","1027256988","2620919","512","4334","907","10","308.828762"
"1","2","10","q10_case1","394","10240","1029877409","2620421","512","4332","907","10","309.605743"
"1","2","10","q10_case1","395","10240","1032498304","2620895","512","4330","906","10","310.382843"
"1","2","10","q10_case1","396","10240","1035118725","2620421","512","4328","906","10","311.168716"
"1","2","10","q10_case1","397","10240","1037739616","2620891","512","4326","905","10","311.950740"
"1","2","10","q10_case1","398","10240","1040360034","2620418","512","4324","905","10","312.736930"
"1","2","10","q10_case1","399","10240","1042980919","2620885","512","4322","905","10","313.493691"
"1","2","10","q10_case1","400","10240","1045601336","2620417","512","4320","905","10","314.277396"
"1","2","10","q10_case1","401","10240","1048221755","2620419","512","4318","904","10","315.061596"
"1","2","10","q10_case1","402","10240","1050842159","2620404","512","4316","904","10","315.847136"
"1","2","10","q10_case1","403","10240","1053463064","2620905","512","4314","904","10","316.627894"
"1","2","10","q10_case1","404","10240","1056083488","2620424","512","4312","903","10","317.405995"
"1","2","10","q10_case1","405","10240","1058703910","2620422","512","4310","903","10","318.167181"
"1","2","10","q10_case1","406","10240","1061324797","2620887","512","4308","903","10","318.952074"
"1","2","10","q10_case1","407","10240","1063945220","2620423","512","4306","903","10","319.730207"
"1","2","10","q10_case1","408","10240","1066565703","2620483","512","4304","903","10","320.511670"
"1","2","10","q10_case1","409","10240","1069186180","2620477","512","4302","903","10","321.296262"
"1","2","10","q10_case1","410","10240","1071806839","2620659","512","4300","903","10","322.078112"
"1","2","10","q10_case1","411","10240","1074427413","2620574","512","4298","903","10","322.857939"
"1","2","10","q10_case1","412","10240","1077047892","2620479","512","4296","903","10","323.624474"
"1","2","10","q10_case1","413","10240","1079668239","2620347","512","4294","903","10","324.402737"
"1","2","10","q10_case1","414","10240","1082288520","2620281","512","4292","903","10","325.216855"
"1","2","10","q10_case1","415","10240","1084908802","2620282","512","4290","903","10","326.008032"
"1","2","10","q10_case1","416","10240","1087529075","2620273","512","4288","903","10","326.789282"
"1","2","10","q10_case1","417","10240","1090149348","2620273","512","4286","903","10","327.576969"
"1","2","10","q10_case1","418","10240","1092769637","2620289","512","4284","903","10","328.335439"
"1","2","10","q10_case1","419","10240","1095389935","2620298","512","4282","902","10","329.116338"
"1","2","10","q10_case1","420","10240","1098010212","2620277","512","4280","902","10","329.897612"
"1","2","10","q10_case1","421","10240","1100631114","2620902","512","4278","901","10","330.681969"
"1","2","10","q10_case1","422","10240","1103251545","2620431","512","4276","901","10","331.489112"
"1","2","10","q10_case1","423","10240","1105872434","2620889","512","4274","900","10","332.273511"
"1","2","10","q10_case1","424","10240","1108492868","2620434","512","4272","900","10","333.054954"
"1","2","10","q10_case1","425","10240","1111113754","2620886","512","4270","900","10","333.832548"
"1","2","10","q10_case1","426","10240","1113734193","2620439","512","4268","900","10","334.613301"
"1","2","10","q10_case1","427","10240","1116354637","2620444","512","4266","900","10","335.391141"
"1","2","10","q10_case1","428","10240","1118975063","2620426","512","4264","900","10","336.172991"
"1","2","10","q10_case1","429","10240","1121595581","2620518","512","4262","900","10","336.933680"
"1","2","10","q10_case1","430","10240","1124215895","2620314","512","4260","899","10","337.713783"
"1","2","10","q10_case1","431","10240","1126836192","2620297","512","4258","899","10","338.498475"
"1","2","10","q10_case1","432","10240","1129457092","2620900","512","4256","899","10","339.283010"
"1","2","10","q10_case1","433","10240","1132077521","2620429","512","4254","898","10","340.065571"
"1","2","10","q10_case1","434","10240","1134697951","2620430","512","4252","898","10","340.848736"
"1","2","10","q10_case1","435","10240","1137318831","2620880","512","4250","898","10","341.615864"
"1","2","10","q10_case1","436","10240","1139939251","2620420","512","4248","898","10","342.397200"
"1","2","10","q10_case1","437","10240","1142559669","2620418","512","4246","898","10","343.179774"
"1","2","10","q10_case1","438","10240","1145180171","2620502","512","4244","898","10","343.965230"
"1","2","10","q10_case1","439","10240","1147800635","2620464","512","4242","898","10","344.747162"
"1","2","10","q10_case1","440","10240","1150421041","2620406","512","4240","898","10","345.527606"
"1","2","10","q10_case1","441","10240","1153041703","2620662","512","4238","898","10","346.287763"
"1","2","10","q10_case1","442","10240","1155662255","2620552","512","4236","898","10","347.078775"
"1","2","10","q10_case1","443","10240","1158282705","2620450","512","4234","898","10","347.859333"
"1","2","10","q10_case1","444","10240","1160903100","2620395","512","4232","898","10","348.642616"
"1","2","10","q10_case1","445","10240","1163523418","2620318","512","4230","898","10","349.419453"
"1","2","10","q10_case1","446","10240","1166143690","2620272","512","4228","898","10","350.217322"
"1","2","10","q10_case1","447","10240","1168763931","2620241","512","4226","898","10","351.007075"
"1","2","10","q10_case1","448","10240","1171384153","2620222","512","4224","897","10","351.818556"
"1","2","10","q10_case1","449","10240","1174004378","2620225","512","4222","897","10","352.582014"
"1","2","10","q10_case1","450","10240","1176625271","2620893","512","4220","897","10","353.366407"
"1","2","10","q10_case1","451","10240","1179245711","2620440","512","4218","897","10","354.153289"
"1","2","10","q10_case1","452","10240","1181866131","2620420","512","4216","897","10","354.934811"
"1","2","10","q10_case1","453","10240","1184486530","2620399","512","4214","897","10","355.708723"
"1","2","10","q10_case1","454","10240","1187106954","2620424","512","4212","897","10","356.489779"
"1","2","10","q10_case1","455","10240","1189727413","2620459","512","4210","897","10","357.254030"
"1","2","10","q10_case1","456","10240","1192347817","2620404","512","4208","897","10","358.042330"
"1","2","10","q10_case1","457","10240","1194968188","2620371","512","4206","897","10","358.822839"
"1","2","10","q10_case1","458","10240","1197588371","2620183","512","4204","896","10","359.603769"
"1","2","10","q10_case1","459","10240","1200208499","2620128","512","4202","896","10","360.388182"
"1","2","10","q10_case1","460","10240","1202829373","2620874","512","4200","895","10","361.190484"
"1","2","10","q10_case1","461","10240","1205449802","2620429","512","4198","895","10","361.965565"
"1","2","10","q10_case1","462","10240","1208070697","2620895","512","4196","895","10","362.746295"
"1","2","10","q10_case1","463","10240","1210691124","2620427","512","4194","895","10","363.510771"
"1","2","10","q10_case1","464","10240","1213311904","2620780","512","4192","894","10","364.290920"
"1","2","10","q10_case1","465","10240","1215932782","2620878","512","4190","894","10","365.071370"
"1","2","10","q10_case1","466","10240","1218553596","2620814","512","4188","894","10","365.851238"
"1","2","10","q10_case1","467","10240","1221174315","2620719","512","4186","894","10","366.634678"
"1","2","10","q10_case1","468","10240","1223794938","2620623","512","4184","894","10","367.441459"
"1","2","10","q10_case1","469","10240","1226415519","2620581","512","4182","894","10","368.219584"
"1","2","10","q10_case1","470","10240","1229035916","2620397","512","4180","894","10","368.999379"
"1","2","10","q10_case1","471","10240","1231656340","2620424","512","4178","894","10","369.778646"
"1","2","10","q10_case1","472","10240","1234276598","2620258","512","4176","894","10","370.564921"
"1","2","10","q10_case1","473","10240","1236896777","2620179","512","4174","894","10","371.328300"
"1","2","10","q10_case1","474","10240","1239516893","2620116","512","4172","894","10","372.115207"
"1","2","10","q10_case1","475","10240","1242137035","2620142","512","4170","892","10","372.902154"
"1","2","10","q10_case1","476","10240","1244757130","2620095","512","4168","892","10","373.686649"
"1","2","10","q10_case1","477","10240","1247377995","2620865","512","4166","891","10","374.468863"
"1","2","10","q10_case1","478","10240","1249998207","2620212","512","4164","891","10","375.275675"
"1","2","10","q10_case1","479","10240","1252619096","2620889","512","4162","890","10","376.042024"
"1","2","10","q10_case1","480","10240","1255239318","2620222","512","4160","890","10","376.820829"
"1","2","10","q10_case1","481","10240","1257860231","2620913","512","4158","889","10","377.596942"
"1","2","10","q10_case1","482","10240","1260480446","2620215","512","4156","888","10","378.411224"
"1","2","10","q10_case1","483","10240","1263101358","2620912","512","4154","888","10","379.197285"
"1","2","10","q10_case1","484","10240","1265721993","2620635","512","4152","887","10","379.957480"
"1","2","10","q10_case1","485","10240","1268342216","2620223","512","4150","887","10","380.742987"
"1","2","10","q10_case1","486","10240","1270963096","2620880","512","4148","887","10","381.520748"
"1","2","10","q10_case1","487","10240","1273583514","2620418","512","4146","887","10","382.304779"
"1","2","10","q10_case1","488","10240","1276203762","2620248","512","4144","887","10","383.091710"
"1","2","10","q10_case1","489","10240","1278824091","2620329","512","4142","887","10","383.875711"
"1","2","10","q10_case1","490","10240","1281444418","2620327","512","4140","887","10","384.650210"
"1","2","10","q10_case1","491","10240","1284064743","2620325","512","4138","886","10","385.432580"
"1","2","10","q10_case1","492","10240","1286684992","2620249","512","4136","886","10","386.215858"
"1","2","10","q10_case1","493","10240","1289305881","2620889","512","4134","886","10","386.996969"
"1","2","10","q10_case1","494","10240","1291926300","2620419","512","4132","886","10","387.780719"
"1","2","10","q10_case1","495","10240","1294546715","2620415","512","4130","886","10","388.564120"
"1","2","10","q10_case1","496","10240","1297167408","2620693","512","4128","886","10","389.331091"
"1","2","10","q10_case1","497","10240","1299788037","2620629","512","4126","886","10","390.113725"
"1","2","10","q10_case1","498","10240","1302408598","2620561","512","4124","886","10","390.922950"
"1","2","10","q10_case1","499","10240","1305028995","2620397","512","4122","886","10","391.718101"
"1","2","10","q10_case1","500","10240","1307649394","2620399","512","4120","886","10","392.503065"
"1","2","10","q10_case1","501","10240","1310269621","2620227","512","4118","886","10","393.286507"
"1","2","10","q10_case1","502","10240","1312889737","2620116","512","4116","886","10","394.075813"
"1","2","10","q10_case1","503","10240","1315509853","2620116","512","4114","886","10","394.861626"
"1","2","10","q10_case1","504","10240","1318129979","2620126","512","4112","886","10","395.625762"
"1","2","10","q10_case1","505","10240","1320750082","2620103","512","4110","886","10","396.414722"
"1","2","10","q10_case1","506","10240","1323370168","2620086","512","4108","885","10","397.199835"
"1","2","10","q10_case1","507","10240","1325990217","2620049","512","4106","885","10","397.977041"
"1","2","10","q10_case1","508","10240","1328611109","2620892","512","4104","884","10","398.763716"
"1","2","10","q10_case1","509","10240","1331231552","2620443","512","4102","884","10","399.519393"
"1","2","10","q10_case1","510","10240","1333852448","2620896","512","4100","884","10","400.308176"
"1","2","10","q10_case1","511","10240","1336472889","2620441","512","4098","884","10","401.117568"
"1","2","10","q10_case1","512","10240","1339093333","2620444","512","4096","884","10","401.913633"
"1","2","10","q10_case1","513","10240","1341713744","2620411","512","4094","884","10","402.702017"
"1","2","10","q10_case1","514","10240","1344334131","2620387","512","4092","884","10","403.466003"
"1","2","10","q10_case1","515","10240","1346954487","2620356","512","4090","884","10","404.251510"
"1","2","10","q10_case1","516","10240","1349574740","2620253","512","4088","884","10","405.032211"
"1","2","10","q10_case1","517","10240","1352195042","2620302","512","4086","884","10","405.808374"
"1","2","10","q10_case1","518","10240","1354815350","2620308","512","4084","884","10","406.615367"
"1","2","10","q10_case1","519","10240","1357435620","2620270","512","4082","883","10","407.400858"
"1","2","10","q10_case1","520","10240","1360055856","2620236","512","4080","883","10","408.186511"
"1","2","10","q10_case1","521","10240","1362676738","2620882","512","4078","883","10","408.948852"
"1","2","10","q10_case1","522","10240","1365297170","2620432","512","4076","883","10","409.731664"
"1","2","10","q10_case1","523","10240","1367917597","2620427","512","4074","883","10","410.516679"
"1","2","10","q10_case1","524","10240","1370538196","2620599","512","4072","883","10","411.302111"
"1","2","10","q10_case1","525","10240","1373158680","2620484","512","4070","883","10","412.088276"
"1","2","10","q10_case1","526","10240","1375779098","2620418","512","4068","883","10","412.874712"
"1","2","10","q10_case1","527","10240","1378399622","2620524","512","4066","883","10","413.661657"
"1","2","10","q10_case1","528","10240","1381020105","2620483","512","4064","883","10","414.441808"
"1","2","10","q10_case1","529","10240","1383640519","2620414","512","4062","883","10","415.225912"
"1","2","10","q10_case1","530","10240","1386260882","2620363","512","4060","883","10","416.007155"
"1","2","10","q10_case1","531","10240","1388881235","2620353","512","4058","883","10","416.790683"
"1","2","10","q10_case1","532","10240","1391501624","2620389","512","4056","883","10","417.577979"
"1","2","10","q10_case1","533","10240","1394122011","2620387","512","4054","883","10","418.359404"
"1","2","10","q10_case1","534","10240","1396742365","2620354","512","4052","882","10","419.122504"
"1","2","10","q10_case1","535","10240","1399362666","2620301","512","4050","882","10","419.905524"
"1","2","10","q10_case1","536","10240","1401983574","2620908","512","4048","881","10","420.746376"
"1","2","10","q10_case1","537","10240","1404603993","2620419","512","4046","881","10","421.526873"
"1","2","10","q10_case1","538","10240","1407224882","2620889","512","4044","881","10","422.327272"
"1","2","10","q10_case1","539","10240","1409845301","2620419","512","4042","881","10","423.112970"
"1","2","10","q10_case1","540","10240","1412466082","2620781","512","4040","881","10","423.899724"
"1","2","10","q10_case1","541","10240","1415086795","2620713","512","4038","881","10","424.680161"
"1","2","10","q10_case1","542","10240","1417707266","2620471","512","4036","881","10","425.461121"
"1","2","10","q10_case1","543","10240","1420327855","2620589","512","4034","881","10","426.271829"
"1","2","10","q10_case1","544","10240","1422948383","2620528","512","4032","881","10","427.068206"
"1","2","10","q10_case1","545","10240","1425568840","2620457","512","4030","881","10","427.849092"
"1","2","10","q10_case1","546","10240","1428189133","2620293","512","4028","881","10","428.636834"
"1","2","10","q10_case1","547","10240","1430809264","2620131","512","4026","881","10","429.435493"
"1","2","10","q10_case1","548","10240","1433429319","2620055","512","4024","881","10","430.222160"
"1","2","10","q10_case1","549","10240","1436049347","2620028","512","4022","881","10","430.996758"
"1","2","10","q10_case1","550","10240","1438669364","2620017","512","4020","881","10","431.783093"
"1","2","10","q10_case1","551","10240","1441289408","2620044","512","4018","881","10","432.568732"
"1","2","10","q10_case1","552","10240","1443909477","2620069","512","4016","881","10","433.330706"
"1","2","10","q10_case1","553","10240","1446529542","2620065","512","4014","881","10","434.116136"
"1","2","10","q10_case1","554","10240","1449149657","2620115","512","4012","881","10","434.898287"
"1","2","10","q10_case1","555","10240","1451769826","2620169","512","4010","881","10","435.679899"
"1","2","10","q10_case1","556","10240","1454390013","2620187","512","4008","881","10","436.467984"
"1","2","10","q10_case1","557","10240","1457010185","2620172","512","4006","881","10","437.234558"
"1","2","10","q10_case1","558","10240","1459630334","2620149","512","4004","880","10","438.018557"
"1","2","10","q10_case1","559","10240","1462250450","2620116","512","4002","880","10","438.805437"
"1","2","10","q10_case1","560","10240","1464871339","2620889","512","4000","879","10","439.584625"
"1","2","10","q10_case1","561","10240","1467491758","2620419","512","3998","878","10","440.347510"
"1","2","10","q10_case1","562","10240","1470112647","2620889","512","3996","878","10","441.134550"
"1","2","10","q10_case1","563","10240","1472733064","2620417","512","3994","877","10","441.917516"
"1","2","10","q10_case1","564","10240","1475353474","2620410","512","3992","877","10","442.706554"
"1","2","10","q10_case1","565","10240","1477974353","2620879","512","3990","877","10","443.495711"
"1","2","10","q10_case1","566","10240","1480594770","2620417","512","3988","877","10","444.264534"
"1","2","10","q10_case1","567","10240","1483215181","2620411","512","3986","877","10","445.051457"
"1","2","10","q10_case1","568","10240","1485835589","2620408","512","3984","877","10","445.840455"
"1","2","10","q10_case1","569","10240","1488456061","2620472","512","3982","877","10","446.621227"
"1","2","10","q10_case1","570","10240","1491076603","2620542","512","3980","877","10","447.406710"
"1","2","10","q10_case1","571","10240","1493697133","2620530","512","3978","877","10","448.188317"
"1","2","10","q10_case1","572","10240","1496317582","2620449","512","3976","877","10","448.951535"
"1","2","10","q10_case1","573","10240","1498937965","2620383","512","3974","877","10","449.737109"
"1","2","10","q10_case1","574","10240","1501558272","2620307","512","3972","876","10","450.529316"
"1","2","10","q10_case1","575","10240","1504178524","2620252","512","3970","876","10","451.338541"
"1","2","10","q10_case1","576","10240","1506799417","2620893","512","3968","876","10","452.148434"
"1","2","10","q10_case1","577","10240","1509419853","2620436","512","3966","876","10","452.939860"
"1","2","10","q10_case1","578","10240","1512040122","2620269","512","3964","875","10","453.726330"
"1","2","10","q10_case1","579","10240","1514660399","2620277","512","3962","875","10","454.508913"
"1","2","10","q10_case1","580","10240","1517281294","2620895","512","3960","874","10","455.291000"
"1","2","10","q10_case1","581","10240","1519901719","2620425","512","3958","874","10","456.075658"
"1","2","10","q10_case1","582","10240","1522522620","2620901","512","3956","873","10","456.888776"
"1","2","10","q10_case1","583","10240","1525143045","2620425","512","3954","873","10","457.669183"
"1","2","10","q10_case1","584","10240","1527763938","2620893","512","3952","873","10","458.450858"
"1","2","10","q10_case1","585","10240","1530384360","2620422","512","3950","873","10","459.228497"
"1","2","10","q10_case1","586","10240","1533004789","2620429","512","3948","873","10","460.017301"
"1","2","10","q10_case1","587","10240","1535625223","2620434","512","3946","873","10","460.795166"
"1","2","10","q10_case1","588","10240","1538246050","2620827","512","3944","873","10","461.559785"
"1","2","10","q10_case1","589","10240","1540866796","2620746","512","3942","873","10","462.347179"
"1","2","10","q10_case1","590","10240","1543487510","2620714","512","3940","872","10","463.132567"
"1","2","10","q10_case1","591","10240","1546108174","2620664","512","3938","872","10","463.917447"
"1","2","10","q10_case1","592","10240","1548729067","2620893","512","3936","871","10","464.706336"
"1","2","10","q10_case1","593","10240","1551349484","2620417","512","3934","871","10","465.469715"
"1","2","10","q10_case1","594","10240","1553970364","2620880","512","3932","871","10","466.257484"
"1","2","10","q10_case1","595","10240","1556590781","2620417","512","3930","871","10","467.047449"
"1","2","10","q10_case1","596","10240","1559211195","2620414","512","3928","871","10","467.836432"
"1","2","10","q10_case1","597","10240","1561831608","2620413","512","3926","871","10","468.623143"
"1","2","10","q10_case1","598","10240","1564452344","2620736","512","3924","871","10","469.394512"
"1","2","10","q10_case1","599","10240","1567073049","2620705","512","3922","871","10","470.176333"
"1","2","10","q10_case1","600","10240","1569693672","2620623","512","3920","871","10","470.961056"
"1","2","10","q10_case1","601","10240","1572314257","2620585","512","3918","871","10","471.751154"
"1","2","10","q10_case1","602","10240","1574934826","2620569","512","3916","871","10","472.538354"
"1","2","10","q10_case1","603","10240","1577555308","2620482","512","3914","871","10","473.327347"
"1","2","10","q10_case1","604","10240","1580175779","2620471","512","3912","871","10","474.106176"
"1","2","10","q10_case1","605","10240","1582796138","2620359","512","3910","871","10","474.884106"
"1","2","10","q10_case1","606","10240","1585416380","2620242","512","3908","871","10","475.669322"
"1","2","10","q10_case1","607","10240","1588036504","2620124","512","3906","870","10","476.456776"
"1","2","10","q10_case1","608","10240","1590656508","2620004","512","3904","870","10","477.268209"
"1","2","10","q10_case1","609","10240","1593277383","2620875","512","3902","869","10","478.040277"
"1","2","10","q10_case1","610","10240","1595897534","2620151","512","3900","867","10","478.825541"
"1","2","10","q10_case1","611","10240","1598518425","2620891","512","3898","866","10","479.608329"
"1","2","10","q10_case1","612","10240","1601139183","2620758","512","3896","866","10","480.389847"
"1","2","10","q10_case1","613","10240","1603759589","2620406","512","3894","865","10","481.207866"
"1","2","10","q10_case1","614","10240","1606380013","2620424","512","3892","865","10","481.988039"
"1","2","10","q10_case1","615","10240","1609000898","2620885","512","3890","864","10","482.775299"
"1","2","10","q10_case1","616","10240","1611621337","2620439","512","3888","864","10","483.565699"
"1","2","10","q10_case1","617","10240","1614242217","2620880","512","3886","864","10","484.354260"
"1","2","10","q10_case1","618","10240","1616862646","2620429","512","3884","864","10","485.139549"
"1","2","10","q10_case1","619","10240","1619483084","2620438","512","3882","864","10","485.928652"
"1","2","10","q10_case1","620","10240","1622103828","2620744","512","3880","863","10","486.713134"
"1","2","10","q10_case1","621","10240","1624724355","2620527","512","3878","863","10","487.492769"
"1","2","10","q10_case1","622","10240","1627345263","2620908","512","3876","863","10","488.278352"
"1","2","10","q10_case1","623","10240","1629965712","2620449","512","3874","862","10","489.059789"
"1","2","10","q10_case1","624","10240","1632586155","2620443","512","3872","861","10","489.846556"
"1","2","10","q10_case1","625","10240","1635207042","2620887","512","3870","861","10","490.634552"
"1","2","10","q10_case1","626","10240","1637827608","2620566","512","3868","861","10","491.420348"
"1","2","10","q10_case1","627","10240","1640448026","2620418","512","3866","861","10","492.206784"
"1","2","10","q10_case1","628","10240","1643068443","2620417","512","3864","861","10","492.981319"
"1","2","10","q10_case1","629","10240","1645688858","2620415","512","3862","861","10","493.765014"
"1","2","10","q10_case1","630","10240","1648309403","2620545","512","3860","860","10","494.554221"
"1","2","10","q10_case1","631","10240","1650929846","2620443","512","3858","860","10","495.333902"
"1","2","10","q10_case1","632","10240","1653550739","2620893","512","3856","860","10","496.114760"
"1","2","10","q10_case1","633","10240","1656171165","2620426","512","3854","860","10","496.897462"
"1","2","10","q10_case1","634","10240","1658791593","2620428","512","3852","860","10","497.672300"
"1","2","10","q10_case1","635","10240","1661412385","2620792","512","3850","860","10","498.460079"
"1","2","10","q10_case1","636","10240","1664033166","2620781","512","3848","860","10","499.245711"
"1","2","10","q10_case1","637","10240","1666653891","2620725","512","3846","859","10","500.027857"
"1","2","10","q10_case1","638","10240","1669274551","2620660","512","3844","859","10","500.808948"
"1","2","10","q10_case1","639","10240","1671895466","2620915","512","3842","858","10","501.589673"
"1","2","10","q10_case1","640","10240","1674515897","2620431","512","3840","858","10","502.375579"
"1","2","10","q10_case1","641","10240","1677136791","2620894","512","3838","858","10","503.136762"
"1","2","10","q10_case1","642","10240","1679757220","2620429","512","3836","858","10","503.925626"
"1","2","10","q10_case1","643","10240","1682377824","2620604","512","3834","858","10","504.718505"
"1","2","10","q10_case1","644","10240","1684998529","2620705","512","3832","858","10","505.507324"
"1","2","10","q10_case1","645","10240","1687619172","2620643","512","3830","858","10","506.291813"
"1","2","10","q10_case1","646","10240","1690239806","2620634","512","3828","857","10","507.067985"
"1","2","10","q10_case1","647","10240","1692860340","2620534","512","3826","857","10","507.854476"
"1","2","10","q10_case1","648","10240","1695481249","2620909","512","3824","857","10","508.642017"
"1","2","10","q10_case1","649","10240","1698101675","2620426","512","3822","857","10","509.423837"
"1","2","10","q10_case1","650","10240","1700722091","2620416","512","3820","857","10","510.208137"
"1","2","10","q10_case1","651","10240","1703342790","2620699","512","3818","856","10","511.001139"
"1","2","10","q10_case1","652","10240","1705963382","2620592","512","3816","856","10","511.796519"
"1","2","10","q10_case1","653","10240","1708584291","2620909","512","3814","855","10","512.577115"
"1","2","10","q10_case1","654","10240","1711204728","2620437","512","3812","855","10","513.364564"
"1","2","10","q10_case1","655","10240","1713825622","2620894","512","3810","854","10","514.143119"
"1","2","10","q10_case1","656","10240","1716446055","2620433","512","3808","854","10","514.931828"
"1","2","10","q10_case1","657","10240","1719066951","2620896","512","3806","853","10","515.719649"
"1","2","10","q10_case1","658","10240","1721687386","2620435","512","3804","852","10","516.505509"
"1","2","10","q10_case1","659","10240","1724308302","2620916","512","3802","850","10","517.288694"
"1","2","10","q10_case1","660","10240","1726928801","2620499","512","3800","850","10","518.079181"
"1","2","10","q10_case1","661","10240","1729549197","2620396","512","3798","849","10","518.860006"
"1","2","10","q10_case1","662","10240","1732169616","2620419","512","3796","849","10","519.627182"
"1","2","10","q10_case1","663","10240","1734790503","2620887","512","3794","848","10","520.413054"
"1","2","10","q10_case1","664","10240","1737410932","2620429","512","3792","848","10","521.192822"
"1","2","10","q10_case1","665","10240","1740031831","2620899","512","3790","847","10","521.978833"
"1","2","10","q10_case1","666","10240","1742652264","2620433","512","3788","847","10","522.767796"
"1","2","10","q10_case1","667","10240","1745273154","2620890","512","3786","846","10","523.530728"
"1","2","10","q10_case1","668","10240","1747893582","2620428","512","3784","846","10","524.320833"
"1","2","10","q10_case1","669","10240","1750514471","2620889","512","3782","845","10","525.115102"
"1","2","10","q10_case1","670","10240","1753134901","2620430","512","3780","845","10","525.909810"
"1","2","10","q10_case1","671","10240","1755755804","2620903","512","3778","845","10","526.692041"
"1","2","10","q10_case1","672","10240","1758376244","2620440","512","3776","845","10","527.480372"
"1","2","10","q10_case1","673","10240","1760997019","2620775","512","3774","845","10","528.266373"
"1","2","10","q10_case1","674","10240","1763617468","2620449","512","3772","845","10","529.068548"
"1","2","10","q10_case1","675","10240","1766237998","2620530","512","3770","845","10","529.858841"
"1","2","10","q10_case1","676","10240","1768858504","2620506","512","3768","845","10","530.649321"
"1","2","10","q10_case1","677","10240","1771478927","2620423","512","3766","845","10","531.417583"
"1","2","10","q10_case1","678","10240","1774099317","2620390","512","3764","845","10","532.203994"
"1","2","10","q10_case1","679","10240","1776719594","2620277","512","3762","845","10","532.989850"
"1","2","10","q10_case1","680","10240","1779339745","2620151","512","3760","845","10","533.776734"
"1","2","10","q10_case1","681","10240","1781959840","2620095","512","3758","845","10","534.561028"
"1","2","10","q10_case1","682","10240","1784579935","2620095","512","3756","845","10","535.352508"
"1","2","10","q10_case1","683","10240","1787200016","2620081","512","3754","845","10","536.118133"
"1","2","10","q10_case1","684","10240","1789820132","2620116","512","3752","845","10","536.908917"
"1","2","10","q10_case1","685","10240","1792440267","2620135","512","3750","845","10","537.692328"
"1","2","10","q10_case1","686","10240","1795060428","2620161","512","3748","845","10","538.482162"
"1","2","10","q10_case1","687","10240","1797680626","2620198","512","3746","844","10","539.262588"
"1","2","10","q10_case1","688","10240","1800300848","2620222","512","3744","844","10","540.049836"
"1","2","10","q10_case1","689","10240","1802921722","2620874","512","3742","843","10","540.852054"
"1","2","10","q10_case1","690","10240","1805542153","2620431","512","3740","843","10","541.651320"
"1","2","10","q10_case1","691","10240","1808163041","2620888","512","3738","843","10","542.410651"
"1","2","10","q10_case1","692","10240","1810783474","2620433","512","3736","843","10","543.201177"
"1","2","10","q10_case1","693","10240","1813403906","2620432","512","3734","842","10","543.990290"
"1","2","10","q10_case1","694","10240","1816024351","2620445","512","3732","842","10","544.782333"
"1","2","10","q10_case1","695","10240","1818645250","2620899","512","3730","842","10","545.555758"
"1","2","10","q10_case1","696","10240","1821265694","2620444","512","3728","842","10","546.336498"
"1","2","10","q10_case1","697","10240","1823886134","2620440","512","3726","842","10","547.163642"
"1","2","10","q10_case1","698","10240","1826506820","2620686","512","3724","842","10","547.947998"
"1","2","10","q10_case1","699","10240","1829127256","2620436","512","3722","841","10","548.725796"
"1","2","10","q10_case1","700","10240","1831747762","2620506","512","3720","841","10","549.503172"
"1","2","10","q10_case1","701","10240","1834368653","2620891","512","3718","841","10","550.265223"
"1","2","10","q10_case1","702","10240","1836989072","2620419","512","3716","841","10","551.048236"
"1","2","10","q10_case1","703","10240","1839609502","2620430","512","3714","841","10","551.834353"
"1","2","10","q10_case1","704","10240","1842230206","2620704","512","3712","841","10","552.616608"
"1","2","10","q10_case1","705","10240","1844850843","2620637","512","3710","841","10","553.399799"
"1","2","10","q10_case1","706","10240","1847471444","2620601","512","3708","840","10","554.207299"
"1","2","10","q10_case1","707","10240","1850091976","2620532","512","3706","840","10","554.994421"
"1","2","10","q10_case1","708","10240","1852712879","2620903","512","3704","840","10","555.809691"
"1","2","10","q10_case1","709","10240","1855333334","2620455","512","3702","840","10","556.565136"
"1","2","10","q10_case1","710","10240","1857953771","2620437","512","3700","840","10","557.350749"
"1","2","10","q10_case1","711","10240","1860574266","2620495","512","3698","840","10","558.134772"
"1","2","10","q10_case1","712","10240","1863194638","2620372","512","3696","840","10","558.920136"
"1","2","10","q10_case1","713","10240","1865814978","2620340","512","3694","840","10","559.703185"
"1","2","10","q10_case1","714","10240","1868435258","2620280","512","3692","839","10","560.487568"
"1","2","10","q10_case1","715","10240","1871055370","2620112","512","3690","839","10","561.248071"
"1","2","10","q10_case1","716","10240","1873676250","2620880","512","3688","838","10","562.029404"
"1","2","10","q10_case1","717","10240","1876296680","2620430","512","3686","838","10","562.809161"
"1","2","10","q10_case1","718","10240","1878917569","2620889","512","3684","838","10","563.588748"
"1","2","10","q10_case1","719","10240","1881537999","2620430","512","3682","838","10","564.370469"
"1","2","10","q10_case1","720","10240","1884158430","2620431","512","3680","838","10","565.160026"
"1","2","10","q10_case1","721","10240","1886779213","2620783","512","3678","838","10","565.927247"
"1","2","10","q10_case1","722","10240","1889399913","2620700","512","3676","838","10","566.715266"
"1","2","10","q10_case1","723","10240","1892020358","2620445","512","3674","838","10","567.496869"
"1","2","10","q10_case1","724","10240","1894640910","2620552","512","3672","838","10","568.278352"
"1","2","10","q10_case1","725","10240","1897261543","2620633","512","3670","838","10","569.061088"
"1","2","10","q10_case1","726","10240","1899882116","2620573","512","3668","838","10","569.846223"
"1","2","10","q10_case1","727","10240","1902502652","2620536","512","3666","838","10","570.613734"
"1","2","10","q10_case1","728","10240","1905123183","2620531","512","3664","838","10","571.414562"
"1","2","10","q10_case1","729","10240","1907743615","2620432","512","3662","838","10","572.204863"
"1","2","10","q10_case1","730","10240","1910363968","2620353","512","3660","838","10","572.991535"
"1","2","10","q10_case1","731","10240","1912984232","2620264","512","3658","838","10","573.771933"
"1","2","10","q10_case1","732","10240","1915604404","2620172","512","3656","838","10","574.533516"
"1","2","10","q10_case1","733","10240","1918224524","2620120","512","3654","838","10","575.326426"
"1","2","10","q10_case1","734","10240","1920844689","2620165","512","3652","838","10","576.106360"
"1","2","10","q10_case1","735","10240","1923464866","2620177","512","3650","838","10","576.890998"
"1","2","10","q10_case1","736","10240","1926085027","2620161","512","3648","838","10","577.676119"
"1","2","10","q10_case1","737","10240","1928705185","2620158","512","3646","838","10","578.459758"
"1","2","10","q10_case1","738","10240","1931325342","2620157","512","3644","837","10","579.265415"
"1","2","10","q10_case1","739","10240","1933945513","2620171","512","3642","837","10","580.062336"
"1","2","10","q10_case1","740","10240","1936566388","2620875","512","3640","835","10","580.848691"
"1","2","10","q10_case1","741","10240","1939186825","2620437","512","3638","835","10","581.611983"
"1","2","10","q10_case1","742","10240","1941807735","2620910","512","3636","834","10","582.395911"
"1","2","10","q10_case1","743","10240","1944428169","2620434","512","3634","834","10","583.180582"
"1","2","10","q10_case1","744","10240","1947048628","2620459","512","3632","833","10","583.966015"
"1","2","10","q10_case1","745","10240","1949669052","2620424","512","3630","833","10","584.743221"
"1","2","10","q10_case1","746","10240","1952289910","2620858","512","3628","832","10","585.502275"
"1","2","10","q10_case1","747","10240","1954910345","2620435","512","3626","832","10","586.292618"
"1","2","10","q10_case1","748","10240","1957531225","2620880","512","3624","832","10","587.079608"
"1","2","10","q10_case1","749","10240","1960151658","2620433","512","3622","831","10","587.865189"
"1","2","10","q10_case1","750","10240","1962772088","2620430","512","3620","831","10","588.652318"
"1","2","10","q10_case1","751","10240","1965392972","2620884","512","3618","830","10","589.412852"
"1","2","10","q10_case1","752","10240","1968013405","2620433","512","3616","829","10","590.201046"
"1","2","10","q10_case1","753","10240","1970634289","2620884","512","3614","829","10","590.987758"
"1","2","10","q10_case1","754","10240","1973254701","2620412","512","3612","829","10","591.773984"
"1","2","10","q10_case1","755","10240","1975875123","2620422","512","3610","829","10","592.558147"
"1","2","10","q10_case1","756","10240","1978495556","2620433","512","3608","828","10","593.319505"
"1","2","10","q10_case1","757","10240","1981116215","2620659","512","3606","828","10","594.105719"
"1","2","10","q10_case1","758","10240","1983737128","2620913","512","3604","827","10","594.894575"
"1","2","10","q10_case1","759","10240","1986357562","2620434","512","3602","827","10","595.677102"
"1","2","10","q10_case1","760","10240","1988978444","2620882","512","3600","826","10","596.465218"
"1","2","10","q10_case1","761","10240","1991598878","2620434","512","3598","826","10","597.230643"
"1","2","10","q10_case1","762","10240","1994219761","2620883","512","3596","825","10","598.020553"
"1","2","10","q10_case1","763","10240","1996840195","2620434","512","3594","825","10","598.800021"
"1","2","10","q10_case1","764","10240","1999461087","2620892","512","3592","824","10","599.586313"
"1","2","10","q10_case1","765","10240","2002081522","2620435","512","3590","824","10","600.373960"
"1","2","10","q10_case1","766","10240","2004702408","2620886","512","3588","823","10","601.166705"
"1","2","10","q10_case1","767","10240","2007322842","2620434","512","3586","823","10","601.950294"
"1","2","10","q10_case1","768","10240","2009943724","2620882","512","3584","822","10","602.738133"
"1","2","10","q10_case1","769","10240","2012564155","2620431","512","3582","822","10","603.524214"
"1","2","10","q10_case1","770","10240","2015185042","2620887","512","3580","821","10","604.311800"
"1","2","10","q10_case1","771","10240","2017805481","2620439","512","3578","821","10","605.126757"
"1","2","10","q10_case1","772","10240","2020426369","2620888","512","3576","820","10","605.918972"
"1","2","10","q10_case1","773","10240","2023046802","2620433","512","3574","820","10","606.707430"
"1","2","10","q10_case1","774","10240","2025667684","2620882","512","3572","820","10","607.492637"
"1","2","10","q10_case1","775","10240","2028288117","2620433","512","3570","820","10","608.277584"
"1","2","10","q10_case1","776","10240","2030908544","2620427","512","3568","820","10","609.064649"
"1","2","10","q10_case1","777","10240","2033528995","2620451","512","3566","820","10","609.850212"
"1","2","10","q10_case1","778","10240","2036149558","2620563","512","3564","819","10","610.637424"
"1","2","10","q10_case1","779","10240","2038770044","2620486","512","3562","819","10","611.421386"
"1","2","10","q10_case1","780","10240","2041390941","2620897","512","3560","819","10","612.212033"
"1","2","10","q10_case1","781","10240","2044011374","2620433","512","3558","819","10","612.999809"
"1","2","10","q10_case1","782","10240","2046632182","2620808","512","3556","819","10","613.782574"
"1","2","10","q10_case1","783","10240","2049252960","2620778","512","3554","818","10","614.542066"
"1","2","10","q10_case1","784","10240","2051873755","2620795","512","3552","818","10","615.326168"
"1","2","10","q10_case1","785","10240","2054494630","2620875","512","3550","818","10","616.114458"
"1","2","10","q10_case1","786","10240","2057115338","2620708","512","3548","818","10","616.895255"
"1","2","10","q10_case1","787","10240","2059735973","2620635","512","3546","817","10","617.682240"
"1","2","10","q10_case1","788","10240","2062356658","2620685","512","3544","817","10","618.472055"
"1","2","10","q10_case1","789","10240","2064977576","2620918","512","3542","817","10","619.233786"
"1","2","10","q10_case1","790","10240","2067598025","2620449","512","3540","817","10","620.021265"
"1","2","10","q10_case1","791","10240","2070218366","2620341","512","3538","817","10","620.806280"
"1","2","10","q10_case1","792","10240","2072838964","2620598","512","3536","817","10","621.593616"
"1","2","10","q10_case1","793","10240","2075459547","2620583","512","3534","816","10","622.355716"
"1","2","10","q10_case1","794","10240","2078080224","2620677","512","3532","816","10","623.140274"
"1","2","10","q10_case1","795","10240","2080700922","2620698","512","3530","816","10","623.929460"
"1","2","10","q10_case1","796","10240","2083321229","2620307","512","3528","816","10","624.715921"
"1","2","10","q10_case1","797","10240","2085941725","2620496","512","3526","816","10","625.504669"
"1","2","10","q10_case1","798","10240","2088562285","2620560","512","3524","816","10","626.288590"
"1","2","10","q10_case1","799","10240","2091182817","2620532","512","3522","816","10","627.074318"
"1","2","10","q10_case1","800","10240","2093803234","2620417","512","3520","815","10","627.855478"
"1","2","10","q10_case1","801","10240","2096423582","2620348","512","3518","815","10","628.617572"
"1","2","10","q10_case1","802","10240","2099044459","2620877","512","3516","814","10","629.404875"
"1","2","10","q10_case1","803","10240","2101664476","2620017","512","3514","814","10","630.212598"
"1","2","10","q10_case1","804","10240","2104285341","2620865","512","3512","814","10","631.032551"
"1","2","10","q10_case1","805","10240","2106905356","2620015","512","3510","814","10","631.819694"
"1","2","10","q10_case1","806","10240","2109525428","2620072","512","3508","814","10","632.590710"
"1","2","10","q10_case1","807","10240","2112145611","2620183","512","3506","814","10","633.379822"
"1","2","10","q10_case1","808","10240","2114765878","2620267","512","3504","814","10","634.172566"
"1","2","10","q10_case1","809","10240","2117386168","2620290","512","3502","814","10","634.959551"
"1","2","10","q10_case1","810","10240","2120006509","2620341","512","3500","814","10","635.767041"
"1","2","10","q10_case1","811","10240","2122626897","2620388","512","3498","814","10","636.552526"
"1","2","10","q10_case1","812","10240","2125247302","2620405","512","3496","813","10","637.322795"
"1","2","10","q10_case1","813","10240","2127867662","2620360","512","3494","813","10","638.105837"
"1","2","10","q10_case1","814","10240","2130488547","2620885","512","3492","813","10","638.893131"
"1","2","10","q10_case1","815","10240","2133108963","2620416","512","3490","813","10","639.683914"
"1","2","10","q10_case1","816","10240","2135729389","2620426","512","3488","813","10","640.465927"
"1","2","10","q10_case1","817","10240","2138349971","2620582","512","3486","813","10","641.253701"
"1","2","10","q10_case1","818","10240","2140970588","2620617","512","3484","812","10","642.039895"
"1","2","10","q10_case1","819","10240","2143591030","2620442","512","3482","812","10","642.821085"
"1","2","10","q10_case1","820","10240","2146211829","2620799","512","3480","812","10","643.582480"
"1","2","10","q10_case1","821","10240","2148832207","2620378","512","3478","812","10","644.397549"
"1","2","10","q10_case1","822","10240","2151452617","2620410","512","3476","812","10","645.190793"
"1","2","10","q10_case1","823","10240","2154073110","2620493","512","3474","812","10","645.973823"
"1","2","10","q10_case1","824","10240","2156693600","2620490","512","3472","812","10","646.763936"
"1","2","10","q10_case1","825","10240","2159314099","2620499","512","3470","812","10","647.533736"
"1","2","10","q10_case1","826","10240","2161934603","2620504","512","3468","812","10","648.318163"
"1","2","10","q10_case1","827","10240","2164554954","2620351","512","3466","812","10","649.103638"
"1","2","10","q10_case1","828","10240","2167175364","2620410","512","3464","812","10","649.888187"
"1","2","10","q10_case1","829","10240","2169795807","2620443","512","3462","812","10","650.675107"
"1","2","10","q10_case1","830","10240","2172416215","2620408","512","3460","812","10","651.443049"
"1","2","10","q10_case1","831","10240","2175036680","2620465","512","3458","812","10","652.226299"
"1","2","10","q10_case1","832","10240","2177657192","2620512","512","3456","812","10","653.015097"
"1","2","10","q10_case1","833","10240","2180277676","2620484","512","3454","812","10","653.803756"
"1","2","10","q10_case1","834","10240","2182898135","2620459","512","3452","812","10","654.588254"
"1","2","10","q10_case1","835","10240","2185518567","2620432","512","3450","812","10","655.363173"
"1","2","10","q10_case1","836","10240","2188138990","2620423","512","3448","812","10","656.177106"
"1","2","10","q10_case1","837","10240","2190759388","2620398","512","3446","812","10","656.965834"
"1","2","10","q10_case1","838","10240","2193379753","2620365","512","3444","812","10","657.756418"
"1","2","10","q10_case1","839","10240","2196000062","2620309","512","3442","812","10","658.542514"
"1","2","10","q10_case1","840","10240","2198620339","2620277","512","3440","812","10","659.307052"
"1","2","10","q10_case1","841","10240","2201240587","2620248","512","3438","812","10","660.093126"
"1","2","10","q10_case1","842","10240","2203860798","2620211","512","3436","811","10","660.901803"
"1","2","10","q10_case1","843","10240","2206480971","2620173","512","3434","811","10","661.693404"
"1","2","10","q10_case1","844","10240","2209101830","2620859","512","3432","810","10","662.478700"
"1","2","10","q10_case1","845","10240","2211722065","2620235","512","3430","810","10","663.240196"
"1","2","10","q10_case1","846","10240","2214342962","2620897","512","3428","810","10","664.059076"
"1","2","10","q10_case1","847","10240","2216963220","2620258","512","3426","810","10","664.839949"
"1","2","10","q10_case1","848","10240","2219583321","2620101","512","3424","810","10","665.626051"
"1","2","10","q10_case1","849","10240","2222203392","2620071","512","3422","810","10","666.420310"
"1","2","10","q10_case1","850","10240","2224823504","2620112","512","3420","810","10","667.189954"
"1","2","10","q10_case1","851","10240","2227443662","2620158","512","3418","810","10","667.973988"
"1","2","10","q10_case1","852","10240","2230063777","2620115","512","3416","809","10","668.768667"
"1","2","10","q10_case1","853","10240","2232683857","2620080","512","3414","809","10","669.553335"
"1","2","10","q10_case1","854","10240","2235304734","2620877","512","3412","808","10","670.337992"
"1","2","10","q10_case1","855","10240","2237925181","2620447","512","3410","808","10","671.122629"
"1","2","10","q10_case1","856","10240","2240546081","2620900","512","3408","808","10","671.908750"
"1","2","10","q10_case1","857","10240","2243166523","2620442","512","3406","808","10","672.695754"
"1","2","10","q10_case1","858","10240","2245786978","2620455","512","3404","807","10","673.486361"
"1","2","10","q10_case1","859","10240","2248407429","2620451","512","3402","807","10","674.249954"
"1","2","10","q10_case1","860","10240","2251028333","2620904","512","3400","807","10","675.035771"
"1","2","10","q10_case1","861","10240","2253648556","2620223","512","3398","807","10","675.825786"
"1","2","10","q10_case1","862","10240","2256268750","2620194","512","3396","807","10","676.613791"
"1","2","10","q10_case1","863","10240","2258889015","2620265","512","3394","806","10","677.400512"
"1","2","10","q10_case1","864","10240","2261509270","2620255","512","3392","806","10","678.164962"
"1","2","10","q10_case1","865","10240","2264130145","2620875","512","3390","805","10","678.948184"
"1","2","10","q10_case1","866","10240","2266750580","2620435","512","3388","804","10","679.737856"
"1","2","10","q10_case1","867","10240","2269371473","2620893","512","3386","804","10","680.522800"
"1","2","10","q10_case1","868","10240","2271992161","2620688","512","3384","803","10","681.308668"
"1","2","10","q10_case1","869","10240","2274612587","2620426","512","3382","803","10","682.115239"
"1","2","10","q10_case1","870","10240","2277233470","2620883","512","3380","803","10","682.914830"
"1","2","10","q10_case1","871","10240","2279853910","2620440","512","3378","803","10","683.686807"
"1","2","10","q10_case1","872","10240","2282474376","2620466","512","3376","803","10","684.478806"
"1","2","10","q10_case1","873","10240","2285094719","2620343","512","3374","803","10","685.265323"
"1","2","10","q10_case1","874","10240","2287715061","2620342","512","3372","803","10","686.055175"
"1","2","10","q10_case1","875","10240","2290335387","2620326","512","3370","803","10","686.842821"
"1","2","10","q10_case1","876","10240","2292955697","2620310","512","3368","803","10","687.620084"
"1","2","10","q10_case1","877","10240","2295575981","2620284","512","3366","803","10","688.411508"
"1","2","10","q10_case1","878","10240","2298196143","2620162","512","3364","803","10","689.202242"
"1","2","10","q10_case1","879","10240","2300816234","2620091","512","3362","803","10","689.992300"
"1","2","10","q10_case1","880","10240","2303436323","2620089","512","3360","803","10","690.793292"
"1","2","10","q10_case1","881","10240","2306056416","2620093","512","3358","803","10","691.576403"
"1","2","10","q10_case1","882","10240","2308676544","2620128","512","3356","803","10","692.344149"
"1","2","10","q10_case1","883","10240","2311296705","2620161","512","3354","803","10","693.133653"
"1","2","10","q10_case1","884","10240","2313916864","2620159","512","3352","803","10","693.918839"
"1","2","10","q10_case1","885","10240","2316536989","2620125","512","3350","803","10","694.701079"
"1","2","10","q10_case1","886","10240","2319157129","2620140","512","3348","803","10","695.493418"
"1","2","10","q10_case1","887","10240","2321777340","2620211","512","3346","803","10","696.264827"
"1","2","10","q10_case1","888","10240","2324397566","2620226","512","3344","802","10","697.053524"
"1","2","10","q10_case1","889","10240","2327017789","2620223","512","3342","802","10","697.836809"
"1","2","10","q10_case1","890","10240","2329638612","2620823","512","3340","801","10","698.656849"
"1","2","10","q10_case1","891","10240","2332259048","2620436","512","3338","801","10","699.428822"
"1","2","10","q10_case1","892","10240","2334879910","2620862","512","3336","801","10","700.210991"
"1","2","10","q10_case1","893","10240","2337500343","2620433","512","3334","801","10","700.994380"
"1","2","10","q10_case1","894","10240","2340120761","2620418","512","3332","800","10","701.782471"
"1","2","10","q10_case1","895","10240","2342741208","2620447","512","3330","800","10","702.569211"
"1","2","10","q10_case1","896","10240","2345362063","2620855","512","3328","799","10","703.356928"
"1","2","10","q10_case1","897","10240","2347982490","2620427","512","3326","799","10","704.141390"
"1","2","10","q10_case1","898","10240","2350603319","2620829","512","3324","799","10","704.921295"
"1","2","10","q10_case1","899","10240","2353223748","2620429","512","3322","799","10","705.710767"
"1","2","10","q10_case1","900","10240","2355844143","2620395","512","3320","799","10","706.497107"
"1","2","10","q10_case1","901","10240","2358464588","2620445","512","3318","799","10","707.285326"
"1","2","10","q10_case1","902","10240","2361085183","2620595","512","3316","799","10","708.098283"
"1","2","10","q10_case1","903","10240","2363705613","2620430","512","3314","799","10","708.902172"
"1","2","10","q10_case1","904","10240","2366326050","2620437","512","3312","799","10","709.689133"
"1","2","10","q10_case1","905","10240","2368946444","2620394","512","3310","799","10","710.475708"
"1","2","10","q10_case1","906","10240","2371566753","2620309","512","3308","799","10","711.243113"
"1","2","10","q10_case1","907","10240","2374186896","2620143","512","3306","799","10","712.034004"
"1","2","10","q10_case1","908","10240","2376806885","2619989","512","3304","799","10","712.827285"
"1","2","10","q10_case1","909","10240","2379426763","2619878","512","3302","798","10","713.617287"
"1","2","10","q10_case1","910","10240","2382046556","2619793","512","3300","798","10","714.404024"
"1","2","10","q10_case1","911","10240","2384667339","2620783","512","3298","798","10","715.179496"
"1","2","10","q10_case1","912","10240","2387287757","2620418","512","3296","798","10","715.978049"
"1","2","10","q10_case1","913","10240","2389908138","2620381","512","3294","798","10","716.767974"
"1","2","10","q10_case1","914","10240","2392528548","2620410","512","3292","798","10","717.554796"
"1","2","10","q10_case1","915","10240","2395149225","2620677","512","3290","798","10","718.324392"
"1","2","10","q10_case1","916","10240","2397769765","2620540","512","3288","797","10","719.116187"
"1","2","10","q10_case1","917","10240","2400390258","2620493","512","3286","797","10","719.901124"
"1","2","10","q10_case1","918","10240","2403011083","2620825","512","3284","797","10","720.702631"
"1","2","10","q10_case1","919","10240","2405631302","2620219","512","3282","797","10","721.510408"
"1","2","10","q10_case1","920","10240","2408251717","2620415","512","3280","797","10","722.293546"
"1","2","10","q10_case1","921","10240","2410872112","2620395","512","3278","796","10","723.085026"
"1","2","10","q10_case1","922","10240","2413492473","2620361","512","3276","795","10","723.879001"
"1","2","10","q10_case1","923","10240","2416113363","2620890","512","3274","795","10","724.669817"
"1","2","10","q10_case1","924","10240","2418733729","2620366","512","3272","794","10","725.433392"
"1","2","10","q10_case1","925","10240","2421354070","2620341","512","3270","794","10","726.224622"
"1","2","10","q10_case1","926","10240","2423974818","2620748","512","3268","794","10","727.015994"
"1","2","10","q10_case1","927","10240","2426595214","2620396","512","3266","794","10","727.806673"
"1","2","10","q10_case1","928","10240","2429215590","2620376","512","3264","794","10","728.598030"
"1","2","10","q10_case1","929","10240","2431836018","2620428","512","3262","794","10","729.364067"
"1","2","10","q10_case1","930","10240","2434456315","2620297","512","3260","794","10","730.154445"
"1","2","10","q10_case1","931","10240","2437076796","2620481","512","3258","794","10","730.952866"
"1","2","10","q10_case1","932","10240","2439697218","2620422","512","3256","794","10","731.740735"
"1","2","10","q10_case1","933","10240","2442317493","2620275","512","3254","794","10","732.533683"
"1","2","10","q10_case1","934","10240","2444937629","2620136","512","3252","794","10","733.312686"
"1","2","10","q10_case1","935","10240","2447557553","2619924","512","3250","794","10","734.132055"
"1","2","10","q10_case1","936","10240","2450177405","2619852","512","3248","794","10","734.937136"
"1","2","10","q10_case1","937","10240","2452797223","2619818","512","3246","794","10","735.724511"
"1","2","10","q10_case1","938","10240","2455417067","2619844","512","3244","794","10","736.512421"
"1","2","10","q10_case1","939","10240","2458036999","2619932","512","3242","794","10","737.285326"
"1","2","10","q10_case1","940","10240","2460656973","2619974","512","3240","794","10","738.083138"
"1","2","10","q10_case1","941","10240","2463276990","2620017","512","3238","794","10","738.871009"
"1","2","10","q10_case1","942","10240","2465897050","2620060","512","3236","794","10","739.664958"
"1","2","10","q10_case1","943","10240","2468517094","2620044","512","3234","794","10","740.435309"
"1","2","10","q10_case1","944","10240","2471137131","2620037","512","3232","794","10","741.228277"
"1","2","10","q10_case1","945","10240","2473757112","2619981","512","3230","794","10","742.014606"
"1","2","10","q10_case1","946","10240","2476377098","2619986","512","3228","794","10","742.802363"
"1","2","10","q10_case1","947","10240","2478997078","2619980","512","3226","794","10","743.593158"
"1","2","10","q10_case1","948","10240","2481617078","2620000","512","3224","794","10","744.354995"
"1","2","10","q10_case1","949","10240","2484237093","2620015","512","3222","794","10","745.150104"
"1","2","10","q10_case1","950","10240","2486857113","2620020","512","3220","794","10","745.942421"
"1","2","10","q10_case1","951","10240","2489477126","2620013","512","3218","794","10","746.733627"
"1","2","10","q10_case1","952","10240","2492097165","2620039","512","3216","794","10","747.526659"
"1","2","10","q10_case1","953","10240","2494717222","2620057","512","3214","794","10","748.293046"
"1","2","10","q10_case1","954","10240","2497337312","2620090","512","3212","794","10","749.089765"
"1","2","10","q10_case1","955","10240","2499957335","2620023","512","3210","794","10","749.875890"
"1","2","10","q10_case1","956","10240","2502577234","2619899","512","3208","794","10","750.678697"
"1","2","10","q10_case1","957","10240","2505197104","2619870","512","3206","794","10","751.489709"
"1","2","10","q10_case1","958","10240","2507816986","2619882","512","3204","794","10","752.274033"
"1","2","10","q10_case1","959","10240","2510436929","2619943","512","3202","794","10","753.085370"
"1","2","10","q10_case1","960","10240","2513056900","2619971","512","3200","793","10","753.919324"
"1","2","10","q10_case1","961","10240","2515676876","2619976","512","3198","793","10","754.739544"
"1","2","10","q10_case1","962","10240","2518297751","2620875","512","3196","792","10","755.554628"
"1","2","10","q10_case1","963","10240","2520918171","2620420","512","3194","792","10","756.384041"
"1","2","10","q10_case1","964","10240","2523539056","2620885","512","3192","791","10","757.182735"
"1","2","10","q10_case1","965","10240","2526159515","2620459","512","3190","791","10","757.969129"
"1","2","10","q10_case1","966","10240","2528780313","2620798","512","3188","790","10","758.753908"
"1","2","10","q10_case1","967","10240","2531400745","2620432","512","3186","790","10","759.542426"
"1","2","10","q10_case1","968","10240","2534021628","2620883","512","3184","790","10","760.351468"
"1","2","10","q10_case1","969","10240","2536642075","2620447","512","3182","790","10","761.144210"
"1","2","10","q10_case1","970","10240","2539262507","2620432","512","3180","790","10","761.936022"
"1","2","10","q10_case1","971","10240","2541882950","2620443","512","3178","790","10","762.727468"
"1","2","10","q10_case1","972","10240","2544503483","2620533","512","3176","790","10","763.519818"
"1","2","10","q10_case1","973","10240","2547124038","2620555","512","3174","790","10","764.311728"
"1","2","10","q10_case1","974","10240","2549744510","2620472","512","3172","790","10","765.106961"
"1","2","10","q10_case1","975","10240","2552364984","2620474","512","3170","790","10","765.902462"
"1","2","10","q10_case1","976","10240","2554985430","2620446","512","3168","790","10","766.691384"
"1","2","10","q10_case1","977","10240","2557605831","2620401","512","3166","790","10","767.518827"
"1","2","10","q10_case1","978","10240","2560226140","2620309","512","3164","790","10","768.335507"
"1","2","10","q10_case1","979","10240","2562846395","2620255","512","3162","789","10","769.128019"
"1","2","10","q10_case1","980","10240","2565466670","2620275","512","3160","789","10","769.922072"
"1","2","10","q10_case1","981","10240","2568087557","2620887","512","3158","789","10","770.711284"
"1","2","10","q10_case1","982","10240","2570707995","2620438","512","3156","789","10","771.501287"
"1","2","10","q10_case1","983","10240","2573328457","2620462","512","3154","789","10","772.272113"
"1","2","10","q10_case1","984","10240","2575948802","2620345","512","3152","789","10","773.062936"
"1","2","10","q10_case1","985","10240","2578569236","2620434","512","3150","789","10","773.855280"
"1","2","10","q10_case1","986","10240","2581189656","2620420","512","3148","789","10","774.646106"
"1","2","10","q10_case1","987","10240","2583810006","2620350","512","3146","789","10","775.437117"
"1","2","10","q10_case1","988","10240","2586430358","2620352","512","3144","789","10","776.237367"
"1","2","10","q10_case1","989","10240","2589050753","2620395","512","3142","789","10","777.022107"
"1","2","10","q10_case1","990","10240","2591671102","2620349","512","3140","788","10","777.816186"
"1","2","10","q10_case1","991","10240","2594291438","2620336","512","3138","788","10","778.606391"
"1","2","10","q10_case1","992","10240","2596912329","2620891","512","3136","787","10","779.388670"
"1","2","10","q10_case1","993","10240","2599532776","2620447","512","3134","787","10","780.183009"
"1","2","10","q10_case1","994","10240","2602153666","2620890","512","3132","786","10","781.007245"
"1","2","10","q10_case1","995","10240","2604774100","2620434","512","3130","786","10","781.824247"
"1","2","10","q10_case1","996","10240","2607394872","2620772","512","3128","786","9","782.629817"
"1","2","10","q10_case1","997","10240","2610015303","2620431","512","3126","786","9","783.404840"
"1","2","10","q10_case1","998","10240","2612636204","2620901","512","3124","785","9","784.205216"
"1","2","10","q10_case1","999","10240","2615256655","2620451","512","3122","785","9","785.013707"
"1","2","10","q10_case1","1000","10240","2617877546","2620891","512","3120","784","9","785.815212"
"1","2","10","q10_case1","1001","10240","2620497982","2620436","512","3118","784","9","786.622327"
"1","2","10","q10_case1","1002","10240","2623118867","2620885","512","3116","784","9","787.430452"
"1","2","10","q10_case1","1003","10240","2625739300","2620433","512","3114","783","9","788.226713"
"1","2","10","q10_case1","1004","10240","2628359726","2620426","512","3112","783","9","789.016133"
"1","2","10","q10_case1","1005","10240","2630980614","2620888","512","3110","783","9","789.813823"
"1","2","10","q10_case1","1006","10240","2633601044","2620430","512","3108","783","9","790.613726"
"1","2","10","q10_case1","1007","10240","2636221470","2620426","512","3106","783","9","791.407758"
"1","2","10","q10_case1","1008","10240","2638841873","2620403","512","3104","783","9","792.191833"
"1","2","10","q10_case1","1009","10240","2641462540","2620667","512","3102","783","9","792.985446"
"1","2","10","q10_case1","1010","10240","2644083146","2620606","512","3100","783","9","793.780005"
"1","2","10","q10_case1","1011","10240","2646703669","2620523","512","3098","783","9","794.572100"
"1","2","10","q10_case1","1012","10240","2649324142","2620473","512","3096","783","9","795.363680"
"1","2","10","q10_case1","1013","10240","2651944616","2620474","512","3094","783","9","796.170265"
"1","2","10","q10_case1","1014","10240","2654565042","2620426","512","3092","783","9","796.966518"
"1","2","10","q10_case1","1015","10240","2657185441","2620399","512","3090","782","9","797.752252"
"1","2","10","q10_case1","1016","10240","2659805775","2620334","512","3088","782","9","798.545649"
"1","2","10","q10_case1","1017","10240","2662426675","2620900","512","3086","781","9","799.322444"
"1","2","10","q10_case1","1018","10240","2665047136","2620461","512","3084","781","9","800.112736"
"1","2","10","q10_case1","1019","10240","2667668052","2620916","512","3082","780","9","800.906763"
"1","2","10","q10_case1","1020","10240","2670288496","2620444","512","3080","780","9","801.734990"
"1","2","10","q10_case1","1021","10240","2672909391","2620895","512","3078","779","9","802.549486"
"1","2","10","q10_case1","1022","10240","2675529826","2620435","512","3076","779","9","803.357513"
"1","2","10","q10_case1","1023","10240","2678150704","2620878","512","3074","779","9","804.152807"
"1","2","10","q10_case1","1024","10240","2680771133","2620429","512","3072","779","9","804.941684"
"1","2","10","q10_case1","1025","10240","2683391331","2620198","512","3070","779","9","805.729168"
"1","2","10","q10_case1","1026","10240","2686011559","2620228","512","3068","779","9","806.532032"
"1","2","10","q10_case1","1027","10240","2688631874","2620315","512","3066","778","9","807.311921"
"1","2","10","q10_case1","1028","10240","2691252383","2620509","512","3064","778","9","808.104716"
"1","2","10","q10_case1","1029","10240","2693873068","2620685","512","3062","777","9","808.893777"
"1","2","10","q10_case1","1030","10240","2696493498","2620430","512","3060","777","9","809.695208"
"1","2","10","q10_case1","1031","10240","2699114386","2620888","512","3058","776","9","810.540178"
"1","2","10","q10_case1","1032","10240","2701734819","2620433","512","3056","776","9","811.396083"
"1","2","10","q10_case1","1033","10240","2704355277","2620458","512","3054","775","9","812.230751"
"1","2","10","q10_case1","1034","10240","2706975637","2620360","512","3052","775","9","813.073220"
"1","2","10","q10_case1","1035","10240","2709596520","2620883","512","3050","774","9","813.895786"
"1","2","10","q10_case1","1036","10240","2712216947","2620427","512","3048","774","9","814.716276"
"1","2","10","q10_case1","1037","10240","2714837695","2620748","512","3046","774","9","815.510170"
"1","2","10","q10_case1","1038","10240","2717458123","2620428","512","3044","773","9","816.339432"
"1","2","10","q10_case1","1039","10240","2720078421","2620298","512","3042","773","9","817.163126"
"1","2","10","q10_case1","1040","10240","2722699048","2620627","512","3040","773","9","817.963742"
"1","2","10","q10_case1","1041","10240","2725319474","2620426","512","3038","773","9","818.813161"
"1","2","10","q10_case1","1042","10240","2727939777","2620303","512","3036","773","9","819.665639"
"1","2","10","q10_case1","1043","10240","2730560091","2620314","512","3034","773","9","820.464922"
"1","2","10","q10_case1","1044","10240","2733180308","2620217","512","3032","773","9","821.263295"
"1","2","10","q10_case1","1045","10240","2735800605","2620297","512","3030","772","9","822.056015"
"1","2","10","q10_case1","1046","10240","2738421135","2620530","512","3028","772","9","822.847729"
"1","2","10","q10_case1","1047","10240","2741041841","2620706","512","3026","771","9","823.643969"
"1","2","10","q10_case1","1048","10240","2743662270","2620429","512","3024","771","9","824.449096"
"1","2","10","q10_case1","1049","10240","2746282772","2620502","512","3022","771","9","825.237523"
"1","2","10","q10_case1","1050","10240","2748903081","2620309","512","3020","771","9","826.031276"
"1","2","10","q10_case1","1051","10240","2751523345","2620264","512","3018","770","9","826.834566"
"1","2","10","q10_case1","1052","10240","2754143701","2620356","512","3016","770","9","827.628530"
"1","2","10","q10_case1","1053","10240","2756764352","2620651","512","3014","770","9","828.417849"
"1","2","10","q10_case1","1054","10240","2759384768","2620416","512","3012","770","9","829.211217"
"1","2","10","q10_case1","1055","10240","2762005040","2620272","512","3010","770","9","830.006751"
"1","2","10","q10_case1","1056","10240","2764625368","2620328","512","3008","770","9","830.798200"
"1","2","10","q10_case1","1057","10240","2767245802","2620434","512","3006","770","9","831.590318"
"1","2","10","q10_case1","1058","10240","2769866319","2620517","512","3004","770","9","832.382005"
"1","2","10","q10_case1","1059","10240","2772486859","2620540","512","3002","770","9","833.178215"
"1","2","10","q10_case1","1060","10240","2775107320","2620461","512","3000","770","9","833.969405"
"1","2","10","q10_case1","1061","10240","2777727765","2620445","512","2998","770","9","834.758665"
"1","2","10","q10_case1","1062","10240","2780348196","2620431","512","2996","770","9","835.555711"
"1","2","10","q10_case1","1063","10240","2782968610","2620414","512","2994","769","9","836.346945"
"1","2","10","q10_case1","1064","10240","2785589068","2620458","512","2992","769","9","837.136587"
"1","2","10","q10_case1","1065","10240","2788209932","2620864","512","2990","769","9","837.927516"
"1","2","10","q10_case1","1066","10240","2790830215","2620283","512","2988","768","9","838.720513"
"1","2","10","q10_case1","1067","10240","2793450472","2620257","512","2986","768","9","839.536732"
"1","2","10","q10_case1","1068","10240","2796071349","2620877","512","2984","768","9","840.339455"
"1","2","10","q10_case1","1069","10240","2798691782","2620433","512","2982","768","9","841.151959"
"1","2","10","q10_case1","1070","10240","2801312284","2620502","512","2980","767","9","841.949001"
"1","2","10","q10_case1","1071","10240","2803932847","2620563","512","2978","767","9","842.742335"
"1","2","10","q10_case1","1072","10240","2806553760","2620913","512","2976","767","9","843.539265"
"1","2","10","q10_case1","1073","10240","2809174187","2620427","512","2974","766","9","844.333535"
"1","2","10","q10_case1","1074","10240","2811794619","2620432","512","2972","766","9","845.125937"
"1","2","10","q10_case1","1075","10240","2814415356","2620737","512","2970","766","9","845.915674"
"1","2","10","q10_case1","1076","10240","2817035773","2620417","512","2968","766","9","846.716502"
"1","2","10","q10_case1","1077","10240","2819656150","2620377","512","2966","765","9","847.511616"
"1","2","10","q10_case1","1078","10240","2822276593","2620443","512","2964","765","9","848.297198"
"1","2","10","q10_case1","1079","10240","2824896988","2620395","512","2962","765","9","849.092454"
"1","2","10","q10_case1","1080","10240","2827517289","2620301","512","2960","765","9","849.901720"
"1","2","10","q10_case1","1081","10240","2830137613","2620324","512","2958","765","9","850.714658"
"1","2","10","q10_case1","1082","10240","2832758125","2620512","512","2956","764","9","851.505217"
"1","2","10","q10_case1","1083","10240","2835378765","2620640","512","2954","764","9","852.303060"
"1","2","10","q10_case1","1084","10240","2837999659","2620894","512","2952","764","9","853.098559"
"1","2","10","q10_case1","1085","10240","2840619736","2620077","512","2950","764","9","853.900080"
"1","2","10","q10_case1","1086","10240","2843240029","2620293","512","2948","764","9","854.693125"
"1","2","10","q10_case1","1087","10240","2845860329","2620300","512","2946","764","9","855.489558"
"1","2","10","q10_case1","1088","10240","2848480651","2620322","512","2944","764","9","856.295173"
"1","2","10","q10_case1","1089","10240","2851101032","2620381","512","2942","764","9","857.099717"
"1","2","10","q10_case1","1090","10240","2853721394","2620362","512","2940","764","9","857.894661"
"1","2","10","q10_case1","1091","10240","2856341722","2620328","512","2938","763","9","858.687498"
"1","2","10","q10_case1","1092","10240","2858962009","2620287","512","2936","763","9","859.480847"
"1","2","10","q10_case1","1093","10240","2861582619","2620610","512","2934","763","9","860.281726"
"1","2","10","q10_case1","1094","10240","2864203044","2620425","512","2932","762","9","861.079515"
"1","2","10","q10_case1","1095","10240","2866823328","2620284","512","2930","762","9","861.877873"
"1","2","10","q10_case1","1096","10240","2869443939","2620611","512","2928","762","9","862.675383"
"1","2","10","q10_case1","1097","10240","2872064361","2620422","512","2926","762","9","863.469142"
"1","2","10","q10_case1","1098","10240","2874684591","2620230","512","2924","762","9","864.292222"
"1","2","10","q10_case1","1099","10240","2877304881","2620290","512","2922","762","9","865.095286"
"1","2","10","q10_case1","1100","10240","2879925256","2620375","512","2920","762","9","865.898045"
"1","2","10","q10_case1","1101","10240","2882545519","2620263","512","2918","762","9","866.693270"
"1","2","10","q10_case1","1102","10240","2885165675","2620156","512","2916","762","9","867.506595"
"1","2","10","q10_case1","1103","10240","2887785804","2620129","512","2914","762","9","868.311623"
"1","2","10","q10_case1","1104","10240","2890405916","2620112","512","2912","762","9","869.091486"
"1","2","10","q10_case1","1105","10240","2893026010","2620094","512","2910","762","9","869.890485"
"1","2","10","q10_case1","1106","10240","2895646101","2620091","512","2908","762","9","870.701701"
"1","2","10","q10_case1","1107","10240","2898266207","2620106","512","2906","761","9","871.510975"
"1","2","10","q10_case1","1108","10240","2900886297","2620090","512","2904","761","9","872.320452"
"1","2","10","q10_case1","1109","10240","2903507166","2620869","512","2902","760","9","873.114147"
"1","2","10","q10_case1","1110","10240","2906127595","2620429","512","2900","760","9","873.909909"
"1","2","10","q10_case1","1111","10240","2908748486","2620891","512","2898","759","9","874.681639"
"1","2","10","q10_case1","1112","10240","2911368919","2620433","512","2896","759","9","875.476596"
"1","2","10","q10_case1","1113","10240","2913989805","2620886","512","2894","759","9","876.274432"
"1","2","10","q10_case1","1114","10240","2916610233","2620428","512","2892","759","9","877.071069"
"1","2","10","q10_case1","1115","10240","2919230807","2620574","512","2890","759","9","877.861025"
"1","2","10","q10_case1","1116","10240","2921851309","2620502","512","2888","759","9","878.645369"
"1","2","10","q10_case1","1117","10240","2924471880","2620571","512","2886","758","9","879.447624"
"1","2","10","q10_case1","1118","10240","2927092473","2620593","512","2884","758","9","880.254072"
"1","2","10","q10_case1","1119","10240","2929713139","2620666","512","2882","758","9","881.049549"
"1","2","10","q10_case1","1120","10240","2932333561","2620422","512","2880","758","9","881.844329"
"1","2","10","q10_case1","1121","10240","2934953831","2620270","512","2878","758","9","882.628584"
"1","2","10","q10_case1","1122","10240","2937574376","2620545","512","2876","758","9","883.426377"
"1","2","10","q10_case1","1123","10240","2940194869","2620493","512","2874","758","9","884.227721"
"1","2","10","q10_case1","1124","10240","2942815351","2620482","512","2872","757","9","885.036666"
"1","2","10","q10_case1","1125","10240","2945435852","2620501","512","2870","757","9","885.852997"
"1","2","10","q10_case1","1126","10240","2948056620","2620768","512","2868","756","9","886.644841"
"1","2","10","q10_case1","1127","10240","2950677049","2620429","512","2866","756","9","887.453334"
"1","2","10","q10_case1","1128","10240","2953297611","2620562","512","2864","756","9","888.261338"
"1","2","10","q10_case1","1129","10240","2955918026","2620415","512","2862","756","9","889.035750"
"1","2","10","q10_case1","1130","10240","2958538262","2620236","512","2860","755","9","889.855935"
"1","2","10","q10_case1","1131","10240","2961158555","2620293","512","2858","755","9","890.662181"
"1","2","10","q10_case1","1132","10240","2963779445","2620890","512","2856","754","9","891.470776"
"1","2","10","q10_case1","1133","10240","2966399872","2620427","512","2854","754","9","892.265165"
"1","2","10","q10_case1","1134","10240","2969020531","2620659","512","2852","753","9","893.095990"
"1","2","10","q10_case1","1135","10240","2971640957","2620426","512","2850","753","9","893.905182"
"1","2","10","q10_case1","1136","10240","2974261839","2620882","512","2848","752","9","894.676477"
"1","2","10","q10_case1","1137","10240","2976882268","2620429","512","2846","752","9","895.473945"
"1","2","10","q10_case1","1138","10240","2979502927","2620659","512","2844","752","9","896.268005"
"1","2","10","q10_case1","1139","10240","2982123351","2620424","512","2842","752","9","897.067852"
"1","2","10","q10_case1","1140","10240","2984743561","2620210","512","2840","752","9","897.863275"
"1","2","10","q10_case1","1141","10240","2987363868","2620307","512","2838","752","9","898.637583"
"1","2","10","q10_case1","1142","10240","2989984361","2620493","512","2836","752","9","899.433799"
"1","2","10","q10_case1","1143","10240","2992604766","2620405","512","2834","752","9","900.230619"
"1","2","10","q10_case1","1144","10240","2995225201","2620435","512","2832","752","9","901.054874"
"1","2","10","q10_case1","1145","10240","2997845595","2620394","512","2830","751","9","901.849115"
"1","2","10","q10_case1","1146","10240","3000466000","2620405","512","2828","751","9","902.642952"
"1","2","10","q10_case1","1147","10240","3003086856","2620856","512","2826","751","9","903.434721"
"1","2","10","q10_case1","1148","10240","3005707263","2620407","512","2824","751","9","904.232600"
"1","2","10","q10_case1","1149","10240","3008327575","2620312","512","2822","751","9","905.008964"
"1","2","10","q10_case1","1150","10240","3010947769","2620194","512","2820","751","9","905.803537"
"1","2","10","q10_case1","1151","10240","3013568026","2620257","512","2818","750","9","906.601811"
"1","2","10","q10_case1","1152","10240","3016188356","2620330","512","2816","750","9","907.400989"
"1","2","10","q10_case1","1153","10240","3018809223","2620867","512","2814","749","9","908.190343"
"1","2","10","q10_case1","1154","10240","3021429320","2620097","512","2812","749","9","908.981269"
"1","2","10","q10_case1","1155","10240","3024049774","2620454","512","2810","749","9","909.770029"
"1","2","10","q10_case1","1156","10240","3026670202","2620428","512","2808","749","9","910.563832"
"1","2","10","q10_case1","1157","10240","3029290407","2620205","512","2806","748","9","911.340327"
"1","2","10","q10_case1","1158","10240","3031910692","2620285","512","2804","748","9","912.135475"
"1","2","10","q10_case1","1159","10240","3034531249","2620557","512","2802","747","9","912.931334"
"1","2","10","q10_case1","1160","10240","3037151676","2620427","512","2800","747","9","913.727360"
"1","2","10","q10_case1","1161","10240","3039772001","2620325","512","2798","747","9","914.519572"
"1","2","10","q10_case1","1162","10240","3042392278","2620277","512","2796","747","9","915.313822"
"1","2","10","q10_case1","1163","10240","3045012464","2620186","512","2794","747","9","916.117556"
"1","2","10","q10_case1","1164","10240","3047632739","2620275","512","2792","747","9","916.923838"
"1","2","10","q10_case1","1165","10240","3050253131","2620392","512","2790","746","9","917.715991"
"1","2","10","q10_case1","1166","10240","3052873622","2620491","512","2788","746","9","918.511596"
"1","2","10","q10_case1","1167","10240","3055494138","2620516","512","2786","745","9","919.331091"
"1","2","10","q10_case1","1168","10240","3058114562","2620424","512","2784","745","9","920.130102"
"1","2","10","q10_case1","1169","10240","3060735041","2620479","512","2782","745","9","920.925329"
"1","2","10","q10_case1","1170","10240","3063355460","2620419","512","2780","745","9","921.716300"
"1","2","10","q10_case1","1171","10240","3065975691","2620231","512","2778","745","9","922.509841"
"1","2","10","q10_case1","1172","10240","3068596177","2620486","512","2776","745","9","923.292886"
"1","2","10","q10_case1","1173","10240","3071216499","2620322","512","2774","745","9","924.091897"
"1","2","10","q10_case1","1174","10240","3073836817","2620318","512","2772","744","9","924.882800"
"1","2","10","q10_case1","1175","10240","3076457190","2620373","512","2770","743","9","925.673397"
"1","2","10","q10_case1","1176","10240","3079077694","2620504","512","2768","743","9","926.466668"
"1","2","10","q10_case1","1177","10240","3081698126","2620432","512","2766","743","9","927.260759"
"1","2","10","q10_case1","1178","10240","3084318340","2620214","512","2764","743","9","928.053950"
"1","2","10","q10_case1","1179","10240","3086938554","2620214","512","2762","743","9","928.845261"
"1","2","10","q10_case1","1180","10240","3089559018","2620464","512","2760","743","9","929.643535"
"1","2","10","q10_case1","1181","10240","3092179439","2620421","512","2758","743","9","930.424766"
"1","2","10","q10_case1","1182","10240","3094799841","2620402","512","2756","743","9","931.251570"
"1","2","10","q10_case1","1183","10240","3097420231","2620390","512","2754","743","9","932.053029"
"1","2","10","q10_case1","1184","10240","3100040600","2620369","512","2752","743","9","932.851891"
"1","2","10","q10_case1","1185","10240","3102660894","2620294","512","2750","743","9","933.648750"
"1","2","10","q10_case1","1186","10240","3105281120","2620226","512","2748","743","9","934.437464"
"1","2","10","q10_case1","1187","10240","3107901261","2620141","512","2746","743","9","935.238629"
"1","2","10","q10_case1","1188","10240","3110521328","2620067","512","2744","743","9","936.039644"
"1","2","10","q10_case1","1189","10240","3113141415","2620087","512","2742","743","9","936.828568"
"1","2","10","q10_case1","1190","10240","3115761578","2620163","512","2740","743","9","937.613701"
"1","2","10","q10_case1","1191","10240","3118381793","2620215","512","2738","743","9","938.409761"
"1","2","10","q10_case1","1192","10240","3121001983","2620190","512","2736","743","9","939.210579"
"1","2","10","q10_case1","1193","10240","3123622169","2620186","512","2734","743","9","940.008619"
"1","2","10","q10_case1","1194","10240","3126242348","2620179","512","2732","743","9","940.809284"
"1","2","10","q10_case1","1195","10240","3128862575","2620227","512","2730","742","9","941.586879"
"1","2","10","q10_case1","1196","10240","3131482843","2620268","512","2728","742","9","942.374581"
"1","2","10","q10_case1","1197","10240","3134103740","2620897","512","2726","742","9","943.171959"
"1","2","10","q10_case1","1198","10240","3136723972","2620232","512","2724","742","9","943.974080"
"1","2","10","q10_case1","1199","10240","3139344207","2620235","512","2722","742","9","944.764995"
"1","2","10","q10_case1","1200","10240","3141964440","2620233","512","2720","742","9","945.570515"
"1","2","10","q10_case1","1201","10240","3144584820","2620380","512","2718","742","9","946.378884"
"1","2","10","q10_case1","1202","10240","3147205160","2620340","512","2716","742","9","947.189545"
"1","2","10","q10_case1","1203","10240","3149825522","2620362","512","2714","742","9","947.979475"
"1","2","10","q10_case1","1204","10240","3152445938","2620416","512","2712","742","9","948.811460"
"1","2","10","q10_case1","1205","10240","3155066384","2620446","512","2710","742","9","949.605200"
"1","2","10","q10_case1","1206","10240","3157686838","2620454","512","2708","742","9","950.401281"
"1","2","10","q10_case1","1207","10240","3160307286","2620448","512","2706","742","9","951.202520"
"1","2","10","q10_case1","1208","10240","3162927692","2620406","512","2704","742","9","952.002924"
"1","2","10","q10_case1","1209","10240","3165548035","2620343","512","2702","741","9","952.804830"
"1","2","10","q10_case1","1210","10240","3168168352","2620317","512","2700","741","9","953.583065"
"1","2","10","q10_case1","1211","10240","3170788811","2620459","512","2698","740","9","954.375991"
"1","2","10","q10_case1","1212","10240","3173409240","2620429","512","2696","740","9","955.176750"
"1","2","10","q10_case1","1213","10240","3176029658","2620418","512","2694","740","9","955.969796"
"1","2","10","q10_case1","1214","10240","3178650085","2620427","512","2692","740","9","956.772023"
"1","2","10","q10_case1","1215","10240","3181270226","2620141","512","2690","740","9","957.545816"
"1","2","10","q10_case1","1216","10240","3183890386","2620160","512","2688","740","9","958.343411"
"1","2","10","q10_case1","1217","10240","3186510616","2620230","512","2686","740","9","959.142116"
"1","2","10","q10_case1","1218","10240","3189130939","2620323","512","2684","740","9","959.936194"
"1","2","10","q10_case1","1219","10240","3191751331","2620392","512","2682","740","9","960.745055"
"1","2","10","q10_case1","1220","10240","3194371802","2620471","512","2680","740","9","961.542071"
"1","2","10","q10_case1","1221","10240","3196992260","2620458","512","2678","740","9","962.348284"
"1","2","10","q10_case1","1222","10240","3199612744","2620484","512","2676","740","9","963.142047"
"1","2","10","q10_case1","1223","10240","3202233249","2620505","512","2674","740","9","963.930747"
"1","2","10","q10_case1","1224","10240","3204853724","2620475","512","2672","740","9","964.729108"
"1","2","10","q10_case1","1225","10240","3207474169","2620445","512","2670","740","9","965.523948"
"1","2","10","q10_case1","1226","10240","3210094498","2620329","512","2668","740","9","966.327521"
"1","2","10","q10_case1","1227","10240","3212714760","2620262","512","2666","740","9","967.127157"
"1","2","10","q10_case1","1228","10240","3215334980","2620220","512","2664","740","9","967.925063"
"1","2","10","q10_case1","1229","10240","3217955078","2620098","512","2662","740","9","968.716055"
"1","2","10","q10_case1","1230","10240","3220575131","2620053","512","2660","740","9","969.489967"
"1","2","10","q10_case1","1231","10240","3223195133","2620002","512","2658","740","9","970.280925"
"1","2","10","q10_case1","1232","10240","3225815201","2620068","512","2656","740","9","971.084943"
"1","2","10","q10_case1","1233","10240","3228435294","2620093","512","2654","740","9","971.899093"
"1","2","10","q10_case1","1234","10240","3231055365","2620071","512","2652","740","9","972.707640"
"1","2","10","q10_case1","1235","10240","3233675437","2620072","512","2650","740","9","973.504597"
"1","2","10","q10_case1","1236","10240","3236295504","2620067","512","2648","740","9","974.279258"
"1","2","10","q10_case1","1237","10240","3238915527","2620023","512","2646","739","9","975.077483"
"1","2","10","q10_case1","1238","10240","3241535638","2620111","512","2644","739","9","975.874387"
"1","2","10","q10_case1","1239","10240","3244156070","2620432","512","2642","738","9","976.672578"
"1","2","10","q10_case1","1240","10240","3246776503","2620433","512","2640","738","9","977.474345"
"1","2","10","q10_case1","1241","10240","3249397078","2620575","512","2638","738","9","978.269750"
"1","2","10","q10_case1","1242","10240","3252017508","2620430","512","2636","738","9","979.051604"
"1","2","10","q10_case1","1243","10240","3254637715","2620207","512","2634","737","9","979.851249"
"1","2","10","q10_case1","1244","10240","3257258165","2620450","512","2632","737","9","980.653213"
"1","2","10","q10_case1","1245","10240","3259878760","2620595","512","2630","737","9","981.446104"
"1","2","10","q10_case1","1246","10240","3262499173","2620413","512","2628","736","9","982.239483"
"1","2","10","q10_case1","1247","10240","3265119253","2620080","512","2626","736","9","983.037561"
"1","2","10","q10_case1","1248","10240","3267739650","2620397","512","2624","736","9","983.840626"
"1","2","10","q10_case1","1249","10240","3270360033","2620383","512","2622","736","9","984.629216"
"1","2","10","q10_case1","1250","10240","3272980048","2620015","512","2620","736","9","985.424762"
"1","2","10","q10_case1","1251","10240","3275600289","2620241","512","2618","735","9","986.217151"
"1","2","10","q10_case1","1252","10240","3278220681","2620392","512","2616","735","9","987.019044"
"1","2","10","q10_case1","1253","10240","3280841089","2620408","512","2614","735","9","987.817719"
"1","2","10","q10_case1","1254","10240","3283461516","2620427","512","2612","735","9","988.595889"
"1","2","10","q10_case1","1255","10240","3286081528","2620012","512","2610","735","9","989.412064"
"1","2","10","q10_case1","1256","10240","3288701728","2620200","512","2608","735","9","990.208504"
"1","2","10","q10_case1","1257","10240","3291322008","2620280","512","2606","734","9","991.022532"
"1","2","10","q10_case1","1258","10240","3293942253","2620245","512","2604","734","9","991.802682"
"1","2","10","q10_case1","1259","10240","3296562518","2620265","512","2602","733","9","992.600490"
"1","2","10","q10_case1","1260","10240","3299182948","2620430","512","2600","733","9","993.377080"
"1","2","10","q10_case1","1261","10240","3301803311","2620363","512","2598","733","9","994.170231"
"1","2","10","q10_case1","1262","10240","3304423739","2620428","512","2596","733","9","994.962910"
"1","2","10","q10_case1","1263","10240","3307043757","2620018","512","2594","733","9","995.754019"
"1","2","10","q10_case1","1264","10240","3309663911","2620154","512","2592","733","9","996.558924"
"1","2","10","q10_case1","1265","10240","3312284140","2620229","512","2590","733","9","997.357466"
"1","2","10","q10_case1","1266","10240","3314904354","2620214","512","2588","733","9","998.160779"
"1","2","10","q10_case1","1267","10240","3317524472","2620118","512","2586","733","9","998.972221"
"1","2","10","q10_case1","1268","10240","3320144543","2620071","512","2584","733","9","999.769171"
"1","2","10","q10_case1","1269","10240","3322764580","2620037","512","2582","733","9","1000.554871"
"1","2","10","q10_case1","1270","10240","3325384663","2620083","512","2580","733","9","1001.354525"
"1","2","10","q10_case1","1271","10240","3328004826","2620163","512","2578","733","9","1002.155904"
"1","2","10","q10_case1","1272","10240","3330625029","2620203","512","2576","733","9","1002.959728"
"1","2","10","q10_case1","1273","10240","3333245195","2620166","512","2574","733","9","1003.755018"
"1","2","10","q10_case1","1274","10240","3335865286","2620091","512","2572","733","9","1004.542317"
"1","2","10","q10_case1","1275","10240","3338485335","2620049","512","2570","733","9","1005.350396"
"1","2","10","q10_case1","1276","10240","3341105399","2620064","512","2568","733","9","1006.151784"
"1","2","10","q10_case1","1277","10240","3343725469","2620070","512","2566","732","9","1006.937682"
"1","2","10","q10_case1","1278","10240","3346345518","2620049","512","2564","732","9","1007.752228"
"1","2","10","q10_case1","1279","10240","3348965646","2620128","512","2562","732","9","1008.555761"
"1","2","10","q10_case1","1280","10240","3351586072","2620426","512","2560","732","9","1009.366047"
"1","2","10","q10_case1","1281","10240","3354206078","2620006","512","2558","732","9","1010.166599"
"1","2","10","q10_case1","1282","10240","3356826186","2620108","512","2556","732","9","1010.968837"
"1","2","10","q10_case1","1283","10240","3359446541","2620355","512","2554","731","9","1011.762285"
"1","2","10","q10_case1","1284","10240","3362066958","2620417","512","2552","731","9","1012.551055"
"1","2","10","q10_case1","1285","10240","3364687325","2620367","512","2550","731","9","1013.358300"
"1","2","10","q10_case1","1286","10240","3367307742","2620417","512","2548","731","9","1014.157771"
"1","2","10","q10_case1","1287","10240","3369927750","2620008","512","2546","731","9","1014.948313"
"1","2","10","q10_case1","1288","10240","3372547916","2620166","512","2544","730","9","1015.749934"
"1","2","10","q10_case1","1289","10240","3375168180","2620264","512","2542","730","9","1016.544418"
"1","2","10","q10_case1","1290","10240","3377788530","2620350","512","2540","729","9","1017.341783"
"1","2","10","q10_case1","1291","10240","3380408956","2620426","512","2538","729","9","1018.151295"
"1","2","10","q10_case1","1292","10240","3383029286","2620330","512","2536","729","9","1018.938580"
"1","2","10","q10_case1","1293","10240","3385649705","2620419","512","2534","729","9","1019.741042"
"1","2","10","q10_case1","1294","10240","3388269716","2620011","512","2532","729","9","1020.544989"
"1","2","10","q10_case1","1295","10240","3390889831","2620115","512","2530","729","9","1021.349456"
"1","2","10","q10_case1","1296","10240","3393510164","2620333","512","2528","729","9","1022.150724"
"1","2","10","q10_case1","1297","10240","3396130611","2620447","512","2526","729","9","1022.943132"
"1","2","10","q10_case1","1298","10240","3398751016","2620405","512","2524","729","9","1023.747852"
"1","2","10","q10_case1","1299","10240","3401371399","2620383","512","2522","729","9","1024.532882"
"1","2","10","q10_case1","1300","10240","3403991714","2620315","512","2520","729","9","1025.358395"
"1","2","10","q10_case1","1301","10240","3406611977","2620263","512","2518","729","9","1026.174544"
"1","2","10","q10_case1","1302","10240","3409232274","2620297","512","2516","729","9","1026.976427"
"1","2","10","q10_case1","1303","10240","3411852546","2620272","512","2514","729","9","1027.784458"
"1","2","10","q10_case1","1304","10240","3414472784","2620238","512","2512","729","9","1028.571196"
"1","2","10","q10_case1","1305","10240","3417093040","2620256","512","2510","728","9","1029.373091"
"1","2","10","q10_case1","1306","10240","3419713250","2620210","512","2508","728","9","1030.172658"
"1","2","10","q10_case1","1307","10240","3422333566","2620316","512","2506","728","9","1030.975097"
"1","2","10","q10_case1","1308","10240","3424954000","2620434","512","2504","728","9","1031.807934"
"1","2","10","q10_case1","1309","10240","3427574084","2620084","512","2502","728","9","1032.595362"
"1","2","10","q10_case1","1310","10240","3430194419","2620335","512","2500","728","9","1033.402737"
"1","2","10","q10_case1","1311","10240","3432814590","2620171","512","2498","728","9","1034.215353"
"1","2","10","q10_case1","1312","10240","3435434863","2620273","512","2496","728","9","1035.021535"
"1","2","10","q10_case1","1313","10240","3438055069","2620206","512","2494","728","9","1035.816527"
"1","2","10","q10_case1","1314","10240","3440675373","2620304","512","2492","728","9","1036.688044"
"1","2","10","q10_case1","1315","10240","3443295798","2620425","512","2490","728","9","1037.571320"
"1","2","10","q10_case1","1316","10240","3445916081","2620283","512","2488","728","9","1038.413426"
"1","2","10","q10_case1","1317","10240","3448536420","2620339","512","2486","727","9","1039.236878"
"1","2","10","q10_case1","1318","10240","3451156726","2620306","512","2484","727","9","1040.045470"
"1","2","10","q10_case1","1319","10240","3453776993","2620267","512","2482","727","9","1040.834058"
"1","2","10","q10_case1","1320","10240","3456397421","2620428","512","2480","727","9","1041.637253"
"1","2","10","q10_case1","1321","10240","3459017688","2620267","512","2478","727","9","1042.448033"
"1","2","10","q10_case1","1322","10240","3461637820","2620132","512","2476","727","9","1043.266164"
"1","2","10","q10_case1","1323","10240","3464258221","2620401","512","2474","727","9","1044.084846"
"1","2","10","q10_case1","1324","10240","3466878587","2620366","512","2472","727","9","1044.889239"
"1","2","10","q10_case1","1325","10240","3469499054","2620467","512","2470","727","9","1045.716032"
"1","2","10","q10_case1","1326","10240","3472119605","2620551","512","2468","727","9","1046.521263"
"1","2","10","q10_case1","1327","10240","3474740137","2620532","512","2466","726","9","1047.334884"
"1","2","10","q10_case1","1328","10240","3477360653","2620516","512","2464","726","9","1048.169833"
"1","2","10","q10_case1","1329","10240","3479981156","2620503","512","2462","726","9","1049.003815"
"1","2","10","q10_case1","1330","10240","3482601586","2620430","512","2460","726","9","1049.907086"
"1","2","10","q10_case1","1331","10240","3485221670","2620084","512","2458","726","9","1050.802462"
"1","2","10","q10_case1","1332","10240","3487841953","2620283","512","2456","726","9","1051.641879"
"1","2","10","q10_case1","1333","10240","3490462099","2620146","512","2454","725","9","1052.475044"
"1","2","10","q10_case1","1334","10240","3493082127","2620028","512","2452","725","9","1053.288800"
"1","2","10","q10_case1","1335","10240","3495702349","2620222","512","2450","725","9","1054.087915"
"1","2","10","q10_case1","1336","10240","3498322776","2620427","512","2448","725","9","1054.889987"
"1","2","10","q10_case1","1337","10240","3500942911","2620135","512","2446","725","9","1055.695064"
"1","2","10","q10_case1","1338","10240","3503563099","2620188","512","2444","725","9","1056.495601"
"1","2","10","q10_case1","1339","10240","3506183356","2620257","512","2442","725","9","1057.296540"
"1","2","10","q10_case1","1340","10240","3508803998","2620642","512","2440","725","9","1058.134729"
"1","2","10","q10_case1","1341","10240","3511424491","2620493","512","2438","725","9","1058.936684"
"1","2","10","q10_case1","1342","10240","3514045010","2620519","512","2436","724","9","1059.736568"
"1","2","10","q10_case1","1343","10240","3516665448","2620438","512","2434","724","9","1060.531917"
"1","2","10","q10_case1","1344","10240","3519285999","2620551","512","2432","724","9","1061.329193"
"1","2","10","q10_case1","1345","10240","3521906433","2620434","512","2430","723","9","1062.133260"
"1","2","10","q10_case1","1346","10240","3524526671","2620238","512","2428","723","9","1062.932229"
"1","2","10","q10_case1","1347","10240","3527147193","2620522","512","2426","723","9","1063.728131"
"1","2","10","q10_case1","1348","10240","3529767620","2620427","512","2424","722","9","1064.529215"
"1","2","10","q10_case1","1349","10240","3532387811","2620191","512","2422","722","9","1065.360580"
"1","2","10","q10_case1","1350","10240","3535008305","2620494","512","2420","721","9","1066.176757"
"1","2","10","q10_case1","1351","10240","3537628736","2620431","512","2418","721","9","1067.006225"
"1","2","10","q10_case1","1352","10240","3540248929","2620193","512","2416","721","9","1067.838154"
"1","2","10","q10_case1","1353","10240","3542869161","2620232","512","2414","721","9","1068.677547"
"1","2","10","q10_case1","1354","10240","3545489160","2619999","512","2412","721","9","1069.550578"
"1","2","10","q10_case1","1355","10240","3548109242","2620082","512","2410","721","9","1070.375421"
"1","2","10","q10_case1","1356","10240","3550729488","2620246","512","2408","721","9","1071.187461"
"1","2","10","q10_case1","1357","10240","3553349834","2620346","512","2406","720","9","1072.020982"
"1","2","10","q10_case1","1358","10240","3555970163","2620329","512","2404","720","9","1072.837189"
"1","2","10","q10_case1","1359","10240","3558590502","2620339","512","2402","720","9","1073.659599"
"1","2","10","q10_case1","1360","10240","3561210926","2620424","512","2400","719","9","1074.465546"
"1","2","10","q10_case1","1361","10240","3563830919","2619993","512","2398","719","9","1075.294936"
"1","2","10","q10_case1","1362","10240","3566451155","2620236","512","2396","718","9","1076.128442"
"1","2","10","q10_case1","1363","10240","3569071581","2620426","512","2394","718","9","1076.950512"
"1","2","10","q10_case1","1364","10240","3571691818","2620237","512","2392","718","9","1077.751325"
"1","2","10","q10_case1","1365","10240","3574312243","2620425","512","2390","718","9","1078.578037"
"1","2","10","q10_case1","1366","10240","3576932247","2620004","512","2388","717","9","1079.400626"
"1","2","10","q10_case1","1367","10240","3579552290","2620043","512","2386","717","9","1080.231313"
"1","2","10","q10_case1","1368","10240","3582172564","2620274","512","2384","717","9","1081.043405"
"1","2","10","q10_case1","1369","10240","3584792988","2620424","512","2382","717","9","1081.851610"
"1","2","10","q10_case1","1370","10240","3587412982","2619994","512","2380","716","9","1082.657922"
"1","2","10","q10_case1","1371","10240","3590033032","2620050","512","2378","716","9","1083.480202"
"1","2","10","q10_case1","1372","10240","3592653665","2620633","512","2376","715","9","1084.300199"
"1","2","10","q10_case1","1373","10240","3595274070","2620405","512","2374","715","9","1085.115042"
"1","2","10","q10_case1","1374","10240","3597894432","2620362","512","2372","715","9","1085.934223"
"1","2","10","q10_case1","1375","10240","3600514853","2620421","512","2370","715","9","1086.759436"
"1","2","10","q10_case1","1376","10240","3603134845","2619992","512","2368","715","9","1087.579797"
"1","2","10","q10_case1","1377","10240","3605754890","2620045","512","2366","715","9","1088.412074"
"1","2","10","q10_case1","1378","10240","3608374994","2620104","512","2364","715","9","1089.207496"
"1","2","10","q10_case1","1379","10240","3610995329","2620335","512","2362","715","9","1090.027141"
"1","2","10","q10_case1","1380","10240","3613615654","2620325","512","2360","715","9","1090.855874"
"1","2","10","q10_case1","1381","10240","3616235926","2620272","512","2358","715","9","1091.674352"
"1","2","10","q10_case1","1382","10240","3618856128","2620202","512","2356","715","9","1092.487985"
"1","2","10","q10_case1","1383","10240","3621476299","2620171","512","2354","715","9","1093.301964"
"1","2","10","q10_case1","1384","10240","3624096422","2620123","512","2352","715","9","1094.099627"
"1","2","10","q10_case1","1385","10240","3626716508","2620086","512","2350","715","9","1094.904759"
"1","2","10","q10_case1","1386","10240","3629336542","2620034","512","2348","715","9","1095.734597"
"1","2","10","q10_case1","1387","10240","3631956561","2620019","512","2346","715","9","1096.546789"
"1","2","10","q10_case1","1388","10240","3634576574","2620013","512","2344","715","9","1097.352157"
"1","2","10","q10_case1","1389","10240","3637196579","2620005","512","2342","714","9","1098.141072"
"1","2","10","q10_case1","1390","10240","3639816579","2620000","512","2340","714","9","1098.950272"
"1","2","10","q10_case1","1391","10240","3642436811","2620232","512","2338","713","9","1099.772155"
"1","2","10","q10_case1","1392","10240","3645057239","2620428","512","2336","713","9","1100.597627"
"1","2","10","q10_case1","1393","10240","3647677531","2620292","512","2334","712","9","1101.448283"
"1","2","10","q10_case1","1394","10240","3650297824","2620293","512","2332","712","9","1102.268938"
"1","2","10","q10_case1","1395","10240","3652918021","2620197","512","2330","712","9","1103.058170"
"1","2","10","q10_case1","1396","10240","3655538228","2620207","512","2328","712","9","1103.874909"
"1","2","10","q10_case1","1397","10240","3658158331","2620103","512","2326","712","9","1104.682513"
"1","2","10","q10_case1","1398","10240","3660778521","2620190","512","2324","712","9","1105.482348"
"1","2","10","q10_case1","1399","10240","3663398815","2620294","512","2322","711","9","1106.271533"
"1","2","10","q10_case1","1400","10240","3666019302","2620487","512","2320","711","9","1107.063254"
"1","2","10","q10_case1","1401","10240","3668639954","2620652","512","2318","711","9","1107.876020"
"1","2","10","q10_case1","1402","10240","3671260378","2620424","512","2316","711","9","1108.685614"
"1","2","10","q10_case1","1403","10240","3673880500","2620122","512","2314","711","9","1109.485400"
"1","2","10","q10_case1","1404","10240","3676500926","2620426","512","2312","711","9","1110.315058"
"1","2","10","q10_case1","1405","10240","3679121492","2620566","512","2310","710","9","1111.124809"
"1","2","10","q10_case1","1406","10240","3681742059","2620567","512","2308","710","9","1111.931580"
"1","2","10","q10_case1","1407","10240","3684362577","2620518","512","2306","710","9","1112.721510"
"1","2","10","q10_case1","1408","10240","3686983026","2620449","512","2304","709","9","1113.519327"
"1","2","10","q10_case1","1409","10240","3689603070","2620044","512","2302","709","9","1114.296474"
"1","2","10","q10_case1","1410","10240","3692223688","2620618","512","2300","709","9","1115.082754"
"1","2","10","q10_case1","1411","10240","3694844111","2620423","512","2298","709","9","1115.875777"
"1","2","10","q10_case1","1412","10240","3697464110","2619999","512","2296","709","9","1116.669588"
"1","2","10","q10_case1","1413","10240","3700084645","2620535","512","2294","709","9","1117.459924"
"1","2","10","q10_case1","1414","10240","3702704884","2620239","512","2292","709","9","1118.258341"
"1","2","10","q10_case1","1415","10240","3705325137","2620253","512","2290","709","9","1119.055354"
"1","2","10","q10_case1","1416","10240","3707945648","2620511","512","2288","709","9","1119.845874"
"1","2","10","q10_case1","1417","10240","3710566196","2620548","512","2286","708","9","1120.617489"
"1","2","10","q10_case1","1418","10240","3713186732","2620536","512","2284","708","9","1121.409923"
"1","2","10","q10_case1","1419","10240","3715807302","2620570","512","2282","708","9","1122.198568"
"1","2","10","q10_case1","1420","10240","3718427727","2620425","512","2280","708","9","1122.997508"
"1","2","10","q10_case1","1421","10240","3721047709","2619982","512","2278","708","9","1123.790197"
"1","2","10","q10_case1","1422","10240","3723667824","2620115","512","2276","708","9","1124.570098"
"1","2","10","q10_case1","1423","10240","3726287944","2620120","512","2274","708","9","1125.361844"
"1","2","10","q10_case1","1424","10240","3728908043","2620099","512","2272","708","9","1126.163254"
"1","2","10","q10_case1","1425","10240","3731528115","2620072","512","2270","708","9","1126.958359"
"1","2","10","q10_case1","1426","10240","3734148319","2620204","512","2268","708","9","1127.755763"
"1","2","10","q10_case1","1427","10240","3736768620","2620301","512","2266","707","9","1128.530781"
"1","2","10","q10_case1","1428","10240","3739388887","2620267","512","2264","707","9","1129.317376"
"1","2","10","q10_case1","1429","10240","3742009231","2620344","512","2262","707","9","1130.100813"
"1","2","10","q10_case1","1430","10240","3744629657","2620426","512","2260","706","9","1130.897882"
"1","2","10","q10_case1","1431","10240","3747249925","2620268","512","2258","706","9","1131.693926"
"1","2","10","q10_case1","1432","10240","3749870458","2620533","512","2256","705","9","1132.462487"
"1","2","10","q10_case1","1433","10240","3752490886","2620428","512","2254","705","9","1133.264763"
"1","2","10","q10_case1","1434","10240","3755111139","2620253","512","2252","705","9","1134.052408"
"1","2","10","q10_case1","1435","10240","3757731559","2620420","512","2250","705","9","1134.846850"
"1","2","10","q10_case1","1436","10240","3760351671","2620112","512","2248","705","9","1135.648490"
"1","2","10","q10_case1","1437","10240","3762971957","2620286","512","2246","705","9","1136.446405"
"1","2","10","q10_case1","1438","10240","3765592348","2620391","512","2244","705","9","1137.243813"
"1","2","10","q10_case1","1439","10240","3768212644","2620296","512","2242","705","9","1138.039597"
"1","2","10","q10_case1","1440","10240","3770832960","2620316","512","2240","705","9","1138.841090"
"1","2","10","q10_case1","1441","10240","3773453224","2620264","512","2238","705","9","1139.639129"
"1","2","10","q10_case1","1442","10240","3776073432","2620208","512","2236","705","9","1140.430739"
"1","2","10","q10_case1","1443","10240","3778693667","2620235","512","2234","705","9","1141.240502"
"1","2","10","q10_case1","1444","10240","3781313871","2620204","512","2232","705","9","1142.045347"
"1","2","10","q10_case1","1445","10240","3783934066","2620195","512","2230","705","9","1142.843744"
"1","2","10","q10_case1","1446","10240","3786554280","2620214","512","2228","705","9","1143.637467"
"1","2","10","q10_case1","1447","10240","3789174483","2620203","512","2226","705","9","1144.468666"
"1","2","10","q10_case1","1448","10240","3791794651","2620168","512","2224","705","9","1145.302107"
"1","2","10","q10_case1","1449","10240","3794414767","2620116","512","2222","705","9","1146.138936"
"1","2","10","q10_case1","1450","10240","3797034874","2620107","512","2220","705","9","1146.985048"
"1","2","10","q10_case1","1451","10240","3799655043","2620169","512","2218","705","9","1147.815139"
"1","2","10","q10_case1","1452","10240","3802275283","2620240","512","2216","705","9","1148.631324"
"1","2","10","q10_case1","1453","10240","3804895519","2620236","512","2214","705","9","1149.469750"
"1","2","10","q10_case1","1454","10240","3807515706","2620187","512","2212","705","9","1150.273178"
"1","2","10","q10_case1","1455","10240","3810135848","2620142","512","2210","705","9","1151.121917"
"1","2","10","q10_case1","1456","10240","3812755985","2620137","512","2208","704","9","1151.946015"
"1","2","10","q10_case1","1457","10240","3815376106","2620121","512","2206","704","9","1152.741482"
"1","2","10","q10_case1","1458","10240","3817996474","2620368","512","2204","703","9","1153.537237"
"1","2","10","q10_case1","1459","10240","3820616916","2620442","512","2202","703","9","1154.330203"
"1","2","10","q10_case1","1460","10240","3823237312","2620396","512","2200","702","9","1155.103268"
"1","2","10","q10_case1","1461","10240","3825857768","2620456","512","2198","701","9","1155.904535"
"1","2","10","q10_case1","1462","10240","3828478171","2620403","512","2196","701","9","1156.696416"
"1","2","10","q10_case1","1463","10240","3831098621","2620450","512","2194","701","9","1157.478226"
"1","2","10","q10_case1","1464","10240","3833718777","2620156","512","2192","700","9","1158.281319"
"1","2","10","q10_case1","1465","10240","3836338747","2619970","512","2190","700","9","1159.061468"
"1","2","10","q10_case1","1466","10240","3838959293","2620546","512","2188","699","9","1159.859021"
"1","2","10","q10_case1","1467","10240","3841579718","2620425","512","2186","699","9","1160.658291"
"1","2","10","q10_case1","1468","10240","3844200149","2620431","512","2184","698","9","1161.462994"
"1","2","10","q10_case1","1469","10240","3846820576","2620427","512","2182","698","9","1162.268618"
"1","2","10","q10_case1","1470","10240","3849440707","2620131","512","2180","697","9","1163.065184"
"1","2","10","q10_case1","1471","10240","3852061130","2620423","512","2178","697","9","1163.903588"
"1","2","10","q10_case1","1472","10240","3854681200","2620070","512","2176","697","9","1164.711603"
"1","2","10","q10_case1","1473","10240","3857301636","2620436","512","2174","696","9","1165.502374"
"1","2","10","q10_case1","1474","10240","3859921611","2619975","512","2172","695","9","1166.304730"
"1","2","10","q10_case1","1475","10240","3862542216","2620605","512","2170","695","9","1167.106527"
"1","2","10","q10_case1","1476","10240","3865162585","2620369","512","2168","694","9","1167.901880"
"1","2","10","q10_case1","1477","10240","3867782872","2620287","512","2166","694","9","1168.715101"
"1","2","10","q10_case1","1478","10240","3870402952","2620080","512","2164","694","9","1169.548062"
"1","2","10","q10_case1","1479","10240","3873023389","2620437","512","2162","693","9","1170.408702"
"1","2","10","q10_case1","1480","10240","3875643359","2619970","512","2160","693","9","1171.243106"
"1","2","10","q10_case1","1481","10240","3878263703","2620344","512","2158","692","9","1172.047219"
"1","2","10","q10_case1","1482","10240","3880884129","2620426","512","2156","692","9","1172.843937"
"1","2","10","q10_case1","1483","10240","3883504250","2620121","512","2154","692","9","1173.631897"
"1","2","10","q10_case1","1484","10240","3886124662","2620412","512","2152","691","9","1174.429219"
"1","2","10","q10_case1","1485","10240","3888744602","2619940","512","2150","691","9","1175.236296"
"1","2","10","q10_case1","1486","10240","3891364702","2620100","512","2148","691","9","1176.023450"
"1","2","10","q10_case1","1487","10240","3893985116","2620414","512","2146","690","9","1176.811488"
"1","2","10","q10_case1","1488","10240","3896605061","2619945","512","2144","690","9","1177.608653"
"1","2","10","q10_case1","1489","10240","3899225166","2620105","512","2142","690","9","1178.393972"
"1","2","10","q10_case1","1490","10240","3901845585","2620419","512","2140","690","9","1179.192972"
"1","2","10","q10_case1","1491","10240","3904465521","2619936","512","2138","690","9","1179.984409"
"1","2","10","q10_case1","1492","10240","3907085499","2619978","512","2136","690","9","1180.779478"
"1","2","10","q10_case1","1493","10240","3909705734","2620235","512","2134","690","9","1181.570264"
"1","2","10","q10_case1","1494","10240","3912325910","2620176","512","2132","690","9","1182.366231"
"1","2","10","q10_case1","1495","10240","3914946202","2620292","512","2130","690","9","1183.157383"
"1","2","10","q10_case1","1496","10240","3917566476","2620274","512","2128","690","9","1183.948648"
"1","2","10","q10_case1","1497","10240","3920186739","2620263","512","2126","690","9","1184.740652"
"1","2","10","q10_case1","1498","10240","3922807005","2620266","512","2124","690","9","1185.539888"
"1","2","10","q10_case1","1499","10240","3925427230","2620225","512","2122","690","9","1186.335362"
"1","2","10","q10_case1","1500","10240","3928047464","2620234","512","2120","689","9","1187.129435"
"1","2","10","q10_case1","1501","10240","3930667709","2620245","512","2118","689","9","1187.922637"
"1","2","10","q10_case1","1502","10240","3933288025","2620316","512","2116","689","9","1188.755693"
"1","2","10","q10_case1","1503","10240","3935908415","2620390","512","2114","689","9","1189.562281"
"1","2","10","q10_case1","1504","10240","3938528212","2619797","512","2112","689","9","1190.357529"
"1","2","10","q10_case1","1505","10240","3941148119","2619907","512","2110","689","9","1191.154110"
"1","2","10","q10_case1","1506","10240","3943768132","2620013","512","2108","689","9","1191.956613"
"1","2","10","q10_case1","1507","10240","3946388362","2620230","512","2106","689","9","1192.750187"
"1","2","10","q10_case1","1508","10240","3949008622","2620260","512","2104","689","9","1193.552001"
"1","2","10","q10_case1","1509","10240","3951628893","2620271","512","2102","688","9","1194.336582"
"1","2","10","q10_case1","1510","10240","3954249153","2620260","512","2100","688","9","1195.137693"
"1","2","10","q10_case1","1511","10240","3956869604","2620451","512","2098","687","9","1195.934933"
"1","2","10","q10_case1","1512","10240","3959490053","2620449","512","2096","686","9","1196.727892"
"1","2","10","q10_case1","1513","10240","3962110345","2620292","512","2094","686","9","1197.510889"
"1","2","10","q10_case1","1514","10240","3964730794","2620449","512","2092","686","9","1198.305374"
"1","2","10","q10_case1","1515","10240","3967351087","2620293","512","2090","685","9","1199.100755"
"1","2","10","q10_case1","1516","10240","3969971262","2620175","512","2088","685","9","1199.893523"
"1","2","10","q10_case1","1517","10240","3972591617","2620355","512","2086","685","9","1200.663750"
"1","2","10","q10_case1","1518","10240","3975212062","2620445","512","2084","684","9","1201.482293"
"1","2","10","q10_case1","1519","10240","3977832294","2620232","512","2082","684","9","1202.283514"
"1","2","10","q10_case1","1520","10240","3980452653","2620359","512","2080","683","9","1203.069800"
"1","2","10","q10_case1","1521","10240","3983073101","2620448","512","2078","683","9","1203.862884"
"1","2","10","q10_case1","1522","10240","3985693208","2620107","512","2076","683","9","1204.636168"
"1","2","10","q10_case1","1523","10240","3988313652","2620444","512","2074","682","9","1205.431965"
"1","2","10","q10_case1","1524","10240","3990933708","2620056","512","2072","682","9","1206.232534"
"1","2","10","q10_case1","1525","10240","3993553935","2620227","512","2070","682","9","1207.016925"
"1","2","10","q10_case1","1526","10240","3996174354","2620419","512","2068","682","9","1207.814441"
"1","2","10","q10_case1","1527","10240","3998794349","2619995","512","2066","682","9","1208.599575"
"1","2","10","q10_case1","1528","10240","4001414453","2620104","512","2064","682","9","1209.403515"
"1","2","10","q10_case1","1529","10240","4004034755","2620302","512","2062","682","9","1210.201345"
"1","2","10","q10_case1","1530","10240","4006655013","2620258","512","2060","682","9","1211.001162"
"1","2","10","q10_case1","1531","10240","4009275275","2620262","512","2058","681","9","1211.793516"
"1","2","10","q10_case1","1532","10240","4011895493","2620218","512","2056","680","9","1212.593414"
"1","2","10","q10_case1","1533","10240","4014515896","2620403","512","2054","680","9","1213.385739"
"1","2","10","q10_case1","1534","10240","4017136340","2620444","512","2052","679","9","1214.235405"
"1","2","10","q10_case1","1535","10240","4019756708","2620368","512","2050","679","9","1215.100974"
"1","2","10","q10_case1","1536","10240","4022376951","2620243","512","2048","679","9","1215.992935"
"1","2","10","q10_case1","1537","10240","4024997390","2620439","512","2046","678","9","1216.858177"
"1","2","10","q10_case1","1538","10240","4027617513","2620123","512","2044","678","9","1217.744108"
"1","2","10","q10_case1","1539","10240","4030237883","2620370","512","2042","677","9","1218.563637"
"1","2","10","q10_case1","1540","10240","4032858315","2620432","512","2040","677","9","1219.377744"
"1","2","10","q10_case1","1541","10240","4035478735","2620420","512","2038","676","9","1220.174583"
"1","2","10","q10_case1","1542","10240","4038099122","2620387","512","2036","676","9","1220.977556"
"1","2","10","q10_case1","1543","10240","4040719531","2620409","512","2034","676","9","1221.770195"
"1","2","10","q10_case1","1544","10240","4043339940","2620409","512","2032","676","9","1222.577652"
"1","2","10","q10_case1","1545","10240","4045960036","2620096","512","2030","675","9","1223.382605"
"1","2","10","q10_case1","1546","10240","4048580409","2620373","512","2028","675","9","1224.161497"
"1","2","10","q10_case1","1547","10240","4051200672","2620263","512","2026","675","9","1224.948630"
"1","2","10","q10_case1","1548","10240","4053821224","2620552","512","2024","675","9","1225.749454"
"1","2","10","q10_case1","1549","10240","4056441585","2620361","512","2022","675","9","1226.555566"
"1","2","10","q10_case1","1550","10240","4059061782","2620197","512","2020","674","9","1227.354747"
"1","2","10","q10_case1","1551","10240","4061681914","2620132","512","2018","674","9","1228.141307"
"1","2","10","q10_case1","1552","10240","4064302368","2620454","512","2016","674","9","1228.942633"
"1","2","10","q10_case1","1553","10240","4066922551","2620183","512","2014","674","9","1229.759795"
"1","2","10","q10_case1","1554","10240","4069542624","2620073","512","2012","673","9","1230.563585"
"1","2","10","q10_case1","1555","10240","4072162778","2620154","512","2010","673","9","1231.397464"
"1","2","10","q10_case1","1556","10240","4074783102","2620324","512","2008","673","9","1232.199840"
"1","2","10","q10_case1","1557","10240","4077403558","2620456","512","2006","672","9","1232.985920"
"1","2","10","q10_case1","1558","10240","4080023570","2620012","512","2004","672","9","1233.788698"
"1","2","10","q10_case1","1559","10240","4082643739","2620169","512","2002","671","9","1234.580024"
"1","2","10","q10_case1","1560","10240","4085264171","2620432","512","2000","670","9","1235.379642"
"1","2","10","q10_case1","1561","10240","4087884256","2620085","512","1998","670","9","1236.172490"
"1","2","10","q10_case1","1562","10240","4090504667","2620411","512","1996","670","9","1236.962420"
"1","2","10","q10_case1","1563","10240","4093124847","2620180","512","1994","669","9","1237.771895"
"1","2","10","q10_case1","1564","10240","4095744855","2620008","512","1992","669","9","1238.570305"
"1","2","10","q10_case1","1565","10240","4098364820","2619965","512","1990","668","9","1239.370216"
"1","2","10","q10_case1","1566","10240","4100985194","2620374","512","1988","668","9","1240.147369"
"1","2","10","q10_case1","1567","10240","4103605329","2620135","512","1986","668","9","1240.948312"
"1","2","10","q10_case1","1568","10240","4106225680","2620351","512","1984","667","9","1241.746098"
"1","2","10","q10_case1","1569","10240","4108845708","2620028","512","1982","667","9","1242.544021"
"1","2","10","q10_case1","1570","10240","4111465746","2620038","512","1980","666","9","1243.363588"
"1","2","10","q10_case1","1571","10240","4114085904","2620158","512","1978","666","9","1244.173083"
"1","2","10","q10_case1","1572","10240","4116705879","2619975","512","1976","665","9","1244.949031"
"1","2","10","q10_case1","1573","10240","4119325925","2620046","512","1974","665","9","1245.749431"
"1","2","10","q10_case1","1574","10240","4121945937","2620012","512","1972","665","9","1246.547634"
"1","2","10","q10_case1","1575","10240","4124566152","2620215","512","1970","665","9","1247.339586"
"1","2","10","q10_case1","1576","10240","4127186184","2620032","512","1968","665","9","1248.153267"
"1","2","10","q10_case1","1577","10240","4129806190","2620006","512","1966","665","9","1248.955933"
"1","2","10","q10_case1","1578","10240","4132426604","2620414","512","1964","665","9","1249.760180"
"1","2","10","q10_case1","1579","10240","4135047113","2620509","512","1962","665","9","1250.545605"
"1","2","10","q10_case1","1580","10240","4137667452","2620339","512","1960","665","9","1251.346757"
"1","2","10","q10_case1","1581","10240","4140287817","2620365","512","1958","665","9","1252.143695"
"1","2","10","q10_case1","1582","10240","4142908196","2620379","512","1956","665","9","1252.960124"
"1","2","10","q10_case1","1583","10240","4145528503","2620307","512","1954","665","9","1253.763257"
"1","2","10","q10_case1","1584","10240","4148148770","2620267","512","1952","665","9","1254.587724"
"1","2","10","q10_case1","1585","10240","4150769046","2620276","512","1950","665","9","1255.432665"
"1","2","10","q10_case1","1586","10240","4153389335","2620289","512","1948","665","9","1256.257498"
"1","2","10","q10_case1","1587","10240","4156009516","2620181","512","1946","665","9","1257.059678"
"1","2","10","q10_case1","1588","10240","4158629683","2620167","512","1944","665","9","1257.876181"
"1","2","10","q10_case1","1589","10240","4161249816","2620133","512","1942","665","9","1258.709183"
"1","2","10","q10_case1","1590","10240","4163869928","2620112","512","1940","665","9","1259.525690"
"1","2","10","q10_case1","1591","10240","4166490021","2620093","512","1938","665","9","1260.327996"
"1","2","10","q10_case1","1592","10240","4169110059","2620038","512","1936","665","9","1261.155643"
"1","2","10","q10_case1","1593","10240","4171730037","2619978","512","1934","665","9","1261.964675"
"1","2","10","q10_case1","1594","10240","4174350048","2620011","512","1932","665","9","1262.766435"
"1","2","10","q10_case1","1595","10240","4176970098","2620050","512","1930","665","9","1263.562602"
"1","2","10","q10_case1","1596","10240","4179590147","2620049","512","1928","665","9","1264.360908"
"1","2","10","q10_case1","1597","10240","4182210160","2620013","512","1926","665","9","1265.163387"
"1","2","10","q10_case1","1598","10240","4184830165","2620005","512","1924","665","9","1265.961015"
"1","2","10","q10_case1","1599","10240","4187450192","2620027","512","1922","665","9","1266.759204"
"1","2","10","q10_case1","1600","10240","4190070230","2620038","512","1920","664","9","1267.560505"
"1","2","10","q10_case1","1601","10240","4192690280","2620050","512","1918","664","9","1268.342553"
"1","2","10","q10_case1","1602","10240","4195310325","2620045","512","1916","664","9","1269.141615"
"1","2","10","q10_case1","1603","10240","4197930359","2620034","512","1914","664","9","1269.929948"
"1","2","10","q10_case1","1604","10240","4200550334","2619975","512","1912","664","9","1270.743249"
"1","2","10","q10_case1","1605","10240","4203170132","2619798","512","1910","664","9","1271.551582"
"1","2","10","q10_case1","1606","10240","4205789612","2619480","512","1908","664","9","1272.366599"
"1","2","10","q10_case1","1607","10240","4208408982","2619370","512","1906","664","9","1273.170203"
"1","2","10","q10_case1","1608","10240","4211028319","2619337","512","1904","664","9","1273.969260"
"1","2","10","q10_case1","1609","10240","4213647622","2619303","512","1902","664","9","1274.766314"
"1","2","10","q10_case1","1610","10240","4216266896","2619274","512","1900","664","9","1275.563403"
"1","2","10","q10_case1","1611","10240","4218886204","2619308","512","1898","664","9","1276.359488"
"1","2","10","q10_case1","1612","10240","4221505710","2619506","512","1896","664","9","1277.141799"
"1","2","10","q10_case1","1613","10240","4224125434","2619724","512","1894","664","9","1277.936823"
"1","2","10","q10_case1","1614","10240","4226745027","2619593","512","1892","664","9","1278.728698"
"1","2","10","q10_case1","1615","10240","4229364561","2619534","512","1890","664","9","1279.524194"
"1","2","10","q10_case1","1616","10240","4231984054","2619493","512","1888","664","9","1280.321632"
"1","2","10","q10_case1","1617","10240","4234603523","2619469","512","1886","664","9","1281.111923"
"1","2","10","q10_case1","1618","10240","4237222934","2619411","512","1884","664","9","1281.900548"
"1","2","10","q10_case1","1619","10240","4239842293","2619359","512","1882","664","9","1282.674706"
"1","2","10","q10_case1","1620","10240","4242461718","2619425","512","1880","664","9","1283.470254"
"1","2","10","q10_case1","1621","10240","4245081181","2619463","512","1880","664","8","1284.267047"
"1","2","10","q10_case1","1622","10240","4247701321","2620140","512","1878","664","8","1285.070870"
"1","2","10","q10_case1","1623","10240","4250321235","2619914","512","1876","664","8","1285.874031"
"1","2","10","q10_case1","1624","10240","4252940711","2619476","512","1874","664","8","1286.663395"
"1","2","10","q10_case1","1625","10240","4255560360","2619649","512","1872","664","8","1287.462638"
"1","2","10","q10_case1","1626","10240","4258180222","2619862","512","1870","664","8","1288.260419"
"1","2","10","q10_case1","1627","10240","4260800112","2619890","512","1868","663","8","1289.041858"
"1","2","10","q10_case1","1628","10240","4263419907","2619795","512","1866","663","8","1289.841585"
"1","2","10","q10_case1","1629","10240","4266039730","2619823","512","1864","663","8","1290.640965"
"1","2","10","q10_case1","1630","10240","4268659494","2619764","512","1862","663","8","1291.464124"
"1","2","10","q10_case1","1631","10240","4271279345","2619851","512","1860","663","8","1292.245991"
"1","2","10","q10_case1","1632","10240","4273899300","2619955","512","1858","663","8","1293.035794"
"1","2","10","q10_case1","1633","10240","4276519343","2620043","512","1856","663","8","1293.818681"
"1","2","10","q10_case1","1634","10240","4279139429","2620086","512","1854","663","8","1294.603719"
"1","2","10","q10_case1","1635","10240","4281759602","2620173","512","1852","663","8","1295.396938"
"1","2","10","q10_case1","1636","10240","4284379862","2620260","512","1852","660","8","1296.191465"
"1","2","10","q10_case1","1637","10240","4287000171","2620309","512","1850","660","8","1296.987987"
"1","2","10","q10_case1","1638","10240","4289620657","2620486","512","1848","660","8","1297.808210"
"1","2","10","q10_case1","1639","10240","4292240995","2620338","512","1846","660","8","1298.602079"
"1","2","10","q10_case1","1640","10240","4294861325","2620330","512","1844","659","8","1299.407280"
"1","2","10","q10_case1","1641","10240","4297481730","2620405","512","1842","659","8","1300.193916"
"1","2","10","q10_case1","1642","10240","4300102327","2620597","512","1840","659","8","1300.993220"
"1","2","10","q10_case1","1643","10240","4302723106","2620779","512","1838","660","8","1301.792028"
"1","2","10","q10_case1","1644","10240","4305343713","2620607","512","1836","660","8","1302.583744"
"1","2","10","q10_case1","1645","10240","4307964453","2620740","512","1834","660","8","1303.381475"
"1","2","10","q10_case1","1646","10240","4310585127","2620674","512","1834","655","8","1304.160655"
"1","2","10","q10_case1","1647","10240","4313205792","2620665","512","1832","655","8","1304.950106"
"1","2","10","q10_case1","1648","10240","4315826523","2620731","512","1830","655","8","1305.738362"
"1","2","10","q10_case1","1649","10240","4318447186","2620663","512","1828","655","8","1306.593782"
"1","2","10","q10_case1","1650","10240","4321067791","2620605","512","1826","655","8","1307.475879"
"1","2","10","q10_case1","1651","10240","4323688313","2620522","512","1824","656","8","1308.320139"
"1","2","10","q10_case1","1652","10240","4326308650","2620337","512","1822","656","8","1309.115775"
"1","2","10","q10_case1","1653","10240","4328928916","2620266","512","1820","656","8","1309.922878"
"1","2","10","q10_case1","1654","10240","4331549240","2620324","512","1818","656","8","1310.718726"
"1","2","10","q10_case1","1655","10240","4334169622","2620382","512","1818","658","7","1311.504012"
"1","2","10","q10_case1","1656","10240","4336789928","2620306","512","1816","658","7","1312.319393"
"1","2","10","q10_case1","1657","10240","4339410236","2620308","512","1814","658","7","1313.125826"
"1","2","10","q10_case1","1658","10240","4342030539","2620303","512","1812","657","7","1313.926244"
"1","2","10","q10_case1","1659","10240","4344650747","2620208","512","1810","657","7","1314.729399"
"1","2","10","q10_case1","1660","10240","4347270961","2620214","512","1808","657","7","1315.508165"
"1","2","10","q10_case1","1661","10240","4349891137","2620176","512","1806","657","7","1316.300392"
"1","2","10","q10_case1","1662","10240","4352511272","2620135","512","1804","657","7","1317.091854"
"1","2","10","q10_case1","1663","10240","4355131367","2620095","512","1802","657","7","1317.877881"
"1","2","10","q10_case1","1664","10240","4357751468","2620101","512","1800","657","7","1318.664954"
"1","2","10","q10_case1","1665","10240","4360371532","2620064","512","1798","657","7","1319.453293"
"1","2","10","q10_case1","1666","10240","4362991584","2620052","512","1796","657","7","1320.240946"
"1","2","10","q10_case1","1667","10240","4365611727","2620143","512","1794","657","7","1321.046942"
"1","2","10","q10_case1","1668","10240","4368231968","2620241","512","1794","653","7","1321.825930"
"1","2","10","q10_case1","1669","10240","4370852347","2620379","512","1792","653","7","1322.595346"
"1","2","10","q10_case1","1670","10240","4373472873","2620526","512","1790","653","7","1323.376548"
"1","2","10","q10_case1","1671","10240","4376093215","2620342","512","1788","653","7","1324.165411"
"1","2","10","q10_case1","1672","10240","4378713524","2620309","512","1786","653","7","1324.949832"
"1","2","10","q10_case1","1673","10240","4381333851","2620327","512","1784","654","7","1325.737506"
"1","2","10","q10_case1","1674","10240","4383954212","2620361","512","1782","654","7","1326.525125"
"1","2","10","q10_case1","1675","10240","4386574691","2620479","512","1780","654","7","1327.306687"
"1","2","10","q10_case1","1676","10240","4389194988","2620297","512","1778","654","7","1328.091021"
"1","2","10","q10_case1","1677","10240","4391815343","2620355","512","1776","654","7","1328.866759"
"1","2","10","q10_case1","1678","10240","4394435855","2620512","512","1774","654","7","1329.662437"
"1","2","10","q10_case1","1679","10240","4397056311","2620456","512","1772","654","7","1330.434247"
"1","2","10","q10_case1","1680","10240","4399676879","2620568","512","1772","650","7","1331.215719"
"1","2","10","q10_case1","1681","10240","4402297408","2620529","512","1770","650","7","1332.009021"
"1","2","10","q10_case1","1682","10240","4404918124","2620716","512","1768","650","7","1332.800121"
"1","2","10","q10_case1","1683","10240","4407538890","2620766","512","1766","650","7","1333.582534"
"1","2","10","q10_case1","1684","10240","4410159449","2620559","512","1764","650","7","1334.362617"
"1","2","10","q10_case1","1685","10240","4412779814","2620365","512","1762","650","7","1335.148790"
"1","2","10","q10_case1","1686","10240","4415399832","2620018","512","1760","650","7","1335.933059"
"1","2","10","q10_case1","1687","10240","4418019688","2619856","512","1758","650","7","1336.715762"
"1","2","10","q10_case1","1688","10240","4420639680","2619992","512","1756","650","7","1337.503289"
"1","2","10","q10_case1","1689","10240","4423259872","2620192","512","1756","653","6","1338.293634"
"1","2","10","q10_case1","1690","10240","4425880192","2620320","512","1754","653","6","1339.069326"
"1","2","10","q10_case1","1691","10240","4428500813","2620621","512","1752","653","6","1339.858736"
"1","2","10","q10_case1","1692","10240","4431121303","2620490","512","1750","653","6","1340.644023"
"1","2","10","q10_case1","1693","10240","4433741682","2620379","512","1748","646","7","1341.431200"
"1","2","10","q10_case1","1694","10240","4436362084","2620402","512","1746","646","7","1342.213123"
"1","2","10","q10_case1","1695","10240","4438982485","2620401","512","1744","646","7","1342.991140"
"1","2","10","q10_case1","1696","10240","4441602747","2620262","512","1742","648","7","1343.783540"
"1","2","10","q10_case1","1697","10240","4444223009","2620262","512","1740","649","7","1344.575543"
"1","2","10","q10_case1","1698","10240","4446843451","2620442","512","1740","649","6","1345.361862"
"1","2","10","q10_case1","1699","10240","4449464065","2620614","512","1738","649","6","1346.130481"
"1","2","10","q10_case1","1700","10240","4452084716","2620651","512","1736","649","6","1346.919333"
"1","2","10","q10_case1","1701","10240","4454705265","2620549","512","1734","649","6","1347.695856"
"1","2","10","q10_case1","1702","10240","4457325779","2620514","512","1732","650","6","1348.475517"
"1","2","10","q10_case1","1703","10240","4459946303","2620524","512","1730","651","6","1349.253013"
"1","2","10","q10_case1","1704","10240","4462566796","2620493","512","1728","651","6","1350.042447"
"1","2","10","q10_case1","1705","10240","4465187240","2620444","512","1726","651","6","1350.857661"
"1","2","10","q10_case1","1706","10240","4467807579","2620339","512","1724","651","6","1351.663167"
"1","2","10","q10_case1","1707","10240","4470427938","2620359","512","1724","645","6","1352.453259"
"1","2","10","q10_case1","1708","10240","4473048369","2620431","512","1722","645","6","1353.256091"
"1","2","10","q10_case1","1709","10240","4475669046","2620677","512","1720","646","6","1354.043612"
"1","2","10","q10_case1","1710","10240","4478289545","2620499","512","1718","646","6","1354.829045"
"1","2","10","q10_case1","1711","10240","4480910267","2620722","512","1716","647","6","1355.641295"
"1","2","10","q10_case1","1712","10240","4483530902","2620635","512","1714","647","6","1356.415342"
"1","2","10","q10_case1","1713","10240","4486151710","2620808","512","1712","647","6","1357.200885"
"1","2","10","q10_case1","1714","10240","4488772369","2620659","512","1710","647","6","1357.994095"
"1","2","10","q10_case1","1715","10240","4491392919","2620550","512","1708","647","6","1358.775560"
"1","2","10","q10_case1","1716","10240","4494013541","2620622","512","1708","642","6","1359.569240"
"1","2","10","q10_case1","1717","10240","4496634058","2620517","512","1706","642","6","1360.361922"
"1","2","10","q10_case1","1718","10240","4499254753","2620695","512","1704","643","6","1361.156642"
"1","2","10","q10_case1","1719","10240","4501875369","2620616","512","1702","643","6","1361.945845"
"1","2","10","q10_case1","1720","10240","4504496121","2620752","512","1700","643","6","1362.764612"
"1","2","10","q10_case1","1721","10240","4507116821","2620700","512","1698","643","6","1363.582372"
"1","2","10","q10_case1","1722","10240","4509737362","2620541","512","1696","643","6","1364.392416"
"1","2","10","q10_case1","1723","10240","4512357900","2620538","512","1694","645","6","1365.187601"
"1","2","10","q10_case1","1724","10240","4514978418","2620518","512","1694","638","6","1365.965359"
"1","2","10","q10_case1","1725","10240","4517599157","2620739","512","1692","638","6","1366.756941"
"1","2","10","q10_case1","1726","10240","4520219965","2620808","512","1690","639","6","1367.546350"
"1","2","10","q10_case1","1727","10240","4522840744","2620779","512","1688","639","6","1368.328682"
"1","2","10","q10_case1","1728","10240","4525461510","2620766","512","1686","639","6","1369.114362"
"1","2","10","q10_case1","1729","10240","4528082164","2620654","512","1684","639","6","1369.910315"
"1","2","10","q10_case1","1730","10240","4530702955","2620791","512","1682","639","6","1370.698236"
"1","2","10","q10_case1","1731","10240","4533323550","2620595","512","1680","640","6","1371.491216"
"1","2","10","q10_case1","1732","10240","4535944052","2620502","512","1680","634","6","1372.268519"
"1","2","10","q10_case1","1733","10240","4538564692","2620640","512","1678","634","6","1373.061737"
"1","2","10","q10_case1","1734","10240","4541185441","2620749","512","1676","634","6","1373.847988"
"1","2","10","q10_case1","1735","10240","4543806091","2620650","512","1674","634","6","1374.628261"
"1","2","10","q10_case1","1736","10240","4546426754","2620663","512","1672","635","6","1375.406459"
"1","2","10","q10_case1","1737","10240","4549047532","2620778","512","1670","635","6","1376.195529"
"1","2","10","q10_case1","1738","10240","4551668362","2620830","512","1668","636","6","1376.976466"
"1","2","10","q10_case1","1739","10240","4554289011","2620649","512","1666","636","6","1377.785541"
"1","2","10","q10_case1","1740","10240","4556909767","2620756","512","1664","636","6","1378.568233"
"1","2","10","q10_case1","1741","10240","4559530347","2620580","512","1662","636","6","1379.356109"
"1","2","10","q10_case1","1742","10240","4562150944","2620597","512","1662","630","6","1380.147906"
"1","2","10","q10_case1","1743","10240","4564771645","2620701","512","1660","633","6","1380.957766"
"1","2","10","q10_case1","1744","10240","4567392469","2620824","512","1658","633","6","1381.751394"
"1","2","10","q10_case1","1745","10240","4570013336","2620867","512","1656","632","6","1382.564392"
"1","2","10","q10_case1","1746","10240","4572634062","2620726","512","1654","632","6","1383.362401"
"1","2","10","q10_case1","1747","10240","4575254887","2620825","512","1652","632","6","1384.160289"
"1","2","10","q10_case1","1748","10240","4577875567","2620680","512","1650","632","6","1384.957775"
"1","2","10","q10_case1","1749","10240","4580496135","2620568","512","1650","629","6","1385.757320"
"1","2","10","q10_case1","1750","10240","4583116721","2620586","512","1648","629","6","1386.561095"
"1","2","10","q10_case1","1751","10240","4585737501","2620780","512","1646","629","6","1387.351338"
"1","2","10","q10_case1","1752","10240","4588358222","2620721","512","1644","629","6","1388.146114"
"1","2","10","q10_case1","1753","10240","4590978854","2620632","512","1642","629","6","1388.937793"
"1","2","10","q10_case1","1754","10240","4593599532","2620678","512","1640","628","6","1389.729224"
"1","2","10","q10_case1","1755","10240","4596220237","2620705","512","1638","628","6","1390.524901"
"1","2","10","q10_case1","1756","10240","4598840956","2620719","512","1636","632","6","1391.328195"
"1","2","10","q10_case1","1757","10240","4601461458","2620502","512","1634","632","6","1392.123079"
"1","2","10","q10_case1","1758","10240","4604082181","2620723","512","1632","632","6","1392.921455"
"1","2","10","q10_case1","1759","10240","4606702642","2620461","512","1630","631","6","1393.718817"
"1","2","10","q10_case1","1760","10240","4609323082","2620440","512","1630","624","6","1394.509019"
"1","2","10","q10_case1","1761","10240","4611943713","2620631","512","1628","628","6","1395.308761"
"1","2","10","q10_case1","1762","10240","4614564517","2620804","512","1626","628","6","1396.105348"
"1","2","10","q10_case1","1763","10240","4617185358","2620841","512","1624","628","6","1396.892999"
"1","2","10","q10_case1","1764","10240","4619806158","2620800","512","1622","627","6","1397.685992"
"1","2","10","q10_case1","1765","10240","4622426890","2620732","512","1620","626","6","1398.481892"
"1","2","10","q10_case1","1766","10240","4625047548","2620658","512","1618","626","6","1399.283425"
"1","2","10","q10_case1","1767","10240","4627668207","2620659","512","1616","628","6","1400.080533"
"1","2","10","q10_case1","1768","10240","4630288732","2620525","512","1614","627","6","1400.878730"
"1","2","10","q10_case1","1769","10240","4632909482","2620750","512","1614","623","6","1401.674505"
"1","2","10","q10_case1","1770","10240","4635530033","2620551","512","1612","622","6","1402.470765"
"1","2","10","q10_case1","1771","10240","4638150844","2620811","512","1610","622","6","1403.272584"
"1","2","10","q10_case1","1772","10240","4640771661","2620817","512","1608","622","6","1404.070540"
"1","2","10","q10_case1","1773","10240","4643392259","2620598","512","1606","622","6","1404.891762"
"1","2","10","q10_case1","1774","10240","4646012963","2620704","512","1604","622","6","1405.698764"
"1","2","10","q10_case1","1775","10240","4648633520","2620557","512","1602","621","6","1406.497574"
"1","2","10","q10_case1","1776","10240","4651254258","2620738","512","1602","619","6","1407.293043"
"1","2","10","q10_case1","1777","10240","4653874900","2620642","512","1600","618","6","1408.095487"
"1","2","10","q10_case1","1778","10240","4656495736","2620836","512","1598","618","6","1408.890727"
"1","2","10","q10_case1","1779","10240","4659116525","2620789","512","1596","618","6","1409.686831"
"1","2","10","q10_case1","1780","10240","4661737206","2620681","512","1594","618","6","1410.486251"
"1","2","10","q10_case1","1781","10240","4664358010","2620804","512","1592","618","6","1411.301192"
"1","2","10","q10_case1","1782","10240","4666978693","2620683","512","1592","615","6","1412.109326"
"1","2","10","q10_case1","1783","10240","4669599558","2620865","512","1590","615","6","1412.904874"
"1","2","10","q10_case1","1784","10240","4672220445","2620887","512","1588","615","6","1413.689200"
"1","2","10","q10_case1","1785","10240","4674841151","2620706","512","1586","615","6","1414.484388"
"1","2","10","q10_case1","1786","10240","4677462000","2620849","512","1584","615","6","1415.273996"
"1","2","10","q10_case1","1787","10240","4680082687","2620687","512","1582","615","6","1416.063064"
"1","2","10","q10_case1","1788","10240","4682703475","2620788","512","1580","617","6","1416.863081"
"1","2","10","q10_case1","1789","10240","4685324244","2620769","512","1580","612","6","1417.640868"
"1","2","10","q10_case1","1790","10240","4687945108","2620864","512","1578","612","6","1418.443700"
"1","2","10","q10_case1","1791","10240","4690565991","2620883","512","1576","612","6","1419.263045"
"1","2","10","q10_case1","1792","10240","4693186758","2620767","512","1574","612","6","1420.086041"
"1","2","10","q10_case1","1793","10240","4695807412","2620654","512","1572","613","6","1420.892634"
"1","2","10","q10_case1","1794","10240","4698428012","2620600","512","1570","614","6","1421.685484"
"1","2","10","q10_case1","1795","10240","4701048806","2620794","512","1568","615","6","1422.481691"
"1","2","10","q10_case1","1796","10240","4703669650","2620844","512","1568","609","6","1423.256122"
"1","2","10","q10_case1","1797","10240","4706290509","2620859","512","1566","609","6","1424.043968"
"1","2","10","q10_case1","1798","10240","4708911390","2620881","512","1564","610","6","1424.836776"
"1","2","10","q10_case1","1799","10240","4711532020","2620630","512","1562","611","6","1425.620649"
"1","2","10","q10_case1","1800","10240","4714152835","2620815","512","1560","612","6","1426.412418"
"1","2","10","q10_case1","1801","10240","4716773707","2620872","512","1558","612","6","1427.197399"
"1","2","10","q10_case1","1802","10240","4719394594","2620887","512","1558","606","6","1427.992550"
"1","2","10","q10_case1","1803","10240","4722015484","2620890","512","1556","607","6","1428.780294"
"1","2","10","q10_case1","1804","10240","4724636391","2620907","512","1554","608","6","1429.554057"
"1","2","10","q10_case1","1805","10240","4727257265","2620874","512","1552","609","6","1430.345120"
"1","2","10","q10_case1","1806","10240","4729878159","2620894","512","1550","609","6","1431.140734"
"1","2","10","q10_case1","1807","10240","4732499051","2620892","512","1548","610","6","1431.972872"
"1","2","10","q10_case1","1808","10240","4735119807","2620756","512","1548","605","6","1432.819739"
"1","2","10","q10_case1","1809","10240","4737740660","2620853","512","1546","605","6","1433.600891"
"1","2","10","q10_case1","1810","10240","4740361556","2620896","512","1544","605","6","1434.396796"
"1","2","10","q10_case1","1811","10240","4742982275","2620719","512","1542","606","6","1435.197000"
"1","2","10","q10_case1","1812","10240","4745602987","2620712","512","1540","607","6","1435.997565"
"1","2","10","q10_case1","1813","10240","4748223791","2620804","512","1540","602","6","1436.788880"
"1","2","10","q10_case1","1814","10240","4750844623","2620832","512","1538","603","6","1437.560084"
"1","2","10","q10_case1","1815","10240","4753465505","2620882","512","1536","603","6","1438.353174"
"1","2","10","q10_case1","1816","10240","4756086301","2620796","512","1534","604","6","1439.168434"
"1","2","10","q10_case1","1817","10240","4758707059","2620758","512","1532","604","6","1439.988160"
"1","2","10","q10_case1","1818","10240","4761327918","2620859","512","1530","606","6","1440.823638"
"1","2","10","q10_case1","1819","10240","4763948613","2620695","512","1530","601","6","1441.625632"
"1","2","10","q10_case1","1820","10240","4766569477","2620864","512","1528","601","6","1442.426599"
"1","2","10","q10_case1","1821","10240","4769190377","2620900","512","1526","601","6","1443.213139"
"1","2","10","q10_case1","1822","10240","4771811085","2620708","512","1524","601","6","1443.998934"
"1","2","10","q10_case1","1823","10240","4774431953","2620868","512","1522","601","6","1444.793876"
"1","2","10","q10_case1","1824","10240","4777052543","2620590","512","1520","605","6","1445.594159"
"1","2","10","q10_case1","1825","10240","4779673354","2620811","512","1518","604","6","1446.387772"
"1","2","10","q10_case1","1826","10240","4782294234","2620880","512","1518","599","6","1447.182841"
"1","2","10","q10_case1","1827","10240","4784914925","2620691","512","1516","598","6","1447.974826"
"1","2","10","q10_case1","1828","10240","4787535801","2620876","512","1514","598","6","1448.794985"
"1","2","10","q10_case1","1829","10240","4790156520","2620719","512","1512","598","6","1449.631417"
"1","2","10","q10_case1","1830","10240","4792777116","2620596","512","1510","600","6","1450.469326"
"1","2","10","q10_case1","1831","10240","4795397866","2620750","512","1508","604","6","1451.290657"
"1","2","10","q10_case1","1832","10240","4798018729","2620863","512","1508","596","6","1452.113345"
"1","2","10","q10_case1","1833","10240","4800639628","2620899","512","1506","595","6","1452.935259"
"1","2","10","q10_case1","1834","10240","4803260525","2620897","512","1504","595","6","1453.758837"
"1","2","10","q10_case1","1835","10240","4805881260","2620735","512","1502","597","6","1454.565396"
"1","2","10","q10_case1","1836","10240","4808501866","2620606","512","1500","598","6","1455.410864"
"1","2","10","q10_case1","1837","10240","4811122698","2620832","512","1498","598","6","1456.230113"
"1","2","10","q10_case1","1838","10240","4813743581","2620883","512","1496","598","6","1457.023066"
"1","2","10","q10_case1","1839","10240","4816364179","2620598","512","1494","597","6","1457.824948"
"1","2","10","q10_case1","1840","10240","4818984699","2620520","512","1492","596","6","1458.642946"
"1","2","10","q10_case1","1841","10240","4821605450","2620751","512","1490","596","6","1459.455534"
"1","2","10","q10_case1","1842","10240","4824226205","2620755","512","1490","594","6","1460.255413"
"1","2","10","q10_case1","1843","10240","4826846762","2620557","512","1488","594","6","1461.059241"
"1","2","10","q10_case1","1844","10240","4829467538","2620776","512","1486","593","6","1461.859767"
"1","2","10","q10_case1","1845","10240","4832088191","2620653","512","1484","593","6","1462.627463"
"1","2","10","q10_case1","1846","10240","4834708856","2620665","512","1482","593","6","1463.426178"
"1","2","10","q10_case1","1847","10240","4837329329","2620473","512","1480","593","6","1464.226795"
"1","2","10","q10_case1","1848","10240","4839949776","2620447","512","1480","591","6","1465.027847"
"1","2","10","q10_case1","1849","10240","4842570383","2620607","512","1478","591","6","1465.827641"
"1","2","10","q10_case1","1850","10240","4845191204","2620821","512","1476","590","6","1466.625298"
"1","2","10","q10_case1","1851","10240","4847811888","2620684","512","1474","590","6","1467.389939"
"1","2","10","q10_case1","1852","10240","4850432629","2620741","512","1472","590","6","1468.184642"
"1","2","10","q10_case1","1853","10240","4853053114","2620485","512","1470","591","6","1468.985043"
"1","2","10","q10_case1","1854","10240","4855673530","2620416","512","1470","588","6","1469.786818"
"1","2","10","q10_case1","1855","10240","4858294253","2620723","512","1468","588","6","1470.578052"
"1","2","10","q10_case1","1856","10240","4860915102","2620849","512","1466","587","6","1471.394340"
"1","2","10","q10_case1","1857","10240","4863535819","2620717","512","1464","587","6","1472.176172"
"1","2","10","q10_case1","1858","10240","4866156698","2620879","512","1462","587","6","1472.976212"
"1","2","10","q10_case1","1859","10240","4868777243","2620545","512","1460","591","6","1473.824204"
"1","2","10","q10_case1","1860","10240","4871397869","2620626","512","1460","585","6","1474.695575"
"1","2","10","q10_case1","1861","10240","4874018670","2620801","512","1458","585","6","1475.529245"
"1","2","10","q10_case1","1862","10240","4876639536","2620866","512","1456","586","6","1476.357033"
"1","2","10","q10_case1","1863","10240","4879260345","2620809","512","1454","586","6","1477.153517"
"1","2","10","q10_case1","1864","10240","4881881227","2620882","512","1452","587","6","1477.944569"
"1","2","10","q10_case1","1865","10240","4884501976","2620749","512","1450","589","6","1478.740015"
"1","2","10","q10_case1","1866","10240","4887122834","2620858","512","1450","584","6","1479.534372"
"1","2","10","q10_case1","1867","10240","4889743734","2620900","512","1448","585","6","1480.327383"
"1","2","10","q10_case1","1868","10240","4892364636","2620902","512","1446","585","6","1481.101106"
"1","2","10","q10_case1","1869","10240","4894985539","2620903","512","1444","586","6","1481.899648"
"1","2","10","q10_case1","1870","10240","4897606372","2620833","512","1442","586","6","1482.696925"
"1","2","10","q10_case1","1871","10240","4900227246","2620874","512","1440","588","6","1483.490812"
"1","2","10","q10_case1","1872","10240","4902848023","2620777","512","1440","584","6","1484.286058"
"1","2","10","q10_case1","1873","10240","4905468911","2620888","512","1438","584","6","1485.128210"
"1","2","10","q10_case1","1874","10240","4908089822","2620911","512","1436","584","6","1485.960971"
"1","2","10","q10_case1","1875","10240","4910710671","2620849","512","1434","585","6","1486.757036"
"1","2","10","q10_case1","1876","10240","4913331565","2620894","512","1432","585","6","1487.559276"
"1","2","10","q10_case1","1877","10240","4915952409","2620844","512","1432","582","6","1488.360223"
"1","2","10","q10_case1","1878","10240","4918573122","2620713","512","1430","583","6","1489.160426"
"1","2","10","q10_case1","1879","10240","4921194001","2620879","512","1428","583","6","1489.955759"
"1","2","10","q10_case1","1880","10240","4923814808","2620807","512","1426","583","6","1490.761773"
"1","2","10","q10_case1","1881","10240","4926435570","2620762","512","1424","584","6","1491.545986"
"1","2","10","q10_case1","1882","10240","4929056421","2620851","512","1424","581","6","1492.346975"
"1","2","10","q10_case1","1883","10240","4931677292","2620871","512","1422","581","6","1493.150598"
"1","2","10","q10_case1","1884","10240","4934298199","2620907","512","1420","582","6","1493.956684"
"1","2","10","q10_case1","1885","10240","4936919059","2620860","512","1418","582","6","1494.778157"
"1","2","10","q10_case1","1886","10240","4939539955","2620896","512","1416","582","6","1495.573451"
"1","2","10","q10_case1","1887","10240","4942160747","2620792","512","1416","580","6","1496.385958"
"1","2","10","q10_case1","1888","10240","4944781563","2620816","512","1414","580","6","1497.192675"
"1","2","10","q10_case1","1889","10240","4947402461","2620898","512","1412","580","6","1497.991681"
"1","2","10","q10_case1","1890","10240","4950023240","2620779","512","1410","581","6","1498.796740"
"1","2","10","q10_case1","1891","10240","4952644080","2620840","512","1408","581","6","1499.603369"
"1","2","10","q10_case1","1892","10240","4955264976","2620896","512","1408","578","6","1500.399615"
"1","2","10","q10_case1","1893","10240","4957885742","2620766","512","1406","579","6","1501.235686"
"1","2","10","q10_case1","1894","10240","4960506642","2620900","512","1404","579","6","1502.042792"
"1","2","10","q10_case1","1895","10240","4963127527","2620885","512","1402","579","6","1502.853783"
"1","2","10","q10_case1","1896","10240","4965748342","2620815","512","1400","580","6","1503.645486"
"1","2","10","q10_case1","1897","10240","4968369252","2620910","512","1400","577","6","1504.446467"
"1","2","10","q10_case1","1898","10240","4970990165","2620913","512","1398","577","6","1505.246902"
"1","2","10","q10_case1","1899","10240","4973611083","2620918","512","1396","577","6","1506.060162"
"1","2","10","q10_case1","1900","10240","4976231964","2620881","512","1394","579","6","1506.876815"
"1","2","10","q10_case1","1901","10240","4978852883","2620919","512","1392","577","6","1507.694900"
"1","2","10","q10_case1","1902","10240","4981473805","2620922","512","1392","575","6","1508.487459"
"1","2","10","q10_case1","1903","10240","4984094678","2620873","512","1390","575","6","1509.300455"
"1","2","10","q10_case1","1904","10240","4986715565","2620887","512","1388","574","6","1510.101271"
"1","2","10","q10_case1","1905","10240","4989336471","2620906","512","1386","575","6","1510.906089"
"1","2","10","q10_case1","1906","10240","4991957321","2620850","512","1384","574","6","1511.713296"
"1","2","10","q10_case1","1907","10240","4994578198","2620877","512","1382","577","6","1512.500282"
"1","2","10","q10_case1","1908","10240","4997198991","2620793","512","1382","572","6","1513.345414"
"1","2","10","q10_case1","1909","10240","4999819871","2620880","512","1380","571","6","1514.156431"
"1","2","10","q10_case1","1910","10240","5002440779","2620908","512","1378","572","6","1514.958215"
"1","2","10","q10_case1","1911","10240","5005061630","2620851","512","1376","573","6","1515.761564"
"1","2","10","q10_case1","1912","10240","5007682547","2620917","512","1374","574","6","1516.540753"
"1","2","10","q10_case1","1913","10240","5010303391","2620844","512","1372","575","6","1517.348949"
"1","2","10","q10_case1","1914","10240","5012924270","2620879","512","1372","570","6","1518.142233"
"1","2","10","q10_case1","1915","10240","5015545125","2620855","512","1370","571","6","1518.944006"
"1","2","10","q10_case1","1916","10240","5018166023","2620898","512","1368","572","6","1519.731832"
"1","2","10","q10_case1","1917","10240","5020786895","2620872","512","1366","573","6","1520.539173"
"1","2","10","q10_case1","1918","10240","5023407805","2620910","512","1364","573","6","1521.336075"
"1","2","10","q10_case1","1919","10240","5026028717","2620912","512","1364","570","6","1522.143108"
"1","2","10","q10_case1","1920","10240","5028649546","2620829","512","1362","570","6","1522.978338"
"1","2","10","q10_case1","1921","10240","5031270451","2620905","512","1360","570","6","1523.806967"
"1","2","10","q10_case1","1922","10240","5033891238","2620787","512","1358","571","6","1524.619420"
"1","2","10","q10_case1","1923","10240","5036512011","2620773","512","1356","572","6","1525.418493"
"1","2","10","q10_case1","1924","10240","5039132877","2620866","512","1356","568","6","1526.220253"
"1","2","10","q10_case1","1925","10240","5041753725","2620848","512","1354","568","6","1526.992702"
"1","2","10","q10_case1","1926","10240","5044374629","2620904","512","1352","569","6","1527.791155"
"1","2","10","q10_case1","1927","10240","5046995533","2620904","512","1350","570","6","1528.586479"
"1","2","10","q10_case1","1928","10240","5049616402","2620869","512","1350","566","6","1529.380237"
"1","2","10","q10_case1","1929","10240","5052237266","2620864","512","1348","567","6","1530.160878"
"1","2","10","q10_case1","1930","10240","5054858171","2620905","512","1346","567","6","1530.967426"
"1","2","10","q10_case1","1931","10240","5057479075","2620904","512","1344","571","6","1531.793982"
"1","2","10","q10_case1","1932","10240","5060099841","2620766","512","1344","565","6","1532.636073"
"1","2","10","q10_case1","1933","10240","5062720728","2620887","512","1342","565","6","1533.473543"
"1","2","10","q10_case1","1934","10240","5065341642","2620914","512","1340","566","6","1534.295542"
"1","2","10","q10_case1","1935","10240","5067962445","2620803","512","1338","571","6","1535.122593"
"1","2","10","q10_case1","1936","10240","5070583356","2620911","512","1336","571","6","1535.943042"
"1","2","10","q10_case1","1937","10240","5073204278","2620922","512","1336","564","6","1536.769417"
"1","2","10","q10_case1","1938","10240","5075825097","2620819","512","1334","564","6","1537.612080"
"1","2","10","q10_case1","1939","10240","5078446008","2620911","512","1332","569","6","1538.412536"
"1","2","10","q10_case1","1940","10240","5081066924","2620916","512","1332","562","6","1539.227191"
"1","2","10","q10_case1","1941","10240","5083687850","2620926","512","1330","562","6","1540.085211"
"1","2","10","q10_case1","1942","10240","5086308769","2620919","512","1328","562","6","1540.887678"
"1","2","10","q10_case1","1943","10240","5088929679","2620910","512","1328","560","6","1541.698974"
"1","2","10","q10_case1","1944","10240","5091550600","2620921","512","1326","560","6","1542.537964"
"1","2","10","q10_case1","1945","10240","5094171524","2620924","512","1324","560","6","1543.338218"
"1","2","10","q10_case1","1946","10240","5096792389","2620865","512","1322","560","6","1544.130270"
"1","2","10","q10_case1","1947","10240","5099413299","2620910","512","1320","561","6","1544.931764"
"1","2","10","q10_case1","1948","10240","5102034218","2620919","512","1320","558","6","1545.738464"
"1","2","10","q10_case1","1949","10240","5104655078","2620860","512","1318","558","6","1546.547223"
"1","2","10","q10_case1","1950","10240","5107275978","2620900","512","1316","559","6","1547.322681"
"1","2","10","q10_case1","1951","10240","5109896872","2620894","512","1314","559","6","1548.126765"
"1","2","10","q10_case1","1952","10240","5112517792","2620920","512","1314","556","6","1548.931690"
"1","2","10","q10_case1","1953","10240","5115138718","2620926","512","1312","557","6","1549.735187"
"1","2","10","q10_case1","1954","10240","5117759643","2620925","512","1310","557","6","1550.507781"
"1","2","10","q10_case1","1955","10240","5120380562","2620919","512","1310","554","6","1551.310229"
"1","2","10","q10_case1","1956","10240","5123001467","2620905","512","1308","555","6","1552.113414"
"1","2","10","q10_case1","1957","10240","5125622391","2620924","512","1306","555","6","1552.903370"
"1","2","10","q10_case1","1958","10240","5128243288","2620897","512","1306","553","6","1553.708417"
"1","2","10","q10_case1","1959","10240","5130864159","2620871","512","1304","553","6","1554.510071"
"1","2","10","q10_case1","1960","10240","5133485072","2620913","512","1302","553","6","1555.304356"
"1","2","10","q10_case1","1961","10240","5136105670","2620598","512","1302","551","6","1556.106750"
"1","2","10","q10_case1","1962","10240","5138726561","2620891","512","1300","551","6","1556.915167"
"1","2","10","q10_case1","1963","10240","5141347468","2620907","512","1298","551","6","1557.682758"
"1","2","10","q10_case1","1964","10240","5143968188","2620720","512","1298","549","6","1558.483158"
"1","2","10","q10_case1","1965","10240","5146589089","2620901","512","1296","549","6","1559.289087"
"1","2","10","q10_case1","1966","10240","5149209990","2620901","512","1294","549","6","1560.083551"
"1","2","10","q10_case1","1967","10240","5151830826","2620836","512","1294","547","6","1560.895345"
"1","2","10","q10_case1","1968","10240","5154451745","2620919","512","1292","547","6","1561.698308"
"1","2","10","q10_case1","1969","10240","5157072658","2620913","512","1290","547","6","1562.491500"
"1","2","10","q10_case1","1970","10240","5159693554","2620896","512","1288","547","6","1563.307752"
"1","2","10","q10_case1","1971","10240","5162314473","2620919","512","1288","545","6","1564.116111"
"1","2","10","q10_case1","1972","10240","5164935369","2620896","512","1286","545","6","1564.923292"
"1","2","10","q10_case1","1973","10240","5167556259","2620890","512","1284","545","6","1565.739403"
"1","2","10","q10_case1","1974","10240","5170177173","2620914","512","1282","545","6","1566.537611"
"1","2","10","q10_case1","1975","10240","5172798096","2620923","512","1280","544","6","1567.369379"
"1","2","10","q10_case1","1976","10240","5175418887","2620791","512","1280","543","6","1568.191145"
"1","2","10","q10_case1","1977","10240","5178039660","2620773","512","1278","542","6","1568.971616"
"1","2","10","q10_case1","1978","10240","5180660227","2620567","512","1276","542","6","1569.763258"
"1","2","10","q10_case1","1979","10240","5183281109","2620882","512","1274","545","6","1570.566188"
"1","2","10","q10_case1","1980","10240","5185902028","2620919","512","1272","544","6","1571.374766"
"1","2","10","q10_case1","1981","10240","5188522955","2620927","512","1270","543","6","1572.157134"
"1","2","10","q10_case1","1982","10240","5191143612","2620657","512","1268","542","6","1572.962212"
"1","2","10","q10_case1","1983","10240","5193764177","2620565","512","1268","541","6","1573.761876"
"1","2","10","q10_case1","1984","10240","5196384776","2620599","512","1266","540","6","1574.550031"
"1","2","10","q10_case1","1985","10240","5199005320","2620544","512","1264","540","6","1575.339047"
"1","2","10","q10_case1","1986","10240","5201626174","2620854","512","1262","540","6","1576.132994"
"1","2","10","q10_case1","1987","10240","5204247062","2620888","512","1260","540","6","1576.933339"
"1","2","10","q10_case1","1988","10240","5206867983","2620921","512","1260","538","6","1577.730425"
"1","2","10","q10_case1","1989","10240","5209488894","2620911","512","1258","538","6","1578.513230"
"1","2","10","q10_case1","1990","10240","5212109803","2620909","512","1256","538","6","1579.306730"
"1","2","10","q10_case1","1991","10240","5214730689","2620886","512","1254","539","6","1580.104689"
"1","2","10","q10_case1","1992","10240","5217351579","2620890","512","1252","538","6","1580.910637"
"1","2","10","q10_case1","1993","10240","5219972503","2620924","512","1250","540","6","1581.683158"
"1","2","10","q10_case1","1994","10240","5222593108","2620605","512","1250","536","6","1582.484678"
"1","2","10","q10_case1","1995","10240","5225213975","2620867","512","1248","536","6","1583.282022"
"1","2","10","q10_case1","1996","10240","5227834884","2620909","512","1246","537","6","1584.073145"
"1","2","10","q10_case1","1997","10240","5230455771","2620887","512","1244","538","6","1584.872411"
"1","2","10","q10_case1","1998","10240","5233076695","2620924","512","1242","538","6","1585.671509"
"1","2","10","q10_case1","1999","10240","5235697607","2620912","512","1242","535","6","1586.451303"
"1","2","10","q10_case1","2000","10240","5238318349","2620742","512","1240","536","6","1587.249595"
"1","2","10","q10_case1","2001","10240","5240939224","2620875","512","1238","536","6","1588.037775"
"1","2","10","q10_case1","2002","10240","5243560105","2620881","512","1236","536","6","1588.834999"
"1","2","10","q10_case1","2003","10240","5246180980","2620875","512","1234","539","6","1589.640826"
"1","2","10","q10_case1","2004","10240","5248801897","2620917","512","1232","539","6","1590.441759"
"1","2","10","q10_case1","2005","10240","5251422810","2620913","512","1232","534","6","1591.253992"
"1","2","10","q10_case1","2006","10240","5254043383","2620573","512","1230","535","6","1592.083851"
"1","2","10","q10_case1","2007","10240","5256664213","2620830","512","1228","536","6","1592.957189"
"1","2","10","q10_case1","2008","10240","5259285110","2620897","512","1226","536","6","1593.856336"
"1","2","10","q10_case1","2009","10240","5261906031","2620921","512","1224","535","6","1594.755756"
"1","2","10","q10_case1","2010","10240","5264526740","2620709","512","1224","534","6","1595.578068"
"1","2","10","q10_case1","2011","10240","5267147424","2620684","512","1222","533","6","1596.382485"
"1","2","10","q10_case1","2012","10240","5269767990","2620566","512","1220","532","6","1597.178410"
"1","2","10","q10_case1","2013","10240","5272388854","2620864","512","1218","532","6","1598.011998"
"1","2","10","q10_case1","2014","10240","5275009752","2620898","512","1216","534","6","1598.818339"
"1","2","10","q10_case1","2015","10240","5277630677","2620925","512","1216","530","6","1599.599673"
"1","2","10","q10_case1","2016","10240","5280251583","2620906","512","1214","530","6","1600.397524"
"1","2","10","q10_case1","2017","10240","5282872501","2620918","512","1212","530","6","1601.196432"
"1","2","10","q10_case1","2018","10240","5285493395","2620894","512","1210","531","6","1602.000756"
"1","2","10","q10_case1","2019","10240","5288114314","2620919","512","1208","531","6","1602.812059"
"1","2","10","q10_case1","2020","10240","5290735239","2620925","512","1208","528","6","1603.620112"
"1","2","10","q10_case1","2021","10240","5293356068","2620829","512","1206","529","6","1604.426435"
"1","2","10","q10_case1","2022","10240","5295976975","2620907","512","1204","528","6","1605.218351"
"1","2","10","q10_case1","2023","10240","5298597888","2620913","512","1202","528","6","1606.014962"
"1","2","10","q10_case1","2024","10240","5301218780","2620892","512","1202","526","6","1606.824317"
"1","2","10","q10_case1","2025","10240","5303839704","2620924","512","1200","526","6","1607.628334"
"1","2","10","q10_case1","2026","10240","5306460614","2620910","512","1198","525","6","1608.432253"
"1","2","10","q10_case1","2027","10240","5309081501","2620887","512","1196","527","6","1609.238546"
"1","2","10","q10_case1","2028","10240","5311702384","2620883","512","1196","523","6","1610.027827"
"1","2","10","q10_case1","2029","10240","5314323300","2620916","512","1194","523","6","1610.829639"
"1","2","10","q10_case1","2030","10240","5316944221","2620921","512","1192","524","6","1611.623089"
"1","2","10","q10_case1","2031","10240","5319565112","2620891","512","1190","526","6","1612.403652"
"1","2","10","q10_case1","2032","10240","5322186027","2620915","512","1188","525","6","1613.206683"
"1","2","10","q10_case1","2033","10240","5324806950","2620923","512","1186","524","6","1614.000019"
"1","2","10","q10_case1","2034","10240","5327427749","2620799","512","1186","523","6","1614.797112"
"1","2","10","q10_case1","2035","10240","5330048274","2620525","512","1184","522","6","1615.591396"
"1","2","10","q10_case1","2036","10240","5332668805","2620531","512","1182","521","6","1616.390363"
"1","2","10","q10_case1","2037","10240","5335289648","2620843","512","1180","523","6","1617.195099"
"1","2","10","q10_case1","2038","10240","5337910483","2620835","512","1180","519","6","1617.984931"
"1","2","10","q10_case1","2039","10240","5340531380","2620897","512","1178","518","6","1618.787454"
"1","2","10","q10_case1","2040","10240","5343152295","2620915","512","1176","520","6","1619.584173"
"1","2","10","q10_case1","2041","10240","5345773164","2620869","512","1174","522","6","1620.389913"
"1","2","10","q10_case1","2042","10240","5348394091","2620927","512","1174","516","6","1621.211395"
"1","2","10","q10_case1","2043","10240","5351015013","2620922","512","1172","517","6","1622.033181"
"1","2","10","q10_case1","2044","10240","5353635939","2620926","512","1170","519","6","1622.843795"
"1","2","10","q10_case1","2045","10240","5356256858","2620919","512","1168","521","6","1623.640583"
"1","2","10","q10_case1","2046","10240","5358877785","2620927","512","1168","515","6","1624.434515"
"1","2","10","q10_case1","2047","10240","5361498706","2620921","512","1166","516","6","1625.224143"
"1","2","10","q10_case1","2048","10240","5364119630","2620924","512","1164","517","6","1626.020353"
"1","2","10","q10_case1","2049","10240","5366740549","2620919","512","1162","519","6","1626.812778"
"1","2","10","q10_case1","2050","10240","5369361474","2620925","512","1160","522","6","1627.591724"
"1","2","10","q10_case1","2051","10240","5371982398","2620924","512","1160","515","6","1628.390183"
"1","2","10","q10_case1","2052","10240","5374603307","2620909","512","1158","516","6","1629.187977"
"1","2","10","q10_case1","2053","10240","5377224224","2620917","512","1156","518","6","1630.001722"
"1","2","10","q10_case1","2054","10240","5379845142","2620918","512","1154","520","6","1630.806247"
"1","2","10","q10_case1","2055","10240","5382466068","2620926","512","1154","514","6","1631.614275"
"1","2","10","q10_case1","2056","10240","5385086987","2620919","512","1152","515","6","1632.406637"
"1","2","10","q10_case1","2057","10240","5387707909","2620922","512","1150","517","6","1633.202072"
"1","2","10","q10_case1","2058","10240","5390328832","2620923","512","1148","518","6","1633.999848"
"1","2","10","q10_case1","2059","10240","5392949760","2620928","512","1148","513","6","1634.802845"
"1","2","10","q10_case1","2060","10240","5395570678","2620918","512","1146","512","6","1635.610256"
"1","2","10","q10_case1","2061","10240","5398191598","2620920","512","1144","515","6","1636.403867"
"1","2","10","q10_case1","2062","10240","5400812518","2620920","512","1142","517","6","1637.199309"
"1","2","10","q10_case1","2063","10240","5403433445","2620927","512","1142","510","6","1638.001325"
"1","2","10","q10_case1","2064","10240","5406054364","2620919","512","1140","511","6","1638.806446"
"1","2","10","q10_case1","2065","10240","5408675286","2620922","512","1138","514","6","1639.607912"
"1","2","10","q10_case1","2066","10240","5411296208","2620922","512","1138","508","6","1640.401756"
"1","2","10","q10_case1","2067","10240","5413917136","2620928","512","1136","508","6","1641.204149"
"1","2","10","q10_case1","2068","10240","5416538064","2620928","512","1134","507","6","1642.011666"
"1","2","10","q10_case1","2069","10240","5419158984","2620920","512","1132","506","6","1642.817671"
"1","2","10","q10_case1","2070","10240","5421779664","2620680","512","1130","504","6","1643.623275"
"1","2","10","q10_case1","2071","10240","5424400112","2620448","512","1130","503","6","1644.430664"
"1","2","10","q10_case1","2072","10240","5427020585","2620473","512","1128","502","6","1645.245555"
"1","2","10","q10_case1","2073","10240","5429641110","2620525","512","1126","502","6","1646.055296"
"1","2","10","q10_case1","2074","10240","5432261996","2620886","512","1124","501","6","1646.864234"
"1","2","10","q10_case1","2075","10240","5434882886","2620890","512","1122","501","6","1647.659789"
"1","2","10","q10_case1","2076","10240","5437503703","2620817","512","1122","499","6","1648.471447"
"1","2","10","q10_case1","2077","10240","5440124493","2620790","512","1120","499","6","1649.301281"
"1","2","10","q10_case1","2078","10240","5442745383","2620890","512","1118","499","6","1650.111163"
"1","2","10","q10_case1","2079","10240","5445366272","2620889","512","1116","500","6","1650.927753"
"1","2","10","q10_case1","2080","10240","5447987170","2620898","512","1116","497","6","1651.756963"
"1","2","10","q10_case1","2081","10240","5450608090","2620920","512","1114","497","6","1652.543912"
"1","2","10","q10_case1","2082","10240","5453229013","2620923","512","1112","498","6","1653.345928"
"1","2","10","q10_case1","2083","10240","5455849897","2620884","512","1112","495","6","1654.154090"
"1","2","10","q10_case1","2084","10240","5458470817","2620920","512","1110","495","6","1654.960127"
"1","2","10","q10_case1","2085","10240","5461091739","2620922","512","1108","497","6","1655.766561"
"1","2","10","q10_case1","2086","10240","5463712647","2620908","512","1108","493","6","1656.573189"
"1","2","10","q10_case1","2087","10240","5466333574","2620927","512","1106","493","6","1657.346445"
"1","2","10","q10_case1","2088","10240","5468954496","2620922","512","1104","496","6","1658.144014"
"1","2","10","q10_case1","2089","10240","5471575383","2620887","512","1104","491","6","1658.955594"
"1","2","10","q10_case1","2090","10240","5474196308","2620925","512","1102","492","6","1659.777964"
"1","2","10","q10_case1","2091","10240","5476817226","2620918","512","1100","491","6","1660.569111"
"1","2","10","q10_case1","2092","10240","5479438147","2620921","512","1098","495","6","1661.369877"
"1","2","10","q10_case1","2093","10240","5482059018","2620871","512","1096","493","6","1662.178198"
"1","2","10","q10_case1","2094","10240","5484679896","2620878","512","1096","489","6","1662.980066"
"1","2","10","q10_case1","2095","10240","5487300473","2620577","512","1094","490","6","1663.783426"
"1","2","10","q10_case1","2096","10240","5489921388","2620915","512","1092","488","6","1664.583641"
"1","2","10","q10_case1","2097","10240","5492542301","2620913","512","1090","492","6","1665.390375"
"1","2","10","q10_case1","2098","10240","5495163090","2620789","512","1090","486","6","1666.194509"
"1","2","10","q10_case1","2099","10240","5497783974","2620884","512","1088","486","6","1666.998748"
"1","2","10","q10_case1","2100","10240","5500404894","2620920","512","1086","487","6","1667.800414"
"1","2","10","q10_case1","2101","10240","5503025813","2620919","512","1084","491","6","1668.591969"
"1","2","10","q10_case1","2102","10240","5505646721","2620908","512","1084","485","6","1669.410119"
"1","2","10","q10_case1","2103","10240","5508267645","2620924","512","1082","485","6","1670.203656"
"1","2","10","q10_case1","2104","10240","5510888571","2620926","512","1080","483","6","1671.001167"
"1","2","10","q10_case1","2105","10240","5513509491","2620920","512","1080","482","6","1671.812016"
"1","2","10","q10_case1","2106","10240","5516130205","2620714","512","1078","481","6","1672.602459"
"1","2","10","q10_case1","2107","10240","5518750738","2620533","512","1076","481","6","1673.400274"
"1","2","10","q10_case1","2108","10240","5521371640","2620902","512","1074","482","6","1674.205971"
"1","2","10","q10_case1","2109","10240","5523992563","2620923","512","1074","479","6","1674.994330"
"1","2","10","q10_case1","2110","10240","5526613467","2620904","512","1072","480","6","1675.800177"
"1","2","10","q10_case1","2111","10240","5529234389","2620922","512","1070","480","6","1676.631628"
"1","2","10","q10_case1","2112","10240","5531855307","2620918","512","1068","481","6","1677.425059"
"1","2","10","q10_case1","2113","10240","5534476232","2620925","512","1068","478","6","1678.233614"
"1","2","10","q10_case1","2114","10240","5537097113","2620881","512","1066","479","6","1679.039944"
"1","2","10","q10_case1","2115","10240","5539718035","2620922","512","1064","479","6","1679.831968"
"1","2","10","q10_case1","2116","10240","5542338949","2620914","512","1064","477","6","1680.641406"
"1","2","10","q10_case1","2117","10240","5544959816","2620867","512","1062","477","6","1681.462591"
"1","2","10","q10_case1","2118","10240","5547580720","2620904","512","1060","478","6","1682.277579"
"1","2","10","q10_case1","2119","10240","5550201599","2620879","512","1060","475","6","1683.078000"
"1","2","10","q10_case1","2120","10240","5552822517","2620918","512","1058","476","6","1683.894358"
"1","2","10","q10_case1","2121","10240","5555443436","2620919","512","1056","477","6","1684.699517"
"1","2","10","q10_case1","2122","10240","5558064357","2620921","512","1056","474","6","1685.486381"
"1","2","10","q10_case1","2123","10240","5560685279","2620922","512","1054","475","6","1686.293577"
"1","2","10","q10_case1","2124","10240","5563306194","2620915","512","1052","475","6","1687.098194"
"1","2","10","q10_case1","2125","10240","5565927114","2620920","512","1050","478","6","1687.906798"
"1","2","10","q10_case1","2126","10240","5568548031","2620917","512","1050","473","6","1688.704480"
"1","2","10","q10_case1","2127","10240","5571168948","2620917","512","1048","474","6","1689.503389"
"1","2","10","q10_case1","2128","10240","5573789871","2620923","512","1046","475","6","1690.307165"
"1","2","10","q10_case1","2129","10240","5576410795","2620924","512","1044","477","6","1691.110520"
"1","2","10","q10_case1","2130","10240","5579031720","2620925","512","1044","473","6","1691.927003"
"1","2","10","q10_case1","2131","10240","5581652645","2620925","512","1042","474","6","1692.725956"
"1","2","10","q10_case1","2132","10240","5584273570","2620925","512","1040","475","6","1693.564319"
"1","2","10","q10_case1","2133","10240","5586894494","2620924","512","1040","472","6","1694.484360"
"1","2","10","q10_case1","2134","10240","5589515421","2620927","512","1038","473","6","1695.359232"
"1","2","10","q10_case1","2135","10240","5592136349","2620928","512","1036","474","6","1696.207147"
"1","2","10","q10_case1","2136","10240","5594757277","2620928","512","1036","471","6","1697.021497"
"1","2","10","q10_case1","2137","10240","5597378201","2620924","512","1034","472","6","1697.822062"
"1","2","10","q10_case1","2138","10240","5599999129","2620928","512","1032","474","6","1698.629596"
"1","2","10","q10_case1","2139","10240","5602620053","2620924","512","1030","473","6","1699.440008"
"1","2","10","q10_case1","2140","10240","5605240979","2620926","512","1030","472","6","1700.223570"
"1","2","10","q10_case1","2141","10240","5607861837","2620858","512","1028","471","6","1701.032164"
"1","2","10","q10_case1","2142","10240","5610482367","2620530","512","1026","472","6","1701.828626"
"1","2","10","q10_case1","2143","10240","5613103274","2620907","512","1026","469","6","1702.635849"
"1","2","10","q10_case1","2144","10240","5615724199","2620925","512","1024","470","6","1703.444671"
"1","2","10","q10_case1","2145","10240","5618345127","2620928","512","1022","472","6","1704.249283"
"1","2","10","q10_case1","2146","10240","5620966055","2620928","512","1022","468","6","1705.071767"
"1","2","10","q10_case1","2147","10240","5623586983","2620928","512","1020","470","6","1705.875224"
"1","2","10","q10_case1","2148","10240","5626207911","2620928","512","1018","471","6","1706.661305"
"1","2","10","q10_case1","2149","10240","5628828838","2620927","512","1016","472","6","1707.467715"
"1","2","10","q10_case1","2150","10240","5631449766","2620928","512","1014","471","6","1708.274941"
"1","2","10","q10_case1","2151","10240","5634070689","2620923","512","1014","470","6","1709.082926"
"1","2","10","q10_case1","2152","10240","5636691423","2620734","512","1012","469","6","1709.887727"
"1","2","10","q10_case1","2153","10240","5639311937","2620514","512","1010","469","6","1710.714547"
"1","2","10","q10_case1","2154","10240","5641932829","2620892","512","1010","467","6","1711.596410"
"1","2","10","q10_case1","2155","10240","5644553756","2620927","512","1008","467","6","1712.440078"
"1","2","10","q10_case1","2156","10240","5647174674","2620918","512","1006","468","6","1713.285493"
"1","2","10","q10_case1","2157","10240","5649795600","2620926","512","1006","465","6","1714.124612"
"1","2","10","q10_case1","2158","10240","5652416523","2620923","512","1004","466","6","1714.976465"
"1","2","10","q10_case1","2159","10240","5655037450","2620927","512","1002","469","6","1715.815291"
"1","2","10","q10_case1","2160","10240","5657658377","2620927","512","1002","464","6","1716.621626"
"1","2","10","q10_case1","2161","10240","5660279305","2620928","512","1000","467","6","1717.505858"
"1","2","10","q10_case1","2162","10240","5662900233","2620928","512","998","468","6","1718.344951"
"1","2","10","q10_case1","2163","10240","5665521159","2620926","512","998","465","6","1719.159490"
"1","2","10","q10_case1","2164","10240","5668142085","2620926","512","996","466","6","1719.970276"
"1","2","10","q10_case1","2165","10240","5670763013","2620928","512","994","469","6","1720.771888"
"1","2","10","q10_case1","2166","10240","5673383940","2620927","512","994","464","6","1721.569264"
"1","2","10","q10_case1","2167","10240","5676004868","2620928","512","992","467","6","1722.382616"
"1","2","10","q10_case1","2168","10240","5678625796","2620928","512","990","467","6","1723.183579"
"1","2","10","q10_case1","2169","10240","5681246721","2620925","512","988","467","6","1723.984439"
"1","2","10","q10_case1","2170","10240","5683867646","2620925","512","986","466","6","1724.794580"
"1","2","10","q10_case1","2171","10240","5686488565","2620919","512","986","465","6","1725.609815"
"1","2","10","q10_case1","2172","10240","5689109109","2620544","512","984","464","6","1726.421976"
"1","2","10","q10_case1","2173","10240","5691729601","2620492","512","982","464","6","1727.226605"
"1","2","10","q10_case1","2174","10240","5694350469","2620868","512","982","462","6","1728.034286"
"1","2","10","q10_case1","2175","10240","5696971391","2620922","512","980","462","6","1728.843566"
"1","2","10","q10_case1","2176","10240","5699592295","2620904","512","978","465","6","1729.650455"
"1","2","10","q10_case1","2177","10240","5702213221","2620926","512","978","460","6","1730.462493"
"1","2","10","q10_case1","2178","10240","5704834125","2620904","512","976","463","6","1731.264544"
"1","2","10","q10_case1","2179","10240","5707455053","2620928","512","974","463","6","1732.101926"
"1","2","10","q10_case1","2180","10240","5710075980","2620927","512","974","461","6","1732.915457"
"1","2","10","q10_case1","2181","10240","5712696908","2620928","512","972","461","6","1733.717206"
"1","2","10","q10_case1","2182","10240","5715317816","2620908","512","970","461","6","1734.524444"
"1","2","10","q10_case1","2183","10240","5717938741","2620925","512","968","462","6","1735.371090"
"1","2","10","q10_case1","2184","10240","5720559667","2620926","512","968","459","6","1736.165871"
"1","2","10","q10_case1","2185","10240","5723180561","2620894","512","966","460","6","1736.965006"
"1","2","10","q10_case1","2186","10240","5725801485","2620924","512","964","460","6","1737.773662"
"1","2","10","q10_case1","2187","10240","5728422410","2620925","512","964","458","6","1738.560009"
"1","2","10","q10_case1","2188","10240","5731043338","2620928","512","962","458","6","1739.367633"
"1","2","10","q10_case1","2189","10240","5733664242","2620904","512","960","459","6","1740.174405"
"1","2","10","q10_case1","2190","10240","5736285170","2620928","512","958","458","6","1741.003683"
"1","2","10","q10_case1","2191","10240","5738906098","2620928","512","958","457","6","1741.801693"
"1","2","10","q10_case1","2192","10240","5741526831","2620733","512","956","456","6","1742.635752"
"1","2","10","q10_case1","2193","10240","5744147340","2620509","512","954","455","6","1743.445571"
"1","2","10","q10_case1","2194","10240","5746768226","2620886","512","954","454","6","1744.261011"
"1","2","10","q10_case1","2195","10240","5749389118","2620892","512","952","453","6","1745.063939"
"1","2","10","q10_case1","2196","10240","5752009649","2620531","512","950","453","6","1745.865654"
"1","2","10","q10_case1","2197","10240","5754630549","2620900","512","950","451","6","1746.679471"
"1","2","10","q10_case1","2198","10240","5757251470","2620921","512","948","451","6","1747.487989"
"1","2","10","q10_case1","2199","10240","5759872387","2620917","512","946","452","6","1748.282831"
"1","2","10","q10_case1","2200","10240","5762493315","2620928","512","946","449","6","1749.093396"
"1","2","10","q10_case1","2201","10240","5765114221","2620906","512","944","450","6","1749.899669"
"1","2","10","q10_case1","2202","10240","5767735149","2620928","512","942","451","6","1750.691704"
"1","2","10","q10_case1","2203","10240","5770356075","2620926","512","942","448","6","1751.502390"
"1","2","10","q10_case1","2204","10240","5772977002","2620927","512","940","449","6","1752.317224"
"1","2","10","q10_case1","2205","10240","5775597930","2620928","512","938","452","6","1753.114335"
"1","2","10","q10_case1","2206","10240","5778218856","2620926","512","938","447","6","1753.916443"
"1","2","10","q10_case1","2207","10240","5780839784","2620928","512","936","450","6","1754.724255"
"1","2","10","q10_case1","2208","10240","5783460710","2620926","512","934","450","6","1755.526286"
"1","2","10","q10_case1","2209","10240","5786081638","2620928","512","934","444","6","1756.334955"
"1","2","10","q10_case1","2210","10240","5788702565","2620927","512","932","448","6","1757.141743"
"1","2","10","q10_case1","2211","10240","5791323479","2620914","512","930","449","6","1757.941749"
"1","2","10","q10_case1","2212","10240","5793944405","2620926","512","930","452","5","1758.750119"
"1","2","10","q10_case1","2213","10240","5796565324","2620919","512","928","452","5","1759.577738"
"1","2","10","q10_case1","2214","10240","5799186242","2620918","512","926","447","6","1760.397143"
"1","2","10","q10_case1","2215","10240","5801807031","2620789","512","924","445","6","1761.207020"
"1","2","10","q10_case1","2216","10240","5804427936","2620905","512","924","450","5","1761.998275"
"1","2","10","q10_case1","2217","10240","5807048435","2620499","512","922","443","6","1762.811145"
"1","2","10","q10_case1","2218","10240","5809669301","2620866","512","920","444","6","1763.623682"
"1","2","10","q10_case1","2219","10240","5812290222","2620921","512","920","441","6","1764.419661"
"1","2","10","q10_case1","2220","10240","5814911147","2620925","512","918","442","6","1765.226211"
"1","2","10","q10_case1","2221","10240","5817532075","2620928","512","916","444","6","1766.036260"
"1","2","10","q10_case1","2222","10240","5820153003","2620928","512","916","440","6","1766.844483"
"1","2","10","q10_case1","2223","10240","5822773931","2620928","512","914","442","6","1767.636540"
"1","2","10","q10_case1","2224","10240","5825394859","2620928","512","914","444","5","1768.441149"
"1","2","10","q10_case1","2225","10240","5828015781","2620922","512","912","444","5","1769.258397"
"1","2","10","q10_case1","2226","10240","5830636706","2620925","512","910","441","6","1770.066877"
"1","2","10","q10_case1","2227","10240","5833257226","2620520","512","910","442","5","1770.872865"
"1","2","10","q10_case1","2228","10240","5835878075","2620849","512","908","444","5","1771.702540"
"1","2","10","q10_case1","2229","10240","5838499000","2620925","512","906","440","6","1772.504005"
"1","2","10","q10_case1","2230","10240","5841119927","2620927","512","906","441","5","1773.310033"
"1","2","10","q10_case1","2231","10240","5843740848","2620921","512","904","440","5","1774.118646"
"1","2","10","q10_case1","2232","10240","5846361473","2620625","512","902","440","5","1774.932621"
"1","2","10","q10_case1","2233","10240","5848982217","2620744","512","902","438","5","1775.741437"
"1","2","10","q10_case1","2234","10240","5851603033","2620816","512","900","438","5","1776.556467"
"1","2","10","q10_case1","2235","10240","5854223916","2620883","512","898","439","5","1777.363228"
"1","2","10","q10_case1","2236","10240","5856844831","2620915","512","898","436","5","1778.151376"
"1","2","10","q10_case1","2237","10240","5859465756","2620925","512","896","437","5","1778.964123"
"1","2","10","q10_case1","2238","10240","5862086684","2620928","512","894","440","5","1779.772063"
"1","2","10","q10_case1","2239","10240","5864707612","2620928","512","892","440","5","1780.583588"
"1","2","10","q10_case1","2240","10240","5867328502","2620890","512","892","438","5","1781.375197"
"1","2","10","q10_case1","2241","10240","5869949034","2620532","512","890","438","5","1782.191194"
"1","2","10","q10_case1","2242","10240","5872569880","2620846","512","888","438","5","1783.003885"
"1","2","10","q10_case1","2243","10240","5875190451","2620571","512","888","436","5","1783.802580"
"1","2","10","q10_case1","2244","10240","5877811303","2620852","512","886","436","5","1784.606366"
"1","2","10","q10_case1","2245","10240","5880432224","2620921","512","884","437","5","1785.404602"
"1","2","10","q10_case1","2246","10240","5883053104","2620880","512","884","434","5","1786.217930"
"1","2","10","q10_case1","2247","10240","5885673993","2620889","512","882","435","5","1787.041497"
"1","2","10","q10_case1","2248","10240","5888294920","2620927","512","880","435","5","1787.916541"
"1","2","10","q10_case1","2249","10240","5890915847","2620927","512","878","434","5","1788.774416"
"1","2","10","q10_case1","2250","10240","5893536770","2620923","512","878","433","5","1789.594378"
"1","2","10","q10_case1","2251","10240","5896157278","2620508","512","876","432","5","1790.403135"
"1","2","10","q10_case1","2252","10240","5898777744","2620466","512","876","431","5","1791.209255"
"1","2","10","q10_case1","2253","10240","5901398619","2620875","512","874","430","5","1792.021711"
"1","2","10","q10_case1","2254","10240","5904019079","2620460","512","874","429","5","1792.830872"
"1","2","10","q10_case1","2255","10240","5906639972","2620893","512","872","428","5","1793.649574"
"1","2","10","q10_case1","2256","10240","5909260393","2620421","512","872","427","5","1794.483196"
"1","2","10","q10_case1","2257","10240","5911881316","2620923","512","870","426","5","1795.313337"
"1","2","10","q10_case1","2258","10240","5914501773","2620457","512","868","428","5","1796.114856"
"1","2","10","q10_case1","2259","10240","5917122682","2620909","512","868","424","5","1796.947628"
"1","2","10","q10_case1","2260","10240","5919743575","2620893","512","866","426","5","1797.755478"
"1","2","10","q10_case1","2261","10240","5922364503","2620928","512","864","424","5","1798.560417"
"1","2","10","q10_case1","2262","10240","5924985428","2620925","512","864","423","5","1799.387829"
"1","2","10","q10_case1","2263","10240","5927606306","2620878","512","862","422","5","1800.201416"
"1","2","10","q10_case1","2264","10240","5930226775","2620469","512","860","424","5","1801.022208"
"1","2","10","q10_case1","2265","10240","5932847687","2620912","512","860","420","5","1801.868768"
"1","2","10","q10_case1","2266","10240","5935468568","2620881","512","858","422","5","1802.685743"
"1","2","10","q10_case1","2267","10240","5938089496","2620928","512","858","419","5","1803.487390"
"1","2","10","q10_case1","2268","10240","5940710424","2620928","512","856","421","5","1804.307846"
"1","2","10","q10_case1","2269","10240","5943331351","2620927","512","856","417","5","1805.131746"
"1","2","10","q10_case1","2270","10240","5945952272","2620921","512","854","419","5","1805.948187"
"1","2","10","q10_case1","2271","10240","5948573200","2620928","512","854","415","5","1806.790114"
"1","2","10","q10_case1","2272","10240","5951194128","2620928","512","852","417","5","1807.615704"
"1","2","10","q10_case1","2273","10240","5953815055","2620927","512","850","419","5","1808.432087"
"1","2","10","q10_case1","2274","10240","5956435978","2620923","512","850","416","5","1809.252893"
"1","2","10","q10_case1","2275","10240","5959056904","2620926","512","848","417","5","1810.057290"
"1","2","10","q10_case1","2276","10240","5961677832","2620928","512","846","419","5","1810.868031"
"1","2","10","q10_case1","2277","10240","5964298759","2620927","512","844","418","5","1811.679641"
"1","2","10","q10_case1","2278","10240","5966919687","2620928","512","844","417","5","1812.488834"
"1","2","10","q10_case1","2279","10240","5969540195","2620508","512","842","416","5","1813.300403"
"1","2","10","q10_case1","2280","10240","5972160662","2620467","512","840","416","5","1814.130550"
"1","2","10","q10_case1","2281","10240","5974781550","2620888","512","838","416","5","1814.962743"
"1","2","10","q10_case1","2282","10240","5977402468","2620918","512","838","414","5","1815.780696"
"1","2","10","q10_case1","2283","10240","5980023260","2620792","512","836","414","5","1816.594268"
"1","2","10","q10_case1","2284","10240","5982644144","2620884","512","834","415","5","1817.404614"
"1","2","10","q10_case1","2285","10240","5985265071","2620927","512","832","415","5","1818.223774"
"1","2","10","q10_case1","2286","10240","5987885992","2620921","512","832","413","5","1819.087029"
"1","2","10","q10_case1","2287","10240","5990506848","2620856","512","830","413","5","1819.948561"
"1","2","10","q10_case1","2288","10240","5993127730","2620882","512","828","414","5","1820.810605"
"1","2","10","q10_case1","2289","10240","5995748655","2620925","512","828","411","5","1821.648989"
"1","2","10","q10_case1","2290","10240","5998369582","2620927","512","826","412","5","1822.485295"
"1","2","10","q10_case1","2291","10240","6000990510","2620928","512","826","409","5","1823.298607"
"1","2","10","q10_case1","2292","10240","6003611438","2620928","512","824","411","5","1824.119279"
"1","2","10","q10_case1","2293","10240","6006232366","2620928","512","824","407","5","1824.926571"
"1","2","10","q10_case1","2294","10240","6008853293","2620927","512","822","409","5","1825.767150"
"1","2","10","q10_case1","2295","10240","6011474221","2620928","512","822","405","5","1826.557564"
"1","2","10","q10_case1","2296","10240","6014095149","2620928","512","820","407","5","1827.369975"
"1","2","10","q10_case1","2297","10240","6016716077","2620928","512","818","407","5","1828.176760"
"1","2","10","q10_case1","2298","10240","6019337005","2620928","512","818","405","5","1828.986235"
"1","2","10","q10_case1","2299","10240","6021957932","2620927","512","816","405","5","1829.806133"
"1","2","10","q10_case1","2300","10240","6024578824","2620892","512","816","403","5","1830.606130"
"1","2","10","q10_case1","2301","10240","6027199751","2620927","512","814","403","5","1831.452131"
"1","2","10","q10_case1","2302","10240","6029820496","2620745","512","814","402","5","1832.278571"
"1","2","10","q10_case1","2303","10240","6032441419","2620923","512","812","401","5","1833.091560"
"1","2","10","q10_case1","2304","10240","6035061873","2620454","512","812","400","5","1833.909406"
"1","2","10","q10_case1","2305","10240","6037682774","2620901","512","810","399","5","1834.721186"
"1","2","10","q10_case1","2306","10240","6040303209","2620435","512","810","398","5","1835.542548"
"1","2","10","q10_case1","2307","10240","6042924117","2620908","512","808","398","5","1836.368700"
"1","2","10","q10_case1","2308","10240","6045544551","2620434","512","808","397","5","1837.186459"
"1","2","10","q10_case1","2309","10240","6048165458","2620907","512","806","397","5","1838.011997"
"1","2","10","q10_case1","2310","10240","6050785889","2620431","512","806","396","5","1838.834316"
"1","2","10","q10_case1","2311","10240","6053406802","2620913","512","804","396","5","1839.647779"
"1","2","10","q10_case1","2312","10240","6056027233","2620431","512","804","395","5","1840.465160"
"1","2","10","q10_case1","2313","10240","6058648148","2620915","512","802","395","5","1841.281788"
"1","2","10","q10_case1","2314","10240","6061268572","2620424","512","802","394","5","1842.125502"
"1","2","10","q10_case1","2315","10240","6063889498","2620926","512","800","394","5","1842.960650"
"1","2","10","q10_case1","2316","10240","6066509936","2620438","512","798","394","5","1843.766025"
"1","2","10","q10_case1","2317","10240","6069130847","2620911","512","798","393","5","1844.587071"
"1","2","10","q10_case1","2318","10240","6071751696","2620849","512","796","392","5","1845.407150"
"1","2","10","q10_case1","2319","10240","6074372183","2620487","512","794","393","5","1846.211874"
"1","2","10","q10_case1","2320","10240","6076993097","2620914","512","794","391","5","1847.025435"
"1","2","10","q10_case1","2321","10240","6079613993","2620896","512","792","391","5","1847.842819"
"1","2","10","q10_case1","2322","10240","6082234890","2620897","512","790","393","5","1848.669774"
"1","2","10","q10_case1","2323","10240","6084855817","2620927","512","790","390","5","1849.492018"
"1","2","10","q10_case1","2324","10240","6087476709","2620892","512","788","391","5","1850.296213"
"1","2","10","q10_case1","2325","10240","6090097630","2620921","512","788","388","5","1851.112768"
"1","2","10","q10_case1","2326","10240","6092718558","2620928","512","786","390","5","1851.932330"
"1","2","10","q10_case1","2327","10240","6095339461","2620903","512","786","387","5","1852.738485"
"1","2","10","q10_case1","2328","10240","6097960389","2620928","512","784","388","5","1853.620629"
"1","2","10","q10_case1","2329","10240","6100581294","2620905","512","784","386","5","1854.501530"
"1","2","10","q10_case1","2330","10240","6103202221","2620927","512","782","387","5","1855.371411"
"1","2","10","q10_case1","2331","10240","6105823110","2620889","512","780","387","5","1856.188578"
"1","2","10","q10_case1","2332","10240","6108444037","2620927","512","780","386","5","1857.013768"
"1","2","10","q10_case1","2333","10240","6111064960","2620923","512","778","385","5","1857.818937"
"1","2","10","q10_case1","2334","10240","6113685443","2620483","512","776","387","5","1858.669433"
"1","2","10","q10_case1","2335","10240","6116306363","2620920","512","776","383","5","1859.558307"
"1","2","10","q10_case1","2336","10240","6118927258","2620895","512","774","385","5","1860.428491"
"1","2","10","q10_case1","2337","10240","6121548169","2620911","512","772","385","5","1861.287176"
"1","2","10","q10_case1","2338","10240","6124169096","2620927","512","772","383","5","1862.095665"
"1","2","10","q10_case1","2339","10240","6126789906","2620810","512","770","383","5","1862.922538"
"1","2","10","q10_case1","2340","10240","6129410762","2620856","512","768","383","5","1863.753700"
"1","2","10","q10_case1","2341","10240","6132031328","2620566","512","768","382","5","1864.578858"
"1","2","10","q10_case1","2342","10240","6134652173","2620845","512","766","381","5","1865.427306"
"1","2","10","q10_case1","2343","10240","6137272634","2620461","512","766","380","5","1866.265053"
"1","2","10","q10_case1","2344","10240","6139893556","2620922","512","764","380","5","1867.086352"
"1","2","10","q10_case1","2345","10240","6142513979","2620423","512","764","379","5","1867.906154"
"1","2","10","q10_case1","2346","10240","6145134902","2620923","512","762","379","5","1868.730789"
"1","2","10","q10_case1","2347","10240","6147755333","2620431","512","762","378","5","1869.532067"
"1","2","10","q10_case1","2348","10240","6150376261","2620928","512","760","377","5","1870.379913"
"1","2","10","q10_case1","2349","10240","6152996686","2620425","512","760","376","5","1871.211355"
"1","2","10","q10_case1","2350","10240","6155617609","2620923","512","758","376","5","1872.064106"
"1","2","10","q10_case1","2351","10240","6158238039","2620430","512","758","375","5","1872.902176"
"1","2","10","q10_case1","2352","10240","6160858963","2620924","512","756","375","5","1873.726618"
"1","2","10","q10_case1","2353","10240","6163479392","2620429","512","754","376","5","1874.545831"
"1","2","10","q10_case1","2354","10240","6166100315","2620923","512","754","375","5","1875.366807"
"1","2","10","q10_case1","2355","10240","6168721195","2620880","512","752","374","5","1876.169468"
"1","2","10","q10_case1","2356","10240","6171341654","2620459","512","750","375","5","1876.985361"
"1","2","10","q10_case1","2357","10240","6173962577","2620923","512","750","373","5","1877.811090"
"1","2","10","q10_case1","2358","10240","6176583478","2620901","512","748","373","5","1878.629206"
"1","2","10","q10_case1","2359","10240","6179204355","2620877","512","746","374","5","1879.444777"
"1","2","10","q10_case1","2360","10240","6181825283","2620928","512","744","374","5","1880.265135"
"1","2","10","q10_case1","2361","10240","6184446157","2620874","512","742","374","5","1881.068528"
"1","2","10","q10_case1","2362","10240","6187066738","2620581","512","742","372","5","1881.884886"
"1","2","10","q10_case1","2363","10240","6189687174","2620436","512","740","372","5","1882.702988"
"1","2","10","q10_case1","2364","10240","6192307752","2620578","512","738","374","5","1883.517146"
"1","2","10","q10_case1","2365","10240","6194928514","2620762","512","738","370","5","1884.335728"
"1","2","10","q10_case1","2366","10240","6197549395","2620881","512","736","372","5","1885.137095"
"1","2","10","q10_case1","2367","10240","6200170310","2620915","512","736","368","5","1886.002195"
"1","2","10","q10_case1","2368","10240","6202791236","2620926","512","734","369","5","1886.874113"
"1","2","10","q10_case1","2369","10240","6205412161","2620925","512","734","367","5","1887.735650"
"1","2","10","q10_case1","2370","10240","6208033089","2620928","512","732","367","5","1888.585053"
"1","2","10","q10_case1","2371","10240","6210653968","2620879","512","732","366","5","1889.429464"
"1","2","10","q10_case1","2372","10240","6213274896","2620928","512","730","366","5","1890.265267"
"1","2","10","q10_case1","2373","10240","6215895331","2620435","512","730","365","5","1891.112029"
"1","2","10","q10_case1","2374","10240","6218516254","2620923","512","728","365","5","1891.959958"
"1","2","10","q10_case1","2375","10240","6221136679","2620425","512","726","366","5","1892.825105"
"1","2","10","q10_case1","2376","10240","6223757604","2620925","512","724","365","5","1893.666347"
"1","2","10","q10_case1","2377","10240","6226378507","2620903","512","724","364","5","1894.505673"
"1","2","10","q10_case1","2378","10240","6228999081","2620574","512","722","363","5","1895.336311"
"1","2","10","q10_case1","2379","10240","6231619506","2620425","512","720","365","5","1896.148293"
"1","2","10","q10_case1","2380","10240","6234240416","2620910","512","720","361","5","1896.956048"
"1","2","10","q10_case1","2381","10240","6236861292","2620876","512","718","363","5","1897.791081"
"1","2","10","q10_case1","2382","10240","6239482200","2620908","512","718","360","5","1898.647522"
"1","2","10","q10_case1","2383","10240","6242103128","2620928","512","716","361","5","1899.492552"
"1","2","10","q10_case1","2384","10240","6244724021","2620893","512","716","359","5","1900.354958"
"1","2","10","q10_case1","2385","10240","6247344949","2620928","512","714","360","5","1901.211007"
"1","2","10","q10_case1","2386","10240","6249965825","2620876","512","712","362","5","1902.068697"
"1","2","10","q10_case1","2387","10240","6252586753","2620928","512","712","359","5","1902.903190"
"1","2","10","q10_case1","2388","10240","6255207634","2620881","512","710","360","5","1903.716685"
"1","2","10","q10_case1","2389","10240","6257828526","2620892","512","710","358","5","1904.531866"
"1","2","10","q10_case1","2390","10240","6260449454","2620928","512","708","359","5","1905.354234"
"1","2","10","q10_case1","2391","10240","6263070140","2620686","512","706","360","5","1906.172678"
"1","2","10","q10_case1","2392","10240","6265691066","2620926","512","706","358","5","1906.995329"
"1","2","10","q10_case1","2393","10240","6268311934","2620868","512","704","359","5","1907.788943"
"1","2","10","q10_case1","2394","10240","6270932779","2620845","512","704","357","5","1908.610994"
"1","2","10","q10_case1","2395","10240","6273553707","2620928","512","702","358","5","1909.411809"
"1","2","10","q10_case1","2396","10240","6276174264","2620557","512","702","357","5","1910.222099"
"1","2","10","q10_case1","2397","10240","6278795185","2620921","512","700","357","5","1911.037712"
"1","2","10","q10_case1","2398","10240","6281415607","2620422","512","700","356","5","1911.856250"
"1","2","10","q10_case1","2399","10240","6284036522","2620915","512","698","356","5","1912.679104"
"1","2","10","q10_case1","2400","10240","6286656946","2620424","512","698","355","5","1913.505892"
"1","2","10","q10_case1","2401","10240","6289277874","2620928","512","696","355","5","1914.333694"
"1","2","10","q10_case1","2402","10240","6291898293","2620419","512","696","354","5","1915.143787"
"1","2","10","q10_case1","2403","10240","6294519192","2620899","512","694","354","5","1915.958486"
"1","2","10","q10_case1","2404","10240","6297139626","2620434","512","692","354","5","1916.774705"
"1","2","10","q10_case1","2405","10240","6299760552","2620926","512","692","353","5","1917.576022"
"1","2","10","q10_case1","2406","10240","6302381309","2620757","512","690","352","5","1918.396164"
"1","2","10","q10_case1","2407","10240","6305001757","2620448","512","688","351","5","1919.214795"
"1","2","10","q10_case1","2408","10240","6307622680","2620923","512","686","352","5","1920.019176"
"1","2","10","q10_case1","2409","10240","6310243260","2620580","512","686","349","5","1920.836864"
"1","2","10","q10_case1","2410","10240","6312863990","2620730","512","684","349","5","1921.679184"
"1","2","10","q10_case1","2411","10240","6315484878","2620888","512","682","349","5","1922.485407"
"1","2","10","q10_case1","2412","10240","6318105567","2620689","512","682","348","5","1923.305166"
"1","2","10","q10_case1","2413","10240","6320726026","2620459","512","680","348","5","1924.124680"
"1","2","10","q10_case1","2414","10240","6323346475","2620449","512","678","349","5","1924.934947"
"1","2","10","q10_case1","2415","10240","6325967378","2620903","512","678","348","5","1925.739326"
"1","2","10","q10_case1","2416","10240","6328588258","2620880","512","676","348","5","1926.586962"
"1","2","10","q10_case1","2417","10240","6331208711","2620453","512","676","347","5","1927.404379"
"1","2","10","q10_case1","2418","10240","6333829639","2620928","512","674","347","5","1928.230527"
"1","2","10","q10_case1","2419","10240","6336450058","2620419","512","674","346","5","1929.034414"
"1","2","10","q10_case1","2420","10240","6339070960","2620902","512","672","345","5","1929.849109"
"1","2","10","q10_case1","2421","10240","6341691395","2620435","512","672","344","5","1930.655656"
"1","2","10","q10_case1","2422","10240","6344312323","2620928","512","670","344","5","1931.478531"
"1","2","10","q10_case1","2423","10240","6346932744","2620421","512","670","343","5","1932.291532"
"1","2","10","q10_case1","2424","10240","6349553621","2620877","512","668","343","5","1933.099076"
"1","2","10","q10_case1","2425","10240","6352174053","2620432","512","666","345","5","1933.914689"
"1","2","10","q10_case1","2426","10240","6354794981","2620928","512","666","343","5","1934.734003"
"1","2","10","q10_case1","2427","10240","6357415888","2620907","512","664","343","5","1935.529289"
"1","2","10","q10_case1","2428","10240","6360036451","2620563","512","662","344","5","1936.350793"
"1","2","10","q10_case1","2429","10240","6362657250","2620799","512","662","343","5","1937.169552"
"1","2","10","q10_case1","2430","10240","6365278039","2620789","512","660","342","5","1937.979734"
"1","2","10","q10_case1","2431","10240","6367898484","2620445","512","660","341","5","1938.796723"
"1","2","10","q10_case1","2432","10240","6370519408","2620924","512","658","342","5","1939.628291"
"1","2","10","q10_case1","2433","10240","6373139829","2620421","512","658","341","5","1940.428369"
"1","2","10","q10_case1","2434","10240","6375760723","2620894","512","656","343","5","1941.248390"
"1","2","10","q10_case1","2435","10240","6378381140","2620417","512","656","342","5","1942.067339"
"1","2","10","q10_case1","2436","10240","6381002039","2620899","512","654","342","5","1942.891894"
"1","2","10","q10_case1","2437","10240","6383622461","2620422","512","654","341","5","1943.713323"
"1","2","10","q10_case1","2438","10240","6386243374","2620913","512","652","341","5","1944.537627"
"1","2","10","q10_case1","2439","10240","6388863798","2620424","512","650","342","5","1945.336274"
"1","2","10","q10_case1","2440","10240","6391484723","2620925","512","650","341","5","1946.159763"
"1","2","10","q10_case1","2441","10240","6394105609","2620886","512","648","341","5","1946.976669"
"1","2","10","q10_case1","2442","10240","6396726031","2620422","512","648","340","5","1947.794344"
"1","2","10","q10_case1","2443","10240","6399346955","2620924","512","646","342","5","1948.601718"
"1","2","10","q10_case1","2444","10240","6401967377","2620422","512","644","342","5","1949.427454"
"1","2","10","q10_case1","2445","10240","6404588278","2620901","512","644","341","5","1950.227801"
"1","2","10","q10_case1","2446","10240","6407209075","2620797","512","642","340","5","1951.060880"
"1","2","10","q10_case1","2447","10240","6409829533","2620458","512","640","341","5","1951.868491"
"1","2","10","q10_case1","2448","10240","6412450455","2620922","512","638","340","5","1952.702858"
"1","2","10","q10_case1","2449","10240","6415071360","2620905","512","636","339","5","1953.523477"
"1","2","10","q10_case1","2450","10240","6417691744","2620384","512","634","338","5","1954.356267"
"1","2","10","q10_case1","2451","10240","6420311979","2620235","512","634","337","5","1955.185506"
"1","2","10","q10_case1","2452","10240","6422932371","2620392","512","632","336","5","1955.988283"
"1","2","10","q10_case1","2453","10240","6425552805","2620434","512","632","335","5","1956.809523"
"1","2","10","q10_case1","2454","10240","6428173727","2620922","512","630","335","5","1957.626361"
"1","2","10","q10_case1","2455","10240","6430794151","2620424","512","630","334","5","1958.426528"
"1","2","10","q10_case1","2456","10240","6433415029","2620878","512","628","334","5","1959.248510"
"1","2","10","q10_case1","2457","10240","6436035460","2620431","512","628","333","5","1960.067152"
"1","2","10","q10_case1","2458","10240","6438656388","2620928","512","626","335","5","1960.882816"
"1","2","10","q10_case1","2459","10240","6441276805","2620417","512","626","334","5","1961.704493"
"1","2","10","q10_case1","2460","10240","6443897685","2620880","512","624","333","5","1962.508328"
"1","2","10","q10_case1","2461","10240","6446518123","2620438","512","622","332","5","1963.325710"
"1","2","10","q10_case1","2462","10240","6449139045","2620922","512","620","331","5","1964.138150"
"1","2","10","q10_case1","2463","10240","6451759756","2620711","512","620","330","5","1964.951365"
"1","2","10","q10_case1","2464","10240","6454380188","2620432","512","618","329","5","1965.770576"
"1","2","10","q10_case1","2465","10240","6457000607","2620419","512","618","328","5","1966.578547"
"1","2","10","q10_case1","2466","10240","6459621526","2620919","512","616","328","5","1967.400535"
"1","2","10","q10_case1","2467","10240","6462241949","2620423","512","616","327","5","1968.210756"
"1","2","10","q10_case1","2468","10240","6464862833","2620884","512","614","328","5","1969.029497"
"1","2","10","q10_case1","2469","10240","6467483254","2620421","512","614","325","5","1969.855928"
"1","2","10","q10_case1","2470","10240","6470104157","2620903","512","612","326","5","1970.671835"
"1","2","10","q10_case1","2471","10240","6472724808","2620651","512","612","325","5","1971.480183"
"1","2","10","q10_case1","2472","10240","6475345719","2620911","512","610","324","5","1972.298689"
"1","2","10","q10_case1","2473","10240","6477966148","2620429","512","610","323","5","1973.118356"
"1","2","10","q10_case1","2474","10240","6480587076","2620928","512","608","324","5","1973.937373"
"1","2","10","q10_case1","2475","10240","6483207505","2620429","512","608","323","5","1974.757449"
"1","2","10","q10_case1","2476","10240","6485828433","2620928","512","606","323","5","1975.578924"
"1","2","10","q10_case1","2477","10240","6488448853","2620420","512","606","322","5","1976.396583"
"1","2","10","q10_case1","2478","10240","6491069749","2620896","512","604","324","5","1977.204485"
"1","2","10","q10_case1","2479","10240","6493690169","2620420","512","602","322","5","1978.026513"
"1","2","10","q10_case1","2480","10240","6496311060","2620891","512","602","321","5","1978.851763"
"1","2","10","q10_case1","2481","10240","6498931631","2620571","512","600","322","5","1979.704672"
"1","2","10","q10_case1","2482","10240","6501552062","2620431","512","600","321","5","1980.573772"
"1","2","10","q10_case1","2483","10240","6504172990","2620928","512","598","320","5","1981.451616"
"1","2","10","q10_case1","2484","10240","6506793409","2620419","512","598","319","5","1982.333010"
"1","2","10","q10_case1","2485","10240","6509414295","2620886","512","598","318","5","1983.216713"
"1","2","10","q10_case1","2486","10240","6512034711","2620416","512","598","317","5","1984.070472"
"1","2","10","q10_case1","2487","10240","6514654872","2620161","512","598","316","5","1984.928594"
"1","2","10","q10_case1","2488","10240","6517275139","2620267","512","598","315","5","1985.795061"
"1","2","10","q10_case1","2489","10240","6519895482","2620343","512","596","314","5","1986.656480"
"1","2","10","q10_case1","2490","10240","6522515802","2620320","512","596","313","5","1987.515877"
"1","2","10","q10_case1","2491","10240","6525136699","2620897","512","594","314","5","1988.384316"
"1","2","10","q10_case1","2492","10240","6527757138","2620439","512","592","314","5","1989.268783"
"1","2","10","q10_case1","2493","10240","6530378066","2620928","512","590","312","5","1990.117639"
"1","2","10","q10_case1","2494","10240","6532998948","2620882","512","590","311","5","1990.936187"
"1","2","10","q10_case1","2495","10240","6535619516","2620568","512","588","311","5","1991.761886"
"1","2","10","q10_case1","2496","10240","6538239943","2620427","512","586","309","5","1992.587991"
"1","2","10","q10_case1","2497","10240","6540860870","2620927","512","586","308","5","1993.407388"
"1","2","10","q10_case1","2498","10240","6543481471","2620601","512","584","309","5","1994.258893"
"1","2","10","q10_case1","2499","10240","6546101887","2620416","512","584","307","5","1995.066376"
"1","2","10","q10_case1","2500","10240","6548722815","2620928","512","582","307","5","1995.904348"
"1","2","10","q10_case1","2501","10240","6551343481","2620666","512","582","306","5","1996.733684"
"1","2","10","q10_case1","2502","10240","6553964259","2620778","512","580","306","5","1997.568868"
"1","2","10","q10_case1","2503","10240","6556584672","2620413","512","580","305","5","1998.405373"
"1","2","10","q10_case1","2504","10240","6559205548","2620876","512","578","305","5","1999.225100"
"1","2","10","q10_case1","2505","10240","6561825985","2620437","512","578","304","5","2000.041409"
"1","2","10","q10_case1","2506","10240","6564446907","2620922","512","576","304","5","2000.863816"
"1","2","10","q10_case1","2507","10240","6567067337","2620430","512","576","303","5","2001.685116"
"1","2","10","q10_case1","2508","10240","6569688265","2620928","512","574","303","5","2002.524595"
"1","2","10","q10_case1","2509","10240","6572308685","2620420","512","574","302","5","2003.372287"
"1","2","10","q10_case1","2510","10240","6574929557","2620872","512","572","303","5","2004.192026"
"1","2","10","q10_case1","2511","10240","6577549988","2620431","512","572","302","5","2005.016758"
"1","2","10","q10_case1","2512","10240","6580170916","2620928","512","570","302","5","2005.848973"
"1","2","10","q10_case1","2513","10240","6582791343","2620427","512","570","301","5","2006.666394"
"1","2","10","q10_case1","2514","10240","6585412252","2620909","512","568","301","5","2007.489238"
"1","2","10","q10_case1","2515","10240","6588032673","2620421","512","568","300","5","2008.296021"
"1","2","10","q10_case1","2516","10240","6590653563","2620890","512","566","301","5","2009.135443"
"1","2","10","q10_case1","2517","10240","6593273990","2620427","512","566","300","5","2009.961647"
"1","2","10","q10_case1","2518","10240","6595894918","2620928","512","564","300","5","2010.796964"
"1","2","10","q10_case1","2519","10240","6598515343","2620425","512","564","299","5","2011.626034"
"1","2","10","q10_case1","2520","10240","6601136250","2620907","512","562","298","5","2012.454782"
"1","2","10","q10_case1","2521","10240","6603756674","2620424","512","562","297","5","2013.296038"
"1","2","10","q10_case1","2522","10240","6606377596","2620922","512","560","297","5","2014.115125"
"1","2","10","q10_case1","2523","10240","6608998022","2620426","512","558","298","5","2014.939564"
"1","2","10","q10_case1","2524","10240","6611618945","2620923","512","558","297","5","2015.753072"
"1","2","10","q10_case1","2525","10240","6614239758","2620813","512","556","298","5","2016.582666"
"1","2","10","q10_case1","2526","10240","6616860194","2620436","512","554","297","5","2017.411840"
"1","2","10","q10_case1","2527","10240","6619481122","2620928","512","554","296","5","2018.232523"
"1","2","10","q10_case1","2528","10240","6622101964","2620842","512","552","297","5","2019.054090"
"1","2","10","q10_case1","2529","10240","6624722397","2620433","512","552","296","5","2019.857652"
"1","2","10","q10_case1","2530","10240","6627343325","2620928","512","552","295","5","2020.686992"
"1","2","10","q10_case1","2531","10240","6629963751","2620426","512","552","294","5","2021.495207"
"1","2","10","q10_case1","2532","10240","6632584183","2620432","512","552","293","5","2022.322864"
"1","2","10","q10_case1","2533","10240","6635204674","2620491","512","550","293","5","2023.152302"
"1","2","10","q10_case1","2534","10240","6637825227","2620553","512","550","292","5","2023.975242"
"1","2","10","q10_case1","2535","10240","6640446131","2620904","512","548","293","5","2024.793831"
"1","2","10","q10_case1","2536","10240","6643066579","2620448","512","548","292","5","2025.600032"
"1","2","10","q10_case1","2537","10240","6645687507","2620928","512","546","291","5","2026.434147"
"1","2","10","q10_case1","2538","10240","6648307933","2620426","512","546","290","5","2027.244398"
"1","2","10","q10_case1","2539","10240","6650928813","2620880","512","544","289","5","2028.066669"
"1","2","10","q10_case1","2540","10240","6653549246","2620433","512","542","289","5","2028.887697"
"1","2","10","q10_case1","2541","10240","6656170166","2620920","512","540","287","5","2029.678351"
"1","2","10","q10_case1","2542","10240","6658790914","2620748","512","540","286","5","2030.494669"
"1","2","10","q10_case1","2543","10240","6661411341","2620427","512","538","287","5","2031.314958"
"1","2","10","q10_case1","2544","10240","6664031765","2620424","512","538","286","5","2032.120194"
"1","2","10","q10_case1","2545","10240","6666652693","2620928","512","536","286","5","2032.941188"
"1","2","10","q10_case1","2546","10240","6669273120","2620427","512","536","285","5","2033.765827"
"1","2","10","q10_case1","2547","10240","6671894021","2620901","512","534","286","5","2034.596706"
"1","2","10","q10_case1","2548","10240","6674514441","2620420","512","534","285","5","2035.416630"
"1","2","10","q10_case1","2549","10240","6677135304","2620863","512","532","286","5","2036.226925"
"1","2","10","q10_case1","2550","10240","6679755724","2620420","512","532","285","5","2037.054293"
"1","2","10","q10_case1","2551","10240","6682376603","2620879","512","530","288","5","2037.895830"
"1","2","10","q10_case1","2552","10240","6684997023","2620420","512","530","287","5","2038.723137"
"1","2","10","q10_case1","2553","10240","6687617897","2620874","512","528","286","5","2039.558525"
"1","2","10","q10_case1","2554","10240","6690238330","2620433","512","526","286","5","2040.382059"
"1","2","10","q10_case1","2555","10240","6692859255","2620925","512","526","284","5","2041.234568"
"1","2","10","q10_case1","2556","10240","6695480119","2620864","512","524","284","5","2042.052520"
"1","2","10","q10_case1","2557","10240","6698100671","2620552","512","524","283","5","2042.893347"
"1","2","10","q10_case1","2558","10240","6700721596","2620925","512","522","282","5","2043.715696"
"1","2","10","q10_case1","2559","10240","6703342018","2620422","512","522","281","5","2044.530569"
"1","2","10","q10_case1","2560","10240","6705962892","2620874","512","520","282","5","2045.351566"
"1","2","10","q10_case1","2561","10240","6708583316","2620424","512","520","281","5","2046.153651"
"1","2","10","q10_case1","2562","10240","6711204208","2620892","512","518","282","5","2046.977643"
"1","2","10","q10_case1","2563","10240","6713824629","2620421","512","518","281","5","2047.805571"
"1","2","10","q10_case1","2564","10240","6716445506","2620877","512","516","282","5","2048.613295"
"1","2","10","q10_case1","2565","10240","6719065936","2620430","512","514","282","5","2049.431456"
"1","2","10","q10_case1","2566","10240","6721686864","2620928","512","514","281","5","2050.253437"
"1","2","10","q10_case1","2567","10240","6724307741","2620877","512","512","280","5","2051.052232"
"1","2","10","q10_case1","2568","10240","6726928172","2620431","512","512","279","5","2051.873761"
"1","2","10","q10_case1","2569","10240","6729549094","2620922","512","510","279","5","2052.691619"
"1","2","10","q10_case1","2570","10240","6732169522","2620428","512","510","278","5","2053.495742"
"1","2","10","q10_case1","2571","10240","6734790446","2620924","512","508","278","5","2054.319962"
"1","2","10","q10_case1","2572","10240","6737410873","2620427","512","508","277","5","2055.138793"
"1","2","10","q10_case1","2573","10240","6740031801","2620928","512","506","277","5","2056.011661"
"1","2","10","q10_case1","2574","10240","6742652240","2620439","512","506","276","5","2056.849320"
"1","2","10","q10_case1","2575","10240","6745273164","2620924","512","504","276","5","2057.670656"
"1","2","10","q10_case1","2576","10240","6747893602","2620438","512","504","275","5","2058.505974"
"1","2","10","q10_case1","2577","10240","6750514530","2620928","512","502","274","5","2059.320679"
"1","2","10","q10_case1","2578","10240","6753134966","2620436","512","502","273","5","2060.155009"
"1","2","10","q10_case1","2579","10240","6755755884","2620918","512","500","273","5","2060.980161"
"1","2","10","q10_case1","2580","10240","6758376331","2620447","512","498","273","5","2061.794155"
"1","2","10","q10_case1","2581","10240","6760997252","2620921","512","496","272","5","2062.617947"
"1","2","10","q10_case1","2582","10240","6763617820","2620568","512","496","271","5","2063.467827"
"1","2","10","q10_case1","2583","10240","6766238220","2620400","512","494","271","5","2064.309261"
"1","2","10","q10_case1","2584","10240","6768858642","2620422","512","494","270","5","2065.142676"
"1","2","10","q10_case1","2585","10240","6771479565","2620923","512","492","271","5","2066.000944"
"1","2","10","q10_case1","2586","10240","6774100011","2620446","512","492","270","5","2066.852289"
"1","2","10","q10_case1","2587","10240","6776720939","2620928","512","490","270","5","2067.688879"
"1","2","10","q10_case1","2588","10240","6779341367","2620428","512","490","269","5","2068.559807"
"1","2","10","q10_case1","2589","10240","6781962286","2620919","512","488","268","5","2069.453743"
"1","2","10","q10_case1","2590","10240","6784582723","2620437","512","488","267","5","2070.324840"
"1","2","10","q10_case1","2591","10240","6787203647","2620924","512","486","267","5","2071.196961"
"1","2","10","q10_case1","2592","10240","6789824087","2620440","512","486","266","5","2072.032028"
"1","2","10","q10_case1","2593","10240","6792445015","2620928","512","484","266","5","2072.886215"
"1","2","10","q10_case1","2594","10240","6795065461","2620446","512","484","265","5","2073.721688"
"1","2","10","q10_case1","2595","10240","6797686389","2620928","512","482","266","5","2074.535473"
"1","2","10","q10_case1","2596","10240","6800306826","2620437","512","482","265","5","2075.363185"
"1","2","10","q10_case1","2597","10240","6802927754","2620928","512","480","267","5","2076.175732"
"1","2","10","q10_case1","2598","10240","6805548177","2620423","512","480","266","5","2077.008655"
"1","2","10","q10_case1","2599","10240","6808169057","2620880","512","478","266","5","2077.804979"
"1","2","10","q10_case1","2600","10240","6810789489","2620432","512","476","265","5","2078.624686"
"1","2","10","q10_case1","2601","10240","6813410413","2620924","512","476","264","5","2079.442221"
"1","2","10","q10_case1","2602","10240","6816031138","2620725","512","474","265","5","2080.306406"
"1","2","10","q10_case1","2603","10240","6818651564","2620426","512","474","264","5","2081.141748"
"1","2","10","q10_case1","2604","10240","6821272492","2620928","512","472","266","5","2081.987013"
"1","2","10","q10_case1","2605","10240","6823892925","2620433","512","472","265","5","2082.810142"
"1","2","10","q10_case1","2606","10240","6826513853","2620928","512","470","266","5","2083.628696"
"1","2","10","q10_case1","2607","10240","6829134282","2620429","512","470","265","5","2084.464678"
"1","2","10","q10_case1","2608","10240","6831755210","2620928","512","468","264","5","2085.282967"
"1","2","10","q10_case1","2609","10240","6834375642","2620432","512","468","263","5","2086.113150"
"1","2","10","q10_case1","2610","10240","6836996568","2620926","512","468","264","4","2086.940155"
"1","2","10","q10_case1","2611","10240","6839617011","2620443","512","468","263","4","2087.760467"
"1","2","10","q10_case1","2612","10240","6842237939","2620928","512","468","262","4","2088.598432"
"1","2","10","q10_case1","2613","10240","6844858363","2620424","512","468","261","4","2089.412921"
"1","2","10","q10_case1","2614","10240","6847478798","2620435","512","468","260","4","2090.247978"
"1","2","10","q10_case1","2615","10240","6850099250","2620452","512","468","259","4","2091.071134"
"1","2","10","q10_case1","2616","10240","6852719866","2620616","512","468","258","4","2091.910465"
"1","2","10","q10_case1","2617","10240","6855340446","2620580","512","468","257","4","2092.733306"
"1","2","10","q10_case1","2618","10240","6857960996","2620550","512","468","256","4","2093.564588"
"1","2","10","q10_case1","2619","10240","6860581528","2620532","512","468","255","4","2094.411176"
"1","2","10","q10_case1","2620","10240","6863202002","2620474","512","468","254","4","2095.264155"
"1","2","10","q10_case1","2621","10240","6865822432","2620430","512","468","253","4","2096.094328"
"1","2","10","q10_case1","2622","10240","6868442797","2620365","512","468","252","4","2096.920517"
"1","2","10","q10_case1","2623","10240","6871063146","2620349","512","468","251","4","2097.740550"
"1","2","10","q10_case1","2624","10240","6873683398","2620252","512","468","250","4","2098.576716"
"1","2","10","q10_case1","2625","10240","6876303600","2620202","512","468","249","4","2099.400964"
"1","2","10","q10_case1","2626","10240","6878923744","2620144","512","468","248","4","2100.236872"
"1","2","10","q10_case1","2627","10240","6881543896","2620152","512","468","247","4","2101.068084"
"1","2","10","q10_case1","2628","10240","6884164025","2620129","512","468","246","4","2101.916726"
"1","2","10","q10_case1","2629","10240","6886784201","2620176","512","468","245","4","2102.750863"
"1","2","10","q10_case1","2630","10240","6889404379","2620178","512","468","244","4","2103.570159"
"1","2","10","q10_case1","2631","10240","6892024612","2620233","512","468","243","4","2104.402380"
"1","2","10","q10_case1","2632","10240","6894644846","2620234","512","468","242","4","2105.232577"
"1","2","10","q10_case1","2633","10240","6897265094","2620248","512","468","241","4","2106.067603"
"1","2","10","q10_case1","2634","10240","6899885302","2620208","512","468","240","4","2106.899628"
"1","2","10","q10_case1","2635","10240","6902505532","2620230","512","468","239","4","2107.717479"
"1","2","10","q10_case1","2636","10240","6905125778","2620246","512","468","238","4","2108.558227"
"1","2","10","q10_case1","2637","10240","6907746037","2620259","512","468","237","4","2109.380876"
"1","2","10","q10_case1","2638","10240","6910366274","2620237","512","468","236","4","2110.217684"
"1","2","10","q10_case1","2639","10240","6912986457","2620183","512","468","235","4","2111.034869"
"1","2","10","q10_case1","2640","10240","6915606644","2620187","512","468","234","4","2111.874105"
"1","2","10","q10_case1","2641","10240","6918226851","2620207","512","468","233","4","2112.706525"
"1","2","10","q10_case1","2642","10240","6920847048","2620197","512","468","232","4","2113.547358"
"1","2","10","q10_case1","2643","10240","6923467249","2620201","512","468","231","4","2114.374880"
"1","2","10","q10_case1","2644","10240","6926087448","2620199","512","466","230","4","2115.196003"
"1","2","10","q10_case1","2645","10240","6928707636","2620188","512","466","229","4","2116.019202"
"1","2","10","q10_case1","2646","10240","6931328521","2620885","512","464","228","4","2116.844419"
"1","2","10","q10_case1","2647","10240","6933948952","2620431","512","462","230","4","2117.654231"
"1","2","10","q10_case1","2648","10240","6936569879","2620927","512","460","230","4","2118.485847"
"1","2","10","q10_case1","2649","10240","6939190747","2620868","512","460","229","4","2119.332263"
"1","2","10","q10_case1","2650","10240","6941811205","2620458","512","458","230","4","2120.195353"
"1","2","10","q10_case1","2651","10240","6944431624","2620419","512","456","228","4","2121.024580"
"1","2","10","q10_case1","2652","10240","6947052549","2620925","512","456","227","4","2121.852897"
"1","2","10","q10_case1","2653","10240","6949673292","2620743","512","454","228","4","2122.678563"
"1","2","10","q10_case1","2654","10240","6952293711","2620419","512","454","227","4","2123.517890"
"1","2","10","q10_case1","2655","10240","6954914639","2620928","512","452","226","4","2124.339730"
"1","2","10","q10_case1","2656","10240","6957535061","2620422","512","452","225","4","2125.181819"
"1","2","10","q10_case1","2657","10240","6960155970","2620909","512","450","226","4","2125.999212"
"1","2","10","q10_case1","2658","10240","6962776394","2620424","512","450","225","4","2126.884728"
"1","2","10","q10_case1","2659","10240","6965397290","2620896","512","448","224","4","2127.755559"
"1","2","10","q10_case1","2660","10240","6968017711","2620421","512","448","223","4","2128.618009"
"1","2","10","q10_case1","2661","10240","6970638620","2620909","512","446","223","4","2129.483336"
"1","2","10","q10_case1","2662","10240","6973259044","2620424","512","446","222","4","2130.346443"
"1","2","10","q10_case1","2663","10240","6975879952","2620908","512","444","223","4","2131.251985"
"1","2","10","q10_case1","2664","10240","6978500372","2620420","512","444","222","4","2132.103822"
"1","2","10","q10_case1","2665","10240","6981121252","2620880","512","442","222","4","2132.933396"
"1","2","10","q10_case1","2666","10240","6983741672","2620420","512","440","221","4","2133.785645"
"1","2","10","q10_case1","2667","10240","6986362574","2620902","512","440","220","4","2134.698790"
"1","2","10","q10_case1","2668","10240","6988983214","2620640","512","438","221","4","2135.579196"
"1","2","10","q10_case1","2669","10240","6991603617","2620403","512","438","220","4","2136.450967"
"1","2","10","q10_case1","2670","10240","6994224545","2620928","512","436","219","4","2137.292449"
"1","2","10","q10_case1","2671","10240","6996844965","2620420","512","436","218","4","2138.105519"
"1","2","10","q10_case1","2672","10240","6999465868","2620903","512","434","219","4","2138.942595"
"1","2","10","q10_case1","2673","10240","7002086293","2620425","512","434","218","4","2139.762498"
"1","2","10","q10_case1","2674","10240","7004707221","2620928","512","432","219","4","2140.592044"
"1","2","10","q10_case1","2675","10240","7007327638","2620417","512","432","218","4","2141.402438"
"1","2","10","q10_case1","2676","10240","7009948465","2620827","512","430","218","4","2142.226242"
"1","2","10","q10_case1","2677","10240","7012568893","2620428","512","428","218","4","2143.049388"
"1","2","10","q10_case1","2678","10240","7015189816","2620923","512","428","217","4","2143.866108"
"1","2","10","q10_case1","2679","10240","7017810659","2620843","512","426","218","4","2144.674155"
"1","2","10","q10_case1","2680","10240","7020431086","2620427","512","426","217","4","2145.506691"
"1","2","10","q10_case1","2681","10240","7023052014","2620928","512","426","216","4","2146.371452"
"1","2","10","q10_case1","2682","10240","7025672430","2620416","512","426","215","4","2147.224435"
"1","2","10","q10_case1","2683","10240","7028292768","2620338","512","426","214","4","2148.059525"
"1","2","10","q10_case1","2684","10240","7030913117","2620349","512","426","213","4","2148.892772"
"1","2","10","q10_case1","2685","10240","7033533417","2620300","512","426","212","4","2149.715710"
"1","2","10","q10_case1","2686","10240","7036153787","2620370","512","426","211","4","2150.553852"
"1","2","10","q10_case1","2687","10240","7038774204","2620417","512","426","210","4","2151.398223"
"1","2","10","q10_case1","2688","10240","7041394596","2620392","512","426","209","4","2152.245685"
"1","2","10","q10_case1","2689","10240","7044014982","2620386","512","424","208","4","2153.072373"
"1","2","10","q10_case1","2690","10240","7046635341","2620359","512","424","207","4","2153.907993"
"1","2","10","q10_case1","2691","10240","7049256238","2620897","512","422","207","4","2154.726578"
"1","2","10","q10_case1","2692","10240","7051876666","2620428","512","420","207","4","2155.557495"
"1","2","10","q10_case1","2693","10240","7054497586","2620920","512","420","205","4","2156.391476"
"1","2","10","q10_case1","2694","10240","7057118451","2620865","512","418","206","4","2157.207177"
"1","2","10","q10_case1","2695","10240","7059738938","2620487","512","418","205","4","2158.028979"
"1","2","10","q10_case1","2696","10240","7062359850","2620912","512","416","204","4","2158.857218"
"1","2","10","q10_case1","2697","10240","7064980273","2620423","512","416","203","4","2159.685435"
"1","2","10","q10_case1","2698","10240","7067601132","2620859","512","414","203","4","2160.513899"
"1","2","10","q10_case1","2699","10240","7070221565","2620433","512","412","202","4","2161.361692"
"1","2","10","q10_case1","2700","10240","7072842493","2620928","512","410","202","4","2162.187021"
"1","2","10","q10_case1","2701","10240","7075463210","2620717","512","410","201","4","2163.007125"
"1","2","10","q10_case1","2702","10240","7078083953","2620743","512","408","200","4","2163.835696"
"1","2","10","q10_case1","2703","10240","7080704387","2620434","512","408","199","4","2164.653504"
"1","2","10","q10_case1","2704","10240","7083325315","2620928","512","406","200","4","2165.480607"
"1","2","10","q10_case1","2705","10240","7085945745","2620430","512","406","199","4","2166.297664"
"1","2","10","q10_case1","2706","10240","7088566673","2620928","512","404","200","4","2167.132034"
"1","2","10","q10_case1","2707","10240","7091187091","2620418","512","404","199","4","2167.953725"
"1","2","10","q10_case1","2708","10240","7093807972","2620881","512","402","200","4","2168.782717"
"1","2","10","q10_case1","2709","10240","7096428402","2620430","512","402","199","4","2169.602828"
"1","2","10","q10_case1","2710","10240","7099049330","2620928","512","400","199","4","2170.439351"
"1","2","10","q10_case1","2711","10240","7101669748","2620418","512","400","198","4","2171.250654"
"1","2","10","q10_case1","2712","10240","7104290577","2620829","512","398","199","4","2172.090048"
"1","2","10","q10_case1","2713","10240","7106910994","2620417","512","398","198","4","2172.919489"
"1","2","10","q10_case1","2714","10240","7109531908","2620914","512","398","197","4","2173.760458"
"1","2","10","q10_case1","2715","10240","7112152326","2620418","512","398","196","4","2174.604623"
"1","2","10","q10_case1","2716","10240","7114772280","2619954","512","398","195","4","2175.446857"
"1","2","10","q10_case1","2717","10240","7117392264","2619984","512","398","194","4","2176.283631"
"1","2","10","q10_case1","2718","10240","7120012273","2620009","512","398","193","4","2177.107396"
"1","2","10","q10_case1","2719","10240","7122632404","2620131","512","398","192","4","2177.937138"
"1","2","10","q10_case1","2720","10240","7125252589","2620185","512","398","191","4","2178.774136"
"1","2","10","q10_case1","2721","10240","7127872749","2620160","512","396","190","4","2179.634590"
"1","2","10","q10_case1","2722","10240","7130492952","2620203","512","396","189","4","2180.480457"
"1","2","10","q10_case1","2723","10240","7133113683","2620731","512","394","190","4","2181.328521"
"1","2","10","q10_case1","2724","10240","7135734119","2620436","512","392","189","4","2182.137867"
"1","2","10","q10_case1","2725","10240","7138355043","2620924","512","392","188","4","2182.967526"
"1","2","10","q10_case1","2726","10240","7140975764","2620721","512","390","189","4","2183.792507"
"1","2","10","q10_case1","2727","10240","7143596189","2620425","512","390","186","4","2184.636184"
"1","2","10","q10_case1","2728","10240","7146217114","2620925","512","388","187","4","2185.505643"
"1","2","10","q10_case1","2729","10240","7148837681","2620567","512","388","186","4","2186.338453"
"1","2","10","q10_case1","2730","10240","7151458578","2620897","512","386","185","4","2187.165490"
"1","2","10","q10_case1","2731","10240","7154079021","2620443","512","386","184","4","2187.973988"
"1","2","10","q10_case1","2732","10240","7156699887","2620866","512","384","185","4","2188.805267"
"1","2","10","q10_case1","2733","10240","7159320314","2620427","512","384","184","4","2189.628018"
"1","2","10","q10_case1","2734","10240","7161941242","2620928","512","382","185","4","2190.483052"
"1","2","10","q10_case1","2735","10240","7164561663","2620421","512","382","184","4","2191.381154"
"1","2","10","q10_case1","2736","10240","7167182569","2620906","512","380","185","4","2192.258955"
"1","2","10","q10_case1","2737","10240","7169802986","2620417","512","380","184","4","2193.114894"
"1","2","10","q10_case1","2738","10240","7172423706","2620720","512","378","185","4","2193.985530"
"1","2","10","q10_case1","2739","10240","7175044134","2620428","512","378","184","4","2194.831783"
"1","2","10","q10_case1","2740","10240","7177665062","2620928","512","376","186","4","2195.698934"
"1","2","10","q10_case1","2741","10240","7180285482","2620420","512","376","185","4","2196.533635"
"1","2","10","q10_case1","2742","10240","7182906378","2620896","512","374","186","4","2197.446968"
"1","2","10","q10_case1","2743","10240","7185526799","2620421","512","374","185","4","2198.276944"
"1","2","10","q10_case1","2744","10240","7188147676","2620877","512","372","186","4","2199.099568"
"1","2","10","q10_case1","2745","10240","7190768100","2620424","512","372","185","4","2199.929085"
"1","2","10","q10_case1","2746","10240","7193388952","2620852","512","370","185","4","2200.744079"
"1","2","10","q10_case1","2747","10240","7196009371","2620419","512","370","184","4","2201.570330"
"1","2","10","q10_case1","2748","10240","7198630238","2620867","512","368","185","4","2202.379549"
"1","2","10","q10_case1","2749","10240","7201250661","2620423","512","368","184","4","2203.203377"
"1","2","10","q10_case1","2750","10240","7203871539","2620878","512","366","186","4","2204.037397"
"1","2","10","q10_case1","2751","10240","7206491956","2620417","512","366","185","4","2204.858904"
"1","2","10","q10_case1","2752","10240","7209112659","2620703","512","364","186","4","2205.679786"
"1","2","10","q10_case1","2753","10240","7211733082","2620423","512","364","185","4","2206.508576"
"1","2","10","q10_case1","2754","10240","7214353953","2620871","512","364","184","4","2207.342304"
"1","2","10","q10_case1","2755","10240","7216974369","2620416","512","364","183","4","2208.186786"
"1","2","10","q10_case1","2756","10240","7219594519","2620150","512","364","182","4","2209.035212"
"1","2","10","q10_case1","2757","10240","7222214757","2620238","512","364","181","4","2209.856083"
"1","2","10","q10_case1","2758","10240","7224835135","2620378","512","364","180","4","2210.682593"
"1","2","10","q10_case1","2759","10240","7227455525","2620390","512","364","179","4","2211.515180"
"1","2","10","q10_case1","2760","10240","7230075910","2620385","512","364","178","4","2212.331126"
"1","2","10","q10_case1","2761","10240","7232696238","2620328","512","364","177","4","2213.163427"
"1","2","10","q10_case1","2762","10240","7235316560","2620322","512","364","176","4","2213.997613"
"1","2","10","q10_case1","2763","10240","7237936834","2620274","512","364","175","4","2214.820872"
"1","2","10","q10_case1","2764","10240","7240557093","2620259","512","364","174","4","2215.665780"
"1","2","10","q10_case1","2765","10240","7243177324","2620231","512","364","173","4","2216.482461"
"1","2","10","q10_case1","2766","10240","7245797512","2620188","512","364","172","4","2217.317480"
"1","2","10","q10_case1","2767","10240","7248417722","2620210","512","364","171","4","2218.147339"
"1","2","10","q10_case1","2768","10240","7251037939","2620217","512","364","170","4","2218.972097"
"1","2","10","q10_case1","2769","10240","7253658126","2620187","512","362","170","4","2219.797653"
"1","2","10","q10_case1","2770","10240","7256278280","2620154","512","362","169","4","2220.629398"
"1","2","10","q10_case1","2771","10240","7258898845","2620565","512","360","170","4","2221.507567"
"1","2","10","q10_case1","2772","10240","7261519277","2620432","512","358","169","4","2222.342063"
"1","2","10","q10_case1","2773","10240","7264140202","2620925","512","358","168","4","2223.174168"
"1","2","10","q10_case1","2774","10240","7266760917","2620715","512","356","169","4","2223.980616"
"1","2","10","q10_case1","2775","10240","7269381333","2620416","512","354","169","4","2224.810327"
"1","2","10","q10_case1","2776","10240","7272002253","2620920","512","354","165","4","2225.632199"
"1","2","10","q10_case1","2777","10240","7274623046","2620793","512","352","168","4","2226.454766"
"1","2","10","q10_case1","2778","10240","7277243774","2620728","512","352","165","4","2227.265931"
"1","2","10","q10_case1","2779","10240","7279864697","2620923","512","350","165","4","2228.090621"
"1","2","10","q10_case1","2780","10240","7282485595","2620898","512","350","164","4","2228.895364"
"1","2","10","q10_case1","2781","10240","7285106459","2620864","512","348","164","4","2229.724036"
"1","2","10","q10_case1","2782","10240","7287726887","2620428","512","348","163","4","2230.550445"
"1","2","10","q10_case1","2783","10240","7290347791","2620904","512","346","164","4","2231.383593"
"1","2","10","q10_case1","2784","10240","7292968226","2620435","512","346","162","4","2232.201670"
"1","2","10","q10_case1","2785","10240","7295589114","2620888","512","344","164","4","2233.037943"
"1","2","10","q10_case1","2786","10240","7298209582","2620468","512","344","163","4","2233.855902"
"1","2","10","q10_case1","2787","10240","7300830484","2620902","512","342","163","4","2234.673194"
"1","2","10","q10_case1","2788","10240","7303450909","2620425","512","342","162","4","2235.502471"
"1","2","10","q10_case1","2789","10240","7306071809","2620900","512","340","163","4","2236.337252"
"1","2","10","q10_case1","2790","10240","7308692230","2620421","512","340","161","4","2237.176368"
"1","2","10","q10_case1","2791","10240","7311313088","2620858","512","340","160","4","2237.996482"
"1","2","10","q10_case1","2792","10240","7313933550","2620462","512","340","159","4","2238.823364"
"1","2","10","q10_case1","2793","10240","7316553960","2620410","512","340","158","4","2239.644767"
"1","2","10","q10_case1","2794","10240","7319173866","2619906","512","340","157","4","2240.479359"
"1","2","10","q10_case1","2795","10240","7321793793","2619927","512","340","156","4","2241.319902"
"1","2","10","q10_case1","2796","10240","7324413838","2620045","512","340","155","4","2242.143369"
"1","2","10","q10_case1","2797","10240","7327033982","2620144","512","340","154","4","2242.961046"
"1","2","10","q10_case1","2798","10240","7329654151","2620169","512","340","153","4","2243.798540"
"1","2","10","q10_case1","2799","10240","7332274470","2620319","512","340","152","4","2244.612318"
"1","2","10","q10_case1","2800","10240","7334894776","2620306","512","340","151","4","2245.454303"
"1","2","10","q10_case1","2801","10240","7337515033","2620257","512","340","150","4","2246.284184"
"1","2","10","q10_case1","2802","10240","7340135146","2620113","512","340","149","4","2247.118111"
"1","2","10","q10_case1","2803","10240","7342755225","2620079","512","340","148","4","2247.956084"
"1","2","10","q10_case1","2804","10240","7345375281","2620056","512","340","147","4","2248.786705"
"1","2","10","q10_case1","2805","10240","7347995319","2620038","512","340","146","4","2249.614925"
"1","2","10","q10_case1","2806","10240","7350615278","2619959","512","340","145","4","2250.454931"
"1","2","10","q10_case1","2807","10240","7353235252","2619974","512","340","144","4","2251.288777"
"1","2","10","q10_case1","2808","10240","7355855204","2619952","512","340","143","4","2252.136702"
"1","2","10","q10_case1","2809","10240","7358475195","2619991","512","340","142","4","2252.972442"
"1","2","10","q10_case1","2810","10240","7361095200","2620005","512","340","141","4","2253.808489"
"1","2","10","q10_case1","2811","10240","7363715192","2619992","512","340","140","4","2254.628754"
"1","2","10","q10_case1","2812","10240","7366335196","2620004","512","340","139","4","2255.463855"
"1","2","10","q10_case1","2813","10240","7368955176","2619980","512","340","138","4","2256.286147"
"1","2","10","q10_case1","2814","10240","7371575178","2620002","512","340","137","4","2257.127169"
"1","2","10","q10_case1","2815","10240","7374195227","2620049","512","340","136","4","2257.952345"
"1","2","10","q10_case1","2816","10240","7376815251","2620024","512","340","135","4","2258.775918"
"1","2","10","q10_case1","2817","10240","7379435222","2619971","512","340","134","4","2259.607217"
"1","2","10","q10_case1","2818","10240","7382055191","2619969","512","340","133","4","2260.447124"
"1","2","10","q10_case1","2819","10240","7384675098","2619907","512","340","132","4","2261.268095"
"1","2","10","q10_case1","2820","10240","7387294984","2619886","512","340","131","4","2262.100651"
"1","2","10","q10_case1","2821","10240","7389914806","2619822","512","340","130","4","2262.914340"
"1","2","10","q10_case1","2822","10240","7392534597","2619791","512","340","129","4","2263.746710"
"1","2","10","q10_case1","2823","10240","7395154358","2619761","512","340","128","4","2264.592649"
"1","2","10","q10_case1","2824","10240","7397774138","2619780","512","340","127","4","2265.443421"
"1","2","10","q10_case1","2825","10240","7400393939","2619801","512","340","126","4","2266.266452"
"1","2","10","q10_case1","2826","10240","7403013840","2619901","512","340","125","4","2267.108537"
"1","2","10","q10_case1","2827","10240","7405633780","2619940","512","340","124","4","2267.921765"
"1","2","10","q10_case1","2828","10240","7408253745","2619965","512","340","123","4","2268.852640"
"1","2","10","q10_case1","2829","10240","7410873818","2620073","512","340","122","4","2269.657955"
"1","2","10","q10_case1","2830","10240","7413493896","2620078","512","338","123","4","2270.481765"
"1","2","10","q10_case1","2831","10240","7416114137","2620241","512","338","122","4","2271.305164"
"1","2","10","q10_case1","2832","10240","7418735011","2620874","512","336","123","4","2272.113194"
"1","2","10","q10_case1","2833","10240","7421355837","2620826","512","336","122","4","2272.925049"
"1","2","10","q10_case1","2834","10240","7423976744","2620907","512","334","122","4","2273.720165"
"1","2","10","q10_case1","2835","10240","7426597184","2620440","512","334","121","4","2274.545186"
"1","2","10","q10_case1","2836","10240","7429218068","2620884","512","332","122","4","2275.364091"
"1","2","10","q10_case1","2837","10240","7431838480","2620412","512","332","121","4","2276.166940"
"1","2","10","q10_case1","2838","10240","7434459378","2620898","512","330","122","4","2276.992758"
"1","2","10","q10_case1","2839","10240","7437079802","2620424","512","330","121","4","2277.806676"
"1","2","10","q10_case1","2840","10240","7439700676","2620874","512","328","121","4","2278.621143"
"1","2","10","q10_case1","2841","10240","7442321098","2620422","512","328","120","4","2279.425135"
"1","2","10","q10_case1","2842","10240","7444941918","2620820","512","326","120","4","2280.243942"
"1","2","10","q10_case1","2843","10240","7447562376","2620458","512","324","119","4","2281.058744"
"1","2","10","q10_case1","2844","10240","7450183283","2620907","512","324","118","4","2281.891608"
"1","2","10","q10_case1","2845","10240","7452803859","2620576","512","322","119","4","2282.707591"
"1","2","10","q10_case1","2846","10240","7455424298","2620439","512","320","119","4","2283.522879"
"1","2","10","q10_case1","2847","10240","7458045217","2620919","512","320","118","4","2284.341684"
"1","2","10","q10_case1","2848","10240","7460665947","2620730","512","318","117","4","2285.141312"
"1","2","10","q10_case1","2849","10240","7463286427","2620480","512","318","116","4","2285.961123"
"1","2","10","q10_case1","2850","10240","7465907336","2620909","512","316","117","4","2286.775571"
"1","2","10","q10_case1","2851","10240","7468527794","2620458","512","316","116","4","2287.574484"
"1","2","10","q10_case1","2852","10240","7471148716","2620922","512","314","117","4","2288.393287"
"1","2","10","q10_case1","2853","10240","7473769172","2620456","512","314","115","4","2289.194246"
"1","2","10","q10_case1","2854","10240","7476390038","2620866","512","312","117","4","2290.007788"
"1","2","10","q10_case1","2855","10240","7479010630","2620592","512","312","115","4","2290.825545"
"1","2","10","q10_case1","2856","10240","7481631507","2620877","512","310","113","4","2291.624789"
"1","2","10","q10_case1","2857","10240","7484252359","2620852","512","308","115","4","2292.460162"
"1","2","10","q10_case1","2858","10240","7486873047","2620688","512","308","113","4","2293.264380"
"1","2","10","q10_case1","2859","10240","7489493691","2620644","512","306","115","4","2294.077110"
"1","2","10","q10_case1","2860","10240","7492114567","2620876","512","306","113","4","2294.899412"
"1","2","10","q10_case1","2861","10240","7494735476","2620909","512","304","113","4","2295.697294"
"1","2","10","q10_case1","2862","10240","7497356303","2620827","512","302","116","4","2296.546003"
"1","2","10","q10_case1","2863","10240","7499977228","2620925","512","302","113","4","2297.348039"
"1","2","10","q10_case1","2864","10240","7502598081","2620853","512","300","114","4","2298.166429"
"1","2","10","q10_case1","2865","10240","7505218967","2620886","512","300","113","4","2298.969671"
"1","2","10","q10_case1","2866","10240","7507839894","2620927","512","298","114","4","2299.781357"
"1","2","10","q10_case1","2867","10240","7510460542","2620648","512","298","113","4","2300.594675"
"1","2","10","q10_case1","2868","10240","7513081427","2620885","512","296","114","4","2301.406385"
"1","2","10","q10_case1","2869","10240","7515701917","2620490","512","296","113","4","2302.226821"
"1","2","10","q10_case1","2870","10240","7518322801","2620884","512","294","115","4","2303.034489"
"1","2","10","q10_case1","2871","10240","7520943227","2620426","512","294","114","4","2303.860684"
"1","2","10","q10_case1","2872","10240","7523564091","2620864","512","292","116","4","2304.672055"
"1","2","10","q10_case1","2873","10240","7526184511","2620420","512","292","115","4","2305.476884"
"1","2","10","q10_case1","2874","10240","7528805339","2620828","512","290","117","4","2306.326257"
"1","2","10","q10_case1","2875","10240","7531425767","2620428","512","288","115","4","2307.119942"
"1","2","10","q10_case1","2876","10240","7534046604","2620837","512","288","114","4","2307.930501"
"1","2","10","q10_case1","2877","10240","7536667211","2620607","512","286","115","4","2308.748937"
"1","2","10","q10_case1","2878","10240","7539287605","2620394","512","286","114","4","2309.567944"
"1","2","10","q10_case1","2879","10240","7541908445","2620840","512","284","116","4","2310.389631"
"1","2","10","q10_case1","2880","10240","7544528874","2620429","512","284","115","4","2311.219502"
"1","2","10","q10_case1","2881","10240","7547149703","2620829","512","282","117","4","2312.061331"
"1","2","10","q10_case1","2882","10240","7549770130","2620427","512","282","115","4","2312.891341"
"1","2","10","q10_case1","2883","10240","7552390607","2620477","512","282","114","4","2313.691091"
"1","2","10","q10_case1","2884","10240","7555011174","2620567","512","282","113","4","2314.511806"
"1","2","10","q10_case1","2885","10240","7557631291","2620117","512","282","112","4","2315.338546"
"1","2","10","q10_case1","2886","10240","7560251234","2619943","512","282","111","4","2316.152307"
"1","2","10","q10_case1","2887","10240","7562870729","2619495","512","282","110","4","2316.981267"
"1","2","10","q10_case1","2888","10240","7565490302","2619573","512","282","109","4","2317.802909"
"1","2","10","q10_case1","2889","10240","7568110004","2619702","512","282","108","4","2318.617712"
"1","2","10","q10_case1","2890","10240","7570729840","2619836","512","282","107","4","2319.447632"
"1","2","10","q10_case1","2891","10240","7573349783","2619943","512","282","106","4","2320.295071"
"1","2","10","q10_case1","2892","10240","7575969776","2619993","512","282","105","4","2321.115843"
"1","2","10","q10_case1","2893","10240","7578589780","2620004","512","282","104","4","2321.962341"
"1","2","10","q10_case1","2894","10240","7581209809","2620029","512","280","104","4","2322.773894"
"1","2","10","q10_case1","2895","10240","7583829776","2619967","512","280","103","4","2323.600928"
"1","2","10","q10_case1","2896","10240","7586450629","2620853","512","278","104","4","2324.407238"
"1","2","10","q10_case1","2897","10240","7589071133","2620504","512","278","103","4","2325.222199"
"1","2","10","q10_case1","2898","10240","7591692023","2620890","512","276","103","4","2326.028282"
"1","2","10","q10_case1","2899","10240","7594312479","2620456","512","276","102","4","2326.853004"
"1","2","10","q10_case1","2900","10240","7596933338","2620859","512","274","103","4","2327.679845"
"1","2","10","q10_case1","2901","10240","7599553925","2620587","512","272","101","4","2328.488375"
"1","2","10","q10_case1","2902","10240","7602174799","2620874","512","272","100","4","2329.315262"
"1","2","10","q10_case1","2903","10240","7604795317","2620518","512","270","101","4","2330.114041"
"1","2","10","q10_case1","2904","10240","7607415689","2620372","512","270","100","4","2330.938764"
"1","2","10","q10_case1","2905","10240","7610036570","2620881","512","268","101","4","2331.745582"
"1","2","10","q10_case1","2906","10240","7612657007","2620437","512","268","99","4","2332.558677"
"1","2","10","q10_case1","2907","10240","7615277861","2620854","512","266","101","4","2333.373383"
"1","2","10","q10_case1","2908","10240","7617898543","2620682","512","266","99","4","2334.188390"
"1","2","10","q10_case1","2909","10240","7620519106","2620563","512","264","102","4","2335.004964"
"1","2","10","q10_case1","2910","10240","7623139903","2620797","512","262","100","4","2335.818305"
"1","2","10","q10_case1","2911","10240","7625760783","2620880","512","262","98","4","2336.618896"
"1","2","10","q10_case1","2912","10240","7628381461","2620678","512","260","97","4","2337.435961"
"1","2","10","q10_case1","2913","10240","7631002009","2620548","512","260","96","4","2338.255483"
"1","2","10","q10_case1","2914","10240","7633622629","2620620","512","258","97","4","2339.055862"
"1","2","10","q10_case1","2915","10240","7636243064","2620435","512","258","96","4","2339.875968"
"1","2","10","q10_case1","2916","10240","7638863931","2620867","512","256","97","4","2340.674755"
"1","2","10","q10_case1","2917","10240","7641484369","2620438","512","254","96","4","2341.515615"
"1","2","10","q10_case1","2918","10240","7644105226","2620857","512","254","95","4","2342.343397"
"1","2","10","q10_case1","2919","10240","7646725909","2620683","512","252","96","4","2343.155837"
"1","2","10","q10_case1","2920","10240","7649346334","2620425","512","252","95","4","2343.984706"
"1","2","10","q10_case1","2921","10240","7651967190","2620856","512","250","97","4","2344.792544"
"1","2","10","q10_case1","2922","10240","7654587619","2620429","512","250","96","4","2345.595669"
"1","2","10","q10_case1","2923","10240","7657208472","2620853","512","248","97","4","2346.420804"
"1","2","10","q10_case1","2924","10240","7659828898","2620426","512","248","96","4","2347.226714"
"1","2","10","q10_case1","2925","10240","7662449318","2620420","512","246","97","4","2348.067278"
"1","2","10","q10_case1","2926","10240","7665069745","2620427","512","246","96","4","2348.902522"
"1","2","10","q10_case1","2927","10240","7667690189","2620444","512","244","95","4","2349.703485"
"1","2","10","q10_case1","2928","10240","7670310615","2620426","512","242","94","4","2350.523930"
"1","2","10","q10_case1","2929","10240","7672930992","2620377","512","242","93","4","2351.322692"
"1","2","10","q10_case1","2930","10240","7675551426","2620434","512","242","92","4","2352.138840"
"1","2","10","q10_case1","2931","10240","7678171676","2620250","512","242","91","4","2352.952285"
"1","2","10","q10_case1","2932","10240","7680791682","2620006","512","242","90","4","2353.776182"
"1","2","10","q10_case1","2933","10240","7683411262","2619580","512","242","89","4","2354.585517"
"1","2","10","q10_case1","2934","10240","7686030522","2619260","512","242","88","4","2355.406428"
"1","2","10","q10_case1","2935","10240","7688649854","2619332","512","242","87","4","2356.213102"
"1","2","10","q10_case1","2936","10240","7691269433","2619579","512","242","86","4","2357.040403"
"1","2","10","q10_case1","2937","10240","7693889352","2619919","512","242","86","4","2357.868334"
"1","2","10","q10_case1","2938","10240","7696509607","2620255","512","242","85","4","2358.666738"
"1","2","10","q10_case1","2939","10240","7699130065","2620458","512","242","85","4","2359.490498"
"1","2","10","q10_case1","2940","10240","7701750575","2620510","512","240","85","4","2360.294890"
"1","2","10","q10_case1","2941","10240","7704371175","2620600","512","240","84","4","2361.120500"
"1","2","10","q10_case1","2942","10240","7706991946","2620771","512","238","85","4","2361.946835"
"1","2","10","q10_case1","2943","10240","7709612423","2620477","512","238","84","4","2362.752162"
"1","2","10","q10_case1","2944","10240","7712232959","2620536","512","236","83","4","2363.574559"
"1","2","10","q10_case1","2945","10240","7714853636","2620677","512","236","83","4","2364.372444"
"1","2","10","q10_case1","2946","10240","7717474180","2620544","512","234","83","4","2365.188957"
"1","2","10","q10_case1","2947","10240","7720094715","2620535","512","234","82","4","2366.003842"
"1","2","10","q10_case1","2948","10240","7722715619","2620904","512","232","83","4","2366.813189"
"1","2","10","q10_case1","2949","10240","7725336126","2620507","512","232","82","4","2367.634706"
"1","2","10","q10_case1","2950","10240","7727957010","2620884","512","230","83","4","2368.447363"
"1","2","10","q10_case1","2951","10240","7730577486","2620476","512","230","82","4","2369.265186"
"1","2","10","q10_case1","2952","10240","7733198079","2620593","512","230","81","4","2370.067403"
"1","2","10","q10_case1","2953","10240","7735818526","2620447","512","228","83","4","2370.893484"
"1","2","10","q10_case1","2954","10240","7738438704","2620178","512","228","82","4","2371.725796"
"1","2","10","q10_case1","2955","10240","7741059161","2620457","512","228","80","4","2372.549196"
"1","2","10","q10_case1","2956","10240","7743679601","2620440","512","228","79","4","2373.379423"
"1","2","10","q10_case1","2957","10240","7746300071","2620470","512","226","79","4","2374.176980"
"1","2","10","q10_case1","2958","10240","7748920403","2620332","512","226","79","4","2374.993981"
"1","2","10","q10_case1","2959","10240","7751540789","2620386","512","224","79","4","2375.837864"
"1","2","10","q10_case1","2960","10240","7754161145","2620356","512","224","78","4","2376.672425"
"1","2","10","q10_case1","2961","10240","7756781942","2620797","512","224","78","4","2377.524609"
"1","2","10","q10_case1","2962","10240","7759402479","2620537","512","222","79","4","2378.332400"
"1","2","10","q10_case1","2963","10240","7762022817","2620338","512","222","78","4","2379.149045"
"1","2","10","q10_case1","2964","10240","7764643690","2620873","512","222","77","4","2379.973077"
"1","2","10","q10_case1","2965","10240","7767264091","2620401","512","222","77","4","2380.791420"
"1","2","10","q10_case1","2966","10240","7769884361","2620270","512","222","77","4","2381.604238"
"1","2","10","q10_case1","2967","10240","7772504624","2620263","512","220","78","4","2382.422857"
"1","2","10","q10_case1","2968","10240","7775125310","2620686","512","220","77","4","2383.228218"
"1","2","10","q10_case1","2969","10240","7777745936","2620626","512","218","77","4","2384.054975"
"1","2","10","q10_case1","2970","10240","7780366416","2620480","512","218","76","4","2384.873184"
"1","2","10","q10_case1","2971","10240","7782987082","2620666","512","218","76","4","2385.675492"
"1","2","10","q10_case1","2972","10240","7785607566","2620484","512","218","76","4","2386.511929"
"1","2","10","q10_case1","2973","10240","7788227934","2620368","512","216","77","4","2387.316069"
"1","2","10","q10_case1","2974","10240","7790848674","2620740","512","214","77","4","2388.139981"
"1","2","10","q10_case1","2975","10240","7793469527","2620853","512","214","76","4","2388.965503"
"1","2","10","q10_case1","2976","10240","7796089953","2620426","512","212","77","4","2389.776131"
"1","2","10","q10_case1","2977","10240","7798710199","2620246","512","210","76","4","2390.598098"
"1","2","10","q10_case1","2978","10240","7801331080","2620881","512","210","75","4","2391.397109"
"1","2","10","q10_case1","2979","10240","7803951611","2620531","512","208","76","4","2392.212732"
"1","2","10","q10_case1","2980","10240","7806571839","2620228","512","208","75","4","2393.037195"
"1","2","10","q10_case1","2981","10240","7809192631","2620792","512","208","74","4","2393.850483"
"1","2","10","q10_case1","2982","10240","7811813017","2620386","512","208","73","4","2394.651828"
"1","2","10","q10_case1","2983","10240","7814433046","2620029","512","206","73","4","2395.473025"
"1","2","10","q10_case1","2984","10240","7817053138","2620092","512","206","72","4","2396.278050"
"1","2","10","q10_case1","2985","10240","7819673878","2620740","512","204","74","4","2397.107193"
"1","2","10","q10_case1","2986","10240","7822294144","2620266","512","204","73","4","2397.934445"
"1","2","10","q10_case1","2987","10240","7824914897","2620753","512","202","74","4","2398.736414"
"1","2","10","q10_case1","2988","10240","7827535222","2620325","512","202","73","4","2399.558104"
"1","2","10","q10_case1","2989","10240","7830155987","2620765","512","200","72","4","2400.381273"
"1","2","10","q10_case1","2990","10240","7832776373","2620386","512","200","71","4","2401.200414"
"1","2","10","q10_case1","2991","10240","7835397133","2620760","512","200","70","4","2402.042073"
"1","2","10","q10_case1","2992","10240","7838017376","2620243","512","200","70","4","2402.859641"
"1","2","10","q10_case1","2993","10240","7840637815","2620439","512","200","70","4","2403.672961"
"1","2","10","q10_case1","2994","10240","7843258284","2620469","512","200","69","4","2404.523487"
"1","2","10","q10_case1","2995","10240","7845879040","2620756","512","200","69","4","2405.325684"
"1","2","10","q10_case1","2996","10240","7848499665","2620625","512","200","69","4","2406.146137"
"1","2","10","q10_case1","2997","10240","7851120311","2620646","512","198","69","4","2406.970193"
"1","2","10","q10_case1","2998","10240","7853741026","2620715","512","198","68","4","2407.783938"
"1","2","10","q10_case1","2999","10240","7856361694","2620668","512","198","68","4","2408.597055"
"1","2","10","q10_case1","3000","10240","7858982162","2620468","512","196","68","4","2409.418256"
"1","2","10","q10_case1","3001","10240","7861602591","2620429","512","196","67","4","2410.227953"
"1","2","10","q10_case1","3002","10240","7864223381","2620790","512","196","67","4","2411.048312"
"1","2","10","q10_case1","3003","10240","7866843874","2620493","512","194","68","4","2411.867913"
"1","2","10","q10_case1","3004","10240","7869464114","2620240","512","194","67","4","2412.682796"
"1","2","10","q10_case1","3005","10240","7872084903","2620789","512","192","68","4","2413.506356"
"1","2","10","q10_case1","3006","10240","7874705390","2620487","512","190","68","4","2414.334265"
"1","2","10","q10_case1","3007","10240","7877326245","2620855","512","188","67","4","2415.159596"
"1","2","10","q10_case1","3008","10240","7879946705","2620460","512","188","66","4","2415.973262"
"1","2","10","q10_case1","3009","10240","7882567090","2620385","512","186","67","4","2416.799499"
"1","2","10","q10_case1","3010","10240","7885187450","2620360","512","186","66","4","2417.610411"
"1","2","10","q10_case1","3011","10240","7887807877","2620427","512","184","65","4","2418.435441"
"1","2","10","q10_case1","3012","10240","7890428451","2620574","512","182","64","4","2419.237258"
"1","2","10","q10_case1","3013","10240","7893049031","2620580","512","182","63","4","2420.063685"
"1","2","10","q10_case1","3014","10240","7895669411","2620380","512","180","64","4","2420.891220"
"1","2","10","q10_case1","3015","10240","7898289779","2620368","512","180","63","4","2421.703725"
"1","2","10","q10_case1","3016","10240","7900910253","2620474","512","178","64","4","2422.523861"
"1","2","10","q10_case1","3017","10240","7903530729","2620476","512","176","63","4","2423.333647"
"1","2","10","q10_case1","3018","10240","7906151595","2620866","512","174","61","4","2424.154137"
"1","2","10","q10_case1","3019","10240","7908771969","2620374","512","174","60","4","2424.964381"
"1","2","10","q10_case1","3020","10240","7911392416","2620447","512","174","61","4","2425.789378"
"1","2","10","q10_case1","3021","10240","7914012891","2620475","512","174","60","4","2426.617770"
"1","2","10","q10_case1","3022","10240","7916633163","2620272","512","174","59","4","2427.418972"
"1","2","10","q10_case1","3023","10240","7919253425","2620262","512","174","59","4","2428.240379"
"1","2","10","q10_case1","3024","10240","7921873855","2620430","512","172","60","4","2429.056542"
"1","2","10","q10_case1","3025","10240","7924494600","2620745","512","172","59","4","2429.879042"
"1","2","10","q10_case1","3026","10240","7927115469","2620869","512","172","58","4","2430.708736"
"1","2","10","q10_case1","3027","10240","7929736176","2620707","512","172","58","4","2431.548098"
"1","2","10","q10_case1","3028","10240","7932356734","2620558","512","170","58","4","2432.406901"
"1","2","10","q10_case1","3029","10240","7934977277","2620543","512","170","57","4","2433.220612"
"1","2","10","q10_case1","3030","10240","7937598107","2620830","512","168","59","4","2434.048071"
"1","2","10","q10_case1","3031","10240","7940218649","2620542","512","168","58","4","2434.885405"
"1","2","10","q10_case1","3032","10240","7942839422","2620773","512","168","57","4","2435.719041"
"1","2","10","q10_case1","3033","10240","7945459899","2620477","512","168","58","4","2436.532675"
"1","2","10","q10_case1","3034","10240","7948080174","2620275","512","166","57","4","2437.367968"
"1","2","10","q10_case1","3035","10240","7950700398","2620224","512","166","56","4","2438.161170"
"1","2","10","q10_case1","3036","10240","7953321102","2620704","512","164","57","4","2438.987316"
"1","2","10","q10_case1","3037","10240","7955941575","2620473","512","164","56","4","2439.815094"
"1","2","10","q10_case1","3038","10240","7958562192","2620617","512","164","55","4","2440.619656"
"1","2","10","q10_case1","3039","10240","7961182745","2620553","512","162","56","4","2441.446118"
"1","2","10","q10_case1","3040","10240","7963803155","2620410","512","162","55","4","2442.263983"
"1","2","10","q10_case1","3041","10240","7966423887","2620732","512","160","58","4","2443.085506"
"1","2","10","q10_case1","3042","10240","7969044442","2620555","512","158","56","4","2443.906696"
"1","2","10","q10_case1","3043","10240","7971664986","2620544","512","158","54","4","2444.709959"
"1","2","10","q10_case1","3044","10240","7974285748","2620762","512","158","53","4","2445.531869"
"1","2","10","q10_case1","3045","10240","7976906333","2620585","512","156","54","4","2446.334630"
"1","2","10","q10_case1","3046","10240","7979526602","2620269","512","156","53","4","2447.157606"
"1","2","10","q10_case1","3047","10240","7982147151","2620549","512","156","52","4","2447.966155"
"1","2","10","q10_case1","3048","10240","7984767603","2620452","512","154","54","4","2448.796203"
"1","2","10","q10_case1","3049","10240","7987387876","2620273","512","154","53","4","2449.603571"
"1","2","10","q10_case1","3050","10240","7990008404","2620528","512","152","55","4","2450.423740"
"1","2","10","q10_case1","3051","10240","7992628845","2620441","512","150","53","4","2451.253628"
"1","2","10","q10_case1","3052","10240","7995249130","2620285","512","150","52","4","2452.050314"
"1","2","10","q10_case1","3053","10240","7997869900","2620770","512","150","51","4","2452.871511"
"1","2","10","q10_case1","3054","10240","8000490338","2620438","512","150","50","4","2453.686826"
"1","2","10","q10_case1","3055","10240","8003110367","2620029","512","150","51","4","2454.508816"
"1","2","10","q10_case1","3056","10240","8005730598","2620231","512","150","50","4","2455.321771"
"1","2","10","q10_case1","3057","10240","8008350852","2620254","512","150","49","4","2456.131184"
"1","2","10","q10_case1","3058","10240","8010971487","2620635","512","150","49","4","2456.952059"
"1","2","10","q10_case1","3059","10240","8013592119","2620632","512","148","49","4","2457.759710"
"1","2","10","q10_case1","3060","10240","8016212912","2620793","512","148","48","4","2458.570971"
"1","2","10","q10_case1","3061","10240","8018833809","2620897","512","148","48","4","2459.379694"
"1","2","10","q10_case1","3062","10240","8021454413","2620604","512","148","48","4","2460.205826"
"1","2","10","q10_case1","3063","10240","8024074756","2620343","512","148","47","4","2461.037313"
"1","2","10","q10_case1","3064","10240","8026695541","2620785","512","148","47","4","2461.886053"
"1","2","10","q10_case1","3065","10240","8029316264","2620723","512","148","47","4","2462.705689"
"1","2","10","q10_case1","3066","10240","8031937066","2620802","512","148","46","4","2463.528080"
"1","2","10","q10_case1","3067","10240","8034557968","2620902","512","148","46","4","2464.348383"
"1","2","10","q10_case1","3068","10240","8037178772","2620804","512","146","48","4","2465.159626"
"1","2","10","q10_case1","3069","10240","8039799568","2620796","512","144","47","4","2465.983397"
"1","2","10","q10_case1","3070","10240","8042420458","2620890","512","144","46","4","2466.790497"
"1","2","10","q10_case1","3071","10240","8045041100","2620642","512","144","46","4","2467.597336"
"1","2","10","q10_case1","3072","10240","8047661407","2620307","512","142","48","4","2468.416889"
"1","2","10","q10_case1","3073","10240","8050281569","2620162","512","142","47","4","2469.226100"
"1","2","10","q10_case1","3074","10240","8052902358","2620789","512","140","48","4","2470.051697"
"1","2","10","q10_case1","3075","10240","8055522821","2620463","512","138","47","4","2470.876683"
"1","2","10","q10_case1","3076","10240","8058143674","2620853","512","136","46","4","2471.701353"
"1","2","10","q10_case1","3077","10240","8060764173","2620499","512","136","45","4","2472.530708"
"1","2","10","q10_case1","3078","10240","8063384512","2620339","512","134","46","4","2473.354284"
"1","2","10","q10_case1","3079","10240","8066004814","2620302","512","134","45","4","2474.164234"
"1","2","10","q10_case1","3080","10240","8068625148","2620334","512","132","46","4","2474.986224"
"1","2","10","q10_case1","3081","10240","8071245596","2620448","512","132","45","4","2475.808267"
"1","2","10","q10_case1","3082","10240","8073865848","2620252","512","132","44","4","2476.635775"
"1","2","10","q10_case1","3083","10240","8076486271","2620423","512","132","43","4","2477.434215"
"1","2","10","q10_case1","3084","10240","8079106293","2620022","512","132","42","4","2478.260021"
"1","2","10","q10_case1","3085","10240","8081726182","2619889","512","132","43","4","2479.088984"
"1","2","10","q10_case1","3086","10240","8084346470","2620288","512","130","42","4","2479.910748"
"1","2","10","q10_case1","3087","10240","8086966812","2620342","512","130","41","4","2480.706523"
"1","2","10","q10_case1","3088","10240","8089587589","2620777","512","128","43","4","2481.526925"
"1","2","10","q10_case1","3089","10240","8092208056","2620467","512","128","42","4","2482.330672"
"1","2","10","q10_case1","3090","10240","8094828610","2620554","512","126","43","4","2483.154888"
"1","2","10","q10_case1","3091","10240","8097449042","2620432","512","126","42","4","2483.985148"
"1","2","10","q10_case1","3092","10240","8100069645","2620603","512","126","41","4","2484.789952"
"1","2","10","q10_case1","3093","10240","8102690096","2620451","512","124","41","4","2485.615665"
"1","2","10","q10_case1","3094","10240","8105310389","2620293","512","124","40","4","2486.431897"
"1","2","10","q10_case1","3095","10240","8107931052","2620663","512","122","41","4","2487.252873"
"1","2","10","q10_case1","3096","10240","8110551449","2620397","512","122","40","4","2488.059518"
"1","2","10","q10_case1","3097","10240","8113171963","2620514","512","122","41","4","2488.883603"
"1","2","10","q10_case1","3098","10240","8115792308","2620345","512","122","40","4","2489.730290"
"1","2","10","q10_case1","3099","10240","8118412639","2620331","512","122","39","4","2490.540066"
"1","2","10","q10_case1","3100","10240","8121033406","2620767","512","120","39","4","2491.378597"
"1","2","10","q10_case1","3101","10240","8123654175","2620769","512","120","40","4","2492.197012"
"1","2","10","q10_case1","3102","10240","8126275011","2620836","512","118","39","4","2493.022454"
"1","2","10","q10_case1","3103","10240","8128895478","2620467","512","118","38","4","2493.828535"
"1","2","10","q10_case1","3104","10240","8131516343","2620865","512","118","39","4","2494.636234"
"1","2","10","q10_case1","3105","10240","8134136668","2620325","512","118","38","4","2495.458510"
"1","2","10","q10_case1","3106","10240","8136756829","2620161","512","118","37","4","2496.252483"
"1","2","10","q10_case1","3107","10240","8139377583","2620754","512","118","37","4","2497.083238"
"1","2","10","q10_case1","3108","10240","8141998292","2620709","512","118","37","4","2497.914024"
"1","2","10","q10_case1","3109","10240","8144618867","2620575","512","118","37","4","2498.721132"
"1","2","10","q10_case1","3110","10240","8147239699","2620832","512","118","36","4","2499.532622"
"1","2","10","q10_case1","3111","10240","8149860569","2620870","512","118","36","4","2500.345779"
"1","2","10","q10_case1","3112","10240","8152481393","2620824","512","116","37","4","2501.150487"
"1","2","10","q10_case1","3113","10240","8155101994","2620601","512","116","36","4","2501.965047"
"1","2","10","q10_case1","3114","10240","8157722856","2620862","512","116","37","4","2502.785063"
"1","2","10","q10_case1","3115","10240","8160343301","2620445","512","116","36","4","2503.587642"
"1","2","10","q10_case1","3116","10240","8162963415","2620114","512","114","37","4","2504.399736"
"1","2","10","q10_case1","3117","10240","8165584256","2620841","512","112","36","4","2505.220151"
"1","2","10","q10_case1","3118","10240","8168205069","2620813","512","112","35","4","2506.018941"
"1","2","10","q10_case1","3119","10240","8170825777","2620708","512","112","36","4","2506.840325"
"1","2","10","q10_case1","3120","10240","8173446211","2620434","512","112","35","4","2507.663859"
"1","2","10","q10_case1","3121","10240","8176066318","2620107","512","112","35","4","2508.464247"
"1","2","10","q10_case1","3122","10240","8178687144","2620826","512","112","34","4","2509.293723"
"1","2","10","q10_case1","3123","10240","8181307952","2620808","512","112","35","4","2510.093345"
"1","2","10","q10_case1","3124","10240","8183928672","2620720","512","110","35","4","2510.921426"
"1","2","10","q10_case1","3125","10240","8186549212","2620540","512","110","36","4","2511.716703"
"1","2","10","q10_case1","3126","10240","8189170086","2620874","512","110","35","4","2512.541418"
"1","2","10","q10_case1","3127","10240","8191790526","2620440","512","108","36","4","2513.356127"
"1","2","10","q10_case1","3128","10240","8194411359","2620833","512","108","35","4","2514.169736"
"1","2","10","q10_case1","3129","10240","8197032167","2620808","512","108","36","4","2514.991377"
"1","2","10","q10_case1","3130","10240","8199652610","2620443","512","108","35","4","2515.817248"
"1","2","10","q10_case1","3131","10240","8202272835","2620225","512","108","34","4","2516.611483"
"1","2","10","q10_case1","3132","10240","8204893481","2620646","512","108","34","4","2517.433826"
"1","2","10","q10_case1","3133","10240","8207514265","2620784","512","106","34","4","2518.259727"
"1","2","10","q10_case1","3134","10240","8210134929","2620664","512","106","35","4","2519.079914"
"1","2","10","q10_case1","3135","10240","8212755783","2620854","512","104","34","4","2519.919392"
"1","2","10","q10_case1","3136","10240","8215376260","2620477","512","104","33","4","2520.710347"
"1","2","10","q10_case1","3137","10240","8217997134","2620874","512","104","34","4","2521.552187"
"1","2","10","q10_case1","3138","10240","8220617563","2620429","512","104","33","4","2522.376778"
"1","2","10","q10_case1","3139","10240","8223237664","2620101","512","104","33","4","2523.173985"
"1","2","10","q10_case1","3140","10240","8225858471","2620807","512","104","32","4","2524.009809"
"1","2","10","q10_case1","3141","10240","8228479280","2620809","512","104","33","4","2524.818994"
"1","2","10","q10_case1","3142","10240","8231099984","2620704","512","104","32","4","2525.627079"
"1","2","10","q10_case1","3143","10240","8233720532","2620548","512","104","32","4","2526.433504"
"1","2","10","q10_case1","3144","10240","8236341383","2620851","512","102","32","4","2527.262804"
"1","2","10","q10_case1","3145","10240","8238962242","2620859","512","102","31","4","2528.050304"
"1","2","10","q10_case1","3146","10240","8241583109","2620867","512","102","32","4","2528.876015"
"1","2","10","q10_case1","3147","10240","8244203475","2620366","512","102","31","4","2529.701118"
"1","2","10","q10_case1","3148","10240","8246823603","2620128","512","102","31","4","2530.505964"
"1","2","10","q10_case1","3149","10240","8249444402","2620799","512","102","31","4","2531.331672"
"1","2","10","q10_case1","3150","10240","8252065201","2620799","512","102","31","4","2532.135398"
"1","2","10","q10_case1","3151","10240","8254686074","2620873","512","102","31","4","2532.955093"
"1","2","10","q10_case1","3152","10240","8257306970","2620896","512","102","31","4","2533.763776"
"1","2","10","q10_case1","3153","10240","8259927872","2620902","512","102","31","4","2534.574264"
"1","2","10","q10_case1","3154","10240","8262548781","2620909","512","102","31","4","2535.366382"
"1","2","10","q10_case1","3155","10240","8265169674","2620893","512","102","31","4","2536.184570"
"1","2","10","q10_case1","3156","10240","8267790567","2620893","512","102","31","4","2536.992197"
"1","2","10","q10_case1","3157","10240","8270411449","2620882","512","102","31","4","2537.802839"
"1","2","10","q10_case1","3158","10240","8273032340","2620891","512","102","31","4","2538.598676"
"1","2","10","q10_case1","3159","10240","8275653231","2620891","512","102","31","4","2539.417692"
"1","2","10","q10_case1","3160","10240","8278274103","2620872","512","102","31","4","2540.226988"
"1","2","10","q10_case1","3161","10240","8280895006","2620903","512","102","31","4","2541.026157"
"1","2","10","q10_case1","3162","10240","8283515828","2620822","512","100","30","4","2541.841898"
"1","2","10","q10_case1","3163","10240","8286136715","2620887","512","98","30","4","2542.652713"
"1","2","10","q10_case1","3164","10240","8288757619","2620904","512","98","29","4","2543.460395"
"1","2","10","q10_case1","3165","10240","8291378336","2620717","512","98","30","4","2544.320806"
"1","2","10","q10_case1","3166","10240","8293998812","2620476","512","98","29","4","2545.147944"
"1","2","10","q10_case1","3167","10240","8296619050","2620238","512","98","29","4","2545.966904"
"1","2","10","q10_case1","3168","10240","8299239794","2620744","512","98","29","4","2546.792054"
"1","2","10","q10_case1","3169","10240","8301860644","2620850","512","98","29","4","2547.597609"
"1","2","10","q10_case1","3170","10240","8304481519","2620875","512","96","30","4","2548.434695"
"1","2","10","q10_case1","3171","10240","8307102424","2620905","512","96","29","4","2549.250519"
"1","2","10","q10_case1","3172","10240","8309723305","2620881","512","94","30","4","2550.064075"
"1","2","10","q10_case1","3173","10240","8312343759","2620454","512","92","28","4","2550.877235"
"1","2","10","q10_case1","3174","10240","8314964599","2620840","512","92","27","4","2551.708846"
"1","2","10","q10_case1","3175","10240","8317585138","2620539","512","90","28","4","2552.530483"
"1","2","10","q10_case1","3176","10240","8320205586","2620448","512","90","27","4","2553.330354"
"1","2","10","q10_case1","3177","10240","8322825822","2620236","512","90","26","4","2554.146850"
"1","2","10","q10_case1","3178","10240","8325446441","2620619","512","88","27","4","2554.978318"
"1","2","10","q10_case1","3179","10240","8328066692","2620251","512","86","26","4","2555.777825"
"1","2","10","q10_case1","3180","10240","8330687250","2620558","512","86","25","4","2556.594172"
"1","2","10","q10_case1","3181","10240","8333307917","2620667","512","86","26","4","2557.394740"
"1","2","10","q10_case1","3182","10240","8335928359","2620442","512","86","25","4","2558.220363"
"1","2","10","q10_case1","3183","10240","8338548493","2620134","512","86","25","4","2559.025706"
"1","2","10","q10_case1","3184","10240","8341169199","2620706","512","86","25","4","2559.849043"
"1","2","10","q10_case1","3185","10240","8343789840","2620641","512","86","25","4","2560.646740"
"1","2","10","q10_case1","3186","10240","8346410690","2620850","512","86","25","4","2561.468218"
"1","2","10","q10_case1","3187","10240","8349031567","2620877","512","86","25","4","2562.290437"
"1","2","10","q10_case1","3188","10240","8351652159","2620592","512","86","25","4","2563.104904"
"1","2","10","q10_case1","3189","10240","8354273029","2620870","512","86","25","4","2563.932004"
"1","2","10","q10_case1","3190","10240","8356893891","2620862","512","86","25","4","2564.733639"
"1","2","10","q10_case1","3191","10240","8359514768","2620877","512","86","25","4","2565.554596"
"1","2","10","q10_case1","3192","10240","8362135645","2620877","512","86","25","4","2566.385114"
"1","2","10","q10_case1","3193","10240","8364756063","2620418","512","84","25","4","2567.184277"
"1","2","10","q10_case1","3194","10240","8367376707","2620644","512","84","24","4","2568.018310"
"1","2","10","q10_case1","3195","10240","8369997478","2620771","512","84","25","4","2568.820303"
"1","2","10","q10_case1","3196","10240","8372617916","2620438","512","84","25","4","2569.618249"
"1","2","10","q10_case1","3197","10240","8375238003","2620087","512","84","24","4","2570.438721"
"1","2","10","q10_case1","3198","10240","8377858833","2620830","512","82","26","4","2571.237568"
"1","2","10","q10_case1","3199","10240","8380479229","2620396","512","82","25","4","2572.054736"
"1","2","10","q10_case1","3200","10240","8383099846","2620617","512","82","24","4","2572.878797"
"1","2","10","q10_case1","3201","10240","8385720371","2620525","512","80","25","4","2573.688146"
"1","2","10","q10_case1","3202","10240","8388340583","2620212","512","80","24","4","2574.510703"
"1","2","10","q10_case1","3203","10240","8390960924","2620341","512","78","23","4","2575.308618"
"1","2","10","q10_case1","3204","10240","8393581441","2620517","512","78","24","4","2576.138109"
"1","2","10","q10_case1","3205","10240","8396202048","2620607","512","76","23","4","2576.944064"
"1","2","10","q10_case1","3206","10240","8398822487","2620439","512","76","22","4","2577.763751"
"1","2","10","q10_case1","3207","10240","8401443106","2620619","512","74","23","4","2578.557835"
"1","2","10","q10_case1","3208","10240","8404063478","2620372","512","72","21","4","2579.403209"
"1","2","10","q10_case1","3209","10240","8406683744","2620266","512","72","22","4","2580.200074"
"1","2","10","q10_case1","3210","10240","8409304593","2620849","512","70","21","4","2581.024535"
"1","2","10","q10_case1","3211","10240","8411925033","2620440","512","70","20","4","2581.855181"
"1","2","10","q10_case1","3212","10240","8414545674","2620641","512","70","21","4","2582.659907"
"1","2","10","q10_case1","3213","10240","8417166038","2620364","512","68","20","4","2583.478985"
"1","2","10","q10_case1","3214","10240","8419786176","2620138","512","68","19","4","2584.282316"
"1","2","10","q10_case1","3215","10240","8422406946","2620770","512","68","20","4","2585.090105"
"1","2","10","q10_case1","3216","10240","8425027322","2620376","512","68","20","4","2585.928868"
"1","2","10","q10_case1","3217","10240","8427647499","2620177","512","66","20","4","2586.749527"
"1","2","10","q10_case1","3218","10240","8430268332","2620833","512","66","19","4","2587.562644"
"1","2","10","q10_case1","3219","10240","8432888738","2620406","512","66","20","4","2588.353313"
"1","2","10","q10_case1","3220","10240","8435509180","2620442","512","64","19","4","2589.167997"
"1","2","10","q10_case1","3221","10240","8438129339","2620159","512","62","20","4","2589.969761"
"1","2","10","q10_case1","3222","10240","8440750174","2620835","512","62","19","4","2590.778103"
"1","2","10","q10_case1","3223","10240","8443370442","2620268","512","62","18","4","2591.589522"
"1","2","10","q10_case1","3224","10240","8445990690","2620248","512","62","17","4","2592.392662"
"1","2","10","q10_case1","3225","10240","8448610885","2620195","512","60","18","4","2593.217558"
"1","2","10","q10_case1","3226","10240","8451231208","2620323","512","60","17","4","2594.034711"
"1","2","10","q10_case1","3227","10240","8453851693","2620485","512","58","16","4","2594.841434"
"1","2","10","q10_case1","3228","10240","8456472200","2620507","512","58","17","4","2595.645990"
"1","2","10","q10_case1","3229","10240","8459093110","2620910","512","58","17","4","2596.462097"
"1","2","10","q10_case1","3230","10240","8461713568","2620458","512","58","16","4","2597.264637"
"1","2","10","q10_case1","3231","10240","8464334262","2620694","512","58","16","4","2598.081004"
"1","2","10","q10_case1","3232","10240","8466954725","2620463","512","56","17","4","2598.900896"
"1","2","10","q10_case1","3233","10240","8469575424","2620699","512","56","16","4","2599.705761"
"1","2","10","q10_case1","3234","10240","8472196291","2620867","512","56","16","4","2600.535499"
"1","2","10","q10_case1","3235","10240","8474816830","2620539","512","54","16","4","2601.340595"
"1","2","10","q10_case1","3236","10240","8477437223","2620393","512","54","15","4","2602.155724"
"1","2","10","q10_case1","3237","10240","8480058098","2620875","512","54","15","4","2602.972386"
"1","2","10","q10_case1","3238","10240","8482678616","2620518","512","52","16","4","2603.791113"
"1","2","10","q10_case1","3239","10240","8485298754","2620138","512","52","15","4","2604.585535"
"1","2","10","q10_case1","3240","10240","8487919294","2620540","512","52","16","4","2605.400675"
"1","2","10","q10_case1","3241","10240","8490539759","2620465","512","50","15","4","2606.209877"
"1","2","10","q10_case1","3242","10240","8493159853","2620094","512","50","16","4","2607.009554"
"1","2","10","q10_case1","3243","10240","8495780691","2620838","512","48","15","4","2607.825474"
"1","2","10","q10_case1","3244","10240","8498401144","2620453","512","48","14","4","2608.679032"
"1","2","10","q10_case1","3245","10240","8501021920","2620776","512","46","13","4","2609.490615"
"1","2","10","q10_case1","3246","10240","8503642417","2620497","512","46","14","4","2610.313799"
"1","2","10","q10_case1","3247","10240","8506263251","2620834","512","44","13","4","2611.138174"
"1","2","10","q10_case1","3248","10240","8508883719","2620468","512","44","14","4","2611.981231"
"1","2","10","q10_case1","3249","10240","8511504617","2620898","512","44","14","4","2612.791949"
"1","2","10","q10_case1","3250","10240","8514125076","2620459","512","42","14","4","2613.615563"
"1","2","10","q10_case1","3251","10240","8516745357","2620281","512","42","13","4","2614.430352"
"1","2","10","q10_case1","3252","10240","8519366034","2620677","512","42","12","4","2615.241372"
"1","2","10","q10_case1","3253","10240","8521986541","2620507","512","40","13","4","2616.069644"
"1","2","10","q10_case1","3254","10240","8524606780","2620239","512","40","12","4","2616.879950"
"1","2","10","q10_case1","3255","10240","8527227255","2620475","512","38","13","4","2617.678519"
"1","2","10","q10_case1","3256","10240","8529847723","2620468","512","36","12","4","2618.499199"
"1","2","10","q10_case1","3257","10240","8532468000","2620277","512","36","11","4","2619.318022"
"1","2","10","q10_case1","3258","10240","8535088707","2620707","512","36","12","4","2620.115210"
"1","2","10","q10_case1","3259","10240","8537709160","2620453","512","34","13","4","2620.933575"
"1","2","10","q10_case1","3260","10240","8540329281","2620121","512","34","12","4","2621.741409"
"1","2","10","q10_case1","3261","10240","8542949869","2620588","512","32","11","4","2622.559591"
"1","2","10","q10_case1","3262","10240","8545570394","2620525","512","32","10","4","2623.380913"
"1","2","10","q10_case1","3263","10240","8548190861","2620467","512","30","9","4","2624.189403"
"1","2","10","q10_case1","3264","10240","8550811442","2620581","512","30","10","4","2624.984484"
"1","2","10","q10_case1","3265","10240","8553432154","2620712","512","30","11","4","2625.798946"
"1","2","10","q10_case1","3266","10240","8556052656","2620502","512","28","10","4","2626.638480"
"1","2","10","q10_case1","3267","10240","8558672826","2620170","512","28","9","4","2627.443959"
"1","2","10","q10_case1","3268","10240","8561293541","2620715","512","28","8","4","2628.264533"
"1","2","10","q10_case1","3269","10240","8563913990","2620449","512","28","9","4","2629.061436"
"1","2","10","q10_case1","3270","10240","8566533895","2619905","512","26","10","4","2629.880608"
"1","2","10","q10_case1","3271","10240","8569154208","2620313","512","26","9","4","2630.708608"
"1","2","10","q10_case1","3272","10240","8571774569","2620361","512","26","8","4","2631.503000"
"1","2","10","q10_case1","3273","10240","8574395082","2620513","512","26","9","4","2632.324359"
"1","2","10","q10_case1","3274","10240","8577015237","2620155","512","26","14","3","2633.143906"
"1","2","10","q10_case1","3275","10240","8579635403","2620166","512","26","13","3","2633.961325"
"1","2","10","q10_case1","3276","10240","8582256132","2620729","512","26","12","3","2634.758909"
"1","2","10","q10_case1","3277","10240","8584876709","2620577","512","26","13","3","2635.572316"
"1","2","10","q10_case1","3278","10240","8587497273","2620564","512","26","12","3","2636.390238"
"1","2","10","q10_case1","3279","10240","8590117927","2620654","512","26","11","3","2637.221822"
"1","2","10","q10_case1","3280","10240","8592738572","2620645","512","26","12","3","2638.039521"
"1","2","10","q10_case1","3281","10240","8595359267","2620695","512","26","11","3","2638.895549"
"1","2","10","q10_case1","3282","10240","8597979908","2620641","512","24","12","3","2639.716106"
"1","2","10","q10_case1","3283","10240","8600600563","2620655","512","24","11","3","2640.520173"
"1","2","10","q10_case1","3284","10240","8603221344","2620781","512","24","10","3","2641.353407"
"1","2","10","q10_case1","3285","10240","8605841754","2620410","512","22","11","3","2642.186026"
"1","2","10","q10_case1","3286","10240","8608462042","2620288","512","22","10","3","2643.005589"
"1","2","10","q10_case1","3287","10240","8611082483","2620441","512","20","11","3","2643.823633"
"1","2","10","q10_case1","3288","10240","8613703048","2620565","512","20","10","3","2644.640154"
"1","2","10","q10_case1","3289","10240","8616323518","2620470","512","20","9","3","2645.457774"
"1","2","10","q10_case1","3290","10240","8618944040","2620522","512","18","11","3","2646.267386"
"1","2","10","q10_case1","3291","10240","8621564372","2620332","512","16","9","3","2647.088740"
"1","2","10","q10_case1","3292","10240","8624185143","2620771","512","14","8","3","2647.902441"
"1","2","10","q10_case1","3293","10240","8626805778","2620635","512","12","6","3","2648.710438"
"1","2","10","q10_case1","3294","10240","8629426115","2620337","512","12","5","3","2649.507727"
"1","2","10","q10_case1","3295","10240","8632046456","2620341","512","12","8","2","2650.314437"
"1","2","10","q10_case1","3296","10240","8634667000","2620544","512","12","7","2","2651.114183"
"1","2","10","q10_case1","3297","10240","8637287009","2620009","512","12","8","2","2651.931816"
"1","2","10","q10_case1","3298","10240","8639907335","2620326","512","12","7","2","2652.763862"
"1","2","10","q10_case1","3299","10240","8642527815","2620480","512","10","8","2","2653.589174"
"1","2","10","q10_case1","3300","10240","8645148294","2620479","512","10","7","2","2654.384049"
"1","2","10","q10_case1","3301","10240","8647768877","2620583","512","10","10","1","2655.200940"
"1","2","10","q10_case1","3302","10240","8650389457","2620580","512","8","5","2","2656.006088"
"1","2","10","q10_case1","3303","10240","8653009871","2620414","512","8","4","2","2656.824580"
"1","2","10","q10_case1","3304","10240","8655630469","2620598","512","6","3","3","2657.625113"
"1","2","10","q10_case1","3305","10240","8658251164","2620695","512","4","2","2","2658.429982"
"1","2","10","q10_case1","3306","10240","8660871965","2620801","512","4","3","2","2659.241392"
"1","2","10","q10_case1","3307","10240","8663492630","2620665","512","2","2","1","2660.046208"
"1","2","10","q10_case1","3308","10240","8663587275","94645","1","0","0","0","2660.162524"
