case_index,total_cases,dim,case_name,depth,max_depth,expanded,layer_candidates,retained,best_total_dist,best_misplaced,best_max_dist,elapsed_sec
1,2,9,"q9_case1",1,4608,2304,2304,256,2302,504,8,0.241206
1,2,9,"q9_case1",2,4608,591872,589568,256,2300,504,8,0.258677
1,2,9,"q9_case1",3,4608,1181186,589314,256,2298,504,8,0.276101
1,2,9,"q9_case1",4,4608,1770502,589316,256,2296,504,8,0.293376
1,2,9,"q9_case1",5,4608,2359820,589318,256,2294,504,8,0.311185
1,2,9,"q9_case1",6,4608,2949388,589568,256,2292,503,8,0.328769
1,2,9,"q9_case1",7,4608,3538712,589324,256,2290,503,8,0.346111
1,2,9,"q9_case1",8,4608,4128279,589567,256,2288,502,8,0.365068
1,2,9,"q9_case1",9,4608,4717595,589316,256,2286,502,8,0.383267
1,2,9,"q9_case1",10,4608,5307160,589565,256,2284,501,8,0.402999
1,2,9,"q9_case1",11,4608,5896476,589316,256,2282,501,8,0.422822
1,2,9,"q9_case1",12,4608,6486041,589565,256,2280,500,8,0.441317
1,2,9,"q9_case1",13,4608,7075356,589315,256,2278,500,8,0.459255
1,2,9,"q9_case1",14,4608,7664923,589567,256,2276,499,8,0.477218
1,2,9,"q9_case1",15,4608,8254237,589314,256,2274,499,8,0.495739
1,2,9,"q9_case1",16,4608,8843805,589568,256,2272,498,8,0.514578
1,2,9,"q9_case1",17,4608,9433120,589315,256,2270,498,8,0.533327
1,2,9,"q9_case1",18,4608,10022687,589567,256,2268,497,8,0.551959
1,2,9,"q9_case1",19,4608,10612001,589314,256,2266,497,8,0.570386
1,2,9,"q9_case1",20,4608,11201568,589567,256,2264,497,8,0.588197
1,2,9,"q9_case1",21,4608,11790882,589314,256,2262,497,8,0.606031
1,2,9,"q9_case1",22,4608,12380197,589315,256,2260,497,8,0.624259
1,2,9,"q9_case1",23,4608,12969765,589568,256,2258,497,8,0.642311
1,2,9,"q9_case1",24,4608,13559333,589568,256,2256,496,8,0.661331
1,2,9,"q9_case1",25,4608,14148898,589565,256,2254,496,8,0.678809
1,2,9,"q9_case1",26,4608,14738466,589568,256,2252,496,8,0.696867
1,2,9,"q9_case1",27,4608,15327780,589314,256,2250,496,8,0.714438
1,2,9,"q9_case1",28,4608,15917096,589316,256,2248,496,8,0.731850
1,2,9,"q9_case1",29,4608,16506664,589568,256,2246,496,8,0.750125
1,2,9,"q9_case1",30,4608,17095984,589320,256,2244,496,8,0.767922
1,2,9,"q9_case1",31,4608,17685549,589565,256,2242,496,8,0.785640
1,2,9,"q9_case1",32,4608,18274873,589324,256,2240,495,8,0.803504
1,2,9,"q9_case1",33,4608,18864431,589558,256,2238,495,8,0.821694
1,2,9,"q9_case1",34,4608,19453998,589567,256,2236,495,8,0.839813
1,2,9,"q9_case1",35,4608,20043313,589315,256,2234,495,8,0.857475
1,2,9,"q9_case1",36,4608,20632879,589566,256,2232,495,8,0.875814
1,2,9,"q9_case1",37,4608,21222442,589563,256,2230,495,8,0.896589
1,2,9,"q9_case1",38,4608,21812005,589563,256,2228,495,8,0.916600
1,2,9,"q9_case1",39,4608,22401323,589318,256,2226,495,8,0.937193
1,2,9,"q9_case1",40,4608,22990879,589556,256,2224,495,8,0.958958
1,2,9,"q9_case1",41,4608,23580432,589553,256,2222,495,8,0.978442
1,2,9,"q9_case1",42,4608,24169981,589549,256,2220,494,8,0.997211
1,2,9,"q9_case1",43,4608,24759519,589538,256,2218,494,8,1.016150
1,2,9,"q9_case1",44,4608,25349066,589547,256,2216,494,8,1.035214
1,2,9,"q9_case1",45,4608,25938584,589518,256,2214,494,8,1.053726
1,2,9,"q9_case1",46,4608,26528069,589485,256,2212,494,8,1.073675
1,2,9,"q9_case1",47,4608,27117515,589446,256,2210,494,8,1.092686
1,2,9,"q9_case1",48,4608,27706847,589332,256,2208,493,8,1.118212
1,2,9,"q9_case1",49,4608,28296116,589269,256,2206,493,8,1.138527
1,2,9,"q9_case1",50,4608,28885645,589529,256,2204,492,8,1.157601
1,2,9,"q9_case1",51,4608,29474861,589216,256,2202,492,8,1.176169
1,2,9,"q9_case1",52,4608,30064419,589558,256,2200,491,8,1.195898
1,2,9,"q9_case1",53,4608,30653538,589119,256,2198,491,8,1.216225
1,2,9,"q9_case1",54,4608,31243103,589565,256,2196,491,8,1.237838
1,2,9,"q9_case1",55,4608,31832293,589190,256,2194,491,8,1.258093
1,2,9,"q9_case1",56,4608,32421481,589188,256,2192,491,8,1.278351
1,2,9,"q9_case1",57,4608,33010667,589186,256,2190,491,8,1.297939
1,2,9,"q9_case1",58,4608,33599870,589203,256,2188,491,8,1.320690
1,2,9,"q9_case1",59,4608,34189190,589320,256,2186,491,8,1.339336
1,2,9,"q9_case1",60,4608,34778509,589319,256,2184,491,8,1.359609
1,2,9,"q9_case1",61,4608,35367832,589323,256,2182,491,8,1.378941
1,2,9,"q9_case1",62,4608,35957266,589434,256,2180,491,8,1.397976
1,2,9,"q9_case1",63,4608,36546661,589395,256,2178,491,8,1.416830
1,2,9,"q9_case1",64,4608,37135944,589283,256,2176,491,8,1.436410
1,2,9,"q9_case1",65,4608,37725237,589293,256,2174,490,8,1.458181
1,2,9,"q9_case1",66,4608,38314429,589192,256,2172,490,8,1.477239
1,2,9,"q9_case1",67,4608,38903965,589536,256,2170,489,8,1.496380
1,2,9,"q9_case1",68,4608,39493275,589310,256,2168,489,8,1.515538
1,2,9,"q9_case1",69,4608,40082843,589568,256,2166,488,8,1.534896
1,2,9,"q9_case1",70,4608,40672169,589326,256,2164,487,8,1.554129
1,2,9,"q9_case1",71,4608,41261733,589564,256,2162,487,8,1.573835
1,2,9,"q9_case1",72,4608,41851215,589482,256,2160,486,8,1.594110
1,2,9,"q9_case1",73,4608,42440532,589317,256,2158,486,8,1.614338
1,2,9,"q9_case1",74,4608,43030098,589566,256,2156,486,8,1.634667
1,2,9,"q9_case1",75,4608,43619413,589315,256,2154,486,8,1.654445
1,2,9,"q9_case1",76,4608,44208727,589314,256,2152,486,8,1.674666
1,2,9,"q9_case1",77,4608,44798052,589325,256,2150,486,8,1.694807
1,2,9,"q9_case1",78,4608,45387371,589319,256,2148,486,8,1.717043
1,2,9,"q9_case1",79,4608,45976913,589542,256,2146,486,8,1.740363
1,2,9,"q9_case1",80,4608,46566441,589528,256,2144,486,8,1.763084
1,2,9,"q9_case1",81,4608,47155961,589520,256,2142,486,8,1.784923
1,2,9,"q9_case1",82,4608,47745300,589339,256,2140,486,8,1.807973
1,2,9,"q9_case1",83,4608,48334616,589316,256,2138,486,8,1.829443
1,2,9,"q9_case1",84,4608,48924118,589502,256,2136,485,8,1.852329
1,2,9,"q9_case1",85,4608,49513612,589494,256,2134,484,8,1.874589
1,2,9,"q9_case1",86,4608,50103140,589528,256,2132,484,8,1.896190
1,2,9,"q9_case1",87,4608,50692694,589554,256,2130,483,8,1.918281
1,2,9,"q9_case1",88,4608,51281933,589239,256,2128,483,8,1.940545
1,2,9,"q9_case1",89,4608,51871460,589527,256,2126,483,8,1.963151
1,2,9,"q9_case1",90,4608,52460694,589234,256,2124,482,8,1.986432
1,2,9,"q9_case1",91,4608,53049776,589082,256,2122,482,8,2.008289
1,2,9,"q9_case1",92,4608,53639342,589566,256,2120,481,8,2.030968
1,2,9,"q9_case1",93,4608,54228658,589316,256,2118,480,8,2.053202
1,2,9,"q9_case1",94,4608,54818222,589564,256,2116,480,8,2.074924
1,2,9,"q9_case1",95,4608,55407727,589505,256,2114,479,8,2.098222
1,2,9,"q9_case1",96,4608,55997042,589315,256,2112,479,8,2.120435
1,2,9,"q9_case1",97,4608,56586607,589565,256,2110,479,8,2.143516
1,2,9,"q9_case1",98,4608,57175919,589312,256,2108,479,8,2.165577
1,2,9,"q9_case1",99,4608,57765246,589327,256,2106,478,8,2.187229
1,2,9,"q9_case1",100,4608,58354584,589338,256,2104,477,8,2.208785
1,2,9,"q9_case1",101,4608,58944150,589566,256,2102,477,8,2.231126
1,2,9,"q9_case1",102,4608,59533717,589567,256,2100,476,8,2.260940
1,2,9,"q9_case1",103,4608,60123039,589322,256,2098,475,8,2.282720
1,2,9,"q9_case1",104,4608,60712602,589563,256,2096,474,8,2.304523
1,2,9,"q9_case1",105,4608,61302018,589416,256,2094,474,8,2.325726
1,2,9,"q9_case1",106,4608,61891501,589483,256,2092,473,8,2.346970
1,2,9,"q9_case1",107,4608,62480817,589316,256,2090,473,8,2.367023
1,2,9,"q9_case1",108,4608,63070383,589566,256,2088,472,8,2.387755
1,2,9,"q9_case1",109,4608,63659696,589313,256,2086,472,8,2.408157
1,2,9,"q9_case1",110,4608,64249262,589566,256,2084,472,8,2.427607
1,2,9,"q9_case1",111,4608,64838577,589315,256,2082,472,8,2.446971
1,2,9,"q9_case1",112,4608,65427900,589323,256,2080,472,8,2.466603
1,2,9,"q9_case1",113,4608,66017458,589558,256,2078,472,8,2.485986
1,2,9,"q9_case1",114,4608,66606783,589325,256,2076,472,8,2.505048
1,2,9,"q9_case1",115,4608,67196326,589543,256,2074,472,8,2.525046
1,2,9,"q9_case1",116,4608,67785865,589539,256,2072,471,8,2.543979
1,2,9,"q9_case1",117,4608,68375193,589328,256,2070,471,8,2.563678
1,2,9,"q9_case1",118,4608,68964759,589566,256,2068,470,8,2.583202
1,2,9,"q9_case1",119,4608,69554080,589321,256,2066,470,8,2.602839
1,2,9,"q9_case1",120,4608,70143647,589567,256,2064,470,8,2.622666
1,2,9,"q9_case1",121,4608,70732967,589320,256,2062,470,8,2.642907
1,2,9,"q9_case1",122,4608,71322293,589326,256,2060,470,8,2.662729
1,2,9,"q9_case1",123,4608,71911608,589315,256,2058,470,8,2.682874
1,2,9,"q9_case1",124,4608,72500925,589317,256,2056,470,8,2.703898
1,2,9,"q9_case1",125,4608,73090262,589337,256,2054,470,8,2.725133
1,2,9,"q9_case1",126,4608,73679597,589335,256,2052,470,8,2.745252
1,2,9,"q9_case1",127,4608,74268906,589309,256,2050,470,8,2.765642
1,2,9,"q9_case1",128,4608,74858295,589389,256,2048,470,8,2.787999
1,2,9,"q9_case1",129,4608,75447675,589380,256,2046,470,8,2.815016
1,2,9,"q9_case1",130,4608,76037054,589379,256,2044,469,8,2.838794
1,2,9,"q9_case1",131,4608,76626329,589275,256,2042,469,8,2.862053
1,2,9,"q9_case1",132,4608,77215896,589567,256,2040,468,8,2.886236
1,2,9,"q9_case1",133,4608,77805219,589323,256,2038,468,8,2.911179
1,2,9,"q9_case1",134,4608,78394786,589567,256,2036,466,8,2.936758
1,2,9,"q9_case1",135,4608,78984109,589323,256,2034,466,8,2.962088
1,2,9,"q9_case1",136,4608,79573676,589567,256,2032,464,8,2.987978
1,2,9,"q9_case1",137,4608,80162999,589323,256,2030,464,8,3.012999
1,2,9,"q9_case1",138,4608,80752566,589567,256,2028,464,8,3.036419
1,2,9,"q9_case1",139,4608,81341888,589322,256,2026,463,8,3.060856
1,2,9,"q9_case1",140,4608,81931448,589560,256,2024,463,8,3.084362
1,2,9,"q9_case1",141,4608,82521016,589568,256,2022,463,8,3.108975
1,2,9,"q9_case1",142,4608,83110341,589325,256,2020,462,8,3.133102
1,2,9,"q9_case1",143,4608,83699681,589340,256,2018,462,8,3.157989
1,2,9,"q9_case1",144,4608,84289248,589567,256,2016,462,8,3.183507
1,2,9,"q9_case1",145,4608,84878573,589325,256,2014,462,8,3.208386
1,2,9,"q9_case1",146,4608,85468129,589556,256,2012,462,8,3.231380
1,2,9,"q9_case1",147,4608,86057662,589533,256,2010,462,8,3.255348
1,2,9,"q9_case1",148,4608,86647192,589530,256,2008,462,8,3.279137
1,2,9,"q9_case1",149,4608,87236552,589360,256,2006,461,8,3.303095
1,2,9,"q9_case1",150,4608,87825922,589370,256,2004,461,8,3.328238
1,2,9,"q9_case1",151,4608,88415484,589562,256,2002,460,8,3.352653
1,2,9,"q9_case1",152,4608,89004820,589336,256,2000,460,8,3.376988
1,2,9,"q9_case1",153,4608,89594384,589564,256,1998,460,8,3.400487
1,2,9,"q9_case1",154,4608,90183708,589324,256,1996,460,8,3.423423
1,2,9,"q9_case1",155,4608,90773064,589356,256,1994,460,8,3.447764
1,2,9,"q9_case1",156,4608,91362435,589371,256,1992,460,8,3.470799
1,2,9,"q9_case1",157,4608,91951727,589292,256,1990,460,8,3.493601
1,2,9,"q9_case1",158,4608,92540935,589208,256,1988,459,8,3.515737
1,2,9,"q9_case1",159,4608,93130061,589126,256,1986,459,8,3.536962
1,2,9,"q9_case1",160,4608,93719629,589568,256,1984,458,8,3.558443
1,2,9,"q9_case1",161,4608,94308955,589326,256,1982,458,8,3.582975
1,2,9,"q9_case1",162,4608,94898520,589565,256,1980,457,8,3.604676
1,2,9,"q9_case1",163,4608,95487855,589335,256,1978,457,8,3.627245
1,2,9,"q9_case1",164,4608,96077421,589566,256,1976,457,8,3.649732
1,2,9,"q9_case1",165,4608,96666749,589328,256,1974,457,8,3.671171
1,2,9,"q9_case1",166,4608,97256091,589342,256,1972,457,8,3.706205
1,2,9,"q9_case1",167,4608,97845387,589296,256,1970,457,8,3.731125
1,2,9,"q9_case1",168,4608,98434657,589270,256,1968,456,8,3.756369
1,2,9,"q9_case1",169,4608,99023917,589260,256,1966,456,8,3.780656
1,2,9,"q9_case1",170,4608,99613482,589565,256,1964,455,8,3.805633
1,2,9,"q9_case1",171,4608,100202810,589328,256,1962,455,8,3.830161
1,2,9,"q9_case1",172,4608,100792376,589566,256,1960,455,8,3.856085
1,2,9,"q9_case1",173,4608,101381700,589324,256,1958,455,8,3.882050
1,2,9,"q9_case1",174,4608,101971031,589331,256,1956,455,8,3.907376
1,2,9,"q9_case1",175,4608,102560363,589332,256,1954,455,8,3.934111
1,2,9,"q9_case1",176,4608,103149695,589332,256,1952,455,8,3.959659
1,2,9,"q9_case1",177,4608,103738963,589268,256,1950,455,8,3.984164
1,2,9,"q9_case1",178,4608,104328282,589319,256,1948,455,8,4.010045
1,2,9,"q9_case1",179,4608,104917545,589263,256,1946,455,8,4.035439
1,2,9,"q9_case1",180,4608,105506848,589303,256,1944,455,8,4.059302
1,2,9,"q9_case1",181,4608,106096154,589306,256,1942,455,8,4.084696
1,2,9,"q9_case1",182,4608,106685428,589274,256,1940,455,8,4.109561
1,2,9,"q9_case1",183,4608,107274668,589240,256,1938,455,8,4.133592
1,2,9,"q9_case1",184,4608,107863895,589227,256,1936,455,8,4.157424
1,2,9,"q9_case1",185,4608,108453090,589195,256,1934,455,8,4.182143
1,2,9,"q9_case1",186,4608,109042289,589199,256,1932,455,8,4.205741
1,2,9,"q9_case1",187,4608,109631522,589233,256,1930,455,8,4.228706
1,2,9,"q9_case1",188,4608,110220782,589260,256,1928,455,8,4.250490
1,2,9,"q9_case1",189,4608,110810018,589236,256,1926,455,8,4.272227
1,2,9,"q9_case1",190,4608,111399220,589202,256,1924,455,8,4.295704
1,2,9,"q9_case1",191,4608,111988443,589223,256,1922,455,8,4.319933
1,2,9,"q9_case1",192,4608,112577670,589227,256,1920,455,8,4.344214
1,2,9,"q9_case1",193,4608,113166896,589226,256,1918,454,8,4.368413
1,2,9,"q9_case1",194,4608,113756119,589223,256,1916,453,8,4.392090
1,2,9,"q9_case1",195,4608,114345443,589324,256,1914,452,8,4.416478
1,2,9,"q9_case1",196,4608,114934754,589311,256,1912,452,8,4.440131
1,2,9,"q9_case1",197,4608,115524065,589311,256,1910,452,8,4.463908
1,2,9,"q9_case1",198,4608,116113261,589196,256,1908,452,8,4.487307
1,2,9,"q9_case1",199,4608,116702499,589238,256,1906,452,8,4.510827
1,2,9,"q9_case1",200,4608,117291744,589245,256,1904,452,8,4.533499
1,2,9,"q9_case1",201,4608,117880989,589245,256,1902,452,8,4.557437
1,2,9,"q9_case1",202,4608,118470222,589233,256,1900,452,8,4.582930
1,2,9,"q9_case1",203,4608,119059460,589238,256,1898,452,8,4.610943
1,2,9,"q9_case1",204,4608,119648721,589261,256,1896,452,8,4.637656
1,2,9,"q9_case1",205,4608,120237981,589260,256,1894,452,8,4.664957
1,2,9,"q9_case1",206,4608,120827229,589248,256,1892,451,8,4.692294
1,2,9,"q9_case1",207,4608,121416478,589249,256,1890,451,8,4.719022
1,2,9,"q9_case1",208,4608,122006007,589529,256,1888,451,8,4.747811
1,2,9,"q9_case1",209,4608,122595225,589218,256,1886,451,8,4.775443
1,2,9,"q9_case1",210,4608,123184497,589272,256,1884,451,8,4.804149
1,2,9,"q9_case1",211,4608,123773726,589229,256,1882,451,8,4.831834
1,2,9,"q9_case1",212,4608,124363034,589308,256,1880,451,8,4.858883
1,2,9,"q9_case1",213,4608,124952362,589328,256,1878,451,8,4.885634
1,2,9,"q9_case1",214,4608,125541642,589280,256,1876,451,8,4.914314
1,2,9,"q9_case1",215,4608,126130873,589231,256,1874,451,8,4.941063
1,2,9,"q9_case1",216,4608,126720096,589223,256,1872,451,8,4.966446
1,2,9,"q9_case1",217,4608,127309295,589199,256,1870,451,8,4.992287
1,2,9,"q9_case1",218,4608,127898494,589199,256,1868,451,8,5.017506
1,2,9,"q9_case1",219,4608,128487669,589175,256,1866,450,8,5.042532
1,2,9,"q9_case1",220,4608,129076828,589159,256,1864,450,8,5.067196
1,2,9,"q9_case1",221,4608,129666390,589562,256,1862,449,8,5.093149
1,2,9,"q9_case1",222,4608,130255602,589212,256,1860,449,8,5.115918
1,2,9,"q9_case1",223,4608,130845163,589561,256,1858,449,8,5.138771
1,2,9,"q9_case1",224,4608,131434491,589328,256,1856,449,8,5.161795
1,2,9,"q9_case1",225,4608,132023796,589305,256,1854,449,8,5.186099
1,2,9,"q9_case1",226,4608,132613097,589301,256,1852,448,8,5.210990
1,2,9,"q9_case1",227,4608,133202411,589314,256,1850,448,8,5.234122
1,2,9,"q9_case1",228,4608,133791941,589530,256,1848,448,8,5.257853
1,2,9,"q9_case1",229,4608,134381177,589236,256,1846,448,8,5.283061
1,2,9,"q9_case1",230,4608,134970411,589234,256,1844,448,8,5.307580
1,2,9,"q9_case1",231,4608,135559622,589211,256,1842,446,8,5.330837
1,2,9,"q9_case1",232,4608,136148869,589247,256,1840,446,8,5.353368
1,2,9,"q9_case1",233,4608,136738434,589565,256,1838,445,8,5.377474
1,2,9,"q9_case1",234,4608,137327640,589206,256,1836,445,8,5.400220
1,2,9,"q9_case1",235,4608,137917206,589566,256,1834,444,8,5.423311
1,2,9,"q9_case1",236,4608,138506413,589207,256,1832,444,8,5.447209
1,2,9,"q9_case1",237,4608,139095977,589564,256,1830,444,8,5.470991
1,2,9,"q9_case1",238,4608,139685182,589205,256,1828,444,8,5.493615
1,2,9,"q9_case1",239,4608,140274394,589212,256,1826,444,8,5.518501
1,2,9,"q9_case1",240,4608,140863710,589316,256,1824,443,8,5.543568
1,2,9,"q9_case1",241,4608,141453086,589376,256,1822,443,8,5.569509
1,2,9,"q9_case1",242,4608,142042429,589343,256,1820,443,8,5.597869
1,2,9,"q9_case1",243,4608,142631649,589220,256,1818,442,8,5.624947
1,2,9,"q9_case1",244,4608,143220868,589219,256,1816,442,8,5.651315
1,2,9,"q9_case1",245,4608,143810434,589566,256,1814,442,8,5.678820
1,2,9,"q9_case1",246,4608,144399643,589209,256,1812,442,8,5.705805
1,2,9,"q9_case1",247,4608,144988880,589237,256,1810,441,8,5.734094
1,2,9,"q9_case1",248,4608,145578150,589270,256,1808,441,8,5.759610
1,2,9,"q9_case1",249,4608,146167702,589552,256,1806,441,8,5.784774
1,2,9,"q9_case1",250,4608,146756914,589212,256,1804,441,8,5.811242
1,2,9,"q9_case1",251,4608,147346126,589212,256,1802,441,8,5.839982
1,2,9,"q9_case1",252,4608,147935257,589131,256,1800,441,8,5.868445
1,2,9,"q9_case1",253,4608,148524441,589184,256,1798,441,8,5.893577
1,2,9,"q9_case1",254,4608,149113582,589141,256,1796,440,8,5.919531
1,2,9,"q9_case1",255,4608,149702703,589121,256,1794,440,8,5.946605
1,2,9,"q9_case1",256,4608,150292247,589544,256,1792,440,8,5.975634
1,2,9,"q9_case1",257,4608,150881450,589203,256,1790,440,8,6.007656
1,2,9,"q9_case1",258,4608,151470641,589191,256,1788,440,8,6.035621
1,2,9,"q9_case1",259,4608,152059739,589098,256,1786,440,8,6.062999
1,2,9,"q9_case1",260,4608,152648849,589110,256,1784,440,8,6.090285
1,2,9,"q9_case1",261,4608,153238077,589228,256,1782,440,8,6.117871
1,2,9,"q9_case1",262,4608,153827414,589337,256,1780,440,8,6.143579
1,2,9,"q9_case1",263,4608,154416710,589296,256,1778,440,8,6.169210
1,2,9,"q9_case1",264,4608,155005947,589237,256,1776,440,8,6.197385
1,2,9,"q9_case1",265,4608,155595181,589234,256,1774,440,8,6.225647
1,2,9,"q9_case1",266,4608,156184461,589280,256,1772,440,8,6.254271
1,2,9,"q9_case1",267,4608,156773629,589168,256,1770,440,8,6.283683
1,2,9,"q9_case1",268,4608,157362819,589190,256,1768,440,8,6.311239
1,2,9,"q9_case1",269,4608,157951984,589165,256,1766,440,8,6.338125
1,2,9,"q9_case1",270,4608,158541248,589264,256,1764,440,8,6.365363
1,2,9,"q9_case1",271,4608,159130535,589287,256,1762,440,8,6.392606
1,2,9,"q9_case1",272,4608,159719824,589289,256,1760,440,8,6.419834
1,2,9,"q9_case1",273,4608,160309132,589308,256,1758,439,8,6.445934
1,2,9,"q9_case1",274,4608,160898376,589244,256,1756,439,8,6.474483
1,2,9,"q9_case1",275,4608,161487934,589558,256,1754,439,8,6.503332
1,2,9,"q9_case1",276,4608,162077065,589131,256,1752,439,8,6.532424
1,2,9,"q9_case1",277,4608,162666206,589141,256,1750,439,8,6.562106
1,2,9,"q9_case1",278,4608,163255345,589139,256,1748,438,8,6.592065
1,2,9,"q9_case1",279,4608,163844559,589214,256,1746,438,8,6.620992
1,2,9,"q9_case1",280,4608,164434122,589563,256,1744,438,8,6.649667
1,2,9,"q9_case1",281,4608,165023447,589325,256,1742,438,8,6.678995
1,2,9,"q9_case1",282,4608,165612714,589267,256,1740,438,8,6.707125
1,2,9,"q9_case1",283,4608,166201946,589232,256,1738,438,8,6.734859
1,2,9,"q9_case1",284,4608,166791186,589240,256,1736,438,8,6.764805
1,2,9,"q9_case1",285,4608,167380397,589211,256,1734,438,8,6.794918
1,2,9,"q9_case1",286,4608,167969559,589162,256,1732,438,8,6.823665
1,2,9,"q9_case1",287,4608,168558713,589154,256,1730,438,8,6.857468
1,2,9,"q9_case1",288,4608,169147959,589246,256,1728,437,8,6.886240
1,2,9,"q9_case1",289,4608,169737253,589294,256,1726,437,8,6.915547
1,2,9,"q9_case1",290,4608,170326692,589439,256,1724,436,8,6.947874
1,2,9,"q9_case1",291,4608,170915956,589264,256,1722,436,8,6.976109
1,2,9,"q9_case1",292,4608,171505522,589566,256,1720,435,8,7.003839
1,2,9,"q9_case1",293,4608,172094750,589228,256,1718,435,8,7.032243
1,2,9,"q9_case1",294,4608,172684293,589543,256,1716,434,8,7.059997
1,2,9,"q9_case1",295,4608,173273589,589296,256,1714,434,8,7.086404
1,2,9,"q9_case1",296,4608,173863152,589563,256,1712,434,8,7.114276
1,2,9,"q9_case1",297,4608,174452436,589284,256,1710,434,8,7.140595
1,2,9,"q9_case1",298,4608,175041748,589312,256,1708,434,8,7.164781
1,2,9,"q9_case1",299,4608,175630967,589219,256,1706,434,8,7.189492
1,2,9,"q9_case1",300,4608,176220122,589155,256,1704,434,8,7.215625
1,2,9,"q9_case1",301,4608,176809291,589169,256,1702,434,8,7.241587
1,2,9,"q9_case1",302,4608,177398465,589174,256,1700,434,8,7.266604
1,2,9,"q9_case1",303,4608,177987625,589160,256,1698,433,8,7.292418
1,2,9,"q9_case1",304,4608,178576830,589205,256,1696,433,8,7.316630
1,2,9,"q9_case1",305,4608,179166315,589485,256,1694,432,8,7.340682
1,2,9,"q9_case1",306,4608,179755428,589113,256,1692,432,8,7.367070
1,2,9,"q9_case1",307,4608,180344995,589567,256,1690,430,8,7.394453
1,2,9,"q9_case1",308,4608,180934318,589323,256,1688,430,8,7.422041
1,2,9,"q9_case1",309,4608,181523884,589566,256,1686,428,8,7.453763
1,2,9,"q9_case1",310,4608,182113211,589327,256,1684,428,8,7.485112
1,2,9,"q9_case1",311,4608,182702778,589567,256,1682,426,8,7.513605
1,2,9,"q9_case1",312,4608,183292101,589323,256,1680,426,8,7.542722
1,2,9,"q9_case1",313,4608,183881667,589566,256,1678,425,8,7.574810
1,2,9,"q9_case1",314,4608,184470993,589326,256,1676,425,8,7.604447
1,2,9,"q9_case1",315,4608,185060556,589563,256,1674,424,8,7.634370
1,2,9,"q9_case1",316,4608,185649878,589322,256,1672,424,8,7.667110
1,2,9,"q9_case1",317,4608,186239438,589560,256,1670,423,8,7.696199
1,2,9,"q9_case1",318,4608,186828756,589318,256,1668,423,8,7.728317
1,2,9,"q9_case1",319,4608,187418320,589564,256,1666,423,8,7.758248
1,2,9,"q9_case1",320,4608,188007640,589320,256,1664,423,8,7.786006
1,2,9,"q9_case1",321,4608,188596968,589328,256,1662,423,8,7.816207
1,2,9,"q9_case1",322,4608,189186312,589344,256,1660,423,8,7.846122
1,2,9,"q9_case1",323,4608,189775634,589322,256,1658,423,8,7.874612
1,2,9,"q9_case1",324,4608,190365144,589510,256,1656,423,8,7.903372
1,2,9,"q9_case1",325,4608,190954507,589363,256,1654,423,8,7.932573
1,2,9,"q9_case1",326,4608,191543938,589431,256,1652,423,8,7.960712
1,2,9,"q9_case1",327,4608,192133328,589390,256,1650,422,8,7.990076
1,2,9,"q9_case1",328,4608,192722731,589403,256,1648,422,8,8.020720
1,2,9,"q9_case1",329,4608,193312296,589565,256,1646,420,8,8.048101
1,2,9,"q9_case1",330,4608,193901629,589333,256,1644,418,8,8.080503
1,2,9,"q9_case1",331,4608,194491194,589565,256,1642,418,8,8.108958
1,2,9,"q9_case1",332,4608,195080507,589313,256,1640,417,8,8.136277
1,2,9,"q9_case1",333,4608,195669836,589329,256,1638,417,8,8.165151
1,2,9,"q9_case1",334,4608,196259399,589563,256,1636,417,8,8.193665
1,2,9,"q9_case1",335,4608,196848722,589323,256,1634,416,8,8.219081
1,2,9,"q9_case1",336,4608,197438026,589304,256,1632,416,8,8.243310
1,2,9,"q9_case1",337,4608,198027529,589503,256,1630,415,8,8.270562
1,2,9,"q9_case1",338,4608,198616855,589326,256,1628,415,8,8.295796
1,2,9,"q9_case1",339,4608,199206419,589564,256,1626,415,8,8.323571
1,2,9,"q9_case1",340,4608,199795743,589324,256,1624,415,8,8.355041
1,2,9,"q9_case1",341,4608,200385071,589328,256,1622,415,8,8.386468
1,2,9,"q9_case1",342,4608,200974406,589335,256,1620,415,8,8.414689
1,2,9,"q9_case1",343,4608,201563748,589342,256,1618,415,8,8.443690
1,2,9,"q9_case1",344,4608,202153174,589426,256,1616,415,8,8.476337
1,2,9,"q9_case1",345,4608,202742459,589285,256,1614,415,8,8.507863
1,2,9,"q9_case1",346,4608,203331664,589205,256,1612,414,8,8.538764
1,2,9,"q9_case1",347,4608,203920924,589260,256,1610,414,8,8.565820
1,2,9,"q9_case1",348,4608,204510482,589558,256,1608,414,8,8.596163
1,2,9,"q9_case1",349,4608,205099748,589266,256,1606,414,8,8.627400
1,2,9,"q9_case1",350,4608,205689004,589256,256,1604,414,8,8.658716
1,2,9,"q9_case1",351,4608,206278206,589202,256,1602,414,8,8.695569
1,2,9,"q9_case1",352,4608,206867429,589223,256,1600,414,8,8.725212
1,2,9,"q9_case1",353,4608,207456653,589224,256,1598,414,8,8.754126
1,2,9,"q9_case1",354,4608,208045889,589236,256,1596,413,8,8.785120
1,2,9,"q9_case1",355,4608,208635244,589355,256,1594,412,8,8.817986
1,2,9,"q9_case1",356,4608,209224788,589544,256,1592,412,8,8.849577
1,2,9,"q9_case1",357,4608,209814254,589466,256,1590,412,8,8.880362
1,2,9,"q9_case1",358,4608,210403464,589210,256,1588,412,8,8.909847
1,2,9,"q9_case1",359,4608,210992693,589229,256,1586,412,8,8.938983
1,2,9,"q9_case1",360,4608,211582196,589503,256,1584,412,8,8.969098
1,2,9,"q9_case1",361,4608,212171667,589471,256,1582,411,8,9.000463
1,2,9,"q9_case1",362,4608,212761135,589468,256,1580,411,8,9.028921
1,2,9,"q9_case1",363,4608,213350532,589397,256,1578,410,8,9.058255
1,2,9,"q9_case1",364,4608,213939822,589290,256,1576,410,8,9.087236
1,2,9,"q9_case1",365,4608,214529326,589504,256,1574,409,8,9.116618
1,2,9,"q9_case1",366,4608,215118654,589328,256,1572,409,8,9.145655
1,2,9,"q9_case1",367,4608,215708216,589562,256,1570,407,8,9.173488
1,2,9,"q9_case1",368,4608,216297539,589323,256,1568,407,8,9.201500
1,2,9,"q9_case1",369,4608,216887045,589506,256,1566,406,8,9.234029
1,2,9,"q9_case1",370,4608,217476373,589328,256,1564,406,8,9.267664
1,2,9,"q9_case1",371,4608,218065934,589561,256,1562,406,8,9.299171
1,2,9,"q9_case1",372,4608,218655256,589322,256,1560,406,8,9.329513
1,2,9,"q9_case1",373,4608,219244578,589322,256,1558,406,8,9.359295
1,2,9,"q9_case1",374,4608,219833892,589314,256,1556,406,8,9.390374
1,2,9,"q9_case1",375,4608,220423235,589343,256,1554,406,8,9.426651
1,2,9,"q9_case1",376,4608,221012482,589247,256,1552,406,8,9.458059
1,2,9,"q9_case1",377,4608,221601508,589026,256,1550,406,8,9.488871
1,2,9,"q9_case1",378,4608,222190785,589277,256,1548,406,8,9.523380
1,2,9,"q9_case1",379,4608,222780061,589276,256,1546,406,8,9.555052
1,2,9,"q9_case1",380,4608,223369367,589306,256,1544,405,8,9.587831
1,2,9,"q9_case1",381,4608,223958630,589263,256,1542,405,8,9.623018
1,2,9,"q9_case1",382,4608,224548181,589551,256,1540,404,8,9.658875
1,2,9,"q9_case1",383,4608,225137470,589289,256,1538,404,8,9.687691
1,2,9,"q9_case1",384,4608,225727026,589556,256,1536,404,8,9.719652
1,2,9,"q9_case1",385,4608,226316310,589284,256,1534,404,8,9.749829
1,2,9,"q9_case1",386,4608,226905379,589069,256,1532,404,8,9.778247
1,2,9,"q9_case1",387,4608,227494510,589131,256,1530,404,8,9.808352
1,2,9,"q9_case1",388,4608,228083645,589135,256,1528,404,8,9.835845
1,2,9,"q9_case1",389,4608,228672832,589187,256,1526,404,8,9.865720
1,2,9,"q9_case1",390,4608,229262034,589202,256,1524,404,8,9.890440
1,2,9,"q9_case1",391,4608,229851260,589226,256,1522,404,8,9.915149
1,2,9,"q9_case1",392,4608,230440534,589274,256,1520,404,8,9.940921
1,2,9,"q9_case1",393,4608,231029830,589296,256,1518,404,8,9.967119
1,2,9,"q9_case1",394,4608,231619122,589292,256,1516,404,8,9.993722
1,2,9,"q9_case1",395,4608,232208472,589350,256,1514,404,8,10.025278
1,2,9,"q9_case1",396,4608,232797759,589287,256,1512,404,8,10.053373
1,2,9,"q9_case1",397,4608,233387111,589352,256,1510,404,8,10.080503
1,2,9,"q9_case1",398,4608,233976437,589326,256,1508,404,8,10.109533
1,2,9,"q9_case1",399,4608,234565783,589346,256,1506,404,8,10.146020
1,2,9,"q9_case1",400,4608,235155123,589340,256,1504,403,8,10.175999
1,2,9,"q9_case1",401,4608,235744463,589340,256,1502,403,8,10.203698
1,2,9,"q9_case1",402,4608,236333969,589506,256,1500,403,8,10.236525
1,2,9,"q9_case1",403,4608,236923252,589283,256,1498,403,8,10.267783
1,2,9,"q9_case1",404,4608,237512557,589305,256,1496,403,8,10.297383
1,2,9,"q9_case1",405,4608,238101836,589279,256,1494,403,8,10.326743
1,2,9,"q9_case1",406,4608,238691109,589273,256,1492,403,8,10.361475
1,2,9,"q9_case1",407,4608,239280390,589281,256,1490,403,8,10.392617
1,2,9,"q9_case1",408,4608,239869675,589285,256,1488,402,8,10.428885
1,2,9,"q9_case1",409,4608,240458928,589253,256,1486,402,8,10.461945
1,2,9,"q9_case1",410,4608,241048434,589506,256,1484,401,8,10.495533
1,2,9,"q9_case1",411,4608,241637769,589335,256,1482,401,8,10.527189
1,2,9,"q9_case1",412,4608,242227305,589536,256,1480,401,8,10.560348
1,2,9,"q9_case1",413,4608,242816627,589322,256,1478,400,8,10.593855
1,2,9,"q9_case1",414,4608,243405977,589350,256,1476,400,8,10.626040
1,2,9,"q9_case1",415,4608,243995300,589323,256,1474,400,8,10.656438
1,2,9,"q9_case1",416,4608,244584622,589322,256,1472,400,8,10.684349
1,2,9,"q9_case1",417,4608,245173858,589236,256,1470,400,8,10.712861
1,2,9,"q9_case1",418,4608,245762996,589138,256,1468,400,8,10.740891
1,2,9,"q9_case1",419,4608,246352114,589118,256,1466,399,8,10.769237
1,2,9,"q9_case1",420,4608,246941333,589219,256,1464,399,8,10.797693
1,2,9,"q9_case1",421,4608,247530867,589534,256,1462,399,8,10.825522
1,2,9,"q9_case1",422,4608,248119995,589128,256,1460,399,8,10.853021
1,2,9,"q9_case1",423,4608,248709171,589176,256,1458,399,8,10.878608
1,2,9,"q9_case1",424,4608,249298355,589184,256,1456,399,8,10.903825
1,2,9,"q9_case1",425,4608,249887566,589211,256,1454,399,8,10.929507
1,2,9,"q9_case1",426,4608,250476794,589228,256,1452,399,8,10.956583
1,2,9,"q9_case1",427,4608,251066067,589273,256,1450,399,8,10.985643
1,2,9,"q9_case1",428,4608,251655371,589304,256,1448,398,8,11.014449
1,2,9,"q9_case1",429,4608,252244723,589352,256,1446,398,8,11.041783
1,2,9,"q9_case1",430,4608,252834284,589561,256,1444,397,8,11.070221
1,2,9,"q9_case1",431,4608,253423572,589288,256,1442,397,8,11.098735
1,2,9,"q9_case1",432,4608,254013131,589559,256,1440,396,8,11.129093
1,2,9,"q9_case1",433,4608,254602450,589319,256,1438,396,8,11.156411
1,2,9,"q9_case1",434,4608,255192007,589557,256,1436,395,8,11.183058
1,2,9,"q9_case1",435,4608,255781347,589340,256,1434,395,8,11.214598
1,2,9,"q9_case1",436,4608,256370912,589565,256,1432,395,8,11.247651
1,2,9,"q9_case1",437,4608,256960208,589296,256,1430,394,8,11.278741
1,2,9,"q9_case1",438,4608,257549501,589293,256,1428,394,8,11.310937
1,2,9,"q9_case1",439,4608,258139027,589526,256,1426,393,8,11.343886
1,2,9,"q9_case1",440,4608,258728391,589364,256,1424,393,8,11.378145
1,2,9,"q9_case1",441,4608,259317901,589510,256,1422,393,8,11.411993
1,2,9,"q9_case1",442,4608,259907190,589289,256,1420,392,8,11.442739
1,2,9,"q9_case1",443,4608,260496525,589335,256,1418,392,8,11.472976
1,2,9,"q9_case1",444,4608,261086068,589543,256,1416,392,8,11.504683
1,2,9,"q9_case1",445,4608,261675392,589324,256,1414,392,8,11.538885
1,2,9,"q9_case1",446,4608,262264707,589315,256,1412,392,8,11.571314
1,2,9,"q9_case1",447,4608,262854262,589555,256,1410,392,8,11.601764
1,2,9,"q9_case1",448,4608,263443812,589550,256,1408,392,8,11.632522
1,2,9,"q9_case1",449,4608,264033107,589295,256,1406,392,8,11.662016
1,2,9,"q9_case1",450,4608,264622426,589319,256,1404,392,8,11.691507
1,2,9,"q9_case1",451,4608,265211788,589362,256,1402,392,8,11.719431
1,2,9,"q9_case1",452,4608,265801089,589301,256,1400,390,8,11.749037
1,2,9,"q9_case1",453,4608,266390440,589351,256,1398,390,8,11.778835
1,2,9,"q9_case1",454,4608,266979987,589547,256,1396,389,8,11.809383
1,2,9,"q9_case1",455,4608,267569314,589327,256,1394,389,8,11.839068
1,2,9,"q9_case1",456,4608,268158875,589561,256,1392,388,8,11.901314
1,2,9,"q9_case1",457,4608,268748201,589326,256,1390,388,8,11.936530
1,2,9,"q9_case1",458,4608,269337767,589566,256,1388,387,8,11.965456
1,2,9,"q9_case1",459,4608,269927090,589323,256,1386,387,8,11.992491
1,2,9,"q9_case1",460,4608,270516651,589561,256,1384,386,8,12.023220
1,2,9,"q9_case1",461,4608,271105978,589327,256,1382,386,8,12.058415
1,2,9,"q9_case1",462,4608,271695456,589478,256,1380,385,8,12.089816
1,2,9,"q9_case1",463,4608,272284776,589320,256,1378,385,8,12.122590
1,2,9,"q9_case1",464,4608,272874337,589561,256,1376,384,8,12.157654
1,2,9,"q9_case1",465,4608,273463666,589329,256,1374,384,8,12.194655
1,2,9,"q9_case1",466,4608,274053229,589563,256,1372,384,8,12.228714
1,2,9,"q9_case1",467,4608,274642551,589322,256,1370,384,8,12.262376
1,2,9,"q9_case1",468,4608,275231868,589317,256,1368,384,8,12.294262
1,2,9,"q9_case1",469,4608,275821199,589331,256,1366,384,8,12.327152
1,2,9,"q9_case1",470,4608,276410573,589374,256,1364,384,8,12.358278
1,2,9,"q9_case1",471,4608,276999893,589320,256,1362,384,8,12.387613
1,2,9,"q9_case1",472,4608,277589244,589351,256,1360,384,8,12.417824
1,2,9,"q9_case1",473,4608,278178621,589377,256,1358,383,8,12.449624
1,2,9,"q9_case1",474,4608,278767929,589308,256,1356,383,8,12.482085
1,2,9,"q9_case1",475,4608,279357495,589566,256,1354,382,8,12.511223
1,2,9,"q9_case1",476,4608,279946867,589372,256,1352,382,8,12.542579
1,2,9,"q9_case1",477,4608,280536434,589567,256,1350,381,8,12.571970
1,2,9,"q9_case1",478,4608,281125758,589324,256,1348,381,8,12.607429
1,2,9,"q9_case1",479,4608,281715323,589565,256,1346,381,8,12.642821
1,2,9,"q9_case1",480,4608,282304644,589321,256,1344,381,8,12.678711
1,2,9,"q9_case1",481,4608,282893974,589330,256,1342,381,8,12.706769
1,2,9,"q9_case1",482,4608,283483509,589535,256,1340,380,8,12.737944
1,2,9,"q9_case1",483,4608,284073038,589529,256,1338,380,8,12.769786
1,2,9,"q9_case1",484,4608,284662591,589553,256,1336,380,8,12.804567
1,2,9,"q9_case1",485,4608,285251962,589371,256,1334,379,8,12.834582
1,2,9,"q9_case1",486,4608,285841224,589262,256,1332,379,8,12.863861
1,2,9,"q9_case1",487,4608,286430734,589510,256,1330,378,8,12.892872
1,2,9,"q9_case1",488,4608,287020067,589333,256,1328,377,8,12.921659
1,2,9,"q9_case1",489,4608,287609629,589562,256,1326,377,8,12.952368
1,2,9,"q9_case1",490,4608,288198950,589321,256,1324,376,8,12.984670
1,2,9,"q9_case1",491,4608,288788270,589320,256,1322,376,8,13.012012
1,2,9,"q9_case1",492,4608,289377834,589564,256,1320,375,8,13.042957
1,2,9,"q9_case1",493,4608,289967156,589322,256,1318,375,8,13.075860
1,2,9,"q9_case1",494,4608,290556719,589563,256,1316,375,8,13.107932
1,2,9,"q9_case1",495,4608,291146043,589324,256,1314,374,8,13.137853
1,2,9,"q9_case1",496,4608,291735377,589334,256,1312,374,8,13.167901
1,2,9,"q9_case1",497,4608,292324939,589562,256,1310,374,8,13.199292
1,2,9,"q9_case1",498,4608,292914263,589324,256,1308,374,8,13.231736
1,2,9,"q9_case1",499,4608,293503587,589324,256,1306,374,8,13.264260
1,2,9,"q9_case1",500,4608,294092911,589324,256,1304,374,8,13.297256
1,2,9,"q9_case1",501,4608,294682241,589330,256,1302,374,8,13.332341
1,2,9,"q9_case1",502,4608,295271577,589336,256,1300,374,8,13.368611
1,2,9,"q9_case1",503,4608,295861103,589526,256,1298,374,8,13.402788
1,2,9,"q9_case1",504,4608,296450629,589526,256,1296,374,8,13.436980
1,2,9,"q9_case1",505,4608,297039970,589341,256,1294,374,8,13.473138
1,2,9,"q9_case1",506,4608,297629329,589359,256,1292,374,8,13.507421
1,2,9,"q9_case1",507,4608,298218803,589474,256,1290,374,8,13.540871
1,2,9,"q9_case1",508,4608,298808193,589390,256,1288,373,8,13.577812
1,2,9,"q9_case1",509,4608,299397545,589352,256,1286,373,8,13.610943
1,2,9,"q9_case1",510,4608,299987084,589539,256,1284,372,8,13.642637
1,2,9,"q9_case1",511,4608,300576432,589348,256,1282,372,8,13.678398
1,2,9,"q9_case1",512,4608,301165964,589532,256,1280,371,8,13.708783
1,2,9,"q9_case1",513,4608,301755282,589318,256,1278,371,8,13.750073
1,2,9,"q9_case1",514,4608,302344606,589324,256,1276,370,8,13.786691
1,2,9,"q9_case1",515,4608,302933924,589318,256,1274,370,8,13.821492
1,2,9,"q9_case1",516,4608,303523260,589336,256,1272,370,8,13.859366
1,2,9,"q9_case1",517,4608,304112584,589324,256,1270,370,8,13.898174
1,2,9,"q9_case1",518,4608,304701902,589318,256,1268,370,8,13.934546
1,2,9,"q9_case1",519,4608,305291226,589324,256,1266,370,8,13.975718
1,2,9,"q9_case1",520,4608,305880550,589324,256,1264,370,8,14.015563
1,2,9,"q9_case1",521,4608,306469874,589324,256,1262,370,8,14.060024
1,2,9,"q9_case1",522,4608,307059198,589324,256,1260,370,8,14.098959
1,2,9,"q9_case1",523,4608,307648522,589324,256,1258,370,8,14.140441
1,2,9,"q9_case1",524,4608,308237846,589324,256,1256,370,8,14.179921
1,2,9,"q9_case1",525,4608,308827372,589526,256,1254,370,8,14.219432
1,2,9,"q9_case1",526,4608,309416660,589288,256,1252,370,8,14.255181
1,2,9,"q9_case1",527,4608,310005925,589265,256,1250,370,8,14.292800
1,2,9,"q9_case1",528,4608,310595183,589258,256,1248,370,8,14.330516
1,2,9,"q9_case1",529,4608,311184707,589524,256,1246,370,8,14.367488
1,2,9,"q9_case1",530,4608,311774044,589337,256,1244,370,8,14.405012
1,2,9,"q9_case1",531,4608,312363374,589330,256,1242,370,8,14.446748
1,2,9,"q9_case1",532,4608,312952687,589313,256,1240,370,8,14.486698
1,2,9,"q9_case1",533,4608,313542001,589314,256,1238,370,8,14.524273
1,2,9,"q9_case1",534,4608,314131322,589321,256,1236,369,8,14.555789
1,2,9,"q9_case1",535,4608,314720770,589448,256,1234,369,8,14.589217
1,2,9,"q9_case1",536,4608,315310311,589541,256,1232,369,8,14.625910
1,2,9,"q9_case1",537,4608,315899604,589293,256,1230,369,8,14.662228
1,2,9,"q9_case1",538,4608,316488914,589310,256,1228,369,8,14.698354
1,2,9,"q9_case1",539,4608,317078362,589448,256,1226,368,8,14.734890
1,2,9,"q9_case1",540,4608,317667794,589432,256,1224,368,8,14.774558
1,2,9,"q9_case1",541,4608,318257360,589566,256,1222,368,8,14.813291
1,2,9,"q9_case1",542,4608,318846703,589343,256,1220,368,8,14.848313
1,2,9,"q9_case1",543,4608,319435998,589295,256,1218,367,8,14.884259
1,2,9,"q9_case1",544,4608,320025292,589294,256,1216,367,8,14.922372
1,2,9,"q9_case1",545,4608,320614848,589556,256,1214,367,8,14.966987
1,2,9,"q9_case1",546,4608,321204172,589324,256,1212,367,8,15.006045
1,2,9,"q9_case1",547,4608,321793604,589432,256,1210,367,8,15.047870
1,2,9,"q9_case1",548,4608,322383035,589431,256,1208,367,8,15.086952
1,2,9,"q9_case1",549,4608,322972333,589298,256,1206,367,8,15.130765
1,2,9,"q9_case1",550,4608,323561690,589357,256,1204,367,8,15.168455
1,2,9,"q9_case1",551,4608,324150955,589265,256,1202,367,8,15.205922
1,2,9,"q9_case1",552,4608,324740199,589244,256,1200,367,8,15.247027
1,2,9,"q9_case1",553,4608,325329407,589208,256,1198,367,8,15.286392
1,2,9,"q9_case1",554,4608,325918602,589195,256,1196,367,8,15.325558
1,2,9,"q9_case1",555,4608,326507738,589136,256,1194,367,8,15.362807
1,2,9,"q9_case1",556,4608,327096875,589137,256,1192,367,8,15.398562
1,2,9,"q9_case1",557,4608,327686006,589131,256,1190,366,8,15.433559
1,2,9,"q9_case1",558,4608,328275149,589143,256,1188,366,8,15.466266
1,2,9,"q9_case1",559,4608,328864546,589397,256,1186,365,8,15.502785
1,2,9,"q9_case1",560,4608,329453880,589334,256,1184,365,8,15.540316
1,2,9,"q9_case1",561,4608,330043347,589467,256,1182,364,8,15.575960
1,2,9,"q9_case1",562,4608,330632676,589329,256,1180,364,8,15.611621
1,2,9,"q9_case1",563,4608,331222172,589496,256,1178,363,8,15.654280
1,2,9,"q9_case1",564,4608,331811494,589322,256,1176,363,8,15.685893
1,2,9,"q9_case1",565,4608,332401050,589556,256,1174,362,8,15.718434
1,2,9,"q9_case1",566,4608,332990366,589316,256,1172,362,8,15.749601
1,2,9,"q9_case1",567,4608,333579825,589459,256,1170,362,7,15.781284
1,2,9,"q9_case1",568,4608,334169113,589288,256,1168,362,7,15.817051
1,2,9,"q9_case1",569,4608,334758668,589555,256,1166,361,7,15.852663
1,2,9,"q9_case1",570,4608,335347990,589322,256,1164,361,7,15.888529
1,2,9,"q9_case1",571,4608,335937546,589556,256,1162,360,7,15.926472
1,2,9,"q9_case1",572,4608,336526859,589313,256,1160,360,7,15.966226
1,2,9,"q9_case1",573,4608,337116416,589557,256,1158,359,7,16.005768
1,2,9,"q9_case1",574,4608,337705734,589318,256,1156,359,7,16.055350
1,2,9,"q9_case1",575,4608,338295291,589557,256,1154,358,7,16.094518
1,2,9,"q9_case1",576,4608,338884615,589324,256,1152,358,7,16.132629
1,2,9,"q9_case1",577,4608,339474019,589404,256,1150,358,7,16.169915
1,2,9,"q9_case1",578,4608,340063336,589317,256,1148,358,7,16.208733
1,2,9,"q9_case1",579,4608,340652410,589074,256,1146,358,7,16.254233
1,2,9,"q9_case1",580,4608,341241543,589133,256,1144,358,7,16.296627
1,2,9,"q9_case1",581,4608,341830658,589115,256,1142,358,7,16.339206
1,2,9,"q9_case1",582,4608,342419796,589138,256,1140,358,7,16.378722
1,2,9,"q9_case1",583,4608,343008987,589191,256,1138,358,7,16.418628
1,2,9,"q9_case1",584,4608,343598157,589170,256,1136,357,7,16.455798
1,2,9,"q9_case1",585,4608,344187355,589198,256,1134,356,7,16.492990
1,2,9,"q9_case1",586,4608,344776838,589483,256,1132,356,7,16.527441
1,2,9,"q9_case1",587,4608,345366147,589309,256,1130,356,7,16.573091
1,2,9,"q9_case1",588,4608,345955177,589030,256,1128,356,7,16.609051
1,2,9,"q9_case1",589,4608,346544196,589019,256,1126,356,7,16.642871
1,2,9,"q9_case1",590,4608,347133227,589031,256,1124,356,7,16.675975
1,2,9,"q9_case1",591,4608,347722254,589027,256,1122,356,7,16.713376
1,2,9,"q9_case1",592,4608,348311322,589068,256,1120,356,7,16.746519
1,2,9,"q9_case1",593,4608,348900427,589105,256,1118,355,7,16.779075
1,2,9,"q9_case1",594,4608,349489632,589205,256,1116,355,7,16.815575
1,2,9,"q9_case1",595,4608,350079116,589484,256,1114,354,7,16.856324
1,2,9,"q9_case1",596,4608,350668221,589105,256,1112,353,7,16.896757
1,2,9,"q9_case1",597,4608,351257779,589558,256,1110,353,7,16.937633
1,2,9,"q9_case1",598,4608,351846992,589213,256,1108,352,7,16.984483
1,2,9,"q9_case1",599,4608,352436207,589215,256,1106,352,7,17.029109
1,2,9,"q9_case1",600,4608,353025561,589354,256,1104,351,7,17.071113
1,2,9,"q9_case1",601,4608,353614878,589317,256,1102,351,7,17.112658
1,2,9,"q9_case1",602,4608,354204438,589560,256,1100,351,7,17.150677
1,2,9,"q9_case1",603,4608,354793772,589334,256,1098,350,7,17.194858
1,2,9,"q9_case1",604,4608,355383118,589346,256,1096,350,7,17.231505
1,2,9,"q9_case1",605,4608,355972678,589560,256,1094,350,7,17.269093
1,2,9,"q9_case1",606,4608,356561998,589320,256,1092,350,7,17.304555
1,2,9,"q9_case1",607,4608,357151328,589330,256,1090,350,7,17.338773
1,2,9,"q9_case1",608,4608,357740703,589375,256,1088,350,7,17.370871
1,2,9,"q9_case1",609,4608,358330070,589367,256,1086,349,7,17.403092
1,2,9,"q9_case1",610,4608,358919396,589326,256,1084,349,7,17.437838
1,2,9,"q9_case1",611,4608,359508809,589413,256,1082,349,7,17.470257
1,2,9,"q9_case1",612,4608,360098129,589320,256,1080,349,7,17.508360
1,2,9,"q9_case1",613,4608,360687323,589194,256,1078,348,7,17.543149
1,2,9,"q9_case1",614,4608,361276626,589303,256,1076,348,7,17.578652
1,2,9,"q9_case1",615,4608,361866155,589529,256,1074,348,7,17.616163
1,2,9,"q9_case1",616,4608,362455460,589305,256,1072,348,7,17.653806
1,2,9,"q9_case1",617,4608,363044772,589312,256,1070,348,7,17.691101
1,2,9,"q9_case1",618,4608,363634087,589315,256,1068,347,7,17.729553
1,2,9,"q9_case1",619,4608,364223560,589473,256,1066,347,7,17.768158
1,2,9,"q9_case1",620,4608,364812915,589355,256,1064,347,7,17.807807
1,2,9,"q9_case1",621,4608,365402178,589263,256,1062,346,7,17.851298
1,2,9,"q9_case1",622,4608,365991338,589160,256,1060,346,7,17.893941
1,2,9,"q9_case1",623,4608,366580630,589292,256,1058,346,7,17.939028
1,2,9,"q9_case1",624,4608,367169946,589316,256,1056,345,7,17.983704
1,2,9,"q9_case1",625,4608,367759078,589132,256,1054,345,7,18.024999
1,2,9,"q9_case1",626,4608,368348327,589249,256,1052,345,7,18.065593
1,2,9,"q9_case1",627,4608,368937651,589324,256,1050,344,7,18.108990
1,2,9,"q9_case1",628,4608,369526744,589093,256,1048,344,7,18.147964
1,2,9,"q9_case1",629,4608,370115919,589175,256,1046,343,7,18.185678
1,2,9,"q9_case1",630,4608,370705236,589317,256,1044,343,7,18.223702
1,2,9,"q9_case1",631,4608,371294395,589159,256,1042,343,7,18.258832
1,2,9,"q9_case1",632,4608,371883711,589316,256,1040,342,7,18.295292
1,2,9,"q9_case1",633,4608,372472790,589079,256,1038,342,7,18.328436
1,2,9,"q9_case1",634,4608,373061917,589127,256,1036,342,7,18.362729
1,2,9,"q9_case1",635,4608,373651192,589275,256,1034,342,7,18.397364
1,2,9,"q9_case1",636,4608,374240268,589076,256,1032,342,7,18.432175
1,2,9,"q9_case1",637,4608,374829355,589087,256,1030,342,7,18.472256
1,2,9,"q9_case1",638,4608,375418493,589138,256,1028,342,7,18.507787
1,2,9,"q9_case1",639,4608,376007630,589137,256,1026,342,7,18.546347
1,2,9,"q9_case1",640,4608,376596700,589070,256,1024,342,7,18.584092
1,2,9,"q9_case1",641,4608,377185706,589006,256,1022,342,7,18.621921
1,2,9,"q9_case1",642,4608,377774750,589044,256,1020,342,7,18.662265
1,2,9,"q9_case1",643,4608,378363772,589022,256,1018,342,7,18.702181
1,2,9,"q9_case1",644,4608,378952863,589091,256,1016,342,7,18.742961
1,2,9,"q9_case1",645,4608,379541977,589114,256,1014,341,7,18.788666
1,2,9,"q9_case1",646,4608,380131218,589241,256,1012,341,7,18.830692
1,2,9,"q9_case1",647,4608,380720685,589467,256,1010,339,7,18.870168
1,2,9,"q9_case1",648,4608,381309803,589118,256,1008,339,7,18.909674
1,2,9,"q9_case1",649,4608,381899203,589400,256,1006,339,7,18.950350
1,2,9,"q9_case1",650,4608,382488529,589326,256,1004,339,7,18.995298
1,2,9,"q9_case1",651,4608,383077662,589133,256,1002,339,7,19.039403
1,2,9,"q9_case1",652,4608,383666858,589196,256,1000,339,7,19.078188
1,2,9,"q9_case1",653,4608,384256225,589367,256,998,337,7,19.116902
1,2,9,"q9_case1",654,4608,384845622,589397,256,996,337,7,19.155621
1,2,9,"q9_case1",655,4608,385435159,589537,256,994,336,7,19.192086
1,2,9,"q9_case1",656,4608,386024333,589174,256,992,335,7,19.229918
1,2,9,"q9_case1",657,4608,386613801,589468,256,990,335,7,19.277053
1,2,9,"q9_case1",658,4608,387203118,589317,256,988,335,7,19.318732
1,2,9,"q9_case1",659,4608,387792426,589308,256,986,334,7,19.360534
1,2,9,"q9_case1",660,4608,388381539,589113,256,984,334,7,19.400923
1,2,9,"q9_case1",661,4608,388970736,589197,256,982,334,7,19.442880
1,2,9,"q9_case1",662,4608,389560060,589324,256,980,334,7,19.482264
1,2,9,"q9_case1",663,4608,390149183,589123,256,978,333,7,19.518497
1,2,9,"q9_case1",664,4608,390738367,589184,256,976,333,7,19.563307
1,2,9,"q9_case1",665,4608,391327615,589248,256,974,333,7,19.608779
1,2,9,"q9_case1",666,4608,391916916,589301,256,972,333,7,19.650928
1,2,9,"q9_case1",667,4608,392506032,589116,256,970,333,7,19.697433
1,2,9,"q9_case1",668,4608,393095221,589189,256,968,333,7,19.746706
1,2,9,"q9_case1",669,4608,393684460,589239,256,966,333,7,19.792605
1,2,9,"q9_case1",670,4608,394273664,589204,256,964,332,7,19.840129
1,2,9,"q9_case1",671,4608,394862932,589268,256,962,332,7,19.881696
1,2,9,"q9_case1",672,4608,395452106,589174,256,960,332,7,19.924868
1,2,9,"q9_case1",673,4608,396041386,589280,256,958,332,7,19.965034
1,2,9,"q9_case1",674,4608,396630425,589039,256,956,331,7,20.007455
1,2,9,"q9_case1",675,4608,397219489,589064,256,954,331,7,20.048257
1,2,9,"q9_case1",676,4608,397808631,589142,256,952,331,7,20.087048
1,2,9,"q9_case1",677,4608,398397927,589296,256,950,331,7,20.127030
1,2,9,"q9_case1",678,4608,398987016,589089,256,948,331,7,20.172694
1,2,9,"q9_case1",679,4608,399576065,589049,256,946,331,7,20.210925
1,2,9,"q9_case1",680,4608,400165121,589056,256,944,331,7,20.252099
1,2,9,"q9_case1",681,4608,400754167,589046,256,942,331,7,20.293483
1,2,9,"q9_case1",682,4608,401343128,588961,256,940,331,7,20.335330
1,2,9,"q9_case1",683,4608,401932135,589007,256,938,331,7,20.374188
1,2,9,"q9_case1",684,4608,402521156,589021,256,936,331,7,20.408486
1,2,9,"q9_case1",685,4608,403110202,589046,256,934,331,7,20.445321
1,2,9,"q9_case1",686,4608,403699283,589081,256,932,331,7,20.485290
1,2,9,"q9_case1",687,4608,404288510,589227,256,930,331,7,20.528640
1,2,9,"q9_case1",688,4608,404877667,589157,256,928,331,7,20.574496
1,2,9,"q9_case1",689,4608,405466807,589140,256,926,331,7,20.619909
1,2,9,"q9_case1",690,4608,406055949,589142,256,924,330,7,20.662591
1,2,9,"q9_case1",691,4608,406645194,589245,256,922,329,7,20.709438
1,2,9,"q9_case1",692,4608,407234684,589490,256,920,328,7,20.755158
1,2,9,"q9_case1",693,4608,407823772,589088,256,918,328,7,20.801295
1,2,9,"q9_case1",694,4608,408413158,589386,256,916,327,7,20.848420
1,2,9,"q9_case1",695,4608,409002354,589196,256,914,326,7,20.905466
1,2,9,"q9_case1",696,4608,409591474,589120,256,912,326,7,20.946168
1,2,9,"q9_case1",697,4608,410180697,589223,256,910,326,7,20.991710
1,2,9,"q9_case1",698,4608,410769861,589164,256,908,326,7,21.031385
1,2,9,"q9_case1",699,4608,411358947,589086,256,906,325,7,21.069308
1,2,9,"q9_case1",700,4608,411947989,589042,256,904,325,7,21.107629
1,2,9,"q9_case1",701,4608,412537016,589027,256,902,324,7,21.141931
1,2,9,"q9_case1",702,4608,413126128,589112,256,900,324,7,21.178279
1,2,9,"q9_case1",703,4608,413715242,589114,256,898,324,7,21.213789
1,2,9,"q9_case1",704,4608,414304338,589096,256,896,324,7,21.248545
1,2,9,"q9_case1",705,4608,414893453,589115,256,894,324,7,21.289923
1,2,9,"q9_case1",706,4608,415482426,588973,256,892,324,7,21.328149
1,2,9,"q9_case1",707,4608,416071401,588975,256,890,323,7,21.368542
1,2,9,"q9_case1",708,4608,416660418,589017,256,888,323,7,21.407377
1,2,9,"q9_case1",709,4608,417249450,589032,256,886,323,7,21.450873
1,2,9,"q9_case1",710,4608,417838481,589031,256,884,323,7,21.498572
1,2,9,"q9_case1",711,4608,418427479,588998,256,882,323,7,21.543919
1,2,9,"q9_case1",712,4608,419016488,589009,256,880,323,7,21.585471
1,2,9,"q9_case1",713,4608,419605524,589036,256,878,323,7,21.626557
1,2,9,"q9_case1",714,4608,420194611,589087,256,876,322,7,21.667636
1,2,9,"q9_case1",715,4608,420783634,589023,256,874,322,7,21.715543
1,2,9,"q9_case1",716,4608,421372739,589105,256,872,322,7,21.756884
1,2,9,"q9_case1",717,4608,421961751,589012,256,870,322,7,21.796395
1,2,9,"q9_case1",718,4608,422550733,588982,256,868,322,7,21.843427
1,2,9,"q9_case1",719,4608,423139705,588972,256,866,322,7,21.890142
1,2,9,"q9_case1",720,4608,423728653,588948,256,864,322,7,21.932002
1,2,9,"q9_case1",721,4608,424317550,588897,256,862,322,7,21.972442
1,2,9,"q9_case1",722,4608,424906407,588857,256,860,322,7,22.012753
1,2,9,"q9_case1",723,4608,425495240,588833,256,860,321,6,22.049301
1,2,9,"q9_case1",724,4608,426084054,588814,256,858,321,6,22.091221
1,2,9,"q9_case1",725,4608,426672837,588783,256,856,321,6,22.131248
1,2,9,"q9_case1",726,4608,427261598,588761,256,854,321,6,22.171951
1,2,9,"q9_case1",727,4608,427850457,588859,256,852,321,6,22.216213
1,2,9,"q9_case1",728,4608,428439409,588952,256,850,321,6,22.258863
1,2,9,"q9_case1",729,4608,429028368,588959,256,848,321,6,22.302894
1,2,9,"q9_case1",730,4608,429617472,589104,256,848,320,6,22.347612
1,2,9,"q9_case1",731,4608,430206682,589210,256,846,319,6,22.391914
1,2,9,"q9_case1",732,4608,430796051,589369,256,844,319,6,22.434363
1,2,9,"q9_case1",733,4608,431385544,589493,256,842,319,6,22.475760
1,2,9,"q9_case1",734,4608,431974886,589342,256,840,318,6,22.521904
1,2,9,"q9_case1",735,4608,432564278,589392,256,838,318,6,22.563322
1,2,9,"q9_case1",736,4608,433153644,589366,256,836,318,6,22.602893
1,2,9,"q9_case1",737,4608,433743072,589428,256,834,318,6,22.647024
1,2,9,"q9_case1",738,4608,434332378,589306,256,832,318,6,22.691929
1,2,9,"q9_case1",739,4608,434921548,589170,256,830,318,6,22.733791
1,2,9,"q9_case1",740,4608,435510690,589142,256,828,318,6,22.774134
1,2,9,"q9_case1",741,4608,436099781,589091,256,826,318,6,22.819008
1,2,9,"q9_case1",742,4608,436688834,589053,256,824,318,6,22.859712
1,2,9,"q9_case1",743,4608,437277898,589064,256,822,318,6,22.900109
1,2,9,"q9_case1",744,4608,437867069,589171,256,822,316,6,22.935395
1,2,9,"q9_case1",745,4608,438456289,589220,256,820,316,6,22.973151
1,2,9,"q9_case1",746,4608,439045701,589412,256,818,316,6,23.012809
1,2,9,"q9_case1",747,4608,439634917,589216,256,816,316,6,23.049686
1,2,9,"q9_case1",748,4608,440224229,589312,256,814,315,6,23.084556
1,2,9,"q9_case1",749,4608,440813585,589356,256,814,313,6,23.118458
1,2,9,"q9_case1",750,4608,441402885,589300,256,812,313,6,23.153434
1,2,9,"q9_case1",751,4608,441992321,589436,256,810,313,6,23.191254
1,2,9,"q9_case1",752,4608,442581449,589128,256,808,313,6,23.231172
1,2,9,"q9_case1",753,4608,443170644,589195,256,808,312,6,23.276951
1,2,9,"q9_case1",754,4608,443760043,589399,256,806,311,6,23.320833
1,2,9,"q9_case1",755,4608,444349437,589394,256,804,310,6,23.367764
1,2,9,"q9_case1",756,4608,444938990,589553,256,802,310,6,23.410915
1,2,9,"q9_case1",757,4608,445528444,589454,256,800,310,6,23.463490
1,2,9,"q9_case1",758,4608,446117882,589438,256,798,312,6,23.510842
1,2,9,"q9_case1",759,4608,446707234,589352,256,798,307,6,23.557263
1,2,9,"q9_case1",760,4608,447296772,589538,256,796,307,6,23.600958
1,2,9,"q9_case1",761,4608,447886294,589522,256,794,309,6,23.648573
1,2,9,"q9_case1",762,4608,448475636,589342,256,792,309,6,23.694411
1,2,9,"q9_case1",763,4608,449065162,589526,256,790,309,6,23.736059
1,2,9,"q9_case1",764,4608,449654368,589206,256,790,306,6,23.776203
1,2,9,"q9_case1",765,4608,450243694,589326,256,788,306,6,23.817781
1,2,9,"q9_case1",766,4608,450833220,589526,256,786,306,6,23.859845
1,2,9,"q9_case1",767,4608,451422409,589189,256,786,305,6,23.902414
1,2,9,"q9_case1",768,4608,452011741,589332,256,784,305,6,23.942401
1,2,9,"q9_case1",769,4608,452601092,589351,256,782,304,6,23.980686
1,2,9,"q9_case1",770,4608,453190605,589513,256,780,304,6,24.016861
1,2,9,"q9_case1",771,4608,453780139,589534,256,780,302,6,24.051129
1,2,9,"q9_case1",772,4608,454369707,589568,256,778,303,6,24.086575
1,2,9,"q9_case1",773,4608,454959275,589568,256,776,302,6,24.120922
1,2,9,"q9_case1",774,4608,455548843,589568,256,774,303,6,24.157469
1,2,9,"q9_case1",775,4608,456138386,589543,256,774,300,6,24.198908
1,2,9,"q9_case1",776,4608,456727950,589564,256,772,299,6,24.245239
1,2,9,"q9_case1",777,4608,457317514,589564,256,770,300,6,24.290224
1,2,9,"q9_case1",778,4608,457907000,589486,256,768,300,6,24.343812
1,2,9,"q9_case1",779,4608,458496564,589564,256,766,299,6,24.391811
1,2,9,"q9_case1",780,4608,459085916,589352,256,764,299,6,24.439459
1,2,9,"q9_case1",781,4608,459675355,589439,256,764,296,6,24.489442
1,2,9,"q9_case1",782,4608,460264713,589358,256,762,297,6,24.537401
1,2,9,"q9_case1",783,4608,460854218,589505,256,760,296,6,24.581977
1,2,9,"q9_case1",784,4608,461443740,589522,256,758,296,6,24.627153
1,2,9,"q9_case1",785,4608,462033273,589533,256,756,296,6,24.667757
1,2,9,"q9_case1",786,4608,462622785,589512,256,756,295,6,24.705943
1,2,9,"q9_case1",787,4608,463212203,589418,256,754,294,6,24.741923
1,2,9,"q9_case1",788,4608,463801593,589390,256,752,293,6,24.780380
1,2,9,"q9_case1",789,4608,464391145,589552,256,750,293,6,24.816744
1,2,9,"q9_case1",790,4608,464980483,589338,256,748,293,6,24.855194
1,2,9,"q9_case1",791,4608,465570043,589560,256,746,294,6,24.890368
1,2,9,"q9_case1",792,4608,466159511,589468,256,746,290,6,24.928066
1,2,9,"q9_case1",793,4608,466749037,589526,256,744,290,6,24.965940
1,2,9,"q9_case1",794,4608,467338583,589546,256,742,291,6,25.006037
1,2,9,"q9_case1",795,4608,467928113,589530,256,740,291,6,25.044245
1,2,9,"q9_case1",796,4608,468517653,589540,256,738,291,6,25.080493
1,2,9,"q9_case1",797,4608,469107041,589388,256,738,287,6,25.123391
1,2,9,"q9_case1",798,4608,469696384,589343,256,736,288,6,25.166999
1,2,9,"q9_case1",799,4608,470285898,589514,256,734,288,6,25.212981
1,2,9,"q9_case1",800,4608,470875422,589524,256,732,290,6,25.258014
1,2,9,"q9_case1",801,4608,471464813,589391,256,730,290,6,25.305987
1,2,9,"q9_case1",802,4608,472054337,589524,256,730,285,6,25.348021
1,2,9,"q9_case1",803,4608,472643847,589510,256,728,285,6,25.389566
1,2,9,"q9_case1",804,4608,473233401,589554,256,726,287,6,25.438485
1,2,9,"q9_case1",805,4608,473822798,589397,256,724,287,6,25.485795
1,2,9,"q9_case1",806,4608,474412312,589514,256,722,287,6,25.526311
1,2,9,"q9_case1",807,4608,475001830,589518,256,720,286,6,25.567151
1,2,9,"q9_case1",808,4608,475591352,589522,256,718,286,6,25.606793
1,2,9,"q9_case1",809,4608,476180731,589379,256,718,285,6,25.653030
1,2,9,"q9_case1",810,4608,476770088,589357,256,716,283,6,25.697592
1,2,9,"q9_case1",811,4608,477359475,589387,256,714,283,6,25.736252
1,2,9,"q9_case1",812,4608,477949029,589554,256,712,284,6,25.776519
1,2,9,"q9_case1",813,4608,478538470,589441,256,712,281,6,25.821571
1,2,9,"q9_case1",814,4608,479128022,589552,256,710,281,6,25.863204
1,2,9,"q9_case1",815,4608,479717574,589552,256,708,281,6,25.902905
1,2,9,"q9_case1",816,4608,480306996,589422,256,706,283,6,25.942319
1,2,9,"q9_case1",817,4608,480896548,589552,256,706,279,6,25.981397
1,2,9,"q9_case1",818,4608,481486116,589568,256,704,279,6,26.018460
1,2,9,"q9_case1",819,4608,482075678,589562,256,702,280,6,26.065147
1,2,9,"q9_case1",820,4608,482665232,589554,256,700,282,6,26.109538
1,2,9,"q9_case1",821,4608,483254798,589566,256,700,278,6,26.157541
1,2,9,"q9_case1",822,4608,483844366,589568,256,698,278,6,26.207560
1,2,9,"q9_case1",823,4608,484433932,589566,256,696,279,6,26.255785
1,2,9,"q9_case1",824,4608,485023492,589560,256,694,278,6,26.304330
1,2,9,"q9_case1",825,4608,485613060,589568,256,694,276,6,26.346673
1,2,9,"q9_case1",826,4608,486202618,589558,256,692,276,6,26.396359
1,2,9,"q9_case1",827,4608,486792158,589540,256,690,275,6,26.439606
1,2,9,"q9_case1",828,4608,487381718,589560,256,688,276,6,26.481188
1,2,9,"q9_case1",829,4608,487971254,589536,256,688,273,6,26.522088
1,2,9,"q9_case1",830,4608,488560818,589564,256,686,273,6,26.562689
1,2,9,"q9_case1",831,4608,489150382,589564,256,684,273,6,26.600125
1,2,9,"q9_case1",832,4608,489739940,589558,256,682,275,6,26.637332
1,2,9,"q9_case1",833,4608,490329508,589568,256,682,271,6,26.678565
1,2,9,"q9_case1",834,4608,490919076,589568,256,680,271,6,26.715879
1,2,9,"q9_case1",835,4608,491508642,589566,256,678,272,6,26.752173
1,2,9,"q9_case1",836,4608,492098198,589556,256,678,270,6,26.788171
1,2,9,"q9_case1",837,4608,492687766,589568,256,676,269,6,26.832613
1,2,9,"q9_case1",838,4608,493277334,589568,256,674,270,6,26.869290
1,2,9,"q9_case1",839,4608,493866858,589524,256,674,267,6,26.904703
1,2,9,"q9_case1",840,4608,494456426,589568,256,672,267,6,26.947146
1,2,9,"q9_case1",841,4608,495045988,589562,256,670,268,6,26.991528
1,2,9,"q9_case1",842,4608,495635356,589368,256,670,265,6,27.040588
1,2,9,"q9_case1",843,4608,496224884,589528,256,668,265,6,27.087820
1,2,9,"q9_case1",844,4608,496814444,589560,256,666,266,6,27.130548
1,2,9,"q9_case1",845,4608,497403853,589409,256,666,264,6,27.172737
1,2,9,"q9_case1",846,4608,497993355,589502,256,664,263,6,27.216953
1,2,9,"q9_case1",847,4608,498582919,589564,256,662,263,6,27.266973
1,2,9,"q9_case1",848,4608,499172425,589506,256,660,262,6,27.313064
1,2,9,"q9_case1",849,4608,499761818,589393,256,658,262,6,27.356743
1,2,9,"q9_case1",850,4608,500351316,589498,256,658,260,6,27.398868
1,2,9,"q9_case1",851,4608,500940674,589358,256,656,260,6,27.441400
1,2,9,"q9_case1",852,4608,501530126,589452,256,654,261,6,27.483640
1,2,9,"q9_case1",853,4608,502119553,589427,256,652,261,6,27.527739
1,2,9,"q9_case1",854,4608,502709066,589513,256,652,259,6,27.574131
1,2,9,"q9_case1",855,4608,503298630,589564,256,650,259,6,27.613932
1,2,9,"q9_case1",856,4608,503888198,589568,256,648,260,6,27.655416
1,2,9,"q9_case1",857,4608,504477760,589562,256,646,260,6,27.692698
1,2,9,"q9_case1",858,4608,505067301,589541,256,646,258,6,27.730326
1,2,9,"q9_case1",859,4608,505656843,589542,256,644,258,6,27.767950
1,2,9,"q9_case1",860,4608,506246409,589566,256,642,258,6,27.807455
1,2,9,"q9_case1",861,4608,506835973,589564,256,642,257,6,27.847376
1,2,9,"q9_case1",862,4608,507425513,589540,256,640,257,6,27.897676
1,2,9,"q9_case1",863,4608,508014911,589398,256,638,257,6,27.943970
1,2,9,"q9_case1",864,4608,508604437,589526,256,638,256,6,27.990786
1,2,9,"q9_case1",865,4608,509193963,589526,256,636,256,6,28.046602
1,2,9,"q9_case1",866,4608,509783328,589365,256,634,256,6,28.097387
1,2,9,"q9_case1",867,4608,510372860,589532,256,634,255,6,28.147050
1,2,9,"q9_case1",868,4608,510962408,589548,256,632,255,6,28.196192
1,2,9,"q9_case1",869,4608,511551780,589372,256,632,254,6,28.243492
1,2,9,"q9_case1",870,4608,512141314,589534,256,632,253,6,28.293127
1,2,9,"q9_case1",871,4608,512730678,589364,256,632,252,6,28.337986
1,2,9,"q9_case1",872,4608,513320053,589375,256,632,251,6,28.380923
1,2,9,"q9_case1",873,4608,513909462,589409,256,630,251,6,28.427691
1,2,9,"q9_case1",874,4608,514498883,589421,256,630,250,6,28.467666
1,2,9,"q9_case1",875,4608,515088430,589547,256,630,249,6,28.506916
1,2,9,"q9_case1",876,4608,515677795,589365,256,630,248,6,28.552110
1,2,9,"q9_case1",877,4608,516267136,589341,256,630,247,6,28.593737
1,2,9,"q9_case1",878,4608,516856480,589344,256,628,247,6,28.636860
1,2,9,"q9_case1",879,4608,517445774,589294,256,628,246,6,28.678210
1,2,9,"q9_case1",880,4608,518035310,589536,256,628,245,6,28.715850
1,2,9,"q9_case1",881,4608,518624628,589318,256,628,244,6,28.758518
1,2,9,"q9_case1",882,4608,519213856,589228,256,628,243,6,28.798396
1,2,9,"q9_case1",883,4608,519803062,589206,256,628,242,6,28.840404
1,2,9,"q9_case1",884,4608,520392323,589261,256,628,241,6,28.885719
1,2,9,"q9_case1",885,4608,520981528,589205,256,628,240,6,28.935193
1,2,9,"q9_case1",886,4608,521570759,589231,256,628,239,6,28.984575
1,2,9,"q9_case1",887,4608,522159979,589220,256,628,238,6,29.030885
1,2,9,"q9_case1",888,4608,522749214,589235,256,626,238,6,29.076006
1,2,9,"q9_case1",889,4608,523338507,589293,256,624,238,6,29.129609
1,2,9,"q9_case1",890,4608,523927954,589447,256,624,237,6,29.175885
1,2,9,"q9_case1",891,4608,524517316,589362,256,622,236,6,29.225164
1,2,9,"q9_case1",892,4608,525106512,589196,256,622,235,6,29.269326
1,2,9,"q9_case1",893,4608,525696051,589539,256,620,235,6,29.316749
1,2,9,"q9_case1",894,4608,526285202,589151,256,620,234,6,29.365573
1,2,9,"q9_case1",895,4608,526874714,589512,256,620,233,6,29.413798
1,2,9,"q9_case1",896,4608,527463843,589129,256,620,232,6,29.460271
1,2,9,"q9_case1",897,4608,528053124,589281,256,620,231,6,29.499900
1,2,9,"q9_case1",898,4608,528642291,589167,256,620,230,6,29.539923
1,2,9,"q9_case1",899,4608,529231446,589155,256,620,229,6,29.580459
1,2,9,"q9_case1",900,4608,529820600,589154,256,620,228,6,29.623206
1,2,9,"q9_case1",901,4608,530409715,589115,256,620,227,6,29.666676
1,2,9,"q9_case1",902,4608,530998888,589173,256,620,226,6,29.708529
1,2,9,"q9_case1",903,4608,531588073,589185,256,618,226,6,29.748498
1,2,9,"q9_case1",904,4608,532177245,589172,256,618,225,6,29.787052
1,2,9,"q9_case1",905,4608,532766551,589306,256,618,224,6,29.837177
1,2,9,"q9_case1",906,4608,533355605,589054,256,618,223,6,29.884957
1,2,9,"q9_case1",907,4608,533944714,589109,256,618,222,6,29.945007
1,2,9,"q9_case1",908,4608,534533853,589139,256,618,221,6,29.996156
1,2,9,"q9_case1",909,4608,535122993,589140,256,618,220,6,30.047127
1,2,9,"q9_case1",910,4608,535712131,589138,256,618,219,6,30.097648
1,2,9,"q9_case1",911,4608,536301270,589139,256,618,218,6,30.148358
1,2,9,"q9_case1",912,4608,536890416,589146,256,618,217,6,30.196837
1,2,9,"q9_case1",913,4608,537479566,589150,256,616,217,6,30.245174
1,2,9,"q9_case1",914,4608,538068763,589197,256,616,216,6,30.290039
1,2,9,"q9_case1",915,4608,538657992,589229,256,614,216,6,30.334542
1,2,9,"q9_case1",916,4608,539247560,589568,256,614,215,6,30.377269
1,2,9,"q9_case1",917,4608,539836777,589217,256,612,215,6,30.417072
1,2,9,"q9_case1",918,4608,540426001,589224,256,610,215,6,30.458584
1,2,9,"q9_case1",919,4608,541015510,589509,256,610,214,6,30.499812
1,2,9,"q9_case1",920,4608,541604864,589354,256,608,214,6,30.542971
1,2,9,"q9_case1",921,4608,542194045,589181,256,608,213,6,30.587857
1,2,9,"q9_case1",922,4608,542783557,589512,256,606,213,6,30.627811
1,2,9,"q9_case1",923,4608,543372748,589191,256,606,212,6,30.667974
1,2,9,"q9_case1",924,4608,543962276,589528,256,604,212,6,30.707527
1,2,9,"q9_case1",925,4608,544551450,589174,256,602,211,6,30.748341
1,2,9,"q9_case1",926,4608,545141004,589554,256,600,211,6,30.796662
1,2,9,"q9_case1",927,4608,545730334,589330,256,598,209,6,30.844108
1,2,9,"q9_case1",928,4608,546319673,589339,256,598,208,6,30.894696
1,2,9,"q9_case1",929,4608,546909012,589339,256,596,208,6,30.941083
1,2,9,"q9_case1",930,4608,547498330,589318,256,594,208,6,30.988397
1,2,9,"q9_case1",931,4608,548087879,589549,256,592,208,6,31.033357
1,2,9,"q9_case1",932,4608,548677363,589484,256,590,208,6,31.078984
1,2,9,"q9_case1",933,4608,549266697,589334,256,588,207,6,31.127215
1,2,9,"q9_case1",934,4608,549856012,589315,256,588,206,6,31.171431
1,2,9,"q9_case1",935,4608,550445354,589342,256,586,206,6,31.217476
1,2,9,"q9_case1",936,4608,551034673,589319,256,584,207,6,31.260786
1,2,9,"q9_case1",937,4608,551624232,589559,256,584,205,6,31.301836
1,2,9,"q9_case1",938,4608,552213790,589558,256,582,205,6,31.342184
1,2,9,"q9_case1",939,4608,552803177,589387,256,582,204,6,31.385905
1,2,9,"q9_case1",940,4608,553392729,589552,256,580,204,6,31.427014
1,2,9,"q9_case1",941,4608,553982084,589355,256,578,204,6,31.474179
1,2,9,"q9_case1",942,4608,554571589,589505,256,576,204,6,31.518130
1,2,9,"q9_case1",943,4608,555161040,589451,256,574,204,6,31.558074
1,2,9,"q9_case1",944,4608,555750393,589353,256,572,204,6,31.600970
1,2,9,"q9_case1",945,4608,556339693,589300,256,570,204,6,31.646001
1,2,9,"q9_case1",946,4608,556928889,589196,256,570,203,6,31.695364
1,2,9,"q9_case1",947,4608,557518194,589305,256,568,203,6,31.743108
1,2,9,"q9_case1",948,4608,558107544,589350,256,566,202,6,31.805098
1,2,9,"q9_case1",949,4608,558697042,589498,256,566,201,6,31.853010
1,2,9,"q9_case1",950,4608,559286466,589424,256,564,201,6,31.901878
1,2,9,"q9_case1",951,4608,559875797,589331,256,562,201,6,31.949470
1,2,9,"q9_case1",952,4608,560465301,589504,256,562,200,6,32.001190
1,2,9,"q9_case1",953,4608,561054822,589521,256,560,199,6,32.058797
1,2,9,"q9_case1",954,4608,561644242,589420,256,558,199,6,32.107728
1,2,9,"q9_case1",955,4608,562233769,589527,256,556,199,6,32.153371
1,2,9,"q9_case1",956,4608,562823303,589534,256,554,198,6,32.197651
1,2,9,"q9_case1",957,4608,563412733,589430,256,554,197,6,32.238802
1,2,9,"q9_case1",958,4608,564002125,589392,256,552,196,6,32.279319
1,2,9,"q9_case1",959,4608,564591535,589410,256,550,196,6,32.318286
1,2,9,"q9_case1",960,4608,565181022,589487,256,548,196,6,32.357910
1,2,9,"q9_case1",961,4608,565770540,589518,256,546,197,6,32.397159
1,2,9,"q9_case1",962,4608,566359938,589398,256,546,194,6,32.436750
1,2,9,"q9_case1",963,4608,566949477,589539,256,544,194,6,32.477650
1,2,9,"q9_case1",964,4608,567539036,589559,256,542,195,6,32.519318
1,2,9,"q9_case1",965,4608,568128591,589555,256,540,195,6,32.561598
1,2,9,"q9_case1",966,4608,568718091,589500,256,538,196,6,32.605607
1,2,9,"q9_case1",967,4608,569307555,589464,256,536,196,6,32.654437
1,2,9,"q9_case1",968,4608,569897107,589552,256,534,196,6,32.706059
1,2,9,"q9_case1",969,4608,570486478,589371,256,532,196,6,32.755539
1,2,9,"q9_case1",970,4608,571075808,589330,256,532,194,6,32.806519
1,2,9,"q9_case1",971,4608,571665127,589319,256,530,194,6,32.855305
1,2,9,"q9_case1",972,4608,572254592,589465,256,528,194,6,32.904087
1,2,9,"q9_case1",973,4608,572843979,589387,256,526,194,6,32.951110
1,2,9,"q9_case1",974,4608,573433431,589452,256,524,194,6,33.005042
1,2,9,"q9_case1",975,4608,574022789,589358,256,524,192,6,33.055073
1,2,9,"q9_case1",976,4608,574612149,589360,256,522,192,6,33.104980
1,2,9,"q9_case1",977,4608,575201624,589475,256,520,193,6,33.146131
1,2,9,"q9_case1",978,4608,575791032,589408,256,518,193,6,33.186150
1,2,9,"q9_case1",979,4608,576380548,589516,256,518,191,6,33.226497
1,2,9,"q9_case1",980,4608,576969968,589420,256,516,191,6,33.270620
1,2,9,"q9_case1",981,4608,577559468,589500,256,514,192,6,33.312011
1,2,9,"q9_case1",982,4608,578148928,589460,256,512,191,6,33.352476
1,2,9,"q9_case1",983,4608,578738466,589538,256,512,192,5,33.393750
1,2,9,"q9_case1",984,4608,579327924,589458,256,510,191,5,33.434108
1,2,9,"q9_case1",985,4608,579917456,589532,256,508,193,5,33.479753
1,2,9,"q9_case1",986,4608,580506900,589444,256,506,193,5,33.527144
1,2,9,"q9_case1",987,4608,581096448,589548,256,506,190,5,33.575423
1,2,9,"q9_case1",988,4608,581685848,589400,256,504,189,5,33.628262
1,2,9,"q9_case1",989,4608,582275371,589523,256,502,189,5,33.683074
1,2,9,"q9_case1",990,4608,582864843,589472,256,500,191,5,33.736538
1,2,9,"q9_case1",991,4608,583454301,589458,256,498,191,5,33.785882
1,2,9,"q9_case1",992,4608,584043845,589544,256,498,188,5,33.839220
1,2,9,"q9_case1",993,4608,584633312,589467,256,496,189,5,33.887071
1,2,9,"q9_case1",994,4608,585222852,589540,256,494,189,5,33.933313
1,2,9,"q9_case1",995,4608,585812407,589555,256,492,191,5,33.979001
1,2,9,"q9_case1",996,4608,586401967,589560,256,492,186,5,34.025024
1,2,9,"q9_case1",997,4608,586991534,589567,256,490,187,5,34.066588
1,2,9,"q9_case1",998,4608,587581099,589565,256,488,189,5,34.113089
1,2,9,"q9_case1",999,4608,588170643,589544,256,486,189,5,34.156323
1,2,9,"q9_case1",1000,4608,588760203,589560,256,484,192,5,34.198294
1,2,9,"q9_case1",1001,4608,589349744,589541,256,484,187,5,34.241193
1,2,9,"q9_case1",1002,4608,589939306,589562,256,482,187,5,34.286126
1,2,9,"q9_case1",1003,4608,590528869,589563,256,480,188,5,34.331296
1,2,9,"q9_case1",1004,4608,591118421,589552,256,478,190,5,34.378070
1,2,9,"q9_case1",1005,4608,591707973,589552,256,478,185,5,34.430584
1,2,9,"q9_case1",1006,4608,592297532,589559,256,476,186,5,34.483912
1,2,9,"q9_case1",1007,4608,592887093,589561,256,474,186,5,34.535039
1,2,9,"q9_case1",1008,4608,593476639,589546,256,472,187,5,34.586654
1,2,9,"q9_case1",1009,4608,594066174,589535,256,472,184,5,34.643450
1,2,9,"q9_case1",1010,4608,594655703,589529,256,470,184,5,34.698744
1,2,9,"q9_case1",1011,4608,595245261,589558,256,468,185,5,34.753567
1,2,9,"q9_case1",1012,4608,595834804,589543,256,466,188,5,34.807283
1,2,9,"q9_case1",1013,4608,596424357,589553,256,464,188,5,34.852540
1,2,9,"q9_case1",1014,4608,597013919,589562,256,464,184,5,34.900259
1,2,9,"q9_case1",1015,4608,597603279,589360,256,462,186,5,34.946942
1,2,9,"q9_case1",1016,4608,598192800,589521,256,460,186,5,34.990304
1,2,9,"q9_case1",1017,4608,598782355,589555,256,460,183,5,35.033249
1,2,9,"q9_case1",1018,4608,599371861,589506,256,458,184,5,35.076289
1,2,9,"q9_case1",1019,4608,599961423,589562,256,456,185,5,35.117058
1,2,9,"q9_case1",1020,4608,600550975,589552,256,456,182,5,35.157067
1,2,9,"q9_case1",1021,4608,601140532,589557,256,454,183,5,35.197250
1,2,9,"q9_case1",1022,4608,601730098,589566,256,452,184,5,35.238116
1,2,9,"q9_case1",1023,4608,602319660,589562,256,452,181,5,35.282474
1,2,9,"q9_case1",1024,4608,602909213,589553,256,450,182,5,35.336719
1,2,9,"q9_case1",1025,4608,603498781,589568,256,448,184,5,35.423429
1,2,9,"q9_case1",1026,4608,604088345,589564,256,448,180,5,35.485154
1,2,9,"q9_case1",1027,4608,604677909,589564,256,446,182,5,35.541755
1,2,9,"q9_case1",1028,4608,605267477,589568,256,444,183,5,35.599524
1,2,9,"q9_case1",1029,4608,605857041,589564,256,444,180,5,35.657857
1,2,9,"q9_case1",1030,4608,606446599,589558,256,442,181,5,35.713507
1,2,9,"q9_case1",1031,4608,607036167,589568,256,442,179,5,35.766882
1,2,9,"q9_case1",1032,4608,607625731,589564,256,440,179,5,35.824290
1,2,9,"q9_case1",1033,4608,608215281,589550,256,440,178,5,35.880982
1,2,9,"q9_case1",1034,4608,608804840,589559,256,438,177,5,35.932630
1,2,9,"q9_case1",1035,4608,609394201,589361,256,438,176,5,35.985724
1,2,9,"q9_case1",1036,4608,609983748,589547,256,436,176,5,36.038106
1,2,9,"q9_case1",1037,4608,610573072,589324,256,436,175,5,36.086046
1,2,9,"q9_case1",1038,4608,611162615,589543,256,434,175,5,36.138530
1,2,9,"q9_case1",1039,4608,611751952,589337,256,432,176,5,36.190404
1,2,9,"q9_case1",1040,4608,612341467,589515,256,432,174,5,36.249035
1,2,9,"q9_case1",1041,4608,612931030,589563,256,430,175,5,36.312321
1,2,9,"q9_case1",1042,4608,613520598,589568,256,428,174,5,36.369406
1,2,9,"q9_case1",1043,4608,614110160,589562,256,426,174,5,36.428297
1,2,9,"q9_case1",1044,4608,614699673,589513,256,426,173,5,36.488649
1,2,9,"q9_case1",1045,4608,615289161,589488,256,424,172,5,36.547019
1,2,9,"q9_case1",1046,4608,615878546,589385,256,422,173,5,36.609333
1,2,9,"q9_case1",1047,4608,616468102,589556,256,422,171,5,36.665068
1,2,9,"q9_case1",1048,4608,617057670,589568,256,420,171,5,36.719349
1,2,9,"q9_case1",1049,4608,617647238,589568,256,418,172,5,36.775809
1,2,9,"q9_case1",1050,4608,618236805,589567,256,418,170,5,36.827559
1,2,9,"q9_case1",1051,4608,618826373,589568,256,416,170,5,36.878566
1,2,9,"q9_case1",1052,4608,619415941,589568,256,416,169,5,36.928425
1,2,9,"q9_case1",1053,4608,620005509,589568,256,414,169,5,36.980365
1,2,9,"q9_case1",1054,4608,620594864,589355,256,414,168,5,37.034148
1,2,9,"q9_case1",1055,4608,621184420,589556,256,412,168,5,37.087776
1,2,9,"q9_case1",1056,4608,621773751,589331,256,412,167,5,37.145851
1,2,9,"q9_case1",1057,4608,622363247,589496,256,410,167,5,37.210020
1,2,9,"q9_case1",1058,4608,622952578,589331,256,410,166,5,37.269432
1,2,9,"q9_case1",1059,4608,623542035,589457,256,408,166,5,37.327525
1,2,9,"q9_case1",1060,4608,624131363,589328,256,408,165,5,37.385817
1,2,9,"q9_case1",1061,4608,624720925,589562,256,406,165,5,37.443161
1,2,9,"q9_case1",1062,4608,625310243,589318,256,406,164,5,37.502423
1,2,9,"q9_case1",1063,4608,625899809,589566,256,404,163,5,37.558772
1,2,9,"q9_case1",1064,4608,626489136,589327,256,404,162,5,37.617132
1,2,9,"q9_case1",1065,4608,627078704,589568,256,402,162,5,37.670263
1,2,9,"q9_case1",1066,4608,627668038,589334,256,400,161,5,37.747416
1,2,9,"q9_case1",1067,4608,628257605,589567,256,400,160,5,37.801151
1,2,9,"q9_case1",1068,4608,628847060,589455,256,398,160,5,37.856291
1,2,9,"q9_case1",1069,4608,629436393,589333,256,396,160,5,37.906181
1,2,9,"q9_case1",1070,4608,630025961,589568,256,396,159,5,37.956570
1,2,9,"q9_case1",1071,4608,630615529,589568,256,394,159,5,38.007897
1,2,9,"q9_case1",1072,4608,631204877,589348,256,392,159,5,38.067131
1,2,9,"q9_case1",1073,4608,631794445,589568,256,392,158,5,38.129289
1,2,9,"q9_case1",1074,4608,632383997,589552,256,390,158,5,38.188986
1,2,9,"q9_case1",1075,4608,632973334,589337,256,388,158,5,38.248648
1,2,9,"q9_case1",1076,4608,633562901,589567,256,388,157,5,38.309135
1,2,9,"q9_case1",1077,4608,634152457,589556,256,386,157,5,38.371895
1,2,9,"q9_case1",1078,4608,634741793,589336,256,384,158,5,38.451454
1,2,9,"q9_case1",1079,4608,635331361,589568,256,384,157,5,38.514016
1,2,9,"q9_case1",1080,4608,635920929,589568,256,382,157,5,38.579540
1,2,9,"q9_case1",1081,4608,636510317,589388,256,380,157,5,38.640020
1,2,9,"q9_case1",1082,4608,637099877,589560,256,380,156,5,38.697446
1,2,9,"q9_case1",1083,4608,637689439,589562,256,378,155,5,38.758527
1,2,9,"q9_case1",1084,4608,638278777,589338,256,378,154,5,38.818848
1,2,9,"q9_case1",1085,4608,638868345,589568,256,376,154,5,38.878242
1,2,9,"q9_case1",1086,4608,639457677,589332,256,376,152,5,38.932317
1,2,9,"q9_case1",1087,4608,640047245,589568,256,374,153,5,38.993865
1,2,9,"q9_case1",1088,4608,640636610,589365,256,374,151,5,39.059840
1,2,9,"q9_case1",1089,4608,641226178,589568,256,372,152,5,39.127336
1,2,9,"q9_case1",1090,4608,641815597,589419,256,372,150,5,39.194188
1,2,9,"q9_case1",1091,4608,642405165,589568,256,370,152,5,39.301219
1,2,9,"q9_case1",1092,4608,642994596,589431,256,370,149,5,39.390075
1,2,9,"q9_case1",1093,4608,643584164,589568,256,368,152,5,39.458230
1,2,9,"q9_case1",1094,4608,644173730,589566,256,368,149,5,39.520654
1,2,9,"q9_case1",1095,4608,644763298,589568,256,368,148,5,39.586664
1,2,9,"q9_case1",1096,4608,645352866,589568,256,366,149,5,39.659561
1,2,9,"q9_case1",1097,4608,645942190,589324,256,366,148,5,39.736568
1,2,9,"q9_case1",1098,4608,646531758,589568,256,366,147,5,39.798625
1,2,9,"q9_case1",1099,4608,647121070,589312,256,366,146,5,39.860993
1,2,9,"q9_case1",1100,4608,647710368,589298,256,366,145,5,39.927231
1,2,9,"q9_case1",1101,4608,648299652,589284,256,366,144,5,40.003201
1,2,9,"q9_case1",1102,4608,648888922,589270,256,366,143,5,40.087212
1,2,9,"q9_case1",1103,4608,649478194,589272,256,366,142,5,40.163003
1,2,9,"q9_case1",1104,4608,650067446,589252,256,366,141,5,40.248412
1,2,9,"q9_case1",1105,4608,650656684,589238,256,366,140,5,40.332860
1,2,9,"q9_case1",1106,4608,651245926,589242,256,366,139,5,40.426236
1,2,9,"q9_case1",1107,4608,651835161,589235,256,366,138,5,40.498365
1,2,9,"q9_case1",1108,4608,652424384,589223,256,366,137,5,40.566289
1,2,9,"q9_case1",1109,4608,653013580,589196,256,366,136,5,40.637083
1,2,9,"q9_case1",1110,4608,653602759,589179,256,366,135,5,40.721256
1,2,9,"q9_case1",1111,4608,654191940,589181,256,364,135,5,40.793569
1,2,9,"q9_case1",1112,4608,654781154,589214,256,364,134,5,40.855141
1,2,9,"q9_case1",1113,4608,655370710,589556,256,362,134,5,40.923631
1,2,9,"q9_case1",1114,4608,655960022,589312,256,362,133,5,41.004997
1,2,9,"q9_case1",1115,4608,656549572,589550,256,360,134,5,41.101036
1,2,9,"q9_case1",1116,4608,657138902,589330,256,360,131,5,41.182542
1,2,9,"q9_case1",1117,4608,657728454,589552,256,358,130,5,41.255985
1,2,9,"q9_case1",1118,4608,658318018,589564,256,356,130,5,41.331997
1,2,9,"q9_case1",1119,4608,658907337,589319,256,356,129,5,41.398831
1,2,9,"q9_case1",1120,4608,659496674,589337,256,354,130,5,41.458394
1,2,9,"q9_case1",1121,4608,660085974,589300,256,354,129,5,41.523486
1,2,9,"q9_case1",1122,4608,660675481,589507,256,352,130,5,41.587531
1,2,9,"q9_case1",1123,4608,661264714,589233,256,352,129,5,41.647837
1,2,9,"q9_case1",1124,4608,661854273,589559,256,350,128,5,41.707088
1,2,9,"q9_case1",1125,4608,662443533,589260,256,350,127,5,41.764892
1,2,9,"q9_case1",1126,4608,663033099,589566,256,348,128,5,41.837207
1,2,9,"q9_case1",1127,4608,663622413,589314,256,346,128,5,41.910843
1,2,9,"q9_case1",1128,4608,664211970,589557,256,346,127,5,42.005737
1,2,9,"q9_case1",1129,4608,664801476,589506,256,344,128,5,42.080174
1,2,9,"q9_case1",1130,4608,665390795,589319,256,344,127,5,42.156567
1,2,9,"q9_case1",1131,4608,665980309,589514,256,344,126,5,42.234557
1,2,9,"q9_case1",1132,4608,666569532,589223,256,344,125,5,42.304315
1,2,9,"q9_case1",1133,4608,667158749,589217,256,344,124,5,42.375139
1,2,9,"q9_case1",1134,4608,667747901,589152,256,344,123,5,42.438736
1,2,9,"q9_case1",1135,4608,668337018,589117,256,344,122,5,42.516660
1,2,9,"q9_case1",1136,4608,668926141,589123,256,344,121,5,42.590086
1,2,9,"q9_case1",1137,4608,669515235,589094,256,344,120,5,42.654149
1,2,9,"q9_case1",1138,4608,670104371,589136,256,344,119,5,42.710672
1,2,9,"q9_case1",1139,4608,670693509,589138,256,342,120,5,42.792963
1,2,9,"q9_case1",1140,4608,671282747,589238,256,342,119,5,42.872220
1,2,9,"q9_case1",1141,4608,671872189,589442,256,342,118,5,42.950469
1,2,9,"q9_case1",1142,4608,672461424,589235,256,342,118,5,43.026821
1,2,9,"q9_case1",1143,4608,673050661,589237,256,340,118,5,43.101676
1,2,9,"q9_case1",1144,4608,673639873,589212,256,340,117,5,43.180381
1,2,9,"q9_case1",1145,4608,674229425,589552,256,338,118,5,43.258368
1,2,9,"q9_case1",1146,4608,674818850,589425,256,338,116,5,43.324895
1,2,9,"q9_case1",1147,4608,675408406,589556,256,336,116,5,43.391656
1,2,9,"q9_case1",1148,4608,675997964,589558,256,334,117,5,43.457816
1,2,9,"q9_case1",1149,4608,676587339,589375,256,334,115,5,43.515369
1,2,9,"q9_case1",1150,4608,677176868,589529,256,332,115,5,43.583048
1,2,9,"q9_case1",1151,4608,677766413,589545,256,330,115,5,43.650137
1,2,9,"q9_case1",1152,4608,678355821,589408,256,330,114,5,43.716809
1,2,9,"q9_case1",1153,4608,678945348,589527,256,328,115,5,43.795515
1,2,9,"q9_case1",1154,4608,679534757,589409,256,326,114,5,43.883635
1,2,9,"q9_case1",1155,4608,680124298,589541,256,326,113,5,43.966205
1,2,9,"q9_case1",1156,4608,680713843,589545,256,324,114,5,44.040526
1,2,9,"q9_case1",1157,4608,681303242,589399,256,324,112,5,44.124705
1,2,9,"q9_case1",1158,4608,681892792,589550,256,324,111,5,44.196268
1,2,9,"q9_case1",1159,4608,682482224,589432,256,322,112,5,44.262273
1,2,9,"q9_case1",1160,4608,683071503,589279,256,322,111,5,44.328971
1,2,9,"q9_case1",1161,4608,683661057,589554,256,320,112,5,44.387737
1,2,9,"q9_case1",1162,4608,684250384,589327,256,320,111,5,44.447314
1,2,9,"q9_case1",1163,4608,684839938,589554,256,318,112,5,44.510013
1,2,9,"q9_case1",1164,4608,685429253,589315,256,318,111,5,44.581314
1,2,9,"q9_case1",1165,4608,686018813,589560,256,316,112,5,44.664979
1,2,9,"q9_case1",1166,4608,686608162,589349,256,314,111,5,44.747708
1,2,9,"q9_case1",1167,4608,687197724,589562,256,312,110,5,44.823076
1,2,9,"q9_case1",1168,4608,687787189,589465,256,312,109,5,44.910459
1,2,9,"q9_case1",1169,4608,688376511,589322,256,310,110,5,44.989780
1,2,9,"q9_case1",1170,4608,688965845,589334,256,308,110,5,45.055115
1,2,9,"q9_case1",1171,4608,689555409,589564,256,306,110,5,45.129647
1,2,9,"q9_case1",1172,4608,690144923,589514,256,306,109,5,45.196264
1,2,9,"q9_case1",1173,4608,690734247,589324,256,304,110,5,45.267967
1,2,9,"q9_case1",1174,4608,691323602,589355,256,304,109,5,45.335205
1,2,9,"q9_case1",1175,4608,691913149,589547,256,302,110,5,45.405696
1,2,9,"q9_case1",1176,4608,692502479,589330,256,300,110,5,45.497684
1,2,9,"q9_case1",1177,4608,693092047,589568,256,300,108,5,45.569255
1,2,9,"q9_case1",1178,4608,693681381,589334,256,298,110,5,45.662498
1,2,9,"q9_case1",1179,4608,694270788,589407,256,298,108,5,45.733525
1,2,9,"q9_case1",1180,4608,694860354,589566,256,296,109,5,45.811783
1,2,9,"q9_case1",1181,4608,695449718,589364,256,296,108,5,45.893864
1,2,9,"q9_case1",1182,4608,696039284,589566,256,294,109,5,45.974773
1,2,9,"q9_case1",1183,4608,696628620,589336,256,294,108,5,46.049161
1,2,9,"q9_case1",1184,4608,697218184,589564,256,294,107,5,46.116084
1,2,9,"q9_case1",1185,4608,697807506,589322,256,294,106,5,46.203658
1,2,9,"q9_case1",1186,4608,698396654,589148,256,294,105,5,46.286978
1,2,9,"q9_case1",1187,4608,698985867,589213,256,294,104,5,46.367984
1,2,9,"q9_case1",1188,4608,699575081,589214,256,294,103,5,46.445947
1,2,9,"q9_case1",1189,4608,700164366,589285,256,294,102,5,46.536796
1,2,9,"q9_case1",1190,4608,700753678,589312,256,294,101,5,46.621570
1,2,9,"q9_case1",1191,4608,701342939,589261,256,294,100,5,46.711432
1,2,9,"q9_case1",1192,4608,701932176,589237,256,294,99,5,46.789883
1,2,9,"q9_case1",1193,4608,702521456,589280,256,294,98,5,46.875788
1,2,9,"q9_case1",1194,4608,703110749,589293,256,294,97,5,46.954580
1,2,9,"q9_case1",1195,4608,703700030,589281,256,294,97,5,47.038821
1,2,9,"q9_case1",1196,4608,704289434,589404,256,292,97,5,47.110413
1,2,9,"q9_case1",1197,4608,704878770,589336,256,292,97,5,47.168403
1,2,9,"q9_case1",1198,4608,705468333,589563,256,290,97,5,47.227584
1,2,9,"q9_case1",1199,4608,706057697,589364,256,290,96,5,47.301676
1,2,9,"q9_case1",1200,4608,706647252,589555,256,288,97,5,47.367776
1,2,9,"q9_case1",1201,4608,707236589,589337,256,288,96,5,47.462139
1,2,9,"q9_case1",1202,4608,707826154,589565,256,286,97,5,47.546198
1,2,9,"q9_case1",1203,4608,708415515,589361,256,286,96,5,47.636131
1,2,9,"q9_case1",1204,4608,709005074,589559,256,284,97,5,47.725265
1,2,9,"q9_case1",1205,4608,709594382,589308,256,284,96,5,47.805692
1,2,9,"q9_case1",1206,4608,710183948,589566,256,282,97,5,47.878848
1,2,9,"q9_case1",1207,4608,710773274,589326,256,280,97,5,47.953898
1,2,9,"q9_case1",1208,4608,711362836,589562,256,280,96,5,48.022849
1,2,9,"q9_case1",1209,4608,711952340,589504,256,278,97,5,48.109347
1,2,9,"q9_case1",1210,4608,712541697,589357,256,276,96,5,48.186731
1,2,9,"q9_case1",1211,4608,713131261,589564,256,274,95,5,48.267237
1,2,9,"q9_case1",1212,4608,713720751,589490,256,274,94,5,48.331510
1,2,9,"q9_case1",1213,4608,714310190,589439,256,272,95,5,48.407936
1,2,9,"q9_case1",1214,4608,714899546,589356,256,270,94,5,48.482327
1,2,9,"q9_case1",1215,4608,715489098,589552,256,268,94,5,48.555912
1,2,9,"q9_case1",1216,4608,716078583,589485,256,268,93,5,48.645155
1,2,9,"q9_case1",1217,4608,716668112,589529,256,266,93,5,48.741176
1,2,9,"q9_case1",1218,4608,717257509,589397,256,264,93,5,48.821723
1,2,9,"q9_case1",1219,4608,717847054,589545,256,264,92,5,48.895662
1,2,9,"q9_case1",1220,4608,718436591,589537,256,262,92,5,48.958727
1,2,9,"q9_case1",1221,4608,719025986,589395,256,260,93,5,49.041136
1,2,9,"q9_case1",1222,4608,719615519,589533,256,260,91,5,49.124469
1,2,9,"q9_case1",1223,4608,720205077,589558,256,258,92,5,49.198743
1,2,9,"q9_case1",1224,4608,720794545,589468,256,256,93,5,49.271188
1,2,9,"q9_case1",1225,4608,721384073,589528,256,256,91,5,49.359270
1,2,9,"q9_case1",1226,4608,721973638,589565,256,254,92,5,49.453749
1,2,9,"q9_case1",1227,4608,722563130,589492,256,254,90,5,49.544478
1,2,9,"q9_case1",1228,4608,723152653,589523,256,252,91,5,49.626908
1,2,9,"q9_case1",1229,4608,723742065,589412,256,252,90,5,49.706416
1,2,9,"q9_case1",1230,4608,724331630,589565,256,250,90,5,49.778200
1,2,9,"q9_case1",1231,4608,724921037,589407,256,250,89,5,49.842773
1,2,9,"q9_case1",1232,4608,725510522,589485,256,248,90,5,49.903753
1,2,9,"q9_case1",1233,4608,726099858,589336,256,248,89,5,49.983107
1,2,9,"q9_case1",1234,4608,726689424,589566,256,246,91,5,50.052862
1,2,9,"q9_case1",1235,4608,727278752,589328,256,246,90,5,50.120460
1,2,9,"q9_case1",1236,4608,727868320,589568,256,244,92,5,50.188826
1,2,9,"q9_case1",1237,4608,728457646,589326,256,244,91,5,50.264310
1,2,9,"q9_case1",1238,4608,729047214,589568,256,242,92,5,50.356285
1,2,9,"q9_case1",1239,4608,729636544,589330,256,242,91,5,50.440737
1,2,9,"q9_case1",1240,4608,730226112,589568,256,240,91,5,50.533214
1,2,9,"q9_case1",1241,4608,730815434,589322,256,240,90,5,50.619919
1,2,9,"q9_case1",1242,4608,731404991,589557,256,240,89,5,50.694037
1,2,9,"q9_case1",1243,4608,731994307,589316,256,240,88,5,50.763522
1,2,9,"q9_case1",1244,4608,732583411,589104,256,240,87,5,50.831913
1,2,9,"q9_case1",1245,4608,733172572,589161,256,240,86,5,50.922630
1,2,9,"q9_case1",1246,4608,733761711,589139,256,240,85,5,51.006054
1,2,9,"q9_case1",1247,4608,734350858,589147,256,240,84,5,51.074131
1,2,9,"q9_case1",1248,4608,734939980,589122,256,240,83,5,51.136034
1,2,9,"q9_case1",1249,4608,735529167,589187,256,240,82,5,51.219059
1,2,9,"q9_case1",1250,4608,736118394,589227,256,240,81,5,51.286699
1,2,9,"q9_case1",1251,4608,736707554,589160,256,240,80,5,51.363295
1,2,9,"q9_case1",1252,4608,737296698,589144,256,240,79,5,51.458678
1,2,9,"q9_case1",1253,4608,737885917,589219,256,240,78,5,51.544564
1,2,9,"q9_case1",1254,4608,738475128,589211,256,240,77,5,51.629532
1,2,9,"q9_case1",1255,4608,739064387,589259,256,240,77,5,51.701880
1,2,9,"q9_case1",1256,4608,739653603,589216,256,238,78,5,51.783286
1,2,9,"q9_case1",1257,4608,740242810,589207,256,238,77,5,51.851703
1,2,9,"q9_case1",1258,4608,740832377,589567,256,236,78,5,51.918876
1,2,9,"q9_case1",1259,4608,741421720,589343,256,236,77,5,52.008778
1,2,9,"q9_case1",1260,4608,742011275,589555,256,234,78,5,52.079857
1,2,9,"q9_case1",1261,4608,742600618,589343,256,234,77,5,52.167474
1,2,9,"q9_case1",1262,4608,743190182,589564,256,232,79,5,52.260648
1,2,9,"q9_case1",1263,4608,743779518,589336,256,232,78,5,52.351303
1,2,9,"q9_case1",1264,4608,744369084,589566,256,230,79,5,52.435619
1,2,9,"q9_case1",1265,4608,744958433,589349,256,230,76,5,52.522613
1,2,9,"q9_case1",1266,4608,745547999,589566,256,228,75,5,52.589643
1,2,9,"q9_case1",1267,4608,746137560,589561,256,226,78,5,52.662854
1,2,9,"q9_case1",1268,4608,746726915,589355,256,226,76,5,52.756435
1,2,9,"q9_case1",1269,4608,747316467,589552,256,224,78,5,52.825600
1,2,9,"q9_case1",1270,4608,747906006,589539,256,224,76,5,52.886633
1,2,9,"q9_case1",1271,4608,748495574,589568,256,222,77,5,52.980514
1,2,9,"q9_case1",1272,4608,749084917,589343,256,222,75,5,53.066454
1,2,9,"q9_case1",1273,4608,749674429,589512,256,220,77,5,53.148044
1,2,9,"q9_case1",1274,4608,750263921,589492,256,220,75,5,53.233188
1,2,9,"q9_case1",1275,4608,750853489,589568,256,220,74,5,53.312935
1,2,9,"q9_case1",1276,4608,751442918,589429,256,218,74,5,53.384487
1,2,9,"q9_case1",1277,4608,752032148,589230,256,218,73,5,53.463310
1,2,9,"q9_case1",1278,4608,752621643,589495,256,216,74,5,53.544137
1,2,9,"q9_case1",1279,4608,753210978,589335,256,216,73,5,53.606111
1,2,9,"q9_case1",1280,4608,753800533,589555,256,216,72,5,53.669333
1,2,9,"q9_case1",1281,4608,754389852,589319,256,216,71,5,53.754990
1,2,9,"q9_case1",1282,4608,754979096,589244,256,216,70,5,53.830380
1,2,9,"q9_case1",1283,4608,755568385,589289,256,216,69,5,53.893611
1,2,9,"q9_case1",1284,4608,756157665,589280,256,214,70,5,53.973270
1,2,9,"q9_case1",1285,4608,756746967,589302,256,212,70,5,54.067567
1,2,9,"q9_case1",1286,4608,757336532,589565,256,212,69,5,54.158071
1,2,9,"q9_case1",1287,4608,757925861,589329,256,210,70,5,54.244219
1,2,9,"q9_case1",1288,4608,758515229,589368,256,210,69,5,54.320566
1,2,9,"q9_case1",1289,4608,759104763,589534,256,208,71,5,54.390656
1,2,9,"q9_case1",1290,4608,759694165,589402,256,208,70,5,54.457043
1,2,9,"q9_case1",1291,4608,760283733,589568,256,208,69,5,54.541880
1,2,9,"q9_case1",1292,4608,760873063,589330,256,208,68,5,54.627402
1,2,9,"q9_case1",1293,4608,761462168,589105,256,208,67,5,54.713684
1,2,9,"q9_case1",1294,4608,762051404,589236,256,208,67,5,54.795062
1,2,9,"q9_case1",1295,4608,762640670,589266,256,208,66,5,54.863231
1,2,9,"q9_case1",1296,4608,763229978,589308,256,206,65,5,54.944717
1,2,9,"q9_case1",1297,4608,763819199,589221,256,206,65,5,55.033854
1,2,9,"q9_case1",1298,4608,764408699,589500,256,204,65,5,55.117345
1,2,9,"q9_case1",1299,4608,764998068,589369,256,202,64,5,55.205147
1,2,9,"q9_case1",1300,4608,765587584,589516,256,200,65,5,55.289116
1,2,9,"q9_case1",1301,4608,766177052,589468,256,200,64,5,55.362452
1,2,9,"q9_case1",1302,4608,766766553,589501,256,198,64,5,55.432766
1,2,9,"q9_case1",1303,4608,767356085,589532,256,196,64,5,55.522050
1,2,9,"q9_case1",1304,4608,767945565,589480,256,196,64,5,55.604880
1,2,9,"q9_case1",1305,4608,768534916,589351,256,194,64,5,55.690336
1,2,9,"q9_case1",1306,4608,769124385,589469,256,194,63,5,55.765927
1,2,9,"q9_case1",1307,4608,769713793,589408,256,194,62,5,55.848111
1,2,9,"q9_case1",1308,4608,770303143,589350,256,192,63,5,55.934713
1,2,9,"q9_case1",1309,4608,770892426,589283,256,192,62,5,56.013686
1,2,9,"q9_case1",1310,4608,771481976,589550,256,192,62,5,56.099843
1,2,9,"q9_case1",1311,4608,772071299,589323,256,192,61,5,56.180540
1,2,9,"q9_case1",1312,4608,772660577,589278,256,192,61,5,56.261982
1,2,9,"q9_case1",1313,4608,773249768,589191,256,192,61,5,56.335634
1,2,9,"q9_case1",1314,4608,773839095,589327,256,190,61,5,56.433178
1,2,9,"q9_case1",1315,4608,774428247,589152,256,190,61,5,56.512685
1,2,9,"q9_case1",1316,4608,775017809,589562,256,190,61,5,56.589552
1,2,9,"q9_case1",1317,4608,775607147,589338,256,188,61,5,56.682149
1,2,9,"q9_case1",1318,4608,776196350,589203,256,188,60,5,56.770193
1,2,9,"q9_case1",1319,4608,776785906,589556,256,186,60,5,56.853981
1,2,9,"q9_case1",1320,4608,777375279,589373,256,184,61,5,56.932235
1,2,9,"q9_case1",1321,4608,777964724,589445,256,182,60,5,57.030500
1,2,9,"q9_case1",1322,4608,778554248,589524,256,182,59,5,57.121460
1,2,9,"q9_case1",1323,4608,779143602,589354,256,180,60,5,57.198160
1,2,9,"q9_case1",1324,4608,779732951,589349,256,180,59,5,57.277444
1,2,9,"q9_case1",1325,4608,780322501,589550,256,178,60,5,57.369425
1,2,9,"q9_case1",1326,4608,780911836,589335,256,178,59,5,57.460765
1,2,9,"q9_case1",1327,4608,781501399,589563,256,176,61,5,57.555151
1,2,9,"q9_case1",1328,4608,782090729,589330,256,176,60,5,57.622265
1,2,9,"q9_case1",1329,4608,782680295,589566,256,174,61,5,57.700821
1,2,9,"q9_case1",1330,4608,783269621,589326,256,174,60,5,57.800710
1,2,9,"q9_case1",1331,4608,783859186,589565,256,174,59,5,57.895494
1,2,9,"q9_case1",1332,4608,784448505,589319,256,174,58,5,57.992089
1,2,9,"q9_case1",1333,4608,785037573,589068,256,174,57,5,58.070985
1,2,9,"q9_case1",1334,4608,785626487,588914,256,174,56,5,58.148621
1,2,9,"q9_case1",1335,4608,786215623,589136,256,172,58,5,58.222567
1,2,9,"q9_case1",1336,4608,786804902,589279,256,172,57,5,58.297998
1,2,9,"q9_case1",1337,4608,787394442,589540,256,170,58,5,58.369869
1,2,9,"q9_case1",1338,4608,787983719,589277,256,170,57,5,58.447439
1,2,9,"q9_case1",1339,4608,788573030,589311,256,168,56,5,58.537142
1,2,9,"q9_case1",1340,4608,789162353,589323,256,168,55,5,58.628108
1,2,9,"q9_case1",1341,4608,789751839,589486,256,166,56,5,58.729063
1,2,9,"q9_case1",1342,4608,790341191,589352,256,166,55,5,58.815096
1,2,9,"q9_case1",1343,4608,790930744,589553,256,166,54,5,58.905951
1,2,9,"q9_case1",1344,4608,791520068,589324,256,166,54,5,58.989606
1,2,9,"q9_case1",1345,4608,792109411,589343,256,164,54,5,59.075967
1,2,9,"q9_case1",1346,4608,792698744,589333,256,164,53,5,59.148706
1,2,9,"q9_case1",1347,4608,793288263,589519,256,162,54,5,59.226303
1,2,9,"q9_case1",1348,4608,793877710,589447,256,162,53,5,59.291874
1,2,9,"q9_case1",1349,4608,794467274,589564,256,162,52,5,59.362391
1,2,9,"q9_case1",1350,4608,795056609,589335,256,162,52,5,59.436327
1,2,9,"q9_case1",1351,4608,795645942,589333,256,160,52,5,59.533584
1,2,9,"q9_case1",1352,4608,796235269,589327,256,160,52,5,59.605886
1,2,9,"q9_case1",1353,4608,796824806,589537,256,158,52,5,59.688761
1,2,9,"q9_case1",1354,4608,797414208,589402,256,158,51,5,59.785642
1,2,9,"q9_case1",1355,4608,798003770,589562,256,156,50,5,59.884711
1,2,9,"q9_case1",1356,4608,798593096,589326,256,156,50,5,59.967956
1,2,9,"q9_case1",1357,4608,799182604,589508,256,154,50,5,60.036976
1,2,9,"q9_case1",1358,4608,799771980,589376,256,154,49,5,60.110732
1,2,9,"q9_case1",1359,4608,800361545,589565,256,152,50,5,60.197132
1,2,9,"q9_case1",1360,4608,800950898,589353,256,152,49,5,60.278474
1,2,9,"q9_case1",1361,4608,801540461,589563,256,150,50,5,60.360929
1,2,9,"q9_case1",1362,4608,802129801,589340,256,150,49,5,60.433039
1,2,9,"q9_case1",1363,4608,802719365,589564,256,148,50,5,60.516618
1,2,9,"q9_case1",1364,4608,803308695,589330,256,148,49,5,60.615127
1,2,9,"q9_case1",1365,4608,803898263,589568,256,146,51,5,60.712753
1,2,9,"q9_case1",1366,4608,804487590,589327,256,146,47,5,60.810911
1,2,9,"q9_case1",1367,4608,805077158,589568,256,144,51,5,60.900999
1,2,9,"q9_case1",1368,4608,805666627,589469,256,144,47,5,60.988070
1,2,9,"q9_case1",1369,4608,806256191,589564,256,142,51,5,61.077375
1,2,9,"q9_case1",1370,4608,806845744,589553,256,140,51,5,61.148805
1,2,9,"q9_case1",1371,4608,807435312,589568,256,140,46,5,61.218514
1,2,9,"q9_case1",1372,4608,808024861,589549,256,138,45,5,61.308282
1,2,9,"q9_case1",1373,4608,808614425,589564,256,136,44,5,61.398022
1,2,9,"q9_case1",1374,4608,809203696,589271,256,136,43,5,61.479238
1,2,9,"q9_case1",1375,4608,809792953,589257,256,134,45,5,61.560814
1,2,9,"q9_case1",1376,4608,810382229,589276,256,134,44,5,61.652085
1,2,9,"q9_case1",1377,4608,810971791,589562,256,132,45,5,61.749043
1,2,9,"q9_case1",1378,4608,811561122,589331,256,132,44,5,61.832561
1,2,9,"q9_case1",1379,4608,812150685,589563,256,130,45,5,61.925169
1,2,9,"q9_case1",1380,4608,812740013,589328,256,128,44,5,61.993747
1,2,9,"q9_case1",1381,4608,813329573,589560,256,128,43,5,62.082422
1,2,9,"q9_case1",1382,4608,813919120,589547,256,126,43,5,62.147773
1,2,9,"q9_case1",1383,4608,814508520,589400,256,124,42,5,62.211000
1,2,9,"q9_case1",1384,4608,815098070,589550,256,124,41,5,62.287285
1,2,9,"q9_case1",1385,4608,815687392,589322,256,124,40,5,62.375821
1,2,9,"q9_case1",1386,4608,816276724,589332,256,124,39,5,62.473785
1,2,9,"q9_case1",1387,4608,816865832,589108,256,124,39,5,62.559111
1,2,9,"q9_case1",1388,4608,817455069,589237,256,124,39,5,62.654918
1,2,9,"q9_case1",1389,4608,818044386,589317,256,124,38,5,62.744664
1,2,9,"q9_case1",1390,4608,818633832,589446,256,122,38,5,62.825362
1,2,9,"q9_case1",1391,4608,819223213,589381,256,122,38,5,62.916492
1,2,9,"q9_case1",1392,4608,819812695,589482,256,120,39,5,63.018260
1,2,9,"q9_case1",1393,4608,820402056,589361,256,120,38,5,63.111977
1,2,9,"q9_case1",1394,4608,820991602,589546,256,118,40,5,63.205042
1,2,9,"q9_case1",1395,4608,821580995,589393,256,118,39,5,63.301290
1,2,9,"q9_case1",1396,4608,822170379,589384,256,118,42,4,63.398844
1,2,9,"q9_case1",1397,4608,822759708,589329,256,118,41,4,63.491581
1,2,9,"q9_case1",1398,4608,823349241,589533,256,118,40,4,63.584184
1,2,9,"q9_case1",1399,4608,823938553,589312,256,118,40,4,63.662781
1,2,9,"q9_case1",1400,4608,824527890,589337,256,118,40,4,63.752104
1,2,9,"q9_case1",1401,4608,825117202,589312,256,118,41,4,63.834267
1,2,9,"q9_case1",1402,4608,825706539,589337,256,118,41,4,63.905881
1,2,9,"q9_case1",1403,4608,826295687,589148,256,118,41,4,63.997223
1,2,9,"q9_case1",1404,4608,826884957,589270,256,118,41,4,64.089653
1,2,9,"q9_case1",1405,4608,827474181,589224,256,118,42,4,64.174255
1,2,9,"q9_case1",1406,4608,828063560,589379,256,118,41,4,64.260938
1,2,9,"q9_case1",1407,4608,828652887,589327,256,118,40,4,64.357471
1,2,9,"q9_case1",1408,4608,829242199,589312,256,118,39,4,64.442386
1,2,9,"q9_case1",1409,4608,829831658,589459,256,118,39,4,64.523996
1,2,9,"q9_case1",1410,4608,830421012,589354,256,116,40,4,64.609629
1,2,9,"q9_case1",1411,4608,831010318,589306,256,116,39,4,64.686961
1,2,9,"q9_case1",1412,4608,831599886,589568,256,116,38,4,64.756379
1,2,9,"q9_case1",1413,4608,832189227,589341,256,116,38,4,64.839373
1,2,9,"q9_case1",1414,4608,832778542,589315,256,116,38,4,64.926922
1,2,9,"q9_case1",1415,4608,833367926,589384,256,116,38,4,65.021837
1,2,9,"q9_case1",1416,4608,833957376,589450,256,116,38,4,65.115333
1,2,9,"q9_case1",1417,4608,834546696,589320,256,116,38,4,65.218336
1,2,9,"q9_case1",1418,4608,835136032,589336,256,116,39,4,65.313672
1,2,9,"q9_case1",1419,4608,835725371,589339,256,116,38,4,65.407475
1,2,9,"q9_case1",1420,4608,836314701,589330,256,116,38,4,65.497888
1,2,9,"q9_case1",1421,4608,836904235,589534,256,116,38,4,65.586453
1,2,9,"q9_case1",1422,4608,837493547,589312,256,116,39,4,65.671033
1,2,9,"q9_case1",1423,4608,838082876,589329,256,116,38,4,65.748703
1,2,9,"q9_case1",1424,4608,838672027,589151,256,116,38,4,65.834451
1,2,9,"q9_case1",1425,4608,839261566,589539,256,116,38,4,65.916541
1,2,9,"q9_case1",1426,4608,839850878,589312,256,116,39,4,66.017724
1,2,9,"q9_case1",1427,4608,840440161,589283,256,116,39,4,66.102587
1,2,9,"q9_case1",1428,4608,841029274,589113,256,116,39,4,66.201901
1,2,9,"q9_case1",1429,4608,841618584,589310,256,116,39,4,66.288326
1,2,9,"q9_case1",1430,4608,842207977,589393,256,116,39,4,66.369459
1,2,9,"q9_case1",1431,4608,842797289,589312,256,116,39,4,66.446061
1,2,9,"q9_case1",1432,4608,843386712,589423,256,116,39,4,66.513011
1,2,9,"q9_case1",1433,4608,843976083,589371,256,114,38,4,66.601417
1,2,9,"q9_case1",1434,4608,844565378,589295,256,114,38,4,66.693241
1,2,9,"q9_case1",1435,4608,845154934,589556,256,112,39,4,66.783775
1,2,9,"q9_case1",1436,4608,845744300,589366,256,112,38,4,66.876565
1,2,9,"q9_case1",1437,4608,846333850,589550,256,110,39,4,66.970338
1,2,9,"q9_case1",1438,4608,846923208,589358,256,108,37,4,67.070762
1,2,9,"q9_case1",1439,4608,847512722,589514,256,108,36,4,67.165956
1,2,9,"q9_case1",1440,4608,848102099,589377,256,106,37,4,67.264407
1,2,9,"q9_case1",1441,4608,848691435,589336,256,106,36,4,67.350167
1,2,9,"q9_case1",1442,4608,849280991,589556,256,104,35,4,67.426175
1,2,9,"q9_case1",1443,4608,849870327,589336,256,104,35,4,67.494060
1,2,9,"q9_case1",1444,4608,850459669,589342,256,104,35,4,67.591390
1,2,9,"q9_case1",1445,4608,851049037,589368,256,104,34,4,67.672446
1,2,9,"q9_case1",1446,4608,851638563,589526,256,102,36,4,67.770873
1,2,9,"q9_case1",1447,4608,852228097,589534,256,102,35,4,67.867227
1,2,9,"q9_case1",1448,4608,852817549,589452,256,100,36,4,67.960684
1,2,9,"q9_case1",1449,4608,853406916,589367,256,98,35,4,68.051817
1,2,9,"q9_case1",1450,4608,853996411,589495,256,98,34,4,68.136005
1,2,9,"q9_case1",1451,4608,854585769,589358,256,96,35,4,68.221154
1,2,9,"q9_case1",1452,4608,855175169,589400,256,96,34,4,68.306927
1,2,9,"q9_case1",1453,4608,855764544,589375,256,94,33,4,68.403203
1,2,9,"q9_case1",1454,4608,856353876,589332,256,94,32,4,68.504193
1,2,9,"q9_case1",1455,4608,856943256,589380,256,94,32,4,68.584966
1,2,9,"q9_case1",1456,4608,857532613,589357,256,92,33,4,68.684625
1,2,9,"q9_case1",1457,4608,858121895,589282,256,90,32,4,68.783049
1,2,9,"q9_case1",1458,4608,858711453,589558,256,90,31,4,68.868033
1,2,9,"q9_case1",1459,4608,859300634,589181,256,90,30,4,68.953001
1,2,9,"q9_case1",1460,4608,859889822,589188,256,90,30,4,69.053883
1,2,9,"q9_case1",1461,4608,860479020,589198,256,90,30,4,69.145024
1,2,9,"q9_case1",1462,4608,861068340,589320,256,90,29,4,69.225601
1,2,9,"q9_case1",1463,4608,861657811,589471,256,88,30,4,69.299213
1,2,9,"q9_case1",1464,4608,862247266,589455,256,86,29,4,69.388662
1,2,9,"q9_case1",1465,4608,862836828,589562,256,86,28,4,69.464924
1,2,9,"q9_case1",1466,4608,863426309,589481,256,86,28,4,69.544587
1,2,9,"q9_case1",1467,4608,864015654,589345,256,84,28,4,69.628836
1,2,9,"q9_case1",1468,4608,864604984,589330,256,82,27,4,69.723314
1,2,9,"q9_case1",1469,4608,865194538,589554,256,82,27,4,69.809155
1,2,9,"q9_case1",1470,4608,865783865,589327,256,80,27,4,69.904548
1,2,9,"q9_case1",1471,4608,866373229,589364,256,80,26,4,69.998417
1,2,9,"q9_case1",1472,4608,866962765,589536,256,80,26,4,70.087765
1,2,9,"q9_case1",1473,4608,867552108,589343,256,80,26,4,70.175420
1,2,9,"q9_case1",1474,4608,868141427,589319,256,78,27,4,70.248431
1,2,9,"q9_case1",1475,4608,868730937,589510,256,76,26,4,70.317582
1,2,9,"q9_case1",1476,4608,869320499,589562,256,76,26,4,70.386507
1,2,9,"q9_case1",1477,4608,869909872,589373,256,74,26,4,70.472619
1,2,9,"q9_case1",1478,4608,870499220,589348,256,74,25,4,70.551849
1,2,9,"q9_case1",1479,4608,871088739,589519,256,72,26,4,70.648743
1,2,9,"q9_case1",1480,4608,871678085,589346,256,72,25,4,70.760221
1,2,9,"q9_case1",1481,4608,872267387,589302,256,70,24,4,70.858698
1,2,9,"q9_case1",1482,4608,872856780,589393,256,70,24,4,70.953127
1,2,9,"q9_case1",1483,4608,873446184,589404,256,68,26,4,71.049046
1,2,9,"q9_case1",1484,4608,874035524,589340,256,66,25,4,71.131029
1,2,9,"q9_case1",1485,4608,874625089,589565,256,66,24,4,71.207489
1,2,9,"q9_case1",1486,4608,875214274,589185,256,66,23,4,71.274923
1,2,9,"q9_case1",1487,4608,875803488,589214,256,64,22,4,71.345290
1,2,9,"q9_case1",1488,4608,876392761,589273,256,64,23,4,71.409656
1,2,9,"q9_case1",1489,4608,876982196,589435,256,64,22,4,71.475662
1,2,9,"q9_case1",1490,4608,877571527,589331,256,62,23,4,71.564322
1,2,9,"q9_case1",1491,4608,878161047,589520,256,62,22,4,71.668080
1,2,9,"q9_case1",1492,4608,878750544,589497,256,62,21,4,71.770297
1,2,9,"q9_case1",1493,4608,879339993,589449,256,60,23,4,71.875967
1,2,9,"q9_case1",1494,4608,879929366,589373,256,60,22,4,71.972533
1,2,9,"q9_case1",1495,4608,880518761,589395,256,58,23,4,72.061081
1,2,9,"q9_case1",1496,4608,881108104,589343,256,58,22,4,72.155580
1,2,9,"q9_case1",1497,4608,881697472,589368,256,56,23,4,72.222689
1,2,9,"q9_case1",1498,4608,882286795,589323,256,56,21,4,72.291241
1,2,9,"q9_case1",1499,4608,882876132,589337,256,54,23,4,72.374683
1,2,9,"q9_case1",1500,4608,883465510,589378,256,54,20,4,72.471333
1,2,9,"q9_case1",1501,4608,884054862,589352,256,54,19,4,72.563559
1,2,9,"q9_case1",1502,4608,884644286,589424,256,52,20,4,72.664773
1,2,9,"q9_case1",1503,4608,885233686,589400,256,52,19,4,72.763577
1,2,9,"q9_case1",1504,4608,885823028,589342,256,52,18,4,72.863386
1,2,9,"q9_case1",1505,4608,886412364,589336,256,52,23,3,72.964874
1,2,9,"q9_case1",1506,4608,887001570,589206,256,50,18,4,73.051963
1,2,9,"q9_case1",1507,4608,887591122,589552,256,48,17,4,73.123443
1,2,9,"q9_case1",1508,4608,888180687,589565,256,48,18,4,73.223265
1,2,9,"q9_case1",1509,4608,888770019,589332,256,46,17,4,73.304932
1,2,9,"q9_case1",1510,4608,889359339,589320,256,44,15,4,73.399941
1,2,9,"q9_case1",1511,4608,889948880,589541,256,44,16,4,73.481002
1,2,9,"q9_case1",1512,4608,890538193,589313,256,44,15,4,73.560695
1,2,9,"q9_case1",1513,4608,891127525,589332,256,44,18,3,73.652651
1,2,9,"q9_case1",1514,4608,891716988,589463,256,42,15,4,73.745545
1,2,9,"q9_case1",1515,4608,892306556,589568,256,42,14,4,73.844895
1,2,9,"q9_case1",1516,4608,892896070,589514,256,42,15,4,73.935519
1,2,9,"q9_case1",1517,4608,893485406,589336,256,42,18,3,74.022378
1,2,9,"q9_case1",1518,4608,894074592,589186,256,42,19,3,74.098022
1,2,9,"q9_case1",1519,4608,894664160,589568,256,42,18,3,74.187044
1,2,9,"q9_case1",1520,4608,895253708,589548,256,42,17,3,74.279324
1,2,9,"q9_case1",1521,4608,895843228,589520,256,42,18,3,74.386592
1,2,9,"q9_case1",1522,4608,896432708,589480,256,42,17,3,74.497766
1,2,9,"q9_case1",1523,4608,897022188,589480,256,42,16,3,74.599785
1,2,9,"q9_case1",1524,4608,897611698,589510,256,42,17,3,74.711089
1,2,9,"q9_case1",1525,4608,898201185,589487,256,42,16,3,74.804744
1,2,9,"q9_case1",1526,4608,898790612,589427,256,42,17,3,74.898501
1,2,9,"q9_case1",1527,4608,899380123,589511,256,40,16,3,74.997099
1,2,9,"q9_case1",1528,4608,899969587,589464,256,38,15,3,75.105401
1,2,9,"q9_case1",1529,4608,900559138,589551,256,38,16,3,75.179623
1,2,9,"q9_case1",1530,4608,901148663,589525,256,36,16,3,75.248728
1,2,9,"q9_case1",1531,4608,901738039,589376,256,34,14,3,75.335961
1,2,9,"q9_case1",1532,4608,902327546,589507,256,34,13,3,75.441524
1,2,9,"q9_case1",1533,4608,902917044,589498,256,32,15,3,75.533401
1,2,9,"q9_case1",1534,4608,903506386,589342,256,32,14,3,75.621935
1,2,9,"q9_case1",1535,4608,904095655,589269,256,32,13,3,75.718982
1,2,9,"q9_case1",1536,4608,904685012,589357,256,30,16,3,75.807330
1,2,9,"q9_case1",1537,4608,905274290,589278,256,30,15,3,75.889567
1,2,9,"q9_case1",1538,4608,905863516,589226,256,30,13,3,75.970223
1,2,9,"q9_case1",1539,4608,906452852,589336,256,28,13,3,76.074131
1,2,9,"q9_case1",1540,4608,907042057,589205,256,28,12,3,76.153894
1,2,9,"q9_case1",1541,4608,907631289,589232,256,28,11,3,76.228940
1,2,9,"q9_case1",1542,4608,908220539,589250,256,28,12,3,76.339163
1,2,9,"q9_case1",1543,4608,908809756,589217,256,28,11,3,76.432331
1,2,9,"q9_case1",1544,4608,909398940,589184,256,28,11,3,76.543118
1,2,9,"q9_case1",1545,4608,909988321,589381,256,26,11,3,76.654137
1,2,9,"q9_case1",1546,4608,910577799,589478,256,26,10,3,76.752732
1,2,9,"q9_case1",1547,4608,911167225,589426,256,24,11,3,76.825328
1,2,9,"q9_case1",1548,4608,911756616,589391,256,24,10,3,76.905149
1,2,9,"q9_case1",1549,4608,912345992,589376,256,22,9,3,77.004169
1,2,9,"q9_case1",1550,4608,912935382,589390,256,20,8,3,77.108842
1,2,9,"q9_case1",1551,4608,913524838,589456,256,20,9,3,77.181493
1,2,9,"q9_case1",1552,4608,914114261,589423,256,18,8,3,77.280017
1,2,9,"q9_case1",1553,4608,914703629,589368,256,16,6,3,77.368810
1,2,9,"q9_case1",1554,4608,915293085,589456,256,16,7,3,77.456984
1,2,9,"q9_case1",1555,4608,915882493,589408,256,16,8,3,77.568585
1,2,9,"q9_case1",1556,4608,916471896,589403,256,14,7,3,77.668431
1,2,9,"q9_case1",1557,4608,917061144,589248,256,14,6,3,77.745541
1,2,9,"q9_case1",1558,4608,917650488,589344,256,14,9,2,77.831970
1,2,9,"q9_case1",1559,4608,918239896,589408,256,14,8,2,77.926961
1,2,9,"q9_case1",1560,4608,918829083,589187,256,12,7,3,77.999749
1,2,9,"q9_case1",1561,4608,919418378,589295,256,12,8,2,78.084305
1,2,9,"q9_case1",1562,4608,920007751,589373,256,12,7,2,78.182762
1,2,9,"q9_case1",1563,4608,920597152,589401,256,12,8,2,78.283455
1,2,9,"q9_case1",1564,4608,921186374,589222,256,12,7,2,78.371851
1,2,9,"q9_case1",1565,4608,921775472,589098,256,12,8,2,78.472933
1,2,9,"q9_case1",1566,4608,922364799,589327,256,12,7,2,78.561071
1,2,9,"q9_case1",1567,4608,922954142,589343,256,12,6,2,78.641681
1,2,9,"q9_case1",1568,4608,923543424,589282,256,12,7,2,78.711922
1,2,9,"q9_case1",1569,4608,924132845,589421,256,10,6,2,78.777095
1,2,9,"q9_case1",1570,4608,924722206,589361,256,10,5,2,78.849035
1,2,9,"q9_case1",1571,4608,925311706,589500,256,10,10,1,78.926113
1,2,9,"q9_case1",1572,4608,925901046,589340,256,8,5,3,79.008927
1,2,9,"q9_case1",1573,4608,926490304,589258,256,8,6,2,79.107683
1,2,9,"q9_case1",1574,4608,927079646,589342,256,6,3,3,79.204001
1,2,9,"q9_case1",1575,4608,927669013,589367,256,4,2,2,79.305959
1,2,9,"q9_case1",1576,4608,928258359,589346,256,4,3,2,79.412768
1,2,9,"q9_case1",1577,4608,928847920,589561,256,2,2,1,79.503423
1,2,9,"q9_case1",1578,4608,929437315,589395,1,0,0,0,79.591508
2,2,9,"q9_case2",1,4608,2304,2304,256,2116,509,8,0.010060
2,2,9,"q9_case2",2,4608,591872,589568,256,2114,508,8,0.033286
2,2,9,"q9_case2",3,4608,1181184,589312,256,2112,507,8,0.056467
2,2,9,"q9_case2",4,4608,1770508,589324,256,2110,506,8,0.083909
2,2,9,"q9_case2",5,4608,2359618,589110,256,2108,505,8,0.119613
2,2,9,"q9_case2",6,4608,2948738,589120,256,2106,504,8,0.139981
2,2,9,"q9_case2",7,4608,3537820,589082,256,2104,503,8,0.166238
2,2,9,"q9_case2",8,4608,4126872,589052,256,2102,502,8,0.188718
2,2,9,"q9_case2",9,4608,4715889,589017,256,2100,501,8,0.215089
2,2,9,"q9_case2",10,4608,5304904,589015,256,2098,500,8,0.240370
2,2,9,"q9_case2",11,4608,5893916,589012,256,2096,499,8,0.263937
2,2,9,"q9_case2",12,4608,6482979,589063,256,2094,498,8,0.285890
2,2,9,"q9_case2",13,4608,7072098,589119,256,2092,498,8,0.306837
2,2,9,"q9_case2",14,4608,7661422,589324,256,2090,498,8,0.329790
2,2,9,"q9_case2",15,4608,8250740,589318,256,2088,498,8,0.353694
2,2,9,"q9_case2",16,4608,8840058,589318,256,2086,498,8,0.375265
2,2,9,"q9_case2",17,4608,9429551,589493,256,2084,498,8,0.398765
2,2,9,"q9_case2",18,4608,10019035,589484,256,2082,497,8,0.422907
2,2,9,"q9_case2",19,4608,10608479,589444,256,2080,497,8,0.445904
2,2,9,"q9_case2",20,4608,11198043,589564,256,2078,497,8,0.469028
2,2,9,"q9_case2",21,4608,11787367,589324,256,2076,497,8,0.491747
2,2,9,"q9_case2",22,4608,12376710,589343,256,2074,497,8,0.513972
2,2,9,"q9_case2",23,4608,12966239,589529,256,2072,497,8,0.537890
2,2,9,"q9_case2",24,4608,13555601,589362,256,2070,497,8,0.561606
2,2,9,"q9_case2",25,4608,14144774,589173,256,2068,497,8,0.584443
2,2,9,"q9_case2",26,4608,14733925,589151,256,2066,497,8,0.605282
2,2,9,"q9_case2",27,4608,15323137,589212,256,2064,497,8,0.627733
2,2,9,"q9_case2",28,4608,15912410,589273,256,2062,497,8,0.652156
2,2,9,"q9_case2",29,4608,16501687,589277,256,2060,497,8,0.673546
2,2,9,"q9_case2",30,4608,17090977,589290,256,2058,497,8,0.693388
2,2,9,"q9_case2",31,4608,17680299,589322,256,2056,497,8,0.717907
2,2,9,"q9_case2",32,4608,18269667,589368,256,2054,496,8,0.742152
2,2,9,"q9_case2",33,4608,18859040,589373,256,2052,496,8,0.764203
2,2,9,"q9_case2",34,4608,19448602,589562,256,2050,495,8,0.787185
2,2,9,"q9_case2",35,4608,20037936,589334,256,2048,495,8,0.811194
2,2,9,"q9_case2",36,4608,20627334,589398,256,2046,494,8,0.833803
2,2,9,"q9_case2",37,4608,21216659,589325,256,2044,494,8,0.857808
2,2,9,"q9_case2",38,4608,21806177,589518,256,2042,494,8,0.882628
2,2,9,"q9_case2",39,4608,22395498,589321,256,2040,494,8,0.907146
2,2,9,"q9_case2",40,4608,22984940,589442,256,2038,493,8,0.930162
2,2,9,"q9_case2",41,4608,23574367,589427,256,2036,493,8,0.953744
2,2,9,"q9_case2",42,4608,24163831,589464,256,2034,492,8,0.977324
2,2,9,"q9_case2",43,4608,24753233,589402,256,2032,492,8,0.995805
2,2,9,"q9_case2",44,4608,25342569,589336,256,2030,491,8,1.020281
2,2,9,"q9_case2",45,4608,25931993,589424,256,2028,491,8,1.046312
2,2,9,"q9_case2",46,4608,26521488,589495,256,2026,490,8,1.069857
2,2,9,"q9_case2",47,4608,27110926,589438,256,2024,490,8,1.093832
2,2,9,"q9_case2",48,4608,27700478,589552,256,2022,490,8,1.118123
2,2,9,"q9_case2",49,4608,28289824,589346,256,2020,489,8,1.142748
2,2,9,"q9_case2",50,4608,28879133,589309,256,2018,489,8,1.175566
2,2,9,"q9_case2",51,4608,29468677,589544,256,2016,489,8,1.197313
2,2,9,"q9_case2",52,4608,30058013,589336,256,2014,489,8,1.223777
2,2,9,"q9_case2",53,4608,30647314,589301,256,2012,489,8,1.246319
2,2,9,"q9_case2",54,4608,31236674,589360,256,2010,489,8,1.268830
2,2,9,"q9_case2",55,4608,31826051,589377,256,2008,489,8,1.291462
2,2,9,"q9_case2",56,4608,32415445,589394,256,2006,488,8,1.314884
2,2,9,"q9_case2",57,4608,33004870,589425,256,2004,488,8,1.337528
2,2,9,"q9_case2",58,4608,33594406,589536,256,2002,488,8,1.367677
2,2,9,"q9_case2",59,4608,34183709,589303,256,2000,488,8,1.391862
2,2,9,"q9_case2",60,4608,34772987,589278,256,1998,487,8,1.416928
2,2,9,"q9_case2",61,4608,35362301,589314,256,1996,487,8,1.440498
2,2,9,"q9_case2",62,4608,35951862,589561,256,1994,486,8,1.469144
2,2,9,"q9_case2",63,4608,36541188,589326,256,1992,486,8,1.490613
2,2,9,"q9_case2",64,4608,37130750,589562,256,1990,485,8,1.514368
2,2,9,"q9_case2",65,4608,37720078,589328,256,1988,485,8,1.537519
2,2,9,"q9_case2",66,4608,38309638,589560,256,1986,484,8,1.561626
2,2,9,"q9_case2",67,4608,38898962,589324,256,1984,484,8,1.584232
2,2,9,"q9_case2",68,4608,39488524,589562,256,1982,483,8,1.606353
2,2,9,"q9_case2",69,4608,40077844,589320,256,1980,483,8,1.630144
2,2,9,"q9_case2",70,4608,40667410,589566,256,1978,483,8,1.653942
2,2,9,"q9_case2",71,4608,41256728,589318,256,1976,483,8,1.676797
2,2,9,"q9_case2",72,4608,41846050,589322,256,1974,482,8,1.700412
2,2,9,"q9_case2",73,4608,42435381,589331,256,1972,481,8,1.723661
2,2,9,"q9_case2",74,4608,43024939,589558,256,1970,481,8,1.747251
2,2,9,"q9_case2",75,4608,43614383,589444,256,1968,481,8,1.771898
2,2,9,"q9_case2",76,4608,44203697,589314,256,1966,481,8,1.796460
2,2,9,"q9_case2",77,4608,44793014,589317,256,1964,481,8,1.821618
2,2,9,"q9_case2",78,4608,45382336,589322,256,1962,481,8,1.850624
2,2,9,"q9_case2",79,4608,45971777,589441,256,1960,481,8,1.880928
2,2,9,"q9_case2",80,4608,46561333,589556,256,1958,481,8,1.909274
2,2,9,"q9_case2",81,4608,47150891,589558,256,1956,481,8,1.933715
2,2,9,"q9_case2",82,4608,47740338,589447,256,1954,481,8,1.959960
2,2,9,"q9_case2",83,4608,48329760,589422,256,1952,480,8,1.988348
2,2,9,"q9_case2",84,4608,48919110,589350,256,1950,480,8,2.013428
2,2,9,"q9_case2",85,4608,49508630,589520,256,1948,480,8,2.037653
2,2,9,"q9_case2",86,4608,50098019,589389,256,1946,480,8,2.066073
2,2,9,"q9_case2",87,4608,50687367,589348,256,1944,479,8,2.089938
2,2,9,"q9_case2",88,4608,51276703,589336,256,1942,479,8,2.112933
2,2,9,"q9_case2",89,4608,51866268,589565,256,1940,478,8,2.136976
2,2,9,"q9_case2",90,4608,52455584,589316,256,1938,478,8,2.161779
2,2,9,"q9_case2",91,4608,53045150,589566,256,1936,478,8,2.191764
2,2,9,"q9_case2",92,4608,53634466,589316,256,1934,478,8,2.219857
2,2,9,"q9_case2",93,4608,54223785,589319,256,1932,478,8,2.245879
2,2,9,"q9_case2",94,4608,54813117,589332,256,1930,478,8,2.270192
2,2,9,"q9_case2",95,4608,55402672,589555,256,1928,478,8,2.298192
2,2,9,"q9_case2",96,4608,55992201,589529,256,1926,478,8,2.325523
2,2,9,"q9_case2",97,4608,56581715,589514,256,1924,478,8,2.351789
2,2,9,"q9_case2",98,4608,57171183,589468,256,1922,478,8,2.377115
2,2,9,"q9_case2",99,4608,57760659,589476,256,1920,478,8,2.403166
2,2,9,"q9_case2",100,4608,58350146,589487,256,1918,478,8,2.429047
2,2,9,"q9_case2",101,4608,58939550,589404,256,1916,478,8,2.456220
2,2,9,"q9_case2",102,4608,59528974,589424,256,1914,477,8,2.479338
2,2,9,"q9_case2",103,4608,60118421,589447,256,1912,477,8,2.502771
2,2,9,"q9_case2",104,4608,60707961,589540,256,1910,477,8,2.526318
2,2,9,"q9_case2",105,4608,61297352,589391,256,1908,476,8,2.551727
2,2,9,"q9_case2",106,4608,61886827,589475,256,1906,476,8,2.575529
2,2,9,"q9_case2",107,4608,62476393,589566,256,1904,476,7,2.598295
2,2,9,"q9_case2",108,4608,63065726,589333,256,1902,476,7,2.626593
2,2,9,"q9_case2",109,4608,63655288,589562,256,1900,476,7,2.651289
2,2,9,"q9_case2",110,4608,64244632,589344,256,1898,476,7,2.677984
2,2,9,"q9_case2",111,4608,64834182,589550,256,1896,476,7,2.708489
2,2,9,"q9_case2",112,4608,65423582,589400,256,1894,476,7,2.734389
2,2,9,"q9_case2",113,4608,66013084,589502,256,1892,476,7,2.757576
2,2,9,"q9_case2",114,4608,66602516,589432,256,1890,476,7,2.782853
2,2,9,"q9_case2",115,4608,67191922,589406,256,1888,476,7,2.813846
2,2,9,"q9_case2",116,4608,67781328,589406,256,1886,476,7,2.841629
2,2,9,"q9_case2",117,4608,68370736,589408,256,1884,476,7,2.868464
2,2,9,"q9_case2",118,4608,68960114,589378,256,1882,476,7,2.893268
2,2,9,"q9_case2",119,4608,69549515,589401,256,1880,476,7,2.918317
2,2,9,"q9_case2",120,4608,70138914,589399,256,1878,476,7,2.942925
2,2,9,"q9_case2",121,4608,70728311,589397,256,1876,476,7,2.968442
2,2,9,"q9_case2",122,4608,71317686,589375,256,1874,476,7,2.994771
2,2,9,"q9_case2",123,4608,71907041,589355,256,1872,476,7,3.020613
2,2,9,"q9_case2",124,4608,72496409,589368,256,1870,476,7,3.047464
2,2,9,"q9_case2",125,4608,73085807,589398,256,1868,476,7,3.075414
2,2,9,"q9_case2",126,4608,73675198,589391,256,1866,476,7,3.099801
2,2,9,"q9_case2",127,4608,74264595,589397,256,1864,476,7,3.127105
2,2,9,"q9_case2",128,4608,74853934,589339,256,1862,476,7,3.155793
2,2,9,"q9_case2",129,4608,75443264,589330,256,1860,476,7,3.186940
2,2,9,"q9_case2",130,4608,76032576,589312,256,1858,475,7,3.213106
2,2,9,"q9_case2",131,4608,76621883,589307,256,1856,475,7,3.241147
2,2,9,"q9_case2",132,4608,77211318,589435,256,1854,474,7,3.269914
2,2,9,"q9_case2",133,4608,77800644,589326,256,1852,474,7,3.296109
2,2,9,"q9_case2",134,4608,78390098,589454,256,1850,473,7,3.321080
2,2,9,"q9_case2",135,4608,78979420,589322,256,1848,473,7,3.350596
2,2,9,"q9_case2",136,4608,79568910,589490,256,1846,473,7,3.378618
2,2,9,"q9_case2",137,4608,80158175,589265,256,1844,473,7,3.407814
2,2,9,"q9_case2",138,4608,80747453,589278,256,1842,473,7,3.435450
2,2,9,"q9_case2",139,4608,81336771,589318,256,1840,473,7,3.465385
2,2,9,"q9_case2",140,4608,81926079,589308,256,1838,472,7,3.495893
2,2,9,"q9_case2",141,4608,82515432,589353,256,1836,472,7,3.519840
2,2,9,"q9_case2",142,4608,83104900,589468,256,1834,472,7,3.548225
2,2,9,"q9_case2",143,4608,83694169,589269,256,1832,472,7,3.575099
2,2,9,"q9_case2",144,4608,84283482,589313,256,1830,472,7,3.602002
2,2,9,"q9_case2",145,4608,84872773,589291,256,1828,472,7,3.629739
2,2,9,"q9_case2",146,4608,85462071,589298,256,1826,472,7,3.654120
2,2,9,"q9_case2",147,4608,86051340,589269,256,1824,472,7,3.683505
2,2,9,"q9_case2",148,4608,86640616,589276,256,1822,472,7,3.713051
2,2,9,"q9_case2",149,4608,87229919,589303,256,1820,472,7,3.739363
2,2,9,"q9_case2",150,4608,87819246,589327,256,1818,472,7,3.770357
2,2,9,"q9_case2",151,4608,88408578,589332,256,1816,472,7,3.800108
2,2,9,"q9_case2",152,4608,88997908,589330,256,1814,471,7,3.831151
2,2,9,"q9_case2",153,4608,89587223,589315,256,1812,470,7,3.862272
2,2,9,"q9_case2",154,4608,90176681,589458,256,1810,470,7,3.896478
2,2,9,"q9_case2",155,4608,90766246,589565,256,1808,469,7,3.929612
2,2,9,"q9_case2",156,4608,91355581,589335,256,1806,469,7,3.956881
2,2,9,"q9_case2",157,4608,91945136,589555,256,1804,468,7,3.986033
2,2,9,"q9_case2",158,4608,92534516,589380,256,1802,468,7,4.013350
2,2,9,"q9_case2",159,4608,93124074,589558,256,1800,467,7,4.042275
2,2,9,"q9_case2",160,4608,93713476,589402,256,1798,467,7,4.072353
2,2,9,"q9_case2",161,4608,94303036,589560,256,1796,466,7,4.101877
2,2,9,"q9_case2",162,4608,94892375,589339,256,1794,466,7,4.129339
2,2,9,"q9_case2",163,4608,95481930,589555,256,1792,465,7,4.161560
2,2,9,"q9_case2",164,4608,96071267,589337,256,1790,465,7,4.190196
2,2,9,"q9_case2",165,4608,96660823,589556,256,1788,465,7,4.220319
2,2,9,"q9_case2",166,4608,97250147,589324,256,1786,465,7,4.249886
2,2,9,"q9_case2",167,4608,97839683,589536,256,1784,465,7,4.280939
2,2,9,"q9_case2",168,4608,98429178,589495,256,1782,465,7,4.310359
2,2,9,"q9_case2",169,4608,99018483,589305,256,1780,464,7,4.342723
2,2,9,"q9_case2",170,4608,99607806,589323,256,1778,464,7,4.369686
2,2,9,"q9_case2",171,4608,100197351,589545,256,1776,464,7,4.397681
2,2,9,"q9_case2",172,4608,100786653,589302,256,1774,464,7,4.427336
2,2,9,"q9_case2",173,4608,101375912,589259,256,1772,464,7,4.456218
2,2,9,"q9_case2",174,4608,101965159,589247,256,1770,464,7,4.488823
2,2,9,"q9_case2",175,4608,102554311,589152,256,1768,464,7,4.520007
2,2,9,"q9_case2",176,4608,103143425,589114,256,1766,464,7,4.547806
2,2,9,"q9_case2",177,4608,103732566,589141,256,1764,464,7,4.580105
2,2,9,"q9_case2",178,4608,104321717,589151,256,1762,464,7,4.612502
2,2,9,"q9_case2",179,4608,104910876,589159,256,1760,464,7,4.642855
2,2,9,"q9_case2",180,4608,105500055,589179,256,1758,463,7,4.673585
2,2,9,"q9_case2",181,4608,106089276,589221,256,1756,463,7,4.706751
2,2,9,"q9_case2",182,4608,106678841,589565,256,1754,462,7,4.735884
2,2,9,"q9_case2",183,4608,107268172,589331,256,1752,462,7,4.764854
2,2,9,"q9_case2",184,4608,107857732,589560,256,1750,461,7,4.792898
2,2,9,"q9_case2",185,4608,108447065,589333,256,1748,461,7,4.817251
2,2,9,"q9_case2",186,4608,109036629,589564,256,1746,461,7,4.843718
2,2,9,"q9_case2",187,4608,109625956,589327,256,1744,461,7,4.871449
2,2,9,"q9_case2",188,4608,110215224,589268,256,1742,460,7,4.901446
2,2,9,"q9_case2",189,4608,110804532,589308,256,1740,460,7,4.931236
2,2,9,"q9_case2",190,4608,111394088,589556,256,1738,460,7,4.963527
2,2,9,"q9_case2",191,4608,111983327,589239,256,1736,460,7,4.996430
2,2,9,"q9_case2",192,4608,112572602,589275,256,1734,460,7,5.028352
2,2,9,"q9_case2",193,4608,113161950,589348,256,1732,460,7,5.060710
2,2,9,"q9_case2",194,4608,113751264,589314,256,1730,460,7,5.095615
2,2,9,"q9_case2",195,4608,114340738,589474,256,1728,460,7,5.126038
2,2,9,"q9_case2",196,4608,114930186,589448,256,1726,460,7,5.156678
2,2,9,"q9_case2",197,4608,115519674,589488,256,1724,460,7,5.189288
2,2,9,"q9_case2",198,4608,116109063,589389,256,1722,459,7,5.221502
2,2,9,"q9_case2",199,4608,116698533,589470,256,1720,459,7,5.249350
2,2,9,"q9_case2",200,4608,117288100,589567,256,1718,458,7,5.278191
2,2,9,"q9_case2",201,4608,117877435,589335,256,1716,458,7,5.309849
2,2,9,"q9_case2",202,4608,118466999,589564,256,1714,458,7,5.345283
2,2,9,"q9_case2",203,4608,119056329,589330,256,1712,458,7,5.376946
2,2,9,"q9_case2",204,4608,119645768,589439,256,1710,458,7,5.409639
2,2,9,"q9_case2",205,4608,120235147,589379,256,1708,458,7,5.441195
2,2,9,"q9_case2",206,4608,120824484,589337,256,1706,457,7,5.473448
2,2,9,"q9_case2",207,4608,121414001,589517,256,1704,456,7,5.503762
2,2,9,"q9_case2",208,4608,122003563,589562,256,1702,455,7,5.532435
2,2,9,"q9_case2",209,4608,122592881,589318,256,1700,455,7,5.565233
2,2,9,"q9_case2",210,4608,123182199,589318,256,1698,455,7,5.599912
2,2,9,"q9_case2",211,4608,123771532,589333,256,1696,454,7,5.631382
2,2,9,"q9_case2",212,4608,124361082,589550,256,1694,454,7,5.661279
2,2,9,"q9_case2",213,4608,124950644,589562,256,1692,453,7,5.690798
2,2,9,"q9_case2",214,4608,125539977,589333,256,1690,453,7,5.718472
2,2,9,"q9_case2",215,4608,126129542,589565,256,1688,453,7,5.749625
2,2,9,"q9_case2",216,4608,126718872,589330,256,1686,453,7,5.783043
2,2,9,"q9_case2",217,4608,127308422,589550,256,1684,453,7,5.815667
2,2,9,"q9_case2",218,4608,127897963,589541,256,1682,453,7,5.851468
2,2,9,"q9_case2",219,4608,128487384,589421,256,1680,453,7,5.885993
2,2,9,"q9_case2",220,4608,129076885,589501,256,1678,453,7,5.917695
2,2,9,"q9_case2",221,4608,129666356,589471,256,1676,453,7,5.949595
2,2,9,"q9_case2",222,4608,130255826,589470,256,1674,453,7,5.980964
2,2,9,"q9_case2",223,4608,130845312,589486,256,1672,453,7,6.015146
2,2,9,"q9_case2",224,4608,131434784,589472,256,1670,453,7,6.050483
2,2,9,"q9_case2",225,4608,132024256,589472,256,1668,453,7,6.083396
2,2,9,"q9_case2",226,4608,132613729,589473,256,1666,453,7,6.120626
2,2,9,"q9_case2",227,4608,133203117,589388,256,1664,453,7,6.149896
2,2,9,"q9_case2",228,4608,133792531,589414,256,1662,452,7,6.178348
2,2,9,"q9_case2",229,4608,134381973,589442,256,1660,452,7,6.207172
2,2,9,"q9_case2",230,4608,134971516,589543,256,1658,451,7,6.236457
2,2,9,"q9_case2",231,4608,135560868,589352,256,1656,451,7,6.261475
2,2,9,"q9_case2",232,4608,136150424,589556,256,1654,450,7,6.291081
2,2,9,"q9_case2",233,4608,136739701,589277,256,1652,450,7,6.322894
2,2,9,"q9_case2",234,4608,137329254,589553,256,1650,449,7,6.350841
2,2,9,"q9_case2",235,4608,137918597,589343,256,1648,449,7,6.381805
2,2,9,"q9_case2",236,4608,138508155,589558,256,1646,449,7,6.412233
2,2,9,"q9_case2",237,4608,139097507,589352,256,1644,448,7,6.439773
2,2,9,"q9_case2",238,4608,139686839,589332,256,1642,448,7,6.468179
2,2,9,"q9_case2",239,4608,140276191,589352,256,1640,447,7,6.491552
2,2,9,"q9_case2",240,4608,140865525,589334,256,1638,447,7,6.518969
2,2,9,"q9_case2",241,4608,141454867,589342,256,1636,447,7,6.550712
2,2,9,"q9_case2",242,4608,142044199,589332,256,1634,447,7,6.586548
2,2,9,"q9_case2",243,4608,142633748,589549,256,1632,447,7,6.614807
2,2,9,"q9_case2",244,4608,143223092,589344,256,1630,447,7,6.642877
2,2,9,"q9_case2",245,4608,143812428,589336,256,1628,447,7,6.677997
2,2,9,"q9_case2",246,4608,144401756,589328,256,1626,447,7,6.704510
2,2,9,"q9_case2",247,4608,144991097,589341,256,1624,447,7,6.736712
2,2,9,"q9_case2",248,4608,145580460,589363,256,1622,447,7,6.767147
2,2,9,"q9_case2",249,4608,146169842,589382,256,1620,447,7,6.797411
2,2,9,"q9_case2",250,4608,146759141,589299,256,1618,447,7,6.825212
2,2,9,"q9_case2",251,4608,147348460,589319,256,1616,447,7,6.857157
2,2,9,"q9_case2",252,4608,147937772,589312,256,1614,447,7,6.888498
2,2,9,"q9_case2",253,4608,148527117,589345,256,1612,447,7,6.926410
2,2,9,"q9_case2",254,4608,149116403,589286,256,1610,446,7,6.963112
2,2,9,"q9_case2",255,4608,149705694,589291,256,1608,446,7,6.996302
2,2,9,"q9_case2",256,4608,150295131,589437,256,1606,446,7,7.033318
2,2,9,"q9_case2",257,4608,150884386,589255,256,1604,446,7,7.075321
2,2,9,"q9_case2",258,4608,151473641,589255,256,1602,446,7,7.107189
2,2,9,"q9_case2",259,4608,152062890,589249,256,1600,446,7,7.140097
2,2,9,"q9_case2",260,4608,152652182,589292,256,1598,446,7,7.173825
2,2,9,"q9_case2",261,4608,153241553,589371,256,1596,446,7,7.209315
2,2,9,"q9_case2",262,4608,153830892,589339,256,1594,445,7,7.244424
2,2,9,"q9_case2",263,4608,154420276,589384,256,1592,445,7,7.277337
2,2,9,"q9_case2",264,4608,155009803,589527,256,1590,444,7,7.314185
2,2,9,"q9_case2",265,4608,155599110,589307,256,1588,444,7,7.348630
2,2,9,"q9_case2",266,4608,156188649,589539,256,1586,444,7,7.385245
2,2,9,"q9_case2",267,4608,156777955,589306,256,1584,443,7,7.419871
2,2,9,"q9_case2",268,4608,157367263,589308,256,1582,443,7,7.454277
2,2,9,"q9_case2",269,4608,157956831,589568,256,1580,442,7,7.489326
2,2,9,"q9_case2",270,4608,158546193,589362,256,1578,442,7,7.522368
2,2,9,"q9_case2",271,4608,159135751,589558,256,1576,441,7,7.554520
2,2,9,"q9_case2",272,4608,159725139,589388,256,1574,441,7,7.588797
2,2,9,"q9_case2",273,4608,160314695,589556,256,1572,440,7,7.626692
2,2,9,"q9_case2",274,4608,160904077,589382,256,1570,440,7,7.661262
2,2,9,"q9_case2",275,4608,161493625,589548,256,1568,439,7,7.698811
2,2,9,"q9_case2",276,4608,162083002,589377,256,1566,439,7,7.734390
2,2,9,"q9_case2",277,4608,162672544,589542,256,1564,438,7,7.772599
2,2,9,"q9_case2",278,4608,163261908,589364,256,1562,438,7,7.807087
2,2,9,"q9_case2",279,4608,163851469,589561,256,1560,437,7,7.844143
2,2,9,"q9_case2",280,4608,164440835,589366,256,1558,437,7,7.878974
2,2,9,"q9_case2",281,4608,165030403,589568,256,1556,436,7,7.912230
2,2,9,"q9_case2",282,4608,165619758,589355,256,1554,436,7,7.948903
2,2,9,"q9_case2",283,4608,166209320,589562,256,1552,436,7,7.986408
2,2,9,"q9_case2",284,4608,166798673,589353,256,1550,435,7,8.021277
2,2,9,"q9_case2",285,4608,167388076,589403,256,1548,435,7,8.056355
2,2,9,"q9_case2",286,4608,167977628,589552,256,1546,435,7,8.092974
2,2,9,"q9_case2",287,4608,168566984,589356,256,1544,435,7,8.123705
2,2,9,"q9_case2",288,4608,169156359,589375,256,1542,434,7,8.156969
2,2,9,"q9_case2",289,4608,169745718,589359,256,1540,433,7,8.188062
2,2,9,"q9_case2",290,4608,170335169,589451,256,1538,433,7,8.226727
2,2,9,"q9_case2",291,4608,170924674,589505,256,1536,432,7,8.265781
2,2,9,"q9_case2",292,4608,171514043,589369,256,1534,432,7,8.308480
2,2,9,"q9_case2",293,4608,172103522,589479,256,1532,432,7,8.346391
2,2,9,"q9_case2",294,4608,172692887,589365,256,1530,432,7,8.386143
2,2,9,"q9_case2",295,4608,173282262,589375,256,1528,432,7,8.421060
2,2,9,"q9_case2",296,4608,173871639,589377,256,1526,432,7,8.456773
2,2,9,"q9_case2",297,4608,174461038,589399,256,1524,431,7,8.491188
2,2,9,"q9_case2",298,4608,175050390,589352,256,1522,431,7,8.525900
2,2,9,"q9_case2",299,4608,175639958,589568,256,1520,430,7,8.558995
2,2,9,"q9_case2",300,4608,176229475,589517,256,1518,430,7,8.591746
2,2,9,"q9_case2",301,4608,176819043,589568,256,1516,429,7,8.626795
2,2,9,"q9_case2",302,4608,177408404,589361,256,1514,429,7,8.662433
2,2,9,"q9_case2",303,4608,177997967,589563,256,1512,429,7,8.700220
2,2,9,"q9_case2",304,4608,178587314,589347,256,1510,429,7,8.737275
2,2,9,"q9_case2",305,4608,179176702,589388,256,1508,429,7,8.774496
2,2,9,"q9_case2",306,4608,179766022,589320,256,1506,428,7,8.812088
2,2,9,"q9_case2",307,4608,180355342,589320,256,1504,428,7,8.845682
2,2,9,"q9_case2",308,4608,180944906,589564,256,1502,427,7,8.886532
2,2,9,"q9_case2",309,4608,181534246,589340,256,1500,427,7,8.925750
2,2,9,"q9_case2",310,4608,182123810,589564,256,1498,426,7,8.961391
2,2,9,"q9_case2",311,4608,182713154,589344,256,1496,426,7,8.998822
2,2,9,"q9_case2",312,4608,183302715,589561,256,1494,426,7,9.032087
2,2,9,"q9_case2",313,4608,183892067,589352,256,1492,426,7,9.067377
2,2,9,"q9_case2",314,4608,184481438,589371,256,1490,426,7,9.099876
2,2,9,"q9_case2",315,4608,185070759,589321,256,1488,426,7,9.140898
2,2,9,"q9_case2",316,4608,185660170,589411,256,1486,426,7,9.174884
2,2,9,"q9_case2",317,4608,186249574,589404,256,1484,425,7,9.214973
2,2,9,"q9_case2",318,4608,186838975,589401,256,1482,425,7,9.254893
2,2,9,"q9_case2",319,4608,187428539,589564,256,1480,424,7,9.292679
2,2,9,"q9_case2",320,4608,188017891,589352,256,1478,424,7,9.328353
2,2,9,"q9_case2",321,4608,188607445,589554,256,1476,423,7,9.363091
2,2,9,"q9_case2",322,4608,189196801,589356,256,1474,423,7,9.399821
2,2,9,"q9_case2",323,4608,189786351,589550,256,1472,422,7,9.439855
2,2,9,"q9_case2",324,4608,190375699,589348,256,1470,422,7,9.479171
2,2,9,"q9_case2",325,4608,190965251,589552,256,1468,421,7,9.521098
2,2,9,"q9_case2",326,4608,191554595,589344,256,1466,421,7,9.554867
2,2,9,"q9_case2",327,4608,192144153,589558,256,1464,420,7,9.589725
2,2,9,"q9_case2",328,4608,192733489,589336,256,1462,420,7,9.622926
2,2,9,"q9_case2",329,4608,193323054,589565,256,1460,419,7,9.660128
2,2,9,"q9_case2",330,4608,193912398,589344,256,1458,419,7,9.698683
2,2,9,"q9_case2",331,4608,194501964,589566,256,1456,418,7,9.734553
2,2,9,"q9_case2",332,4608,195091312,589348,256,1454,418,7,9.771513
2,2,9,"q9_case2",333,4608,195680877,589565,256,1452,418,7,9.806758
2,2,9,"q9_case2",334,4608,196270223,589346,256,1450,417,7,9.846404
2,2,9,"q9_case2",335,4608,196859589,589366,256,1448,417,7,9.884716
2,2,9,"q9_case2",336,4608,197449133,589544,256,1446,416,7,9.920580
2,2,9,"q9_case2",337,4608,198038481,589348,256,1444,416,7,9.957766
2,2,9,"q9_case2",338,4608,198628049,589568,256,1442,416,7,9.999069
2,2,9,"q9_case2",339,4608,199217393,589344,256,1440,415,7,10.036239
2,2,9,"q9_case2",340,4608,199806764,589371,256,1438,415,7,10.067959
2,2,9,"q9_case2",341,4608,200396325,589561,256,1436,415,7,10.101151
2,2,9,"q9_case2",342,4608,200985662,589337,256,1434,414,7,10.133307
2,2,9,"q9_case2",343,4608,201575021,589359,256,1432,414,7,10.164255
2,2,9,"q9_case2",344,4608,202164583,589562,256,1430,414,7,10.193841
2,2,9,"q9_case2",345,4608,202753904,589321,256,1428,413,7,10.224604
2,2,9,"q9_case2",346,4608,203343219,589315,256,1426,413,7,10.252334
2,2,9,"q9_case2",347,4608,203932540,589321,256,1424,413,7,10.288456
2,2,9,"q9_case2",348,4608,204521876,589336,256,1422,412,7,10.325007
2,2,9,"q9_case2",349,4608,205111354,589478,256,1420,412,7,10.360123
2,2,9,"q9_case2",350,4608,205700913,589559,256,1418,412,7,10.395366
2,2,9,"q9_case2",351,4608,206290248,589335,256,1416,412,7,10.436031
2,2,9,"q9_case2",352,4608,206879603,589355,256,1414,411,7,10.472676
2,2,9,"q9_case2",353,4608,207468932,589329,256,1412,411,7,10.511589
2,2,9,"q9_case2",354,4608,208058497,589565,256,1410,411,7,10.544954
2,2,9,"q9_case2",355,4608,208647826,589329,256,1408,411,7,10.584717
2,2,9,"q9_case2",356,4608,209237179,589353,256,1406,411,7,10.625184
2,2,9,"q9_case2",357,4608,209826548,589369,256,1404,411,7,10.663444
2,2,9,"q9_case2",358,4608,210415971,589423,256,1402,410,7,10.702327
2,2,9,"q9_case2",359,4608,211005317,589346,256,1400,410,7,10.738876
2,2,9,"q9_case2",360,4608,211594775,589458,256,1398,410,7,10.775881
2,2,9,"q9_case2",361,4608,212184093,589318,256,1396,410,7,10.811400
2,2,9,"q9_case2",362,4608,212773488,589395,256,1394,409,7,10.846094
2,2,9,"q9_case2",363,4608,213362751,589263,256,1392,409,7,10.880088
2,2,9,"q9_case2",364,4608,213952316,589565,256,1390,408,7,10.917753
2,2,9,"q9_case2",365,4608,214541640,589324,256,1388,408,7,10.952846
2,2,9,"q9_case2",366,4608,215131197,589557,256,1386,408,7,10.989107
2,2,9,"q9_case2",367,4608,215720520,589323,256,1384,408,7,11.022542
2,2,9,"q9_case2",368,4608,216309844,589324,256,1382,408,7,11.058096
2,2,9,"q9_case2",369,4608,216899328,589484,256,1380,408,7,11.094609
2,2,9,"q9_case2",370,4608,217488710,589382,256,1378,407,7,11.130346
2,2,9,"q9_case2",371,4608,218078094,589384,256,1376,407,7,11.165196
2,2,9,"q9_case2",372,4608,218667636,589542,256,1374,406,7,11.203030
2,2,9,"q9_case2",373,4608,219256986,589350,256,1372,406,7,11.242884
2,2,9,"q9_case2",374,4608,219846548,589562,256,1370,406,7,11.276839
2,2,9,"q9_case2",375,4608,220435872,589324,256,1368,406,7,11.311282
2,2,9,"q9_case2",376,4608,221025195,589323,256,1366,406,7,11.345729
2,2,9,"q9_case2",377,4608,221614750,589555,256,1364,406,7,11.380883
2,2,9,"q9_case2",378,4608,222204140,589390,256,1362,404,7,11.417559
2,2,9,"q9_case2",379,4608,222793493,589353,256,1360,404,7,11.459182
2,2,9,"q9_case2",380,4608,223383057,589564,256,1358,403,7,11.496543
2,2,9,"q9_case2",381,4608,223972390,589333,256,1356,403,7,11.533615
2,2,9,"q9_case2",382,4608,224561953,589563,256,1354,402,7,11.573995
2,2,9,"q9_case2",383,4608,225151285,589332,256,1352,402,7,11.613304
2,2,9,"q9_case2",384,4608,225740850,589565,256,1350,401,7,11.653583
2,2,9,"q9_case2",385,4608,226330181,589331,256,1348,401,7,11.690878
2,2,9,"q9_case2",386,4608,226919739,589558,256,1346,401,7,11.730344
2,2,9,"q9_case2",387,4608,227509076,589337,256,1344,401,7,11.768050
2,2,9,"q9_case2",388,4608,228098440,589364,256,1342,400,7,11.806883
2,2,9,"q9_case2",389,4608,228687786,589346,256,1340,400,7,11.844964
2,2,9,"q9_case2",390,4608,229277160,589374,256,1338,400,7,11.883195
2,2,9,"q9_case2",391,4608,229866522,589362,256,1336,399,7,11.915999
2,2,9,"q9_case2",392,4608,230455890,589368,256,1334,399,7,11.948081
2,2,9,"q9_case2",393,4608,231045410,589520,256,1332,399,7,11.986724
2,2,9,"q9_case2",394,4608,231634744,589334,256,1330,399,7,12.025676
2,2,9,"q9_case2",395,4608,232224078,589334,256,1328,399,7,12.060191
2,2,9,"q9_case2",396,4608,232813624,589546,256,1326,399,7,12.098287
2,2,9,"q9_case2",397,4608,233403154,589530,256,1324,399,7,12.136490
2,2,9,"q9_case2",398,4608,233992463,589309,256,1322,398,7,12.183198
2,2,9,"q9_case2",399,4608,234581792,589329,256,1320,398,7,12.223401
2,2,9,"q9_case2",400,4608,235171359,589567,256,1318,397,7,12.256354
2,2,9,"q9_case2",401,4608,235760691,589332,256,1316,397,7,12.291955
2,2,9,"q9_case2",402,4608,236350247,589556,256,1314,397,7,12.333600
2,2,9,"q9_case2",403,4608,236939573,589326,256,1312,397,7,12.377153
2,2,9,"q9_case2",404,4608,237528899,589326,256,1310,397,7,12.414645
2,2,9,"q9_case2",405,4608,238118229,589330,256,1308,397,7,12.455694
2,2,9,"q9_case2",406,4608,238707553,589324,256,1306,397,7,12.493679
2,2,9,"q9_case2",407,4608,239296879,589326,256,1304,397,7,12.530943
2,2,9,"q9_case2",408,4608,239886172,589293,256,1302,397,7,12.569117
2,2,9,"q9_case2",409,4608,240475443,589271,256,1300,397,7,12.606643
2,2,9,"q9_case2",410,4608,241064801,589358,256,1298,397,7,12.642279
2,2,9,"q9_case2",411,4608,241654146,589345,256,1296,397,7,12.678405
2,2,9,"q9_case2",412,4608,242243702,589556,256,1294,397,7,12.710582
2,2,9,"q9_case2",413,4608,242833258,589556,256,1292,397,7,12.744269
2,2,9,"q9_case2",414,4608,243422678,589420,256,1290,397,7,12.782747
2,2,9,"q9_case2",415,4608,244012136,589458,256,1288,397,7,12.817029
2,2,9,"q9_case2",416,4608,244601553,589417,256,1286,397,7,12.855965
2,2,9,"q9_case2",417,4608,245190990,589437,256,1284,397,7,12.899643
2,2,9,"q9_case2",418,4608,245780461,589471,256,1282,396,7,12.931512
2,2,9,"q9_case2",419,4608,246369850,589389,256,1280,395,7,12.968569
2,2,9,"q9_case2",420,4608,246959414,589564,256,1278,395,7,12.997754
2,2,9,"q9_case2",421,4608,247548737,589323,256,1276,394,7,13.033042
2,2,9,"q9_case2",422,4608,248138073,589336,256,1274,394,7,13.072286
2,2,9,"q9_case2",423,4608,248727629,589556,256,1272,394,7,13.111340
2,2,9,"q9_case2",424,4608,249316965,589336,256,1270,393,7,13.148225
2,2,9,"q9_case2",425,4608,249906291,589326,256,1268,393,7,13.184969
2,2,9,"q9_case2",426,4608,250495855,589564,256,1266,393,7,13.229661
2,2,9,"q9_case2",427,4608,251085187,589332,256,1264,393,7,13.270970
2,2,9,"q9_case2",428,4608,251674509,589322,256,1262,393,7,13.311927
2,2,9,"q9_case2",429,4608,252263862,589353,256,1260,393,7,13.351642
2,2,9,"q9_case2",430,4608,252853273,589411,256,1258,393,7,13.392129
2,2,9,"q9_case2",431,4608,253442641,589368,256,1256,393,7,13.429689
2,2,9,"q9_case2",432,4608,254031821,589180,256,1254,393,7,13.471345
2,2,9,"q9_case2",433,4608,254620946,589125,256,1252,393,7,13.513020
2,2,9,"q9_case2",434,4608,255210118,589172,256,1250,393,7,13.549336
2,2,9,"q9_case2",435,4608,255799360,589242,256,1248,393,7,13.582220
2,2,9,"q9_case2",436,4608,256388690,589330,256,1246,393,7,13.617581
2,2,9,"q9_case2",437,4608,256977988,589298,256,1244,393,7,13.655591
2,2,9,"q9_case2",438,4608,257567288,589300,256,1242,393,7,13.694297
2,2,9,"q9_case2",439,4608,258156632,589344,256,1240,393,7,13.735381
2,2,9,"q9_case2",440,4608,258745976,589344,256,1238,393,7,13.768842
2,2,9,"q9_case2",441,4608,259335325,589349,256,1236,393,7,13.812409
2,2,9,"q9_case2",442,4608,259924700,589375,256,1234,393,7,13.853348
2,2,9,"q9_case2",443,4608,260514076,589376,256,1232,393,7,13.885448
2,2,9,"q9_case2",444,4608,261103481,589405,256,1230,393,7,13.922694
2,2,9,"q9_case2",445,4608,261692907,589426,256,1228,393,7,13.969759
2,2,9,"q9_case2",446,4608,262282380,589473,256,1226,393,7,14.001662
2,2,9,"q9_case2",447,4608,262871818,589438,256,1224,393,7,14.043102
2,2,9,"q9_case2",448,4608,263461282,589464,256,1222,393,7,14.095969
2,2,9,"q9_case2",449,4608,264050699,589417,256,1220,393,7,14.137434
2,2,9,"q9_case2",450,4608,264640092,589393,256,1218,393,7,14.175989
2,2,9,"q9_case2",451,4608,265229495,589403,256,1216,393,7,14.216238
2,2,9,"q9_case2",452,4608,265818898,589403,256,1214,392,7,14.255550
2,2,9,"q9_case2",453,4608,266408352,589454,256,1212,392,7,14.292535
2,2,9,"q9_case2",454,4608,266997894,589542,256,1210,391,7,14.332359
2,2,9,"q9_case2",455,4608,267587250,589356,256,1208,391,7,14.367518
2,2,9,"q9_case2",456,4608,268176791,589541,256,1206,391,7,14.405867
2,2,9,"q9_case2",457,4608,268766127,589336,256,1204,391,7,14.444457
2,2,9,"q9_case2",458,4608,269355462,589335,256,1202,391,7,14.486218
2,2,9,"q9_case2",459,4608,269944771,589309,256,1200,391,7,14.525582
2,2,9,"q9_case2",460,4608,270534105,589334,256,1198,391,7,14.567436
2,2,9,"q9_case2",461,4608,271123469,589364,256,1196,391,7,14.611957
2,2,9,"q9_case2",462,4608,271712835,589366,256,1194,390,7,14.649091
2,2,9,"q9_case2",463,4608,272302226,589391,256,1192,390,7,14.691740
2,2,9,"q9_case2",464,4608,272891778,589552,256,1190,389,7,14.733435
2,2,9,"q9_case2",465,4608,273481051,589273,256,1188,389,7,14.769948
2,2,9,"q9_case2",466,4608,274070580,589529,256,1186,388,7,14.814941
2,2,9,"q9_case2",467,4608,274659868,589288,256,1184,388,7,14.852618
2,2,9,"q9_case2",468,4608,275249411,589543,256,1182,387,7,14.892699
2,2,9,"q9_case2",469,4608,275838735,589324,256,1180,387,7,14.922192
2,2,9,"q9_case2",470,4608,276428294,589559,256,1178,387,6,14.956520
2,2,9,"q9_case2",471,4608,277017633,589339,256,1176,386,6,14.993343
2,2,9,"q9_case2",472,4608,277607156,589523,256,1174,386,6,15.034353
2,2,9,"q9_case2",473,4608,278196644,589488,256,1172,385,6,15.075674
2,2,9,"q9_case2",474,4608,278785994,589350,256,1170,385,6,15.114213
2,2,9,"q9_case2",475,4608,279375542,589548,256,1168,385,6,15.157968
2,2,9,"q9_case2",476,4608,279964878,589336,256,1166,385,6,15.202637
2,2,9,"q9_case2",477,4608,280554291,589413,256,1164,384,6,15.246433
2,2,9,"q9_case2",478,4608,281143682,589391,256,1162,384,6,15.285464
2,2,9,"q9_case2",479,4608,281733175,589493,256,1160,383,6,15.325799
2,2,9,"q9_case2",480,4608,282322561,589386,256,1158,383,6,15.368533
2,2,9,"q9_case2",481,4608,282912095,589534,256,1156,382,6,15.408733
2,2,9,"q9_case2",482,4608,283501449,589354,256,1154,382,6,15.444432
2,2,9,"q9_case2",483,4608,284090993,589544,256,1152,382,6,15.480320
2,2,9,"q9_case2",484,4608,284680330,589337,256,1150,382,6,15.526430
2,2,9,"q9_case2",485,4608,285269874,589544,256,1148,382,6,15.567127
2,2,9,"q9_case2",486,4608,285859239,589365,256,1146,382,6,15.603383
2,2,9,"q9_case2",487,4608,286448615,589376,256,1144,382,6,15.641210
2,2,9,"q9_case2",488,4608,287038037,589422,256,1142,382,6,15.685117
2,2,9,"q9_case2",489,4608,287627487,589450,256,1140,381,6,15.721284
2,2,9,"q9_case2",490,4608,288216940,589453,256,1138,381,6,15.764262
2,2,9,"q9_case2",491,4608,288806479,589539,256,1136,380,6,15.811575
2,2,9,"q9_case2",492,4608,289395879,589400,256,1134,380,6,15.853663
2,2,9,"q9_case2",493,4608,289985422,589543,256,1132,380,6,15.901024
2,2,9,"q9_case2",494,4608,290574772,589350,256,1130,379,6,15.935241
2,2,9,"q9_case2",495,4608,291164318,589546,256,1128,379,6,15.972434
2,2,9,"q9_case2",496,4608,291753886,589568,256,1126,378,6,16.014919
2,2,9,"q9_case2",497,4608,292343238,589352,256,1124,378,6,16.057669
2,2,9,"q9_case2",498,4608,292932781,589543,256,1122,378,6,16.101116
2,2,9,"q9_case2",499,4608,293522123,589342,256,1120,377,6,16.145922
2,2,9,"q9_case2",500,4608,294111485,589362,256,1118,377,6,16.189251
2,2,9,"q9_case2",501,4608,294701053,589568,256,1116,376,6,16.230525
2,2,9,"q9_case2",502,4608,295290440,589387,256,1114,376,6,16.274069
2,2,9,"q9_case2",503,4608,295879827,589387,256,1112,375,6,16.314356
2,2,9,"q9_case2",504,4608,296469227,589400,256,1110,375,6,16.351380
2,2,9,"q9_case2",505,4608,297058770,589543,256,1108,373,6,16.394061
2,2,9,"q9_case2",506,4608,297648156,589386,256,1106,373,6,16.431254
2,2,9,"q9_case2",507,4608,298237724,589568,256,1104,372,6,16.473197
2,2,9,"q9_case2",508,4608,298827082,589358,256,1102,372,6,16.512638
2,2,9,"q9_case2",509,4608,299416627,589545,256,1100,371,6,16.554166
2,2,9,"q9_case2",510,4608,300005962,589335,256,1098,371,6,16.593113
2,2,9,"q9_case2",511,4608,300595510,589548,256,1096,371,6,16.627598
2,2,9,"q9_case2",512,4608,301184839,589329,256,1094,371,6,16.661503
2,2,9,"q9_case2",513,4608,301774184,589345,256,1092,371,6,16.706062
2,2,9,"q9_case2",514,4608,302363617,589433,256,1090,371,6,16.742029
2,2,9,"q9_case2",515,4608,302953085,589468,256,1088,371,6,16.782038
2,2,9,"q9_case2",516,4608,303542472,589387,256,1086,371,6,16.829325
2,2,9,"q9_case2",517,4608,304131751,589279,256,1084,370,6,16.875364
2,2,9,"q9_case2",518,4608,304721126,589375,256,1082,370,6,16.924385
2,2,9,"q9_case2",519,4608,305310687,589561,256,1080,368,6,16.975959
2,2,9,"q9_case2",520,4608,305900040,589353,256,1078,368,6,17.022530
2,2,9,"q9_case2",521,4608,306489596,589556,256,1076,367,6,17.063442
2,2,9,"q9_case2",522,4608,307078932,589336,256,1074,367,6,17.106784
2,2,9,"q9_case2",523,4608,307668491,589559,256,1072,366,6,17.151799
2,2,9,"q9_case2",524,4608,308257820,589329,256,1070,366,6,17.194594
2,2,9,"q9_case2",525,4608,308847383,589563,256,1068,366,6,17.236524
2,2,9,"q9_case2",526,4608,309436706,589323,256,1066,365,6,17.279532
2,2,9,"q9_case2",527,4608,310026026,589320,256,1064,365,6,17.324112
2,2,9,"q9_case2",528,4608,310615506,589480,256,1062,364,6,17.370523
2,2,9,"q9_case2",529,4608,311204846,589340,256,1060,363,6,17.416529
2,2,9,"q9_case2",530,4608,311794387,589541,256,1058,363,6,17.463703
2,2,9,"q9_case2",531,4608,312383877,589490,256,1056,362,6,17.509192
2,2,9,"q9_case2",532,4608,312973209,589332,256,1054,362,6,17.551234
2,2,9,"q9_case2",533,4608,313562755,589546,256,1052,362,6,17.590683
2,2,9,"q9_case2",534,4608,314152085,589330,256,1050,362,6,17.631320
2,2,9,"q9_case2",535,4608,314741394,589309,256,1048,362,6,17.683766
2,2,9,"q9_case2",536,4608,315330696,589302,256,1046,361,6,17.723146
2,2,9,"q9_case2",537,4608,315920139,589443,256,1044,361,6,17.771048
2,2,9,"q9_case2",538,4608,316509659,589520,256,1042,360,6,17.812111
2,2,9,"q9_case2",539,4608,317099000,589341,256,1040,360,6,17.850794
2,2,9,"q9_case2",540,4608,317688546,589546,256,1038,360,6,17.891486
2,2,9,"q9_case2",541,4608,318277858,589312,256,1036,360,6,17.934859
2,2,9,"q9_case2",542,4608,318867161,589303,256,1034,360,6,17.974926
2,2,9,"q9_case2",543,4608,319456466,589305,256,1032,360,6,18.019570
2,2,9,"q9_case2",544,4608,320045774,589308,256,1030,360,6,18.070995
2,2,9,"q9_case2",545,4608,320635170,589396,256,1028,359,6,18.125257
2,2,9,"q9_case2",546,4608,321224470,589300,256,1026,358,6,18.180194
2,2,9,"q9_case2",547,4608,321813865,589395,256,1024,358,6,18.232141
2,2,9,"q9_case2",548,4608,322403425,589560,256,1022,358,6,18.280293
2,2,9,"q9_case2",549,4608,322992721,589296,256,1020,358,6,18.329179
2,2,9,"q9_case2",550,4608,323582073,589352,256,1018,358,6,18.379876
2,2,9,"q9_case2",551,4608,324171383,589310,256,1016,357,6,18.423417
2,2,9,"q9_case2",552,4608,324760668,589285,256,1014,357,6,18.464499
2,2,9,"q9_case2",553,4608,325350158,589490,256,1012,357,6,18.520298
2,2,9,"q9_case2",554,4608,325939280,589122,256,1010,357,6,18.571819
2,2,9,"q9_case2",555,4608,326528410,589130,256,1008,357,6,18.614658
2,2,9,"q9_case2",556,4608,327117639,589229,256,1006,357,6,18.665047
2,2,9,"q9_case2",557,4608,327706894,589255,256,1004,357,6,18.717839
2,2,9,"q9_case2",558,4608,328296153,589259,256,1002,357,6,18.770455
2,2,9,"q9_case2",559,4608,328885440,589287,256,1000,357,6,18.810293
2,2,9,"q9_case2",560,4608,329474772,589332,256,998,357,6,18.858186
2,2,9,"q9_case2",561,4608,330064146,589374,256,996,357,6,18.912004
2,2,9,"q9_case2",562,4608,330653487,589341,256,994,357,6,18.962390
2,2,9,"q9_case2",563,4608,331242844,589357,256,992,357,6,19.012503
2,2,9,"q9_case2",564,4608,331832180,589336,256,990,356,6,19.061585
2,2,9,"q9_case2",565,4608,332421496,589316,256,988,355,6,19.116696
2,2,9,"q9_case2",566,4608,333010890,589394,256,986,355,6,19.167274
2,2,9,"q9_case2",567,4608,333600451,589561,256,984,354,6,19.223894
2,2,9,"q9_case2",568,4608,334189742,589291,256,982,354,6,19.278303
2,2,9,"q9_case2",569,4608,334779300,589558,256,980,353,6,19.330617
2,2,9,"q9_case2",570,4608,335368561,589261,256,978,353,6,19.383272
2,2,9,"q9_case2",571,4608,335958126,589565,256,976,352,6,19.437051
2,2,9,"q9_case2",572,4608,336547393,589267,256,974,352,6,19.490205
2,2,9,"q9_case2",573,4608,337136933,589540,256,972,352,6,19.540450
2,2,9,"q9_case2",574,4608,337726164,589231,256,970,352,6,19.592727
2,2,9,"q9_case2",575,4608,338315400,589236,256,968,352,6,19.645119
2,2,9,"q9_case2",576,4608,338904623,589223,256,966,351,6,19.693674
2,2,9,"q9_case2",577,4608,339493925,589302,256,964,350,6,19.740087
2,2,9,"q9_case2",578,4608,340083429,589504,256,962,350,6,19.794855
2,2,9,"q9_case2",579,4608,340672982,589553,256,960,350,6,19.852240
2,2,9,"q9_case2",580,4608,341262174,589192,256,958,350,6,19.902103
2,2,9,"q9_case2",581,4608,341851375,589201,256,956,350,6,19.950119
2,2,9,"q9_case2",582,4608,342440570,589195,256,954,349,6,20.002192
2,2,9,"q9_case2",583,4608,343029928,589358,256,952,349,6,20.052803
2,2,9,"q9_case2",584,4608,343619408,589480,256,950,349,6,20.100330
2,2,9,"q9_case2",585,4608,344208752,589344,256,948,349,6,20.154055
2,2,9,"q9_case2",586,4608,344798137,589385,256,946,349,6,20.198885
2,2,9,"q9_case2",587,4608,345387494,589357,256,944,348,6,20.243974
2,2,9,"q9_case2",588,4608,345976897,589403,256,942,347,6,20.289847
2,2,9,"q9_case2",589,4608,346566424,589527,256,940,347,6,20.334335
2,2,9,"q9_case2",590,4608,347155768,589344,256,938,347,6,20.377127
2,2,9,"q9_case2",591,4608,347745112,589344,256,936,347,6,20.417356
2,2,9,"q9_case2",592,4608,348334456,589344,256,934,347,6,20.467561
2,2,9,"q9_case2",593,4608,348923800,589344,256,932,347,6,20.511754
2,2,9,"q9_case2",594,4608,349513149,589349,256,930,347,6,20.554999
2,2,9,"q9_case2",595,4608,350102468,589319,256,928,347,6,20.602143
2,2,9,"q9_case2",596,4608,350691789,589321,256,926,347,6,20.656766
2,2,9,"q9_case2",597,4608,351281126,589337,256,924,347,6,20.706393
2,2,9,"q9_case2",598,4608,351870467,589341,256,922,347,6,20.755459
2,2,9,"q9_case2",599,4608,352459915,589448,256,920,347,6,20.810380
2,2,9,"q9_case2",600,4608,353049273,589358,256,918,347,6,20.862938
2,2,9,"q9_case2",601,4608,353638633,589360,256,916,347,6,20.911742
2,2,9,"q9_case2",602,4608,354228017,589384,256,914,347,6,20.966922
2,2,9,"q9_case2",603,4608,354817472,589455,256,912,347,6,21.024239
2,2,9,"q9_case2",604,4608,355406909,589437,256,910,347,6,21.075099
2,2,9,"q9_case2",605,4608,355996304,589395,256,908,347,6,21.126774
2,2,9,"q9_case2",606,4608,356585726,589422,256,906,347,6,21.172214
2,2,9,"q9_case2",607,4608,357175133,589407,256,904,347,6,21.221781
2,2,9,"q9_case2",608,4608,357764545,589412,256,902,347,6,21.273460
2,2,9,"q9_case2",609,4608,358353950,589405,256,900,347,6,21.327462
2,2,9,"q9_case2",610,4608,358943365,589415,256,898,347,6,21.382176
2,2,9,"q9_case2",611,4608,359532735,589370,256,896,347,6,21.434739
2,2,9,"q9_case2",612,4608,360122102,589367,256,894,347,6,21.485681
2,2,9,"q9_case2",613,4608,360711474,589372,256,892,346,6,21.531022
2,2,9,"q9_case2",614,4608,361300841,589367,256,890,346,6,21.580392
2,2,9,"q9_case2",615,4608,361890403,589562,256,888,344,6,21.632852
2,2,9,"q9_case2",616,4608,362479774,589371,256,886,344,6,21.684555
2,2,9,"q9_case2",617,4608,363069316,589542,256,884,343,6,21.733435
2,2,9,"q9_case2",618,4608,363658670,589354,256,882,342,6,21.787758
2,2,9,"q9_case2",619,4608,364248203,589533,256,880,342,6,21.845928
2,2,9,"q9_case2",620,4608,364837728,589525,256,878,341,6,21.897980
2,2,9,"q9_case2",621,4608,365427096,589368,256,876,341,6,21.949406
2,2,9,"q9_case2",622,4608,366016628,589532,256,874,340,6,22.002682
2,2,9,"q9_case2",623,4608,366605995,589367,256,872,339,6,22.053549
2,2,9,"q9_case2",624,4608,367195546,589551,256,870,339,6,22.097428
2,2,9,"q9_case2",625,4608,367785053,589507,256,868,338,6,22.141400
2,2,9,"q9_case2",626,4608,368374454,589401,256,866,338,6,22.185556
2,2,9,"q9_case2",627,4608,368963962,589508,256,864,337,6,22.250726
2,2,9,"q9_case2",628,4608,369553436,589474,256,862,337,6,22.285105
2,2,9,"q9_case2",629,4608,370142997,589561,256,860,337,6,22.318555
2,2,9,"q9_case2",630,4608,370732456,589459,256,858,336,6,22.354373
2,2,9,"q9_case2",631,4608,371321911,589455,256,856,336,6,22.388384
2,2,9,"q9_case2",632,4608,371911453,589542,256,854,336,6,22.424624
2,2,9,"q9_case2",633,4608,372500827,589374,256,852,336,6,22.462246
2,2,9,"q9_case2",634,4608,373090236,589409,256,850,336,6,22.510686
2,2,9,"q9_case2",635,4608,373679646,589410,256,848,335,6,22.556422
2,2,9,"q9_case2",636,4608,374269031,589385,256,846,335,6,22.602972
2,2,9,"q9_case2",637,4608,374858464,589433,256,844,334,6,22.646626
2,2,9,"q9_case2",638,4608,375447748,589284,256,842,334,6,22.700652
2,2,9,"q9_case2",639,4608,376037316,589568,256,840,334,5,22.751931
2,2,9,"q9_case2",640,4608,376626744,589428,256,838,334,5,22.798099
2,2,9,"q9_case2",641,4608,377216288,589544,256,836,333,5,22.850927
2,2,9,"q9_case2",642,4608,377805745,589457,256,834,333,5,22.899664
2,2,9,"q9_case2",643,4608,378395260,589515,256,832,332,5,22.948771
2,2,9,"q9_case2",644,4608,378984691,589431,256,830,332,5,22.997748
2,2,9,"q9_case2",645,4608,379574139,589448,256,828,331,5,23.039215
2,2,9,"q9_case2",646,4608,380163554,589415,256,826,331,5,23.074748
2,2,9,"q9_case2",647,4608,380753054,589500,256,824,330,5,23.115576
2,2,9,"q9_case2",648,4608,381342466,589412,256,822,329,5,23.161892
2,2,9,"q9_case2",649,4608,381932000,589534,256,820,329,5,23.202712
2,2,9,"q9_case2",650,4608,382521531,589531,256,818,328,5,23.256411
2,2,9,"q9_case2",651,4608,383110885,589354,256,816,328,5,23.304050
2,2,9,"q9_case2",652,4608,383700413,589528,256,814,328,5,23.347250
2,2,9,"q9_case2",653,4608,384289770,589357,256,812,328,5,23.399317
2,2,9,"q9_case2",654,4608,384879228,589458,256,810,328,5,23.440080
2,2,9,"q9_case2",655,4608,385468597,589369,256,808,328,5,23.491698
2,2,9,"q9_case2",656,4608,386057924,589327,256,806,328,5,23.537823
2,2,9,"q9_case2",657,4608,386647314,589390,256,804,328,5,23.594673
2,2,9,"q9_case2",658,4608,387236711,589397,256,802,327,5,23.652768
2,2,9,"q9_case2",659,4608,387826143,589432,256,800,327,5,23.709742
2,2,9,"q9_case2",660,4608,388415665,589522,256,798,326,5,23.758561
2,2,9,"q9_case2",661,4608,389004978,589313,256,796,326,5,23.811059
2,2,9,"q9_case2",662,4608,389594473,589495,256,794,325,5,23.863634
2,2,9,"q9_case2",663,4608,390183811,589338,256,792,325,5,23.911629
2,2,9,"q9_case2",664,4608,390773334,589523,256,790,324,5,23.959042
2,2,9,"q9_case2",665,4608,391362671,589337,256,788,324,5,24.009129
2,2,9,"q9_case2",666,4608,391952136,589465,256,786,323,5,24.063804
2,2,9,"q9_case2",667,4608,392541442,589306,256,784,323,5,24.118083
2,2,9,"q9_case2",668,4608,393130995,589553,256,782,322,5,24.167011
2,2,9,"q9_case2",669,4608,393720268,589273,256,780,322,5,24.216908
2,2,9,"q9_case2",670,4608,394309797,589529,256,778,321,5,24.258478
2,2,9,"q9_case2",671,4608,394899073,589276,256,776,321,5,24.305933
2,2,9,"q9_case2",672,4608,395488614,589541,256,774,320,5,24.349904
2,2,9,"q9_case2",673,4608,396077868,589254,256,772,320,5,24.398659
2,2,9,"q9_case2",674,4608,396667414,589546,256,770,319,5,24.449613
2,2,9,"q9_case2",675,4608,397256683,589269,256,768,319,5,24.500770
2,2,9,"q9_case2",676,4608,397846203,589520,256,766,319,5,24.557281
2,2,9,"q9_case2",677,4608,398435463,589260,256,764,317,5,24.612613
2,2,9,"q9_case2",678,4608,399024740,589277,256,762,317,5,24.665446
2,2,9,"q9_case2",679,4608,399614212,589472,256,760,316,5,24.718962
2,2,9,"q9_case2",680,4608,400203467,589255,256,758,316,5,24.770570
2,2,9,"q9_case2",681,4608,400793006,589539,256,756,315,5,24.821920
2,2,9,"q9_case2",682,4608,401382256,589250,256,754,315,5,24.869513
2,2,9,"q9_case2",683,4608,401971705,589449,256,752,314,5,24.927613
2,2,9,"q9_case2",684,4608,402560975,589270,256,750,314,5,24.969123
2,2,9,"q9_case2",685,4608,403150507,589532,256,748,313,5,25.006589
2,2,9,"q9_case2",686,4608,403739751,589244,256,746,313,5,25.048537
2,2,9,"q9_case2",687,4608,404329121,589370,256,744,312,5,25.099868
2,2,9,"q9_case2",688,4608,404918421,589300,256,742,312,5,25.163017
2,2,9,"q9_case2",689,4608,405507529,589108,256,740,312,5,25.207974
2,2,9,"q9_case2",690,4608,406096821,589292,256,738,311,5,25.270145
2,2,9,"q9_case2",691,4608,406685847,589026,256,736,311,5,25.318096
2,2,9,"q9_case2",692,4608,407275103,589256,256,734,311,5,25.368859
2,2,9,"q9_case2",693,4608,407864418,589315,256,732,311,5,25.422464
2,2,9,"q9_case2",694,4608,408453463,589045,256,730,311,5,25.477859
2,2,9,"q9_case2",695,4608,409042527,589064,256,728,310,5,25.533537
2,2,9,"q9_case2",696,4608,409631660,589133,256,726,310,5,25.577025
2,2,9,"q9_case2",697,4608,410220862,589202,256,724,310,5,25.619584
2,2,9,"q9_case2",698,4608,410810148,589286,256,722,309,5,25.674208
2,2,9,"q9_case2",699,4608,411399234,589086,256,720,308,5,25.730187
2,2,9,"q9_case2",700,4608,411988486,589252,256,718,308,5,25.790566
2,2,9,"q9_case2",701,4608,412577786,589300,256,716,307,5,25.847145
2,2,9,"q9_case2",702,4608,413166982,589196,256,714,307,5,25.894718
2,2,9,"q9_case2",703,4608,413756101,589119,256,712,306,5,25.944660
2,2,9,"q9_case2",704,4608,414345278,589177,256,710,306,5,25.988795
2,2,9,"q9_case2",705,4608,414934434,589156,256,708,306,5,26.034051
2,2,9,"q9_case2",706,4608,415523548,589114,256,706,305,5,26.076696
2,2,9,"q9_case2",707,4608,416112639,589091,256,704,305,5,26.127273
2,2,9,"q9_case2",708,4608,416701567,588928,256,702,305,5,26.168429
2,2,9,"q9_case2",709,4608,417290576,589009,256,700,305,5,26.211685
2,2,9,"q9_case2",710,4608,417879658,589082,256,698,305,5,26.251621
2,2,9,"q9_case2",711,4608,418468710,589052,256,696,305,5,26.301051
2,2,9,"q9_case2",712,4608,419057837,589127,256,694,305,5,26.350381
2,2,9,"q9_case2",713,4608,419647042,589205,256,692,306,5,26.400651
2,2,9,"q9_case2",714,4608,420236360,589318,256,692,304,5,26.456591
2,2,9,"q9_case2",715,4608,420825928,589568,256,690,303,5,26.514418
2,2,9,"q9_case2",716,4608,421415496,589568,256,688,303,5,26.564901
2,2,9,"q9_case2",717,4608,422005020,589524,256,686,304,5,26.619796
2,2,9,"q9_case2",718,4608,422594396,589376,256,686,302,5,26.677904
2,2,9,"q9_case2",719,4608,423183916,589520,256,684,302,5,26.728305
2,2,9,"q9_case2",720,4608,423773468,589552,256,682,303,5,26.777233
2,2,9,"q9_case2",721,4608,424362934,589466,256,680,303,5,26.820257
2,2,9,"q9_case2",722,4608,424952496,589562,256,680,302,5,26.873031
2,2,9,"q9_case2",723,4608,425541944,589448,256,678,301,5,26.930080
2,2,9,"q9_case2",724,4608,426131314,589370,256,676,302,5,26.988516
2,2,9,"q9_case2",725,4608,426720866,589552,256,676,300,5,27.032990
2,2,9,"q9_case2",726,4608,427310434,589568,256,674,300,5,27.090856
2,2,9,"q9_case2",727,4608,427899994,589560,256,674,299,5,27.131964
2,2,9,"q9_case2",728,4608,428489504,589510,256,672,299,5,27.175647
2,2,9,"q9_case2",729,4608,429078896,589392,256,672,298,5,27.224632
2,2,9,"q9_case2",730,4608,429668432,589536,256,670,298,5,27.274504
2,2,9,"q9_case2",731,4608,430257776,589344,256,668,296,5,27.320565
2,2,9,"q9_case2",732,4608,430847309,589533,256,668,295,5,27.372837
2,2,9,"q9_case2",733,4608,431436813,589504,256,666,294,5,27.429422
2,2,9,"q9_case2",734,4608,432026141,589328,256,664,294,5,27.488017
2,2,9,"q9_case2",735,4608,432615701,589560,256,664,293,5,27.538304
2,2,9,"q9_case2",736,4608,433205037,589336,256,662,293,5,27.595927
2,2,9,"q9_case2",737,4608,433794359,589322,256,662,292,5,27.642644
2,2,9,"q9_case2",738,4608,434383911,589552,256,662,291,5,27.693019
2,2,9,"q9_case2",739,4608,434973223,589312,256,662,290,5,27.747799
2,2,9,"q9_case2",740,4608,435562527,589304,256,662,289,5,27.799321
2,2,9,"q9_case2",741,4608,436151871,589344,256,662,288,5,27.845709
2,2,9,"q9_case2",742,4608,436741201,589330,256,662,287,5,27.893272
2,2,9,"q9_case2",743,4608,437330703,589502,256,660,286,5,27.940279
2,2,9,"q9_case2",744,4608,437920199,589496,256,660,285,5,27.996221
2,2,9,"q9_case2",745,4608,438509503,589304,256,660,284,5,28.056395
2,2,9,"q9_case2",746,4608,439098832,589329,256,658,284,5,28.102209
2,2,9,"q9_case2",747,4608,439688323,589491,256,656,282,5,28.152785
2,2,9,"q9_case2",748,4608,440277888,589565,256,654,282,5,28.210438
2,2,9,"q9_case2",749,4608,440867402,589514,256,652,282,5,28.267793
2,2,9,"q9_case2",750,4608,441456912,589510,256,652,281,5,28.327960
2,2,9,"q9_case2",751,4608,442046422,589510,256,652,280,5,28.389284
2,2,9,"q9_case2",752,4608,442635798,589376,256,652,279,5,28.442437
2,2,9,"q9_case2",753,4608,443225072,589274,256,652,278,5,28.500187
2,2,9,"q9_case2",754,4608,443814346,589274,256,652,277,5,28.555800
2,2,9,"q9_case2",755,4608,444403706,589360,256,652,276,5,28.602700
2,2,9,"q9_case2",756,4608,444993018,589312,256,652,275,5,28.652080
2,2,9,"q9_case2",757,4608,445582342,589324,256,652,274,5,28.708673
2,2,9,"q9_case2",758,4608,446171760,589418,256,652,273,5,28.766481
2,2,9,"q9_case2",759,4608,446761164,589404,256,652,272,5,28.815603
2,2,9,"q9_case2",760,4608,447350533,589369,256,652,271,5,28.869867
2,2,9,"q9_case2",761,4608,447939936,589403,256,652,270,5,28.921185
2,2,9,"q9_case2",762,4608,448529340,589404,256,652,269,5,28.971838
2,2,9,"q9_case2",763,4608,449118749,589409,256,650,269,5,29.015537
2,2,9,"q9_case2",764,4608,449708165,589416,256,650,268,5,29.078093
2,2,9,"q9_case2",765,4608,450297502,589337,256,650,267,5,29.123342
2,2,9,"q9_case2",766,4608,450886841,589339,256,650,266,5,29.177440
2,2,9,"q9_case2",767,4608,451476163,589322,256,648,266,5,29.243372
2,2,9,"q9_case2",768,4608,452065544,589381,256,646,265,5,29.297584
2,2,9,"q9_case2",769,4608,452655071,589527,256,644,265,5,29.356045
2,2,9,"q9_case2",770,4608,453244482,589411,256,644,264,5,29.418246
2,2,9,"q9_case2",771,4608,453833908,589426,256,642,263,5,29.465740
2,2,9,"q9_case2",772,4608,454423294,589386,256,640,263,5,29.512132
2,2,9,"q9_case2",773,4608,455012737,589443,256,638,264,5,29.557783
2,2,9,"q9_case2",774,4608,455602124,589387,256,636,263,5,29.609920
2,2,9,"q9_case2",775,4608,456191590,589466,256,634,263,5,29.658109
2,2,9,"q9_case2",776,4608,456781128,589538,256,634,262,5,29.714443
2,2,9,"q9_case2",777,4608,457370517,589389,256,632,261,5,29.757151
2,2,9,"q9_case2",778,4608,457959868,589351,256,630,261,5,29.801531
2,2,9,"q9_case2",779,4608,458549401,589533,256,630,260,5,29.850962
2,2,9,"q9_case2",780,4608,459138782,589381,256,628,260,5,29.902143
2,2,9,"q9_case2",781,4608,459728105,589323,256,626,260,5,29.953432
2,2,9,"q9_case2",782,4608,460317575,589470,256,626,259,5,30.009058
2,2,9,"q9_case2",783,4608,460907007,589432,256,624,259,5,30.071260
2,2,9,"q9_case2",784,4608,461496330,589323,256,624,258,5,30.136048
2,2,9,"q9_case2",785,4608,462085861,589531,256,622,258,5,30.192915
2,2,9,"q9_case2",786,4608,462675141,589280,256,622,257,5,30.256786
2,2,9,"q9_case2",787,4608,463264707,589566,256,620,256,5,30.313007
2,2,9,"q9_case2",788,4608,463854116,589409,256,618,255,5,30.362605
2,2,9,"q9_case2",789,4608,464443644,589528,256,616,255,5,30.413421
2,2,9,"q9_case2",790,4608,465033173,589529,256,614,255,5,30.464704
2,2,9,"q9_case2",791,4608,465622698,589525,256,612,255,5,30.510858
2,2,9,"q9_case2",792,4608,466212148,589450,256,612,252,5,30.567494
2,2,9,"q9_case2",793,4608,466801513,589365,256,610,252,5,30.611122
2,2,9,"q9_case2",794,4608,467391028,589515,256,608,252,5,30.667793
2,2,9,"q9_case2",795,4608,467980477,589449,256,606,252,5,30.711237
2,2,9,"q9_case2",796,4608,468569830,589353,256,604,252,5,30.767416
2,2,9,"q9_case2",797,4608,469159173,589343,256,602,252,5,30.812288
2,2,9,"q9_case2",798,4608,469748387,589214,256,602,251,5,30.868472
2,2,9,"q9_case2",799,4608,470337695,589308,256,600,250,5,30.921447
2,2,9,"q9_case2",800,4608,470927064,589369,256,598,249,5,30.980200
2,2,9,"q9_case2",801,4608,471516615,589551,256,596,249,5,31.041923
2,2,9,"q9_case2",802,4608,472106181,589566,256,594,249,5,31.088854
2,2,9,"q9_case2",803,4608,472695664,589483,256,592,249,5,31.143761
2,2,9,"q9_case2",804,4608,473285031,589367,256,592,246,5,31.199177
2,2,9,"q9_case2",805,4608,473874370,589339,256,590,246,5,31.258500
2,2,9,"q9_case2",806,4608,474463866,589496,256,588,246,5,31.309148
2,2,9,"q9_case2",807,4608,475053228,589362,256,586,248,5,31.352239
2,2,9,"q9_case2",808,4608,475642565,589337,256,584,248,5,31.398267
2,2,9,"q9_case2",809,4608,476232067,589502,256,584,245,5,31.458948
2,2,9,"q9_case2",810,4608,476821489,589422,256,582,245,5,31.519458
2,2,9,"q9_case2",811,4608,477411034,589545,256,580,245,5,31.582906
2,2,9,"q9_case2",812,4608,478000449,589415,256,580,244,5,31.641255
2,2,9,"q9_case2",813,4608,478589857,589408,256,578,243,5,31.693401
2,2,9,"q9_case2",814,4608,479179233,589376,256,576,244,5,31.747984
2,2,9,"q9_case2",815,4608,479768671,589438,256,576,242,5,31.807708
2,2,9,"q9_case2",816,4608,480358207,589536,256,574,242,5,31.864943
2,2,9,"q9_case2",817,4608,480947765,589558,256,572,242,5,31.916325
2,2,9,"q9_case2",818,4608,481537239,589474,256,570,242,5,31.980454
2,2,9,"q9_case2",819,4608,482126737,589498,256,570,241,5,32.039736
2,2,9,"q9_case2",820,4608,482716191,589454,256,568,241,5,32.100621
2,2,9,"q9_case2",821,4608,483305584,589393,256,566,241,5,32.161180
2,2,9,"q9_case2",822,4608,483895032,589448,256,564,240,5,32.221743
2,2,9,"q9_case2",823,4608,484484515,589483,256,562,239,5,32.275140
2,2,9,"q9_case2",824,4608,485073971,589456,256,562,238,5,32.322916
2,2,9,"q9_case2",825,4608,485663420,589449,256,560,237,5,32.377506
2,2,9,"q9_case2",826,4608,486252791,589371,256,558,238,5,32.428544
2,2,9,"q9_case2",827,4608,486842332,589541,256,556,237,5,32.475547
2,2,9,"q9_case2",828,4608,487431869,589537,256,556,236,5,32.519907
2,2,9,"q9_case2",829,4608,488021328,589459,256,554,235,5,32.581546
2,2,9,"q9_case2",830,4608,488610716,589388,256,552,236,5,32.638674
2,2,9,"q9_case2",831,4608,489200240,589524,256,550,236,5,32.698679
2,2,9,"q9_case2",832,4608,489789787,589547,256,548,236,5,32.752923
2,2,9,"q9_case2",833,4608,490379182,589395,256,548,234,5,32.817790
2,2,9,"q9_case2",834,4608,490968616,589434,256,546,234,5,32.873827
2,2,9,"q9_case2",835,4608,491558154,589538,256,544,233,5,32.930608
2,2,9,"q9_case2",836,4608,492147616,589462,256,542,233,5,32.993115
2,2,9,"q9_case2",837,4608,492737163,589547,256,542,234,4,33.049253
2,2,9,"q9_case2",838,4608,493326676,589513,256,540,233,4,33.099335
2,2,9,"q9_case2",839,4608,493916233,589557,256,538,230,5,33.153192
2,2,9,"q9_case2",840,4608,494505612,589379,256,536,232,5,33.218600
2,2,9,"q9_case2",841,4608,495095156,589544,256,536,230,4,33.272559
2,2,9,"q9_case2",842,4608,495684707,589551,256,534,230,4,33.321466
2,2,9,"q9_case2",843,4608,496274262,589555,256,532,227,5,33.379010
2,2,9,"q9_case2",844,4608,496863775,589513,256,530,226,5,33.428766
2,2,9,"q9_case2",845,4608,497453330,589555,256,528,230,5,33.476673
2,2,9,"q9_case2",846,4608,498042694,589364,256,528,229,4,33.532987
2,2,9,"q9_case2",847,4608,498632240,589546,256,526,223,5,33.578414
2,2,9,"q9_case2",848,4608,499221796,589556,256,524,224,5,33.638727
2,2,9,"q9_case2",849,4608,499811353,589557,256,522,228,5,33.692709
2,2,9,"q9_case2",850,4608,500400920,589567,256,522,223,4,33.748223
2,2,9,"q9_case2",851,4608,500990479,589559,256,520,227,4,33.807996
2,2,9,"q9_case2",852,4608,501580040,589561,256,518,223,5,33.863243
2,2,9,"q9_case2",853,4608,502169605,589565,256,516,223,5,33.920791
2,2,9,"q9_case2",854,4608,502759164,589559,256,516,221,4,33.968192
2,2,9,"q9_case2",855,4608,503348677,589513,256,514,225,4,34.022868
2,2,9,"q9_case2",856,4608,503938240,589563,256,512,220,5,34.079707
2,2,9,"q9_case2",857,4608,504527800,589560,256,510,221,5,34.132630
2,2,9,"q9_case2",858,4608,505117361,589561,256,510,220,4,34.181980
2,2,9,"q9_case2",859,4608,505706900,589539,256,508,220,4,34.225141
2,2,9,"q9_case2",860,4608,506296462,589562,256,506,219,5,34.277595
2,2,9,"q9_case2",861,4608,506885976,589514,256,504,220,5,34.339503
2,2,9,"q9_case2",862,4608,507475537,589561,256,504,217,4,34.389843
2,2,9,"q9_case2",863,4608,508065091,589554,256,502,218,4,34.445734
2,2,9,"q9_case2",864,4608,508654656,589565,256,500,219,4,34.495917
2,2,9,"q9_case2",865,4608,509244197,589541,256,498,218,4,34.550888
2,2,9,"q9_case2",866,4608,509833750,589553,256,496,218,4,34.607067
2,2,9,"q9_case2",867,4608,510422999,589249,256,494,218,4,34.669897
2,2,9,"q9_case2",868,4608,511012170,589171,256,494,216,4,34.725548
2,2,9,"q9_case2",869,4608,511601476,589306,256,492,216,4,34.790022
2,2,9,"q9_case2",870,4608,512190994,589518,256,490,215,4,34.846049
2,2,9,"q9_case2",871,4608,512780354,589360,256,488,216,4,34.900531
2,2,9,"q9_case2",872,4608,513369897,589543,256,488,213,4,34.952627
2,2,9,"q9_case2",873,4608,513959456,589559,256,486,213,4,35.015202
2,2,9,"q9_case2",874,4608,514549018,589562,256,484,213,4,35.078050
2,2,9,"q9_case2",875,4608,515138568,589550,256,484,212,4,35.132111
2,2,9,"q9_case2",876,4608,515728124,589556,256,482,212,4,35.195056
2,2,9,"q9_case2",877,4608,516317506,589382,256,480,212,4,35.254857
2,2,9,"q9_case2",878,4608,516907041,589535,256,480,210,4,35.310008
2,2,9,"q9_case2",879,4608,517496563,589522,256,478,211,4,35.371285
2,2,9,"q9_case2",880,4608,518086012,589449,256,476,211,4,35.433346
2,2,9,"q9_case2",881,4608,518675538,589526,256,476,209,4,35.492509
2,2,9,"q9_case2",882,4608,519265056,589518,256,474,209,4,35.548858
2,2,9,"q9_case2",883,4608,519854605,589549,256,472,208,4,35.615369
2,2,9,"q9_case2",884,4608,520444097,589492,256,472,207,4,35.671745
2,2,9,"q9_case2",885,4608,521033588,589491,256,470,206,4,35.740184
2,2,9,"q9_case2",886,4608,521622952,589364,256,468,206,4,35.796017
2,2,9,"q9_case2",887,4608,522212484,589532,256,466,206,4,35.859523
2,2,9,"q9_case2",888,4608,522802022,589538,256,466,205,4,35.917872
2,2,9,"q9_case2",889,4608,523391582,589560,256,464,204,4,35.971883
2,2,9,"q9_case2",890,4608,523981023,589441,256,462,205,4,36.026258
2,2,9,"q9_case2",891,4608,524570560,589537,256,460,205,4,36.088613
2,2,9,"q9_case2",892,4608,525160115,589555,256,460,203,4,36.143519
2,2,9,"q9_case2",893,4608,525749683,589568,256,458,203,4,36.196947
2,2,9,"q9_case2",894,4608,526339250,589567,256,456,203,4,36.246153
2,2,9,"q9_case2",895,4608,526928811,589561,256,456,202,4,36.291626
2,2,9,"q9_case2",896,4608,527518364,589553,256,454,201,4,36.354551
2,2,9,"q9_case2",897,4608,528107774,589410,256,452,202,4,36.417955
2,2,9,"q9_case2",898,4608,528697299,589525,256,452,200,4,36.475671
2,2,9,"q9_case2",899,4608,529286852,589553,256,450,200,4,36.539129
2,2,9,"q9_case2",900,4608,529876419,589567,256,448,201,4,36.610058
2,2,9,"q9_case2",901,4608,530465919,589500,256,448,199,4,36.668193
2,2,9,"q9_case2",902,4608,531055469,589550,256,446,199,4,36.730531
2,2,9,"q9_case2",903,4608,531645035,589566,256,444,200,4,36.794758
2,2,9,"q9_case2",904,4608,532234536,589501,256,444,198,4,36.850976
2,2,9,"q9_case2",905,4608,532824087,589551,256,442,198,4,36.912829
2,2,9,"q9_case2",906,4608,533413652,589565,256,440,198,4,36.972879
2,2,9,"q9_case2",907,4608,534003219,589567,256,440,197,4,37.028775
2,2,9,"q9_case2",908,4608,534592787,589568,256,438,196,4,37.088837
2,2,9,"q9_case2",909,4608,535182173,589386,256,436,197,4,37.150909
2,2,9,"q9_case2",910,4608,535771732,589559,256,436,195,4,37.203059
2,2,9,"q9_case2",911,4608,536361300,589568,256,434,195,4,37.258670
2,2,9,"q9_case2",912,4608,536950868,589568,256,432,197,4,37.329015
2,2,9,"q9_case2",913,4608,537540434,589566,256,432,194,4,37.393495
2,2,9,"q9_case2",914,4608,538130002,589568,256,430,195,4,37.457753
2,2,9,"q9_case2",915,4608,538719570,589568,256,430,193,4,37.524882
2,2,9,"q9_case2",916,4608,539309136,589566,256,428,194,4,37.587676
2,2,9,"q9_case2",917,4608,539898704,589568,256,428,192,4,37.651427
2,2,9,"q9_case2",918,4608,540488272,589568,256,426,193,4,37.707852
2,2,9,"q9_case2",919,4608,541077818,589546,256,426,191,4,37.771020
2,2,9,"q9_case2",920,4608,541667381,589563,256,424,192,4,37.829268
2,2,9,"q9_case2",921,4608,542256949,589568,256,424,190,4,37.890738
2,2,9,"q9_case2",922,4608,542846513,589564,256,422,191,4,37.939160
2,2,9,"q9_case2",923,4608,543436079,589566,256,422,189,4,37.996255
2,2,9,"q9_case2",924,4608,544025643,589564,256,420,190,4,38.059145
2,2,9,"q9_case2",925,4608,544615043,589400,256,420,189,4,38.120785
2,2,9,"q9_case2",926,4608,545204605,589562,256,418,189,4,38.178029
2,2,9,"q9_case2",927,4608,545793917,589312,256,418,188,4,38.233545
2,2,9,"q9_case2",928,4608,546383479,589562,256,416,187,4,38.292773
2,2,9,"q9_case2",929,4608,546972821,589342,256,416,186,4,38.352826
2,2,9,"q9_case2",930,4608,547562389,589568,256,414,186,4,38.414357
2,2,9,"q9_case2",931,4608,548151709,589320,256,414,185,4,38.476889
2,2,9,"q9_case2",932,4608,548741277,589568,256,412,185,4,38.533846
2,2,9,"q9_case2",933,4608,549330607,589330,256,410,185,4,38.593129
2,2,9,"q9_case2",934,4608,549920167,589560,256,410,184,4,38.661149
2,2,9,"q9_case2",935,4608,550509732,589565,256,408,184,4,38.722558
2,2,9,"q9_case2",936,4608,551099115,589383,256,406,183,4,38.783591
2,2,9,"q9_case2",937,4608,551688675,589560,256,406,182,4,38.844399
2,2,9,"q9_case2",938,4608,552278237,589562,256,404,182,4,38.905651
2,2,9,"q9_case2",939,4608,552867592,589355,256,402,182,4,38.959359
2,2,9,"q9_case2",940,4608,553457151,589559,256,402,181,4,39.016156
2,2,9,"q9_case2",941,4608,554046717,589566,256,400,181,4,39.067205
2,2,9,"q9_case2",942,4608,554636072,589355,256,398,181,4,39.111775
2,2,9,"q9_case2",943,4608,555225633,589561,256,398,180,4,39.169485
2,2,9,"q9_case2",944,4608,555815201,589568,256,396,179,4,39.229345
2,2,9,"q9_case2",945,4608,556404564,589363,256,394,178,4,39.289249
2,2,9,"q9_case2",946,4608,556994091,589527,256,394,177,4,39.345744
2,2,9,"q9_case2",947,4608,557583552,589461,256,392,177,4,39.416481
2,2,9,"q9_case2",948,4608,558172896,589344,256,392,176,4,39.480652
2,2,9,"q9_case2",949,4608,558762456,589560,256,390,176,4,39.540496
2,2,9,"q9_case2",950,4608,559351780,589324,256,390,175,4,39.600617
2,2,9,"q9_case2",951,4608,559941344,589564,256,388,175,4,39.654727
2,2,9,"q9_case2",952,4608,560530669,589325,256,388,174,4,39.726222
2,2,9,"q9_case2",953,4608,561120234,589565,256,386,175,4,39.792060
2,2,9,"q9_case2",954,4608,561709554,589320,256,386,174,4,39.857308
2,2,9,"q9_case2",955,4608,562299122,589568,256,384,174,4,39.921043
2,2,9,"q9_case2",956,4608,562888434,589312,256,384,173,4,39.973576
2,2,9,"q9_case2",957,4608,563478000,589566,256,382,173,4,40.020239
2,2,9,"q9_case2",958,4608,564067350,589350,256,380,174,4,40.078957
2,2,9,"q9_case2",959,4608,564656917,589567,256,378,174,4,40.138151
2,2,9,"q9_case2",960,4608,565246484,589567,256,378,172,4,40.205092
2,2,9,"q9_case2",961,4608,565835914,589430,256,376,172,4,40.276170
2,2,9,"q9_case2",962,4608,566425329,589415,256,376,171,4,40.345962
2,2,9,"q9_case2",963,4608,567014829,589500,256,374,171,4,40.410739
2,2,9,"q9_case2",964,4608,567604172,589343,256,374,170,4,40.480013
2,2,9,"q9_case2",965,4608,568193724,589552,256,372,170,4,40.536596
2,2,9,"q9_case2",966,4608,568783044,589320,256,372,169,4,40.599647
2,2,9,"q9_case2",967,4608,569372608,589564,256,370,170,4,40.661723
2,2,9,"q9_case2",968,4608,569961924,589316,256,370,169,4,40.713549
2,2,9,"q9_case2",969,4608,570551492,589568,256,368,169,4,40.780859
2,2,9,"q9_case2",970,4608,571140810,589318,256,368,168,4,40.836739
2,2,9,"q9_case2",971,4608,571730378,589568,256,366,168,4,40.888627
2,2,9,"q9_case2",972,4608,572319700,589322,256,366,167,4,40.934865
2,2,9,"q9_case2",973,4608,572909266,589566,256,364,167,4,40.999854
2,2,9,"q9_case2",974,4608,573498584,589318,256,364,166,4,41.066383
2,2,9,"q9_case2",975,4608,574088150,589566,256,362,167,4,41.132429
2,2,9,"q9_case2",976,4608,574677466,589316,256,362,166,4,41.193776
2,2,9,"q9_case2",977,4608,575267034,589568,256,360,166,4,41.260876
2,2,9,"q9_case2",978,4608,575856358,589324,256,360,165,4,41.324306
2,2,9,"q9_case2",979,4608,576445926,589568,256,360,164,4,41.395871
2,2,9,"q9_case2",980,4608,577035240,589314,256,360,163,4,41.465135
2,2,9,"q9_case2",981,4608,577624298,589058,256,360,162,4,41.524656
2,2,9,"q9_case2",982,4608,578213322,589024,256,360,161,4,41.586105
2,2,9,"q9_case2",983,4608,578802354,589032,256,360,160,4,41.639997
2,2,9,"q9_case2",984,4608,579391384,589030,256,360,159,4,41.708807
2,2,9,"q9_case2",985,4608,579980437,589053,256,360,158,4,41.758831
2,2,9,"q9_case2",986,4608,580569583,589146,256,360,157,4,41.831229
2,2,9,"q9_case2",987,4608,581158763,589180,256,360,156,4,41.898618
2,2,9,"q9_case2",988,4608,581747945,589182,256,360,155,4,41.954158
2,2,9,"q9_case2",989,4608,582337116,589171,256,360,154,4,42.018860
2,2,9,"q9_case2",990,4608,582926298,589182,256,360,153,4,42.087501
2,2,9,"q9_case2",991,4608,583515515,589217,256,360,152,4,42.161319
2,2,9,"q9_case2",992,4608,584104718,589203,256,360,151,4,42.229416
2,2,9,"q9_case2",993,4608,584694035,589317,256,358,150,4,42.294483
2,2,9,"q9_case2",994,4608,585283378,589343,256,358,149,4,42.359193
2,2,9,"q9_case2",995,4608,585872642,589264,256,358,148,4,42.418552
2,2,9,"q9_case2",996,4608,586461791,589149,256,358,147,4,42.472019
2,2,9,"q9_case2",997,4608,587050927,589136,256,358,146,4,42.525997
2,2,9,"q9_case2",998,4608,587640209,589282,256,358,145,4,42.572098
2,2,9,"q9_case2",999,4608,588229554,589345,256,358,144,4,42.629622
2,2,9,"q9_case2",1000,4608,588818772,589218,256,358,143,4,42.700206
2,2,9,"q9_case2",1001,4608,589407963,589191,256,358,142,4,42.750672
2,2,9,"q9_case2",1002,4608,589997152,589189,256,358,141,4,42.806097
2,2,9,"q9_case2",1003,4608,590586344,589192,256,358,140,4,42.862644
2,2,9,"q9_case2",1004,4608,591175520,589176,256,358,139,4,42.918512
2,2,9,"q9_case2",1005,4608,591764700,589180,256,358,138,4,42.978691
2,2,9,"q9_case2",1006,4608,592353957,589257,256,356,138,4,43.049382
2,2,9,"q9_case2",1007,4608,592943255,589298,256,356,137,4,43.119996
2,2,9,"q9_case2",1008,4608,593532774,589519,256,354,138,4,43.191448
2,2,9,"q9_case2",1009,4608,594122148,589374,256,354,137,4,43.256949
2,2,9,"q9_case2",1010,4608,594711704,589556,256,354,136,4,43.330777
2,2,9,"q9_case2",1011,4608,595300921,589217,256,354,135,4,43.392052
2,2,9,"q9_case2",1012,4608,595889979,589058,256,354,134,4,43.448908
2,2,9,"q9_case2",1013,4608,596479218,589239,256,352,135,4,43.505905
2,2,9,"q9_case2",1014,4608,597068528,589310,256,352,134,4,43.558197
2,2,9,"q9_case2",1015,4608,597658075,589547,256,350,134,4,43.629416
2,2,9,"q9_case2",1016,4608,598247501,589426,256,350,133,4,43.699061
2,2,9,"q9_case2",1017,4608,598836967,589466,256,350,133,4,43.752085
2,2,9,"q9_case2",1018,4608,599426331,589364,256,348,133,4,43.803664
2,2,9,"q9_case2",1019,4608,600015687,589356,256,346,133,4,43.861376
2,2,9,"q9_case2",1020,4608,600605197,589510,256,346,132,4,43.927428
2,2,9,"q9_case2",1021,4608,601194632,589435,256,346,131,4,44.001565
2,2,9,"q9_case2",1022,4608,601783996,589364,256,346,131,4,44.062229
2,2,9,"q9_case2",1023,4608,602373407,589411,256,344,131,4,44.126714
2,2,9,"q9_case2",1024,4608,602962800,589393,256,342,131,4,44.189847
2,2,9,"q9_case2",1025,4608,603552329,589529,256,342,130,4,44.291812
2,2,9,"q9_case2",1026,4608,604141830,589501,256,340,131,4,44.371433
2,2,9,"q9_case2",1027,4608,604731206,589376,256,338,131,4,44.433454
2,2,9,"q9_case2",1028,4608,605320758,589552,256,338,130,4,44.496517
2,2,9,"q9_case2",1029,4608,605910296,589538,256,336,131,4,44.565740
2,2,9,"q9_case2",1030,4608,606499709,589413,256,334,130,4,44.623427
2,2,9,"q9_case2",1031,4608,607089251,589542,256,334,129,4,44.699611
2,2,9,"q9_case2",1032,4608,607678788,589537,256,332,130,4,44.780574
2,2,9,"q9_case2",1033,4608,608268139,589351,256,332,129,4,44.850158
2,2,9,"q9_case2",1034,4608,608857691,589552,256,332,128,4,44.932719
2,2,9,"q9_case2",1035,4608,609447005,589314,256,332,127,4,45.009096
2,2,9,"q9_case2",1036,4608,610036123,589118,256,332,126,4,45.085265
2,2,9,"q9_case2",1037,4608,610625310,589187,256,332,125,4,45.159495
2,2,9,"q9_case2",1038,4608,611214626,589316,256,332,125,4,45.232439
2,2,9,"q9_case2",1039,4608,611804014,589388,256,330,125,4,45.311483
2,2,9,"q9_case2",1040,4608,612393384,589370,256,330,124,4,45.390822
2,2,9,"q9_case2",1041,4608,612982932,589548,256,328,125,4,45.463668
2,2,9,"q9_case2",1042,4608,613572333,589401,256,328,124,4,45.540058
2,2,9,"q9_case2",1043,4608,614161878,589545,256,326,125,4,45.601590
2,2,9,"q9_case2",1044,4608,614751282,589404,256,326,124,4,45.660387
2,2,9,"q9_case2",1045,4608,615340850,589568,256,324,125,4,45.736524
2,2,9,"q9_case2",1046,4608,615930180,589330,256,324,124,4,45.812834
2,2,9,"q9_case2",1047,4608,616519745,589565,256,322,125,4,45.893520
2,2,9,"q9_case2",1048,4608,617109105,589360,256,320,124,4,45.971842
2,2,9,"q9_case2",1049,4608,617698673,589568,256,320,123,4,46.047490
2,2,9,"q9_case2",1050,4608,618288221,589548,256,318,123,4,46.118166
2,2,9,"q9_case2",1051,4608,618877572,589351,256,316,124,4,46.189323
2,2,9,"q9_case2",1052,4608,619467076,589504,256,316,122,4,46.261059
2,2,9,"q9_case2",1053,4608,620056630,589554,256,314,123,4,46.324194
2,2,9,"q9_case2",1054,4608,620646176,589546,256,314,122,4,46.392515
2,2,9,"q9_case2",1055,4608,621235730,589554,256,312,122,4,46.469291
2,2,9,"q9_case2",1056,4608,621825064,589334,256,312,121,4,46.531570
2,2,9,"q9_case2",1057,4608,622414526,589462,256,310,121,4,46.590890
2,2,9,"q9_case2",1058,4608,623003840,589314,256,310,120,4,46.671769
2,2,9,"q9_case2",1059,4608,623593392,589552,256,308,121,4,46.751711
2,2,9,"q9_case2",1060,4608,624182750,589358,256,306,121,4,46.835292
2,2,9,"q9_case2",1061,4608,624772318,589568,256,306,120,4,46.906267
2,2,9,"q9_case2",1062,4608,625361886,589568,256,304,120,4,46.983103
2,2,9,"q9_case2",1063,4608,625951273,589387,256,302,122,4,47.065020
2,2,9,"q9_case2",1064,4608,626540820,589547,256,302,120,4,47.131362
2,2,9,"q9_case2",1065,4608,627130384,589564,256,300,121,4,47.206033
2,2,9,"q9_case2",1066,4608,627719952,589568,256,298,121,4,47.284666
2,2,9,"q9_case2",1067,4608,628309516,589564,256,296,120,4,47.347469
2,2,9,"q9_case2",1068,4608,628899041,589525,256,296,119,4,47.430051
2,2,9,"q9_case2",1069,4608,629488520,589479,256,294,119,4,47.496486
2,2,9,"q9_case2",1070,4608,630077914,589394,256,292,119,4,47.559910
2,2,9,"q9_case2",1071,4608,630667449,589535,256,292,118,4,47.644490
2,2,9,"q9_case2",1072,4608,631257007,589558,256,290,117,4,47.726463
2,2,9,"q9_case2",1073,4608,631846377,589370,256,290,116,4,47.806007
2,2,9,"q9_case2",1074,4608,632435904,589527,256,288,116,4,47.884915
2,2,9,"q9_case2",1075,4608,633025245,589341,256,288,115,4,47.958826
2,2,9,"q9_case2",1076,4608,633614794,589549,256,286,116,4,48.034225
2,2,9,"q9_case2",1077,4608,634204123,589329,256,286,115,4,48.113950
2,2,9,"q9_case2",1078,4608,634793682,589559,256,284,115,4,48.183459
2,2,9,"q9_case2",1079,4608,635383002,589320,256,284,114,4,48.247200
2,2,9,"q9_case2",1080,4608,635972570,589568,256,282,115,4,48.330204
2,2,9,"q9_case2",1081,4608,636561902,589332,256,282,114,4,48.392396
2,2,9,"q9_case2",1082,4608,637151467,589565,256,280,113,4,48.473460
2,2,9,"q9_case2",1083,4608,637740789,589322,256,278,114,4,48.550729
2,2,9,"q9_case2",1084,4608,638330348,589559,256,278,113,4,48.628292
2,2,9,"q9_case2",1085,4608,638919903,589555,256,276,112,4,48.707936
2,2,9,"q9_case2",1086,4608,639509427,589524,256,274,112,4,48.791652
2,2,9,"q9_case2",1087,4608,640098994,589567,256,274,111,4,48.872524
2,2,9,"q9_case2",1088,4608,640688416,589422,256,272,112,4,48.950415
2,2,9,"q9_case2",1089,4608,641277823,589407,256,270,111,4,49.023777
2,2,9,"q9_case2",1090,4608,641867332,589509,256,270,110,4,49.086232
2,2,9,"q9_case2",1091,4608,642456868,589536,256,268,110,4,49.168935
2,2,9,"q9_case2",1092,4608,643046235,589367,256,266,111,4,49.235802
2,2,9,"q9_case2",1093,4608,643635796,589561,256,266,109,4,49.322818
2,2,9,"q9_case2",1094,4608,644225364,589568,256,264,109,4,49.398864
2,2,9,"q9_case2",1095,4608,644814819,589455,256,262,112,4,49.474348
2,2,9,"q9_case2",1096,4608,645404360,589541,256,262,109,4,49.560073
2,2,9,"q9_case2",1097,4608,645993928,589568,256,260,110,4,49.646640
2,2,9,"q9_case2",1098,4608,646583496,589568,256,258,110,4,49.722577
2,2,9,"q9_case2",1099,4608,647173060,589564,256,258,108,4,49.792939
2,2,9,"q9_case2",1100,4608,647762619,589559,256,256,108,4,49.872433
2,2,9,"q9_case2",1101,4608,648352064,589445,256,256,107,4,49.937064
2,2,9,"q9_case2",1102,4608,648941604,589540,256,254,106,4,49.998844
2,2,9,"q9_case2",1103,4608,649530968,589364,256,254,105,4,50.068396
2,2,9,"q9_case2",1104,4608,650120508,589540,256,252,106,4,50.139666
2,2,9,"q9_case2",1105,4608,650709897,589389,256,252,103,4,50.210806
2,2,9,"q9_case2",1106,4608,651299463,589566,256,250,104,4,50.271551
2,2,9,"q9_case2",1107,4608,651888852,589389,256,250,103,4,50.349552
2,2,9,"q9_case2",1108,4608,652478415,589563,256,248,104,4,50.432771
2,2,9,"q9_case2",1109,4608,653067861,589446,256,246,103,4,50.516024
2,2,9,"q9_case2",1110,4608,653657428,589567,256,244,103,4,50.596544
2,2,9,"q9_case2",1111,4608,654246977,589549,256,244,102,4,50.676292
2,2,9,"q9_case2",1112,4608,654836316,589339,256,242,103,4,50.750952
2,2,9,"q9_case2",1113,4608,655425722,589406,256,242,100,4,50.815010
2,2,9,"q9_case2",1114,4608,656015207,589485,256,240,101,4,50.880643
2,2,9,"q9_case2",1115,4608,656604603,589396,256,240,100,4,50.947972
2,2,9,"q9_case2",1116,4608,657194158,589555,256,238,101,4,51.008049
2,2,9,"q9_case2",1117,4608,657783559,589401,256,236,101,4,51.064072
2,2,9,"q9_case2",1118,4608,658373126,589567,256,236,100,4,51.128135
2,2,9,"q9_case2",1119,4608,658962694,589568,256,234,99,4,51.194674
2,2,9,"q9_case2",1120,4608,659552041,589347,256,234,98,4,51.271788
2,2,9,"q9_case2",1121,4608,660141576,589535,256,232,97,4,51.348258
2,2,9,"q9_case2",1122,4608,660730933,589357,256,230,98,4,51.423898
2,2,9,"q9_case2",1123,4608,661320478,589545,256,230,96,4,51.513624
2,2,9,"q9_case2",1124,4608,661910013,589535,256,228,96,4,51.590318
2,2,9,"q9_case2",1125,4608,662499513,589500,256,228,95,4,51.660962
2,2,9,"q9_case2",1126,4608,663089028,589515,256,226,95,4,51.723074
2,2,9,"q9_case2",1127,4608,663678412,589384,256,226,93,4,51.796806
2,2,9,"q9_case2",1128,4608,664267944,589532,256,224,95,4,51.873294
2,2,9,"q9_case2",1129,4608,664857356,589412,256,224,92,4,51.936493
2,2,9,"q9_case2",1130,4608,665446923,589567,256,222,95,4,52.015024
2,2,9,"q9_case2",1131,4608,666036365,589442,256,222,92,4,52.090051
2,2,9,"q9_case2",1132,4608,666625933,589568,256,220,95,4,52.167996
2,2,9,"q9_case2",1133,4608,667215432,589499,256,220,92,4,52.250263
2,2,9,"q9_case2",1134,4608,667805000,589568,256,218,96,4,52.330065
2,2,9,"q9_case2",1135,4608,668394494,589494,256,218,92,4,52.413174
2,2,9,"q9_case2",1136,4608,668984062,589568,256,216,96,4,52.500085
2,2,9,"q9_case2",1137,4608,669573630,589568,256,216,92,4,52.576318
2,2,9,"q9_case2",1138,4608,670163197,589567,256,214,96,4,52.652106
2,2,9,"q9_case2",1139,4608,670752764,589567,256,212,95,4,52.735802
2,2,9,"q9_case2",1140,4608,671342332,589568,256,212,94,4,52.798908
2,2,9,"q9_case2",1141,4608,671931869,589537,256,210,95,4,52.857771
2,2,9,"q9_case2",1142,4608,672521214,589345,256,210,92,4,52.926256
2,2,9,"q9_case2",1143,4608,673110782,589568,256,210,91,4,52.991969
2,2,9,"q9_case2",1144,4608,673700158,589376,256,210,90,4,53.067835
2,2,9,"q9_case2",1145,4608,674289473,589315,256,208,90,4,53.131742
2,2,9,"q9_case2",1146,4608,674878537,589064,256,208,89,4,53.213791
2,2,9,"q9_case2",1147,4608,675468102,589565,256,206,90,4,53.300414
2,2,9,"q9_case2",1148,4608,676057431,589329,256,206,88,4,53.387579
2,2,9,"q9_case2",1149,4608,676646998,589567,256,206,87,4,53.465953
2,2,9,"q9_case2",1150,4608,677236322,589324,256,206,86,4,53.540600
2,2,9,"q9_case2",1151,4608,677825533,589211,256,206,85,4,53.607466
2,2,9,"q9_case2",1152,4608,678414574,589041,256,206,84,4,53.664154
2,2,9,"q9_case2",1153,4608,679003390,588816,256,206,83,4,53.719528
2,2,9,"q9_case2",1154,4608,679592110,588720,256,206,82,4,53.778215
2,2,9,"q9_case2",1155,4608,680180811,588701,256,206,81,4,53.843388
2,2,9,"q9_case2",1156,4608,680769537,588726,256,206,80,4,53.907995
2,2,9,"q9_case2",1157,4608,681358412,588875,256,206,79,4,53.985093
2,2,9,"q9_case2",1158,4608,681947336,588924,256,206,78,4,54.058767
2,2,9,"q9_case2",1159,4608,682536399,589063,256,206,78,4,54.137255
2,2,9,"q9_case2",1160,4608,683125649,589250,256,204,78,4,54.221713
2,2,9,"q9_case2",1161,4608,683714919,589270,256,204,77,4,54.311476
2,2,9,"q9_case2",1162,4608,684304479,589560,256,202,77,4,54.387615
2,2,9,"q9_case2",1163,4608,684893889,589410,256,202,76,4,54.467069
2,2,9,"q9_case2",1164,4608,685483453,589564,256,200,77,4,54.529297
2,2,9,"q9_case2",1165,4608,686072798,589345,256,200,76,4,54.593161
2,2,9,"q9_case2",1166,4608,686662360,589562,256,200,75,4,54.661070
2,2,9,"q9_case2",1167,4608,687251678,589318,256,198,76,4,54.731479
2,2,9,"q9_case2",1168,4608,687841007,589329,256,196,75,4,54.800392
2,2,9,"q9_case2",1169,4608,688430573,589566,256,196,74,4,54.884949
2,2,9,"q9_case2",1170,4608,689019891,589318,256,194,75,4,54.956034
2,2,9,"q9_case2",1171,4608,689609234,589343,256,194,74,4,55.042390
2,2,9,"q9_case2",1172,4608,690198784,589550,256,194,73,4,55.107388
2,2,9,"q9_case2",1173,4608,690788102,589318,256,194,72,4,55.186360
2,2,9,"q9_case2",1174,4608,691377395,589293,256,194,72,4,55.261603
2,2,9,"q9_case2",1175,4608,691966735,589340,256,192,72,4,55.349976
2,2,9,"q9_case2",1176,4608,692556030,589295,256,192,71,4,55.421940
2,2,9,"q9_case2",1177,4608,693145553,589523,256,190,70,4,55.496523
2,2,9,"q9_case2",1178,4608,693734980,589427,256,190,70,4,55.570495
2,2,9,"q9_case2",1179,4608,694324536,589556,256,188,70,4,55.645653
2,2,9,"q9_case2",1180,4608,694913927,589391,256,188,69,4,55.725437
2,2,9,"q9_case2",1181,4608,695503487,589560,256,186,68,4,55.799588
2,2,9,"q9_case2",1182,4608,696092820,589333,256,184,67,4,55.862485
2,2,9,"q9_case2",1183,4608,696682354,589534,256,184,67,4,55.924747
2,2,9,"q9_case2",1184,4608,697271914,589560,256,182,67,4,56.010027
2,2,9,"q9_case2",1185,4608,697861302,589388,256,182,66,4,56.077738
2,2,9,"q9_case2",1186,4608,698450865,589563,256,180,67,4,56.135601
2,2,9,"q9_case2",1187,4608,699040227,589362,256,178,66,4,56.217470
2,2,9,"q9_case2",1188,4608,699629793,589566,256,178,65,4,56.302998
2,2,9,"q9_case2",1189,4608,700219113,589320,256,176,66,4,56.375734
2,2,9,"q9_case2",1190,4608,700808454,589341,256,176,65,4,56.451290
2,2,9,"q9_case2",1191,4608,701398018,589564,256,174,66,4,56.526804
2,2,9,"q9_case2",1192,4608,701987360,589342,256,174,65,4,56.593552
2,2,9,"q9_case2",1193,4608,702576928,589568,256,172,66,4,56.655989
2,2,9,"q9_case2",1194,4608,703166265,589337,256,172,65,4,56.725521
2,2,9,"q9_case2",1195,4608,703755833,589568,256,170,66,4,56.790138
2,2,9,"q9_case2",1196,4608,704345169,589336,256,170,65,4,56.880035
2,2,9,"q9_case2",1197,4608,704934737,589568,256,168,66,4,56.945892
2,2,9,"q9_case2",1198,4608,705524071,589334,256,168,65,4,57.020352
2,2,9,"q9_case2",1199,4608,706113639,589568,256,166,67,4,57.095594
2,2,9,"q9_case2",1200,4608,706702978,589339,256,166,64,4,57.164473
2,2,9,"q9_case2",1201,4608,707292546,589568,256,164,65,4,57.248617
2,2,9,"q9_case2",1202,4608,707881992,589446,256,164,64,4,57.330502
2,2,9,"q9_case2",1203,4608,708471553,589561,256,162,65,4,57.411127
2,2,9,"q9_case2",1204,4608,709060889,589336,256,162,63,4,57.489431
2,2,9,"q9_case2",1205,4608,709650457,589568,256,160,64,4,57.576647
2,2,9,"q9_case2",1206,4608,710239825,589368,256,160,63,4,57.642684
2,2,9,"q9_case2",1207,4608,710829391,589566,256,158,64,4,57.719606
2,2,9,"q9_case2",1208,4608,711418753,589362,256,158,62,4,57.788013
2,2,9,"q9_case2",1209,4608,712008320,589567,256,156,65,4,57.852737
2,2,9,"q9_case2",1210,4608,712597717,589397,256,156,62,4,57.939926
2,2,9,"q9_case2",1211,4608,713187285,589568,256,154,65,4,58.014906
2,2,9,"q9_case2",1212,4608,713776790,589505,256,154,62,4,58.101069
2,2,9,"q9_case2",1213,4608,714366358,589568,256,152,63,4,58.192933
2,2,9,"q9_case2",1214,4608,714955844,589486,256,150,62,4,58.270608
2,2,9,"q9_case2",1215,4608,715545406,589562,256,148,60,4,58.344713
2,2,9,"q9_case2",1216,4608,716134728,589322,256,148,59,4,58.438433
2,2,9,"q9_case2",1217,4608,716724043,589315,256,146,60,4,58.505820
2,2,9,"q9_case2",1218,4608,717313362,589319,256,146,58,4,58.579797
2,2,9,"q9_case2",1219,4608,717902720,589358,256,144,59,4,58.649938
2,2,9,"q9_case2",1220,4608,718492208,589488,256,144,58,4,58.723242
2,2,9,"q9_case2",1221,4608,719081630,589422,256,144,57,4,58.791869
2,2,9,"q9_case2",1222,4608,719671023,589393,256,142,57,4,58.878609
2,2,9,"q9_case2",1223,4608,720260218,589195,256,142,56,4,58.945083
2,2,9,"q9_case2",1224,4608,720849785,589567,256,140,57,4,59.030765
2,2,9,"q9_case2",1225,4608,721439107,589322,256,140,56,4,59.130910
2,2,9,"q9_case2",1226,4608,722028665,589558,256,140,55,4,59.220506
2,2,9,"q9_case2",1227,4608,722618007,589342,256,138,55,4,59.300304
2,2,9,"q9_case2",1228,4608,723207113,589106,256,138,54,4,59.379554
2,2,9,"q9_case2",1229,4608,723796679,589566,256,136,55,4,59.460879
2,2,9,"q9_case2",1230,4608,724386003,589324,256,136,54,4,59.544953
2,2,9,"q9_case2",1231,4608,724975562,589559,256,134,55,4,59.630423
2,2,9,"q9_case2",1232,4608,725564894,589332,256,134,54,4,59.711019
2,2,9,"q9_case2",1233,4608,726154243,589349,256,132,55,4,59.789615
2,2,9,"q9_case2",1234,4608,726743598,589355,256,132,54,4,59.874649
2,2,9,"q9_case2",1235,4608,727332966,589368,256,132,53,4,59.959245
2,2,9,"q9_case2",1236,4608,727922312,589346,256,130,54,4,60.038847
2,2,9,"q9_case2",1237,4608,728511480,589168,256,130,53,4,60.116233
2,2,9,"q9_case2",1238,4608,729100764,589284,256,130,52,4,60.194199
2,2,9,"q9_case2",1239,4608,729690086,589322,256,130,51,4,60.268273
2,2,9,"q9_case2",1240,4608,730279238,589152,256,130,50,4,60.346394
2,2,9,"q9_case2",1241,4608,730868131,588893,256,130,49,4,60.420342
2,2,9,"q9_case2",1242,4608,731456901,588770,256,130,48,4,60.504596
2,2,9,"q9_case2",1243,4608,732045690,588789,256,130,47,4,60.574175
2,2,9,"q9_case2",1244,4608,732634532,588842,256,130,46,4,60.652436
2,2,9,"q9_case2",1245,4608,733223485,588953,256,130,45,4,60.727815
2,2,9,"q9_case2",1246,4608,733812464,588979,256,130,44,4,60.810026
2,2,9,"q9_case2",1247,4608,734401621,589157,256,130,44,4,60.893219
2,2,9,"q9_case2",1248,4608,734990957,589336,256,130,44,4,60.972870
2,2,9,"q9_case2",1249,4608,735580320,589363,256,130,44,4,61.062803
2,2,9,"q9_case2",1250,4608,736169826,589506,256,128,43,4,61.146546
2,2,9,"q9_case2",1251,4608,736759182,589356,256,128,43,4,61.235013
2,2,9,"q9_case2",1252,4608,737348728,589546,256,128,43,4,61.317644
2,2,9,"q9_case2",1253,4608,737938098,589370,256,128,43,4,61.396898
2,2,9,"q9_case2",1254,4608,738527594,589496,256,128,43,4,61.471668
2,2,9,"q9_case2",1255,4608,739116942,589348,256,128,44,4,61.552586
2,2,9,"q9_case2",1256,4608,739706321,589379,256,128,43,4,61.626201
2,2,9,"q9_case2",1257,4608,740295684,589363,256,128,43,4,61.686628
2,2,9,"q9_case2",1258,4608,740885171,589487,256,128,43,4,61.749097
2,2,9,"q9_case2",1259,4608,741474608,589437,256,126,43,4,61.831235
2,2,9,"q9_case2",1260,4608,742064021,589413,256,126,42,4,61.921791
2,2,9,"q9_case2",1261,4608,742653577,589556,256,126,42,4,62.003157
2,2,9,"q9_case2",1262,4608,743243133,589556,256,126,42,4,62.087144
2,2,9,"q9_case2",1263,4608,743832518,589385,256,126,42,4,62.163471
2,2,9,"q9_case2",1264,4608,744422015,589497,256,124,41,4,62.235928
2,2,9,"q9_case2",1265,4608,745011329,589314,256,124,41,4,62.306015
2,2,9,"q9_case2",1266,4608,745600887,589558,256,122,41,4,62.396996
2,2,9,"q9_case2",1267,4608,746190262,589375,256,122,40,4,62.488604
2,2,9,"q9_case2",1268,4608,746779824,589562,256,122,40,4,62.555422
2,2,9,"q9_case2",1269,4608,747369160,589336,256,122,40,4,62.628812
2,2,9,"q9_case2",1270,4608,747958507,589347,256,122,40,4,62.690410
2,2,9,"q9_case2",1271,4608,748547967,589460,256,122,39,4,62.778702
2,2,9,"q9_case2",1272,4608,749137274,589307,256,122,39,4,62.863891
2,2,9,"q9_case2",1273,4608,749726764,589490,256,122,39,4,62.942140
2,2,9,"q9_case2",1274,4608,750316092,589328,256,122,39,4,63.037505
2,2,9,"q9_case2",1275,4608,750905527,589435,256,122,39,4,63.118439
2,2,9,"q9_case2",1276,4608,751494817,589290,256,122,39,4,63.190159
2,2,9,"q9_case2",1277,4608,752083998,589181,256,122,40,4,63.270744
2,2,9,"q9_case2",1278,4608,752673308,589310,256,122,39,4,63.338869
2,2,9,"q9_case2",1279,4608,753262622,589314,256,122,39,4,63.427772
2,2,9,"q9_case2",1280,4608,753851988,589366,256,120,40,4,63.502889
2,2,9,"q9_case2",1281,4608,754441326,589338,256,120,39,4,63.571562
2,2,9,"q9_case2",1282,4608,755030880,589554,256,118,40,4,63.658374
2,2,9,"q9_case2",1283,4608,755620228,589348,256,116,39,4,63.741241
2,2,9,"q9_case2",1284,4608,756209774,589546,256,116,38,4,63.818186
2,2,9,"q9_case2",1285,4608,756799202,589428,256,114,39,4,63.900356
2,2,9,"q9_case2",1286,4608,757388551,589349,256,112,37,4,63.988427
2,2,9,"q9_case2",1287,4608,757978093,589542,256,110,36,4,64.071426
2,2,9,"q9_case2",1288,4608,758567494,589401,256,110,36,4,64.143131
2,2,9,"q9_case2",1289,4608,759157015,589521,256,108,36,4,64.217969
2,2,9,"q9_case2",1290,4608,759746377,589362,256,106,34,4,64.287653
2,2,9,"q9_case2",1291,4608,760335918,589541,256,106,34,4,64.369940
2,2,9,"q9_case2",1292,4608,760925264,589346,256,104,34,4,64.457888
2,2,9,"q9_case2",1293,4608,761514606,589342,256,104,33,4,64.525825
2,2,9,"q9_case2",1294,4608,762104142,589536,256,104,33,4,64.616127
2,2,9,"q9_case2",1295,4608,762693452,589310,256,102,33,4,64.708180
2,2,9,"q9_case2",1296,4608,763282787,589335,256,102,32,4,64.793871
2,2,9,"q9_case2",1297,4608,763872324,589537,256,102,32,4,64.890433
2,2,9,"q9_case2",1298,4608,764461629,589305,256,102,32,4,64.979854
2,2,9,"q9_case2",1299,4608,765050962,589333,256,102,32,4,65.048938
2,2,9,"q9_case2",1300,4608,765640377,589415,256,102,32,4,65.116963
2,2,9,"q9_case2",1301,4608,766229568,589191,256,102,32,4,65.183415
2,2,9,"q9_case2",1302,4608,766819099,589531,256,102,31,4,65.250130
2,2,9,"q9_case2",1303,4608,767408443,589344,256,102,31,4,65.321203
2,2,9,"q9_case2",1304,4608,767997846,589403,256,102,31,4,65.388087
2,2,9,"q9_case2",1305,4608,768587260,589414,256,102,31,4,65.469921
2,2,9,"q9_case2",1306,4608,769176728,589468,256,100,32,4,65.577738
2,2,9,"q9_case2",1307,4608,769766192,589464,256,98,30,4,65.670307
2,2,9,"q9_case2",1308,4608,770355755,589563,256,96,29,4,65.746499
2,2,9,"q9_case2",1309,4608,770944951,589196,256,96,29,4,65.843702
2,2,9,"q9_case2",1310,4608,771534264,589313,256,94,29,4,65.917676
2,2,9,"q9_case2",1311,4608,772123619,589355,256,94,28,4,66.001244
2,2,9,"q9_case2",1312,4608,772713162,589543,256,92,30,4,66.094099
2,2,9,"q9_case2",1313,4608,773302601,589439,256,92,29,4,66.174582
2,2,9,"q9_case2",1314,4608,773892099,589498,256,90,29,4,66.261166
2,2,9,"q9_case2",1315,4608,774481432,589333,256,88,27,4,66.351717
2,2,9,"q9_case2",1316,4608,775070992,589560,256,86,29,4,66.444778
2,2,9,"q9_case2",1317,4608,775660389,589397,256,84,27,4,66.542963
2,2,9,"q9_case2",1318,4608,776249739,589350,256,84,26,4,66.622301
2,2,9,"q9_case2",1319,4608,776839211,589472,256,82,27,4,66.720399
2,2,9,"q9_case2",1320,4608,777428561,589350,256,80,26,4,66.818494
2,2,9,"q9_case2",1321,4608,778018103,589542,256,78,24,4,66.899027
2,2,9,"q9_case2",1322,4608,778607482,589379,256,78,24,4,66.977068
2,2,9,"q9_case2",1323,4608,779196795,589313,256,76,24,4,67.045872
2,2,9,"q9_case2",1324,4608,779786148,589353,256,76,23,4,67.125203
2,2,9,"q9_case2",1325,4608,780375690,589542,256,74,25,4,67.193980
2,2,9,"q9_case2",1326,4608,780965108,589418,256,74,24,4,67.259117
2,2,9,"q9_case2",1327,4608,781554443,589335,256,72,25,4,67.323652
2,2,9,"q9_case2",1328,4608,782143864,589421,256,70,24,4,67.414750
2,2,9,"q9_case2",1329,4608,782733419,589555,256,70,23,4,67.499911
2,2,9,"q9_case2",1330,4608,783322658,589239,256,68,22,4,67.586243
2,2,9,"q9_case2",1331,4608,783912026,589368,256,66,23,4,67.676748
2,2,9,"q9_case2",1332,4608,784501515,589489,256,66,22,4,67.758411
2,2,9,"q9_case2",1333,4608,785090798,589283,256,64,23,4,67.832759
2,2,9,"q9_case2",1334,4608,785680134,589336,256,64,20,4,67.899426
2,2,9,"q9_case2",1335,4608,786269448,589314,256,64,21,4,67.977659
2,2,9,"q9_case2",1336,4608,786858765,589317,256,62,20,4,68.053079
2,2,9,"q9_case2",1337,4608,787448086,589321,256,62,19,4,68.133891
2,2,9,"q9_case2",1338,4608,788037627,589541,256,62,20,4,68.206740
2,2,9,"q9_case2",1339,4608,788626954,589327,256,60,19,4,68.267171
2,2,9,"q9_case2",1340,4608,789216226,589272,256,60,18,4,68.350055
2,2,9,"q9_case2",1341,4608,789805770,589544,256,60,19,4,68.435877
2,2,9,"q9_case2",1342,4608,790395065,589295,256,58,18,4,68.522041
2,2,9,"q9_case2",1343,4608,790984236,589171,256,58,19,4,68.608692
2,2,9,"q9_case2",1344,4608,791573786,589550,256,56,19,4,68.695191
2,2,9,"q9_case2",1345,4608,792163145,589359,256,56,18,4,68.782034
2,2,9,"q9_case2",1346,4608,792752684,589539,256,56,17,4,68.865621
2,2,9,"q9_case2",1347,4608,793342002,589318,256,56,18,4,68.962571
2,2,9,"q9_case2",1348,4608,793931178,589176,256,56,17,4,69.032164
2,2,9,"q9_case2",1349,4608,794520430,589252,256,56,18,4,69.105460
2,2,9,"q9_case2",1350,4608,795109965,589535,256,56,17,4,69.180647
2,2,9,"q9_case2",1351,4608,795699325,589360,256,54,18,4,69.265215
2,2,9,"q9_case2",1352,4608,796288867,589542,256,54,17,4,69.362315
2,2,9,"q9_case2",1353,4608,796878393,589526,256,54,17,4,69.452235
2,2,9,"q9_case2",1354,4608,797467725,589332,256,52,17,4,69.550103
2,2,9,"q9_case2",1355,4608,798057050,589325,256,52,16,4,69.632555
2,2,9,"q9_case2",1356,4608,798646517,589467,256,52,17,4,69.718262
2,2,9,"q9_case2",1357,4608,799235851,589334,256,52,17,4,69.792536
2,2,9,"q9_case2",1358,4608,799825044,589193,256,52,16,4,69.870436
2,2,9,"q9_case2",1359,4608,800414534,589490,256,50,17,4,69.961727
2,2,9,"q9_case2",1360,4608,801003819,589285,256,50,16,4,70.053695
2,2,9,"q9_case2",1361,4608,801593320,589501,256,50,15,4,70.140546
2,2,9,"q9_case2",1362,4608,802182730,589410,256,50,16,4,70.225372
2,2,9,"q9_case2",1363,4608,802771977,589247,256,50,16,4,70.312663
2,2,9,"q9_case2",1364,4608,803361282,589305,256,48,16,4,70.407442
2,2,9,"q9_case2",1365,4608,803950751,589469,256,48,15,4,70.505209
2,2,9,"q9_case2",1366,4608,804540296,589545,256,46,16,4,70.591337
2,2,9,"q9_case2",1367,4608,805129650,589354,256,46,15,4,70.671712
2,2,9,"q9_case2",1368,4608,805718989,589339,256,44,14,4,70.742829
2,2,9,"q9_case2",1369,4608,806308402,589413,256,44,15,4,70.839907
2,2,9,"q9_case2",1370,4608,806897879,589477,256,42,14,4,70.925805
2,2,9,"q9_case2",1371,4608,807487206,589327,256,42,13,4,70.999396
2,2,9,"q9_case2",1372,4608,808076723,589517,256,42,14,4,71.098267
2,2,9,"q9_case2",1373,4608,808666003,589280,256,42,15,4,71.195041
2,2,9,"q9_case2",1374,4608,809255193,589190,256,42,14,4,71.291476
2,2,9,"q9_case2",1375,4608,809844515,589322,256,40,13,4,71.380126
2,2,9,"q9_case2",1376,4608,810433924,589409,256,40,12,4,71.465577
2,2,9,"q9_case2",1377,4608,811023447,589523,256,38,13,4,71.532064
2,2,9,"q9_case2",1378,4608,811612773,589326,256,38,14,4,71.601776
2,2,9,"q9_case2",1379,4608,812201990,589217,256,38,13,4,71.678747
2,2,9,"q9_case2",1380,4608,812791321,589331,256,36,14,4,71.778798
2,2,9,"q9_case2",1381,4608,813380765,589444,256,36,13,4,71.861169
2,2,9,"q9_case2",1382,4608,813970331,589566,256,34,12,4,71.942605
2,2,9,"q9_case2",1383,4608,814559702,589371,256,34,11,4,72.012282
2,2,9,"q9_case2",1384,4608,815149161,589459,256,32,12,4,72.104965
2,2,9,"q9_case2",1385,4608,815738499,589338,256,32,11,4,72.199899
2,2,9,"q9_case2",1386,4608,816327793,589294,256,30,10,4,72.296596
2,2,9,"q9_case2",1387,4608,816917204,589411,256,30,9,4,72.380380
2,2,9,"q9_case2",1388,4608,817506555,589351,256,30,10,4,72.464876
2,2,9,"q9_case2",1389,4608,818095898,589343,256,28,11,4,72.543603
2,2,9,"q9_case2",1390,4608,818685097,589199,256,28,10,4,72.614976
2,2,9,"q9_case2",1391,4608,819274606,589509,256,28,9,4,72.694169
2,2,9,"q9_case2",1392,4608,819863980,589374,256,26,10,4,72.779158
2,2,9,"q9_case2",1393,4608,820453228,589248,256,26,9,4,72.868836
2,2,9,"q9_case2",1394,4608,821042789,589561,256,24,10,4,72.959796
2,2,9,"q9_case2",1395,4608,821632137,589348,256,24,7,4,73.050517
2,2,9,"q9_case2",1396,4608,822221443,589306,256,24,12,3,73.134762
2,2,9,"q9_case2",1397,4608,822810767,589324,256,24,11,3,73.231875
2,2,9,"q9_case2",1398,4608,823399886,589119,256,24,10,3,73.316223
2,2,9,"q9_case2",1399,4608,823989246,589360,256,24,11,3,73.398131
2,2,9,"q9_case2",1400,4608,824578678,589432,256,24,10,3,73.492105
2,2,9,"q9_case2",1401,4608,825168064,589386,256,24,11,3,73.590160
2,2,9,"q9_case2",1402,4608,825757521,589457,256,24,10,3,73.668373
2,2,9,"q9_case2",1403,4608,826346985,589464,256,24,9,3,73.756460
2,2,9,"q9_case2",1404,4608,826936377,589392,256,24,10,3,73.846479
2,2,9,"q9_case2",1405,4608,827525917,589540,256,24,9,3,73.933960
2,2,9,"q9_case2",1406,4608,828115325,589408,256,24,10,3,74.035739
2,2,9,"q9_case2",1407,4608,828704861,589536,256,22,9,3,74.127151
2,2,9,"q9_case2",1408,4608,829294267,589406,256,22,8,3,74.209496
2,2,9,"q9_case2",1409,4608,829883805,589538,256,20,7,3,74.303448
2,2,9,"q9_case2",1410,4608,830473147,589342,256,20,8,3,74.387828
2,2,9,"q9_case2",1411,4608,831062708,589561,256,20,9,3,74.479861
2,2,9,"q9_case2",1412,4608,831652098,589390,256,18,8,3,74.551237
2,2,9,"q9_case2",1413,4608,832241324,589226,256,16,7,3,74.623719
2,2,9,"q9_case2",1414,4608,832830776,589452,256,16,6,3,74.715715
2,2,9,"q9_case2",1415,4608,833420066,589290,256,16,7,3,74.800440
2,2,9,"q9_case2",1416,4608,834009434,589368,256,14,8,3,74.893307
2,2,9,"q9_case2",1417,4608,834598662,589228,256,14,7,3,74.991644
2,2,9,"q9_case2",1418,4608,835187987,589325,256,14,10,2,75.079042
2,2,9,"q9_case2",1419,4608,835777385,589398,256,14,9,2,75.173223
2,2,9,"q9_case2",1420,4608,836366565,589180,256,14,8,2,75.252060
2,2,9,"q9_case2",1421,4608,836955855,589290,256,14,9,2,75.331796
2,2,9,"q9_case2",1422,4608,837545063,589208,256,14,8,2,75.403732
2,2,9,"q9_case2",1423,4608,838134448,589385,256,14,9,2,75.474219
2,2,9,"q9_case2",1424,4608,838723806,589358,256,14,8,2,75.570670
2,2,9,"q9_case2",1425,4608,839313217,589411,256,12,9,2,75.675773
2,2,9,"q9_case2",1426,4608,839902579,589362,256,12,8,2,75.762104
2,2,9,"q9_case2",1427,4608,840492022,589443,256,12,7,2,75.849224
2,2,9,"q9_case2",1428,4608,841081401,589379,256,12,12,1,75.939939
2,2,9,"q9_case2",1429,4608,841670701,589300,256,12,7,2,76.036863
2,2,9,"q9_case2",1430,4608,842259911,589210,256,12,6,2,76.118927
2,2,9,"q9_case2",1431,4608,842849140,589229,256,12,7,2,76.205317
2,2,9,"q9_case2",1432,4608,843438491,589351,256,12,6,2,76.282258
2,2,9,"q9_case2",1433,4608,844027823,589332,256,12,7,2,76.356628
2,2,9,"q9_case2",1434,4608,844617239,589416,256,10,6,2,76.420764
2,2,9,"q9_case2",1435,4608,845206660,589421,256,10,5,2,76.510979
2,2,9,"q9_case2",1436,4608,845796122,589462,256,10,6,2,76.607174
2,2,9,"q9_case2",1437,4608,846385607,589485,256,10,5,2,76.697721
2,2,9,"q9_case2",1438,4608,846974944,589337,256,8,4,3,76.792256
2,2,9,"q9_case2",1439,4608,847564210,589266,256,8,5,2,76.890086
2,2,9,"q9_case2",1440,4608,848153506,589296,256,8,4,2,76.982471
2,2,9,"q9_case2",1441,4608,848742934,589428,256,6,4,2,77.070335
2,2,9,"q9_case2",1442,4608,849332388,589454,256,4,2,2,77.147866
2,2,9,"q9_case2",1443,4608,849921866,589478,256,4,4,1,77.226150
2,2,9,"q9_case2",1444,4608,850511259,589393,256,2,2,1,77.328923
2,2,9,"q9_case2",1445,4608,851100798,589539,1,0,0,0,77.407468
