case_index,total_cases,dim,case_name,depth,max_depth,expanded,layer_candidates,retained,best_total_dist,best_misplaced,best_max_dist,elapsed_sec
1,1,10,"q10_case2",1,10240,5120,5120,512,4606,1021,9,0.243187
1,1,10,"q10_case2",2,10240,2626048,2620928,512,4604,1020,9,0.282482
1,1,10,"q10_case2",3,10240,5246484,2620436,512,4602,1019,9,0.318644
1,1,10,"q10_case2",4,10240,7866973,2620489,512,4600,1018,9,0.354857
1,1,10,"q10_case2",5,10240,10487040,2620067,512,4598,1017,9,0.390880
1,1,10,"q10_case2",6,10240,13106871,2619831,512,4596,1016,9,0.425975
1,1,10,"q10_case2",7,10240,15726664,2619793,512,4594,1015,9,0.462043
1,1,10,"q10_case2",8,10240,18346360,2619696,512,4592,1014,9,0.498211
1,1,10,"q10_case2",9,10240,20965981,2619621,512,4590,1013,9,0.534214
1,1,10,"q10_case2",10,10240,23585704,2619723,512,4588,1012,9,0.571308
1,1,10,"q10_case2",11,10240,26205560,2619856,512,4586,1011,9,0.609344
1,1,10,"q10_case2",12,10240,28825566,2620006,512,4584,1010,9,0.646316
1,1,10,"q10_case2",13,10240,31445874,2620308,512,4582,1010,9,0.683415
1,1,10,"q10_case2",14,10240,34066513,2620639,512,4580,1009,9,0.720299
1,1,10,"q10_case2",15,10240,36686933,2620420,512,4578,1009,9,0.757911
1,1,10,"q10_case2",16,10240,39307824,2620891,512,4576,1008,9,0.794447
1,1,10,"q10_case2",17,10240,41928256,2620432,512,4574,1008,9,0.831777
1,1,10,"q10_case2",18,10240,44549149,2620893,512,4572,1008,9,0.867660
1,1,10,"q10_case2",19,10240,47169589,2620440,512,4570,1008,9,0.904689
1,1,10,"q10_case2",20,10240,49790046,2620457,512,4568,1008,9,0.943658
1,1,10,"q10_case2",21,10240,52410704,2620658,512,4566,1008,9,0.981146
1,1,10,"q10_case2",22,10240,55031314,2620610,512,4564,1008,9,1.017465
1,1,10,"q10_case2",23,10240,57651926,2620612,512,4562,1007,9,1.054478
1,1,10,"q10_case2",24,10240,60272448,2620522,512,4560,1007,9,1.090540
1,1,10,"q10_case2",25,10240,62893367,2620919,512,4558,1006,9,1.127408
1,1,10,"q10_case2",26,10240,65513790,2620423,512,4556,1006,9,1.163901
1,1,10,"q10_case2",27,10240,68134680,2620890,512,4554,1005,9,1.218611
1,1,10,"q10_case2",28,10240,70755113,2620433,512,4552,1005,9,1.254525
1,1,10,"q10_case2",29,10240,73376004,2620891,512,4550,1005,9,1.291442
1,1,10,"q10_case2",30,10240,75996440,2620436,512,4548,1005,9,1.326958
1,1,10,"q10_case2",31,10240,78616940,2620500,512,4546,1005,9,1.362585
1,1,10,"q10_case2",32,10240,81237470,2620530,512,4544,1005,9,1.420861
1,1,10,"q10_case2",33,10240,83858143,2620673,512,4542,1004,9,1.461929
1,1,10,"q10_case2",34,10240,86478672,2620529,512,4540,1004,9,1.498884
1,1,10,"q10_case2",35,10240,89099595,2620923,512,4538,1003,9,1.535874
1,1,10,"q10_case2",36,10240,91720018,2620423,512,4536,1003,9,1.572625
1,1,10,"q10_case2",37,10240,94340902,2620884,512,4534,1002,9,1.617584
1,1,10,"q10_case2",38,10240,96961330,2620428,512,4532,1002,9,1.657047
1,1,10,"q10_case2",39,10240,99582221,2620891,512,4530,1001,9,1.695869
1,1,10,"q10_case2",40,10240,102202649,2620428,512,4528,1001,9,1.738009
1,1,10,"q10_case2",41,10240,104823544,2620895,512,4526,1000,9,1.776452
1,1,10,"q10_case2",42,10240,107443969,2620425,512,4524,1000,9,1.814149
1,1,10,"q10_case2",43,10240,110064854,2620885,512,4522,999,9,1.852000
1,1,10,"q10_case2",44,10240,112685273,2620419,512,4520,999,9,1.889448
1,1,10,"q10_case2",45,10240,115306156,2620883,512,4518,999,9,1.929415
1,1,10,"q10_case2",46,10240,117926577,2620421,512,4516,998,9,1.967516
1,1,10,"q10_case2",47,10240,120546998,2620421,512,4514,998,9,2.021629
1,1,10,"q10_case2",48,10240,123167896,2620898,512,4512,997,9,2.058866
1,1,10,"q10_case2",49,10240,125788320,2620424,512,4510,997,9,2.096430
1,1,10,"q10_case2",50,10240,128408973,2620653,512,4508,996,9,2.132682
1,1,10,"q10_case2",51,10240,131029399,2620426,512,4506,996,9,2.170990
1,1,10,"q10_case2",52,10240,133650056,2620657,512,4504,995,9,2.208219
1,1,10,"q10_case2",53,10240,136270482,2620426,512,4502,995,9,2.246255
1,1,10,"q10_case2",54,10240,138891140,2620658,512,4500,994,9,2.283165
1,1,10,"q10_case2",55,10240,141511562,2620422,512,4498,994,9,2.320735
1,1,10,"q10_case2",56,10240,144132442,2620880,512,4496,994,9,2.357091
1,1,10,"q10_case2",57,10240,146752862,2620420,512,4494,994,9,2.393716
1,1,10,"q10_case2",58,10240,149373290,2620428,512,4492,994,9,2.430380
1,1,10,"q10_case2",59,10240,151994085,2620795,512,4490,994,9,2.469070
1,1,10,"q10_case2",60,10240,154614816,2620731,512,4488,994,9,2.507302
1,1,10,"q10_case2",61,10240,157235398,2620582,512,4486,994,9,2.546374
1,1,10,"q10_case2",62,10240,159856102,2620704,512,4484,993,9,2.583833
1,1,10,"q10_case2",63,10240,162476745,2620643,512,4482,993,9,2.622424
1,1,10,"q10_case2",64,10240,165097671,2620926,512,4480,993,9,2.661221
1,1,10,"q10_case2",65,10240,167718092,2620421,512,4478,993,9,2.706281
1,1,10,"q10_case2",66,10240,170338515,2620423,512,4476,993,9,2.755699
1,1,10,"q10_case2",67,10240,172959199,2620684,512,4474,991,9,2.795244
1,1,10,"q10_case2",68,10240,175579888,2620689,512,4472,991,9,2.833864
1,1,10,"q10_case2",69,10240,178200802,2620914,512,4470,990,9,2.874112
1,1,10,"q10_case2",70,10240,180821007,2620205,512,4468,990,9,2.922754
1,1,10,"q10_case2",71,10240,183441892,2620885,512,4466,990,9,2.971699
1,1,10,"q10_case2",72,10240,186062308,2620416,512,4464,990,9,3.018427
1,1,10,"q10_case2",73,10240,188682500,2620192,512,4462,990,9,3.061261
1,1,10,"q10_case2",74,10240,191302798,2620298,512,4460,989,9,3.101991
1,1,10,"q10_case2",75,10240,193923413,2620615,512,4458,988,9,3.147530
1,1,10,"q10_case2",76,10240,196544322,2620909,512,4456,988,9,3.190990
1,1,10,"q10_case2",77,10240,199164897,2620575,512,4454,987,9,3.235771
1,1,10,"q10_case2",78,10240,201785321,2620424,512,4452,987,9,3.280289
1,1,10,"q10_case2",79,10240,204406214,2620893,512,4450,986,9,3.330672
1,1,10,"q10_case2",80,10240,207026634,2620420,512,4448,986,9,3.376661
1,1,10,"q10_case2",81,10240,209647528,2620894,512,4446,986,9,3.423277
1,1,10,"q10_case2",82,10240,212267946,2620418,512,4444,986,9,3.471339
1,1,10,"q10_case2",83,10240,214888722,2620776,512,4442,986,9,3.521500
1,1,10,"q10_case2",84,10240,217509521,2620799,512,4440,986,9,3.559698
1,1,10,"q10_case2",85,10240,220130021,2620500,512,4438,985,9,3.602904
1,1,10,"q10_case2",86,10240,222750689,2620668,512,4436,985,9,3.647674
1,1,10,"q10_case2",87,10240,225371611,2620922,512,4434,985,9,3.695289
1,1,10,"q10_case2",88,10240,227992034,2620423,512,4432,984,9,3.744716
1,1,10,"q10_case2",89,10240,230612457,2620423,512,4430,983,9,3.792676
1,1,10,"q10_case2",90,10240,233233356,2620899,512,4428,983,9,3.837775
1,1,10,"q10_case2",91,10240,235853780,2620424,512,4426,983,9,3.884441
1,1,10,"q10_case2",92,10240,238474199,2620419,512,4424,983,9,3.933695
1,1,10,"q10_case2",93,10240,241094981,2620782,512,4422,982,9,3.979925
1,1,10,"q10_case2",94,10240,243715782,2620801,512,4420,982,9,4.024029
1,1,10,"q10_case2",95,10240,246336666,2620884,512,4418,982,9,4.071762
1,1,10,"q10_case2",96,10240,248957362,2620696,512,4416,982,9,4.119228
1,1,10,"q10_case2",97,10240,251578062,2620700,512,4414,982,9,4.167852
1,1,10,"q10_case2",98,10240,254198787,2620725,512,4412,982,9,4.212854
1,1,10,"q10_case2",99,10240,256819521,2620734,512,4410,982,9,4.261838
1,1,10,"q10_case2",100,10240,259440184,2620663,512,4408,982,9,4.313469
1,1,10,"q10_case2",101,10240,262060793,2620609,512,4406,982,9,4.367717
1,1,10,"q10_case2",102,10240,264681382,2620589,512,4404,981,9,4.412018
1,1,10,"q10_case2",103,10240,267301994,2620612,512,4402,981,9,4.461219
1,1,10,"q10_case2",104,10240,269922917,2620923,512,4400,980,9,4.505685
1,1,10,"q10_case2",105,10240,272543336,2620419,512,4398,980,9,4.550202
1,1,10,"q10_case2",106,10240,275164221,2620885,512,4396,980,9,4.595932
1,1,10,"q10_case2",107,10240,277784640,2620419,512,4394,980,9,4.644868
1,1,10,"q10_case2",108,10240,280405414,2620774,512,4392,980,9,4.693778
1,1,10,"q10_case2",109,10240,283026149,2620735,512,4390,980,9,4.738401
1,1,10,"q10_case2",110,10240,285646898,2620749,512,4388,980,9,4.786446
1,1,10,"q10_case2",111,10240,288267649,2620751,512,4386,980,9,4.832357
1,1,10,"q10_case2",112,10240,290888362,2620713,512,4384,980,9,4.877390
1,1,10,"q10_case2",113,10240,293509075,2620713,512,4382,979,9,4.928147
1,1,10,"q10_case2",114,10240,296129683,2620608,512,4380,979,9,4.975501
1,1,10,"q10_case2",115,10240,298750611,2620928,512,4378,979,9,5.021805
1,1,10,"q10_case2",116,10240,301371033,2620422,512,4376,979,9,5.072428
1,1,10,"q10_case2",117,10240,303991802,2620769,512,4374,978,9,5.125049
1,1,10,"q10_case2",118,10240,306612525,2620723,512,4372,978,9,5.176426
1,1,10,"q10_case2",119,10240,309233435,2620910,512,4370,977,9,5.228635
1,1,10,"q10_case2",120,10240,311853863,2620428,512,4368,977,9,5.280362
1,1,10,"q10_case2",121,10240,314474747,2620884,512,4366,977,9,5.332999
1,1,10,"q10_case2",122,10240,317095168,2620421,512,4364,977,9,5.384455
1,1,10,"q10_case2",123,10240,319715945,2620777,512,4362,977,9,5.437507
1,1,10,"q10_case2",124,10240,322336663,2620718,512,4360,977,9,5.487933
1,1,10,"q10_case2",125,10240,324957334,2620671,512,4358,977,9,5.532565
1,1,10,"q10_case2",126,10240,327578020,2620686,512,4356,977,9,5.581470
1,1,10,"q10_case2",127,10240,330198627,2620607,512,4354,977,9,5.632208
1,1,10,"q10_case2",128,10240,332819118,2620491,512,4352,976,9,5.682613
1,1,10,"q10_case2",129,10240,335439490,2620372,512,4350,976,9,5.744532
1,1,10,"q10_case2",130,10240,338060413,2620923,512,4348,976,9,5.790109
1,1,10,"q10_case2",131,10240,340680834,2620421,512,4346,976,9,5.838039
1,1,10,"q10_case2",132,10240,343301223,2620389,512,4344,976,9,5.882377
1,1,10,"q10_case2",133,10240,345921589,2620366,512,4342,976,9,5.928573
1,1,10,"q10_case2",134,10240,348542203,2620614,512,4340,975,9,5.973203
1,1,10,"q10_case2",135,10240,351162904,2620701,512,4338,975,9,6.023656
1,1,10,"q10_case2",136,10240,353783825,2620921,512,4336,974,9,6.069256
1,1,10,"q10_case2",137,10240,356404243,2620418,512,4334,974,9,6.115095
1,1,10,"q10_case2",138,10240,359025122,2620879,512,4332,974,9,6.165800
1,1,10,"q10_case2",139,10240,361645540,2620418,512,4330,974,9,6.210619
1,1,10,"q10_case2",140,10240,364266322,2620782,512,4328,974,9,6.264089
1,1,10,"q10_case2",141,10240,366887060,2620738,512,4326,974,9,6.315757
1,1,10,"q10_case2",142,10240,369507761,2620701,512,4324,973,9,6.360526
1,1,10,"q10_case2",143,10240,372128431,2620670,512,4322,973,9,6.414470
1,1,10,"q10_case2",144,10240,374749358,2620927,512,4320,973,9,6.461894
1,1,10,"q10_case2",145,10240,377369778,2620420,512,4318,973,9,6.511516
1,1,10,"q10_case2",146,10240,379990301,2620523,512,4316,973,9,6.561189
1,1,10,"q10_case2",147,10240,382610850,2620549,512,4314,972,9,6.608449
1,1,10,"q10_case2",148,10240,385231287,2620437,512,4312,972,9,6.659454
1,1,10,"q10_case2",149,10240,387852197,2620910,512,4310,972,9,6.710416
1,1,10,"q10_case2",150,10240,390472618,2620421,512,4308,972,9,6.758240
1,1,10,"q10_case2",151,10240,393093392,2620774,512,4306,972,9,6.807550
1,1,10,"q10_case2",152,10240,395713895,2620503,512,4304,972,9,6.850725
1,1,10,"q10_case2",153,10240,398334457,2620562,512,4302,971,9,6.895801
1,1,10,"q10_case2",154,10240,400955070,2620613,512,4300,971,9,6.943997
1,1,10,"q10_case2",155,10240,403575997,2620927,512,4298,971,9,6.990229
1,1,10,"q10_case2",156,10240,406196416,2620419,512,4296,971,9,7.046861
1,1,10,"q10_case2",157,10240,408817203,2620787,512,4294,971,9,7.096532
1,1,10,"q10_case2",158,10240,411437686,2620483,512,4292,971,9,7.147841
1,1,10,"q10_case2",159,10240,414058352,2620666,512,4290,970,9,7.207617
1,1,10,"q10_case2",160,10240,416679067,2620715,512,4288,970,9,7.265722
1,1,10,"q10_case2",161,10240,419299993,2620926,512,4286,970,9,7.317781
1,1,10,"q10_case2",162,10240,421920412,2620419,512,4284,970,9,7.367792
1,1,10,"q10_case2",163,10240,424541185,2620773,512,4282,970,9,7.418228
1,1,10,"q10_case2",164,10240,427161924,2620739,512,4280,970,9,7.473026
1,1,10,"q10_case2",165,10240,429782664,2620740,512,4278,970,9,7.525499
1,1,10,"q10_case2",166,10240,432403409,2620745,512,4276,969,9,7.577768
1,1,10,"q10_case2",167,10240,435024175,2620766,512,4274,969,9,7.630019
1,1,10,"q10_case2",168,10240,437645100,2620925,512,4272,968,9,7.684953
1,1,10,"q10_case2",169,10240,440265523,2620423,512,4270,968,9,7.739902
1,1,10,"q10_case2",170,10240,442886413,2620890,512,4268,967,9,7.795745
1,1,10,"q10_case2",171,10240,445506842,2620429,512,4266,966,9,7.848120
1,1,10,"q10_case2",172,10240,448127730,2620888,512,4264,966,9,7.906973
1,1,10,"q10_case2",173,10240,450748381,2620651,512,4262,966,9,7.959683
1,1,10,"q10_case2",174,10240,453368802,2620421,512,4260,966,9,8.006185
1,1,10,"q10_case2",175,10240,455989233,2620431,512,4258,965,9,8.059310
1,1,10,"q10_case2",176,10240,458609680,2620447,512,4256,965,9,8.117020
1,1,10,"q10_case2",177,10240,461230584,2620904,512,4254,965,9,8.174729
1,1,10,"q10_case2",178,10240,463851011,2620427,512,4252,963,9,8.232615
1,1,10,"q10_case2",179,10240,466471448,2620437,512,4250,963,9,8.288666
1,1,10,"q10_case2",180,10240,469092338,2620890,512,4248,963,9,8.343637
1,1,10,"q10_case2",181,10240,471712764,2620426,512,4246,963,9,8.397643
1,1,10,"q10_case2",182,10240,474333196,2620432,512,4244,963,9,8.452551
1,1,10,"q10_case2",183,10240,476953983,2620787,512,4242,962,9,8.505817
1,1,10,"q10_case2",184,10240,479574495,2620512,512,4240,962,9,8.559876
1,1,10,"q10_case2",185,10240,482195415,2620920,512,4238,961,9,8.611384
1,1,10,"q10_case2",186,10240,484815843,2620428,512,4236,961,9,8.667580
1,1,10,"q10_case2",187,10240,487436730,2620887,512,4234,961,9,8.722494
1,1,10,"q10_case2",188,10240,490057156,2620426,512,4232,960,9,8.813827
1,1,10,"q10_case2",189,10240,492677649,2620493,512,4230,960,9,8.862960
1,1,10,"q10_case2",190,10240,495298563,2620914,512,4228,959,9,8.918074
1,1,10,"q10_case2",191,10240,497918982,2620419,512,4226,959,9,8.973994
1,1,10,"q10_case2",192,10240,500539868,2620886,512,4224,958,9,9.023689
1,1,10,"q10_case2",193,10240,503160287,2620419,512,4222,958,9,9.069368
1,1,10,"q10_case2",194,10240,505781169,2620882,512,4220,957,9,9.139379
1,1,10,"q10_case2",195,10240,508401585,2620416,512,4218,957,9,9.192406
1,1,10,"q10_case2",196,10240,511022467,2620882,512,4216,957,9,9.253073
1,1,10,"q10_case2",197,10240,513642884,2620417,512,4214,957,9,9.311729
1,1,10,"q10_case2",198,10240,516263304,2620420,512,4212,957,9,9.366053
1,1,10,"q10_case2",199,10240,518883738,2620434,512,4210,957,9,9.422000
1,1,10,"q10_case2",200,10240,521504306,2620568,512,4208,956,9,9.481601
1,1,10,"q10_case2",201,10240,524124899,2620593,512,4206,956,9,9.534172
1,1,10,"q10_case2",202,10240,526745801,2620902,512,4204,955,9,9.589533
1,1,10,"q10_case2",203,10240,529365759,2619958,512,4202,954,9,9.648427
1,1,10,"q10_case2",204,10240,531986646,2620887,512,4200,954,9,9.699916
1,1,10,"q10_case2",205,10240,534607066,2620420,512,4198,954,9,9.749404
1,1,10,"q10_case2",206,10240,537227481,2620415,512,4196,954,9,9.806833
1,1,10,"q10_case2",207,10240,539847900,2620419,512,4194,953,9,9.861457
1,1,10,"q10_case2",208,10240,542468421,2620521,512,4192,953,9,9.934769
1,1,10,"q10_case2",209,10240,545089325,2620904,512,4190,952,9,9.988679
1,1,10,"q10_case2",210,10240,547709460,2620135,512,4188,952,9,10.045137
1,1,10,"q10_case2",211,10240,550330348,2620888,512,4186,952,9,10.095806
1,1,10,"q10_case2",212,10240,552950764,2620416,512,4184,952,9,10.147876
1,1,10,"q10_case2",213,10240,555571174,2620410,512,4182,952,9,10.202795
1,1,10,"q10_case2",214,10240,558191880,2620706,512,4180,952,9,10.260077
1,1,10,"q10_case2",215,10240,560812610,2620730,512,4178,952,9,10.323441
1,1,10,"q10_case2",216,10240,563433269,2620659,512,4176,952,9,10.385007
1,1,10,"q10_case2",217,10240,566053762,2620493,512,4174,952,9,10.448209
1,1,10,"q10_case2",218,10240,568674319,2620557,512,4172,952,9,10.500229
1,1,10,"q10_case2",219,10240,571294822,2620503,512,4170,951,9,10.556729
1,1,10,"q10_case2",220,10240,573915289,2620467,512,4168,951,9,10.610905
1,1,10,"q10_case2",221,10240,576536211,2620922,512,4166,950,9,10.671006
1,1,10,"q10_case2",222,10240,579156642,2620431,512,4164,950,9,10.722444
1,1,10,"q10_case2",223,10240,581777528,2620886,512,4162,950,9,10.793993
1,1,10,"q10_case2",224,10240,584397948,2620420,512,4160,950,9,10.847835
1,1,10,"q10_case2",225,10240,587018327,2620379,512,4158,950,9,10.897190
1,1,10,"q10_case2",226,10240,589638865,2620538,512,4156,950,9,10.954609
1,1,10,"q10_case2",227,10240,592259487,2620622,512,4154,950,9,11.006629
1,1,10,"q10_case2",228,10240,594880068,2620581,512,4152,950,9,11.066840
1,1,10,"q10_case2",229,10240,597500562,2620494,512,4150,950,9,11.118599
1,1,10,"q10_case2",230,10240,600121052,2620490,512,4148,950,9,11.175872
1,1,10,"q10_case2",231,10240,602741566,2620514,512,4146,950,9,11.233512
1,1,10,"q10_case2",232,10240,605362090,2620524,512,4144,950,9,11.292017
1,1,10,"q10_case2",233,10240,607982562,2620472,512,4142,949,9,11.362750
1,1,10,"q10_case2",234,10240,610602968,2620406,512,4140,949,9,11.425382
1,1,10,"q10_case2",235,10240,613223876,2620908,512,4138,948,9,11.488814
1,1,10,"q10_case2",236,10240,615844317,2620441,512,4136,948,9,11.539694
1,1,10,"q10_case2",237,10240,618465206,2620889,512,4134,948,9,11.593697
1,1,10,"q10_case2",238,10240,621085629,2620423,512,4132,948,9,11.650687
1,1,10,"q10_case2",239,10240,623706098,2620469,512,4130,948,9,11.706823
1,1,10,"q10_case2",240,10240,626326721,2620623,512,4128,947,9,11.780269
1,1,10,"q10_case2",241,10240,628947300,2620579,512,4126,947,9,11.834825
1,1,10,"q10_case2",242,10240,631568213,2620913,512,4124,947,9,11.899191
1,1,10,"q10_case2",243,10240,634188646,2620433,512,4122,947,9,11.958711
1,1,10,"q10_case2",244,10240,636809027,2620381,512,4120,946,9,12.017190
1,1,10,"q10_case2",245,10240,639429462,2620435,512,4118,946,9,12.070176
1,1,10,"q10_case2",246,10240,642050376,2620914,512,4116,946,9,12.127942
1,1,10,"q10_case2",247,10240,644670807,2620431,512,4114,946,9,12.183434
1,1,10,"q10_case2",248,10240,647291303,2620496,512,4112,946,9,12.244953
1,1,10,"q10_case2",249,10240,649911835,2620532,512,4110,945,9,12.308279
1,1,10,"q10_case2",250,10240,652532289,2620454,512,4108,945,9,12.363604
1,1,10,"q10_case2",251,10240,655153208,2620919,512,4106,945,9,12.424367
1,1,10,"q10_case2",252,10240,657773520,2620312,512,4104,944,9,12.477684
1,1,10,"q10_case2",253,10240,660393853,2620333,512,4102,944,9,12.526397
1,1,10,"q10_case2",254,10240,663014763,2620910,512,4100,944,9,12.574119
1,1,10,"q10_case2",255,10240,665635196,2620433,512,4098,944,9,12.634218
1,1,10,"q10_case2",256,10240,668255639,2620443,512,4096,943,9,12.688933
1,1,10,"q10_case2",257,10240,670876102,2620463,512,4094,943,9,12.757347
1,1,10,"q10_case2",258,10240,673497010,2620908,512,4092,943,9,12.817609
1,1,10,"q10_case2",259,10240,676117435,2620425,512,4090,943,9,12.890757
1,1,10,"q10_case2",260,10240,678737814,2620379,512,4088,943,9,12.954518
1,1,10,"q10_case2",261,10240,681358531,2620717,512,4086,943,9,13.012186
1,1,10,"q10_case2",262,10240,683979183,2620652,512,4084,942,9,13.072008
1,1,10,"q10_case2",263,10240,686599901,2620718,512,4082,942,9,13.124671
1,1,10,"q10_case2",264,10240,689220363,2620462,512,4080,942,9,13.171782
1,1,10,"q10_case2",265,10240,691840808,2620445,512,4078,941,9,13.225373
1,1,10,"q10_case2",266,10240,694461295,2620487,512,4076,941,9,13.279616
1,1,10,"q10_case2",267,10240,697082218,2620923,512,4074,941,9,13.340633
1,1,10,"q10_case2",268,10240,699702638,2620420,512,4072,941,9,13.400687
1,1,10,"q10_case2",269,10240,702323064,2620426,512,4070,941,9,13.458027
1,1,10,"q10_case2",270,10240,704943485,2620421,512,4068,940,9,13.512003
1,1,10,"q10_case2",271,10240,707563943,2620458,512,4066,940,9,13.570974
1,1,10,"q10_case2",272,10240,710184857,2620914,512,4064,939,9,13.627674
1,1,10,"q10_case2",273,10240,712805285,2620428,512,4062,939,9,13.686402
1,1,10,"q10_case2",274,10240,715426164,2620879,512,4060,939,8,13.744227
1,1,10,"q10_case2",275,10240,718046590,2620426,512,4058,939,8,13.864847
1,1,10,"q10_case2",276,10240,720667480,2620890,512,4056,938,8,13.924734
1,1,10,"q10_case2",277,10240,723287925,2620445,512,4054,938,8,13.984262
1,1,10,"q10_case2",278,10240,725908812,2620887,512,4052,938,8,14.049966
1,1,10,"q10_case2",279,10240,728529235,2620423,512,4050,938,8,14.105402
1,1,10,"q10_case2",280,10240,731149657,2620422,512,4048,938,8,14.163710
1,1,10,"q10_case2",281,10240,733770090,2620433,512,4046,938,8,14.218680
1,1,10,"q10_case2",282,10240,736390542,2620452,512,4044,938,8,14.275986
1,1,10,"q10_case2",283,10240,739011002,2620460,512,4042,937,8,14.349499
1,1,10,"q10_case2",284,10240,741631639,2620637,512,4040,937,8,14.405850
1,1,10,"q10_case2",285,10240,744252563,2620924,512,4038,936,8,14.463747
1,1,10,"q10_case2",286,10240,746872984,2620421,512,4036,936,8,14.525676
1,1,10,"q10_case2",287,10240,749493865,2620881,512,4034,935,8,14.587797
1,1,10,"q10_case2",288,10240,752114283,2620418,512,4032,935,8,14.647094
1,1,10,"q10_case2",289,10240,754735164,2620881,512,4030,935,8,14.704209
1,1,10,"q10_case2",290,10240,757355581,2620417,512,4028,935,8,14.759770
1,1,10,"q10_case2",291,10240,759975994,2620413,512,4026,935,8,14.810785
1,1,10,"q10_case2",292,10240,762596499,2620505,512,4024,935,8,14.864276
1,1,10,"q10_case2",293,10240,765217091,2620592,512,4022,935,8,14.926441
1,1,10,"q10_case2",294,10240,767837637,2620546,512,4020,934,8,14.987347
1,1,10,"q10_case2",295,10240,770458095,2620458,512,4018,934,8,15.062331
1,1,10,"q10_case2",296,10240,773079014,2620919,512,4016,933,8,15.115078
1,1,10,"q10_case2",297,10240,775699301,2620287,512,4014,933,8,15.176399
1,1,10,"q10_case2",298,10240,778320186,2620885,512,4012,932,8,15.227413
1,1,10,"q10_case2",299,10240,780940608,2620422,512,4010,932,8,15.288575
1,1,10,"q10_case2",300,10240,783561488,2620880,512,4008,932,8,15.340882
1,1,10,"q10_case2",301,10240,786181910,2620422,512,4006,932,8,15.397020
1,1,10,"q10_case2",302,10240,788802334,2620424,512,4004,932,8,15.460346
1,1,10,"q10_case2",303,10240,791422764,2620430,512,4002,932,8,15.523807
1,1,10,"q10_case2",304,10240,794043526,2620762,512,4000,931,8,15.590985
1,1,10,"q10_case2",305,10240,796664172,2620646,512,3998,931,8,15.649384
1,1,10,"q10_case2",306,10240,799285089,2620917,512,3996,931,8,15.708168
1,1,10,"q10_case2",307,10240,801905553,2620464,512,3994,930,8,15.773374
1,1,10,"q10_case2",308,10240,804525967,2620414,512,3992,930,8,15.830688
1,1,10,"q10_case2",309,10240,807146862,2620895,512,3990,929,8,15.888906
1,1,10,"q10_case2",310,10240,809767072,2620210,512,3988,929,8,15.958624
1,1,10,"q10_case2",311,10240,812387958,2620886,512,3986,929,8,16.017619
1,1,10,"q10_case2",312,10240,815008380,2620422,512,3984,929,8,16.091252
1,1,10,"q10_case2",313,10240,817628804,2620424,512,3982,929,8,16.151087
1,1,10,"q10_case2",314,10240,820249224,2620420,512,3980,928,8,16.209472
1,1,10,"q10_case2",315,10240,822869916,2620692,512,3978,928,8,16.266267
1,1,10,"q10_case2",316,10240,825490827,2620911,512,3976,928,8,16.323372
1,1,10,"q10_case2",317,10240,828111248,2620421,512,3974,928,8,16.380040
1,1,10,"q10_case2",318,10240,830731669,2620421,512,3972,928,8,16.433471
1,1,10,"q10_case2",319,10240,833352040,2620371,512,3970,928,8,16.491739
1,1,10,"q10_case2",320,10240,835972752,2620712,512,3968,927,8,16.550802
1,1,10,"q10_case2",321,10240,838593471,2620719,512,3966,926,8,16.610546
1,1,10,"q10_case2",322,10240,841214172,2620701,512,3964,926,8,16.669198
1,1,10,"q10_case2",323,10240,843834874,2620702,512,3962,926,8,16.732750
1,1,10,"q10_case2",324,10240,846455583,2620709,512,3960,926,8,16.805242
1,1,10,"q10_case2",325,10240,849076097,2620514,512,3958,926,8,16.866983
1,1,10,"q10_case2",326,10240,851696547,2620450,512,3956,926,8,16.928425
1,1,10,"q10_case2",327,10240,854317045,2620498,512,3954,925,8,16.991231
1,1,10,"q10_case2",328,10240,856937508,2620463,512,3952,925,8,17.045755
1,1,10,"q10_case2",329,10240,859558413,2620905,512,3950,924,8,17.101045
1,1,10,"q10_case2",330,10240,862178766,2620353,512,3948,924,8,17.156951
1,1,10,"q10_case2",331,10240,864799657,2620891,512,3946,923,8,17.217874
1,1,10,"q10_case2",332,10240,867420078,2620421,512,3944,923,8,17.284754
1,1,10,"q10_case2",333,10240,870040960,2620882,512,3942,923,8,17.337936
1,1,10,"q10_case2",334,10240,872661380,2620420,512,3940,923,8,17.428111
1,1,10,"q10_case2",335,10240,875281801,2620421,512,3938,923,8,17.489211
1,1,10,"q10_case2",336,10240,877902224,2620423,512,3936,923,8,17.539380
1,1,10,"q10_case2",337,10240,880522932,2620708,512,3934,923,8,17.593467
1,1,10,"q10_case2",338,10240,883143547,2620615,512,3932,923,8,17.647422
1,1,10,"q10_case2",339,10240,885764068,2620521,512,3930,923,8,17.714688
1,1,10,"q10_case2",340,10240,888384518,2620450,512,3928,923,8,17.773199
1,1,10,"q10_case2",341,10240,891004953,2620435,512,3926,923,8,17.836279
1,1,10,"q10_case2",342,10240,893625384,2620431,512,3924,923,8,17.908827
1,1,10,"q10_case2",343,10240,896245821,2620437,512,3922,923,8,17.972631
1,1,10,"q10_case2",344,10240,898866250,2620429,512,3920,923,8,18.032549
1,1,10,"q10_case2",345,10240,901486655,2620405,512,3918,923,8,18.092496
1,1,10,"q10_case2",346,10240,904107023,2620368,512,3916,922,8,18.151762
1,1,10,"q10_case2",347,10240,906727286,2620263,512,3914,922,8,18.209945
1,1,10,"q10_case2",348,10240,909348209,2620923,512,3912,921,8,18.276238
1,1,10,"q10_case2",349,10240,911968636,2620427,512,3910,921,8,18.342668
1,1,10,"q10_case2",350,10240,914589517,2620881,512,3908,920,8,18.396975
1,1,10,"q10_case2",351,10240,917209942,2620425,512,3906,920,8,18.462478
1,1,10,"q10_case2",352,10240,919830825,2620883,512,3904,919,8,18.524632
1,1,10,"q10_case2",353,10240,922451244,2620419,512,3902,919,8,18.587456
1,1,10,"q10_case2",354,10240,925072124,2620880,512,3900,918,8,18.649119
1,1,10,"q10_case2",355,10240,927692542,2620418,512,3898,918,8,18.709940
1,1,10,"q10_case2",356,10240,930313424,2620882,512,3896,918,8,18.774391
1,1,10,"q10_case2",357,10240,932933841,2620417,512,3894,918,8,18.851479
1,1,10,"q10_case2",358,10240,935554614,2620773,512,3892,918,8,18.916425
1,1,10,"q10_case2",359,10240,938175040,2620426,512,3890,918,8,18.983357
1,1,10,"q10_case2",360,10240,940795554,2620514,512,3888,918,8,19.044656
1,1,10,"q10_case2",361,10240,943416020,2620466,512,3886,918,8,19.099598
1,1,10,"q10_case2",362,10240,946036557,2620537,512,3884,918,8,19.159450
1,1,10,"q10_case2",363,10240,948657065,2620508,512,3882,918,8,19.223862
1,1,10,"q10_case2",364,10240,951277611,2620546,512,3880,918,8,19.286102
1,1,10,"q10_case2",365,10240,953898174,2620563,512,3878,917,8,19.349173
1,1,10,"q10_case2",366,10240,956518615,2620441,512,3876,917,8,19.413583
1,1,10,"q10_case2",367,10240,959139542,2620927,512,3874,916,8,19.468760
1,1,10,"q10_case2",368,10240,961759964,2620422,512,3872,916,8,19.569585
1,1,10,"q10_case2",369,10240,964380843,2620879,512,3870,916,8,19.648115
1,1,10,"q10_case2",370,10240,967001261,2620418,512,3868,916,8,19.711355
1,1,10,"q10_case2",371,10240,969621676,2620415,512,3866,916,8,19.771615
1,1,10,"q10_case2",372,10240,972242189,2620513,512,3864,916,8,19.838050
1,1,10,"q10_case2",373,10240,974862770,2620581,512,3862,915,8,19.900515
1,1,10,"q10_case2",374,10240,977483226,2620456,512,3860,915,8,19.966621
1,1,10,"q10_case2",375,10240,980104141,2620915,512,3858,914,8,20.023285
1,1,10,"q10_case2",376,10240,982724568,2620427,512,3856,914,8,20.079701
1,1,10,"q10_case2",377,10240,985345453,2620885,512,3854,913,8,20.137991
1,1,10,"q10_case2",378,10240,987965878,2620425,512,3852,912,8,20.198814
1,1,10,"q10_case2",379,10240,990586760,2620882,512,3850,912,8,20.266010
1,1,10,"q10_case2",380,10240,993207484,2620724,512,3848,911,8,20.334743
1,1,10,"q10_case2",381,10240,995827909,2620425,512,3846,911,8,20.399289
1,1,10,"q10_case2",382,10240,998448786,2620877,512,3844,910,8,20.468805
1,1,10,"q10_case2",383,10240,1001069221,2620435,512,3842,909,8,20.528376
1,1,10,"q10_case2",384,10240,1003690113,2620892,512,3840,909,8,20.590236
1,1,10,"q10_case2",385,10240,1006310754,2620641,512,3838,908,8,20.652429
1,1,10,"q10_case2",386,10240,1008931176,2620422,512,3836,908,8,20.718177
1,1,10,"q10_case2",387,10240,1011552062,2620886,512,3834,908,8,20.794819
1,1,10,"q10_case2",388,10240,1014172482,2620420,512,3832,908,8,20.858427
1,1,10,"q10_case2",389,10240,1016792903,2620421,512,3830,907,8,20.923250
1,1,10,"q10_case2",390,10240,1019413570,2620667,512,3828,907,8,20.982911
1,1,10,"q10_case2",391,10240,1022034487,2620917,512,3826,907,8,21.052012
1,1,10,"q10_case2",392,10240,1024654908,2620421,512,3824,907,8,21.116076
1,1,10,"q10_case2",393,10240,1027275687,2620779,512,3822,907,8,21.169772
1,1,10,"q10_case2",394,10240,1029896420,2620733,512,3820,907,8,21.231952
1,1,10,"q10_case2",395,10240,1032517075,2620655,512,3818,906,8,21.301686
1,1,10,"q10_case2",396,10240,1035137673,2620598,512,3816,906,8,21.370419
1,1,10,"q10_case2",397,10240,1037758594,2620921,512,3814,906,8,21.436683
1,1,10,"q10_case2",398,10240,1040379158,2620564,512,3812,905,8,21.493365
1,1,10,"q10_case2",399,10240,1042999551,2620393,512,3810,905,8,21.559972
1,1,10,"q10_case2",400,10240,1045620238,2620687,512,3808,905,8,21.630765
1,1,10,"q10_case2",401,10240,1048240684,2620446,512,3806,905,8,21.690670
1,1,10,"q10_case2",402,10240,1050861145,2620461,512,3804,905,8,21.752376
1,1,10,"q10_case2",403,10240,1053481608,2620463,512,3802,905,8,21.824898
1,1,10,"q10_case2",404,10240,1056102007,2620399,512,3800,905,8,21.887583
1,1,10,"q10_case2",405,10240,1058722419,2620412,512,3798,905,8,21.953211
1,1,10,"q10_case2",406,10240,1061342894,2620475,512,3796,905,8,22.008197
1,1,10,"q10_case2",407,10240,1063963429,2620535,512,3794,905,8,22.072297
1,1,10,"q10_case2",408,10240,1066583852,2620423,512,3792,905,8,22.141751
1,1,10,"q10_case2",409,10240,1069204158,2620306,512,3790,904,8,22.198730
1,1,10,"q10_case2",410,10240,1071824332,2620174,512,3788,904,8,22.258032
1,1,10,"q10_case2",411,10240,1074445250,2620918,512,3786,903,8,22.327007
1,1,10,"q10_case2",412,10240,1077065681,2620431,512,3784,903,8,22.382895
1,1,10,"q10_case2",413,10240,1079686568,2620887,512,3782,902,8,22.446732
1,1,10,"q10_case2",414,10240,1082307005,2620437,512,3780,902,8,22.509680
1,1,10,"q10_case2",415,10240,1084927889,2620884,512,3778,902,8,22.575449
1,1,10,"q10_case2",416,10240,1087548315,2620426,512,3776,902,8,22.634365
1,1,10,"q10_case2",417,10240,1090168734,2620419,512,3774,901,8,22.707843
1,1,10,"q10_case2",418,10240,1092789151,2620417,512,3772,901,8,22.774018
1,1,10,"q10_case2",419,10240,1095410049,2620898,512,3770,901,8,22.837848
1,1,10,"q10_case2",420,10240,1098030475,2620426,512,3768,901,8,22.900407
1,1,10,"q10_case2",421,10240,1100650905,2620430,512,3766,901,8,22.972432
1,1,10,"q10_case2",422,10240,1103271331,2620426,512,3764,901,8,23.034875
1,1,10,"q10_case2",423,10240,1105891779,2620448,512,3762,901,8,23.117080
1,1,10,"q10_case2",424,10240,1108512217,2620438,512,3760,900,8,23.187205
1,1,10,"q10_case2",425,10240,1111132654,2620437,512,3758,900,8,23.258391
1,1,10,"q10_case2",426,10240,1113753556,2620902,512,3756,899,8,23.321585
1,1,10,"q10_case2",427,10240,1116373976,2620420,512,3754,899,8,23.393518
1,1,10,"q10_case2",428,10240,1118994861,2620885,512,3752,899,8,23.464481
1,1,10,"q10_case2",429,10240,1121615277,2620416,512,3750,899,8,23.528962
1,1,10,"q10_case2",430,10240,1124235702,2620425,512,3748,899,8,23.595164
1,1,10,"q10_case2",431,10240,1126856119,2620417,512,3746,899,8,23.659376
1,1,10,"q10_case2",432,10240,1129476702,2620583,512,3744,898,8,23.730537
1,1,10,"q10_case2",433,10240,1132097317,2620615,512,3742,898,8,23.792109
1,1,10,"q10_case2",434,10240,1134718243,2620926,512,3740,896,8,23.857855
1,1,10,"q10_case2",435,10240,1137338668,2620425,512,3738,896,8,23.926860
1,1,10,"q10_case2",436,10240,1139959551,2620883,512,3736,896,8,24.001336
1,1,10,"q10_case2",437,10240,1142579971,2620420,512,3734,896,8,24.072886
1,1,10,"q10_case2",438,10240,1145200740,2620769,512,3732,896,8,24.147230
1,1,10,"q10_case2",439,10240,1147821444,2620704,512,3730,895,8,24.217454
1,1,10,"q10_case2",440,10240,1150442132,2620688,512,3728,895,8,24.288106
1,1,10,"q10_case2",441,10240,1153062733,2620601,512,3726,895,8,24.361662
1,1,10,"q10_case2",442,10240,1155683147,2620414,512,3724,895,8,24.426691
1,1,10,"q10_case2",443,10240,1158303589,2620442,512,3722,894,8,24.495124
1,1,10,"q10_case2",444,10240,1160924209,2620620,512,3720,894,8,24.566412
1,1,10,"q10_case2",445,10240,1163545128,2620919,512,3718,893,8,24.632317
1,1,10,"q10_case2",446,10240,1166165576,2620448,512,3716,893,8,24.698915
1,1,10,"q10_case2",447,10240,1168786465,2620889,512,3714,892,8,24.766936
1,1,10,"q10_case2",448,10240,1171406895,2620430,512,3712,891,8,24.841383
1,1,10,"q10_case2",449,10240,1174027782,2620887,512,3710,891,8,24.905802
1,1,10,"q10_case2",450,10240,1176648506,2620724,512,3708,890,8,24.977645
1,1,10,"q10_case2",451,10240,1179268931,2620425,512,3706,890,8,25.049066
1,1,10,"q10_case2",452,10240,1181889815,2620884,512,3704,889,8,25.123371
1,1,10,"q10_case2",453,10240,1184510242,2620427,512,3702,889,8,25.192214
1,1,10,"q10_case2",454,10240,1187131119,2620877,512,3700,889,8,25.264635
1,1,10,"q10_case2",455,10240,1189751545,2620426,512,3698,888,8,25.337888
1,1,10,"q10_case2",456,10240,1192372324,2620779,512,3696,888,8,25.409129
1,1,10,"q10_case2",457,10240,1194993219,2620895,512,3694,888,8,25.476441
1,1,10,"q10_case2",458,10240,1197613642,2620423,512,3692,888,8,25.547827
1,1,10,"q10_case2",459,10240,1200234063,2620421,512,3690,887,8,25.615825
1,1,10,"q10_case2",460,10240,1202854439,2620376,512,3688,887,8,25.676052
1,1,10,"q10_case2",461,10240,1205474985,2620546,512,3686,886,8,25.736376
1,1,10,"q10_case2",462,10240,1208095376,2620391,512,3684,886,8,25.796982
1,1,10,"q10_case2",463,10240,1210716267,2620891,512,3682,886,8,25.876873
1,1,10,"q10_case2",464,10240,1213336692,2620425,512,3680,886,8,25.954885
1,1,10,"q10_case2",465,10240,1215957118,2620426,512,3678,886,8,26.019497
1,1,10,"q10_case2",466,10240,1218577543,2620425,512,3676,886,8,26.084215
1,1,10,"q10_case2",467,10240,1221198322,2620779,512,3674,886,8,26.144681
1,1,10,"q10_case2",468,10240,1223818788,2620466,512,3672,886,8,26.212039
1,1,10,"q10_case2",469,10240,1226439258,2620470,512,3670,886,8,26.275648
1,1,10,"q10_case2",470,10240,1229059815,2620557,512,3668,885,8,26.343228
1,1,10,"q10_case2",471,10240,1231680224,2620409,512,3666,885,8,26.413549
1,1,10,"q10_case2",472,10240,1234301139,2620915,512,3664,884,8,26.481222
1,1,10,"q10_case2",473,10240,1236921346,2620207,512,3662,884,8,26.542507
1,1,10,"q10_case2",474,10240,1239542226,2620880,512,3660,884,8,26.606191
1,1,10,"q10_case2",475,10240,1242162430,2620204,512,3658,884,8,26.668838
1,1,10,"q10_case2",476,10240,1244782757,2620327,512,3656,884,8,26.732015
1,1,10,"q10_case2",477,10240,1247403179,2620422,512,3654,884,8,26.798938
1,1,10,"q10_case2",478,10240,1250023520,2620341,512,3652,884,8,26.863891
1,1,10,"q10_case2",479,10240,1252644061,2620541,512,3650,884,8,26.943296
1,1,10,"q10_case2",480,10240,1255264534,2620473,512,3648,884,8,27.028061
1,1,10,"q10_case2",481,10240,1257885043,2620509,512,3646,884,8,27.098301
1,1,10,"q10_case2",482,10240,1260505494,2620451,512,3644,884,8,27.168058
1,1,10,"q10_case2",483,10240,1263125887,2620393,512,3642,884,8,27.233742
1,1,10,"q10_case2",484,10240,1265746290,2620403,512,3640,883,8,27.309389
1,1,10,"q10_case2",485,10240,1268366671,2620381,512,3638,883,8,27.380041
1,1,10,"q10_case2",486,10240,1270987588,2620917,512,3636,882,8,27.452172
1,1,10,"q10_case2",487,10240,1273608010,2620422,512,3634,882,8,27.554316
1,1,10,"q10_case2",488,10240,1276228889,2620879,512,3632,881,8,27.614665
1,1,10,"q10_case2",489,10240,1278849309,2620420,512,3630,881,8,27.678755
1,1,10,"q10_case2",490,10240,1281470191,2620882,512,3628,881,8,27.756988
1,1,10,"q10_case2",491,10240,1284090608,2620417,512,3626,881,8,27.825712
1,1,10,"q10_case2",492,10240,1286711022,2620414,512,3624,881,8,27.891835
1,1,10,"q10_case2",493,10240,1289331478,2620456,512,3622,880,8,27.960579
1,1,10,"q10_case2",494,10240,1291952105,2620627,512,3620,880,8,28.031408
1,1,10,"q10_case2",495,10240,1294573030,2620925,512,3618,880,8,28.101321
1,1,10,"q10_case2",496,10240,1297193494,2620464,512,3616,880,8,28.173495
1,1,10,"q10_case2",497,10240,1299813994,2620500,512,3614,880,8,28.255826
1,1,10,"q10_case2",498,10240,1302434668,2620674,512,3612,880,8,28.322440
1,1,10,"q10_case2",499,10240,1305055260,2620592,512,3610,880,8,28.396919
1,1,10,"q10_case2",500,10240,1307675753,2620493,512,3608,880,8,28.458699
1,1,10,"q10_case2",501,10240,1310296103,2620350,512,3606,879,8,28.526043
1,1,10,"q10_case2",502,10240,1312916281,2620178,512,3604,879,8,28.594729
1,1,10,"q10_case2",503,10240,1315537204,2620923,512,3602,879,8,28.666474
1,1,10,"q10_case2",504,10240,1318157636,2620432,512,3600,879,8,28.724805
1,1,10,"q10_case2",505,10240,1320778409,2620773,512,3598,878,8,28.787391
1,1,10,"q10_case2",506,10240,1323399149,2620740,512,3596,878,8,28.858864
1,1,10,"q10_case2",507,10240,1326020071,2620922,512,3594,877,8,28.920128
1,1,10,"q10_case2",508,10240,1328640492,2620421,512,3592,877,8,28.987979
1,1,10,"q10_case2",509,10240,1331261378,2620886,512,3590,876,8,29.059363
1,1,10,"q10_case2",510,10240,1333881802,2620424,512,3588,875,8,29.126651
1,1,10,"q10_case2",511,10240,1336502690,2620888,512,3586,875,8,29.195162
1,1,10,"q10_case2",512,10240,1339123458,2620768,512,3584,874,8,29.268660
1,1,10,"q10_case2",513,10240,1341743884,2620426,512,3582,874,8,29.392401
1,1,10,"q10_case2",514,10240,1344364765,2620881,512,3580,874,8,29.462728
1,1,10,"q10_case2",515,10240,1346985192,2620427,512,3578,873,8,29.530808
1,1,10,"q10_case2",516,10240,1349605631,2620439,512,3576,873,8,29.606063
1,1,10,"q10_case2",517,10240,1352226522,2620891,512,3574,872,8,29.709272
1,1,10,"q10_case2",518,10240,1354846941,2620419,512,3572,872,8,29.772894
1,1,10,"q10_case2",519,10240,1357467821,2620880,512,3570,872,8,29.835517
1,1,10,"q10_case2",520,10240,1360088237,2620416,512,3568,872,8,29.926188
1,1,10,"q10_case2",521,10240,1362708652,2620415,512,3566,872,8,30.005763
1,1,10,"q10_case2",522,10240,1365329105,2620453,512,3564,872,8,30.078043
1,1,10,"q10_case2",523,10240,1367949708,2620603,512,3562,872,8,30.145519
1,1,10,"q10_case2",524,10240,1370570235,2620527,512,3560,871,8,30.215403
1,1,10,"q10_case2",525,10240,1373190751,2620516,512,3558,871,8,30.291580
1,1,10,"q10_case2",526,10240,1375811675,2620924,512,3556,871,8,30.354257
1,1,10,"q10_case2",527,10240,1378432097,2620422,512,3554,871,8,30.414796
1,1,10,"q10_case2",528,10240,1381052884,2620787,512,3552,871,8,30.484325
1,1,10,"q10_case2",529,10240,1383673598,2620714,512,3550,871,8,30.556866
1,1,10,"q10_case2",530,10240,1386294289,2620691,512,3548,871,8,30.631733
1,1,10,"q10_case2",531,10240,1388914855,2620566,512,3546,871,8,30.690017
1,1,10,"q10_case2",532,10240,1391535331,2620476,512,3544,870,8,30.760990
1,1,10,"q10_case2",533,10240,1394155722,2620391,512,3542,870,8,30.847841
1,1,10,"q10_case2",534,10240,1396776646,2620924,512,3540,869,8,30.924535
1,1,10,"q10_case2",535,10240,1399397069,2620423,512,3538,869,8,30.992127
1,1,10,"q10_case2",536,10240,1402017952,2620883,512,3536,868,8,31.061350
1,1,10,"q10_case2",537,10240,1404638371,2620419,512,3534,868,8,31.158468
1,1,10,"q10_case2",538,10240,1407259251,2620880,512,3532,867,8,31.253105
1,1,10,"q10_case2",539,10240,1409879670,2620419,512,3530,867,8,31.313910
1,1,10,"q10_case2",540,10240,1412500552,2620882,512,3528,867,8,31.382478
1,1,10,"q10_case2",541,10240,1415120970,2620418,512,3526,867,8,31.444181
1,1,10,"q10_case2",542,10240,1417741390,2620420,512,3524,867,8,31.506794
1,1,10,"q10_case2",543,10240,1420362079,2620689,512,3522,867,8,31.583461
1,1,10,"q10_case2",544,10240,1422982808,2620729,512,3520,867,8,31.652826
1,1,10,"q10_case2",545,10240,1425603444,2620636,512,3518,866,8,31.714815
1,1,10,"q10_case2",546,10240,1428223958,2620514,512,3516,866,8,31.785086
1,1,10,"q10_case2",547,10240,1430844880,2620922,512,3514,865,8,31.862677
1,1,10,"q10_case2",548,10240,1433465307,2620427,512,3512,865,8,31.943114
1,1,10,"q10_case2",549,10240,1436086189,2620882,512,3510,864,8,32.014980
1,1,10,"q10_case2",550,10240,1438706618,2620429,512,3508,864,8,32.086731
1,1,10,"q10_case2",551,10240,1441327502,2620884,512,3506,863,8,32.160709
1,1,10,"q10_case2",552,10240,1443947930,2620428,512,3504,863,8,32.222279
1,1,10,"q10_case2",553,10240,1446568591,2620661,512,3502,862,8,32.282419
1,1,10,"q10_case2",554,10240,1449188993,2620402,512,3500,862,8,32.338603
1,1,10,"q10_case2",555,10240,1451809878,2620885,512,3498,861,8,32.414035
1,1,10,"q10_case2",556,10240,1454430305,2620427,512,3496,861,8,32.484610
1,1,10,"q10_case2",557,10240,1457051187,2620882,512,3494,861,8,32.550568
1,1,10,"q10_case2",558,10240,1459671606,2620419,512,3492,861,8,32.605696
1,1,10,"q10_case2",559,10240,1462292028,2620422,512,3490,861,8,32.671414
1,1,10,"q10_case2",560,10240,1464912817,2620789,512,3488,861,8,32.735914
1,1,10,"q10_case2",561,10240,1467533594,2620777,512,3486,860,8,32.808977
1,1,10,"q10_case2",562,10240,1470154055,2620461,512,3484,860,8,32.917779
1,1,10,"q10_case2",563,10240,1472774970,2620915,512,3482,860,8,32.991772
1,1,10,"q10_case2",564,10240,1475395391,2620421,512,3480,860,8,33.066051
1,1,10,"q10_case2",565,10240,1478015816,2620425,512,3478,860,8,33.137375
1,1,10,"q10_case2",566,10240,1480636257,2620441,512,3476,860,8,33.211462
1,1,10,"q10_case2",567,10240,1483256687,2620430,512,3474,860,8,33.282736
1,1,10,"q10_case2",568,10240,1485877343,2620656,512,3472,859,8,33.347848
1,1,10,"q10_case2",569,10240,1488498038,2620695,512,3470,859,8,33.413250
1,1,10,"q10_case2",570,10240,1491118629,2620591,512,3468,859,8,33.481212
1,1,10,"q10_case2",571,10240,1493738873,2620244,512,3466,859,8,33.561337
1,1,10,"q10_case2",572,10240,1496359370,2620497,512,3464,858,8,33.625281
1,1,10,"q10_case2",573,10240,1498979820,2620450,512,3462,858,8,33.686730
1,1,10,"q10_case2",574,10240,1501600740,2620920,512,3460,858,8,33.763241
1,1,10,"q10_case2",575,10240,1504221156,2620416,512,3458,858,8,33.837739
1,1,10,"q10_case2",576,10240,1506841575,2620419,512,3456,858,8,33.929896
1,1,10,"q10_case2",577,10240,1509462022,2620447,512,3454,858,8,34.008434
1,1,10,"q10_case2",578,10240,1512082646,2620624,512,3452,856,8,34.082343
1,1,10,"q10_case2",579,10240,1514703235,2620589,512,3450,856,8,34.154455
1,1,10,"q10_case2",580,10240,1517324155,2620920,512,3448,856,8,34.228335
1,1,10,"q10_case2",581,10240,1519944573,2620418,512,3446,856,8,34.295621
1,1,10,"q10_case2",582,10240,1522564986,2620413,512,3444,856,8,34.355921
1,1,10,"q10_case2",583,10240,1525185688,2620702,512,3442,856,8,34.434488
1,1,10,"q10_case2",584,10240,1527806300,2620612,512,3440,856,8,34.513569
1,1,10,"q10_case2",585,10240,1530426835,2620535,512,3438,856,8,34.592543
1,1,10,"q10_case2",586,10240,1533047337,2620502,512,3436,856,8,34.660253
1,1,10,"q10_case2",587,10240,1535667717,2620380,512,3434,856,8,34.734847
1,1,10,"q10_case2",588,10240,1538287866,2620149,512,3432,856,8,34.842516
1,1,10,"q10_case2",589,10240,1540907874,2620008,512,3430,856,8,34.937045
1,1,10,"q10_case2",590,10240,1543527890,2620016,512,3428,856,8,35.025227
1,1,10,"q10_case2",591,10240,1546148037,2620147,512,3426,856,8,35.092713
1,1,10,"q10_case2",592,10240,1548768253,2620216,512,3424,855,8,35.162134
1,1,10,"q10_case2",593,10240,1551388531,2620278,512,3422,855,8,35.236737
1,1,10,"q10_case2",594,10240,1554009456,2620925,512,3420,855,8,35.305467
1,1,10,"q10_case2",595,10240,1556629880,2620424,512,3418,855,8,35.370254
1,1,10,"q10_case2",596,10240,1559250307,2620427,512,3416,855,8,35.445777
1,1,10,"q10_case2",597,10240,1561870733,2620426,512,3414,855,8,35.519576
1,1,10,"q10_case2",598,10240,1564491408,2620675,512,3412,854,8,35.582524
1,1,10,"q10_case2",599,10240,1567111957,2620549,512,3410,854,8,35.652971
1,1,10,"q10_case2",600,10240,1569732881,2620924,512,3408,853,8,35.718019
1,1,10,"q10_case2",601,10240,1572353305,2620424,512,3406,853,8,35.780625
1,1,10,"q10_case2",602,10240,1574974185,2620880,512,3404,853,8,35.848342
1,1,10,"q10_case2",603,10240,1577594609,2620424,512,3402,853,8,35.923922
1,1,10,"q10_case2",604,10240,1580215029,2620420,512,3400,853,8,35.997516
1,1,10,"q10_case2",605,10240,1582835477,2620448,512,3398,853,8,36.070785
1,1,10,"q10_case2",606,10240,1585455962,2620485,512,3396,853,8,36.138757
1,1,10,"q10_case2",607,10240,1588076453,2620491,512,3394,853,8,36.216428
1,1,10,"q10_case2",608,10240,1590696867,2620414,512,3392,853,8,36.296132
1,1,10,"q10_case2",609,10240,1593317209,2620342,512,3390,852,8,36.366918
1,1,10,"q10_case2",610,10240,1595937531,2620322,512,3388,852,8,36.455177
1,1,10,"q10_case2",611,10240,1598558454,2620923,512,3386,852,8,36.528486
1,1,10,"q10_case2",612,10240,1601178885,2620431,512,3384,852,8,36.599851
1,1,10,"q10_case2",613,10240,1603799311,2620426,512,3382,852,8,36.676956
1,1,10,"q10_case2",614,10240,1606419756,2620445,512,3380,851,8,36.765772
1,1,10,"q10_case2",615,10240,1609040188,2620432,512,3378,851,8,36.838303
1,1,10,"q10_case2",616,10240,1611661091,2620903,512,3376,850,8,36.915208
1,1,10,"q10_case2",617,10240,1614281526,2620435,512,3374,850,8,36.987160
1,1,10,"q10_case2",618,10240,1616902409,2620883,512,3372,850,8,37.061391
1,1,10,"q10_case2",619,10240,1619522841,2620432,512,3370,850,8,37.128923
1,1,10,"q10_case2",620,10240,1622143268,2620427,512,3368,849,8,37.210037
1,1,10,"q10_case2",621,10240,1624763792,2620524,512,3366,849,8,37.287461
1,1,10,"q10_case2",622,10240,1627384697,2620905,512,3364,849,8,37.362729
1,1,10,"q10_case2",623,10240,1630005124,2620427,512,3362,849,8,37.428661
1,1,10,"q10_case2",624,10240,1632625615,2620491,512,3360,849,8,37.501438
1,1,10,"q10_case2",625,10240,1635245996,2620381,512,3358,849,8,37.562229
1,1,10,"q10_case2",626,10240,1637866557,2620561,512,3356,849,8,37.636597
1,1,10,"q10_case2",627,10240,1640487051,2620494,512,3354,848,8,37.713282
1,1,10,"q10_case2",628,10240,1643107513,2620462,512,3352,848,8,37.786149
1,1,10,"q10_case2",629,10240,1645728437,2620924,512,3350,848,8,37.860589
1,1,10,"q10_case2",630,10240,1648348870,2620433,512,3348,848,8,37.933621
1,1,10,"q10_case2",631,10240,1650969063,2620193,512,3346,848,8,38.001173
1,1,10,"q10_case2",632,10240,1653589229,2620166,512,3344,848,8,38.060553
1,1,10,"q10_case2",633,10240,1656209488,2620259,512,3342,848,8,38.134855
1,1,10,"q10_case2",634,10240,1658829914,2620426,512,3340,847,8,38.212897
1,1,10,"q10_case2",635,10240,1661450472,2620558,512,3338,847,8,38.295844
1,1,10,"q10_case2",636,10240,1664071392,2620920,512,3336,847,8,38.379249
1,1,10,"q10_case2",637,10240,1666691822,2620430,512,3334,847,8,38.453156
1,1,10,"q10_case2",638,10240,1669312253,2620431,512,3332,846,8,38.517350
1,1,10,"q10_case2",639,10240,1671932897,2620644,512,3330,846,8,38.578427
1,1,10,"q10_case2",640,10240,1674553811,2620914,512,3328,846,8,38.648412
1,1,10,"q10_case2",641,10240,1677174245,2620434,512,3326,846,8,38.720735
1,1,10,"q10_case2",642,10240,1679794684,2620439,512,3324,846,8,38.803366
1,1,10,"q10_case2",643,10240,1682415144,2620460,512,3322,845,8,38.880337
1,1,10,"q10_case2",644,10240,1685035569,2620425,512,3320,845,8,38.958415
1,1,10,"q10_case2",645,10240,1687656488,2620919,512,3318,845,8,39.022227
1,1,10,"q10_case2",646,10240,1690276920,2620432,512,3316,845,8,39.126707
1,1,10,"q10_case2",647,10240,1692897347,2620427,512,3314,845,8,39.192641
1,1,10,"q10_case2",648,10240,1695517521,2620174,512,3312,844,8,39.274153
1,1,10,"q10_case2",649,10240,1698137791,2620270,512,3310,844,8,39.347925
1,1,10,"q10_case2",650,10240,1700758700,2620909,512,3308,844,8,39.424078
1,1,10,"q10_case2",651,10240,1703379134,2620434,512,3306,844,8,39.505958
1,1,10,"q10_case2",652,10240,1705999410,2620276,512,3304,844,8,39.587330
1,1,10,"q10_case2",653,10240,1708619710,2620300,512,3302,844,8,39.661607
1,1,10,"q10_case2",654,10240,1711240034,2620324,512,3300,844,8,39.735074
1,1,10,"q10_case2",655,10240,1713860465,2620431,512,3298,844,8,39.810178
1,1,10,"q10_case2",656,10240,1716480824,2620359,512,3296,844,8,39.886580
1,1,10,"q10_case2",657,10240,1719101171,2620347,512,3294,844,8,39.982761
1,1,10,"q10_case2",658,10240,1721721489,2620318,512,3292,844,8,40.059991
1,1,10,"q10_case2",659,10240,1724341781,2620292,512,3290,844,8,40.135560
1,1,10,"q10_case2",660,10240,1726962008,2620227,512,3288,843,8,40.202833
1,1,10,"q10_case2",661,10240,1729582180,2620172,512,3286,842,8,40.277157
1,1,10,"q10_case2",662,10240,1732202968,2620788,512,3284,841,8,40.352368
1,1,10,"q10_case2",663,10240,1734823531,2620563,512,3282,841,8,40.439853
1,1,10,"q10_case2",664,10240,1737444208,2620677,512,3280,841,8,40.522837
1,1,10,"q10_case2",665,10240,1740064311,2620103,512,3278,841,8,40.597709
1,1,10,"q10_case2",666,10240,1742684490,2620179,512,3276,841,8,40.678888
1,1,10,"q10_case2",667,10240,1745304815,2620325,512,3274,841,8,40.750754
1,1,10,"q10_case2",668,10240,1747925216,2620401,512,3272,840,8,40.832898
1,1,10,"q10_case2",669,10240,1750545627,2620411,512,3270,840,8,40.902955
1,1,10,"q10_case2",670,10240,1753166550,2620923,512,3268,840,8,40.986712
1,1,10,"q10_case2",671,10240,1755786754,2620204,512,3266,840,8,41.070088
1,1,10,"q10_case2",672,10240,1758407073,2620319,512,3264,840,8,41.146491
1,1,10,"q10_case2",673,10240,1761027346,2620273,512,3262,840,8,41.220887
1,1,10,"q10_case2",674,10240,1763647844,2620498,512,3260,840,8,41.291354
1,1,10,"q10_case2",675,10240,1766268249,2620405,512,3258,840,8,41.369873
1,1,10,"q10_case2",676,10240,1768888642,2620393,512,3256,839,8,41.466792
1,1,10,"q10_case2",677,10240,1771508970,2620328,512,3254,839,8,41.544426
1,1,10,"q10_case2",678,10240,1774129894,2620924,512,3252,839,8,41.617810
1,1,10,"q10_case2",679,10240,1776750326,2620432,512,3250,839,8,41.687456
1,1,10,"q10_case2",680,10240,1779370755,2620429,512,3248,839,8,41.756332
1,1,10,"q10_case2",681,10240,1781991187,2620432,512,3246,839,8,41.817241
1,1,10,"q10_case2",682,10240,1784611863,2620676,512,3244,838,8,41.902860
1,1,10,"q10_case2",683,10240,1787232549,2620686,512,3242,838,8,41.977048
1,1,10,"q10_case2",684,10240,1789853469,2620920,512,3240,838,8,42.043267
1,1,10,"q10_case2",685,10240,1792473901,2620432,512,3238,838,8,42.107026
1,1,10,"q10_case2",686,10240,1795094673,2620772,512,3236,838,8,42.181824
1,1,10,"q10_case2",687,10240,1797715221,2620548,512,3234,838,8,42.262730
1,1,10,"q10_case2",688,10240,1800335890,2620669,512,3232,838,8,42.346877
1,1,10,"q10_case2",689,10240,1802956329,2620439,512,3230,838,8,42.418467
1,1,10,"q10_case2",690,10240,1805576749,2620420,512,3228,838,8,42.495342
1,1,10,"q10_case2",691,10240,1808197184,2620435,512,3226,837,8,42.573455
1,1,10,"q10_case2",692,10240,1810817563,2620379,512,3224,837,8,42.647543
1,1,10,"q10_case2",693,10240,1813438485,2620922,512,3222,837,8,42.714406
1,1,10,"q10_case2",694,10240,1816058917,2620432,512,3220,837,8,42.773130
1,1,10,"q10_case2",695,10240,1818679358,2620441,512,3218,836,8,42.839731
1,1,10,"q10_case2",696,10240,1821299988,2620630,512,3216,836,8,42.906591
1,1,10,"q10_case2",697,10240,1823920900,2620912,512,3214,835,8,42.977095
1,1,10,"q10_case2",698,10240,1826541334,2620434,512,3212,835,8,43.051949
1,1,10,"q10_case2",699,10240,1829162217,2620883,512,3210,834,8,43.128682
1,1,10,"q10_case2",700,10240,1831782646,2620429,512,3208,834,8,43.208850
1,1,10,"q10_case2",701,10240,1834403084,2620438,512,3206,834,8,43.294328
1,1,10,"q10_case2",702,10240,1837023517,2620433,512,3204,834,8,43.371608
1,1,10,"q10_case2",703,10240,1839644274,2620757,512,3202,834,8,43.446768
1,1,10,"q10_case2",704,10240,1842264727,2620453,512,3200,834,8,43.519082
1,1,10,"q10_case2",705,10240,1844885152,2620425,512,3198,834,8,43.589017
1,1,10,"q10_case2",706,10240,1847505623,2620471,512,3196,834,8,43.656072
1,1,10,"q10_case2",707,10240,1850126150,2620527,512,3194,833,8,43.722740
1,1,10,"q10_case2",708,10240,1852746571,2620421,512,3192,833,8,43.788531
1,1,10,"q10_case2",709,10240,1855367489,2620918,512,3190,832,8,43.848366
1,1,10,"q10_case2",710,10240,1857987926,2620437,512,3188,832,8,43.910675
1,1,10,"q10_case2",711,10240,1860608819,2620893,512,3186,831,8,43.988831
1,1,10,"q10_case2",712,10240,1863229260,2620441,512,3184,831,8,44.070796
1,1,10,"q10_case2",713,10240,1865850150,2620890,512,3182,831,8,44.151680
1,1,10,"q10_case2",714,10240,1868470580,2620430,512,3180,831,8,44.235335
1,1,10,"q10_case2",715,10240,1871091005,2620425,512,3178,831,8,44.316176
1,1,10,"q10_case2",716,10240,1873711455,2620450,512,3176,831,8,44.403737
1,1,10,"q10_case2",717,10240,1876331994,2620539,512,3174,830,8,44.478801
1,1,10,"q10_case2",718,10240,1878952603,2620609,512,3172,830,8,44.547278
1,1,10,"q10_case2",719,10240,1881573518,2620915,512,3170,829,8,44.622794
1,1,10,"q10_case2",720,10240,1884193674,2620156,512,3168,829,8,44.689198
1,1,10,"q10_case2",721,10240,1886814565,2620891,512,3166,829,8,44.752462
1,1,10,"q10_case2",722,10240,1889434994,2620429,512,3164,829,8,44.825958
1,1,10,"q10_case2",723,10240,1892055427,2620433,512,3162,828,8,44.886369
1,1,10,"q10_case2",724,10240,1894675858,2620431,512,3160,828,8,44.974239
1,1,10,"q10_case2",725,10240,1897296430,2620572,512,3158,828,8,45.058106
1,1,10,"q10_case2",726,10240,1899916776,2620346,512,3156,827,8,45.141044
1,1,10,"q10_case2",727,10240,1902537135,2620359,512,3154,826,8,45.223360
1,1,10,"q10_case2",728,10240,1905158044,2620909,512,3152,826,8,45.295954
1,1,10,"q10_case2",729,10240,1907778465,2620421,512,3150,826,8,45.371524
1,1,10,"q10_case2",730,10240,1910398894,2620429,512,3148,826,8,45.456389
1,1,10,"q10_case2",731,10240,1913019327,2620433,512,3146,826,8,45.534213
1,1,10,"q10_case2",732,10240,1915640111,2620784,512,3144,826,8,45.598629
1,1,10,"q10_case2",733,10240,1918260572,2620461,512,3142,825,8,45.673965
1,1,10,"q10_case2",734,10240,1920881200,2620628,512,3140,825,8,45.770816
1,1,10,"q10_case2",735,10240,1923502123,2620923,512,3138,824,8,45.837906
1,1,10,"q10_case2",736,10240,1926122556,2620433,512,3136,824,8,45.918919
1,1,10,"q10_case2",737,10240,1928743445,2620889,512,3134,823,8,46.010666
1,1,10,"q10_case2",738,10240,1931363879,2620434,512,3132,823,8,46.097359
1,1,10,"q10_case2",739,10240,1933984763,2620884,512,3130,823,8,46.184306
1,1,10,"q10_case2",740,10240,1936605194,2620431,512,3128,823,8,46.270742
1,1,10,"q10_case2",741,10240,1939225626,2620432,512,3126,823,8,46.341860
1,1,10,"q10_case2",742,10240,1941846124,2620498,512,3124,823,8,46.423346
1,1,10,"q10_case2",743,10240,1944466711,2620587,512,3122,823,8,46.494798
1,1,10,"q10_case2",744,10240,1947087227,2620516,512,3120,823,8,46.580977
1,1,10,"q10_case2",745,10240,1949707736,2620509,512,3118,822,8,46.647880
1,1,10,"q10_case2",746,10240,1952328229,2620493,512,3116,822,8,46.712451
1,1,10,"q10_case2",747,10240,1954949154,2620925,512,3114,821,8,46.780380
1,1,10,"q10_case2",748,10240,1957569601,2620447,512,3112,821,8,46.842071
1,1,10,"q10_case2",749,10240,1960190486,2620885,512,3110,820,8,46.926124
1,1,10,"q10_case2",750,10240,1962810925,2620439,512,3108,820,8,47.014107
1,1,10,"q10_case2",751,10240,1965431810,2620885,512,3106,820,8,47.093666
1,1,10,"q10_case2",752,10240,1968052247,2620437,512,3104,819,8,47.178179
1,1,10,"q10_case2",753,10240,1970672680,2620433,512,3102,819,8,47.251384
1,1,10,"q10_case2",754,10240,1973293566,2620886,512,3100,818,8,47.318836
1,1,10,"q10_case2",755,10240,1975913998,2620432,512,3098,818,8,47.401474
1,1,10,"q10_case2",756,10240,1978534881,2620883,512,3096,818,8,47.473291
1,1,10,"q10_case2",757,10240,1981155312,2620431,512,3094,818,8,47.538632
1,1,10,"q10_case2",758,10240,1983775752,2620440,512,3092,818,8,47.605628
1,1,10,"q10_case2",759,10240,1986396169,2620417,512,3090,818,8,47.680997
1,1,10,"q10_case2",760,10240,1989016619,2620450,512,3088,818,8,47.768358
1,1,10,"q10_case2",761,10240,1991637203,2620584,512,3086,817,8,47.846494
1,1,10,"q10_case2",762,10240,1994257824,2620621,512,3084,817,8,47.920969
1,1,10,"q10_case2",763,10240,1996878479,2620655,512,3082,817,8,47.995135
1,1,10,"q10_case2",764,10240,1999499185,2620706,512,3080,817,8,48.078230
1,1,10,"q10_case2",765,10240,2002119882,2620697,512,3078,817,8,48.155926
1,1,10,"q10_case2",766,10240,2004740510,2620628,512,3076,816,8,48.232156
1,1,10,"q10_case2",767,10240,2007361140,2620630,512,3074,815,8,48.309686
1,1,10,"q10_case2",768,10240,2009982061,2620921,512,3072,815,8,48.395659
1,1,10,"q10_case2",769,10240,2012602593,2620532,512,3070,814,8,48.487499
1,1,10,"q10_case2",770,10240,2015222725,2620132,512,3068,814,8,48.559470
1,1,10,"q10_case2",771,10240,2017843623,2620898,512,3066,814,8,48.641524
1,1,10,"q10_case2",772,10240,2020463834,2620211,512,3064,814,8,48.708980
1,1,10,"q10_case2",773,10240,2023084067,2620233,512,3062,813,8,48.778392
1,1,10,"q10_case2",774,10240,2025704359,2620292,512,3060,813,8,48.855519
1,1,10,"q10_case2",775,10240,2028325268,2620909,512,3058,813,8,48.934123
1,1,10,"q10_case2",776,10240,2030945476,2620208,512,3056,813,8,49.019322
1,1,10,"q10_case2",777,10240,2033565744,2620268,512,3054,813,8,49.100254
1,1,10,"q10_case2",778,10240,2036186192,2620448,512,3052,812,8,49.185320
1,1,10,"q10_case2",779,10240,2038806635,2620443,512,3050,812,8,49.261104
1,1,10,"q10_case2",780,10240,2041427552,2620917,512,3048,811,8,49.324904
1,1,10,"q10_case2",781,10240,2044047966,2620414,512,3046,811,8,49.393411
1,1,10,"q10_case2",782,10240,2046668856,2620890,512,3044,811,8,49.482085
1,1,10,"q10_case2",783,10240,2049289285,2620429,512,3042,811,8,49.570267
1,1,10,"q10_case2",784,10240,2051909719,2620434,512,3040,810,8,49.652570
1,1,10,"q10_case2",785,10240,2054530410,2620691,512,3038,810,8,49.729051
1,1,10,"q10_case2",786,10240,2057151326,2620916,512,3036,810,8,49.808340
1,1,10,"q10_case2",787,10240,2059771795,2620469,512,3034,809,8,49.895233
1,1,10,"q10_case2",788,10240,2062392179,2620384,512,3032,809,8,49.992041
1,1,10,"q10_case2",789,10240,2065013018,2620839,512,3030,808,8,50.069926
1,1,10,"q10_case2",790,10240,2067633451,2620433,512,3028,808,8,50.151967
1,1,10,"q10_case2",791,10240,2070254334,2620883,512,3026,808,8,50.231044
1,1,10,"q10_case2",792,10240,2072874773,2620439,512,3024,807,8,50.303415
1,1,10,"q10_case2",793,10240,2075495200,2620427,512,3022,807,8,50.377130
1,1,10,"q10_case2",794,10240,2078116086,2620886,512,3020,806,8,50.459655
1,1,10,"q10_case2",795,10240,2080736516,2620430,512,3018,806,8,50.530400
1,1,10,"q10_case2",796,10240,2083357397,2620881,512,3016,806,8,50.601940
1,1,10,"q10_case2",797,10240,2085977827,2620430,512,3014,806,8,50.667502
1,1,10,"q10_case2",798,10240,2088598252,2620425,512,3012,806,8,50.746382
1,1,10,"q10_case2",799,10240,2091218687,2620435,512,3010,805,8,50.824023
1,1,10,"q10_case2",800,10240,2093839270,2620583,512,3008,805,8,50.910051
1,1,10,"q10_case2",801,10240,2096460192,2620922,512,3006,805,8,50.995337
1,1,10,"q10_case2",802,10240,2099080627,2620435,512,3004,805,8,51.072738
1,1,10,"q10_case2",803,10240,2101701063,2620436,512,3002,805,8,51.160184
1,1,10,"q10_case2",804,10240,2104321537,2620474,512,3000,804,8,51.242968
1,1,10,"q10_case2",805,10240,2106942271,2620734,512,2998,804,8,51.325235
1,1,10,"q10_case2",806,10240,2109563188,2620917,512,2996,803,8,51.402948
1,1,10,"q10_case2",807,10240,2112183655,2620467,512,2994,803,8,51.486142
1,1,10,"q10_case2",808,10240,2114804551,2620896,512,2992,803,8,51.550581
1,1,10,"q10_case2",809,10240,2117424763,2620212,512,2990,803,8,51.625410
1,1,10,"q10_case2",810,10240,2120045068,2620305,512,2988,803,8,51.702339
1,1,10,"q10_case2",811,10240,2122665532,2620464,512,2986,802,8,51.781342
1,1,10,"q10_case2",812,10240,2125285997,2620465,512,2984,802,8,51.866577
1,1,10,"q10_case2",813,10240,2127906919,2620922,512,2982,802,8,51.950785
1,1,10,"q10_case2",814,10240,2130527356,2620437,512,2980,802,8,52.040489
1,1,10,"q10_case2",815,10240,2133147791,2620435,512,2978,802,8,52.117473
1,1,10,"q10_case2",816,10240,2135768551,2620760,512,2976,801,8,52.184029
1,1,10,"q10_case2",817,10240,2138389173,2620622,512,2974,801,8,52.255490
1,1,10,"q10_case2",818,10240,2141010084,2620911,512,2972,800,8,52.342475
1,1,10,"q10_case2",819,10240,2143630363,2620279,512,2970,800,8,52.420729
1,1,10,"q10_case2",820,10240,2146251257,2620894,512,2968,799,8,52.495575
1,1,10,"q10_case2",821,10240,2148871685,2620428,512,2966,799,8,52.580490
1,1,10,"q10_case2",822,10240,2151492564,2620879,512,2964,798,8,52.659363
1,1,10,"q10_case2",823,10240,2154112988,2620424,512,2962,798,8,52.746461
1,1,10,"q10_case2",824,10240,2156733869,2620881,512,2960,798,8,52.830852
1,1,10,"q10_case2",825,10240,2159354302,2620433,512,2958,798,8,52.918973
1,1,10,"q10_case2",826,10240,2161974790,2620488,512,2956,798,8,53.010770
1,1,10,"q10_case2",827,10240,2164595216,2620426,512,2954,798,8,53.083608
1,1,10,"q10_case2",828,10240,2167215634,2620418,512,2952,798,8,53.154835
1,1,10,"q10_case2",829,10240,2169836053,2620419,512,2950,798,8,53.228729
1,1,10,"q10_case2",830,10240,2172456437,2620384,512,2948,797,8,53.308448
1,1,10,"q10_case2",831,10240,2175076901,2620464,512,2946,797,8,53.392602
1,1,10,"q10_case2",832,10240,2177697816,2620915,512,2944,796,8,53.481310
1,1,10,"q10_case2",833,10240,2180318076,2620260,512,2942,796,8,53.567313
1,1,10,"q10_case2",834,10240,2182938953,2620877,512,2940,796,8,53.655433
1,1,10,"q10_case2",835,10240,2185559235,2620282,512,2938,796,8,53.747444
1,1,10,"q10_case2",836,10240,2188179484,2620249,512,2936,796,8,53.832789
1,1,10,"q10_case2",837,10240,2190799580,2620096,512,2934,796,8,53.920115
1,1,10,"q10_case2",838,10240,2193419810,2620230,512,2932,796,8,54.012017
1,1,10,"q10_case2",839,10240,2196040134,2620324,512,2930,796,8,54.081590
1,1,10,"q10_case2",840,10240,2198660578,2620444,512,2928,796,8,54.150090
1,1,10,"q10_case2",841,10240,2201281073,2620495,512,2926,795,8,54.219365
1,1,10,"q10_case2",842,10240,2203901606,2620533,512,2924,794,8,54.284738
1,1,10,"q10_case2",843,10240,2206522523,2620917,512,2922,794,8,54.346703
1,1,10,"q10_case2",844,10240,2209143249,2620726,512,2920,793,8,54.430647
1,1,10,"q10_case2",845,10240,2211763675,2620426,512,2918,793,8,54.512708
1,1,10,"q10_case2",846,10240,2214384552,2620877,512,2916,793,8,54.602433
1,1,10,"q10_case2",847,10240,2217004979,2620427,512,2914,793,8,54.690959
1,1,10,"q10_case2",848,10240,2219625463,2620484,512,2912,793,8,54.775098
1,1,10,"q10_case2",849,10240,2222245889,2620426,512,2910,792,8,54.866017
1,1,10,"q10_case2",850,10240,2224866286,2620397,512,2908,792,8,54.962149
1,1,10,"q10_case2",851,10240,2227487189,2620903,512,2906,792,8,55.038240
1,1,10,"q10_case2",852,10240,2230107615,2620426,512,2904,792,8,55.114395
1,1,10,"q10_case2",853,10240,2232728094,2620479,512,2902,792,8,55.184752
1,1,10,"q10_case2",854,10240,2235348530,2620436,512,2900,792,8,55.259287
1,1,10,"q10_case2",855,10240,2237968939,2620409,512,2898,792,8,55.350014
1,1,10,"q10_case2",856,10240,2240589392,2620453,512,2896,791,8,55.441299
1,1,10,"q10_case2",857,10240,2243209973,2620581,512,2894,791,8,55.532003
1,1,10,"q10_case2",858,10240,2245830897,2620924,512,2892,790,8,55.625988
1,1,10,"q10_case2",859,10240,2248451322,2620425,512,2890,790,8,55.715896
1,1,10,"q10_case2",860,10240,2251072201,2620879,512,2888,789,8,55.801298
1,1,10,"q10_case2",861,10240,2253692626,2620425,512,2886,789,8,55.874739
1,1,10,"q10_case2",862,10240,2256313509,2620883,512,2884,788,8,55.962879
1,1,10,"q10_case2",863,10240,2258933934,2620425,512,2882,788,8,56.053316
1,1,10,"q10_case2",864,10240,2261554816,2620882,512,2880,788,8,56.138979
1,1,10,"q10_case2",865,10240,2264175240,2620424,512,2878,788,8,56.215095
1,1,10,"q10_case2",866,10240,2266795676,2620436,512,2876,788,8,56.309657
1,1,10,"q10_case2",867,10240,2269416345,2620669,512,2874,788,8,56.396253
1,1,10,"q10_case2",868,10240,2272037086,2620741,512,2872,788,8,56.476934
1,1,10,"q10_case2",869,10240,2274657762,2620676,512,2870,788,8,56.555960
1,1,10,"q10_case2",870,10240,2277278424,2620662,512,2868,788,8,56.645345
1,1,10,"q10_case2",871,10240,2279899036,2620612,512,2866,788,8,56.736598
1,1,10,"q10_case2",872,10240,2282519510,2620474,512,2864,787,8,56.820230
1,1,10,"q10_case2",873,10240,2285139930,2620420,512,2862,787,8,56.900082
1,1,10,"q10_case2",874,10240,2287760854,2620924,512,2860,787,8,56.986126
1,1,10,"q10_case2",875,10240,2290381294,2620440,512,2858,787,8,57.068202
1,1,10,"q10_case2",876,10240,2293001515,2620221,512,2856,787,8,57.160506
1,1,10,"q10_case2",877,10240,2295621848,2620333,512,2854,786,8,57.231711
1,1,10,"q10_case2",878,10240,2298242208,2620360,512,2852,786,8,57.319773
1,1,10,"q10_case2",879,10240,2300863123,2620915,512,2850,785,8,57.411606
1,1,10,"q10_case2",880,10240,2303483549,2620426,512,2848,785,8,57.500409
1,1,10,"q10_case2",881,10240,2306104430,2620881,512,2846,785,8,57.582222
1,1,10,"q10_case2",882,10240,2308724852,2620422,512,2844,785,8,57.670601
1,1,10,"q10_case2",883,10240,2311345619,2620767,512,2842,785,8,57.767259
1,1,10,"q10_case2",884,10240,2313966365,2620746,512,2840,785,8,57.853044
1,1,10,"q10_case2",885,10240,2316587115,2620750,512,2838,785,8,57.933128
1,1,10,"q10_case2",886,10240,2319207793,2620678,512,2836,785,8,58.017412
1,1,10,"q10_case2",887,10240,2321828393,2620600,512,2834,785,8,58.113418
1,1,10,"q10_case2",888,10240,2324448884,2620491,512,2832,785,8,58.205473
1,1,10,"q10_case2",889,10240,2327069357,2620473,512,2830,784,8,58.293652
1,1,10,"q10_case2",890,10240,2329689806,2620449,512,2828,784,8,58.382381
1,1,10,"q10_case2",891,10240,2332310725,2620919,512,2826,783,8,58.469930
1,1,10,"q10_case2",892,10240,2334931163,2620438,512,2824,783,8,58.553457
1,1,10,"q10_case2",893,10240,2337552047,2620884,512,2822,782,8,58.643373
1,1,10,"q10_case2",894,10240,2340172479,2620432,512,2820,782,8,58.726665
1,1,10,"q10_case2",895,10240,2342793360,2620881,512,2818,782,8,58.797380
1,1,10,"q10_case2",896,10240,2345413794,2620434,512,2816,782,8,58.881529
1,1,10,"q10_case2",897,10240,2348034221,2620427,512,2814,782,8,58.965435
1,1,10,"q10_case2",898,10240,2350654999,2620778,512,2812,782,8,59.039440
1,1,10,"q10_case2",899,10240,2353275564,2620565,512,2810,782,8,59.110177
1,1,10,"q10_case2",900,10240,2355896163,2620599,512,2808,782,8,59.179562
1,1,10,"q10_case2",901,10240,2358516748,2620585,512,2806,782,8,59.260041
1,1,10,"q10_case2",902,10240,2361137259,2620511,512,2804,782,8,59.343293
1,1,10,"q10_case2",903,10240,2363757773,2620514,512,2802,781,8,59.427163
1,1,10,"q10_case2",904,10240,2366378204,2620431,512,2800,781,8,59.516241
1,1,10,"q10_case2",905,10240,2368999128,2620924,512,2798,780,8,59.597181
1,1,10,"q10_case2",906,10240,2371619555,2620427,512,2796,780,8,59.674095
1,1,10,"q10_case2",907,10240,2374240435,2620880,512,2794,780,8,59.744703
1,1,10,"q10_case2",908,10240,2376860860,2620425,512,2792,780,8,59.813666
1,1,10,"q10_case2",909,10240,2379481634,2620774,512,2790,780,8,59.918082
1,1,10,"q10_case2",910,10240,2382102367,2620733,512,2788,780,8,60.003825
1,1,10,"q10_case2",911,10240,2384722807,2620440,512,2786,779,8,60.091903
1,1,10,"q10_case2",912,10240,2387343327,2620520,512,2784,779,8,60.178988
1,1,10,"q10_case2",913,10240,2389964242,2620915,512,2782,779,8,60.263929
1,1,10,"q10_case2",914,10240,2392584377,2620135,512,2780,778,8,60.346121
1,1,10,"q10_case2",915,10240,2395204461,2620084,512,2778,778,8,60.438475
1,1,10,"q10_case2",916,10240,2397825356,2620895,512,2776,777,8,60.535784
1,1,10,"q10_case2",917,10240,2400445786,2620430,512,2774,777,8,60.628940
1,1,10,"q10_case2",918,10240,2403066666,2620880,512,2772,777,8,60.711566
1,1,10,"q10_case2",919,10240,2405687088,2620422,512,2770,777,8,60.787093
1,1,10,"q10_case2",920,10240,2408307508,2620420,512,2768,777,8,60.883035
1,1,10,"q10_case2",921,10240,2410927931,2620423,512,2766,777,8,60.977560
1,1,10,"q10_case2",922,10240,2413548445,2620514,512,2764,777,8,61.068454
1,1,10,"q10_case2",923,10240,2416169033,2620588,512,2762,775,8,61.154601
1,1,10,"q10_case2",924,10240,2418789432,2620399,512,2760,775,8,61.241703
1,1,10,"q10_case2",925,10240,2421410335,2620903,512,2758,775,8,61.343646
1,1,10,"q10_case2",926,10240,2424030417,2620082,512,2756,775,8,61.428741
1,1,10,"q10_case2",927,10240,2426650419,2620002,512,2754,775,8,61.510840
1,1,10,"q10_case2",928,10240,2429270513,2620094,512,2752,775,8,61.589766
1,1,10,"q10_case2",929,10240,2431890969,2620456,512,2750,775,8,61.665647
1,1,10,"q10_case2",930,10240,2434511484,2620515,512,2748,774,8,61.750501
1,1,10,"q10_case2",931,10240,2437132002,2620518,512,2746,773,8,61.854799
1,1,10,"q10_case2",932,10240,2439752923,2620921,512,2744,773,8,61.950900
1,1,10,"q10_case2",933,10240,2442373494,2620571,512,2742,772,8,62.056559
1,1,10,"q10_case2",934,10240,2444993916,2620422,512,2740,772,8,62.145879
1,1,10,"q10_case2",935,10240,2447614346,2620430,512,2738,771,8,62.240702
1,1,10,"q10_case2",936,10240,2450234726,2620380,512,2736,771,8,62.325936
1,1,10,"q10_case2",937,10240,2452855614,2620888,512,2734,771,8,62.404969
1,1,10,"q10_case2",938,10240,2455476038,2620424,512,2732,771,8,62.482354
1,1,10,"q10_case2",939,10240,2458096458,2620420,512,2730,771,8,62.559513
1,1,10,"q10_case2",940,10240,2460716877,2620419,512,2728,771,8,62.640835
1,1,10,"q10_case2",941,10240,2463337348,2620471,512,2726,771,8,62.721810
1,1,10,"q10_case2",942,10240,2465957786,2620438,512,2724,771,8,62.810691
1,1,10,"q10_case2",943,10240,2468578313,2620527,512,2722,771,8,62.898248
1,1,10,"q10_case2",944,10240,2471198726,2620413,512,2720,770,8,62.994193
1,1,10,"q10_case2",945,10240,2473819078,2620352,512,2718,770,8,63.088018
1,1,10,"q10_case2",946,10240,2476439964,2620886,512,2716,769,8,63.173631
1,1,10,"q10_case2",947,10240,2479060418,2620454,512,2714,769,8,63.254952
1,1,10,"q10_case2",948,10240,2481681343,2620925,512,2712,769,8,63.340531
1,1,10,"q10_case2",949,10240,2484301767,2620424,512,2710,769,8,63.422377
1,1,10,"q10_case2",950,10240,2486922190,2620423,512,2708,769,8,63.503318
1,1,10,"q10_case2",951,10240,2489542620,2620430,512,2706,769,8,63.578614
1,1,10,"q10_case2",952,10240,2492163100,2620480,512,2704,769,8,63.658380
1,1,10,"q10_case2",953,10240,2494783573,2620473,512,2702,769,8,63.740342
1,1,10,"q10_case2",954,10240,2497403976,2620403,512,2700,769,8,63.819165
1,1,10,"q10_case2",955,10240,2500024279,2620303,512,2698,768,8,63.898845
1,1,10,"q10_case2",956,10240,2502644484,2620205,512,2696,768,8,63.981832
1,1,10,"q10_case2",957,10240,2505265407,2620923,512,2694,767,8,64.060497
1,1,10,"q10_case2",958,10240,2507885845,2620438,512,2692,767,8,64.128665
1,1,10,"q10_case2",959,10240,2510506737,2620892,512,2690,767,8,64.216936
1,1,10,"q10_case2",960,10240,2513127158,2620421,512,2688,767,8,64.289586
1,1,10,"q10_case2",961,10240,2515747579,2620421,512,2686,766,8,64.357801
1,1,10,"q10_case2",962,10240,2518367987,2620408,512,2684,766,8,64.424857
1,1,10,"q10_case2",963,10240,2520988523,2620536,512,2682,766,8,64.491271
1,1,10,"q10_case2",964,10240,2523608908,2620385,512,2680,765,8,64.566753
1,1,10,"q10_case2",965,10240,2526229435,2620527,512,2678,765,8,64.649806
1,1,10,"q10_case2",966,10240,2528850351,2620916,512,2676,765,8,64.733660
1,1,10,"q10_case2",967,10240,2531470776,2620425,512,2674,765,8,64.822079
1,1,10,"q10_case2",968,10240,2534091189,2620413,512,2672,765,8,64.893425
1,1,10,"q10_case2",969,10240,2536711857,2620668,512,2670,765,8,64.978393
1,1,10,"q10_case2",970,10240,2539332559,2620702,512,2668,765,8,65.046368
1,1,10,"q10_case2",971,10240,2541953264,2620705,512,2666,765,8,65.125601
1,1,10,"q10_case2",972,10240,2544573885,2620621,512,2664,764,8,65.199783
1,1,10,"q10_case2",973,10240,2547194515,2620630,512,2662,764,8,65.269659
1,1,10,"q10_case2",974,10240,2549815433,2620918,512,2660,763,8,65.346804
1,1,10,"q10_case2",975,10240,2552435853,2620420,512,2658,763,8,65.430682
1,1,10,"q10_case2",976,10240,2555056275,2620422,512,2656,762,8,65.508633
1,1,10,"q10_case2",977,10240,2557676693,2620418,512,2654,762,8,65.582510
1,1,10,"q10_case2",978,10240,2560297575,2620882,512,2652,762,8,65.659947
1,1,10,"q10_case2",979,10240,2562917993,2620418,512,2650,762,8,65.742292
1,1,10,"q10_case2",980,10240,2565538769,2620776,512,2648,762,8,65.818848
1,1,10,"q10_case2",981,10240,2568159174,2620405,512,2646,762,8,65.889918
1,1,10,"q10_case2",982,10240,2570779787,2620613,512,2644,762,8,65.964547
1,1,10,"q10_case2",983,10240,2573400443,2620656,512,2642,762,8,66.037166
1,1,10,"q10_case2",984,10240,2576021091,2620648,512,2640,762,8,66.130938
1,1,10,"q10_case2",985,10240,2578641540,2620449,512,2638,761,8,66.198201
1,1,10,"q10_case2",986,10240,2581262072,2620532,512,2636,761,8,66.265066
1,1,10,"q10_case2",987,10240,2583882995,2620923,512,2634,760,8,66.340508
1,1,10,"q10_case2",988,10240,2586503416,2620421,512,2632,760,8,66.421496
1,1,10,"q10_case2",989,10240,2589124297,2620881,512,2630,760,8,66.501805
1,1,10,"q10_case2",990,10240,2591744715,2620418,512,2628,760,8,66.580660
1,1,10,"q10_case2",991,10240,2594365126,2620411,512,2626,760,8,66.662014
1,1,10,"q10_case2",992,10240,2596985561,2620435,512,2624,760,8,66.739604
1,1,10,"q10_case2",993,10240,2599606160,2620599,512,2622,759,8,66.809380
1,1,10,"q10_case2",994,10240,2602226667,2620507,512,2620,759,8,66.884822
1,1,10,"q10_case2",995,10240,2604847553,2620886,512,2618,758,8,66.965605
1,1,10,"q10_case2",996,10240,2607467677,2620124,512,2616,758,8,67.038800
1,1,10,"q10_case2",997,10240,2610088576,2620899,512,2614,757,8,67.115720
1,1,10,"q10_case2",998,10240,2612708919,2620343,512,2612,757,8,67.189210
1,1,10,"q10_case2",999,10240,2615329799,2620880,512,2610,756,8,67.266601
1,1,10,"q10_case2",1000,10240,2617950219,2620420,512,2608,756,8,67.350199
1,1,10,"q10_case2",1001,10240,2620571099,2620880,512,2606,756,8,67.427985
1,1,10,"q10_case2",1002,10240,2623191518,2620419,512,2604,756,8,67.510403
1,1,10,"q10_case2",1003,10240,2625811935,2620417,512,2602,756,8,67.609047
1,1,10,"q10_case2",1004,10240,2628432375,2620440,512,2600,756,8,67.687676
1,1,10,"q10_case2",1005,10240,2631052988,2620613,512,2598,755,8,67.755836
1,1,10,"q10_case2",1006,10240,2633673439,2620451,512,2596,755,8,67.823921
1,1,10,"q10_case2",1007,10240,2636294314,2620875,512,2594,755,8,67.890655
1,1,10,"q10_case2",1008,10240,2638914284,2619970,512,2592,754,8,67.969680
1,1,10,"q10_case2",1009,10240,2641534423,2620139,512,2590,754,8,68.046785
1,1,10,"q10_case2",1010,10240,2644155323,2620900,512,2588,754,8,68.129558
1,1,10,"q10_case2",1011,10240,2646775572,2620249,512,2586,754,8,68.221408
1,1,10,"q10_case2",1012,10240,2649395746,2620174,512,2584,754,8,68.306817
1,1,10,"q10_case2",1013,10240,2652015856,2620110,512,2582,754,8,68.385472
1,1,10,"q10_case2",1014,10240,2654636218,2620362,512,2580,754,8,68.460914
1,1,10,"q10_case2",1015,10240,2657256633,2620415,512,2578,754,8,68.533345
1,1,10,"q10_case2",1016,10240,2659877018,2620385,512,2576,753,8,68.608314
1,1,10,"q10_case2",1017,10240,2662497456,2620438,512,2574,753,8,68.688703
1,1,10,"q10_case2",1018,10240,2665118378,2620922,512,2572,752,8,68.768895
1,1,10,"q10_case2",1019,10240,2667738799,2620421,512,2570,752,8,68.846278
1,1,10,"q10_case2",1020,10240,2670359679,2620880,512,2568,752,8,68.917848
1,1,10,"q10_case2",1021,10240,2672980097,2620418,512,2566,752,8,68.989617
1,1,10,"q10_case2",1022,10240,2675600505,2620408,512,2564,752,8,69.072671
1,1,10,"q10_case2",1023,10240,2678221194,2620689,512,2562,752,8,69.152665
1,1,10,"q10_case2",1024,10240,2680841678,2620484,512,2560,752,8,69.232377
1,1,10,"q10_case2",1025,10240,2683462195,2620517,512,2558,751,8,69.434086
1,1,10,"q10_case2",1026,10240,2686082753,2620558,512,2556,751,8,69.505316
1,1,10,"q10_case2",1027,10240,2688703671,2620918,512,2554,751,8,69.578131
1,1,10,"q10_case2",1028,10240,2691324090,2620419,512,2552,751,8,69.653597
1,1,10,"q10_case2",1029,10240,2693944870,2620780,512,2550,751,8,69.739880
1,1,10,"q10_case2",1030,10240,2696565592,2620722,512,2548,751,8,69.813595
1,1,10,"q10_case2",1031,10240,2699186206,2620614,512,2546,750,8,69.893047
1,1,10,"q10_case2",1032,10240,2701806733,2620527,512,2544,750,8,69.980339
1,1,10,"q10_case2",1033,10240,2704427651,2620918,512,2542,749,8,70.066736
1,1,10,"q10_case2",1034,10240,2707048072,2620421,512,2540,749,8,70.168940
1,1,10,"q10_case2",1035,10240,2709668957,2620885,512,2538,748,8,70.247408
1,1,10,"q10_case2",1036,10240,2712289380,2620423,512,2536,748,8,70.324898
1,1,10,"q10_case2",1037,10240,2714910264,2620884,512,2534,747,8,70.404936
1,1,10,"q10_case2",1038,10240,2717530684,2620420,512,2532,747,8,70.476942
1,1,10,"q10_case2",1039,10240,2720151562,2620878,512,2530,747,8,70.550754
1,1,10,"q10_case2",1040,10240,2722771981,2620419,512,2528,747,8,70.629783
1,1,10,"q10_case2",1041,10240,2725392394,2620413,512,2526,747,8,70.704387
1,1,10,"q10_case2",1042,10240,2728012822,2620428,512,2524,747,8,70.787073
1,1,10,"q10_case2",1043,10240,2730633398,2620576,512,2522,747,8,70.866890
1,1,10,"q10_case2",1044,10240,2733253946,2620548,512,2520,747,8,70.957886
1,1,10,"q10_case2",1045,10240,2735874455,2620509,512,2518,747,8,71.040682
1,1,10,"q10_case2",1046,10240,2738494944,2620489,512,2516,747,8,71.124579
1,1,10,"q10_case2",1047,10240,2741115404,2620460,512,2514,747,8,71.205397
1,1,10,"q10_case2",1048,10240,2743735903,2620499,512,2512,747,8,71.275455
1,1,10,"q10_case2",1049,10240,2746356303,2620400,512,2510,746,8,71.363443
1,1,10,"q10_case2",1050,10240,2748976627,2620324,512,2508,746,8,71.439707
1,1,10,"q10_case2",1051,10240,2751597548,2620921,512,2506,745,8,71.508956
1,1,10,"q10_case2",1052,10240,2754217972,2620424,512,2504,745,8,71.588022
1,1,10,"q10_case2",1053,10240,2756838850,2620878,512,2502,745,8,71.676635
1,1,10,"q10_case2",1054,10240,2759459277,2620427,512,2500,745,8,71.765905
1,1,10,"q10_case2",1055,10240,2762079715,2620438,512,2498,745,8,71.847491
1,1,10,"q10_case2",1056,10240,2764700397,2620682,512,2496,744,8,71.927915
1,1,10,"q10_case2",1057,10240,2767320878,2620481,512,2494,744,8,72.004161
1,1,10,"q10_case2",1058,10240,2769941796,2620918,512,2492,743,8,72.080338
1,1,10,"q10_case2",1059,10240,2772562223,2620427,512,2490,743,8,72.159884
1,1,10,"q10_case2",1060,10240,2775183108,2620885,512,2488,743,8,72.239360
1,1,10,"q10_case2",1061,10240,2777803533,2620425,512,2486,743,8,72.310746
1,1,10,"q10_case2",1062,10240,2780423960,2620427,512,2484,742,8,72.387435
1,1,10,"q10_case2",1063,10240,2783044371,2620411,512,2482,742,8,72.459560
1,1,10,"q10_case2",1064,10240,2785664941,2620570,512,2480,742,8,72.535537
1,1,10,"q10_case2",1065,10240,2788285343,2620402,512,2478,742,8,72.624633
1,1,10,"q10_case2",1066,10240,2790906074,2620731,512,2476,742,8,72.706752
1,1,10,"q10_case2",1067,10240,2793526738,2620664,512,2474,741,8,72.785447
1,1,10,"q10_case2",1068,10240,2796147338,2620600,512,2472,741,8,72.867354
1,1,10,"q10_case2",1069,10240,2798768261,2620923,512,2470,740,8,72.951217
1,1,10,"q10_case2",1070,10240,2801388691,2620430,512,2468,739,8,73.026672
1,1,10,"q10_case2",1071,10240,2804009571,2620880,512,2466,739,8,73.098809
1,1,10,"q10_case2",1072,10240,2806630399,2620828,512,2464,738,8,73.171642
1,1,10,"q10_case2",1073,10240,2809250826,2620427,512,2462,738,8,73.244528
1,1,10,"q10_case2",1074,10240,2811871705,2620879,512,2460,737,8,73.316386
1,1,10,"q10_case2",1075,10240,2814492153,2620448,512,2458,737,8,73.390203
1,1,10,"q10_case2",1076,10240,2817113038,2620885,512,2456,736,8,73.476704
1,1,10,"q10_case2",1077,10240,2819733466,2620428,512,2454,736,8,73.558157
1,1,10,"q10_case2",1078,10240,2822354347,2620881,512,2452,736,8,73.640436
1,1,10,"q10_case2",1079,10240,2824974807,2620460,512,2450,736,8,73.721828
1,1,10,"q10_case2",1080,10240,2827595252,2620445,512,2448,735,8,73.805926
1,1,10,"q10_case2",1081,10240,2830215670,2620418,512,2446,735,8,73.885329
1,1,10,"q10_case2",1082,10240,2832836210,2620540,512,2444,735,8,73.968825
1,1,10,"q10_case2",1083,10240,2835456614,2620404,512,2442,735,8,74.057993
1,1,10,"q10_case2",1084,10240,2838077149,2620535,512,2440,735,8,74.141372
1,1,10,"q10_case2",1085,10240,2840697662,2620513,512,2438,734,8,74.214201
1,1,10,"q10_case2",1086,10240,2843318335,2620673,512,2436,733,8,74.286706
1,1,10,"q10_case2",1087,10240,2845939255,2620920,512,2434,733,8,74.376051
1,1,10,"q10_case2",1088,10240,2848559676,2620421,512,2432,732,8,74.458042
1,1,10,"q10_case2",1089,10240,2851180099,2620423,512,2430,732,8,74.539881
1,1,10,"q10_case2",1090,10240,2853800981,2620882,512,2428,732,8,74.630024
1,1,10,"q10_case2",1091,10240,2856421398,2620417,512,2426,732,8,74.720557
1,1,10,"q10_case2",1092,10240,2859042177,2620779,512,2424,732,8,74.797404
1,1,10,"q10_case2",1093,10240,2861662623,2620446,512,2422,732,8,74.881399
1,1,10,"q10_case2",1094,10240,2864283019,2620396,512,2420,732,7,74.974277
1,1,10,"q10_case2",1095,10240,2866903669,2620650,512,2418,732,7,75.059326
1,1,10,"q10_case2",1096,10240,2869524587,2620918,512,2416,731,7,75.144773
1,1,10,"q10_case2",1097,10240,2872145028,2620441,512,2414,731,7,75.235407
1,1,10,"q10_case2",1098,10240,2874765913,2620885,512,2412,731,7,75.330392
1,1,10,"q10_case2",1099,10240,2877386369,2620456,512,2410,731,7,75.424741
1,1,10,"q10_case2",1100,10240,2880006814,2620445,512,2408,731,7,75.506330
1,1,10,"q10_case2",1101,10240,2882627426,2620612,512,2406,730,7,75.600929
1,1,10,"q10_case2",1102,10240,2885247978,2620552,512,2404,730,7,75.694629
1,1,10,"q10_case2",1103,10240,2887868896,2620918,512,2402,729,7,75.787264
1,1,10,"q10_case2",1104,10240,2890489346,2620450,512,2400,728,7,75.880003
1,1,10,"q10_case2",1105,10240,2893110231,2620885,512,2398,728,7,75.975526
1,1,10,"q10_case2",1106,10240,2895731089,2620858,512,2396,727,7,76.062903
1,1,10,"q10_case2",1107,10240,2898351521,2620432,512,2394,726,7,76.145596
1,1,10,"q10_case2",1108,10240,2900972396,2620875,512,2392,726,7,76.226770
1,1,10,"q10_case2",1109,10240,2903593213,2620817,512,2390,725,7,76.311365
1,1,10,"q10_case2",1110,10240,2906213642,2620429,512,2388,725,7,76.394861
1,1,10,"q10_case2",1111,10240,2908834526,2620884,512,2386,724,7,76.477768
1,1,10,"q10_case2",1112,10240,2911455021,2620495,512,2384,724,7,76.567632
1,1,10,"q10_case2",1113,10240,2914075900,2620879,512,2382,723,7,76.652686
1,1,10,"q10_case2",1114,10240,2916696330,2620430,512,2380,723,7,76.733957
1,1,10,"q10_case2",1115,10240,2919317208,2620878,512,2378,723,7,76.811901
1,1,10,"q10_case2",1116,10240,2921937681,2620473,512,2376,723,7,76.887695
1,1,10,"q10_case2",1117,10240,2924558144,2620463,512,2374,722,7,76.990094
1,1,10,"q10_case2",1118,10240,2927178662,2620518,512,2372,722,7,77.077970
1,1,10,"q10_case2",1119,10240,2929799555,2620893,512,2370,721,7,77.167398
1,1,10,"q10_case2",1120,10240,2932419995,2620440,512,2368,721,7,77.261392
1,1,10,"q10_case2",1121,10240,2935040847,2620852,512,2366,720,7,77.367623
1,1,10,"q10_case2",1122,10240,2937661270,2620423,512,2364,720,7,77.478629
1,1,10,"q10_case2",1123,10240,2940282149,2620879,512,2362,720,7,77.581933
1,1,10,"q10_case2",1124,10240,2942902570,2620421,512,2360,720,7,77.678160
1,1,10,"q10_case2",1125,10240,2945522985,2620415,512,2358,720,7,77.767281
1,1,10,"q10_case2",1126,10240,2948143678,2620693,512,2356,720,7,77.844975
1,1,10,"q10_case2",1127,10240,2950764316,2620638,512,2354,719,7,77.925641
1,1,10,"q10_case2",1128,10240,2953384892,2620576,512,2352,719,7,78.025905
1,1,10,"q10_case2",1129,10240,2956005739,2620847,512,2350,718,7,78.126629
1,1,10,"q10_case2",1130,10240,2958626163,2620424,512,2348,718,7,78.235561
1,1,10,"q10_case2",1131,10240,2961247045,2620882,512,2346,718,7,78.343475
1,1,10,"q10_case2",1132,10240,2963867477,2620432,512,2344,718,7,78.439920
1,1,10,"q10_case2",1133,10240,2966487905,2620428,512,2342,717,7,78.538644
1,1,10,"q10_case2",1134,10240,2969108513,2620608,512,2340,717,7,78.641935
1,1,10,"q10_case2",1135,10240,2971729410,2620897,512,2338,717,7,78.728345
1,1,10,"q10_case2",1136,10240,2974349834,2620424,512,2336,717,7,78.801157
1,1,10,"q10_case2",1137,10240,2976970239,2620405,512,2334,717,7,78.885002
1,1,10,"q10_case2",1138,10240,2979590923,2620684,512,2332,717,7,78.980005
1,1,10,"q10_case2",1139,10240,2982211527,2620604,512,2330,716,7,79.076979
1,1,10,"q10_case2",1140,10240,2984832145,2620618,512,2328,716,7,79.184978
1,1,10,"q10_case2",1141,10240,2987453070,2620925,512,2326,715,7,79.284778
1,1,10,"q10_case2",1142,10240,2990073662,2620592,512,2324,715,7,79.375841
1,1,10,"q10_case2",1143,10240,2992694561,2620899,512,2322,714,7,79.458843
1,1,10,"q10_case2",1144,10240,2995315000,2620439,512,2320,714,7,79.550731
1,1,10,"q10_case2",1145,10240,2997935881,2620881,512,2318,713,7,79.646835
1,1,10,"q10_case2",1146,10240,3000556326,2620445,512,2316,713,7,79.743667
1,1,10,"q10_case2",1147,10240,3003177212,2620886,512,2314,713,7,79.831800
1,1,10,"q10_case2",1148,10240,3005797645,2620433,512,2312,713,7,79.927543
1,1,10,"q10_case2",1149,10240,3008418075,2620430,512,2310,713,7,80.021116
1,1,10,"q10_case2",1150,10240,3011038498,2620423,512,2308,713,7,80.129390
1,1,10,"q10_case2",1151,10240,3013659070,2620572,512,2306,713,7,80.234494
1,1,10,"q10_case2",1152,10240,3016279599,2620529,512,2304,713,7,80.323626
1,1,10,"q10_case2",1153,10240,3018900208,2620609,512,2302,713,7,80.420305
1,1,10,"q10_case2",1154,10240,3021520850,2620642,512,2300,713,7,80.499515
1,1,10,"q10_case2",1155,10240,3024141533,2620683,512,2298,712,7,80.586754
1,1,10,"q10_case2",1156,10240,3026762208,2620675,512,2296,712,7,80.672336
1,1,10,"q10_case2",1157,10240,3029383090,2620882,512,2294,711,7,80.757955
1,1,10,"q10_case2",1158,10240,3032003526,2620436,512,2292,711,7,80.845074
1,1,10,"q10_case2",1159,10240,3034624411,2620885,512,2290,710,7,80.939777
1,1,10,"q10_case2",1160,10240,3037244867,2620456,512,2288,710,7,81.041135
1,1,10,"q10_case2",1161,10240,3039865673,2620806,512,2286,709,7,81.136365
1,1,10,"q10_case2",1162,10240,3042486102,2620429,512,2284,709,7,81.233363
1,1,10,"q10_case2",1163,10240,3045106983,2620881,512,2282,709,7,81.325455
1,1,10,"q10_case2",1164,10240,3047727427,2620444,512,2280,709,7,81.407550
1,1,10,"q10_case2",1165,10240,3050347850,2620423,512,2278,709,7,81.484423
1,1,10,"q10_case2",1166,10240,3052968360,2620510,512,2276,708,7,81.564852
1,1,10,"q10_case2",1167,10240,3055588995,2620635,512,2274,708,7,81.650881
1,1,10,"q10_case2",1168,10240,3058209850,2620855,512,2272,707,7,81.728908
1,1,10,"q10_case2",1169,10240,3060830278,2620428,512,2270,707,7,81.822659
1,1,10,"q10_case2",1170,10240,3063451169,2620891,512,2268,706,7,81.921584
1,1,10,"q10_case2",1171,10240,3066071613,2620444,512,2266,706,7,82.023873
1,1,10,"q10_case2",1172,10240,3068692496,2620883,512,2264,706,7,82.125935
1,1,10,"q10_case2",1173,10240,3071312934,2620438,512,2262,706,7,82.228147
1,1,10,"q10_case2",1174,10240,3073933356,2620422,512,2260,706,7,82.323005
1,1,10,"q10_case2",1175,10240,3076553857,2620501,512,2258,706,7,82.408257
1,1,10,"q10_case2",1176,10240,3079174519,2620662,512,2256,706,7,82.487220
1,1,10,"q10_case2",1177,10240,3081795014,2620495,512,2254,706,7,82.587271
1,1,10,"q10_case2",1178,10240,3084415517,2620503,512,2252,705,7,82.675988
1,1,10,"q10_case2",1179,10240,3087035999,2620482,512,2250,705,7,82.756731
1,1,10,"q10_case2",1180,10240,3089656767,2620768,512,2248,704,7,82.856809
1,1,10,"q10_case2",1181,10240,3092277190,2620423,512,2246,704,7,82.964483
1,1,10,"q10_case2",1182,10240,3094898070,2620880,512,2244,704,7,83.059815
1,1,10,"q10_case2",1183,10240,3097518499,2620429,512,2242,704,7,83.149737
1,1,10,"q10_case2",1184,10240,3100138921,2620422,512,2240,704,7,83.244757
1,1,10,"q10_case2",1185,10240,3102759492,2620571,512,2238,704,7,83.339410
1,1,10,"q10_case2",1186,10240,3105380036,2620544,512,2236,703,7,83.422127
1,1,10,"q10_case2",1187,10240,3108000606,2620570,512,2234,703,7,83.513907
1,1,10,"q10_case2",1188,10240,3110621532,2620926,512,2232,703,7,83.597266
1,1,10,"q10_case2",1189,10240,3113241960,2620428,512,2230,703,7,83.695721
1,1,10,"q10_case2",1190,10240,3115862733,2620773,512,2228,703,7,83.794326
1,1,10,"q10_case2",1191,10240,3118483386,2620653,512,2226,702,7,83.905223
1,1,10,"q10_case2",1192,10240,3121104006,2620620,512,2224,702,7,84.005149
1,1,10,"q10_case2",1193,10240,3123724924,2620918,512,2222,702,7,84.109532
1,1,10,"q10_case2",1194,10240,3126345364,2620440,512,2220,702,7,84.213946
1,1,10,"q10_case2",1195,10240,3128965821,2620457,512,2218,701,7,84.298042
1,1,10,"q10_case2",1196,10240,3131586261,2620440,512,2216,701,7,84.393069
1,1,10,"q10_case2",1197,10240,3134206845,2620584,512,2214,701,7,84.467626
1,1,10,"q10_case2",1198,10240,3136827269,2620424,512,2212,701,7,84.555338
1,1,10,"q10_case2",1199,10240,3139447756,2620487,512,2210,701,7,84.643937
1,1,10,"q10_case2",1200,10240,3142068191,2620435,512,2208,701,7,84.746828
1,1,10,"q10_case2",1201,10240,3144688578,2620387,512,2206,700,7,84.848138
1,1,10,"q10_case2",1202,10240,3147308819,2620241,512,2204,700,7,84.957925
1,1,10,"q10_case2",1203,10240,3149929737,2620918,512,2202,700,7,85.059686
1,1,10,"q10_case2",1204,10240,3152550170,2620433,512,2200,700,7,85.161390
1,1,10,"q10_case2",1205,10240,3155170610,2620440,512,2198,700,7,85.269275
1,1,10,"q10_case2",1206,10240,3157791027,2620417,512,2196,699,7,85.371662
1,1,10,"q10_case2",1207,10240,3160411687,2620660,512,2194,699,7,85.461903
1,1,10,"q10_case2",1208,10240,3163032450,2620763,512,2192,698,7,85.550661
1,1,10,"q10_case2",1209,10240,3165652876,2620426,512,2190,698,7,85.631980
1,1,10,"q10_case2",1210,10240,3168273754,2620878,512,2188,698,7,85.742238
1,1,10,"q10_case2",1211,10240,3170894186,2620432,512,2186,697,7,85.851227
1,1,10,"q10_case2",1212,10240,3173514956,2620770,512,2184,697,7,85.975143
1,1,10,"q10_case2",1213,10240,3176135815,2620859,512,2182,696,7,86.085427
1,1,10,"q10_case2",1214,10240,3178756242,2620427,512,2180,696,7,86.189943
1,1,10,"q10_case2",1215,10240,3181377121,2620879,512,2178,696,7,86.277926
1,1,10,"q10_case2",1216,10240,3183997552,2620431,512,2176,695,7,86.359709
1,1,10,"q10_case2",1217,10240,3186618313,2620761,512,2174,695,7,86.461726
1,1,10,"q10_case2",1218,10240,3189239173,2620860,512,2172,694,7,86.561334
1,1,10,"q10_case2",1219,10240,3191859599,2620426,512,2170,693,7,86.662900
1,1,10,"q10_case2",1220,10240,3194480481,2620882,512,2168,693,7,86.756583
1,1,10,"q10_case2",1221,10240,3197101136,2620655,512,2166,692,7,86.859140
1,1,10,"q10_case2",1222,10240,3199721536,2620400,512,2164,692,7,86.972845
1,1,10,"q10_case2",1223,10240,3202342414,2620878,512,2162,692,7,87.069478
1,1,10,"q10_case2",1224,10240,3204962852,2620438,512,2160,692,7,87.147645
1,1,10,"q10_case2",1225,10240,3207583610,2620758,512,2158,692,7,87.247804
1,1,10,"q10_case2",1226,10240,3210204375,2620765,512,2156,692,7,87.339494
1,1,10,"q10_case2",1227,10240,3212824842,2620467,512,2154,691,7,87.424943
1,1,10,"q10_case2",1228,10240,3215445402,2620560,512,2152,691,7,87.503484
1,1,10,"q10_case2",1229,10240,3218066320,2620918,512,2150,691,7,87.608070
1,1,10,"q10_case2",1230,10240,3220686761,2620441,512,2148,691,7,87.710318
1,1,10,"q10_case2",1231,10240,3223307163,2620402,512,2146,690,7,87.808500
1,1,10,"q10_case2",1232,10240,3225927324,2620161,512,2144,690,7,87.907620
1,1,10,"q10_case2",1233,10240,3228548224,2620900,512,2142,689,7,88.008852
1,1,10,"q10_case2",1234,10240,3231168663,2620439,512,2140,689,7,88.106573
1,1,10,"q10_case2",1235,10240,3233789555,2620892,512,2138,688,7,88.202097
1,1,10,"q10_case2",1236,10240,3236409986,2620431,512,2136,688,7,88.316714
1,1,10,"q10_case2",1237,10240,3239030866,2620880,512,2134,688,7,88.406956
1,1,10,"q10_case2",1238,10240,3241651296,2620430,512,2132,688,7,88.490272
1,1,10,"q10_case2",1239,10240,3244271725,2620429,512,2130,688,7,88.603651
1,1,10,"q10_case2",1240,10240,3246892241,2620516,512,2128,687,7,88.713504
1,1,10,"q10_case2",1241,10240,3249512847,2620606,512,2126,687,7,88.813076
1,1,10,"q10_case2",1242,10240,3252133767,2620920,512,2124,686,7,88.918120
1,1,10,"q10_case2",1243,10240,3254754061,2620294,512,2122,686,7,89.003242
1,1,10,"q10_case2",1244,10240,3257374949,2620888,512,2120,685,7,89.086070
1,1,10,"q10_case2",1245,10240,3259995387,2620438,512,2118,685,7,89.168859
1,1,10,"q10_case2",1246,10240,3262616271,2620884,512,2116,685,7,89.258637
1,1,10,"q10_case2",1247,10240,3265236717,2620446,512,2114,684,7,89.348096
1,1,10,"q10_case2",1248,10240,3267857247,2620530,512,2112,684,7,89.442573
1,1,10,"q10_case2",1249,10240,3270477893,2620646,512,2110,683,7,89.552312
1,1,10,"q10_case2",1250,10240,3273098321,2620428,512,2108,683,7,89.662934
1,1,10,"q10_case2",1251,10240,3275719204,2620883,512,2106,683,7,89.776702
1,1,10,"q10_case2",1252,10240,3278339646,2620442,512,2104,683,7,89.872626
1,1,10,"q10_case2",1253,10240,3280960091,2620445,512,2102,682,7,89.966910
1,1,10,"q10_case2",1254,10240,3283580743,2620652,512,2100,682,7,90.058420
1,1,10,"q10_case2",1255,10240,3286201483,2620740,512,2098,681,7,90.146682
1,1,10,"q10_case2",1256,10240,3288821913,2620430,512,2096,680,7,90.237164
1,1,10,"q10_case2",1257,10240,3291442798,2620885,512,2094,680,7,90.335082
1,1,10,"q10_case2",1258,10240,3294063387,2620589,512,2092,679,7,90.433886
1,1,10,"q10_case2",1259,10240,3296683767,2620380,512,2090,679,7,90.537225
1,1,10,"q10_case2",1260,10240,3299304641,2620874,512,2088,678,7,90.640952
1,1,10,"q10_case2",1261,10240,3301925104,2620463,512,2086,678,7,90.752669
1,1,10,"q10_case2",1262,10240,3304545992,2620888,512,2084,677,7,90.845799
1,1,10,"q10_case2",1263,10240,3307166446,2620454,512,2082,677,7,90.951529
1,1,10,"q10_case2",1264,10240,3309787333,2620887,512,2080,677,7,91.046084
1,1,10,"q10_case2",1265,10240,3312407774,2620441,512,2078,677,7,91.125943
1,1,10,"q10_case2",1266,10240,3315028533,2620759,512,2076,677,7,91.208749
1,1,10,"q10_case2",1267,10240,3317649251,2620718,512,2074,676,7,91.313818
1,1,10,"q10_case2",1268,10240,3320269817,2620566,512,2072,676,7,91.421343
1,1,10,"q10_case2",1269,10240,3322890739,2620922,512,2070,676,7,91.531029
1,1,10,"q10_case2",1270,10240,3325511179,2620440,512,2068,675,7,91.634408
1,1,10,"q10_case2",1271,10240,3328131471,2620292,512,2066,674,7,91.720896
1,1,10,"q10_case2",1272,10240,3330752369,2620898,512,2064,674,7,91.803224
1,1,10,"q10_case2",1273,10240,3333373062,2620693,512,2062,673,7,91.911422
1,1,10,"q10_case2",1274,10240,3335993471,2620409,512,2060,673,7,92.016406
1,1,10,"q10_case2",1275,10240,3338614362,2620891,512,2058,673,7,92.122598
1,1,10,"q10_case2",1276,10240,3341234797,2620435,512,2056,673,7,92.222129
1,1,10,"q10_case2",1277,10240,3343855064,2620267,512,2054,673,7,92.336751
1,1,10,"q10_case2",1278,10240,3346475424,2620360,512,2052,673,7,92.440873
1,1,10,"q10_case2",1279,10240,3349095815,2620391,512,2050,673,7,92.548670
1,1,10,"q10_case2",1280,10240,3351716242,2620427,512,2048,673,7,92.650257
1,1,10,"q10_case2",1281,10240,3354336640,2620398,512,2046,672,7,92.753780
1,1,10,"q10_case2",1282,10240,3356956994,2620354,512,2044,672,7,92.871368
1,1,10,"q10_case2",1283,10240,3359577538,2620544,512,2042,671,7,92.958144
1,1,10,"q10_case2",1284,10240,3362197967,2620429,512,2040,671,7,93.042652
1,1,10,"q10_case2",1285,10240,3364818845,2620878,512,2038,671,7,93.152709
1,1,10,"q10_case2",1286,10240,3367439276,2620431,512,2036,671,7,93.265389
1,1,10,"q10_case2",1287,10240,3370059716,2620440,512,2034,671,7,93.363250
1,1,10,"q10_case2",1288,10240,3372680186,2620470,512,2032,671,7,93.473689
1,1,10,"q10_case2",1289,10240,3375300711,2620525,512,2030,670,7,93.574841
1,1,10,"q10_case2",1290,10240,3377921190,2620479,512,2028,670,7,93.664157
1,1,10,"q10_case2",1291,10240,3380541948,2620758,512,2026,669,7,93.752150
1,1,10,"q10_case2",1292,10240,3383162414,2620466,512,2024,669,7,93.863713
1,1,10,"q10_case2",1293,10240,3385783303,2620889,512,2022,668,7,93.966911
1,1,10,"q10_case2",1294,10240,3388403724,2620421,512,2020,668,7,94.052472
1,1,10,"q10_case2",1295,10240,3391024604,2620880,512,2018,668,7,94.169235
1,1,10,"q10_case2",1296,10240,3393645023,2620419,512,2016,668,7,94.275610
1,1,10,"q10_case2",1297,10240,3396265449,2620426,512,2014,667,7,94.380464
1,1,10,"q10_case2",1298,10240,3398886124,2620675,512,2012,667,7,94.476318
1,1,10,"q10_case2",1299,10240,3401507019,2620895,512,2010,667,7,94.574838
1,1,10,"q10_case2",1300,10240,3404127457,2620438,512,2008,667,7,94.667061
1,1,10,"q10_case2",1301,10240,3406748227,2620770,512,2006,667,7,94.753541
1,1,10,"q10_case2",1302,10240,3409368921,2620694,512,2004,666,7,94.857821
1,1,10,"q10_case2",1303,10240,3411989633,2620712,512,2002,666,7,94.965483
1,1,10,"q10_case2",1304,10240,3414609985,2620352,512,2000,665,7,95.067976
1,1,10,"q10_case2",1305,10240,3417230356,2620371,512,1998,665,7,95.169634
1,1,10,"q10_case2",1306,10240,3419851250,2620894,512,1996,665,7,95.270128
1,1,10,"q10_case2",1307,10240,3422471682,2620432,512,1994,664,7,95.366794
1,1,10,"q10_case2",1308,10240,3425092113,2620431,512,1992,664,7,95.465370
1,1,10,"q10_case2",1309,10240,3427712781,2620668,512,1990,663,7,95.559391
1,1,10,"q10_case2",1310,10240,3430333207,2620426,512,1988,663,7,95.651726
1,1,10,"q10_case2",1311,10240,3432954090,2620883,512,1986,662,7,95.735131
1,1,10,"q10_case2",1312,10240,3435574523,2620433,512,1984,662,7,95.838084
1,1,10,"q10_case2",1313,10240,3438195079,2620556,512,1982,662,7,95.948240
1,1,10,"q10_case2",1314,10240,3440815504,2620425,512,1980,662,7,96.042079
1,1,10,"q10_case2",1315,10240,3443435669,2620165,512,1978,662,7,96.155463
1,1,10,"q10_case2",1316,10240,3446055855,2620186,512,1976,662,7,96.263428
1,1,10,"q10_case2",1317,10240,3448676109,2620254,512,1974,662,7,96.357503
1,1,10,"q10_case2",1318,10240,3451296407,2620298,512,1972,662,7,96.448590
1,1,10,"q10_case2",1319,10240,3453916808,2620401,512,1970,661,7,96.556265
1,1,10,"q10_case2",1320,10240,3456537275,2620467,512,1968,661,7,96.666956
1,1,10,"q10_case2",1321,10240,3459158189,2620914,512,1966,661,7,96.775553
1,1,10,"q10_case2",1322,10240,3461778607,2620418,512,1964,661,7,96.878923
1,1,10,"q10_case2",1323,10240,3464399021,2620414,512,1962,661,7,96.999256
1,1,10,"q10_case2",1324,10240,3467019381,2620360,512,1960,661,7,97.103250
1,1,10,"q10_case2",1325,10240,3469639746,2620365,512,1958,659,7,97.209729
1,1,10,"q10_case2",1326,10240,3472260121,2620375,512,1956,659,7,97.300327
1,1,10,"q10_case2",1327,10240,3474881023,2620902,512,1954,658,7,97.394503
1,1,10,"q10_case2",1328,10240,3477501152,2620129,512,1952,658,7,97.494973
1,1,10,"q10_case2",1329,10240,3480121487,2620335,512,1950,657,7,97.588477
1,1,10,"q10_case2",1330,10240,3482741907,2620420,512,1948,657,7,97.694103
1,1,10,"q10_case2",1331,10240,3485362340,2620433,512,1946,656,7,97.797218
1,1,10,"q10_case2",1332,10240,3487982761,2620421,512,1944,656,7,97.904062
1,1,10,"q10_case2",1333,10240,3490603619,2620858,512,1942,656,7,98.025396
1,1,10,"q10_case2",1334,10240,3493224041,2620422,512,1940,656,7,98.131656
1,1,10,"q10_case2",1335,10240,3495844455,2620414,512,1938,656,7,98.237257
1,1,10,"q10_case2",1336,10240,3498465135,2620680,512,1936,656,7,98.339158
1,1,10,"q10_case2",1337,10240,3501085807,2620672,512,1934,654,7,98.422861
1,1,10,"q10_case2",1338,10240,3503706296,2620489,512,1932,654,7,98.513995
1,1,10,"q10_case2",1339,10240,3506326816,2620520,512,1930,654,7,98.633834
1,1,10,"q10_case2",1340,10240,3508947240,2620424,512,1928,654,7,98.742827
1,1,10,"q10_case2",1341,10240,3511567381,2620141,512,1926,654,7,98.842434
1,1,10,"q10_case2",1342,10240,3514187561,2620180,512,1924,654,7,98.965027
1,1,10,"q10_case2",1343,10240,3516808035,2620474,512,1922,653,7,99.064872
1,1,10,"q10_case2",1344,10240,3519428547,2620512,512,1920,653,7,99.173423
1,1,10,"q10_case2",1345,10240,3522049203,2620656,512,1918,653,7,99.270176
1,1,10,"q10_case2",1346,10240,3524669624,2620421,512,1916,653,7,99.379772
1,1,10,"q10_case2",1347,10240,3527289682,2620058,512,1914,653,7,99.496003
1,1,10,"q10_case2",1348,10240,3529909877,2620195,512,1912,653,7,99.604561
1,1,10,"q10_case2",1349,10240,3532530218,2620341,512,1910,653,7,99.706005
1,1,10,"q10_case2",1350,10240,3535150602,2620384,512,1908,652,7,99.811403
1,1,10,"q10_case2",1351,10240,3537770957,2620355,512,1906,652,7,99.922077
1,1,10,"q10_case2",1352,10240,3540391870,2620913,512,1904,651,7,100.026291
1,1,10,"q10_case2",1353,10240,3543012072,2620202,512,1902,651,7,100.123719
1,1,10,"q10_case2",1354,10240,3545632544,2620472,512,1900,651,7,100.230635
1,1,10,"q10_case2",1355,10240,3548252965,2620421,512,1898,650,7,100.332562
1,1,10,"q10_case2",1356,10240,3550872994,2620029,512,1896,649,7,100.418684
1,1,10,"q10_case2",1357,10240,3553493346,2620352,512,1894,648,7,100.527004
1,1,10,"q10_case2",1358,10240,3556113961,2620615,512,1892,648,7,100.647407
1,1,10,"q10_case2",1359,10240,3558734332,2620371,512,1890,648,7,100.764126
1,1,10,"q10_case2",1360,10240,3561354499,2620167,512,1888,647,7,100.883904
1,1,10,"q10_case2",1361,10240,3563974615,2620116,512,1886,647,7,100.984674
1,1,10,"q10_case2",1362,10240,3566595456,2620841,512,1884,647,7,101.079667
1,1,10,"q10_case2",1363,10240,3569215883,2620427,512,1882,646,7,101.171059
1,1,10,"q10_case2",1364,10240,3571836274,2620391,512,1880,646,7,101.269576
1,1,10,"q10_case2",1365,10240,3574457154,2620880,512,1878,646,7,101.374438
1,1,10,"q10_case2",1366,10240,3577077598,2620444,512,1876,645,7,101.480358
1,1,10,"q10_case2",1367,10240,3579697882,2620284,512,1874,645,7,101.578784
1,1,10,"q10_case2",1368,10240,3582318764,2620882,512,1872,645,7,101.694645
1,1,10,"q10_case2",1369,10240,3584939183,2620419,512,1870,644,7,101.810045
1,1,10,"q10_case2",1370,10240,3587559419,2620236,512,1868,644,7,101.920061
1,1,10,"q10_case2",1371,10240,3590180308,2620889,512,1866,644,7,102.040463
1,1,10,"q10_case2",1372,10240,3592800725,2620417,512,1864,644,7,102.151312
1,1,10,"q10_case2",1373,10240,3595421207,2620482,512,1862,643,7,102.240992
1,1,10,"q10_case2",1374,10240,3598041862,2620655,512,1860,643,7,102.335402
1,1,10,"q10_case2",1375,10240,3600662632,2620770,512,1858,643,7,102.437584
1,1,10,"q10_case2",1376,10240,3603283050,2620418,512,1856,643,7,102.546598
1,1,10,"q10_case2",1377,10240,3605903390,2620340,512,1854,643,7,102.663794
1,1,10,"q10_case2",1378,10240,3608523807,2620417,512,1852,642,7,102.763999
1,1,10,"q10_case2",1379,10240,3611144333,2620526,512,1850,642,7,102.852491
1,1,10,"q10_case2",1380,10240,3613764908,2620575,512,1848,641,7,102.943054
1,1,10,"q10_case2",1381,10240,3616385318,2620410,512,1846,641,7,103.061519
1,1,10,"q10_case2",1382,10240,3619005650,2620332,512,1844,641,7,103.156419
1,1,10,"q10_case2",1383,10240,3621626066,2620416,512,1842,641,7,103.270169
1,1,10,"q10_case2",1384,10240,3624246165,2620099,512,1840,641,7,103.376823
1,1,10,"q10_case2",1385,10240,3626866322,2620157,512,1838,641,7,103.478311
1,1,10,"q10_case2",1386,10240,3629486507,2620185,512,1836,641,7,103.585398
1,1,10,"q10_case2",1387,10240,3632106823,2620316,512,1834,641,7,103.696495
1,1,10,"q10_case2",1388,10240,3634727284,2620461,512,1832,641,7,103.794727
1,1,10,"q10_case2",1389,10240,3637347808,2620524,512,1830,641,7,103.880840
1,1,10,"q10_case2",1390,10240,3639968353,2620545,512,1828,640,7,103.987780
1,1,10,"q10_case2",1391,10240,3642588859,2620506,512,1826,640,7,104.084515
1,1,10,"q10_case2",1392,10240,3645209353,2620494,512,1824,639,7,104.189282
1,1,10,"q10_case2",1393,10240,3647829780,2620427,512,1822,639,7,104.307528
1,1,10,"q10_case2",1394,10240,3650450101,2620321,512,1820,639,7,104.424708
1,1,10,"q10_case2",1395,10240,3653070523,2620422,512,1818,638,7,104.539270
1,1,10,"q10_case2",1396,10240,3655690510,2619987,512,1816,638,7,104.655140
1,1,10,"q10_case2",1397,10240,3658310798,2620288,512,1814,637,7,104.760659
1,1,10,"q10_case2",1398,10240,3660931223,2620425,512,1812,637,7,104.872927
1,1,10,"q10_case2",1399,10240,3663551530,2620307,512,1810,637,7,104.977734
1,1,10,"q10_case2",1400,10240,3666171949,2620419,512,1808,637,7,105.069290
1,1,10,"q10_case2",1401,10240,3668791931,2619982,512,1806,637,7,105.175213
1,1,10,"q10_case2",1402,10240,3671412040,2620109,512,1804,637,7,105.294204
1,1,10,"q10_case2",1403,10240,3674032311,2620271,512,1802,636,7,105.404303
1,1,10,"q10_case2",1404,10240,3676652751,2620440,512,1800,636,7,105.511893
1,1,10,"q10_case2",1405,10240,3679273238,2620487,512,1798,636,7,105.620114
1,1,10,"q10_case2",1406,10240,3681893673,2620435,512,1796,636,7,105.708394
1,1,10,"q10_case2",1407,10240,3684513659,2619986,512,1794,636,7,105.793705
1,1,10,"q10_case2",1408,10240,3687133743,2620084,512,1792,635,7,105.884804
1,1,10,"q10_case2",1409,10240,3689754104,2620361,512,1790,634,7,105.995485
1,1,10,"q10_case2",1410,10240,3692375016,2620912,512,1788,634,7,106.103048
1,1,10,"q10_case2",1411,10240,3694995477,2620461,512,1786,635,6,106.222111
1,1,10,"q10_case2",1412,10240,3697615626,2620149,512,1784,635,6,106.334303
1,1,10,"q10_case2",1413,10240,3700235831,2620205,512,1782,634,6,106.444772
1,1,10,"q10_case2",1414,10240,3702856264,2620433,512,1780,634,6,106.550659
1,1,10,"q10_case2",1415,10240,3705476539,2620275,512,1778,634,6,106.649433
1,1,10,"q10_case2",1416,10240,3708096969,2620430,512,1776,634,6,106.744016
1,1,10,"q10_case2",1417,10240,3710716979,2620010,512,1774,633,6,106.834121
1,1,10,"q10_case2",1418,10240,3713337213,2620234,512,1772,632,6,106.926686
1,1,10,"q10_case2",1419,10240,3715957615,2620402,512,1770,632,6,107.029609
1,1,10,"q10_case2",1420,10240,3718578051,2620436,512,1768,632,6,107.132161
1,1,10,"q10_case2",1421,10240,3721198141,2620090,512,1766,632,6,107.242184
1,1,10,"q10_case2",1422,10240,3723818217,2620076,512,1764,632,6,107.362870
1,1,10,"q10_case2",1423,10240,3726438293,2620076,512,1762,631,6,107.476647
1,1,10,"q10_case2",1424,10240,3729058584,2620291,512,1760,631,6,107.579798
1,1,10,"q10_case2",1425,10240,3731679445,2620861,512,1758,631,6,107.676339
1,1,10,"q10_case2",1426,10240,3734299862,2620417,512,1756,630,6,107.772853
1,1,10,"q10_case2",1427,10240,3736920194,2620332,512,1754,630,6,107.863101
1,1,10,"q10_case2",1428,10240,3739540590,2620396,512,1752,630,6,107.975866
1,1,10,"q10_case2",1429,10240,3742161011,2620421,512,1750,629,6,108.087906
1,1,10,"q10_case2",1430,10240,3744781000,2619989,512,1748,629,6,108.204354
1,1,10,"q10_case2",1431,10240,3747401213,2620213,512,1746,629,6,108.323178
1,1,10,"q10_case2",1432,10240,3750021649,2620436,512,1744,629,6,108.440605
1,1,10,"q10_case2",1433,10240,3752641626,2619977,512,1742,629,6,108.558615
1,1,10,"q10_case2",1434,10240,3755261737,2620111,512,1740,629,6,108.678623
1,1,10,"q10_case2",1435,10240,3757882086,2620349,512,1738,628,6,108.789433
1,1,10,"q10_case2",1436,10240,3760502491,2620405,512,1736,628,6,108.908159
1,1,10,"q10_case2",1437,10240,3763123015,2620524,512,1734,627,6,109.023913
1,1,10,"q10_case2",1438,10240,3765743460,2620445,512,1732,626,6,109.131933
1,1,10,"q10_case2",1439,10240,3768363666,2620206,512,1730,626,6,109.243305
1,1,10,"q10_case2",1440,10240,3770984093,2620427,512,1728,625,6,109.347130
1,1,10,"q10_case2",1441,10240,3773604191,2620098,512,1726,625,6,109.452405
1,1,10,"q10_case2",1442,10240,3776224401,2620210,512,1724,625,6,109.541564
1,1,10,"q10_case2",1443,10240,3778844827,2620426,512,1722,625,6,109.640420
1,1,10,"q10_case2",1444,10240,3781464892,2620065,512,1720,625,6,109.761258
1,1,10,"q10_case2",1445,10240,3784084963,2620071,512,1718,624,6,109.861686
1,1,10,"q10_case2",1446,10240,3786705024,2620061,512,1716,624,6,109.970697
1,1,10,"q10_case2",1447,10240,3789325282,2620258,512,1714,623,6,110.085844
1,1,10,"q10_case2",1448,10240,3791945725,2620443,512,1712,623,6,110.199656
1,1,10,"q10_case2",1449,10240,3794566128,2620403,512,1710,623,6,110.310580
1,1,10,"q10_case2",1450,10240,3797186555,2620427,512,1708,623,6,110.400161
1,1,10,"q10_case2",1451,10240,3799806736,2620181,512,1706,622,6,110.511882
1,1,10,"q10_case2",1452,10240,3802426817,2620081,512,1704,622,6,110.604579
1,1,10,"q10_case2",1453,10240,3805047161,2620344,512,1702,622,6,110.698758
1,1,10,"q10_case2",1454,10240,3807667598,2620437,512,1700,622,6,110.806092
1,1,10,"q10_case2",1455,10240,3810287669,2620071,512,1698,621,6,110.932352
1,1,10,"q10_case2",1456,10240,3812907814,2620145,512,1696,621,6,111.050673
1,1,10,"q10_case2",1457,10240,3815528019,2620205,512,1694,620,6,111.172221
1,1,10,"q10_case2",1458,10240,3818148466,2620447,512,1692,620,6,111.280580
1,1,10,"q10_case2",1459,10240,3820768906,2620440,512,1690,619,6,111.401462
1,1,10,"q10_case2",1460,10240,3823389334,2620428,512,1688,618,6,111.496139
1,1,10,"q10_case2",1461,10240,3826010023,2620689,512,1686,618,6,111.581877
1,1,10,"q10_case2",1462,10240,3828630361,2620338,512,1684,617,6,111.674016
1,1,10,"q10_case2",1463,10240,3831250551,2620190,512,1682,617,6,111.785050
1,1,10,"q10_case2",1464,10240,3833870775,2620224,512,1680,617,6,111.902986
1,1,10,"q10_case2",1465,10240,3836491206,2620431,512,1678,617,6,112.027748
1,1,10,"q10_case2",1466,10240,3839111267,2620061,512,1676,616,6,112.145793
1,1,10,"q10_case2",1467,10240,3841731442,2620175,512,1674,616,6,112.254510
1,1,10,"q10_case2",1468,10240,3844351619,2620177,512,1672,616,6,112.368515
1,1,10,"q10_case2",1469,10240,3846972052,2620433,512,1670,616,6,112.482234
1,1,10,"q10_case2",1470,10240,3849592101,2620049,512,1668,616,6,112.579565
1,1,10,"q10_case2",1471,10240,3852212173,2620072,512,1666,616,6,112.674964
1,1,10,"q10_case2",1472,10240,3854832244,2620071,512,1664,615,6,112.791445
1,1,10,"q10_case2",1473,10240,3857452470,2620226,512,1662,615,6,112.907492
1,1,10,"q10_case2",1474,10240,3860072776,2620306,512,1660,614,6,113.027554
1,1,10,"q10_case2",1475,10240,3862693238,2620462,512,1658,614,6,113.128750
1,1,10,"q10_case2",1476,10240,3865313502,2620264,512,1656,614,6,113.227166
1,1,10,"q10_case2",1477,10240,3867933931,2620429,512,1654,614,6,113.320636
1,1,10,"q10_case2",1478,10240,3870553962,2620031,512,1652,614,6,113.429470
1,1,10,"q10_case2",1479,10240,3873174011,2620049,512,1650,614,6,113.536361
1,1,10,"q10_case2",1480,10240,3875794134,2620123,512,1648,614,6,113.657706
1,1,10,"q10_case2",1481,10240,3878414348,2620214,512,1646,613,6,113.768041
1,1,10,"q10_case2",1482,10240,3881034714,2620366,512,1644,613,6,113.882178
1,1,10,"q10_case2",1483,10240,3883655035,2620321,512,1642,613,6,113.994338
1,1,10,"q10_case2",1484,10240,3886275501,2620466,512,1640,612,6,114.088937
1,1,10,"q10_case2",1485,10240,3888895542,2620041,512,1638,612,6,114.214436
1,1,10,"q10_case2",1486,10240,3891515757,2620215,512,1636,612,6,114.334215
1,1,10,"q10_case2",1487,10240,3894136211,2620454,512,1634,612,6,114.439432
1,1,10,"q10_case2",1488,10240,3896756187,2619976,512,1632,611,6,114.549767
1,1,10,"q10_case2",1489,10240,3899376193,2620006,512,1630,611,6,114.658225
1,1,10,"q10_case2",1490,10240,3901996453,2620260,512,1628,611,6,114.778312
1,1,10,"q10_case2",1491,10240,3904616894,2620441,512,1626,611,6,114.895548
1,1,10,"q10_case2",1492,10240,3907236856,2619962,512,1624,611,6,115.007300
1,1,10,"q10_case2",1493,10240,3909856844,2619988,512,1622,610,6,115.116084
1,1,10,"q10_case2",1494,10240,3912477060,2620216,512,1620,610,6,115.243550
1,1,10,"q10_case2",1495,10240,3915097435,2620375,512,1618,609,6,115.364327
1,1,10,"q10_case2",1496,10240,3917717895,2620460,512,1616,609,6,115.468987
1,1,10,"q10_case2",1497,10240,3920338002,2620107,512,1614,609,6,115.585999
1,1,10,"q10_case2",1498,10240,3922958454,2620452,512,1612,608,6,115.706763
1,1,10,"q10_case2",1499,10240,3925578502,2620048,512,1610,608,6,115.815667
1,1,10,"q10_case2",1500,10240,3928198749,2620247,512,1608,607,6,115.928477
1,1,10,"q10_case2",1501,10240,3930819208,2620459,512,1606,607,6,116.029795
1,1,10,"q10_case2",1502,10240,3933439430,2620222,512,1604,606,6,116.122064
1,1,10,"q10_case2",1503,10240,3936059859,2620429,512,1602,606,6,116.225362
1,1,10,"q10_case2",1504,10240,3938680005,2620146,512,1600,606,6,116.339311
1,1,10,"q10_case2",1505,10240,3941300428,2620423,512,1598,606,6,116.453545
1,1,10,"q10_case2",1506,10240,3943920452,2620024,512,1596,606,6,116.575698
1,1,10,"q10_case2",1507,10240,3946540487,2620035,512,1594,606,6,116.701112
1,1,10,"q10_case2",1508,10240,3949160506,2620019,512,1592,606,6,116.822759
1,1,10,"q10_case2",1509,10240,3951780646,2620140,512,1590,606,6,116.929640
1,1,10,"q10_case2",1510,10240,3954400989,2620343,512,1588,606,6,117.020119
1,1,10,"q10_case2",1511,10240,3957021423,2620434,512,1586,605,6,117.118248
1,1,10,"q10_case2",1512,10240,3959641914,2620491,512,1584,605,6,117.215931
1,1,10,"q10_case2",1513,10240,3962262412,2620498,512,1582,605,6,117.305097
1,1,10,"q10_case2",1514,10240,3964882888,2620476,512,1580,604,6,117.426111
1,1,10,"q10_case2",1515,10240,3967502925,2620037,512,1578,604,6,117.550037
1,1,10,"q10_case2",1516,10240,3970123117,2620192,512,1576,604,6,117.664321
1,1,10,"q10_case2",1517,10240,3972743584,2620467,512,1574,603,6,117.782776
1,1,10,"q10_case2",1518,10240,3975363615,2620031,512,1572,603,6,117.886035
1,1,10,"q10_case2",1519,10240,3977983815,2620200,512,1570,603,6,117.992422
1,1,10,"q10_case2",1520,10240,3980604281,2620466,512,1568,602,6,118.108329
1,1,10,"q10_case2",1521,10240,3983224315,2620034,512,1566,602,6,118.213427
1,1,10,"q10_case2",1522,10240,3985844545,2620230,512,1564,602,6,118.314696
1,1,10,"q10_case2",1523,10240,3988465016,2620471,512,1562,602,6,118.436647
1,1,10,"q10_case2",1524,10240,3991085057,2620041,512,1560,602,6,118.561111
1,1,10,"q10_case2",1525,10240,3993705206,2620149,512,1558,602,6,118.683161
1,1,10,"q10_case2",1526,10240,3996325596,2620390,512,1556,601,6,118.806828
1,1,10,"q10_case2",1527,10240,3998945891,2620295,512,1554,601,6,118.916940
1,1,10,"q10_case2",1528,10240,4001566209,2620318,512,1552,601,6,119.019630
1,1,10,"q10_case2",1529,10240,4004186805,2620596,512,1550,601,6,119.112799
1,1,10,"q10_case2",1530,10240,4006807047,2620242,512,1548,601,6,119.216860
1,1,10,"q10_case2",1531,10240,4009427299,2620252,512,1546,601,6,119.313751
1,1,10,"q10_case2",1532,10240,4012047441,2620142,512,1544,600,6,119.423834
1,1,10,"q10_case2",1533,10240,4014667769,2620328,512,1542,600,6,119.531596
1,1,10,"q10_case2",1534,10240,4017288470,2620701,512,1540,599,6,119.635106
1,1,10,"q10_case2",1535,10240,4019908732,2620262,512,1538,599,6,119.741621
1,1,10,"q10_case2",1536,10240,4022529078,2620346,512,1536,599,6,119.850255
1,1,10,"q10_case2",1537,10240,4025149557,2620479,512,1534,598,6,119.960303
1,1,10,"q10_case2",1538,10240,4027769674,2620117,512,1532,598,6,120.057982
1,1,10,"q10_case2",1539,10240,4030389901,2620227,512,1530,597,6,120.150429
1,1,10,"q10_case2",1540,10240,4033010374,2620473,512,1528,597,6,120.243061
1,1,10,"q10_case2",1541,10240,4035630523,2620149,512,1526,597,6,120.335380
1,1,10,"q10_case2",1542,10240,4038250972,2620449,512,1524,596,6,120.434881
1,1,10,"q10_case2",1543,10240,4040871100,2620128,512,1522,596,6,120.545982
1,1,10,"q10_case2",1544,10240,4043491337,2620237,512,1520,596,6,120.653842
1,1,10,"q10_case2",1545,10240,4046111809,2620472,512,1518,595,6,120.770967
1,1,10,"q10_case2",1546,10240,4048731861,2620052,512,1516,595,6,120.880548
1,1,10,"q10_case2",1547,10240,4051351953,2620092,512,1514,595,6,120.991326
1,1,10,"q10_case2",1548,10240,4053972359,2620406,512,1512,594,6,121.082488
1,1,10,"q10_case2",1549,10240,4056592444,2620085,512,1510,594,6,121.170361
1,1,10,"q10_case2",1550,10240,4059212550,2620106,512,1508,594,6,121.262963
1,1,10,"q10_case2",1551,10240,4061832814,2620264,512,1506,594,6,121.360711
1,1,10,"q10_case2",1552,10240,4064452884,2620070,512,1504,594,6,121.474210
1,1,10,"q10_case2",1553,10240,4067072857,2619973,512,1502,594,6,121.585498
1,1,10,"q10_case2",1554,10240,4069692881,2620024,512,1500,594,6,121.692983
1,1,10,"q10_case2",1555,10240,4072312973,2620092,512,1498,594,6,121.798131
1,1,10,"q10_case2",1556,10240,4074933063,2620090,512,1496,594,6,121.894938
1,1,10,"q10_case2",1557,10240,4077553161,2620098,512,1494,594,6,121.993317
1,1,10,"q10_case2",1558,10240,4080173328,2620167,512,1492,594,6,122.085439
1,1,10,"q10_case2",1559,10240,4082793472,2620144,512,1490,594,6,122.183152
1,1,10,"q10_case2",1560,10240,4085413658,2620186,512,1488,594,6,122.275049
1,1,10,"q10_case2",1561,10240,4088033830,2620172,512,1486,594,6,122.385741
1,1,10,"q10_case2",1562,10240,4090654092,2620262,512,1484,593,6,122.495424
1,1,10,"q10_case2",1563,10240,4093274454,2620362,512,1482,593,6,122.604798
1,1,10,"q10_case2",1564,10240,4095895067,2620613,512,1480,593,6,122.714046
1,1,10,"q10_case2",1565,10240,4098515152,2620085,512,1478,593,6,122.813687
1,1,10,"q10_case2",1566,10240,4101135258,2620106,512,1476,593,6,122.902256
1,1,10,"q10_case2",1567,10240,4103755321,2620063,512,1474,593,6,122.998675
1,1,10,"q10_case2",1568,10240,4106375374,2620053,512,1472,592,6,123.098584
1,1,10,"q10_case2",1569,10240,4108995485,2620111,512,1470,592,6,123.205386
1,1,10,"q10_case2",1570,10240,4111615767,2620282,512,1468,591,6,123.321561
1,1,10,"q10_case2",1571,10240,4114235993,2620226,512,1466,591,6,123.432292
1,1,10,"q10_case2",1572,10240,4116856051,2620058,512,1464,591,6,123.543667
1,1,10,"q10_case2",1573,10240,4119476348,2620297,512,1462,591,6,123.651644
1,1,10,"q10_case2",1574,10240,4122096082,2619734,512,1460,591,6,123.759849
1,1,10,"q10_case2",1575,10240,4124715769,2619687,512,1458,591,6,123.866447
1,1,10,"q10_case2",1576,10240,4127335534,2619765,512,1456,591,6,123.973621
1,1,10,"q10_case2",1577,10240,4129955320,2619786,512,1454,591,6,124.077518
1,1,10,"q10_case2",1578,10240,4132575209,2619889,512,1452,591,6,124.184494
1,1,10,"q10_case2",1579,10240,4135195130,2619921,512,1450,591,6,124.293445
1,1,10,"q10_case2",1580,10240,4137815070,2619940,512,1448,591,6,124.398760
1,1,10,"q10_case2",1581,10240,4140435001,2619931,512,1446,591,6,124.500862
1,1,10,"q10_case2",1582,10240,4143054844,2619843,512,1444,591,6,124.612563
1,1,10,"q10_case2",1583,10240,4145674664,2619820,512,1442,591,6,124.714131
1,1,10,"q10_case2",1584,10240,4148294544,2619880,512,1440,591,6,124.813618
1,1,10,"q10_case2",1585,10240,4150914506,2619962,512,1438,591,6,124.916290
1,1,10,"q10_case2",1586,10240,4153534349,2619843,512,1436,591,6,125.013115
1,1,10,"q10_case2",1587,10240,4156154274,2619925,512,1434,591,6,125.122736
1,1,10,"q10_case2",1588,10240,4158774431,2620157,512,1434,588,6,125.235557
1,1,10,"q10_case2",1589,10240,4161394929,2620498,512,1432,588,6,125.352552
1,1,10,"q10_case2",1590,10240,4164015691,2620762,512,1430,588,6,125.484810
1,1,10,"q10_case2",1591,10240,4166636343,2620652,512,1428,588,6,125.597234
1,1,10,"q10_case2",1592,10240,4169257174,2620831,512,1426,588,6,125.696206
1,1,10,"q10_case2",1593,10240,4171877754,2620580,512,1424,588,6,125.794647
1,1,10,"q10_case2",1594,10240,4174498476,2620722,512,1424,585,6,125.894802
1,1,10,"q10_case2",1595,10240,4177119037,2620561,512,1422,585,6,126.023329
1,1,10,"q10_case2",1596,10240,4179739844,2620807,512,1420,585,6,126.143821
1,1,10,"q10_case2",1597,10240,4182360660,2620816,512,1418,585,6,126.263566
1,1,10,"q10_case2",1598,10240,4184981443,2620783,512,1416,586,6,126.382582
1,1,10,"q10_case2",1599,10240,4187602165,2620722,512,1414,586,6,126.481583
1,1,10,"q10_case2",1600,10240,4190222977,2620812,512,1412,586,6,126.591399
1,1,10,"q10_case2",1601,10240,4192843665,2620688,512,1410,585,6,126.691551
1,1,10,"q10_case2",1602,10240,4195464212,2620547,512,1408,585,6,126.790768
1,1,10,"q10_case2",1603,10240,4198084765,2620553,512,1408,583,6,126.904391
1,1,10,"q10_case2",1604,10240,4200705266,2620501,512,1406,582,6,127.044296
1,1,10,"q10_case2",1605,10240,4203325985,2620719,512,1404,582,6,127.162692
1,1,10,"q10_case2",1606,10240,4205946651,2620666,512,1402,582,6,127.279368
1,1,10,"q10_case2",1607,10240,4208567278,2620627,512,1400,583,6,127.402629
1,1,10,"q10_case2",1608,10240,4211187900,2620622,512,1398,583,6,127.514347
1,1,10,"q10_case2",1609,10240,4213808543,2620643,512,1396,583,6,127.608101
1,1,10,"q10_case2",1610,10240,4216429089,2620546,512,1396,581,5,127.709995
1,1,10,"q10_case2",1611,10240,4219049722,2620633,512,1394,581,5,127.812655
1,1,10,"q10_case2",1612,10240,4221670520,2620798,512,1392,581,5,127.936153
1,1,10,"q10_case2",1613,10240,4224290999,2620479,512,1390,580,6,128.056936
1,1,10,"q10_case2",1614,10240,4226911499,2620500,512,1388,581,6,128.176263
1,1,10,"q10_case2",1615,10240,4229532261,2620762,512,1386,581,6,128.290388
1,1,10,"q10_case2",1616,10240,4232153022,2620761,512,1386,579,5,128.395348
1,1,10,"q10_case2",1617,10240,4234773744,2620722,512,1384,579,5,128.513275
1,1,10,"q10_case2",1618,10240,4237394586,2620842,512,1382,579,5,128.634694
1,1,10,"q10_case2",1619,10240,4240015247,2620661,512,1380,579,5,128.764541
1,1,10,"q10_case2",1620,10240,4242635972,2620725,512,1378,579,6,128.889777
1,1,10,"q10_case2",1621,10240,4245256620,2620648,512,1376,579,6,129.025023
1,1,10,"q10_case2",1622,10240,4247877441,2620821,512,1376,576,5,129.148587
1,1,10,"q10_case2",1623,10240,4250498246,2620805,512,1374,577,5,129.265859
1,1,10,"q10_case2",1624,10240,4253119121,2620875,512,1372,577,5,129.362181
1,1,10,"q10_case2",1625,10240,4255739998,2620877,512,1370,577,5,129.463012
1,1,10,"q10_case2",1626,10240,4258360698,2620700,512,1368,577,6,129.575831
1,1,10,"q10_case2",1627,10240,4260981421,2620723,512,1368,574,5,129.692526
1,1,10,"q10_case2",1628,10240,4263602278,2620857,512,1366,574,5,129.825135
1,1,10,"q10_case2",1629,10240,4266223167,2620889,512,1364,575,5,129.957879
1,1,10,"q10_case2",1630,10240,4268844080,2620913,512,1362,575,5,130.083841
1,1,10,"q10_case2",1631,10240,4271464968,2620888,512,1360,575,6,130.203469
1,1,10,"q10_case2",1632,10240,4274085708,2620740,512,1360,572,5,130.310249
1,1,10,"q10_case2",1633,10240,4276706570,2620862,512,1358,572,5,130.414379
1,1,10,"q10_case2",1634,10240,4279327473,2620903,512,1356,573,5,130.525711
1,1,10,"q10_case2",1635,10240,4281948255,2620782,512,1354,573,5,130.635332
1,1,10,"q10_case2",1636,10240,4284569141,2620886,512,1352,573,5,130.758280
1,1,10,"q10_case2",1637,10240,4287189923,2620782,512,1352,570,5,130.883404
1,1,10,"q10_case2",1638,10240,4289810799,2620876,512,1350,570,5,131.013019
1,1,10,"q10_case2",1639,10240,4292431698,2620899,512,1348,570,5,131.135278
1,1,10,"q10_case2",1640,10240,4295052606,2620908,512,1346,571,5,131.239594
1,1,10,"q10_case2",1641,10240,4297673506,2620900,512,1344,571,5,131.354709
1,1,10,"q10_case2",1642,10240,4300294407,2620901,512,1344,568,5,131.451906
1,1,10,"q10_case2",1643,10240,4302915157,2620750,512,1342,568,5,131.549928
1,1,10,"q10_case2",1644,10240,4305536016,2620859,512,1340,567,5,131.675857
1,1,10,"q10_case2",1645,10240,4308156833,2620817,512,1338,567,5,131.813645
1,1,10,"q10_case2",1646,10240,4310777587,2620754,512,1336,567,5,131.938643
1,1,10,"q10_case2",1647,10240,4313398109,2620522,512,1336,564,5,132.066685
1,1,10,"q10_case2",1648,10240,4316018530,2620421,512,1334,564,5,132.202849
1,1,10,"q10_case2",1649,10240,4318639226,2620696,512,1332,564,5,132.317157
1,1,10,"q10_case2",1650,10240,4321259703,2620477,512,1330,565,5,132.438893
1,1,10,"q10_case2",1651,10240,4323880185,2620482,512,1328,565,5,132.564601
1,1,10,"q10_case2",1652,10240,4326500916,2620731,512,1328,562,5,132.698727
1,1,10,"q10_case2",1653,10240,4329121567,2620651,512,1326,562,5,132.831475
1,1,10,"q10_case2",1654,10240,4331742412,2620845,512,1324,562,5,132.952574
1,1,10,"q10_case2",1655,10240,4334363098,2620686,512,1322,563,5,133.084389
1,1,10,"q10_case2",1656,10240,4336983691,2620593,512,1320,564,5,133.203233
1,1,10,"q10_case2",1657,10240,4339604485,2620794,512,1320,560,5,133.329442
1,1,10,"q10_case2",1658,10240,4342225355,2620870,512,1318,560,5,133.451815
1,1,10,"q10_case2",1659,10240,4344846269,2620914,512,1316,561,5,133.583898
1,1,10,"q10_case2",1660,10240,4347467133,2620864,512,1314,562,5,133.714979
1,1,10,"q10_case2",1661,10240,4350088038,2620905,512,1312,564,5,133.840384
1,1,10,"q10_case2",1662,10240,4352708958,2620920,512,1312,558,5,133.959176
1,1,10,"q10_case2",1663,10240,4355329886,2620928,512,1310,559,5,134.098697
1,1,10,"q10_case2",1664,10240,4357950804,2620918,512,1308,560,5,134.206462
1,1,10,"q10_case2",1665,10240,4360571711,2620907,512,1306,561,5,134.331782
1,1,10,"q10_case2",1666,10240,4363192628,2620917,512,1304,562,5,134.462959
1,1,10,"q10_case2",1667,10240,4365813549,2620921,512,1302,562,5,134.590551
1,1,10,"q10_case2",1668,10240,4368434427,2620878,512,1300,562,5,134.717394
1,1,10,"q10_case2",1669,10240,4371055089,2620662,512,1298,561,5,134.825955
1,1,10,"q10_case2",1670,10240,4373675735,2620646,512,1298,559,5,134.925691
1,1,10,"q10_case2",1671,10240,4376296251,2620516,512,1296,559,5,135.027707
1,1,10,"q10_case2",1672,10240,4378917073,2620822,512,1294,558,5,135.122029
1,1,10,"q10_case2",1673,10240,4381537931,2620858,512,1292,559,5,135.246085
1,1,10,"q10_case2",1674,10240,4384158724,2620793,512,1292,556,5,135.367498
1,1,10,"q10_case2",1675,10240,4386779587,2620863,512,1290,555,5,135.488701
1,1,10,"q10_case2",1676,10240,4389400496,2620909,512,1288,556,5,135.611197
1,1,10,"q10_case2",1677,10240,4392021377,2620881,512,1286,557,5,135.720619
1,1,10,"q10_case2",1678,10240,4394642298,2620921,512,1286,553,5,135.820977
1,1,10,"q10_case2",1679,10240,4397263209,2620911,512,1284,554,5,135.926224
1,1,10,"q10_case2",1680,10240,4399884133,2620924,512,1282,554,5,136.031164
1,1,10,"q10_case2",1681,10240,4402505052,2620919,512,1280,555,5,136.137248
1,1,10,"q10_case2",1682,10240,4405125973,2620921,512,1280,552,5,136.260488
1,1,10,"q10_case2",1683,10240,4407746884,2620911,512,1278,552,5,136.385111
1,1,10,"q10_case2",1684,10240,4410367804,2620920,512,1276,552,5,136.515473
1,1,10,"q10_case2",1685,10240,4412988679,2620875,512,1274,554,5,136.626075
1,1,10,"q10_case2",1686,10240,4415609594,2620915,512,1274,550,5,136.720149
1,1,10,"q10_case2",1687,10240,4418230497,2620903,512,1272,549,5,136.823636
1,1,10,"q10_case2",1688,10240,4420851417,2620920,512,1270,551,5,136.929146
1,1,10,"q10_case2",1689,10240,4423472282,2620865,512,1268,551,5,137.035023
1,1,10,"q10_case2",1690,10240,4426093207,2620925,512,1266,551,5,137.159801
1,1,10,"q10_case2",1691,10240,4428713981,2620774,512,1266,548,5,137.291841
1,1,10,"q10_case2",1692,10240,4431334558,2620577,512,1264,548,5,137.419764
1,1,10,"q10_case2",1693,10240,4433955345,2620787,512,1262,548,5,137.523241
1,1,10,"q10_case2",1694,10240,4436575917,2620572,512,1260,549,5,137.617819
1,1,10,"q10_case2",1695,10240,4439196464,2620547,512,1258,549,5,137.734442
1,1,10,"q10_case2",1696,10240,4441817280,2620816,512,1256,549,5,137.857223
1,1,10,"q10_case2",1697,10240,4444438002,2620722,512,1256,546,5,137.977599
1,1,10,"q10_case2",1698,10240,4447058525,2620523,512,1254,546,5,138.078810
1,1,10,"q10_case2",1699,10240,4449679303,2620778,512,1252,546,5,138.176651
1,1,10,"q10_case2",1700,10240,4452300019,2620716,512,1250,547,5,138.307712
1,1,10,"q10_case2",1701,10240,4454920598,2620579,512,1250,543,5,138.437667
1,1,10,"q10_case2",1702,10240,4457541418,2620820,512,1248,543,5,138.572335
1,1,10,"q10_case2",1703,10240,4460162324,2620906,512,1246,544,5,138.720788
1,1,10,"q10_case2",1704,10240,4462783045,2620721,512,1244,546,5,138.834167
1,1,10,"q10_case2",1705,10240,4465403937,2620892,512,1244,541,5,138.932919
1,1,10,"q10_case2",1706,10240,4468024843,2620906,512,1242,540,5,139.030432
1,1,10,"q10_case2",1707,10240,4470645766,2620923,512,1240,543,5,139.156667
1,1,10,"q10_case2",1708,10240,4473266683,2620917,512,1238,545,5,139.293955
1,1,10,"q10_case2",1709,10240,4475887609,2620926,512,1238,538,5,139.423952
1,1,10,"q10_case2",1710,10240,4478508529,2620920,512,1236,538,5,139.554052
1,1,10,"q10_case2",1711,10240,4481129452,2620923,512,1234,542,5,139.664039
1,1,10,"q10_case2",1712,10240,4483750366,2620914,512,1232,544,5,139.797396
1,1,10,"q10_case2",1713,10240,4486371293,2620927,512,1232,536,5,139.930367
1,1,10,"q10_case2",1714,10240,4488992212,2620919,512,1230,537,5,140.062891
1,1,10,"q10_case2",1715,10240,4491613131,2620919,512,1228,540,5,140.191347
1,1,10,"q10_case2",1716,10240,4494234049,2620918,512,1226,539,5,140.326802
1,1,10,"q10_case2",1717,10240,4496854965,2620916,512,1226,535,5,140.459501
1,1,10,"q10_case2",1718,10240,4499475628,2620663,512,1224,536,5,140.588570
1,1,10,"q10_case2",1719,10240,4502096499,2620871,512,1222,536,5,140.695397
1,1,10,"q10_case2",1720,10240,4504717393,2620894,512,1220,537,5,140.815898
1,1,10,"q10_case2",1721,10240,4507338227,2620834,512,1220,534,5,140.928399
1,1,10,"q10_case2",1722,10240,4509959121,2620894,512,1218,533,5,141.040276
1,1,10,"q10_case2",1723,10240,4512580027,2620906,512,1216,534,5,141.174055
1,1,10,"q10_case2",1724,10240,4515200870,2620843,512,1214,536,5,141.317273
1,1,10,"q10_case2",1725,10240,4517821771,2620901,512,1214,531,5,141.445387
1,1,10,"q10_case2",1726,10240,4520442665,2620894,512,1212,532,5,141.565381
1,1,10,"q10_case2",1727,10240,4523063578,2620913,512,1210,534,5,141.673840
1,1,10,"q10_case2",1728,10240,4525684493,2620915,512,1208,535,5,141.782016
1,1,10,"q10_case2",1729,10240,4528305410,2620917,512,1208,530,5,141.921283
1,1,10,"q10_case2",1730,10240,4530926325,2620915,512,1206,532,5,142.045364
1,1,10,"q10_case2",1731,10240,4533547240,2620915,512,1204,533,5,142.167627
1,1,10,"q10_case2",1732,10240,4536168161,2620921,512,1202,535,5,142.275173
1,1,10,"q10_case2",1733,10240,4538789074,2620913,512,1202,527,5,142.410602
1,1,10,"q10_case2",1734,10240,4541409987,2620913,512,1200,531,5,142.546927
1,1,10,"q10_case2",1735,10240,4544030898,2620911,512,1198,532,5,142.676325
1,1,10,"q10_case2",1736,10240,4546651813,2620915,512,1196,532,5,142.805956
1,1,10,"q10_case2",1737,10240,4549272728,2620915,512,1196,524,5,142.930298
1,1,10,"q10_case2",1738,10240,4551893633,2620905,512,1194,524,5,143.051006
1,1,10,"q10_case2",1739,10240,4554514520,2620887,512,1192,530,5,143.172205
1,1,10,"q10_case2",1740,10240,4557135119,2620599,512,1190,531,5,143.294710
1,1,10,"q10_case2",1741,10240,4559755951,2620832,512,1190,522,5,143.408442
1,1,10,"q10_case2",1742,10240,4562376839,2620888,512,1188,523,5,143.517133
1,1,10,"q10_case2",1743,10240,4564997751,2620912,512,1186,527,5,143.642648
1,1,10,"q10_case2",1744,10240,4567618669,2620918,512,1186,520,5,143.777501
1,1,10,"q10_case2",1745,10240,4570239590,2620921,512,1184,521,5,143.910735
1,1,10,"q10_case2",1746,10240,4572860515,2620925,512,1182,525,5,144.033751
1,1,10,"q10_case2",1747,10240,4575481425,2620910,512,1180,525,5,144.140666
1,1,10,"q10_case2",1748,10240,4578102346,2620921,512,1178,525,5,144.267869
1,1,10,"q10_case2",1749,10240,4580723213,2620867,512,1178,523,5,144.386969
1,1,10,"q10_case2",1750,10240,4583343949,2620736,512,1176,523,5,144.491901
1,1,10,"q10_case2",1751,10240,4585964802,2620853,512,1174,523,5,144.622605
1,1,10,"q10_case2",1752,10240,4588585544,2620742,512,1172,524,5,144.756562
1,1,10,"q10_case2",1753,10240,4591206339,2620795,512,1172,518,5,144.881135
1,1,10,"q10_case2",1754,10240,4593827183,2620844,512,1170,520,5,145.001771
1,1,10,"q10_case2",1755,10240,4596448087,2620904,512,1168,522,5,145.108157
1,1,10,"q10_case2",1756,10240,4599069006,2620919,512,1166,523,5,145.220131
1,1,10,"q10_case2",1757,10240,4601689924,2620918,512,1166,517,5,145.326956
1,1,10,"q10_case2",1758,10240,4604310842,2620918,512,1164,518,5,145.429262
1,1,10,"q10_case2",1759,10240,4606931754,2620912,512,1162,518,5,145.559991
1,1,10,"q10_case2",1760,10240,4609552634,2620880,512,1160,518,5,145.692626
1,1,10,"q10_case2",1761,10240,4612172836,2620202,512,1160,516,5,145.824436
1,1,10,"q10_case2",1762,10240,4614793224,2620388,512,1158,516,5,145.958180
1,1,10,"q10_case2",1763,10240,4617414025,2620801,512,1156,516,5,146.067918
1,1,10,"q10_case2",1764,10240,4620034502,2620477,512,1154,517,5,146.172764
1,1,10,"q10_case2",1765,10240,4622655172,2620670,512,1154,514,5,146.273396
1,1,10,"q10_case2",1766,10240,4625275977,2620805,512,1152,514,5,146.375770
1,1,10,"q10_case2",1767,10240,4627896873,2620896,512,1150,515,5,146.504514
1,1,10,"q10_case2",1768,10240,4630517684,2620811,512,1148,516,5,146.648061
1,1,10,"q10_case2",1769,10240,4633138561,2620877,512,1148,512,5,146.781175
1,1,10,"q10_case2",1770,10240,4635759447,2620886,512,1146,513,5,146.913694
1,1,10,"q10_case2",1771,10240,4638380357,2620910,512,1144,512,5,147.021401
1,1,10,"q10_case2",1772,10240,4641001262,2620905,512,1142,514,5,147.128186
1,1,10,"q10_case2",1773,10240,4643622095,2620833,512,1140,514,5,147.231457
1,1,10,"q10_case2",1774,10240,4646242963,2620868,512,1138,514,5,147.331939
1,1,10,"q10_case2",1775,10240,4648863744,2620781,512,1136,514,5,147.456965
1,1,10,"q10_case2",1776,10240,4651484390,2620646,512,1134,513,5,147.600689
1,1,10,"q10_case2",1777,10240,4654104888,2620498,512,1134,512,5,147.730840
1,1,10,"q10_case2",1778,10240,4656725325,2620437,512,1132,511,5,147.859480
1,1,10,"q10_case2",1779,10240,4659345857,2620532,512,1130,511,5,147.996279
1,1,10,"q10_case2",1780,10240,4661966682,2620825,512,1128,511,5,148.119271
1,1,10,"q10_case2",1781,10240,4664587533,2620851,512,1128,509,5,148.232407
1,1,10,"q10_case2",1782,10240,4667208405,2620872,512,1126,509,5,148.356635
1,1,10,"q10_case2",1783,10240,4669829297,2620892,512,1124,509,5,148.500279
1,1,10,"q10_case2",1784,10240,4672450140,2620843,512,1122,510,5,148.640379
1,1,10,"q10_case2",1785,10240,4675071008,2620868,512,1122,507,5,148.770952
1,1,10,"q10_case2",1786,10240,4677691875,2620867,512,1120,507,5,148.887736
1,1,10,"q10_case2",1787,10240,4680312778,2620903,512,1118,508,5,149.014079
1,1,10,"q10_case2",1788,10240,4682933630,2620852,512,1116,508,5,149.115658
1,1,10,"q10_case2",1789,10240,4685554524,2620894,512,1116,505,5,149.213979
1,1,10,"q10_case2",1790,10240,4688175376,2620852,512,1114,506,5,149.335337
1,1,10,"q10_case2",1791,10240,4690796270,2620894,512,1112,506,5,149.466950
1,1,10,"q10_case2",1792,10240,4693417182,2620912,512,1110,507,5,149.598821
1,1,10,"q10_case2",1793,10240,4696038083,2620901,512,1110,504,5,149.728508
1,1,10,"q10_case2",1794,10240,4698658967,2620884,512,1108,504,5,149.864713
1,1,10,"q10_case2",1795,10240,4701279876,2620909,512,1106,505,5,149.983508
1,1,10,"q10_case2",1796,10240,4703900801,2620925,512,1106,502,5,150.107388
1,1,10,"q10_case2",1797,10240,4706521707,2620906,512,1104,503,5,150.232878
1,1,10,"q10_case2",1798,10240,4709142617,2620910,512,1102,503,5,150.365547
1,1,10,"q10_case2",1799,10240,4711763544,2620927,512,1102,501,5,150.502075
1,1,10,"q10_case2",1800,10240,4714384463,2620919,512,1100,501,5,150.632098
1,1,10,"q10_case2",1801,10240,4717005341,2620878,512,1098,502,5,150.753700
1,1,10,"q10_case2",1802,10240,4719626268,2620927,512,1096,503,5,150.862586
1,1,10,"q10_case2",1803,10240,4722247174,2620906,512,1094,502,5,150.992655
1,1,10,"q10_case2",1804,10240,4724868076,2620902,512,1092,502,5,151.093425
1,1,10,"q10_case2",1805,10240,4727488794,2620718,512,1092,500,5,151.232213
1,1,10,"q10_case2",1806,10240,4730109290,2620496,512,1090,500,5,151.363006
1,1,10,"q10_case2",1807,10240,4732730097,2620807,512,1088,500,5,151.496632
1,1,10,"q10_case2",1808,10240,4735350706,2620609,512,1086,501,5,151.631343
1,1,10,"q10_case2",1809,10240,4737971436,2620730,512,1086,498,5,151.743809
1,1,10,"q10_case2",1810,10240,4740592292,2620856,512,1084,498,5,151.848615
1,1,10,"q10_case2",1811,10240,4743213194,2620902,512,1082,499,5,151.966983
1,1,10,"q10_case2",1812,10240,4745834114,2620920,512,1082,496,5,152.068522
1,1,10,"q10_case2",1813,10240,4748455027,2620913,512,1080,496,5,152.195645
1,1,10,"q10_case2",1814,10240,4751075933,2620906,512,1078,497,5,152.327874
1,1,10,"q10_case2",1815,10240,4753696861,2620928,512,1078,494,5,152.461713
1,1,10,"q10_case2",1816,10240,4756317757,2620896,512,1076,494,5,152.597593
1,1,10,"q10_case2",1817,10240,4758938667,2620910,512,1074,495,5,152.704355
1,1,10,"q10_case2",1818,10240,4761559594,2620927,512,1072,497,5,152.811283
1,1,10,"q10_case2",1819,10240,4764180497,2620903,512,1070,496,5,152.948702
1,1,10,"q10_case2",1820,10240,4766801404,2620907,512,1068,495,5,153.086082
1,1,10,"q10_case2",1821,10240,4769421709,2620305,512,1068,494,5,153.229539
1,1,10,"q10_case2",1822,10240,4772042123,2620414,512,1066,493,5,153.365513
1,1,10,"q10_case2",1823,10240,4774662645,2620522,512,1064,493,5,153.494869
1,1,10,"q10_case2",1824,10240,4777283484,2620839,512,1062,492,5,153.622919
1,1,10,"q10_case2",1825,10240,4779904375,2620891,512,1062,491,5,153.759769
1,1,10,"q10_case2",1826,10240,4782525192,2620817,512,1060,490,5,153.890148
1,1,10,"q10_case2",1827,10240,4785145735,2620543,512,1058,490,5,154.036986
1,1,10,"q10_case2",1828,10240,4787766622,2620887,512,1056,490,5,154.170599
1,1,10,"q10_case2",1829,10240,4790387520,2620898,512,1056,488,5,154.307673
1,1,10,"q10_case2",1830,10240,4793008413,2620893,512,1054,488,5,154.428062
1,1,10,"q10_case2",1831,10240,4795629310,2620897,512,1052,488,5,154.533182
1,1,10,"q10_case2",1832,10240,4798250226,2620916,512,1050,489,5,154.651017
1,1,10,"q10_case2",1833,10240,4800871144,2620918,512,1050,486,5,154.767456
1,1,10,"q10_case2",1834,10240,4803492038,2620894,512,1048,487,5,154.884307
1,1,10,"q10_case2",1835,10240,4806112944,2620906,512,1046,488,5,155.032909
1,1,10,"q10_case2",1836,10240,4808733870,2620926,512,1044,490,5,155.179153
1,1,10,"q10_case2",1837,10240,4811354785,2620915,512,1044,485,5,155.310860
1,1,10,"q10_case2",1838,10240,4813975676,2620891,512,1042,488,5,155.418916
1,1,10,"q10_case2",1839,10240,4816596599,2620923,512,1040,488,5,155.521947
1,1,10,"q10_case2",1840,10240,4819217517,2620918,512,1038,489,5,155.656852
1,1,10,"q10_case2",1841,10240,4821838417,2620900,512,1038,486,5,155.789010
1,1,10,"q10_case2",1842,10240,4824459300,2620883,512,1036,487,5,155.935509
1,1,10,"q10_case2",1843,10240,4827080205,2620905,512,1034,487,5,156.069634
1,1,10,"q10_case2",1844,10240,4829701129,2620924,512,1032,487,5,156.190134
1,1,10,"q10_case2",1845,10240,4832322021,2620892,512,1032,485,5,156.315763
1,1,10,"q10_case2",1846,10240,4834942909,2620888,512,1030,485,5,156.422945
1,1,10,"q10_case2",1847,10240,4837563801,2620892,512,1028,485,5,156.535989
1,1,10,"q10_case2",1848,10240,4840184705,2620904,512,1026,484,5,156.669435
1,1,10,"q10_case2",1849,10240,4842805569,2620864,512,1026,483,5,156.798077
1,1,10,"q10_case2",1850,10240,4845426184,2620615,512,1024,482,5,156.939956
1,1,10,"q10_case2",1851,10240,4848046710,2620526,512,1022,482,5,157.069439
1,1,10,"q10_case2",1852,10240,4850667573,2620863,512,1020,483,5,157.203042
1,1,10,"q10_case2",1853,10240,4853288447,2620874,512,1020,480,5,157.309640
1,1,10,"q10_case2",1854,10240,4855909324,2620877,512,1018,480,5,157.419062
1,1,10,"q10_case2",1855,10240,4858530233,2620909,512,1016,481,5,157.524679
1,1,10,"q10_case2",1856,10240,4861151113,2620880,512,1016,478,5,157.641622
1,1,10,"q10_case2",1857,10240,4863772007,2620894,512,1014,479,5,157.768699
1,1,10,"q10_case2",1858,10240,4866392921,2620914,512,1012,480,5,157.905887
1,1,10,"q10_case2",1859,10240,4869013849,2620928,512,1012,477,5,158.042077
1,1,10,"q10_case2",1860,10240,4871634767,2620918,512,1010,477,5,158.163338
1,1,10,"q10_case2",1861,10240,4874255651,2620884,512,1008,479,5,158.283857
1,1,10,"q10_case2",1862,10240,4876876574,2620923,512,1008,475,5,158.419747
1,1,10,"q10_case2",1863,10240,4879497466,2620892,512,1006,475,5,158.550082
1,1,10,"q10_case2",1864,10240,4882118379,2620913,512,1004,477,5,158.684518
1,1,10,"q10_case2",1865,10240,4884739259,2620880,512,1004,473,5,158.812168
1,1,10,"q10_case2",1866,10240,4887360159,2620900,512,1002,474,5,158.945235
1,1,10,"q10_case2",1867,10240,4889981076,2620917,512,1000,475,5,159.065020
1,1,10,"q10_case2",1868,10240,4892602001,2620925,512,998,477,5,159.194450
1,1,10,"q10_case2",1869,10240,4895222901,2620900,512,998,473,5,159.307027
1,1,10,"q10_case2",1870,10240,4897843810,2620909,512,996,473,5,159.453175
1,1,10,"q10_case2",1871,10240,4900464736,2620926,512,994,475,5,159.593489
1,1,10,"q10_case2",1872,10240,4903085655,2620919,512,994,471,5,159.741721
1,1,10,"q10_case2",1873,10240,4905706547,2620892,512,992,471,5,159.877835
1,1,10,"q10_case2",1874,10240,4908327473,2620926,512,990,474,5,160.007218
1,1,10,"q10_case2",1875,10240,4910948400,2620927,512,988,475,5,160.147507
1,1,10,"q10_case2",1876,10240,4913569282,2620882,512,988,469,5,160.293618
1,1,10,"q10_case2",1877,10240,4916190200,2620918,512,986,473,5,160.422008
1,1,10,"q10_case2",1878,10240,4918811121,2620921,512,984,473,5,160.561992
1,1,10,"q10_case2",1879,10240,4921432045,2620924,512,982,475,5,160.705255
1,1,10,"q10_case2",1880,10240,4924052972,2620927,512,982,471,5,160.835852
1,1,10,"q10_case2",1881,10240,4926673857,2620885,512,980,472,5,160.953495
1,1,10,"q10_case2",1882,10240,4929294783,2620926,512,978,473,5,161.060340
1,1,10,"q10_case2",1883,10240,4931915707,2620924,512,978,468,5,161.169700
1,1,10,"q10_case2",1884,10240,4934536609,2620902,512,976,471,5,161.286708
1,1,10,"q10_case2",1885,10240,4937157505,2620896,512,974,472,5,161.423701
1,1,10,"q10_case2",1886,10240,4939778431,2620926,512,974,466,5,161.569202
1,1,10,"q10_case2",1887,10240,4942399350,2620919,512,972,470,5,161.713164
1,1,10,"q10_case2",1888,10240,4945020244,2620894,512,970,471,5,161.836771
1,1,10,"q10_case2",1889,10240,4947641161,2620917,512,970,465,5,161.949618
1,1,10,"q10_case2",1890,10240,4950262087,2620926,512,968,469,5,162.085074
1,1,10,"q10_case2",1891,10240,4952882969,2620882,512,966,470,5,162.201113
1,1,10,"q10_case2",1892,10240,4955503895,2620926,512,964,470,5,162.336586
1,1,10,"q10_case2",1893,10240,4958124823,2620928,512,964,468,5,162.470409
1,1,10,"q10_case2",1894,10240,4960745720,2620897,512,962,468,5,162.610940
1,1,10,"q10_case2",1895,10240,4963366605,2620885,512,960,468,5,162.745645
1,1,10,"q10_case2",1896,10240,4965987528,2620923,512,960,466,5,162.888890
1,1,10,"q10_case2",1897,10240,4968608444,2620916,512,958,466,5,163.032905
1,1,10,"q10_case2",1898,10240,4971229329,2620885,512,956,467,5,163.150509
1,1,10,"q10_case2",1899,10240,4973850253,2620924,512,956,464,5,163.285965
1,1,10,"q10_case2",1900,10240,4976471162,2620909,512,954,465,5,163.416796
1,1,10,"q10_case2",1901,10240,4979092047,2620885,512,954,463,5,163.545701
1,1,10,"q10_case2",1902,10240,4981712971,2620924,512,952,463,5,163.668459
1,1,10,"q10_case2",1903,10240,4984333867,2620896,512,950,464,5,163.799937
1,1,10,"q10_case2",1904,10240,4986954654,2620787,512,950,461,5,163.906048
1,1,10,"q10_case2",1905,10240,4989575543,2620889,512,948,462,5,164.011449
1,1,10,"q10_case2",1906,10240,4992196430,2620887,512,946,462,5,164.157545
1,1,10,"q10_case2",1907,10240,4994817356,2620926,512,946,460,5,164.309159
1,1,10,"q10_case2",1908,10240,4997438264,2620908,512,944,460,5,164.449637
1,1,10,"q10_case2",1909,10240,5000059150,2620886,512,942,460,5,164.575949
1,1,10,"q10_case2",1910,10240,5002680076,2620926,512,940,460,5,164.707506
1,1,10,"q10_case2",1911,10240,5005300973,2620897,512,940,458,5,164.839970
1,1,10,"q10_case2",1912,10240,5007921708,2620735,512,938,458,5,164.962204
1,1,10,"q10_case2",1913,10240,5010542583,2620875,512,936,458,5,165.099458
1,1,10,"q10_case2",1914,10240,5013163380,2620797,512,936,456,5,165.234282
1,1,10,"q10_case2",1915,10240,5015784277,2620897,512,934,456,5,165.361004
1,1,10,"q10_case2",1916,10240,5018405157,2620880,512,932,456,5,165.484175
1,1,10,"q10_case2",1917,10240,5021026084,2620927,512,932,455,5,165.596372
1,1,10,"q10_case2",1918,10240,5023647002,2620918,512,930,454,5,165.717543
1,1,10,"q10_case2",1919,10240,5026267583,2620581,512,928,454,5,165.826927
1,1,10,"q10_case2",1920,10240,5028888489,2620906,512,928,452,5,165.935160
1,1,10,"q10_case2",1921,10240,5031509394,2620905,512,926,452,5,166.071608
1,1,10,"q10_case2",1922,10240,5034130276,2620882,512,924,453,5,166.204671
1,1,10,"q10_case2",1923,10240,5036751202,2620926,512,924,450,5,166.335701
1,1,10,"q10_case2",1924,10240,5039372113,2620911,512,922,451,5,166.471263
1,1,10,"q10_case2",1925,10240,5041993007,2620894,512,920,451,5,166.596271
1,1,10,"q10_case2",1926,10240,5044613933,2620926,512,920,450,5,166.736438
1,1,10,"q10_case2",1927,10240,5047234847,2620914,512,918,449,5,166.858410
1,1,10,"q10_case2",1928,10240,5049855385,2620538,512,916,450,5,167.011016
1,1,10,"q10_case2",1929,10240,5052476290,2620905,512,916,447,5,167.150159
1,1,10,"q10_case2",1930,10240,5055097193,2620903,512,914,448,5,167.283158
1,1,10,"q10_case2",1931,10240,5057718094,2620901,512,912,449,5,167.398800
1,1,10,"q10_case2",1932,10240,5060339022,2620928,512,910,448,5,167.508513
1,1,10,"q10_case2",1933,10240,5062959921,2620899,512,910,447,5,167.623241
1,1,10,"q10_case2",1934,10240,5065580588,2620667,512,908,446,5,167.744247
1,1,10,"q10_case2",1935,10240,5068201088,2620500,512,906,446,5,167.878926
1,1,10,"q10_case2",1936,10240,5070821959,2620871,512,906,444,5,168.025380
1,1,10,"q10_case2",1937,10240,5073442864,2620905,512,904,444,5,168.159059
1,1,10,"q10_case2",1938,10240,5076063749,2620885,512,902,445,5,168.280014
1,1,10,"q10_case2",1939,10240,5078684659,2620910,512,902,442,5,168.391418
1,1,10,"q10_case2",1940,10240,5081305548,2620889,512,900,443,5,168.505812
1,1,10,"q10_case2",1941,10240,5083926446,2620898,512,900,440,5,168.638658
1,1,10,"q10_case2",1942,10240,5086547357,2620911,512,898,441,5,168.780307
1,1,10,"q10_case2",1943,10240,5089168270,2620913,512,896,442,5,168.934179
1,1,10,"q10_case2",1944,10240,5091789196,2620926,512,896,439,5,169.071939
1,1,10,"q10_case2",1945,10240,5094410110,2620914,512,894,439,5,169.193963
1,1,10,"q10_case2",1946,10240,5097031010,2620900,512,892,440,5,169.316336
1,1,10,"q10_case2",1947,10240,5099651932,2620922,512,890,439,5,169.442083
1,1,10,"q10_case2",1948,10240,5102272808,2620876,512,890,437,5,169.576653
1,1,10,"q10_case2",1949,10240,5104893415,2620607,512,888,437,5,169.725048
1,1,10,"q10_case2",1950,10240,5107514064,2620649,512,886,438,5,169.855603
1,1,10,"q10_case2",1951,10240,5110134956,2620892,512,886,435,5,169.994820
1,1,10,"q10_case2",1952,10240,5112755865,2620909,512,884,436,5,170.139730
1,1,10,"q10_case2",1953,10240,5115376764,2620899,512,882,440,5,170.255281
1,1,10,"q10_case2",1954,10240,5117997690,2620926,512,882,434,5,170.401995
1,1,10,"q10_case2",1955,10240,5120618604,2620914,512,880,435,5,170.528693
1,1,10,"q10_case2",1956,10240,5123239515,2620911,512,878,439,5,170.666111
1,1,10,"q10_case2",1957,10240,5125860441,2620926,512,878,433,5,170.807687
1,1,10,"q10_case2",1958,10240,5128481318,2620877,512,876,434,5,170.954708
1,1,10,"q10_case2",1959,10240,5131102245,2620927,512,874,437,5,171.086869
1,1,10,"q10_case2",1960,10240,5133723169,2620924,512,874,432,5,171.231369
1,1,10,"q10_case2",1961,10240,5136344065,2620896,512,872,432,5,171.353214
1,1,10,"q10_case2",1962,10240,5138964989,2620924,512,870,434,5,171.462459
1,1,10,"q10_case2",1963,10240,5141585885,2620896,512,870,430,5,171.599434
1,1,10,"q10_case2",1964,10240,5144206774,2620889,512,868,432,5,171.743482
1,1,10,"q10_case2",1965,10240,5146827687,2620913,512,866,433,5,171.872315
1,1,10,"q10_case2",1966,10240,5149448613,2620926,512,866,430,5,171.998138
1,1,10,"q10_case2",1967,10240,5152069529,2620916,512,864,431,5,172.111787
1,1,10,"q10_case2",1968,10240,5154690432,2620903,512,862,431,5,172.217474
1,1,10,"q10_case2",1969,10240,5157311355,2620923,512,862,429,5,172.333508
1,1,10,"q10_case2",1970,10240,5159932233,2620878,512,860,429,5,172.475046
1,1,10,"q10_case2",1971,10240,5162553116,2620883,512,860,427,5,172.624823
1,1,10,"q10_case2",1972,10240,5165173998,2620882,512,858,427,5,172.762487
1,1,10,"q10_case2",1973,10240,5167794623,2620625,512,856,427,5,172.890556
1,1,10,"q10_case2",1974,10240,5170415518,2620895,512,856,425,5,173.026285
1,1,10,"q10_case2",1975,10240,5173036439,2620921,512,854,425,5,173.148618
1,1,10,"q10_case2",1976,10240,5175657326,2620887,512,852,425,5,173.278700
1,1,10,"q10_case2",1977,10240,5178278251,2620925,512,852,423,5,173.419246
1,1,10,"q10_case2",1978,10240,5180899120,2620869,512,850,423,5,173.565641
1,1,10,"q10_case2",1979,10240,5183520007,2620887,512,848,425,5,173.715419
1,1,10,"q10_case2",1980,10240,5186140902,2620895,512,848,421,5,173.848865
1,1,10,"q10_case2",1981,10240,5188761803,2620901,512,846,422,5,173.988198
1,1,10,"q10_case2",1982,10240,5191382720,2620917,512,846,419,5,174.110496
1,1,10,"q10_case2",1983,10240,5194003648,2620928,512,844,420,5,174.221925
1,1,10,"q10_case2",1984,10240,5196624541,2620893,512,842,420,5,174.365327
1,1,10,"q10_case2",1985,10240,5199245458,2620917,512,840,418,5,174.513176
1,1,10,"q10_case2",1986,10240,5201866330,2620872,512,840,417,5,174.654161
1,1,10,"q10_case2",1987,10240,5204486796,2620466,512,838,416,5,174.794262
1,1,10,"q10_case2",1988,10240,5207107265,2620469,512,836,417,5,174.920760
1,1,10,"q10_case2",1989,10240,5209728167,2620902,512,834,417,5,175.075793
1,1,10,"q10_case2",1990,10240,5212349063,2620896,512,832,416,5,175.210245
1,1,10,"q10_case2",1991,10240,5214969745,2620682,512,832,415,5,175.347276
1,1,10,"q10_case2",1992,10240,5217590198,2620453,512,830,414,5,175.491203
1,1,10,"q10_case2",1993,10240,5220210670,2620472,512,828,416,5,175.638308
1,1,10,"q10_case2",1994,10240,5222831543,2620873,512,828,412,5,175.766954
1,1,10,"q10_case2",1995,10240,5225452447,2620904,512,826,413,5,175.897848
1,1,10,"q10_case2",1996,10240,5228073366,2620919,512,826,410,5,176.024968
1,1,10,"q10_case2",1997,10240,5230694290,2620924,512,824,411,5,176.160957
1,1,10,"q10_case2",1998,10240,5233315185,2620895,512,824,408,5,176.284263
1,1,10,"q10_case2",1999,10240,5235936110,2620925,512,822,409,5,176.425645
1,1,10,"q10_case2",2000,10240,5238556988,2620878,512,820,411,5,176.563454
1,1,10,"q10_case2",2001,10240,5241177911,2620923,512,820,407,5,176.717600
1,1,10,"q10_case2",2002,10240,5243798808,2620897,512,818,409,5,176.856344
1,1,10,"q10_case2",2003,10240,5246419695,2620887,512,816,412,5,176.997128
1,1,10,"q10_case2",2004,10240,5249040617,2620922,512,816,407,5,177.126557
1,1,10,"q10_case2",2005,10240,5251661512,2620895,512,814,408,5,177.264058
1,1,10,"q10_case2",2006,10240,5254282437,2620925,512,814,405,5,177.405381
1,1,10,"q10_case2",2007,10240,5256903356,2620919,512,812,406,5,177.550482
1,1,10,"q10_case2",2008,10240,5259524246,2620890,512,810,409,5,177.675824
1,1,10,"q10_case2",2009,10240,5262145173,2620927,512,810,404,5,177.824977
1,1,10,"q10_case2",2010,10240,5264766062,2620889,512,808,407,5,177.974382
1,1,10,"q10_case2",2011,10240,5267386978,2620916,512,808,402,5,178.114974
1,1,10,"q10_case2",2012,10240,5270007899,2620921,512,806,405,5,178.268558
1,1,10,"q10_case2",2013,10240,5272628791,2620892,512,804,408,5,178.409406
1,1,10,"q10_case2",2014,10240,5275249715,2620924,512,804,403,5,178.554214
1,1,10,"q10_case2",2015,10240,5277870620,2620905,512,802,404,5,178.681103
1,1,10,"q10_case2",2016,10240,5280491539,2620919,512,800,406,5,178.819210
1,1,10,"q10_case2",2017,10240,5283112462,2620923,512,800,402,5,178.958670
1,1,10,"q10_case2",2018,10240,5285733350,2620888,512,798,404,5,179.078741
1,1,10,"q10_case2",2019,10240,5288354255,2620905,512,798,400,5,179.234705
1,1,10,"q10_case2",2020,10240,5290975178,2620923,512,796,402,5,179.387324
1,1,10,"q10_case2",2021,10240,5293596087,2620909,512,796,398,5,179.522787
1,1,10,"q10_case2",2022,10240,5296217006,2620919,512,794,399,5,179.648811
1,1,10,"q10_case2",2023,10240,5298837916,2620910,512,794,396,5,179.790885
1,1,10,"q10_case2",2024,10240,5301458826,2620910,512,792,397,5,179.938084
1,1,10,"q10_case2",2025,10240,5304079729,2620903,512,792,395,5,180.076319
1,1,10,"q10_case2",2026,10240,5306700627,2620898,512,790,395,5,180.203085
1,1,10,"q10_case2",2027,10240,5309321503,2620876,512,790,393,5,180.327454
1,1,10,"q10_case2",2028,10240,5311942410,2620907,512,788,393,5,180.454844
1,1,10,"q10_case2",2029,10240,5314562970,2620560,512,788,391,5,180.582043
1,1,10,"q10_case2",2030,10240,5317183856,2620886,512,786,392,5,180.715717
1,1,10,"q10_case2",2031,10240,5319804427,2620571,512,786,390,5,180.847434
1,1,10,"q10_case2",2032,10240,5322425295,2620868,512,784,390,5,180.985139
1,1,10,"q10_case2",2033,10240,5325046165,2620870,512,784,389,5,181.097294
1,1,10,"q10_case2",2034,10240,5327666986,2620821,512,782,389,5,181.208806
1,1,10,"q10_case2",2035,10240,5330287455,2620469,512,780,391,5,181.347786
1,1,10,"q10_case2",2036,10240,5332908324,2620869,512,780,388,5,181.503991
1,1,10,"q10_case2",2037,10240,5335529194,2620870,512,778,387,5,181.656642
1,1,10,"q10_case2",2038,10240,5338150080,2620886,512,776,389,5,181.812697
1,1,10,"q10_case2",2039,10240,5340770956,2620876,512,776,385,5,181.963471
1,1,10,"q10_case2",2040,10240,5343391813,2620857,512,774,386,5,182.095452
1,1,10,"q10_case2",2041,10240,5346012720,2620907,512,772,388,5,182.226555
1,1,10,"q10_case2",2042,10240,5348633636,2620916,512,772,384,5,182.349991
1,1,10,"q10_case2",2043,10240,5351254516,2620880,512,770,386,5,182.468713
1,1,10,"q10_case2",2044,10240,5353875415,2620899,512,770,383,5,182.592144
1,1,10,"q10_case2",2045,10240,5356496343,2620928,512,768,385,5,182.732738
1,1,10,"q10_case2",2046,10240,5359117224,2620881,512,766,387,5,182.870929
1,1,10,"q10_case2",2047,10240,5361738111,2620887,512,766,384,5,183.030470
1,1,10,"q10_case2",2048,10240,5364359016,2620905,512,764,385,5,183.171359
1,1,10,"q10_case2",2049,10240,5366979901,2620885,512,762,386,5,183.601056
1,1,10,"q10_case2",2050,10240,5369600827,2620926,512,762,384,5,183.725592
1,1,10,"q10_case2",2051,10240,5372221702,2620875,512,760,384,5,183.846283
1,1,10,"q10_case2",2052,10240,5374842585,2620883,512,760,383,5,183.969637
1,1,10,"q10_case2",2053,10240,5377463512,2620927,512,758,383,5,184.083936
1,1,10,"q10_case2",2054,10240,5380083956,2620444,512,756,383,5,184.197061
1,1,10,"q10_case2",2055,10240,5382704840,2620884,512,756,382,5,184.321366
1,1,10,"q10_case2",2056,10240,5385325738,2620898,512,754,381,5,184.458207
1,1,10,"q10_case2",2057,10240,5387946235,2620497,512,754,380,5,184.589201
1,1,10,"q10_case2",2058,10240,5390567160,2620925,512,752,379,5,184.710711
1,1,10,"q10_case2",2059,10240,5393187598,2620438,512,752,378,5,184.826371
1,1,10,"q10_case2",2060,10240,5395808502,2620904,512,750,377,5,184.948174
1,1,10,"q10_case2",2061,10240,5398428933,2620431,512,750,376,5,185.061705
1,1,10,"q10_case2",2062,10240,5401049819,2620886,512,748,376,5,185.181952
1,1,10,"q10_case2",2063,10240,5403670250,2620431,512,748,375,5,185.313402
1,1,10,"q10_case2",2064,10240,5406291121,2620871,512,746,374,5,185.437859
1,1,10,"q10_case2",2065,10240,5408911542,2620421,512,744,374,5,185.560779
1,1,10,"q10_case2",2066,10240,5411532417,2620875,512,744,373,5,185.680893
1,1,10,"q10_case2",2067,10240,5414153224,2620807,512,742,373,5,185.797449
1,1,10,"q10_case2",2068,10240,5416773718,2620494,512,742,372,5,185.917360
1,1,10,"q10_case2",2069,10240,5419394640,2620922,512,740,373,5,186.031531
1,1,10,"q10_case2",2070,10240,5422015100,2620460,512,740,371,5,186.155506
1,1,10,"q10_case2",2071,10240,5424636009,2620909,512,738,371,5,186.284054
1,1,10,"q10_case2",2072,10240,5427256889,2620880,512,736,370,5,186.404949
1,1,10,"q10_case2",2073,10240,5429877798,2620909,512,736,369,5,186.525850
1,1,10,"q10_case2",2074,10240,5432498522,2620724,512,734,369,5,186.643951
1,1,10,"q10_case2",2075,10240,5435118979,2620457,512,734,368,5,186.754776
1,1,10,"q10_case2",2076,10240,5437739901,2620922,512,732,370,5,186.867769
1,1,10,"q10_case2",2077,10240,5440360348,2620447,512,732,367,5,186.987269
1,1,10,"q10_case2",2078,10240,5442981251,2620903,512,730,368,5,187.111479
1,1,10,"q10_case2",2079,10240,5445602133,2620882,512,728,368,5,187.245154
1,1,10,"q10_case2",2080,10240,5448223042,2620909,512,728,367,5,187.401813
1,1,10,"q10_case2",2081,10240,5450843902,2620860,512,726,366,5,187.550287
1,1,10,"q10_case2",2082,10240,5453464368,2620466,512,726,365,5,187.670221
1,1,10,"q10_case2",2083,10240,5456085288,2620920,512,724,365,5,187.802259
1,1,10,"q10_case2",2084,10240,5458705721,2620433,512,724,364,5,187.964090
1,1,10,"q10_case2",2085,10240,5461326599,2620878,512,722,363,5,188.122239
1,1,10,"q10_case2",2086,10240,5463947035,2620436,512,722,362,5,188.272869
1,1,10,"q10_case2",2087,10240,5466567933,2620898,512,720,362,5,188.424570
1,1,10,"q10_case2",2088,10240,5469188366,2620433,512,718,364,5,188.544056
1,1,10,"q10_case2",2089,10240,5471809244,2620878,512,718,360,5,188.659965
1,1,10,"q10_case2",2090,10240,5474430119,2620875,512,716,361,5,188.793596
1,1,10,"q10_case2",2091,10240,5477051018,2620899,512,714,363,5,188.936824
1,1,10,"q10_case2",2092,10240,5479671923,2620905,512,714,360,5,189.088291
1,1,10,"q10_case2",2093,10240,5482292795,2620872,512,712,360,5,189.228717
1,1,10,"q10_case2",2094,10240,5484913686,2620891,512,712,359,5,189.357052
1,1,10,"q10_case2",2095,10240,5487534606,2620920,512,710,358,5,189.507872
1,1,10,"q10_case2",2096,10240,5490155050,2620444,512,710,357,5,189.674685
1,1,10,"q10_case2",2097,10240,5492775955,2620905,512,708,357,5,189.848102
1,1,10,"q10_case2",2098,10240,5495396389,2620434,512,708,356,5,190.020210
1,1,10,"q10_case2",2099,10240,5498017265,2620876,512,706,355,5,190.184399
1,1,10,"q10_case2",2100,10240,5500637718,2620453,512,704,356,5,190.342503
1,1,10,"q10_case2",2101,10240,5503258627,2620909,512,704,355,5,190.477730
1,1,10,"q10_case2",2102,10240,5505879487,2620860,512,702,354,5,190.613874
1,1,10,"q10_case2",2103,10240,5508499958,2620471,512,702,353,5,190.754936
1,1,10,"q10_case2",2104,10240,5511120877,2620919,512,700,354,5,190.910443
1,1,10,"q10_case2",2105,10240,5513741299,2620422,512,700,352,5,191.065086
1,1,10,"q10_case2",2106,10240,5516362184,2620885,512,698,352,5,191.205244
1,1,10,"q10_case2",2107,10240,5518982859,2620675,512,698,351,5,191.326468
1,1,10,"q10_case2",2108,10240,5521603759,2620900,512,696,354,5,191.445547
1,1,10,"q10_case2",2109,10240,5524224192,2620433,512,696,350,5,191.605987
1,1,10,"q10_case2",2110,10240,5526845071,2620879,512,694,352,5,191.757798
1,1,10,"q10_case2",2111,10240,5529465946,2620875,512,692,352,5,191.907837
1,1,10,"q10_case2",2112,10240,5532086850,2620904,512,692,350,5,192.053929
1,1,10,"q10_case2",2113,10240,5534707713,2620863,512,690,350,5,192.198116
1,1,10,"q10_case2",2114,10240,5537328296,2620583,512,690,349,5,192.320671
1,1,10,"q10_case2",2115,10240,5539949212,2620916,512,688,348,5,192.445866
1,1,10,"q10_case2",2116,10240,5542569632,2620420,512,688,347,5,192.592236
1,1,10,"q10_case2",2117,10240,5545190511,2620879,512,686,347,5,192.748164
1,1,10,"q10_case2",2118,10240,5547810963,2620452,512,686,346,5,192.891964
1,1,10,"q10_case2",2119,10240,5550431879,2620916,512,684,347,5,193.035436
1,1,10,"q10_case2",2120,10240,5553052316,2620437,512,684,345,5,193.192982
1,1,10,"q10_case2",2121,10240,5555673209,2620893,512,682,345,5,193.339365
1,1,10,"q10_case2",2122,10240,5558294090,2620881,512,680,346,5,193.496501
1,1,10,"q10_case2",2123,10240,5560915002,2620912,512,678,345,5,193.643322
1,1,10,"q10_case2",2124,10240,5563535883,2620881,512,678,344,5,193.794499
1,1,10,"q10_case2",2125,10240,5566156305,2620422,512,676,343,5,193.945317
1,1,10,"q10_case2",2126,10240,5568776739,2620434,512,674,343,5,194.098723
1,1,10,"q10_case2",2127,10240,5571397638,2620899,512,674,341,5,194.231906
1,1,10,"q10_case2",2128,10240,5574018511,2620873,512,672,341,5,194.362559
1,1,10,"q10_case2",2129,10240,5576639085,2620574,512,672,340,5,194.500977
1,1,10,"q10_case2",2130,10240,5579259993,2620908,512,670,340,5,194.643367
1,1,10,"q10_case2",2131,10240,5581880412,2620419,512,670,339,5,194.804437
1,1,10,"q10_case2",2132,10240,5584501288,2620876,512,668,339,5,194.942219
1,1,10,"q10_case2",2133,10240,5587121742,2620454,512,668,338,5,195.068658
1,1,10,"q10_case2",2134,10240,5589742653,2620911,512,666,337,5,195.233097
1,1,10,"q10_case2",2135,10240,5592363088,2620435,512,666,336,5,195.403684
1,1,10,"q10_case2",2136,10240,5594983969,2620881,512,664,336,5,195.562473
1,1,10,"q10_case2",2137,10240,5597604411,2620442,512,664,335,5,195.708500
1,1,10,"q10_case2",2138,10240,5600225308,2620897,512,662,335,5,195.852036
1,1,10,"q10_case2",2139,10240,5602845735,2620427,512,662,334,5,195.989051
1,1,10,"q10_case2",2140,10240,5605466618,2620883,512,660,334,5,196.143277
1,1,10,"q10_case2",2141,10240,5608087054,2620436,512,660,333,5,196.283607
1,1,10,"q10_case2",2142,10240,5610707948,2620894,512,658,333,5,196.447959
1,1,10,"q10_case2",2143,10240,5613328372,2620424,512,658,332,5,196.613415
1,1,10,"q10_case2",2144,10240,5615949256,2620884,512,656,332,5,196.774891
1,1,10,"q10_case2",2145,10240,5618569712,2620456,512,656,331,5,196.937037
1,1,10,"q10_case2",2146,10240,5621190618,2620906,512,654,331,5,197.096371
1,1,10,"q10_case2",2147,10240,5623811036,2620418,512,654,330,5,197.247074
1,1,10,"q10_case2",2148,10240,5626431919,2620883,512,652,329,5,197.400814
1,1,10,"q10_case2",2149,10240,5629052381,2620462,512,650,329,5,197.557423
1,1,10,"q10_case2",2150,10240,5631673289,2620908,512,650,328,5,197.707432
1,1,10,"q10_case2",2151,10240,5634294160,2620871,512,648,327,5,197.853135
1,1,10,"q10_case2",2152,10240,5636914616,2620456,512,648,326,5,198.014537
1,1,10,"q10_case2",2153,10240,5639535526,2620910,512,646,326,5,198.164404
1,1,10,"q10_case2",2154,10240,5642155949,2620423,512,646,325,5,198.320330
1,1,10,"q10_case2",2155,10240,5644776829,2620880,512,644,325,5,198.476554
1,1,10,"q10_case2",2156,10240,5647397254,2620425,512,642,323,5,198.637020
1,1,10,"q10_case2",2157,10240,5650018132,2620878,512,642,322,5,198.788045
1,1,10,"q10_case2",2158,10240,5652638824,2620692,512,640,322,5,198.941942
1,1,10,"q10_case2",2159,10240,5655259264,2620440,512,640,321,5,199.094490
1,1,10,"q10_case2",2160,10240,5657880166,2620902,512,638,321,5,199.260298
1,1,10,"q10_case2",2161,10240,5660500590,2620424,512,638,320,5,199.420743
1,1,10,"q10_case2",2162,10240,5663121468,2620878,512,636,320,5,199.583045
1,1,10,"q10_case2",2163,10240,5665741907,2620439,512,636,319,5,199.745721
1,1,10,"q10_case2",2164,10240,5668362797,2620890,512,634,319,5,199.886791
1,1,10,"q10_case2",2165,10240,5670983219,2620422,512,634,318,5,200.025919
1,1,10,"q10_case2",2166,10240,5673604100,2620881,512,632,318,5,200.179108
1,1,10,"q10_case2",2167,10240,5676224539,2620439,512,632,317,5,200.341523
1,1,10,"q10_case2",2168,10240,5678845440,2620901,512,630,318,5,200.500553
1,1,10,"q10_case2",2169,10240,5681465860,2620420,512,630,316,5,200.635843
1,1,10,"q10_case2",2170,10240,5684086743,2620883,512,628,317,5,200.748590
1,1,10,"q10_case2",2171,10240,5686707602,2620859,512,626,317,5,200.895069
1,1,10,"q10_case2",2172,10240,5689328486,2620884,512,626,316,5,201.068548
1,1,10,"q10_case2",2173,10240,5691949346,2620860,512,624,316,5,201.237288
1,1,10,"q10_case2",2174,10240,5694569795,2620449,512,622,317,5,201.394958
1,1,10,"q10_case2",2175,10240,5697190694,2620899,512,622,315,5,201.548787
1,1,10,"q10_case2",2176,10240,5699811573,2620879,512,620,316,5,201.709825
1,1,10,"q10_case2",2177,10240,5702432124,2620551,512,620,315,5,201.844682
1,1,10,"q10_case2",2178,10240,5705053022,2620898,512,618,315,5,201.996982
1,1,10,"q10_case2",2179,10240,5707673444,2620422,512,618,314,5,202.139589
1,1,10,"q10_case2",2180,10240,5710294321,2620877,512,616,314,5,202.292368
1,1,10,"q10_case2",2181,10240,5712914752,2620431,512,616,313,5,202.436944
1,1,10,"q10_case2",2182,10240,5715535641,2620889,512,614,313,5,202.575254
1,1,10,"q10_case2",2183,10240,5718156059,2620418,512,614,312,5,202.724158
1,1,10,"q10_case2",2184,10240,5720776935,2620876,512,612,313,5,202.859982
1,1,10,"q10_case2",2185,10240,5723397378,2620443,512,612,311,5,203.001135
1,1,10,"q10_case2",2186,10240,5726018272,2620894,512,610,312,5,203.155520
1,1,10,"q10_case2",2187,10240,5728638833,2620561,512,610,311,5,203.300903
1,1,10,"q10_case2",2188,10240,5731259726,2620893,512,608,312,5,203.439585
1,1,10,"q10_case2",2189,10240,5733880156,2620430,512,608,310,5,203.585154
1,1,10,"q10_case2",2190,10240,5736501045,2620889,512,606,312,5,203.725739
1,1,10,"q10_case2",2191,10240,5739121602,2620557,512,606,310,5,203.877191
1,1,10,"q10_case2",2192,10240,5741742501,2620899,512,604,311,5,204.047129
1,1,10,"q10_case2",2193,10240,5744363381,2620880,512,604,310,5,204.195270
1,1,10,"q10_case2",2194,10240,5746984277,2620896,512,602,312,5,204.338244
1,1,10,"q10_case2",2195,10240,5749604703,2620426,512,602,309,5,204.478535
1,1,10,"q10_case2",2196,10240,5752225574,2620871,512,600,311,5,204.623221
1,1,10,"q10_case2",2197,10240,5754846214,2620640,512,598,311,5,204.763065
1,1,10,"q10_case2",2198,10240,5757467107,2620893,512,598,310,5,204.897032
1,1,10,"q10_case2",2199,10240,5760087970,2620863,512,596,310,5,205.029594
1,1,10,"q10_case2",2200,10240,5762708406,2620436,512,594,310,5,205.159755
1,1,10,"q10_case2",2201,10240,5765329292,2620886,512,594,309,5,205.285813
1,1,10,"q10_case2",2202,10240,5767950053,2620761,512,592,309,5,205.423322
1,1,10,"q10_case2",2203,10240,5770570487,2620434,512,592,308,5,205.567224
1,1,10,"q10_case2",2204,10240,5773191407,2620920,512,590,310,5,205.702514
1,1,10,"q10_case2",2205,10240,5775811841,2620434,512,590,307,5,205.829361
1,1,10,"q10_case2",2206,10240,5778432740,2620899,512,588,309,5,205.952006
1,1,10,"q10_case2",2207,10240,5781053591,2620851,512,588,305,5,206.075886
1,1,10,"q10_case2",2208,10240,5783674513,2620922,512,588,311,4,206.207943
1,1,10,"q10_case2",2209,10240,5786295391,2620878,512,586,304,5,206.341947
1,1,10,"q10_case2",2210,10240,5788916268,2620877,512,586,310,4,206.474459
1,1,10,"q10_case2",2211,10240,5791537189,2620921,512,584,310,4,206.613436
1,1,10,"q10_case2",2212,10240,5794158076,2620887,512,584,308,4,206.743684
1,1,10,"q10_case2",2213,10240,5796778950,2620874,512,582,307,4,206.869919
1,1,10,"q10_case2",2214,10240,5799399517,2620567,512,580,306,4,207.005887
1,1,10,"q10_case2",2215,10240,5802020280,2620763,512,580,305,4,207.134454
1,1,10,"q10_case2",2216,10240,5804640875,2620595,512,578,305,4,207.273649
1,1,10,"q10_case2",2217,10240,5807261301,2620426,512,578,304,4,207.410782
1,1,10,"q10_case2",2218,10240,5809882192,2620891,512,576,304,4,207.545784
1,1,10,"q10_case2",2219,10240,5812502613,2620421,512,576,303,4,207.673748
1,1,10,"q10_case2",2220,10240,5815123498,2620885,512,574,303,4,207.797534
1,1,10,"q10_case2",2221,10240,5817743945,2620447,512,574,302,4,207.918403
1,1,10,"q10_case2",2222,10240,5820364834,2620889,512,572,305,4,208.044274
1,1,10,"q10_case2",2223,10240,5822985251,2620417,512,572,301,4,208.177412
1,1,10,"q10_case2",2224,10240,5825606131,2620880,512,570,304,4,208.314070
1,1,10,"q10_case2",2225,10240,5828227008,2620877,512,568,303,4,208.450656
1,1,10,"q10_case2",2226,10240,5830847898,2620890,512,568,302,4,208.579623
1,1,10,"q10_case2",2227,10240,5833468774,2620876,512,566,302,4,208.707854
1,1,10,"q10_case2",2228,10240,5836089209,2620435,512,566,301,4,208.833202
1,1,10,"q10_case2",2229,10240,5838710098,2620889,512,566,300,4,208.976859
1,1,10,"q10_case2",2230,10240,5841330514,2620416,512,564,300,4,209.107946
1,1,10,"q10_case2",2231,10240,5843950924,2620410,512,564,299,4,209.240109
1,1,10,"q10_case2",2232,10240,5846571819,2620895,512,564,298,4,209.372300
1,1,10,"q10_case2",2233,10240,5849192235,2620416,512,564,297,4,209.499265
1,1,10,"q10_case2",2234,10240,5851812630,2620395,512,564,296,4,209.642174
1,1,10,"q10_case2",2235,10240,5854433059,2620429,512,564,295,4,209.778744
1,1,10,"q10_case2",2236,10240,5857053692,2620633,512,564,294,4,209.918732
1,1,10,"q10_case2",2237,10240,5859674273,2620581,512,564,293,4,210.064244
1,1,10,"q10_case2",2238,10240,5862294850,2620577,512,562,293,4,210.228555
1,1,10,"q10_case2",2239,10240,5864915417,2620567,512,562,292,4,210.380986
1,1,10,"q10_case2",2240,10240,5867536339,2620922,512,560,291,4,210.510376
1,1,10,"q10_case2",2241,10240,5870156771,2620432,512,558,291,4,210.641948
1,1,10,"q10_case2",2242,10240,5872777657,2620886,512,558,290,4,210.774872
1,1,10,"q10_case2",2243,10240,5875398506,2620849,512,556,289,4,210.929525
1,1,10,"q10_case2",2244,10240,5878018961,2620455,512,556,288,4,211.083113
1,1,10,"q10_case2",2245,10240,5880639845,2620884,512,554,288,4,211.224351
1,1,10,"q10_case2",2246,10240,5883260266,2620421,512,554,287,4,211.369766
1,1,10,"q10_case2",2247,10240,5885881142,2620876,512,552,287,4,211.507445
1,1,10,"q10_case2",2248,10240,5888501560,2620418,512,552,286,4,211.638260
1,1,10,"q10_case2",2249,10240,5891122450,2620890,512,550,286,4,211.769779
1,1,10,"q10_case2",2250,10240,5893742868,2620418,512,550,285,4,211.910185
1,1,10,"q10_case2",2251,10240,5896363759,2620891,512,548,286,4,212.047220
1,1,10,"q10_case2",2252,10240,5898984179,2620420,512,548,285,4,212.181972
1,1,10,"q10_case2",2253,10240,5901605054,2620875,512,546,286,4,212.308987
1,1,10,"q10_case2",2254,10240,5904225487,2620433,512,546,285,4,212.437665
1,1,10,"q10_case2",2255,10240,5906846375,2620888,512,544,285,4,212.581095
1,1,10,"q10_case2",2256,10240,5909466816,2620441,512,544,284,4,212.722085
1,1,10,"q10_case2",2257,10240,5912087713,2620897,512,542,285,4,212.860283
1,1,10,"q10_case2",2258,10240,5914708147,2620434,512,542,284,4,213.004881
1,1,10,"q10_case2",2259,10240,5917329035,2620888,512,542,283,4,213.132482
1,1,10,"q10_case2",2260,10240,5919949481,2620446,512,542,282,4,213.264317
1,1,10,"q10_case2",2261,10240,5922569995,2620514,512,542,281,4,213.396477
1,1,10,"q10_case2",2262,10240,5925190487,2620492,512,542,280,4,213.524800
1,1,10,"q10_case2",2263,10240,5927810995,2620508,512,542,279,4,213.663696
1,1,10,"q10_case2",2264,10240,5930431440,2620445,512,542,278,4,213.793793
1,1,10,"q10_case2",2265,10240,5933051882,2620442,512,542,277,4,213.926163
1,1,10,"q10_case2",2266,10240,5935672352,2620470,512,542,276,4,214.051938
1,1,10,"q10_case2",2267,10240,5938292771,2620419,512,542,275,4,214.178201
1,1,10,"q10_case2",2268,10240,5940913200,2620429,512,542,274,4,214.308126
1,1,10,"q10_case2",2269,10240,5943533581,2620381,512,542,273,4,214.443253
1,1,10,"q10_case2",2270,10240,5946154018,2620437,512,542,272,4,214.571792
1,1,10,"q10_case2",2271,10240,5948774497,2620479,512,542,271,4,214.699825
1,1,10,"q10_case2",2272,10240,5951394922,2620425,512,542,270,4,214.840572
1,1,10,"q10_case2",2273,10240,5954015345,2620423,512,540,269,4,214.978873
1,1,10,"q10_case2",2274,10240,5956635754,2620409,512,538,268,4,215.102385
1,1,10,"q10_case2",2275,10240,5959256675,2620921,512,538,267,4,215.229320
1,1,10,"q10_case2",2276,10240,5961877108,2620433,512,536,268,4,215.360350
1,1,10,"q10_case2",2277,10240,5964497537,2620429,512,534,268,4,215.499086
1,1,10,"q10_case2",2278,10240,5967118423,2620886,512,534,267,4,215.648948
1,1,10,"q10_case2",2279,10240,5969739296,2620873,512,532,268,4,215.795326
1,1,10,"q10_case2",2280,10240,5972359737,2620441,512,532,265,4,215.927086
1,1,10,"q10_case2",2281,10240,5974980638,2620901,512,530,265,4,216.056058
1,1,10,"q10_case2",2282,10240,5977601322,2620684,512,530,264,4,216.182556
1,1,10,"q10_case2",2283,10240,5980222076,2620754,512,528,263,4,216.308581
1,1,10,"q10_case2",2284,10240,5982842511,2620435,512,528,262,4,216.446462
1,1,10,"q10_case2",2285,10240,5985463400,2620889,512,526,263,4,216.592198
1,1,10,"q10_case2",2286,10240,5988083834,2620434,512,526,262,4,216.738790
1,1,10,"q10_case2",2287,10240,5990704715,2620881,512,524,262,4,216.908466
1,1,10,"q10_case2",2288,10240,5993325135,2620420,512,524,261,4,217.080679
1,1,10,"q10_case2",2289,10240,5995945947,2620812,512,522,262,4,217.244722
1,1,10,"q10_case2",2290,10240,5998566369,2620422,512,522,261,4,217.409163
1,1,10,"q10_case2",2291,10240,6001187256,2620887,512,520,263,4,217.569007
1,1,10,"q10_case2",2292,10240,6003807673,2620417,512,520,262,4,217.736094
1,1,10,"q10_case2",2293,10240,6006428557,2620884,512,518,263,4,217.890594
1,1,10,"q10_case2",2294,10240,6009048996,2620439,512,518,262,4,218.046796
1,1,10,"q10_case2",2295,10240,6011669882,2620886,512,516,261,4,218.205315
1,1,10,"q10_case2",2296,10240,6014290329,2620447,512,514,260,4,218.361524
1,1,10,"q10_case2",2297,10240,6016911235,2620906,512,514,259,4,218.527904
1,1,10,"q10_case2",2298,10240,6019531712,2620477,512,512,260,4,218.688850
1,1,10,"q10_case2",2299,10240,6022152140,2620428,512,512,259,4,218.834352
1,1,10,"q10_case2",2300,10240,6024773029,2620889,512,512,258,4,219.007633
1,1,10,"q10_case2",2301,10240,6027393466,2620437,512,512,257,4,219.177719
1,1,10,"q10_case2",2302,10240,6030013944,2620478,512,512,256,4,219.339944
1,1,10,"q10_case2",2303,10240,6032634514,2620570,512,510,255,4,219.489444
1,1,10,"q10_case2",2304,10240,6035255102,2620588,512,510,254,4,219.647533
1,1,10,"q10_case2",2305,10240,6037876021,2620919,512,508,255,4,219.804970
1,1,10,"q10_case2",2306,10240,6040496462,2620441,512,506,254,4,219.966755
1,1,10,"q10_case2",2307,10240,6043117345,2620883,512,506,253,4,220.119671
1,1,10,"q10_case2",2308,10240,6045738197,2620852,512,504,253,4,220.279831
1,1,10,"q10_case2",2309,10240,6048358632,2620435,512,504,252,4,220.418823
1,1,10,"q10_case2",2310,10240,6050979516,2620884,512,502,254,4,220.575710
1,1,10,"q10_case2",2311,10240,6053599966,2620450,512,502,253,4,220.726686
1,1,10,"q10_case2",2312,10240,6056220841,2620875,512,500,253,4,220.877027
1,1,10,"q10_case2",2313,10240,6058841280,2620439,512,498,253,4,221.056386
1,1,10,"q10_case2",2314,10240,6061462172,2620892,512,498,252,4,221.220202
1,1,10,"q10_case2",2315,10240,6064083063,2620891,512,496,252,4,221.387932
1,1,10,"q10_case2",2316,10240,6066703500,2620437,512,496,251,4,221.543996
1,1,10,"q10_case2",2317,10240,6069324391,2620891,512,496,250,4,221.681394
1,1,10,"q10_case2",2318,10240,6071944829,2620438,512,496,249,4,221.811427
1,1,10,"q10_case2",2319,10240,6074564787,2619958,512,496,248,4,221.979695
1,1,10,"q10_case2",2320,10240,6077184760,2619973,512,496,247,4,222.154414
1,1,10,"q10_case2",2321,10240,6079804813,2620053,512,496,246,4,222.307638
1,1,10,"q10_case2",2322,10240,6082424955,2620142,512,496,245,4,222.443512
1,1,10,"q10_case2",2323,10240,6085045152,2620197,512,496,244,4,222.591134
1,1,10,"q10_case2",2324,10240,6087665684,2620532,512,496,243,4,222.733913
1,1,10,"q10_case2",2325,10240,6090286218,2620534,512,496,242,4,222.896891
1,1,10,"q10_case2",2326,10240,6092906695,2620477,512,496,241,4,223.064821
1,1,10,"q10_case2",2327,10240,6095527084,2620389,512,496,240,4,223.218332
1,1,10,"q10_case2",2328,10240,6098147463,2620379,512,496,239,4,223.381101
1,1,10,"q10_case2",2329,10240,6100767903,2620440,512,496,238,4,223.551916
1,1,10,"q10_case2",2330,10240,6103388312,2620409,512,496,237,4,223.738355
1,1,10,"q10_case2",2331,10240,6106008701,2620389,512,496,236,4,223.919377
1,1,10,"q10_case2",2332,10240,6108629091,2620390,512,496,235,4,224.091048
1,1,10,"q10_case2",2333,10240,6111249448,2620357,512,496,234,4,224.269648
1,1,10,"q10_case2",2334,10240,6113869793,2620345,512,496,233,4,224.444630
1,1,10,"q10_case2",2335,10240,6116490141,2620348,512,496,232,4,224.618008
1,1,10,"q10_case2",2336,10240,6119110414,2620273,512,496,231,4,224.783808
1,1,10,"q10_case2",2337,10240,6121730666,2620252,512,496,230,4,224.953975
1,1,10,"q10_case2",2338,10240,6124350889,2620223,512,496,229,4,225.109274
1,1,10,"q10_case2",2339,10240,6126971165,2620276,512,494,229,4,225.254861
1,1,10,"q10_case2",2340,10240,6129591375,2620210,512,494,228,4,225.387426
1,1,10,"q10_case2",2341,10240,6132212293,2620918,512,492,229,4,225.523310
1,1,10,"q10_case2",2342,10240,6134832755,2620462,512,490,229,4,225.658621
1,1,10,"q10_case2",2343,10240,6137453637,2620882,512,490,227,4,225.798045
1,1,10,"q10_case2",2344,10240,6140074512,2620875,512,488,227,4,225.939093
1,1,10,"q10_case2",2345,10240,6142695008,2620496,512,488,226,4,226.082588
1,1,10,"q10_case2",2346,10240,6145315894,2620886,512,486,227,4,226.223815
1,1,10,"q10_case2",2347,10240,6147936330,2620436,512,486,226,4,226.357129
1,1,10,"q10_case2",2348,10240,6150557206,2620876,512,484,225,4,226.482294
1,1,10,"q10_case2",2349,10240,6153177644,2620438,512,484,224,4,226.612610
1,1,10,"q10_case2",2350,10240,6155798537,2620893,512,482,225,4,226.741887
1,1,10,"q10_case2",2351,10240,6158418973,2620436,512,482,224,4,226.863873
1,1,10,"q10_case2",2352,10240,6161039864,2620891,512,480,225,4,227.010170
1,1,10,"q10_case2",2353,10240,6163660320,2620456,512,480,224,4,227.152591
1,1,10,"q10_case2",2354,10240,6166281228,2620908,512,478,225,4,227.279131
1,1,10,"q10_case2",2355,10240,6168901652,2620424,512,478,224,4,227.423510
1,1,10,"q10_case2",2356,10240,6171522543,2620891,512,476,224,4,227.557794
1,1,10,"q10_case2",2357,10240,6174142970,2620427,512,474,223,4,227.682244
1,1,10,"q10_case2",2358,10240,6176763856,2620886,512,474,222,4,227.803442
1,1,10,"q10_case2",2359,10240,6179384315,2620459,512,472,223,4,227.928329
1,1,10,"q10_case2",2360,10240,6182004739,2620424,512,470,223,4,228.068173
1,1,10,"q10_case2",2361,10240,6184625620,2620881,512,470,222,4,228.211699
1,1,10,"q10_case2",2362,10240,6187246166,2620546,512,468,223,4,228.353599
1,1,10,"q10_case2",2363,10240,6189866585,2620419,512,468,222,4,228.487765
1,1,10,"q10_case2",2364,10240,6192487476,2620891,512,466,223,4,228.610290
1,1,10,"q10_case2",2365,10240,6195107912,2620436,512,464,223,4,228.744369
1,1,10,"q10_case2",2366,10240,6197728791,2620879,512,464,222,4,228.875395
1,1,10,"q10_case2",2367,10240,6200349703,2620912,512,462,221,4,229.034917
1,1,10,"q10_case2",2368,10240,6202970140,2620437,512,462,220,4,229.181518
1,1,10,"q10_case2",2369,10240,6205591021,2620881,512,460,221,4,229.321346
1,1,10,"q10_case2",2370,10240,6208211450,2620429,512,460,220,4,229.452132
1,1,10,"q10_case2",2371,10240,6210832333,2620883,512,460,219,4,229.584686
1,1,10,"q10_case2",2372,10240,6213452752,2620419,512,460,218,4,229.718325
1,1,10,"q10_case2",2373,10240,6216072781,2620029,512,460,217,4,229.863446
1,1,10,"q10_case2",2374,10240,6218692937,2620156,512,460,216,4,230.001309
1,1,10,"q10_case2",2375,10240,6221313175,2620238,512,460,215,4,230.146242
1,1,10,"q10_case2",2376,10240,6223933475,2620300,512,460,214,4,230.299281
1,1,10,"q10_case2",2377,10240,6226553889,2620414,512,460,213,4,230.445774
1,1,10,"q10_case2",2378,10240,6229174279,2620390,512,458,214,4,230.592457
1,1,10,"q10_case2",2379,10240,6231794682,2620403,512,458,213,4,230.726677
1,1,10,"q10_case2",2380,10240,6234415604,2620922,512,456,212,4,230.861704
1,1,10,"q10_case2",2381,10240,6237036045,2620441,512,454,212,4,231.009841
1,1,10,"q10_case2",2382,10240,6239656936,2620891,512,454,211,4,231.150139
1,1,10,"q10_case2",2383,10240,6242277756,2620820,512,452,210,4,231.293808
1,1,10,"q10_case2",2384,10240,6244898203,2620447,512,452,209,4,231.439377
1,1,10,"q10_case2",2385,10240,6247519077,2620874,512,450,210,4,231.582763
1,1,10,"q10_case2",2386,10240,6250139520,2620443,512,450,207,4,231.716944
1,1,10,"q10_case2",2387,10240,6252760409,2620889,512,450,206,4,231.850582
1,1,10,"q10_case2",2388,10240,6255381061,2620652,512,448,207,4,232.001364
1,1,10,"q10_case2",2389,10240,6258001500,2620439,512,448,206,4,232.146905
1,1,10,"q10_case2",2390,10240,6260622388,2620888,512,446,207,4,232.278881
1,1,10,"q10_case2",2391,10240,6263242820,2620432,512,446,206,4,232.405857
1,1,10,"q10_case2",2392,10240,6265863714,2620894,512,444,207,4,232.534818
1,1,10,"q10_case2",2393,10240,6268484146,2620432,512,444,206,4,232.659581
1,1,10,"q10_case2",2394,10240,6271105036,2620890,512,442,205,4,232.781740
1,1,10,"q10_case2",2395,10240,6273725473,2620437,512,442,204,4,232.923563
1,1,10,"q10_case2",2396,10240,6276346377,2620904,512,440,205,4,233.068352
1,1,10,"q10_case2",2397,10240,6278966812,2620435,512,440,204,4,233.209362
1,1,10,"q10_case2",2398,10240,6281587704,2620892,512,438,204,4,233.343181
1,1,10,"q10_case2",2399,10240,6284208146,2620442,512,438,203,4,233.467847
1,1,10,"q10_case2",2400,10240,6286829038,2620892,512,436,203,4,233.593633
1,1,10,"q10_case2",2401,10240,6289449482,2620444,512,436,202,4,233.717185
1,1,10,"q10_case2",2402,10240,6292070366,2620884,512,436,201,4,233.858728
1,1,10,"q10_case2",2403,10240,6294690806,2620440,512,436,200,4,234.011331
1,1,10,"q10_case2",2404,10240,6297310772,2619966,512,434,201,4,234.150712
1,1,10,"q10_case2",2405,10240,6299930744,2619972,512,434,200,4,234.277108
1,1,10,"q10_case2",2406,10240,6302551641,2620897,512,432,199,4,234.398190
1,1,10,"q10_case2",2407,10240,6305172081,2620440,512,432,198,4,234.535362
1,1,10,"q10_case2",2408,10240,6307792972,2620891,512,430,199,4,234.678258
1,1,10,"q10_case2",2409,10240,6310413406,2620434,512,430,198,4,234.838478
1,1,10,"q10_case2",2410,10240,6313034297,2620891,512,430,197,4,235.004847
1,1,10,"q10_case2",2411,10240,6315654729,2620432,512,430,196,4,235.154356
1,1,10,"q10_case2",2412,10240,6318274986,2620257,512,430,195,4,235.297043
1,1,10,"q10_case2",2413,10240,6320895264,2620278,512,430,194,4,235.436693
1,1,10,"q10_case2",2414,10240,6323515581,2620317,512,430,193,4,235.589747
1,1,10,"q10_case2",2415,10240,6326135884,2620303,512,430,192,4,235.746118
1,1,10,"q10_case2",2416,10240,6328756213,2620329,512,430,191,4,235.907788
1,1,10,"q10_case2",2417,10240,6331376607,2620394,512,428,192,4,236.059890
1,1,10,"q10_case2",2418,10240,6333997023,2620416,512,428,191,4,236.211348
1,1,10,"q10_case2",2419,10240,6336617869,2620846,512,426,192,4,236.366127
1,1,10,"q10_case2",2420,10240,6339238320,2620451,512,424,191,4,236.518883
1,1,10,"q10_case2",2421,10240,6341859223,2620903,512,424,190,4,236.663249
1,1,10,"q10_case2",2422,10240,6344480003,2620780,512,422,191,4,236.818253
1,1,10,"q10_case2",2423,10240,6347100437,2620434,512,420,190,4,236.977583
1,1,10,"q10_case2",2424,10240,6349721329,2620892,512,420,189,4,237.134023
1,1,10,"q10_case2",2425,10240,6352342133,2620804,512,418,190,4,237.291131
1,1,10,"q10_case2",2426,10240,6354962563,2620430,512,418,189,4,237.446079
1,1,10,"q10_case2",2427,10240,6357583457,2620894,512,418,188,4,237.594174
1,1,10,"q10_case2",2428,10240,6360203888,2620431,512,416,190,4,237.753451
1,1,10,"q10_case2",2429,10240,6362824159,2620271,512,416,189,4,237.896581
1,1,10,"q10_case2",2430,10240,6365444942,2620783,512,414,189,4,238.054453
1,1,10,"q10_case2",2431,10240,6368065378,2620436,512,414,188,4,238.201799
1,1,10,"q10_case2",2432,10240,6370686270,2620892,512,412,189,4,238.344332
1,1,10,"q10_case2",2433,10240,6373306711,2620441,512,412,188,4,238.489235
1,1,10,"q10_case2",2434,10240,6375927603,2620892,512,410,189,4,238.643718
1,1,10,"q10_case2",2435,10240,6378548043,2620440,512,410,188,4,238.810259
1,1,10,"q10_case2",2436,10240,6381168941,2620898,512,408,191,4,238.958792
1,1,10,"q10_case2",2437,10240,6383789381,2620440,512,408,190,4,239.096443
1,1,10,"q10_case2",2438,10240,6386410173,2620792,512,406,191,4,239.234403
1,1,10,"q10_case2",2439,10240,6389030603,2620430,512,406,190,4,239.372114
1,1,10,"q10_case2",2440,10240,6391651484,2620881,512,404,190,4,239.525513
1,1,10,"q10_case2",2441,10240,6394271917,2620433,512,404,189,4,239.710452
1,1,10,"q10_case2",2442,10240,6396892693,2620776,512,402,190,4,239.864742
1,1,10,"q10_case2",2443,10240,6399513125,2620432,512,402,189,4,240.038216
1,1,10,"q10_case2",2444,10240,6402134004,2620879,512,400,188,4,240.191606
1,1,10,"q10_case2",2445,10240,6404754446,2620442,512,400,187,4,240.351699
1,1,10,"q10_case2",2446,10240,6407375341,2620895,512,398,188,4,240.489619
1,1,10,"q10_case2",2447,10240,6409995774,2620433,512,398,187,4,240.621659
1,1,10,"q10_case2",2448,10240,6412616670,2620896,512,396,188,4,240.759807
1,1,10,"q10_case2",2449,10240,6415237108,2620438,512,396,187,4,240.894539
1,1,10,"q10_case2",2450,10240,6417858002,2620894,512,394,188,4,241.051871
1,1,10,"q10_case2",2451,10240,6420478429,2620427,512,394,187,4,241.202262
1,1,10,"q10_case2",2452,10240,6423099325,2620896,512,392,189,4,241.345781
1,1,10,"q10_case2",2453,10240,6425719757,2620432,512,392,188,4,241.477136
1,1,10,"q10_case2",2454,10240,6428340644,2620887,512,390,187,4,241.623540
1,1,10,"q10_case2",2455,10240,6430961070,2620426,512,390,186,4,241.759514
1,1,10,"q10_case2",2456,10240,6433581954,2620884,512,388,186,4,241.908461
1,1,10,"q10_case2",2457,10240,6436202380,2620426,512,388,185,4,242.065974
1,1,10,"q10_case2",2458,10240,6438823212,2620832,512,386,185,4,242.212308
1,1,10,"q10_case2",2459,10240,6441443649,2620437,512,386,184,4,242.353859
1,1,10,"q10_case2",2460,10240,6444064531,2620882,512,384,184,4,242.498885
1,1,10,"q10_case2",2461,10240,6446684961,2620430,512,384,183,4,242.643329
1,1,10,"q10_case2",2462,10240,6449305796,2620835,512,382,184,4,242.783193
1,1,10,"q10_case2",2463,10240,6451926224,2620428,512,382,183,4,242.937478
1,1,10,"q10_case2",2464,10240,6454547121,2620897,512,380,182,4,243.093162
1,1,10,"q10_case2",2465,10240,6457167548,2620427,512,380,181,4,243.232674
1,1,10,"q10_case2",2466,10240,6459788382,2620834,512,378,182,4,243.361911
1,1,10,"q10_case2",2467,10240,6462408800,2620418,512,378,181,4,243.495209
1,1,10,"q10_case2",2468,10240,6465029686,2620886,512,376,181,4,243.619988
1,1,10,"q10_case2",2469,10240,6467650109,2620423,512,376,180,4,243.765429
1,1,10,"q10_case2",2470,10240,6470270841,2620732,512,374,179,4,243.915776
1,1,10,"q10_case2",2471,10240,6472891268,2620427,512,374,178,4,244.069424
1,1,10,"q10_case2",2472,10240,6475512140,2620872,512,372,179,4,244.207657
1,1,10,"q10_case2",2473,10240,6478132569,2620429,512,372,178,4,244.333617
1,1,10,"q10_case2",2474,10240,6480753458,2620889,512,372,177,4,244.464454
1,1,10,"q10_case2",2475,10240,6483373884,2620426,512,372,176,4,244.613970
1,1,10,"q10_case2",2476,10240,6485993883,2619999,512,372,175,4,244.784416
1,1,10,"q10_case2",2477,10240,6488613974,2620091,512,372,174,4,244.926746
1,1,10,"q10_case2",2478,10240,6491234268,2620294,512,372,173,4,245.071973
1,1,10,"q10_case2",2479,10240,6493854629,2620361,512,372,172,4,245.212904
1,1,10,"q10_case2",2480,10240,6496475102,2620473,512,372,171,4,245.355325
1,1,10,"q10_case2",2481,10240,6499095629,2620527,512,372,170,4,245.502786
1,1,10,"q10_case2",2482,10240,6501716162,2620533,512,372,169,4,245.650230
1,1,10,"q10_case2",2483,10240,6504336728,2620566,512,372,168,4,245.792032
1,1,10,"q10_case2",2484,10240,6506957194,2620466,512,372,167,4,245.941183
1,1,10,"q10_case2",2485,10240,6509577669,2620475,512,372,166,4,246.075553
1,1,10,"q10_case2",2486,10240,6512198081,2620412,512,372,165,4,246.210630
1,1,10,"q10_case2",2487,10240,6514818522,2620441,512,372,164,4,246.340214
1,1,10,"q10_case2",2488,10240,6517438915,2620393,512,372,163,4,246.486388
1,1,10,"q10_case2",2489,10240,6520059280,2620365,512,372,162,4,246.632603
1,1,10,"q10_case2",2490,10240,6522679628,2620348,512,372,161,4,246.774678
1,1,10,"q10_case2",2491,10240,6525299946,2620318,512,372,160,4,246.905607
1,1,10,"q10_case2",2492,10240,6527920184,2620238,512,372,159,4,247.051382
1,1,10,"q10_case2",2493,10240,6530540493,2620309,512,372,158,4,247.201429
1,1,10,"q10_case2",2494,10240,6533160816,2620323,512,372,157,4,247.326343
1,1,10,"q10_case2",2495,10240,6535781113,2620297,512,372,156,4,247.453557
1,1,10,"q10_case2",2496,10240,6538401510,2620397,512,372,155,4,247.589499
1,1,10,"q10_case2",2497,10240,6541021848,2620338,512,372,154,4,247.744595
1,1,10,"q10_case2",2498,10240,6543642156,2620308,512,372,153,4,247.891056
1,1,10,"q10_case2",2499,10240,6546262432,2620276,512,372,152,4,248.035915
1,1,10,"q10_case2",2500,10240,6548882723,2620291,512,372,151,4,248.183410
1,1,10,"q10_case2",2501,10240,6551502962,2620239,512,372,150,4,248.324375
1,1,10,"q10_case2",2502,10240,6554123190,2620228,512,372,149,4,248.466257
1,1,10,"q10_case2",2503,10240,6556743403,2620213,512,372,148,4,248.616320
1,1,10,"q10_case2",2504,10240,6559363598,2620195,512,372,147,4,248.762888
1,1,10,"q10_case2",2505,10240,6561983722,2620124,512,372,146,4,248.904423
1,1,10,"q10_case2",2506,10240,6564603826,2620104,512,372,145,4,249.042837
1,1,10,"q10_case2",2507,10240,6567223983,2620157,512,372,144,4,249.189861
1,1,10,"q10_case2",2508,10240,6569844189,2620206,512,372,143,4,249.336211
1,1,10,"q10_case2",2509,10240,6572464344,2620155,512,372,142,4,249.492580
1,1,10,"q10_case2",2510,10240,6575084516,2620172,512,372,141,4,249.642022
1,1,10,"q10_case2",2511,10240,6577704626,2620110,512,370,140,4,249.788102
1,1,10,"q10_case2",2512,10240,6580324778,2620152,512,368,139,4,249.944741
1,1,10,"q10_case2",2513,10240,6582945655,2620877,512,368,138,4,250.089780
1,1,10,"q10_case2",2514,10240,6585566112,2620457,512,366,139,4,250.232640
1,1,10,"q10_case2",2515,10240,6588186438,2620326,512,366,138,4,250.369108
1,1,10,"q10_case2",2516,10240,6590807058,2620620,512,364,139,4,250.521344
1,1,10,"q10_case2",2517,10240,6593427569,2620511,512,364,138,4,250.665052
1,1,10,"q10_case2",2518,10240,6596048468,2620899,512,362,138,4,250.809785
1,1,10,"q10_case2",2519,10240,6598668928,2620460,512,362,137,4,250.966487
1,1,10,"q10_case2",2520,10240,6601289823,2620895,512,360,138,4,251.106342
1,1,10,"q10_case2",2521,10240,6603910289,2620466,512,360,137,4,251.246700
1,1,10,"q10_case2",2522,10240,6606531195,2620906,512,358,137,4,251.382385
1,1,10,"q10_case2",2523,10240,6609151673,2620478,512,358,136,4,251.509229
1,1,10,"q10_case2",2524,10240,6611772377,2620704,512,356,137,4,251.669421
1,1,10,"q10_case2",2525,10240,6614392811,2620434,512,356,136,4,251.820017
1,1,10,"q10_case2",2526,10240,6617013706,2620895,512,356,135,4,251.971928
1,1,10,"q10_case2",2527,10240,6619634166,2620460,512,354,136,4,252.112933
1,1,10,"q10_case2",2528,10240,6622254173,2620007,512,354,135,4,252.240958
1,1,10,"q10_case2",2529,10240,6624874779,2620606,512,352,136,4,252.367454
1,1,10,"q10_case2",2530,10240,6627495217,2620438,512,352,135,4,252.504908
1,1,10,"q10_case2",2531,10240,6630116121,2620904,512,350,134,4,252.654768
1,1,10,"q10_case2",2532,10240,6632736583,2620462,512,350,133,4,252.804273
1,1,10,"q10_case2",2533,10240,6635357278,2620695,512,348,134,4,252.960737
1,1,10,"q10_case2",2534,10240,6637977715,2620437,512,346,132,4,253.098340
1,1,10,"q10_case2",2535,10240,6640598617,2620902,512,346,131,4,253.229240
1,1,10,"q10_case2",2536,10240,6643219353,2620736,512,344,132,4,253.361576
1,1,10,"q10_case2",2537,10240,6645839774,2620421,512,344,131,4,253.507947
1,1,10,"q10_case2",2538,10240,6648460677,2620903,512,344,130,4,253.659072
1,1,10,"q10_case2",2539,10240,6651081146,2620469,512,342,131,4,253.810447
1,1,10,"q10_case2",2540,10240,6653701182,2620036,512,342,130,4,253.958630
1,1,10,"q10_case2",2541,10240,6656321767,2620585,512,340,131,4,254.103382
1,1,10,"q10_case2",2542,10240,6658942285,2620518,512,340,130,4,254.244457
1,1,10,"q10_case2",2543,10240,6661563192,2620907,512,340,129,4,254.395143
1,1,10,"q10_case2",2544,10240,6664183657,2620465,512,340,128,4,254.547690
1,1,10,"q10_case2",2545,10240,6666803685,2620028,512,338,129,4,254.699685
1,1,10,"q10_case2",2546,10240,6669423711,2620026,512,338,128,4,254.844400
1,1,10,"q10_case2",2547,10240,6672044235,2620524,512,336,129,4,254.978623
1,1,10,"q10_case2",2548,10240,6674664668,2620433,512,336,128,4,255.111564
1,1,10,"q10_case2",2549,10240,6677285569,2620901,512,334,130,4,255.264213
1,1,10,"q10_case2",2550,10240,6679906026,2620457,512,334,129,4,255.416619
1,1,10,"q10_case2",2551,10240,6682526935,2620909,512,334,128,4,255.568113
1,1,10,"q10_case2",2552,10240,6685147380,2620445,512,332,129,4,255.717020
1,1,10,"q10_case2",2553,10240,6687767383,2620003,512,332,128,4,255.872207
1,1,10,"q10_case2",2554,10240,6690387917,2620534,512,330,129,4,256.009448
1,1,10,"q10_case2",2555,10240,6693008346,2620429,512,330,128,4,256.147767
1,1,10,"q10_case2",2556,10240,6695629236,2620890,512,328,129,4,256.310280
1,1,10,"q10_case2",2557,10240,6698249681,2620445,512,328,128,4,256.465063
1,1,10,"q10_case2",2558,10240,6700870588,2620907,512,326,129,4,256.608485
1,1,10,"q10_case2",2559,10240,6703491032,2620444,512,326,128,4,256.749749
1,1,10,"q10_case2",2560,10240,6706111942,2620910,512,324,130,4,256.893539
1,1,10,"q10_case2",2561,10240,6708732384,2620442,512,324,129,4,257.041285
1,1,10,"q10_case2",2562,10240,6711353025,2620641,512,322,130,4,257.190628
1,1,10,"q10_case2",2563,10240,6713973455,2620430,512,322,128,4,257.343698
1,1,10,"q10_case2",2564,10240,6716594088,2620633,512,322,127,4,257.485178
1,1,10,"q10_case2",2565,10240,6719214645,2620557,512,320,130,4,257.628905
1,1,10,"q10_case2",2566,10240,6721834820,2620175,512,320,129,4,257.762701
1,1,10,"q10_case2",2567,10240,6724455451,2620631,512,320,126,4,257.888831
1,1,10,"q10_case2",2568,10240,6727075879,2620428,512,318,128,4,258.020837
1,1,10,"q10_case2",2569,10240,6729696016,2620137,512,318,127,4,258.159429
1,1,10,"q10_case2",2570,10240,6732316915,2620899,512,316,128,4,258.305476
1,1,10,"q10_case2",2571,10240,6734937346,2620431,512,316,127,4,258.453995
1,1,10,"q10_case2",2572,10240,6737557970,2620624,512,314,129,4,258.586506
1,1,10,"q10_case2",2573,10240,6740178421,2620451,512,312,128,4,258.735448
1,1,10,"q10_case2",2574,10240,6742799037,2620616,512,312,127,4,258.882344
1,1,10,"q10_case2",2575,10240,6745419487,2620450,512,310,128,4,259.028345
1,1,10,"q10_case2",2576,10240,6748039813,2620326,512,310,126,4,259.164508
1,1,10,"q10_case2",2577,10240,6750660421,2620608,512,310,125,4,259.299452
1,1,10,"q10_case2",2578,10240,6753281028,2620607,512,308,128,4,259.446905
1,1,10,"q10_case2",2579,10240,6755901447,2620419,512,308,124,4,259.591127
1,1,10,"q10_case2",2580,10240,6758522061,2620614,512,306,127,4,259.731934
1,1,10,"q10_case2",2581,10240,6761142938,2620877,512,304,125,4,259.866270
1,1,10,"q10_case2",2582,10240,6763763821,2620883,512,304,124,4,260.009302
1,1,10,"q10_case2",2583,10240,6766384268,2620447,512,302,125,4,260.153867
1,1,10,"q10_case2",2584,10240,6769004551,2620283,512,302,124,4,260.310071
1,1,10,"q10_case2",2585,10240,6771625141,2620590,512,302,123,4,260.465224
1,1,10,"q10_case2",2586,10240,6774245591,2620450,512,300,124,4,260.617657
1,1,10,"q10_case2",2587,10240,6776865621,2620030,512,300,123,4,260.757399
1,1,10,"q10_case2",2588,10240,6779486058,2620437,512,300,122,4,260.898050
1,1,10,"q10_case2",2589,10240,6782106484,2620426,512,300,121,4,261.045816
1,1,10,"q10_case2",2590,10240,6784726474,2619990,512,300,120,4,261.195828
1,1,10,"q10_case2",2591,10240,6787346222,2619748,512,300,119,4,261.337842
1,1,10,"q10_case2",2592,10240,6789966095,2619873,512,300,118,4,261.489513
1,1,10,"q10_case2",2593,10240,6792585997,2619902,512,300,117,4,261.640543
1,1,10,"q10_case2",2594,10240,6795205888,2619891,512,300,116,4,261.789959
1,1,10,"q10_case2",2595,10240,6797826001,2620113,512,300,115,4,261.932302
1,1,10,"q10_case2",2596,10240,6800446446,2620445,512,300,114,4,262.074377
1,1,10,"q10_case2",2597,10240,6803066715,2620269,512,300,113,4,262.213164
1,1,10,"q10_case2",2598,10240,6805687058,2620343,512,300,112,4,262.361871
1,1,10,"q10_case2",2599,10240,6808307465,2620407,512,298,113,4,262.517269
1,1,10,"q10_case2",2600,10240,6810927913,2620448,512,298,112,4,262.673807
1,1,10,"q10_case2",2601,10240,6813548394,2620481,512,296,113,4,262.821031
1,1,10,"q10_case2",2602,10240,6816168827,2620433,512,294,112,4,262.967372
1,1,10,"q10_case2",2603,10240,6818789707,2620880,512,294,111,4,263.109203
1,1,10,"q10_case2",2604,10240,6821410221,2620514,512,292,112,4,263.254469
1,1,10,"q10_case2",2605,10240,6824030565,2620344,512,292,111,4,263.400562
1,1,10,"q10_case2",2606,10240,6826651448,2620883,512,290,112,4,263.550786
1,1,10,"q10_case2",2607,10240,6829271884,2620436,512,290,111,4,263.698321
1,1,10,"q10_case2",2608,10240,6831892775,2620891,512,290,110,4,263.828124
1,1,10,"q10_case2",2609,10240,6834513197,2620422,512,290,109,4,263.962491
1,1,10,"q10_case2",2610,10240,6837133220,2620023,512,288,110,4,264.093652
1,1,10,"q10_case2",2611,10240,6839752807,2619587,512,288,109,4,264.243882
1,1,10,"q10_case2",2612,10240,6842373055,2620248,512,286,110,4,264.394545
1,1,10,"q10_case2",2613,10240,6844993485,2620430,512,284,109,4,264.538358
1,1,10,"q10_case2",2614,10240,6847614392,2620907,512,284,108,4,264.690364
1,1,10,"q10_case2",2615,10240,6850234654,2620262,512,282,109,4,264.833480
1,1,10,"q10_case2",2616,10240,6852854912,2620258,512,280,107,4,264.989993
1,1,10,"q10_case2",2617,10240,6855475819,2620907,512,280,106,4,265.144607
1,1,10,"q10_case2",2618,10240,6858096098,2620279,512,280,105,4,265.288397
1,1,10,"q10_case2",2619,10240,6860716349,2620251,512,280,104,4,265.436152
1,1,10,"q10_case2",2620,10240,6863336355,2620006,512,280,103,4,265.589276
1,1,10,"q10_case2",2621,10240,6865955944,2619589,512,280,102,4,265.728827
1,1,10,"q10_case2",2622,10240,6868575111,2619167,512,280,101,4,265.874079
1,1,10,"q10_case2",2623,10240,6871193874,2618763,512,280,100,4,266.045923
1,1,10,"q10_case2",2624,10240,6873812951,2619077,512,278,102,4,266.196440
1,1,10,"q10_case2",2625,10240,6876432320,2619369,512,278,101,4,266.338527
1,1,10,"q10_case2",2626,10240,6879053238,2620918,512,276,101,4,266.491373
1,1,10,"q10_case2",2627,10240,6881673673,2620435,512,276,100,4,266.646408
1,1,10,"q10_case2",2628,10240,6884294543,2620870,512,274,100,4,266.798437
1,1,10,"q10_case2",2629,10240,6886914974,2620431,512,274,99,4,266.980520
1,1,10,"q10_case2",2630,10240,6889535843,2620869,512,272,102,4,267.161199
1,1,10,"q10_case2",2631,10240,6892156277,2620434,512,272,101,4,267.331356
1,1,10,"q10_case2",2632,10240,6894777165,2620888,512,270,100,4,267.517088
1,1,10,"q10_case2",2633,10240,6897397597,2620432,512,270,99,4,267.693130
1,1,10,"q10_case2",2634,10240,6900018454,2620857,512,268,101,4,267.850466
1,1,10,"q10_case2",2635,10240,6902638875,2620421,512,268,100,4,267.999268
1,1,10,"q10_case2",2636,10240,6905259379,2620504,512,266,101,4,268.155861
1,1,10,"q10_case2",2637,10240,6907879863,2620484,512,266,99,4,268.336804
1,1,10,"q10_case2",2638,10240,6910500425,2620562,512,264,100,4,268.503433
1,1,10,"q10_case2",2639,10240,6913121109,2620684,512,264,99,4,268.653947
1,1,10,"q10_case2",2640,10240,6915741972,2620863,512,262,98,4,268.802585
1,1,10,"q10_case2",2641,10240,6918362488,2620516,512,262,97,4,268.962408
1,1,10,"q10_case2",2642,10240,6920983354,2620866,512,260,98,4,269.117821
1,1,10,"q10_case2",2643,10240,6923603775,2620421,512,260,97,4,269.275655
1,1,10,"q10_case2",2644,10240,6926224254,2620479,512,260,96,4,269.418658
1,1,10,"q10_case2",2645,10240,6928844677,2620423,512,260,95,4,269.553088
1,1,10,"q10_case2",2646,10240,6931464652,2619975,512,260,94,4,269.697690
1,1,10,"q10_case2",2647,10240,6934084187,2619535,512,260,93,4,269.849545
1,1,10,"q10_case2",2648,10240,6936703270,2619083,512,260,92,4,270.010169
1,1,10,"q10_case2",2649,10240,6939322742,2619472,512,260,91,4,270.155063
1,1,10,"q10_case2",2650,10240,6941942681,2619939,512,260,91,4,270.296388
1,1,10,"q10_case2",2651,10240,6944562922,2620241,512,260,91,4,270.439506
1,1,10,"q10_case2",2652,10240,6947183200,2620278,512,260,90,4,270.608632
1,1,10,"q10_case2",2653,10240,6949803883,2620683,512,260,90,4,270.765847
1,1,10,"q10_case2",2654,10240,6952424336,2620453,512,258,91,4,270.913511
1,1,10,"q10_case2",2655,10240,6955044754,2620418,512,258,90,4,271.053243
1,1,10,"q10_case2",2656,10240,6957665668,2620914,512,256,91,4,271.227296
1,1,10,"q10_case2",2657,10240,6960286101,2620433,512,256,90,4,271.415002
1,1,10,"q10_case2",2658,10240,6962906977,2620876,512,256,89,4,271.589434
1,1,10,"q10_case2",2659,10240,6965527414,2620437,512,254,89,4,271.766134
1,1,10,"q10_case2",2660,10240,6968147895,2620481,512,254,89,4,271.936449
1,1,10,"q10_case2",2661,10240,6970768779,2620884,512,252,89,4,272.113043
1,1,10,"q10_case2",2662,10240,6973389408,2620629,512,252,88,4,272.300444
1,1,10,"q10_case2",2663,10240,6976010320,2620912,512,252,88,4,272.487011
1,1,10,"q10_case2",2664,10240,6978630808,2620488,512,250,88,4,272.668915
1,1,10,"q10_case2",2665,10240,6981251290,2620482,512,250,87,4,272.820212
1,1,10,"q10_case2",2666,10240,6983872203,2620913,512,248,88,4,272.985612
1,1,10,"q10_case2",2667,10240,6986492656,2620453,512,248,87,4,273.161397
1,1,10,"q10_case2",2668,10240,6989113534,2620878,512,246,88,4,273.348819
1,1,10,"q10_case2",2669,10240,6991733974,2620440,512,246,87,4,273.524624
1,1,10,"q10_case2",2670,10240,6994354860,2620886,512,246,86,4,273.682857
1,1,10,"q10_case2",2671,10240,6996975288,2620428,512,246,85,4,273.843449
1,1,10,"q10_case2",2672,10240,6999595366,2620078,512,246,85,4,274.023996
1,1,10,"q10_case2",2673,10240,7002215634,2620268,512,244,87,4,274.196067
1,1,10,"q10_case2",2674,10240,7004835962,2620328,512,244,85,4,274.377725
1,1,10,"q10_case2",2675,10240,7007456683,2620721,512,242,85,4,274.553443
1,1,10,"q10_case2",2676,10240,7010077354,2620671,512,242,84,4,274.730751
1,1,10,"q10_case2",2677,10240,7012698234,2620880,512,240,85,4,274.868023
1,1,10,"q10_case2",2678,10240,7015318689,2620455,512,240,84,4,275.014708
1,1,10,"q10_case2",2679,10240,7017939568,2620879,512,238,85,4,275.178038
1,1,10,"q10_case2",2680,10240,7020560113,2620545,512,236,84,4,275.351861
1,1,10,"q10_case2",2681,10240,7023180997,2620884,512,234,82,4,275.523676
1,1,10,"q10_case2",2682,10240,7025801491,2620494,512,234,81,4,275.678966
1,1,10,"q10_case2",2683,10240,7028422086,2620595,512,232,80,4,275.828873
1,1,10,"q10_case2",2684,10240,7031042543,2620457,512,232,79,4,276.007861
1,1,10,"q10_case2",2685,10240,7033663431,2620888,512,230,81,4,276.175858
1,1,10,"q10_case2",2686,10240,7036283903,2620472,512,230,80,4,276.354625
1,1,10,"q10_case2",2687,10240,7038904783,2620880,512,228,81,4,276.513881
1,1,10,"q10_case2",2688,10240,7041525245,2620462,512,228,80,4,276.666505
1,1,10,"q10_case2",2689,10240,7044146116,2620871,512,226,81,4,276.828085
1,1,10,"q10_case2",2690,10240,7046766566,2620450,512,226,80,4,277.028948
1,1,10,"q10_case2",2691,10240,7049387074,2620508,512,226,79,4,277.211519
1,1,10,"q10_case2",2692,10240,7052007514,2620440,512,224,78,4,277.407857
1,1,10,"q10_case2",2693,10240,7054627645,2620131,512,222,81,4,277.576380
1,1,10,"q10_case2",2694,10240,7057248454,2620809,512,222,80,4,277.755955
1,1,10,"q10_case2",2695,10240,7059868898,2620444,512,222,79,4,277.927311
1,1,10,"q10_case2",2696,10240,7062489324,2620426,512,220,78,4,278.114631
1,1,10,"q10_case2",2697,10240,7065109468,2620144,512,220,77,4,278.295666
1,1,10,"q10_case2",2698,10240,7067729783,2620315,512,220,76,4,278.468807
1,1,10,"q10_case2",2699,10240,7070350163,2620380,512,220,76,4,278.646013
1,1,10,"q10_case2",2700,10240,7072970600,2620437,512,218,77,4,278.809012
1,1,10,"q10_case2",2701,10240,7075591027,2620427,512,218,76,4,278.979114
1,1,10,"q10_case2",2702,10240,7078211898,2620871,512,216,78,4,279.150483
1,1,10,"q10_case2",2703,10240,7080832359,2620461,512,214,76,4,279.334498
1,1,10,"q10_case2",2704,10240,7083452911,2620552,512,214,75,4,279.522033
1,1,10,"q10_case2",2705,10240,7086073574,2620663,512,214,74,4,279.709133
1,1,10,"q10_case2",2706,10240,7088694019,2620445,512,212,75,4,279.884147
1,1,10,"q10_case2",2707,10240,7091314276,2620257,512,212,74,4,280.067196
1,1,10,"q10_case2",2708,10240,7093935160,2620884,512,210,74,4,280.256128
1,1,10,"q10_case2",2709,10240,7096555617,2620457,512,208,74,4,280.433910
1,1,10,"q10_case2",2710,10240,7099176498,2620881,512,208,73,4,280.602665
1,1,10,"q10_case2",2711,10240,7101797084,2620586,512,206,72,4,280.756685
1,1,10,"q10_case2",2712,10240,7104417519,2620435,512,206,71,4,280.922744
1,1,10,"q10_case2",2713,10240,7107038007,2620488,512,204,72,4,281.106807
1,1,10,"q10_case2",2714,10240,7109658408,2620401,512,204,71,4,281.291699
1,1,10,"q10_case2",2715,10240,7112278902,2620494,512,204,70,4,281.462125
1,1,10,"q10_case2",2716,10240,7114899345,2620443,512,204,69,4,281.630775
1,1,10,"q10_case2",2717,10240,7117519543,2620198,512,202,70,4,281.794195
1,1,10,"q10_case2",2718,10240,7120139871,2620328,512,202,69,4,281.981914
1,1,10,"q10_case2",2719,10240,7122760389,2620518,512,202,68,4,282.169544
1,1,10,"q10_case2",2720,10240,7125380850,2620461,512,202,68,4,282.354138
1,1,10,"q10_case2",2721,10240,7128001051,2620201,512,202,68,4,282.537858
1,1,10,"q10_case2",2722,10240,7130621340,2620289,512,202,67,4,282.716944
1,1,10,"q10_case2",2723,10240,7133241981,2620641,512,202,67,4,282.879307
1,1,10,"q10_case2",2724,10240,7135862608,2620627,512,202,67,4,283.047366
1,1,10,"q10_case2",2725,10240,7138483008,2620400,512,202,66,4,283.239377
1,1,10,"q10_case2",2726,10240,7141103650,2620642,512,202,66,4,283.426127
1,1,10,"q10_case2",2727,10240,7143724282,2620632,512,202,66,4,283.590888
1,1,10,"q10_case2",2728,10240,7146344626,2620344,512,202,66,4,283.757985
1,1,10,"q10_case2",2729,10240,7148965307,2620681,512,202,66,4,283.904442
1,1,10,"q10_case2",2730,10240,7151585770,2620463,512,202,66,4,284.096961
1,1,10,"q10_case2",2731,10240,7154205857,2620087,512,202,66,4,284.278296
1,1,10,"q10_case2",2732,10240,7156825916,2620059,512,200,66,4,284.455343
1,1,10,"q10_case2",2733,10240,7159446116,2620200,512,200,65,4,284.631231
1,1,10,"q10_case2",2734,10240,7162066927,2620811,512,200,65,4,284.821813
1,1,10,"q10_case2",2735,10240,7164687383,2620456,512,200,65,4,284.996068
1,1,10,"q10_case2",2736,10240,7167307675,2620292,512,200,64,4,285.191933
1,1,10,"q10_case2",2737,10240,7169928281,2620606,512,200,64,4,285.380578
1,1,10,"q10_case2",2738,10240,7172548931,2620650,512,200,64,4,285.543414
1,1,10,"q10_case2",2739,10240,7175169268,2620337,512,200,64,4,285.702496
1,1,10,"q10_case2",2740,10240,7177790005,2620737,512,200,64,4,285.873785
1,1,10,"q10_case2",2741,10240,7180410450,2620445,512,198,65,4,286.061236
1,1,10,"q10_case2",2742,10240,7183030553,2620103,512,198,64,4,286.243732
1,1,10,"q10_case2",2743,10240,7185650961,2620408,512,196,64,4,286.424025
1,1,10,"q10_case2",2744,10240,7188271412,2620451,512,196,63,4,286.593636
1,1,10,"q10_case2",2745,10240,7190891984,2620572,512,196,63,4,286.742575
1,1,10,"q10_case2",2746,10240,7193512401,2620417,512,196,63,4,286.923674
1,1,10,"q10_case2",2747,10240,7196132899,2620498,512,196,63,4,287.098696
1,1,10,"q10_case2",2748,10240,7198753696,2620797,512,196,63,4,287.264792
1,1,10,"q10_case2",2749,10240,7201374172,2620476,512,196,63,4,287.440213
1,1,10,"q10_case2",2750,10240,7203994547,2620375,512,196,63,4,287.624838
1,1,10,"q10_case2",2751,10240,7206615005,2620458,512,194,63,4,287.802630
1,1,10,"q10_case2",2752,10240,7209235669,2620664,512,194,62,4,287.987360
1,1,10,"q10_case2",2753,10240,7211856561,2620892,512,194,62,4,288.173252
1,1,10,"q10_case2",2754,10240,7214477049,2620488,512,194,62,4,288.354829
1,1,10,"q10_case2",2755,10240,7217097537,2620488,512,194,62,4,288.544961
1,1,10,"q10_case2",2756,10240,7219718334,2620797,512,194,62,4,288.691075
1,1,10,"q10_case2",2757,10240,7222338805,2620471,512,192,64,4,288.850392
1,1,10,"q10_case2",2758,10240,7224959107,2620302,512,192,63,4,289.045593
1,1,10,"q10_case2",2759,10240,7227579567,2620460,512,190,64,4,289.233500
1,1,10,"q10_case2",2760,10240,7230200040,2620473,512,190,63,4,289.401174
1,1,10,"q10_case2",2761,10240,7232820491,2620451,512,190,62,4,289.552920
1,1,10,"q10_case2",2762,10240,7235440934,2620443,512,188,63,4,289.702969
1,1,10,"q10_case2",2763,10240,7238061109,2620175,512,188,62,4,289.873531
1,1,10,"q10_case2",2764,10240,7240681826,2620717,512,188,61,4,290.070181
1,1,10,"q10_case2",2765,10240,7243302245,2620419,512,188,60,4,290.248479
1,1,10,"q10_case2",2766,10240,7245922573,2620328,512,186,61,4,290.399065
1,1,10,"q10_case2",2767,10240,7248542852,2620279,512,186,60,4,290.542359
1,1,10,"q10_case2",2768,10240,7251163320,2620468,512,184,62,4,290.688975
1,1,10,"q10_case2",2769,10240,7253783789,2620469,512,184,61,4,290.870981
1,1,10,"q10_case2",2770,10240,7256404224,2620435,512,182,62,4,291.057637
1,1,10,"q10_case2",2771,10240,7259024660,2620436,512,180,61,4,291.239667
1,1,10,"q10_case2",2772,10240,7261645012,2620352,512,180,60,4,291.407384
1,1,10,"q10_case2",2773,10240,7264265476,2620464,512,178,61,4,291.544262
1,1,10,"q10_case2",2774,10240,7266885661,2620185,512,176,59,4,291.686474
1,1,10,"q10_case2",2775,10240,7269506514,2620853,512,174,58,4,291.867970
1,1,10,"q10_case2",2776,10240,7272126709,2620195,512,174,57,4,292.048461
1,1,10,"q10_case2",2777,10240,7274746916,2620207,512,172,59,4,292.203852
1,1,10,"q10_case2",2778,10240,7277367162,2620246,512,172,58,4,292.353906
1,1,10,"q10_case2",2779,10240,7279987575,2620413,512,172,57,4,292.518231
1,1,10,"q10_case2",2780,10240,7282608012,2620437,512,172,56,4,292.706255
1,1,10,"q10_case2",2781,10240,7285228054,2620042,512,170,56,4,292.878528
1,1,10,"q10_case2",2782,10240,7287848306,2620252,512,170,55,4,293.055425
1,1,10,"q10_case2",2783,10240,7290468954,2620648,512,168,54,4,293.202125
1,1,10,"q10_case2",2784,10240,7293089429,2620475,512,168,54,4,293.352842
1,1,10,"q10_case2",2785,10240,7295710093,2620664,512,166,55,4,293.493475
1,1,10,"q10_case2",2786,10240,7298330553,2620460,512,166,54,4,293.667045
1,1,10,"q10_case2",2787,10240,7300951388,2620835,512,166,54,4,293.836217
1,1,10,"q10_case2",2788,10240,7303572110,2620722,512,164,53,4,294.019043
1,1,10,"q10_case2",2789,10240,7306192753,2620643,512,162,54,4,294.185077
1,1,10,"q10_case2",2790,10240,7308813461,2620708,512,160,52,4,294.343518
1,1,10,"q10_case2",2791,10240,7311434222,2620761,512,160,52,4,294.494227
1,1,10,"q10_case2",2792,10240,7314054662,2620440,512,158,52,4,294.658536
1,1,10,"q10_case2",2793,10240,7316675187,2620525,512,158,51,4,294.832955
1,1,10,"q10_case2",2794,10240,7319296023,2620836,512,156,52,4,295.008434
1,1,10,"q10_case2",2795,10240,7321916511,2620488,512,156,51,4,295.156999
1,1,10,"q10_case2",2796,10240,7324536978,2620467,512,154,52,4,295.305761
1,1,10,"q10_case2",2797,10240,7327157559,2620581,512,154,51,4,295.455784
1,1,10,"q10_case2",2798,10240,7329778193,2620634,512,154,50,4,295.641494
1,1,10,"q10_case2",2799,10240,7332398670,2620477,512,152,50,4,295.821544
1,1,10,"q10_case2",2800,10240,7335019093,2620423,512,152,49,4,296.002347
1,1,10,"q10_case2",2801,10240,7337639965,2620872,512,150,51,4,296.151635
1,1,10,"q10_case2",2802,10240,7340260475,2620510,512,150,50,4,296.336991
1,1,10,"q10_case2",2803,10240,7342881174,2620699,512,148,52,4,296.506394
1,1,10,"q10_case2",2804,10240,7345501653,2620479,512,146,51,4,296.685837
1,1,10,"q10_case2",2805,10240,7348122526,2620873,512,144,49,4,296.870858
1,1,10,"q10_case2",2806,10240,7350742801,2620275,512,144,48,4,297.058396
1,1,10,"q10_case2",2807,10240,7353363240,2620439,512,144,47,4,297.231335
1,1,10,"q10_case2",2808,10240,7355983689,2620449,512,144,47,4,297.407098
1,1,10,"q10_case2",2809,10240,7358604003,2620314,512,144,47,4,297.595941
1,1,10,"q10_case2",2810,10240,7361224538,2620535,512,144,46,4,297.790203
1,1,10,"q10_case2",2811,10240,7363845303,2620765,512,144,46,4,297.969008
1,1,10,"q10_case2",2812,10240,7366466076,2620773,512,144,46,4,298.116598
1,1,10,"q10_case2",2813,10240,7369086647,2620571,512,142,47,4,298.294931
1,1,10,"q10_case2",2814,10240,7371707487,2620840,512,142,46,4,298.471380
1,1,10,"q10_case2",2815,10240,7374328259,2620772,512,140,46,4,298.637375
1,1,10,"q10_case2",2816,10240,7376948859,2620600,512,138,44,4,298.814857
1,1,10,"q10_case2",2817,10240,7379569649,2620790,512,138,44,4,298.975861
1,1,10,"q10_case2",2818,10240,7382190396,2620747,512,138,44,4,299.149460
1,1,10,"q10_case2",2819,10240,7384810888,2620492,512,136,44,4,299.338466
1,1,10,"q10_case2",2820,10240,7387431704,2620816,512,136,44,4,299.523370
1,1,10,"q10_case2",2821,10240,7390052624,2620920,512,134,44,4,299.678983
1,1,10,"q10_case2",2822,10240,7392673176,2620552,512,132,43,4,299.840661
1,1,10,"q10_case2",2823,10240,7395294063,2620887,512,130,42,4,300.027342
1,1,10,"q10_case2",2824,10240,7397914657,2620594,512,130,43,4,300.211167
1,1,10,"q10_case2",2825,10240,7400535163,2620506,512,128,42,4,300.382945
1,1,10,"q10_case2",2826,10240,7403155651,2620488,512,128,41,4,300.577693
1,1,10,"q10_case2",2827,10240,7405776430,2620779,512,128,42,4,300.730998
1,1,10,"q10_case2",2828,10240,7408396915,2620485,512,126,42,4,300.909233
1,1,10,"q10_case2",2829,10240,7411017133,2620218,512,126,41,4,301.090576
1,1,10,"q10_case2",2830,10240,7413637877,2620744,512,126,41,4,301.267273
1,1,10,"q10_case2",2831,10240,7416258405,2620528,512,126,40,4,301.436961
1,1,10,"q10_case2",2832,10240,7418878959,2620554,512,126,41,4,301.614562
1,1,10,"q10_case2",2833,10240,7421499623,2620664,512,126,40,4,301.791817
1,1,10,"q10_case2",2834,10240,7424120155,2620532,512,126,40,4,301.970320
1,1,10,"q10_case2",2835,10240,7426740915,2620760,512,126,40,4,302.158457
1,1,10,"q10_case2",2836,10240,7429361646,2620731,512,124,41,4,302.329567
1,1,10,"q10_case2",2837,10240,7431982487,2620841,512,124,40,4,302.525601
1,1,10,"q10_case2",2838,10240,7434603410,2620923,512,124,41,4,302.694547
1,1,10,"q10_case2",2839,10240,7437223905,2620495,512,124,40,4,302.879197
1,1,10,"q10_case2",2840,10240,7439844349,2620444,512,124,40,4,303.075409
1,1,10,"q10_case2",2841,10240,7442465070,2620721,512,124,40,4,303.251224
1,1,10,"q10_case2",2842,10240,7445085724,2620654,512,122,41,4,303.422105
1,1,10,"q10_case2",2843,10240,7447706531,2620807,512,122,40,4,303.584023
1,1,10,"q10_case2",2844,10240,7450327445,2620914,512,122,41,4,303.731654
1,1,10,"q10_case2",2845,10240,7452947939,2620494,512,122,40,4,303.885405
1,1,10,"q10_case2",2846,10240,7455568378,2620439,512,122,39,4,304.046904
1,1,10,"q10_case2",2847,10240,7458188994,2620616,512,122,40,4,304.201850
1,1,10,"q10_case2",2848,10240,7460809712,2620718,512,122,39,4,304.370189
1,1,10,"q10_case2",2849,10240,7463430268,2620556,512,122,39,4,304.530016
1,1,10,"q10_case2",2850,10240,7466051049,2620781,512,122,39,4,304.684915
1,1,10,"q10_case2",2851,10240,7468671657,2620608,512,122,39,4,304.831486
1,1,10,"q10_case2",2852,10240,7471292483,2620826,512,122,39,4,304.980530
1,1,10,"q10_case2",2853,10240,7473913396,2620913,512,122,39,4,305.124861
1,1,10,"q10_case2",2854,10240,7476534266,2620870,512,122,39,4,305.285773
1,1,10,"q10_case2",2855,10240,7479155149,2620883,512,122,39,4,305.456987
1,1,10,"q10_case2",2856,10240,7481776071,2620922,512,122,39,4,305.610764
1,1,10,"q10_case2",2857,10240,7484396664,2620593,512,122,39,4,305.758342
1,1,10,"q10_case2",2858,10240,7487017506,2620842,512,122,39,4,305.906408
1,1,10,"q10_case2",2859,10240,7489638408,2620902,512,122,39,4,306.060298
1,1,10,"q10_case2",2860,10240,7492259282,2620874,512,122,39,4,306.237467
1,1,10,"q10_case2",2861,10240,7494880153,2620871,512,122,39,4,306.400179
1,1,10,"q10_case2",2862,10240,7497501047,2620894,512,122,39,4,306.560177
1,1,10,"q10_case2",2863,10240,7500121944,2620897,512,122,39,4,306.705574
1,1,10,"q10_case2",2864,10240,7502742841,2620897,512,122,39,4,306.857059
1,1,10,"q10_case2",2865,10240,7505363549,2620708,512,122,39,4,307.014559
1,1,10,"q10_case2",2866,10240,7507984398,2620849,512,122,39,4,307.184723
1,1,10,"q10_case2",2867,10240,7510605296,2620898,512,122,39,4,307.343532
1,1,10,"q10_case2",2868,10240,7513226187,2620891,512,120,40,4,307.493764
1,1,10,"q10_case2",2869,10240,7515846787,2620600,512,118,38,4,307.634592
1,1,10,"q10_case2",2870,10240,7518467667,2620880,512,118,37,4,307.796099
1,1,10,"q10_case2",2871,10240,7521088441,2620774,512,118,38,4,307.969770
1,1,10,"q10_case2",2872,10240,7523708897,2620456,512,118,37,4,308.136371
1,1,10,"q10_case2",2873,10240,7526329054,2620157,512,116,38,4,308.298168
1,1,10,"q10_case2",2874,10240,7528949844,2620790,512,116,37,4,308.443302
1,1,10,"q10_case2",2875,10240,7531570751,2620907,512,114,36,4,308.588337
1,1,10,"q10_case2",2876,10240,7534191117,2620366,512,114,36,4,308.742681
1,1,10,"q10_case2",2877,10240,7536811878,2620761,512,114,35,4,308.902170
1,1,10,"q10_case2",2878,10240,7539432438,2620560,512,114,36,4,309.066833
1,1,10,"q10_case2",2879,10240,7542053172,2620734,512,114,35,4,309.228477
1,1,10,"q10_case2",2880,10240,7544673687,2620515,512,112,36,4,309.383240
1,1,10,"q10_case2",2881,10240,7547294495,2620808,512,112,35,4,309.535029
1,1,10,"q10_case2",2882,10240,7549915277,2620782,512,110,34,4,309.688687
1,1,10,"q10_case2",2883,10240,7552535633,2620356,512,110,35,4,309.846762
1,1,10,"q10_case2",2884,10240,7555156402,2620769,512,110,34,4,310.005724
1,1,10,"q10_case2",2885,10240,7557776865,2620463,512,110,34,4,310.154264
1,1,10,"q10_case2",2886,10240,7560397698,2620833,512,110,35,4,310.297485
1,1,10,"q10_case2",2887,10240,7563018248,2620550,512,110,34,4,310.444363
1,1,10,"q10_case2",2888,10240,7565638707,2620459,512,110,34,4,310.597701
1,1,10,"q10_case2",2889,10240,7568259540,2620833,512,110,35,4,310.754368
1,1,10,"q10_case2",2890,10240,7570880399,2620859,512,108,35,4,310.915398
1,1,10,"q10_case2",2891,10240,7573500880,2620481,512,106,34,4,311.070515
1,1,10,"q10_case2",2892,10240,7576121720,2620840,512,106,33,4,311.221534
1,1,10,"q10_case2",2893,10240,7578742427,2620707,512,106,32,4,311.362844
1,1,10,"q10_case2",2894,10240,7581362773,2620346,512,106,33,4,311.518241
1,1,10,"q10_case2",2895,10240,7583982863,2620090,512,106,32,4,311.678614
1,1,10,"q10_case2",2896,10240,7586603048,2620185,512,106,32,4,311.838561
1,1,10,"q10_case2",2897,10240,7589223794,2620746,512,106,33,4,311.995516
1,1,10,"q10_case2",2898,10240,7591844342,2620548,512,106,32,4,312.142142
1,1,10,"q10_case2",2899,10240,7594464811,2620469,512,106,32,4,312.284245
1,1,10,"q10_case2",2900,10240,7597085663,2620852,512,106,32,4,312.438203
1,1,10,"q10_case2",2901,10240,7599706410,2620747,512,104,33,4,312.597560
1,1,10,"q10_case2",2902,10240,7602327278,2620868,512,102,31,4,312.754752
1,1,10,"q10_case2",2903,10240,7604948180,2620902,512,102,30,4,312.904027
1,1,10,"q10_case2",2904,10240,7607568974,2620794,512,102,31,4,313.053473
1,1,10,"q10_case2",2905,10240,7610189411,2620437,512,100,30,4,313.213570
1,1,10,"q10_case2",2906,10240,7612809519,2620108,512,100,29,4,313.379976
1,1,10,"q10_case2",2907,10240,7615430368,2620849,512,100,30,4,313.540546
1,1,10,"q10_case2",2908,10240,7618050798,2620430,512,100,29,4,313.709920
1,1,10,"q10_case2",2909,10240,7620670898,2620100,512,100,29,4,313.859416
1,1,10,"q10_case2",2910,10240,7623291738,2620840,512,100,29,4,314.009882
1,1,10,"q10_case2",2911,10240,7625912119,2620381,512,98,31,4,314.173168
1,1,10,"q10_case2",2912,10240,7628532989,2620870,512,98,30,4,314.336410
1,1,10,"q10_case2",2913,10240,7631153866,2620877,512,98,30,4,314.501561
1,1,10,"q10_case2",2914,10240,7633774320,2620454,512,98,29,4,314.650371
1,1,10,"q10_case2",2915,10240,7636394481,2620161,512,98,30,4,314.795331
1,1,10,"q10_case2",2916,10240,7639014909,2620428,512,96,30,4,314.954186
1,1,10,"q10_case2",2917,10240,7641635398,2620489,512,96,29,4,315.114861
1,1,10,"q10_case2",2918,10240,7644256213,2620815,512,96,29,4,315.275661
1,1,10,"q10_case2",2919,10240,7646876684,2620471,512,96,28,4,315.435518
1,1,10,"q10_case2",2920,10240,7649496844,2620160,512,96,29,4,315.579387
1,1,10,"q10_case2",2921,10240,7652117480,2620636,512,94,31,4,315.727441
1,1,10,"q10_case2",2922,10240,7654737981,2620501,512,94,29,4,315.874922
1,1,10,"q10_case2",2923,10240,7657358809,2620828,512,94,28,4,316.037408
1,1,10,"q10_case2",2924,10240,7659979353,2620544,512,94,29,4,316.196149
1,1,10,"q10_case2",2925,10240,7662599617,2620264,512,94,28,4,316.357335
1,1,10,"q10_case2",2926,10240,7665220024,2620407,512,94,28,4,316.510774
1,1,10,"q10_case2",2927,10240,7667840870,2620846,512,92,28,4,316.666334
1,1,10,"q10_case2",2928,10240,7670461684,2620814,512,92,27,4,316.814976
1,1,10,"q10_case2",2929,10240,7673082556,2620872,512,90,28,4,316.981024
1,1,10,"q10_case2",2930,10240,7675702975,2620419,512,90,27,4,317.144191
1,1,10,"q10_case2",2931,10240,7678323430,2620455,512,88,26,4,317.301363
1,1,10,"q10_case2",2932,10240,7680943989,2620559,512,88,27,4,317.453675
1,1,10,"q10_case2",2933,10240,7683564689,2620700,512,88,26,4,317.601717
1,1,10,"q10_case2",2934,10240,7686185125,2620436,512,88,26,4,317.751738
1,1,10,"q10_case2",2935,10240,7688805965,2620840,512,86,28,4,317.920977
1,1,10,"q10_case2",2936,10240,7691426365,2620400,512,86,27,4,318.083308
1,1,10,"q10_case2",2937,10240,7694047239,2620874,512,86,26,4,318.237779
1,1,10,"q10_case2",2938,10240,7696667683,2620444,512,86,25,4,318.406464
1,1,10,"q10_case2",2939,10240,7699287783,2620100,512,86,26,4,318.566695
1,1,10,"q10_case2",2940,10240,7701907856,2620073,512,86,25,4,318.732646
1,1,10,"q10_case2",2941,10240,7704528119,2620263,512,84,26,4,318.930557
1,1,10,"q10_case2",2942,10240,7707148933,2620814,512,84,25,4,319.130161
1,1,10,"q10_case2",2943,10240,7709769441,2620508,512,82,26,4,319.300923
1,1,10,"q10_case2",2944,10240,7712389898,2620457,512,82,25,4,319.462201
1,1,10,"q10_case2",2945,10240,7715010153,2620255,512,82,26,4,319.625458
1,1,10,"q10_case2",2946,10240,7717630606,2620453,512,82,25,4,319.811515
1,1,10,"q10_case2",2947,10240,7720250641,2620035,512,82,24,4,320.002115
1,1,10,"q10_case2",2948,10240,7722871445,2620804,512,80,25,4,320.180568
1,1,10,"q10_case2",2949,10240,7725492110,2620665,512,80,24,4,320.338241
1,1,10,"q10_case2",2950,10240,7728112732,2620622,512,80,24,4,320.498404
1,1,10,"q10_case2",2951,10240,7730733281,2620549,512,80,24,4,320.657372
1,1,10,"q10_case2",2952,10240,7733353542,2620261,512,80,24,4,320.808327
1,1,10,"q10_case2",2953,10240,7735974375,2620833,512,78,25,4,320.956457
1,1,10,"q10_case2",2954,10240,7738595258,2620883,512,78,24,4,321.100693
1,1,10,"q10_case2",2955,10240,7741216130,2620872,512,76,23,4,321.243890
1,1,10,"q10_case2",2956,10240,7743836876,2620746,512,76,24,4,321.404200
1,1,10,"q10_case2",2957,10240,7746457392,2620516,512,74,23,4,321.573003
1,1,10,"q10_case2",2958,10240,7749077832,2620440,512,72,22,4,321.736113
1,1,10,"q10_case2",2959,10240,7751698570,2620738,512,72,23,4,321.883486
1,1,10,"q10_case2",2960,10240,7754319094,2620524,512,72,22,4,322.032013
1,1,10,"q10_case2",2961,10240,7756939537,2620443,512,72,22,4,322.181958
1,1,10,"q10_case2",2962,10240,7759560350,2620813,512,72,22,4,322.351067
1,1,10,"q10_case2",2963,10240,7762180865,2620515,512,72,22,4,322.514313
1,1,10,"q10_case2",2964,10240,7764801717,2620852,512,72,21,4,322.669977
1,1,10,"q10_case2",2965,10240,7767422612,2620895,512,70,22,4,322.818283
1,1,10,"q10_case2",2966,10240,7770043319,2620707,512,68,21,4,322.970550
1,1,10,"q10_case2",2967,10240,7772663963,2620644,512,68,20,4,323.137412
1,1,10,"q10_case2",2968,10240,7775284665,2620702,512,66,20,4,323.288721
1,1,10,"q10_case2",2969,10240,7777905125,2620460,512,66,19,4,323.438653
1,1,10,"q10_case2",2970,10240,7780525498,2620373,512,64,20,4,323.597309
1,1,10,"q10_case2",2971,10240,7783146033,2620535,512,64,19,4,323.752245
1,1,10,"q10_case2",2972,10240,7785766541,2620508,512,64,20,4,323.895766
1,1,10,"q10_case2",2973,10240,7788386998,2620457,512,64,19,4,324.050076
1,1,10,"q10_case2",2974,10240,7791007027,2620029,512,64,19,4,324.211474
1,1,10,"q10_case2",2975,10240,7793627872,2620845,512,62,19,4,324.375383
1,1,10,"q10_case2",2976,10240,7796248564,2620692,512,62,18,4,324.536043
1,1,10,"q10_case2",2977,10240,7798869442,2620878,512,62,19,4,324.697306
1,1,10,"q10_case2",2978,10240,7801489920,2620478,512,62,19,4,324.850553
1,1,10,"q10_case2",2979,10240,7804110258,2620338,512,62,18,4,325.017332
1,1,10,"q10_case2",2980,10240,7806731108,2620850,512,62,19,4,325.178092
1,1,10,"q10_case2",2981,10240,7809351791,2620683,512,60,19,4,325.346898
1,1,10,"q10_case2",2982,10240,7811972290,2620499,512,60,18,4,325.514100
1,1,10,"q10_case2",2983,10240,7814593182,2620892,512,60,19,4,325.670018
1,1,10,"q10_case2",2984,10240,7817213616,2620434,512,60,18,4,325.814879
1,1,10,"q10_case2",2985,10240,7819833786,2620170,512,60,18,4,325.965411
1,1,10,"q10_case2",2986,10240,7822454256,2620470,512,60,18,4,326.132621
1,1,10,"q10_case2",2987,10240,7825074939,2620683,512,58,19,4,326.295834
1,1,10,"q10_case2",2988,10240,7827695676,2620737,512,58,18,4,326.452782
1,1,10,"q10_case2",2989,10240,7830316573,2620897,512,58,17,4,326.595992
1,1,10,"q10_case2",2990,10240,7832937373,2620800,512,58,17,4,326.741901
1,1,10,"q10_case2",2991,10240,7835557960,2620587,512,58,18,4,326.889389
1,1,10,"q10_case2",2992,10240,7838178492,2620532,512,58,17,4,327.057539
1,1,10,"q10_case2",2993,10240,7840799070,2620578,512,56,17,4,327.231110
1,1,10,"q10_case2",2994,10240,7843419716,2620646,512,56,18,4,327.392564
1,1,10,"q10_case2",2995,10240,7846040612,2620896,512,56,17,4,327.541071
1,1,10,"q10_case2",2996,10240,7848661078,2620466,512,56,17,4,327.703773
1,1,10,"q10_case2",2997,10240,7851281519,2620441,512,56,17,4,327.864760
1,1,10,"q10_case2",2998,10240,7853902091,2620572,512,54,18,4,328.037330
1,1,10,"q10_case2",2999,10240,7856522956,2620865,512,54,17,4,328.189192
1,1,10,"q10_case2",3000,10240,7859143845,2620889,512,54,16,4,328.338951
1,1,10,"q10_case2",3001,10240,7861764555,2620710,512,54,17,4,328.487783
1,1,10,"q10_case2",3002,10240,7864385101,2620546,512,54,17,4,328.654738
1,1,10,"q10_case2",3003,10240,7867005575,2620474,512,54,16,4,328.815777
1,1,10,"q10_case2",3004,10240,7869626427,2620852,512,54,16,4,328.985592
1,1,10,"q10_case2",3005,10240,7872247117,2620690,512,52,19,4,329.131087
1,1,10,"q10_case2",3006,10240,7874867753,2620636,512,50,17,4,329.275672
1,1,10,"q10_case2",3007,10240,7877488320,2620567,512,50,16,4,329.427725
1,1,10,"q10_case2",3008,10240,7880109117,2620797,512,48,17,4,329.592475
1,1,10,"q10_case2",3009,10240,7882729519,2620402,512,48,16,4,329.756507
1,1,10,"q10_case2",3010,10240,7885349745,2620226,512,48,15,4,329.921304
1,1,10,"q10_case2",3011,10240,7887970179,2620434,512,46,18,4,330.078107
1,1,10,"q10_case2",3012,10240,7890590258,2620079,512,46,16,4,330.224948
1,1,10,"q10_case2",3013,10240,7893210619,2620361,512,46,15,4,330.381407
1,1,10,"q10_case2",3014,10240,7895831149,2620530,512,44,16,4,330.549121
1,1,10,"q10_case2",3015,10240,7898451404,2620255,512,42,15,4,330.710897
1,1,10,"q10_case2",3016,10240,7901071688,2620284,512,42,14,4,330.860974
1,1,10,"q10_case2",3017,10240,7903692423,2620735,512,40,15,4,331.013698
1,1,10,"q10_case2",3018,10240,7906312853,2620430,512,40,14,4,331.166047
1,1,10,"q10_case2",3019,10240,7908933049,2620196,512,38,13,4,331.327522
1,1,10,"q10_case2",3020,10240,7911553626,2620577,512,38,12,4,331.497769
1,1,10,"q10_case2",3021,10240,7914174178,2620552,512,38,13,4,331.654653
1,1,10,"q10_case2",3022,10240,7916794567,2620389,512,36,14,4,331.802449
1,1,10,"q10_case2",3023,10240,7919414728,2620161,512,36,13,4,331.953496
1,1,10,"q10_case2",3024,10240,7922035199,2620471,512,36,12,4,332.098100
1,1,10,"q10_case2",3025,10240,7924655671,2620472,512,36,17,3,332.263672
1,1,10,"q10_case2",3026,10240,7927275768,2620097,512,36,16,3,332.436299
1,1,10,"q10_case2",3027,10240,7929896631,2620863,512,36,17,3,332.601142
1,1,10,"q10_case2",3028,10240,7932517081,2620450,512,36,16,3,332.749558
1,1,10,"q10_case2",3029,10240,7935137630,2620549,512,34,17,3,332.894799
1,1,10,"q10_case2",3030,10240,7937758055,2620425,512,34,16,3,333.053878
1,1,10,"q10_case2",3031,10240,7940378892,2620837,512,34,15,3,333.218492
1,1,10,"q10_case2",3032,10240,7942999502,2620610,512,32,14,3,333.379643
1,1,10,"q10_case2",3033,10240,7945619918,2620416,512,32,15,3,333.533858
1,1,10,"q10_case2",3034,10240,7948240557,2620639,512,32,14,3,333.678021
1,1,10,"q10_case2",3035,10240,7950861126,2620569,512,32,13,3,333.833058
1,1,10,"q10_case2",3036,10240,7953481630,2620504,512,30,14,3,334.002816
1,1,10,"q10_case2",3037,10240,7956102183,2620553,512,30,13,3,334.165857
1,1,10,"q10_case2",3038,10240,7958722816,2620633,512,30,13,3,334.317112
1,1,10,"q10_case2",3039,10240,7961343360,2620544,512,28,14,3,334.465759
1,1,10,"q10_case2",3040,10240,7963963794,2620434,512,26,12,3,334.612952
1,1,10,"q10_case2",3041,10240,7966584446,2620652,512,24,11,3,334.777525
1,1,10,"q10_case2",3042,10240,7969204982,2620536,512,22,9,3,334.945668
1,1,10,"q10_case2",3043,10240,7971825306,2620324,512,22,10,3,335.104825
1,1,10,"q10_case2",3044,10240,7974445916,2620610,512,22,9,3,335.254220
1,1,10,"q10_case2",3045,10240,7977066397,2620481,512,20,10,3,335.406584
1,1,10,"q10_case2",3046,10240,7979687077,2620680,512,20,9,3,335.556402
1,1,10,"q10_case2",3047,10240,7982307624,2620547,512,20,8,3,335.720102
1,1,10,"q10_case2",3048,10240,7984928206,2620582,512,20,13,2,335.882120
1,1,10,"q10_case2",3049,10240,7987548656,2620450,512,20,12,2,336.065673
1,1,10,"q10_case2",3050,10240,7990169517,2620861,512,20,11,2,336.213057
1,1,10,"q10_case2",3051,10240,7992790067,2620550,512,20,12,2,336.362387
1,1,10,"q10_case2",3052,10240,7995410651,2620584,512,20,11,2,336.514413
1,1,10,"q10_case2",3053,10240,7998030900,2620249,512,20,10,2,336.680212
1,1,10,"q10_case2",3054,10240,8000651481,2620581,512,18,11,2,336.843898
1,1,10,"q10_case2",3055,10240,8003272202,2620721,512,18,10,2,337.006990
1,1,10,"q10_case2",3056,10240,8005893098,2620896,512,18,9,2,337.154933
1,1,10,"q10_case2",3057,10240,8008513689,2620591,512,18,10,2,337.301813
1,1,10,"q10_case2",3058,10240,8011134069,2620380,512,16,9,2,337.461183
1,1,10,"q10_case2",3059,10240,8013754589,2620520,512,16,8,2,337.628315
1,1,10,"q10_case2",3060,10240,8016375394,2620805,512,16,9,2,337.790607
1,1,10,"q10_case2",3061,10240,8018996212,2620818,512,14,10,2,337.946897
1,1,10,"q10_case2",3062,10240,8021616705,2620493,512,14,9,2,338.093783
1,1,10,"q10_case2",3063,10240,8024237533,2620828,512,12,8,2,338.251106
1,1,10,"q10_case2",3064,10240,8026858073,2620540,512,10,6,2,338.426875
1,1,10,"q10_case2",3065,10240,8029478636,2620563,512,10,7,2,338.593246
1,1,10,"q10_case2",3066,10240,8032099094,2620458,512,10,6,2,338.756171
1,1,10,"q10_case2",3067,10240,8034719616,2620522,512,10,5,2,338.911602
1,1,10,"q10_case2",3068,10240,8037340052,2620436,512,10,10,1,339.069027
1,1,10,"q10_case2",3069,10240,8039960464,2620412,512,8,5,2,339.235821
1,1,10,"q10_case2",3070,10240,8042580869,2620405,512,8,8,1,339.411158
1,1,10,"q10_case2",3071,10240,8045201652,2620783,512,8,5,2,339.573641
1,1,10,"q10_case2",3072,10240,8047822176,2620524,512,6,4,2,339.733485
1,1,10,"q10_case2",3073,10240,8050442488,2620312,512,6,6,1,339.885199
1,1,10,"q10_case2",3074,10240,8053063204,2620716,512,4,4,1,340.052292
1,1,10,"q10_case2",3075,10240,8055683970,2620766,512,4,4,1,340.224495
1,1,10,"q10_case2",3076,10240,8058304683,2620713,512,2,2,1,340.389205
1,1,10,"q10_case2",3077,10240,8060925432,2620749,1,0,0,0,340.544963
