id,total_dist,state_hex,astar_steps,strong_astar_steps,beam_steps,batcher_swaps,batcher_ok,astar_expanded,strong_astar_expanded,beam_expanded,astar_sec,strong_astar_sec,beam_sec,batcher_sec
0,40,0x230769F8CDE541AB,21,21,21,43,1,579315,29911,16870,4.892434,0.205034,0.001865,0.000001
1,36,0x0EC45D21A8736F9B,18,18,18,42,1,309,309,14231,0.001336,0.003106,0.002051,0.000001
2,38,0x4AB3952FD8C071E6,20,20,20,38,1,52529,2381,16146,0.308429,0.016088,0.001860,0.000001
3,34,0xCBF913D5280E64A7,18,18,20,46,1,2824,38874,15727,0.009437,0.321723,0.001630,0.000001
4,32,0xA47D90861B3FC25E,18,18,18,44,1,30836,551,13845,0.105177,0.003153,0.001434,0.000001
5,24,0xAD1F329B6CE57480,17,17,17,41,1,765705,37779,13147,5.183562,0.234457,0.001499,0.000001
6,32,0x3C498FA62E710D5B,16,16,16,34,1,906,236,12130,0.002904,0.001768,0.001548,0.000001
7,36,0x39801CD5EFA64B27,19,19,19,39,1,4005,10760,15023,0.011538,0.059382,0.001499,0.000001
8,28,0xB6D80E5A137FC942,17,17,17,41,1,88475,3154,13092,0.461705,0.018207,0.001422,0.000001
9,34,0x5E38A96B40C7D12F,17,17,17,33,1,7547,4098,13109,0.021793,0.021871,0.001312,0.000001
10,34,0xCFA4597E0B3681D2,18,18,18,38,1,15192,185,14072,0.043305,0.001321,0.001412,0.000001
11,28,0xF5E2198B0AC736D4,16,16,16,36,1,11888,545,12142,0.032351,0.003136,0.001284,0.000001
12,44,0x0AE174628BF35DC9,22,22,22,42,1,2024,2726,17963,0.005192,0.015774,0.001752,0.000001
13,32,0xD729E80FBA1C4536,18,18,18,48,1,107589,3006,13934,0.765069,0.019413,0.001720,0.000001
14,24,0xB8EA917CD25F3640,15,15,15,41,1,15703,1175,11117,0.046150,0.006156,0.001220,0.000001
15,26,0x1DB590A47CFE3682,15,15,17,29,1,1957,3525,13164,0.004654,0.018123,0.001373,0.000001
16,36,0x649BC7A38F1025DE,18,18,20,38,1,18551,6429,15581,0.058088,0.036386,0.001563,0.000001
17,30,0x98762EFDB13CA045,17,17,17,45,1,13823,142,12480,0.039436,0.001086,0.001971,0.000001
18,26,0xB96FA7D4E53C1208,14,14,14,34,1,364,98,10342,0.001796,0.000987,0.001690,0.000001
19,34,0x8954A67B0DE2FC13,17,17,19,35,1,18,18,14907,0.000450,0.000539,0.002295,0.000001
20,32,0x9EF58D01C23B6A47,17,17,17,45,1,1861,17476,13196,0.005316,0.109320,0.001335,0.000001
21,36,0xA50F8D713E4BC629,20,20,20,40,1,854480,21987,15626,7.978510,0.189077,0.001649,0.000001
22,34,0xE3B6904D582A7C1F,18,18,18,38,1,36203,19,13890,0.213781,0.000436,0.001467,0.000001
23,30,0xC2A95E1086BD37F4,17,17,17,37,1,19612,593,13135,0.069935,0.003489,0.001373,0.000001
24,30,0xC23BF910DE8675A4,16,16,16,42,1,281,63,12004,0.000975,0.000627,0.001195,0.000001
25,32,0xBAF08463D5CE9172,18,18,18,42,1,57588,699,13802,0.292113,0.004881,0.001328,0.000001
26,24,0x9C7A83F15640BED2,15,15,15,39,1,20017,234,11176,0.059338,0.002196,0.001627,0.000001
27,28,0xFC348D09267AB1E5,15,15,15,43,1,330,918,11364,0.001311,0.008135,0.001845,0.000001
28,36,0x1FE50836A92CD7B4,19,19,19,45,1,45920,28384,14653,0.299349,0.247246,0.002015,0.000001
29,32,0x89065A437EFDBC21,16,16,16,34,1,901,1195,12266,0.003399,0.007760,0.001480,0.000001
30,28,0xF5DEB1A639807C24,16,16,16,40,1,10853,351,12110,0.037161,0.002008,0.001332,0.000001
31,30,0xB479F1D8A036CE25,17,17,17,39,1,21847,610,13044,0.110573,0.004782,0.001929,0.000001
32,36,0x792D081F45C3EB6A,19,19,19,51,1,11321,4016,15114,0.040337,0.023310,0.001530,0.000001
33,26,0xE748A2DB6C0519F3,15,15,15,37,1,6125,760,11151,0.015202,0.004813,0.001218,0.000001
34,30,0xF54B827AE39D60C1,17,17,17,39,1,24769,374,13053,0.117688,0.002382,0.001319,0.000001
35,24,0xD295B6C830AF7E14,12,12,12,34,1,13,13,8501,0.000336,0.000383,0.001187,0.000001
36,24,0xF7BC523DAE681094,14,14,14,42,1,1176,2405,10336,0.002797,0.012173,0.001155,0.000001
37,32,0x0DEBA83754F962C1,16,16,16,32,1,4012,3176,12344,0.009780,0.017765,0.001218,0.000001
38,28,0x5AD43F82C19E6B07,16,16,16,40,1,9889,345,11976,0.025776,0.001969,0.001334,0.000001
39,30,0xB9C5DF812340A7E6,17,17,17,39,1,22051,337,12696,0.067813,0.002188,0.001293,0.000001
40,36,0x829BC4E760FA3D51,19,19,19,35,1,41001,132335,15403,0.207641,1.435836,0.001973,0.000001
41,30,0xDC601A7B42F95E83,16,16,18,38,1,1362,587,14026,0.004045,0.003329,0.001489,0.000001
42,36,0x5169FA48C03B27ED,19,19,19,39,1,66320,87,15111,0.419426,0.000839,0.001494,0.000001
43,40,0xA063517D9F24BCE8,20,20,22,46,1,72,72,17852,0.000470,0.000707,0.002185,0.000001
44,32,0xB342E0695C781FDA,17,17,17,41,1,3043,6784,13154,0.012469,0.045289,0.001673,0.000001
45,44,0x81530C427DBA69EF,23,23,23,43,1,3290140,77,18633,35.012985,0.002521,0.002341,0.000001
46,32,0x0FBE96C2DA358147,17,17,17,43,1,5851,2129,13025,0.017913,0.011799,0.001387,0.000001
47,34,0xD7906CF142E38BA5,19,19,19,43,1,105818,2007,15063,0.929942,0.011388,0.001602,0.000001
48,36,0x7096FD45A38C21EB,18,18,20,42,1,61,61,15712,0.000439,0.000677,0.001850,0.000001
49,32,0xC5A927B1D6E843F0,17,17,19,29,1,2617,9025,14967,0.005499,0.045418,0.001422,0.000001
50,34,0x659F723BC1EAD840,18,18,18,40,1,4647,17768,14209,0.010636,0.096309,0.001412,0.000001
51,32,0x406D31ECFAB72859,17,17,17,43,1,886,1348,13056,0.002143,0.007332,0.001273,0.000001
52,26,0xB67408DC219E3AF5,16,16,16,42,1,30424,934,11988,0.137231,0.004865,0.001332,0.000001
53,34,0xD2BEC843A019567F,19,19,19,37,1,208136,4829,14463,1.805819,0.027210,0.001497,0.000001
54,34,0xA0172836B59CEFD4,18,18,18,38,1,11376,4744,13817,0.034531,0.024830,0.001368,0.000001
55,30,0xEF321BAC097586D4,17,17,17,39,1,33448,1020,12717,0.143745,0.007993,0.001245,0.000001
56,28,0x8F942B37C60DEA15,15,15,15,45,1,119,1270,11346,0.000550,0.007607,0.001750,0.000001
57,36,0x368BD4CE0FA92571,18,18,20,34,1,9728,5869,15596,0.027822,0.033100,0.001501,0.000001
58,32,0x75D1F04E2A69C3B8,18,18,18,48,1,97836,2716,14019,0.664037,0.015714,0.001493,0.000001
59,32,0x538D9CE26047F1AB,18,18,18,38,1,69919,1493,13818,0.343804,0.008458,0.001871,0.000001
60,32,0x48E016D527F93ACB,18,18,18,40,1,59848,1622,14064,0.316644,0.008237,0.001333,0.000001
61,36,0x92F716ECD08B453A,19,19,21,41,1,18892,24246,16845,0.050216,0.141472,0.001546,0.000001
62,36,0x308164BED792ACF5,20,20,20,40,1,300644,4299,15775,2.281246,0.023330,0.001612,0.000001
63,32,0x9B350FC26A1D78E4,18,18,18,42,1,41452,393,14055,0.149863,0.002261,0.001319,0.000001
64,32,0xDB19508246C3EA7F,18,18,18,44,1,45192,1415,13832,0.257021,0.007625,0.001342,0.000001
65,30,0xB425F6E93CD708A1,16,16,16,36,1,4221,618,12026,0.009240,0.003456,0.001222,0.000001
66,36,0x018E73CA426BFD95,19,19,19,41,1,32580,255,15142,0.169790,0.002340,0.002261,0.000001
67,34,0x864253F079C1DEBA,18,18,18,44,1,12232,1941,14005,0.050870,0.010688,0.001958,0.000001
68,34,0x4A3B8E76D15FC092,17,17,19,39,1,1732,1710,14897,0.004562,0.009705,0.001753,0.000001
69,36,0xC97E25B30F186D4A,19,19,19,43,1,68098,294,14941,0.399257,0.001903,0.001554,0.000001
70,40,0x0BE1473D85F2C69A,20,20,20,44,1,102,102,16020,0.000649,0.000830,0.001524,0.000001
71,32,0xE1BC6430D957A28F,17,17,17,43,1,3613,226,13461,0.008511,0.001512,0.001341,0.000001
72,34,0xC5837BDE69A042F1,17,17,17,33,1,54,54,13205,0.000449,0.000623,0.001329,0.000001
73,28,0xA98DBFE623C41570,16,16,16,32,1,15430,776,12061,0.065625,0.004935,0.001226,0.000001
74,28,0xB0917F8E2CA436D5,17,17,17,37,1,96773,4303,12736,0.639504,0.026642,0.001318,0.000001
75,32,0xC6A1B375FE2840D9,17,17,17,41,1,4626,7493,13309,0.011024,0.042730,0.001340,0.000001
76,32,0x7D9423EB0F8CA165,18,18,18,40,1,57445,1834,13733,0.279148,0.014463,0.002128,0.000001
77,28,0xFC960245B1D7EA38,14,14,14,46,1,15,15,10244,0.000437,0.000537,0.001609,0.000001
78,36,0xC9F2D864A1B7035E,18,18,20,38,1,21,21,15823,0.000467,0.000567,0.002323,0.000001
79,34,0x926F0D38A157ECB4,18,18,18,42,1,32282,3024,14088,0.144994,0.016168,0.001368,0.000001
80,40,0x0746DB5E89A21CF3,21,21,21,37,1,276118,6094,17226,2.236515,0.035005,0.001546,0.000001
81,38,0x76C1350B9A2D84EF,19,19,21,45,1,20,20,16571,0.000357,0.000420,0.001541,0.000001
82,28,0x8F526AB9C3D04E71,15,15,15,33,1,725,16,11174,0.002374,0.000476,0.001464,0.000001
83,34,0x7D5B6C3492E810AF,17,17,17,39,1,668,589,13045,0.001804,0.003320,0.001367,0.000001
84,40,0x01C7D23FE5B9846A,20,20,22,44,1,6159,5971,17680,0.015154,0.031216,0.001704,0.000001
85,36,0x25B3AD97CF614E08,18,18,18,30,1,601,468,14200,0.001520,0.002729,0.001357,0.000001
86,30,0xB0F639C24E187DA5,16,16,16,40,1,836,2009,11960,0.001924,0.010029,0.001213,0.000001
87,36,0xFD3A6127CE8549B0,18,18,20,42,1,14753,12904,16054,0.042219,0.074709,0.001494,0.000001
88,32,0x14C6EB7AD3892F05,17,17,17,31,1,3271,3875,13033,0.007474,0.019757,0.001304,0.000001
89,38,0x4C3865DF297A01BE,19,19,19,39,1,196,176,14813,0.000721,0.001243,0.001414,0.000001
90,40,0x19A257F06D4BC83E,21,21,23,43,1,707545,24,18504,5.532532,0.000528,0.001886,0.000001
91,32,0x7EA35D821FC9B046,18,18,18,36,1,51396,692,14140,0.243754,0.003754,0.001364,0.000001
92,26,0x2EFD6CA81579304B,16,16,16,36,1,18335,915,12306,0.045845,0.004633,0.001269,0.000001
93,36,0xA0BD1E728F5349C6,19,19,19,43,1,43301,21941,15142,0.212651,0.134552,0.001404,0.000001
94,30,0x3279A8F1EC4D0B65,19,19,19,45,1,1359699,52783,14660,10.214410,0.383689,0.001419,0.000001
95,26,0xD840FBA569EC3712,14,14,14,32,1,269,737,10255,0.000827,0.003958,0.001079,0.000001
96,26,0xC0D1E798F42AB356,14,14,14,44,1,348,850,10498,0.000976,0.004478,0.001094,0.000001
97,32,0x7FACE03D81B46925,18,18,18,44,1,63283,1613,14378,0.302125,0.008741,0.001345,0.000001
98,30,0xE8B9427F56D30C1A,16,16,16,44,1,904,27,12128,0.002085,0.000463,0.001213,0.000001
99,32,0x0741BAF6C2583DE9,17,17,17,37,1,6570,19,13202,0.015438,0.000418,0.001290,0.000001
100,34,0x9BC8FD4320A75E61,17,17,17,33,1,6533,2048,13080,0.015456,0.010236,0.001271,0.000001
101,24,0x3E5D6709F28C1AB4,13,13,13,39,1,507,14,9200,0.001219,0.000391,0.001048,0.000001
102,30,0xE43057C816FBA2D9,16,16,16,36,1,651,255,12367,0.001556,0.001555,0.001219,0.000000
103,34,0x26139ADCE58B047F,18,18,18,34,1,31871,311,13927,0.109373,0.001918,0.001337,0.000001
104,32,0xACE326FB4D975081,19,19,19,39,1,377024,13751,14819,2.663981,0.071932,0.001409,0.000001
105,36,0x94A7CB1E65830DF2,18,18,18,38,1,7996,6036,13948,0.019475,0.035978,0.001326,0.000001
106,32,0x61E7A38D4F0CB529,16,16,16,40,1,29,29,12077,0.000365,0.000474,0.001195,0.000000
107,36,0xA9F85261EDB7C403,19,19,19,41,1,9292,3617,15093,0.025312,0.019427,0.001451,0.000001
108,32,0xF43CE58D972B60A1,17,17,17,39,1,1110,5214,13161,0.002520,0.026109,0.001298,0.000001
109,30,0xDE3F925C0BA48761,16,16,16,40,1,5947,341,12235,0.014039,0.002146,0.001214,0.000001
110,36,0xA581C497B62ED0F3,19,19,19,41,1,23998,8125,15182,0.076487,0.044065,0.001524,0.000001
111,32,0xB2317AF065D9C8E4,18,18,18,38,1,52127,1849,13948,0.252245,0.009858,0.001349,0.000001
112,28,0x37D9C2BE1A6850F4,17,17,17,33,1,135584,5551,12787,0.783432,0.028762,0.001359,0.000001
113,38,0x2C70456BDA18EF39,20,20,20,38,1,77529,26396,16091,0.408695,0.166179,0.001507,0.000001
114,26,0x9D8CA4FB71E06352,14,14,16,40,1,358,1120,12067,0.001029,0.005888,0.001201,0.000001
115,34,0xF76A450C39D28E1B,17,17,17,43,1,126,126,13240,0.000589,0.000971,0.001290,0.000001
116,38,0x2174086AEBF95D3C,19,19,21,41,1,6544,6542,16579,0.016158,0.034374,0.001521,0.000001
117,30,0xC8F25694EB70AD13,16,16,16,38,1,3576,554,12102,0.008532,0.003137,0.001213,0.000001
118,34,0xFA27D0C51B36E489,19,19,19,45,1,135625,4592,14696,0.851654,0.024661,0.001494,0.000001
119,30,0xE4FB2D6A31789C50,16,16,16,38,1,688,1255,12265,0.001732,0.006973,0.001214,0.000001
120,32,0xB8E713205F96AD4C,17,17,17,43,1,2775,2481,13098,0.006499,0.012474,0.001300,0.000001
121,34,0x0AE19F4B2D586C37,17,17,17,39,1,518,366,13162,0.001380,0.002118,0.001283,0.000001
122,36,0x76C0E5A294B381DF,19,19,19,41,1,19412,12981,15103,0.063801,0.071319,0.001439,0.000001
123,36,0x605A7DF382E419CB,19,19,19,41,1,10615,6052,14807,0.029941,0.032349,0.001409,0.000001
124,38,0xD4102965B3A7ECF8,20,20,20,38,1,90208,93,16051,0.598459,0.000833,0.001472,0.000001
125,34,0x0C2A593FB7DE4681,17,17,17,35,1,1124,1054,13166,0.002545,0.005592,0.001268,0.000001
126,28,0xAF18EB094CD35726,15,15,15,41,1,1092,518,10819,0.002499,0.002777,0.001122,0.000001
127,40,0xAC870E65B1394F2D,21,21,21,45,1,222004,1120,16576,1.718992,0.006428,0.001839,0.000001
128,34,0xA5C18E7F246390BD,17,17,17,39,1,149,147,13178,0.000655,0.001100,0.001407,0.000001
129,34,0x198F0B4DCE25736A,19,19,19,43,1,177658,4680,14992,1.121550,0.024803,0.001417,0.000001
130,32,0xC6B248AF97D013E5,18,18,18,40,1,71774,1445,13885,0.353744,0.007727,0.001324,0.000001
131,22,0x1E7CA9D8F3B45062,12,12,12,34,1,393,15,8524,0.001027,0.000395,0.000947,0.000001
132,38,0x51FC0B674A23E8D9,19,19,19,47,1,20,20,15202,0.000356,0.000425,0.001391,0.000001
133,36,0xB32C954D71806FAE,19,19,21,41,1,21886,9159,17058,0.074657,0.052397,0.001575,0.000001
134,30,0x9B356F8C04E27AD1,16,16,16,40,1,1496,2845,12153,0.003473,0.014717,0.001252,0.000001
135,34,0x06A5CF391D7E84B2,19,19,19,39,1,401726,11949,14944,3.419770,0.066391,0.001407,0.000001
136,34,0x39BC56E842A01D7F,17,17,17,39,1,18,18,13033,0.000356,0.000428,0.001356,0.000001
137,34,0x627D1B3980A4CEF5,18,18,18,38,1,13324,816,14019,0.036638,0.004415,0.001392,0.000001
138,30,0xF0827A4D61B53C9E,17,17,17,37,1,36963,1166,13166,0.126069,0.006175,0.001288,0.000001
139,36,0x438F970BD2E6C5A1,18,18,20,44,1,1825,1577,15752,0.004097,0.008368,0.001468,0.000001
140,36,0x7B2F53AE8C0194D6,19,19,19,43,1,13490,2183,15125,0.036392,0.011557,0.001430,0.000001
141,38,0x427FC380B1AE5D69,20,20,20,42,1,122325,2159,15961,0.780096,0.012391,0.001656,0.000001
142,30,0x4FC8E5BD02A71396,17,17,17,37,1,16247,222,12999,0.046008,0.001560,0.001273,0.000001
143,32,0x48BAD3067591F2CE,17,17,19,43,1,1534,170,14962,0.003723,0.001207,0.001412,0.000001
144,28,0x8125F39D760CBA4E,15,15,15,45,1,597,79,11415,0.001507,0.000751,0.001146,0.000000
145,34,0x67B2839D45E0A1CF,19,19,19,43,1,161965,4410,14836,1.010217,0.024244,0.001542,0.000001
146,36,0x293F0A8C146BE5D7,18,18,18,42,1,2497,1462,14104,0.006132,0.007719,0.001335,0.000001
147,42,0x782045B1E9CA6DF3,21,21,23,37,1,4782,4750,18022,0.011329,0.024672,0.001647,0.000001
148,28,0x1AF4B789E30D5C62,14,14,14,38,1,123,99,10149,0.000573,0.000826,0.001067,0.000001
149,38,0x28B049637DEAF15C,20,20,22,34,1,31614,35713,17896,0.117098,0.230500,0.001639,0.000001
150,24,0x865EA09473B1F2DC,14,14,14,44,1,628,241,10555,0.001413,0.001429,0.001341,0.000001
151,24,0x725CB31AF80469DE,12,12,12,44,1,13,13,8564,0.000348,0.000425,0.000940,0.000001
152,24,0xB4358A9ED6F0C712,13,13,13,35,1,82,39,9625,0.000486,0.000552,0.001009,0.000001
153,34,0x6A85F7034E9B2DC1,19,19,19,41,1,225577,4859,14829,1.719069,0.027027,0.001505,0.000001
154,34,0x9B42FCA35E87016D,18,18,18,36,1,18905,1105,14031,0.050177,0.005870,0.001345,0.000001
155,36,0xE7AB8041D52F96C3,19,19,21,45,1,21388,3903,16793,0.067479,0.020006,0.001549,0.000001
156,34,0x0E14B73268FACD59,19,19,19,39,1,150031,2714,15056,0.980161,0.015698,0.001436,0.000001
157,32,0xF49E213758DBA06C,17,17,17,43,1,4629,18,13291,0.012711,0.000421,0.001314,0.000001
158,34,0x74DF1306ACB2E589,17,17,17,43,1,138,62,12955,0.000593,0.000635,0.001278,0.000001
159,34,0xB5EC03A71482D6F9,17,17,17,39,1,1219,800,13127,0.003536,0.004333,0.001268,0.000001
160,32,0x2B746A1FD0C853E9,18,18,18,38,1,47246,1131,14103,0.219876,0.005968,0.001364,0.000001
161,36,0x29458C61E370FDBA,20,20,20,36,1,559917,10576,15936,4.425980,0.063555,0.001454,0.000001
162,28,0x9C521AB80D74E36F,15,15,15,31,1,962,16,11433,0.002172,0.000394,0.001139,0.000000
163,34,0xE12AC9D4B73680F5,18,18,18,38,1,6218,23084,14129,0.014802,0.137946,0.001551,0.000001
164,34,0x1A3F7684CE2095BD,18,18,18,42,1,4554,2038,13896,0.010328,0.011571,0.001334,0.000001
165,26,0x9FEC8A14BD625703,16,16,16,36,1,30694,1338,11996,0.088088,0.008503,0.001174,0.000001
166,22,0x6ED4C198523BFA70,13,13,13,39,1,1146,70,9502,0.002374,0.000694,0.001000,0.000000
167,24,0x6FDC79024E5A1B83,15,15,15,37,1,22376,1837,11164,0.066052,0.009929,0.001141,0.000001
168,34,0x93068FA1D2E7B4C5,18,18,18,46,1,8213,3292,14131,0.019444,0.020762,0.001355,0.000001
169,34,0x0DA8FE36CB251479,17,17,19,45,1,6189,2544,14963,0.014920,0.013418,0.001418,0.000001
170,34,0x82E06D14A7C59BF3,18,18,20,40,1,8979,42,15853,0.022016,0.000554,0.001554,0.000001
171,26,0xCEF67A0931D285B4,15,15,15,43,1,10113,566,11196,0.025409,0.003281,0.001147,0.000001
172,36,0xEFA795642B031CD8,18,18,20,38,1,6139,5727,15855,0.014843,0.029496,0.001467,0.000001
173,36,0x89BF7251CDEA6043,20,20,20,40,1,301682,8886,15957,2.160736,0.049258,0.001484,0.000001
174,32,0x285AF01DE7B9436C,18,18,18,44,1,93337,1210,13939,0.580316,0.006968,0.001482,0.000001
175,32,0xAF3BE18D46297C05,17,17,17,41,1,5587,1984,12971,0.015097,0.010261,0.001375,0.000001
176,34,0xEC7140A6985DF32B,18,18,20,46,1,3390,10575,15915,0.007879,0.059293,0.001493,0.000001
177,34,0xA0ED62489517CF3B,18,18,18,36,1,6057,2153,14071,0.014688,0.011243,0.001366,0.000001
178,30,0x3FC6ADBE09421857,17,17,19,37,1,16645,111,14833,0.045371,0.000904,0.001410,0.000001
179,30,0x85FCED24169B730A,15,15,15,37,1,16,16,11349,0.000397,0.000412,0.001163,0.000001
180,36,0x478E5C329B6D0FA1,19,19,19,37,1,46707,2348,15037,0.228026,0.013195,0.001422,0.000001
181,30,0xB5C1D98EA04F7623,17,17,17,41,1,44070,1312,12883,0.271442,0.009910,0.001851,0.000001
182,36,0x64378DC50291FEBA,19,19,19,37,1,12915,2979,15182,0.045748,0.023994,0.002745,0.000001
183,34,0xD13E79B628F05C4A,19,19,19,39,1,251832,4615,14902,2.258354,0.028531,0.002534,0.000001
184,34,0xA2C9F63B40185DE7,18,18,18,42,1,10232,43543,14083,0.045871,0.463125,0.001571,0.000001
185,34,0x4C1D8E572390AF6B,19,19,19,41,1,72651,936,14791,0.353341,0.006836,0.001704,0.000001
186,36,0xF7629480A1BCD5E3,20,20,20,40,1,378395,9736,16129,3.491126,0.061819,0.001586,0.000001
187,34,0x78EB0DF952A3C416,17,17,19,39,1,2822,2311,14773,0.006589,0.011883,0.001508,0.000001
188,36,0x14B9AD06F5E283C7,19,19,19,37,1,23670,10307,14783,0.094124,0.068513,0.001426,0.000001
189,34,0x43697C58EA20FD1B,18,18,18,34,1,5900,12337,14107,0.014631,0.071411,0.001471,0.000001
190,38,0x147D5630E82A9BCF,19,19,19,43,1,32974,14632,15180,0.128348,0.081979,0.001442,0.000001
191,32,0x4AB08D1F5762CE39,17,17,17,37,1,2266,3097,13015,0.004958,0.019206,0.002021,0.000001
192,34,0xD6840253AF19CB7E,19,19,19,45,1,392654,14305,14796,3.510351,0.093203,0.001413,0.000001
193,34,0x37EBAF1C80265D49,18,18,18,40,1,13105,2235,13898,0.035250,0.011262,0.001360,0.000001
194,32,0xF678CEB50D31492A,17,17,19,31,1,3690,8005,14903,0.008394,0.041255,0.001484,0.000001
195,32,0x7485CBE0A916FD32,17,17,17,43,1,8300,4880,13195,0.020077,0.027149,0.001289,0.000001
196,38,0x146B702DCA53F8E9,20,20,20,44,1,77905,29,15907,0.432679,0.000528,0.001776,0.000001
197,42,0x3C01E9A75B824D6F,22,22,22,38,1,864243,66,17789,8.317787,0.001643,0.002573,0.000001
198,32,0x7D486209F5B3CAE1,18,18,18,40,1,83585,2618,13585,0.448866,0.016160,0.001479,0.000001
199,36,0x9631E472BCFAD085,19,19,19,39,1,26846,9527,14911,0.087864,0.051700,0.001487,0.000001
200,32,0x6EB0CD193FA28574,18,18,18,38,1,22360,476,14048,0.069182,0.002770,0.001350,0.000001
201,30,0xB19CA2876430D5FE,16,16,16,38,1,925,26,12333,0.002173,0.000466,0.001238,0.000001
202,32,0x46BA9C2850E1D73F,17,17,17,35,1,1340,1572,13188,0.003048,0.008357,0.001316,0.000001
203,26,0xF794A2831D560ECB,15,15,15,43,1,4562,109,11150,0.010058,0.000879,0.001159,0.000001
204,38,0xD8B3E4570F1A29C6,19,19,21,39,1,83,71,16684,0.000485,0.000686,0.001556,0.000001
205,32,0x07E5B1CF648AD392,18,18,18,40,1,43451,879,13939,0.213247,0.004608,0.001389,0.000001
206,38,0x70A156B29D3E8FC4,20,20,20,40,1,84219,4509,15925,0.546678,0.024195,0.001626,0.000001
207,30,0x539E6BFA71248C0D,15,15,15,33,1,148,148,11262,0.000635,0.001096,0.001294,0.000001
208,30,0xB9048EF2A637DC51,17,17,17,41,1,9987,359,12777,0.029794,0.001992,0.001256,0.000001
209,36,0xE7A53942801FDCB6,18,18,18,44,1,36,36,13969,0.000413,0.000523,0.001334,0.000001
210,32,0xB5039A4C1E26DF78,16,16,16,36,1,18,18,12390,0.000563,0.000416,0.001223,0.000001
211,30,0x28F6A0B547C1D39E,18,18,18,38,1,167179,4264,14204,1.019926,0.023822,0.001477,0.000001
212,32,0x7DAB4901E3562CF8,17,17,17,37,1,8054,50,12876,0.019640,0.000593,0.001273,0.000001
213,32,0x36092B5478FCE1AD,18,18,18,40,1,132899,5944,13887,0.776265,0.032790,0.001327,0.000001
214,32,0x23E8071F4C59B6DA,17,17,19,45,1,29419,11838,15041,0.095825,0.065477,0.001418,0.000001
215,36,0x58AF710E693B24DC,19,19,19,43,1,30462,20,15037,0.100846,0.000527,0.001515,0.000001
216,34,0xD9F54C3127BA860E,18,18,18,38,1,6228,83,13603,0.015733,0.000716,0.001386,0.000001
217,30,0xDF1A8E056CB29473,18,18,18,44,1,237934,3665,14162,1.668453,0.019745,0.001483,0.000001
218,30,0x9BA12FD360547CE8,17,17,17,39,1,25154,786,13264,0.078267,0.004191,0.001291,0.000001
219,38,0xA13DEF45B702C869,20,20,20,46,1,109801,3298,16052,0.715308,0.018203,0.001623,0.000001
220,28,0xAF930B2DCE657814,16,16,16,40,1,10304,158,12044,0.031426,0.001112,0.001251,0.000001
221,36,0x490ADF5168BEC237,18,18,18,38,1,6309,2466,14222,0.014728,0.012620,0.001405,0.000001
222,44,0x2B0375A6D8C194EF,23,23,23,37,1,4037086,1473,18764,38.096918,0.011949,0.002176,0.000001
223,34,0x6DAF58E7B203149C,17,17,19,39,1,1877,187,14945,0.007481,0.001648,0.002010,0.000001
224,26,0x3F8A6E1954BC207D,15,15,15,39,1,1226,28,11315,0.004757,0.000709,0.001628,0.000001
225,34,0x56A4920387D1ECBF,18,18,18,44,1,15675,19,14016,0.073185,0.000435,0.001348,0.000001
226,30,0xA648912C73F0ED5B,17,17,17,45,1,29337,922,12993,0.102202,0.005019,0.001291,0.000001
227,34,0xF23DA9C5418706EB,17,17,19,33,1,4286,2044,14855,0.009773,0.010388,0.001493,0.000001
228,36,0x3029C4BE1F58D76A,18,18,18,42,1,2959,2532,14503,0.006780,0.013241,0.001383,0.000001
229,38,0x68AF432D05B7EC91,20,20,20,38,1,116663,3294,15692,0.757041,0.018879,0.001621,0.000001
230,32,0x8E60B9A73524F1CD,18,18,18,34,1,47973,1552,14219,0.230206,0.008316,0.001362,0.000001
231,28,0xEF9B06D834C1A527,16,16,16,46,1,18297,944,11965,0.045744,0.004911,0.001192,0.000001
232,40,0x54A0ED7613B98CF2,20,20,20,32,1,71366,52309,15963,0.346295,0.389243,0.001485,0.000001
233,34,0x419E0DBFC2865A37,17,17,19,43,1,665,520,14765,0.001738,0.002847,0.001383,0.000001
234,36,0x905A6723BDF4EC81,19,19,19,35,1,88114,519,14943,0.565891,0.004650,0.002308,0.000001
235,34,0xAE6450C327B91F8D,19,19,19,41,1,281077,8027,15010,2.094052,0.045574,0.001412,0.000001
236,36,0x2B937FCE05AD4816,19,19,19,39,1,35853,1420,14962,0.126785,0.007602,0.001409,0.000001
237,36,0xE934C752FA801D6B,18,18,18,46,1,404,183,14184,0.001101,0.001253,0.001349,0.000001
238,30,0x1FEC265A9873B04D,16,16,16,36,1,1246,17,11991,0.002642,0.000417,0.001330,0.000001
239,44,0x0D3B92F7C1A8456E,23,23,23,41,1,6087439,106,18715,51.917341,0.003914,0.002558,0.000001
240,32,0x82AC76B5413EF9D0,17,17,17,37,1,3275,4242,12968,0.008516,0.022274,0.001275,0.000001
241,32,0x715BE24C3D60F9A8,17,17,17,45,1,570,2016,12887,0.001421,0.011214,0.001274,0.000001
242,32,0xBE8071452AD6CF93,17,17,17,37,1,7803,285,13250,0.019943,0.001794,0.001298,0.000001
243,36,0xC108F6EA237B459D,18,18,18,44,1,4504,2280,14086,0.010367,0.012099,0.001360,0.000001
244,20,0x081C3BFA765492DE,12,12,12,40,1,384,24,8565,0.001139,0.000574,0.001065,0.000001
245,32,0xED425C36B01FA798,17,17,17,45,1,8208,26,13155,0.020063,0.000464,0.001308,0.000001
246,34,0x3B0AE6879F1D25C4,18,18,18,42,1,4284,3264,14004,0.009720,0.016865,0.001352,0.000001
247,30,0x53DFABC48260E917,16,16,16,34,1,1128,235,12360,0.002569,0.001527,0.001262,0.000001
248,30,0xC356DB1A240879FE,17,17,17,39,1,23350,303,13191,0.077145,0.002015,0.001343,0.000001
249,34,0x19CBAE6D8F073524,18,18,18,38,1,4228,2496,13996,0.010087,0.013192,0.001362,0.000001
250,32,0x9B1A3084D5CFE627,19,19,19,39,1,324673,9566,14810,2.312463,0.051151,0.001483,0.000001
251,30,0xD3120CEAB754F968,15,15,15,45,1,84,22,11359,0.000599,0.000513,0.001569,0.000001
252,36,0x8B74E35109D6CF2A,19,19,19,41,1,73416,4943,14775,0.352695,0.025541,0.001417,0.000001
253,24,0xF6D5E7210C94BA38,14,14,14,42,1,1200,59,10359,0.002576,0.000612,0.001087,0.000001
254,26,0x6F9825DE1C307AB4,14,14,14,42,1,819,15,9999,0.001874,0.000395,0.001042,0.000001
255,32,0x21EA79FD458C6B30,19,19,19,35,1,591881,14940,14813,4.658959,0.084309,0.001436,0.000001
256,30,0x6F83D219AEB5C470,16,16,16,38,1,773,17,12127,0.002016,0.000423,0.001274,0.000001
257,26,0x48D51A30E7CFB269,14,14,14,46,1,725,840,10310,0.001736,0.004390,0.001100,0.000001
258,26,0xFB18A3476C95E2D0,15,15,15,41,1,7877,296,10998,0.018210,0.001791,0.001118,0.000001
259,34,0x6CE8451372B9F0AD,19,19,19,41,1,100477,2755,15151,0.660795,0.015945,0.001424,0.000001
260,34,0x05CD4F8B9A3E1726,17,17,19,41,1,1199,1166,15008,0.002918,0.005989,0.001414,0.000001
261,30,0xBFCD317425E960A8,16,16,16,40,1,267,1030,11888,0.000824,0.005562,0.001194,0.000001
262,32,0x2E560AB98431D7CF,17,17,17,37,1,9721,4437,13326,0.026432,0.023866,0.001317,0.000001
263,34,0xA0193E8F52CB6D47,18,18,18,40,1,18314,22,13868,0.050375,0.000467,0.001365,0.000001
264,24,0x784FB6EA5CD21093,14,14,14,34,1,1960,1912,10236,0.004483,0.010377,0.001430,0.000001
265,34,0x714AE5C0DB6839F2,18,18,18,42,1,4747,811,14018,0.011638,0.004530,0.001383,0.000001
266,32,0x40EB38175FCD62A9,18,18,18,38,1,111945,4079,14187,0.679656,0.022386,0.001523,0.000001
267,36,0x2A35D9467C81EF0B,18,18,20,34,1,12254,4245,15850,0.033803,0.022261,0.001508,0.000001
268,30,0x691CB32FE8A470D5,16,16,16,40,1,567,2004,12249,0.001431,0.010181,0.001212,0.000001
269,34,0xE4A631D29C8B70F5,19,19,19,37,1,227827,5975,14827,1.688554,0.035672,0.001402,0.000001
270,32,0x5810CA7E6B9DF423,18,18,18,36,1,59704,1440,14112,0.268668,0.007958,0.001351,0.000001
271,38,0xE10B6FA539748DC2,20,20,20,36,1,130836,21,15967,0.850222,0.000463,0.001791,0.000001
272,36,0x7F6B04CAE91D8523,19,19,19,45,1,27073,904,14785,0.127102,0.004826,0.001406,0.000001
273,32,0x0F6C258D1EA4B937,16,16,16,38,1,1841,1685,12315,0.004227,0.009245,0.001209,0.000001
274,28,0x78BE9F52CD0136A4,16,16,16,40,1,17566,754,12283,0.049549,0.005308,0.001502,0.000001
275,26,0x4F73CEB920D56A18,15,15,15,31,1,3669,63,11287,0.010066,0.000725,0.001319,0.000001
276,38,0xC05B4A7F928316ED,20,20,20,38,1,101051,1729,15980,0.659732,0.009979,0.001718,0.000001
277,38,0x03D1A7EB825946CF,19,19,21,39,1,62,60,16789,0.000436,0.000633,0.001703,0.000001
278,28,0x862ABC345D7F9E10,16,16,16,34,1,10173,405,12030,0.028452,0.002354,0.001189,0.000001
279,32,0x731CE9F286A54B0D,16,16,16,42,1,17,17,12166,0.000360,0.000410,0.001201,0.000000
280,34,0x94A86DC3E7B150F2,19,19,19,33,1,202418,8779,14787,1.503359,0.048044,0.001394,0.000001
281,30,0x75DE4A8239BC106F,16,16,16,34,1,1258,29,12386,0.003089,0.000463,0.001215,0.000001
282,34,0x92B356DE4CAF0718,18,18,18,38,1,13594,22,14110,0.036751,0.000437,0.001345,0.000001
283,30,0x32DE6F745B90A18C,17,17,17,43,1,30328,569,13230,0.097953,0.003244,0.001283,0.000001
284,32,0xA8B6EDC930254F17,18,18,18,32,1,151908,5447,13807,0.908877,0.029817,0.001420,0.000001
285,36,0xAF3BD5219E47C086,19,19,19,41,1,8283,2055,14881,0.023572,0.010851,0.001394,0.000001
286,28,0xA2D6C91E7FB84053,14,14,14,36,1,94,30,10305,0.000528,0.000488,0.001092,0.000001
287,32,0x1CD5BAE38079426F,16,16,18,40,1,2803,2779,14393,0.006744,0.014702,0.001343,0.000001
288,30,0x715E9A4F62C38B0D,17,17,17,37,1,22835,503,13124,0.071040,0.002915,0.001281,0.000001
289,34,0x79562DCB14EA0F83,19,19,19,39,1,300318,7681,15095,2.142892,0.044087,0.001387,0.000001
290,32,0xE2B8D5301FA4C679,16,16,16,40,1,846,590,12115,0.002040,0.003303,0.001204,0.000001
291,36,0xE5A7064CB9F32D18,18,18,20,40,1,7230,5651,15873,0.017758,0.030417,0.001461,0.000001
292,34,0x60E8DFA712CB9453,18,18,18,36,1,3271,4484,14212,0.007988,0.022803,0.001338,0.000001
293,36,0x71F396A5E02D48BC,18,18,18,42,1,664,311,14064,0.001659,0.001897,0.002025,0.000001
294,26,0x68F5EA1C237B90D4,17,17,17,39,1,293612,13157,13116,1.914694,0.072299,0.001282,0.000001
295,30,0x14A8B6390F257EDC,16,16,16,40,1,1446,418,12217,0.003460,0.002439,0.001203,0.000001
296,30,0xAEB97104DCF58362,17,17,17,43,1,14477,237,13158,0.037790,0.001543,0.001276,0.000001
297,30,0xFC4156B0E83D792A,16,16,16,44,1,296,727,12025,0.000874,0.004065,0.001250,0.000001
298,38,0x2F1C40EB8DA95673,19,19,21,37,1,4480,4591,16771,0.010348,0.023864,0.001562,0.000001
299,32,0x6D8C5B7F0EA94213,18,18,18,34,1,33846,1096,14137,0.108528,0.006201,0.001373,0.000001
300,36,0xD813A24B095FC67E,19,19,19,41,1,16757,553,15125,0.046641,0.003192,0.001445,0.000001
301,42,0xC128ED45AB30976F,21,21,21,39,1,61228,37080,16854,0.295025,0.242102,0.001622,0.000001
302,30,0x26C41E30B5D7A98F,17,17,17,47,1,35219,199,12928,0.110147,0.001374,0.001258,0.000001
303,28,0x9A3B8DC15764F2E0,15,15,15,35,1,1884,16,11336,0.004386,0.000406,0.001152,0.000001
304,40,0x832B0C7E41D95AF6,20,20,22,46,1,1420,1376,17909,0.003324,0.007151,0.001605,0.000001
305,30,0x6C0A4E837B512F9D,17,17,17,41,1,15983,459,13095,0.045729,0.002897,0.001272,0.000001
306,34,0x971F0458ECAD6B23,19,19,19,43,1,118737,1926,14964,0.752118,0.011269,0.001528,0.000001
307,30,0xE31D4A895B0F276C,15,15,15,39,1,440,380,11377,0.001318,0.002330,0.001260,0.000001
308,32,0x4C6AE17F2058B39D,18,18,18,44,1,32024,705,13786,0.105986,0.004075,0.001322,0.000001
309,32,0x7D428CA61FB50E93,18,18,20,32,1,19396,8904,15717,0.050920,0.045344,0.001542,0.000001
310,30,0xB758D9C6EF210A43,16,16,16,34,1,1625,127,11999,0.003989,0.000967,0.001197,0.000001
311,30,0x8CD62370A49F1E5B,15,15,15,43,1,16,16,11047,0.000348,0.000418,0.001128,0.000001
312,26,0xC2DBF85EA0469317,16,16,16,46,1,20178,907,12213,0.051265,0.005155,0.001298,0.000001
313,28,0xB854E0FC379A216D,16,16,16,40,1,13462,275,12006,0.035111,0.001705,0.001200,0.000001
314,38,0x29365F1D80EB7A4C,20,20,20,42,1,81839,12443,16053,0.561957,0.080787,0.001492,0.000001
315,34,0xE81A57C32B6D9F40,18,18,18,36,1,8781,8483,14120,0.022490,0.044767,0.001381,0.000001
316,40,0x89E7C3AF1B42056D,22,22,22,38,1,6894054,197780,17580,55.603772,2.078925,0.002420,0.000001
317,32,0xD96EA3B5CF104827,17,17,17,41,1,4147,318,13126,0.011340,0.001969,0.001387,0.000001
318,34,0x61DAB07E843C592F,19,19,19,41,1,397538,16484,14988,3.455793,0.094824,0.001422,0.000001
319,28,0x5C7948DFAE2631B0,17,17,17,37,1,68767,2489,13163,0.314266,0.012900,0.001288,0.000001
320,32,0x1B738690FE42DCA5,18,18,18,38,1,42814,1231,13620,0.206146,0.006779,0.001336,0.000001
321,34,0x364F087B95CAED12,18,18,18,38,1,21768,353,13949,0.067659,0.002309,0.001354,0.000001
322,32,0xA643BEFD29871C05,17,17,17,33,1,3888,4301,13456,0.009441,0.023304,0.001811,0.000001
323,32,0x79F645AB0DCE1238,17,17,17,41,1,8489,1568,13026,0.022652,0.008298,0.001277,0.000001
324,36,0x8D296BA0C7E1534F,18,18,18,36,1,21181,16135,13940,0.069148,0.089599,0.001373,0.000001
325,36,0x328140E5DCB6FA97,18,18,20,48,1,837,805,15792,0.002227,0.004307,0.001897,0.000001
326,42,0x0CA3175F842D6BE9,21,21,23,45,1,22,22,18712,0.000392,0.000451,0.001702,0.000001
327,30,0xFA40EDCB31278659,16,16,16,42,1,1260,1014,12238,0.002852,0.005461,0.001220,0.000001
328,32,0x26B39485DEA07F1C,18,18,18,34,1,80047,2234,13646,0.404848,0.011795,0.001312,0.000001
329,34,0x91B5EC30628FA47D,19,19,19,43,1,121642,2730,14781,0.771090,0.018490,0.001514,0.000001
330,40,0x4306CF598DEB71A2,20,20,20,42,1,427,422,15682,0.001550,0.002966,0.002018,0.000001
331,30,0x2CF967E35D48AB10,17,17,19,37,1,15082,1486,14712,0.041864,0.007604,0.001421,0.000001
332,32,0xC49D06E3F28A175B,19,19,19,43,1,363824,14326,14878,2.613440,0.084021,0.001466,0.000001
333,32,0x369271F8A05B4EDC,16,16,18,42,1,1749,1586,14064,0.004478,0.008938,0.001347,0.000001
334,28,0xC76D921B8F50A43E,15,15,15,43,1,785,17,11103,0.001960,0.000483,0.001192,0.000001
335,36,0xE8B05C6AD923F174,19,19,19,41,1,14308,7223,15083,0.042498,0.037546,0.001460,0.000001
336,28,0xF3A5EDC90786B241,14,14,14,32,1,26,26,10234,0.000393,0.000493,0.001086,0.000001
337,26,0x6EA87FC9D053B421,14,14,14,32,1,663,403,10153,0.001766,0.002311,0.001061,0.000001
338,36,0x6D1352498EB7AFC0,18,18,20,38,1,80,80,15458,0.000512,0.000747,0.001449,0.000000
339,32,0x46D0AC3F98125B7E,17,17,17,41,1,2415,2611,13182,0.005629,0.013709,0.001284,0.000001
340,34,0x895ACED0172B43F6,18,18,18,42,1,14812,9531,14029,0.041281,0.053425,0.001356,0.000001
341,24,0x3F0EAD21765C9B84,13,13,13,41,1,80,44,9623,0.000508,0.000553,0.001035,0.000001
342,34,0x4D0195AB372CF6E8,19,19,19,39,1,177857,4852,14800,1.174817,0.028387,0.001392,0.000001
343,28,0xEF05CA2164D7938B,14,14,14,42,1,71,67,10317,0.000441,0.000677,0.001075,0.000001
344,28,0x36F9081BD5CA724E,15,15,15,39,1,382,460,11052,0.001039,0.002552,0.001168,0.000001
345,30,0xF80E917CD2A564B3,15,15,15,41,1,1039,904,11463,0.002482,0.004898,0.001168,0.000001
346,36,0xAF43C9B210E87D65,18,18,20,38,1,21,21,15499,0.000372,0.000450,0.001451,0.000001
347,32,0xC29E03D587B6A1F4,18,18,18,42,1,29556,1037,14005,0.095168,0.005712,0.001350,0.000001
348,34,0xD742CE598A3BF160,18,18,18,34,1,1698,65,14324,0.003981,0.000661,0.001375,0.000001
349,36,0x45F3C6D8A92710BE,18,18,18,36,1,20,20,14188,0.000366,0.000441,0.001442,0.000001
350,34,0x487F2A05BDC931E6,19,19,19,39,1,189142,6138,15131,1.455782,0.035493,0.001421,0.000001
351,38,0x1B6829C75FAE0D43,21,21,23,33,1,1718904,47627,18715,16.488412,0.357419,0.001683,0.000001
352,32,0xD1E387A0526C9BF4,18,18,18,40,1,100764,1742,13719,0.645078,0.010171,0.001435,0.000001
353,32,0x4657B903CAF1D2E8,18,18,18,44,1,66651,2109,14089,0.310447,0.013619,0.001336,0.000001
354,32,0x152D8F36CE74A09B,17,17,17,39,1,9599,5915,13003,0.025493,0.031330,0.001324,0.000001
355,32,0x17E2AD4C368F905B,18,18,18,36,1,64944,1788,13906,0.313217,0.009579,0.001332,0.000001
356,28,0xC856D0FE97B13A24,15,15,15,49,1,588,890,11127,0.001480,0.004701,0.001110,0.000001
357,38,0x152FE4D9A8036B7C,19,19,21,41,1,1191,636,16952,0.002805,0.003626,0.001541,0.000001
358,32,0xDB20A764381CFE59,17,17,17,39,1,10235,21,12930,0.027716,0.000507,0.001417,0.000001
359,26,0xF19DA2CBE3768405,14,14,14,36,1,187,177,10290,0.000742,0.001239,0.001064,0.000001
360,34,0xC1B9DE764A8F2305,18,18,18,32,1,22839,145,13729,0.075789,0.001042,0.001314,0.000001
361,28,0xDAB1395E248076FC,16,16,16,42,1,12725,53,12074,0.034192,0.000567,0.001195,0.000001
362,28,0xFD74819C5BA6E023,16,16,16,38,1,7165,174,12445,0.018027,0.001207,0.001225,0.000001
363,30,0x3BCD09F16AE54782,17,17,17,41,1,18441,355,12762,0.050348,0.002290,0.001281,0.000001
364,30,0xFB1D9E60AC872543,17,17,17,41,1,53347,1542,13007,0.248372,0.008254,0.001280,0.000001
365,32,0xBA69E3817042C5FD,16,16,16,44,1,356,209,12147,0.001032,0.001368,0.001215,0.000001
366,36,0x1DF2C937584BEA06,19,19,19,39,1,29057,508,15029,0.098749,0.002946,0.001426,0.000001
367,32,0x8A03BFC249D7E651,18,18,18,38,1,35423,895,14140,0.119438,0.005145,0.001423,0.000001
368,34,0xBE23790F8C41D65A,19,19,19,47,1,129233,2613,14938,0.847375,0.014981,0.001529,0.000001
369,26,0xDFE31C945278B06A,13,13,13,41,1,26,26,9311,0.000379,0.000463,0.001079,0.000001
370,34,0xB605AE4F29C1D837,18,18,18,40,1,10426,19,13756,0.028918,0.000433,0.001355,0.000001
371,34,0xE53128D74C90FB6A,18,18,18,38,1,8311,3040,14126,0.019956,0.015818,0.001358,0.000001
372,28,0xCDA70B98162E345F,15,15,17,39,1,1150,1917,13089,0.002719,0.009803,0.001272,0.000001
373,28,0x96E582D0BFA731C4,16,16,16,38,1,4222,296,12113,0.009346,0.001643,0.001217,0.000001
374,32,0xADF3064975C1EB82,16,16,16,40,1,27,27,12243,0.000374,0.000470,0.001234,0.000001
375,32,0xEC48207DBF3915A6,19,19,19,49,1,320822,11364,14906,2.258319,0.064481,0.001431,0.000001
376,38,0x1D24EF73806A5B9C,20,20,20,40,1,56867,14671,16114,0.266380,0.081670,0.001561,0.000001
377,26,0x9D25B7F8AE0C3416,13,13,13,39,1,16,16,9545,0.000356,0.000435,0.001047,0.000001
378,28,0x3CD9B0674AE512F8,15,15,15,39,1,741,1694,11472,0.002027,0.008553,0.001161,0.000001
379,28,0x60F7AD91CE483B25,14,14,14,36,1,822,624,10456,0.002519,0.003594,0.001108,0.000001
380,30,0x8D6EF9A035B7C412,17,17,17,39,1,43205,1388,12920,0.214814,0.007608,0.001241,0.000001
381,24,0xA3D49C10EF78B265,15,15,15,37,1,29275,675,11213,0.085893,0.003785,0.001150,0.000001
382,34,0xDC876A13502BF4E9,17,17,17,45,1,2474,3634,13115,0.005447,0.018586,0.001304,0.000001
383,30,0xBF4DE6A1803527C9,17,17,17,43,1,48470,2266,12764,0.209420,0.011562,0.001257,0.000001
384,38,0x093762CD1AB54EF8,19,19,21,41,1,109,109,16952,0.000581,0.000882,0.001542,0.000000
385,22,0x865CAB03FE4D9712,14,14,14,40,1,7225,544,10016,0.015781,0.002826,0.001054,0.000001
386,32,0x318DB5EC6079AF42,18,18,18,34,1,30791,618,14318,0.102998,0.003769,0.001371,0.000001
387,30,0xEF7A3469D028BC15,17,17,17,41,1,37151,1805,12987,0.125183,0.009522,0.001260,0.000001
388,28,0xE9C8A3604D71FB52,16,16,16,40,1,3011,93,12040,0.007271,0.000778,0.001209,0.000001
389,36,0x2D36780FC5E14B9A,19,19,19,43,1,39177,80,15109,0.145016,0.000787,0.001395,0.000001
390,34,0x6182904D7CB5EAF3,18,18,18,40,1,4428,265,14063,0.010864,0.001668,0.001338,0.000001
391,28,0xF38CD75E9A41B026,16,16,16,38,1,4873,878,12266,0.010878,0.004500,0.001217,0.000001
392,28,0xB6D4CE2097815A3F,15,15,15,37,1,525,2882,11443,0.001303,0.014814,0.001242,0.000001
393,36,0x1DFB95E2A708C364,19,19,19,39,1,38367,47343,14889,0.136724,0.348301,0.001447,0.000001
394,24,0xF49EC730D285BA16,13,13,13,43,1,159,306,9253,0.000677,0.002087,0.001028,0.000001
395,32,0xFBD275E8916AC340,17,17,17,39,1,2543,3658,13499,0.006367,0.020004,0.001365,0.000001
396,40,0x86B01FC34DA9E527,20,20,22,42,1,24,24,17632,0.000381,0.000464,0.001614,0.000001
397,30,0x7C14980356FA2DEB,16,16,16,36,1,9467,107,12131,0.025929,0.000893,0.001208,0.000001
398,34,0x342A6B80E9517CFD,19,19,19,41,1,111684,2535,14953,0.730413,0.015364,0.001678,0.000001
399,30,0xD7930E546A1CF82B,17,17,17,45,1,36497,1190,12851,0.126366,0.006309,0.001338,0.000001
400,30,0x78D32FC65BE4091A,16,16,16,42,1,3543,17,12501,0.008493,0.000416,0.001258,0.000001
401,34,0x8EB9C1372F60A5D4,18,18,18,42,1,12605,102,14080,0.033864,0.000867,0.001339,0.000001
402,42,0x021C647BDA8395EF,21,21,23,41,1,15648,15018,18829,0.041238,0.080461,0.001692,0.000001
403,38,0x31B65C7FAE92084D,19,19,19,39,1,77,86,15038,0.000530,0.000830,0.001482,0.000001
404,30,0xD6E9370A5481BC2F,17,17,17,39,1,26447,488,13051,0.088516,0.002812,0.001265,0.000001
405,32,0x58EDB132F046C9A7,16,16,16,44,1,4592,2033,12026,0.010377,0.010342,0.001207,0.000001
406,36,0x49038C165FBEA7D2,20,20,20,36,1,670250,15066,15745,5.146494,0.087138,0.001471,0.000001
407,34,0x8A1426EDCB90357F,17,17,19,41,1,430,242,14950,0.001188,0.001557,0.001403,0.000001
408,28,0x3F6DBC407AE25189,17,17,17,39,1,54295,2500,13325,0.240829,0.012449,0.001291,0.000001
409,22,0xA6902BE8F7D5314C,14,14,14,38,1,3534,147,10500,0.007608,0.001056,0.001080,0.000001
410,30,0x7D42306AF18CBE59,16,16,16,42,1,2531,23,11881,0.005901,0.000466,0.001207,0.000001
411,24,0x5684FACB701ED329,14,14,14,40,1,2241,30,10224,0.004866,0.000487,0.001085,0.000001
412,28,0xDFA982C463B5E170,16,16,16,38,1,12641,247,12003,0.035055,0.001557,0.001198,0.000001
413,28,0xFDC6491E0B583A27,16,16,16,44,1,10647,414,12366,0.029396,0.002478,0.001227,0.000001
414,26,0xB61C5E923F4A08D7,14,14,14,36,1,96,99,10243,0.000518,0.000814,0.001074,0.000001
415,38,0x2713FD9E85A6C40B,20,20,20,42,1,89309,48170,15998,0.616590,0.404357,0.001558,0.000001
416,32,0xA20B9C86E43DF175,20,20,20,36,1,3231778,144040,15891,26.240453,1.291483,0.001668,0.000001
417,38,0x8501CE2DAB697F34,20,20,20,42,1,60914,40006,15973,0.317642,0.307803,0.001497,0.000001
418,36,0x2743019BF68DCEA5,19,19,19,41,1,50055,1543,15037,0.240052,0.008618,0.001417,0.000001
419,26,0xF264AD08597EB13C,16,16,16,38,1,42896,2639,12229,0.140393,0.013784,0.001232,0.000001
420,30,0x5031DB89F7E6A4C2,16,16,16,36,1,359,3784,12096,0.001008,0.018900,0.001218,0.000001
421,26,0x69B81EDAFC432570,15,15,15,35,1,7670,162,11131,0.017791,0.001120,0.001156,0.000001
422,36,0xC085DB426371A9EF,19,19,19,41,1,4923,66074,15136,0.011658,0.507559,0.001447,0.000001
423,28,0xC054B6A127FE9D38,14,14,14,34,1,439,343,10181,0.001219,0.001980,0.001077,0.000001
424,34,0x2DA0E75861BC439F,17,17,17,41,1,2086,2315,13090,0.004806,0.011699,0.001388,0.000001
425,36,0xA138594DFB2E670C,19,19,19,37,1,8210,19192,14772,0.020103,0.117534,0.001430,0.000001
426,32,0x5789B3F1C62AD04E,16,16,16,42,1,650,567,12190,0.001864,0.003116,0.001254,0.000001
427,32,0xA9F1D85CEB024736,19,19,19,43,1,595676,17507,14873,4.617698,0.094024,0.001432,0.000001
428,32,0xD1E07286C43FAB95,16,16,16,44,1,131,128,12237,0.000599,0.000967,0.001208,0.000001
429,38,0x2A39EB4681057CFD,20,20,20,38,1,88530,274,15805,0.565319,0.001747,0.001583,0.000001
430,36,0xED3B17AC9280654F,18,18,18,42,1,184,160,13896,0.001096,0.001407,0.001857,0.000001
431,34,0x03F7B64CD9125EA8,17,17,17,43,1,649,649,13528,0.002558,0.005410,0.001367,0.000001
432,40,0xB637E52DC10A849F,21,21,21,45,1,131173,1706,16916,0.924504,0.010653,0.001718,0.000001
433,36,0x1D62AC9384EF075B,19,19,19,31,1,66361,149,15241,0.323529,0.001172,0.001412,0.000001
434,34,0xA35C618F27B904DE,17,17,17,43,1,325,325,13055,0.001020,0.001961,0.001320,0.000001
435,32,0x713D48CBEAF59062,17,17,17,41,1,4545,2486,12884,0.010630,0.012760,0.001413,0.000001
436,28,0xE6DB40953AC278F1,15,15,15,35,1,92,52,11363,0.000757,0.000888,0.001457,0.000001
437,26,0xB7D21E903A648FC5,15,15,15,43,1,2994,88,11202,0.007614,0.000723,0.001157,0.000001
438,32,0xA072C895D4BE31F6,17,17,17,35,1,2486,1249,13097,0.005624,0.006379,0.001262,0.000001
439,30,0x2BDC0174F96E3A85,16,16,16,40,1,2033,216,12361,0.004599,0.001432,0.001219,0.000000
440,34,0x40562A19C83FEBD7,18,18,20,42,1,10291,39399,16039,0.028750,0.314186,0.001526,0.000001
441,30,0xD679E2F304CBA518,17,17,17,45,1,23599,999,13041,0.080912,0.005565,0.001266,0.000001
442,32,0xA753EB42D0C6F189,17,17,17,39,1,2229,362,12805,0.005022,0.002110,0.001260,0.000001
443,32,0x7F42018EA659DBC3,17,17,17,43,1,5997,1708,13241,0.015000,0.009041,0.001291,0.000001
444,22,0xA6EC98BFD3247510,12,12,12,34,1,62,224,8528,0.000449,0.001447,0.000958,0.000001
445,32,0xE98543A6D70CF1B2,17,17,17,43,1,1228,3394,13052,0.003185,0.018603,0.001327,0.000001
446,30,0x42EA308D5BC679F1,18,18,18,34,1,137699,2551,14066,0.842968,0.014360,0.001474,0.000001
447,36,0xA8E235410F967DBC,20,20,20,42,1,396234,6541,15900,3.528144,0.038300,0.001484,0.000001
448,26,0x5B1AF3C924D0E678,15,15,15,47,1,1635,1626,11074,0.003563,0.008245,0.001117,0.000001
449,32,0x0BD13C7AE429F685,17,17,17,41,1,6939,1166,13114,0.016575,0.006170,0.001277,0.000001
450,38,0x25EF3786B4A90DC1,20,20,20,34,1,48826,644,16159,0.245307,0.003771,0.001498,0.000001
451,34,0xF621958ECDB370A4,18,18,18,40,1,13133,250,13893,0.035823,0.001600,0.001324,0.000001
452,38,0xCB024F5A813ED697,20,20,20,46,1,89690,21,15722,0.567558,0.000479,0.001640,0.000001
453,38,0x5C6E0137B94DA82F,20,20,20,48,1,94779,81,15930,0.625775,0.000782,0.001575,0.000001
454,28,0x1FEC40B6D25A3789,15,15,15,41,1,1107,55,11550,0.003301,0.000748,0.001545,0.000001
455,30,0xA571863C9DF4BE02,16,16,16,36,1,1295,3365,11809,0.003089,0.018994,0.001425,0.000001
456,32,0xCF210EDB58A67493,17,17,17,45,1,4144,24,13093,0.011144,0.000461,0.001922,0.000001
457,30,0xCED523067AB1489F,16,16,16,42,1,510,745,12210,0.002091,0.005144,0.001873,0.000001
458,34,0xCFA954820617EDB3,19,19,19,37,1,183878,4637,15373,1.462491,0.026674,0.001585,0.000001
459,32,0x1F30AD6C4E7825B9,17,17,17,37,1,3240,189,12977,0.007992,0.001281,0.001394,0.000001
460,32,0x9FEAC6274D1835B0,18,18,18,38,1,32498,600,14245,0.107572,0.003477,0.001384,0.000001
461,32,0xA9F0BDC21473E586,16,16,16,38,1,349,145,12263,0.001040,0.001049,0.001239,0.000001
462,30,0x391D5EC4F067B82A,17,17,17,41,1,29487,1458,12726,0.106333,0.007662,0.001243,0.000001
463,24,0x86EC5BF930D72A41,15,15,15,33,1,20789,143,11093,0.050622,0.001029,0.001153,0.000001
464,36,0x23BD567FA8904E1C,20,20,20,40,1,480417,12524,15743,3.861794,0.070841,0.001591,0.000001
465,32,0x6F57A843CD129E0B,16,16,16,36,1,17,17,12272,0.000367,0.000408,0.001220,0.000001
466,32,0x16E90A2C3DB587F4,17,17,17,35,1,3663,677,13359,0.008825,0.003962,0.001367,0.000001
467,30,0xE906327A5C148BFD,17,17,17,49,1,42782,1426,12942,0.197140,0.007768,0.001252,0.000001
468,36,0xC6B29D4578AFE103,18,18,18,32,1,143,143,13972,0.000604,0.001047,0.001328,0.000001
469,26,0x2B75389D4CE61AF0,15,15,15,31,1,4534,161,11310,0.009824,0.001126,0.001138,0.000001
470,36,0x61F47032E5BDC8A9,18,18,18,52,1,613,613,13807,0.001486,0.003265,0.001459,0.000001
471,36,0xC071EA63529BFD48,19,19,19,39,1,7968,10688,14933,0.020393,0.060081,0.001492,0.000001
472,32,0x523910DCB4A6F7E8,17,17,17,49,1,4549,1939,13022,0.010588,0.010283,0.001575,0.000001
473,36,0xE9B87023D5A614CF,19,19,19,45,1,38606,466,15009,0.139429,0.002694,0.001425,0.000001
474,36,0x256EDA73148BCF90,18,18,20,30,1,9976,9853,15870,0.027459,0.055695,0.001572,0.000001
475,32,0xE71AFC4682DB5309,16,16,16,40,1,17,17,12132,0.000363,0.000422,0.001214,0.000001
476,30,0xBA73E6F1C5D89042,17,17,17,41,1,8673,202,12886,0.021302,0.001303,0.001280,0.000001
477,28,0x6B9F1A8CE243D507,15,15,15,39,1,858,28,11189,0.002225,0.000474,0.001154,0.000001
478,30,0x82D41EA675BFC309,17,17,17,39,1,16862,371,13204,0.052396,0.002371,0.001284,0.000001
479,32,0x71B0A94CFDE38256,18,18,18,40,1,57065,2219,13985,0.275004,0.011870,0.001351,0.000001
480,38,0xA86BC9EDF0234517,21,21,21,35,1,2920060,93698,16749,23.761554,0.906722,0.001638,0.000001
481,26,0x67BEF92C8D153A40,14,14,14,38,1,331,273,10324,0.000986,0.001664,0.001069,0.000001
482,32,0x4C0F5A12E9D367B8,18,18,18,44,1,128007,5814,13849,0.787315,0.032965,0.001327,0.000001
483,38,0x83EA14795FC20D6B,21,21,21,41,1,1126587,22258,16917,10.001078,0.142595,0.001734,0.000001
484,32,0xC2DB6915783E0A4F,16,16,16,36,1,2034,1329,12386,0.004696,0.007195,0.001218,0.000001
485,34,0xBF459D2081ACE637,17,17,17,39,1,24,24,13164,0.000377,0.000507,0.001319,0.000001
486,30,0xA2C15F39BE0D7864,16,16,18,40,1,2171,1107,14063,0.004718,0.005670,0.001337,0.000000
487,32,0x3DB0F2AE9146C785,18,18,18,48,1,64552,2557,13834,0.318905,0.013048,0.001299,0.000001
488,24,0xF5D13208946C7ABE,13,13,13,49,1,205,124,9273,0.000699,0.000939,0.000996,0.000001
489,26,0xF5946B2C3D781E0A,15,15,15,35,1,1000,265,11299,0.002215,0.001606,0.001138,0.000001
490,24,0xF95783D426ACBE10,13,13,13,37,1,183,745,9525,0.001159,0.003905,0.001011,0.000001
491,28,0x1F742C965DBE8A30,17,17,17,37,1,146408,7965,12943,0.853712,0.044527,0.001294,0.000001
492,36,0x9CE2104B37AD85F6,19,19,19,43,1,34800,7406,15052,0.117789,0.038989,0.001438,0.000001
493,36,0x5702A96E1F843DCB,19,19,19,41,1,13034,2023,15219,0.034910,0.010979,0.001438,0.000001
494,34,0x10E27B9643CDA85F,18,18,18,38,1,16152,2087,14156,0.043583,0.011179,0.001348,0.000001
495,30,0xBAE67C8F3409D125,15,15,15,39,1,16,16,11240,0.000359,0.000425,0.001170,0.000001
496,36,0xDB2F4783A6E0C159,19,19,19,43,1,37532,298,15013,0.134779,0.001959,0.001411,0.000001
497,36,0x60485FE1A92D73BC,18,18,18,50,1,10217,6343,14113,0.027079,0.032608,0.001346,0.000001
498,30,0xEC29D704AF53B681,17,17,17,43,1,14030,272,13014,0.037620,0.001687,0.001284,0.000001
499,32,0x608CE2D19BA457F3,17,17,17,39,1,5361,89,13269,0.012895,0.000761,0.001285,0.000001
500,24,0x34D850C1FEB6729A,13,13,13,45,1,171,24,9356,0.000664,0.000481,0.001018,0.000001
501,32,0x6397CFEBD045A821,18,18,18,34,1,73022,2127,14047,0.341951,0.011005,0.001340,0.000001
502,36,0x01D39FEA78B24C56,19,19,19,41,1,47109,20,14716,0.228118,0.000477,0.001380,0.000001
503,30,0xBD9C0F42781AE536,17,17,17,45,1,48558,2269,13073,0.229377,0.011550,0.001291,0.000001
504,30,0x145D20A8B37ECF96,17,17,17,41,1,23172,534,13342,0.072374,0.003199,0.001383,0.000001
505,34,0xA36ED0CB27F14589,19,19,19,45,1,109028,2151,14728,0.679804,0.011823,0.001531,0.000001
506,34,0xF5E34C6128D9BA70,18,18,18,40,1,8131,129,14354,0.022404,0.001006,0.001360,0.000001
507,28,0x2F01BCA8ED697354,16,16,16,40,1,16966,656,12077,0.043440,0.003820,0.001200,0.000001
508,26,0xF8E179A032D456CB,14,14,14,40,1,359,188,10311,0.001002,0.001261,0.001073,0.000000
509,24,0x74F6B58AE9D132C0,13,13,13,37,1,136,20,9523,0.000583,0.000435,0.001024,0.000001
510,30,0x1AD780962B4F3EC5,17,17,17,41,1,16797,668,13111,0.044268,0.003807,0.001265,0.000001
511,36,0x94072FEC51BD8A63,20,20,20,44,1,555658,12314,15703,4.501963,0.071457,0.001466,0.000001
512,32,0x69F8DEC52BA04317,18,18,18,32,1,107579,4231,14121,0.696246,0.023453,0.001485,0.000001
513,34,0xD8B174A29FE5036C,17,17,17,35,1,913,395,13015,0.002482,0.002420,0.001374,0.000001
514,30,0x721BAE4D350F968C,17,17,17,45,1,19384,180,13028,0.051375,0.001268,0.001263,0.000001
515,36,0x07BFE64A2C135D89,18,18,18,44,1,1402,912,14276,0.003461,0.004849,0.001353,0.000001
516,34,0xBA3F4E512689C70D,18,18,18,38,1,19175,6899,14190,0.062534,0.037518,0.001365,0.000001
517,36,0x56E32C7840AF91DB,19,19,19,41,1,16489,1332,14995,0.046324,0.007298,0.001418,0.000001
518,30,0xAFE09B31D26C8547,16,16,18,42,1,973,8846,13734,0.002337,0.046005,0.001344,0.000001
519,24,0xBD89F641C75E2A30,14,14,14,42,1,2739,149,10170,0.005941,0.001049,0.001063,0.000001
520,34,0x1AEC47BFD3082569,17,17,17,41,1,67,67,13246,0.000779,0.000758,0.001298,0.000001
521,28,0xCF90582D741A6EB3,15,15,15,39,1,307,738,11335,0.000934,0.004097,0.001164,0.000001
522,36,0x87936E2D5C104BAF,18,18,18,44,1,1830,2224,14193,0.004293,0.011559,0.001398,0.000001
523,40,0xA3125F7DE96B48C0,20,20,22,38,1,29701,22942,17784,0.103547,0.134865,0.001626,0.000001
524,38,0xA47E5D6B892031FC,20,20,20,36,1,67029,58,15957,0.338646,0.000691,0.001492,0.000001
525,24,0xFE19A3DB6472C805,13,13,13,41,1,171,216,9322,0.000653,0.001384,0.001022,0.000001
526,32,0x54D3EB9F80A712C6,16,16,18,36,1,1705,1694,14040,0.004166,0.008889,0.001359,0.000001
527,32,0xEC9A74F61DB20835,18,18,18,42,1,59328,1844,13883,0.269559,0.009632,0.001350,0.000001
528,34,0x18702AB5F94DC3E6,17,17,17,39,1,1858,1089,13258,0.004261,0.005713,0.001295,0.000001
529,30,0xCF93B02E6A18547D,16,16,16,46,1,2017,191,12246,0.004519,0.001291,0.001233,0.000001
530,34,0x456E27A9C03DFB81,18,18,18,36,1,15331,6327,13712,0.042869,0.032880,0.001345,0.000001
531,30,0x2FCE3B71A48D0596,17,17,17,39,1,16078,213,13065,0.042130,0.001518,0.001338,0.000001
532,32,0x62A9D30BEFC75184,18,18,18,38,1,15590,349,13989,0.040531,0.002126,0.001349,0.000001
533,36,0x2BA0C965F1DE8374,18,18,18,36,1,1114,471,14366,0.002608,0.002587,0.001373,0.000001
534,36,0x73D4026EF5AB81C9,18,18,20,44,1,5849,5299,16046,0.014030,0.029427,0.001450,0.000001
535,38,0x4BD378E6920A15CF,20,20,20,38,1,78246,992,15906,0.410767,0.005482,0.001491,0.000001
536,32,0xFA560BE748329C1D,18,18,18,40,1,106006,3935,14405,0.676693,0.022644,0.001897,0.000001
537,28,0xF38D21BA7C65094E,15,15,15,39,1,1199,5205,11292,0.004729,0.031439,0.001248,0.000001
538,32,0x9D85EA3B10C74F62,18,18,18,34,1,68067,1563,13908,0.356507,0.008280,0.001372,0.000001
539,32,0x95B8C40A1FD376E2,18,18,18,34,1,39974,271,13776,0.145115,0.001703,0.001329,0.000001
540,26,0xB6FA1C4027D8E395,15,15,15,43,1,4204,105,11152,0.010037,0.000889,0.001155,0.000001
541,30,0xC87B3A250E4D1F96,17,17,17,37,1,14565,379,13076,0.038992,0.002266,0.001264,0.000001
542,24,0xA0DE9B78364F152C,13,13,13,35,1,111,170,9419,0.000527,0.001175,0.000999,0.000001
543,34,0x682EAD05937F14BC,18,18,18,40,1,7628,2862,14018,0.018746,0.015123,0.001336,0.000001
544,26,0xB2937AF8C64D510E,15,15,15,33,1,4098,185,11163,0.009261,0.001255,0.001328,0.000001
545,32,0xB34ACF5E2D609781,19,19,19,39,1,689779,25406,14673,5.060456,0.147502,0.001377,0.000001
546,26,0x1A3DB28C7F05694E,15,15,15,39,1,2771,113,11034,0.006110,0.000856,0.001139,0.000001
547,40,0x53CB701649E2AD8F,21,21,21,43,1,685348,1419,16979,5.505980,0.008531,0.001744,0.000001
548,38,0xAB824037DF9156CE,21,21,21,39,1,859749,13735,16798,7.985098,0.080479,0.001531,0.000001
549,26,0x921CF5A8BED76043,14,14,14,38,1,513,15,10228,0.001300,0.000395,0.001067,0.000001
550,30,0x64B35D1872F9EAC0,15,15,15,41,1,128,113,11430,0.000815,0.000916,0.001147,0.000001
551,26,0x7FB942E8DC6A3051,15,15,15,39,1,3056,90,11414,0.006998,0.000772,0.001173,0.000001
552,30,0x4D8A1E6CB2F05793,15,15,15,39,1,176,65,11265,0.000657,0.000647,0.001139,0.000001
553,30,0x5A108DFBE326749C,17,17,17,43,1,28133,759,13043,0.089009,0.004827,0.001254,0.000001
554,40,0x8309B52C1D6A47FE,21,21,21,39,1,143118,8086,16686,0.931990,0.045323,0.001543,0.000001
555,38,0x68A314C72EBD5F09,19,19,21,37,1,2145,1811,16880,0.004871,0.009630,0.001553,0.000001
556,30,0x16B73EFC9524AD08,17,17,17,39,1,12372,159,12990,0.032477,0.001182,0.001263,0.000001
557,28,0xE6DA4B3570982C1F,17,17,17,33,1,197605,12178,13311,1.424123,0.067952,0.001286,0.000001
558,36,0xB549162A3D708CEF,20,20,20,42,1,421185,7198,15977,3.698792,0.041070,0.001499,0.000001
559,30,0x9D48327A0CE61B5F,18,18,18,44,1,103354,2169,13887,0.641348,0.013145,0.001555,0.000001
560,36,0x2914A36D87BC0E5F,18,18,18,38,1,437,417,14068,0.001696,0.002332,0.001357,0.000001
561,28,0xC8ADE210B946F753,16,16,16,46,1,5132,101,12063,0.011435,0.000837,0.001230,0.000001
562,34,0x60352D91BC48F7EA,17,17,17,43,1,28,28,12964,0.000374,0.000478,0.001270,0.000001
563,30,0x187DA0942BC53E6F,16,16,16,40,1,1183,4833,12407,0.002667,0.024482,0.001255,0.000001
564,28,0x57C9D3842F10BEA6,16,16,18,40,1,4781,7057,13722,0.011226,0.036315,0.001354,0.000001
565,34,0x075123C9ED48FBA6,17,17,17,41,1,634,442,12989,0.001669,0.002604,0.001313,0.000001
566,38,0x95FA64C7E18D032B,19,19,21,39,1,16634,14111,16775,0.045424,0.077370,0.001564,0.000001
567,32,0xA76C1DF4E8930B52,17,17,17,41,1,1725,24771,12981,0.004101,0.142322,0.001356,0.000001
568,32,0x80A1934B625CFED7,17,17,17,39,1,1139,1182,13251,0.002830,0.006118,0.001290,0.000001
569,32,0xBE5719D6A483CF02,17,17,17,37,1,2516,32763,13111,0.005919,0.192369,0.001329,0.000001
570,38,0x8D0742F1C59A3E6B,20,20,20,44,1,188693,26349,15705,1.483987,0.163806,0.001508,0.000001
571,32,0xDF78453E6C1209BA,18,18,18,46,1,124293,1621,13682,0.761181,0.009311,0.001427,0.000001
572,34,0xA9406218CFE3D75B,18,18,18,38,1,1483,4897,14087,0.003997,0.027690,0.001364,0.000001
573,28,0x94C0FD1E7A6328B5,14,14,14,46,1,15,15,10322,0.000351,0.000407,0.001079,0.000001
574,32,0x8F3B795D1EC2A460,17,17,17,33,1,1225,4262,13221,0.002737,0.022140,0.001299,0.000001
575,30,0x064FA9B2573EC8D1,17,17,17,37,1,15850,362,13048,0.042213,0.002256,0.001271,0.000001
576,36,0xF164CD83A092EB75,19,19,21,35,1,8484,13083,16757,0.020838,0.073025,0.001613,0.000001
577,40,0x4C2605AEB9D183F7,21,21,21,43,1,205964,525,16702,1.623076,0.003340,0.001732,0.000001
578,40,0x476B0192CDAF53E8,20,20,22,42,1,5856,5838,17115,0.016295,0.030064,0.001560,0.000001
579,28,0xE54DAF83169B27C0,15,15,15,35,1,1139,716,10990,0.002521,0.003996,0.001196,0.000001
580,28,0x7EB86A5D02419CF3,16,16,16,28,1,20854,640,12093,0.065722,0.003643,0.001228,0.000001
581,26,0xE9C76A3B2D54F180,14,14,14,32,1,743,274,10383,0.001738,0.001689,0.001079,0.000001
582,32,0x0C19AD524F673E8B,17,17,17,37,1,2704,854,13186,0.006302,0.004465,0.001279,0.000001
583,34,0x53429D180AFCE76B,18,18,18,40,1,11558,19,13992,0.031120,0.000405,0.001388,0.000001
584,34,0x94DF6C7E10835B2A,19,19,19,37,1,53157,1135,14799,0.252140,0.005942,0.001419,0.000001
585,32,0xAE869D074BCF5132,17,17,17,35,1,1060,3941,13085,0.002413,0.019666,0.001307,0.000001
586,36,0x1C0BA32F98574ED6,19,19,19,43,1,14742,83101,15011,0.040295,0.778154,0.001675,0.000001
587,30,0x1DF08E394672C5BA,17,17,17,45,1,19884,383,12853,0.055285,0.002275,0.001281,0.000001
588,28,0xDC6F72A594E3B810,15,15,15,41,1,2167,2348,10975,0.004732,0.011982,0.001141,0.000001
589,36,0x08C46923AD71FE5B,19,19,19,35,1,13558,34332,15255,0.037238,0.213162,0.001421,0.000001
590,26,0x9A54B2E7F1D8306C,15,15,17,39,1,2228,15926,13007,0.004845,0.080751,0.001321,0.000001
591,34,0x73C1F462A5D8E09B,19,19,19,45,1,222285,6381,14755,1.686713,0.038407,0.001400,0.000001
592,26,0x6AD47853FE0B291C,15,15,15,35,1,5864,219,11410,0.013258,0.001394,0.001154,0.000001
593,26,0xEBA79804D35F621C,15,15,17,39,1,1740,234,13376,0.003841,0.001462,0.001279,0.000001
594,40,0x19A735E284FDC0B6,20,20,20,40,1,863,565,15867,0.002056,0.003237,0.001471,0.000001
595,26,0xAFD91C584273EB06,16,16,16,40,1,43483,2227,12003,0.140154,0.011304,0.001239,0.000001
596,36,0xA91E6B83C5420D7F,19,19,19,39,1,36031,4361,15075,0.125533,0.023268,0.001452,0.000001
597,34,0x15D4E367FC8029BA,17,17,17,43,1,20,20,13392,0.000379,0.000453,0.001406,0.000001
598,38,0x032BF5AD97E614C8,19,19,21,39,1,20,20,17087,0.000377,0.000453,0.001555,0.000001
599,36,0x130B5FC6278DEA94,19,19,19,43,1,27052,31547,14994,0.085547,0.199780,0.001428,0.000001
600,26,0x8E5D302AC6F7941B,16,16,16,42,1,54595,3841,12154,0.236571,0.018925,0.001231,0.000001
601,32,0x6A039B824E1F5CD7,17,17,17,39,1,246,855,13455,0.000848,0.004502,0.001287,0.000001
602,40,0x10462CF5ABE89D37,20,20,22,40,1,2179,1701,17694,0.005088,0.008954,0.001602,0.000001
603,26,0xFB6D59083AE427C1,16,16,16,38,1,39492,2484,12345,0.133562,0.012177,0.001224,0.000001
604,32,0x5602DAB17FE849C3,18,18,18,40,1,74603,2447,14089,0.363423,0.012611,0.001341,0.000001
605,34,0x45B6A2ED189370FC,19,19,19,33,1,172442,2492,14880,1.067063,0.015042,0.001406,0.000001
606,36,0x63BA0D45CEF29817,19,19,19,43,1,39173,184,15114,0.192430,0.001303,0.001410,0.000001
607,34,0x0912BCA734D8EF56,17,17,19,33,1,617,617,15026,0.001708,0.003454,0.001710,0.000001
608,38,0x82376E0F9B1C4D5A,20,20,20,46,1,77367,3740,15850,0.379367,0.020967,0.002149,0.000001
609,34,0xE83A042B6FD5C917,18,18,18,40,1,9355,8444,14095,0.023694,0.044757,0.001498,0.000001
610,34,0x209A638B751FDCE4,18,18,18,44,1,8501,2580,14213,0.022010,0.013406,0.001367,0.000001
611,40,0x8341752D6ACBE9F0,20,20,22,36,1,337,106,17565,0.000974,0.000862,0.001614,0.000001
612,34,0x1302F6ACB7D8E549,18,18,18,44,1,6752,59,14050,0.015880,0.000660,0.001400,0.000001
613,40,0x892E6715A3CFD40B,20,20,20,38,1,1210,1192,15906,0.003348,0.006457,0.001555,0.000001
614,26,0xB69DCA80453271FE,14,14,14,36,1,251,15,10138,0.000859,0.000453,0.001098,0.000001
615,32,0x894FE7165ABD203C,18,18,18,42,1,75621,1060,14118,0.380480,0.005677,0.001362,0.000001
616,22,0xF65CD819074BEA32,14,14,14,44,1,8285,274,10367,0.018890,0.001682,0.001089,0.000001
617,34,0x8BA1F923DEC40765,19,19,21,39,1,85264,9152,16631,0.454724,0.047081,0.001521,0.000001
618,26,0xDF0178BC9E6A3245,15,15,15,39,1,6845,327,11212,0.016105,0.001957,0.001131,0.000001
619,28,0xF96BE85D1234A7C0,16,16,16,32,1,25077,1050,12156,0.080635,0.005597,0.001208,0.000001
620,26,0xCE713B2D6495F0A8,15,15,15,37,1,4603,761,11275,0.010148,0.003779,0.001464,0.000001
621,34,0x67E3F08295CAD1B4,20,20,20,44,1,1811092,60397,15864,16.340635,0.474482,0.001505,0.000001
622,32,0x287E1C69A430BFD5,18,18,18,42,1,54605,963,13612,0.264718,0.005365,0.001487,0.000001
623,40,0x35AB29CF80ED4176,21,21,21,43,1,359682,16495,16792,2.594871,0.089407,0.001551,0.000001
624,34,0x1C04ED73F2A59B68,17,17,17,39,1,1240,677,13141,0.002994,0.003659,0.001277,0.000001
625,28,0x6A1FE78043CD9B52,17,17,17,43,1,84053,3155,12900,0.371868,0.015791,0.001267,0.000001
626,32,0x82B394CD5A7E1F06,16,16,16,36,1,17,17,12243,0.000359,0.000423,0.001212,0.000001
627,36,0x8260E15AB49F3DC7,19,19,19,49,1,25305,3430,14995,0.085786,0.018201,0.001442,0.000001
628,24,0xBADE7F296C130458,14,14,14,44,1,2529,53,10140,0.005246,0.000584,0.001067,0.000001
629,36,0x3B51FE7280A6D94C,19,19,19,41,1,21963,20,14956,0.069609,0.000431,0.001405,0.000001
630,32,0x02F4AE36751BC89D,17,17,17,41,1,2182,84,13108,0.005254,0.000772,0.001274,0.000001
631,28,0x2BD817C634F0EA95,16,16,16,42,1,9966,309,12216,0.026725,0.001884,0.001276,0.000001
632,30,0x97B4582D3C1AE6F0,15,15,15,35,1,17,17,11192,0.000451,0.000480,0.001198,0.000001
633,32,0xF4B16E0A8D9523C7,17,17,17,39,1,572,5503,13079,0.001478,0.028782,0.001290,0.000001
634,28,0xF867019EA45B32DC,15,15,15,47,1,521,6179,11532,0.001377,0.031210,0.001163,0.000001
635,40,0x31EB856A907FDC24,21,21,21,39,1,345033,432,16763,2.583728,0.002840,0.001703,0.000001
636,36,0x80BE1C34AF972D65,19,19,21,39,1,15840,12691,16789,0.049585,0.067827,0.001517,0.000001
637,40,0x41B35D9E86A2C7F0,22,22,22,34,1,6369579,185884,18031,54.613428,2.087582,0.001916,0.000001
638,38,0xC04B5628A1ED793F,19,19,21,33,1,25678,26142,16845,0.093373,0.160313,0.001555,0.000001
639,28,0x3A49CB6EF25018D7,15,15,15,37,1,1384,34,11201,0.003450,0.000498,0.001138,0.000001
640,36,0x3B790DF6E2A1485C,18,18,18,42,1,11936,3693,14365,0.032737,0.019316,0.001362,0.000001
641,40,0xEB23190F8D4AC657,21,21,21,47,1,129969,12544,17028,0.867587,0.067802,0.001538,0.000001
642,30,0xD4AEF7C019B56328,16,16,18,46,1,773,9862,13617,0.002081,0.054841,0.001446,0.000001
643,34,0x079BA5D3F1C624E8,17,17,19,35,1,62,62,14755,0.000437,0.000648,0.001371,0.000001
644,40,0x5FA74D6308E92B1C,21,21,21,35,1,295643,1452,16778,2.211699,0.008835,0.001675,0.000001
645,30,0x64289B5D70F1CA3E,16,16,16,40,1,636,404,12087,0.002019,0.002433,0.001311,0.000001
646,34,0xB07C1EA325864DF9,17,17,17,39,1,2756,1795,13325,0.007126,0.009872,0.001293,0.000001
647,28,0xBEF03D2814A9567C,16,16,16,40,1,12370,295,12056,0.032445,0.001762,0.001239,0.000001
648,30,0x1837CBD965FE02A4,17,17,17,31,1,50848,1784,12845,0.223822,0.009669,0.001241,0.000001
649,36,0x8B2E49FAC5317D06,19,19,19,39,1,61156,71,14835,0.295105,0.000742,0.001390,0.000001
650,34,0x1D9B07A83F2C54E6,18,18,18,38,1,2472,1395,14169,0.006246,0.007370,0.001337,0.000001
651,22,0x7C5F14D83692AEB0,14,14,14,40,1,8578,540,10255,0.018791,0.002900,0.001070,0.000001
652,30,0xAE524B07D61938FC,16,16,16,40,1,4557,1854,12283,0.010513,0.009790,0.001197,0.000001
653,32,0xA8429503E7DC16FB,16,16,16,34,1,569,273,12181,0.001417,0.002103,0.001754,0.000001
654,32,0x984F051BE3AC76D2,17,17,17,43,1,4869,3942,13008,0.011402,0.020089,0.001264,0.000001
655,32,0x987E305DB421A6CF,17,17,17,53,1,3056,1697,12827,0.006811,0.008766,0.001227,0.000001
656,34,0x5C803D61EFA7249B,18,18,18,40,1,7162,1311,14293,0.017286,0.007180,0.001347,0.000001
657,30,0x2C8D947F5AB3E610,16,16,16,36,1,995,85,11949,0.002327,0.000769,0.001199,0.000001
658,40,0x8D19B5370C2F64EA,20,20,20,42,1,11285,5729,15934,0.031683,0.030558,0.001522,0.000001
659,30,0x72D83C06EB4195FA,15,15,15,43,1,16,16,11128,0.000382,0.001062,0.001841,0.000001
660,24,0x7ECB85D9F41326A0,12,12,12,34,1,13,13,8442,0.000788,0.000600,0.001700,0.000001
661,30,0x629FAD875C0E14B3,15,15,15,33,1,814,266,11106,0.002460,0.001989,0.001836,0.000001
662,30,0x50EAFCD9432167B8,18,18,18,42,1,226453,8547,13547,1.553370,0.044483,0.001302,0.000001
663,30,0xFAC3D9480BE57126,17,17,17,39,1,20026,633,12889,0.061142,0.003661,0.001285,0.000001
664,34,0x7DB5183649F20AEC,18,18,18,40,1,8369,49,13952,0.020676,0.000587,0.001353,0.000001
665,26,0x16AEF97BDC583042,16,16,16,38,1,66774,5241,12086,0.284755,0.025062,0.001338,0.000001
666,22,0xB6CDA95FE2703184,12,12,12,36,1,68,33,8346,0.000509,0.000533,0.000974,0.000001
667,26,0x9C5E6847DABF3210,15,15,15,37,1,5346,207,11190,0.012096,0.001369,0.001139,0.000001
668,28,0x10DC5496B37EF2A8,16,16,16,40,1,14918,484,12161,0.040410,0.002774,0.001202,0.000003
669,36,0x3A61E02FDC4B5789,19,19,19,51,1,23511,2232,15069,0.076366,0.012915,0.001437,0.000001
670,38,0x167F8542ACED093B,19,19,19,37,1,10754,12685,15032,0.028300,0.068183,0.001442,0.000001
671,34,0xA3EC0267195DBF48,19,19,19,41,1,91539,2927,15148,0.568332,0.016750,0.001967,0.000001
672,34,0x8B503D2F1E4A796C,19,19,19,39,1,105472,1138,14840,0.662279,0.006794,0.001522,0.000001
673,32,0xD3BF87C541E6A092,18,18,18,36,1,65194,2012,13802,0.299779,0.011637,0.001456,0.000001
674,38,0xDA265C831FB049E7,20,20,20,36,1,152548,29,15486,0.971641,0.000532,0.001615,0.000001
675,32,0x65A01C8D7F432BE9,16,16,16,40,1,1221,1127,12211,0.003584,0.006319,0.001300,0.000001
676,34,0xD92FC5A06348E7B1,17,17,19,41,1,1358,943,15048,0.003679,0.005337,0.001512,0.000000
677,30,0xD5B0AF836E92C417,16,16,16,38,1,564,387,11922,0.001491,0.002258,0.001283,0.000001
678,38,0x683BF1A0D9E2C457,20,20,20,48,1,24795,15077,15959,0.088135,0.085477,0.001516,0.000001
679,38,0x7340D156F9B82CEA,19,19,19,43,1,622,622,15031,0.001700,0.003339,0.001429,0.000001
680,38,0x5692401B3DE8C7AF,19,19,19,43,1,68,40,15082,0.000715,0.000537,0.001413,0.000001
681,42,0xC4036571AF2BDE98,21,21,21,41,1,11344,9018,16789,0.031714,0.051635,0.001564,0.000001
682,42,0x1024D98763BACFE5,22,22,22,34,1,765675,221,17682,7.503680,0.001675,0.001786,0.000001
683,30,0xACB4365F92E8071D,17,17,17,35,1,9879,279,13174,0.029561,0.001747,0.001257,0.000001
684,30,0xE675FC0B91A483D2,17,17,17,41,1,20312,229,13151,0.062538,0.001569,0.001272,0.000001
685,34,0x41A2B5F06CE873D9,18,18,18,44,1,3502,29507,14110,0.008434,0.177786,0.001370,0.000001
686,32,0x9A152E0CD3FB6487,18,18,18,46,1,62871,1050,13819,0.297990,0.005719,0.001330,0.000001
687,26,0xB948EC70AFD52613,15,15,15,39,1,2145,45,11185,0.004777,0.000553,0.001150,0.000001
688,36,0x5DFA764E293B01C8,20,20,20,38,1,165659,2320,15798,1.121206,0.013126,0.001604,0.000001
689,30,0x0A73CB981ED645F2,16,16,16,26,1,2276,54,12237,0.005857,0.000612,0.001305,0.000001
690,36,0x572036ECD18AB9F4,19,19,19,41,1,29069,16657,14809,0.090928,0.088802,0.001446,0.000001
691,30,0x5F378EADC946B021,16,16,16,36,1,1872,477,12325,0.004559,0.002690,0.001208,0.000001
692,26,0xC358E4BA70DF1269,15,15,15,37,1,6164,215,11167,0.014059,0.001380,0.001128,0.000001
693,42,0x71F8452EC9ABD306,21,21,21,35,1,3018,2630,16823,0.007007,0.015960,0.002208,0.000001
694,36,0x0A3F7BE25916C84D,19,19,19,39,1,15152,4323,15013,0.041728,0.023625,0.001383,0.000001
695,40,0x5DA3B7418E290CF6,21,21,21,35,1,425136,3201,16848,3.733840,0.019642,0.001679,0.000001
696,32,0xA1F7CED9658B4302,17,17,17,35,1,5491,53,13086,0.014932,0.000607,0.001274,0.000001
697,32,0xA4CD1F85E93B7062,18,18,18,42,1,63497,1582,13908,0.318079,0.009202,0.001384,0.000001
698,38,0x2C8E693705DBA14F,21,21,21,39,1,1517705,29658,16735,13.072313,0.188747,0.001646,0.000001
699,30,0xB80AC41E325F967D,16,16,16,46,1,1223,395,11694,0.002751,0.002209,0.001171,0.000001
700,30,0x38EC67B9405FD1A2,17,17,17,35,1,24038,447,13156,0.083620,0.002684,0.001260,0.000001
701,26,0xBE158F0AC432769D,13,13,13,49,1,258,64,9264,0.000800,0.000641,0.001002,0.000001
702,36,0x92F6CD5713A8B4E0,18,18,18,34,1,2875,2163,14242,0.006602,0.010819,0.001354,0.000001
703,26,0x8F36C09D5E741B2A,15,15,15,43,1,7469,322,11172,0.017195,0.001959,0.001139,0.000001
704,44,0x70C32546B18F9DAE,23,23,23,43,1,4726975,135372,18635,42.542766,1.257240,0.001931,0.000001
705,30,0xF0D3E9AC1762485B,16,16,16,40,1,2453,109,12089,0.006705,0.000902,0.001314,0.000001
706,36,0x2C7F564D018E9A3B,18,18,18,40,1,1639,1442,13994,0.004314,0.007961,0.001328,0.000001
707,30,0x6B9F387C0E4AD125,16,16,18,40,1,1534,343,13739,0.003380,0.002031,0.001309,0.000000
708,30,0x6A8B51DE97CF3402,17,17,17,39,1,23165,701,12930,0.069460,0.004016,0.001273,0.000001
709,32,0xB41A30276D5E9CF8,17,17,17,45,1,9842,10137,13148,0.026031,0.054488,0.001295,0.000001
710,30,0x087D2A95F6134BCE,16,16,16,44,1,1649,359,12245,0.004139,0.002126,0.001220,0.000001
711,32,0x34E7F508B9CD1A26,18,18,18,42,1,85597,3316,14017,0.412689,0.016942,0.001328,0.000001
712,26,0xE78DB1C603F45A92,13,13,13,35,1,234,234,9570,0.000777,0.001482,0.001025,0.000001
713,32,0x5637AFEB4291DC08,18,18,18,38,1,20616,363,13977,0.067411,0.002287,0.001362,0.000001
714,32,0xB31F2EC8509AD467,16,16,16,42,1,182,28,12152,0.000709,0.000476,0.001231,0.000001
715,34,0xD9E041237AB8F65C,17,17,17,45,1,18,18,12910,0.000396,0.000452,0.001284,0.000001
716,32,0x53DFB9A42701C86E,17,17,17,37,1,1858,5485,13353,0.004390,0.028237,0.001276,0.000001
717,32,0x7E6F34C51B8A209D,17,17,17,43,1,1176,1972,13229,0.002668,0.010560,0.001290,0.000001
718,32,0x024596D173FE8BAC,18,18,18,42,1,53282,1053,13886,0.245693,0.006306,0.001480,0.000001
719,30,0x9B613ECADF207485,18,18,18,42,1,217551,4435,14092,1.569695,0.023790,0.001479,0.000001
720,34,0x298F5ACE4B0316D7,18,18,18,40,1,7345,23024,14227,0.019635,0.134862,0.002026,0.000001
721,32,0xBF1A0E6C843D7925,18,18,18,44,1,47987,772,14038,0.262831,0.004387,0.001349,0.000001
722,30,0x69D83E5C402B7FA1,16,16,16,40,1,1803,9954,12342,0.004172,0.051779,0.001226,0.000001
723,28,0x75D86A2C1930BEF4,16,16,16,34,1,16125,851,12179,0.041818,0.004692,0.001207,0.000001
724,32,0x6D97E0BF352481AC,19,19,19,41,1,250980,7355,14975,1.849698,0.040804,0.001438,0.000001
725,28,0x92CF8A5DE637410B,15,15,15,35,1,113,390,11329,0.000545,0.002221,0.001146,0.000001
726,26,0x4CBE3F56D7A01298,13,13,13,41,1,14,14,9396,0.000352,0.000418,0.001029,0.000001
727,28,0x8A35BE0C4196F2D7,14,14,14,42,1,47,47,10373,0.000408,0.000565,0.001179,0.000001
728,34,0x26439CA7BF5810ED,18,18,18,36,1,26720,2042,14096,0.086309,0.011232,0.001355,0.000001
729,34,0xB302FDCA617584E9,18,18,18,42,1,3697,323,13813,0.008415,0.001993,0.001349,0.000001
730,42,0x2A37014FC8BED596,22,22,22,50,1,584834,858,17819,4.816859,0.005382,0.002813,0.000001
731,24,0xF4173A98C6DBE520,13,13,13,37,1,132,920,9737,0.000570,0.005083,0.001087,0.000001
732,34,0xBEF749653C81AD02,18,18,18,38,1,6227,1908,14223,0.017453,0.010123,0.001346,0.000001
733,30,0x5BD2A083946EFC71,17,17,17,37,1,29081,489,13002,0.090248,0.002963,0.001273,0.000001
734,40,0x803F65421EA79BDC,21,21,23,43,1,505661,27,18606,4.233897,0.000580,0.001893,0.000001
735,32,0xD42B69EC7018AF35,17,17,17,37,1,5856,203,13125,0.016546,0.001498,0.001270,0.000001
736,36,0x15B468A3E0F79DC2,19,19,19,33,1,39327,2946,14905,0.133080,0.015211,0.001413,0.000001
737,34,0x46853E209DBAFC71,17,17,17,39,1,366,174,13163,0.001044,0.001178,0.001290,0.000001
738,30,0x3E9BA758D621C04F,15,15,15,35,1,81,81,11403,0.000492,0.000739,0.001160,0.000000
739,36,0x5904EF76CB2813DA,18,18,20,40,1,115,99,15922,0.000548,0.000944,0.001671,0.000001
740,32,0x05F682EC9A14BD37,18,18,18,38,1,53796,1208,14231,0.251287,0.006834,0.001362,0.000001
741,40,0x93670C2DB8AF541E,20,20,20,42,1,76,76,15818,0.000475,0.000720,0.001453,0.000001
742,32,0x597E08DF42631BCA,18,18,18,42,1,19473,272,13987,0.051495,0.001715,0.001348,0.000001
743,26,0xE549C8F0721D6B3A,14,14,14,46,1,220,739,10087,0.000736,0.004147,0.001056,0.000001
744,30,0xD6E935FB07A8241C,16,16,16,38,1,522,4251,12356,0.001340,0.022004,0.001253,0.000001
745,30,0x8D1A347BF6905E2C,16,16,16,42,1,1705,1391,12181,0.003839,0.007384,0.001197,0.000001
746,32,0x52F4B637CD90E18A,18,18,18,42,1,90298,2031,14084,0.569899,0.012229,0.001406,0.000001
747,34,0xB87329D640EFAC51,20,20,20,38,1,2745069,81743,15897,21.454575,0.637229,0.001658,0.000001
748,38,0x3D248751AC6BE0F9,20,20,20,38,1,45836,7264,16118,0.216050,0.038879,0.001572,0.000001
749,36,0x318406AF972CDE5B,19,19,19,45,1,30619,1395,14982,0.099538,0.007664,0.001411,0.000001
750,30,0x785F926E340DCBA1,15,15,15,45,1,1195,537,11216,0.002828,0.002993,0.001158,0.000001
751,38,0x01D93CF7482AEB56,21,21,21,41,1,1831271,47646,16915,17.394686,0.369613,0.001585,0.000001
752,30,0x098CA2E375B6F4D1,17,17,17,37,1,7737,171,13143,0.018518,0.001187,0.001337,0.000001
753,28,0xBF237E8C9015A6D4,16,16,16,38,1,9585,216,11856,0.023099,0.001409,0.001194,0.000001
754,30,0xBDF713C2E86450A9,18,18,18,44,1,125203,3762,13944,0.788171,0.022269,0.001478,0.000001
755,34,0x4C275ED639F81BA0,17,17,19,37,1,19,19,15298,0.000361,0.000425,0.001716,0.000001
756,30,0x061A498C7ED253BF,15,15,15,39,1,570,564,11020,0.001590,0.003221,0.001209,0.000001
757,30,0x5B89264CDE7A031F,16,16,16,34,1,2183,897,12081,0.005267,0.004625,0.001194,0.000001
758,30,0xB80CD6241735EF9A,17,17,17,43,1,31635,458,13110,0.103486,0.002633,0.001268,0.000001
759,24,0xFB4ED1C86705932A,16,16,16,44,1,119240,9019,12144,0.688516,0.046456,0.001209,0.000001
760,34,0x743CB9268D51E0AF,18,18,18,40,1,9384,6904,14286,0.026095,0.035613,0.001352,0.000001
761,38,0xD50AE126B937F48C,21,21,21,49,1,682242,6812,16928,5.757607,0.038583,0.001701,0.000001
762,32,0x457A1086DF3CBE29,17,17,17,39,1,10199,1764,13026,0.028200,0.009578,0.001245,0.000001
763,30,0x934BA0CEF216578D,18,18,18,50,1,175067,3892,13884,1.072180,0.021224,0.001460,0.000001
764,28,0x0A6E72C8315DF4B9,17,17,17,45,1,54832,2071,13074,0.256700,0.010384,0.001285,0.000001
765,38,0x837AC40F1D2E9B56,20,20,22,46,1,42457,15558,17717,0.199201,0.083759,0.001627,0.000001
766,26,0xA28E3F1CB57D6904,15,15,15,41,1,1542,52,11189,0.003703,0.000601,0.001144,0.000001
767,34,0xE14FB0C5D23968A7,17,17,17,41,1,7536,5252,13266,0.018746,0.028208,0.001387,0.000001
768,34,0x720F6C351BEDA894,18,18,18,44,1,2318,8529,13954,0.005439,0.047638,0.001358,0.000001
769,36,0x018FB4CD2563E79A,19,19,19,41,1,46169,106,14973,0.215206,0.000897,0.001382,0.000001
770,36,0xB1F782C50D3AE496,20,20,20,40,1,425892,6452,16046,3.719858,0.036645,0.001468,0.000001
771,32,0xB3EDFC61A2049587,16,16,16,50,1,238,238,12197,0.000808,0.001473,0.001197,0.000001
772,36,0xA81F0752D9BC346E,20,20,20,42,1,512731,12744,15931,4.234216,0.075430,0.001481,0.000001
773,28,0xA705B39CDE2864F1,16,16,16,38,1,14609,621,12163,0.037620,0.003496,0.001297,0.000001
774,26,0xF26CA9EB14D35078,15,15,15,39,1,8741,655,10974,0.019692,0.003562,0.001143,0.000001
775,40,0x1B630DE794FA285C,21,21,21,39,1,706022,17002,17103,5.581882,0.097164,0.001595,0.000001
776,32,0x8B7AE5D960F21C43,16,16,16,36,1,303,201,12286,0.000933,0.001393,0.001221,0.000001
777,30,0xC8425FBE173D6A09,16,16,16,38,1,1287,63,12154,0.003037,0.000635,0.001236,0.000001
778,28,0xBE7FA65D1824C309,17,17,17,37,1,54325,2551,13164,0.247225,0.013007,0.001306,0.000001
779,32,0x2C64FBEA8D710935,16,16,16,36,1,31,31,12271,0.000416,0.000522,0.001252,0.000001
780,22,0x3EFD90B1A6745C28,13,13,13,43,1,1573,105,9350,0.003378,0.000842,0.001028,0.000001
781,38,0x4613D9B0E5A28CF7,19,19,21,43,1,4601,3698,16951,0.010944,0.019379,0.001536,0.000001
782,26,0xF20B95EC764DA831,13,13,13,41,1,14,14,9603,0.000353,0.000403,0.001028,0.000001
783,26,0x3BFC96AE085274D1,15,15,15,33,1,2784,107,11073,0.006273,0.000825,0.001128,0.000001
784,32,0x1C03A2EB95F876D4,18,18,18,38,1,92852,1051,13929,0.577319,0.005627,0.001422,0.000001
785,30,0x4CB09F56D82E7A31,18,18,18,38,1,245682,6755,13908,1.720402,0.037692,0.001317,0.000001
786,32,0x2CE48B617FA9035D,17,17,17,33,1,5139,2849,12961,0.011691,0.015002,0.001249,0.000001
787,42,0x05A3F2618B97ECD4,21,21,21,41,1,762,1162,16966,0.001850,0.006229,0.001599,0.000001
788,30,0x08C964FAB5D23E17,16,16,16,38,1,2286,2126,12191,0.005055,0.011064,0.001240,0.000001
789,30,0xAD286C30EF791B54,17,17,17,39,1,7936,1185,13164,0.021669,0.005885,0.001314,0.000001
790,34,0xFB79C1320E8A64D5,19,19,19,47,1,114349,2395,14842,0.733257,0.014094,0.001475,0.000001
791,26,0x67EFADB8035C2941,15,15,15,31,1,4766,217,11046,0.010595,0.001411,0.001130,0.000000
792,34,0x107B9D5C2864F3AE,18,18,20,38,1,36505,17785,15942,0.121179,0.101531,0.001469,0.000001
793,26,0x5AC9DEF1028736B4,15,15,15,37,1,5485,209,10883,0.012290,0.001331,0.001123,0.000001
794,36,0xC8FB274EA93D5106,18,18,18,42,1,19,19,14035,0.000359,0.000431,0.001356,0.000000
795,40,0x130BEF74D68AC925,21,21,21,39,1,374142,1144,16861,3.296283,0.007061,0.002510,0.000001
796,34,0x17A4CF523EB9D806,19,19,19,35,1,253463,5761,15011,1.847870,0.032277,0.001403,0.000001
797,32,0x9FB7804CED5A2163,18,18,18,44,1,53325,1600,14057,0.242243,0.008363,0.001335,0.000001
798,26,0x07CE8259BF1DA634,15,15,15,41,1,1510,1635,11271,0.003416,0.008198,0.001137,0.000001
799,34,0x31E50BDAC8269F74,18,18,18,36,1,10929,63,14075,0.030030,0.000632,0.001336,0.000001
800,36,0x5F71ED046328C9BA,20,20,20,48,1,368696,6325,15705,2.712135,0.036057,0.001463,0.000001
801,34,0x372C0B51ED968A4F,18,18,18,44,1,19232,88,13899,0.066196,0.000846,0.001314,0.000001
802,28,0x6F4DCBEA17893502,16,16,16,36,1,16306,426,11953,0.041556,0.002439,0.001212,0.000001
803,28,0x30EC4789F215ABD6,14,14,14,44,1,107,107,10334,0.000542,0.000893,0.001092,0.000001
804,32,0xEAB176839245C0DF,17,17,17,37,1,2095,1227,12949,0.004901,0.006490,0.001301,0.000001
805,28,0x5FC097A2E138B6D4,16,16,16,38,1,9397,253,11779,0.022022,0.001602,0.001212,0.000001
806,36,0xAB374680F91CD52E,19,19,19,41,1,24535,1104,14727,0.079718,0.006173,0.001554,0.000001
807,34,0x5748A96F01BC2ED3,18,18,18,40,1,13802,258,13848,0.036690,0.001663,0.001337,0.000001
808,40,0xA531C67B908EFD42,21,21,21,39,1,317177,3330,17068,2.332447,0.019835,0.001708,0.000001
809,36,0xEF20C351D89B467A,18,18,18,46,1,19,19,13906,0.000355,0.000426,0.001473,0.000001
810,30,0x0F8C1A926BE3547D,17,17,17,43,1,25905,802,13114,0.085432,0.004528,0.001269,0.000001
811,28,0xE6978B25D4F031CA,15,15,15,43,1,663,2631,11298,0.001646,0.013526,0.001128,0.000001
812,36,0x59B4C1EF0A6D8732,20,20,20,44,1,981035,23710,15766,8.653137,0.147898,0.001488,0.000001
813,32,0x59E218B7634FDA0C,16,16,18,42,1,17,17,13842,0.000360,0.000482,0.001451,0.000001
814,30,0xA298FE510D4B76C3,15,15,15,35,1,290,17,11185,0.001172,0.000660,0.001396,0.000001
815,42,0x4523E7A1C0D986BF,23,23,23,47,1,16043266,459990,18495,184.520496,5.297447,0.001944,0.000001
816,32,0xF142786AC390BE5D,16,16,16,36,1,21,21,12154,0.000369,0.000429,0.001182,0.000001
817,28,0x619B238DFE45A07C,17,17,17,43,1,175265,9843,12907,1.010073,0.054274,0.001276,0.000001
818,26,0x5D3A1E987F4B02C6,15,15,15,37,1,2541,126,11315,0.006030,0.000988,0.001228,0.000001
819,34,0x0275B9E4D81CAF63,18,18,18,36,1,2272,18769,14051,0.005358,0.103799,0.001377,0.000001
820,38,0x5CA3614FBD79280E,20,20,20,40,1,96887,11616,15909,0.640338,0.072966,0.001492,0.000001
821,40,0x2705D9438AF61CEB,20,20,22,40,1,2076,1383,17755,0.005695,0.007740,0.001621,0.000001
822,28,0x37E91C06DF548AB2,16,16,16,42,1,17186,267,12228,0.048621,0.001929,0.001221,0.000001
823,32,0x572BFD9436A1E8C0,17,17,17,37,1,2119,147,13368,0.005813,0.001150,0.001298,0.000001
824,32,0xDB23CE106F98754A,17,17,17,37,1,4176,850,12998,0.009870,0.004918,0.001290,0.000001
825,38,0x04A6E1DF25CB8379,19,19,19,43,1,842,746,14865,0.002218,0.004257,0.001401,0.000001
826,36,0x615A87BF24D309CE,18,18,20,42,1,18601,22457,15475,0.051853,0.135966,0.001425,0.000001
827,34,0x7D089652C31AE4BF,18,18,18,40,1,6272,9767,13932,0.015799,0.053192,0.001451,0.000001
828,28,0xB17D3ACE825046F9,16,16,16,42,1,4489,175,12338,0.010820,0.001258,0.001223,0.000001
829,30,0xD73C45B9E8F16A20,16,16,16,34,1,874,387,12187,0.002350,0.002352,0.001211,0.000001
830,32,0xB9C73450F1ED28A6,18,18,18,40,1,46004,786,14065,0.206636,0.005027,0.001351,0.000001
831,34,0xC04E5A719D6BF832,18,18,18,36,1,13152,15848,14126,0.036814,0.087776,0.001381,0.000001
832,34,0x508F49C7DEB13A26,18,18,18,42,1,17171,24,13914,0.050411,0.000482,0.001744,0.000001
833,30,0x7A1B293E546C0F8D,18,18,18,40,1,235767,6520,13857,1.684772,0.036069,0.001343,0.000001
834,36,0x39E6F5A20B17D8C4,19,19,19,37,1,11627,2221,15121,0.031661,0.012467,0.001435,0.000001
835,34,0xF1BA76539E2048DC,18,18,18,38,1,12310,531,14066,0.035948,0.003450,0.001334,0.000001
836,34,0x0716A3DFB8C5E429,18,18,18,44,1,10456,19,13704,0.028079,0.000432,0.001338,0.000001
837,36,0x237FD5C1BA4068E9,20,20,20,42,1,551627,7577,15911,4.461912,0.043845,0.001475,0.000001
838,36,0x9478ED231BFC056A,20,20,20,42,1,828595,18493,15843,7.557401,0.103051,0.001493,0.000001
839,30,0xDB1C6E250A843F97,17,17,17,35,1,11979,319,13067,0.033343,0.002362,0.001251,0.000001
840,36,0xDA318E490B2C576F,19,19,19,39,1,74699,11722,14590,0.350945,0.067353,0.001481,0.000001
841,30,0x8D4F69CA310EB275,15,15,15,41,1,50,19,11131,0.000434,0.000430,0.001158,0.000001
842,36,0x21E576DA9FB3C804,18,18,20,32,1,203,147,15855,0.001011,0.001114,0.001481,0.000000
843,32,0x36B297E1C450A8FD,17,17,17,43,1,1582,538,13223,0.004388,0.003117,0.001416,0.000001
844,38,0x32896DB105E7CF4A,20,20,20,38,1,125777,42485,15949,0.811723,0.319619,0.001498,0.000001
845,30,0x6D1C2F0B58E493A7,15,15,15,43,1,183,64,11266,0.000822,0.000661,0.001180,0.000001
846,30,0xBF5AC73D26E08941,17,17,17,37,1,34022,1275,12899,0.115861,0.007626,0.001342,0.000001
847,38,0x482E09C1FBAD7563,19,19,21,41,1,46,34,16860,0.000419,0.000507,0.001547,0.000001
848,28,0x7E64A051328C9FDB,16,16,16,48,1,16513,271,12010,0.045493,0.001911,0.001212,0.000001
849,38,0xA63745D8B0E219CF,19,19,19,37,1,2446,2172,15186,0.006573,0.011693,0.001440,0.000001
850,26,0xB6A02FD9C75418E3,14,14,14,40,1,442,112,10161,0.001729,0.000890,0.001065,0.000001
851,30,0x6C4A1F735E82DB90,17,17,17,43,1,7239,220,13208,0.017185,0.001491,0.001293,0.000001
852,38,0x519B6E7A0483FDC2,20,20,20,36,1,69961,12502,15641,0.370175,0.068899,0.001481,0.000001
853,32,0xE0BA6FC734528D19,17,17,17,37,1,12539,3210,13224,0.040519,0.017740,0.001308,0.000001
854,36,0xB5014928E3DA7F6C,19,19,19,39,1,11078,1378,15025,0.031456,0.008198,0.001447,0.000001
855,30,0x957CB0F24E3AD861,15,15,15,41,1,16,16,11092,0.000358,0.000414,0.001144,0.000001
856,28,0xE1DC53729640ABF8,17,17,17,37,1,234923,15049,13259,1.709617,0.082403,0.001297,0.000001
857,32,0x5AB3F876EC421D09,16,16,16,38,1,17,17,12098,0.000362,0.000426,0.001237,0.000001
858,24,0xAE8DB1935F4720C6,15,15,15,39,1,13633,905,11274,0.036477,0.005354,0.001141,0.000001
859,34,0x0E1FC2D795684AB3,18,18,18,40,1,1035,9252,14042,0.002666,0.051215,0.001351,0.000001
860,34,0x5CF0EDA71B368924,20,20,20,40,1,1691682,41082,15688,16.247837,0.311125,0.001546,0.000001
861,28,0xE3F8DC762095AB14,16,16,16,32,1,8178,137,12187,0.019697,0.001047,0.001219,0.000001
862,38,0x10A469F723EDCB58,19,19,21,39,1,7472,7381,16786,0.018962,0.043377,0.001549,0.000001
863,30,0xC2F5D13947A68EB0,15,15,15,39,1,457,299,11198,0.001521,0.001852,0.001131,0.000001
864,32,0x1D5E0A97842C6BF3,17,17,17,39,1,1434,231,13311,0.003999,0.001554,0.001281,0.000001
865,38,0x583164CDA2E9B70F,19,19,21,41,1,30974,25011,16626,0.109658,0.170753,0.001552,0.000001
866,34,0x260A415DFCB7389E,18,18,18,48,1,14823,1670,13997,0.041820,0.009955,0.001372,0.000001
867,36,0x9B603827D541EACF,18,18,20,40,1,14648,11902,15979,0.040857,0.069692,0.001480,0.000001
868,38,0xAB49C16FE807D532,20,20,20,44,1,157212,649,15830,1.011468,0.004490,0.001592,0.000001
869,42,0x210465BD793AE8CF,22,22,22,46,1,581746,1735,17646,5.086803,0.011199,0.001812,0.000001
870,32,0x3E2DC86B95F174A0,16,16,16,36,1,366,305,12374,0.001244,0.002060,0.001316,0.000001
871,22,0xBAC5F79204D83E16,12,12,12,40,1,132,13,8370,0.000614,0.000391,0.001093,0.000001
872,34,0x3549067EA2BCDF18,17,17,17,41,1,5098,4418,13229,0.013888,0.026467,0.001294,0.000001
873,36,0xB967FDE1C503284A,19,19,19,47,1,11565,27616,14918,0.031744,0.176168,0.001416,0.000001
874,34,0x586EF12A0397CBD4,19,19,19,39,1,264699,5384,14854,1.991446,0.032316,0.001377,0.000001
875,32,0xE0978BFC4A31D526,17,17,17,39,1,5725,3640,12841,0.013560,0.019006,0.001520,0.000001
876,26,0x52FAB398D1C7064E,14,14,14,34,1,238,161,10225,0.000831,0.001178,0.001072,0.000001
877,32,0xEF2718390DC5B4A6,17,17,17,43,1,7023,3288,12715,0.016511,0.017406,0.001251,0.000001
878,30,0xAD24830F5E91B67C,15,15,15,43,1,16,16,11147,0.000368,0.000419,0.001154,0.000001
879,28,0xDC94BA13F80265E7,16,16,16,44,1,20183,456,12484,0.053875,0.003128,0.001231,0.000001
880,24,0x5C4FA81B607E93D2,14,14,14,40,1,1668,1647,10152,0.004534,0.008801,0.001079,0.000001
881,34,0x65839A74CF02BD1E,18,18,18,32,1,30455,77,14193,0.102419,0.000927,0.001344,0.000001
882,28,0xF69A37E80B524C1D,15,15,15,33,1,614,411,11321,0.001837,0.002504,0.001144,0.000001
883,30,0x7F50C9846231DEAB,18,18,18,40,1,203147,8278,13781,1.510857,0.045309,0.001326,0.000001
884,26,0x3A52DE9B67C8401F,15,15,15,29,1,5075,287,11032,0.011277,0.001757,0.001125,0.000001
885,32,0xA7239F6C4BD01E58,17,17,17,41,1,6836,96,13075,0.016513,0.000859,0.001278,0.000001
886,36,0x80A247FB5C16DE93,19,19,19,39,1,22310,61407,15053,0.075822,0.472666,0.001467,0.000001
887,36,0xE529A371FD8B46C0,18,18,20,40,1,11530,17920,16100,0.032227,0.105767,0.001562,0.000001
888,22,0x32DFBA840E5796C1,14,14,14,34,1,4547,342,10115,0.010398,0.002123,0.001076,0.000001
889,28,0xA6579FDC4E2801B3,17,17,17,33,1,99654,4917,12744,0.591691,0.026669,0.001360,0.000001
890,30,0x872F9A53DC10B64E,16,16,16,40,1,1674,180,12339,0.004368,0.001277,0.001345,0.000001
891,34,0x7D394FC52BAE1608,18,18,18,36,1,4288,1779,14064,0.010159,0.009738,0.001339,0.000001
892,28,0xFBD76A20E359C148,17,17,17,41,1,64663,3306,13077,0.287721,0.018845,0.001325,0.000001
893,28,0x4B1D92A06CFE7583,16,16,16,34,1,7393,1496,11963,0.017587,0.008264,0.001314,0.000001
894,30,0xCD372E601A54B9F8,15,15,15,45,1,16,16,11302,0.000376,0.000427,0.001162,0.000001
895,30,0xFD5A68403BC1E729,17,17,17,39,1,25845,886,13129,0.082966,0.005453,0.001281,0.000001
896,26,0x9EA405DCF81637B2,14,14,14,38,1,235,26,10488,0.000826,0.000449,0.001177,0.000001
897,32,0x0C463DFA98E27B51,17,17,17,37,1,932,598,13115,0.002370,0.003301,0.001268,0.000001
898,34,0x2C78E4F13D0B695A,19,19,19,43,1,113132,1692,14891,0.735843,0.010746,0.001553,0.000001
899,34,0x0D6F712A3E8C4B59,17,17,17,45,1,19,19,12800,0.000368,0.000536,0.001413,0.000001
900,22,0xFAC8D67B24953E01,13,13,13,31,1,593,84,9391,0.001485,0.000761,0.000996,0.000001
901,26,0x3F16780A2C5E9BD4,16,16,16,40,1,45926,1775,11914,0.196442,0.009624,0.001193,0.000001
902,26,0x8F6C37A1BE5294D0,16,16,16,40,1,38731,2527,12222,0.123464,0.013237,0.001238,0.000001
903,30,0x87C4A2F39B1D56E0,16,16,16,40,1,611,889,12072,0.001585,0.004965,0.001288,0.000001
904,34,0xA2FB67EC8140395D,19,19,19,37,1,136747,4059,14886,0.865633,0.023944,0.001561,0.000001
905,32,0xAE52C6B318497F0D,18,18,18,34,1,112281,4109,13790,0.716949,0.027155,0.001360,0.000001
906,30,0x8DA730B16F9C245E,18,18,18,40,1,324200,5981,13684,2.189719,0.032486,0.001319,0.000001
907,32,0x7BF3C59A268140DE,18,18,18,40,1,48870,1039,14271,0.248183,0.006274,0.001369,0.000001
908,32,0xC2EDB3698A4F0157,17,17,17,39,1,1656,878,13110,0.004108,0.004770,0.001391,0.000001
909,32,0x876DCE094F2BA351,17,17,17,41,1,7659,7011,12728,0.018577,0.035990,0.001247,0.000001
910,28,0xD628A7B3E5C0F419,16,16,16,38,1,5838,217,11988,0.013480,0.001447,0.001205,0.000001
911,36,0xE8D357092AFBC461,19,19,19,37,1,23743,21,14898,0.079551,0.000478,0.001537,0.000001
912,30,0xDEA3F8BC19256047,15,15,15,43,1,184,52,11276,0.001024,0.000608,0.001214,0.000001
913,34,0xB0DA59238E4FC671,17,17,19,35,1,10166,5858,14886,0.029141,0.031165,0.001393,0.000001
914,30,0x78B063A9CEF1524D,17,17,17,41,1,18184,743,12845,0.050278,0.004741,0.001251,0.000001
915,26,0x6E482FDB95C13A07,14,14,14,40,1,342,58,10154,0.001135,0.000664,0.001084,0.000001
916,36,0xE036A754B1F89DC2,18,18,18,40,1,7872,6341,14066,0.019065,0.032824,0.001366,0.000001
917,28,0xD8B2E61C7A53049F,15,15,15,39,1,2521,1114,11199,0.005779,0.005977,0.001133,0.000001
918,28,0x5EA976BF241C830D,16,16,16,34,1,8286,316,12088,0.019596,0.002371,0.001295,0.000001
919,28,0x49EFB53D0AC67218,17,17,17,37,1,135133,8073,13083,0.803208,0.044156,0.001388,0.000001
920,34,0xC763DA2B15480E9F,18,18,18,38,1,3816,14088,14247,0.010344,0.078868,0.001346,0.000001
921,34,0x46A09FBEC18235D7,18,18,18,40,1,6715,7365,14050,0.016699,0.038360,0.001366,0.000001
922,32,0x750EF2C6A9B834D1,17,17,17,41,1,4058,18,13170,0.009927,0.000422,0.001296,0.000001
923,26,0xD6B93A21CFE57084,15,15,15,35,1,4896,61,11078,0.010977,0.000634,0.001154,0.000001
924,34,0x19BE70D62AC35F48,18,18,18,40,1,10111,37,13826,0.028007,0.000535,0.001351,0.000001
925,30,0xBD8120963E47CF5A,15,15,15,43,1,608,142,11251,0.001919,0.001071,0.001146,0.000001
926,36,0xFD2841E6B3C95A07,19,19,19,47,1,26500,20,14867,0.097690,0.000503,0.001399,0.000001
927,32,0xBC6F93841A27D5E0,18,18,18,36,1,62595,902,14015,0.307438,0.006281,0.001502,0.000001
928,38,0xC182E7934ABF506D,20,20,22,40,1,70531,20296,18180,0.367703,0.130657,0.001657,0.000001
929,34,0x89FB51A7C6D0E243,18,18,18,40,1,13629,1730,13947,0.041489,0.010368,0.001339,0.000001
930,28,0xB79A1E2854D30CF6,16,16,16,40,1,8541,99,12230,0.022449,0.000893,0.001229,0.000001
931,36,0x1372CEB5A6498F0D,18,18,20,36,1,39,35,15679,0.000398,0.000507,0.001467,0.000001
932,36,0x3072DABF8591CE46,19,19,19,39,1,15851,70,15118,0.045313,0.000709,0.001530,0.000001
933,26,0x59EFD41B7A2C3680,15,15,15,39,1,6888,358,11183,0.019232,0.002253,0.001149,0.000001
934,28,0xE35B8D142F9C76A0,14,14,14,36,1,15,15,9988,0.000343,0.000392,0.001070,0.000001
935,20,0x24DCAE186370FB59,12,12,12,38,1,171,25,8658,0.000699,0.000449,0.000965,0.000001
936,30,0x12F8340E9C5DB6A7,17,17,17,49,1,21758,845,12958,0.066732,0.005148,0.001421,0.000001
937,36,0x3547C29F0DAEB168,19,19,19,47,1,8088,18374,15256,0.020858,0.097967,0.001444,0.000001
938,36,0x241BA63DC587E09F,20,20,20,36,1,312132,6650,15721,2.320585,0.038696,0.001473,0.000001
939,34,0x374DC1A892EB560F,18,18,18,36,1,16051,2109,13952,0.044673,0.011533,0.001344,0.000001
940,38,0x8D5B34E6C2A1079F,20,20,20,38,1,48291,52,16162,0.234818,0.000617,0.001693,0.000001
941,30,0x6C207D98BF43A15E,16,16,16,38,1,313,3480,12266,0.001510,0.018845,0.001256,0.000001
942,28,0xACD5E8F279B31460,15,15,17,39,1,492,3067,13133,0.001384,0.016033,0.001308,0.000001
943,34,0xD96FC7213E8A54B0,18,18,18,40,1,5728,243,14250,0.014807,0.001649,0.001425,0.000001
944,34,0x970EC2B6AD1F8453,19,19,19,45,1,86447,1803,15029,0.575396,0.011376,0.001552,0.000001
945,36,0x81069D42F7CBE35A,19,19,19,39,1,22981,132,15174,0.079878,0.001163,0.001400,0.000001
946,36,0x1ECA632D04BF9587,19,19,19,39,1,22633,448,14912,0.072419,0.002991,0.001384,0.000001
947,34,0x691ECD4520F7A3B8,18,18,20,38,1,8390,2151,15596,0.020236,0.011421,0.001446,0.000001
948,34,0xEC6ADF09853B1427,19,19,19,43,1,169272,5083,14795,1.088188,0.028429,0.001526,0.000001
949,30,0x9A5ED420C68F317B,16,16,16,42,1,2025,277,12178,0.006297,0.001787,0.001354,0.000001
950,34,0x1EC20DAB658974F3,18,18,18,40,1,9289,807,14003,0.026816,0.004830,0.001348,0.000001
951,34,0x79F0D4A85B23E16C,18,18,18,40,1,7219,63,13980,0.017660,0.000655,0.001368,0.000001
952,36,0x538D0FCE2BA64917,19,19,19,43,1,17267,3238,15068,0.048012,0.018343,0.002563,0.000001
953,36,0xE9A7061DB583F42C,21,21,21,43,1,4369737,159530,16873,39.828879,1.567083,0.001820,0.000001
954,34,0x517EB049826AFD3C,18,18,18,42,1,14237,1335,13985,0.044777,0.007832,0.001328,0.000001
955,30,0x961572FACDB8340E,17,17,17,39,1,46541,617,13056,0.207784,0.003894,0.001278,0.000001
956,36,0x82E01D4CAF9356B7,19,19,21,43,1,10399,1755,16469,0.027815,0.009419,0.001535,0.000001
957,34,0xA8315E647CF2D9B0,18,18,18,40,1,7214,12518,14081,0.017550,0.072092,0.001340,0.000001
958,26,0x19DEC6B83425A7F0,14,14,14,32,1,551,148,10219,0.001773,0.001083,0.001048,0.000001
959,34,0x0F3D972B8A451E6C,18,18,18,40,1,7987,13145,13851,0.019721,0.077801,0.001411,0.000001
960,30,0x30E16BC872F9A4D5,17,17,17,39,1,17441,702,13180,0.056511,0.004549,0.001272,0.000001
961,32,0x8F01D674AE35BC92,17,17,17,41,1,1727,2517,12902,0.004202,0.013723,0.001284,0.000001
962,24,0x9A7D13F84E65B0C2,14,14,14,40,1,2415,66,10203,0.005405,0.000775,0.001145,0.000000
963,26,0x28D97B6CE50F3A14,14,14,14,34,1,275,74,10280,0.000931,0.000740,0.001298,0.000001
964,34,0x6B43815C2DF0AE97,19,19,19,39,1,222002,3802,14863,1.794887,0.021898,0.001524,0.000001
965,32,0xE237B8416A9FCD50,17,17,17,35,1,2057,1020,13621,0.006177,0.005664,0.001297,0.000001
966,32,0x97528EAD0B1F3C46,17,17,17,39,1,3335,69,13140,0.008430,0.000673,0.001288,0.000001
967,30,0x9FC520D648731EBA,17,17,17,39,1,34301,230,12884,0.114525,0.001682,0.001238,0.000001
968,24,0x5E6FA8193BC720D4,16,16,16,38,1,137781,2368,12205,0.750227,0.013672,0.001305,0.000001
969,30,0x6AF028D74B35E19C,19,19,19,41,1,2396889,122021,14872,19.354150,1.419525,0.002484,0.000001
970,34,0x6B3AF92C1847ED05,18,18,18,40,1,2491,71,13692,0.009916,0.000966,0.002202,0.000001
971,36,0x95064CAE217D3F8B,19,19,19,43,1,10083,5071,15135,0.034431,0.032942,0.001571,0.000001
972,34,0x19C6E273D5840ABF,19,19,19,43,1,91842,2039,15167,0.856633,0.012743,0.001445,0.000001
973,28,0x9F4D36B128E5A7C0,15,15,15,37,1,241,2600,11184,0.000840,0.013563,0.001144,0.000001
974,32,0x4798E1AF25063CDB,17,17,17,39,1,2511,27502,13202,0.005941,0.183003,0.001312,0.000001
975,26,0x37FC6E19A024DB58,15,15,15,43,1,7211,81,11412,0.018379,0.000868,0.001179,0.000001
976,28,0x341BFAC50ED97628,16,16,16,38,1,19506,336,12140,0.051882,0.002388,0.001209,0.000001
977,34,0x84F195E3B0D76A2C,18,18,18,40,1,8298,172,14086,0.021584,0.001344,0.001442,0.000001
978,34,0x215EB8469A0F3D7C,18,18,18,40,1,8379,2996,14192,0.023425,0.016087,0.001361,0.000001
979,36,0x9BED8032A1675C4F,20,20,20,40,1,894581,21762,15831,8.426722,0.192677,0.001490,0.000001
980,30,0x4A7E86152B9CF03D,18,18,18,40,1,158661,3996,14034,1.059279,0.023030,0.001360,0.000001
981,34,0xA8D642C35B1097EF,18,18,18,46,1,16087,19,14070,0.049505,0.000659,0.001368,0.000001
982,38,0xD6A2514B039CF8E7,19,19,19,39,1,20,20,14901,0.000345,0.000428,0.001420,0.000001
983,32,0x1950BC63DA4F728E,16,16,16,40,1,30,30,12340,0.000377,0.000481,0.001235,0.000001
984,44,0x918B6437AD05C2EF,23,23,23,39,1,4445821,1201,18537,41.942666,0.011775,0.001823,0.000001
985,30,0x097DB2A84CE16F35,18,18,18,34,1,373180,20965,14182,2.542515,0.122699,0.001366,0.000001
986,28,0x7A43FC80E2D19B65,15,15,15,43,1,422,16,11116,0.001361,0.000425,0.001151,0.000001
987,36,0xD07A9C6FEB284135,19,19,19,43,1,39355,97,14943,0.137696,0.000908,0.001576,0.000001
988,30,0xD930C2BEA714F865,15,15,17,43,1,161,128,13169,0.000810,0.001188,0.001485,0.000001
989,38,0x692C48ED310AB5F7,20,20,20,44,1,95610,26,15491,0.632976,0.000515,0.001633,0.000001
990,30,0xD8B0F97E46A213C5,16,16,16,42,1,2385,831,12295,0.005821,0.004517,0.001231,0.000001
991,36,0x321A90E48BF65C7D,20,20,20,50,1,1036639,29770,15889,8.870117,0.237326,0.001486,0.000001
992,32,0x2B8A1096543DF7EC,17,17,17,47,1,2664,1396,13162,0.007415,0.010327,0.001901,0.000001
993,26,0x3AF1C8D9B26574E0,13,13,13,35,1,14,14,9242,0.000440,0.000480,0.001512,0.000001
994,30,0x5FDA6243C80E7B91,17,17,17,43,1,11576,282,13001,0.043986,0.001904,0.001290,0.000001
995,30,0x5C70361FED89BA42,16,16,16,44,1,2636,1684,12110,0.007142,0.009042,0.001228,0.000001
996,34,0xC08F6245AE197BD3,18,18,18,44,1,9844,15459,13908,0.026312,0.104494,0.001359,0.000001
997,34,0x6A2079B584ECD3F1,19,19,19,31,1,149870,1538,15184,1.030571,0.009980,0.001551,0.000001
998,36,0xFA0D1528B9C34E67,18,18,20,42,1,65,59,15536,0.000456,0.000626,0.001586,0.000001
999,34,0xE0BFD51462A3987C,18,18,18,44,1,6558,2304,14171,0.017629,0.012264,0.001359,0.000001
1000,36,0x7608524DE1C39BAF,18,18,18,44,1,21571,9879,13980,0.066337,0.054087,0.001405,0.000001
1001,28,0xB359FA6DC27018E4,15,15,15,37,1,331,1038,11018,0.001193,0.005800,0.001215,0.000001
1002,26,0x6A753E94BCF2081D,16,16,16,36,1,44568,2227,11926,0.199162,0.011556,0.001254,0.000001
1003,32,0x97613EA20C84FB5D,18,18,18,42,1,54966,1450,14006,0.268621,0.009005,0.001596,0.000001
1004,26,0xB04D2A51EF7638C9,16,16,16,40,1,38582,1121,12068,0.121281,0.006636,0.001313,0.000001
1005,30,0xFA3E5862074D9C1B,16,16,16,40,1,2738,196,12145,0.007369,0.001381,0.001210,0.000001
1006,30,0x3E1A4D98CB0657F2,17,17,17,37,1,23860,736,13155,0.078264,0.005008,0.001391,0.000001
1007,32,0x14F9D028BC6AE357,18,18,18,42,1,60435,1742,13959,0.283596,0.009553,0.001344,0.000001
1008,32,0x9F680B41DCA5E372,16,16,16,44,1,1274,390,12517,0.003188,0.002334,0.001221,0.000001
1009,36,0xF671305249BAE8CD,19,19,19,45,1,64831,1818,14830,0.312468,0.011317,0.001623,0.000001
1010,26,0x9ACD6B1827304F5E,15,15,15,39,1,12247,507,11033,0.034195,0.002995,0.001115,0.000001
1011,28,0x4D76FBA2C1583E09,15,15,15,35,1,796,3003,11256,0.002212,0.015896,0.001158,0.000001
1012,32,0x3294E6DBC87A015F,17,17,17,35,1,6351,4386,12910,0.015017,0.022413,0.001285,0.000001
1013,36,0x58419C06BDA237FE,19,19,19,39,1,41120,8142,15053,0.195794,0.043095,0.001528,0.000001
1014,28,0xF0D6CE318479B2A5,15,15,15,41,1,1583,24,11267,0.004136,0.000457,0.001152,0.000001
1015,30,0x94F1B3A05D2E6C78,17,17,17,43,1,28043,1208,12982,0.088404,0.007277,0.001360,0.000001
1016,36,0x6DBC217F8305E4A9,19,19,19,45,1,59560,1160,15016,0.296766,0.007316,0.001552,0.000001
1017,28,0x5BCD1AFE98072364,17,17,17,47,1,103222,6690,12771,0.601681,0.035418,0.001252,0.000001
1018,36,0x496B372CDA518F0E,18,18,18,38,1,19,19,14221,0.000361,0.000428,0.001355,0.000001
1019,28,0x576CE02948DFBA31,16,16,16,42,1,11577,446,12236,0.030402,0.002542,0.002037,0.000001
1020,32,0xB0A183F4C75D96E2,17,17,17,39,1,2199,195,13310,0.005668,0.001343,0.001299,0.000001
1021,24,0x6DF43A2817E0BC95,12,12,12,40,1,101,101,8416,0.000550,0.000888,0.000941,0.000001
1022,30,0xFD362B5CA179E804,17,17,17,37,1,22266,633,13052,0.070270,0.004198,0.001289,0.000001
1023,36,0x062137C9AB4DF85E,19,19,19,41,1,91349,22210,14723,0.589018,0.139336,0.001375,0.000001
1024,32,0xF6D3752C814EB90A,17,17,17,43,1,8193,18,13027,0.020196,0.000488,0.001306,0.000001
1025,34,0x091753A8DEB4C2F6,19,19,19,35,1,391447,20265,15165,3.400900,0.136867,0.001455,0.000001
1026,36,0x0F6BC38D129A4E57,19,19,19,39,1,25161,16309,14979,0.080775,0.089500,0.001417,0.000001
1027,30,0x425F91B0EA7D68C3,16,16,16,42,1,564,17,11932,0.001674,0.000397,0.001180,0.000001
1028,30,0xCF52ED78A9B40613,15,15,15,39,1,155,153,11379,0.000640,0.001091,0.001140,0.000001
1029,28,0xBF9C17A52E36840D,15,15,15,39,1,224,54,11215,0.000773,0.000602,0.001257,0.000001
1030,36,0x43B28A0C1769ED5F,19,19,21,35,1,7034,27825,16728,0.017713,0.173415,0.001557,0.000001
1031,34,0x1C4F50BE897DA623,17,17,17,41,1,1406,830,13170,0.003860,0.004607,0.001275,0.000001
1032,32,0x051EFD427ABC6839,18,18,18,44,1,76550,1476,14238,0.376273,0.008395,0.001365,0.000001
1033,36,0x31CBED574062F89A,19,19,19,41,1,38201,37,14719,0.133437,0.000575,0.001530,0.000001
1034,26,0xBCE4D2350786FA19,14,14,14,38,1,129,97,10331,0.000674,0.000890,0.001143,0.000001
1035,32,0xF43EC50827619DBA,18,18,18,46,1,64282,2006,13957,0.313534,0.010900,0.001357,0.000001
1036,32,0x87BD31C5F9E4206A,17,17,17,45,1,819,30,13292,0.002093,0.000475,0.001297,0.000001
1037,30,0xAFED6C09872153B4,15,15,15,41,1,16,16,11134,0.000355,0.000413,0.001128,0.000000
1038,38,0x974A536F280DE1BC,19,19,19,49,1,3484,1474,14975,0.008109,0.007896,0.001400,0.000001
1039,40,0x602B9DE5C4F387A1,20,20,20,36,1,40977,33672,15693,0.214503,0.222201,0.001504,0.000001
1040,36,0xE521067C93D48ABF,19,19,19,49,1,38354,20,14909,0.130007,0.000475,0.001393,0.000001
1041,38,0x0EB1D5364729FCA8,20,20,20,42,1,104572,21,15950,0.683897,0.000494,0.001642,0.000001
1042,34,0x076AF1DBC3E85249,18,18,18,44,1,6185,2752,14174,0.019112,0.016599,0.001373,0.000001
1043,28,0xB6E93F0D4572C81A,15,15,15,43,1,1237,132,11175,0.003547,0.001017,0.001140,0.000001
1044,32,0x5D6B378A0C1F429E,18,18,20,40,1,14285,21496,16154,0.041011,0.123910,0.001514,0.000001
1045,30,0xB9AF8D36257CE410,15,15,15,33,1,972,407,11504,0.003148,0.002428,0.001185,0.000001
1046,36,0x215746D3EBC8F09A,20,20,20,38,1,927734,22573,15680,8.279476,0.141502,0.001517,0.000001
1047,26,0x7FAE482CBD169350,14,14,14,38,1,227,17,10298,0.001090,0.000401,0.001641,0.000001
1048,28,0x97E138DF24BCA056,15,15,15,45,1,536,154,10996,0.001428,0.001126,0.001125,0.000000
1049,34,0xD9614B82C53E7FA0,18,18,18,36,1,4029,19,14072,0.009521,0.000420,0.001363,0.000001
1050,32,0xADE1C6428F70B395,17,17,17,39,1,1034,24380,13078,0.002716,0.142718,0.001403,0.000000
1051,32,0x2C58E1409376DAFB,19,19,19,47,1,1027426,36850,14837,8.443548,0.227803,0.001431,0.000001
1052,24,0x1EF4A70953D862BC,13,13,13,43,1,123,80,9261,0.000782,0.000722,0.000999,0.000001
1053,32,0xE30297CAF8D1B546,18,18,18,42,1,70126,1543,13866,0.340307,0.008382,0.001347,0.000001
1054,30,0x427EDC80B15F96A3,17,17,17,41,1,24725,625,13207,0.078162,0.004546,0.001378,0.000001
1055,36,0x1D079EC6B538A42F,20,20,20,40,1,216673,3209,16107,1.704113,0.018888,0.001653,0.000001
1056,34,0xE35D64C027F189AB,18,18,20,46,1,10421,24517,15731,0.028407,0.144906,0.001634,0.000001
1057,32,0x5B06F4ADC89E1273,17,17,17,39,1,3759,27,12969,0.010254,0.000481,0.001421,0.000001
1058,40,0xB5204E639FDC81A7,21,21,21,37,1,294375,6158,16722,2.171974,0.036172,0.001537,0.000001
1059,32,0x08F91A2D463C75EB,18,18,18,42,1,70285,2396,14126,0.350062,0.014074,0.001483,0.000001
1060,34,0x0E3716FAB42C5D89,18,18,18,46,1,8420,317,14195,0.024243,0.002197,0.001505,0.000001
1061,26,0xC4BF0AD126E53789,14,14,14,46,1,308,131,10065,0.001011,0.000969,0.001123,0.000001
1062,32,0x89640BAF1C572ED3,18,18,18,40,1,31231,679,13973,0.106909,0.004289,0.001353,0.000001
1063,28,0x7E492CF053A6D1B8,15,15,15,41,1,498,2867,11203,0.001347,0.015299,0.001150,0.000001
1064,30,0xAC50FB46ED728913,16,16,16,40,1,997,199,12178,0.002468,0.001379,0.001274,0.000001
1065,36,0x1AD295F7038C64BE,19,19,19,39,1,14863,1011,14980,0.044235,0.005993,0.001401,0.000001
1066,32,0x670DBE34128A59FC,17,17,17,41,1,4051,832,13096,0.009790,0.004550,0.001288,0.000001
1067,32,0x36C41FA078B9E52D,17,17,17,39,1,4024,18,13134,0.010724,0.000425,0.001298,0.000001
1068,36,0x0153B4A8E62F7DC9,20,20,20,42,1,503362,14395,15869,4.323225,0.087637,0.001510,0.000001
1069,32,0xB1F04AD37865EC29,17,17,17,35,1,2370,128,13236,0.006022,0.001020,0.001335,0.000001
1070,28,0xDC4A50E82B79F613,16,16,16,40,1,4861,120,12256,0.011284,0.000988,0.001246,0.000001
1071,30,0xA4023FB8C65179ED,17,17,17,43,1,6459,124,13411,0.015887,0.000980,0.001325,0.000001
1072,24,0x5AEC2BD09678143F,12,12,12,32,1,13,13,8443,0.000341,0.000389,0.000946,0.000001
1073,38,0xE3CBF17689A02D54,20,20,22,42,1,80717,57,17152,0.577035,0.000696,0.001748,0.000001
1074,28,0x80BE9DC2A615F374,15,15,15,39,1,612,687,11056,0.001937,0.004294,0.001130,0.000001
1075,36,0x27D31680AF9B4C5E,18,18,18,42,1,115,27,14011,0.000624,0.000450,0.001408,0.000001
1076,28,0x3094768F521CEADB,15,15,15,45,1,603,834,11027,0.001490,0.004552,0.001138,0.000001
1077,30,0xE7AD923B608451CF,16,16,16,40,1,1343,3627,12077,0.003273,0.018402,0.001210,0.000001
1078,36,0xA0862C45E179F3BD,19,19,19,43,1,22443,63,15035,0.073226,0.000646,0.001384,0.000001
1079,38,0x02645DF7C398AEB1,20,20,20,36,1,84550,2642,16106,0.568771,0.016175,0.001662,0.000001
1080,42,0x09B26374A8FD15EC,21,21,23,33,1,1114,282,18744,0.003383,0.001866,0.001821,0.000001
1081,34,0xC8E6F7520D9314BA,19,19,19,45,1,187951,3860,14827,1.484662,0.021892,0.001535,0.000001
1082,26,0xB607A8D94EC2315F,16,16,16,34,1,61432,2097,12100,0.266117,0.011140,0.001197,0.000001
1083,30,0x7A468FD315E29CB0,18,18,18,38,1,178914,6486,14127,1.090321,0.036226,0.001502,0.000001
1084,30,0x6A50C3DB4218EF79,17,17,17,41,1,13179,281,13063,0.034729,0.001805,0.001279,0.000001
1085,32,0xE93C60FBD17A5842,16,16,18,44,1,1519,1519,13676,0.004013,0.008030,0.001390,0.000001
1086,34,0x6170F934D8EC5A2B,19,19,19,43,1,148524,2419,14688,0.920389,0.014110,0.001549,0.000001
1087,30,0x18A69C4BFE0D5237,15,15,15,39,1,1168,972,11298,0.003334,0.005723,0.001422,0.000001
1088,32,0x0C3F5A6927D84EB1,16,16,18,36,1,433,386,13857,0.001365,0.002428,0.001325,0.000000
1089,26,0x48DB6A90F52E317C,15,15,15,37,1,5692,253,11270,0.013316,0.001626,0.001340,0.000001
1090,36,0x358D791F04EBC62A,19,19,21,39,1,10168,796,16868,0.027611,0.004597,0.001558,0.000001
1091,26,0xAFB8EC1D92607453,16,16,16,42,1,59172,2966,11701,0.259751,0.015214,0.001178,0.000001
1092,34,0x047958ED6F1B3CA2,18,18,18,38,1,6455,2408,14169,0.015918,0.013993,0.001981,0.000001
1093,36,0x5396EF47AC20D1B8,20,20,20,38,1,608029,19907,15978,4.922969,0.129026,0.001572,0.000001
1094,30,0xE1F50398DAC2647B,15,15,15,45,1,27,25,11441,0.000388,0.000473,0.001166,0.000000
1095,36,0xC1AB50D893E6427F,20,20,20,42,1,416660,9074,15955,3.718826,0.053935,0.001487,0.000001
1096,32,0xBA39FD7105642C8E,17,17,19,39,1,2432,12724,14800,0.005978,0.067536,0.001485,0.000001
1097,28,0x30FAB12C8ED56794,15,15,15,37,1,420,604,11124,0.001483,0.003235,0.001124,0.000001
1098,30,0xBE1D3069F48AC725,15,15,15,41,1,268,231,11316,0.000859,0.001499,0.001126,0.000001
1099,28,0x8E46B3F72A9C50D1,17,17,17,39,1,39360,1221,13079,0.132556,0.006688,0.001297,0.000001
1100,34,0x0FC671593DA2E8B4,18,18,18,40,1,5450,23,14097,0.014053,0.000459,0.001383,0.000001
1101,32,0x063BAF159E7D284C,17,17,17,41,1,2116,3752,12878,0.005140,0.020705,0.001240,0.000001
1102,30,0x6FC3E0A59748D21B,15,15,15,41,1,16,16,11433,0.000316,0.000373,0.001146,0.000001
1103,30,0xE892F76435B0DA1C,16,16,16,42,1,1310,407,12062,0.003392,0.002450,0.001198,0.000000
1104,36,0x8A275E6C3D0491BF,19,19,19,45,1,13537,3288,14983,0.038766,0.017941,0.001510,0.000001
1105,26,0x74ECAB8305F2169D,14,14,14,34,1,404,831,10103,0.001204,0.004515,0.001055,0.000001
1106,22,0x56A49B183EFD702C,13,13,13,35,1,951,301,9383,0.002319,0.001732,0.000997,0.000001
1107,32,0x5E798DB31CF240A6,18,18,18,34,1,119509,4335,13758,0.735585,0.024563,0.001464,0.000001
1108,38,0x6517A043DCE29F8B,19,19,19,45,1,23861,12542,15086,0.078348,0.068387,0.001417,0.000001
1109,36,0xD4120FE96CAB3587,18,18,20,46,1,592,244,15891,0.001704,0.001604,0.001553,0.000001
1110,40,0x0E162DF58CAB4379,21,21,21,45,1,351740,78,16652,3.241806,0.000931,0.001684,0.000001
1111,28,0x1B50AE9C37286DF4,14,14,14,36,1,252,243,10164,0.000901,0.001586,0.001229,0.000001
1112,34,0x8410C5D9E23FA7B6,18,18,18,42,1,2100,1597,14208,0.006357,0.009381,0.001462,0.000001
1113,38,0x39B2064AED1F8C57,19,19,19,43,1,1472,1424,14915,0.003975,0.007862,0.001417,0.000001
1114,34,0xCA8159B043E7DF26,18,18,18,32,1,1753,12634,14311,0.004163,0.069007,0.001421,0.000001
1115,36,0xE16F037DAC954B28,18,18,20,46,1,19050,17540,16064,0.062258,0.097264,0.001540,0.000001
1116,34,0x5C21FA3486BE0D79,18,18,18,42,1,31654,2390,14416,0.109252,0.012847,0.001380,0.000001
1117,34,0x4561B9D0CE3F872A,18,18,18,44,1,18625,11337,14147,0.049362,0.063076,0.001354,0.000001
1118,28,0x3F56B40EDA17982C,16,16,16,44,1,2709,505,12409,0.006401,0.002861,0.001322,0.000001
1119,34,0xBD8AC36F927E4105,18,18,18,40,1,10123,3036,14000,0.026945,0.016470,0.001393,0.000001
1120,30,0x603DCB9AF542817E,16,16,16,40,1,832,185,12038,0.002147,0.001276,0.001231,0.000001
1121,30,0xEA0F684C259D173B,18,18,18,40,1,129053,4166,13963,0.792598,0.023095,0.001525,0.000001
1122,34,0x253B79F48610AEDC,17,17,19,39,1,1842,1810,14742,0.005086,0.010294,0.001498,0.000001
1123,30,0xC8495E6D702F3A1B,16,16,16,40,1,624,5204,12205,0.001902,0.029939,0.001208,0.000001
1124,34,0xC79DEF34806B512A,19,19,19,43,1,143942,1432,14939,0.912606,0.009302,0.001552,0.000001
1125,26,0xB3D29F74561EA08C,14,14,14,42,1,295,784,10426,0.000981,0.004823,0.001189,0.000001
1126,34,0x2134B7A9F60C85ED,17,17,19,39,1,18,18,15131,0.000367,0.000411,0.001563,0.000001
1127,28,0x9ACD542EF638107B,14,14,14,42,1,487,487,10281,0.001466,0.002877,0.001156,0.000001
1128,28,0x3E841CF27D6A9B05,15,15,15,37,1,619,263,11339,0.001921,0.001973,0.001335,0.000001
1129,28,0x36E0128B5FDC497A,15,15,15,41,1,310,198,10925,0.001013,0.001405,0.001213,0.000001
1130,36,0x0E4156B723DF8C9A,18,18,20,38,1,1596,1376,15853,0.004663,0.009012,0.001611,0.000001
1131,32,0x73BA52D984F0E1C6,18,18,18,40,1,47708,1445,14002,0.236102,0.008415,0.001319,0.000001
1132,32,0x36AE9720FD48C51B,17,17,17,45,1,3023,307,12993,0.006889,0.001917,0.001262,0.000001
1133,36,0x2AB905716DE4F8C3,19,19,19,37,1,28155,1106,15005,0.090604,0.006390,0.001417,0.000001
1134,36,0x73B0A5E89DCF4126,18,18,18,38,1,1806,1515,14036,0.004308,0.008291,0.001341,0.000000
1135,32,0x12D408BF59A63EC7,16,16,18,38,1,111,111,13913,0.000564,0.000917,0.001333,0.000001
1136,34,0xFB30C54A72618D9E,17,17,19,43,1,255,255,15255,0.000854,0.001797,0.001419,0.000001
1137,30,0x5047A83C1FE6DB92,17,17,17,39,1,28275,264,12953,0.089905,0.001811,0.001315,0.000001
1138,36,0x7B18306EC2AD45F9,18,18,18,46,1,815,462,14020,0.002458,0.002709,0.001444,0.000001
1139,26,0x61DF2B8ACE493570,15,15,15,37,1,4681,195,11449,0.011078,0.001383,0.001175,0.000001
1140,30,0xC159FE0BA76243D8,17,17,17,45,1,20399,388,13155,0.074380,0.002683,0.001273,0.000001
1141,32,0x47F23C109EA8D65B,16,16,16,48,1,17,17,12136,0.000360,0.000422,0.001200,0.000000
1142,34,0xE8354BFADC290176,18,18,18,38,1,9766,861,14230,0.027306,0.005069,0.001363,0.000001
1143,30,0xB2C46D5A03FE9781,16,16,16,34,1,1832,5888,12166,0.004306,0.030200,0.001238,0.000001
1144,30,0x7346F920BA51DEC8,18,18,18,42,1,155097,6436,13676,0.938069,0.034589,0.001341,0.000001
1145,36,0x82A3506C7E1FD9B4,18,18,20,46,1,417,411,16094,0.001241,0.002416,0.001483,0.000001
1146,34,0xE6385D4B0C179F2A,18,18,18,36,1,3455,558,13990,0.008903,0.004248,0.001344,0.000001
1147,26,0xA0E978BD5C1634F2,14,14,14,34,1,535,126,10172,0.001349,0.000953,0.001058,0.000001
1148,32,0x69DBF7C038E215A4,17,17,17,35,1,1287,3346,13089,0.003417,0.017692,0.001289,0.000001
1149,34,0xB067CE12FD9485A3,18,18,18,44,1,12296,1295,13758,0.033897,0.007930,0.001326,0.000001
1150,30,0x1CF8D36B7A2E5409,16,16,16,40,1,826,125,12080,0.002070,0.000968,0.001207,0.000001
1151,34,0x5068CDA32EB4F197,19,19,19,35,1,232178,6670,15031,1.728284,0.037792,0.001410,0.000001
1152,24,0x6ECF9B457A32D810,15,15,15,35,1,4229,229,11546,0.009237,0.001412,0.001169,0.000001
1153,28,0xC49320DEB75F681A,15,15,15,45,1,1995,136,11013,0.004536,0.001032,0.001109,0.000001
1154,26,0x4A9BC21F765E08D3,15,15,15,43,1,2945,80,11148,0.006735,0.000748,0.001129,0.000000
1155,32,0xA7DBC31895624FE0,17,17,17,37,1,8177,4160,13255,0.020070,0.022007,0.001298,0.000001
1156,30,0x5C6EF980B1A2743D,15,15,15,43,1,130,64,11315,0.000639,0.000659,0.001219,0.000001
1157,32,0x370CD624F95AE1B8,16,16,16,46,1,302,293,12300,0.001030,0.001785,0.001219,0.000001
1158,28,0xC4F63B5E8D9A7201,15,15,15,33,1,997,104,10996,0.002427,0.000866,0.001140,0.000001
1159,28,0xF8251D3E06C47A9B,15,15,15,47,1,982,46,11155,0.002324,0.000576,0.001154,0.000001
1160,32,0x31C24F89B06E7AD5,17,17,17,37,1,7379,352,12998,0.017795,0.002204,0.001275,0.000001
1161,36,0x954B68E10F732CDA,19,19,19,39,1,18597,1413,14847,0.051687,0.008347,0.001422,0.000001
1162,34,0xC5068DAEF3714B29,18,18,18,40,1,1745,645,13679,0.004145,0.003727,0.001300,0.000001
1163,28,0x90D8A2E53B6F7C14,15,15,15,35,1,754,1156,11370,0.001956,0.006363,0.001164,0.000001
1164,24,0xDBCA7F80364E9125,16,16,16,44,1,126743,3553,12169,0.716122,0.019423,0.001293,0.000001
1165,36,0x4B950F83162A7DEC,19,19,19,41,1,29874,1591,14784,0.106417,0.008790,0.001390,0.000001
1166,24,0xDFE9A3178645B20C,13,13,13,43,1,160,23,9285,0.000680,0.000460,0.001027,0.000001
1167,36,0xB86A04C3DF9725E1,19,19,19,37,1,11024,108091,15098,0.030360,0.982962,0.001639,0.000001
1168,34,0x538B6DC21A40F79E,20,20,20,42,1,2602807,82872,15697,21.056424,0.633045,0.001516,0.000001
1169,38,0x93BE8472A10F5CD6,20,20,22,42,1,137717,116,17958,0.879880,0.001148,0.001849,0.000001
1170,26,0x68DB2FA09E51374C,15,15,15,39,1,4489,353,11224,0.012475,0.002210,0.001266,0.000001
1171,28,0xD17C5AF0EB428639,14,14,14,42,1,54,54,10495,0.000458,0.000629,0.001190,0.000001
1172,34,0x609FE4C53DB8712A,18,18,18,38,1,3746,1934,13962,0.009638,0.010817,0.001569,0.000001
1173,32,0x3682BE05ADC714F9,18,18,18,38,1,125206,4297,14062,0.779179,0.024757,0.001503,0.000001
1174,32,0xE08C1962D5A4BF37,17,17,17,41,1,860,1385,12919,0.002611,0.007987,0.001362,0.000001
1175,32,0x51EA0D39FC4B7628,18,18,18,42,1,58552,1121,14103,0.299691,0.006402,0.001345,0.000001
1176,38,0x2A96437F0CB5D1E8,19,19,21,39,1,731,564,17094,0.001945,0.003219,0.001556,0.000001
1177,36,0xA90C61D758E2B34F,18,18,20,46,1,81,81,15674,0.000502,0.000749,0.001437,0.000001
1178,30,0xFB298C0A73E6D145,16,16,16,42,1,319,34,12132,0.001001,0.000494,0.001205,0.000001
1179,26,0x7F4CAD35B19E6280,15,15,15,37,1,4407,136,11250,0.009811,0.001009,0.001143,0.000001
1180,34,0xB357A0E49F261C8D,19,19,19,41,1,50754,758,15088,0.258429,0.005196,0.001536,0.000001
1181,28,0xF209E3684B5C71DA,14,14,14,44,1,51,51,10479,0.000440,0.000589,0.001210,0.000001
1182,30,0xBC857931DAF206E4,16,16,16,36,1,1172,705,11822,0.003152,0.004307,0.001265,0.000001
1183,46,0x4201536BD98FACE7,24,24,24,48,1,13779820,62,19595,126.099779,0.008951,0.002103,0.000001
1184,34,0xBD0F68942AE315C7,19,19,19,35,1,280307,7001,14802,2.201921,0.041099,0.001406,0.000001
1185,24,0xCF8A37904D56B2E1,13,13,13,37,1,143,117,9362,0.000646,0.000906,0.001002,0.000001
1186,26,0x3EA8CD627F54B901,15,15,15,33,1,11908,706,11290,0.030990,0.004544,0.001131,0.000001
1187,34,0x4C3F5EA2091DB768,18,18,18,42,1,7914,9257,13911,0.019401,0.051240,0.001343,0.000001
1188,32,0xCFA9E0148B2536D7,18,18,18,48,1,100989,4011,13841,0.652816,0.023357,0.001528,0.000001
1189,30,0x6C1AB9DE2038574F,17,17,17,39,1,47994,1479,12864,0.205864,0.008534,0.001258,0.000001
1190,42,0x1D42C0E3B9AF5786,22,22,22,44,1,545623,5190,17878,4.542543,0.032625,0.001590,0.000001
1191,36,0x3B5A41E7260CF98D,18,18,18,44,1,25,25,14286,0.000359,0.000443,0.001337,0.000001
1192,38,0x5A379CE21D8B4F06,20,20,20,34,1,102588,5304,15851,0.659683,0.031668,0.001632,0.000001
1193,36,0x768A2103CE9F45DB,19,19,21,43,1,5212,60390,16607,0.012759,0.448577,0.001723,0.000001
1194,26,0x3CD4B82965AF71E0,14,14,14,36,1,519,15,10546,0.002786,0.000395,0.001164,0.000001
1195,38,0x132BC7E8594DF0A6,19,19,19,41,1,23,23,15059,0.000390,0.000447,0.001511,0.000001
1196,38,0x0BC56D394187AFE2,20,20,20,36,1,192474,5251,16183,1.500995,0.031085,0.001504,0.000001
1197,30,0xDBE0A9548C6F3721,16,16,16,34,1,581,2995,12022,0.001556,0.015672,0.001195,0.000001
1198,28,0x396EA271FDC458B0,15,15,17,43,1,1865,756,12957,0.004440,0.004292,0.001255,0.000001
1199,36,0x934F860D71AB52CE,18,18,18,46,1,43,43,14242,0.000406,0.000547,0.001357,0.000001
1200,30,0xD9A24B30EF5C1786,16,16,16,36,1,1110,2630,12138,0.002806,0.013735,0.001195,0.000001
1201,34,0xEB6A5D02C134F879,19,19,19,45,1,153227,5423,15049,0.954232,0.032492,0.001399,0.000001
1202,34,0x068F791C4DBA5E23,17,17,17,35,1,144,144,13281,0.000720,0.001069,0.001280,0.000001
1203,26,0x7DB56E8234F9CA10,14,14,14,36,1,53,427,10522,0.000469,0.002651,0.001071,0.000000
1204,28,0x56FCD4BA890E2731,14,14,14,40,1,15,15,10264,0.000346,0.000395,0.001063,0.000001
1205,38,0x64EBC1278FAD3590,19,19,21,39,1,15564,15087,16958,0.045926,0.084189,0.001565,0.000001
1206,24,0xDC4B7E2F56913A08,14,14,14,44,1,1778,157,10392,0.004839,0.001171,0.001075,0.000001
1207,34,0xC07A2B41E9F5D683,19,19,19,39,1,280289,4543,15042,2.036822,0.026819,0.001451,0.000001
1208,26,0xC73490B8DA651EF2,15,15,15,39,1,14247,630,11033,0.037110,0.003911,0.001141,0.000001
1209,40,0x8604EDB7293AC1F5,21,21,21,39,1,242583,2421,16885,1.914122,0.014897,0.001713,0.000001
1210,36,0x8AC64B320DE15F79,19,19,19,37,1,10963,42,15036,0.032981,0.000553,0.001395,0.000001
1211,34,0xC742D1950EB86F3A,18,18,18,40,1,9810,23,14115,0.026761,0.000490,0.001339,0.000001
1212,30,0x06EC74593FB1A28D,16,16,16,38,1,1239,1350,12037,0.003414,0.007307,0.001213,0.000001
1213,30,0x9C2AEB410F58367D,16,16,16,38,1,2124,62,12190,0.004988,0.000632,0.001223,0.000001
1214,32,0x87ADB54F021C9E36,18,18,18,38,1,65903,2372,14075,0.325105,0.014566,0.001465,0.000001
1215,28,0xE9F80A354D6C127B,16,16,16,44,1,10646,276,11949,0.030584,0.001856,0.001187,0.000001
1216,36,0x254D7CE3B160A9F8,19,19,19,39,1,4707,1407,15082,0.011605,0.007953,0.001419,0.000001
1217,30,0xDB4C09A2E165783F,16,16,16,38,1,1482,1403,12019,0.003702,0.007844,0.001208,0.000001
1218,28,0x604C2B853ED917FA,15,15,15,35,1,564,40,11063,0.001500,0.000521,0.001130,0.000000
1219,36,0x617F2DA3E59C840B,18,18,18,38,1,11273,7978,13928,0.031388,0.041841,0.001352,0.000001
1220,38,0x5AEB40D783F2916C,19,19,19,41,1,6259,3943,15085,0.016118,0.021226,0.001429,0.000001
1221,28,0xFA6C032D47581BE9,16,16,16,42,1,18242,666,12036,0.048257,0.004538,0.001190,0.000001
1222,30,0x7EA69F41DC25083B,16,16,16,42,1,1585,8846,12351,0.003826,0.045075,0.001239,0.000001
1223,28,0xD9FE7C3B84126A05,16,16,16,40,1,13540,257,11640,0.037698,0.001790,0.001243,0.000001
1224,40,0x482DB673A10F59CE,20,20,20,44,1,21,21,15991,0.000358,0.000430,0.001479,0.000001
1225,30,0x94BFD86A07123EC5,15,15,15,35,1,24,24,11058,0.000370,0.000453,0.001113,0.000000
1226,24,0x36C7A4895EF0BD12,12,12,12,36,1,105,105,8367,0.000538,0.000833,0.000929,0.000001
1227,34,0x0431EFA69CD52B78,18,18,18,38,1,7347,323,14103,0.018868,0.002086,0.001345,0.000001
1228,34,0x9DB14C3068EFA275,18,18,20,36,1,25929,9475,15766,0.088790,0.054733,0.001537,0.000001
1229,30,0xA20FEB963D8457C1,17,17,17,35,1,42925,2820,12912,0.200229,0.015045,0.001272,0.000001
1230,28,0xFEC715B24DA69308,15,15,15,39,1,1027,1961,11326,0.002573,0.010265,0.001151,0.000001
1231,36,0x10ACE7358FB4D269,19,19,19,43,1,52140,5019,15268,0.260686,0.028391,0.001453,0.000001
1232,24,0xE6FD5A1297B034C8,13,13,13,41,1,54,36,9509,0.000428,0.000518,0.001021,0.000001
1233,30,0x3A9F402D7C168E5B,17,17,17,43,1,36301,1447,12902,0.120957,0.008378,0.001268,0.000001
1234,26,0xBD5098EF246A731C,14,14,14,42,1,679,15,10346,0.001884,0.000398,0.001074,0.000001
1235,34,0xD93A0F2B75E146C8,18,18,18,46,1,4824,23202,14306,0.011321,0.138664,0.001358,0.000001
1236,32,0xF1C496357B2D80EA,17,17,17,41,1,6209,2540,13065,0.015754,0.013295,0.001315,0.000001
1237,30,0xFE57A021C368B94D,16,16,16,50,1,2727,3564,12262,0.006543,0.018386,0.001433,0.000001
1238,34,0x4A902F31CD8EB765,18,18,18,46,1,5580,5580,13939,0.013340,0.029027,0.001429,0.000001
1239,32,0x2FEC704B91DA3568,17,17,17,41,1,1127,373,13227,0.003383,0.002314,0.001303,0.000001
1240,28,0x0FBC62D9AE714835,15,15,15,41,1,1715,44,11209,0.004453,0.000608,0.001165,0.000001
1241,32,0xC9AFE6B5D8327401,17,17,17,37,1,5669,18,13181,0.013415,0.000420,0.001298,0.000001
1242,32,0xFD16E57C920B4A38,18,18,18,50,1,57035,1260,14084,0.276692,0.007657,0.001361,0.000001
1243,34,0x25149C68D3B0AE7F,17,17,19,33,1,650,646,14993,0.001822,0.003651,0.001412,0.000001
1244,34,0xDF63482CBA07E951,18,18,18,40,1,7285,19,13925,0.018039,0.000510,0.001407,0.000001
1245,36,0x1ADB8065E9C7F423,20,20,20,32,1,529300,11660,15960,4.380037,0.069790,0.001465,0.000001
1246,28,0x865E2BDF430A971C,16,16,16,46,1,2671,129,12232,0.006802,0.000990,0.001215,0.000001
1247,38,0x8C4307E6F592ADB1,19,19,21,43,1,1271,752,16906,0.003310,0.004258,0.001537,0.000001
1248,38,0x4C8B5F03A9E1267D,19,19,19,45,1,6520,4226,14915,0.016210,0.022257,0.001404,0.000001
1249,28,0xA398F70BE2DC1564,17,17,17,39,1,100875,2435,12941,0.606046,0.014417,0.001375,0.000001
1250,28,0x79D6CF5E82A41B30,16,16,16,34,1,11420,394,12140,0.031066,0.002460,0.001561,0.000001
1251,30,0x10C372DA4E95F68B,17,17,17,41,1,20763,505,12929,0.064881,0.003324,0.001287,0.000001
1252,40,0xD16583270BC4EFA9,20,20,22,36,1,40969,35288,17685,0.191813,0.225667,0.001686,0.000001
1253,44,0x43BAC1658729DFE0,23,23,23,39,1,4932389,585,18810,45.750920,0.008418,0.002178,0.000001
1254,28,0x7310F289C64A5EDB,15,15,15,47,1,64,185,11209,0.000445,0.001336,0.001241,0.000001
1255,34,0x28F1970A3DC546EB,17,17,17,43,1,141,95,13090,0.000672,0.000818,0.001398,0.000001
1256,18,0xEBFC8A90D6537142,12,12,12,40,1,1725,91,8552,0.005038,0.000769,0.000987,0.000001
1257,32,0x419A582B7F3CDE06,18,18,18,36,1,38830,981,14275,0.186223,0.006063,0.001455,0.000001
1258,26,0x9F803B147C52DEA6,16,16,16,40,1,57372,3285,12128,0.257729,0.016808,0.001188,0.000001
1259,34,0x17F0D89342AE5C6B,18,18,18,44,1,13616,2485,13932,0.043533,0.013881,0.001378,0.000001
1260,32,0x65F4E73CA21B08D9,17,17,17,41,1,1822,128,13093,0.004802,0.000989,0.001400,0.000001
1261,28,0xB3EA78D1506F249C,17,17,17,39,1,98580,2652,12911,0.631299,0.015264,0.001257,0.000001
1262,34,0xB9E85726FA3401CD,18,18,18,46,1,12427,65,14164,0.035616,0.000674,0.001364,0.000001
1263,32,0x82E1D4A6FC509B73,18,18,18,38,1,70767,1333,14242,0.341583,0.007633,0.001376,0.000001
1264,36,0x249DB8C10FA3E567,19,19,19,37,1,87210,20,14985,0.574295,0.000499,0.001558,0.000001
1265,36,0x9BCA507F1E826D43,19,19,21,43,1,9685,49146,16740,0.030389,0.358058,0.001837,0.000001
1266,32,0x2D7AC4E1B0F56398,17,17,17,39,1,5218,10951,13147,0.014403,0.060403,0.001340,0.000001
1267,32,0x5A10B23F69ED87C4,17,17,17,43,1,6282,1641,13260,0.015684,0.008733,0.001288,0.000001
1268,36,0x6B9154F2AC7E0D83,19,19,19,39,1,44161,8577,14873,0.207462,0.045083,0.001451,0.000001
1269,32,0x3508A214679EDCFB,18,18,18,46,1,55053,1406,13980,0.261406,0.008822,0.001489,0.000001
1270,26,0xD0F8BCA2715E4936,14,14,14,38,1,947,97,10393,0.003122,0.000849,0.001148,0.000001
1271,28,0x7016B3C5AFD4E892,15,15,15,39,1,2723,3296,11339,0.007299,0.017169,0.001245,0.000001
1272,28,0xE08216D4B57C3AF9,16,16,16,38,1,7822,184,11965,0.019387,0.001271,0.001181,0.000001
1273,34,0x8601E754BCDF92A3,18,18,18,40,1,18683,3342,14028,0.049404,0.017678,0.001355,0.000001
1274,32,0xCE18F476A2B059D3,17,17,17,45,1,6301,41,13302,0.015239,0.000553,0.001310,0.000001
1275,34,0x94ADE70F25C3168B,18,18,18,44,1,9415,3381,13825,0.025011,0.017678,0.001406,0.000001
1276,30,0xFBE84D037C196A25,18,18,18,42,1,246683,12655,14263,1.780799,0.072221,0.001359,0.000001
1277,32,0x063C8FDE17A25B49,17,17,17,43,1,2522,36,13087,0.006298,0.000520,0.001286,0.000001
1278,30,0x9BFA5C412D6E7830,18,18,18,38,1,202801,6512,14083,1.476926,0.036777,0.001398,0.000001
1279,30,0x0DA6B31FCE492758,16,16,18,40,1,1162,5399,13839,0.002888,0.028213,0.001321,0.000001
1280,28,0x2E571F98BCA046D3,15,15,15,37,1,125,468,11264,0.001043,0.004756,0.001756,0.000001
1281,30,0x951C7EB3408F26DA,16,16,18,42,1,3711,2544,14027,0.012312,0.013334,0.001344,0.000001
1282,32,0x654782EDFA3C190B,17,17,17,41,1,5224,1111,12947,0.011784,0.006249,0.001287,0.000001
1283,34,0xA9CF65B27813D04E,17,17,19,41,1,9960,9193,14920,0.027588,0.051674,0.001457,0.000001
1284,36,0xF806147DE5A9C23B,19,19,19,45,1,36293,70,15085,0.128962,0.000747,0.001434,0.000001
1285,32,0x70C59FE3648A21BD,18,18,18,42,1,91728,1839,14088,0.580898,0.011330,0.001341,0.000001
1286,28,0xF580B4CA1E2D6397,15,15,15,39,1,978,216,11259,0.002429,0.001404,0.001214,0.000001
1287,32,0xC3642B7A5DF019E8,17,17,17,35,1,1421,169,13093,0.003488,0.001184,0.001278,0.000001
1288,28,0xF506C8A172D9BE43,16,16,16,38,1,20980,773,12179,0.066010,0.004802,0.001217,0.000001
1289,32,0x3CFB4D69087E1A52,17,17,17,37,1,2806,5881,13122,0.006663,0.030657,0.001302,0.000001
1290,36,0xA78016329CED54FB,19,19,19,35,1,21809,5682,14898,0.068152,0.029634,0.001436,0.000001
1291,32,0x5D81E9AB4C20763F,19,19,19,37,1,565425,17786,14688,4.375724,0.098738,0.001393,0.000001
1292,32,0x5BE6713ACD982F04,19,19,19,35,1,612626,27480,14730,4.647788,0.169400,0.001451,0.000001
1293,38,0xC60572A139BD84EF,19,19,19,43,1,20,20,15060,0.000511,0.000433,0.001401,0.000001
1294,38,0x18AFCD7B0629E453,19,19,21,35,1,1570,1372,16874,0.004202,0.007552,0.001588,0.000001
1295,30,0xED64920B71CA835F,16,16,16,40,1,2815,1973,12104,0.006628,0.010812,0.001218,0.000001
1296,30,0x3A0BC257F6491ED8,15,15,15,43,1,988,1420,11158,0.002481,0.008006,0.001167,0.000000
1297,34,0x8F3A72CB0D14956E,17,17,19,41,1,5174,4153,14936,0.012630,0.022739,0.001440,0.000001
1298,32,0xA3795DE1F6C204B8,18,18,18,38,1,75947,2723,13910,0.363220,0.015901,0.001322,0.000001
1299,26,0xEF16A7CD0498B352,13,13,13,41,1,14,14,9252,0.000382,0.000482,0.001040,0.000001
1300,30,0x7B81D59F43C62AE0,15,15,15,35,1,23,23,11350,0.000603,0.000585,0.001143,0.000001
1301,34,0xF5EB4739DC6280A1,17,17,17,37,1,676,324,13224,0.002064,0.001988,0.001269,0.000001
1302,32,0x67E8C4D21B9053FA,18,18,20,38,1,36795,5768,15900,0.125581,0.030537,0.001440,0.000001
1303,32,0x9815A4EC06F23DB7,17,17,17,43,1,1698,48,13005,0.004077,0.000619,0.001282,0.000001
1304,32,0xE0796FC8AB412D35,18,18,20,42,1,57810,1439,16048,0.274588,0.009176,0.001601,0.000001
1305,30,0xCDE431F27BA08659,17,17,17,45,1,38996,886,13022,0.138071,0.005327,0.001264,0.000001
1306,30,0x3F1C5479DA62B80E,18,18,18,42,1,409502,16615,13948,3.353873,0.093914,0.001418,0.000001
1307,38,0x2A538CE61D4B0F79,20,20,20,30,1,70325,21,16066,0.361494,0.000495,0.001655,0.000001
1308,32,0x821DFC79BA3064E5,18,18,18,40,1,110013,1898,13767,0.683467,0.010807,0.001317,0.000001
1309,38,0xB25D40E13A8FC967,19,19,19,49,1,238,278,15069,0.000812,0.001775,0.001424,0.000001
1310,30,0x42C5A817EB90F63D,16,16,16,38,1,1443,2659,12092,0.003844,0.013806,0.001174,0.000001
1311,40,0xA8790D5C21B346EF,20,20,20,44,1,15501,9331,15946,0.041501,0.050590,0.001669,0.000001
1312,32,0xD918AF632E504CB7,16,16,16,40,1,772,527,12242,0.002553,0.003013,0.001217,0.000001
1313,32,0x34C9B7A0651E8D2F,18,18,18,38,1,62839,1534,13976,0.307706,0.008825,0.001388,0.000001
1314,32,0xAF4D81C2935E076B,18,18,18,40,1,82358,2193,13863,0.397310,0.011607,0.001347,0.000001
1315,22,0x1ACE93D8B450F762,15,15,15,37,1,49305,1190,11160,0.211776,0.006411,0.001146,0.000001
1316,32,0xEA340C829FBD7165,18,18,18,40,1,36941,464,13906,0.129324,0.002907,0.001358,0.000001
1317,30,0x47FBA08E3D65192C,17,17,17,37,1,37041,511,13085,0.124854,0.003109,0.001264,0.000001
1318,28,0x65238CB97E14DAF0,16,16,16,36,1,18196,575,12321,0.049339,0.003529,0.001237,0.000001
1319,32,0xC65D8497E103BF2A,18,18,18,42,1,58995,1133,14173,0.275414,0.006622,0.001378,0.000001
1320,30,0xB2D9641F73EAC850,17,17,17,39,1,16676,368,13090,0.045861,0.002459,0.001267,0.000001
1321,22,0x2EDB9F183AC74650,13,13,13,37,1,397,80,9451,0.001107,0.000720,0.001002,0.000001
1322,36,0xB43A7920F1E5CD68,19,19,19,37,1,7148,1762,14915,0.017932,0.009246,0.001408,0.000001
1323,34,0xA0491DF6C2EB3758,18,18,18,42,1,13563,4313,13968,0.036974,0.022935,0.001348,0.000001
1324,32,0x12F34A9057BEDC68,16,16,16,44,1,379,379,12238,0.001168,0.002323,0.001309,0.000001
1325,36,0x6B219D74EA3C085F,18,18,20,34,1,31,31,15745,0.000372,0.000485,0.001461,0.000001
1326,32,0xADBC573E04F96182,19,19,19,39,1,568523,24791,14984,4.443639,0.153184,0.001531,0.000001
1327,34,0xE72D3084A6B159CF,18,18,18,42,1,22293,5403,13853,0.072947,0.028917,0.001323,0.000001
1328,34,0x20CBDF56A34E7189,19,19,19,39,1,274642,5531,14946,1.966650,0.032581,0.001415,0.000001
1329,36,0x67D423018AB59CEF,18,18,18,48,1,51,51,14221,0.000413,0.000585,0.001462,0.000001
1330,32,0xFA9417CD0E238B65,17,17,17,41,1,13483,2036,13159,0.037730,0.012039,0.001284,0.000001
1331,36,0xCF8923E0451BAD67,18,18,18,48,1,1664,460,13828,0.003866,0.003619,0.002145,0.000001
1332,24,0xDF096B58742E3AC1,14,14,14,42,1,4708,149,10370,0.010927,0.001070,0.001077,0.000001
1333,38,0x142B7065FE3A98DC,19,19,19,47,1,63,63,15001,0.000432,0.000686,0.001437,0.000001
1334,28,0x6157AB94D8F23EC0,15,15,15,37,1,1623,16,11183,0.003989,0.000399,0.001163,0.000001
1335,32,0xD74A6BE8C0291F53,18,18,18,32,1,33944,457,14119,0.147605,0.002961,0.001408,0.000001
1336,32,0xF74D32C50EB189A6,16,16,16,42,1,477,48,12025,0.001328,0.000570,0.001218,0.000001
1337,34,0x3694E5C12A8FD07B,18,18,18,46,1,18037,766,13853,0.049697,0.005023,0.001562,0.000001
1338,32,0xFC461E27A59D803B,17,17,17,47,1,5803,39,13270,0.014047,0.000554,0.001300,0.000001
1339,40,0xE352A1470FC96D8B,20,20,22,44,1,21,21,17640,0.000366,0.000446,0.001616,0.000001
1340,36,0x80C4EA731D2F9B65,19,19,19,41,1,11664,314,15225,0.032594,0.002291,0.001449,0.000001
1341,34,0x68D234A05C9B17EF,18,18,18,38,1,12020,2755,14019,0.033708,0.015458,0.001368,0.000001
1342,30,0xA82F91D57CB4063E,17,17,17,35,1,19448,513,13060,0.053679,0.003293,0.001327,0.000001
1343,32,0x32A8D5FB7C01469E,17,17,17,39,1,2065,8367,13081,0.005313,0.044916,0.001308,0.000001
1344,34,0x0461B93FE7AC2D58,17,17,17,41,1,326,88,13161,0.001113,0.000802,0.001314,0.000001
1345,34,0x0813B956F4C2AED7,19,19,19,37,1,178931,4654,14711,1.157668,0.027803,0.001426,0.000001
1346,28,0xCED857B2A64301F9,16,16,16,34,1,8458,304,12201,0.021088,0.001963,0.001222,0.000001
1347,30,0x3EF260C1B4DA8795,16,16,16,48,1,2266,1745,12179,0.005401,0.010848,0.001214,0.000001
1348,24,0xF4965EDC1A37B820,15,15,15,35,1,28053,1781,11031,0.083742,0.009669,0.001141,0.000001
1349,34,0x13862C4E0F5D79BA,18,18,18,40,1,5500,183,13972,0.013596,0.001282,0.001359,0.000001
1350,22,0x56987FBEDCA43201,13,13,13,33,1,1475,59,9301,0.003426,0.000613,0.001024,0.000001
1351,36,0x0C3E6547D29FAB18,18,18,18,42,1,47,47,14044,0.000418,0.000568,0.001345,0.000001
1352,30,0x01DB4C9A7E35F826,16,16,16,38,1,2040,31,12356,0.004864,0.000481,0.001309,0.000001
1353,32,0x60F3EDA9B15C8247,16,16,16,44,1,296,276,12321,0.000984,0.001743,0.001260,0.000001
1354,30,0x8A39FB4D5602EC71,16,16,16,36,1,654,430,11873,0.001992,0.002504,0.001216,0.000001
1355,26,0x43DBFA527E16C980,14,14,14,38,1,97,393,10370,0.000738,0.002425,0.001165,0.000001
1356,30,0xE7653904BC8D2AF1,16,16,16,42,1,700,871,12040,0.001899,0.004854,0.001239,0.000001
1357,30,0xD7F90A1E835246CB,15,15,15,45,1,628,500,11412,0.001764,0.002870,0.001209,0.000001
1358,30,0xB0CA94315D7E86F2,17,17,17,31,1,34257,1200,12957,0.109436,0.006827,0.001260,0.000001
1359,24,0x75CA32B819D6FE04,13,13,13,35,1,291,102,9304,0.000935,0.000842,0.001010,0.000001
1360,28,0xC4BAD6E027F19358,17,17,17,43,1,77938,2502,12655,0.353073,0.012835,0.001276,0.000001
1361,34,0x35D671C482B9FA0E,17,17,17,37,1,3974,3509,12879,0.009158,0.018092,0.001298,0.000001
1362,32,0x048AF1B5367D9C2E,17,17,17,39,1,4157,5402,13230,0.009709,0.032153,0.001314,0.000001
1363,28,0xE6C50198A34F7B2D,15,15,15,41,1,1192,408,11111,0.003227,0.002453,0.001123,0.000001
1364,32,0xC965B40127DE38AF,17,17,17,43,1,16957,739,13153,0.046901,0.004797,0.001269,0.000001
1365,40,0xC0B415728936EFDA,21,21,21,39,1,954145,1431,16671,8.670330,0.009706,0.001696,0.000001
1366,42,0x93B84D6E21A7C0F5,21,21,21,33,1,4370,1172,16925,0.011966,0.006304,0.001515,0.000001
1367,28,0x3F745AB0C8D162E9,15,15,15,39,1,501,451,11284,0.001380,0.002644,0.001152,0.000001
1368,34,0xBD2F69A4C30E7185,18,18,18,38,1,4366,44,13818,0.010024,0.000565,0.001335,0.000001
1369,32,0x05F631CB9A7DE248,16,16,16,42,1,1931,864,12263,0.004569,0.004702,0.001217,0.000001
1370,32,0x489C10563FB7EA2D,19,19,19,39,1,629802,34855,14813,4.818982,0.219741,0.001532,0.000001
1371,30,0xD70C4281EAB5639F,16,16,16,40,1,1191,97,11933,0.003915,0.000851,0.001296,0.000001
1372,30,0x78E4F65C1239AD0B,16,16,16,38,1,2207,1997,12230,0.006081,0.010760,0.001205,0.000001
1373,34,0xCA7186D095EBF423,19,19,19,37,1,174664,4133,15019,1.117278,0.025459,0.001546,0.000001
1374,38,0x614857A0C3EDB92F,20,20,22,36,1,98167,2370,17565,0.645314,0.015634,0.001862,0.000001
1375,28,0xECD2A7FB48136095,15,15,15,45,1,150,1238,11335,0.000700,0.007217,0.001308,0.000001
1376,36,0x4851ACE3076BFD92,18,18,18,36,1,821,749,14266,0.003426,0.005286,0.001433,0.000001
1377,38,0xF08B4523EA9DC617,21,21,21,39,1,922309,20922,17043,8.784415,0.135256,0.001579,0.000001
1378,40,0x27584160F9EADBC3,20,20,22,38,1,4006,4794,17411,0.010019,0.028412,0.001579,0.000001
1379,30,0x0F8B95763CD42E1A,15,15,15,39,1,1391,808,11480,0.003805,0.004528,0.001158,0.000001
1380,32,0x28A1B93DF0C4756E,17,17,19,37,1,1448,18027,15025,0.003484,0.095832,0.001437,0.000001
1381,26,0x10CAFB3854976ED2,16,16,16,36,1,34380,669,12076,0.108471,0.004322,0.001189,0.000001
1382,36,0x3140D72AE86C9FB5,20,20,20,46,1,490979,13549,16102,4.156935,0.079747,0.001471,0.000001
1383,32,0x14F63CBD59E2A087,17,17,17,35,1,3018,475,12811,0.007452,0.002714,0.001248,0.000001
1384,32,0x38147B56CEFA9D20,17,17,17,31,1,2105,2238,13010,0.004797,0.011483,0.001284,0.000001
1385,28,0x3CB1FA96D20E4578,14,14,14,44,1,15,15,10375,0.000353,0.000409,0.001076,0.000001
1386,28,0x2E9D4C80BFA13675,15,15,15,39,1,271,286,11279,0.000858,0.001757,0.001199,0.000001
1387,34,0xF870E5D4CA2B3961,18,18,18,44,1,9431,2356,14299,0.025984,0.015586,0.001370,0.000001
1388,34,0x3F90472DBE61A5C8,17,17,17,39,1,54,54,13270,0.000486,0.000609,0.001657,0.000001
1389,34,0x924DF03815EB6CA7,17,17,17,43,1,18,18,13003,0.000416,0.000498,0.001987,0.000001
1390,32,0xB3CD5E02A9671F84,18,18,18,40,1,86121,2498,13749,0.439511,0.013424,0.001327,0.000001
1391,26,0xF5D9310CBEA42687,14,14,14,44,1,55,123,10386,0.000433,0.000974,0.001095,0.000001
1392,32,0x871C064B5FEA923D,16,16,16,40,1,2411,2765,12212,0.005714,0.014597,0.001214,0.000001
1393,36,0xD1406C3928B5AF7E,19,19,19,39,1,3074,20547,14988,0.007261,0.126551,0.001439,0.000001
1394,36,0x18A24CB967F3E50D,19,19,19,35,1,11831,4294,14938,0.033480,0.024210,0.001426,0.000001
1395,34,0xBCEF1583972A6D40,19,19,19,37,1,144166,3350,14985,0.988099,0.020636,0.001543,0.000001
1396,38,0x254BE6FD1037C98A,20,20,20,40,1,18868,104809,15759,0.075934,0.913864,0.001785,0.000001
1397,34,0xF627C5BA8E13940D,19,19,19,41,1,111036,2063,14997,0.771060,0.012621,0.001707,0.000001
1398,20,0xFED680AB572C1394,13,13,13,43,1,7977,89,9384,0.018583,0.000790,0.001004,0.000001
1399,30,0xABC4D371568092EF,17,17,17,43,1,61333,1905,13248,0.295665,0.010717,0.001303,0.000001
1400,36,0xAB3DEC746120859F,20,20,20,38,1,594317,18741,15740,4.781710,0.104250,0.001501,0.000001
1401,32,0x6EC7580F143BA9D2,18,18,18,44,1,104263,2531,13762,0.662925,0.014984,0.001441,0.000001
1402,32,0x39F51B4ED86702CA,18,18,18,40,1,9606,5636,13987,0.028309,0.028403,0.001361,0.000001
1403,32,0xD0F4A1862BC7E953,17,17,17,39,1,6972,234,13207,0.016744,0.001547,0.001298,0.000001
1404,34,0x478C0615ED29BF3A,19,19,19,41,1,114401,2833,14750,0.713034,0.017074,0.001536,0.000001
1405,28,0x0F54A79D2C3BE618,16,16,16,32,1,15168,682,12037,0.041278,0.004372,0.001200,0.000001
1406,32,0x2B97AEC631F40D85,16,16,16,34,1,169,155,12115,0.000686,0.001111,0.001207,0.000001
1407,30,0x86E0BC5A214F397D,17,17,17,41,1,18345,433,13103,0.050015,0.002906,0.001291,0.000001
1408,38,0x295AB486CDE301F7,20,20,20,34,1,201608,21,15705,1.535697,0.000517,0.001634,0.000001
1409,38,0x6320D4AFBC8517E9,19,19,19,41,1,20,20,14928,0.000370,0.000424,0.001561,0.000001
1410,30,0xEC8362BF71DA0459,17,17,17,43,1,13912,278,13152,0.044912,0.001884,0.001280,0.000001
1411,24,0xBAD4C71E328596F0,12,12,12,36,1,13,13,8429,0.000374,0.000404,0.000936,0.000001
1412,26,0x56AF0EDC941237B8,15,15,15,47,1,2132,1287,11349,0.005275,0.006538,0.001174,0.000001
1413,30,0x8D964BF31CE52A70,16,16,16,34,1,2172,997,12139,0.005044,0.005621,0.001218,0.000001
1414,26,0xC708A1BE92DF3654,13,13,13,43,1,44,39,9199,0.000454,0.000564,0.001018,0.000001
1415,22,0x8C3EA209F645B7D1,12,12,12,44,1,92,49,8287,0.000514,0.000571,0.000934,0.000000
1416,30,0x371459DAC06EF8B2,17,17,17,39,1,40059,568,12933,0.140347,0.003641,0.001369,0.000001
1417,26,0x9B5C4ADE623F8071,16,16,16,40,1,22886,634,12489,0.074362,0.004178,0.001240,0.000001
1418,30,0x1A58F264EBC7903D,16,16,16,40,1,923,371,12164,0.002289,0.002469,0.001222,0.000001
1419,34,0x2158F0B67A394CDE,18,18,18,46,1,19585,1375,13790,0.052168,0.008265,0.001329,0.000001
1420,30,0x3B2D9C705A481EF6,18,18,18,38,1,337364,9445,13739,2.326602,0.052665,0.001321,0.000001
1421,34,0x13A6C48BD0F572E9,17,17,19,37,1,1195,1877,14708,0.003171,0.010463,0.001387,0.000001
1422,26,0x6C5897ABDE3F4012,15,15,15,31,1,3295,76,11083,0.007876,0.000718,0.001130,0.000001
1423,34,0x7BD3E26A01C958F4,19,19,19,37,1,97781,2953,14949,0.630805,0.017677,0.001517,0.000001
1424,36,0x39B475E628DAF10C,20,20,20,34,1,641846,12618,15923,5.224109,0.073826,0.001817,0.000001
1425,30,0xBD3450CA16EF7982,16,16,16,40,1,4763,1940,12050,0.011201,0.010492,0.001218,0.000001
1426,34,0x72386491E0DBFCA5,18,18,18,36,1,8732,3286,13971,0.021126,0.017244,0.001368,0.000001
1427,36,0x76E2C154A38F0BD9,20,20,20,44,1,299445,4647,15948,2.199545,0.026956,0.001464,0.000001
1428,32,0xDEA5B267310C984F,17,17,17,45,1,5631,3040,13151,0.014030,0.016141,0.001288,0.000001
1429,32,0x2D6E0F8CB3A75419,16,16,16,44,1,407,245,12334,0.001192,0.001569,0.001221,0.000001
1430,32,0x906BDF4EA72C1358,17,17,17,47,1,5619,4529,13203,0.013759,0.023602,0.001321,0.000001
1431,34,0x4658A30FB1CDE927,18,18,18,44,1,9927,13819,13915,0.026342,0.072369,0.001366,0.000001
1432,26,0x0E7C529AB8461FD3,14,14,14,38,1,157,15,10497,0.000844,0.000429,0.001141,0.000001
1433,30,0xE78F5DAB36914C20,16,16,16,36,1,487,1201,12037,0.001480,0.007154,0.001284,0.000001
1434,28,0xE49C210A73DB5F86,15,15,15,41,1,453,1040,11179,0.001316,0.005519,0.001185,0.000001
1435,30,0x7B0A4E9C8F13D652,17,17,17,41,1,17810,572,12939,0.050684,0.003491,0.001262,0.000001
1436,30,0x364C7251EF9BA08D,16,16,16,42,1,5763,1489,12184,0.013595,0.007837,0.001221,0.000001
1437,36,0x38CBD42075A9F1E6,18,18,18,38,1,61,34,14139,0.000437,0.000492,0.001352,0.000001
1438,32,0x8F70A49613B5D2EC,17,17,17,39,1,3304,6359,13345,0.007772,0.034456,0.001311,0.000001
1439,32,0x02CB7A65E1D49F38,16,16,16,28,1,23,23,12178,0.000366,0.000446,0.001212,0.000000
1440,30,0xF5B97AC3E482D160,16,16,16,34,1,199,3433,12204,0.001978,0.022971,0.001225,0.000001
1441,32,0x526F0B8371AC9ED4,17,17,17,39,1,3853,3897,13079,0.009256,0.020775,0.001258,0.000001
1442,24,0x8DA2BEFC97103654,14,14,14,40,1,5099,288,10158,0.011467,0.001781,0.001054,0.000001
1443,32,0x4278C391E6BF0D5A,16,16,16,38,1,43,43,12327,0.000401,0.000567,0.001223,0.000000
1444,34,0x69075DA842CE1B3F,19,19,19,41,1,95722,1352,15091,0.676041,0.008726,0.001558,0.000001
1445,38,0xA9C71D532860B4EF,20,20,20,44,1,55239,1847,15940,0.264154,0.011619,0.001621,0.000001
1446,22,0xE87CDABF02493615,13,13,13,37,1,820,36,9295,0.002401,0.000512,0.001276,0.000001
1447,36,0x1BE36D97502CF84A,18,18,20,42,1,161,147,16049,0.000909,0.001103,0.001626,0.000001
1448,26,0x9E15B2DA3F87406C,15,15,15,35,1,4972,765,11256,0.013164,0.005221,0.001217,0.000001
1449,26,0xD54FA1BE368C0792,13,13,13,43,1,21,14,9323,0.000363,0.000397,0.001071,0.000001
1450,26,0x7AB4FD9280E1365C,13,13,13,39,1,14,14,9471,0.000690,0.000533,0.001674,0.000001
1451,28,0x3D78F06CB4E21A59,17,17,17,47,1,94071,4525,12840,0.600135,0.025286,0.001376,0.000001
1452,28,0x58D479F03C261BAE,16,16,16,40,1,3505,151,11988,0.009311,0.001156,0.001206,0.000001
1453,32,0xAF74C032B1D89E65,17,17,17,43,1,3692,10442,12921,0.008913,0.056445,0.001276,0.000001
1454,36,0x7D1EC45B8FA90362,19,19,19,33,1,26494,1020,15032,0.093546,0.006402,0.001396,0.000001
1455,32,0xE9C41B270685F3AD,16,16,16,42,1,797,343,12282,0.002223,0.002169,0.001214,0.000001
1456,40,0x4C635F2189DB7AE0,21,21,21,35,1,326545,169,16834,2.543754,0.001395,0.002087,0.000001
1457,34,0x4E13B7A28FC06D59,19,19,19,37,1,128944,3527,15010,0.848622,0.021110,0.001550,0.000001
1458,24,0xFE1A92C470568DB3,12,12,12,40,1,52,16,8729,0.000473,0.000398,0.001250,0.000001
1459,36,0xD9A18EB73F20C465,18,18,20,40,1,1319,688,15900,0.003944,0.003870,0.001492,0.000001
1460,42,0xD823745F90EBC6A1,22,22,22,42,1,1962448,5746,17413,18.644150,0.037401,0.001595,0.000001
1461,26,0xFCDA409637B528E1,14,14,14,40,1,168,92,10364,0.000787,0.000770,0.001087,0.000001
1462,34,0x630E12857BAC94DF,19,19,19,47,1,190983,4413,14883,1.579559,0.026534,0.001539,0.000001
1463,34,0x54F6E9CA81302D7B,19,19,19,37,1,251863,6857,14929,2.063820,0.044624,0.001478,0.000001
1464,28,0x7F48EC6AD201395B,16,16,18,40,1,3827,1414,13982,0.010955,0.007601,0.001385,0.000001
1465,40,0x813F60742AE5D9BC,21,21,21,49,1,186337,171882,16864,1.596327,1.995799,0.001984,0.000001
1466,32,0x7D34926A1B8C0F5E,18,18,18,42,1,52299,1712,14038,0.259307,0.011008,0.001460,0.000001
1467,32,0xD5A28F407E9B31C6,17,17,17,35,1,12512,11013,13375,0.039072,0.065790,0.001292,0.000001
1468,28,0xBCF3184927605ADE,16,16,16,40,1,7818,223,11930,0.019564,0.001638,0.001210,0.000001
1469,36,0xC857642D0E931BFA,18,18,20,40,1,4466,4024,16031,0.011124,0.022916,0.001721,0.000001
1470,30,0xCE1B853D4F7296A0,16,16,16,36,1,1175,313,12241,0.003356,0.001972,0.001234,0.000001
1471,22,0xD6CFBE91A7508423,12,12,12,42,1,213,13,8420,0.000741,0.000387,0.000951,0.000001
1472,30,0x1EF056D43AB92C78,16,16,18,40,1,1013,1955,13834,0.002518,0.010313,0.001337,0.000001
1473,30,0x5E748193FDBA206C,17,17,17,39,1,56061,2396,13076,0.265062,0.016187,0.001595,0.000001
1474,30,0x20AF18DE634C795B,16,16,16,48,1,551,21,12053,0.001846,0.000480,0.001424,0.000001
1475,30,0x3C2E5FB14D709A86,17,17,17,41,1,22401,785,12867,0.096257,0.007052,0.001971,0.000001
1476,32,0x4A9FB65310EDC287,17,17,17,37,1,1238,84,13061,0.004861,0.001069,0.002017,0.000001
1477,34,0x5C2731968E4DF0AB,18,18,18,40,1,30604,19,13979,0.175448,0.000468,0.001379,0.000001
1478,40,0x834705AB961FDCE2,20,20,20,44,1,2355,2291,15885,0.006459,0.012721,0.001667,0.000001
1479,28,0x81ECAB3670945FD2,15,15,15,33,1,467,728,11096,0.001404,0.005517,0.001605,0.000001
1480,32,0x475A9D3E8C21F6B0,18,18,18,34,1,138876,5618,14006,0.910934,0.032118,0.001754,0.000001
1481,28,0x18DAF509C7BE2634,17,17,17,39,1,98883,3384,13015,0.722382,0.022144,0.001292,0.000001
1482,30,0x2F48E7DB39A5601C,17,17,17,33,1,33848,632,13168,0.156352,0.005213,0.001775,0.000001
1483,38,0x57A3D0C19BEF6428,19,19,19,41,1,5870,4717,15252,0.019260,0.026555,0.001561,0.000001
1484,42,0x014C285693A7FDEB,21,21,23,41,1,2063,1837,18776,0.005778,0.010220,0.001703,0.000001
1485,40,0xD0EB1467938CF52A,21,21,21,43,1,188615,98,16723,1.602260,0.000946,0.001736,0.000001
1486,28,0xDF8E97602C35B1A4,16,16,16,42,1,2249,117,12285,0.006859,0.000940,0.001337,0.000001
1487,28,0x561E320478FDB9AC,16,16,16,50,1,9997,228,11783,0.027828,0.001646,0.001265,0.000001
1488,26,0x50FE9A1B28C47D36,15,15,15,35,1,5562,124,11454,0.012596,0.000989,0.001163,0.000001
1489,32,0xD156ACFB3940E827,17,17,17,37,1,2390,68,13068,0.005860,0.000675,0.001294,0.000001
1490,28,0x28C16B9EA5DF3470,14,14,14,34,1,619,295,10546,0.001742,0.001839,0.001118,0.000001
1491,36,0x25F493ED06A7C18B,19,19,19,39,1,18554,1517,14708,0.055984,0.010180,0.001372,0.000001
1492,40,0x89371F62C0DBA45E,21,21,21,45,1,395347,13220,16783,3.672380,0.082586,0.001562,0.000001
1493,30,0x621098EC475B3DFA,16,16,16,42,1,618,464,12307,0.002157,0.002764,0.001217,0.000001
1494,36,0xA8690CF1D34B27E5,20,20,20,40,1,482446,9426,15921,4.045317,0.054534,0.001496,0.000001
1495,28,0xEBFC1329654A08D7,16,16,16,44,1,23895,638,12159,0.073400,0.004332,0.001215,0.000001
1496,32,0x264F7DB3E10CA958,17,17,17,41,1,3842,7365,12988,0.008759,0.039216,0.001302,0.000001
1497,32,0x230F79856ACD1EB4,18,18,18,34,1,109181,1170,14191,0.722053,0.007224,0.001471,0.000001
1498,34,0x2D9053786AC14FBE,17,17,17,39,1,18,18,13432,0.000355,0.000415,0.001425,0.000001
1499,36,0x3B1F4D6C285E097A,19,19,19,39,1,14832,18173,15291,0.044085,0.104103,0.001507,0.000001
1500,28,0xE7A82C319FD4065B,15,15,15,41,1,130,484,11493,0.000808,0.003007,0.001161,0.000001
1501,38,0xA062CD45E79138FB,20,20,20,38,1,158125,17208,15830,1.020023,0.102759,0.001471,0.000001
1502,26,0x17D23F9A5486BCE0,15,15,15,33,1,1181,2283,11406,0.003233,0.011302,0.001150,0.000001
1503,30,0x186F9C7D2A5E304B,18,18,18,36,1,208410,11657,14036,1.508303,0.068010,0.001320,0.000001
1504,32,0x2F4A5081D73EC6B9,18,18,18,48,1,41109,965,14002,0.155282,0.005565,0.001332,0.000001
1505,28,0x45DAB8C37F2619E0,16,16,16,30,1,14506,590,12324,0.038309,0.003585,0.001212,0.000001
1506,42,0x9326DF07C1B8A4E5,21,21,21,43,1,74,74,16963,0.000484,0.000707,0.001634,0.000001
1507,40,0xC1EB753D48290AF6,20,20,22,36,1,1858,2563,17786,0.004584,0.013321,0.001605,0.000001
1508,34,0x35DE694C8B1720AF,18,18,18,36,1,11643,2295,14145,0.032977,0.012833,0.001355,0.000001
1509,32,0xA9D3528F7041EB6C,17,17,19,43,1,7579,24841,14984,0.018752,0.145810,0.001542,0.000001
1510,28,0xE4B9A6015DF27C38,16,16,18,40,1,5393,11480,13798,0.012944,0.061780,0.001325,0.000001
1511,30,0xDB671A9283FC540E,17,17,17,37,1,39889,1926,13124,0.131802,0.011173,0.001277,0.000001
1512,26,0x72D80A4F5CE9B613,14,14,14,38,1,230,405,10318,0.000800,0.002465,0.001075,0.000001
1513,26,0xF2E0A3CB7D198654,14,14,14,42,1,503,273,10056,0.001335,0.001919,0.001062,0.000001
1514,34,0x9A108DC7326EF54B,19,19,19,39,1,249197,5564,14976,1.885300,0.033814,0.001436,0.000001
1515,30,0x34F1608E257C9BDA,17,17,17,45,1,21722,459,13072,0.073024,0.003111,0.001291,0.000001
1516,32,0xA9456D182B30FE7C,18,18,18,42,1,114561,2380,13964,0.694751,0.015418,0.001753,0.000001
1517,28,0x69B5FA0C4E2178D3,15,15,15,45,1,592,191,11152,0.001634,0.001413,0.001208,0.000001
1518,32,0x8E09D7F2B35A46C1,17,17,17,37,1,3591,632,13043,0.009165,0.003574,0.001360,0.000001
1519,28,0xB8A4D9CE73F20516,15,15,15,35,1,748,199,11227,0.001936,0.001327,0.001145,0.000001
1520,30,0x87BCE54F16D293A0,18,18,18,36,1,424822,26968,14006,3.411132,0.162641,0.001489,0.000001
1521,38,0xE06ACD3591FB2784,20,20,20,36,1,100915,3399,16113,0.667816,0.022018,0.001656,0.000001
1522,26,0x0782FACB14563E9D,16,16,16,36,1,34977,2343,12249,0.115784,0.012410,0.001225,0.000001
1523,30,0xBF2E9175064D38CA,16,16,16,42,1,1201,1222,12245,0.002880,0.006559,0.001211,0.000001
1524,30,0xFC567128DBE30A49,16,16,16,46,1,1040,269,12050,0.002444,0.001678,0.001195,0.000001
1525,30,0xFBCE847D126509A3,16,16,16,38,1,2858,2224,12267,0.006946,0.011364,0.001216,0.000001
1526,32,0x9CD258A40E3F176B,17,17,17,33,1,5676,4047,13050,0.014410,0.021390,0.001284,0.000001
1527,36,0x10582CA36BF9E74D,20,20,20,44,1,687385,21554,15743,5.455064,0.130053,0.001751,0.000001
1528,30,0x6793A28C014DBE5F,17,17,17,41,1,29321,576,13194,0.097978,0.003447,0.001299,0.000001
1529,30,0x4E31B6CD987F0A52,15,15,15,35,1,266,190,11269,0.000885,0.001335,0.001128,0.000001
1530,38,0x0124637DAE5C8F9B,19,19,21,47,1,52927,52205,16649,0.254228,0.408720,0.001882,0.000001
1531,38,0x184320E5CF9D7B6A,20,20,20,46,1,61435,335,16003,0.308000,0.002393,0.001463,0.000001
1532,34,0x4D6B837FAC529E01,18,18,18,38,1,22435,2913,14094,0.071708,0.018032,0.001456,0.000001
1533,32,0x2618D403BE75ACF9,17,17,17,47,1,2289,8416,13017,0.005408,0.043730,0.001295,0.000001
1534,34,0x72390584FBCA16DE,18,18,18,40,1,7619,4353,14044,0.018581,0.022350,0.001370,0.000001
1535,40,0x1432DFC7E908B5A6,20,20,22,40,1,4869,3253,17783,0.011526,0.017819,0.001687,0.000001
1536,34,0x695E7DC1F32B04A8,18,18,18,42,1,4900,4957,13950,0.011630,0.026444,0.001528,0.000001
1537,32,0xFB2391A8C7E6504D,18,18,18,40,1,30617,720,13900,0.104806,0.004620,0.001339,0.000001
1538,34,0x836C2409FDEA715B,18,18,20,40,1,2877,12559,15959,0.006891,0.071321,0.001481,0.000001
1539,32,0x9BA2C13F765D04E8,17,17,17,43,1,10897,18,13189,0.030485,0.000549,0.001510,0.000001
1540,34,0x8E357C4A02BDF961,18,18,18,34,1,24827,140,14071,0.086148,0.001137,0.001332,0.000001
1541,34,0x08DC1325AE67B94F,18,18,18,40,1,4120,2584,14165,0.010272,0.013841,0.001325,0.000001
1542,28,0xD4CA52E83B679F01,15,15,15,35,1,788,593,11197,0.002031,0.003281,0.001125,0.000001
1543,32,0x2DC736E1F5A89B04,17,17,17,37,1,3058,18,12953,0.007339,0.000404,0.001264,0.000001
1544,26,0x1C7E48F0A659B3D2,14,14,14,42,1,205,1180,10343,0.000744,0.006142,0.001144,0.000001
1545,32,0x345A9C7B28FD106E,18,18,18,28,1,48813,665,13637,0.225913,0.004107,0.001299,0.000001
1546,36,0x61CD250BE937F4A8,18,18,18,46,1,1145,853,14305,0.002777,0.004524,0.001358,0.000001
1547,26,0xAC8EB90D376125F4,15,15,15,35,1,4831,189,11057,0.010668,0.001295,0.001160,0.000001
1548,36,0x19735ACD2E480F6B,20,20,20,36,1,477971,10085,15921,4.120832,0.059823,0.001524,0.000001
1549,32,0x1A3D0FEC74B25986,18,18,18,50,1,120821,3221,14200,0.777972,0.019530,0.001360,0.000001
1550,30,0x0CA6D1FBE8943752,15,15,15,39,1,16,16,11046,0.000487,0.000491,0.001100,0.000001
1551,24,0xDB08EC917AF52346,13,13,13,39,1,75,82,9359,0.000447,0.000735,0.000996,0.000000
1552,38,0x0627A4951F38CEBD,21,21,21,41,1,1284369,29957,16839,11.179608,0.191405,0.001589,0.000001
1553,34,0x25F706EC4BDA8391,17,17,19,39,1,193,193,14989,0.001230,0.001301,0.001687,0.000001
1554,24,0x72D4EA5BF9368C10,14,14,14,34,1,1172,47,10340,0.003199,0.000549,0.001079,0.000000
1555,30,0x26C413F8597ABDE0,16,16,16,36,1,2357,241,12244,0.005364,0.001529,0.001211,0.000000
1556,30,0xE70C4F9D1B635A28,17,17,17,43,1,20816,568,12909,0.065840,0.003459,0.001351,0.000001
1557,32,0xA5968734C210BEFD,16,16,16,32,1,1814,904,12053,0.004628,0.004951,0.001209,0.000001
1558,32,0xAC96758E0324BD1F,17,17,17,35,1,2927,216,13367,0.007117,0.001472,0.001305,0.000001
1559,36,0x479F086C1D2A5E3B,20,20,20,42,1,216591,4556,15479,1.708721,0.026572,0.001676,0.000001
1560,34,0xD169024BFCE7358A,17,17,17,45,1,38,30,13144,0.000607,0.000558,0.001393,0.000001
1561,38,0xD467019AC3B825EF,20,20,20,42,1,201752,21748,15723,1.579951,0.134886,0.001457,0.000001
1562,38,0xA56F0C2B1DE98374,19,19,19,43,1,16367,10528,14985,0.044202,0.057168,0.001413,0.000001
1563,30,0x89B310EDF74C6A52,17,17,17,43,1,38677,663,13171,0.132556,0.005252,0.001415,0.000001
1564,26,0xFB50D87CE19426A3,14,14,14,38,1,344,377,10292,0.001204,0.002355,0.001067,0.000001
1565,32,0x8C9F24B30A75D6E1,17,17,17,37,1,4379,147,12911,0.010309,0.001073,0.001253,0.000001
1566,36,0x207F8AD3916E45BC,19,19,19,41,1,11264,51268,14924,0.030790,0.391456,0.001454,0.000001
1567,34,0x76E0F915AC2348BD,18,18,18,46,1,8728,2721,13880,0.021885,0.014723,0.001371,0.000001
1568,30,0x5F287ED1B0CA3964,18,18,18,44,1,232617,8876,14041,1.674175,0.050575,0.001355,0.000001
1569,28,0xB4EC75832A961FD0,16,16,16,30,1,13309,447,12189,0.035388,0.002936,0.001250,0.000001
1570,38,0x82C304EF697DA51B,19,19,21,45,1,31532,26087,16908,0.106279,0.162386,0.001648,0.000001
1571,30,0x4E895F2016CDA7B3,18,18,18,40,1,233982,9888,14039,1.682538,0.058902,0.001364,0.000001
1572,30,0x38E94AF762C0B1D5,17,17,17,33,1,22873,744,13163,0.073275,0.004893,0.001296,0.000001
1573,28,0x7A6D8B42F93E501C,16,16,16,38,1,6545,201,11868,0.015237,0.001406,0.001207,0.000001
1574,26,0x4D5902CF7E16AB38,15,15,15,43,1,6834,68,11326,0.015464,0.000681,0.001152,0.000001
1575,38,0x590EDCB312A7846F,19,19,21,37,1,20,20,16660,0.000366,0.000431,0.001535,0.000001
1576,34,0x9A20D36B8E4517FC,18,18,18,40,1,4509,22,14088,0.010916,0.000443,0.001356,0.000001
1577,26,0x42FDBECA68395017,15,15,15,39,1,4028,120,11194,0.009151,0.000942,0.001142,0.000001
1578,34,0xC2A387D90F65EB41,17,17,17,35,1,178,126,13003,0.000698,0.000972,0.001268,0.000000
1579,44,0x2149C5F3AB8D60E7,23,23,-1,39,1,3444485,30,20043,34.549945,0.003181,0.002014,0.000001
1580,36,0x1479538EADCB20F6,19,19,19,35,1,20579,974,14937,0.070757,0.005419,0.001407,0.000001
1581,22,0x47BF9EC861D0325A,12,12,12,36,1,89,13,8548,0.000502,0.000386,0.000954,0.000001
1582,26,0x3DB8C6971E42FA50,14,14,14,30,1,159,209,10299,0.000662,0.001379,0.001073,0.000001
1583,30,0x83CFB91D52A0746E,15,15,15,43,1,16,16,11173,0.000343,0.000412,0.001134,0.000001
1584,26,0x9B50A2C83E416FD7,17,17,17,37,1,306305,18975,12998,2.030196,0.099223,0.001294,0.000001
1585,30,0x895436B1C7EAF20D,15,15,15,37,1,30,30,11110,0.000518,0.000474,0.001123,0.000001
1586,30,0x7645B0ED1893FA2C,16,16,16,44,1,3541,1443,11977,0.008322,0.007991,0.001199,0.000001
1587,30,0x35A796CB421EF0D8,18,18,18,36,1,194885,7184,14040,1.472018,0.041140,0.001345,0.000001
1588,26,0xA6FE781C0439BD52,15,15,15,35,1,3372,1101,11036,0.007828,0.005846,0.001131,0.000001
1589,34,0x9B0E26F38D754AC1,17,17,17,41,1,2354,1869,13243,0.005463,0.009988,0.001286,0.000001
1590,30,0x4978ED3A0F56B12C,17,17,17,37,1,20529,494,13223,0.072905,0.003152,0.001274,0.000000
1591,30,0xD67F28450E91B3AC,16,16,16,44,1,2211,89,12085,0.005253,0.000789,0.001206,0.000001
1592,38,0x716F0EC2358BD9A4,19,19,19,47,1,33440,21468,15240,0.123675,0.131948,0.001403,0.000001
1593,36,0x0BC2478A91FD635E,20,20,20,36,1,589567,20624,15918,4.920143,0.121910,0.001509,0.000001
1594,34,0x2AF075CE614BD839,18,18,20,44,1,12111,25,15878,0.033445,0.000474,0.001483,0.000001
1595,30,0x5172AED8C04B3F96,16,16,16,34,1,4688,21,12295,0.011599,0.000442,0.001223,0.000000
1596,28,0x4A8613EDF7509CB2,15,15,15,41,1,1027,61,11196,0.002467,0.000635,0.001140,0.000000
1597,32,0x0FA4731D695E28CB,17,17,17,39,1,6902,361,13027,0.016896,0.002284,0.001273,0.000001
1598,32,0xB7C25086A49EF13D,17,17,17,41,1,3530,909,13119,0.008220,0.004955,0.001283,0.000001
1599,30,0xC30E7FBD16A82954,17,17,17,45,1,31476,805,13017,0.108556,0.004935,0.001257,0.000001
1600,34,0x8463D9F2BE17CA05,18,18,18,42,1,10863,1725,13825,0.028726,0.009220,0.001335,0.000001
1601,36,0x2AB84963FC10E5D7,18,18,18,38,1,118,141,14179,0.000562,0.001125,0.001381,0.000001
1602,38,0x91A6258F3B740DCE,19,19,21,37,1,16777,14073,16862,0.047554,0.079409,0.001558,0.000001
1603,40,0xED8165B3C9A74F20,20,20,22,32,1,9946,8734,17757,0.027158,0.046384,0.001702,0.000001
1604,28,0xA5D974FCB260E831,17,17,17,37,1,81531,1873,13007,0.371833,0.011254,0.001386,0.000001
1605,32,0x25047FEB9D1C3A86,17,17,19,41,1,1050,687,14897,0.003291,0.004201,0.001517,0.000001
1606,30,0xD05926B4F317EC8A,19,19,19,43,1,1835422,63356,15113,16.175707,0.470446,0.001449,0.000001
1607,30,0x7C8E5A42D9601F3B,15,15,15,41,1,16,16,11192,0.000351,0.000407,0.001155,0.000001
1608,30,0xE608F1753C249ABD,18,18,18,48,1,275285,9517,14002,1.942379,0.054522,0.001347,0.000001
1609,38,0x8C4A172F0D396EB5,19,19,19,43,1,170,140,15129,0.000868,0.001050,0.001399,0.000001
1610,32,0xA50F1974CED3B268,17,17,19,45,1,2965,7822,15156,0.007408,0.041039,0.001422,0.000001
1611,38,0x9D3485E7C102B6FA,20,20,20,42,1,96251,43,16199,0.624627,0.000616,0.001663,0.000001
1612,30,0xFE3195CBA470D862,15,15,15,39,1,194,92,11461,0.000790,0.000816,0.001237,0.000000
1613,40,0x120495DFA8EB6C73,21,21,21,41,1,290710,2362,16726,2.203784,0.014225,0.001765,0.000001
1614,30,0xED17C650B2F8943A,15,15,15,45,1,16,16,11184,0.000366,0.000421,0.001244,0.000001
1615,30,0x46E2B0A8F9D3157C,18,18,18,40,1,299294,16183,14220,2.061093,0.090571,0.001367,0.000001
1616,32,0x54F7CEA123B609D8,19,19,19,33,1,500274,15243,14890,4.045909,0.083724,0.001462,0.000001
1617,32,0x35B109DC624E87FA,18,18,18,46,1,43676,1074,14003,0.226705,0.006272,0.001347,0.000001
1618,32,0x62493F0DA175ECB8,17,17,17,43,1,6398,25940,13031,0.016069,0.151641,0.001296,0.000001
1619,28,0x045CD938F6AE712B,16,16,16,38,1,11638,427,11867,0.031487,0.002643,0.001182,0.000001
1620,32,0xBEA8CF461235097D,17,17,17,33,1,6972,160,13043,0.017017,0.001175,0.001275,0.000001
1621,38,0x69AD12F304B78CE5,19,19,21,39,1,1167,668,16695,0.002757,0.003735,0.001534,0.000001
1622,30,0xD3E79A56F120B84C,18,18,18,38,1,143186,5537,14174,0.870732,0.032157,0.001342,0.000001
1623,28,0x9ADF3501BEC26478,17,17,17,43,1,55848,2862,12929,0.256618,0.014826,0.001330,0.000001
1624,32,0xD65A8739B120FCE4,17,17,17,41,1,1173,1361,12926,0.002780,0.007480,0.001266,0.000001
1625,30,0x367284BEFC5A1D09,17,17,17,41,1,57848,1887,13081,0.275020,0.011807,0.001400,0.000001
1626,28,0x5B9C3F4D716A0E28,17,17,17,41,1,83181,3940,12732,0.378645,0.021352,0.001276,0.000001
1627,30,0xB61735D94F28EA0C,17,17,17,41,1,31468,534,12742,0.107999,0.003362,0.001254,0.000001
1628,28,0x98B0FA6CE7412D35,16,16,16,44,1,16367,781,11846,0.043380,0.004519,0.001216,0.000001
1629,36,0x942B8670FE35CDA1,19,19,19,39,1,28982,20,15077,0.109383,0.000475,0.001503,0.000001
1630,32,0xF9642803EADB1C57,18,18,18,42,1,40321,927,14157,0.148854,0.006140,0.001346,0.000001
1631,32,0x2D1ECA4530789FB6,17,17,17,35,1,3191,3160,13244,0.007456,0.016602,0.001291,0.000001
1632,34,0x139472FECB68D5A0,18,18,18,40,1,14089,216,14146,0.038190,0.001576,0.001344,0.000001
1633,32,0xCF73E25964AB8D10,17,17,17,39,1,3411,1178,13269,0.008844,0.006356,0.001263,0.000001
1634,34,0xA0249B163E85C7DF,17,17,19,41,1,18,18,14792,0.000384,0.000423,0.001384,0.000001
1635,30,0xE651B0D38C972A4F,15,15,15,41,1,858,522,11446,0.002182,0.002959,0.001133,0.000001
1636,30,0xDE43B9056A2F1C78,16,16,16,40,1,2670,1441,12481,0.006291,0.007734,0.001216,0.000001
1637,30,0x2ED6835407F1ACB9,17,17,17,39,1,19080,670,12879,0.050755,0.004312,0.001250,0.000001
1638,30,0xD68E05BC9732F1A4,17,17,17,41,1,12242,374,12974,0.032758,0.002566,0.001255,0.000001
1639,34,0x0FD5C3E248A679B1,18,18,18,34,1,4602,71,14140,0.010961,0.000727,0.001387,0.000001
1640,30,0xA1C2E7B09456F8D3,17,17,17,43,1,34563,1686,12954,0.114446,0.009287,0.001255,0.000001
1641,30,0x76C8523401F9BEDA,15,15,15,43,1,996,200,11264,0.002407,0.001326,0.001271,0.000001
1642,32,0xFB6A180DE5974C23,18,18,18,38,1,42583,1552,13986,0.140979,0.008413,0.001317,0.000001
1643,36,0x304157EA8BDC62F9,18,18,18,38,1,755,955,13984,0.002044,0.005146,0.001346,0.000001
1644,38,0x19370246FECBAD58,19,19,21,39,1,35678,37652,16832,0.122315,0.242100,0.001634,0.000001
1645,38,0x01DE4F6928B5CA73,20,20,20,42,1,136610,35,16098,0.928856,0.000611,0.001757,0.000001
1646,34,0x0F2ECD68A174539B,17,17,17,39,1,18,18,13320,0.000373,0.000417,0.001394,0.000001
1647,34,0xE187AC059FD324B6,19,19,19,37,1,147753,3012,14793,0.951471,0.018780,0.001530,0.000001
1648,32,0xE48B7C23A5F610D9,16,16,16,42,1,37,37,12312,0.000435,0.000520,0.001314,0.000001
1649,36,0xF06795CEA1482DB3,18,18,18,44,1,70,70,14332,0.000494,0.000686,0.001507,0.000001
1650,26,0x25C489DEB6F3701A,15,15,15,37,1,3740,74,11343,0.009140,0.000711,0.001192,0.000001
1651,30,0x3D4EF25A6189C7B0,16,16,16,42,1,3883,1213,12188,0.008955,0.006505,0.001222,0.000001
1652,24,0xE95CA3F8061D24B7,14,14,14,42,1,1089,29,10462,0.002580,0.000465,0.001133,0.000001
1653,32,0xE298704F16A3DB5C,17,17,17,45,1,7564,858,13051,0.018731,0.004810,0.001290,0.000001
1654,32,0x6803CA5BE9D427F1,16,16,16,34,1,20,20,12321,0.000381,0.000458,0.001287,0.000001
1655,34,0x15C042BA39ED768F,17,17,17,39,1,1350,1092,12878,0.003371,0.005910,0.001303,0.000001
1656,28,0xC7B208913E546FAD,15,15,15,43,1,721,249,11346,0.001941,0.002165,0.001329,0.000001
1657,32,0x963B28EA51F7D0C4,19,19,19,41,1,628050,25196,14711,4.810916,0.148471,0.001387,0.000001
1658,36,0x43AE21DB680F75C9,18,18,20,40,1,832,658,15479,0.002821,0.003686,0.001444,0.000001
1659,36,0x8C105234AB9ED67F,18,18,18,46,1,837,1727,13974,0.002084,0.009118,0.001329,0.000001
1660,30,0x7096E21CAD348FB5,17,17,17,47,1,34506,613,13018,0.115353,0.003978,0.001462,0.000001
1661,30,0xF15BC38DE96470A2,16,16,16,38,1,1165,63,12284,0.003642,0.000651,0.001337,0.000001
1662,32,0x83FDB67429E1AC50,17,17,17,35,1,2476,947,13018,0.007021,0.005704,0.001399,0.000001
1663,36,0x9584C6FB73A10DE2,19,19,19,37,1,23395,395,15241,0.081978,0.002847,0.001505,0.000001
1664,28,0xF5CB94821AED3076,15,15,15,37,1,760,1669,11264,0.002449,0.008686,0.001143,0.000001
1665,38,0xAB41036792DE58FC,20,20,20,40,1,110117,7201,15990,0.730618,0.042278,0.001481,0.000001
1666,32,0xED7589CF1B2643A0,18,18,18,36,1,57672,1134,13936,0.270483,0.007130,0.001351,0.000001
1667,32,0x12ACB4F756D309E8,17,17,19,37,1,3712,29613,15238,0.009012,0.177204,0.001449,0.000001
1668,30,0x784F396BCD1E5A02,18,18,18,40,1,217086,5266,14165,1.578741,0.031604,0.001365,0.000001
1669,34,0x68A4BE7F21D9C503,18,18,18,32,1,16512,2223,13842,0.049621,0.012757,0.001794,0.000001
1670,30,0xA691D372F8C54EB0,17,17,17,39,1,32349,1434,13012,0.102460,0.008227,0.001265,0.000001
1671,30,0x5A60F7E3B41C82D9,17,17,17,43,1,25776,526,12762,0.081498,0.003278,0.001257,0.000001
1672,34,0x1B89E6F7243CA50D,18,18,18,38,1,8143,327,13819,0.019827,0.002132,0.001341,0.000001
1673,26,0xBD1892AE0745F36C,15,15,17,41,1,1953,818,12733,0.004403,0.004636,0.001256,0.000001
1674,36,0xA4361FCB82E7D509,19,19,19,45,1,20348,4387,14971,0.064353,0.026693,0.001414,0.000001
1675,32,0x218BF3DA7065C49E,16,16,16,38,1,627,209,12141,0.001843,0.001429,0.001265,0.000001
1676,34,0x31F5B06D48972ACE,19,19,19,41,1,117686,1949,15100,0.770474,0.012371,0.001602,0.000001
1677,28,0x0DFCB6E27859413A,15,15,15,41,1,881,98,11346,0.002732,0.000849,0.001227,0.000001
1678,32,0xA2F95C130DB476E8,18,18,18,38,1,123075,4427,14084,0.783811,0.026835,0.001345,0.000001
1679,32,0xE27483DA015B9CF6,18,18,18,36,1,67016,1618,14065,0.338783,0.009045,0.001341,0.000001
1680,30,0xAD93FB7064218E5C,17,17,17,41,1,27515,791,12833,0.085625,0.004920,0.001268,0.000001
1681,34,0x47C16BF32A85E09D,18,18,18,40,1,7535,20,13883,0.018321,0.000440,0.001469,0.000001
1682,30,0xFE840A257361CD9B,16,16,16,44,1,4866,17,12495,0.011772,0.000425,0.001267,0.000001
1683,36,0x7953C480DA1B2E6F,19,19,19,39,1,34689,364,14978,0.116827,0.002494,0.001437,0.000001
1684,40,0x205463EC19ABD7F8,21,21,21,41,1,383942,2225,16869,3.495519,0.013560,0.001679,0.000001
1685,32,0x7DC9E408A52B6F31,18,18,18,40,1,41426,867,14148,0.153248,0.005627,0.001340,0.000001
1686,40,0xB0273D6951A8EF4C,20,20,22,38,1,642,630,17711,0.001951,0.003675,0.001582,0.000001
1687,32,0x1D9A0BF5C4E62873,16,16,16,38,1,1225,1157,11966,0.002976,0.006118,0.001190,0.000001
1688,28,0x71BE3F2450C69AD8,16,16,16,42,1,9535,204,12209,0.023888,0.001392,0.001326,0.000001
1689,38,0xD8402F6193A5E7CB,20,20,20,44,1,135417,4080,15776,0.866617,0.023342,0.002168,0.000001
1690,32,0x9BE8420D16735ACF,16,16,18,42,1,492,332,13999,0.001339,0.002027,0.001417,0.000001
1691,32,0x698D52B0A3CE714F,17,17,17,39,1,2206,23869,13205,0.005930,0.138133,0.001352,0.000001
1692,32,0x1E0A3682CF479DB5,18,18,18,40,1,17754,388,13829,0.047448,0.002551,0.001324,0.000001
1693,34,0x0D789624CFE1B53A,18,18,18,40,1,15467,46,13955,0.043270,0.000574,0.001348,0.000001
1694,30,0x321C8FDE94A650B7,16,16,16,44,1,3657,17,12040,0.009428,0.000405,0.001225,0.000001
1695,32,0x9D7FE846AB10C352,17,17,17,41,1,2923,682,13027,0.007263,0.003833,0.001295,0.000001
1696,30,0x1F54D3067C89AEB2,17,17,17,39,1,15297,295,13096,0.042044,0.001897,0.001262,0.000001
1697,36,0x9BA5804F2E3761CD,20,20,20,42,1,384507,5936,16063,3.376030,0.035474,0.001552,0.000001
1698,34,0xD9F42B8753A1C0E6,18,18,18,38,1,11341,1545,13945,0.032688,0.008915,0.001400,0.000001
1699,32,0x6ABE152038C47D9F,17,17,17,43,1,3637,999,13450,0.008690,0.005582,0.001299,0.000001
1700,28,0x9B8DF6072A4C351E,15,15,15,43,1,778,4822,11246,0.002546,0.024818,0.001194,0.000001
1701,36,0x4216C958A0E3BFD7,19,19,19,39,1,17871,5546,15052,0.050661,0.030114,0.001447,0.000001
1702,24,0xB0C41E8FA69732D5,14,14,16,38,1,882,296,11990,0.002277,0.001810,0.001190,0.000001
1703,34,0x901ED5486C3ABF27,19,19,19,39,1,139671,2188,15066,0.901308,0.013097,0.001546,0.000001
1704,36,0x09BE7A461538CFD2,18,18,18,34,1,545,513,14296,0.001986,0.003080,0.001423,0.000001
1705,38,0x1034D5BEC96F27A8,20,20,20,44,1,133205,21,15950,0.853515,0.000508,0.001687,0.000001
1706,32,0x5102B8EC4D769F3A,17,17,17,41,1,4455,208,12963,0.014214,0.001456,0.001255,0.000001
1707,40,0x90F3CD24AE8B6571,21,21,21,35,1,279524,58,16485,2.128999,0.000776,0.001699,0.000001
1708,38,0xD58360417F9AEC2B,20,20,20,44,1,40858,79173,16006,0.200449,0.599471,0.001552,0.000001
1709,24,0xE5FA193DC640B278,14,14,14,48,1,1760,281,10325,0.004591,0.001642,0.001054,0.000001
1710,38,0xCDE5F437801B69A2,20,20,20,44,1,44311,42900,15765,0.206096,0.326513,0.001527,0.000001
1711,34,0x60739CE1FDA8B452,18,18,18,42,1,14904,2548,13880,0.042538,0.013878,0.001316,0.000001
1712,26,0xE3DC70142689FB5A,13,13,13,41,1,28,16,9493,0.000385,0.000422,0.001022,0.000001
1713,24,0xF238B0D1AE64759C,13,13,13,45,1,126,346,9394,0.000577,0.002130,0.001016,0.000001
1714,24,0xE83F0B9C17D6A452,13,13,13,41,1,226,220,9241,0.000760,0.001478,0.001004,0.000001
1715,32,0x82FC639B4DAE0517,17,17,17,39,1,3194,382,13257,0.007693,0.002277,0.001281,0.000001
1716,28,0xBF8A3916D072EC54,16,16,16,40,1,11652,384,12062,0.029652,0.002381,0.001205,0.000001
1717,32,0xB7F0ED46825C91A3,17,17,17,43,1,2671,347,13138,0.006488,0.002116,0.001280,0.000001
1718,30,0xA63F02C879415EBD,16,16,16,46,1,2237,484,12116,0.005226,0.002744,0.001197,0.000001
1719,32,0x840971D3E256BFCA,17,17,17,43,1,4695,117,13152,0.010800,0.000923,0.001290,0.000001
1720,30,0x1056FAC937BE8D42,17,17,17,35,1,40338,1154,13215,0.134860,0.007045,0.001315,0.000001
1721,30,0x062D8C1E7F45A9B3,15,15,15,43,1,16,16,11092,0.000409,0.000413,0.001196,0.000001
1722,24,0xBD3C619F7E42A850,13,13,13,43,1,100,406,9669,0.000575,0.002599,0.001282,0.000001
1723,32,0xD3E59F24C0186AB7,16,16,16,42,1,839,719,12238,0.002207,0.004267,0.001215,0.000001
1724,32,0x6B3D41EAFC085297,17,17,17,45,1,4397,86,13222,0.010356,0.000811,0.001288,0.000000
1725,34,0x36BE14ADC28F0579,18,18,18,40,1,3658,1671,14057,0.008625,0.009907,0.001699,0.000001
1726,26,0xE84F9CB53A1D2706,16,16,16,38,1,61429,3173,11810,0.279363,0.016236,0.001187,0.000001
1727,32,0x792FD35A4E168C0B,18,18,18,40,1,38892,415,13797,0.141859,0.002767,0.001401,0.000001
1728,28,0xDCFA41903B86275E,15,15,15,41,1,919,32,11044,0.002529,0.000560,0.001192,0.000001
1729,34,0x460AD817FC29B3E5,18,18,18,44,1,11589,2523,14063,0.032018,0.014041,0.001337,0.000001
1730,28,0xDCE851BA2760F943,16,16,16,38,1,16181,564,12122,0.041170,0.003822,0.001486,0.000001
1731,40,0x718B3504E2A9DCF6,21,21,21,39,1,360313,1870,16733,3.255465,0.011846,0.001712,0.000001
1732,32,0xC3A9BE6D285F0417,16,16,16,32,1,19,19,12483,0.000395,0.000453,0.001362,0.000001
1733,30,0x580C31A97DB426EF,17,17,17,39,1,7540,154,13305,0.021816,0.001172,0.001399,0.000001
1734,36,0x82915DA4C7E36BF0,18,18,20,36,1,10130,6918,16099,0.031264,0.039731,0.001504,0.000001
1735,30,0x2A9B3FCE7105D864,15,15,15,41,1,384,361,11245,0.001375,0.002169,0.001151,0.000001
1736,28,0xC0D853ABFE912647,17,17,17,41,1,96612,2989,12907,0.566765,0.017298,0.001362,0.000001
1737,30,0xA94C6E0DF7B15823,15,15,15,43,1,97,91,11248,0.000543,0.000793,0.001233,0.000001
1738,38,0x39854162E7DFCA0B,20,20,20,38,1,202325,3147,15961,1.615133,0.019195,0.001485,0.000001
1739,26,0xBC02DEF853A41796,14,14,14,42,1,393,15,10135,0.001203,0.000396,0.001091,0.000001
1740,26,0xEFDB7C8506231A94,16,16,16,38,1,49838,3234,12195,0.222659,0.016631,0.001279,0.000001
1741,34,0x067BD4F2C3E19A58,18,18,18,42,1,16935,4951,14109,0.046139,0.026653,0.001381,0.000001
1742,36,0xAED53426817FC90B,19,19,21,41,1,37658,52944,16931,0.142683,0.421727,0.001743,0.000001
1743,22,0x7EF4BACD25608193,15,15,15,39,1,75013,3323,11145,0.323515,0.018402,0.001274,0.000001
1744,28,0xE7F652C49D183A0B,15,15,15,45,1,494,106,11192,0.001602,0.000903,0.001246,0.000001
1745,34,0x19FA8D5624CB7E03,18,18,18,32,1,12685,1381,13882,0.035869,0.007952,0.001326,0.000001
1746,26,0xD413FA0C72598EB6,14,14,14,44,1,350,255,10361,0.001076,0.001585,0.001071,0.000001
1747,34,0x163E9402DA85B7CF,19,19,19,49,1,243117,4639,14999,1.786483,0.028689,0.001408,0.000001
1748,32,0x2E043C19D58B6A7F,18,18,18,46,1,51081,850,14353,0.236370,0.005317,0.001368,0.000001
1749,24,0x0A3EBFDC52948716,12,12,12,42,1,13,13,8559,0.000341,0.000400,0.000964,0.000001
1750,40,0x8736592C0B4AED1F,20,20,22,36,1,606,251,17890,0.001944,0.001698,0.001644,0.000001
1751,34,0x74ABC5F61D902E38,18,18,18,38,1,4094,3911,14033,0.009676,0.021884,0.001377,0.000001
1752,38,0x890165FE73D2C4BA,19,19,19,49,1,16427,10923,15306,0.046477,0.064764,0.001431,0.000001
1753,34,0xB0734F59DAC2168E,18,18,18,40,1,13855,197,13821,0.037853,0.001420,0.001569,0.000001
1754,30,0x40A2EFD869573CB1,16,16,16,36,1,2476,367,12590,0.006169,0.002208,0.001244,0.000001
1755,32,0xDCB51346EF20987A,18,18,18,46,1,57710,617,13784,0.268095,0.003509,0.001331,0.000001
1756,34,0xF23B497D5A8C10E6,17,17,17,37,1,362,362,13281,0.001105,0.002168,0.001286,0.000001
1757,32,0x2B538AF4C9E076D1,18,18,18,32,1,76565,1381,14148,0.380527,0.009397,0.001463,0.000001
1758,24,0xA2FC36857E4D01B9,15,15,15,35,1,34435,2039,11155,0.099940,0.010930,0.001174,0.000001
1759,32,0x2B467E90FDA31C85,16,16,16,40,1,17,17,12362,0.000371,0.000426,0.001270,0.000001
1760,28,0x4C7D1E60F598AB32,16,16,16,42,1,8013,1923,12176,0.018993,0.009587,0.001216,0.000001
1761,26,0x314C9870A6DFBE52,15,15,15,33,1,2856,82,11019,0.006621,0.000729,0.001145,0.000001
1762,32,0xF8A527C3D9E4B160,17,17,17,41,1,1420,5054,12963,0.003557,0.027038,0.001286,0.000001
1763,26,0x6CD594287F30B1EA,14,14,14,40,1,520,1583,10575,0.001299,0.008356,0.001077,0.000001
1764,38,0x71089342ABCD65FE,20,20,20,42,1,57719,21,15727,0.276960,0.000495,0.001659,0.000001
1765,38,0xB2538C1469A70FED,20,20,20,34,1,172663,437,16208,1.414054,0.002815,0.001530,0.000001
1766,30,0x21FA74B5D6903E8C,16,16,16,38,1,2280,123,12464,0.005845,0.000977,0.001239,0.000001
1767,38,0xA50B3697482D1FCE,19,19,19,41,1,4509,2218,14942,0.010660,0.011746,0.001428,0.000001
1768,34,0x6F1475AD2BE39C08,18,18,18,36,1,6361,5523,14050,0.015722,0.029698,0.001350,0.000001
1769,30,0x1A957F84D360C2BE,17,17,17,41,1,32109,715,13373,0.105062,0.004510,0.001283,0.000001
1770,34,0x0C2B81FA96DE4357,17,17,19,45,1,1710,1700,14911,0.004258,0.009263,0.001433,0.000001
1771,36,0xE8C216074953AFBD,19,19,19,45,1,90163,263,15103,0.608810,0.001894,0.001579,0.000001
1772,30,0xD7E85FA40C6B9213,16,16,16,40,1,1974,17,12223,0.006219,0.000432,0.001351,0.000001
1773,26,0x826DB039CE45F71A,16,16,16,42,1,37860,2118,12123,0.128962,0.011351,0.001207,0.000001
1774,28,0x8F1AE7C96B42305D,15,15,15,41,1,1077,828,10919,0.002558,0.004564,0.001123,0.000001
1775,38,0xCEB293670184DFA5,19,19,19,37,1,2484,5672,15131,0.005842,0.030714,0.001417,0.000001
1776,28,0xD86C13A2709E5BF4,16,16,16,40,1,9460,389,12102,0.022827,0.002297,0.001207,0.000001
1777,26,0xA7B296805FD43CE1,15,15,15,35,1,2799,294,11429,0.006686,0.001734,0.001153,0.000001
1778,36,0x617F23AE085DC4B9,20,20,20,44,1,210270,4378,16215,1.684056,0.026406,0.001670,0.000001
1779,30,0x5A1437C0DB98E6F2,17,17,17,39,1,34656,593,12890,0.116090,0.003464,0.001279,0.000001
1780,36,0x25FDE9AB01378C64,19,19,19,37,1,38313,41763,14931,0.137340,0.319701,0.001449,0.000001
1781,34,0x751CFD30A84B692E,18,18,18,46,1,7128,4061,14046,0.020726,0.021713,0.001340,0.000001
1782,34,0x308BE29614AC57DF,18,18,18,42,1,3355,8356,14333,0.008382,0.045092,0.001568,0.000001
1783,32,0xD1B2598C3740EFA6,17,17,17,33,1,1670,1637,13007,0.004484,0.009063,0.001314,0.000001
1784,28,0xAF6D713E4259BC08,16,16,16,44,1,8785,788,11968,0.021990,0.004091,0.001205,0.000001
1785,34,0x5B92DA63C17E8F40,19,19,19,31,1,129735,3750,14936,0.863810,0.022290,0.001542,0.000001
1786,34,0xA70951BCDFE36428,18,18,18,40,1,2026,1796,14046,0.005734,0.009990,0.001468,0.000001
1787,30,0xB298106CD43EF57A,17,17,17,49,1,39563,1460,12730,0.140449,0.009373,0.001344,0.000001
1788,26,0xD289C3607F14BA5E,14,14,14,46,1,1515,39,10320,0.004224,0.000531,0.001076,0.000001
1789,24,0x4ED018C7B6F5A392,13,13,13,41,1,192,591,9403,0.000716,0.003304,0.001006,0.000001
1790,34,0x58E2A970D3416CFB,18,18,18,42,1,4920,526,13996,0.011239,0.003090,0.001342,0.000001
1791,32,0xFD80E932A14B7C56,17,17,17,43,1,3005,4627,13205,0.007139,0.023839,0.001285,0.000001
1792,28,0x49D87AE63F250B1C,15,15,15,29,1,534,178,11133,0.001398,0.001288,0.001130,0.000001
1793,26,0x940E5ABDF632187C,14,14,14,40,1,345,145,10170,0.001038,0.001078,0.001079,0.000001
1794,32,0xE417B93F8C25DA06,18,18,18,42,1,23495,446,14141,0.079361,0.002920,0.001351,0.000001
1795,28,0xAB7E12854C963DF0,16,16,16,34,1,13959,370,12131,0.038295,0.002610,0.001823,0.000001
1796,34,0x79CB561FA32DE840,18,18,18,42,1,11235,3403,13955,0.038930,0.019015,0.001349,0.000001
1797,32,0x958BD3F41A267EC0,16,16,16,36,1,17,17,12074,0.000353,0.000400,0.001200,0.000001
1798,30,0x9246701E58CDFA3B,17,17,17,43,1,23864,244,12887,0.072422,0.001683,0.001248,0.000001
1799,32,0x627CF1A0B843ED59,16,16,18,48,1,762,1332,13971,0.002449,0.007217,0.001337,0.000001
1800,24,0xF87CDA021394BE65,15,15,15,39,1,16965,1066,11438,0.044031,0.007838,0.001164,0.000001
1801,30,0x6D8B19F7EAC40253,18,18,18,36,1,267215,14378,14169,1.868206,0.079697,0.001365,0.000001
1802,30,0x5890F14D6AE2B37C,17,17,17,45,1,3434,108,13106,0.008447,0.000891,0.001293,0.000001
1803,28,0xD4CF127B368A0E59,15,15,15,41,1,295,426,11007,0.000915,0.002501,0.001136,0.000001
1804,28,0x70DFE129568B3AC4,15,15,15,45,1,1528,534,11360,0.003796,0.003061,0.001149,0.000001
1805,34,0xB13A095E46F87DC2,18,18,18,38,1,11098,1585,14251,0.031131,0.009156,0.001359,0.000001
1806,34,0x19073E425BFCDA86,18,18,20,42,1,3573,2172,15709,0.008461,0.011760,0.001500,0.000001
1807,26,0xE83F9CDA015426B7,13,13,13,35,1,14,14,9425,0.000368,0.000418,0.001051,0.000001
1808,32,0xBCD153A769F8E042,16,16,16,34,1,833,570,12380,0.002207,0.003279,0.001222,0.000001
1809,30,0x1BF378CED2954A60,17,17,17,35,1,24088,631,13326,0.077689,0.004517,0.001275,0.000001
1810,32,0xA64035E9C27F1B8D,18,18,18,44,1,36297,324,13991,0.126182,0.002316,0.001326,0.000001
1811,36,0xC5A04B76FD98E132,18,18,18,36,1,347,425,14107,0.001073,0.002488,0.001403,0.000001
1812,30,0xF27D63B895E14C0A,16,16,16,42,1,2091,2418,12487,0.005121,0.013159,0.001236,0.000001
1813,32,0x715BC3490ED8A2F6,18,18,18,38,1,37758,736,13920,0.131062,0.005164,0.001455,0.000001
1814,32,0xF813AE9240B5CD76,17,17,17,37,1,4584,18,13364,0.010950,0.000459,0.001330,0.000001
1815,36,0x534EAD6297BC018F,19,19,19,35,1,31516,12985,14982,0.109312,0.072845,0.001429,0.000001
1816,28,0x9B084A136EDC57F2,17,17,17,31,1,67536,1828,13098,0.313029,0.010028,0.001276,0.000001
1817,38,0x6714C023BAE9F58D,20,20,20,52,1,188118,2258,15858,1.466203,0.013480,0.001641,0.000001
1818,26,0x9BD6581C24FEA073,16,16,16,40,1,38165,1636,11987,0.126168,0.009997,0.001330,0.000001
1819,28,0x96A5F308DC4B7E21,15,15,15,43,1,775,627,11164,0.002227,0.003679,0.001140,0.000001
1820,36,0x0A17593BDF2468CE,20,20,20,40,1,243519,3720,15742,1.881539,0.019716,0.001484,0.000001
1821,30,0xB29D850EA6317F4C,17,17,17,43,1,26946,595,13164,0.089141,0.003652,0.001295,0.000001
1822,32,0x7BC0D354F8A6912E,17,17,17,43,1,950,2099,12841,0.002842,0.011111,0.001280,0.000001
1823,28,0xE793A1B8DF504C62,16,16,16,38,1,6847,227,12192,0.018500,0.001489,0.001270,0.000001
1824,36,0x7B30F526EC1A49D8,18,18,18,46,1,203,191,13900,0.000781,0.001281,0.001486,0.000001
1825,26,0x4FEC7890D2A153B6,14,14,14,38,1,400,393,10506,0.001759,0.002275,0.001082,0.000001
1826,34,0x84136DAC7B90EF52,18,18,18,38,1,21122,1117,14194,0.065930,0.007204,0.001698,0.000001
1827,30,0x7A1EC96245FD03B8,16,16,16,36,1,4279,2660,12185,0.011565,0.015537,0.001205,0.000001
1828,36,0x9A0BCD27F5E36418,19,19,19,39,1,47517,34847,15027,0.226126,0.212835,0.001582,0.000001
1829,36,0xA93B68ED14FC0527,19,19,19,35,1,40838,3774,14987,0.139590,0.020407,0.001421,0.000001
1830,30,0xAC96813E074D2F5B,16,16,16,44,1,1107,2473,12008,0.002684,0.012900,0.001221,0.000001
1831,28,0x23C5D6807B4EF91A,15,15,15,39,1,1554,258,11300,0.003710,0.001718,0.001198,0.000001
1832,36,0x71F8A56C03E9BD24,18,18,18,38,1,1111,1039,14088,0.002813,0.005825,0.001447,0.000001
1833,26,0x4FD8C915A2E67B30,16,16,16,34,1,35040,1267,12021,0.108287,0.006889,0.001211,0.000001
1834,36,0x6F152C03D9B8AE47,19,19,19,45,1,32825,1218,15188,0.116612,0.007013,0.001469,0.000001
1835,38,0x982504A6ECF1BD73,21,21,21,39,1,807488,17673,16957,7.910504,0.101474,0.001560,0.000001
1836,30,0xF7BC4E3DA8690152,18,18,18,40,1,248848,13840,13858,1.819124,0.082754,0.001370,0.000001
1837,20,0xE67C3D945FB02A18,12,12,12,40,1,723,44,8400,0.002340,0.000544,0.000947,0.000001
1838,32,0x5A2E73D14C08FB69,19,19,19,41,1,449347,9920,14809,3.698548,0.055887,0.001411,0.000001
1839,30,0xC68B50913EA4D2F7,17,17,17,37,1,20165,516,13131,0.064599,0.003268,0.001283,0.000001
1840,38,0x8DE6941357AB0C2F,19,19,21,39,1,22717,14312,16719,0.076092,0.079353,0.001556,0.000001
1841,30,0xFDB49063E852AC71,18,18,18,42,1,252500,12614,14193,1.813650,0.070577,0.001372,0.000001
1842,38,0x9F510C6427A38EBD,19,19,19,45,1,55,55,14910,0.000428,0.000602,0.001410,0.000001
1843,30,0xE1F5304C92D87BA6,15,15,15,49,1,288,28,11173,0.000978,0.000478,0.001192,0.000000
1844,34,0xB6391C74E2AD85F0,18,18,18,38,1,13748,1845,14064,0.037582,0.010716,0.001315,0.000001
1845,36,0x30C7F65BD1894EA2,18,18,18,42,1,3722,1178,14044,0.008480,0.006140,0.001336,0.000001
1846,32,0xB8621AC74E35D0F9,16,16,16,38,1,19,19,12465,0.000352,0.000427,0.001226,0.000001
1847,36,0x682B10CF9D4573AE,18,18,18,52,1,80,80,14169,0.000483,0.000748,0.001331,0.000000
1848,32,0x834E597D16F2ACB0,17,17,17,35,1,1284,48,12942,0.003238,0.000573,0.001333,0.000001
1849,36,0xA09245B8EF73DC61,18,18,18,36,1,2634,2428,14287,0.006371,0.013285,0.001351,0.000001
1850,28,0x537ECBAD462F1890,16,16,16,32,1,7746,199,12101,0.020376,0.001346,0.001200,0.000001
1851,38,0xAF62047EC3B958D1,20,20,20,38,1,57789,4220,16023,0.281583,0.022137,0.001494,0.000001
1852,38,0xA287E46FC0391BD5,19,19,19,39,1,1399,785,15234,0.003583,0.004431,0.001450,0.000001
1853,28,0x56B408A2FDE1379C,16,16,16,40,1,11932,331,12051,0.031188,0.002215,0.001236,0.000001
1854,28,0xBA173FEC2D609854,16,16,16,44,1,4867,135,11831,0.011943,0.001057,0.001193,0.000001
1855,24,0xDE7CAB023495618F,13,13,13,39,1,617,108,9385,0.001581,0.000906,0.001014,0.000001
1856,30,0x3284BE6F075CD9A1,15,15,17,39,1,1330,1258,13163,0.003334,0.006781,0.001260,0.000001
1857,36,0x1269374FAE508DBC,19,19,21,43,1,63320,3783,16807,0.311403,0.019978,0.001553,0.000001
1858,36,0x512BCF34A76D9E08,18,18,18,42,1,647,513,14145,0.001819,0.002979,0.001424,0.000001
1859,34,0xC90A4E8DB217356F,18,18,18,42,1,4719,1045,13970,0.011888,0.005743,0.001334,0.000001
1860,32,0x3C9D187650AF2BE4,17,17,17,41,1,5389,2913,13145,0.013012,0.016078,0.001588,0.000001
1861,32,0x793C4B5261EF0AD8,17,17,17,37,1,3474,3569,13068,0.008800,0.019449,0.001252,0.000001
1862,20,0xB9DC8EF14256370A,10,10,10,38,1,11,11,6729,0.000326,0.000374,0.000820,0.000001
1863,34,0xB813F04572C9DE6A,17,17,17,47,1,1039,921,13234,0.002624,0.005084,0.001296,0.000001
1864,32,0xF2A1E3B6405C89D7,18,18,18,40,1,43158,1410,14084,0.207272,0.009084,0.001431,0.000001
1865,30,0x98D02B456AEF137C,17,17,17,39,1,12483,332,12998,0.032619,0.002212,0.001255,0.000001
1866,26,0xB03DF6CA7895421E,15,15,15,39,1,4427,127,11194,0.010272,0.000962,0.001148,0.000001
1867,28,0x8975BCDEA2061F34,15,15,15,33,1,499,488,11358,0.001330,0.002668,0.001142,0.000001
1868,36,0x2648A5EF903C1DB7,19,19,19,41,1,14653,2937,14942,0.041886,0.016560,0.001556,0.000001
1869,28,0x1E56F7BCA80D2439,16,16,16,42,1,5139,213,12264,0.012131,0.001416,0.001540,0.000001
1870,30,0x51C9D0A8B6E234F7,18,18,18,40,1,142357,7095,13573,0.908464,0.039980,0.001339,0.000001
1871,28,0x48FC01DA769B5E23,15,15,15,35,1,575,214,11287,0.001553,0.001422,0.001128,0.000001
1872,28,0x581E2A3064F7DC9B,15,15,15,49,1,864,436,11009,0.002368,0.002417,0.001121,0.000001
1873,38,0xE58AFD0769234CB1,20,20,20,40,1,78924,62951,15937,0.545371,0.501810,0.001561,0.000001
1874,32,0x1AF7E85D64B0C923,18,18,18,42,1,30232,468,13841,0.103442,0.002939,0.001308,0.000001
1875,36,0x09AD1F53EC78642B,20,20,20,40,1,314931,6273,16089,2.366658,0.037188,0.001505,0.000001
1876,32,0x409F37BECA85D621,16,16,16,40,1,259,253,11997,0.000842,0.001575,0.001197,0.000001
1877,34,0x0F827DA43E59CB61,18,18,18,34,1,21012,105,14158,0.068896,0.000981,0.001454,0.000001
1878,28,0x8FC3AD9561E470B2,15,15,15,35,1,865,207,11271,0.003731,0.001365,0.001171,0.000001
1879,32,0xB712A9603CED5F84,17,17,17,39,1,2383,1976,13179,0.005614,0.010427,0.001320,0.000001
1880,30,0x9F8EDB7A610325C4,17,17,17,35,1,63835,667,12812,0.306907,0.004255,0.001283,0.000001
1881,24,0xFD986C125BE03A74,14,14,14,44,1,896,45,10048,0.002180,0.000563,0.001071,0.000001
1882,34,0x96082AC3DF1B54E7,18,18,18,42,1,3988,30571,14198,0.009767,0.185994,0.001515,0.000001
1883,30,0xA9478ED13BFC0265,17,17,17,37,1,21070,802,13039,0.069686,0.004971,0.001269,0.000001
1884,36,0x859BC64AE0713D2F,19,19,19,33,1,39804,31,15219,0.188534,0.000585,0.001439,0.000001
1885,26,0xFE48730CAD596B21,15,15,15,45,1,3655,287,11174,0.008590,0.001732,0.001137,0.000001
1886,30,0xB1A958264FDC7E30,15,15,15,27,1,367,150,11431,0.001117,0.001129,0.001168,0.000001
1887,36,0x861A5B4F3C297DE0,19,19,19,35,1,19083,940,14800,0.051924,0.005632,0.001406,0.000001
1888,34,0x29507D3A64C18BFE,18,18,18,42,1,10758,3831,14109,0.033665,0.020819,0.001343,0.000001
1889,34,0x2C14370DF5A8EB69,18,18,18,46,1,10423,1432,13909,0.027577,0.007966,0.001461,0.000001
1890,32,0x74C85620FB13AD9E,16,16,16,40,1,495,95,12209,0.001339,0.000803,0.001206,0.000001
1891,34,0x7DEF3845A1B609C2,18,18,18,40,1,10453,9328,13731,0.030029,0.051838,0.001353,0.000001
1892,28,0xDFB6295EA78C4031,17,17,17,43,1,132549,3781,12895,0.754184,0.023516,0.001268,0.000001
1893,26,0xF457EAC6B83D2019,15,15,15,37,1,2017,142,11315,0.004709,0.001009,0.001146,0.000001
1894,40,0x8471690253FBDCAE,21,21,21,41,1,261178,22687,16703,1.915592,0.157054,0.001695,0.000001
1895,32,0x9304BE685D127CAF,17,17,19,43,1,3018,382,15196,0.008765,0.002306,0.001417,0.000001
1896,34,0xDC26058F4B9E37A1,18,18,18,42,1,11884,3773,13985,0.032426,0.021165,0.001327,0.000001
1897,36,0x0F72468ED3B1CA95,19,19,19,39,1,9177,1448,15010,0.025985,0.008015,0.001401,0.000001
1898,36,0x0687A24F1BE935DC,18,18,18,42,1,3770,2872,14267,0.009108,0.015113,0.001332,0.000001
1899,30,0xA5B4CE910368F7D2,16,16,16,38,1,735,3386,12182,0.001955,0.017045,0.001218,0.000001
1900,40,0x834F650DBE2AC917,20,20,22,44,1,1990,1918,17651,0.005070,0.010230,0.001595,0.000001
1901,28,0xF4C8BD56A721390E,14,14,14,32,1,74,74,10565,0.000479,0.000761,0.001084,0.000001
1902,28,0x5A479CFE63B082D1,16,16,16,38,1,12894,370,12128,0.034198,0.002397,0.001215,0.000001
1903,34,0x86ED45F0C73BA192,18,18,18,46,1,8669,74,14041,0.022124,0.000757,0.001384,0.000001
1904,24,0xF68A3B715ECD2049,14,14,14,42,1,2242,601,10122,0.005011,0.003385,0.001103,0.000001
1905,28,0x5C2FB91A86D7E403,15,15,15,37,1,1111,16,11158,0.002655,0.000408,0.001141,0.000000
1906,36,0x9AE7305218BF6DC4,18,18,18,44,1,7422,2131,14279,0.018295,0.011426,0.001359,0.000001
1907,30,0xF4D5B1C306A9E287,17,17,17,35,1,31149,1121,13316,0.115655,0.006550,0.001284,0.000001
1908,38,0x15306B4CE9DA28F7,19,19,21,31,1,23139,16193,16756,0.076277,0.095858,0.001539,0.000001
1909,44,0x0BA7C92584F1ED63,23,23,23,35,1,2347490,13238,18829,21.814465,0.082657,0.001682,0.000001
1910,36,0x067FC249A5B3ED18,19,19,19,41,1,43731,23,14850,0.267066,0.000497,0.001395,0.000001
1911,36,0x860B947FD5E1C23A,18,18,18,50,1,19,19,14231,0.000388,0.000497,0.002018,0.000001
1912,32,0x4F975CA3268DE01B,17,17,17,33,1,5759,1360,13195,0.014878,0.010008,0.001948,0.000001
1913,22,0xC6F2AB587493DE10,13,13,13,35,1,520,27,9452,0.002051,0.000458,0.001023,0.000000
1914,28,0x358C790A264EBD1F,17,17,17,37,1,59676,2915,13103,0.289241,0.015586,0.001277,0.000001
1915,38,0x420AD61953EB87CF,19,19,21,47,1,4615,2041,16839,0.010807,0.010731,0.001553,0.000001
1916,34,0xFCE81340AD29657B,18,18,18,46,1,4912,89,14193,0.011433,0.000812,0.001421,0.000001
1917,30,0x64BD29EF1C78A305,16,16,16,42,1,1790,546,11903,0.004299,0.003037,0.001200,0.000001
1918,26,0x2CDE8791B3F460A5,15,15,15,35,1,5851,250,11168,0.013505,0.001580,0.001146,0.000001
1919,28,0xD5817ABF6C30429E,15,15,15,39,1,197,163,11400,0.000736,0.001171,0.001182,0.000001
1920,30,0xA36C9E4D025871FB,17,17,17,39,1,15878,500,12916,0.080395,0.003846,0.001401,0.000001
1921,28,0x57BE18D630F4C2A9,15,15,15,41,1,566,56,11122,0.001798,0.000742,0.001739,0.000001
1922,24,0xC3A8FE9D274561B0,12,12,12,34,1,14,14,8349,0.000455,0.000563,0.001466,0.000001
1923,28,0x56F13BAD2C90E874,16,16,16,34,1,10163,225,11928,0.040304,0.001667,0.001296,0.000001
1924,36,0xA18ECD43B6F05927,19,19,19,39,1,67632,227,15041,0.375491,0.001647,0.001491,0.000001
1925,38,0x2B394EA51C807F6D,19,19,21,33,1,33,33,16253,0.000387,0.000532,0.001576,0.000001
1926,32,0x79C1E5836DF0AB24,16,16,16,42,1,126,126,11965,0.000582,0.001004,0.001180,0.000000
1927,32,0xB98F61E27CAD0354,17,17,17,43,1,4119,18,13108,0.010294,0.000446,0.001334,0.000001
1928,38,0x61A29508CBD74F3E,21,21,21,39,1,1217127,21507,16894,11.050418,0.147362,0.001542,0.000001
1929,34,0x7B0AE832D569C1F4,17,17,17,39,1,701,693,13323,0.002333,0.003934,0.001280,0.000001
1930,30,0xB97DA1C5E462F083,16,16,16,42,1,126,597,12056,0.001051,0.004269,0.001727,0.000001
1931,26,0x6AD82953E1C4BF70,14,14,14,34,1,175,351,10376,0.000986,0.002415,0.001160,0.000001
1932,32,0xC43E75F2A61D089B,17,17,17,47,1,2783,1716,13014,0.010403,0.012194,0.001322,0.000001
1933,34,0x8C41D63B2EA09F75,18,18,18,38,1,3478,2847,14167,0.009486,0.017594,0.001380,0.000001
1934,34,0x6A5E172839DB40CF,18,18,20,40,1,12923,4069,15676,0.046018,0.023506,0.001499,0.000001
1935,28,0xF18E2CBD536970A4,15,15,15,41,1,414,293,11348,0.001382,0.001860,0.001166,0.000001
1936,30,0xC8D26B0A1459E7F3,16,16,16,36,1,635,5467,12128,0.001961,0.029901,0.001402,0.000001
1937,30,0x6B13985A47DF2C0E,16,16,16,32,1,574,17,12033,0.002917,0.000755,0.002058,0.000001
1938,36,0xC1D803274AB56EF9,19,19,19,39,1,42519,17314,15070,0.342499,0.132637,0.001747,0.000001
1939,36,0xC94318A20FD75B6E,19,19,21,37,1,20420,14559,16767,0.098852,0.098439,0.002203,0.000001
1940,34,0x49F865C3E2BD17A0,17,17,17,35,1,543,503,13180,0.001978,0.003417,0.001342,0.000001
1941,28,0xBC54086132E7FA9D,16,16,16,42,1,14869,212,12095,0.042711,0.001584,0.001208,0.000001
1942,30,0x21EF86BD4C5973A0,17,17,17,37,1,15074,412,13330,0.045192,0.002698,0.001251,0.000001
1943,30,0x7BF15084E3D926AC,16,16,16,42,1,1174,17,12045,0.003072,0.000405,0.001189,0.000001
1944,30,0x8E3CA10BFD792465,17,17,17,41,1,15381,346,13085,0.041409,0.002256,0.001274,0.000001
1945,34,0x63F1D028A94CB7E5,18,18,18,48,1,13124,864,14053,0.038502,0.005291,0.001344,0.000001
1946,34,0x0DCA468F9B5137E2,18,18,18,38,1,1800,846,14202,0.004358,0.004939,0.001350,0.000001
1947,38,0x4730C5D1A268EBF9,20,20,20,42,1,22861,9933,15775,0.084695,0.056350,0.002322,0.000001
1948,30,0x76B8CF52914D0E3A,15,15,15,43,1,17,17,11138,0.000357,0.000412,0.001159,0.000001
1949,36,0x2197C60AE4FD85B3,19,19,19,45,1,15172,6112,14896,0.043200,0.035015,0.001431,0.000001
1950,36,0x6AE3CB810542D97F,18,18,18,38,1,445,427,14236,0.001382,0.002454,0.001358,0.000001
1951,30,0x2D18EF4A06CB3795,18,18,18,38,1,351962,17554,13962,2.730895,0.100826,0.001370,0.000001
1952,30,0x3AB0C79EF14685D2,17,17,17,41,1,42715,2336,13018,0.178154,0.012860,0.001268,0.000001
1953,34,0x1674D3E28AC05B9F,18,18,18,38,1,12490,9170,14041,0.035536,0.052843,0.001386,0.000001
1954,34,0xCF029458A7B1D3E6,17,17,17,43,1,252,250,13128,0.001069,0.001587,0.001295,0.000001
1955,32,0xE68D1F4A03275BC9,18,18,18,44,1,66159,457,14326,0.330536,0.002824,0.001348,0.000001
1956,36,0xE3278D4CB1609A5F,20,20,20,40,1,215351,3799,15969,1.764431,0.023051,0.001636,0.000001
1957,30,0xEB7CF52901DA6438,16,16,16,44,1,3968,17,12147,0.010416,0.000424,0.001219,0.000001
1958,28,0xA40C182EFB76395D,17,17,17,43,1,36407,1536,13067,0.128267,0.008447,0.001280,0.000001
1959,34,0x1F4A079E632D5C8B,19,19,19,49,1,94975,1565,15157,0.625794,0.009794,0.001553,0.000001
1960,28,0xC2F67319BA50ED84,15,15,15,41,1,2739,302,11102,0.007204,0.002013,0.001202,0.000001
1961,26,0x1598ACD3F60EB472,15,15,15,37,1,4021,154,10865,0.010006,0.001119,0.001201,0.000001
1962,26,0xD604FE85BCA93217,15,15,15,41,1,9524,374,11572,0.024275,0.002306,0.001164,0.000001
1963,26,0x684BA91D72ECF530,15,15,15,33,1,3665,85,11195,0.008258,0.000779,0.001146,0.000001
1964,32,0xF47950B3D6E2C18A,17,17,17,47,1,3066,22,13044,0.007101,0.000438,0.001283,0.000001
1965,38,0x021A4B738F9CE6D5,19,19,21,39,1,13531,13481,16410,0.037298,0.074623,0.001542,0.000001
1966,34,0x3D5729EF4B08A6C1,18,18,18,42,1,11196,28,13953,0.031091,0.000549,0.001395,0.000001
1967,30,0x4CB35DF876A092E1,16,16,16,34,1,3118,762,12236,0.008093,0.004361,0.001205,0.000001
1968,30,0xAF6823B1DEC70945,18,18,18,42,1,197633,3150,13695,1.496495,0.017649,0.001442,0.000001
1969,36,0xF50BA317CD49E862,20,20,20,40,1,414544,12883,15770,4.062977,0.081292,0.001471,0.000001
1970,32,0x9CD3FB0125A786E4,17,17,17,41,1,5917,22,12994,0.015106,0.000457,0.001313,0.000001
1971,34,0xD1578CB40EA3629F,17,17,19,35,1,6313,4416,15023,0.015754,0.023331,0.001458,0.000001
1972,32,0x1F5C2368B970ED4A,17,17,17,41,1,4457,897,13381,0.010719,0.005077,0.001287,0.000001
1973,30,0x02D7A1B935E6FC48,16,16,16,36,1,246,164,12323,0.000831,0.001183,0.001236,0.000001
1974,40,0x0865C3E41B7F2DA9,20,20,20,40,1,5593,3377,16002,0.019106,0.022210,0.001616,0.000001
1975,30,0xABE09674FC358D12,17,17,17,37,1,16521,430,13085,0.065117,0.003331,0.001530,0.000001
1976,26,0x709462BA5FDEC138,14,14,14,42,1,147,447,10243,0.000609,0.002845,0.001337,0.000001
1977,30,0x5D72BA063CF9E184,16,16,16,36,1,3779,655,12175,0.013206,0.005100,0.001254,0.000001
1978,30,0x0876BFAE4C91D352,16,16,16,34,1,188,1879,12314,0.000989,0.010891,0.001242,0.000001
1979,32,0xFC01E642D37A9B85,18,18,18,44,1,57112,2224,13908,0.369339,0.014664,0.001433,0.000001
1980,36,0x8705CB6E2AF9314D,19,19,19,45,1,29125,196,14862,0.144723,0.001531,0.001465,0.000001
1981,30,0x8D94261E3C05BFA7,17,17,17,41,1,12676,154,12841,0.041945,0.001315,0.001310,0.000001
1982,32,0xC93E26B80DA5741F,17,17,17,39,1,8401,246,13094,0.037111,0.001869,0.001302,0.000001
1983,30,0x3ED70A84C5B29F61,16,16,18,34,1,927,2187,13987,0.003330,0.011603,0.001353,0.000001
1984,32,0xB7629F5E40AD38C1,17,17,19,41,1,930,151,14958,0.002391,0.001163,0.001459,0.000001
1985,26,0x9F0E5AD4738621BC,16,16,16,38,1,42571,1702,12210,0.177021,0.009527,0.001225,0.000001
1986,36,0xB1A02C7E935D684F,18,18,18,42,1,32,25,14308,0.000406,0.000479,0.001379,0.000001
1987,30,0x9B78F3A4D015EC26,18,18,18,40,1,187841,7530,14047,1.251102,0.042275,0.001453,0.000001
1988,30,0xF8D16CE9420BA753,17,17,17,43,1,40722,2069,12827,0.143280,0.012160,0.001381,0.000001
1989,28,0xDBC062A5E738F914,16,16,16,36,1,10388,309,11899,0.028494,0.001908,0.001191,0.000001
1990,28,0x6FD0942BAE1578C3,14,14,14,36,1,542,226,10160,0.001601,0.001470,0.001076,0.000001
1991,34,0xE1D94F2C835607AB,17,17,19,41,1,18,18,14728,0.000353,0.000422,0.001377,0.000001
1992,34,0xA0E625B971CD834F,17,17,19,37,1,158,116,14812,0.000734,0.000922,0.001396,0.000001
1993,34,0x6107C2FA953EB4D8,18,18,20,50,1,5120,101,16127,0.012363,0.000851,0.001520,0.000001
1994,26,0x51C9F0DA76E283B4,15,15,15,45,1,2669,69,11071,0.005978,0.000666,0.001144,0.000001
1995,36,0x7A45D0E38912FBC6,18,18,18,44,1,19,19,14020,0.000363,0.000435,0.001368,0.000001
1996,34,0x618C4A7DB5F3E029,17,17,19,41,1,456,456,15114,0.001366,0.002659,0.001420,0.000001
1997,36,0x1324F8567DE9A0CB,18,18,18,40,1,10558,2938,13828,0.029750,0.019960,0.001332,0.000001
1998,32,0xE08D7F2B65C1493A,18,18,18,42,1,70267,1355,13611,0.326278,0.008214,0.001434,0.000001
1999,28,0x8FBD06942E37A15C,15,15,15,39,1,224,258,11359,0.000953,0.001703,0.001243,0.000001
2000,24,0xEADF1B59074C8623,14,14,14,44,1,1361,279,10237,0.003768,0.001784,0.001186,0.000001
2001,28,0xDB1C73862E40A59F,15,15,15,43,1,393,865,11368,0.001274,0.007134,0.001176,0.000001
2002,40,0x15F02DE698A37CB4,20,20,20,44,1,2225,2130,15780,0.005294,0.011229,0.001488,0.000001
2003,24,0xDE571A29B03CF684,14,14,14,40,1,4327,55,10272,0.009914,0.000599,0.001085,0.000001
2004,36,0x5AB02D3784C1EF96,18,18,18,40,1,107,107,14281,0.000545,0.000899,0.001355,0.000000
2005,30,0xCA5E7F6024139B8D,16,16,16,46,1,2307,475,11970,0.005500,0.002713,0.001258,0.000001
2006,28,0x35AF1BC0DE946872,14,14,14,38,1,58,57,10328,0.000447,0.000619,0.001080,0.000001
2007,28,0x3FCE15D9B846072A,16,16,18,42,1,4496,3208,13995,0.010721,0.016363,0.001352,0.000001
2008,36,0x37FE81C69D0245BA,20,20,20,44,1,482485,9601,15954,4.153414,0.056415,0.001491,0.000001
2009,32,0xD5672E3F1A480B9C,17,17,17,43,1,2164,241,13214,0.005529,0.001563,0.001269,0.000001
2010,28,0x7C569F184A20D3EB,15,15,15,43,1,643,377,11431,0.001908,0.002332,0.001169,0.000001
2011,38,0x1DE96C7348AFB502,19,19,19,35,1,8459,7519,15055,0.020817,0.039965,0.001455,0.000001
2012,30,0x9285A14F7ECD603B,16,16,16,40,1,4693,487,11996,0.010910,0.002776,0.001206,0.000001
2013,28,0xAE9D482F6150BC73,16,16,16,40,1,17766,662,12176,0.047004,0.004344,0.001243,0.000001
2014,36,0x2386CDAE09F5B471,19,19,19,33,1,19164,3716,15066,0.063581,0.021593,0.001454,0.000001
2015,34,0xAB876D524CE3F190,18,18,18,38,1,16057,9343,14250,0.044221,0.053140,0.001498,0.000001
2016,38,0x3E716452CFB90DA8,20,20,20,38,1,68629,32,15906,0.357181,0.000620,0.001491,0.000001
2017,24,0x0C95871EF2D436BA,13,13,13,41,1,75,57,9422,0.000462,0.000626,0.001024,0.000001
2018,32,0x742E908F3CB56DA1,17,17,17,41,1,3923,1225,13087,0.009513,0.006735,0.001287,0.000001
2019,34,0x430DF752E6C1A98B,19,19,19,45,1,404434,15666,15040,3.460601,0.087188,0.001454,0.000001
2020,34,0x8B413C95E60A2D7F,18,18,18,38,1,14690,12459,14306,0.040447,0.068616,0.001381,0.000001
2021,32,0x0C32F5DA691EB874,17,17,17,37,1,11835,24,12811,0.033480,0.000460,0.001277,0.000001
2022,34,0xACE6D37025B1948F,18,18,18,46,1,9153,1611,14018,0.023035,0.008784,0.001381,0.000001
2023,32,0x2F4D17C0A8B9365E,17,17,17,37,1,3008,1414,12953,0.007307,0.007733,0.001293,0.000001
2024,28,0x36F4DB0A57819CE2,15,15,15,35,1,701,36,11247,0.001871,0.000536,0.001421,0.000001
2025,34,0x3A6F24B18C9E750D,19,19,19,37,1,103377,3508,14758,0.674862,0.019905,0.001523,0.000001
2026,40,0x0D3A8124CB697E5F,20,20,22,44,1,10168,4749,17786,0.027528,0.024952,0.001631,0.000001
2027,30,0x2C93D05E74186ABF,16,16,16,44,1,2483,17,12220,0.005677,0.000414,0.001228,0.000001
2028,30,0xEBF90813C57DA462,17,17,19,47,1,7928,5933,14734,0.018921,0.034669,0.001412,0.000001
2029,32,0x754BD06AEC981F32,18,18,18,40,1,95551,3114,13996,0.609303,0.018526,0.001507,0.000001
2030,30,0x380762EAF4DC951B,16,16,16,44,1,1299,315,12082,0.003941,0.002019,0.001315,0.000001
2031,28,0x149EDA826B375CF0,15,15,15,31,1,634,1917,11248,0.001699,0.011668,0.001165,0.000001
2032,30,0x5E328B70DA946FC1,15,15,15,37,1,17,16,11306,0.000363,0.000415,0.001152,0.000001
2033,30,0x74126EDBA03CF895,18,18,18,42,1,223153,13481,13897,1.631651,0.076013,0.001331,0.000001
2034,32,0xAC398B071EF45D26,17,17,17,37,1,3451,7128,12974,0.008722,0.037535,0.001306,0.000001
2035,36,0x84F15C6DB027E39A,19,19,19,43,1,16832,11767,14921,0.046808,0.067120,0.001584,0.000001
2036,32,0xB49528FD10A37EC6,18,18,18,38,1,55389,953,14035,0.264749,0.005638,0.001367,0.000001
2037,26,0xA9EF7B316C54D802,15,15,15,39,1,5868,405,11225,0.013502,0.002212,0.001229,0.000001
2038,30,0x41DA23FEB95670C8,16,16,16,40,1,572,5569,12272,0.001556,0.028761,0.001246,0.000001
2039,32,0x8B9F4CE5617A320D,17,17,17,33,1,13970,20,13100,0.040006,0.000423,0.001247,0.000001
2040,32,0x0ABEDCF123648597,16,16,16,40,1,1727,1727,12085,0.004573,0.008960,0.001212,0.000001
2041,32,0xF8B90A3724D1E5C6,19,19,19,45,1,871668,49292,15092,7.651574,0.354177,0.001470,0.000001
2042,28,0x2481AC906B57F3DE,16,16,16,40,1,7022,251,12069,0.017035,0.001657,0.001220,0.000001
2043,34,0x50ABC74DFE316892,19,19,19,39,1,274272,9987,14755,1.961062,0.059156,0.001397,0.000001
2044,30,0x98B63F50C1247ADE,16,16,16,48,1,1221,913,12056,0.003100,0.005030,0.001189,0.000001
2045,40,0x0917C56FEB3D2A84,21,21,21,45,1,309015,241,16915,2.314175,0.001747,0.001722,0.000001
2046,30,0xEDF35A20C748691B,16,16,16,42,1,1498,2007,12112,0.004878,0.011549,0.001218,0.000001
2047,34,0xB9C05DA1FE236487,18,18,18,44,1,2510,4199,14145,0.006168,0.021971,0.001331,0.000001
2048,36,0x806F34ADEB7259C1,18,18,18,40,1,19,19,13953,0.000340,0.000414,0.001337,0.000001
2049,32,0x94703D1B2E8C5A6F,17,17,17,39,1,2490,1600,13045,0.005977,0.008626,0.001282,0.000001
2050,36,0x89A526CF4BE03D17,18,18,18,42,1,2939,2088,14109,0.006740,0.010725,0.001358,0.000001
2051,34,0xA9BE16C45820D3F7,18,18,18,42,1,7393,147,14229,0.018801,0.001139,0.001361,0.000001
2052,26,0x40DABC856271FE39,15,15,15,33,1,3141,97,11358,0.007701,0.000828,0.001160,0.000001
2053,24,0xDEFC87A5B2196430,13,13,13,39,1,86,228,9331,0.000505,0.001476,0.001012,0.000001
2054,34,0x18BA0CF46972DE35,19,19,19,37,1,359622,9642,14482,2.484186,0.052721,0.001390,0.000001
2055,32,0x3814625CD9EF70BA,16,16,16,40,1,113,77,12155,0.000586,0.000731,0.001207,0.000001
2056,38,0x510D8F7BC963AE42,20,20,20,40,1,81190,24775,16079,0.541993,0.153111,0.001641,0.000001
2057,34,0xF25987E63A0BC41D,18,18,18,40,1,24808,1002,14271,0.080332,0.006166,0.001378,0.000001
2058,32,0x8B715A93C064FE2D,17,17,19,33,1,1791,17604,15154,0.004321,0.092294,0.001495,0.000001
2059,42,0x81B64735F092DCEA,22,22,22,40,1,1733822,90,17960,16.936428,0.002587,0.001899,0.000001
2060,34,0xAE805D3426B1CF97,18,18,18,38,1,3605,1321,14177,0.011846,0.007853,0.001444,0.000001
2061,36,0x65E9A3718FCD402B,20,20,20,40,1,836249,32217,15909,7.820245,0.204948,0.001534,0.000001
2062,32,0x814C29B7E63D5A0F,16,16,16,36,1,900,798,12371,0.002905,0.004475,0.001308,0.000001
2063,32,0x0FC4A82796DB153E,18,18,18,34,1,58597,1853,13814,0.283893,0.011579,0.001448,0.000001
2064,26,0xB3E4F69C7D28510A,15,15,15,37,1,4041,158,10956,0.009994,0.001132,0.001136,0.000001
2065,36,0x4D253E6AC97B18F0,19,19,19,35,1,43153,852,15013,0.205562,0.005311,0.001418,0.000001
2066,30,0x9A37D2E8F1056CB4,16,16,16,42,1,1435,611,12046,0.003487,0.003511,0.001192,0.000001
2067,26,0xC80FB95214DE367A,16,16,16,40,1,61555,3311,12041,0.270388,0.018392,0.001233,0.000001
2068,28,0x375C0E91FB684A2D,14,14,14,44,1,51,51,10497,0.000485,0.000584,0.001081,0.000001
2069,30,0x942C1FBA638DE570,17,17,17,41,1,29258,900,13198,0.100760,0.005619,0.001295,0.000001
2070,32,0xD8F50C3142EA6B97,16,16,16,46,1,17,17,11979,0.000575,0.000426,0.001219,0.000001
2071,26,0xC5DFAB94E2316087,14,14,14,34,1,392,142,10297,0.001163,0.001069,0.001085,0.000001
2072,28,0x9856E1D342F7BA0C,16,16,16,44,1,13389,334,12077,0.034979,0.002299,0.001195,0.000001
2073,36,0x1F2A805EBC3649D7,19,19,21,43,1,26403,7656,16607,0.086227,0.042902,0.001598,0.000001
2074,30,0xFA07D6E324BC5819,17,17,17,41,1,46037,1828,13260,0.204028,0.010241,0.001275,0.000001
2075,28,0x8794ABC2D6315E0F,16,16,16,32,1,10129,373,12054,0.027515,0.002341,0.001269,0.000001
2076,36,0x7EA0632149B8DF5C,20,20,20,38,1,790625,27618,16000,6.232806,0.171231,0.001492,0.000001
2077,32,0x5A702186B3DC9E4F,16,16,16,38,1,17,17,12266,0.000354,0.000414,0.001219,0.000001
2078,32,0x7BAFD3E06481952C,18,18,18,42,1,21759,295,14085,0.067624,0.001911,0.001348,0.000001
2079,34,0x85F379CAD4BE0126,18,18,18,36,1,17963,2983,13922,0.047935,0.016641,0.001500,0.000001
2080,34,0x72DAC513E94B68F0,18,18,18,36,1,20343,80,14163,0.064848,0.000854,0.001432,0.000001
2081,34,0xB9C0672DE351A84F,17,17,17,43,1,22,22,13190,0.000388,0.000467,0.001322,0.000001
2082,38,0xC149F372DA8065EB,20,20,22,44,1,45784,8250,17944,0.225386,0.047713,0.001651,0.000001
2083,36,0x0219E4AFB358D76C,20,20,20,42,1,521454,14209,15848,4.240354,0.083559,0.001462,0.000001
2084,36,0x7082C9E46AF315DB,20,20,20,42,1,357123,7243,15925,2.659072,0.042583,0.001479,0.000001
2085,40,0x7B2A1C469085D3EF,20,20,22,40,1,76905,60161,17570,0.394506,0.454272,0.001803,0.000001
2086,30,0xDA5FEC8649270B31,16,16,16,34,1,940,649,12110,0.003256,0.005004,0.001293,0.000001
2087,36,0x29C613F485BEAD70,19,19,19,41,1,64358,47834,14897,0.321553,0.377337,0.001447,0.000001
2088,30,0x79D824EF1A0563BC,17,17,17,45,1,30694,1068,13276,0.098093,0.006441,0.001283,0.000001
2089,24,0xD169BAF8527C03E4,12,12,12,32,1,13,13,8500,0.000360,0.000398,0.000948,0.000001
2090,28,0x89C1AFD0B6E42573,15,15,15,39,1,720,3489,11240,0.002418,0.017305,0.001156,0.000001
2091,32,0xA032C84F6ED97B15,17,17,19,33,1,3568,6552,15066,0.008393,0.034335,0.001414,0.000001
2092,28,0x79A14ED86BFC5320,14,14,16,32,1,32,32,12206,0.000383,0.000487,0.001206,0.000001
2093,34,0x60832B7CE5FA19D4,17,17,19,37,1,102,102,14914,0.000583,0.000824,0.001414,0.000000
2094,34,0xB01E56C4D97AF823,17,17,17,39,1,1976,1919,13133,0.004921,0.009975,0.001288,0.000001
2095,34,0x8E6F92340517DCAB,18,18,18,48,1,16283,387,13825,0.044339,0.002603,0.001402,0.000001
2096,28,0x4D361E5BACF07298,16,16,16,46,1,15087,310,12089,0.039996,0.002298,0.001234,0.000001
2097,26,0xE3DA7B5C89642F10,15,15,15,27,1,13183,655,11351,0.034993,0.004227,0.001264,0.000001
2098,30,0x2FDB60841CA53E97,17,17,17,35,1,26063,860,13164,0.084819,0.005314,0.001287,0.000001
2099,34,0x940A3F516287BDCE,19,19,19,47,1,342074,15417,14919,2.451209,0.088249,0.001442,0.000001
2100,30,0x6B481C9573F20AED,18,18,18,38,1,270124,11900,14126,1.908719,0.068888,0.001401,0.000001
2101,36,0x43917FA80526DCBE,18,18,18,44,1,3800,2931,13974,0.009374,0.015682,0.001339,0.000001
2102,38,0x34DB1E27C06589AF,19,19,21,43,1,9647,3390,16450,0.025801,0.018271,0.001529,0.000001
2103,30,0x16CE302F8A549BD7,16,16,16,48,1,469,153,12292,0.001315,0.001116,0.001212,0.000001
2104,36,0x81B26CED4A05F379,18,18,18,40,1,22,22,13965,0.000357,0.000441,0.001338,0.000001
2105,34,0x1A93764CE82DB0F5,18,18,18,38,1,16852,901,13922,0.045949,0.005696,0.001355,0.000001
2106,30,0x8A0DCE6412F73B95,17,17,17,37,1,20695,835,13133,0.065664,0.005326,0.001288,0.000001
2107,26,0x7D9AE01F263CB548,16,16,16,48,1,27093,587,12111,0.084230,0.003451,0.001265,0.000001
2108,38,0x153CF4629A087BED,20,20,20,42,1,112866,21008,16059,0.713658,0.127109,0.001528,0.000001
2109,30,0xB03F1EC8D94652A7,17,17,17,45,1,31800,835,13242,0.108923,0.005123,0.001301,0.000001
2110,28,0xC3AD9B1E540F8672,16,16,16,42,1,9910,182,11993,0.026463,0.001441,0.001214,0.000001
2111,22,0xBE497CD03516F2A8,13,13,13,37,1,1655,104,9127,0.004013,0.000846,0.000993,0.000001
2112,34,0xD7EF645092BA8C13,18,18,20,42,1,10357,30213,16098,0.027277,0.183752,0.001540,0.000001
2113,32,0xB8E5120FD9CA3764,17,17,17,45,1,1149,1354,13036,0.003265,0.008363,0.001421,0.000001
2114,32,0xAF812BE5906CD374,17,17,17,37,1,8751,4954,13182,0.023064,0.025829,0.001304,0.000001
2115,26,0x3C8FE096B7152A4D,15,15,15,47,1,9325,266,11087,0.021575,0.001680,0.001145,0.000001
2116,38,0x5C2B80E19AF76D43,20,20,20,40,1,143404,18572,16048,0.932558,0.107628,0.001494,0.000001
2117,32,0x640C1973D2F8AE5B,18,18,18,40,1,67583,1677,13772,0.310941,0.009164,0.001349,0.000001
2118,36,0x0479AC652EDF813B,18,18,18,38,1,242,226,14128,0.000813,0.001501,0.001341,0.000001
2119,34,0xA0B72C469EF5138D,18,18,18,40,1,2846,8648,14137,0.006747,0.044488,0.001373,0.000001
2120,42,0x052BE71368F94ACD,21,21,23,45,1,41587,32069,18817,0.203855,0.214489,0.001692,0.000001
2121,32,0x871ECDA250F6439B,16,16,16,38,1,17,17,12041,0.000366,0.000416,0.001189,0.000001
2122,34,0x1BE98D0F75A42C63,18,18,18,38,1,8357,1474,14012,0.021105,0.008098,0.001335,0.000001
2123,36,0xDE147823A9B05C6F,19,19,19,37,1,67455,144,15015,0.344860,0.001119,0.001398,0.000001
2124,30,0x0672AE4F531DB89C,17,17,17,47,1,9748,158,13255,0.026319,0.001205,0.001291,0.000001
2125,42,0x05B9C3468E27A1FD,22,22,22,42,1,1267632,321,17710,10.997969,0.003704,0.001789,0.000001
2126,34,0x9A5182743D0FC6BE,18,18,18,36,1,6053,1297,14124,0.018849,0.007543,0.001337,0.000001
2127,38,0x2506DCB7F39184AE,20,20,22,42,1,64707,616,17730,0.331147,0.004025,0.001607,0.000001
2128,30,0x2B83DA5C16FE4097,16,16,16,34,1,2262,18886,12203,0.005231,0.100244,0.001226,0.000001
2129,28,0x8E01B32D76C5F9A4,16,16,16,42,1,15175,376,12030,0.043886,0.002426,0.001190,0.000001
2130,30,0xE0D3782F6C5194BA,16,16,16,48,1,4455,209,12358,0.010809,0.001625,0.001489,0.000001
2131,30,0x3E68D9F2A15C04B7,17,17,17,41,1,31145,560,13356,0.114140,0.003499,0.001322,0.000001
2132,36,0xF30867DEC4AB1925,19,19,19,47,1,36303,20,14950,0.132559,0.000477,0.001541,0.000001
2133,40,0xE2108D639B7ACF45,21,21,21,35,1,389043,7329,17029,3.514137,0.043455,0.001554,0.000001
2134,34,0xA50E741F2CB6D938,17,17,17,41,1,1867,2127,13108,0.004692,0.010950,0.001275,0.000001
2135,30,0x9C4608F13A52DB7E,17,17,19,45,1,19123,3299,14717,0.049509,0.015626,0.001421,0.000001
2136,28,0x64B78259CFED301A,14,14,14,30,1,15,15,10378,0.000366,0.000415,0.001084,0.000001
2137,42,0xC7A16D35802F4EB9,21,21,21,43,1,631,562,16928,0.001764,0.003139,0.001533,0.000001
2138,34,0xCF9164E7ADB52308,18,18,18,40,1,2795,10161,13781,0.006720,0.056793,0.001406,0.000001
2139,38,0x7B8039462AE1C5FD,19,19,21,41,1,1089,562,16965,0.003011,0.003151,0.001533,0.000001
2140,28,0x645C81DAE92F7B30,15,15,15,39,1,1277,1324,11487,0.003534,0.007292,0.001154,0.000001
2141,32,0x4B983D7FEA2C5160,17,17,17,35,1,2107,2868,13107,0.004880,0.015481,0.001564,0.000001
2142,34,0x34B12D069F75AEC8,18,18,18,46,1,6607,32933,13763,0.015723,0.207489,0.001347,0.000001
2143,36,0x3D4517A082BEC6F9,18,18,18,40,1,99,99,13957,0.000565,0.000814,0.001403,0.000001
2144,32,0x0F69E38DC714A52B,17,17,17,47,1,15467,3198,12858,0.040001,0.017148,0.001267,0.000001
2145,34,0x3B0F9A426C8751ED,19,19,19,33,1,175949,4014,15243,1.120896,0.023740,0.001591,0.000001
2146,32,0xA340B18596FD2EC7,17,17,17,39,1,7815,87,13122,0.020594,0.000797,0.001291,0.000001
2147,32,0x19B46C08DE27A35F,18,18,18,42,1,53165,1038,14072,0.247791,0.006122,0.001367,0.000001
2148,40,0x890B6C745DEA1F23,22,22,22,36,1,4570963,116667,17566,42.058573,1.116179,0.001830,0.000001
2149,32,0x3C1A6D8B907E5F24,17,17,17,37,1,7766,3926,13145,0.021970,0.020474,0.001297,0.000001
2150,26,0xEAC03B71F6928D54,15,15,15,39,1,3367,67,11140,0.007658,0.000649,0.001151,0.000001
2151,36,0x59307E268CFD1B4A,19,19,21,39,1,8256,16830,16929,0.020232,0.092567,0.001574,0.000001
2152,36,0xBE09146F7DA382C5,18,18,20,44,1,8471,11390,16034,0.022572,0.064831,0.001453,0.000001
2153,34,0xE937D5F6A24810BC,17,17,17,43,1,18,18,13006,0.000346,0.000413,0.001263,0.000001
2154,30,0xEB6731CA95DF2408,18,18,18,42,1,212386,8144,13789,1.528438,0.043969,0.001333,0.000001
2155,30,0x780EFDA31BC54296,15,15,15,43,1,16,16,11306,0.000351,0.000403,0.001216,0.000001
2156,32,0x86C50EFD37BA4921,16,16,16,40,1,81,57,11959,0.000497,0.000608,0.001190,0.000000
2157,30,0x5F92BC06783DA4E1,16,16,16,38,1,682,5601,12163,0.002136,0.027861,0.001223,0.000001
2158,34,0xC1B0A853724F9DE6,17,17,17,37,1,754,492,13125,0.003042,0.002888,0.001317,0.000001
2159,30,0x7D2B869FC451A3E0,17,17,17,39,1,18011,332,12983,0.048699,0.002396,0.001321,0.000001
2160,34,0xC5078A4B9E21F3D6,19,19,19,37,1,311199,9492,15250,2.236509,0.057950,0.001536,0.000001
2161,32,0x046DA8C1FE93572B,16,16,16,36,1,1673,842,12300,0.004289,0.004662,0.001200,0.000001
2162,36,0x83A7BE6941D50C2F,18,18,20,32,1,2655,2175,15909,0.006396,0.011428,0.001490,0.000001
2163,40,0x8B7203C51F496DEA,21,21,21,41,1,198779,10712,16778,1.598101,0.066170,0.002434,0.000001
2164,28,0xFC5802469EB173DA,15,15,15,47,1,833,16,11165,0.003677,0.000512,0.001785,0.000001
2165,26,0x89A0B6E4F7DC1253,16,16,16,34,1,45118,1518,12374,0.205813,0.008668,0.001239,0.000001
2166,24,0x7F6C83D25E9401BA,13,13,13,41,1,348,111,9220,0.001070,0.000915,0.001014,0.000001
2167,30,0xE6AC31279450B8DF,16,16,16,46,1,1260,2064,12174,0.003229,0.011181,0.001231,0.000001
2168,34,0xB3C16E95AD802F47,19,19,19,39,1,426047,18456,14852,3.697619,0.105432,0.001434,0.000001
2169,34,0xB7814FA6C29D53E0,17,17,17,37,1,171,171,13139,0.000923,0.001181,0.001266,0.000001
2170,32,0xAE9B80C7563F412D,16,16,18,42,1,1638,1628,14107,0.004295,0.008551,0.001437,0.000001
2171,36,0xE1D3650FCB48A297,18,18,20,52,1,455,455,16086,0.001276,0.002680,0.001488,0.000001
2172,34,0x85D2B7F3906A4E1C,19,19,19,41,1,249276,8936,15111,1.860145,0.051916,0.001421,0.000001
2173,30,0x3DC59B102687A4EF,17,17,17,35,1,22555,640,13255,0.070378,0.004177,0.001296,0.000001
2174,26,0xDF3916CBE57428A0,14,14,14,38,1,292,388,10353,0.000908,0.002324,0.001133,0.000001
2175,26,0xE95CD08B6712A4F3,13,13,13,41,1,14,14,9227,0.000366,0.000411,0.001018,0.000000
2176,32,0x8B215A0DE67C9F43,18,18,18,36,1,72015,2065,14129,0.360876,0.012315,0.001457,0.000001
2177,38,0xC023691BAFED7548,21,21,21,35,1,1680361,28898,16956,16.764800,0.206820,0.001556,0.000001
2178,24,0x9C68BAE5F3407D12,12,12,12,34,1,18,18,8629,0.000351,0.000421,0.000952,0.000001
2179,28,0x3648FEA5CD07129B,16,16,16,40,1,15052,169,12299,0.039229,0.001292,0.001229,0.000001
2180,34,0x84E290FA3C6BD175,19,19,19,41,1,236500,8397,14898,1.760939,0.047216,0.001459,0.000001
2181,34,0x4325DCB69F107AE8,18,18,20,40,1,24749,6795,15875,0.084145,0.036025,0.001501,0.000001
2182,30,0xA97FE0C861425B3D,16,16,16,42,1,2082,681,12151,0.004970,0.003943,0.001194,0.000001
2183,38,0x04A98C2B63571DEF,19,19,21,35,1,102,100,16662,0.000526,0.000852,0.001531,0.000001
2184,26,0xB2F49CD68735A01E,15,15,15,35,1,4278,63,11207,0.009600,0.000679,0.001189,0.000001
2185,28,0xEFCA12945308BD67,14,14,14,46,1,823,367,10417,0.002048,0.002246,0.001115,0.000001
2186,28,0x59F16E70C3D4A2B8,15,15,15,43,1,519,2751,11239,0.001371,0.014410,0.001208,0.000001
2187,28,0x92DE48BC603A1F57,14,14,14,36,1,171,281,10408,0.000682,0.001755,0.001090,0.000001
2188,26,0x97A0F21834C6DE5B,16,16,16,46,1,31224,1590,11874,0.105085,0.008715,0.001194,0.000001
2189,36,0x13B687F49C052EAD,18,18,18,38,1,2918,1688,14044,0.006996,0.009024,0.001335,0.000001
2190,32,0xFD67AB43C295810E,16,16,16,34,1,1285,1249,12279,0.003258,0.006544,0.001244,0.000001
2191,32,0x3EB59D71028CA64F,16,16,16,36,1,463,447,12230,0.001287,0.002659,0.001210,0.000001
2192,30,0xA0E398BF24C7561D,16,16,18,36,1,2622,3898,13848,0.005749,0.020032,0.001409,0.000001
2193,36,0x194BC8052EA63FD7,20,20,20,38,1,153327,2042,16121,1.011116,0.012497,0.001693,0.000001
2194,30,0xE67D4F18C309B52A,17,17,17,49,1,22195,224,13235,0.077090,0.001619,0.001280,0.000001
2195,36,0x20D76CFE598A134B,20,20,20,38,1,439392,13616,16000,3.774761,0.079255,0.001473,0.000001
2196,30,0x8B3F02549EDCA716,16,16,16,40,1,616,1520,12246,0.002145,0.008135,0.001208,0.000001
2197,32,0xA41CF652B30E8D79,18,18,18,46,1,86866,1891,14187,0.444427,0.011633,0.001482,0.000001
2198,28,0xA3E42950B6DF1C78,15,15,15,43,1,274,498,11054,0.000929,0.003069,0.001240,0.000001
2199,28,0xCB54280DA3EF7619,16,16,16,42,1,16526,398,11959,0.044459,0.002552,0.001174,0.000001
2200,34,0xF169A70CD85B42E3,19,19,19,39,1,176721,4559,15121,1.460635,0.026508,0.001552,0.000001
2201,38,0xA0E1C34587F962BD,19,19,19,45,1,488,488,15250,0.001506,0.002931,0.001541,0.000001
2202,24,0x0CA967B8FD54321E,15,15,15,31,1,31879,2562,11329,0.102447,0.013310,0.001137,0.000001
2203,16,0xE8DCBA9025746F13,10,10,10,32,1,198,132,6768,0.000736,0.000886,0.000829,0.000001
2204,34,0xF1B087CD56234AE9,17,17,19,39,1,18,18,15031,0.000369,0.000436,0.001395,0.000000
2205,28,0xEF157BA42DC60389,16,16,16,38,1,12881,170,11766,0.033733,0.001205,0.001239,0.000001
2206,28,0xF6A29E05DC873B41,14,14,14,36,1,25,25,10340,0.000386,0.000441,0.001098,0.000001
2207,32,0x358ECA7F40B2D691,18,18,18,36,1,103061,2570,14094,0.646613,0.015162,0.001461,0.000001
2208,26,0xA37DE2B41C5F6890,16,16,16,38,1,32239,752,12133,0.100102,0.004515,0.001202,0.000001
2209,26,0x9EF4C3A1865D02B7,15,15,15,43,1,6352,235,11283,0.014848,0.001496,0.001142,0.000001
2210,28,0x7E53AD0FBC481629,16,16,16,42,1,18112,296,12239,0.046796,0.001915,0.001197,0.000001
2211,28,0xC5AEFDB412978630,17,17,17,37,1,75712,4538,12824,0.347913,0.022723,0.001277,0.000001
2212,34,0xD6281AC703EFB549,17,17,17,41,1,18,18,13246,0.000369,0.000434,0.001306,0.000001
2213,32,0x10B4963E8C52FA7D,17,17,17,41,1,3486,3568,13159,0.008092,0.019562,0.001303,0.000001
2214,38,0xD1FA0432C9B8567E,20,20,20,42,1,202257,433,15831,1.529596,0.003046,0.001590,0.000001
2215,32,0x6DB1C0823F4579EA,16,16,16,46,1,18,18,11841,0.000368,0.000429,0.001298,0.000001
2216,32,0x6C28B403D95EA71F,16,16,18,40,1,1064,1020,14334,0.003279,0.006091,0.001494,0.000000
2217,26,0x7AFE6129BC58304D,15,15,15,39,1,4599,171,11375,0.011235,0.001259,0.001145,0.000001
2218,30,0xBF032ACDE1986754,16,16,16,42,1,4215,294,11972,0.009461,0.001777,0.001324,0.000001
2219,36,0xE10745D9F8C3B6A2,19,19,19,41,1,38257,20,14962,0.186217,0.000471,0.001404,0.000001
2220,30,0xE7564DA23C10BF89,18,18,18,40,1,334914,10925,13818,2.283555,0.063250,0.001336,0.000001
2221,28,0xEF7B902C5A46D183,15,15,15,43,1,344,280,11122,0.001149,0.001809,0.001126,0.000001
2222,40,0x1C6F48E30B9A2D75,20,20,22,38,1,38,24,17490,0.000379,0.000442,0.001574,0.000000
2223,30,0xA50D89BCE14763F2,16,16,16,38,1,1365,5997,12076,0.003541,0.030367,0.001177,0.000001
2224,36,0xB0F641257E839CDA,19,19,19,45,1,95131,33,15064,0.626589,0.000603,0.001604,0.000001
2225,30,0x4F8592C03AE76DB1,17,17,17,37,1,37889,825,13160,0.140956,0.005684,0.001397,0.000001
2226,36,0xD693C517EB82F0A4,18,18,20,42,1,36,36,15642,0.000425,0.000540,0.001597,0.000000
2227,38,0x213C7DA4EB86950F,19,19,21,33,1,29494,28076,16967,0.103369,0.182506,0.001565,0.000001
2228,38,0x03C5297618FEDA4B,20,20,20,36,1,71039,20576,15629,0.352887,0.127337,0.001583,0.000001
2229,36,0xA329D641C8B7FE50,19,19,19,39,1,52971,409,15083,0.257666,0.002864,0.001437,0.000001
2230,30,0x6C23FE48719ADB50,16,16,16,40,1,838,826,12410,0.002539,0.004806,0.001242,0.000001
2231,24,0xF58D7AC9241EB063,13,13,13,35,1,627,78,9238,0.001837,0.000909,0.001042,0.000001
2232,30,0xD40AB852C9F6713E,15,15,15,37,1,213,112,11215,0.000777,0.000913,0.001143,0.000000
2233,26,0x8EFC271D3B4096A5,14,14,14,42,1,878,1556,10253,0.002637,0.008235,0.001053,0.000001
2234,32,0x840C75D9A63E21FB,18,18,18,44,1,33109,955,13884,0.115959,0.005814,0.001392,0.000001
2235,28,0xBA4E53FD17C89062,16,16,18,40,1,4549,278,13803,0.010270,0.001726,0.001357,0.000001
2236,32,0x4E9B137562C0D8FA,18,18,18,42,1,58099,1515,13886,0.265076,0.008874,0.001331,0.000001
2237,28,0x6481E09A357C2BFD,17,17,17,45,1,40506,1664,13211,0.139526,0.009947,0.001416,0.000001
2238,40,0xFB2761A549E0DC83,21,21,21,41,1,130045,1132,16773,0.860775,0.007008,0.001709,0.000001
2239,28,0xE39605CDFBA47218,16,16,16,40,1,8304,256,12338,0.024431,0.001617,0.001233,0.000001
2240,32,0x1E5C407D693FA28B,17,17,17,45,1,2107,1164,13361,0.005046,0.006310,0.001325,0.000001
2241,32,0xADE691B20F8C5743,18,18,18,38,1,54348,1070,14084,0.245634,0.005899,0.001345,0.000001
2242,28,0xD3BC4AE07F981562,16,16,16,36,1,14641,722,12233,0.037764,0.004385,0.001206,0.000001
2243,42,0x3B7248651F0DC9AE,22,22,22,38,1,620786,817,17907,5.295704,0.006073,0.001800,0.000001
2244,32,0x1496F3AE0B7C5D28,17,17,17,41,1,5394,1864,13140,0.016101,0.009824,0.001256,0.000001
2245,32,0xAE9572D6C08B134F,17,17,17,39,1,2717,5984,13334,0.006544,0.031146,0.001328,0.000001
2246,28,0x52EC084ABF9173D6,15,15,15,37,1,1009,16,10985,0.003271,0.000508,0.001688,0.000001
2247,30,0x75302EB4FAD1698C,17,17,17,45,1,25478,1146,12634,0.083732,0.006275,0.001642,0.000001
2248,30,0x3C9AB265EF410D78,16,16,16,36,1,4529,17,11856,0.011077,0.000418,0.001216,0.000001
2249,24,0xB2159E0A36C4F78D,14,14,14,44,1,1765,116,10256,0.004057,0.000929,0.001089,0.000001
2250,30,0x3C5AB76F19D8E204,17,17,17,35,1,14615,364,12971,0.068057,0.002455,0.001250,0.000001
2251,30,0x513978D42EC6BFA0,17,17,17,29,1,20143,596,13196,0.063942,0.003630,0.001283,0.000001
2252,32,0x53AEC92761D4F0B8,16,16,16,40,1,133,133,12422,0.000597,0.001017,0.001212,0.000001
2253,34,0xE19BD3074FAC5682,18,18,18,42,1,5346,1318,14058,0.014816,0.007525,0.001345,0.000001
2254,28,0xCFD86B2319E47A05,16,16,16,34,1,7455,242,12011,0.017726,0.001557,0.001210,0.000001
2255,36,0x2418DC5B9FEA0367,19,19,19,35,1,28675,20,14940,0.092445,0.000485,0.001433,0.000001
2256,32,0x3C4D0F796B28E15A,18,18,18,48,1,64543,1489,13885,0.313430,0.008486,0.001363,0.000001
2257,30,0x419DA76FECB03258,17,17,17,43,1,65607,2272,13015,0.326737,0.013869,0.001393,0.000001
2258,40,0x0A43B2E1C985FD67,21,21,21,43,1,188216,16612,16969,1.627506,0.102624,0.001563,0.000001
2259,32,0x854DB901F7A3E26C,18,18,18,44,1,44396,1304,14102,0.211698,0.007624,0.001336,0.000001
2260,24,0xF0DE34A8951CB726,15,15,15,43,1,13374,811,11356,0.034166,0.004583,0.001171,0.000001
2261,28,0xB3105F8CED74A269,15,15,15,47,1,741,5123,11280,0.001955,0.025436,0.001167,0.000001
2262,28,0x5D984E6073BC1AF2,16,16,16,36,1,4505,1683,12186,0.010472,0.008800,0.001224,0.000001
2263,34,0x65382197D4B0FACE,18,18,18,44,1,29891,42,13832,0.104614,0.000609,0.001360,0.000001
2264,24,0x379CF2AB68D510E4,15,15,15,37,1,14406,147,11166,0.036606,0.001020,0.001151,0.000001
2265,30,0x5E6C07F8391A42BD,16,16,16,48,1,563,11352,12326,0.001599,0.061569,0.001200,0.000001
2266,38,0xEA2374169D85BC0F,19,19,21,43,1,27574,24600,16837,0.093124,0.156041,0.001552,0.000001
2267,34,0x5BEC09481A376D2F,17,17,17,35,1,954,979,13270,0.002855,0.005225,0.001292,0.000001
2268,28,0xC7F4931B58E06A2D,15,15,17,43,1,2288,2662,12919,0.005234,0.014001,0.001256,0.000001
2269,28,0x40AD7892EF6CB513,16,16,16,38,1,21112,672,12129,0.070378,0.004298,0.001206,0.000001
2270,30,0x67E50AD48391B2FC,15,15,15,39,1,288,84,11318,0.000941,0.000770,0.001151,0.000001
2271,30,0x6910DEB378C5AF42,18,18,18,36,1,281574,16526,14078,1.985230,0.097387,0.001323,0.000001
2272,28,0xFE06B9125C3D84A7,14,14,14,46,1,15,15,10384,0.000540,0.000408,0.001052,0.000001
2273,38,0x201BEC6AF879D543,20,20,20,38,1,28732,8833,15739,0.105100,0.047364,0.001487,0.000001
2274,28,0x5A1498632EDCF0B7,15,15,15,31,1,1403,16,11140,0.003521,0.000389,0.001136,0.000001
2275,36,0x5D3947C6F801BEA2,19,19,19,39,1,14153,43063,15167,0.037985,0.333163,0.001511,0.000001
2276,26,0xC9FE3BA0184527D6,15,15,15,37,1,2905,58,11096,0.007114,0.000696,0.001127,0.000001
2277,34,0x3D2C79A5864BE0F1,17,17,17,33,1,18,18,13265,0.000377,0.000493,0.001275,0.000001
2278,28,0xBC9E2D165F0783A4,16,16,16,44,1,15585,1048,11848,0.042279,0.005875,0.001171,0.000001
2279,30,0x3DB1CE6870F9A245,16,16,16,36,1,1398,2571,12484,0.003518,0.012970,0.001323,0.000001
2280,30,0xD728EC5A3B6194F0,16,16,16,34,1,2222,1259,12206,0.005016,0.006961,0.001219,0.000001
2281,32,0xEFD3260B45C781A9,17,17,17,41,1,7351,18,13077,0.017239,0.000415,0.001290,0.000001
2282,32,0xFA38495CE0B26D17,16,16,16,36,1,1266,1266,12315,0.002955,0.006649,0.001224,0.000001
2283,38,0xC873ED625F9B04A1,20,20,20,38,1,32961,34,16013,0.123931,0.000554,0.001481,0.000001
2284,36,0x28EF5960143DCA7B,18,18,18,44,1,77,37,14118,0.000532,0.000526,0.001402,0.000001
2285,36,0x63512849D07BAECF,18,18,18,38,1,6840,4144,14148,0.017768,0.023741,0.001384,0.000001
2286,28,0x43D68F91A05EB7C2,16,16,16,40,1,13016,490,12080,0.036638,0.002847,0.001213,0.000001
2287,40,0x06295DBA4C1387EF,21,21,21,41,1,263106,22,16800,2.060201,0.000536,0.001719,0.000001
2288,38,0x013AF756D4C2E9B8,19,19,21,41,1,2262,2190,16811,0.006826,0.012550,0.001684,0.000001
2289,22,0xDF5C6A2B134E7890,13,13,13,37,1,309,66,9578,0.000989,0.000660,0.001094,0.000001
2290,36,0x4925EDF8A016CB73,18,18,18,38,1,11818,8080,13977,0.033125,0.042098,0.001415,0.000001
2291,32,0x04538E296DF7BC1A,17,17,17,39,1,6702,123,13065,0.016955,0.000997,0.001312,0.000001
2292,30,0x0CE4329A1DBF6578,17,17,17,41,1,43778,1045,13108,0.201171,0.006064,0.001285,0.000001
2293,28,0x69E014DCFA7583B2,16,16,16,38,1,7912,140,12181,0.018479,0.001066,0.001254,0.000001
2294,38,0x69CEF347D18B052A,20,20,20,44,1,56461,34429,15840,0.284093,0.225770,0.001495,0.000001
2295,32,0x0B4C8276EF35A91D,17,17,17,39,1,1905,612,13213,0.004944,0.003243,0.001333,0.000001
2296,30,0x9A58F72E0461BD3C,16,16,16,40,1,914,17,12154,0.002260,0.000410,0.001203,0.000000
2297,36,0xD925C3A1B6EF0487,18,18,20,38,1,8495,7796,15902,0.020643,0.040514,0.001494,0.000001
2298,32,0x02EF54DAB63C8971,17,17,17,39,1,10429,3976,13163,0.027987,0.021666,0.001301,0.000001
2299,28,0x18D6E2B394C07AF5,15,15,15,39,1,412,759,11046,0.001165,0.004340,0.001165,0.000001
2300,30,0xDE920F85C6314A7B,16,16,16,48,1,1763,1793,12154,0.004268,0.010025,0.001272,0.000001
2301,26,0xE86AF4D0279531BC,16,16,16,44,1,36304,1343,11850,0.110550,0.007588,0.001189,0.000001
2302,34,0xC9FB615427ADE038,18,18,18,42,1,6941,23,14065,0.016978,0.000445,0.001388,0.000001
2303,34,0x0B1EF4365AC27D89,18,18,18,46,1,17504,4518,13775,0.046427,0.023584,0.001360,0.000001
2304,30,0xB897FC32E4106DA5,18,18,18,44,1,288611,15969,13848,2.006108,0.086664,0.001345,0.000001
2305,30,0xF9ECB145D0738A26,16,16,16,40,1,704,1524,11999,0.002403,0.008141,0.001190,0.000001
2306,32,0x2D048E1765C3FB9A,17,17,17,43,1,954,2014,12894,0.002354,0.010417,0.001520,0.000001
2307,28,0x56487A30CF192EDB,17,17,17,41,1,70069,2514,12854,0.324202,0.014058,0.001289,0.000001
2308,30,0x94576E380C2DFB1A,16,16,16,36,1,2411,1272,12147,0.005612,0.006864,0.001373,0.000001
2309,30,0xAC918B52D30674FE,17,17,17,35,1,22326,201,12963,0.076846,0.001494,0.001267,0.000001
2310,30,0x6F91482DE3C07AB5,15,15,17,37,1,484,514,12948,0.001670,0.002850,0.001363,0.000001
2311,34,0x609B72841FCAED35,17,17,17,35,1,43,36,13388,0.000422,0.000528,0.001355,0.000001
2312,32,0xC590D27463AEBF81,16,16,16,38,1,18,18,11957,0.000365,0.000418,0.001180,0.000000
2313,34,0xC2AF4D3E1689B705,19,19,19,39,1,215818,8276,15069,1.639241,0.045624,0.001411,0.000001
2314,32,0xF3C21DAE547B0986,16,16,16,44,1,75,65,12320,0.000511,0.000648,0.001211,0.000001
2315,32,0x8C52B4E19706D3FA,19,19,19,39,1,552729,22375,15093,4.466791,0.137375,0.001445,0.000001
2316,26,0x649AB0F2DE87351C,14,14,14,38,1,621,573,10245,0.002062,0.003197,0.001085,0.000001
2317,32,0xBE1AF596842703CD,17,17,17,45,1,8787,30,13118,0.022400,0.000494,0.001349,0.000001
2318,28,0xEA59420876FBCD31,16,16,16,40,1,6701,205,12232,0.017071,0.001390,0.001192,0.000001
2319,26,0x23E58B90D47CF6A1,15,15,15,35,1,6214,159,11152,0.014237,0.001098,0.001120,0.000001
2320,24,0x6B75E948F21C30DA,14,14,14,38,1,3783,116,10227,0.008442,0.000904,0.001066,0.000001
2321,32,0xC520F789B1AE36D4,16,16,18,42,1,1279,1231,13867,0.003170,0.006909,0.001397,0.000001
2322,34,0x693C15BF870ED2A4,17,17,19,47,1,44,40,15265,0.000509,0.000699,0.001450,0.000001
2323,38,0x10B45D6273CAF8E9,20,20,20,38,1,88165,22,15953,0.581370,0.000511,0.001648,0.000001
2324,30,0x720ED34B5F8A961C,17,17,19,41,1,8456,4078,14819,0.023691,0.020684,0.001990,0.000001
2325,34,0xCB698E30712D4FA5,18,18,18,46,1,11315,21693,14189,0.031260,0.130867,0.001412,0.000001
2326,28,0x048BF91C7A5362DE,16,16,16,42,1,11998,494,12135,0.032565,0.003014,0.001229,0.000001
2327,32,0xA16538BFE742DC09,17,17,17,41,1,1171,30,12982,0.003190,0.000486,0.001290,0.000001
2328,34,0xFCA1275E394B068D,18,18,18,40,1,23838,323,14081,0.078600,0.002360,0.001429,0.000001
2329,32,0x94E23C85D70F1A6B,16,16,16,44,1,1998,676,12392,0.005204,0.003903,0.001279,0.000001
2330,38,0x79C31E6508FB42DA,19,19,21,43,1,14534,12438,16835,0.040528,0.070537,0.001592,0.000001
2331,32,0x165AD938B702EC4F,18,18,18,40,1,51606,1381,13952,0.246444,0.008785,0.001462,0.000001
2332,32,0xF580A42DCB613E97,17,17,17,37,1,6671,18,13135,0.017695,0.000443,0.001511,0.000001
2333,42,0xA9127534E08FCB6D,21,21,23,39,1,22,22,18787,0.000409,0.000520,0.001928,0.000001
2334,34,0xDEB2F0471859CA63,18,18,18,44,1,19065,356,14184,0.063291,0.002497,0.001347,0.000001
2335,32,0x78BA206F95DEC314,18,18,18,44,1,143131,3827,14014,0.989741,0.027049,0.001500,0.000001
2336,34,0x5263894B70FC1AED,17,17,19,35,1,825,427,14959,0.002553,0.002506,0.001419,0.000001
2337,38,0x97625CF41DABE308,19,19,19,37,1,304,304,14938,0.001011,0.001911,0.001394,0.000001
2338,36,0x649B0F13AD872C5E,19,19,19,47,1,34854,3410,15008,0.166974,0.022026,0.001436,0.000001
2339,34,0x9D4523F71068BACE,19,19,19,47,1,103955,2808,14875,0.693624,0.017205,0.001605,0.000001
2340,28,0xA6B32950FED1748C,16,16,16,46,1,6188,175,11837,0.016481,0.001183,0.001180,0.000001
2341,28,0x47E98DA0F2C6B135,17,17,17,35,1,73282,1165,13145,0.343017,0.010507,0.002042,0.000001
2342,38,0xAB43CD2917EF8560,20,20,20,38,1,156526,61984,15960,1.097592,0.470206,0.001525,0.000001
2343,28,0x5BF96280ACD31E74,16,16,16,36,1,9220,216,12033,0.022111,0.001477,0.001208,0.000001
2344,34,0x50EFDA4713629CB8,19,19,19,41,1,218218,5191,14820,1.645993,0.029715,0.001406,0.000001
2345,34,0xFBE045D9C182637A,18,18,18,42,1,1046,3351,14111,0.002658,0.017955,0.001351,0.000001
2346,32,0x8BA9FC6154D327E0,17,17,17,35,1,9503,854,13063,0.025434,0.004931,0.001278,0.000001
2347,36,0x3E2F57D9A81B40C6,20,20,20,42,1,509441,15912,15696,4.324496,0.093103,0.001475,0.000001
2348,40,0xAF528D7149EBC063,21,21,23,35,1,209503,946,18692,1.640055,0.006169,0.001842,0.000001
2349,36,0xBF214D9AE58307C6,19,19,19,37,1,55330,1235,14951,0.281529,0.007135,0.001525,0.000001
2350,28,0x56F1408A2EBD379C,15,15,15,45,1,171,1794,11090,0.001181,0.011399,0.001194,0.000001
2351,34,0xAF0DC4625B9E1387,17,17,17,39,1,205,374,12984,0.000817,0.002264,0.001301,0.000001
2352,30,0xB8EF7A516D30C942,16,16,16,38,1,2159,115,12204,0.004937,0.000899,0.001236,0.000001
2353,30,0x7DB314E92A56F80C,17,17,17,39,1,27131,414,13273,0.087699,0.002812,0.001284,0.000001
2354,30,0xAD69F087BE13524C,16,16,16,44,1,2915,387,12274,0.007289,0.002375,0.001432,0.000001
2355,32,0x05D81E2BA39476CF,17,17,17,41,1,6353,1994,13330,0.015642,0.010941,0.001302,0.000001
2356,36,0xEF934D7160B8A5C2,18,18,20,42,1,27,27,15776,0.000379,0.000478,0.001487,0.000001
2357,34,0x25F84DBC0A67E139,19,19,19,35,1,424027,23209,14904,3.580047,0.142086,0.001541,0.000000
2358,34,0xE1F6A759B8230CD4,18,18,20,40,1,12990,44007,15685,0.039095,0.327233,0.001518,0.000001
2359,28,0xEA8574B260D13FC9,17,17,17,41,1,129791,5472,13051,0.772116,0.030940,0.001282,0.000001
2360,26,0x37D9FB8CA24165E0,14,14,14,32,1,867,15,10281,0.002444,0.000395,0.001068,0.000001
2361,28,0x17DB6EF02C459A83,15,15,15,39,1,965,66,11149,0.002322,0.000738,0.001151,0.000001
2362,28,0x6ABE9DC502F13748,14,14,14,32,1,15,15,10226,0.000385,0.000435,0.001042,0.000001
2363,30,0x5E623409B7CFDA81,16,16,16,38,1,4387,565,11796,0.009518,0.003227,0.001175,0.000001
2364,26,0x98FE460A725DCB31,13,13,13,41,1,98,98,9470,0.000520,0.000813,0.001015,0.000001
2365,34,0x5248D703CF961BEA,19,19,19,41,1,195899,2428,14881,1.515122,0.014719,0.001561,0.000001
2366,30,0xAD54EC968F32710B,16,16,16,34,1,1373,3932,12265,0.004269,0.021261,0.001286,0.000001
2367,30,0xE109BAD384C562F7,15,15,15,37,1,439,439,11328,0.001600,0.002566,0.001170,0.000001
2368,26,0x70C89BE1FD35624A,16,16,16,40,1,41423,1996,12135,0.141547,0.010632,0.001239,0.000001
2369,32,0xF8B467A2E9105D3C,16,16,16,40,1,259,259,12301,0.000875,0.001657,0.001238,0.000001
2370,40,0xB20754E6C38DA1F9,20,20,20,42,1,673,641,15916,0.002344,0.003609,0.001533,0.000001
2371,32,0xBA6F1C340D287E59,18,18,18,46,1,53573,687,14101,0.260867,0.004610,0.001363,0.000001
2372,26,0x728C94B03F15EA6D,14,14,14,42,1,743,531,10036,0.001883,0.002925,0.001145,0.000001
2373,28,0xAE79821B60CF54D3,16,16,16,38,1,3803,112,12000,0.008698,0.000899,0.001221,0.000001
2374,32,0x0E4B39A5621C87FD,16,16,16,40,1,17,17,12118,0.000366,0.000415,0.001295,0.000001
2375,28,0x3ABEC6917D085F24,14,14,14,38,1,43,41,10341,0.000409,0.000540,0.001232,0.000001
2376,32,0xC37B68EA249F1D50,17,17,17,33,1,983,3803,13084,0.002560,0.020509,0.001294,0.000001
2377,38,0x502F617E3CADB489,20,20,20,50,1,113482,1160,15856,0.723321,0.007227,0.001604,0.000001
2378,26,0xFEDC05697A8342B1,15,15,15,43,1,10496,464,11372,0.030393,0.002772,0.001144,0.000001
2379,38,0x0782549EAFC3B16D,20,20,20,40,1,95504,25465,15831,0.618818,0.163288,0.001607,0.000001
2380,36,0x20F98574AD1C3E6B,18,18,18,38,1,467,467,14081,0.001521,0.002608,0.001356,0.000001
2381,34,0xAE20D16BF95743C8,18,18,18,44,1,11033,110,14093,0.031206,0.000870,0.001461,0.000001
2382,24,0xBAD1E35F749C6028,14,14,14,44,1,1071,2234,10507,0.002697,0.010798,0.001491,0.000001
2383,38,0x07A23DE698F51B4C,20,20,20,40,1,22064,42055,16121,0.071939,0.326392,0.001990,0.000001
2384,24,0xF956EACB708D2134,13,13,13,37,1,238,176,9389,0.000989,0.001314,0.001099,0.000001
2385,26,0x70D59382B4EC6AF1,14,14,14,32,1,48,15,10277,0.000446,0.000391,0.001147,0.000001
2386,32,0xD04B25A1F67EC938,16,16,16,38,1,1770,1468,12217,0.005601,0.008371,0.001221,0.000001
2387,38,0xF147DC85A9E2036B,20,20,20,38,1,80241,16680,16037,0.553092,0.096391,0.001507,0.000001
2388,32,0x24BF9DEC056A3817,18,18,18,36,1,122864,4399,14192,0.774115,0.025049,0.001481,0.000001
2389,38,0x03F7469C128A5DBE,20,20,20,40,1,115315,390,15807,0.814791,0.003900,0.002377,0.000001
2390,30,0x5FD6C1AE934B2078,17,17,17,47,1,16439,188,13117,0.070369,0.001944,0.001911,0.000001
2391,34,0x1387ABFD20C5E946,17,17,17,35,1,330,180,13070,0.001705,0.001763,0.001804,0.000001
2392,32,0x04861E3CBD952AF7,17,17,17,39,1,575,1594,13362,0.002168,0.014632,0.001878,0.000001
2393,26,0x6B1FE792A4D53C08,15,15,15,41,1,6563,150,11218,0.023814,0.001442,0.001541,0.000001
2394,34,0x73B189D25A0F64EC,19,19,19,41,1,155960,4655,14898,1.223828,0.028307,0.001407,0.000001
2395,40,0xAE0D6413B92785CF,20,20,20,42,1,14128,8581,16082,0.039806,0.045749,0.001515,0.000001
2396,40,0xB1825D6CA94E037F,20,20,20,38,1,3014,2908,15834,0.007202,0.015582,0.001579,0.000001
2397,28,0x34DE2108576A9BFC,15,15,15,47,1,1326,16,11146,0.003172,0.000414,0.001141,0.000001
2398,30,0xD05FAB72948631EC,15,15,15,35,1,112,112,11262,0.000555,0.000884,0.001146,0.000001
2399,26,0x6805DA9ECF1734B2,16,16,16,38,1,40691,2280,11987,0.143495,0.020564,0.002020,0.000001
2400,32,0xA09F5DB8C273E146,17,17,17,37,1,5854,1005,13177,0.017990,0.005488,0.001355,0.000001
2401,38,0x2D3F6970E1CB584A,20,20,20,42,1,99325,400,15914,0.697043,0.003083,0.002298,0.000001
2402,30,0x2D795A8CE06BF431,16,16,16,32,1,2832,176,12344,0.009980,0.001341,0.001286,0.000001
2403,38,0x762B14A539DC80EF,20,20,20,40,1,175309,4599,15986,1.560053,0.041324,0.002390,0.000001
2404,34,0xB93A6C78FD2401E5,18,18,18,36,1,8119,2487,14052,0.033775,0.014780,0.001362,0.000001
2405,32,0x426EC8A037FBD591,17,17,17,37,1,1991,1830,13136,0.004745,0.009945,0.001425,0.000001
2406,36,0x25C9EDF0B16A8437,18,18,18,44,1,1034,1012,14195,0.003478,0.008821,0.002131,0.000001
2407,28,0xAE27D890B3461CF5,16,16,16,36,1,4523,72,12168,0.016270,0.000989,0.001524,0.000001
2408,28,0x64FE7D1AB58C0329,16,16,16,40,1,8058,370,11682,0.019080,0.003175,0.001824,0.000001
2409,26,0x43B8F21D7C956EA0,15,15,15,39,1,6273,244,11053,0.019499,0.001990,0.001247,0.000001
2410,30,0x407C92F831BE56AD,16,16,16,44,1,1713,1167,12244,0.009879,0.010396,0.001322,0.000001
2411,32,0x52BC7E4DA9F10836,16,16,18,40,1,17,17,13799,0.000405,0.000498,0.002051,0.000001
2412,30,0xB8C0A217635F9DE4,15,15,15,43,1,35,21,11457,0.000488,0.000561,0.001202,0.000001
2413,32,0xC87D12E0F36B459A,16,16,16,52,1,400,345,12162,0.001546,0.003174,0.001969,0.000001
2414,34,0xED352987164B0ACF,17,17,19,41,1,18,18,15113,0.000412,0.000547,0.002380,0.000001
2415,30,0x7A5081E46BD3FC92,16,16,16,38,1,2123,19,12089,0.006156,0.000432,0.001197,0.000001
2416,34,0x49FACE05D2B31687,18,18,18,36,1,18035,1773,13901,0.061135,0.010602,0.001370,0.000001
2417,36,0x3D25E70F61C84B9A,18,18,18,48,1,39,39,14066,0.000413,0.000536,0.001374,0.000001
2418,38,0x65E18423B7D9AC0F,20,20,22,40,1,105205,32908,17786,0.868087,0.327617,0.002354,0.000001
2419,36,0x2AC31FB6078E459D,18,18,20,42,1,3025,2239,15424,0.010387,0.012395,0.001566,0.000001
2420,30,0x1CD6A84572930EBF,16,16,16,32,1,886,1610,12206,0.003207,0.009346,0.001683,0.000001
2421,28,0x42E3180CF75D6A9B,17,17,17,47,1,106050,5823,13084,0.813291,0.036658,0.001390,0.000001
2422,24,0xCF71B2984AE6350D,13,13,13,35,1,526,39,9374,0.001563,0.000574,0.001093,0.000001
2423,36,0xD429C6031E7FA58B,18,18,20,44,1,31,31,15432,0.000393,0.000492,0.001578,0.000001
2424,32,0xD5E1F739C804AB26,18,18,20,48,1,9113,4884,15940,0.023973,0.025072,0.001512,0.000001
2425,36,0x92CDE6F5813A074B,20,20,20,40,1,676134,22500,16006,5.750044,0.139828,0.001511,0.000001
2426,36,0x32E7C6B048AD591F,19,19,19,39,1,51831,4869,14953,0.267932,0.035793,0.002323,0.000001
2427,32,0x16207BA9E54D3C8F,16,16,16,38,1,139,119,12213,0.000939,0.001315,0.001932,0.000001
2428,30,0xFA920B7DC681543E,16,16,16,38,1,1561,280,12077,0.006355,0.001805,0.001228,0.000001
2429,34,0x18DF42963BEC05A7,18,18,18,38,1,4590,819,14233,0.020530,0.004732,0.001384,0.000001
2430,34,0xF53E817BD90C24A6,18,18,18,46,1,8702,7519,13832,0.024123,0.048552,0.001527,0.000001
2431,44,0x29C754610A8BDEF3,22,22,22,32,1,48,48,17900,0.000467,0.000604,0.001758,0.000001
2432,38,0x2AB168C543F9ED07,20,20,20,32,1,82790,3924,16002,0.492289,0.021078,0.001516,0.000001
2433,30,0x5A1820397F4B6ECD,18,18,18,46,1,168494,7558,13939,1.126853,0.038447,0.001438,0.000001
2434,40,0xD92463F7A1EB580C,20,20,22,42,1,2052,2042,17853,0.005142,0.011048,0.001620,0.000001
2435,28,0xAD6F5B823C197E40,15,15,17,35,1,957,1737,12764,0.002358,0.009777,0.002000,0.000001
2436,36,0x0DA29F14C7BE8365,19,19,19,39,1,38843,1948,15111,0.195853,0.010718,0.001414,0.000001
2437,30,0x4709FAEBC5D26813,17,17,17,41,1,32909,776,13152,0.106830,0.004876,0.001284,0.000001
2438,30,0x279E58A01B4CD3F6,19,19,19,37,1,2211338,68199,15096,18.582580,0.485865,0.001466,0.000001
2439,36,0x34A9C8657B2D1FE0,18,18,18,30,1,44,44,14178,0.000871,0.000580,0.001343,0.000000
2440,34,0x74210EAD6F935CB8,19,19,19,45,1,137460,2702,14875,0.888051,0.016784,0.001516,0.000001
2441,32,0xB612A5EC08D49F73,16,16,18,36,1,17,17,14067,0.000392,0.000411,0.001487,0.000001
2442,26,0xC4895EB32D76FA10,15,15,15,31,1,5514,477,11383,0.017638,0.002999,0.001134,0.000001
2443,30,0xFC179368E20DA54B,16,16,16,48,1,4252,1759,12078,0.010020,0.009388,0.001195,0.000001
2444,34,0xB0AEF94D6182C357,18,18,18,44,1,13027,1079,13863,0.034901,0.005914,0.001339,0.000001
2445,36,0xD1A9B7F30485EC26,18,18,18,34,1,5061,1626,14045,0.012319,0.008776,0.001343,0.000001
2446,20,0x38BDAFC27E546910,12,12,12,34,1,695,43,8702,0.001752,0.000541,0.000974,0.000001
2447,34,0x2E63A8741BC05FD9,18,18,18,34,1,2035,141,14115,0.004809,0.001097,0.001355,0.000001
2448,34,0x2581ACB7EF0D6493,18,18,18,36,1,10517,3327,14016,0.028009,0.017405,0.001350,0.000001
2449,22,0x32D8BCE46F591A70,12,12,12,30,1,73,13,8542,0.000458,0.000404,0.000964,0.000000
2450,30,0x3DECB765A498F102,17,17,17,29,1,5687,112,12984,0.014008,0.000895,0.001469,0.000001
2451,24,0xFD42BE936C71580A,13,13,13,39,1,86,51,9446,0.000560,0.000582,0.001076,0.000001
2452,30,0x1D85EA307F62C9B4,17,17,17,39,1,20425,871,12727,0.065290,0.004811,0.001264,0.000001
2453,24,0xED6AF8B912403C57,15,15,15,39,1,20169,653,11114,0.051959,0.004000,0.001200,0.000001
2454,30,0x1C79A4DBE3052F68,17,17,17,39,1,36067,642,12916,0.123869,0.004058,0.001262,0.000001
2455,32,0x7214E3659AD8BCF0,18,18,18,40,1,152748,6138,13723,0.956658,0.037416,0.001314,0.000001
2456,30,0x2E743DC06B891AF5,16,16,16,34,1,762,498,12133,0.002235,0.002882,0.001192,0.000001
2457,26,0xC8710F9ADE5B6234,14,14,14,44,1,210,1042,10398,0.000738,0.005416,0.001095,0.000001
2458,32,0xD47E95C10AF2386B,18,18,18,38,1,131887,5177,13938,0.816867,0.026783,0.001360,0.000001
2459,36,0x01583D46E279FACB,19,19,19,45,1,31487,3766,14942,0.112680,0.022064,0.001554,0.000001
2460,40,0x89A15F72DC430BE6,21,21,21,39,1,217852,38272,16931,1.714084,0.242870,0.001718,0.000001
2461,32,0xE3921450687DBFCA,18,18,18,46,1,119446,2827,13927,0.745782,0.016623,0.001349,0.000001
2462,32,0xA1F83DEBC7609542,16,16,16,38,1,18,18,12196,0.000366,0.000411,0.001221,0.000000
2463,38,0x2D5F8306941BECA7,20,20,20,44,1,54097,2676,15773,0.271114,0.016664,0.001750,0.000001
2464,26,0x70FE4BAC538612D9,16,16,16,36,1,37891,1668,12007,0.130248,0.009260,0.001228,0.000001
2465,28,0xA6C28F07BD943E15,15,15,15,41,1,235,20,11336,0.000821,0.000430,0.001162,0.000001
2466,36,0x084DE1B5A9FC6327,20,20,20,38,1,334233,8135,15910,2.566439,0.047628,0.001504,0.000001
2467,34,0x156ED32840BFA79C,18,18,18,40,1,22080,201,14201,0.074783,0.001531,0.001335,0.000001
2468,42,0x45086C1B29E3DFA7,21,21,23,39,1,15755,10885,18363,0.043222,0.060972,0.001631,0.000001
2469,38,0x91BA8053ED6FC724,20,20,20,40,1,27995,14406,16111,0.095477,0.081626,0.001489,0.000001
2470,30,0xB1E95D78A46C23F0,16,16,16,34,1,939,168,12123,0.002853,0.001202,0.001194,0.000001
2471,36,0xB3C74156E02D9AF8,18,18,18,38,1,52,52,13946,0.000416,0.000624,0.001316,0.000001
2472,32,0x417ECB2A6F3589D0,17,17,17,37,1,8480,18,13078,0.020730,0.000420,0.001294,0.000001
2473,26,0xB8DCF1EA34265907,15,15,15,43,1,10259,490,10963,0.026779,0.002791,0.001095,0.000001
2474,38,0xE91F036B548AC72D,20,20,20,44,1,129667,1161,16034,0.835361,0.006638,0.001482,0.000001
2475,28,0x6A21FED87B4395C0,15,15,15,37,1,273,2834,11337,0.000845,0.014505,0.001158,0.000001
2476,26,0x2F5ECBA97D604138,15,15,15,35,1,5363,120,11070,0.012004,0.000932,0.001160,0.000001
2477,34,0x60EA3F19D42B8C57,18,18,18,42,1,11941,12377,14235,0.033099,0.070514,0.001361,0.000001
2478,34,0xAB423FCE18076D59,19,19,19,43,1,109850,1357,14808,0.726662,0.007593,0.001373,0.000001
2479,32,0x105B348AF267DC9E,17,17,17,43,1,5623,3842,12976,0.013546,0.019136,0.001344,0.000001
2480,28,0x5E0C26AFD4B71839,15,15,17,41,1,3313,3839,12890,0.007365,0.019552,0.001276,0.000001
2481,40,0x092851BD47EAC6F3,20,20,22,40,1,15909,12245,17255,0.044631,0.071433,0.001592,0.000001
2482,28,0x9CE680AD41F532B7,18,18,18,42,1,761603,55898,13703,5.479087,0.388105,0.001539,0.000001
2483,28,0x4E1D6B9F07385AC2,16,16,16,38,1,4157,121,12050,0.009775,0.000960,0.001213,0.000001
2484,30,0xF9AB1E827305C4D6,17,17,17,43,1,30623,786,13102,0.099131,0.005262,0.001278,0.000001
2485,32,0x4BD19E30A72F68C5,17,17,17,39,1,4991,2080,12873,0.012055,0.010935,0.001258,0.000001
2486,32,0x598C0B4E6271ADF3,17,17,17,39,1,1189,1181,13132,0.002841,0.006486,0.001283,0.000001
2487,32,0xF830BCD5491A276E,17,17,17,35,1,17351,632,12677,0.045073,0.004011,0.001264,0.000001
2488,26,0xA1582B0DF4C63E79,15,15,15,39,1,4692,223,10939,0.010547,0.001459,0.001118,0.000001
2489,32,0x10BE879D3C6AF425,18,18,18,38,1,78607,3195,14132,0.381572,0.016891,0.001359,0.000001
2490,38,0x4C28F765091ED3BA,20,20,20,42,1,33963,75,16193,0.126323,0.000821,0.001749,0.000001
2491,32,0x26BD1CFAE0389547,17,17,17,41,1,4737,5254,13201,0.012677,0.028008,0.001428,0.000001
2492,32,0x0E2685ABFC34179D,18,18,18,38,1,25964,663,14008,0.086063,0.004379,0.001351,0.000001
2493,30,0x0F4328AD76BCE195,15,15,15,35,1,437,412,11417,0.001254,0.002509,0.001242,0.000001
2494,30,0x2C435ABDE01679F8,16,16,16,34,1,1097,3883,12196,0.002652,0.020075,0.001283,0.000001
2495,38,0x671D032BA59C48EF,20,20,20,46,1,149638,8493,15985,0.948973,0.050159,0.001485,0.000001
2496,22,0xFC1E6A823750D4B9,12,12,12,38,1,129,35,8495,0.000571,0.000491,0.000989,0.000000
2497,36,0xA45B8E139072CF6D,19,19,19,39,1,22721,4466,15003,0.082346,0.023947,0.001414,0.000001
2498,32,0x40967C1D32B8AEF5,18,18,18,38,1,43138,1171,13819,0.193389,0.006695,0.001332,0.000001
2499,32,0x26187D9AC50B3F4E,17,17,19,43,1,2800,858,14989,0.006770,0.004799,0.001417,0.000001
2500,30,0x6F1E392AB5C70D48,16,16,16,36,1,1283,2263,12171,0.003393,0.011870,0.001265,0.000001
2501,24,0x8FBCAD925074316E,15,15,15,37,1,40494,3905,11378,0.124290,0.019884,0.001230,0.000001
2502,28,0x3974A1F2E8DCB056,17,17,17,41,1,109513,6003,12889,0.653597,0.032863,0.001266,0.000001
2503,32,0xBE83C264AD917F50,16,16,18,38,1,1320,1267,14082,0.003483,0.006888,0.001343,0.000001
2504,28,0x5671ADC89BF4E320,15,15,17,33,1,935,1235,12902,0.002274,0.006479,0.001247,0.000001
2505,36,0x0A1B8E765D932F4C,19,19,21,39,1,7205,13697,16521,0.017553,0.075142,0.001532,0.000001
2506,28,0xA49C1EF05283D67B,16,16,16,48,1,16317,856,12035,0.042156,0.005153,0.001205,0.000001
2507,26,0x56FA2B1974C380DE,14,14,14,38,1,436,177,10111,0.001213,0.001230,0.001061,0.000001
2508,38,0x8B0651F3E4CA297D,19,19,21,43,1,24,24,16888,0.000423,0.000459,0.001552,0.000001
2509,28,0xB5C17684D29FEA30,15,15,15,35,1,416,1851,11379,0.001189,0.009438,0.001154,0.000000
2510,32,0x7A43FE190562CB8D,17,17,17,43,1,6263,2368,13070,0.014859,0.012164,0.001343,0.000001
2511,38,0x61B97C28350A4DFE,21,21,21,39,1,999105,23851,17056,9.134079,0.163769,0.001564,0.000001
2512,32,0x39F4EDA2805761BC,16,16,16,40,1,2148,1023,12365,0.005985,0.005690,0.001223,0.000001
2513,26,0x94BAFE8C1D302657,15,15,15,37,1,8731,1580,11063,0.020115,0.008827,0.001123,0.000001
2514,26,0xB9CDF4135A6E7082,14,14,14,44,1,375,994,9902,0.001080,0.005521,0.001041,0.000001
2515,32,0x51D2C4B07A9FE683,18,18,18,42,1,36466,1054,13902,0.140432,0.006528,0.001439,0.000001
2516,28,0x9AC60B7D3E12F584,16,16,16,42,1,8927,62,11976,0.021163,0.000659,0.001196,0.000001
2517,28,0x7498F2C3EA61BD05,15,15,15,45,1,1412,151,11074,0.003602,0.001114,0.001136,0.000001
2518,28,0x5A9478ED2F6310BC,15,15,15,33,1,695,33,11136,0.001795,0.000490,0.001169,0.000001
2519,40,0xD143CBA7968205FE,20,20,20,32,1,8220,7725,15911,0.020950,0.041451,0.001519,0.000001
2520,36,0x8260E9BFA731D4C5,18,18,20,42,1,7091,8063,15594,0.018183,0.041876,0.001504,0.000001
2521,32,0x6F32E9DC80A51B74,17,17,17,39,1,7244,2939,12914,0.019918,0.015556,0.001257,0.000001
2522,20,0x2EDBF89C46071A35,10,10,10,42,1,11,11,6690,0.000345,0.000383,0.000821,0.000001
2523,38,0x76194DF3802C5EAB,20,20,20,46,1,84572,20514,15976,0.573424,0.128155,0.001502,0.000001
2524,36,0xFB0A17C5E3829D64,20,20,20,42,1,540766,14206,15853,4.413004,0.082693,0.001465,0.000001
2525,34,0xB7894FEA13260CD5,19,19,19,35,1,205257,3589,14627,1.599260,0.021115,0.001530,0.000001
2526,32,0x6934FC87A0512EDB,17,17,17,37,1,1733,8581,13304,0.005077,0.045653,0.001311,0.000001
2527,36,0xAD30BF871269C5E4,18,18,18,34,1,5965,5150,14240,0.014693,0.027972,0.001368,0.000001
2528,30,0xF7956C41D08EBA23,18,18,18,44,1,168060,6056,13939,1.034395,0.033557,0.001330,0.000001
2529,32,0xD15C76BE094A82F3,17,17,17,41,1,2357,191,13214,0.005856,0.001320,0.001364,0.000001
2530,28,0xBDA4582CF106379E,16,16,16,40,1,5801,173,12233,0.013753,0.001474,0.001440,0.000001
2531,34,0x08F69D15AB34E72C,19,19,19,37,1,164446,3397,15124,1.030957,0.019609,0.001524,0.000001
2532,28,0x5E8DF40C962A173B,16,16,16,44,1,2957,261,12058,0.007838,0.001662,0.001302,0.000001
2533,34,0x5F23BCAE940781D6,17,17,17,37,1,2996,1819,13179,0.007998,0.009971,0.001497,0.000001
2534,34,0x93E5260CA871F4DB,18,18,18,44,1,5678,16924,14069,0.014191,0.102414,0.001440,0.000001
2535,30,0x526409E8D7BC1A3F,16,16,16,38,1,1536,1269,11956,0.004146,0.006706,0.001201,0.000001
2536,34,0x16E4C20DA8937B5F,17,17,17,41,1,22,22,13113,0.000375,0.000444,0.001336,0.000000
2537,36,0xDB306FA125C748E9,19,19,19,41,1,30582,1012,14822,0.098977,0.005880,0.001478,0.000001
2538,36,0xAE6DC1B34928075F,19,19,19,39,1,61582,81,15056,0.298254,0.000844,0.001433,0.000001
2539,32,0x7C3501FAB2E864D9,17,17,17,47,1,3037,2882,12806,0.008172,0.014774,0.001275,0.000001
2540,36,0x5683D4F1A0BEC792,19,19,19,41,1,21382,2186,14933,0.071239,0.011996,0.001420,0.000001
2541,30,0xD6B31974A8FC2E50,16,16,16,34,1,735,2064,12051,0.001948,0.010942,0.001224,0.000001
2542,30,0xEB40953276C1F8AD,15,15,15,45,1,148,42,11193,0.000664,0.000555,0.001166,0.000001
2543,38,0x43EBDF6921A7805C,19,19,19,35,1,34,34,15124,0.000401,0.000509,0.001424,0.000000
2544,30,0xDE68C3450A71F29B,17,17,17,43,1,26250,1159,12847,0.084713,0.008094,0.001292,0.000001
2545,32,0x7AD5648FC2B3190E,17,17,17,37,1,4377,2709,13164,0.010641,0.014623,0.001287,0.000001
2546,30,0xF5AEC6B791D02438,18,18,18,38,1,203441,11501,13932,1.520336,0.065337,0.001408,0.000001
2547,26,0x379D5B1C0E46AF82,16,16,16,34,1,47080,1521,12018,0.204680,0.008224,0.001201,0.000001
2548,40,0xD4EB1263908AC7F5,21,21,21,41,1,347797,886,16857,2.604241,0.005812,0.001701,0.000001
2549,28,0xE4CD06A19F7B2358,15,15,15,39,1,524,453,10832,0.001561,0.002724,0.001370,0.000001
2550,36,0x4693DB25CA8F107E,18,18,18,42,1,21,19,13723,0.000576,0.000481,0.001310,0.000001
2551,30,0x2EB537186A90C4FD,16,16,16,34,1,988,50,12239,0.002501,0.000600,0.001280,0.000001
2552,40,0x2915F37DA08B64EC,20,20,22,44,1,24367,18352,17640,0.077667,0.101387,0.001619,0.000001
2553,30,0xADEF01945372BC86,15,15,15,45,1,1209,945,11298,0.003360,0.004920,0.001136,0.000001
2554,34,0x60FD72EB43A915C8,19,19,21,39,1,22505,8382,16682,0.074473,0.043761,0.001624,0.000001
2555,34,0x0F194EA2CD6837B5,18,18,20,36,1,3382,14802,15822,0.008202,0.083113,0.001463,0.000001
2556,30,0x402CBD5A96F137E8,17,17,17,35,1,40221,1922,13293,0.140085,0.010558,0.001358,0.000001
2557,32,0x02AE74BCFD158936,17,17,17,41,1,4883,1213,13062,0.011414,0.006595,0.001290,0.000001
2558,36,0x9028F615E3AD4B7C,19,19,19,47,1,40933,52,14989,0.192977,0.000651,0.001501,0.000001
2559,28,0xC748F91632B05EDA,16,16,16,46,1,17863,116,12089,0.045403,0.000979,0.001196,0.000001
2560,38,0x4D176B8029A5CEF3,19,19,19,35,1,19656,7956,15269,0.063384,0.043461,0.001460,0.000001
2561,26,0xEDB67C1A2358F049,14,14,14,38,1,691,15,10126,0.001835,0.000397,0.001061,0.000001
2562,38,0xC06273E5D819FB4A,21,21,21,43,1,561928,6161,16790,4.728129,0.034092,0.001532,0.000001
2563,28,0x71CF36E9DB5A2048,15,15,15,45,1,194,24,11286,0.000746,0.000447,0.001246,0.000001
2564,28,0x4270A69EBCD85F13,16,16,16,38,1,21018,834,12058,0.069339,0.005024,0.001202,0.000001
2565,26,0x1FD4782096CE53BA,14,14,14,38,1,539,186,10316,0.001432,0.001281,0.001080,0.000001
2566,38,0x523E61AF9840DCB7,19,19,21,45,1,46988,15426,16867,0.217277,0.084590,0.001615,0.000001
2567,30,0x06EBA982DF5134C7,16,16,16,36,1,2307,3745,12237,0.005988,0.018728,0.001207,0.000001
2568,36,0x9B41570CE628DFA3,20,20,20,40,1,427052,11868,16049,3.754948,0.071331,0.001453,0.000001
2569,28,0x7FC6324089D5BAE1,14,14,14,42,1,17,17,10146,0.000347,0.000406,0.001066,0.000000
2570,34,0x8EBA25176C0F3D49,18,18,18,40,1,9255,1876,14232,0.027620,0.010226,0.001348,0.000001
2571,26,0x3AB4D2C7F8956E10,14,14,14,36,1,263,764,10434,0.000837,0.004100,0.001149,0.000001
2572,36,0x60CDBF2351A94E87,19,19,19,37,1,64515,26,15091,0.312772,0.000563,0.001711,0.000001
2573,28,0x762FEA3950D8CB41,16,16,16,40,1,4898,110,12260,0.011839,0.000905,0.001354,0.000001
2574,34,0x2EA1645D7380BCF9,19,19,19,39,1,169810,4962,14890,1.117338,0.029083,0.001565,0.000001
2575,28,0xB67F4EA859302C1D,16,16,16,36,1,7877,275,12183,0.019052,0.001694,0.001213,0.000001
2576,40,0x172590638EF4CBAD,20,20,22,44,1,32704,23540,17663,0.120686,0.143375,0.001611,0.000001
2577,26,0x9A0BC8D6F7345E12,15,15,15,37,1,3177,2792,11355,0.007669,0.013666,0.001132,0.000001
2578,32,0xCB5D4F78026913AE,17,17,17,39,1,2923,372,13264,0.007006,0.002226,0.001336,0.000001
2579,30,0x7B30CFA4259ED618,16,16,16,38,1,2395,466,12130,0.005400,0.002789,0.001231,0.000001
2580,34,0x16A8B35E042FD7C9,18,18,18,42,1,7807,10569,14037,0.019127,0.057417,0.001411,0.000001
2581,30,0x04D869537FE1A2BC,16,16,16,38,1,1506,996,12221,0.003894,0.005700,0.001222,0.000001
2582,20,0xDCFE6B1A47593028,11,11,11,41,1,43,158,7474,0.000418,0.001163,0.000873,0.000001
2583,30,0x2B9E345D7A68C0F1,16,16,16,36,1,740,1065,12222,0.002103,0.005919,0.001215,0.000001
2584,28,0x13A89FD0576E2B4C,17,17,17,39,1,100355,6650,12866,0.572879,0.035027,0.001363,0.000001
2585,38,0xD06E58A1F923C47B,20,20,20,42,1,112663,21,15856,0.730069,0.000594,0.001670,0.000001
2586,30,0xFB045A71836CD29E,16,16,16,42,1,2201,4380,12294,0.006798,0.024515,0.001437,0.000001
2587,36,0x937182E6D0ACB5F4,19,19,19,39,1,5611,10501,15095,0.013889,0.058507,0.001417,0.000001
2588,34,0x436EF9A15C8B027D,17,17,19,37,1,5098,7425,15027,0.012125,0.039331,0.001432,0.000001
2589,34,0xC1AD8F05E297463B,18,18,18,40,1,9413,2705,13897,0.025045,0.014096,0.001325,0.000001
2590,34,0xB795468302F1CADE,17,17,17,37,1,19,19,13090,0.000383,0.000430,0.001288,0.000001
2591,28,0xFEC74190DAB58326,16,16,16,46,1,10046,353,12317,0.027986,0.002360,0.001705,0.000001
2592,28,0x0E926A1DC45873BF,14,14,14,38,1,440,308,10554,0.001279,0.001939,0.001075,0.000001
2593,32,0xCF328DEA17950B46,17,17,17,37,1,3056,3875,13215,0.007372,0.020305,0.001341,0.000001
2594,32,0xC0AFB678D9E52143,17,17,17,41,1,7067,3053,13106,0.017140,0.016080,0.001262,0.000001
2595,32,0x324ADE8B91560FC7,18,18,18,34,1,45435,1352,13840,0.205657,0.007692,0.001336,0.000001
2596,36,0x91687BF3AD0C24E5,18,18,18,40,1,715,249,14177,0.001902,0.001602,0.001353,0.000001
2597,30,0xD7A3E21B045C6F89,16,16,16,44,1,1750,17,11989,0.004104,0.000423,0.001208,0.000001
2598,22,0xEDFAB1506C943872,13,13,13,43,1,1059,49,9420,0.002497,0.000572,0.001026,0.000001
2599,30,0xBD5E063C12794FA8,16,16,16,40,1,1126,4700,12077,0.002634,0.024461,0.001229,0.000001
2600,24,0xDE7923F8A0C4561B,12,12,12,44,1,13,13,8519,0.000361,0.000401,0.000945,0.000001
2601,30,0x32C7E158D4BFA609,15,15,15,45,1,760,516,11221,0.002025,0.002883,0.001159,0.000001
2602,36,0x814E07F3D69AB52C,19,19,19,43,1,23582,1194,14912,0.080899,0.007780,0.001562,0.000001
2603,28,0xC865BEA91DF02743,15,15,15,31,1,1199,135,11190,0.003417,0.001049,0.001248,0.000001
2604,34,0xB8076D49CA2F3E51,17,17,19,41,1,8588,6374,14622,0.022162,0.034346,0.001393,0.000001
2605,30,0xF03A5CE9471D68B2,17,17,17,39,1,25558,417,12936,0.083857,0.002750,0.001251,0.000001
2606,38,0x847D05F6CB2A1E93,19,19,19,43,1,1659,880,14997,0.004159,0.004941,0.001464,0.000001
2607,24,0x6E1034987BFDCA52,13,13,13,35,1,88,103,9426,0.000643,0.000970,0.001064,0.000001
2608,32,0xB1053E2F67D8CA49,16,16,18,46,1,535,535,13870,0.001378,0.003010,0.001311,0.000001
2609,40,0x923571F68C0BE4DA,20,20,22,42,1,4990,3961,17812,0.011549,0.020022,0.001630,0.000001
2610,30,0x90CFB13AD7248E65,16,16,16,44,1,1541,1024,12286,0.003695,0.005529,0.001369,0.000001
2611,40,0x07432D6C5AE891FB,21,21,21,39,1,271468,5428,16840,2.098234,0.034442,0.001554,0.000001
2612,34,0xE167CD403852BAF9,18,18,18,40,1,4647,11950,14165,0.011079,0.065961,0.001350,0.000001
2613,34,0xEB2AFDC569734081,17,17,17,39,1,2225,2000,13289,0.005674,0.010817,0.001286,0.000001
2614,22,0x3ED5B6AC47F18092,14,14,14,36,1,4592,235,10178,0.009707,0.001430,0.001065,0.000001
2615,36,0x60984DEBF5A13C27,19,19,19,39,1,49591,233,14995,0.243099,0.001673,0.001524,0.000001
2616,30,0x754C160D92F8AB3E,16,16,16,46,1,1012,437,11738,0.003236,0.002531,0.001598,0.000001
2617,24,0xF69EC08A431D275B,13,13,13,45,1,101,22,9164,0.000567,0.000434,0.001065,0.000000
2618,30,0xC4517AF9B8D3E062,18,18,18,34,1,164207,7989,13639,1.013195,0.043212,0.001345,0.000001
2619,28,0x6A8D42095E3F1B7C,15,15,15,43,1,339,16,10949,0.001109,0.000407,0.001121,0.000001
2620,32,0x673E4201DFCB9A58,16,16,16,46,1,385,204,12185,0.001442,0.001379,0.001218,0.000001
2621,34,0xE37CB96D851240AF,17,17,17,37,1,100,82,13253,0.000531,0.000839,0.001332,0.000001
2622,36,0x07F38AD5412C9BE6,19,19,19,37,1,9126,4010,15089,0.025449,0.020984,0.001415,0.000001
2623,28,0x9815FD6A4E7B32C0,14,14,14,36,1,470,468,10405,0.001283,0.002631,0.001084,0.000001
2624,36,0x4DA1839560EB7F2C,18,18,20,36,1,8804,10712,15936,0.021643,0.059527,0.001501,0.000001
2625,36,0x2537C0B91EF64DA8,18,18,18,42,1,8881,8022,14040,0.023538,0.043824,0.001518,0.000001
2626,34,0x9A826BE30F751DC4,17,17,17,35,1,53,53,13216,0.000483,0.000654,0.001323,0.000001
2627,30,0x04EC3A518F76D9B2,15,15,15,39,1,16,16,11258,0.000352,0.000446,0.001221,0.000001
2628,32,0xBC76E02F13854A9D,18,18,18,42,1,78821,1935,13841,0.403907,0.011827,0.001442,0.000001
2629,28,0x59F8B6A2E471C0D3,15,15,15,37,1,127,416,11309,0.000626,0.002628,0.001237,0.000001
2630,30,0x95CE4F3A726B80D1,16,16,16,40,1,1569,47,12258,0.004941,0.000573,0.001341,0.000001
2631,26,0x4ED93AB7F8260C15,14,14,14,32,1,101,256,10565,0.000540,0.001641,0.001158,0.000000
2632,34,0x28065A491E3CDB7F,18,18,18,36,1,5879,10453,13777,0.016288,0.056578,0.001338,0.000001
2633,26,0x2FCE7BA9D8364510,15,15,15,35,1,8738,196,11373,0.020757,0.001346,0.001166,0.000001
2634,34,0x18D3075E6FBC24A9,19,19,19,41,1,163970,4338,14977,1.074832,0.026068,0.001422,0.000001
2635,26,0x4E57FA3CB9D10268,15,15,15,41,1,2493,52,11317,0.005817,0.000580,0.001163,0.000001
2636,34,0x307D5FAEB9C82146,18,18,18,44,1,4228,2400,13941,0.009782,0.012421,0.001335,0.000001
2637,34,0x654BCE9FA2178D03,19,19,19,37,1,133860,3454,15130,0.844168,0.021219,0.001571,0.000001
2638,28,0x3FCA960ED87B2514,17,17,17,41,1,114712,3558,13054,0.689708,0.020928,0.001289,0.000001
2639,34,0xA69C37158B2D0F4E,18,18,18,42,1,9657,2805,14129,0.026548,0.015363,0.001381,0.000001
2640,26,0xFC96DB043817AE25,16,16,16,40,1,34717,1265,12073,0.117410,0.006973,0.001210,0.000001
2641,36,0xE79B1365CFA2D840,18,18,18,40,1,139,135,14103,0.000601,0.000993,0.001340,0.000001
2642,24,0xCED0FB15A6837249,14,14,14,46,1,3739,193,10383,0.008357,0.001286,0.001077,0.000001
2643,26,0xF1746E9C2A083B5D,15,15,15,39,1,4860,177,11235,0.010755,0.001243,0.001142,0.000000
2644,32,0xAC059DB314F826E7,17,17,17,37,1,1141,14075,13172,0.002731,0.074314,0.001288,0.000001
2645,30,0x37FA95604ED2BC81,16,16,16,38,1,499,233,12138,0.001618,0.001576,0.001205,0.000000
2646,30,0x4928DFA07B1E3C56,15,15,15,41,1,300,300,11219,0.000897,0.001771,0.001122,0.000000
2647,28,0x5A04B2DF986E317C,16,16,16,44,1,6326,2046,12358,0.015192,0.010188,0.001217,0.000001
2648,38,0x81073F4DE5CB92A6,19,19,21,43,1,34,34,17003,0.000388,0.000493,0.001548,0.000001
2649,36,0xC40A2E759136B8FD,20,20,20,44,1,329106,5473,15818,2.503143,0.032142,0.001474,0.000001
2650,36,0xC05F4E37A8B6D192,18,18,18,44,1,1129,975,13870,0.003234,0.005460,0.001323,0.000001
2651,36,0xD398047BE526A1CF,19,19,19,45,1,54225,801,14644,0.282708,0.005807,0.001403,0.000001
2652,38,0x910864AF5E32BDC7,19,19,19,49,1,512,542,15107,0.001399,0.003003,0.001409,0.000001
2653,30,0x5DEF627CBA049183,17,17,17,47,1,36113,630,13104,0.119142,0.004057,0.001320,0.000001
2654,34,0xC3DA745018E296FB,19,19,19,41,1,225297,8047,15015,1.723354,0.045485,0.001531,0.000001
2655,34,0x86CA320419EFD75B,18,18,18,42,1,3599,22,14040,0.009095,0.000442,0.001354,0.000001
2656,28,0x34E6BCA57019D2F8,16,16,16,30,1,10614,438,12158,0.028469,0.002766,0.001209,0.000001
2657,30,0x2DB830FEC4197A65,16,16,16,42,1,2568,385,12054,0.006166,0.002335,0.001224,0.000001
2658,34,0xB5E16D3947C2A80F,19,19,19,39,1,142287,2296,15052,0.921293,0.014157,0.001602,0.000001
2659,32,0x4613BD9750CA2EF8,16,16,18,34,1,2734,1493,14211,0.007829,0.009683,0.001727,0.000001
2660,40,0xC0B129A5483D6FE7,21,21,21,35,1,143587,38111,16674,1.002673,0.260641,0.001576,0.000001
2661,28,0x0758A24FDE369B1C,16,16,16,42,1,11444,462,12037,0.030085,0.002813,0.001203,0.000001
2662,34,0x96FEC135072AB48D,18,18,18,46,1,13679,6482,14183,0.037869,0.034780,0.001400,0.000001
2663,36,0xD207B6C5A1EF9483,18,18,18,40,1,828,712,14034,0.002232,0.004228,0.001357,0.000001
2664,36,0x17C35F4E2806DA9B,21,21,21,45,1,4069863,159433,16848,37.618659,1.499980,0.001834,0.000001
2665,28,0x81EDB60C579FA324,16,16,16,34,1,4545,268,12222,0.012534,0.001661,0.001331,0.000001
2666,36,0x45A9BF2C8D631E07,18,18,18,36,1,1068,1056,13955,0.002965,0.006303,0.001440,0.000000
2667,32,0x412B78CADEF60359,17,17,17,35,1,6240,402,13138,0.015306,0.002541,0.001279,0.000001
2668,34,0x17B4A0536CED298F,17,17,17,37,1,844,790,13183,0.002146,0.004540,0.001413,0.000001
2669,28,0x71EDA028FB6C5439,15,15,15,43,1,127,94,11043,0.000575,0.000828,0.001134,0.000001
2670,32,0x1B045A28F39E6C7D,18,18,18,40,1,46925,1429,14141,0.216969,0.008615,0.001372,0.000001
2671,26,0xCEDFA2036B817495,16,16,16,48,1,54055,3339,12223,0.237671,0.017439,0.001519,0.000001
2672,38,0xCF3D406B258971AE,20,20,20,40,1,141730,866,16025,0.897208,0.005702,0.001703,0.000001
2673,30,0xC0F179A84EBD3562,16,16,16,34,1,564,3512,12220,0.001647,0.019556,0.001244,0.000001
2674,28,0xF9D0AB52317648EC,16,16,16,34,1,11731,538,11853,0.031302,0.003236,0.001237,0.000001
2675,28,0xE86A7FBD5031429C,15,15,15,39,1,180,133,11027,0.000683,0.000988,0.001134,0.000001
2676,36,0x83CB054DF2196E7A,19,19,19,45,1,20290,7011,14938,0.065177,0.037895,0.001439,0.000001
2677,32,0xF8CBE5029A73164D,17,17,17,39,1,5677,1997,13211,0.013766,0.011039,0.001305,0.000001
2678,34,0x67F9E8104BA35D2C,17,17,17,39,1,2560,654,13125,0.006141,0.003834,0.001335,0.000001
2679,30,0xDFE57804B2A36C19,15,15,15,39,1,426,197,11272,0.001197,0.001339,0.001199,0.000001
2680,30,0x8B792315FCD0A6E4,16,16,16,36,1,925,1132,11833,0.002230,0.006070,0.001199,0.000001
2681,32,0x9168AE540DC7B2F3,17,17,17,35,1,3522,20,13137,0.008238,0.000449,0.001336,0.000001
2682,30,0xBCA90378462FDE15,15,15,15,39,1,19,19,11367,0.000355,0.000428,0.001292,0.000001
2683,34,0x4DB15A62C79FE038,18,18,18,36,1,16026,5389,13928,0.043320,0.028563,0.001395,0.000001
2684,34,0x173280D5AEC69FB4,19,19,19,41,1,88442,1569,15024,0.566865,0.010620,0.001523,0.000001
2685,26,0x067CB39A4D1E528F,15,15,15,39,1,4910,274,11137,0.011660,0.001703,0.001133,0.000001
2686,38,0xC06BD17EF329845A,19,19,19,45,1,46,40,14926,0.000442,0.000559,0.001401,0.000001
2687,40,0x8D359460E7A2C1FB,21,21,21,41,1,236745,34,16986,1.867349,0.000582,0.001820,0.000001
2688,32,0x6C07D59E43F2A8B1,18,18,18,44,1,30887,423,13874,0.108267,0.002560,0.001337,0.000001
2689,36,0xB2F1C46D05387AE9,18,18,18,38,1,19,19,14216,0.000364,0.000471,0.001362,0.000001
2690,38,0x504F9DB7A861C32E,19,19,19,37,1,609,444,14887,0.002009,0.002511,0.001469,0.000001
2691,28,0xB60D4ACE197F3852,15,15,15,43,1,525,462,11124,0.001352,0.002678,0.001126,0.000001
2692,32,0xE916ACF28D7350B4,17,17,17,39,1,6604,5337,13087,0.017720,0.029993,0.001256,0.000001
2693,30,0x145EF3967BA0D82C,17,17,17,41,1,38378,1342,12756,0.131818,0.008202,0.001736,0.000001
2694,40,0x4B71C5A839602DEF,21,21,21,33,1,194958,448,16963,1.605283,0.002983,0.001782,0.000001
2695,28,0xF85213BCE0DA4679,16,16,16,44,1,14246,790,11968,0.039831,0.004987,0.001228,0.000001
2696,32,0xA957FC3B86ED4102,18,18,18,40,1,144287,5680,13951,0.891672,0.033412,0.001441,0.000001
2697,38,0xD345967C08AF21EB,20,20,20,36,1,166792,3058,15649,1.109972,0.017837,0.001608,0.000001
2698,38,0x78B2FDE4A039C165,19,19,19,39,1,25,25,14964,0.000386,0.000474,0.001568,0.000001
2699,24,0x56F8ABC2D731E094,13,13,13,35,1,89,54,9196,0.000537,0.000613,0.001265,0.000001
2700,26,0x9BCFE82170543D6A,15,15,15,39,1,10089,481,11293,0.027668,0.002940,0.001128,0.000001
2701,38,0x92A3E0C5178D64BF,20,20,20,44,1,74385,8629,15882,0.369654,0.051671,0.001511,0.000001
2702,34,0x34EB6197F0DA58C2,18,18,18,38,1,6164,931,14059,0.015295,0.005191,0.001366,0.000001
2703,34,0x147896E5BA2F3C0D,18,18,18,38,1,25190,19,14031,0.081023,0.000475,0.001378,0.000001
2704,34,0x9467582DCAB1FE30,17,17,17,33,1,271,248,13256,0.000972,0.001551,0.001354,0.000000
2705,32,0x2A7453901BC8DEF6,17,17,17,31,1,5290,3759,13236,0.012658,0.019845,0.001291,0.000001
2706,40,0x276D03FECBA94185,21,21,21,47,1,176134,132,16888,1.409993,0.001120,0.001743,0.000001
2707,40,0x0BF6DCE51A834927,20,20,20,40,1,36,36,16001,0.000456,0.000566,0.001626,0.000001
2708,28,0x17B0FA3C625E498D,14,14,14,46,1,47,39,10370,0.000432,0.000531,0.001270,0.000001
2709,36,0x1E4B0C27D3689AF5,18,18,18,42,1,3630,4745,14352,0.011005,0.026033,0.001493,0.000001
2710,32,0x51BEF4AD698C3027,17,17,17,43,1,6621,34,13244,0.017255,0.000512,0.001293,0.000001
2711,34,0xA16D374BCF590E28,19,19,19,39,1,169354,4510,15102,1.104024,0.027310,0.001589,0.000001
2712,32,0x39D2F7EB861C45A0,17,17,17,39,1,4827,7661,13233,0.012656,0.041438,0.001316,0.000001
2713,34,0x5D6791BA283FEC40,18,18,18,36,1,30739,3247,14058,0.099237,0.017911,0.001365,0.000001
2714,24,0xF7C5AE8B4319620D,13,13,13,37,1,165,144,9434,0.000673,0.001040,0.001009,0.000001
2715,30,0xD17CE6495AFB2803,16,16,16,38,1,1683,74,11936,0.003925,0.000726,0.001195,0.000001
2716,34,0x70A6D458C3E12BF9,19,19,19,39,1,193765,5754,14764,1.498390,0.034552,0.001402,0.000001
2717,30,0x92E7A0F356B4DC81,16,16,16,40,1,1425,850,12068,0.003630,0.004686,0.001196,0.000001
2718,28,0xF63BA2198C7DE405,15,15,17,39,1,1497,209,13104,0.003575,0.001382,0.001263,0.000001
2719,24,0xF9DB184067C53EA2,13,13,13,39,1,663,498,9366,0.001687,0.002882,0.001002,0.000001
2720,28,0x7B38EA4D5C920F16,15,15,15,33,1,527,216,11075,0.001354,0.001405,0.001125,0.000001
2721,36,0x45D2190BCA67E8F3,19,19,21,41,1,19684,4184,16804,0.063018,0.022414,0.001775,0.000001
2722,36,0x9C258D6E0437FBA1,19,19,19,37,1,29588,4287,15068,0.092952,0.022780,0.001535,0.000001
2723,40,0x3C26A15749B08EDF,20,20,22,42,1,2420,1981,17688,0.005658,0.010788,0.001630,0.000001
2724,30,0x3DAFE987C60425B1,15,15,15,39,1,46,28,11357,0.000463,0.000519,0.001189,0.000000
2725,38,0x17034E6ADFB892C5,21,21,21,41,1,3964587,101048,17038,37.537958,1.011640,0.001628,0.000001
2726,32,0x6D75E0381C29BF4A,18,18,18,42,1,31031,440,14093,0.106049,0.002793,0.001364,0.000001
2727,30,0x982E4AFC1D357B06,16,16,18,38,1,5941,633,13508,0.014228,0.003288,0.001327,0.000001
2728,32,0xCE63B824D10F9A57,16,16,16,42,1,46,69,12403,0.000428,0.000699,0.001233,0.000001
2729,38,0x35079EA461B28DFC,20,20,20,42,1,34187,20355,15841,0.119903,0.162984,0.001503,0.000001
2730,34,0x21760D8C4B5F9E3A,18,18,18,44,1,9430,920,14284,0.026829,0.005128,0.001459,0.000001
2731,30,0xD0E57B86143F2C9A,18,18,18,42,1,233016,5116,14082,1.705799,0.029212,0.001352,0.000001
2732,32,0xB2DA6741CE308F59,17,17,17,35,1,9068,1393,12891,0.022145,0.007417,0.001401,0.000001
2733,32,0x6389D5EF42C7AB10,17,17,17,41,1,11928,338,13351,0.031767,0.002288,0.001269,0.000001
2734,40,0x0197F32CB8A654ED,21,21,21,43,1,290461,6091,17180,2.255873,0.036656,0.001559,0.000001
2735,30,0xBF169587C4A23ED0,15,15,15,41,1,171,171,11249,0.000681,0.001205,0.001152,0.000001
2736,32,0xDA13F429B70CE568,17,17,17,45,1,1450,2113,13012,0.003742,0.011012,0.001275,0.000001
2737,34,0x857BC9EA1D6F2304,19,19,19,33,1,539744,19888,15120,4.350029,0.157797,0.002117,0.000001
2738,34,0x4ACB6813D972E0F5,18,18,18,34,1,5345,199,13798,0.017271,0.001717,0.001791,0.000001
2739,28,0xD35C19B0E6A8427F,16,16,16,36,1,11633,379,12369,0.043805,0.002780,0.001212,0.000001
2740,32,0x375068BDEF2A94C1,16,16,16,38,1,1457,1373,12176,0.003894,0.006988,0.001372,0.000001
2741,28,0xDBA6708C43951EF2,15,15,15,37,1,367,214,10944,0.001368,0.001407,0.001354,0.000001
2742,34,0xD9046B5FE2A3178C,18,18,18,38,1,7235,460,14081,0.022526,0.003701,0.001828,0.000001
2743,28,0xFC9ED53B14A62087,15,15,15,43,1,927,16,11129,0.003249,0.000486,0.001496,0.000001
2744,32,0xED02B53AC184769F,17,17,17,41,1,1238,6983,13190,0.004152,0.048103,0.001749,0.000001
2745,30,0x56F7A4903DEB218C,16,16,16,40,1,1443,7392,12203,0.004992,0.049200,0.001804,0.000001
2746,38,0x47836C59BE2AD10F,20,20,20,34,1,56892,325,15931,0.369025,0.002803,0.001878,0.000001
2747,28,0x57DC021AFBE34689,15,15,15,45,1,323,276,11315,0.001288,0.002248,0.001491,0.000001
2748,34,0x09A8B31E654DCF27,18,18,18,40,1,6545,1598,13938,0.019673,0.011658,0.001725,0.000001
2749,26,0x7A95D28EF0CB3164,14,14,14,40,1,98,141,10672,0.000627,0.001318,0.001307,0.000001
2750,32,0xB70A63ED41F52C98,17,17,17,43,1,4266,6338,13141,0.013194,0.044123,0.001650,0.000001
2751,30,0xAED5C8439B6170F2,17,17,17,33,1,23007,905,13228,0.097279,0.007235,0.001744,0.000001
2752,34,0x8540BD32EA16C79F,17,17,17,43,1,2037,993,13154,0.006419,0.007065,0.001591,0.000001
2753,34,0x2CF94587E60D13AB,17,17,17,41,1,2246,2804,13264,0.007023,0.020621,0.001849,0.000001
2754,38,0xE8B215763F9ACD40,19,19,19,35,1,14608,14123,15212,0.083980,0.129761,0.001850,0.000001
2755,34,0x1EFCD706582B94A3,17,17,17,45,1,62,62,13213,0.000541,0.000740,0.001647,0.000001
2756,36,0x127AF6E5980CD43B,19,19,19,43,1,35200,14909,15083,0.174523,0.113915,0.002241,0.000001
2757,28,0xF4ED3B2C9A086157,14,14,14,46,1,15,15,10336,0.000425,0.000482,0.001573,0.000001
2758,30,0x3DE1F05CB946827A,17,17,17,49,1,27147,1068,12997,0.118082,0.008004,0.001689,0.000001
2759,30,0x6CB07A93D421E85F,16,16,16,38,1,1512,667,12303,0.005022,0.004826,0.001541,0.000001
2760,28,0x895AC2FBD76E0314,15,15,15,41,1,555,16,11065,0.003558,0.000426,0.001964,0.000001
2761,42,0x81A3D946CB0E275F,22,22,22,40,1,1477158,4446,17620,14.040854,0.028819,0.001792,0.000001
2762,36,0x52F368A7CB1E09D4,19,19,19,35,1,23147,20,15087,0.088879,0.000443,0.001388,0.000001
2763,30,0x64F7BD53AE01C298,17,17,17,37,1,20577,696,13156,0.066472,0.004383,0.001328,0.000001
2764,30,0x6C54FA073918DB2E,16,16,16,40,1,786,624,12312,0.002112,0.003668,0.001211,0.000001
2765,32,0xF975163CADBE4082,17,17,17,43,1,3871,4200,13207,0.009410,0.023272,0.001300,0.000001
2766,30,0x76A12EDC8590B4F3,15,15,15,41,1,44,36,11167,0.000418,0.000520,0.001149,0.000001
2767,34,0xECD21768AF09453B,18,18,18,40,1,15256,37,14136,0.043421,0.000529,0.001379,0.000001
2768,38,0xE20614CD79F385AB,20,20,22,48,1,78820,10971,17842,0.431225,0.079919,0.001705,0.000001
2769,30,0xAD86F3CE270914B5,16,16,16,42,1,1410,137,11987,0.004263,0.001053,0.001254,0.000001
2770,34,0x09B236CEFD7581A4,18,18,18,42,1,9121,27,14116,0.035396,0.000506,0.001442,0.000001
2771,32,0x9D7C563084E1BF2A,18,18,18,42,1,69206,1865,14104,0.443382,0.011670,0.001459,0.000001
2772,32,0x9AC73B810D4F256E,19,19,19,37,1,901563,36724,15076,7.900796,0.228082,0.001446,0.000001
2773,38,0x06E7423B9A15C8DF,19,19,21,43,1,152,208,16708,0.000674,0.001376,0.001521,0.000001
2774,28,0x7AFECD309681425B,15,15,15,41,1,1717,16,11257,0.004354,0.000406,0.001160,0.000001
2775,38,0x28A5C9D1306B4EF7,19,19,21,35,1,18375,20887,16781,0.049993,0.123719,0.001576,0.000001
2776,30,0x731A8DB9F2E0C456,16,16,16,40,1,1299,308,11702,0.003636,0.001924,0.001249,0.000000
2777,32,0x6325E08DF4C9B7A1,18,18,18,46,1,61928,1299,13687,0.296210,0.008262,0.001436,0.000001
2778,28,0x70F5DE2138C49AB6,17,17,17,43,1,86721,4214,13182,0.414409,0.022982,0.001406,0.000001
2779,30,0x9FC63B74D80E15A2,17,17,17,41,1,11420,166,13088,0.030218,0.001247,0.001261,0.000001
2780,42,0x0B4316EFAD598C27,22,22,22,42,1,1169260,3628,18015,10.422875,0.022967,0.001609,0.000001
2781,36,0xE4FD63A5019B8C72,20,20,20,34,1,434540,7521,16139,3.745796,0.044832,0.001503,0.000001
2782,44,0x95216F7E80BDC4A3,22,22,24,42,1,1120,827,19344,0.002934,0.004585,0.001714,0.000001
2783,36,0x671825ACD9E04BF3,18,18,20,38,1,391,259,15655,0.001112,0.001582,0.001450,0.000001
2784,28,0xB78D5209EF4A613C,15,15,15,43,1,717,32,10939,0.001838,0.000484,0.001203,0.000001
2785,32,0x0C2937D15EA46FB8,17,17,17,41,1,4296,27,13097,0.010139,0.000474,0.001277,0.000000
2786,38,0x1F724D5B96A3CE08,19,19,19,35,1,4393,1428,15393,0.010780,0.007993,0.001437,0.000001
2787,32,0x6E9284C0A7BF1D53,18,18,18,36,1,35213,832,13992,0.122997,0.005487,0.001345,0.000001
2788,34,0xB1264EDAC097F835,17,17,17,35,1,50,50,13182,0.000494,0.000589,0.001274,0.000001
2789,32,0xF80436275AE19BDC,17,17,17,45,1,7932,2459,13298,0.019843,0.013039,0.001291,0.000001
2790,30,0x589F6BE4C1D02A73,17,17,17,37,1,11676,286,12930,0.031588,0.001920,0.001285,0.000001
2791,30,0xCBADF0E193842657,16,16,16,48,1,1109,251,11873,0.002908,0.001547,0.001192,0.000001
2792,36,0x823705EBDA9C16F4,20,20,20,38,1,1436552,45446,15862,12.066574,0.354252,0.002077,0.000001
2793,30,0x0713DAF5E49C26B8,17,17,17,39,1,45469,1346,12874,0.341953,0.007902,0.001432,0.000001
2794,28,0xF51EA7D94BC80362,16,16,16,38,1,14753,390,11893,0.046809,0.002694,0.001197,0.000001
2795,34,0x2730FE8BA154CD69,17,17,19,41,1,38,38,15100,0.000396,0.000536,0.001409,0.000001
2796,30,0xEC36798BAF2401D5,16,16,16,36,1,873,393,11904,0.002366,0.002290,0.001288,0.000001
2797,36,0x751B9E40DA83C62F,18,18,18,42,1,3745,938,13978,0.008779,0.005213,0.001395,0.000001
2798,42,0xD80765C34B29F1AE,22,22,22,42,1,869237,189,18082,8.365144,0.001962,0.001840,0.000001
2799,34,0x6CBE502971A84F3D,18,18,20,40,1,2222,20508,15971,0.006508,0.122410,0.001552,0.000001
2800,36,0x508C4627D3F1EAB9,19,19,19,39,1,13137,7349,14866,0.036689,0.040622,0.001403,0.000001
2801,34,0x2EAD5B60CF194873,17,17,19,37,1,344,315,15138,0.001072,0.002042,0.001417,0.000001
2802,34,0x81032BFCAED56974,18,18,18,44,1,12641,4690,14082,0.035187,0.025618,0.001354,0.000001
2803,36,0x546980EFDCA2B137,19,19,19,47,1,38040,21967,14848,0.129186,0.134592,0.001748,0.000001
2804,38,0x0B4685F73ECA9D21,19,19,21,31,1,53,53,16825,0.000679,0.000846,0.001895,0.000001
2805,32,0xE150DC46F7A8923B,17,17,19,39,1,4403,6997,14933,0.017993,0.039898,0.001424,0.000001
2806,34,0x302DA5C176BF4E89,20,20,20,42,1,1809344,93436,15868,16.893664,0.904550,0.001670,0.000001
2807,34,0x6D17AF43B08E2C59,17,17,17,41,1,485,469,13175,0.002190,0.002737,0.001440,0.000001
2808,30,0xB25608D7EF1AC394,16,16,16,40,1,954,280,12199,0.002841,0.001824,0.001349,0.000001
2809,30,0x60BD5AF91C8237E4,16,16,16,38,1,818,771,12331,0.002393,0.004604,0.001366,0.000001
2810,36,0x40FA27DC839B1E65,19,19,19,37,1,64114,2071,14821,0.311306,0.012497,0.001519,0.000001
2811,24,0xF8CE91706D53B24A,14,14,14,46,1,1943,84,10341,0.005096,0.000790,0.001175,0.000001
2812,38,0xA5F362C40971BDE8,19,19,19,39,1,2057,2150,14937,0.005564,0.012086,0.001410,0.000001
2813,30,0xD0865B197C4AE32F,16,16,16,34,1,1580,1015,12266,0.003760,0.005341,0.001217,0.000001
2814,26,0x64EF5AD812B037C9,14,14,14,40,1,272,47,10251,0.000845,0.000565,0.001080,0.000001
2815,36,0xC5B962EF48AD0731,18,18,18,40,1,187,117,13926,0.000697,0.000930,0.001328,0.000001
2816,34,0xF1A50B4E7629DC83,17,17,19,39,1,70,66,14896,0.000467,0.000665,0.001383,0.000001
2817,32,0x5C6148AB92D07E3F,17,17,17,33,1,8339,405,12875,0.020265,0.002474,0.001274,0.000001
2818,38,0x0D6B3FAE2198C457,20,20,20,46,1,121040,16962,15940,0.776311,0.093513,0.001518,0.000001
2819,34,0xAB83F657C0E49D12,19,19,19,41,1,213091,8607,14946,1.641754,0.050967,0.001388,0.000001
2820,26,0xBD74AE209C5F6138,15,15,15,41,1,2556,80,11223,0.005995,0.000785,0.001308,0.000004
2821,30,0x13DF50A86E2497CB,17,17,17,47,1,16793,465,13240,0.045034,0.002976,0.001300,0.000001
2822,34,0x4FB017935CEA6D28,18,18,20,36,1,3727,3607,15806,0.009097,0.018878,0.001494,0.000001
2823,38,0x80176C235EDAF94B,20,20,20,40,1,98143,11073,15755,0.638291,0.065902,0.001482,0.000001
2824,26,0xD28EF1936CB4A570,14,14,14,46,1,365,1646,10484,0.001230,0.008730,0.001092,0.000001
2825,32,0xDC62931804AF75BE,16,16,16,44,1,17,17,12240,0.000351,0.000445,0.001216,0.000001
2826,32,0x24BE8A0D1CF36975,17,17,17,37,1,2283,114,12960,0.005179,0.000911,0.001274,0.000001
2827,32,0xD3B5F69748EAC012,16,16,16,36,1,35,35,12117,0.000389,0.000499,0.001200,0.000000
2828,28,0x9734CADB12508EF6,15,15,15,35,1,611,17,11245,0.001503,0.000407,0.001155,0.000001
2829,36,0x3C6B705F2894A1ED,20,20,20,42,1,487215,12032,15891,4.127546,0.070498,0.001483,0.000001
2830,26,0xAE0D1852BCF67439,15,15,15,39,1,4177,149,11169,0.009595,0.001126,0.001140,0.000001
2831,30,0x7685B03EAD9F214C,15,15,15,45,1,16,16,11208,0.000360,0.000416,0.001136,0.000004
2832,30,0x35EDF876B0C94A12,16,16,16,40,1,408,577,11797,0.001167,0.003153,0.001181,0.000001
2833,40,0xF3072165BDACE984,20,20,22,42,1,12024,11208,17889,0.033394,0.061935,0.002398,0.000001
2834,40,0x9082C3B51EA64D7F,20,20,20,36,1,25,25,15943,0.000447,0.000482,0.001493,0.000001
2835,32,0x91A8624CF0E57B3D,17,17,17,39,1,1615,19,12950,0.004363,0.000413,0.001345,0.000001
2836,26,0xE3D05AC178F9B642,15,15,15,31,1,5200,172,11274,0.012058,0.001279,0.001211,0.000001
2837,34,0x63A425E91CDF0B78,19,19,19,43,1,267906,5983,15113,1.953634,0.035265,0.001402,0.000001
2838,36,0xD9538647A2C1BF0E,18,18,20,36,1,2808,2116,16068,0.006855,0.011190,0.001480,0.000001
2839,28,0x9E1D4B3CA8657F02,16,16,16,34,1,9266,217,12339,0.021887,0.001472,0.001232,0.000001
2840,28,0x9AF0B23785ECD614,16,16,16,40,1,7212,205,12043,0.016934,0.001369,0.001222,0.000001
2841,40,0xF146CE9785230DAB,21,21,21,37,1,237621,11173,16895,1.845291,0.068458,0.001527,0.000001
2842,32,0x2E604C9D8F57B1A3,16,16,16,38,1,540,370,12305,0.001824,0.002237,0.001209,0.000001
2843,36,0x7143BD290F5EC8A6,18,18,20,38,1,991,912,15850,0.002647,0.005024,0.001470,0.000001
2844,32,0xDA04732EF56B819C,16,16,16,42,1,289,497,12408,0.000940,0.002805,0.001217,0.000001
2845,32,0x4A6C1250BDFE8937,18,18,18,36,1,64426,1214,14207,0.299414,0.007569,0.002353,0.000001
2846,30,0xD2367FECB914085A,17,17,17,41,1,15943,264,13059,0.045214,0.001785,0.001300,0.000001
2847,30,0x89C4AF61DE5B2037,17,17,17,39,1,25873,748,13115,0.085054,0.004653,0.001276,0.000001
2848,36,0x4913D8B72AFE506C,19,19,19,39,1,40490,174,15106,0.180864,0.001612,0.001424,0.000001
2849,32,0xC76AD493FB02E851,18,18,18,40,1,39460,1445,14148,0.139974,0.008289,0.001360,0.000001
2850,38,0x02B3F976CE481DA5,20,20,20,38,1,75506,16425,15530,0.391864,0.096585,0.001463,0.000001
2851,34,0x16CBD40F2975A3E8,17,17,17,37,1,6028,1422,12878,0.014883,0.007502,0.001278,0.000001
2852,24,0xB5CA9ED8640F7123,15,15,15,35,1,29521,357,11125,0.085978,0.002404,0.001135,0.000001
2853,28,0xBA869C4FD153E270,16,16,16,36,1,4158,150,12354,0.010482,0.001112,0.001248,0.000001
2854,26,0x13DF8EA96C52740B,14,14,14,40,1,267,639,10376,0.000863,0.003474,0.001102,0.000001
2855,32,0x52BCE341A8FD6097,17,17,17,43,1,3044,17481,13184,0.007438,0.096136,0.001328,0.000001
2856,28,0xF4BA8092E1D5C637,17,17,17,39,1,67409,2787,13250,0.296806,0.014761,0.001337,0.000001
2857,32,0xC5189204BDF7E6A3,18,18,18,42,1,41222,326,13744,0.148113,0.002474,0.001461,0.000001
2858,28,0xB4782193ECFD5A06,17,17,17,37,1,68081,1580,13361,0.323915,0.009404,0.001393,0.000001
2859,32,0x72DAC15039F8B4E6,18,18,18,44,1,49036,1319,13952,0.228376,0.008774,0.001333,0.000001
2860,36,0xBC1304972AED8F56,18,18,18,36,1,91,87,14275,0.000517,0.000752,0.001330,0.000001
2861,32,0xF76483C5DAB019E2,18,18,18,36,1,75028,1388,13969,0.358672,0.009091,0.001777,0.000001
2862,38,0xF58764C129A0DEB3,20,20,20,38,1,59208,119,16066,0.300263,0.001031,0.001725,0.000001
2863,36,0x108935FD2E7B64CA,19,19,19,43,1,6060,8569,14838,0.017237,0.048124,0.001428,0.000001
2864,36,0xB1E29A4783FCD560,19,19,19,33,1,14084,1462,15260,0.039480,0.008664,0.001442,0.000001
2865,36,0x310D762FC459EB8A,19,19,19,47,1,9910,8537,15026,0.027010,0.045856,0.001456,0.000001
2866,34,0x58B3C4DEF0A96271,19,19,19,37,1,187608,6204,14706,1.444142,0.036714,0.001396,0.000001
2867,26,0x3F8A169D52C07E4B,16,16,16,42,1,23772,960,12027,0.070301,0.005671,0.001569,0.000001
2868,32,0xE95AF207C36D4B81,18,18,18,46,1,143464,4854,13830,0.875156,0.027536,0.001457,0.000001
2869,36,0x5016EAF3B9C78D42,18,18,18,40,1,909,901,14146,0.002763,0.005180,0.001461,0.000001
2870,32,0x1D7BAC08E96F5342,19,19,19,37,1,576543,21796,14973,4.440162,0.130848,0.001442,0.000001
2871,34,0x76AF591C84B2D0E3,17,17,17,41,1,20,20,13204,0.000708,0.000441,0.001292,0.000001
2872,32,0x1063DCB9FE5A4287,18,18,18,40,1,100472,3509,13955,0.644464,0.020484,0.001464,0.000001
2873,34,0x7D53EC4619F082BA,19,19,19,41,1,105507,1695,15001,0.714306,0.010513,0.001538,0.000001
2874,28,0xF725AE1B69D0834C,14,14,14,42,1,177,177,10317,0.000737,0.001265,0.001148,0.000001
2875,26,0x9ED2CBFA75638401,15,15,15,37,1,3952,184,11120,0.010276,0.001280,0.001138,0.000000
2876,38,0x2789B4EF60A1CD53,20,20,20,38,1,102814,378,15686,0.679049,0.002570,0.001759,0.000001
2877,34,0x29EBC7FD31A46850,17,17,17,37,1,6481,6114,13311,0.016908,0.031117,0.001307,0.000001
2878,32,0x8CB19526E4FD73A0,18,18,18,34,1,27181,373,14477,0.089321,0.002566,0.001369,0.000001
2879,32,0x58CD07134FBE6A29,16,16,16,42,1,381,331,12299,0.001125,0.002048,0.001219,0.000001
2880,38,0xEBA5C7623D8F0941,19,19,19,39,1,20,20,15069,0.000591,0.000517,0.001426,0.000001
2881,28,0x8E49DB5C0A713F62,16,16,16,30,1,5233,778,11975,0.012294,0.004198,0.001230,0.000001
2882,26,0x7ED63C2A8B54091F,15,15,15,37,1,5654,169,11419,0.013362,0.001262,0.001184,0.000001
2883,40,0x81A405D326E9BC7F,21,21,21,41,1,239067,9347,16668,1.874256,0.055845,0.001537,0.000001
2884,38,0xF70B543DCA82916E,20,20,20,44,1,66037,1797,16016,0.317829,0.011193,0.001641,0.000001
2885,40,0x372C506489DEA1BF,21,21,21,41,1,333668,1803,16657,2.515153,0.011224,0.001683,0.000001
2886,34,0x10FE9642DCA783B5,17,17,17,41,1,4847,2683,13155,0.012935,0.013847,0.001248,0.000001
2887,34,0x9C75ED60431A8BF2,18,18,18,42,1,8302,19,13982,0.020028,0.000530,0.001764,0.000001
2888,36,0x27E30A96FD8B5C41,18,18,20,40,1,8304,8260,16084,0.020901,0.045111,0.001514,0.000001
2889,26,0xF284AED5C3796B01,15,15,15,31,1,13053,703,10961,0.035416,0.004417,0.001134,0.000001
2890,34,0x1B47E8295DAC306F,17,17,19,37,1,4314,6299,14984,0.010640,0.033609,0.001437,0.000001
2891,30,0xDC18590E6B24A37F,17,17,17,45,1,20528,286,13036,0.066086,0.001893,0.001290,0.000001
2892,24,0x901ED6BA72F4583C,13,13,13,39,1,513,30,9219,0.001456,0.000529,0.000986,0.000001
2893,34,0xB3E1852467DFAC09,18,18,18,38,1,10705,9905,14114,0.029857,0.055356,0.001392,0.000001
2894,42,0xE3214D76509AFC8B,21,21,23,37,1,274,268,18716,0.000941,0.001777,0.001732,0.000001
2895,26,0x52FE0C9834A67DB1,14,14,14,36,1,130,807,10023,0.000561,0.004510,0.001053,0.000001
2896,28,0x94B17CD86A3EF502,15,15,15,35,1,1031,604,11215,0.002450,0.003319,0.001132,0.000001
2897,34,0x416D27FB3A5890CE,18,18,18,40,1,4979,5769,13857,0.012418,0.031219,0.001343,0.000001
2898,32,0xBD719538CE2604FA,18,18,18,38,1,25054,270,14128,0.091024,0.001865,0.001487,0.000001
2899,32,0x514BA829DFC7E360,17,17,17,33,1,1589,2845,12995,0.004961,0.015189,0.001267,0.000001
2900,34,0xF59E8367CA1D402B,17,17,17,45,1,20,18,13257,0.000499,0.000423,0.001286,0.000001
2901,32,0xDA95C86231B4E70F,16,16,18,36,1,141,125,14019,0.000599,0.000954,0.001333,0.000001
2902,36,0x74E0AB6F12398DC5,19,19,19,39,1,35795,6686,15016,0.126649,0.036775,0.001419,0.000001
2903,22,0xBEAD3C9F60784251,14,14,14,44,1,4200,186,10599,0.009420,0.001251,0.001090,0.000001
2904,34,0xCB0397FD642A1E85,18,18,18,44,1,17205,2363,14074,0.048999,0.012887,0.001350,0.000001
2905,34,0x5F1723A8B90E46CD,18,18,20,44,1,4460,73005,15868,0.010161,0.554058,0.001670,0.000001
2906,28,0xFA4E390B516DC782,15,15,15,45,1,1401,608,11310,0.004697,0.003621,0.001248,0.000001
2907,24,0xC02FB81ED654973A,14,14,14,46,1,3556,242,10303,0.008697,0.001524,0.001082,0.000001
2908,32,0xE109348CBA56DF27,17,17,17,41,1,5784,89,13048,0.013707,0.000816,0.001293,0.000001
2909,36,0x6FE7584023AB9CD1,18,18,18,34,1,1031,205,14162,0.002589,0.001361,0.001360,0.000001
2910,36,0x620AD9C78BFE5134,19,19,21,37,1,18080,1438,16941,0.050492,0.008124,0.001556,0.000001
2911,30,0x49037BF8DA1C265E,17,17,17,41,1,30507,1152,13247,0.103992,0.006953,0.001608,0.000001
2912,30,0x36FBD7812094AEC5,16,16,16,40,1,879,2412,12214,0.002278,0.012516,0.001251,0.000001
2913,36,0xA4673B50E1C98F2D,18,18,18,42,1,109,107,14066,0.000582,0.000890,0.001354,0.000001
2914,30,0x7EAD0BF198465C23,17,17,17,41,1,67710,1300,13049,0.323479,0.008219,0.001274,0.000001
2915,26,0xDC7A4098635E1F2B,15,15,15,41,1,7696,402,11226,0.017729,0.002381,0.001145,0.000001
2916,30,0xC60487FE52DA913B,17,17,17,45,1,15414,104,12918,0.040304,0.000892,0.001300,0.000001
2917,24,0x2794A8F6D05C3E1B,12,12,12,38,1,13,13,8480,0.000348,0.000392,0.000946,0.000001
2918,38,0x08E4FB67C13259DA,21,21,21,43,1,1275341,28084,16684,11.166078,0.176319,0.001771,0.000001
2919,34,0x1CD5A4B2098F6E37,18,18,18,32,1,7570,4273,14241,0.020688,0.023458,0.001388,0.000001
2920,28,0xC5B07F1934D2EA68,16,16,16,46,1,4610,377,12060,0.010717,0.002282,0.001216,0.000001
2921,32,0x8056BDC123F7E49A,17,17,17,43,1,4446,27,13114,0.010160,0.000458,0.001288,0.000001
2922,32,0x65AF91C4ED08B273,17,17,17,43,1,3540,30,13037,0.008099,0.000471,0.001272,0.000001
2923,32,0x16D3097CE5482BFA,17,17,17,41,1,4232,20,13128,0.009885,0.000432,0.001288,0.000001
2924,32,0xC671480E2A9DFB53,17,17,17,41,1,2122,18,12859,0.004821,0.000413,0.001330,0.000001
2925,38,0x725309E64FADC8B1,19,19,19,41,1,1080,1013,15040,0.002706,0.005508,0.001411,0.000001
2926,42,0xD10C452789E6FA3B,21,21,21,43,1,31,31,16840,0.000379,0.000490,0.001545,0.000000
2927,32,0x7985AB02F146EDC3,17,17,17,39,1,3149,910,12814,0.007289,0.004928,0.001245,0.000000
2928,32,0xFC236BE184D0A759,17,17,17,45,1,4824,18,13109,0.011230,0.000420,0.001283,0.000001
2929,24,0xAC3DB874E0F52619,16,16,16,34,1,95356,3601,12209,0.429123,0.019930,0.001217,0.000001
2930,34,0xF791436DBA2C805E,17,17,17,45,1,8013,7190,13345,0.019852,0.039511,0.001318,0.000001
2931,34,0x49CE075B826D1AF3,17,17,19,39,1,6293,3664,14954,0.015681,0.019356,0.001433,0.000001
2932,40,0x142B06C93FAD857E,21,21,21,41,1,195884,1875,16568,1.575628,0.011623,0.001692,0.000001
2933,36,0x203BA581CF76ED94,19,19,19,39,1,29841,13330,14927,0.101921,0.075034,0.001420,0.000001
2934,32,0x2EA93751FB8460CD,17,17,17,41,1,1930,383,13292,0.004764,0.002255,0.001329,0.000001
2935,30,0xBA38790FDCE21456,16,16,16,44,1,2183,973,11977,0.005075,0.005190,0.001193,0.000001
2936,30,0x2ED531C06B7984FA,17,17,17,43,1,20792,830,13152,0.064339,0.005152,0.001293,0.000001
2937,30,0xEB3D58029FC6147A,17,17,17,39,1,22300,1434,12736,0.071617,0.007580,0.001282,0.000001
2938,34,0x4618E07532F9DACB,18,18,20,50,1,8028,47119,15409,0.019696,0.341722,0.001630,0.000001
2939,30,0x7EB4506AF3C9D821,16,16,16,36,1,3881,465,11941,0.010668,0.002661,0.001200,0.000001
2940,30,0x716238FC045EAB9D,17,17,17,43,1,11302,992,13082,0.030962,0.005386,0.001265,0.000001
2941,22,0xE6DF925B3718A4C0,13,13,13,41,1,289,76,9329,0.000834,0.000705,0.000991,0.000001
2942,28,0xD673A095CBF8E214,16,16,16,40,1,22038,967,12144,0.067453,0.005722,0.001273,0.000001
2943,38,0x80A2E97DB613CF45,20,20,20,38,1,46808,22,15834,0.216653,0.000524,0.001623,0.000001
2944,32,0x38F16C5BE702DA49,18,18,18,44,1,47493,623,14080,0.211411,0.004297,0.001438,0.000001
2945,36,0x1A25F04B937CED68,19,19,19,47,1,65488,24,14826,0.319227,0.000517,0.001613,0.000001
2946,36,0xA16DB403C7E95F82,18,18,18,38,1,79,79,14078,0.000517,0.000748,0.001465,0.000001
2947,34,0x02E7D398AB1C4F65,18,18,18,38,1,59157,1033,14202,0.296108,0.006805,0.001614,0.000001
2948,34,0x65872C3AB01D4E9F,18,18,18,40,1,5656,12065,13935,0.015122,0.068261,0.001375,0.000001
2949,28,0x46EF8C0A752D1B93,15,15,15,43,1,226,578,11118,0.000872,0.003358,0.001183,0.000001
2950,34,0x91B7E64230DCF8A5,17,17,17,39,1,18,18,12869,0.000407,0.000417,0.001257,0.000001
2951,36,0x4273F108B69AC5DE,19,19,19,51,1,19572,53,14877,0.063179,0.000640,0.001394,0.000001
2952,28,0xB08ECAD32F419675,15,15,15,41,1,943,725,11069,0.002752,0.003957,0.001111,0.000001
2953,26,0xE0D9C518B47F2A36,16,16,16,40,1,31858,1689,12121,0.101265,0.009399,0.001529,0.000001
2954,34,0x698B15DF042C3E7A,20,20,20,46,1,1786399,85264,15986,16.327115,0.656610,0.001718,0.000001
2955,30,0x7CBE945A61280FD3,16,16,16,36,1,3615,17,11893,0.009900,0.000420,0.001311,0.000001
2956,32,0x1A367820CED9BF45,16,16,16,32,1,17,17,12243,0.000361,0.000410,0.001342,0.000000
2957,34,0x96AB48C2D07E51F3,19,19,19,35,1,164012,2102,14705,1.041792,0.012547,0.001525,0.000001
2958,24,0xAFC53498BE701D62,13,13,13,35,1,279,14,9492,0.000971,0.000406,0.001109,0.000001
2959,30,0x81453EC2AFD670B9,16,16,18,40,1,1398,2522,13865,0.004011,0.013310,0.001410,0.000001
2960,32,0x4A13F7056ED892CB,17,17,17,45,1,5613,175,13020,0.013620,0.001267,0.001286,0.000001
2961,30,0x7905B3CFAE6842D1,17,17,17,43,1,15323,421,12936,0.040619,0.002734,0.001270,0.000001
2962,28,0x5A263B9D407EFC81,15,15,15,35,1,269,470,11034,0.000848,0.002700,0.001126,0.000001
2963,38,0x0215C8E3A4F769DB,20,20,20,44,1,76383,9967,15829,0.399316,0.059665,0.001520,0.000001
2964,30,0x1F95AE43B6287D0C,16,16,16,32,1,1139,2284,12258,0.002998,0.012539,0.001241,0.000001
2965,28,0x94581A6CDB0F327E,15,15,15,43,1,359,938,11182,0.001069,0.005140,0.001143,0.000001
2966,38,0x7BF5A40318296DEC,20,20,20,42,1,132354,21706,16023,0.858665,0.132973,0.001511,0.000001
2967,36,0xCBF2418590E376DA,18,18,20,44,1,5502,3475,15698,0.013801,0.018068,0.001478,0.000001
2968,32,0xFC2B04EA7D658139,16,16,16,46,1,32,32,12386,0.000400,0.000509,0.001234,0.000001
2969,36,0x8542F3761E90ACBD,18,18,20,46,1,9570,7940,15760,0.025365,0.041915,0.001481,0.000001
2970,34,0xC86A590ED21B3F47,18,18,18,44,1,2018,2471,13890,0.005061,0.012701,0.001330,0.000001
2971,34,0xD6B249F31E5AC087,18,18,18,36,1,20023,597,14098,0.064479,0.003691,0.001369,0.000001
2972,32,0x29DF8C3754B16A0E,16,16,16,36,1,17,17,12162,0.000362,0.000430,0.001224,0.000001
2973,30,0x86BF23CED04A1795,18,18,18,40,1,164726,4784,13800,0.980508,0.026333,0.001446,0.000001
2974,42,0x0542E1F68A9DC37B,22,22,22,46,1,896175,29,17662,8.412750,0.001180,0.001935,0.000001
2975,32,0xF5D1A263940E87BC,16,16,16,46,1,1233,1095,12166,0.003921,0.006275,0.001375,0.000001
2976,32,0x1CB68DA402F7935E,18,18,18,36,1,35471,547,13961,0.134603,0.003321,0.001375,0.000001
2977,28,0xF01E6C847BAD3592,16,16,16,38,1,8951,280,12210,0.021808,0.001790,0.001266,0.000000
2978,28,0x1C07AEF6D8943B52,15,15,15,37,1,361,377,11368,0.001175,0.002287,0.001179,0.000001
2979,36,0xEFB86542093D7CA1,18,18,20,40,1,901,901,15734,0.002350,0.004890,0.001532,0.000000
2980,24,0x9F18BA4E706C5D32,13,13,13,35,1,157,735,9527,0.001343,0.007563,0.001778,0.000001
2981,34,0xF0C27D658B94AE13,17,17,17,35,1,607,607,13399,0.003041,0.005683,0.002253,0.000001
2982,30,0xF3062A914C7ED58B,16,16,16,46,1,1872,168,12187,0.008039,0.001810,0.002087,0.000001
2983,30,0x8F60DC914235E7BA,17,17,17,43,1,18227,781,12946,0.076825,0.004808,0.001257,0.000001
2984,32,0x6893F7CD2B15A40E,18,18,18,38,1,120166,2962,14136,0.759603,0.015882,0.001347,0.000001
2985,28,0x6A3FB874E2C915D0,15,15,15,33,1,381,39,11289,0.001108,0.000522,0.001150,0.000001
2986,28,0x9D0A587BE24C36F1,16,16,16,34,1,19935,325,12170,0.054801,0.002367,0.001208,0.000001
2987,30,0xD7AFC40932E561B8,16,16,16,44,1,699,17,12117,0.002132,0.000410,0.001210,0.000001
2988,36,0x0843C97B56FDE1A2,18,18,18,36,1,429,425,14026,0.001239,0.002472,0.001321,0.000001
2989,34,0x0FE2D586A174BC39,18,18,18,38,1,15065,19,14101,0.044181,0.000436,0.001442,0.000001
2990,28,0x168E392CFA50DB47,15,15,15,39,1,236,80,11141,0.001370,0.000724,0.001115,0.000001
2991,28,0x741DE0B65C3F928A,16,16,16,48,1,2969,676,12234,0.007154,0.003840,0.001219,0.000001
2992,28,0x70C21E68BFD93A45,16,16,16,44,1,16589,600,12045,0.043800,0.003601,0.001202,0.000001
2993,38,0x7FE35412A0B96D8C,19,19,21,43,1,206,206,16721,0.000780,0.001379,0.001595,0.000001
2994,32,0x1B7DA03E6582CF94,17,17,17,41,1,4349,163,13053,0.010894,0.001185,0.001269,0.000001
2995,32,0xD90B78CE64AF5132,17,17,17,39,1,6479,2516,12965,0.016309,0.013676,0.001309,0.000001
2996,32,0xAE732DF1CB568409,18,18,18,44,1,41687,788,13987,0.199976,0.004919,0.001319,0.000001
2997,32,0x97EC430D5FB6812A,17,17,17,43,1,7541,18,13119,0.017947,0.000405,0.001277,0.000001
2998,34,0xA81C057B3F26ED94,18,18,18,44,1,11000,4904,14090,0.030381,0.025958,0.001348,0.000001
2999,32,0x1E82DC5673A4F90B,17,17,17,35,1,1692,674,13397,0.004236,0.003845,0.001305,0.000001
3000,26,0x7C4D0618A25EF9B3,14,14,14,44,1,1027,15,10243,0.002506,0.000417,0.001090,0.000001
3001,28,0x24BFA90D7E861C53,14,14,14,36,1,201,108,10309,0.000787,0.000862,0.001077,0.000001
3002,32,0xF1B3C649587D2AE0,17,17,17,37,1,4931,288,13264,0.011599,0.001824,0.001295,0.000001
3003,36,0xC49680E72DB35A1F,18,18,20,38,1,29,29,15838,0.000371,0.000482,0.001462,0.000001
3004,32,0x73089C162B45AFDE,17,17,19,43,1,4631,8043,14781,0.010342,0.041484,0.001397,0.000001
3005,30,0xF2B873014DCEA956,18,18,18,44,1,209532,7248,13984,1.529695,0.041562,0.001343,0.000001
3006,28,0x8DEF3AB019C72645,15,15,15,41,1,1063,122,10910,0.002584,0.000906,0.001100,0.000001
3007,28,0x93E07BFC58DA2641,16,16,16,36,1,16018,137,12136,0.040860,0.001066,0.001193,0.000001
3008,28,0x64A0FE39DB785C12,16,16,16,40,1,6604,96,12179,0.015707,0.000832,0.001208,0.000001
3009,30,0xB497D8A5FCE10362,16,16,16,32,1,2857,47,11973,0.006483,0.000577,0.001212,0.000000
3010,30,0x5AF7C132BE04869D,16,16,16,48,1,543,987,12204,0.001571,0.005385,0.001222,0.000001
3011,34,0xF95631EBC72A4D08,17,17,17,43,1,19,19,13248,0.000364,0.000435,0.001297,0.000000
3012,34,0xCB637FD415029E8A,18,18,18,40,1,2854,410,14036,0.006814,0.002334,0.001361,0.000001
3013,34,0xA453E806C2F7D1B9,18,18,20,42,1,3843,39,15888,0.008862,0.000528,0.001500,0.000001
3014,34,0x58B9026D74AF13CE,19,19,19,41,1,215308,5784,15007,1.696861,0.035519,0.001413,0.000001
3015,36,0xA27B0D8FC943561E,19,19,19,39,1,28540,9884,14811,0.105164,0.055429,0.001409,0.000001
3016,40,0xF350C974218A6DEB,20,20,22,38,1,833,339,17474,0.002299,0.002056,0.001604,0.000001
3017,34,0xAB97034EC2651F8D,18,18,18,44,1,4133,4299,13911,0.009573,0.022113,0.001340,0.000001
3018,28,0x96E80AF413CD5B72,17,17,17,39,1,99500,3956,12845,0.593527,0.019983,0.001278,0.000001
3019,34,0x6C4125E0D7F9A38B,17,17,17,45,1,174,174,13078,0.000706,0.001226,0.001284,0.000001
3020,42,0x0B21D5647F9AE8C3,21,21,23,37,1,35,35,18655,0.000423,0.000560,0.001701,0.000001
3021,28,0xEF0CD2346BA75891,15,15,15,39,1,484,16,11131,0.001337,0.000484,0.001272,0.000001
3022,26,0x7D849216F5CE30AB,14,14,14,42,1,460,135,10320,0.001302,0.001017,0.001087,0.000001
3023,26,0xD07A96F8315CEB24,15,15,15,39,1,7897,352,11143,0.018505,0.002223,0.001147,0.000001
3024,26,0x685CDBE0F971A432,14,14,14,40,1,120,123,10391,0.000565,0.000947,0.001092,0.000001
3025,30,0x458D612B7FEC309A,17,17,17,39,1,34727,709,13210,0.126373,0.004355,0.001259,0.000001
3026,28,0x56AF37C80E249B1D,16,16,16,40,1,5581,180,11911,0.013217,0.001236,0.001197,0.000001
3027,30,0xF65ECA41B982073D,16,16,16,38,1,1449,11815,12239,0.004040,0.061704,0.001201,0.000001
3028,24,0x59BC1EF87AD24306,13,13,13,39,1,295,535,9162,0.000956,0.003117,0.000987,0.000001
3029,28,0x4EDB65193F70C2A8,14,14,14,36,1,15,15,10675,0.000347,0.000400,0.001095,0.000001
3030,34,0x8C7F95120A64ED3B,17,17,17,41,1,6412,3705,13258,0.019414,0.019631,0.001311,0.000001
3031,34,0xEBF3246D57A9180C,19,19,19,37,1,227310,3251,15013,1.747121,0.019805,0.001618,0.000001
3032,34,0x1D0956CF37428ABE,19,19,19,43,1,116336,1565,14888,0.719077,0.008712,0.001418,0.000001
3033,32,0x6C07B38D12EA9F45,17,17,19,39,1,7078,28210,14477,0.016764,0.162997,0.001396,0.000001
3034,28,0xCFD308BA67E15942,14,14,14,36,1,63,63,10084,0.000461,0.000669,0.001070,0.000001
3035,28,0x9F48DC7A26B3E051,15,15,15,33,1,747,151,11024,0.002394,0.001081,0.001123,0.000001
3036,30,0xFB93218A4C76D5E0,17,17,17,39,1,17634,441,13008,0.048667,0.002956,0.001288,0.000001
3037,26,0x6CFD03897A4521EB,15,15,15,41,1,5885,175,11148,0.013814,0.001240,0.001131,0.000001
3038,38,0x87E6403FD521ACB9,21,21,21,53,1,851402,12139,17008,8.189671,0.070562,0.001602,0.000001
3039,38,0x01FD6BA325E7894C,19,19,19,35,1,170,134,15060,0.000917,0.001004,0.001414,0.000001
3040,36,0x30596E21BA4C8DF7,19,19,19,41,1,26078,5495,15040,0.080347,0.029341,0.001886,0.000001
3041,26,0xB8951A3FEDC46702,17,17,17,39,1,172750,7492,13321,1.008045,0.040170,0.001308,0.000001
3042,34,0x13D2AB5F097E86C4,19,19,19,33,1,115405,2958,14851,0.731441,0.017791,0.001518,0.000001
3043,36,0x94AFBE67532108CD,19,19,19,33,1,42092,35,14896,0.203444,0.000575,0.001406,0.000001
3044,34,0x9A7831064E2CD5FB,18,18,18,42,1,9848,8332,13899,0.026759,0.044110,0.001374,0.000001
3045,32,0xFA8C5136972E04BD,16,16,16,48,1,317,317,12242,0.001089,0.002059,0.001209,0.000001
3046,30,0xE7C53B4A0192D6F8,17,17,17,37,1,44619,909,13138,0.193252,0.005320,0.001273,0.000001
3047,26,0x764DB9082F35E1CA,14,14,14,42,1,580,470,10124,0.001442,0.002704,0.001065,0.000001
3048,36,0x7623D9B405E8CA1F,18,18,18,40,1,4623,3363,14222,0.010927,0.017891,0.001362,0.000001
3049,28,0xF3E268DA07945C1B,17,17,17,37,1,49603,1993,13363,0.222651,0.011875,0.001452,0.000001
3050,24,0xEB5D31FC4A709682,14,14,14,48,1,1204,1371,10074,0.002743,0.007223,0.001069,0.000001
3051,30,0x9A7ECD362814BF05,16,16,16,34,1,2145,17,12152,0.004896,0.000411,0.001218,0.000001
3052,32,0x47BA3E280F6D95C1,17,17,17,39,1,4469,924,13048,0.010465,0.005082,0.001292,0.000001
3053,30,0x2F801D4E7A6C39B5,16,16,18,42,1,7105,8364,14160,0.017361,0.044726,0.001376,0.000001
3054,36,0x19C07DA53F624BE8,20,20,20,38,1,206751,4496,16184,1.678053,0.028091,0.001492,0.000001
3055,36,0x85E1732BFA69C4D0,18,18,18,40,1,441,343,14065,0.001224,0.002065,0.001337,0.000001
3056,32,0xDBC2E08479AF6153,17,17,17,39,1,1976,1080,13158,0.004784,0.005872,0.001269,0.000001
3057,34,0x30978245E1B6FADC,17,17,19,41,1,3912,2844,14919,0.008798,0.014571,0.001897,0.000001
3058,32,0xB3C96FD41285A0E7,17,17,17,33,1,6241,642,12983,0.015141,0.003649,0.001302,0.000001
3059,34,0xC47839052BFDE16A,19,19,19,39,1,138378,2216,14907,0.872206,0.015145,0.001792,0.000001
3060,30,0xD2A0E183F74C69B5,16,16,16,44,1,1515,613,12067,0.004413,0.003656,0.001205,0.000001
3061,26,0xFD5E8A391BC04627,14,14,14,40,1,1041,45,10393,0.002511,0.000543,0.001076,0.000001
3062,34,0xF92B7C0EA613D485,19,19,19,43,1,209096,5486,14862,1.609184,0.032066,0.001420,0.000001
3063,28,0xE2C3D719F840A65B,17,17,17,45,1,82426,2187,13102,0.397162,0.012684,0.001490,0.000001
3064,30,0xE792A8DC0134B56F,17,17,17,37,1,61575,2005,13074,0.285662,0.012235,0.001294,0.000001
3065,34,0xC02F49573ED86AB1,17,17,17,39,1,180,130,13221,0.000705,0.001035,0.001284,0.000001
3066,36,0xBD74F123A568C90E,19,19,19,45,1,19933,4186,14861,0.062946,0.021900,0.001442,0.000001
3067,30,0x6249BF0DAE1587C3,15,15,15,43,1,2292,699,11257,0.005364,0.003880,0.001162,0.000001
3068,30,0xC451EAB086293FD7,18,18,18,40,1,159349,7146,14399,0.992931,0.039930,0.001361,0.000001
3069,26,0xC8F42B75369EA1D0,13,13,13,39,1,14,14,9343,0.000382,0.000393,0.001010,0.000001
3070,34,0xBDA05C3FE1624798,19,19,19,41,1,194655,6520,14947,1.502532,0.036297,0.001446,0.000001
3071,34,0x9DBFCA05E1826347,18,18,18,42,1,15955,2362,13985,0.041808,0.012464,0.001436,0.000001
3072,34,0x1A98D4C73025FBE6,18,18,18,38,1,16097,11774,13989,0.043526,0.064873,0.001453,0.000001
3073,38,0x693A182F40B5EC7D,20,20,20,46,1,33637,3179,15939,0.124531,0.018006,0.001591,0.000001
3074,24,0xBF89A7C03ED26514,14,14,14,40,1,2828,32,10054,0.006782,0.000556,0.001113,0.000000
3075,38,0xA51E42F38B9DC706,20,20,20,42,1,41234,21,16014,0.191537,0.000501,0.001486,0.000001
3076,30,0x36E2DF8C4097A1B5,17,17,17,35,1,6605,356,12835,0.016267,0.002187,0.001276,0.000001
3077,30,0x7529AB8DF016C43E,15,15,15,37,1,16,16,10919,0.000360,0.000419,0.001152,0.000001
3078,32,0x451CF80792ED6B3A,18,18,18,44,1,76494,2640,14273,0.420297,0.014549,0.001405,0.000001
3079,28,0x80FE2A6C5D7B3419,16,16,16,34,1,9633,319,12107,0.022889,0.002034,0.001207,0.000000
3080,30,0x1E7042D98AF5B3C6,15,15,15,41,1,17,17,11498,0.000369,0.000416,0.001164,0.000001
3081,38,0x4B0386A5FC297D1E,19,19,21,37,1,468,320,16626,0.001278,0.002034,0.001537,0.000001
3082,34,0x98BF0431D7E62CA5,20,20,20,44,1,1241372,23385,15972,10.149403,0.140341,0.001690,0.000001
3083,40,0x2904718FC3BDA56E,20,20,22,44,1,99,105,17728,0.000972,0.000869,0.001577,0.000001
3084,30,0x763C591A04FE2D8B,17,17,17,39,1,49482,1903,13113,0.247488,0.011415,0.001379,0.000001
3085,32,0x73B6A54E92DC01F8,17,17,17,31,1,3345,18,13031,0.008795,0.000424,0.001392,0.000001
3086,30,0xA74F3E6015C89BD2,17,17,17,43,1,8082,959,13065,0.020791,0.004900,0.001279,0.000001
3087,30,0xE756A23FD0B18C94,17,17,17,43,1,15006,439,12764,0.041781,0.002792,0.001230,0.000001
3088,22,0x780EBC3F6AD41295,14,14,14,38,1,11998,1018,10025,0.028432,0.005590,0.001063,0.000001
3089,34,0xCA834DE1F52670B9,18,18,18,42,1,7635,813,14034,0.019884,0.004718,0.001459,0.000001
3090,40,0x692317CFDB8AE054,21,21,21,45,1,413336,26,16741,3.688659,0.000634,0.001731,0.000001
3091,28,0x02CD86195437FABE,15,15,15,47,1,307,16,10964,0.001008,0.000404,0.001199,0.000001
3092,38,0xF9231C468D7EB0A5,20,20,20,48,1,252725,8590,15914,1.948851,0.050582,0.001560,0.000001
3093,32,0x90BADC4635E172F8,16,16,16,40,1,23,23,12270,0.000505,0.000487,0.001239,0.000001
3094,36,0x69E10F7A4358DC2B,20,20,20,42,1,616868,17262,16063,4.996225,0.099240,0.001489,0.000001
3095,32,0x2ED75380AC619F4B,17,17,17,37,1,1829,15136,13072,0.004806,0.080845,0.001276,0.000001
3096,34,0x42D736F5E1C90B8A,19,19,19,41,1,102193,2214,14915,0.667240,0.013270,0.001530,0.000001
3097,30,0xFDB2A3C5489E7106,17,17,17,39,1,27514,629,13126,0.092603,0.003973,0.001283,0.000001
3098,34,0xA25F6B4D8CE37109,18,18,20,34,1,9169,71402,15669,0.024719,0.521542,0.001519,0.000001
3099,26,0xDB7F12C0E845963A,15,15,15,47,1,5219,327,10846,0.013905,0.002037,0.001116,0.000001
3100,32,0x59D607CAF8E31B24,17,17,17,39,1,4407,1566,13120,0.010198,0.008299,0.001278,0.000001
3101,40,0x21F0987BA4E3C56D,20,20,22,46,1,29235,21479,17628,0.101800,0.138835,0.001597,0.000001
3102,36,0x02F973E586BD14CA,19,19,19,39,1,16925,9382,14813,0.048042,0.052595,0.001429,0.000001
3103,32,0x4F97C28153EB0AD6,18,18,18,38,1,33717,1025,13792,0.113583,0.006364,0.001352,0.000001
3104,30,0x702AB63E945F1CD8,16,16,16,42,1,2274,176,12109,0.005367,0.001287,0.001244,0.000001
3105,30,0x07CA2E83F46D915B,16,16,16,42,1,1593,100,12249,0.004185,0.000942,0.001237,0.000001
3106,34,0xE72B56894A301CFD,17,17,17,39,1,18,18,12916,0.000357,0.000419,0.001277,0.000001
3107,34,0x4FC639B281EA570D,17,17,17,33,1,3724,2038,13033,0.009053,0.010725,0.001280,0.000001
3108,30,0x753D84BAC09E26F1,18,18,18,34,1,274265,9368,13941,1.919106,0.052831,0.001340,0.000001
3109,36,0x0B21D653F8947AEC,19,19,19,39,1,51787,1383,15056,0.262455,0.008068,0.001402,0.000001
3110,26,0x62459EB8DA701FC3,14,14,14,36,1,1319,111,10145,0.002798,0.000890,0.001064,0.000001
3111,38,0x358240F16D7AB9EC,20,20,20,52,1,133119,1992,16027,0.903875,0.011118,0.001509,0.000001
3112,32,0xD2B56193C7A4F8E0,18,18,18,36,1,58678,1607,14091,0.318723,0.010171,0.001483,0.000001
3113,32,0xAD165B8FE0C24379,17,17,17,43,1,2188,30,13035,0.006114,0.000517,0.001446,0.000001
3114,36,0x93628CDB07EA51F4,19,19,19,33,1,21318,23361,15006,0.066960,0.154763,0.001760,0.000001
3115,34,0x04B8FE3D9C21576A,18,18,18,42,1,7249,14931,14135,0.019498,0.083832,0.001405,0.000001
3116,36,0x30256DBAF7E14C89,19,19,19,41,1,10258,21,15006,0.030244,0.000464,0.001439,0.000001
3117,32,0xA6F20D834E917CB5,18,18,18,42,1,15706,249,14005,0.045835,0.001786,0.001451,0.000001
3118,32,0xCFA13672B840DE59,17,17,17,39,1,1878,21838,13014,0.007123,0.156169,0.001399,0.000001
3119,36,0xB862A0791E3FC54D,20,20,20,44,1,252913,2180,16035,2.058800,0.017446,0.001654,0.000001
3120,30,0xE2759DCA0836F1B4,16,16,16,32,1,321,3206,12400,0.002327,0.025004,0.001360,0.000001
3121,32,0x48B59F10237AECD6,16,16,16,38,1,59,47,12173,0.000449,0.000573,0.001331,0.000001
3122,32,0x57EF836D14C09B2A,17,17,17,45,1,1496,2908,13014,0.004395,0.015104,0.001270,0.000001
3123,36,0x5B602C1493FA8ED7,19,19,19,41,1,27015,910,14778,0.086605,0.005253,0.001406,0.000001
3124,36,0xCA57634F9D20E8B1,18,18,18,44,1,385,373,14251,0.001290,0.002251,0.001362,0.000001
3125,28,0xF2B3D8946EA5C170,15,15,15,35,1,236,668,11264,0.000806,0.003804,0.001141,0.000001
3126,28,0x0BFD219CA7536E48,15,15,15,43,1,481,16,11133,0.001298,0.000404,0.001141,0.000001
3127,40,0x5609D4FBA827C1E3,20,20,20,42,1,24,24,16082,0.000370,0.000457,0.001610,0.000001
3128,36,0xABD13C05946287EF,18,18,18,44,1,1793,1137,14133,0.004185,0.005912,0.001340,0.000001
3129,40,0x12CAE765438BDF09,22,22,22,34,1,3991969,99218,17651,38.523848,1.094888,0.001897,0.000001
3130,36,0x09BA14FE58D3672C,20,20,20,38,1,812805,15784,15536,7.700626,0.088050,0.001450,0.000001
3131,28,0xD694C23AB0817E5F,15,15,15,37,1,1107,888,11197,0.003057,0.004804,0.001129,0.000001
3132,26,0x7E8A0B92C613F4D5,16,16,16,40,1,31909,1611,12250,0.102136,0.008923,0.001278,0.000001
3133,34,0xAB0D834F952C167E,18,18,18,44,1,6271,15334,14020,0.020164,0.101531,0.001355,0.000001
3134,28,0x4E30B96C15D8FA72,16,16,16,34,1,9043,268,12202,0.021915,0.001710,0.001209,0.000001
3135,32,0xA74E3D1285BC0F96,17,17,17,41,1,2835,419,12926,0.006851,0.002565,0.001291,0.000001
3136,38,0x037AE912CD684FB5,19,19,21,41,1,3590,1683,16850,0.008456,0.009119,0.001533,0.000001
3137,34,0xC571E02FB436DA89,18,18,18,52,1,15889,718,13953,0.041926,0.004517,0.001309,0.000001
3138,30,0xF2E93068B1AD7C54,16,16,16,42,1,870,338,12118,0.002265,0.002112,0.001208,0.000001
3139,28,0x5279F6AEDCB40138,15,15,15,43,1,1603,18,11030,0.003693,0.000406,0.001136,0.000001
3140,34,0x0214D5C6AB7F3E98,18,18,18,42,1,25854,507,13916,0.087950,0.003170,0.001333,0.000001
3141,36,0xF40597628E1AD3CB,19,19,19,43,1,23010,2260,14849,0.076393,0.012181,0.001509,0.000001
3142,30,0x4A35B012E87F96DC,17,17,17,53,1,35511,755,12816,0.114203,0.004789,0.001252,0.000001
3143,36,0x67FA0C849132B5ED,20,20,20,42,1,649424,17121,15868,5.138562,0.097966,0.001492,0.000001
3144,26,0x7DA3B859FE61204C,15,15,15,37,1,5971,112,11139,0.014443,0.000906,0.001166,0.000001
3145,32,0xDB7319E05FA6C248,18,18,18,42,1,50894,1526,14028,0.251013,0.010005,0.001462,0.000001
3146,32,0xC920BED437A1F568,17,17,17,41,1,2775,183,13112,0.007718,0.001262,0.001398,0.000001
3147,34,0x07CB925A613D4E8F,17,17,17,35,1,96,48,13209,0.000535,0.000576,0.001287,0.000001
3148,32,0x4EF7A6521B39D0C8,17,17,17,35,1,1546,1588,12908,0.003756,0.008268,0.002267,0.000001
3149,28,0x5F03C8DE47962B1A,14,14,14,38,1,158,150,10408,0.000747,0.001227,0.001084,0.000001
3150,32,0x3FA4BD87C02E5916,17,17,17,31,1,1869,30,13084,0.004482,0.000515,0.001282,0.000001
3151,34,0xA06B1F3DEC427589,18,18,18,48,1,3294,1947,14269,0.007769,0.010133,0.001365,0.000001
3152,34,0x609A5D143E872BCF,17,17,17,41,1,18,18,12991,0.000347,0.000419,0.001283,0.000001
3153,38,0x6D3257A1CF9BE480,19,19,21,37,1,9380,6587,16470,0.027407,0.035232,0.001822,0.000001
3154,30,0x09786ABCF1D352E4,17,17,17,35,1,54805,2393,12924,0.250674,0.013281,0.001281,0.000001
3155,24,0xE72C9B38614D5AF0,13,13,13,35,1,369,85,9307,0.001100,0.000780,0.001023,0.000001
3156,36,0x2D0E6839C1BAF475,20,20,20,38,1,619545,9728,16103,4.987212,0.054600,0.001492,0.000001
3157,32,0x2F50E4ACD87B9136,17,17,17,39,1,5415,18,12894,0.013133,0.000422,0.001287,0.000001
3158,38,0x0A821B67E453CFD9,19,19,19,43,1,155,143,15097,0.000662,0.001045,0.001407,0.000001
3159,38,0x0D14953E2F6BC78A,20,20,20,42,1,46753,5721,15847,0.227948,0.033616,0.001643,0.000001
3160,34,0xD9AE6FC58142B703,18,18,18,36,1,14925,4460,13790,0.043021,0.024030,0.001347,0.000001
3161,30,0x648E39C20BD571FA,17,17,17,37,1,22480,489,12903,0.074100,0.003011,0.001239,0.000001
3162,34,0xE4A67CD520891FB3,18,18,18,32,1,3595,2651,13897,0.008897,0.013917,0.001395,0.000001
3163,32,0x07D4A1B6C83E9F52,17,17,17,37,1,12152,18,12865,0.035707,0.000440,0.001270,0.000001
3164,28,0xB290C61A734F8ED5,15,15,15,43,1,693,580,11006,0.002353,0.003462,0.001216,0.000001
3165,32,0x452B3F80DE67CA91,18,18,18,42,1,92815,1826,13707,0.584134,0.011293,0.001429,0.000001
3166,32,0x42DCEF3706A8591B,17,17,17,39,1,1261,6696,13244,0.003859,0.037289,0.001318,0.000001
3167,28,0x19C24ADB56F0E738,16,16,16,38,1,7473,165,12356,0.017939,0.001183,0.001224,0.000001
3168,40,0x10428D6CF3EB597A,20,20,22,40,1,8933,5165,17446,0.025987,0.028450,0.001622,0.000001
3169,32,0x86E24DB1C59F7A30,18,18,18,36,1,66735,1112,14360,0.327046,0.007214,0.001508,0.000001
3170,28,0xF983EAC0D5B17264,16,16,16,44,1,8083,233,12271,0.020288,0.001675,0.001242,0.000001
3171,24,0x9F5DBC82E37164A0,16,16,16,32,1,89246,3522,12227,0.393873,0.019246,0.001308,0.000001
3172,36,0xDB712064EFA3589C,19,19,19,45,1,13831,14352,14931,0.040495,0.080377,0.001429,0.000001
3173,34,0x47B62F0CE1359DA8,19,19,19,47,1,104436,1015,14940,0.648628,0.006400,0.001542,0.000001
3174,40,0xAD9B750368214CFE,22,22,22,40,1,6160813,138095,17890,54.413804,1.365296,0.001979,0.000001
3175,36,0x59B31082C4E76AFD,20,20,20,44,1,344577,7987,15609,2.625030,0.045241,0.001597,0.000001
3176,28,0xE9A7F1D0548CB326,14,14,14,44,1,15,15,10187,0.000352,0.000403,0.001403,0.000001
3177,26,0x4FD3AB58796EC012,15,15,15,31,1,6453,198,11014,0.016396,0.001363,0.001223,0.000001
3178,30,0xC9F7EBD1A5620834,15,15,15,43,1,19,19,11079,0.000389,0.000437,0.001238,0.000000
3179,28,0x70BDA21FE93C5648,17,17,17,45,1,81300,1432,13126,0.385934,0.009246,0.001269,0.000001
3180,26,0x729653D0F8C41ABE,16,16,16,42,1,55819,3980,11799,0.247669,0.019729,0.001251,0.000001
3181,32,0x964CEB3528AD0F17,17,17,17,35,1,2379,10071,13142,0.005657,0.056132,0.001297,0.000001
3182,32,0x24FBC38E1D96570A,18,18,18,34,1,34680,454,13873,0.117132,0.003046,0.001443,0.000001
3183,32,0x6847B9F35E2AC0D1,18,18,18,40,1,25981,504,14163,0.085934,0.003185,0.001338,0.000001
3184,30,0xBA7ED13602C59F48,17,17,17,45,1,28391,620,12972,0.092740,0.003847,0.001271,0.000001
3185,36,0xAD96C5EB203187F4,19,19,21,33,1,30657,2784,16964,0.104060,0.016099,0.001685,0.000001
3186,30,0xB6EDC450897F3A21,16,16,16,34,1,1490,423,12064,0.004277,0.002595,0.001257,0.000001
3187,38,0x0DE7F64BA528C913,19,19,19,43,1,4067,1634,15111,0.009580,0.008617,0.001420,0.000001
3188,26,0xF60A897ED41C5B32,17,17,17,39,1,374757,28729,12553,2.422833,0.166029,0.001265,0.000001
3189,32,0xAFC45713B8D0692E,17,17,17,39,1,3212,10201,13245,0.008403,0.058795,0.001320,0.000001
3190,30,0xC6DE4390518BA2F7,15,15,15,41,1,343,645,11624,0.001158,0.003785,0.001173,0.000001
3191,32,0x0BCE894DA576312F,17,17,17,31,1,2414,338,13152,0.005684,0.002069,0.001595,0.000001
3192,32,0xA43901FD76E58CB2,17,17,17,43,1,4342,55,12921,0.010122,0.000626,0.001291,0.000001
3193,28,0x9D8FA730B5E4126C,14,14,14,42,1,23,23,10290,0.000374,0.000451,0.001083,0.000001
3194,36,0x3854B16A09FCED27,19,19,19,39,1,37017,1325,15057,0.137696,0.007905,0.001416,0.000001
3195,36,0x4D13FB5EC9A08276,19,19,19,43,1,40638,18284,15053,0.197379,0.116927,0.001526,0.000001
3196,30,0xAD57683C2B0EF194,17,17,17,39,1,27848,565,12971,0.092768,0.003670,0.001327,0.000001
3197,32,0xE6DB349208C715AF,17,17,17,37,1,8736,118,13064,0.024074,0.000965,0.001279,0.000001
3198,34,0x2AE75B608C1DF493,19,19,19,39,1,234567,3767,14978,1.786183,0.022127,0.001549,0.000001
3199,30,0x69C807B12AD45F3E,16,16,16,38,1,3164,2102,12308,0.008475,0.011658,0.001325,0.000001
3200,32,0xBA4502F6D1E73C89,17,17,17,47,1,9729,292,12874,0.027167,0.001819,0.001298,0.000001
3201,30,0x1FB6D793E4208A5C,15,15,15,43,1,169,169,11321,0.000693,0.001174,0.001172,0.000001
3202,34,0x0B6D4FA8C91E2735,17,17,17,45,1,18,18,13096,0.000367,0.000441,0.001318,0.000001
3203,40,0x01C6E49387BF5DA2,20,20,22,38,1,269,216,17867,0.000869,0.001601,0.002062,0.000001
3204,34,0xC5FD02361A4B987E,17,17,17,45,1,186,186,12950,0.001017,0.001646,0.001751,0.000001
3205,30,0xC8D54F03E716B9A2,16,16,16,50,1,1539,1395,12124,0.005361,0.007619,0.001168,0.000001
3206,26,0x7ABD85EFC6149302,14,14,14,40,1,516,15,10394,0.001302,0.000365,0.001049,0.000001
3207,34,0xABF5D3091E284C67,18,18,18,44,1,22865,419,14201,0.072998,0.002837,0.001362,0.000001
3208,26,0xCAB4D530967EF281,13,13,13,39,1,15,15,9324,0.000359,0.000409,0.001015,0.000000
3209,30,0x0BF3ED297C58164A,17,17,17,39,1,46639,1054,13073,0.223985,0.006040,0.001294,0.000001
3210,34,0x5E8B630724D9F1AC,17,17,17,39,1,37,37,13343,0.000450,0.000539,0.001292,0.000001
3211,26,0x7E05B13A4CD698F2,14,14,14,38,1,695,95,10160,0.001801,0.000818,0.001055,0.000001
3212,36,0x54EB1F230D7896CA,19,19,19,49,1,28195,401,14759,0.091272,0.002911,0.001410,0.000001
3213,32,0x67FDC582E1B39A04,16,16,16,38,1,81,109,12117,0.000520,0.000910,0.001215,0.000001
3214,32,0x93C47FE0D5B268A1,17,17,17,43,1,1028,751,12992,0.002777,0.004209,0.001341,0.000001
3215,36,0x1AF73E460DB92C85,20,20,20,40,1,403995,9810,16076,3.587132,0.061413,0.001495,0.000001
3216,36,0xB5FD6209C1E348A7,19,19,19,39,1,73162,26,14788,0.367568,0.000520,0.001569,0.000001
3217,32,0x7DE94A0B28C163F5,18,18,18,36,1,48073,1117,14130,0.221503,0.006270,0.001369,0.000001
3218,32,0xCD5681720AF4E3B9,17,17,17,41,1,8949,698,12844,0.021774,0.003951,0.001287,0.000001
3219,34,0x2D67C981BA35EF04,19,19,19,37,1,155483,1480,14814,0.918191,0.009381,0.001507,0.000001
3220,36,0x84B3217AD56CE09F,19,19,19,39,1,35570,9318,14840,0.128158,0.055024,0.001491,0.000001
3221,30,0x6F5E20A43DC789B1,17,17,17,41,1,26055,408,12992,0.079794,0.002665,0.001321,0.000001
3222,34,0x1BD572AF3809CE46,18,18,18,40,1,11922,9319,14004,0.033775,0.054914,0.001329,0.000001
3223,24,0x9E42B15D3F7C6A08,14,14,14,38,1,1866,107,10249,0.004775,0.000863,0.001060,0.000001
3224,28,0xC7BA89645E1F320D,15,15,15,29,1,2206,323,11291,0.005277,0.002034,0.001125,0.000001
3225,34,0x2BC685041E7FA93D,18,18,18,38,1,3926,18432,13925,0.009294,0.103600,0.001368,0.000001
3226,26,0x42CA30BDFE675819,15,15,15,39,1,3197,163,11007,0.007799,0.001150,0.001128,0.000001
3227,32,0x67E0B24DC318F9A5,17,17,17,43,1,8739,18,13158,0.021695,0.000430,0.001317,0.000001
3228,28,0x3465019A7CF8B2DE,16,16,16,40,1,17189,1067,11906,0.045477,0.006166,0.001207,0.000001
3229,36,0x270EBC4F89A53D16,18,18,18,36,1,550,578,14324,0.001540,0.003249,0.001372,0.000001
3230,38,0x4160B2F35A8E9DC7,19,19,19,47,1,5647,3741,15322,0.014090,0.019765,0.001449,0.000001
3231,26,0x0AB63CD8E2579F41,14,14,14,36,1,396,845,10120,0.001107,0.004560,0.001051,0.000001
3232,30,0x6985DBE47F10C3A2,16,16,16,38,1,966,4803,12271,0.002329,0.025407,0.001221,0.000001
3233,34,0x2DBAE160FC375489,18,18,18,48,1,6180,1127,14092,0.015750,0.006222,0.001347,0.000001
3234,28,0xE3148F6A7D25B09C,16,16,16,42,1,17683,913,12211,0.048624,0.005661,0.001215,0.000001
3235,38,0x9D730145EAB6FC28,19,19,19,43,1,2034,1409,14831,0.005021,0.007671,0.001460,0.000001
3236,30,0xA7C4921D8BF5E063,16,16,16,40,1,839,17,12340,0.002220,0.000435,0.001230,0.000001
3237,28,0x27FD3A6E9C048B15,17,17,17,39,1,68304,3924,13142,0.320712,0.020326,0.001726,0.000001
3238,34,0x39F4E275C0A816BD,17,17,17,43,1,28,20,12871,0.000586,0.000756,0.001453,0.000000
3239,24,0x0648B3DAF7EC9152,15,15,15,39,1,11648,241,11073,0.028166,0.001541,0.001114,0.000001
3240,34,0x89231AD5B4C7FE60,19,19,19,39,1,262605,10873,14985,1.909923,0.065308,0.001500,0.000001
3241,22,0xDAE418B0F3C72659,14,14,14,38,1,9419,15,10073,0.020138,0.000416,0.001056,0.000001
3242,36,0x012694EC385FB7DA,18,18,20,46,1,10000,4378,16150,0.027425,0.023328,0.001502,0.000001
3243,24,0xBFDA809CE1625734,14,14,14,40,1,3039,215,10221,0.006922,0.001383,0.001059,0.000001
3244,28,0x6A9F2378D4E05CB1,16,16,16,44,1,11006,92,12093,0.028226,0.000858,0.001219,0.000001
3245,30,0xA8403CD2F5EB1796,18,18,18,36,1,209635,4788,13871,1.520145,0.027161,0.001328,0.000001
3246,36,0x7D8A1F45B960EC23,18,18,18,44,1,1390,2220,14001,0.003535,0.011608,0.001341,0.000001
3247,38,0x31085C7F642D9BAE,20,20,20,48,1,51283,3522,15949,0.249478,0.022290,0.001487,0.000001
3248,38,0x107A842DC5E9FB36,19,19,19,39,1,11976,6331,15271,0.034496,0.034370,0.001440,0.000001
3249,34,0x74E3F685B21ACD09,18,18,18,36,1,22979,57,13940,0.079414,0.000655,0.001350,0.000001
3250,34,0xC45F6EAD079B8123,17,17,17,43,1,320,254,12800,0.001627,0.001554,0.001247,0.000001
3251,34,0x3D46F2AC809157EB,18,18,18,40,1,7547,1178,14054,0.018983,0.006291,0.001367,0.000001
3252,34,0x4968CBD21EA5073F,18,18,18,34,1,19899,25,14231,0.065127,0.000505,0.001378,0.000001
3253,36,0x9B837FEC60A241D5,20,20,20,38,1,596209,10951,15909,4.826168,0.064310,0.001462,0.000001
3254,34,0xC1376082AF54DE9B,17,17,17,45,1,46,28,13304,0.000392,0.000475,0.001370,0.000001
3255,36,0x87E2BCF5D9A10436,19,19,19,37,1,45833,145,15049,0.227037,0.001353,0.001424,0.000001
3256,24,0x8290BF7AD6451E3C,14,14,14,40,1,1913,87,10229,0.004626,0.000771,0.001088,0.000001
3257,34,0x51E79C28D0B6A4F3,18,18,18,34,1,29127,19,13732,0.095462,0.000475,0.001334,0.000001
3258,34,0x308DF746A259B1CE,18,18,18,42,1,12435,19,14148,0.034469,0.000484,0.001363,0.000001
3259,36,0x204D63C98B5E1FA7,19,19,19,39,1,71334,704,14800,0.338441,0.005129,0.001549,0.000001
3260,28,0x3C52AF4786D0BE19,15,15,15,37,1,587,28,11187,0.001528,0.000475,0.001153,0.000001
3261,30,0xCAD021FB643E8579,18,18,18,52,1,258460,7932,14043,1.811816,0.044993,0.001327,0.000001
3262,32,0x3528C47BD61E9AF0,16,16,16,36,1,95,108,12469,0.000505,0.000863,0.001213,0.000001
3263,30,0x90CFBA16452D8E73,18,18,18,40,1,333729,16339,14168,2.255288,0.088982,0.001443,0.000001
3264,26,0xEF8B9215A6CD4730,15,15,15,39,1,6038,136,11230,0.014326,0.000955,0.001118,0.000001
3265,30,0x7892AF5EC3B1D604,15,15,15,37,1,523,445,11083,0.001334,0.002769,0.001460,0.000001
3266,28,0xE3F69A84C7251D0B,15,15,15,35,1,620,116,11368,0.001766,0.000888,0.001151,0.000001
3267,28,0x0B38C9DA16FE2754,16,16,16,34,1,24373,949,12061,0.080441,0.005506,0.001210,0.000001
3268,32,0xAE3C1B2580D794F6,17,17,17,41,1,7778,636,13071,0.019121,0.003750,0.001310,0.000001
3269,32,0xCDF467B180E2A395,17,17,17,39,1,1819,539,13156,0.004324,0.003007,0.001286,0.000001
3270,30,0x8E30F2CAB5971D64,16,16,16,38,1,1729,1364,12206,0.004424,0.008596,0.001249,0.000001
3271,28,0xB41CE8579D36A2F0,15,15,15,41,1,1361,1134,11271,0.003293,0.006045,0.001213,0.000001
3272,30,0x639472AD18B5FEC0,15,15,15,39,1,16,16,11282,0.000361,0.000411,0.001168,0.000001
3273,24,0x48BD970AF6C5E312,13,13,13,31,1,325,718,9455,0.000951,0.004021,0.001049,0.000001
3274,32,0xB1C50D2E46387F9A,16,16,16,44,1,17,17,12302,0.000356,0.000421,0.001205,0.000001
3275,28,0x46FD39E82A015B7C,15,15,15,41,1,453,72,10951,0.001395,0.000749,0.001122,0.000001
3276,32,0xB7E649DC0312A8F5,19,19,19,35,1,411715,12214,15054,3.521351,0.068542,0.001686,0.000001
3277,32,0xB570F364EC1A928D,17,17,17,47,1,2334,670,12903,0.005704,0.003713,0.001271,0.000001
3278,30,0x9103DA486275FEBC,17,17,17,41,1,18824,513,13107,0.050951,0.003199,0.001320,0.000001
3279,34,0x71F05CB36AD9482E,19,19,19,37,1,183327,2149,14873,1.443941,0.015473,0.001440,0.000001
3280,32,0xB241EAF3D578096C,17,17,17,37,1,2476,6838,12824,0.005882,0.035565,0.001282,0.000001
3281,30,0x580C12763E94DFBA,17,17,17,41,1,44618,1324,13017,0.204142,0.007559,0.001261,0.000001
3282,30,0xF4C0296835DBA17E,15,15,15,39,1,175,169,11248,0.000690,0.001169,0.001136,0.000001
3283,36,0x3492CA6E51BD870F,19,19,19,35,1,26881,166,14921,0.090804,0.001315,0.001448,0.000001
3284,32,0x9F6A341D578EC02B,16,16,16,42,1,347,347,12308,0.001220,0.002075,0.001196,0.000001
3285,34,0x25619FA4EBCD8370,19,19,19,39,1,435859,21282,14934,3.604665,0.124237,0.001432,0.000001
3286,30,0xCB68023A947E5FD1,17,17,17,43,1,36219,470,13003,0.140916,0.003127,0.001344,0.000001
3287,22,0xE8D4BA0721FC3659,13,13,13,37,1,1358,91,9185,0.003672,0.000801,0.001071,0.000001
3288,26,0x7FC28A6594DE31B0,15,15,15,33,1,5561,173,11266,0.013572,0.001254,0.001218,0.000001
3289,34,0x5A97CE013F2B84D6,18,18,18,40,1,828,547,14369,0.002193,0.003031,0.001370,0.000001
3290,36,0xCA570D2F9B8E6413,19,19,19,43,1,21296,16862,15175,0.072222,0.095530,0.001442,0.000001
3291,32,0xA182B5F3E4CD9670,16,16,16,38,1,48,41,12296,0.000415,0.000546,0.001220,0.000001
3292,28,0x7598143CFE26A0BD,16,16,16,44,1,8471,249,11686,0.020281,0.001579,0.001181,0.000001
3293,36,0x93E1F47B5D8A6C02,20,20,20,40,1,411513,8953,15877,3.626007,0.056490,0.001516,0.000001
3294,30,0xEDCF03B21847A596,15,15,15,49,1,16,16,11185,0.000382,0.000413,0.001175,0.000001
3295,38,0xA1B843FD0C62E579,20,20,20,42,1,75222,33,15906,0.375859,0.000568,0.001647,0.000001
3296,36,0xA947160B8D52E3FC,18,18,18,44,1,5112,3996,14186,0.015369,0.021441,0.001366,0.000001
3297,22,0xB67DA89C453F2E01,14,14,14,30,1,7549,54,10119,0.017323,0.000626,0.001062,0.000001
3298,34,0xCB87D50196E23FA4,18,18,18,48,1,5093,2747,14044,0.012507,0.014630,0.001474,0.000001
3299,36,0x1592BD6E30C78A4F,18,18,20,34,1,83,83,16102,0.000526,0.000752,0.001484,0.000001
3300,30,0xFEDB42A38C975160,15,15,15,41,1,28,28,11442,0.000386,0.000465,0.001169,0.000001
3301,32,0xE6B75F31ADC09482,16,16,16,44,1,29,29,12295,0.000379,0.000474,0.001200,0.000001
3302,36,0x71F9C5A2468BED30,18,18,20,32,1,1480,1322,16254,0.003917,0.007791,0.001453,0.000001
3303,32,0xA5321BDF678E94C0,18,18,18,40,1,54780,1817,13891,0.249332,0.011078,0.001456,0.000001
3304,40,0x0E63FD7BA42189C5,20,20,20,40,1,153,153,15994,0.000889,0.001557,0.001638,0.000001
3305,28,0xB5AE298C6137F4D0,14,14,14,38,1,15,15,10390,0.000351,0.000419,0.001101,0.000001
3306,34,0xE792A0D34B51C86F,18,18,18,40,1,19619,175,13944,0.065084,0.001940,0.002166,0.000001
3307,36,0x192D83EBA0567C4F,18,18,20,38,1,435,227,15855,0.001705,0.001539,0.001482,0.000001
3308,36,0x102DC8753BFAE694,18,18,20,36,1,743,743,15850,0.002299,0.004281,0.001468,0.000001
3309,30,0xB19E2AD70CF64835,16,16,16,36,1,565,3379,11907,0.001504,0.017546,0.001190,0.000000
3310,32,0x2C7543D6EAF80B91,19,19,19,39,1,528854,10839,14797,4.183273,0.062168,0.001395,0.000001
3311,32,0xB96DA0478E53FC12,18,18,18,42,1,45564,1079,13836,0.218968,0.006877,0.001469,0.000001
3312,40,0xA039D4E7F521CB86,20,20,20,44,1,4997,4857,15915,0.013223,0.026307,0.001637,0.000001
3313,38,0x23409E6DA78B15FC,20,20,20,38,1,186150,114,15712,1.462316,0.001077,0.002427,0.000001
3314,36,0x68AE750194BDC23F,19,19,19,41,1,17930,41064,15170,0.054525,0.326705,0.001482,0.000001
3315,32,0x76CF45013D8AB29E,16,16,18,44,1,449,441,13767,0.001460,0.002516,0.001322,0.000001
3316,42,0x40A5CD673198FBE2,21,21,23,33,1,1550,1542,18461,0.004104,0.008644,0.001668,0.000001
3317,38,0x137A49EFD2805B6C,20,20,20,42,1,100073,28943,16038,0.649581,0.179349,0.001513,0.000001
3318,36,0x385149C06FBAD72E,18,18,18,38,1,188,184,14223,0.000791,0.001279,0.001334,0.000001
3319,36,0x0F216E354CDA789B,18,18,20,40,1,578,546,15998,0.001754,0.003210,0.001476,0.000000
3320,32,0xD48F97062C5B13EA,17,17,17,41,1,2039,456,13146,0.005399,0.002608,0.001356,0.000001
3321,28,0xB9C61F8A347E0D25,16,16,16,40,1,15849,206,12075,0.040817,0.001475,0.001194,0.000001
3322,32,0x9185ECBD623F407A,18,18,18,38,1,52274,735,14013,0.239992,0.004585,0.001408,0.000001
3323,36,0x61F74098BE235CAD,18,18,18,44,1,19,19,14168,0.000364,0.000420,0.001354,0.000001
3324,32,0xBC07219F3D4E658A,16,16,16,52,1,198,105,12236,0.000727,0.000844,0.001203,0.000001
3325,36,0xB8C30152DF69EA47,19,19,21,45,1,17575,3552,16991,0.049650,0.019423,0.001574,0.000001
3326,32,0x028436ADCF7E95B1,17,17,17,37,1,3011,2038,13219,0.007046,0.010571,0.001305,0.000001
3327,32,0x193A7F5C6BDE4082,18,18,18,38,1,84231,3861,13653,0.397799,0.021505,0.001517,0.000001
3328,30,0xCD51B64A8E9370F2,16,16,16,32,1,316,783,12143,0.001123,0.004797,0.001286,0.000001
3329,32,0x6B2C394E1AFD8570,17,17,17,39,1,3373,3065,13098,0.008802,0.016305,0.001284,0.000001
3330,34,0x3C146F8EBD2907A5,18,18,18,42,1,5112,2055,13853,0.012128,0.010831,0.001331,0.000001
3331,24,0xED90B583761FA24C,14,14,14,44,1,4812,228,10300,0.010611,0.001494,0.001095,0.000001
3332,32,0x2D5F8B31749A0C6E,18,18,18,36,1,107778,3052,14051,0.682472,0.018161,0.001442,0.000001
3333,32,0xB95D613A8FCE4072,17,17,17,37,1,2889,9334,12966,0.008032,0.047002,0.001278,0.000001
3334,34,0x48127BEA5390D6CF,17,17,17,41,1,702,266,12883,0.001903,0.001646,0.001258,0.000001
3335,36,0xA90D8132C45BF76E,20,20,20,44,1,244232,5354,15926,1.893209,0.031277,0.001471,0.000001
3336,30,0xEFB8C372605A1D49,17,17,17,43,1,45605,1821,13119,0.202834,0.009913,0.001346,0.000001
3337,34,0x29E7F481BA3605DC,17,17,19,43,1,157,89,14905,0.000675,0.000799,0.001404,0.000001
3338,36,0xD8A3E7FB912C4605,18,18,18,40,1,2953,3315,14178,0.007065,0.017540,0.001356,0.000001
3339,32,0xAC6502BD8791F43E,17,17,17,41,1,3280,1285,13170,0.007816,0.007213,0.001297,0.000001
3340,40,0x496F25C3081EABD7,20,20,20,44,1,12320,11988,15837,0.033853,0.066414,0.001464,0.000001
3341,28,0x1D2FA69CB453E708,16,16,16,40,1,18403,257,12133,0.048232,0.001744,0.001207,0.000001
3342,34,0xB71D68A359C2E04F,17,17,19,37,1,1302,2185,14905,0.003683,0.011083,0.001478,0.000001
3343,34,0x95AB3DCF70128E46,17,17,17,39,1,18,18,12918,0.000367,0.000429,0.001262,0.000001
3344,32,0xAED621B4C38950F7,16,16,16,38,1,17,17,12258,0.000356,0.000415,0.001220,0.000001
3345,24,0xC2589DBE1AF46370,13,13,13,33,1,947,14,9281,0.002281,0.000394,0.000985,0.000001
3346,36,0xD1CF36AE2987054B,18,18,18,42,1,19,19,14242,0.000354,0.000427,0.001359,0.000000
3347,30,0x65709CF842D3A1BE,17,17,17,43,1,11801,5346,13184,0.032643,0.026442,0.001294,0.000001
3348,34,0xC0DB571E329F846A,17,17,17,41,1,3785,3039,13321,0.008911,0.016065,0.001284,0.000001
3349,32,0xE1D4936728C5FB0A,16,16,16,40,1,497,440,12191,0.001334,0.002535,0.001252,0.000001
3350,32,0xABF7409135D2CE68,16,16,16,44,1,18,18,12193,0.000362,0.000413,0.001200,0.000001
3351,34,0x103D9CA76FB4E528,18,18,20,36,1,8911,11692,15969,0.022480,0.064391,0.001474,0.000001
3352,30,0x30A29CF875BE14D6,17,17,17,35,1,29958,1008,13018,0.115672,0.006704,0.001386,0.000001
3353,28,0x6CB0953427DEF81A,16,16,16,36,1,18144,871,11986,0.050865,0.005298,0.001200,0.000001
3354,24,0x50FEA3182D7496BC,13,13,13,43,1,531,14,9107,0.001936,0.000405,0.001011,0.000001
3355,30,0xC78EFDB0A1495326,15,15,15,47,1,127,16,11243,0.000592,0.000410,0.001142,0.000001
3356,30,0xA4B69DCFE3120758,17,17,17,37,1,31201,878,13026,0.105677,0.005434,0.001746,0.000001
3357,36,0x5AB201689DE7F3C4,19,19,19,41,1,24167,13619,15125,0.081450,0.076069,0.001477,0.000001
3358,36,0x4A2758C13BED9F06,19,19,19,31,1,3382,7526,14904,0.008507,0.040430,0.001929,0.000001
3359,36,0x2804D9EC5FAB7163,18,18,18,38,1,9973,6701,14239,0.033386,0.036195,0.001366,0.000001
3360,30,0x0918B2C3DF465E7A,17,17,17,41,1,16831,257,13202,0.047160,0.002423,0.001411,0.000001
3361,36,0xC924E87DA3016FB5,19,19,19,43,1,12988,23280,14982,0.035310,0.143050,0.001460,0.000001
3362,26,0xB6C7F4309D5E821A,15,15,17,47,1,3395,4802,12815,0.008323,0.022852,0.001259,0.000001
3363,32,0x231BE84C7096F5DA,17,17,17,39,1,8261,1840,12758,0.019229,0.009923,0.001250,0.000001
3364,34,0x57C481B3D6A90E2F,18,18,18,34,1,17232,7359,13712,0.046790,0.039313,0.001333,0.000001
3365,28,0x180623A9FD74BE5C,16,16,16,40,1,7504,247,11868,0.017493,0.001592,0.001190,0.000001
3366,28,0xBED21C867904A5F3,15,15,15,35,1,561,669,11399,0.001496,0.004023,0.001151,0.000001
3367,34,0xE213DB74596FA8C0,18,18,18,34,1,4536,6703,14041,0.010706,0.036360,0.001374,0.000001
3368,32,0x1A097B34F85DC6E2,16,16,16,38,1,23,23,12120,0.000373,0.000447,0.001213,0.000000
3369,26,0x2F531B8C94DE7A06,15,15,15,37,1,5604,75,11159,0.012706,0.000696,0.001162,0.000001
3370,30,0x2A4FE6085C3D917B,17,17,17,45,1,26834,1062,12951,0.084798,0.006420,0.001261,0.000001
3371,36,0x438FDC76B2A0591E,19,19,19,35,1,34577,29,15367,0.123228,0.000525,0.002018,0.000001
3372,36,0x796E0B3F84D1C5A2,19,19,19,47,1,65288,14950,14817,0.318323,0.086147,0.001383,0.000001
3373,38,0x37B48DC591A2EF06,21,21,21,31,1,1004109,17250,16951,9.253411,0.104347,0.001553,0.000001
3374,32,0x041B683ADC95F27E,17,17,17,37,1,1851,872,13093,0.004830,0.004604,0.001266,0.000001
3375,28,0x3A42FB7816D0C59E,16,16,16,40,1,11993,396,12202,0.031804,0.002549,0.001329,0.000001
3376,26,0xF574A82EB9C613D0,15,15,15,33,1,4537,197,11299,0.010244,0.001351,0.001141,0.000001
3377,26,0xABF04E197685D2C3,14,14,14,42,1,1203,16,10349,0.002863,0.000418,0.001103,0.000001
3378,38,0x09132C87B65AE4DF,19,19,21,37,1,2015,2001,17180,0.004823,0.010794,0.001551,0.000001
3379,38,0xF1E20A75C69B8D43,20,20,20,38,1,46483,2879,16081,0.250477,0.017258,0.001632,0.000001
3380,38,0x83E41A26095DCFB7,20,20,20,42,1,87972,21,16038,0.572665,0.000478,0.001772,0.000001
3381,34,0xC845697A20EF31DB,19,19,19,39,1,92202,1862,14757,0.582286,0.011205,0.001508,0.000001
3382,28,0xB15D7A26E0C4F938,16,16,16,34,1,5028,80,12074,0.013129,0.000762,0.001304,0.000001
3383,30,0x5D481B3C07A692FE,17,17,17,39,1,34984,1434,12794,0.108079,0.008127,0.001268,0.000001
3384,30,0xA310EC4B7F59D286,16,16,18,40,1,2132,1875,13993,0.005017,0.010261,0.001335,0.000001
3385,28,0x349B267CF8D5EA01,15,15,15,39,1,1079,1758,11005,0.002508,0.009233,0.001125,0.000001
3386,32,0x735FE8964CAB2D01,17,17,17,33,1,9183,107,13123,0.029111,0.000942,0.001292,0.000001
3387,30,0xF95E8D41A7C26B03,18,18,18,40,1,331086,20170,13579,2.339219,0.106661,0.001394,0.000001
3388,34,0x4BCF6E270D893A15,18,18,18,38,1,2497,2322,13967,0.006152,0.012298,0.001378,0.000001
3389,34,0xE3A975BF84612CD0,17,17,17,35,1,4075,2010,13313,0.009576,0.010405,0.001298,0.000001
3390,28,0x3751EF9246CAB08D,16,16,16,38,1,16264,785,12326,0.043452,0.005754,0.001194,0.000001
3391,38,0x9243D05FE1AC786B,20,20,20,44,1,129030,1060,15764,0.786802,0.008320,0.001611,0.000001
3392,32,0x5E1874FBDC3209A6,16,16,16,42,1,332,258,12266,0.001137,0.001656,0.001428,0.000001
3393,28,0x0C857A92BF6D31E4,15,15,15,33,1,190,422,11267,0.000751,0.002614,0.001229,0.000001
3394,32,0xB1C856A32F7E0D94,17,17,17,33,1,2662,539,13260,0.006941,0.003064,0.001276,0.000000
3395,34,0xB4023DC58E6F791A,18,18,18,44,1,18421,21,14032,0.052486,0.000468,0.001455,0.000001
3396,36,0x1305269784CEFADB,18,18,20,44,1,4293,3904,15729,0.010431,0.020260,0.001480,0.000001
3397,34,0xE13DAC475902F6B8,19,19,19,41,1,264519,5143,15176,2.048166,0.031410,0.001418,0.000001
3398,26,0x36F792B85CED41A0,14,14,14,34,1,608,461,10353,0.001481,0.002570,0.001125,0.000001
3399,26,0x2ED8B94C70AF6135,16,16,16,36,1,38930,2469,12060,0.122754,0.012518,0.001662,0.000001
3400,36,0x4039A51BEC6F7D28,20,20,20,44,1,413219,7995,16089,3.666916,0.046408,0.001501,0.000001
3401,34,0x3A91675B0FED42C8,19,19,19,37,1,222531,7691,15058,1.655842,0.044667,0.001420,0.000001
3402,38,0x8012E5CD6BF3794A,20,20,20,44,1,108154,1010,15577,0.699428,0.006603,0.002056,0.000001
3403,32,0xE43CD2657180B9FA,17,17,19,47,1,2887,351,15203,0.007109,0.002127,0.001402,0.000001
3404,28,0xADF4C678EB013592,16,16,16,38,1,18683,694,12111,0.048309,0.004250,0.001200,0.000001
3405,30,0x7480D2961FAB3E5C,16,16,16,44,1,4691,923,12083,0.010588,0.005068,0.001198,0.000001
3406,28,0xFEDC1472095A386B,15,15,15,43,1,1545,1085,11295,0.003678,0.005724,0.001135,0.000000
3407,30,0xF6985DA20713ECB4,15,15,15,35,1,16,16,11511,0.000358,0.000409,0.001175,0.000001
3408,34,0x90FB5A86C3D142E7,17,17,17,39,1,18,18,13033,0.000359,0.000412,0.001270,0.000000
3409,34,0x3E9841CB20AD5F76,18,18,18,38,1,16169,1081,13980,0.043990,0.006267,0.001367,0.000001
3410,32,0xE165389D27CB0F4A,17,17,17,35,1,4634,40,13172,0.010691,0.000536,0.001322,0.000001
3411,32,0xDB71EFC60582A394,18,18,18,42,1,70268,929,14106,0.325978,0.005456,0.001359,0.000001
3412,36,0xA1B9E5D20486FC73,18,18,18,34,1,20,20,13980,0.000364,0.000451,0.001462,0.000001
3413,34,0x2D8FCE4BA0591763,18,18,18,42,1,13551,362,13951,0.037088,0.002282,0.001333,0.000001
3414,38,0x0DEA62F71B985C43,19,19,21,39,1,4316,2583,16781,0.010801,0.013967,0.001512,0.000001
3415,34,0xE9A53B842C01DF67,18,18,18,38,1,6136,1161,13909,0.015352,0.006152,0.001355,0.000001
3416,36,0x086BCA53497D2F1E,19,19,19,33,1,14325,62,15162,0.041431,0.000665,0.001430,0.000001
3417,32,0x26018FA9735ECDB4,17,17,17,45,1,3822,2797,13065,0.009813,0.014890,0.001258,0.000001
3418,34,0x94B6D20E8F73C15A,18,18,18,44,1,6293,1629,14067,0.015658,0.008626,0.001322,0.000001
3419,26,0x5E4A8B967C1302DF,14,14,14,34,1,273,720,10419,0.000879,0.004407,0.001077,0.000001
3420,38,0x73120E6C9D8FB5A4,20,20,22,50,1,70127,2283,17012,0.361021,0.013852,0.001581,0.000001
3421,30,0xD5941CE827A60F3B,17,17,17,37,1,9222,207,13102,0.022702,0.001447,0.001276,0.000001
3422,28,0xFA1C498B3E275D06,15,15,15,37,1,1122,160,11250,0.002770,0.001158,0.001138,0.000000
3423,30,0x5B94D07CE826A3F1,15,15,15,43,1,16,16,11204,0.000351,0.000412,0.001145,0.000001
3424,30,0x162C0EBA378495DF,17,17,17,43,1,19926,478,13373,0.062760,0.003008,0.001307,0.000001
3425,32,0x16CE287F35BA09D4,17,17,17,39,1,1084,828,13117,0.002846,0.004660,0.001272,0.000001
3426,40,0x91C27603B5A8E4FD,21,21,21,39,1,139657,69673,16976,0.912390,0.558041,0.001756,0.000001
3427,38,0xB8A549371DE6CF20,20,20,20,32,1,135634,2602,16108,0.879087,0.015950,0.001696,0.000001
3428,32,0x547BFC318E2DA609,17,17,17,45,1,1966,222,12868,0.008396,0.001525,0.001264,0.000001
3429,24,0xC0EF2B16475D3A98,12,12,12,42,1,13,13,8243,0.000358,0.000404,0.000930,0.000001
3430,34,0x7C8049351BAEF2D6,17,17,19,39,1,888,888,14907,0.002266,0.004610,0.001427,0.000001
3431,38,0xEB61A3048957CDF2,20,20,20,40,1,93099,793,15816,0.619070,0.005265,0.001750,0.000001
3432,32,0x4F651EB3A2D8097C,17,17,17,41,1,9347,2964,12900,0.024190,0.015315,0.001277,0.000001
3433,30,0x4C1D96A5E073FB82,17,17,19,33,1,8697,15597,14698,0.021293,0.079538,0.001391,0.000001
3434,30,0x79C8234FE061BA5D,16,16,16,48,1,2547,17,11894,0.006175,0.000413,0.001198,0.000001
3435,30,0xF76B5291483CDA0E,16,16,18,42,1,17075,13651,13867,0.044255,0.071953,0.001337,0.000001
3436,32,0x68BDC539147F0E2A,19,19,19,39,1,572637,18905,14556,4.523246,0.104963,0.001391,0.000001
3437,32,0x9F1C6D52873BAE04,18,18,18,38,1,78999,2075,14117,0.397161,0.013397,0.001458,0.000001
3438,32,0xED8761CA39BF0254,16,16,16,38,1,17,17,12157,0.000387,0.000419,0.001308,0.000001
3439,36,0x892E3D57F1C0AB46,18,18,20,42,1,15827,14244,15921,0.049052,0.078365,0.001551,0.000001
3440,30,0xE8B769AD3C52401F,16,16,16,32,1,2875,25,12282,0.007558,0.000505,0.001228,0.000001
3441,30,0xE14FB0326C5978AD,16,16,16,52,1,4479,513,12135,0.010282,0.002889,0.001250,0.000001
3442,28,0xB8ACF97361045ED2,15,15,15,41,1,833,16,11217,0.002112,0.000462,0.001178,0.000001
3443,40,0x810496E72B5ACFD3,21,21,21,37,1,265826,31663,16755,2.045122,0.193117,0.001571,0.000001
3444,32,0x7139E0BDA4FC8265,18,18,18,48,1,17481,598,14137,0.047300,0.003536,0.001353,0.000001
3445,30,0x2C3FAB0456E1978D,17,17,17,43,1,33389,1405,12996,0.103676,0.007812,0.001245,0.000001
3446,32,0x61E0DA9B825374CF,18,18,18,40,1,69002,2021,14254,0.338775,0.012724,0.001587,0.000001
3447,24,0x5F0CB2DA16E37489,14,14,14,44,1,2934,175,10540,0.007914,0.001208,0.001079,0.000001
3448,40,0x43120AE75C8D9B6F,20,20,20,48,1,21,21,16009,0.000357,0.000434,0.001555,0.000001
3449,36,0x968350EC41BFA7D2,18,18,18,42,1,338,238,14064,0.001056,0.001554,0.001332,0.000000
3450,26,0xF4CAB02D75318E96,15,15,15,43,1,5508,173,11272,0.012586,0.001204,0.001153,0.000001
3451,32,0x692EF4BD0CA87315,17,17,17,43,1,1573,1547,13179,0.003867,0.008516,0.001281,0.000001
3452,24,0xECD619F5B4023A78,15,15,15,51,1,15542,468,11129,0.040221,0.002706,0.001130,0.000001
3453,30,0x6CBD0E2F749A8531,17,17,17,45,1,15308,252,13485,0.040940,0.001664,0.001281,0.000001
3454,32,0x62C3AE4B597D8F01,17,17,19,33,1,2915,2882,14812,0.007380,0.015323,0.001386,0.000001
3455,36,0x29A54CDE10F8637B,18,18,18,40,1,90,106,13954,0.000510,0.000874,0.001337,0.000001
3456,32,0xA71E5B26D0C8F349,17,17,19,41,1,3399,8437,14785,0.007720,0.042055,0.001408,0.000001
3457,36,0xF2095786EDB1A4C3,19,19,19,39,1,18729,92,14920,0.051211,0.000939,0.001408,0.000001
3458,26,0x75EFDA2C1603B894,16,16,16,44,1,47116,2394,12144,0.202170,0.012587,0.001199,0.000001
3459,32,0xF1C4586E3D27A09B,17,17,17,41,1,4765,18,13076,0.011040,0.000427,0.001280,0.000001
3460,34,0x03461A295ECD8FB7,18,18,18,38,1,12353,4378,14030,0.033233,0.022558,0.001361,0.000001
3461,34,0x789634F012BAC5DE,18,18,18,44,1,38091,207,13567,0.124047,0.001538,0.001811,0.000001
3462,42,0x81032B4E5D97C6AF,21,21,23,45,1,872,664,18818,0.002736,0.004143,0.001688,0.000001
3463,28,0x2F65B384AC7DE910,16,16,16,34,1,12835,312,12325,0.034190,0.002187,0.001332,0.000001
3464,34,0xE5A2BC798360DF41,18,18,18,32,1,6547,413,13963,0.016544,0.002617,0.001373,0.000001
3465,38,0x15AF06B8D9E243C7,19,19,21,43,1,36,36,16920,0.000387,0.000509,0.001568,0.000001
3466,32,0x8D73C09BE251F46A,18,18,18,44,1,45774,1314,14104,0.218120,0.007487,0.001356,0.000001
3467,36,0xE40316C5879F2ABD,18,18,20,44,1,713,402,16052,0.001920,0.002339,0.001517,0.000001
3468,38,0x8F3742D15BE90CA6,20,20,20,40,1,116642,1828,15621,0.743968,0.011520,0.001577,0.000001
3469,28,0x16975BAD0EFC2834,15,15,15,39,1,315,168,11124,0.001076,0.001199,0.001214,0.000001
3470,34,0x3D915824C70ABEF6,19,19,19,35,1,210817,5475,14908,1.630622,0.032755,0.002195,0.000001
3471,26,0x3658FD1C42A79EB0,14,14,14,40,1,592,99,10119,0.001879,0.000846,0.001056,0.000001
3472,36,0x13B0825FA4C76D9E,19,19,19,43,1,20939,11813,15145,0.068710,0.065093,0.001416,0.000001
3473,26,0x9ECA1BF2D3048675,16,16,16,42,1,43735,1794,12227,0.140332,0.011828,0.001212,0.000001
3474,40,0x9C63874F0BEDA125,21,21,21,43,1,221386,1403,16613,1.711153,0.008805,0.001672,0.000001
3475,30,0xA3401D5E78C6F2B9,17,17,17,43,1,44130,1588,12909,0.208644,0.008752,0.001263,0.000001
3476,30,0xA3EC9068D4BF1725,16,16,16,42,1,725,592,12349,0.001904,0.003200,0.001214,0.000001
3477,30,0x9EC0D2A1457F836B,15,15,15,41,1,570,484,11260,0.001446,0.002777,0.001155,0.000001
3478,36,0x47C60329158AFEDB,19,19,19,41,1,23583,6122,14966,0.077850,0.031987,0.001452,0.000001
3479,34,0xC67E084AD92B315F,17,17,17,43,1,1232,1232,13129,0.003306,0.006850,0.001304,0.000001
3480,42,0x87A6C1E29503DB4F,21,21,23,45,1,162533,150139,18851,1.055138,1.328196,0.001957,0.000001
3481,34,0x54B6CD78201FE3A9,18,18,20,40,1,9265,19934,15940,0.030760,0.116963,0.002112,0.000001
3482,34,0x7142D38ABF59C06E,18,18,18,42,1,2890,2528,14111,0.008042,0.014232,0.001348,0.000001
3483,34,0xC168D79EA4235FB0,18,18,18,38,1,14864,1899,14149,0.041373,0.010683,0.001341,0.000001
3484,32,0x7C2AF81403E96B5D,17,17,17,41,1,7335,2928,13188,0.017555,0.015233,0.001272,0.000001
3485,38,0x08B1C495ED2F76A3,20,20,20,40,1,22294,13037,16261,0.074809,0.076410,0.001512,0.000001
3486,30,0x05EB169AC2D4F873,16,16,16,34,1,3210,63,12207,0.007956,0.000640,0.001219,0.000001
3487,34,0xA3C678BF9024D5E1,19,19,19,35,1,211816,6027,15184,1.619193,0.034817,0.001424,0.000001
3488,34,0xB04AE162F375D98C,17,17,17,47,1,130,122,13225,0.000573,0.000937,0.001268,0.000001
3489,26,0x4EF63279B8D05AC1,15,15,15,43,1,4707,189,11041,0.010641,0.001292,0.001127,0.000001
3490,32,0x40E8276AB5FC93D1,18,18,18,36,1,31507,280,14161,0.105913,0.001887,0.001346,0.000001
3491,32,0xD58C29E36B4A170F,16,16,18,36,1,395,385,14029,0.001315,0.002267,0.001362,0.000001
3492,30,0x5A4B08FDEC791623,18,18,18,42,1,263201,8380,13954,1.852275,0.046144,0.001383,0.000001
3493,34,0xBE8394FD2507C16A,17,17,17,41,1,400,299,12985,0.001191,0.001855,0.001271,0.000001
3494,30,0x4DE97BC0A2185F36,15,15,15,35,1,46,36,11157,0.000413,0.000545,0.001126,0.000001
3495,32,0xE12C3B8F07A4659D,16,16,16,42,1,380,305,12239,0.001131,0.001908,0.001222,0.000001
3496,32,0xB14ADEC23568079F,17,17,17,37,1,3649,138,13091,0.008605,0.001007,0.001280,0.000001
3497,38,0x0B362F97C4A18E5D,19,19,21,41,1,5243,5223,16782,0.012922,0.027832,0.001505,0.000001
3498,34,0x302E1A5B79FC8D64,17,17,17,37,1,22,22,13166,0.000362,0.000441,0.001316,0.000001
3499,32,0x2F5176AE8DC9B340,17,17,17,33,1,3266,28,13034,0.007799,0.000448,0.001332,0.000001
3500,34,0xA68F04D9B173E5C2,19,19,19,39,1,91142,1639,14835,0.605846,0.010308,0.001523,0.000001
3501,28,0x7B5DA8F413E9C620,16,16,16,34,1,7218,204,12263,0.020477,0.001381,0.001214,0.000001
3502,30,0xCD7A1B394F058E26,16,16,16,42,1,1156,524,12013,0.002881,0.002935,0.001190,0.000001
3503,28,0x46DA2803FC71B59E,14,14,14,42,1,15,15,10183,0.000358,0.000403,0.001046,0.000001
3504,34,0x95B86340C7EA1FD2,20,20,20,38,1,1553560,51999,16082,12.673236,0.425344,0.001524,0.000001
3505,28,0x73CB98FA162E05D4,17,17,17,35,1,103548,4859,12628,0.676265,0.026275,0.001354,0.000001
3506,28,0x2798CA3EF50D1B46,16,16,16,40,1,8400,137,12198,0.022222,0.001018,0.001227,0.000001
3507,40,0x04B7321FC96AD8E5,21,21,21,45,1,575784,24,16669,4.648568,0.000568,0.001899,0.000001
3508,36,0x2FA60C3E57B14D89,19,19,19,41,1,2903,273,14861,0.008553,0.001702,0.001380,0.000001
3509,32,0xA6179C3D20485EFB,17,17,19,39,1,1775,2341,14641,0.004402,0.012366,0.001433,0.000001
3510,28,0xDEC97860BFA24315,14,14,14,40,1,15,15,10486,0.000366,0.000402,0.001090,0.000001
3511,28,0x97DA3B0F1E4C8562,17,17,17,39,1,95626,3728,13160,0.568820,0.020521,0.001288,0.000001
3512,34,0xB91FD4C67A03E528,18,18,18,42,1,9335,12093,14034,0.027675,0.066746,0.001336,0.000001
3513,30,0xBF75019DA6E8432C,16,16,18,40,1,786,5352,14199,0.002514,0.027436,0.001362,0.000001
3514,32,0x918E635CA2DBF740,18,18,18,38,1,75473,2547,13920,0.362920,0.014215,0.001364,0.000001
3515,28,0xD2CEF083756A419B,17,17,17,49,1,116493,2750,13037,0.680535,0.016148,0.001248,0.000001
3516,26,0x148C2F395ADE760B,16,16,16,38,1,30082,1217,12010,0.090569,0.006592,0.001199,0.000001
3517,30,0x1A6D0FE925347B8C,17,17,17,47,1,26898,1166,13132,0.081950,0.006716,0.001286,0.000001
3518,30,0xE239178A6D05B4FC,17,17,17,47,1,13658,214,12866,0.036799,0.001450,0.001260,0.000001
3519,38,0x4826153AF0BDEC79,19,19,21,39,1,3946,3002,16745,0.009462,0.015761,0.001565,0.000001
3520,30,0x3AE7BF0426915C8D,17,17,17,41,1,13547,514,12867,0.035376,0.002998,0.001270,0.000001
3521,30,0xA987EB6C45D0123F,15,15,15,37,1,17,17,11091,0.000358,0.000422,0.001143,0.000001
3522,34,0x4971A53C2E68DBF0,17,17,17,37,1,24,24,13331,0.000378,0.000455,0.001293,0.000001
3523,36,0x2B17D0468AEC3F95,19,19,19,41,1,36182,902,14727,0.123642,0.005422,0.001373,0.000001
3524,28,0x25EAFB90638D147C,15,15,15,39,1,1088,28,11033,0.002560,0.000478,0.001144,0.000001
3525,28,0xF28470DAEB395C16,14,14,14,42,1,33,33,10464,0.000394,0.000504,0.001092,0.000000
3526,24,0xA0F5EB98C24173D6,13,13,13,39,1,38,258,9599,0.000485,0.001656,0.001030,0.000001
3527,30,0x3C46AF72E5801BD9,17,17,17,39,1,19684,195,12815,0.051890,0.001577,0.001344,0.000001
3528,36,0x4FA250D619CEB783,20,20,20,42,1,485166,11909,15715,4.037942,0.069508,0.001454,0.000001
3529,32,0xBFCE64A31827905D,17,17,17,37,1,3612,2302,13303,0.009060,0.012258,0.001284,0.000001
3530,38,0x7021493CE6ADF58B,21,21,21,41,1,1420202,35340,16880,12.346815,0.230047,0.001725,0.000001
3531,28,0x1F806A4E7D9C23B5,15,15,15,35,1,431,96,11143,0.001722,0.000826,0.001229,0.000001
3532,32,0xA60FC4D978235B1E,18,18,18,40,1,65606,2271,13810,0.329607,0.013218,0.001321,0.000001
3533,44,0xA42305DE8BF961C7,22,22,24,42,1,4554,4485,19185,0.010774,0.023976,0.001723,0.000001
3534,38,0xAB874C15390E2F6D,20,20,20,42,1,78265,1501,15686,0.411734,0.009106,0.001750,0.000001
3535,30,0xF9D83CE6170B42A5,15,15,17,41,1,32,32,13021,0.000396,0.000510,0.001391,0.000001
3536,32,0x536D10CEB4978AF2,17,17,17,43,1,4315,1286,13031,0.015200,0.006635,0.001257,0.000001
3537,30,0xD8C037E129F4BA65,17,17,17,43,1,12819,281,13049,0.037931,0.001818,0.001258,0.000001
3538,32,0xAB837D46F05E12C9,16,16,16,38,1,273,279,12288,0.000844,0.001684,0.001200,0.000001
3539,34,0xE45BAD7193F2086C,18,18,18,36,1,3383,19,13993,0.008277,0.000428,0.001347,0.000000
3540,26,0xC67E1B9458F320DA,16,16,16,42,1,49979,2034,12013,0.222617,0.010867,0.001244,0.000001
3541,28,0xEA381D60F425B79C,14,14,14,50,1,15,15,10212,0.000361,0.000422,0.001089,0.000001
3542,28,0xE980B7A26CDF1435,15,15,17,33,1,1181,1214,12653,0.002618,0.006330,0.001256,0.000001
3543,36,0x1F47AE530DCB6829,20,20,20,36,1,481331,8233,15925,4.121076,0.046803,0.001481,0.000001
3544,38,0x328B410F75AD6C9E,20,20,20,48,1,40635,2946,15930,0.198510,0.017714,0.001482,0.000001
3545,30,0x3C5D698F2B017EA4,16,16,16,42,1,1350,2696,12123,0.003280,0.013944,0.001204,0.000001
3546,36,0x3215D067B49CEF8A,18,18,18,50,1,17778,8812,14025,0.047747,0.046340,0.001380,0.000001
3547,26,0xFA5872DC0B19463E,14,14,14,38,1,297,313,10360,0.000961,0.002058,0.001093,0.000001
3548,36,0x315AEDFB02C98764,20,20,20,38,1,688533,21937,15757,5.516979,0.136758,0.001594,0.000001
3549,34,0x062E97DB31584ACF,18,18,18,38,1,3499,1654,14125,0.009925,0.009089,0.001337,0.000001
3550,40,0x1F2509478DBCE63A,20,20,22,42,1,61,61,18119,0.000707,0.000919,0.003097,0.000001
3551,34,0x03BC8FE6A719425D,17,17,19,41,1,13789,13529,14786,0.037622,0.073689,0.001410,0.000001
3552,26,0x5E7A8C3D9216F0B4,16,16,16,34,1,68277,2515,12102,0.287018,0.014213,0.001295,0.000001
3553,32,0x12E0BF8D34A6C579,17,17,17,43,1,5913,2403,13182,0.015673,0.013654,0.001552,0.000001
3554,28,0xDAF14C9B0E785623,15,15,15,37,1,843,16,11061,0.002635,0.000653,0.001161,0.000001
3555,38,0x30A78BD1942F65CE,20,20,22,44,1,96250,2324,17582,0.645953,0.014737,0.001790,0.000001
3556,36,0x2B195E64CD7F8A03,19,19,19,39,1,40422,8915,14803,0.198986,0.048848,0.001451,0.000001
3557,28,0x1F90C8562ED7B34A,16,16,16,42,1,4450,147,12245,0.010152,0.001105,0.001301,0.000001
3558,28,0x9F478CE0B21DA356,16,16,16,46,1,4737,3011,11953,0.010603,0.015848,0.001220,0.000001
3559,34,0x62EFB94781CD0A35,18,18,18,40,1,4445,1634,13821,0.010418,0.008819,0.001349,0.000001
3560,32,0x7C129E45B06D8A3F,16,16,16,38,1,17,17,11970,0.000597,0.000505,0.001187,0.000001
3561,42,0x9817056E4AD3CB2F,21,21,23,45,1,24783,17719,18764,0.080487,0.099807,0.001705,0.000001
3562,32,0x26B79FAECD431580,19,19,19,33,1,506226,22893,15102,4.061401,0.157148,0.001536,0.000001
3563,28,0xB718F94AC56ED203,15,15,15,37,1,1461,16,11151,0.003993,0.000399,0.001127,0.000001
3564,30,0xD72E4F8A1065B3C9,16,16,16,42,1,651,2896,12300,0.001773,0.015068,0.001239,0.000001
3565,32,0xB5D192F4A38C06E7,16,16,18,38,1,32,32,13804,0.000384,0.000498,0.001319,0.000001
3566,30,0x431AFC50D26E7B89,16,16,16,50,1,1172,494,11971,0.002746,0.002867,0.001185,0.000001
3567,34,0x9E5762430DCFB18A,17,17,19,47,1,1453,1434,14637,0.003565,0.007896,0.001390,0.000001
3568,38,0x71269E5BC4380DAF,19,19,21,39,1,44,44,16538,0.000413,0.000555,0.001522,0.000001
3569,28,0x71C3BD925640AFE8,14,14,14,38,1,15,15,10557,0.000346,0.000399,0.001108,0.000001
3570,34,0x5B04231C879DEA6F,18,18,18,44,1,14393,2630,13927,0.039339,0.014501,0.001354,0.000001
3571,30,0x7DFEC96B0A421538,16,16,16,34,1,1029,2907,11981,0.002479,0.014513,0.001277,0.000001
3572,24,0x56C9BE0D3F4271A8,14,14,16,40,1,1813,1570,11877,0.003992,0.007771,0.001197,0.000001
3573,22,0xDF94EB701A58623C,12,12,12,40,1,149,65,8280,0.000593,0.000704,0.000950,0.000001
3574,34,0x287A5C014EB6F9D3,20,20,20,40,1,2206351,60537,15796,19.188598,0.449825,0.001679,0.000001
3575,30,0xC3F4092175D6B8AE,16,16,16,54,1,3651,4076,11972,0.009843,0.020924,0.001219,0.000001
3576,40,0x04DBF1372C6A89E5,20,20,22,38,1,72374,59554,17642,0.376160,0.462917,0.001653,0.000001
3577,24,0xDE7BF30A185C9642,16,16,16,48,1,78651,4767,12110,0.349361,0.024705,0.001201,0.000001
3578,28,0x48D362B9EC7510FA,15,15,15,39,1,301,397,11130,0.000903,0.002353,0.001118,0.000001
3579,32,0xAF4390C2D167EB58,17,17,17,41,1,3462,1060,13001,0.008026,0.005710,0.001272,0.000001
3580,38,0xBF12076A4935EDC8,19,19,21,45,1,744,994,16883,0.002079,0.005518,0.001550,0.000001
3581,30,0x2D5E91BF40AC7836,16,16,16,44,1,3100,7327,12228,0.007205,0.037286,0.001231,0.000001
3582,30,0x1C83BE97AD6402F5,16,16,16,30,1,1104,638,12557,0.002857,0.003741,0.001236,0.000001
3583,32,0xC1D634EB2FA57089,18,18,18,38,1,89616,1486,14045,0.579021,0.009547,0.001460,0.000001
3584,30,0x216837BEFA54C9D0,16,16,16,40,1,3964,3746,12171,0.010430,0.020461,0.001224,0.000001
3585,32,0xC14BEA83FD960572,16,16,16,38,1,17,17,12204,0.000365,0.000412,0.001228,0.000001
3586,24,0xCEF81A49DB267053,13,13,13,43,1,210,75,9461,0.000730,0.000722,0.001026,0.000001
3587,30,0x9042FCE1A65738DB,17,17,17,43,1,18054,695,12879,0.047434,0.004274,0.001256,0.000001
3588,38,0x4D70236EAF1B598C,19,19,19,41,1,27,27,15016,0.000387,0.000481,0.001393,0.000001
3589,32,0xD369A07B1EF2485C,17,17,17,41,1,3421,1047,13037,0.007970,0.005693,0.001286,0.000001
3590,32,0x56829DB1F3AE07C4,17,17,17,37,1,346,20,12880,0.001190,0.000452,0.001256,0.000001
3591,36,0x235D0719CABE4F86,18,18,18,40,1,4787,4395,14134,0.010906,0.021941,0.001358,0.000001
3592,28,0x38560B9CD2F74AE1,15,15,15,37,1,719,372,11035,0.001876,0.002202,0.001135,0.000000
3593,32,0x710B32DF6894EC5A,17,17,17,47,1,8326,1825,13129,0.020271,0.009689,0.001280,0.000001
3594,26,0xDA7CF418035E692B,15,15,15,43,1,13874,502,11313,0.035783,0.002998,0.001182,0.000001
3595,28,0xF086B7E9A31CD245,15,15,15,39,1,932,2668,11145,0.002508,0.013310,0.001195,0.000001
3596,30,0x41B70C8932D6FE5A,16,16,18,40,1,5083,8891,14105,0.011647,0.047161,0.001349,0.000001
3597,28,0x45A0829F6E3DB71C,16,16,16,42,1,7819,141,12317,0.018386,0.001046,0.001207,0.000001
3598,22,0xBFDC2A179E346805,13,13,13,39,1,727,22,9544,0.001897,0.000428,0.001017,0.000000
3599,30,0xEAB3854F609C72D1,16,16,16,36,1,3428,180,12384,0.008107,0.001270,0.001223,0.000001
3600,28,0xB6F8719243A5DE0C,14,14,14,38,1,27,27,10478,0.000591,0.000528,0.001080,0.000001
3601,30,0x4BC539DF8E026A17,17,17,17,39,1,12882,141,13124,0.035544,0.001110,0.001273,0.000001
3602,24,0xD5FE90B23A8C7416,12,12,12,42,1,13,13,8303,0.000339,0.000388,0.000924,0.000001
3603,30,0x1CFA0687D39EB452,16,16,16,42,1,2281,661,12029,0.005750,0.003856,0.001188,0.000001
3604,40,0x0FE2D16738594ACB,20,20,20,46,1,167,167,15884,0.000670,0.001177,0.001461,0.000001
3605,36,0x950C42EBF18A376D,19,19,19,41,1,28746,34,14962,0.104317,0.000566,0.001414,0.000001
3606,26,0x8A9CD65B470EF132,15,15,15,35,1,2570,69,11093,0.006094,0.000670,0.001251,0.000001
3607,22,0x7BA81E9CFD043265,14,14,14,44,1,10036,884,10010,0.022423,0.004664,0.001084,0.000001
3608,40,0x81A72FD0596BEC43,21,21,21,41,1,919599,1490,16562,8.280613,0.009746,0.001665,0.000001
3609,28,0xD2941C60B78EFA53,14,14,14,40,1,15,15,10201,0.000347,0.000399,0.001166,0.000001
3610,30,0x1957CFEBD264A830,17,17,17,35,1,32618,956,12983,0.107829,0.005522,0.001278,0.000001
3611,28,0xBF7D06C12E38A954,16,16,16,42,1,5371,240,12088,0.011967,0.001514,0.001220,0.000001
3612,32,0x2A8E01936B57DF4C,19,19,19,41,1,625325,31026,15079,4.731212,0.187683,0.001460,0.000001
3613,34,0x0BF1CD936A8E4257,18,18,18,38,1,4423,8221,14316,0.010890,0.045409,0.001384,0.000001
3614,36,0x9172EB4DC530F8A6,19,19,19,43,1,19773,664,14774,0.069084,0.004400,0.001436,0.000001
3615,30,0xB7FD10E5A238469C,17,17,17,47,1,12948,734,13009,0.034702,0.004615,0.001280,0.000001
3616,32,0x751BFA423869DEC0,17,17,17,35,1,2043,2647,13171,0.004823,0.014491,0.001295,0.000001
3617,38,0xFB451AC68023D9E7,20,20,22,40,1,76676,41679,17952,0.402240,0.322342,0.001847,0.000001
3618,34,0xD79B3FA108E6C425,18,18,18,40,1,3639,850,14126,0.010712,0.005160,0.001450,0.000001
3619,36,0x91AF87C64352E0DB,19,19,19,37,1,34246,27,15041,0.122872,0.000528,0.001564,0.000001
3620,26,0xE471A0B856C23D9F,14,14,14,40,1,395,82,10492,0.001427,0.000766,0.001082,0.000001
3621,30,0x907D2E18A345CBF6,15,15,15,45,1,16,16,11326,0.000364,0.000420,0.001150,0.000001
3622,32,0x2F63C0185A74D9BE,16,16,18,46,1,1400,1348,13968,0.003715,0.007082,0.001323,0.000001
3623,28,0xD3971F0CE5B6A248,15,15,15,45,1,125,219,11291,0.000584,0.001446,0.001156,0.000001
3624,32,0x23985E16CFB4A07D,16,16,16,40,1,219,29,12303,0.000768,0.000513,0.001225,0.000001
3625,36,0x24D9513E08CAFB76,19,19,19,39,1,11004,10610,15226,0.030873,0.059507,0.001423,0.000001
3626,30,0x08AEDCB61F243795,17,17,17,35,1,19655,736,12913,0.051735,0.004609,0.001338,0.000001
3627,32,0xFBA7031D2E85694C,18,18,18,44,1,41826,855,14016,0.195334,0.004927,0.001326,0.000001
3628,30,0xEB473A8901D56C2F,16,16,16,36,1,3031,17,12096,0.007017,0.000425,0.001225,0.000001
3629,38,0xA9745DE12B3FC806,20,20,20,36,1,48710,37396,15761,0.229708,0.242900,0.001579,0.000001
3630,36,0xE0CF8769D123A45B,19,19,19,45,1,51301,206,14977,0.234390,0.001511,0.001523,0.000001
3631,36,0x160B4E87DA2C935F,19,19,19,41,1,45196,895,14825,0.226408,0.006010,0.001500,0.000001
3632,36,0x692E3D041ABCF587,18,18,18,42,1,271,103,14097,0.000960,0.000876,0.001452,0.000001
3633,30,0x107DB2485CF39AE6,15,15,15,39,1,127,131,11283,0.000615,0.000978,0.001381,0.000001
3634,34,0x6E870F54B3C2D1A9,19,19,19,43,1,178043,4849,14969,1.146284,0.027820,0.001522,0.000001
3635,30,0x8DF0195EA73C2B64,17,17,17,43,1,24345,884,12910,0.081458,0.005219,0.001242,0.000001
3636,26,0xEAC267B8435DF901,14,14,14,34,1,737,153,10315,0.001997,0.001172,0.001133,0.000001
3637,28,0x64DA73F12C590EB8,17,17,17,39,1,79190,4948,12936,0.372002,0.024708,0.001263,0.000001
3638,36,0x358B29C07DE164AF,20,20,20,38,1,234594,4221,16017,1.870448,0.027384,0.001471,0.000001
3639,36,0xAE0795F26D1384CB,19,19,19,45,1,22688,9984,14911,0.084674,0.054592,0.001432,0.000001
3640,38,0x0AB9D543617C8E2F,19,19,19,35,1,41,37,14712,0.000435,0.000520,0.001383,0.000001
3641,36,0xB53947E1D602AFC8,20,20,20,44,1,400442,12011,16015,3.556440,0.071735,0.001472,0.000001
3642,34,0x2635E4089CDFA17B,18,18,18,44,1,4043,9001,13905,0.009552,0.048750,0.001363,0.000001
3643,34,0x3C950BAE817D426F,18,18,18,40,1,3128,821,14486,0.007694,0.004796,0.001357,0.000001
3644,36,0x08395BE12FD7C6A4,18,18,18,40,1,727,517,14217,0.001950,0.003070,0.001360,0.000000
3645,36,0x4D09726F3E1AC85B,19,19,19,47,1,47871,29,14874,0.229529,0.000542,0.001540,0.000001
3646,36,0xB32EC7401DF856A9,18,18,18,44,1,1888,1371,13942,0.005871,0.008650,0.001430,0.000001
3647,32,0xF1B79540CADE6283,16,16,16,38,1,81,81,12217,0.000519,0.000758,0.001367,0.000001
3648,28,0x36D0BE7825F14CA9,15,15,15,41,1,305,112,11430,0.001055,0.000934,0.001261,0.000001
3649,38,0xBDE3146A2879C0F5,19,19,19,37,1,7339,6869,15281,0.022166,0.036802,0.001409,0.000001
3650,30,0x89FB0EA216473C5D,15,15,15,37,1,18,18,11272,0.000348,0.000402,0.001153,0.000001
3651,26,0x028FAE15C6D47B39,13,13,13,41,1,84,46,9504,0.000503,0.000556,0.001012,0.000001
3652,38,0x372E4B5F1806C9DA,21,21,21,43,1,1405157,34639,16893,12.628410,0.242897,0.001703,0.000001
3653,38,0x03BA9C471E62F58D,19,19,19,37,1,24174,18830,15163,0.096778,0.118720,0.001449,0.000001
3654,38,0x4E32C05F8ABD7961,20,20,20,42,1,76013,28,15974,0.422949,0.000542,0.001805,0.000001
3655,28,0xD4E635F9871AB2C0,16,16,16,40,1,12399,422,11907,0.037986,0.002536,0.001166,0.000001
3656,34,0x9B1A2453FE78C06D,19,19,19,39,1,149857,1713,15033,1.017100,0.011142,0.001541,0.000001
3657,28,0x904CB26AD73E18F5,16,16,16,38,1,5884,137,12342,0.015509,0.001463,0.001884,0.000001
3658,34,0x054869A2BFEC137D,19,19,19,31,1,184754,3580,14986,1.551473,0.021883,0.001422,0.000001
3659,36,0x9317526C0FEAB4D8,19,19,19,43,1,28715,10442,15120,0.101468,0.059641,0.001435,0.000001
3660,32,0xE2D53014A97B68FC,19,19,19,47,1,1128431,47117,14910,9.494446,0.353795,0.001450,0.000001
3661,30,0x6C1D9E374B0852FA,17,17,17,43,1,17679,188,13021,0.048397,0.001437,0.001281,0.000001
3662,28,0x0E9D2B6AF541837C,15,15,15,41,1,1241,40,11150,0.003264,0.000544,0.001120,0.000001
3663,30,0xF93A18D5EB46C702,16,16,16,40,1,618,2500,12177,0.001692,0.013335,0.001199,0.000001
3664,32,0x2EACD36F8914B705,17,17,17,41,1,10653,485,13203,0.029559,0.002979,0.001249,0.000001
3665,24,0x5ABD34C96E8F1270,13,13,13,33,1,237,158,9409,0.000773,0.001151,0.000993,0.000000
3666,26,0x42D09E81FCB537A6,14,14,14,40,1,101,225,10332,0.000505,0.001493,0.001066,0.000001
3667,32,0x51ED2097FBC6834A,17,17,17,43,1,5521,169,13229,0.013613,0.001204,0.001277,0.000001
3668,30,0x623D5CE07F4BA198,16,16,16,44,1,1195,2163,12122,0.002869,0.011843,0.001190,0.000001
3669,28,0x6F9AB425D1703E8C,14,14,14,42,1,855,584,10421,0.002208,0.003333,0.001057,0.000001
3670,36,0x324F5C97BD81E0A6,19,19,19,37,1,43537,3704,15030,0.205433,0.019539,0.001528,0.000001
3671,36,0x4BC9AD5308672FE1,19,19,21,31,1,47378,6745,16508,0.223107,0.035331,0.001545,0.000001
3672,30,0x40C3F89675EDB1A2,16,16,16,40,1,1411,18,12287,0.003476,0.000422,0.001216,0.000001
3673,34,0x6CF742389B05EDA1,17,17,19,43,1,4570,4514,14764,0.010536,0.022898,0.001400,0.000001
3674,34,0xF51E6D8B4029C37A,17,17,19,45,1,944,976,15063,0.002353,0.005227,0.001410,0.000001
3675,32,0x739D1A4B8562F0CE,17,17,17,37,1,4731,345,13280,0.011113,0.002203,0.001274,0.000001
3676,26,0x61DF3590B27CEA48,14,14,14,42,1,903,16,10346,0.002226,0.000400,0.001080,0.000001
3677,38,0x90F8456712DEC3BA,19,19,21,41,1,318,302,16600,0.001027,0.002053,0.001535,0.000001
3678,32,0xF2E5DB0169A4C387,17,17,17,41,1,2758,1096,13169,0.006519,0.005953,0.001353,0.000001
3679,34,0x07F298EDA3CB5416,18,18,18,38,1,25487,1620,13977,0.090356,0.009418,0.001350,0.000001
3680,22,0xF7493ED86BC25A01,14,14,14,38,1,12689,725,10189,0.029391,0.004333,0.001082,0.000001
3681,26,0x6FD8A5391C27BE04,15,15,15,33,1,4949,201,11317,0.011050,0.001341,0.001159,0.000001
3682,30,0x819C2E406AF7BD53,16,16,16,40,1,1841,1056,12153,0.004356,0.005686,0.001286,0.000001
3683,32,0x71C0A3FD92E68B45,18,18,18,44,1,30765,504,13710,0.100421,0.003069,0.001341,0.000001
3684,32,0x1A9BE7453CF6D082,17,17,17,37,1,8315,51,13069,0.020917,0.000614,0.001314,0.000001
3685,38,0x1C64087EB3A95DF2,20,20,20,36,1,172135,4717,15821,1.393237,0.027717,0.001463,0.000001
3686,36,0x471D60C39F852BAE,18,18,20,44,1,8100,5735,15722,0.019181,0.029350,0.001463,0.000001
3687,26,0x9E4D215A6FB8307C,15,15,15,37,1,5037,112,11203,0.011085,0.000865,0.001160,0.000001
3688,30,0x625A814CFE970B3D,17,17,17,41,1,28142,966,12978,0.086452,0.005527,0.001269,0.000001
3689,38,0x81407E35CD6FB92A,20,20,20,44,1,136424,27,15771,0.854636,0.000534,0.001799,0.000001
3690,32,0x5BA790F3C64128DE,16,16,16,42,1,21,20,12105,0.000512,0.000434,0.001328,0.000001
3691,30,0x90DB42F137C86A5E,16,16,16,38,1,1266,475,11990,0.003902,0.002829,0.001379,0.000001
3692,30,0xF1B643D9C0E87A52,16,16,16,38,1,450,720,12234,0.001373,0.004437,0.001292,0.000001
3693,30,0x87ED209FC146AB53,16,16,16,44,1,2907,1742,11887,0.007646,0.009228,0.001174,0.000001
3694,34,0x83FC9D674A251B0E,17,17,17,31,1,57,57,13215,0.000433,0.000691,0.001281,0.000001
3695,40,0x71450B2FCE839DA6,21,21,21,45,1,392954,61555,16571,3.482550,0.498506,0.003006,0.000001
3696,38,0x9C6341F58AD027BE,20,20,20,48,1,125940,1226,15917,0.830073,0.008309,0.001601,0.000001
3697,34,0x7B2EF941AD08536C,19,19,19,45,1,99576,1576,15115,0.637110,0.010053,0.001541,0.000001
3698,28,0x93E7BD1C26F0584A,16,16,16,38,1,7512,62,12062,0.019180,0.000635,0.001195,0.000001
3699,32,0xCD5E082367FB419A,16,16,16,44,1,233,233,11903,0.000781,0.001456,0.001207,0.000001
3700,34,0x65A891EF0DB472C3,17,17,17,41,1,292,287,13048,0.000951,0.001712,0.001274,0.000001
3701,32,0x6F74E13A90852CBD,17,17,19,41,1,2069,19163,14680,0.005029,0.107091,0.001439,0.000001
3702,26,0x96D58A40ECF2B173,16,16,16,42,1,15832,404,12280,0.040402,0.002511,0.001226,0.000001
3703,30,0x7190FA6B38D542CE,18,18,18,44,1,188026,7118,14192,1.471472,0.040865,0.001370,0.000001
3704,34,0x29B4D6AF0C1753E8,18,18,18,38,1,20795,13528,13776,0.069739,0.076484,0.001330,0.000001
3705,36,0x91BA3847D6205FEC,19,19,19,39,1,32765,20,15137,0.116804,0.000485,0.001573,0.000001
3706,30,0xF72D581B4CE6A903,16,16,16,38,1,2418,77,12260,0.007105,0.000777,0.001332,0.000001
3707,34,0x5B67D49A2C83F10E,17,17,17,33,1,1359,1013,13267,0.003993,0.006081,0.001405,0.000001
3708,30,0xDE912086A7C543BF,17,17,17,45,1,40042,1509,13172,0.138828,0.009485,0.001370,0.000001
3709,36,0xA0EFD5741B6893C2,20,20,20,40,1,263876,4159,15719,2.010382,0.023788,0.001645,0.000001
3710,26,0xB2FED416C7580A39,14,14,14,42,1,1023,15,10253,0.003028,0.000394,0.001061,0.000001
3711,32,0x5840BDE697C32AF1,18,18,18,34,1,39486,588,14072,0.145363,0.003492,0.001495,0.000001
3712,32,0x2145A8D0F7B9E36C,17,17,19,45,1,3029,13072,14644,0.007586,0.072069,0.001393,0.000001
3713,32,0x30241ED79AF6BC58,16,16,16,48,1,265,29,12051,0.000949,0.000464,0.001195,0.000001
3714,32,0x438BAC1E29D6F705,17,17,17,37,1,9564,18,13177,0.027367,0.000421,0.001361,0.000001
3715,28,0xFD40B318A96EC275,16,16,16,42,1,13002,563,12270,0.035521,0.003255,0.001204,0.000001
3716,24,0x751C6EDFBA903248,14,14,14,50,1,2413,107,10257,0.005604,0.000917,0.001061,0.000001
3717,36,0x49AF275BD368E0C1,19,19,19,37,1,18833,5992,14664,0.062367,0.032070,0.001406,0.000001
3718,34,0x48127E3FBA609C5D,18,18,18,38,1,3698,5858,13900,0.008889,0.030982,0.001316,0.000001
3719,32,0xF439E2C57B8A6D01,18,18,18,36,1,106337,4956,13984,0.682540,0.028309,0.001480,0.000001
3720,34,0x260A85CE79DB1F34,18,18,18,36,1,15509,2568,14033,0.045096,0.014319,0.001486,0.000001
3721,34,0xA97D3F02CBE14685,18,18,18,48,1,10105,3735,14148,0.028673,0.020089,0.001356,0.000001
3722,30,0x0E853D2BC6417AF9,17,17,17,39,1,28354,479,13193,0.095921,0.003115,0.001375,0.000001
3723,26,0x3E7862CDB4F9A015,16,16,16,42,1,52704,1691,11932,0.231931,0.009192,0.001204,0.000001
3724,30,0x7AEF25B04C183D69,16,16,16,40,1,745,1500,12243,0.001975,0.008290,0.001231,0.000001
3725,32,0x53D94F217BCE60A8,18,18,18,42,1,18903,437,14253,0.052148,0.002904,0.001373,0.000001
3726,32,0xEA62D45B7390C81F,17,17,19,37,1,641,1748,15096,0.002046,0.009609,0.001682,0.000001
3727,26,0xE78CDF9513B2A604,16,16,16,36,1,21132,868,12037,0.055838,0.005352,0.001224,0.000001
3728,30,0xF7A21ED83C0B4956,15,15,15,43,1,36,36,11218,0.000405,0.000527,0.001166,0.000001
3729,22,0xFCDA18E962705B43,12,12,12,42,1,119,82,8370,0.000568,0.000748,0.000945,0.000001
3730,34,0x581D203FC4EA679B,18,18,18,52,1,2783,1865,14017,0.010524,0.009676,0.001316,0.000001
3731,26,0xBF751A3C42E680D9,16,16,16,42,1,32434,513,11962,0.109729,0.003085,0.001198,0.000001
3732,40,0x076EB54192A38FDC,21,21,21,41,1,310515,22,17003,2.410961,0.000544,0.001752,0.000001
3733,30,0x3016D8EC54FA279B,15,15,15,41,1,40,39,11217,0.000470,0.000537,0.001550,0.000001
3734,36,0x74AE1650892BF3DC,19,19,19,43,1,78987,3901,14763,0.397534,0.023081,0.001537,0.000001
3735,28,0x32FE9BCA71085D46,18,18,18,36,1,576627,24936,13944,4.323983,0.146475,0.001801,0.000002
3736,32,0xBF41E3762058DC9A,18,18,18,46,1,122873,5530,14114,0.759783,0.031612,0.001738,0.000001
3737,32,0x2E9836741BC0D5FA,16,16,16,34,1,17,17,12273,0.000415,0.000431,0.001537,0.000000
3738,34,0xA3B648C1E9F2705D,18,18,18,38,1,7130,20572,14239,0.017647,0.127772,0.001367,0.000001
3739,34,0xAEF6257014B98D3C,17,17,17,37,1,246,246,13134,0.000924,0.001504,0.001267,0.000000
3740,38,0x70B6F13849A2E5CD,20,20,20,46,1,68073,1952,15973,0.355302,0.011698,0.001496,0.000001
3741,30,0x95861C3A7FDB420E,17,17,17,35,1,16717,705,12786,0.045116,0.004237,0.001248,0.000001
3742,32,0x62D814B03AC95FE7,17,17,17,39,1,10387,495,13034,0.026804,0.002829,0.001274,0.000001
3743,34,0xA418E73FC95BD260,18,18,18,42,1,6764,103,14181,0.016372,0.000888,0.001363,0.000001
3744,32,0xD90A284F3E6751BC,19,19,19,43,1,717286,29460,14993,5.408416,0.180095,0.001438,0.000001
3745,38,0x517B42AF936DEC80,19,19,21,39,1,292,381,16805,0.000900,0.002277,0.001536,0.000001
3746,30,0x0BCE6FA138D42597,16,16,16,40,1,2613,748,12303,0.006367,0.004123,0.001221,0.000001
3747,36,0xD9B576A2C138E40F,20,20,20,34,1,536366,14386,15835,4.372157,0.082435,0.001478,0.000001
3748,30,0x26AED8F94B03751C,17,17,17,39,1,34744,1490,13166,0.108319,0.009395,0.001378,0.000001
3749,36,0x9642A35B18CF07ED,19,19,19,41,1,18212,256,14869,0.050472,0.001806,0.001413,0.000001
3750,36,0xA527DF8B391C04E6,19,19,19,35,1,40397,23747,14927,0.195409,0.149582,0.001529,0.000001
3751,30,0xD6B574CAE392108F,16,16,16,38,1,935,1099,12231,0.003316,0.006251,0.001217,0.000001
3752,42,0x09354A7D8F126CEB,22,22,22,42,1,762115,32151,18080,7.616664,0.210144,0.001650,0.000001
3753,28,0x29FED6B415C0738A,17,17,17,41,1,88256,3932,12870,0.421437,0.022252,0.001281,0.000001
3754,34,0x8BEDC40629FA3715,18,18,20,38,1,8068,22337,16128,0.019783,0.126904,0.001514,0.000001
3755,32,0xBF8A35EC9164072D,18,18,18,38,1,44828,827,13964,0.211368,0.004988,0.001369,0.000001
3756,34,0x7046E1D9CA3B58F2,19,19,19,41,1,205751,3569,15018,1.556950,0.021034,0.002009,0.000001
3757,42,0x8923746BA1ECFD50,22,22,22,36,1,2074329,430,17898,19.308794,0.005577,0.001931,0.000001
3758,36,0xD4A02F178953E6BC,18,18,18,44,1,193,302,13994,0.000792,0.002049,0.001511,0.000001
3759,34,0x3FD641BE28AC9507,17,17,19,41,1,430,316,15000,0.001390,0.002114,0.001813,0.000001
3760,22,0xFA70B98356DE214C,12,12,12,38,1,160,113,8456,0.000895,0.000887,0.000930,0.000001
3761,38,0xA805CBE42937D1F6,19,19,21,37,1,7510,10789,17054,0.019895,0.061650,0.001553,0.000001
3762,34,0x4629DF0ABC53817E,18,18,18,40,1,4374,1670,14043,0.011241,0.009613,0.001389,0.000001
3763,30,0xBD76E095F831C24A,16,16,16,48,1,525,462,12148,0.001379,0.002745,0.001207,0.000001
3764,32,0xD72B30956CF1A48E,17,17,17,43,1,6857,18,13022,0.016627,0.000518,0.001335,0.000001
3765,36,0x9E6B2154CA730F8D,19,19,19,43,1,31103,8060,14895,0.109218,0.044298,0.001452,0.000001
3766,30,0x0C46D291F5E7A83B,16,16,16,40,1,2871,1524,12075,0.006753,0.008213,0.001216,0.000001
3767,34,0x170CE29F835A4DB6,19,19,19,47,1,191763,4473,15103,1.564923,0.026721,0.001402,0.000001
3768,34,0x1927D0C8EAFB6354,18,18,18,44,1,9199,58,14080,0.025757,0.000640,0.001348,0.000001
3769,28,0xB417C9D0FEA68253,15,15,15,43,1,613,1823,11158,0.001691,0.009797,0.001136,0.000001
3770,20,0xA158BCD9FE703642,12,12,12,36,1,304,156,8566,0.000938,0.001076,0.000934,0.000001
3771,28,0x49D5268B37FE0C1A,16,16,16,36,1,7060,138,12315,0.017041,0.001037,0.001200,0.000001
3772,36,0x47D60F28EBA9C153,19,19,19,41,1,98504,20,14712,0.623250,0.000491,0.001408,0.000001
3773,38,0x94A78136CBE2FD50,21,21,21,39,1,1551134,40193,17040,13.126584,0.319925,0.001591,0.000001
3774,30,0x31FD629E8A75CB04,16,16,16,42,1,2948,35,12401,0.007550,0.000534,0.001221,0.000001
3775,30,0xF8473DABC61902E5,16,16,16,36,1,2337,8852,12210,0.005453,0.043849,0.001276,0.000001
3776,38,0xC72613E95A8B0F4D,19,19,21,43,1,5901,2264,17033,0.014374,0.011898,0.001542,0.000000
3777,36,0xAD4F8967C513E20B,19,19,19,35,1,36401,4516,14800,0.140793,0.025310,0.001432,0.000001
3778,36,0xAB230DC67E41F985,19,19,19,43,1,66261,57,15021,0.329547,0.000748,0.001566,0.000001
3779,34,0xD3946C0E21785FAB,19,19,19,41,1,239364,6763,14874,1.811249,0.038987,0.001408,0.000001
3780,32,0xA946DFB150C3278E,17,17,17,43,1,5902,37719,13080,0.014279,0.226877,0.001435,0.000001
3781,28,0xA7E5BF90862C1D43,15,15,15,41,1,1100,650,11281,0.003647,0.004308,0.001242,0.000001
3782,28,0x4B0D235967ECFA81,14,14,14,36,1,45,45,10164,0.000421,0.000571,0.001103,0.000000
3783,32,0x0485D37AE692FBC1,18,18,18,40,1,53164,1028,14083,0.244582,0.005880,0.001348,0.000001
3784,32,0xBA307D6FE2481C95,17,17,17,41,1,5850,5108,12857,0.013970,0.026277,0.001290,0.000001
3785,26,0x9AEF82B3167C045D,15,15,15,37,1,3386,86,11072,0.007627,0.000776,0.001147,0.000001
3786,34,0xD5F28047B3E69AC1,19,19,19,39,1,45992,731,14985,0.221452,0.004999,0.001637,0.000001
3787,32,0xFDB27C059418EA63,18,18,18,38,1,44777,1116,14049,0.206259,0.006476,0.001368,0.000001
3788,36,0x94D2071BECA365F8,18,18,18,44,1,188,188,14100,0.000726,0.001289,0.001342,0.000001
3789,26,0x75D1A2F9C064B38E,17,17,17,39,1,155438,7820,13105,0.896844,0.041711,0.001299,0.000001
3790,40,0xB05368741DC2E9AF,20,20,22,34,1,13097,8116,17453,0.040230,0.042779,0.001653,0.000001
3791,38,0xD57A28F6310BC9E4,19,19,21,43,1,40158,27464,16776,0.197865,0.172235,0.002044,0.000001
3792,30,0xF2BE65813047CA9D,16,16,16,40,1,2333,2610,12227,0.006820,0.014219,0.001219,0.000001
3793,42,0x03E4C78F12AB9D65,22,22,22,38,1,1571925,23818,17763,16.029761,0.150712,0.001661,0.000001
3794,24,0xEA1C783560FD92B4,15,15,15,39,1,13146,218,11266,0.033256,0.001356,0.001129,0.000001
3795,34,0x21BD765CA49F830E,19,19,19,37,1,152076,2554,14846,0.979244,0.013807,0.001409,0.000001
3796,36,0x238E1D60F4CB57A9,19,19,19,43,1,33561,346,15047,0.125395,0.002584,0.001628,0.000001
3797,30,0x504D1B38F976CE2A,16,16,16,42,1,2445,392,12123,0.007202,0.002369,0.001331,0.000001
3798,26,0xBCDA2E3F80754619,14,14,14,42,1,150,399,10331,0.000670,0.002489,0.001101,0.000001
3799,32,0x1CE02394B8DFA765,17,17,17,43,1,7041,18,13007,0.018037,0.000431,0.001319,0.000001
3800,26,0xFE2D6CB5A7089314,13,13,13,45,1,162,162,9343,0.001359,0.001799,0.001747,0.000001
3801,32,0x8069A4D1EBC7F235,17,17,17,39,1,1485,4022,13237,0.007809,0.034569,0.001275,0.000001
3802,30,0xE71862CBF9A4D305,16,16,16,40,1,1746,17,12104,0.004431,0.000404,0.001205,0.000001
3803,34,0xE2A781C5F6430D9B,17,17,17,41,1,5174,2746,13239,0.011792,0.014224,0.001296,0.000001
3804,32,0xBE2D408F536971CA,17,17,17,45,1,4506,18,13091,0.010395,0.000411,0.001274,0.000001
3805,32,0x86C95FE7B24A310D,17,17,17,33,1,4634,904,13332,0.010870,0.005196,0.001303,0.000001
3806,26,0x7ED458C2F19306BA,14,14,14,34,1,279,841,10197,0.000845,0.004708,0.001063,0.000001
3807,34,0x8ECB2DF753A10649,17,17,17,41,1,321,204,12992,0.001006,0.001417,0.001272,0.000001
3808,28,0xF349C5D8061E27BA,16,16,16,38,1,4570,151,11990,0.010713,0.001143,0.001223,0.000001
3809,30,0xF0CD91B643EA7582,15,15,15,37,1,480,480,11230,0.001288,0.002955,0.001194,0.000001
3810,24,0x8FD4E9B6315C27A0,14,14,14,34,1,4719,300,10160,0.010496,0.002242,0.001061,0.000001
3811,34,0x48F291305B6DA7CE,17,17,17,51,1,5548,4661,13035,0.013227,0.023883,0.001319,0.000001
3812,32,0xBA90C2F7E4318D56,17,17,17,45,1,4313,242,12858,0.010341,0.001618,0.001271,0.000001
3813,38,0xDB73609A8C2145FE,19,19,21,41,1,44,44,16850,0.000414,0.000546,0.001553,0.000000
3814,32,0x3FB0265A9784C1DE,18,18,18,40,1,48872,721,13970,0.241430,0.004855,0.001439,0.000001
3815,26,0x6EBCD07A3958241F,14,14,14,36,1,520,635,10364,0.001804,0.003930,0.001134,0.000001
3816,32,0x5790CF4A6D138EB2,17,17,17,41,1,951,2286,13165,0.002655,0.012859,0.001283,0.000001
3817,26,0x82DCF4A657913E0B,15,15,15,37,1,5319,262,11345,0.011604,0.001629,0.001194,0.000001
3818,36,0x01FD4E752BA6389C,18,18,20,40,1,224,74,15518,0.000814,0.000721,0.001468,0.000001
3819,34,0x8D792B541A60CF3E,17,17,17,39,1,18,18,13109,0.000360,0.000414,0.001276,0.000001
3820,36,0x457B0968CAFDE132,19,19,19,33,1,59045,8125,14960,0.287371,0.045251,0.001407,0.000001
3821,38,0x40D2316EB5FA897C,20,20,20,46,1,78224,52535,15772,0.398123,0.391769,0.001507,0.000001
3822,28,0x9B8D64A0E7C3F215,15,15,17,37,1,790,3208,13096,0.002399,0.016525,0.001334,0.000001
3823,34,0x35AEBC640F1928D7,18,18,18,30,1,5745,3592,14087,0.016103,0.019981,0.001693,0.000001
3824,30,0xB64D85CA0F932E17,15,15,15,37,1,384,150,11306,0.001156,0.001089,0.001156,0.000001
3825,30,0xC364AB18E729F50D,16,16,16,36,1,1963,3302,12012,0.004743,0.017332,0.001201,0.000001
3826,28,0xB827AE35CFD49601,17,17,17,37,1,103281,5990,13009,0.619455,0.030024,0.001288,0.000001
3827,28,0x5DCB870E3AF16294,15,15,15,39,1,529,228,11157,0.001382,0.001487,0.001130,0.000001
3828,32,0xAB05FE8713462DC9,16,16,18,38,1,2253,1949,13669,0.005139,0.010002,0.001308,0.000001
3829,32,0x18062C4BDF5EA739,17,17,19,43,1,8934,7683,14541,0.021014,0.041829,0.001445,0.000001
3830,32,0xC68B1470ED59A2F3,18,18,18,38,1,35742,731,14202,0.127193,0.004608,0.001338,0.000001
3831,32,0xD07B362C1E8AF495,17,17,17,41,1,8553,3045,13080,0.020458,0.015924,0.001261,0.000001
3832,28,0xB875F643E0D1A29C,16,16,16,42,1,5817,171,11850,0.013277,0.001172,0.001191,0.000001
3833,24,0x8CD4A613FE5B2079,14,14,14,44,1,922,44,10310,0.002423,0.000522,0.001081,0.000001
3834,26,0xB6FA3790E85C412D,16,16,16,38,1,55249,2102,12212,0.243950,0.011832,0.001295,0.000001
3835,32,0xA5F0B6EC14289D73,17,17,17,41,1,1687,15161,13048,0.003938,0.083778,0.001337,0.000001
3836,36,0x018675DBFEA293C4,19,19,19,39,1,30338,23,14989,0.099411,0.000471,0.001395,0.000001
3837,36,0x47F0513A896EBCD2,19,19,19,45,1,107691,28,14893,0.697254,0.000534,0.001383,0.000001
3838,36,0x203EB54A86D9CF71,19,19,21,35,1,36582,523,16076,0.129629,0.003133,0.001521,0.000001
3839,22,0x743A92D0F618BE5C,11,11,11,45,1,12,12,7413,0.000334,0.000393,0.000964,0.000001
3840,26,0x1AEF9B74635028DC,16,16,16,34,1,48786,1434,12086,0.211440,0.007963,0.001186,0.000001
3841,32,0xA81BE0C4DF729365,18,18,18,46,1,41464,603,14003,0.146610,0.003508,0.001328,0.000001
3842,32,0x8FC57634DBA20E19,16,16,16,36,1,57,57,12211,0.000442,0.000621,0.001199,0.000001
3843,34,0xFC4A62730DE15B89,17,17,19,45,1,376,376,14733,0.001182,0.004005,0.001371,0.000001
3844,32,0xBE26F7C41DA89305,17,17,17,39,1,865,1178,13116,0.002390,0.006284,0.001398,0.000001
3845,32,0x8694302D5FCB17AE,17,17,17,43,1,2768,18,12909,0.006516,0.000398,0.001264,0.000001
3846,30,0x9416FB5C0EA72D38,17,17,17,41,1,37685,880,12932,0.125988,0.005227,0.001268,0.000001
3847,24,0xFE1BD28A605794C3,13,13,13,43,1,40,14,9673,0.000409,0.000402,0.001050,0.000001
3848,38,0x6F4A530D291B87CE,19,19,21,47,1,1440,729,16734,0.003500,0.004750,0.001577,0.000001
3849,34,0x4210F8EC59367DAB,18,18,18,46,1,5713,1060,14125,0.014230,0.005870,0.001387,0.000001
3850,26,0x71EB3AD956402C8F,15,15,15,35,1,3280,78,11445,0.007681,0.000811,0.001298,0.000001
3851,40,0x6543E17D8C29ABF0,20,20,20,44,1,12930,9549,16129,0.036152,0.054067,0.001620,0.000001
3852,20,0x3EFAB289476C10D5,13,13,13,37,1,2404,134,9201,0.005407,0.000994,0.001002,0.000001
3853,26,0x7F3286D19A54BEC0,15,15,15,37,1,3674,135,11084,0.008609,0.001012,0.001135,0.000001
3854,22,0x62DFA9C3E054B718,12,12,12,40,1,109,267,8565,0.000540,0.001646,0.000945,0.000001
3855,26,0xEA5C4978FB10D326,13,13,13,39,1,15,15,9343,0.000354,0.000402,0.001009,0.000000
3856,30,0x3E97608251F4BCAD,17,17,17,43,1,26047,1014,12922,0.085829,0.006145,0.001272,0.000001
3857,34,0xFA63B15084C2E97D,17,17,19,49,1,978,978,15132,0.002621,0.005437,0.001444,0.000001
3858,38,0x6F071B5DC82A94E3,20,20,20,40,1,152672,4774,15652,0.992896,0.025359,0.001494,0.000001
3859,28,0xFB1E9A064C3D8725,16,16,16,42,1,3829,184,12094,0.009076,0.001273,0.001217,0.000001
3860,34,0x37A6E5C82149FDB0,18,18,18,36,1,8588,6327,14274,0.022026,0.035148,0.001341,0.000001
3861,34,0x3768BDE5109F42CA,19,19,19,41,1,119585,3557,15086,0.768853,0.021472,0.001413,0.000001
3862,32,0xFB2403AC9D1E7865,17,17,17,43,1,1301,159,13077,0.003577,0.001146,0.001264,0.000001
3863,32,0x18D9A326574E0BCF,17,17,19,41,1,1286,14129,14832,0.003175,0.075761,0.001404,0.000001
3864,36,0x8B7F2693A501D4CE,18,18,18,46,1,1650,1490,14171,0.004443,0.007933,0.001352,0.000001
3865,34,0x62F7B4A5D39180EC,18,18,18,36,1,3094,19,13970,0.007286,0.000431,0.001351,0.000001
3866,32,0x2A13B0E479D65CF8,18,18,18,44,1,72641,2213,14133,0.361820,0.013517,0.001484,0.000001
3867,32,0x0BE81C2AF46759D3,18,18,18,40,1,95887,3171,13710,0.604684,0.018227,0.001446,0.000001
3868,40,0xE38A4C60F92BD175,20,20,22,42,1,13609,11779,17781,0.039001,0.067947,0.001612,0.000001
3869,34,0xC9B17283EF06A54D,18,18,18,40,1,4888,2415,13885,0.013721,0.012883,0.001354,0.000001
3870,36,0x3B0F9C762A851D4E,20,20,20,38,1,483471,8975,15997,4.111639,0.051510,0.001489,0.000001
3871,26,0xE974CD8AF23056B1,14,14,14,32,1,322,975,10108,0.001038,0.005426,0.001056,0.000001
3872,34,0x4FA607E95B8D312C,18,18,20,38,1,36940,26245,15963,0.127238,0.158714,0.001499,0.000001
3873,28,0x79D302584ECBF61A,16,16,16,38,1,4134,129,12269,0.009987,0.001026,0.001246,0.000001
3874,40,0xD14A25F36B80C97E,20,20,20,40,1,758,343,15910,0.002019,0.002144,0.001503,0.000001
3875,28,0x7ED3CFA49B102685,15,15,15,39,1,953,46,11148,0.002309,0.000571,0.001200,0.000001
3876,32,0xC70638E5B1DA92F4,16,16,18,40,1,1437,1421,14014,0.003468,0.007611,0.001331,0.000001
3877,34,0x5CB6D07E43819FA2,18,18,20,40,1,11287,5669,15901,0.033145,0.030067,0.001504,0.000001
3878,28,0x4E560D39FB7A12C8,16,16,16,42,1,6488,195,12072,0.015291,0.001346,0.001235,0.000001
3879,38,0xE1A267C894305DFB,19,19,19,39,1,29,29,15123,0.000394,0.000467,0.001417,0.000001
3880,36,0x680EB153C72A4FD9,18,18,20,44,1,37,37,15717,0.000632,0.000561,0.001972,0.000001
3881,40,0xD1860C25B7A3F4E9,20,20,22,44,1,65165,45087,17909,0.342556,0.357294,0.001808,0.000001
3882,34,0xBC0A8946E5237FD1,19,19,19,35,1,218674,5122,15105,1.650260,0.028595,0.001563,0.000001
3883,34,0x3AB1C57F06DE4289,18,18,18,44,1,11022,25,14073,0.033293,0.000451,0.001321,0.000001
3884,34,0xB07E652D4F9A3C81,17,17,17,37,1,18,18,13235,0.000338,0.000404,0.001277,0.000001
3885,30,0x4BD7920586CFEA31,16,16,16,38,1,1100,685,12096,0.003230,0.003818,0.001196,0.000001
3886,32,0x2A7B0E46F815D39C,17,17,17,49,1,798,3819,12818,0.001985,0.019535,0.001255,0.000001
3887,36,0x105AD93786BF2EC4,18,18,18,40,1,20,20,14145,0.000361,0.000457,0.001780,0.000001
3888,36,0xF4A15B0397628ECD,19,19,19,45,1,16293,128,15124,0.046437,0.001056,0.001411,0.000001
3889,36,0x2E41768DA93F50CB,18,18,20,40,1,7810,6366,15612,0.019329,0.034012,0.001486,0.000001
3890,26,0x79D53F1248C6BEA0,15,15,15,41,1,3059,86,11178,0.007352,0.000750,0.001234,0.000001
3891,28,0xC06EB1927D458AF3,16,16,16,42,1,14392,681,11958,0.036930,0.003864,0.001341,0.000001
3892,28,0xD3869CB2F0417EA5,15,15,15,37,1,571,68,11023,0.001530,0.000908,0.001393,0.000001
3893,36,0xA52D4370E8C6B19F,18,18,20,42,1,1772,277,15847,0.004981,0.001922,0.001626,0.000001
3894,32,0x3FD7CA512809EB64,16,16,16,36,1,17,17,12347,0.000349,0.000409,0.001254,0.000001
3895,34,0xC4739B865120AEFD,18,18,18,32,1,9246,1734,14023,0.024953,0.009458,0.001336,0.000001
3896,38,0x59D487EF21AB06C3,20,20,20,38,1,53207,5075,15938,0.244572,0.027188,0.001499,0.000001
3897,30,0x67B1CAF924E5830D,17,17,17,35,1,22258,768,12877,0.076072,0.004619,0.001266,0.000001
3898,32,0xAD23B0EC14F65978,17,17,17,45,1,9351,18,13028,0.022676,0.000436,0.001283,0.000001
3899,30,0x4CE2189BF065AD73,17,17,17,39,1,34310,1297,12924,0.112896,0.007679,0.001318,0.000001
3900,36,0xE2369017DCFB854A,19,19,19,45,1,25916,30774,15281,0.083994,0.201546,0.001804,0.000001
3901,30,0xEA1C842D9736F50B,17,17,17,41,1,30774,650,13212,0.104056,0.004189,0.001372,0.000001
3902,34,0x740E25F138ACD69B,17,17,17,47,1,285,279,12841,0.000884,0.001692,0.001257,0.000001
3903,32,0x91703F8EA5B62CD4,18,18,18,42,1,48032,465,14260,0.217925,0.003070,0.001337,0.000001
3904,30,0x71EF9A3645C8D0B2,16,16,16,36,1,1151,1408,12078,0.002940,0.007687,0.001188,0.000001
3905,38,0xD1B5EC238F7049A6,20,20,20,36,1,76083,103,15643,0.385543,0.000967,0.001770,0.000001
3906,32,0x396ECA2085D71FB4,16,16,16,38,1,1606,1879,12110,0.005351,0.010618,0.001322,0.000001
3907,38,0x1E540B67A238C9DF,19,19,21,43,1,704,888,16732,0.002154,0.005122,0.001664,0.000001
3908,28,0xBC3D64EA1250F897,14,14,14,42,1,15,15,10177,0.000346,0.000399,0.001466,0.000001
3909,36,0xA01CD84397E25B6F,19,19,19,41,1,22088,558,15091,0.074647,0.003748,0.001911,0.000001
3910,30,0xDA1C0E8B4962753F,15,15,15,41,1,691,940,11118,0.004054,0.006947,0.001127,0.000001
3911,30,0x62BFA59D10C837E4,18,18,18,38,1,110006,2947,14161,0.691400,0.018009,0.001471,0.000001
3912,30,0xE61FCB230D759A84,16,16,16,38,1,1918,57,12129,0.005255,0.000602,0.001216,0.000001
3913,26,0xCFEB192AD6847053,15,15,15,39,1,9393,377,11075,0.022115,0.002284,0.001224,0.000001
3914,20,0xFE769215BADC3048,12,12,12,44,1,289,730,8513,0.000898,0.004203,0.000969,0.000001
3915,26,0x6F917BD824E053AC,13,13,13,39,1,42,42,9298,0.000454,0.000618,0.000994,0.000001
3916,42,0x24710B69E8A3CFD5,22,22,22,42,1,826698,6675,17663,7.955945,0.038529,0.001766,0.000001
3917,32,0x9CA6FB350E8741D2,17,17,17,37,1,5395,916,12888,0.013705,0.005149,0.001236,0.000001
3918,32,0x3581AC0FB679E4D2,17,17,17,41,1,3325,733,12974,0.007627,0.004156,0.001277,0.000001
3919,36,0x0152B8AFC36D4E97,19,19,19,39,1,24969,4356,15261,0.084864,0.024871,0.001460,0.000001
3920,30,0x689FE1C4035DB7A2,16,16,16,42,1,570,2133,12067,0.001488,0.011333,0.001230,0.000001
3921,34,0xC1B8A43D5760E92F,17,17,19,35,1,420,414,14901,0.001190,0.002368,0.001391,0.000001
3922,26,0xD509A38B6EC412F7,15,15,15,35,1,4701,127,11089,0.010595,0.000952,0.001165,0.000001
3923,24,0xB7981E5C4F0DA236,13,13,13,45,1,231,184,9143,0.000774,0.001260,0.000997,0.000000
3924,40,0xC208E1459A3FBD67,20,20,20,50,1,142,142,15817,0.000600,0.001092,0.001463,0.000001
3925,32,0xFE42136B870C5D9A,17,17,17,47,1,4211,4352,13228,0.010039,0.022594,0.001298,0.000001
3926,38,0x9DA537C10BE2468F,19,19,19,37,1,255,143,15203,0.000837,0.001071,0.001437,0.000001
3927,36,0x683C4209E17BDFA5,19,19,19,39,1,22107,1991,15003,0.075206,0.014555,0.001619,0.000001
3928,36,0x2BEF547DA1C36890,19,19,21,37,1,21469,6354,16840,0.068513,0.033793,0.001539,0.000001
3929,34,0x59B7C8E621F40A3D,18,18,18,32,1,6396,3327,14024,0.015356,0.017529,0.001319,0.000001
3930,32,0x4051D63C7F98E2AB,18,18,18,44,1,37686,1012,13887,0.126261,0.008650,0.002103,0.000001
3931,30,0xD34CFB5602EA1879,18,18,18,34,1,111281,3494,13885,0.703958,0.021186,0.001555,0.000001
3932,28,0x8D76A294FB50C13E,14,14,14,44,1,27,27,10446,0.000412,0.000544,0.001337,0.000001
3933,28,0xA57164F8BCDE3092,16,16,16,38,1,16195,766,11923,0.050376,0.005366,0.001202,0.000001
3934,34,0x0E496DB31C7528AF,19,19,19,37,1,154334,4438,15290,1.045813,0.033196,0.002347,0.000001
3935,26,0xD650BE3271F9AC48,15,15,15,39,1,3424,127,11229,0.012500,0.001407,0.001826,0.000001
3936,36,0x1DF8497ECB236A05,18,18,18,40,1,2006,1276,13797,0.008061,0.011348,0.002107,0.000001
3937,32,0x4C7A1625FD8EB039,16,16,16,42,1,17,17,12066,0.000441,0.000525,0.001925,0.000001
3938,36,0x4D89256C0F73AB1E,19,19,19,37,1,46193,6612,14834,0.305786,0.037438,0.001538,0.000001
3939,32,0xAD60E257BC3418F9,18,18,18,40,1,57012,1840,14160,0.263291,0.010275,0.001371,0.000001
3940,20,0xF7683ED24C59BA10,12,12,12,42,1,353,26,8596,0.001414,0.000460,0.000996,0.000001
3941,32,0xED02A5BCF8974361,18,18,18,38,1,129939,2956,13728,0.837214,0.017207,0.001512,0.000001
3942,34,0xDA67CF5809B2431E,18,18,18,34,1,23392,8129,13996,0.120803,0.045744,0.001356,0.000001
3943,32,0xD41F203B7569AC8E,18,18,18,52,1,58459,1098,13955,0.266285,0.006962,0.001462,0.000001
3944,22,0xFC3A9DBE46517820,14,14,14,38,1,7059,517,10332,0.020275,0.003211,0.001336,0.000001
3945,28,0x3860DEFA2451BC79,17,17,17,39,1,30425,1324,13189,0.098710,0.007881,0.001411,0.000001
3946,34,0x197D6EFC230854AB,19,19,19,45,1,128200,1284,14919,0.807092,0.007210,0.001411,0.000001
3947,40,0x15A48729F063CBED,21,21,21,35,1,312068,22,16573,2.389797,0.000621,0.001864,0.000001
3948,32,0x4D6F1C9E3B2857A0,16,16,16,40,1,944,502,12216,0.003032,0.002901,0.001311,0.000001
3949,38,0x09DFC4E7153AB862,20,20,20,40,1,106851,61192,15805,0.716967,0.475793,0.001658,0.000001
3950,30,0x7A412B80CED369F5,16,16,16,34,1,539,1536,12032,0.001871,0.009217,0.001291,0.000001
3951,30,0x56CD3F1792BE84A0,16,16,16,42,1,1131,121,11868,0.003584,0.000999,0.001324,0.000001
3952,34,0xD0CF56E37A21984B,17,17,17,43,1,18,18,13145,0.000349,0.000404,0.001351,0.000000
3953,32,0x9D6584E1BF7A3C02,18,18,18,36,1,63990,1255,14162,0.302172,0.007583,0.001473,0.000001
3954,32,0x6908B24C371FEDA5,18,18,18,42,1,84597,1782,13855,0.581515,0.010918,0.001456,0.000001
3955,42,0x09E6C327DA1B45F8,22,22,24,42,1,1129046,7330,19321,10.065976,0.043449,0.001718,0.000001
3956,28,0x8F6E10B2475DA93C,15,15,15,49,1,1148,520,11014,0.002792,0.002909,0.001128,0.000001
3957,30,0x57D9621EAB8403FC,16,16,16,38,1,795,2056,12187,0.002113,0.010656,0.001207,0.000001
3958,26,0xF79CA380B1E6542D,15,15,15,41,1,7067,331,11292,0.016387,0.002087,0.001136,0.000001
3959,32,0x42A791FCE6580D3B,17,17,19,43,1,6026,8612,15002,0.014424,0.046386,0.001425,0.000001
3960,30,0xE2D3980AF46B51C7,17,17,17,39,1,22757,720,13520,0.071318,0.004645,0.001294,0.000001
3961,32,0x03185FB9AE627CD4,18,18,18,40,1,74634,1976,14189,0.356282,0.012315,0.001380,0.000001
3962,26,0xA6F2349078EDBC15,15,15,15,39,1,9479,405,11310,0.023700,0.002498,0.001151,0.000001
3963,30,0xBFA85C973260ED41,15,15,15,37,1,16,16,11253,0.000353,0.000412,0.001150,0.000001
3964,38,0x08E52F37ACB649D1,20,20,20,36,1,64778,4121,15882,0.343352,0.022761,0.001495,0.000001
3965,36,0x2D395780CE1B4AF6,19,19,19,35,1,10702,8553,15097,0.029853,0.045215,0.001447,0.000001
3966,34,0xB059C13F874DE2A6,18,18,18,46,1,9203,10739,14121,0.022406,0.062036,0.001335,0.000001
3967,32,0x4B8A1C60F3972E5D,16,16,16,40,1,220,218,12258,0.000895,0.001415,0.001192,0.000001
3968,30,0x823FB64CE57D019A,15,15,15,41,1,344,176,11252,0.001182,0.001194,0.001135,0.000001
3969,32,0x5D13C0FA76B9428E,17,17,17,41,1,1290,850,13261,0.003472,0.004756,0.001287,0.000001
3970,36,0x70A958C14E32DB6F,18,18,18,40,1,5592,3325,14171,0.013336,0.016854,0.001355,0.000001
3971,30,0x64F80A3B91CDE257,17,17,17,41,1,8855,266,13181,0.021458,0.001761,0.001278,0.000001
3972,34,0xCF394AB78D15E026,19,19,19,37,1,150926,3075,14995,1.001232,0.018359,0.001396,0.000001
3973,24,0x9BF7A08EC6D12354,14,14,14,44,1,1139,91,10222,0.002745,0.000769,0.001052,0.000001
3974,28,0xEBF2985C64170DA3,15,15,15,39,1,1488,142,11147,0.003438,0.001041,0.001140,0.000001
3975,38,0x3FC04729ADB8156E,19,19,21,35,1,68,38,16576,0.000447,0.000520,0.001603,0.000001
3976,30,0xA59413FBD8CE6702,18,18,18,38,1,224518,6013,14192,1.577204,0.034120,0.001441,0.000001
3977,26,0x36E0DF8B7495AC21,16,16,16,34,1,24883,770,11906,0.073808,0.004429,0.001205,0.000001
3978,32,0xA57DE0324C168F9B,18,18,18,50,1,70788,1200,13954,0.379019,0.007168,0.001456,0.000001
3979,26,0x48EDB21350FC6A97,14,14,14,40,1,79,403,10191,0.000521,0.002505,0.001133,0.000001
3980,36,0x9DE40238B5A7C16F,18,18,20,40,1,2364,922,16150,0.010054,0.007055,0.001458,0.000001
3981,36,0x8B391654E2CADF07,20,20,20,34,1,560092,14418,15947,4.556929,0.080432,0.001533,0.000001
3982,34,0x74102D5BAEF3698C,19,19,19,45,1,271762,5250,14818,1.952823,0.030034,0.001405,0.000001
3983,34,0x174A23FED56908BC,19,19,19,41,1,89300,1866,14787,0.573327,0.011675,0.001511,0.000001
3984,30,0xFB7532EDA89C0461,16,16,16,40,1,519,251,12074,0.001600,0.001788,0.001329,0.000001
3985,36,0x2D47685CA091EF3B,21,21,21,31,1,5204667,180379,16922,44.281662,1.871092,0.002314,0.000001
3986,34,0x8DB01534F2C6E97A,18,18,18,40,1,6061,1299,14035,0.024359,0.007016,0.001356,0.000001
3987,32,0x2C6739D0EB84F1A5,18,18,18,40,1,74333,3033,14042,0.367987,0.018131,0.001455,0.000001
3988,30,0x6CA24FB371D50E98,16,16,16,36,1,731,532,12199,0.002318,0.003151,0.001293,0.000000
3989,30,0x08D4193B7FC625AE,17,17,19,35,1,7943,214,15037,0.021092,0.001411,0.001406,0.000001
3990,30,0xB65D0AC819F3E427,15,15,15,41,1,82,70,11268,0.000584,0.000679,0.001145,0.000001
3991,34,0x31A29F7B58DE60C4,18,18,18,36,1,3430,3976,14187,0.008302,0.021072,0.001363,0.000001
3992,34,0x5F02A1ED4BC76839,17,17,17,43,1,4161,1837,13244,0.010631,0.009735,0.001302,0.000001
3993,28,0x3FD84A2E1CB07596,15,15,15,39,1,1167,227,11192,0.002750,0.001489,0.001146,0.000001
3994,34,0x4F57618CDB3029EA,19,19,19,41,1,133085,2114,15321,0.871839,0.013518,0.001594,0.000001
3995,32,0x516DB8F940C32EA7,18,18,18,38,1,61140,1641,14111,0.297084,0.009113,0.001334,0.000001
3996,28,0x5B0F179A3C8E62D4,16,16,16,40,1,7858,341,12063,0.018940,0.002089,0.001260,0.000004
3997,36,0xD1A052E439BC7F86,20,20,20,40,1,364128,10246,15596,2.773279,0.060930,0.001437,0.000001
3998,38,0x5C640BE3A92F871D,19,19,19,43,1,2487,1524,15021,0.005990,0.008086,0.001380,0.000001
3999,32,0xA73BC95D26EF8014,19,19,19,39,1,519016,24312,15021,4.125419,0.143775,0.001417,0.000001
4000,30,0x1C539E8BA47F026D,16,16,16,34,1,1764,17,12305,0.004775,0.000411,0.001253,0.000001
4001,22,0x4C70FA9E18D536B2,13,13,13,37,1,930,76,9330,0.002222,0.000719,0.000998,0.000001
4002,34,0x3A8547E1D6B9FC02,17,17,19,35,1,114,114,14461,0.000563,0.000894,0.001346,0.000000
4003,32,0xBC6471029F8A3ED5,16,16,16,44,1,1697,629,12197,0.004191,0.003549,0.001191,0.000001
4004,28,0x0C5A9F387BE41D26,16,16,16,38,1,13179,521,11961,0.036783,0.003017,0.001170,0.000001
4005,36,0x23A0C497F81ED65B,19,19,19,41,1,53627,21103,14942,0.267761,0.124589,0.001484,0.000001
4006,30,0x9F05418DECB63A72,15,15,15,43,1,17,17,11224,0.000366,0.000420,0.001130,0.000001
4007,42,0x21A306FC85B974DE,21,21,21,45,1,8823,5244,16950,0.024789,0.027672,0.001563,0.000001
4008,22,0xE235B69CFA7401D8,15,15,15,35,1,55055,2113,11435,0.230293,0.010920,0.001187,0.000001
4009,40,0x630C4F518729BDEA,20,20,22,48,1,59,59,17672,0.000503,0.000660,0.001682,0.000001
4010,34,0x174538B2D9AE6FC0,18,18,18,34,1,17401,1622,13915,0.047186,0.009106,0.001342,0.000001
4011,36,0xD1A967F843025CBE,19,19,19,41,1,30470,30,15165,0.100838,0.000524,0.001407,0.000001
4012,28,0x2D59E8A160F73CB4,15,15,15,37,1,515,1279,11045,0.001546,0.007182,0.001162,0.000001
4013,32,0x518AC4972FE63BD0,16,16,16,36,1,120,120,12228,0.000568,0.000917,0.001198,0.000001
4014,28,0x65C87E31DB042A9F,16,16,16,40,1,5535,72,12138,0.013001,0.001023,0.001461,0.000001
4015,32,0x7A82D1BC05F6E943,16,16,16,38,1,197,197,11955,0.000926,0.001476,0.001200,0.000000
4016,40,0xAD3E0B6F15294C87,20,20,22,48,1,1595,1338,17605,0.003886,0.007279,0.001566,0.000001
4017,24,0xDABE2805C634F719,15,15,15,43,1,23221,1039,11125,0.065861,0.005843,0.001136,0.000001
4018,28,0x59A84E6CB3D7F210,14,14,14,32,1,263,255,10450,0.000871,0.001703,0.001079,0.000001
4019,26,0x65E4B2DA38079F1C,14,14,14,34,1,205,906,10385,0.000737,0.004979,0.001077,0.000000
4020,34,0x57092F3D14E8BCA6,19,19,19,43,1,83769,1122,14881,0.434467,0.007302,0.001586,0.000001
4021,26,0xB1CDAF4963027E58,14,14,14,40,1,629,333,10158,0.001912,0.002048,0.001119,0.000001
4022,32,0xBDE1C7892A34506F,17,17,17,39,1,5949,327,12932,0.014427,0.002134,0.001304,0.000001
4023,36,0x4F0B78213C65ADE9,18,18,20,36,1,987,688,15707,0.002620,0.003825,0.001485,0.000001
4024,22,0xC6EFB8DA57920413,13,13,13,37,1,1055,28,9314,0.002434,0.000486,0.001030,0.000001
4025,26,0x2A94F358D07E6C1B,14,14,14,44,1,1167,294,10300,0.002818,0.001911,0.001092,0.000001
4026,36,0xB517E43D6809ACF2,20,20,20,40,1,357621,6662,15969,2.710924,0.040415,0.001501,0.000001
4027,40,0x930BD5F6827A1C4E,22,22,22,42,1,7333661,267483,17430,61.950283,2.658229,0.001925,0.000001
4028,34,0xE26D7105AFBC8493,18,18,18,42,1,2733,13670,13884,0.008769,0.076321,0.001423,0.000001
4029,34,0xECD9405271AB683F,18,18,18,40,1,1306,2390,14293,0.003878,0.012709,0.001398,0.000001
4030,30,0x9F37BD8A0C5246E1,17,17,17,29,1,21325,639,12935,0.067145,0.004171,0.001265,0.000001
4031,38,0x35E7FD029AB1486C,19,19,19,43,1,1518,1171,15074,0.003702,0.006298,0.001433,0.000001
4032,36,0xB36A48E2CD510F97,19,19,19,35,1,7691,15716,15172,0.018955,0.088145,0.001445,0.000001
4033,26,0xBDF4A709E36C8512,14,14,14,38,1,397,923,10257,0.001460,0.005184,0.001070,0.000001
4034,44,0x182A670B43E9C5DF,23,23,23,45,1,2716877,10475,18566,24.366490,0.062894,0.001678,0.000001
4035,30,0xA2C4D309716B5EF8,17,17,17,39,1,35388,849,13065,0.139511,0.005207,0.001300,0.000001
4036,26,0x9C45E2F3A6D017B8,16,16,16,44,1,30576,1256,12037,0.096529,0.006863,0.001364,0.000001
4037,24,0x2BE19F3876DCA405,14,14,14,38,1,3299,194,10129,0.009141,0.001329,0.001089,0.000001
4038,32,0x7291D4B30E5FC6A8,18,18,18,42,1,53567,1457,13818,0.256126,0.008337,0.001829,0.000001
4039,38,0x8243075DFAEC196B,19,19,21,39,1,548,1353,17032,0.001445,0.007352,0.001534,0.000001
4040,36,0x0B1A3E524D86C79F,19,19,19,43,1,19376,299,14926,0.063544,0.001934,0.001401,0.000001
4041,32,0x2A7E59B6FC134D80,18,18,18,36,1,51720,1349,13956,0.237892,0.008022,0.001329,0.000001
4042,36,0x907315DB4ACE2F68,19,19,19,39,1,15593,544,15246,0.045636,0.003281,0.001413,0.000001
4043,28,0x7AE28DBC4F103569,15,15,15,39,1,899,2550,11165,0.002543,0.012266,0.001139,0.000001
4044,34,0x071B9CF365E84AD2,18,18,18,38,1,3975,3722,13878,0.009212,0.019218,0.001332,0.000001
4045,36,0xE0126F53BA8794DC,19,19,19,41,1,35332,20,14839,0.118775,0.000478,0.001463,0.000001
4046,26,0xB81E64C0F7D9A253,14,14,16,42,1,305,119,12003,0.000989,0.000897,0.001187,0.000001
4047,36,0xC6A75BE13F294D08,19,19,19,37,1,21115,8302,14862,0.068466,0.044320,0.001424,0.000001
4048,26,0xE85A6FC7321DB490,14,14,14,38,1,470,39,10232,0.001296,0.000536,0.001078,0.000001
4049,28,0x7314B9FD5A2C680E,17,17,17,39,1,65191,2363,12828,0.293656,0.011935,0.001318,0.000001
4050,26,0xE7F5DA0CB3926481,15,15,15,45,1,3169,144,11196,0.007005,0.001043,0.001142,0.000000
4051,28,0x8BFECA249D367015,15,15,15,39,1,236,21,11128,0.000799,0.000428,0.001163,0.000001
4052,34,0xDE61734089CFB2A5,18,18,18,42,1,14515,34,14178,0.039956,0.000512,0.001350,0.000001
4053,30,0x2D01E68B5C74F3A9,17,17,19,43,1,9387,4038,14605,0.022954,0.019917,0.001495,0.000001
4054,32,0xCA805E7132F946BD,16,16,16,44,1,17,17,12194,0.000379,0.000424,0.001330,0.000001
4055,38,0xD329EB7C0FA14568,20,20,20,38,1,174091,7347,15603,1.413632,0.042067,0.001451,0.000001
4056,34,0x4ECB1D8359F207A6,18,18,18,36,1,12583,19,13970,0.034848,0.000529,0.001308,0.000001
4057,28,0xBF412A3CE07D5869,17,17,17,39,1,65016,1725,13211,0.287793,0.009122,0.001279,0.000001
4058,24,0xA71BF83064DC529E,13,13,13,45,1,124,14,9341,0.000663,0.000620,0.001265,0.000001
4059,26,0xE612A38B754D9F0C,15,15,15,41,1,2837,98,11174,0.007567,0.000823,0.001135,0.000000
4060,34,0x39A62504DE781BFC,17,17,17,35,1,2575,1240,13080,0.006383,0.006465,0.001284,0.000001
4061,32,0x4F761C52ED9803BA,17,17,17,43,1,10427,18,13137,0.027175,0.000440,0.001364,0.000001
4062,36,0xCA801735E962F4BD,20,20,20,44,1,506982,14880,15716,4.242572,0.084524,0.001465,0.000001
4063,38,0xC63F1247AB985DE0,20,20,20,42,1,117683,529,15781,0.741737,0.003442,0.001611,0.000001
4064,30,0x21DF3C4E760BA598,16,16,16,44,1,1716,19,11987,0.005288,0.000433,0.001359,0.000001
4065,34,0x1427EC9F0356D8BA,20,20,20,42,1,2081248,110206,15637,18.691490,0.995618,0.001769,0.000001
4066,34,0x7AF5C16DE42B8039,18,18,18,44,1,6461,14221,14208,0.018711,0.076572,0.001364,0.000001
4067,34,0xB1CA28459EF06D73,18,18,18,34,1,6977,4215,14202,0.017489,0.022306,0.001371,0.000001
4068,28,0xBC7E3A16095FD842,14,14,14,42,1,25,25,10235,0.000379,0.000461,0.001104,0.000001
4069,34,0xA1C5E42F7D6390B8,18,18,18,40,1,18140,353,14092,0.049052,0.002403,0.001355,0.000001
4070,28,0x5FD472B39EA6C108,15,15,15,37,1,757,769,11325,0.002200,0.004336,0.001299,0.000001
4071,28,0xBAF673CE80D29154,17,17,17,41,1,39284,1029,12903,0.128361,0.005721,0.001259,0.000001
4072,32,0x1548E3C0D67AF92B,18,18,18,44,1,43362,1113,14047,0.210287,0.006452,0.001403,0.000001
4073,24,0xA954BEFDC2768130,14,14,14,32,1,1356,92,10460,0.003010,0.000844,0.001119,0.000000
4074,32,0x1AF6D3E75049C2B8,17,17,17,43,1,4079,557,13282,0.009564,0.003159,0.001329,0.000000
4075,34,0x614F0987BA5DCE32,17,17,17,41,1,6564,5993,13237,0.016924,0.040943,0.001657,0.000001
4076,32,0xC05F7216D39E4A8B,17,17,17,49,1,773,226,12766,0.002726,0.001465,0.001252,0.000001
4077,28,0x3A647B90FE28C15D,15,15,15,41,1,909,612,11184,0.002335,0.003509,0.001129,0.000001
4078,28,0x7AF2E1493B5CD806,14,14,14,40,1,15,15,10350,0.000352,0.000472,0.001106,0.000000
4079,36,0x31647CBA8D205E9F,18,18,18,36,1,43,43,14160,0.000404,0.000535,0.001331,0.000001
4080,34,0x5B3C79F6281E40AD,18,18,18,42,1,3725,42770,14125,0.009069,0.309750,0.001485,0.000001
4081,34,0x6278495AFE0BCD31,17,17,17,35,1,167,127,13172,0.000803,0.000981,0.001381,0.000001
4082,30,0xD9CF6E2803A4B175,15,15,15,43,1,80,72,11381,0.000506,0.000687,0.001212,0.000001
4083,36,0x40EA8C657D319FB2,19,19,19,35,1,12688,21366,15242,0.035881,0.125822,0.001442,0.000001
4084,36,0x8413F6CA9BE207D5,19,19,19,41,1,25623,367,14974,0.083927,0.002511,0.001385,0.000001
4085,32,0xB169D382C45FAE07,18,18,18,38,1,43055,1025,13881,0.199857,0.006751,0.001427,0.000001
4086,24,0x3E58B19FCAD27406,13,13,13,43,1,339,778,9135,0.001152,0.004673,0.001036,0.000001
4087,38,0xA560FB37894DEC21,20,20,20,40,1,45390,523,15697,0.244029,0.003512,0.001606,0.000001
4088,30,0x9651EAC0B7284F3D,17,17,17,43,1,23192,339,13059,0.071058,0.002338,0.001348,0.000001
4089,38,0x301FA4C625BE8D97,21,21,21,39,1,1053919,19972,16944,9.442296,0.123907,0.001757,0.000001
4090,22,0x52F6CA9BE7D41803,12,12,12,34,1,69,53,8474,0.000870,0.000609,0.000953,0.000001
4091,30,0xDCA59264F1B7E038,16,16,16,38,1,440,3180,12129,0.001257,0.016521,0.001227,0.000001
4092,28,0x9ED3A81B02F45C67,16,16,16,38,1,9814,289,12256,0.032224,0.001765,0.001201,0.000001
4093,24,0x98DE7FA1B6C05432,14,14,14,44,1,3483,146,10232,0.007966,0.001028,0.001069,0.000001
4094,44,0x053AC2EB19876D4F,23,23,23,37,1,4850023,2578,18656,44.700611,0.021975,0.001727,0.000001
4095,30,0x0875ECFA3D62B419,18,18,18,36,1,202127,8502,13897,1.526536,0.043458,0.001334,0.000001
4096,40,0x036729E51ADC48BF,20,20,20,40,1,327,293,15917,0.001077,0.001781,0.001477,0.000001
4097,34,0xF3568714D92ECB0A,18,18,18,44,1,15396,3518,13907,0.044331,0.018717,0.001331,0.000001
4098,34,0xBC02F7563DA4819E,19,19,19,41,1,172134,4030,14893,1.130906,0.020569,0.001418,0.000001
4099,30,0x3A2DBE6107849F5C,15,15,17,37,1,280,378,12974,0.000891,0.002225,0.001255,0.000001
4100,34,0xC8D401E37A9B25F6,18,18,18,42,1,9412,19,14278,0.026557,0.000438,0.001354,0.000001
4101,40,0x0BF5864792A13CED,20,20,22,40,1,616,586,17555,0.002009,0.003281,0.001583,0.000001
4102,36,0x65CB29FEA3084D17,19,19,19,41,1,56575,3847,14878,0.276651,0.020257,0.001540,0.000001
4103,30,0x5FC01D38BAE72469,17,17,17,43,1,10407,124,12885,0.027526,0.001241,0.001288,0.000001
4104,26,0xA7BCF3286E91405D,14,14,16,42,1,995,1417,12131,0.002689,0.007381,0.001324,0.000001
4105,36,0x31AF6794B02E58DC,18,18,20,42,1,86,76,15752,0.000510,0.000717,0.001472,0.000001
4106,28,0xEA50873BD1F6429C,15,15,15,45,1,491,544,11165,0.001316,0.003001,0.001119,0.000000
4107,32,0x6851DC92A4B0F7E3,18,18,18,38,1,31199,671,13953,0.110756,0.004232,0.001318,0.000001
4108,36,0x30AF587B49CD62E1,19,19,19,35,1,22111,1344,15040,0.073010,0.008338,0.001406,0.000001
4109,36,0xB024C5837A1FED96,18,18,18,38,1,378,378,14074,0.001136,0.002310,0.001334,0.000001
4110,34,0xC257E01FB68943AD,18,18,18,50,1,9290,1488,14132,0.029238,0.008141,0.001334,0.000001
4111,34,0x4A8E37D1950B6FC2,18,18,18,40,1,8295,2923,14063,0.019990,0.015549,0.001313,0.000001
4112,34,0xE60214379C5DFBA8,18,18,18,48,1,15720,7381,13671,0.041909,0.038940,0.001336,0.000001
4113,30,0xE19A7F3BC8D46520,17,17,19,39,1,11011,1148,14945,0.029257,0.006030,0.001391,0.000001
4114,30,0x6F87049E1CD23BA5,15,15,15,43,1,16,16,11192,0.000357,0.000414,0.001148,0.000001
4115,30,0xBF021A7C5E936D48,16,16,16,44,1,1238,795,12300,0.003099,0.004693,0.001212,0.000001
4116,26,0xC3B0A618F5D2749E,15,15,15,41,1,7194,431,11215,0.016829,0.002336,0.001239,0.000001
4117,24,0x5B9E38C4DA7F0612,14,14,14,38,1,754,780,10197,0.001917,0.004282,0.001063,0.000001
4118,26,0xF4297B186D0CE35A,15,15,15,45,1,3361,659,11225,0.007332,0.003556,0.001175,0.000001
4119,28,0xEF7128C35A94D60B,15,15,15,39,1,1923,244,10988,0.004322,0.001547,0.001118,0.000000
4120,36,0xF3E56928C1B0AD47,18,18,18,38,1,64,64,14241,0.000557,0.000638,0.001341,0.000001
4121,40,0x5C268F309BA147ED,20,20,22,40,1,42,42,17801,0.000398,0.000534,0.001756,0.000001
4122,34,0xB9208F51DEAC4376,19,19,19,43,1,173230,4418,14832,1.093786,0.022802,0.001408,0.000001
4123,36,0xCE013D64BF27895A,20,20,20,44,1,259870,4861,16180,2.011725,0.029259,0.001638,0.000001
4124,32,0xA614B327CE90FD85,18,18,18,40,1,35370,809,13977,0.127936,0.005371,0.001321,0.000001
4125,36,0xC4AB5E6F213970D8,18,18,18,40,1,47,47,14210,0.000443,0.000566,0.001413,0.000001
4126,26,0xF764BE5A2C19D803,14,14,14,34,1,169,463,10353,0.000691,0.002716,0.001073,0.000001
4127,32,0x0EBF468A57291D3C,16,16,16,40,1,37,37,12037,0.000402,0.000517,0.001195,0.000000
4128,32,0x7A86019DEC4BF523,18,18,18,42,1,80801,1447,13867,0.407972,0.009098,0.001460,0.000001
4129,32,0x47D1906EC25AF38B,18,18,18,46,1,65454,1756,14149,0.328528,0.010525,0.001361,0.000001
4130,30,0x5CA9FE74601B2D38,15,15,15,39,1,264,158,11331,0.000980,0.001123,0.001140,0.000001
4131,36,0x2589DE46BCA1703F,19,19,19,35,1,47006,2726,14892,0.225759,0.014922,0.001426,0.000001
4132,24,0x14FCD7A8E290365B,13,13,13,37,1,254,346,9394,0.000800,0.002066,0.001020,0.000001
4133,30,0xE2F1D5384A0976BC,17,17,17,45,1,26799,626,12874,0.083171,0.004046,0.001284,0.000001
4134,32,0x2AC8364159D7F0EB,18,18,18,34,1,59094,884,14152,0.282754,0.005186,0.001353,0.000001
4135,24,0xB4281E9C6F7053DA,16,16,16,44,1,91839,4388,12093,0.413132,0.022791,0.001295,0.000001
4136,36,0xB3DC0567E1F4892A,18,18,18,40,1,500,454,14412,0.001752,0.002830,0.001486,0.000001
4137,40,0xC5076413BA8E29FD,20,20,22,44,1,29476,24143,17917,0.101445,0.143836,0.001730,0.000001
4138,28,0x86BCD51230F4E79A,15,15,15,47,1,1625,502,11032,0.004369,0.002816,0.001180,0.000001
4139,28,0xBAED5680971F4C32,16,16,16,38,1,14333,159,12063,0.043780,0.001216,0.001197,0.000001
4140,28,0x8B0E19DCF63A5472,16,16,16,38,1,5604,162,11714,0.013315,0.001158,0.001169,0.000001
4141,32,0x52371A9DB06F8EC4,18,18,18,44,1,24521,2298,13906,0.080773,0.011503,0.001355,0.000001
4142,34,0x4BD1AF3752098EC6,17,17,17,43,1,18,18,13049,0.000374,0.000436,0.001295,0.000001
4143,24,0xDF6CA3B52748E019,14,14,14,40,1,2468,52,10172,0.005414,0.000587,0.001071,0.000001
4144,30,0x0618FC5E73DBA942,17,17,17,43,1,20898,491,12906,0.067896,0.002995,0.001253,0.000001
4145,34,0x639D84725B1E0CFA,18,18,18,36,1,23227,2739,13977,0.073984,0.015280,0.001348,0.000001
4146,32,0xC18D23EA6B450F79,16,16,16,42,1,657,173,11992,0.001744,0.001178,0.001187,0.000001
4147,30,0xDF0EA9241C3758B6,17,17,17,41,1,17351,140,12668,0.045394,0.001050,0.001258,0.000001
4148,28,0x5386ADFC417E2B90,16,16,16,34,1,23333,655,12018,0.070688,0.004310,0.001306,0.000001
4149,28,0x398C20FB7EA4D516,17,17,17,43,1,84705,3768,13026,0.411283,0.020750,0.001474,0.000001
4150,30,0xDA231BFC5679804E,16,16,16,42,1,4115,17,12341,0.009732,0.000415,0.001353,0.000001
4151,34,0x490ED1582FBA376C,19,19,19,41,1,76287,1852,14975,0.375496,0.011228,0.001419,0.000001
4152,36,0xD146358AC7920FEB,19,19,19,39,1,39301,20,15035,0.191708,0.000483,0.001447,0.000001
4153,30,0x928BC63EFD15740A,17,17,17,43,1,22777,251,12924,0.067725,0.001676,0.001283,0.000001
4154,34,0x302FD1AC6E7B9845,18,18,18,42,1,7509,2117,14055,0.018771,0.011433,0.001350,0.000001
4155,34,0xFBED4321C5096A87,19,19,19,41,1,235226,7252,14722,1.755000,0.040978,0.001398,0.000001
4156,32,0x470CB35821DFA96E,17,17,17,41,1,5821,1554,13211,0.013936,0.008434,0.001287,0.000001
4157,34,0x9D34C701F5A6B8E2,17,17,17,41,1,585,435,13099,0.001538,0.002551,0.001283,0.000001
4158,30,0xB0AD8C529E1463F7,17,17,17,37,1,28599,732,12960,0.101525,0.004493,0.001270,0.000001
4159,26,0xB1D958A4760F3EC2,15,15,15,35,1,3793,99,11220,0.008932,0.000864,0.001140,0.000001
4160,32,0x0621B7F83A5CE94D,16,16,18,40,1,20,20,14014,0.000384,0.000440,0.001342,0.000001
4161,32,0x15AD0E896F374BC2,17,17,17,39,1,2775,2270,12936,0.006535,0.011997,0.001298,0.000001
4162,32,0xFE192C4D780BA563,17,17,17,43,1,7376,1658,13261,0.019211,0.008897,0.001302,0.000001
4163,30,0xDA91B72043C68F5E,18,18,18,42,1,252527,12607,14160,1.816322,0.074447,0.001374,0.000001
4164,26,0x1FDC27A3E4609B58,14,14,14,38,1,488,262,10293,0.001527,0.001614,0.001125,0.000001
4165,30,0xCFE8A31D4B072569,15,15,15,43,1,16,16,11079,0.000358,0.000462,0.001194,0.000001
4166,34,0x9257810E3DA6FB4C,19,19,19,43,1,109911,3031,14915,0.722792,0.017740,0.001446,0.000001
4167,34,0x7348E160B2C5DFA9,18,18,20,44,1,20471,572,15845,0.064879,0.003479,0.001534,0.000001
4168,30,0x41AD70985B6CEF32,15,15,15,39,1,17,17,11313,0.000363,0.000422,0.001149,0.000001
4169,34,0x8A49067BF2315ECD,17,17,17,47,1,1930,1450,13127,0.004578,0.007577,0.001338,0.000001
4170,26,0x5ECF7813069D2A4B,15,15,15,43,1,4329,164,11209,0.010039,0.001267,0.001146,0.000001
4171,24,0x489BAFD05E1C6273,15,15,15,39,1,21018,1137,10969,0.050391,0.006415,0.001132,0.000001
4172,26,0x2C45FA8B97D3E016,14,14,14,34,1,864,185,10285,0.002144,0.001298,0.001085,0.000001
4173,28,0xD21EF4B5A6379C80,17,17,17,41,1,26693,942,13106,0.087617,0.005467,0.001271,0.000001
4174,28,0xBE91F7046283DA5C,14,14,14,46,1,15,15,10181,0.000359,0.000445,0.001074,0.000001
4175,36,0x3F60E27C89145DAB,18,18,18,46,1,765,765,14058,0.001963,0.004302,0.001375,0.000001
4176,38,0xCE13425609ADBF78,20,20,20,42,1,92115,21,15818,0.619080,0.000578,0.001664,0.000001
4177,36,0x1CE697F54B3A8D02,19,19,19,39,1,20614,5184,15121,0.075446,0.028274,0.001440,0.000001
4178,36,0xB4623F059A8CED71,19,19,19,41,1,32675,3613,14780,0.121421,0.019153,0.001417,0.000001
4179,38,0x279AC5E46D810B3F,20,20,20,34,1,217047,21,15902,1.671448,0.000541,0.001640,0.000001
4180,36,0x08156E7ADFB3C492,19,19,19,39,1,24351,1873,14860,0.085256,0.010373,0.001402,0.000001
4181,28,0x68D392CAB1F5E740,16,16,16,36,1,6672,93,12278,0.015615,0.000825,0.001253,0.000001
4182,32,0x2F0C87ADE9B15634,17,17,17,41,1,13383,2840,13065,0.035712,0.016362,0.001269,0.000001
4183,34,0x83294AEDF067B51C,17,17,17,41,1,18,18,13297,0.000365,0.000458,0.001299,0.000001
4184,34,0x906A47D8CB2F3E51,17,17,17,43,1,886,837,13130,0.002344,0.004630,0.001290,0.000001
4185,32,0x8AC142D5F6EB0397,18,18,18,38,1,43898,1187,14175,0.210959,0.006799,0.001357,0.000001
4186,30,0x561CE478302ABF9D,17,17,17,43,1,28503,604,13067,0.092287,0.003727,0.001283,0.000001
4187,30,0xC0187A32BD5E46F9,17,17,17,37,1,21954,446,13382,0.068079,0.002875,0.001280,0.000001
4188,36,0x28CE094675A31FDB,20,20,20,40,1,389623,10249,16025,3.485437,0.060855,0.001523,0.000001
4189,36,0x93716F5C2AD804EB,19,19,19,41,1,60151,1815,15013,0.277659,0.010799,0.001655,0.000001
4190,36,0x2D1B043C7865E9FA,19,19,19,49,1,39097,3973,14996,0.148268,0.021877,0.002302,0.000001
4191,30,0x20C81BEDA673F594,15,15,15,41,1,406,307,11177,0.001505,0.001950,0.001177,0.000001
4192,34,0xB0C2F983E1A5D647,19,19,19,41,1,189133,7674,14803,1.454722,0.045986,0.001408,0.000001
4193,30,0xABF9715DC43E6082,17,17,17,45,1,19129,672,12693,0.050525,0.004510,0.001285,0.000001
4194,28,0x6950EAB48FCD7321,14,14,14,34,1,15,15,10274,0.000363,0.000417,0.001084,0.000001
4195,30,0x6F1AEB73249C80D5,16,16,16,36,1,392,2555,11678,0.001115,0.012612,0.001197,0.000001
4196,32,0x6E5AD17243F98BC0,17,17,17,37,1,1469,726,13085,0.003578,0.004073,0.001848,0.000001
4197,30,0xAB9456021FCD3E87,17,17,17,37,1,17899,475,13043,0.048792,0.002921,0.001259,0.000001
4198,34,0x02BA7DC415FE9836,19,19,19,35,1,275777,5465,15107,2.021677,0.032535,0.001408,0.000001
4199,32,0xA9760E3D58BC124F,16,16,16,40,1,280,256,12267,0.000859,0.001566,0.001203,0.000001
4200,40,0x024F9165EADBC873,20,20,22,38,1,2823,2993,17555,0.007898,0.015954,0.001619,0.000001
4201,30,0x5F7B23E89AD061C4,17,17,17,41,1,14818,460,12947,0.040064,0.002867,0.001269,0.000001
4202,42,0x8C0D41E3AF29657B,22,22,22,46,1,599504,2547,17836,4.903025,0.015190,0.001775,0.000001
4203,26,0x2CAF890536D47EB1,15,15,15,35,1,7710,294,11214,0.018976,0.001783,0.001127,0.000001
4204,30,0x342DFA0B65E9178C,17,17,17,39,1,33759,1181,13012,0.112806,0.006628,0.001254,0.000001
4205,38,0x798531420AEF6DBC,19,19,19,39,1,9017,7003,15118,0.025168,0.038142,0.001444,0.000001
4206,28,0xF51E80A9274CD36B,16,16,16,44,1,13473,421,11994,0.036708,0.002542,0.001191,0.000001
4207,30,0x386DE90A425B17FC,15,15,15,39,1,205,181,11259,0.000728,0.001208,0.001225,0.000001
4208,30,0x96ABF1847CD250E3,16,16,16,40,1,3643,144,12250,0.010878,0.001313,0.001498,0.000001
4209,32,0x3BF714AC59ED8260,17,17,17,39,1,2243,4550,13106,0.005412,0.023444,0.001326,0.000001
4210,32,0x65CB21EFA7D89340,17,17,17,39,1,5791,158,12892,0.013646,0.001117,0.001254,0.000001
4211,34,0x24683CA71E5BD9F0,18,18,18,34,1,2802,187,14363,0.006685,0.001250,0.001346,0.000001
4212,30,0x1FE890476CADB352,16,16,16,42,1,830,870,12270,0.002102,0.004890,0.001211,0.000001
4213,28,0xFD9B4285E3C716A0,16,16,16,38,1,11466,335,12129,0.030780,0.002229,0.001188,0.000001
4214,36,0x61DB305A8F92CE47,18,18,20,42,1,2651,2378,15681,0.006486,0.012180,0.001502,0.000001
4215,34,0xB95316D82AEFC047,18,18,18,42,1,8314,979,14008,0.022007,0.005559,0.001314,0.000001
4216,34,0xB75FC1403D2E986A,19,19,19,51,1,152547,4639,14819,0.950471,0.024265,0.001426,0.000001
4217,30,0x9DA5B6E2470C8F31,16,16,16,36,1,973,2428,11865,0.002367,0.012467,0.001219,0.000001
4218,32,0xD43895FE061AC2B7,16,16,16,42,1,787,771,12139,0.002020,0.004364,0.001228,0.000001
4219,36,0x0F5B78296D314CEA,19,19,19,39,1,13045,310,14968,0.036452,0.002189,0.001426,0.000001
4220,30,0x51F6E40D9A7CB283,15,15,15,45,1,60,60,11066,0.000462,0.000633,0.001198,0.000001
4221,32,0x9638E5AF27DB041C,17,17,17,37,1,3615,11764,13012,0.008693,0.065252,0.001308,0.000001
4222,22,0x1EFCBA58420963D7,12,12,12,42,1,309,13,8561,0.000958,0.000391,0.000954,0.000001
4223,38,0xC34658AB09271EDF,19,19,21,29,1,892,876,16890,0.002516,0.004715,0.001550,0.000001
4224,40,0x09A1D5C76B4F2E83,21,21,21,39,1,901524,4613,16855,8.227265,0.028028,0.001558,0.000001
4225,26,0xBE219C3AD7560F84,14,14,14,40,1,260,675,10496,0.000803,0.003838,0.001103,0.000001
4226,32,0xA5B01694FC28D37E,17,17,17,43,1,6033,1416,12999,0.014148,0.007519,0.001294,0.000001
4227,30,0x4137BF8EC0D5629A,17,17,17,45,1,19526,565,13277,0.053113,0.003388,0.001296,0.000001
4228,34,0x21BC6A78043E59FD,17,17,17,39,1,1052,1040,13308,0.002793,0.005598,0.001302,0.000001
4229,30,0xFBA79C108364E5D2,15,15,15,39,1,322,496,11282,0.001020,0.002760,0.001161,0.000001
4230,32,0xEFB1DC059238A746,18,18,18,44,1,50859,1213,14134,0.246052,0.006815,0.001360,0.000001
4231,30,0x95DEC1A6237FB480,17,17,17,39,1,19234,543,13139,0.057277,0.003330,0.001307,0.000001
4232,36,0xBD47016F8A5CE329,18,18,18,48,1,2606,2426,14137,0.007044,0.013184,0.001352,0.000001
4233,26,0xE57CA2493DF8B106,16,16,16,38,1,46088,1530,12232,0.207406,0.008436,0.001205,0.000001
4234,28,0x568E9C2FB0D173A4,15,15,15,41,1,787,810,11317,0.001990,0.004441,0.001200,0.000001
4235,28,0x70CBD2194F3E5A68,16,16,18,46,1,9286,2908,13725,0.022214,0.014385,0.001321,0.000001
4236,32,0x1340985F26CE7DBA,17,17,17,41,1,1106,145,12834,0.002744,0.001051,0.001309,0.000001
4237,28,0x2D8C91BE56F3074A,16,16,16,40,1,6205,179,12014,0.014989,0.001251,0.001211,0.000001
4238,36,0xF17B5C0823964DEA,20,20,20,40,1,567284,17151,15852,4.673728,0.100740,0.001487,0.000001
4239,30,0x40158FB673DC9EA2,16,16,16,36,1,659,620,12065,0.002087,0.003267,0.001244,0.000001
4240,34,0x3149B5D2CEF086A7,17,17,17,41,1,18,18,13144,0.000564,0.000509,0.001288,0.000001
4241,38,0xC97140E53F68ADB2,19,19,19,45,1,1474,961,15370,0.003635,0.005399,0.001464,0.000001
4242,34,0x5AB3D9C182476F0E,18,18,18,38,1,14919,19,13967,0.039783,0.000502,0.001522,0.000001
4243,32,0xF298546DEBA173C0,16,16,16,38,1,292,123,12324,0.000998,0.000942,0.001213,0.000001
4244,36,0x835A2476E9FD0B1C,19,19,21,37,1,19014,1004,16847,0.063212,0.006282,0.001611,0.000001
4245,34,0x1E240C9D68A75FB3,17,17,17,35,1,801,783,13179,0.002086,0.004507,0.001424,0.000001
4246,36,0xA5BD4CF702E91386,19,19,19,35,1,5956,303,14897,0.022025,0.003323,0.001957,0.000001
4247,38,0x4A6381502D9F7BEC,19,19,21,39,1,49926,25259,16528,0.257466,0.172567,0.001579,0.000001
4248,26,0xB7F26A8E30D91C54,15,15,15,37,1,3356,96,10945,0.007893,0.000854,0.001135,0.000001
4249,38,0xB5E32170A9C4DF68,19,19,21,47,1,1131,814,17089,0.002822,0.005006,0.001556,0.000001
4250,32,0x79A432016EC85DBF,19,19,19,41,1,755360,33258,14949,5.823585,0.206217,0.001424,0.000001
4251,36,0x5392486E10DF7ACB,18,18,20,40,1,171,163,15953,0.000790,0.001151,0.001584,0.000001
4252,36,0x21FCD06AB89374E5,18,18,18,44,1,19,19,13884,0.000458,0.000424,0.001361,0.000001
4253,32,0x3E9860AD2CF145B7,18,18,18,40,1,62077,1526,14149,0.292511,0.008646,0.001340,0.000001
4254,34,0x5D3C6EA7821B90F4,17,17,17,39,1,360,149,13160,0.001134,0.001108,0.001268,0.000001
4255,32,0xB0673E4A2D958F1C,18,18,18,38,1,55777,1766,14042,0.273953,0.009949,0.001396,0.000001
4256,28,0xB146DF932EC5A870,15,15,15,35,1,238,356,11228,0.000847,0.002069,0.001142,0.000001
4257,34,0xE895C104F3A72DB6,19,19,19,45,1,99630,1482,15133,0.659209,0.009114,0.001575,0.000001
4258,32,0x8A907B2C3156D4EF,17,17,17,35,1,11812,4058,13314,0.035016,0.021675,0.001313,0.000001
4259,42,0x50A9C2468EB3D1F7,22,22,24,40,1,454091,18959,19621,3.913438,0.119702,0.001764,0.000001
4260,32,0x7E30CBF192458D6A,17,17,17,43,1,8429,32,12883,0.021715,0.000517,0.001299,0.000001
4261,40,0x0B145627AFED9C83,20,20,22,32,1,2580,2256,17429,0.006272,0.011979,0.001600,0.000001
4262,36,0x134E8D625F9B0A7C,19,19,19,33,1,11857,6076,15058,0.032967,0.033430,0.001418,0.000001
4263,32,0x56913E20DCBF487A,18,18,18,44,1,50431,899,13982,0.247246,0.005247,0.001364,0.000001
4264,32,0x12E94F835AC7B0D6,16,16,16,36,1,175,175,12060,0.000697,0.001308,0.001224,0.000001
4265,34,0xEB692C5DF1A38074,18,18,18,40,1,8328,5844,13920,0.020905,0.031134,0.001395,0.000001
4266,36,0xC5A2F8B7E1D34960,19,19,19,35,1,14057,5165,14921,0.039514,0.027892,0.001391,0.000001
4267,32,0xD29C68A5401B73EF,16,16,16,38,1,210,103,12406,0.000769,0.000867,0.001214,0.000001
4268,32,0xFB8E5D07423CA961,17,17,17,45,1,3337,23,13190,0.007902,0.000431,0.001311,0.000001
4269,36,0x97501B23A6E84CDF,18,18,20,46,1,35,35,15656,0.000403,0.000532,0.001476,0.000000
4270,30,0xD2BF56A14E379C80,16,16,16,34,1,1439,3965,12112,0.003579,0.022002,0.001244,0.000001
4271,36,0x8DEC0275A1436BF9,18,18,18,42,1,19,19,14154,0.000374,0.000432,0.001379,0.000001
4272,26,0x1F7EA6B432D98C50,16,16,16,32,1,23734,838,12167,0.075074,0.005159,0.001452,0.000001
4273,32,0xA27E038B94CF15D6,18,18,18,42,1,20604,229,13737,0.069089,0.001610,0.001334,0.000001
4274,38,0xE023F4169DC8A75B,20,20,20,46,1,89722,21,16165,0.600861,0.000497,0.001514,0.000001
4275,30,0xED08F24B56A3C719,16,16,16,46,1,943,107,12440,0.002713,0.000957,0.001239,0.000001
4276,26,0x0C7D3281AFE4B659,13,13,13,41,1,14,14,9457,0.000345,0.000390,0.000988,0.000000
4277,26,0xBA3F4C9D6270581E,16,16,16,34,1,29773,1071,12199,0.096048,0.006022,0.001213,0.000001
4278,32,0xDFBA6E21C9504783,16,16,16,44,1,135,135,12254,0.000602,0.001016,0.001204,0.000000
4279,34,0x0DC4AF7159632B8E,17,17,17,37,1,147,72,13033,0.000617,0.000702,0.001273,0.000001
4280,34,0xCD7906A5841FB2E3,18,18,18,46,1,7880,1705,13961,0.020218,0.009062,0.001339,0.000001
4281,24,0xA6E4DB597C13F802,15,15,15,37,1,14946,639,10924,0.037159,0.003491,0.001518,0.000001
4282,26,0xBC1EF48793D60A52,13,13,13,39,1,66,66,9210,0.000457,0.001019,0.001006,0.000001
4283,36,0x569B23D180E7AC4F,19,19,19,41,1,37105,5440,15021,0.129734,0.029829,0.001452,0.000001
4284,38,0x03F5627C89ADBE41,20,20,20,38,1,226170,5776,15646,1.748296,0.035378,0.001466,0.000001
4285,42,0x05B67132AC4F8DE9,22,22,22,44,1,2362344,31,17560,20.765590,0.002798,0.002257,0.000001
4286,34,0x3BC70E2185F49A6D,18,18,18,50,1,13736,14854,14020,0.057314,0.137241,0.002765,0.000001
4287,28,0xD6BCF54E80972A13,16,16,16,44,1,8621,297,12079,0.042058,0.002335,0.001609,0.000001
4288,32,0x53C7D4BA9F62801E,18,18,18,34,1,106115,3535,13944,0.872503,0.020581,0.001445,0.000001
4289,34,0x9E42DBA605C18F37,19,19,19,33,1,167827,5282,14871,1.177293,0.034729,0.001432,0.000001
4290,34,0x4EC372698A05BD1F,18,18,18,40,1,9082,44,13960,0.025334,0.000559,0.001399,0.000001
4291,26,0x8F07E6BD32C49A15,16,16,16,40,1,53176,3874,12138,0.245274,0.019680,0.001212,0.000001
4292,30,0xF9658CDE170B243A,17,17,17,37,1,25481,337,13196,0.092744,0.002314,0.001287,0.000001
4293,32,0xD869A5307C2FB14E,17,17,17,45,1,3711,871,13238,0.010853,0.004970,0.001286,0.000001
4294,36,0xDAC6834E192B0F57,19,19,19,39,1,21333,7863,14985,0.068685,0.047224,0.001432,0.000001
4295,32,0xE6019BCF34852DA7,17,17,17,39,1,6891,14767,13260,0.017378,0.083136,0.001312,0.000001
4296,38,0x8D27E304C6A15BF9,20,20,20,42,1,242921,27,16104,1.932747,0.000574,0.001677,0.000001
4297,36,0x2B4179D63CAF085E,20,20,20,32,1,747257,12827,15732,6.267862,0.074482,0.001498,0.000001
4298,28,0x016CBA8372F59E4D,14,14,14,36,1,15,15,10486,0.000356,0.000401,0.001085,0.000001
4299,30,0x9A16E27B0C4D35F8,17,17,19,41,1,6815,11602,15106,0.016624,0.061550,0.001420,0.000001
4300,26,0x694FBD3E5870A21C,15,15,15,37,1,7276,396,11167,0.017317,0.002312,0.001140,0.000001
4301,30,0xEF7B94C6035821DA,16,16,16,38,1,716,1148,12176,0.001982,0.006108,0.001224,0.000001
4302,38,0x4DCF562398E10AB7,20,20,20,42,1,64864,2522,15871,0.314010,0.013484,0.001815,0.000001
4303,30,0xD2ACF374B095186E,16,16,16,40,1,1282,59,12302,0.003219,0.000668,0.001257,0.000000
4304,34,0xCF2507AE48B6319D,18,18,18,44,1,4498,6118,14040,0.010774,0.033010,0.001381,0.000001
4305,30,0xC704B3286A59E1DF,17,17,17,37,1,39359,1782,13267,0.139864,0.010058,0.001274,0.000001
4306,40,0xC5914A6702E3B8DF,20,20,20,42,1,21,21,15950,0.000372,0.000431,0.001492,0.000001
4307,32,0x0697BF2AE8354C1D,18,18,18,40,1,13223,208,14047,0.038895,0.001488,0.001355,0.000001
4308,32,0xEF3B02546C79D1A8,18,18,18,44,1,45080,680,14096,0.203594,0.005800,0.001599,0.000001
4309,28,0xBCF4126A9E70D583,17,17,17,41,1,171326,1653,13152,1.048999,0.010369,0.001419,0.000001
4310,32,0xF93A425D6C871BE0,16,16,16,36,1,297,289,12254,0.000906,0.001694,0.001327,0.000001
4311,40,0x826C4570A93E1FBD,20,20,22,42,1,10301,9707,17794,0.027961,0.055289,0.001622,0.000001
4312,38,0x82EC60F7A1B354D9,21,21,23,47,1,906159,21442,18726,8.368700,0.143616,0.001785,0.000001
4313,28,0x9AD108F362E47CB5,16,16,16,44,1,3231,104,11842,0.007914,0.000893,0.001227,0.000001
4314,34,0x08CFD41B9EA75623,17,17,17,35,1,38,30,13461,0.000413,0.000487,0.001342,0.000001
4315,28,0x6A37F01B4D5E92C8,15,15,15,47,1,292,1357,11283,0.000925,0.007218,0.001134,0.000001
4316,36,0xC56DE23F81409BA7,20,20,20,44,1,375054,11555,15625,2.835124,0.066927,0.001440,0.000001
4317,36,0xD157A86B093EF42C,19,19,19,37,1,14314,88,14911,0.041675,0.000825,0.001419,0.000001
4318,28,0x345A92FC8BE076D1,16,16,16,38,1,25859,318,11994,0.081406,0.002301,0.001213,0.000001
4319,24,0xAFD51CB0347892E6,14,14,14,36,1,4031,202,9954,0.009123,0.001333,0.001091,0.000001
4320,32,0xBC3E0DAF64128957,17,17,17,47,1,13387,6374,12968,0.035153,0.032716,0.001250,0.000001
4321,38,0xCA04952D8B317F6E,20,20,22,40,1,39624,6450,17745,0.187220,0.036811,0.001629,0.000001
4322,30,0x251C4AE90FD7368B,16,16,16,36,1,3274,2408,12286,0.008228,0.012377,0.001300,0.000001
4323,28,0x0DE1CB92F356A748,15,15,15,41,1,1079,2408,11327,0.002720,0.012495,0.001149,0.000001
4324,38,0x862E40CF1573DBA9,21,21,21,47,1,1370570,24986,16496,11.802993,0.156710,0.001540,0.000001
4325,40,0x0138675F94DAE2CB,20,20,22,40,1,108411,34303,17624,0.699936,0.212035,0.001637,0.000001
4326,32,0xE846A7FB21C3509D,17,17,17,37,1,2024,8092,13032,0.005178,0.041869,0.001270,0.000001
4327,30,0xBD01AE695F8372C4,17,17,17,39,1,52719,1025,13238,0.245416,0.006029,0.001363,0.000001
4328,30,0x3895BA072F1DEC64,18,18,18,40,1,195080,7861,13838,1.483728,0.043965,0.001447,0.000001
4329,24,0x7EF3B61092D5AC48,13,13,15,45,1,863,770,11163,0.002341,0.004107,0.001126,0.000001
4330,38,0x54C781BA0DE3296F,19,19,19,33,1,7499,4098,14732,0.018598,0.021294,0.001476,0.000001
4331,36,0x163254BA9C7FD80E,19,19,21,37,1,58948,213726,16842,0.267459,2.116420,0.001784,0.000001
4332,22,0x3AE7D98C4F50B612,13,13,13,35,1,802,74,9317,0.002643,0.000738,0.001078,0.000001
4333,28,0xF7D8596CE301B4A2,15,15,15,39,1,1263,1316,11162,0.003405,0.007557,0.001220,0.000001
4334,30,0x6530B9DCA217F4E8,16,16,16,42,1,1258,2691,12065,0.003230,0.015102,0.001226,0.000001
4335,28,0xD4EF2809B51A76C3,15,15,15,41,1,1300,256,11089,0.003015,0.001603,0.001161,0.000001
4336,32,0xFC42A0ED51B38697,18,18,18,50,1,75803,1328,13932,0.376372,0.007890,0.001369,0.000001
4337,30,0xA708BC62F451E93D,16,16,16,40,1,888,127,12120,0.002243,0.000978,0.001237,0.000001
4338,32,0xE3DBA72C4196580F,16,16,16,34,1,49,49,12241,0.000441,0.000599,0.001212,0.000001
4339,34,0xD81BC65A4037F9E2,19,19,19,39,1,213806,4735,15125,1.652646,0.027214,0.001569,0.000001
4340,30,0x16FBE87A3D92C450,16,16,16,34,1,1203,106,12130,0.002956,0.000855,0.001203,0.000001
4341,26,0x57ECA83B940F261D,16,16,16,36,1,43664,2175,12019,0.139134,0.011130,0.001185,0.000001
4342,24,0xFD2B3698CE74051A,14,14,14,38,1,3155,183,10424,0.007044,0.001232,0.001066,0.000001
4343,26,0xC4960AE82753BFD1,15,15,15,33,1,4323,172,11192,0.009922,0.001199,0.001128,0.000001
4344,38,0x014E35CD69BF782A,19,19,19,39,1,20,20,14922,0.000364,0.000449,0.001444,0.000001
4345,26,0x3BD5A4E8C71F9602,16,16,16,36,1,25808,775,12010,0.079166,0.004707,0.001270,0.000001
4346,24,0xAE7D0F5236841B9C,13,13,13,43,1,201,131,9293,0.000744,0.001040,0.001014,0.000001
4347,34,0x3DB054EA7F68C129,20,20,20,40,1,1799400,96679,15853,16.363597,0.858812,0.001515,0.000001
4348,28,0x15B8FCA02E3697D4,17,17,17,39,1,69391,1777,13102,0.306335,0.009474,0.001271,0.000001
4349,40,0xC1AE48260F3D59B7,20,20,22,38,1,12872,8096,17577,0.035687,0.042593,0.001630,0.000001
4350,32,0xB783AF562C9D4E01,17,17,17,33,1,2961,963,13041,0.007038,0.005319,0.001256,0.000001
4351,26,0xF5C2B9D670AE1348,15,15,15,39,1,8685,215,11502,0.020743,0.001447,0.001156,0.000001
4352,36,0x8C0629751AF3BE4D,19,19,19,39,1,25627,2405,14793,0.082941,0.013066,0.001402,0.000001
4353,30,0x3918BA4FC52670DE,15,15,15,41,1,1425,1370,11212,0.003486,0.007380,0.001187,0.000001
4354,32,0x547860E3F9CDB2A1,17,17,17,45,1,2123,629,13094,0.005652,0.003362,0.001291,0.000001
4355,36,0x853FD14E76AB290C,18,18,18,42,1,212,228,14338,0.000771,0.001496,0.001411,0.000001
4356,30,0x32C79584BEFD61A0,17,17,17,29,1,12916,1449,13312,0.034611,0.007487,0.001332,0.000001
4357,32,0x5D982F07134CEBA6,19,19,19,43,1,482890,13269,14810,3.895320,0.069897,0.001412,0.000001
4358,28,0xEC67321A940DB8F5,15,15,15,47,1,2157,126,11178,0.005146,0.000963,0.001125,0.000001
4359,32,0x05CE738AFB912D64,16,16,16,42,1,41,41,12110,0.000400,0.000530,0.001274,0.000001
4360,34,0xA5FB18974E260DC3,18,18,18,36,1,9250,1310,13989,0.025442,0.007919,0.001310,0.000001
4361,34,0x27CD645A901BFE83,18,18,18,36,1,26041,6899,13843,0.114600,0.036188,0.001344,0.000001
4362,32,0xC7FB84D3526190EA,16,16,18,36,1,1497,819,13939,0.003696,0.004534,0.001324,0.000000
4363,34,0xB98543C1EAD206F7,19,19,19,39,1,112891,3414,14685,0.724907,0.018064,0.001460,0.000001
4364,32,0x3DAF067B9C5482E1,17,17,17,39,1,7024,3087,13462,0.017864,0.016564,0.001285,0.000001
4365,28,0x39C7DB1EA485F260,15,15,15,35,1,941,958,11396,0.002297,0.005223,0.001222,0.000001
4366,32,0xAE412BD786590FC3,16,16,16,36,1,127,97,12204,0.000588,0.000836,0.001211,0.000001
4367,40,0x29F30C4BD1875A6E,20,20,22,40,1,31,31,17600,0.000381,0.000488,0.001594,0.000001
4368,36,0x30E9AF7B4D26C185,19,19,19,39,1,23738,87,14970,0.076724,0.000841,0.001411,0.000001
4369,30,0xB54E803126D7AC9F,17,17,17,47,1,27611,782,12898,0.088102,0.004964,0.001341,0.000001
4370,34,0x85C6A234DF9B10E7,18,18,18,42,1,10883,184,14234,0.030091,0.001290,0.001342,0.000001
4371,34,0x4069BE1CD82A35F7,18,18,18,42,1,49772,8402,13944,0.241444,0.044515,0.001355,0.000001
4372,22,0xFBCD09846E5137A2,14,14,14,40,1,6214,255,10558,0.014297,0.001539,0.001075,0.000001
4373,30,0x296EF804531CABD7,16,16,16,46,1,536,537,12172,0.001465,0.002995,0.001207,0.000001
4374,28,0x581EA79C32B6D40F,14,14,14,34,1,184,165,10201,0.000678,0.001129,0.001099,0.000001
4375,32,0xAE875042F619CB3D,16,16,16,46,1,22,22,12230,0.000365,0.000435,0.001202,0.000001
4376,36,0xB5079823FD614EAC,20,20,20,38,1,335880,6830,15802,2.516633,0.038983,0.001500,0.000001
4377,34,0xDC3658B79F0AE142,18,18,18,40,1,8039,652,13796,0.019421,0.003749,0.001422,0.000001
4378,32,0x14F589ECAB67D320,18,18,18,30,1,91398,1886,14160,0.600761,0.010564,0.001392,0.000001
4379,40,0x67A58D2E01CF49B3,22,22,22,38,1,5753868,110031,17477,50.054572,1.035778,0.001640,0.000001
4380,28,0x761F95AD84ECB032,16,16,16,40,1,9583,176,12040,0.026936,0.001256,0.001198,0.000001
4381,36,0x79260CDE4831F5BA,19,19,19,47,1,19464,1069,14794,0.063726,0.006252,0.001419,0.000001
4382,22,0xCD8E7F9A0456B132,13,13,13,37,1,1543,142,9160,0.003473,0.001053,0.001080,0.000001
4383,28,0x5F0E7C1843BD9A62,15,15,17,41,1,474,1118,13072,0.001295,0.006123,0.001273,0.000001
4384,36,0x7F3015EA2498CB6D,18,18,18,40,1,907,499,13864,0.002274,0.002956,0.001740,0.000001
4385,34,0x3DE150896724CBAF,18,18,18,46,1,10343,315,14053,0.030144,0.001994,0.001327,0.000001
4386,40,0xA285946FC0B71DE3,21,21,21,37,1,478327,1142,16896,4.011844,0.007302,0.001725,0.000001
4387,38,0x30B68A47159C2DEF,19,19,21,33,1,3931,2550,16715,0.010696,0.013657,0.001539,0.000001
4388,34,0xA6982501C4F3E7BD,18,18,18,44,1,6825,4896,13918,0.016834,0.024714,0.001346,0.000001
4389,28,0x34B05789FE162ACD,16,16,16,38,1,12931,427,11901,0.038362,0.002667,0.001239,0.000001
4390,28,0xFC436B95DE1802A7,16,16,16,36,1,18247,768,12493,0.049377,0.004872,0.001225,0.000001
4391,30,0xCD8BF3A912E06574,18,18,18,42,1,440997,28488,13631,3.519731,0.169480,0.001337,0.000001
4392,32,0x8BEC3426D7F9A105,18,18,20,38,1,37321,1427,15942,0.126659,0.008042,0.001514,0.000001
4393,26,0xB650E3487DACF192,14,14,14,40,1,367,198,10221,0.001080,0.001314,0.001082,0.000001
4394,30,0xECF731940B85D26A,16,16,16,46,1,1375,2218,12190,0.003351,0.011807,0.001241,0.000001
4395,34,0xA31458972EDBC0F6,18,18,18,28,1,17902,19,13698,0.059422,0.000460,0.001331,0.000001
4396,36,0x6CA910F34B257DE8,18,18,18,46,1,2259,1187,14207,0.006310,0.006359,0.001388,0.000001
4397,32,0x3C47AF681D09E2B5,17,17,17,37,1,6572,238,13067,0.016788,0.001667,0.001283,0.000001
4398,34,0x506EB14A279FDC83,18,18,18,40,1,19033,2631,13965,0.063677,0.014624,0.001346,0.000001
4399,40,0x0382154BEDF7C69A,20,20,20,46,1,61645,58242,16082,0.327193,0.471129,0.001515,0.000001
4400,28,0xF53E9841762D0BAC,15,15,15,43,1,1769,22,11470,0.005031,0.000427,0.001180,0.000001
4401,28,0xFEB70184CA5962D3,17,17,17,45,1,25547,832,13367,0.080623,0.006660,0.002380,0.000001
4402,24,0xFC46EA0B5D127839,15,15,15,49,1,9506,659,11029,0.021261,0.003462,0.001144,0.000001
4403,30,0x517C82A3F04ED69B,16,16,16,40,1,577,357,12160,0.001492,0.002101,0.001218,0.000001
4404,34,0xDA10267FC3B84E95,17,17,17,45,1,375,375,12923,0.001103,0.002215,0.001274,0.000001
4405,22,0xCEF41ADB25780639,12,12,12,40,1,65,91,8405,0.000448,0.000857,0.000950,0.000000
4406,30,0xB29ED504A3C6781F,17,17,17,37,1,34051,670,13053,0.113986,0.004367,0.001285,0.000001
4407,28,0xAB54CE0F6978D231,15,15,15,37,1,1531,734,11065,0.003718,0.004037,0.001130,0.000001
4408,30,0xC49DF582E013B76A,16,16,16,46,1,460,511,11989,0.001260,0.002929,0.001206,0.000001
4409,34,0x952A173C468BFED0,18,18,18,38,1,15519,8935,14046,0.042016,0.047588,0.001356,0.000001
4410,32,0x8A5D67E94CB320F1,18,18,18,28,1,69353,807,14060,0.333053,0.004957,0.001336,0.000001
4411,32,0xCA6B0793528EFD14,18,18,18,38,1,71717,1660,14167,0.359374,0.010124,0.001386,0.000001
4412,28,0x481D09FE5CB6327A,14,14,14,46,1,24,22,10400,0.000410,0.000444,0.001089,0.000001
4413,36,0x49E6C3B208FAD751,19,19,19,35,1,23197,13712,14911,0.075088,0.075136,0.001406,0.000001
4414,32,0xAE037B124D69F85C,17,17,17,41,1,7037,30,13176,0.017133,0.000472,0.001300,0.000001
4415,34,0x61A0BE5DC23784F9,18,18,18,42,1,12813,39,14092,0.034513,0.000585,0.001480,0.000001
4416,24,0x15BCD09A6E47328F,13,13,13,43,1,304,124,9282,0.000970,0.001340,0.001024,0.000001
4417,26,0xDC8236FB594E701A,14,14,14,40,1,366,238,10099,0.001247,0.001525,0.001065,0.000001
4418,30,0xD615AB4E829F7C03,16,16,16,34,1,1413,87,11915,0.003676,0.000811,0.001255,0.000001
4419,32,0x769FCBA540E1832D,17,17,17,35,1,5134,1198,13059,0.012018,0.007169,0.001446,0.000001
4420,32,0xE296C07A5D4B18F3,18,18,18,38,1,122629,3242,13855,0.788751,0.017181,0.001341,0.000001
4421,40,0x482F7B356190CDEA,20,20,20,40,1,859,671,15834,0.002246,0.003975,0.001547,0.000001
4422,30,0x03CE8A16749FDB25,16,16,16,40,1,348,1134,12384,0.001055,0.006119,0.001220,0.000001
4423,30,0x67C42DA53EB018F9,17,17,17,35,1,24588,441,12923,0.083546,0.002764,0.001240,0.000001
4424,38,0x14297D03CAB65EF8,19,19,19,43,1,21,21,14956,0.000365,0.000429,0.001416,0.000001
4425,32,0x1E60DA9F254387CB,17,17,19,41,1,4377,244,14922,0.010621,0.001600,0.001429,0.000001
4426,28,0xE8F7B419A2056C3D,16,16,16,42,1,7773,932,12278,0.019104,0.005132,0.001290,0.000001
4427,32,0x6417E03BC9D5FA28,19,19,19,47,1,609076,16246,14806,4.674453,0.093300,0.001409,0.000001
4428,30,0xBF0873D51C692A4E,17,17,17,43,1,45420,1482,13083,0.204076,0.008369,0.001277,0.000001
4429,34,0xC08E5B3721D49FA6,19,19,19,43,1,175623,4221,15075,1.181451,0.025111,0.001418,0.000001
4430,28,0x0C348791AE5FB6D2,15,15,15,35,1,143,340,11333,0.000852,0.002067,0.001140,0.000001
4431,26,0x03D5A4F97E61B2C8,15,15,15,37,1,2577,94,11427,0.009107,0.000759,0.001116,0.000001
4432,24,0xBC36FA2850971ED4,13,13,13,41,1,400,14,9322,0.001081,0.000371,0.000998,0.000001
4433,32,0x1A048D2935ECBF76,17,17,17,35,1,886,6330,13047,0.002277,0.032444,0.001283,0.000001
4434,28,0x67FE1DB92CA05348,16,16,16,40,1,6591,104,12039,0.015127,0.000847,0.001208,0.000001
4435,34,0x48C3E251AF9D607B,19,19,19,43,1,125709,3533,14891,0.774867,0.020519,0.001410,0.000001
4436,30,0x6B2D18940F5ECA73,16,16,16,36,1,1262,1798,12287,0.003354,0.009561,0.001222,0.000001
4437,32,0x54DC072AB831E6F9,18,18,18,40,1,87288,3005,14201,0.559334,0.016202,0.001441,0.000001
4438,30,0xEC27D9B13F05684A,16,16,16,42,1,2803,29,11977,0.006441,0.000510,0.001205,0.000001
4439,40,0x90C21B6543DA87EF,21,21,21,43,1,327731,13779,16762,2.520994,0.086356,0.001541,0.000001
4440,34,0x42B1C6D8FAE30597,19,19,19,39,1,214830,6946,14780,1.615537,0.044655,0.001393,0.000001
4441,30,0x7F41A9EBD62083C5,15,15,17,39,1,52,50,13024,0.000453,0.000570,0.001343,0.000001
4442,34,0xA0F4E32985C167BD,18,18,20,42,1,5388,11814,15805,0.013250,0.065686,0.001435,0.000001
4443,32,0x5BC61FA283D490E7,18,18,18,38,1,61054,1361,14100,0.285031,0.007745,0.001407,0.000001
4444,38,0x05F7EC2B89A4163D,19,19,19,33,1,2641,2598,15192,0.007222,0.014381,0.001415,0.000001
4445,28,0xE27516BA4FD39C08,15,15,15,35,1,604,714,11132,0.001573,0.004033,0.001160,0.000001
4446,26,0xBE607F95D814A2C3,15,15,15,47,1,3450,160,11381,0.008374,0.001138,0.001154,0.000001
4447,36,0x943857016ABDEFC2,19,19,19,35,1,13118,16641,15235,0.037637,0.092292,0.001459,0.000001
4448,32,0x57A4E2B1903F86DC,18,18,18,44,1,56328,863,14101,0.277936,0.005345,0.001365,0.000001
4449,34,0xC40612D5AE38B97F,19,19,19,45,1,153550,4493,14902,0.963867,0.025403,0.001605,0.000001
4450,32,0x8D39205167F4EBAC,17,17,17,49,1,8077,760,13155,0.019370,0.004247,0.001296,0.000001
4451,26,0xB74FE1D835CA0692,15,15,15,39,1,3959,208,11058,0.008797,0.001400,0.001707,0.000001
4452,28,0x95D8C3127AE0B4F6,15,15,15,43,1,414,232,11095,0.001297,0.001578,0.001200,0.000001
4453,30,0xEB596718A0CF423D,16,16,16,42,1,2221,2222,12009,0.006003,0.011967,0.001270,0.000000
4454,32,0x6BC5F14ED9A23780,17,17,17,41,1,6073,21,13211,0.015439,0.000445,0.001280,0.000001
4455,30,0x50B27FC81D4EA693,17,17,17,41,1,25657,594,13029,0.081062,0.003510,0.001274,0.000001
4456,32,0x8E06B9D24137CA5F,17,17,17,39,1,1744,1229,12942,0.004434,0.006417,0.001317,0.000001
4457,32,0xA279FC4B8DE50316,16,16,16,38,1,269,286,12300,0.000897,0.001796,0.001210,0.000001
4458,30,0x65307ECAF892BD14,16,16,16,40,1,2140,17,11953,0.004982,0.000398,0.001220,0.000001
4459,34,0x2BE7508AC3D9F146,17,17,17,39,1,18,18,13289,0.000362,0.000423,0.001305,0.000001
4460,32,0x4E18752A9CD60FB3,17,17,17,37,1,3882,1850,12997,0.009105,0.009684,0.001299,0.000001
4461,30,0xDC04AF73E89B1652,15,15,15,41,1,148,136,11165,0.000637,0.001031,0.001232,0.000001
4462,34,0x2AE15387FDC094B6,18,18,18,42,1,8113,112,13899,0.020112,0.000923,0.001362,0.000001
4463,34,0xCB8973625D4F10EA,19,19,19,43,1,157830,3674,14895,1.005863,0.021659,0.001520,0.000001
4464,28,0x0DC32E8AF519B674,15,15,15,41,1,998,84,11283,0.002873,0.000780,0.001211,0.000001
4465,30,0x18CEF74A92D3560B,17,17,17,37,1,15529,365,12897,0.042951,0.002385,0.001268,0.000001
4466,38,0x7B15D460A9E328FC,20,20,20,44,1,100410,1169,15644,0.643536,0.006629,0.001455,0.000001
4467,38,0x79830A65E4B1C2DF,20,20,20,40,1,154294,3721,16018,1.006898,0.022581,0.001644,0.000001
4468,36,0x1FE284B7DA69053C,19,19,19,37,1,55605,1208,14816,0.269934,0.006846,0.001413,0.000001
4469,34,0x62D4E5308BC7A1F9,17,17,17,39,1,92,92,13051,0.000528,0.000807,0.001277,0.000001
4470,34,0x0C6E1549D278A3BF,17,17,19,45,1,2404,2260,14787,0.005754,0.011697,0.001398,0.000001
4471,26,0x6B8D7E2953F0AC14,14,14,14,38,1,604,192,10094,0.001517,0.001689,0.001407,0.000001
4472,30,0x6F25E3B8079ADC14,15,15,15,39,1,331,310,11388,0.001033,0.001918,0.001153,0.000001
4473,30,0x32B16AC7FE459D80,15,15,17,35,1,48,48,12925,0.000414,0.000569,0.001263,0.000001
4474,36,0x9143CAF56D08B72E,18,18,18,36,1,157,117,14350,0.000643,0.000904,0.001355,0.000000
4475,30,0xACB4179E6382D05F,16,16,16,40,1,549,65,12265,0.001460,0.000656,0.001209,0.000001
4476,34,0xF8AD06E2395B1C47,18,18,18,44,1,19711,2599,14061,0.063254,0.014201,0.001328,0.000001
4477,36,0x48C36E701ABF95D2,19,19,21,41,1,25240,25,16728,0.079908,0.000517,0.001534,0.000001
4478,38,0x4376A51EC0B9D28F,19,19,19,43,1,5131,3085,14974,0.012392,0.015933,0.001440,0.000001
4479,32,0x19ACEB5D032678F4,18,18,18,36,1,70687,2274,13866,0.328313,0.012002,0.001316,0.000001
4480,36,0x690B8A73EF51CD24,18,18,18,40,1,1159,1118,14059,0.002874,0.005940,0.001353,0.000001
4481,38,0xC671BD2FA94805E3,20,20,20,36,1,160373,5694,15725,1.041729,0.030673,0.001472,0.000001
4482,34,0x4F7E5C81A9B0D263,18,18,18,40,1,15230,4201,14131,0.041814,0.022861,0.001414,0.000001
4483,40,0x39A654F708BE12CD,21,21,21,41,1,257525,3793,16721,1.921989,0.022043,0.001680,0.000001
4484,34,0xF34A7069E528DCB1,18,18,18,46,1,3287,2528,14137,0.008720,0.013081,0.001352,0.000001
4485,34,0x2E0453D96BAFC871,18,18,18,38,1,22023,92,13791,0.073444,0.000854,0.001295,0.000001
4486,38,0x53792DE014A86BCF,20,20,20,40,1,62917,11380,16043,0.312180,0.063918,0.001527,0.000001
4487,36,0x58E2D1960CB7AF43,19,19,19,35,1,22064,3316,15147,0.074212,0.018054,0.001429,0.000001
4488,26,0xED5F7A013C249B68,15,15,15,47,1,6994,413,11254,0.016658,0.002502,0.001147,0.000001
4489,30,0x618CF50ADB7E9324,16,16,16,44,1,1717,2614,12108,0.004249,0.015745,0.001189,0.000001
4490,30,0xF1DE059B483627AC,16,16,16,42,1,3371,1191,12297,0.008067,0.006270,0.001197,0.000001
4491,26,0xF47069E8B35C21DA,17,17,17,39,1,220879,15619,13034,1.534859,0.080901,0.001276,0.000001
4492,26,0xFD37A21C0E485B96,16,16,16,44,1,55746,3667,12091,0.240734,0.019919,0.001183,0.000001
4493,34,0xC128795FB60EA43D,18,18,18,42,1,2117,576,14028,0.005003,0.003320,0.001351,0.000001
4494,24,0xE32CB8D9FA754061,12,12,12,36,1,13,13,8579,0.000345,0.000386,0.000953,0.000001
4495,34,0x856BA7DC209F4E31,17,17,17,31,1,1484,948,13081,0.003591,0.005161,0.001258,0.000001
4496,30,0x9F470ADB1C3582E6,17,17,17,39,1,12724,605,13221,0.034562,0.003481,0.001311,0.000001
4497,32,0xB53C06D71498FEA2,19,19,19,41,1,427411,15040,14967,3.669313,0.087932,0.001420,0.000001
4498,26,0x9C5B2FD863EA7104,13,13,13,37,1,14,14,9329,0.000354,0.000398,0.001012,0.000001
4499,32,0xB2748FC105D3AE69,18,18,18,42,1,64874,1161,13832,0.308401,0.007254,0.001458,0.000001
4500,34,0x4B69FCA531E07D28,18,18,18,40,1,3188,1019,14068,0.009335,0.005397,0.001359,0.000001
4501,28,0x015B9CAD6E4F7238,14,14,14,38,1,15,15,10432,0.000351,0.000398,0.001067,0.000001
4502,28,0xBF645ECD983172A0,16,16,16,40,1,7045,223,12105,0.017239,0.001474,0.001218,0.000001
4503,36,0x1A253DC0B9FE4768,19,19,19,41,1,41251,20,14923,0.195541,0.000531,0.001405,0.000001
4504,32,0xAB6397EFD41C5820,17,17,17,39,1,4104,241,13065,0.010434,0.001637,0.001284,0.000001
4505,38,0xAD7B34C521E809F6,19,19,19,35,1,4618,1872,15147,0.011007,0.010287,0.001424,0.000001
4506,36,0x8760DCA1BE2F5943,19,19,19,43,1,27939,26,14965,0.096286,0.000584,0.001650,0.000001
4507,28,0x54A7DFC8693EB012,16,16,16,32,1,25450,1083,12356,0.082076,0.007618,0.001225,0.000001
4508,32,0x6078B2F1A53E4C9D,18,18,18,46,1,22582,987,13955,0.075186,0.005608,0.001396,0.000001
4509,30,0x36287ABF514DE9C0,16,16,18,42,1,517,1980,13887,0.001412,0.010613,0.001324,0.000001
4510,36,0x40E7F35BC96821DA,20,20,20,46,1,356669,5968,15828,2.596236,0.042722,0.001504,0.000001
4511,30,0x50F38B2A6C7DE914,16,16,16,36,1,1129,1204,12258,0.003076,0.006542,0.001270,0.000001
4512,32,0x9AFD641307B2E85C,18,18,18,40,1,144717,2587,14054,0.899041,0.013959,0.001385,0.000001
4513,36,0x3170F56C2E48ADB9,18,18,18,48,1,49,49,14053,0.000494,0.000580,0.001326,0.000001
4514,30,0x3C0B9A74125EDF86,16,16,16,34,1,1023,19,12360,0.002669,0.000420,0.001212,0.000001
4515,26,0x965F38CB214D7A0E,16,16,16,40,1,30024,930,12080,0.100704,0.008027,0.001926,0.000001
4516,28,0xD2A68B1CE0375F94,17,17,17,35,1,84635,4137,12724,0.497178,0.023905,0.001634,0.000001
4517,26,0xAE682F315D4CB079,15,15,15,47,1,480,508,11655,0.002935,0.003268,0.001277,0.000001
4518,28,0x95DF63BE8AC02714,16,16,16,44,1,15276,691,12059,0.041309,0.004350,0.001190,0.000001
4519,26,0xE8BF9A53024D671C,14,14,14,36,1,683,231,9970,0.001793,0.001455,0.001048,0.000001
4520,28,0x12B6E4D8AFC79350,15,15,15,35,1,984,16,11325,0.002397,0.000401,0.001139,0.000001
4521,40,0xA93D052EC16B74F8,21,21,21,43,1,189460,1780,16867,1.556645,0.011337,0.001530,0.000001
4522,32,0x8E1920CD5B37F4A6,17,17,17,45,1,2548,3515,12948,0.005797,0.018201,0.001284,0.000001
4523,30,0xB7C4D2561F03A89E,18,18,18,48,1,259603,9560,13659,1.881798,0.053865,0.001354,0.000001
4524,34,0xB84057C12AD396FE,18,18,18,38,1,6908,3411,13836,0.016562,0.017147,0.001336,0.000001
4525,36,0x7892E06CAD3B145F,18,18,18,44,1,27,27,14004,0.000381,0.000469,0.001412,0.000001
4526,36,0xDA8546E37C1B092F,18,18,18,36,1,19,19,14012,0.000372,0.000425,0.001362,0.000001
4527,30,0x1576EAD20F3CB948,16,16,16,38,1,1836,1421,12230,0.004398,0.007742,0.001231,0.000001
4528,30,0x5E678F02BDC413A9,17,17,17,39,1,40902,1643,12989,0.139850,0.013692,0.001935,0.000001
4529,28,0x7210CE3B95F46AD8,15,15,15,45,1,777,548,11328,0.003330,0.004247,0.001916,0.000001
4530,32,0xD6B04213AEC587F9,16,16,16,42,1,481,239,11980,0.001713,0.002154,0.001755,0.000001
4531,24,0x6D9B5AE074F132C8,13,13,13,43,1,102,319,9537,0.000718,0.003028,0.001564,0.000001
4532,30,0xA964D2037158FEBC,16,16,16,50,1,1966,271,11904,0.007344,0.001831,0.001352,0.000001
4533,34,0xCF302E41978A56BD,19,19,19,47,1,270544,5433,14977,1.993364,0.032084,0.001404,0.000001
4534,34,0x3ED71C048AFB6529,18,18,18,38,1,4712,1156,14142,0.013226,0.006529,0.001386,0.000001
4535,32,0x63B07814EF5AC9D2,16,16,16,40,1,17,17,11994,0.000333,0.000402,0.001195,0.000001
4536,30,0xC497F85B130D6E2A,18,18,18,40,1,231011,6443,13726,1.662349,0.036027,0.001313,0.000001
4537,34,0xC2860FD3AB1574E9,18,18,18,44,1,13944,26,14076,0.037981,0.000472,0.001340,0.000001
4538,22,0x567EA89B3FC014D2,13,13,13,27,1,1233,34,9182,0.003146,0.000489,0.000990,0.000001
4539,32,0x70D12EA5BF4869C3,16,16,16,40,1,949,503,12191,0.002295,0.002944,0.001203,0.000001
4540,36,0xED5BC943A80F7126,19,19,19,43,1,11436,20,14921,0.031435,0.000414,0.001436,0.000001
4541,20,0xBE9D3A86CF710254,14,14,14,36,1,24452,1355,10296,0.068954,0.007793,0.001085,0.000001
4542,34,0xED3C8462071A9FB5,17,17,17,41,1,18,18,12997,0.000362,0.000425,0.001282,0.000001
4543,34,0x807FD42C9365BEA1,18,18,18,38,1,12487,20,14010,0.033377,0.000447,0.001356,0.000001
4544,26,0xECA6529FD0B83714,14,14,14,48,1,90,819,10340,0.000579,0.004817,0.001078,0.000001
4545,30,0x5B620A98CEF1D437,15,15,17,37,1,85,85,13289,0.000517,0.000784,0.001297,0.000001
4546,26,0x4A9BD2F05C873E16,14,14,14,36,1,258,152,10058,0.000829,0.001102,0.001058,0.000000
4547,28,0xF682AB31E0C975D4,15,15,15,35,1,630,692,11246,0.001702,0.004027,0.001148,0.000000
4548,34,0x94AC21057F3BD68E,18,18,18,46,1,8525,221,14244,0.020992,0.001442,0.001350,0.000001
4549,32,0x70E85341CFDB6A92,17,17,17,37,1,1024,1095,12813,0.002709,0.005798,0.001250,0.000001
4550,34,0x3176BCAFE805D429,18,18,18,42,1,6875,1328,14017,0.016512,0.007291,0.001340,0.000001
4551,24,0x25CBAE78F64D1930,12,12,12,32,1,26,26,8558,0.000376,0.000465,0.000942,0.000001
4552,32,0x2CE6B51A3D0F8749,17,17,17,39,1,2999,822,13000,0.007055,0.004619,0.001256,0.000001
4553,36,0x817D06F4ABE539C2,18,18,20,40,1,20,20,15688,0.000360,0.000424,0.001452,0.000001
4554,34,0x95A4F30B81DC27E6,18,18,18,40,1,3571,14410,14097,0.008414,0.076045,0.001359,0.000001
4555,36,0x08F973C421EA56DB,19,19,21,43,1,9108,1947,16960,0.025650,0.010689,0.001564,0.000001
4556,32,0x3A8C265BE197D04F,18,18,18,36,1,127583,4113,14178,0.793143,0.024303,0.001486,0.000001
4557,36,0xAC036B14D79E852F,19,19,19,37,1,42757,830,15058,0.210471,0.005118,0.001427,0.000001
4558,34,0x5681CDAE27439B0F,19,19,19,31,1,135171,2580,14862,0.852959,0.014649,0.001538,0.000001
4559,32,0x5D7A4F9B10C82E63,18,18,18,36,1,34397,1892,14009,0.122921,0.009482,0.001342,0.000001
4560,34,0x0E64DFA531CB9287,18,18,18,36,1,10807,2046,14176,0.030639,0.010828,0.001354,0.000001
4561,30,0x3EA075B1268CDF94,16,16,16,36,1,409,77,12211,0.001273,0.000731,0.001209,0.000001
4562,26,0xE86A0294F7C5DB31,14,14,14,42,1,250,269,10394,0.000814,0.001620,0.001069,0.000001
4563,32,0x825E34B7F0AC6D91,17,17,17,37,1,871,1328,13065,0.002216,0.007399,0.001263,0.000001
4564,30,0xF13DC27E9A65B480,16,16,16,42,1,561,1440,12095,0.001438,0.007836,0.001205,0.000001
4565,30,0x6F95130AE8472CBD,15,15,15,49,1,56,56,11292,0.000428,0.000619,0.001220,0.000001
4566,30,0x8DE7190C52FAB436,16,16,16,40,1,3066,242,12063,0.006857,0.001508,0.001193,0.000001
4567,34,0x5A8F2603D14EC7B9,18,18,18,48,1,12432,5133,13849,0.033474,0.026765,0.001428,0.000001
4568,32,0x6C024E391F57D8BA,16,16,16,46,1,41,41,12204,0.000433,0.000594,0.001257,0.000001
4569,28,0xBF0918AE4276C35D,16,16,16,40,1,8295,117,12204,0.020394,0.000952,0.001218,0.000001
4570,36,0xC5BAD2FE89014637,18,18,18,46,1,25,25,13738,0.000406,0.000444,0.001309,0.000001
4571,36,0xD876C04921B35EFA,18,18,20,44,1,19,19,15883,0.000354,0.000416,0.001542,0.000001
4572,30,0xBF23ED8C4605197A,15,15,15,39,1,228,198,11343,0.000876,0.001309,0.001144,0.000000
4573,28,0x59CA76F80E243D1B,16,16,16,34,1,4415,177,12116,0.010394,0.001197,0.001229,0.000001
4574,32,0xA61BDC378504F29E,17,17,17,45,1,1365,1333,12934,0.003404,0.007232,0.001265,0.000001
4575,32,0xED3F6C751A24B908,19,19,19,39,1,443471,23459,14806,3.775712,0.142275,0.001411,0.000001
4576,30,0xE5C6DBA178039F24,16,16,16,38,1,1996,2275,12331,0.005117,0.011885,0.001238,0.000001
4577,34,0x5A714893E2F0CDB6,19,19,19,31,1,229857,8773,14648,1.758750,0.051302,0.001396,0.000001
4578,34,0xB26A80FC149375ED,17,17,17,45,1,5291,3212,12910,0.012755,0.016810,0.001282,0.000001
4579,38,0x75B8D2469130CFEA,19,19,19,41,1,4305,2758,15000,0.010154,0.014901,0.001423,0.000001
4580,32,0x6B71FD3C4A20985E,19,19,19,43,1,429271,20028,14813,3.475807,0.108499,0.001423,0.000001
4581,32,0xA36B2F9DC15E8704,17,17,17,45,1,6023,7422,13051,0.015037,0.039184,0.001308,0.000001
4582,30,0x91B708DE34C5F6A2,16,16,16,40,1,694,7070,12056,0.002037,0.035681,0.001229,0.000001
4583,30,0x970E2CBA834D5F16,16,16,18,38,1,388,336,13884,0.001204,0.002065,0.001340,0.000000
4584,32,0xA49FD7E621803B5C,17,17,17,39,1,4163,18,12634,0.009454,0.000468,0.001305,0.000001
4585,34,0x02D96CE137B8A5F4,17,17,17,37,1,515,492,13187,0.001400,0.002870,0.001315,0.000001
4586,30,0x8FE53B90ADC14267,16,16,16,42,1,4027,431,12255,0.009216,0.002525,0.001224,0.000000
4587,36,0x41AD8F2C6B0739E5,19,19,19,39,1,51805,58,14980,0.264652,0.000674,0.001403,0.000001
4588,26,0x4E7893CB6A1F205D,15,15,15,37,1,1615,38,11109,0.004216,0.000512,0.001126,0.000001
4589,28,0xBE17CF9DA8350264,16,16,16,42,1,2964,1146,12211,0.006788,0.005669,0.001220,0.000001
4590,30,0xCA158E0294DBF376,18,18,18,42,1,145528,6723,13707,0.853718,0.034069,0.001343,0.000001
4591,30,0x803DCA24FE7B1695,16,16,16,38,1,1208,1234,12111,0.002885,0.006537,0.001198,0.000001
4592,28,0x162CBE4A3590F87D,16,16,16,38,1,7845,212,12235,0.018468,0.001422,0.001218,0.000001
4593,30,0xA5B6EF704DC19238,15,15,15,45,1,17,17,11243,0.000341,0.000415,0.001129,0.000001
4594,34,0x051D29487F36ECAB,18,18,18,46,1,4006,2875,14010,0.009548,0.014893,0.001358,0.000001
4595,38,0x54618F7BA932ECD0,19,19,21,37,1,20,20,16770,0.000369,0.000429,0.001544,0.000001
4596,28,0x7B18FD5C93E062A4,16,16,16,40,1,20805,886,11896,0.053573,0.005233,0.001234,0.000001
4597,28,0xAB3894C5E716F0D2,14,14,14,36,1,63,63,10255,0.000459,0.000657,0.001058,0.000000
4598,34,0xA9768C1E5F032D4B,18,18,18,42,1,7461,20,14071,0.018062,0.000432,0.001365,0.000001
4599,26,0x5E1782BA4C6F39D0,14,14,14,34,1,643,151,10393,0.001795,0.001112,0.001073,0.000001
4600,28,0xEDFC8701B326945A,15,15,15,49,1,939,3237,11128,0.002269,0.016467,0.001191,0.000001
4601,26,0x76E8D31C92FB0A54,15,15,15,41,1,3884,118,11038,0.008785,0.000942,0.001154,0.000001
4602,28,0x67C3F19A584DEB20,16,16,16,42,1,18137,518,12131,0.053012,0.003264,0.001201,0.000001
4603,30,0x0831BFD94C765A2E,16,16,16,34,1,446,218,12140,0.001240,0.001394,0.001207,0.000001
4604,28,0x1A64F2B397DEC058,14,14,14,40,1,15,15,10363,0.000348,0.000409,0.001087,0.000001
4605,38,0x19C2D765F083BA4E,19,19,19,39,1,26,26,14947,0.000372,0.000461,0.001399,0.000000
4606,30,0x90D8EF743CA5B126,15,15,15,39,1,16,16,11253,0.000350,0.000407,0.001144,0.000001
4607,36,0x4563DBE127C8A0F9,20,20,20,40,1,348539,4220,16008,2.627306,0.025020,0.001471,0.000001
4608,34,0xB06239A15E478FCD,18,18,18,42,1,5680,1721,14087,0.013768,0.009523,0.001347,0.000001
4609,26,0x2BC5F19068D437EA,13,13,13,43,1,251,251,9309,0.000819,0.001627,0.000989,0.000001
4610,34,0xC3D1892F6B4075AE,18,18,18,46,1,22797,19,14140,0.076482,0.000440,0.001317,0.000001
4611,32,0xD814E23BC5A6907F,17,17,17,39,1,2427,3009,13162,0.005985,0.015921,0.001346,0.000001
4612,42,0x6C2A81F749EB0D53,21,21,21,39,1,36817,26925,16593,0.142480,0.163672,0.001561,0.000001
4613,36,0xB1A57386F0492DEC,18,18,20,36,1,820,502,16019,0.002564,0.002813,0.001459,0.000001
4614,26,0xFB1C5894D20EA367,14,14,16,42,1,489,439,12428,0.001256,0.002569,0.001231,0.000001
4615,38,0x09CE26D1873A45BF,19,19,21,43,1,1322,488,16993,0.003285,0.002802,0.001546,0.000001
4616,34,0xB70F31948D62AEC5,18,18,18,44,1,13462,1569,13987,0.036279,0.008793,0.001332,0.000001
4617,34,0x167530ED82BC4F9A,18,18,18,44,1,17674,2497,14277,0.047641,0.014077,0.001381,0.000001
4618,24,0x859C2A4D7F06BE31,15,15,15,37,1,16416,839,11273,0.041724,0.004954,0.001172,0.000001
4619,28,0x5FCD3408A7E1B962,14,14,14,42,1,17,17,10266,0.000369,0.000450,0.001196,0.000001
4620,30,0x68F7392B540E1CDA,18,18,18,42,1,293693,4082,13993,2.032714,0.022315,0.001422,0.000001
4621,34,0xAF16245DB079CE83,17,17,17,39,1,3924,1892,13209,0.009113,0.010524,0.001527,0.000001
4622,28,0x3A9E02C154D8FB67,17,17,17,43,1,121221,1688,12994,0.690103,0.008999,0.001253,0.000001
4623,32,0x26D8A3E40C195BF7,16,16,18,34,1,595,425,13950,0.001466,0.002396,0.001331,0.000000
4624,34,0x19802CF5DA67EB34,19,19,19,43,1,121992,1091,15015,0.757902,0.006081,0.001406,0.000001
4625,40,0x9A86E147023BF5CD,20,20,20,48,1,9868,4882,16001,0.026630,0.025301,0.001497,0.000001
4626,30,0xAC4F921D67038BE5,16,16,16,42,1,3005,2911,12030,0.006930,0.014604,0.001195,0.000001
4627,28,0x2E5CF04D8B9673A1,14,14,14,38,1,153,153,10461,0.000656,0.001128,0.001088,0.000001
4628,32,0xBC45967018F3A2ED,17,17,17,41,1,2601,1120,13116,0.006216,0.006031,0.001371,0.000001
4629,30,0xE5F2BD8071A9C634,15,15,15,37,1,451,440,11432,0.001256,0.002584,0.001151,0.000000
4630,26,0xCB10FE694D783A52,15,15,15,39,1,5765,70,11210,0.013613,0.000683,0.001170,0.000001
4631,36,0x1F39856074EADB2C,19,19,19,43,1,37093,1673,14977,0.146632,0.009432,0.001414,0.000001
4632,26,0xD4E03BC8A2917F56,15,15,15,37,1,4109,143,10990,0.010038,0.001051,0.001142,0.000001
4633,30,0x751F2E948A0D36CB,16,16,16,44,1,1351,5943,12256,0.003384,0.029932,0.001220,0.000001
4634,36,0x1A47EB8F5203C96D,19,19,19,39,1,27349,390,14863,0.089577,0.002578,0.001400,0.000001
4635,38,0x93DB45712FAE860C,20,20,20,34,1,17214,3952,16066,0.049589,0.021414,0.001501,0.000001
4636,32,0x5604239D8FBAE71C,17,17,17,41,1,7147,6573,13035,0.017431,0.034089,0.001286,0.000001
4637,32,0x10F6B4C397E82A5D,16,16,16,40,1,65,45,12185,0.000456,0.000572,0.001230,0.000001
4638,30,0xBAFD250EC9863741,16,16,16,42,1,1272,2456,12377,0.003263,0.012662,0.001240,0.000001
4639,32,0xEDA784216FC0359B,16,16,16,42,1,1083,963,12327,0.002642,0.005104,0.001226,0.000001
4640,34,0x8F49D075A3C2E6B1,19,19,19,43,1,119945,1844,15248,0.761045,0.010107,0.001437,0.000001
4641,30,0xDC1F734268AEB095,16,16,16,40,1,1097,1243,12079,0.002570,0.006659,0.001217,0.000001
4642,30,0xD731A64EC2F8B059,17,17,17,43,1,10847,230,13318,0.029080,0.001567,0.001285,0.000001
4643,34,0xF539D7AB018E26C4,18,18,18,36,1,2726,5983,14227,0.006754,0.048367,0.001659,0.000001
4644,36,0x0F67489E2DB13CA5,19,19,21,41,1,15520,5966,16839,0.044225,0.032053,0.001558,0.000001
4645,32,0xED17259AFB80436C,17,17,17,41,1,3923,3317,12829,0.009502,0.017370,0.001277,0.000001
4646,28,0x32C8E619BAF05D74,16,16,16,42,1,21760,117,11843,0.065655,0.000972,0.001221,0.000001
4647,30,0x36CAB01DE827945F,16,16,16,44,1,3346,2393,12121,0.008405,0.012561,0.001346,0.000001
4648,36,0x9304178ACD6FB52E,20,20,20,36,1,287905,5884,15967,2.096659,0.032871,0.001525,0.000001
4649,34,0x28FD1C07B4E356A9,18,18,18,48,1,10696,1545,13973,0.028507,0.008708,0.001316,0.000001
4650,38,0xC063E7D14B258AF9,19,19,21,45,1,15753,7919,16801,0.042796,0.042679,0.001570,0.000001
4651,30,0xB25D103EF649C8A7,16,16,16,54,1,4004,245,12098,0.009365,0.001617,0.001236,0.000001
4652,34,0x13E2F0B49AD8576C,17,17,17,45,1,22,22,13076,0.000386,0.000470,0.001274,0.000001
4653,34,0x23F6D9A1E508C7B4,18,18,18,38,1,8981,10581,14205,0.023269,0.056009,0.001377,0.000001
4654,28,0xE8B437C61F5D02A9,17,17,17,39,1,115465,6616,12921,0.685533,0.036569,0.001303,0.000001
4655,36,0x3578612AC4B9DEF0,19,19,19,35,1,14714,32207,15043,0.039831,0.202538,0.001575,0.000001
4656,28,0x297CA53BF406DE18,17,17,17,35,1,142168,10213,13313,0.836330,0.059880,0.001289,0.000001
4657,30,0xDF3A1289067B54CE,16,16,16,42,1,606,3355,12059,0.001626,0.017829,0.001221,0.000001
4658,34,0xFE20985714AB3D6C,18,18,20,40,1,37440,115,16013,0.142396,0.000981,0.001651,0.000001
4659,30,0xEF9153D7BA046C28,16,16,16,44,1,1032,433,12269,0.003468,0.002576,0.001204,0.000000
4660,30,0xCA745893E20BD6F1,16,16,16,34,1,893,5562,12132,0.002620,0.029085,0.001182,0.000001
4661,36,0x1872F94C6DB350EA,18,18,20,40,1,1504,1357,15771,0.003653,0.007600,0.001484,0.000001
4662,30,0xE95AD314C6B02F87,15,15,17,41,1,45,45,13220,0.000407,0.000568,0.001297,0.000000
4663,32,0x80A795FED6432B1C,17,17,17,41,1,16985,3395,13125,0.047633,0.018656,0.001269,0.000001
4664,36,0xC5F862034A1BD7E9,20,20,20,46,1,520055,11178,15383,4.383188,0.067781,0.001454,0.000001
4665,30,0xFB654012AE9D73C8,16,16,16,48,1,1509,521,11781,0.004007,0.002881,0.001176,0.000001
4666,36,0x1604953A2E8BF7CD,19,19,19,39,1,40567,772,14851,0.144742,0.005517,0.001520,0.000001
4667,26,0xECF21D59743B6A80,14,14,14,44,1,146,116,10209,0.000645,0.000928,0.001138,0.000001
4668,42,0x9FAB65E1032D84C7,22,22,22,46,1,742406,23,17635,7.226592,0.000626,0.001814,0.000001
4669,34,0xD873C1E96A5B0F24,18,18,18,38,1,25405,5056,13971,0.086846,0.026523,0.001365,0.000001
4670,30,0xE453D78AB29F106C,17,17,17,35,1,14219,165,12873,0.038590,0.001236,0.001257,0.000001
4671,28,0x3A9182D06EFB754C,17,17,17,39,1,56017,2028,12877,0.251402,0.010842,0.001300,0.000001
4672,38,0x195AD04F6328BCE7,20,20,20,42,1,71634,2563,16011,0.374642,0.014787,0.001645,0.000001
4673,38,0x9045E183AB2C7DF6,19,19,19,41,1,220,188,15030,0.000817,0.001285,0.001704,0.000001
4674,34,0x0FAE4D6897C21B53,17,17,19,41,1,3118,1739,15352,0.008358,0.009653,0.001438,0.000001
4675,38,0x08D3A5C91BE2674F,20,20,20,32,1,109969,953,15894,0.717215,0.006133,0.001588,0.000001
4676,32,0xE4D7568B9AF0C123,18,18,18,38,1,99151,3600,13776,0.627042,0.022722,0.001479,0.000001
4677,40,0x9E23B564D1C80FA7,20,20,22,38,1,223,219,17747,0.000860,0.001528,0.001754,0.000001
4678,26,0x5EB97CD1AF203648,15,15,15,35,1,4413,183,11249,0.011113,0.001331,0.001249,0.000001
4679,30,0xA5D8E07F214C6B39,17,17,17,47,1,21103,509,12957,0.065832,0.003180,0.001306,0.000001
4680,36,0x370FD962A4C1E5B8,19,19,19,45,1,31508,13235,15046,0.108405,0.071832,0.001424,0.000001
4681,40,0x40A91678B3EFCD25,20,20,20,36,1,137239,91867,16015,0.898295,0.875601,0.001687,0.000001
4682,32,0xFD8B701AC942536E,17,17,17,45,1,1302,3003,13063,0.004517,0.016703,0.001371,0.000001
4683,38,0x532064E8D7BAF9C1,20,20,20,42,1,51929,8715,15710,0.256989,0.048443,0.001781,0.000001
4684,32,0xF3E2B0CD15A69847,18,18,18,48,1,54104,1961,13822,0.246988,0.010438,0.001321,0.000001
4685,36,0x2B9E01364FA857DC,19,19,19,45,1,17075,10874,14898,0.050114,0.059831,0.001423,0.000001
4686,38,0x87B31029CAFD4E65,21,21,21,41,1,854851,11169,16922,8.131723,0.068284,0.001610,0.000001
4687,26,0xBDCE9325F64A1807,15,15,15,41,1,7638,121,11243,0.018082,0.000925,0.001143,0.000001
4688,34,0x65A9B4DE28730C1F,17,17,19,35,1,18,18,14709,0.000360,0.000421,0.001381,0.000001
4689,34,0x4E17502F3CDAB986,17,17,19,47,1,283,283,14868,0.000870,0.001689,0.001377,0.000001
4690,40,0x412F8A6CD93B750E,21,21,21,35,1,450243,36,16896,3.973650,0.000646,0.001748,0.000001
4691,28,0x6CAD8397F40B1E52,15,15,15,35,1,855,64,11184,0.002761,0.000639,0.001201,0.000001
4692,30,0x0316ACE27FD54B98,15,15,15,41,1,75,42,11271,0.000500,0.000551,0.001244,0.000000
4693,32,0x14A8293CB5067EDF,18,18,18,36,1,45570,1440,13803,0.228552,0.007877,0.001329,0.000001
4694,36,0x497215DA08CEF6B3,19,19,19,39,1,32158,543,15048,0.108417,0.003435,0.001427,0.000001
4695,22,0x2F583C17B6D4AE90,11,11,11,37,1,92,92,7489,0.000517,0.000786,0.000873,0.000001
4696,32,0x9F0A843E712C6BD5,17,17,17,41,1,664,1056,13135,0.001984,0.005679,0.001291,0.000001
4697,32,0x9AE17F02DBC64853,17,17,17,43,1,511,1625,13001,0.001309,0.008658,0.001278,0.000001
4698,38,0xAF80596C237B41ED,20,20,20,38,1,194813,461,15922,1.531064,0.003054,0.001710,0.000001
4699,36,0x87B50DF6E92C34A1,19,19,19,43,1,39511,35,14867,0.143883,0.000579,0.001391,0.000001
4700,32,0xC3B7641092D5AEF8,17,17,17,37,1,4985,5479,13040,0.012516,0.029153,0.001284,0.000001
4701,28,0xA5BD1EC2F7439860,15,15,15,39,1,447,695,10915,0.001267,0.003941,0.001116,0.000001
4702,28,0xE546A8D13FCB7029,15,15,15,35,1,1779,283,11155,0.004075,0.001757,0.001126,0.000001
4703,38,0x5E4063CB81F29DA7,20,20,20,44,1,172854,21,15961,1.387895,0.000511,0.001664,0.000001
4704,32,0x5A69EBFC0D328471,17,17,17,31,1,4327,6802,13021,0.013848,0.036096,0.001308,0.000001
4705,36,0x9305247EC68FB1DA,18,18,20,44,1,135,128,16037,0.000626,0.001019,0.001476,0.000001
4706,30,0x18E6BD4C0A97F235,17,17,17,33,1,15282,407,13059,0.041583,0.002743,0.001269,0.000001
4707,28,0xB854C9E37A16DF02,16,16,16,36,1,8299,56,12333,0.020260,0.000638,0.001222,0.000001
4708,36,0x08D17CAFB9635E24,19,19,19,35,1,53462,846,14908,0.257344,0.005050,0.001473,0.000001
4709,22,0xB8DFAE3194C27650,13,13,13,41,1,555,36,9386,0.001860,0.000674,0.001414,0.000001
4710,28,0xCD8EF6A401752B39,15,15,15,41,1,484,412,11145,0.002729,0.002577,0.001197,0.000001
4711,26,0x2EDA49F37516B08C,13,13,13,39,1,161,125,9579,0.000683,0.001099,0.001259,0.000001
4712,32,0x2A843BF790ED5C16,18,18,18,38,1,56479,1175,13916,0.272975,0.006732,0.001346,0.000001
4713,32,0x0C91B5A2DFE64378,17,17,17,35,1,2342,1281,13483,0.005583,0.007232,0.001290,0.000001
4714,30,0xA6B4C7DE52091F83,16,16,18,40,1,1969,8295,13892,0.004770,0.043354,0.001353,0.000001
4715,30,0xE81B70F4DA9523C6,16,16,16,46,1,400,561,11883,0.001252,0.003059,0.001203,0.000001
4716,30,0x6F93A728CE041DB5,16,16,16,44,1,587,17,12295,0.001625,0.000405,0.001237,0.000000
4717,26,0xF045329E1D7C68BA,14,14,14,44,1,439,167,10230,0.001232,0.001180,0.001058,0.000000
4718,34,0x53CBEA47D98F1260,18,18,18,34,1,7759,873,14062,0.020997,0.004954,0.001337,0.000001
4719,38,0x026F8C3149B5DE7A,20,20,20,40,1,124271,27248,15971,0.789987,0.173266,0.001640,0.000001
4720,36,0x5C1F4EA63DB98027,20,20,20,40,1,221445,2994,15920,1.746374,0.015820,0.001459,0.000001
4721,28,0x7E06F2B54A8C9D13,16,16,16,40,1,2827,68,12212,0.006590,0.000656,0.001228,0.000001
4722,34,0xE243F78D5A0B19C6,17,17,17,41,1,674,390,13234,0.001800,0.002306,0.001296,0.000001
4723,30,0x8FCA2BE13590D647,17,17,17,39,1,31256,447,12721,0.096287,0.002763,0.001243,0.000001
4724,36,0x8F6BDC0219E5A743,18,18,18,38,1,69,92,14323,0.000467,0.000811,0.001357,0.000001
4725,28,0xF9516BEC804D3A72,14,14,14,40,1,53,53,10487,0.000431,0.000602,0.001124,0.000000
4726,32,0xD4BA1C5E078392F6,17,17,17,35,1,15964,236,13069,0.041737,0.001554,0.001260,0.000001
4727,32,0xE597D23B0AF681C4,17,17,17,39,1,1703,403,13320,0.004527,0.002393,0.001311,0.000001
4728,28,0x74EC1FA592D0638B,16,16,16,44,1,11174,380,12055,0.028372,0.002363,0.001208,0.000001
4729,34,0x0D24FB89A167E53C,17,17,19,37,1,376,304,15143,0.001133,0.001948,0.001462,0.000001
4730,32,0x50897ED4CB23FA16,16,16,16,40,1,489,169,12019,0.001424,0.001193,0.001231,0.000001
4731,28,0xC941DE08F56B7A32,17,17,17,41,1,77640,2047,12992,0.343779,0.011924,0.001327,0.000001
4732,36,0x0FB684A153C79D2E,19,19,19,33,1,28863,5215,14835,0.097251,0.030722,0.001423,0.000001
4733,28,0x64D52E9B0C18AF37,16,16,16,36,1,5811,96,12296,0.013583,0.000832,0.001225,0.000001
4734,32,0x5023FC9AD4B617E8,17,17,17,35,1,12421,1955,13026,0.033217,0.010574,0.001338,0.000001
4735,32,0x6235EB17A8FC90D4,18,18,18,40,1,18744,274,13669,0.050945,0.001813,0.001335,0.000001
4736,30,0x43ADB6E1FC728095,16,16,16,40,1,1393,446,12041,0.003909,0.002560,0.001197,0.000001
4737,26,0x2C79FBD164EA5380,15,15,15,35,1,1591,53,11114,0.003671,0.000591,0.001137,0.000000
4738,34,0xD1C56F0823BE497A,18,18,18,44,1,12751,239,14093,0.035654,0.001700,0.001339,0.000001
4739,34,0x318D950AE4BF276C,18,18,18,42,1,6901,191,13888,0.017153,0.001361,0.001376,0.000001
4740,32,0x720D91FBAC6E4853,17,17,17,45,1,2894,1104,12856,0.006886,0.005716,0.001319,0.000001
4741,32,0x1569F8EB34AC07D2,16,16,16,36,1,1206,800,12112,0.002813,0.004550,0.001192,0.000001
4742,32,0x97EB354D680C2A1F,17,17,17,39,1,2938,2074,13283,0.006968,0.011247,0.001339,0.000001
4743,28,0xDC8470AEB562F139,18,18,18,44,1,522326,16319,14024,3.928424,0.090886,0.001399,0.000001
4744,30,0x15E4C0ABD3F67892,17,17,17,37,1,44861,761,12891,0.202999,0.004561,0.001259,0.000001
4745,32,0x6EF24B5D18CA3907,18,18,18,34,1,36444,772,14093,0.134521,0.005018,0.001364,0.000001
4746,40,0x803F764DC1EB52A9,21,21,21,45,1,369431,341,17089,3.344323,0.002498,0.001784,0.000001
4747,28,0xAF9E7C850D4B6213,16,16,16,38,1,11140,448,12068,0.033051,0.002676,0.001212,0.000001
4748,32,0x3FEBD42CA5180796,17,17,17,41,1,3142,2422,13173,0.007570,0.012993,0.001295,0.000001
4749,34,0xD1297EBA308F4C56,17,17,17,37,1,4581,2125,12957,0.010832,0.011223,0.001297,0.000001
4750,36,0x58A736D4F10B29EC,18,18,18,40,1,19,19,14000,0.000563,0.000442,0.001341,0.000001
4751,28,0x6342D89E7CF15BA0,14,14,14,38,1,27,27,10334,0.000374,0.000461,0.001062,0.000000
4752,32,0xD4F50C8B632AE971,18,18,18,40,1,99525,3084,13908,0.655512,0.023255,0.002140,0.000001
4753,34,0x436DB201E9FAC758,18,18,18,46,1,28451,213,14114,0.171846,0.002245,0.002105,0.000001
4754,36,0x53B04A61EC7928FD,19,19,19,41,1,18020,635,14867,0.092400,0.006211,0.002374,0.000001
4755,30,0xC1903E2B64758FDA,17,17,17,43,1,13112,546,12924,0.052748,0.004228,0.001524,0.000001
4756,40,0xB301748A692F5DCE,21,21,21,41,1,364952,4046,16830,3.881231,0.025749,0.001561,0.000001
4757,32,0xE31BF5A8406D79C2,19,19,19,41,1,573190,25437,14916,4.963108,0.158636,0.001494,0.000001
4758,36,0xC769802B41EF35DA,19,19,19,43,1,83967,132,14853,0.442019,0.001130,0.001841,0.000001
4759,30,0x6C8DA9EB14530F27,15,15,15,31,1,281,268,11051,0.000973,0.001640,0.001139,0.000001
4760,32,0x74EB8096A1CDF532,17,17,17,37,1,4147,9176,13403,0.011286,0.054951,0.001456,0.000001
4761,32,0xBA6092384CE1D5F7,17,17,17,41,1,1883,282,13210,0.010483,0.003171,0.001676,0.000001
4762,32,0x479A6081C5EDF2B3,20,20,20,34,1,4659894,250762,15897,39.227481,2.409932,0.001724,0.000001
4763,28,0xB4DFE7C3586A2910,14,14,14,36,1,718,644,10362,0.002962,0.003959,0.001169,0.000001
4764,34,0xA19E6324B7F850CD,17,17,17,43,1,172,100,13293,0.000750,0.000842,0.001410,0.000001
4765,34,0x87C2309E41BDF5A6,17,17,17,47,1,332,326,13011,0.001113,0.002066,0.001368,0.000000
4766,32,0x82FDC4B53EA70916,18,18,18,32,1,78527,3257,14124,0.390980,0.018972,0.001406,0.000001
4767,32,0xA26C7B4389DF5E10,17,17,19,29,1,2586,7240,14885,0.006310,0.038874,0.001410,0.000001
4768,40,0x1F6A2485C3B907ED,21,21,21,37,1,288062,24,16762,2.129723,0.000555,0.001741,0.000001
4769,34,0x869013DC4BAF52E7,17,17,17,43,1,2602,2447,13090,0.008020,0.013669,0.001278,0.000001
4770,32,0x572CEB34186FDA09,17,17,17,41,1,5037,26,13012,0.016169,0.000470,0.001329,0.000001
4771,28,0x3D54ACE8FB920176,15,15,15,29,1,190,438,11043,0.000835,0.002651,0.001161,0.000001
4772,28,0x16D80B95AC42FE73,14,14,14,34,1,15,15,10364,0.000365,0.000434,0.001115,0.000001
4773,34,0x79EA60D34B5FC182,17,17,17,41,1,185,185,13198,0.000711,0.001275,0.001292,0.000000
4774,28,0xF96D8A07E5413B2C,16,16,16,40,1,8005,335,12212,0.019144,0.002322,0.001221,0.000001
4775,22,0xEA9CB0826DF54713,15,15,15,39,1,61278,2529,11240,0.249485,0.013002,0.001136,0.000001
4776,34,0x5C2B9F6E18D30A74,18,18,18,38,1,11631,1838,14067,0.032418,0.010122,0.001327,0.000001
4777,38,0x96B751EFC823DA04,19,19,19,47,1,5714,5895,14694,0.013657,0.030455,0.001392,0.000001
4778,30,0x9A6C38F142B07DE5,17,17,17,43,1,33381,542,13225,0.115751,0.003325,0.001267,0.000001
4779,28,0x5CB7698AFD04213E,15,15,15,31,1,332,405,10980,0.001018,0.002379,0.001123,0.000001
4780,26,0x6ECB3A5410DF7982,15,15,15,35,1,4939,172,11067,0.011342,0.001189,0.001133,0.000001
4781,38,0x270AB5CED398416F,21,21,21,41,1,2570254,67938,16931,22.475234,0.558984,0.001624,0.000001
4782,36,0x0593DC642F1E7BA8,19,19,21,41,1,36912,139,16776,0.136750,0.001177,0.001539,0.000001
4783,34,0xD417C5A39F062EB8,19,19,19,41,1,86900,1012,14954,0.584640,0.005788,0.001425,0.000001
4784,32,0xA98D076E5C341FB2,17,17,17,43,1,9792,222,13111,0.026483,0.001452,0.001263,0.000001
4785,38,0xA726F5DC81B3E049,19,19,19,45,1,1606,1448,15151,0.004604,0.007902,0.001429,0.000001
4786,30,0x5849E2F16B037ADC,17,17,17,45,1,21420,765,13058,0.067147,0.004688,0.001267,0.000001
4787,28,0x1F4E698ACD5B7302,16,16,16,36,1,8555,217,12234,0.020351,0.001475,0.001221,0.000001
4788,36,0xF62715A89C430DBE,19,19,19,39,1,22924,531,14994,0.075819,0.003256,0.001414,0.000001
4789,26,0xE01C2FDA763985B4,14,14,14,48,1,619,836,10295,0.001520,0.004889,0.001074,0.000001
4790,32,0xBC0954A3F6721D8E,16,16,16,36,1,2135,1229,12266,0.005270,0.006912,0.001312,0.000001
4791,26,0xAE1463875CFD2B90,15,15,15,39,1,10021,664,11080,0.025700,0.003877,0.001120,0.000001
4792,32,0x04FA9DEC71B26538,18,18,18,36,1,63515,2282,14036,0.303815,0.012236,0.001353,0.000001
4793,30,0xCF7D1384A50EB962,17,17,17,45,1,25551,619,12837,0.084886,0.003547,0.001257,0.000001
4794,34,0x91724CF0E85D6B3A,17,17,19,45,1,3171,2203,14947,0.007810,0.011535,0.001418,0.000001
4795,32,0x3EB2FD1058C9476A,17,17,19,39,1,1307,15836,14584,0.003173,0.086602,0.001403,0.000001
4796,34,0x458237DE9FBC610A,17,17,19,37,1,95,92,14826,0.000540,0.000786,0.001389,0.000001
4797,30,0xF62D3B80A591CE47,17,17,17,39,1,52775,1004,13089,0.257834,0.005784,0.001284,0.000001
4798,28,0x649EC7A825F3B0D1,16,16,16,32,1,4714,265,12235,0.011587,0.001669,0.001223,0.000001
4799,24,0xBDFC7AE468159023,15,15,15,41,1,13630,742,11203,0.033807,0.004423,0.001129,0.000001
4800,30,0xF571EA6C82BD4390,17,17,17,39,1,38280,1069,13272,0.137135,0.006192,0.001289,0.000001
4801,20,0x281CFA937E46BD50,12,12,12,38,1,187,211,8665,0.000703,0.001275,0.000948,0.000001
4802,30,0xB68470EC25FA1D39,16,16,16,44,1,821,2216,11962,0.002031,0.011616,0.001267,0.000001
4803,36,0x0B5F8647DCA9231E,18,18,20,36,1,2919,2879,15763,0.007063,0.015188,0.001461,0.000001
4804,40,0x32A94805CFE7D16B,20,20,22,36,1,99,99,17594,0.000524,0.000839,0.001605,0.000001
4805,32,0xF072348D5E9B6CA1,16,16,16,36,1,17,17,12164,0.000350,0.000414,0.001209,0.000000
4806,28,0xEA95BD86014C7F23,14,14,14,28,1,15,15,10209,0.000350,0.000401,0.001069,0.000000
4807,32,0x87B64250F91CEA3D,16,16,16,44,1,17,17,12185,0.000352,0.000475,0.001216,0.000001
4808,38,0x7DC5EA62018B49F3,20,20,20,36,1,66584,2146,16123,0.347906,0.011561,0.001496,0.000001
4809,40,0x0C7B3D5629184FAE,21,21,21,43,1,244749,1473,16819,1.908942,0.009516,0.001714,0.000001
4810,42,0x24BFD76590A1EC83,21,21,21,35,1,40,40,16789,0.000647,0.000554,0.001729,0.000001
4811,28,0xD85A6F1E37904BC2,15,15,15,41,1,1803,2156,10977,0.004856,0.010941,0.001122,0.000001
4812,38,0x08F5243BAC179D6E,20,20,20,40,1,48051,5012,15954,0.237502,0.026513,0.001753,0.000001
4813,28,0xC719BDF08E5A4236,14,14,14,40,1,82,75,10433,0.000519,0.000711,0.001111,0.000001
4814,36,0x0AB7C9654E82F31D,18,18,20,36,1,6509,2093,15828,0.016238,0.011313,0.001465,0.000001
4815,32,0x15892B0C3AF64E7D,18,18,18,40,1,49983,1339,13811,0.232844,0.007598,0.001404,0.000001
4816,36,0x1972D854BC3E0F6A,19,19,21,33,1,17643,1890,16723,0.046783,0.010373,0.001535,0.000001
4817,30,0x7FD085A3B9C6421E,16,16,16,34,1,2131,3994,12283,0.005128,0.020719,0.001330,0.000001
4818,30,0xD2C5973E8F6A4B10,16,16,16,34,1,3296,2107,12435,0.009603,0.011085,0.001229,0.000001
4819,32,0xDC3BAE725910864F,18,18,18,42,1,70721,2142,13737,0.348191,0.011714,0.001352,0.000001
4820,26,0x28B5FACD6740193E,14,14,14,38,1,316,1243,9885,0.001043,0.006326,0.001125,0.000001
4821,36,0xE10A435F6C7829DB,18,18,18,46,1,354,137,14076,0.001092,0.001115,0.001456,0.000001
4822,34,0x953BF0AD71C246E8,18,18,18,46,1,6441,3263,14025,0.015877,0.017317,0.001371,0.000001
4823,26,0xF7129EDC8506A3B4,14,14,14,40,1,221,135,10246,0.000775,0.001009,0.001089,0.000000
4824,36,0x490D7FB561C382EA,19,19,21,41,1,28596,698,16572,0.096711,0.004348,0.001503,0.000001
4825,36,0x6A70243CB859D1EF,19,19,19,41,1,26289,48346,14965,0.084524,0.345988,0.001450,0.000001
4826,32,0x45BC371A20E8D6F9,18,18,20,36,1,23920,4822,15942,0.078676,0.024561,0.001494,0.000001
4827,34,0x16A8ED045F2B3C79,18,18,18,40,1,6915,3842,14047,0.017227,0.019867,0.001355,0.000001
4828,28,0xEFC2637DAB149850,15,15,15,43,1,979,16,11048,0.002952,0.000471,0.001196,0.000001
4829,30,0x7BD01958C2E34AF6,16,16,16,38,1,451,1380,12209,0.001227,0.007821,0.001193,0.000001
4830,34,0x2B9E8D63A7514FC0,19,19,19,35,1,448079,18289,15056,3.746551,0.106542,0.001427,0.000001
4831,32,0xB567C9E4A28D3F10,18,18,18,34,1,159521,6331,14125,0.995660,0.034956,0.001364,0.000001
4832,36,0x2901B5AF3D6CE478,18,18,18,42,1,222,221,14264,0.000795,0.001438,0.001355,0.000001
4833,30,0x15CED48096BF372A,18,18,18,38,1,123760,6830,14092,0.745526,0.036459,0.001368,0.000001
4834,30,0x0485B9DEF3CA6721,15,15,15,33,1,16,16,11163,0.000395,0.000413,0.001152,0.000001
4835,34,0x69C4EF07831AB5D2,18,18,18,44,1,19625,631,13992,0.065004,0.003536,0.001345,0.000001
4836,34,0xB0125E67F4CD8A93,18,18,18,42,1,23862,19,13849,0.079864,0.000438,0.001323,0.000001
4837,34,0x37E9CB02845FD1A6,18,18,18,42,1,12793,989,14102,0.035735,0.005496,0.001344,0.000001
4838,36,0x302AC8E9615F47BD,19,19,19,43,1,20627,8829,15066,0.066046,0.047355,0.001468,0.000001
4839,32,0x509E142AC6FD837B,18,18,18,46,1,99801,2247,14055,0.635315,0.011834,0.001344,0.000001
4840,30,0x6E418DB09A357F2C,18,18,18,38,1,243942,12290,13772,1.739387,0.068505,0.001313,0.000001
4841,30,0x3268AE495FC1DB07,15,15,15,37,1,63,40,11351,0.000534,0.000517,0.001141,0.000001
4842,34,0x0CB73149F5DAE826,18,18,18,36,1,15158,2170,13891,0.041627,0.011885,0.001362,0.000001
4843,28,0x21E47B8C5FD9A036,15,15,15,35,1,758,308,11176,0.001946,0.001901,0.001201,0.000001
4844,38,0xDB804E23A19F657C,19,19,19,43,1,113,95,14962,0.000585,0.000804,0.001413,0.000000
4845,34,0x0B26AC43715EDF98,18,18,20,36,1,7142,169,15711,0.017606,0.001272,0.001466,0.000001
4846,40,0x0B72694DF583CAE1,20,20,22,36,1,32136,17668,17881,0.114741,0.102061,0.001628,0.000001
4847,32,0x1AC839756DB24EF0,17,17,19,33,1,1078,11353,14947,0.003061,0.064357,0.001557,0.000001
4848,36,0x4B3F2C56A097E8D1,19,19,19,43,1,17978,6639,14565,0.048116,0.034868,0.001415,0.000001
4849,34,0x0A9EB5D713864CF2,18,18,18,32,1,8503,161,14085,0.021177,0.001213,0.001358,0.000001
4850,26,0x94C863DBFEA25710,16,16,16,36,1,20756,890,12175,0.067866,0.005108,0.001325,0.000001
4851,30,0x6320B8DECF174A95,15,15,15,45,1,16,16,11272,0.000381,0.000430,0.001182,0.000001
4852,34,0xC5F0E798312B6DA4,18,18,18,46,1,13080,28963,13996,0.036966,0.184156,0.001379,0.000001
4853,34,0x84150B23D6F7EAC9,19,19,19,49,1,161158,4188,15027,1.031435,0.024796,0.001419,0.000001
4854,26,0x1BCD08EF76425A93,16,16,16,44,1,44058,2833,12035,0.142629,0.014874,0.001414,0.000001
4855,28,0xA6D529FBC71E0483,16,16,16,42,1,9164,109,11934,0.028917,0.001046,0.001320,0.000001
4856,36,0xC8709D41EAB2536F,19,19,19,41,1,8926,69132,14821,0.026013,0.533416,0.001471,0.000001
4857,30,0xA57036C8B1DF92E4,17,17,17,39,1,25206,1225,13170,0.079322,0.006935,0.001288,0.000001
4858,34,0x4316BDF8A529EC70,17,17,17,37,1,4757,4563,13395,0.012581,0.023719,0.001314,0.000001
4859,34,0x5347E1ACB89D260F,19,19,19,41,1,190124,3601,15081,1.509038,0.019076,0.001439,0.000001
4860,40,0x05A628417F3B9CED,20,20,22,40,1,21,21,17641,0.000637,0.000461,0.001603,0.000001
4861,32,0x9841E0FD52C3B76A,18,18,18,52,1,35812,591,13965,0.125767,0.003380,0.001314,0.000001
4862,30,0xCB169A852D4E037F,15,15,15,35,1,16,16,11424,0.000363,0.000425,0.001158,0.000001
4863,28,0x7F1E06BD28CA3594,15,15,15,41,1,379,175,11267,0.001096,0.001250,0.001134,0.000001
4864,36,0x59B231FECA784D60,19,19,19,39,1,26083,6943,14895,0.088864,0.035831,0.001775,0.000001
4865,34,0x89ACE735214DB0F6,17,17,17,39,1,18,18,13103,0.000674,0.000670,0.001723,0.000001
4866,28,0xE1F83792BD506C4A,14,14,14,40,1,213,202,10504,0.001006,0.001349,0.001053,0.000000
4867,40,0xCF2B3567149AD08E,21,21,21,39,1,641948,7630,16789,5.318312,0.041929,0.001555,0.000001
4868,28,0xE5DB4F0867CA2139,16,16,16,40,1,7635,230,11806,0.017798,0.001478,0.001200,0.000001
4869,28,0xD4362EF8751A9C0B,15,15,15,45,1,1156,988,11329,0.002720,0.005237,0.001192,0.000001
4870,30,0xA4F8D9B6C521730E,15,15,15,33,1,94,80,11302,0.000699,0.000721,0.001135,0.000001
4871,28,0x759DEC1028B6AF34,16,16,16,40,1,2520,78,12275,0.005560,0.000721,0.001216,0.000001
4872,36,0x0294CB67EA853DF1,19,19,19,33,1,58333,734,14880,0.314586,0.004579,0.001922,0.000001
4873,30,0x23BD8E9406FAC715,17,17,17,35,1,21545,799,13200,0.078132,0.004908,0.001402,0.000001
4874,34,0x053ED82F4796ACB1,19,19,19,39,1,227555,6844,14996,1.797831,0.038890,0.001415,0.000001
4875,30,0x3586AD1B2EF7940C,17,17,17,37,1,7072,187,13158,0.017253,0.001296,0.001375,0.000001
4876,26,0x48BD9AFC5130E276,15,15,15,33,1,6336,245,11115,0.014693,0.001571,0.001161,0.000001
4877,34,0x43056EA8D9C7F1B2,19,19,19,41,1,246636,4669,14930,1.887503,0.027276,0.001526,0.000001
4878,26,0x986E30FC425D1A7B,16,16,16,48,1,24382,1172,11847,0.073280,0.006470,0.001212,0.000001
4879,26,0x321ABFDC5487069E,15,15,15,39,1,2909,109,11049,0.006346,0.000913,0.001139,0.000001
4880,30,0x1DCB59F378E62A04,17,17,17,33,1,18971,636,12978,0.049888,0.004004,0.001326,0.000001
4881,34,0x2E835A0DF16794CB,17,17,17,39,1,18,18,13328,0.000371,0.000427,0.001306,0.000001
4882,34,0xBD245EC78F13069A,18,18,18,38,1,2854,1321,14228,0.006855,0.007341,0.001366,0.000001
4883,22,0xE0C4AB82567D13F9,13,13,13,33,1,1114,90,9048,0.002438,0.000761,0.000984,0.000001
4884,30,0x82469C7DAE10BF53,16,16,18,36,1,3512,2863,13701,0.008052,0.015006,0.001379,0.000001
4885,30,0xF2019B83C76EAD54,16,16,16,38,1,940,256,12246,0.002316,0.001622,0.001228,0.000001
4886,34,0xB8264197EDC5FA03,17,17,17,37,1,342,342,13311,0.001061,0.002126,0.001290,0.000001
4887,34,0xB21FA9D6C583E407,19,19,19,39,1,200480,3048,14936,1.555630,0.018451,0.001536,0.000001
4888,34,0xB4A32F0658DE71C9,18,18,18,44,1,14499,96,14108,0.039775,0.000838,0.001351,0.000001
4889,34,0x01A678EFBCD43529,17,17,17,39,1,1831,762,13481,0.004744,0.004235,0.001669,0.000001
4890,34,0x93BA0C267E1F45D8,19,19,21,43,1,152514,4769,16939,1.048692,0.027696,0.001553,0.000001
4891,34,0x17F24AC36958EDB0,18,18,18,32,1,23015,1371,14367,0.076757,0.008107,0.001360,0.000001
4892,38,0x48063E257DA1CF9B,20,20,20,42,1,25890,30093,16106,0.084528,0.188364,0.001531,0.000001
4893,28,0xB865C30A1E4D72F9,15,15,15,39,1,1131,30,11234,0.003082,0.000498,0.001148,0.000001
4894,28,0xB25D719AE8F3C640,15,15,15,39,1,444,460,11240,0.001230,0.002626,0.001152,0.000001
4895,32,0x13B60E9F7A2548DC,17,17,17,43,1,421,2536,13060,0.001208,0.013310,0.001302,0.000001
4896,30,0x9CAF5384E2107B6D,16,16,16,42,1,1511,4393,11914,0.003669,0.022491,0.001210,0.000001
4897,40,0x6FA357CE0B2D8941,20,20,20,38,1,5281,2557,15888,0.012635,0.013008,0.001505,0.000001
4898,32,0x869C4A17D5EBF023,17,17,17,39,1,1067,169,13273,0.002605,0.001219,0.001278,0.000000
4899,30,0x17D9E583FCB062A4,17,17,17,41,1,20689,902,13159,0.064532,0.005411,0.001339,0.000001
4900,32,0x96027ADE3418C5FB,17,17,17,43,1,6336,433,13111,0.015175,0.002545,0.001299,0.000001
4901,38,0xE7C1053D89B26AF4,19,19,19,43,1,20,20,14983,0.000362,0.000437,0.001419,0.000001
4902,30,0xD4B976180F3A52CE,17,17,17,39,1,18796,536,12994,0.049336,0.003223,0.001297,0.000001
4903,26,0xF508B39EDA417C26,15,15,15,41,1,5356,236,11134,0.013291,0.001540,0.001155,0.000001
4904,32,0x1F6B73594AE028DC,18,18,18,40,1,42010,663,14047,0.143513,0.004153,0.001370,0.000001
4905,26,0xF648EAD12B93507C,15,15,15,39,1,8618,318,11089,0.020996,0.002032,0.001177,0.000001
4906,30,0x397C28EBADF61405,16,16,16,36,1,851,1101,11969,0.002321,0.006168,0.001490,0.000001
4907,32,0xA03CE2B597D1648F,18,18,18,44,1,35203,733,13985,0.128673,0.004641,0.001350,0.000001
4908,32,0xEC0B5829D3F7A461,16,16,16,38,1,17,17,12003,0.000364,0.000420,0.001216,0.000001
4909,30,0x72FE693A0BCD5148,18,18,18,38,1,128817,1740,14024,0.760547,0.010715,0.001491,0.000001
4910,38,0x0E25916DC384FBA7,20,20,20,42,1,110107,921,16216,0.757521,0.006559,0.001645,0.000001
4911,32,0x8549FC06A71D23BE,17,17,17,49,1,2669,12001,13122,0.007326,0.066745,0.001290,0.000001
4912,32,0xFC2957B61384AE0D,17,17,17,37,1,6500,876,13045,0.016946,0.005177,0.001301,0.000001
4913,30,0x9CEA186FB3D75420,15,15,15,41,1,841,479,11219,0.002169,0.002793,0.001163,0.000001
4914,30,0x04EC9B7D82156AF3,16,16,16,34,1,390,133,12326,0.001172,0.001049,0.001229,0.000001
4915,34,0x917DC20B3E68A54F,18,18,18,44,1,7800,33,13933,0.020240,0.000508,0.001372,0.000001
4916,26,0x67FCD5BE42938A10,15,15,17,35,1,1914,17285,12986,0.004638,0.091921,0.001358,0.000001
4917,26,0x8C903AD214E67B5F,14,14,14,34,1,152,625,10164,0.000840,0.003807,0.001091,0.000001
4918,38,0x608742C5A3ED1F9B,20,20,20,40,1,37766,846,15632,0.155236,0.005173,0.001486,0.000001
4919,30,0x56B0A8CD1729FE43,16,16,16,38,1,1858,113,12141,0.004381,0.000937,0.001373,0.000001
4920,30,0x853BFD9160742ACE,17,17,17,41,1,12526,3601,12951,0.034054,0.018657,0.001293,0.000001
4921,26,0x6FB72A0C1ED58349,14,14,14,40,1,217,673,10514,0.000744,0.004390,0.001078,0.000001
4922,34,0xBA713956F042CDE8,18,18,18,40,1,7865,470,14055,0.019499,0.002709,0.001328,0.000001
4923,28,0x2EB4F6810D57AC93,14,14,14,40,1,264,179,10462,0.000882,0.001201,0.001069,0.000001
4924,30,0x9A5268037F4DBCE1,16,16,16,32,1,1315,383,12323,0.003283,0.002281,0.001213,0.000001
4925,30,0x9EF148702D3C6AB5,17,17,17,41,1,28977,397,13097,0.093550,0.002567,0.001247,0.000001
4926,30,0xF01BD3A84E79C625,17,17,17,39,1,26825,1001,12761,0.083979,0.005783,0.001251,0.000001
4927,32,0x3F41569B87DACE02,17,17,17,35,1,2027,10556,13030,0.004837,0.057997,0.001337,0.000001
4928,32,0xE7B059FC68314A2D,19,19,19,39,1,718035,22631,15008,5.572371,0.132927,0.001432,0.000001
4929,36,0x7F3EC46DA82950B1,19,19,19,37,1,7532,6940,15100,0.019077,0.037287,0.001455,0.000001
4930,36,0x8DA6E1027349CBF5,20,20,20,46,1,994971,37120,16026,8.802239,0.238766,0.001522,0.000001
4931,34,0xCD41B5798F3AE620,19,19,19,35,1,79426,1717,15161,0.427841,0.010891,0.001554,0.000001
4932,22,0x1CF4A7BE32D65098,14,14,14,40,1,7111,27,10125,0.016553,0.000480,0.001077,0.000001
4933,30,0xB546A32FE87CD091,15,15,15,43,1,40,40,11124,0.000411,0.000535,0.001142,0.000001
4934,26,0xBDF8CE920753146A,15,15,15,37,1,8906,346,11239,0.021131,0.002190,0.001146,0.000001
4935,28,0x10ACBF83965D427E,15,15,15,41,1,314,2310,11393,0.000991,0.012161,0.001164,0.000001
4936,28,0xF2549A13E0BC8D76,14,14,14,38,1,319,269,10597,0.001003,0.001672,0.001099,0.000001
4937,26,0xE8F62B79DA1543C0,15,15,15,39,1,4249,63,11215,0.009411,0.000632,0.001160,0.000001
4938,36,0xCB09A631ED2784F5,18,18,18,40,1,6629,2136,14384,0.015864,0.011014,0.001376,0.000001
4939,26,0x7C9DB860AF42E531,15,15,15,37,1,4281,58,11203,0.009671,0.000922,0.001205,0.000001
4940,28,0x8EF52CD4617039AB,16,16,16,40,1,9857,358,12147,0.026349,0.002377,0.001208,0.000001
4941,32,0x3EFB72591D8A40C6,18,18,18,38,1,42292,1121,13751,0.205146,0.006561,0.001422,0.000001
4942,30,0x1FD6B9A208475C3E,17,17,17,33,1,39633,970,13109,0.143302,0.005846,0.001276,0.000001
4943,24,0xB89EFC245A6731D0,15,15,15,33,1,28263,2548,10958,0.086322,0.012820,0.001125,0.000001
4944,34,0x230ECBF6A74159D8,18,18,18,40,1,8244,5545,14018,0.021601,0.029254,0.001348,0.000001
4945,36,0x2B17C8350EFDA946,19,19,19,37,1,6925,4351,15080,0.017822,0.023272,0.001708,0.000001
4946,32,0x74FA0869B1523DCE,16,16,16,40,1,2299,2735,12423,0.006681,0.014476,0.001196,0.000001
4947,36,0x3C5B6F47AD19E028,18,18,20,40,1,2508,2508,15355,0.006012,0.012835,0.001442,0.000001
4948,38,0xC6804D259BAE7F31,19,19,19,35,1,285,364,15107,0.000904,0.002176,0.001401,0.000001
4949,28,0xE19CFB26D370548A,16,16,16,44,1,11947,168,12165,0.032408,0.001257,0.001194,0.000001
4950,34,0x6E043CA71B8F59D2,18,18,18,40,1,4196,23,14189,0.010075,0.000452,0.001381,0.000001
4951,34,0x82571BED904FCA36,19,19,19,43,1,138210,2791,14978,0.909592,0.017079,0.001417,0.000001
4952,34,0xC345F796B081DAE2,17,17,17,35,1,543,503,13283,0.001394,0.002754,0.001287,0.000001
4953,34,0xA87914E53BDF062C,19,19,19,43,1,95968,1214,14645,0.622505,0.007423,0.001607,0.000001
4954,36,0x71AE5324B96C8FD0,19,19,19,41,1,23024,125,15087,0.080348,0.001015,0.001526,0.000001
4955,28,0xBD34795F1EC06A28,18,18,18,38,1,571357,17065,13940,4.217650,0.093735,0.001342,0.000001
4956,36,0x8C4EF27319065DAB,19,19,19,49,1,41211,1218,14846,0.194116,0.006691,0.001402,0.000001
4957,38,0xA517D0EF2C39648B,20,20,20,50,1,58981,26955,16068,0.283258,0.170456,0.001504,0.000001
4958,34,0x342D6AEB18F9570C,19,19,19,31,1,124790,3210,15069,0.780669,0.019690,0.001638,0.000001
4959,28,0xAEDB6093CF412578,16,16,16,42,1,10647,482,12094,0.028352,0.002858,0.001209,0.000001
4960,38,0xAD7342F6C58E091B,20,20,20,44,1,159487,211,16052,1.037486,0.001611,0.001652,0.000001
4961,26,0xF7E5A4C93826B01D,15,15,15,37,1,2166,59,11363,0.005248,0.000606,0.001136,0.000001
4962,24,0xEF1D3A427C68905B,13,13,13,39,1,111,26,9388,0.000531,0.000447,0.000997,0.000001
4963,34,0x06BA17DF52984EC3,19,19,19,39,1,69977,908,14919,0.359122,0.005247,0.001438,0.000001
4964,32,0xDC6A24E8F3B95107,17,17,19,41,1,4134,8904,14785,0.010580,0.045813,0.001422,0.000001
4965,34,0x984A25CDE37B0F16,19,19,19,37,1,239289,4482,14964,1.831576,0.026600,0.001568,0.000001
4966,26,0x5EA1F9C8B3D06724,15,15,15,39,1,8563,385,11247,0.020695,0.002308,0.001154,0.000001
4967,36,0x3EC291F780AD564B,19,19,19,43,1,61701,53,14817,0.311901,0.000659,0.001383,0.000001
4968,36,0x0351D478C2E69AFB,19,19,19,43,1,15709,191,14929,0.043918,0.001410,0.001446,0.000001
4969,30,0x591DA3C76E42F08B,16,16,16,40,1,356,108,12083,0.001235,0.000861,0.001183,0.000001
4970,22,0xF1DCAEB476038592,12,12,12,40,1,96,13,8705,0.000600,0.000391,0.000948,0.000001
4971,38,0xD5ABE6438C02179F,20,20,20,38,1,35047,2977,15887,0.123856,0.016178,0.001471,0.000001
4972,36,0xB19C2D4365078FAE,18,18,20,44,1,19,19,15847,0.000392,0.000444,0.001483,0.000001
4973,32,0x4A3B91DE2F65C078,17,17,19,45,1,2806,1652,14758,0.006808,0.008973,0.001394,0.000001
4974,36,0x570C4F39E821DA6B,20,20,20,48,1,539601,10786,16094,4.579273,0.064419,0.001501,0.000001
4975,34,0x9BA0F5764C3ED281,18,18,18,42,1,18775,1611,13837,0.051400,0.009182,0.001336,0.000001
4976,38,0x015FA2EB3967C48D,19,19,19,39,1,668,472,14803,0.001800,0.002686,0.001376,0.000001
4977,40,0x02845793CABFD1E6,21,21,21,33,1,70326,46938,16610,0.357871,0.353940,0.001577,0.000001
4978,32,0xE3F79405681DACB2,18,18,18,46,1,82459,2217,14059,0.406417,0.011851,0.001349,0.000001
4979,30,0x761C0E49BD83A2F5,17,17,17,45,1,66928,2439,13182,0.318255,0.012760,0.001312,0.000001
4980,28,0x4C507198ABF62E3D,15,15,15,37,1,260,212,11489,0.000865,0.001419,0.001167,0.000001
4981,32,0x18469AFD0E3B2C57,17,17,17,35,1,2595,23,12944,0.006358,0.000434,0.001284,0.000001
4982,36,0xBC45016392F78EDA,20,20,20,46,1,728801,11962,16120,6.000906,0.074640,0.001486,0.000001
4983,34,0x85972431B6FEAD0C,18,18,18,38,1,3432,3410,14049,0.008587,0.018463,0.001376,0.000001
4984,30,0x9762318CAE45DBF0,15,15,15,41,1,324,264,11133,0.001020,0.001692,0.001159,0.000001
4985,30,0xFDB5A426081C3E97,17,17,17,39,1,9447,260,13062,0.025236,0.001707,0.001290,0.000001
4986,30,0x47A952086D1CB3FE,16,16,16,34,1,819,419,12180,0.002286,0.002344,0.001220,0.000001
4987,26,0x3AE597C814FD20B6,16,16,16,34,1,34046,498,11894,0.141882,0.003619,0.001648,0.000001
4988,34,0x0D984FEC2A36157B,18,18,18,38,1,9067,899,13988,0.045409,0.007738,0.001710,0.000001
4989,30,0xC95263DFE0B4781A,16,16,16,42,1,1736,560,12191,0.005244,0.004019,0.001466,0.000001
4990,36,0x7AE6493B08512DCF,18,18,18,34,1,8759,4057,14245,0.031485,0.027897,0.001699,0.000001
4991,28,0x53149FACB720E6D8,16,16,16,42,1,6786,156,12008,0.021991,0.001773,0.001771,0.000001
4992,36,0x1CEF497D8A0352B6,20,20,20,40,1,662298,26712,15794,5.784168,0.190474,0.001490,0.000001
4993,34,0x812CEBD7435F06A9,17,17,19,37,1,361,360,14889,0.001188,0.002116,0.001421,0.000001
4994,32,0x8C3941F0DA5E267B,17,17,17,47,1,2317,4331,13082,0.006553,0.022875,0.001287,0.000001
4995,26,0xCBDA894356EF1270,14,14,14,30,1,603,1421,10248,0.001498,0.007498,0.001069,0.000001
4996,30,0xD4F596C71AE3B820,17,17,17,35,1,18209,532,12980,0.052067,0.003978,0.001297,0.000001
4997,24,0x329EDCFA670415B8,14,14,14,36,1,2763,172,9866,0.005944,0.001179,0.001041,0.000001
4998,34,0x029F514C637ED8BA,19,19,19,51,1,101391,1518,14986,0.706094,0.010184,0.001564,0.000001
4999,22,0xFC59321E4AD7B806,13,13,13,45,1,1467,75,9171,0.004111,0.000791,0.001566,0.000001
