case_index,total_cases,dim,case_name,depth,max_depth,expanded,layer_candidates,retained,best_total_dist,best_misplaced,best_max_dist,elapsed_sec
1,1,10,"q10_case2",1,10240,5120,5120,512,4606,1021,9,0.254967
1,1,10,"q10_case2",2,10240,2626048,2620928,512,4604,1020,9,0.288209
1,1,10,"q10_case2",3,10240,5246484,2620436,512,4602,1019,9,0.319582
1,1,10,"q10_case2",4,10240,7866973,2620489,512,4600,1018,9,0.349896
1,1,10,"q10_case2",5,10240,10487040,2620067,512,4598,1017,9,0.380674
1,1,10,"q10_case2",6,10240,13106871,2619831,512,4596,1016,9,0.409949
1,1,10,"q10_case2",7,10240,15726664,2619793,512,4594,1015,9,0.440658
1,1,10,"q10_case2",8,10240,18346360,2619696,512,4592,1014,9,0.473751
1,1,10,"q10_case2",9,10240,20965981,2619621,512,4590,1013,9,0.504780
1,1,10,"q10_case2",10,10240,23585704,2619723,512,4588,1012,9,0.535220
1,1,10,"q10_case2",11,10240,26205560,2619856,512,4586,1011,9,0.565287
1,1,10,"q10_case2",12,10240,28825566,2620006,512,4584,1010,9,0.595626
1,1,10,"q10_case2",13,10240,31445874,2620308,512,4582,1010,9,0.626701
1,1,10,"q10_case2",14,10240,34066513,2620639,512,4580,1009,9,0.657787
1,1,10,"q10_case2",15,10240,36686933,2620420,512,4578,1009,9,0.688250
1,1,10,"q10_case2",16,10240,39307824,2620891,512,4576,1008,9,0.718298
1,1,10,"q10_case2",17,10240,41928256,2620432,512,4574,1008,9,0.750079
1,1,10,"q10_case2",18,10240,44549149,2620893,512,4572,1008,9,0.780714
1,1,10,"q10_case2",19,10240,47169589,2620440,512,4570,1008,9,0.818705
1,1,10,"q10_case2",20,10240,49790046,2620457,512,4568,1008,9,0.850364
1,1,10,"q10_case2",21,10240,52410704,2620658,512,4566,1008,9,0.885557
1,1,10,"q10_case2",22,10240,55031314,2620610,512,4564,1008,9,0.916250
1,1,10,"q10_case2",23,10240,57651926,2620612,512,4562,1007,9,0.947050
1,1,10,"q10_case2",24,10240,60272448,2620522,512,4560,1007,9,0.979133
1,1,10,"q10_case2",25,10240,62893367,2620919,512,4558,1006,9,1.009517
1,1,10,"q10_case2",26,10240,65513790,2620423,512,4556,1006,9,1.039695
1,1,10,"q10_case2",27,10240,68134680,2620890,512,4554,1005,9,1.073038
1,1,10,"q10_case2",28,10240,70755113,2620433,512,4552,1005,9,1.103275
1,1,10,"q10_case2",29,10240,73376004,2620891,512,4550,1005,9,1.134152
1,1,10,"q10_case2",30,10240,75996440,2620436,512,4548,1005,9,1.164920
1,1,10,"q10_case2",31,10240,78616940,2620500,512,4546,1005,9,1.195885
1,1,10,"q10_case2",32,10240,81237470,2620530,512,4544,1005,9,1.226404
1,1,10,"q10_case2",33,10240,83858143,2620673,512,4542,1004,9,1.260209
1,1,10,"q10_case2",34,10240,86478672,2620529,512,4540,1004,9,1.289102
1,1,10,"q10_case2",35,10240,89099595,2620923,512,4538,1003,9,1.319160
1,1,10,"q10_case2",36,10240,91720018,2620423,512,4536,1003,9,1.349903
1,1,10,"q10_case2",37,10240,94340902,2620884,512,4534,1002,9,1.380993
1,1,10,"q10_case2",38,10240,96961330,2620428,512,4532,1002,9,1.410748
1,1,10,"q10_case2",39,10240,99582221,2620891,512,4530,1001,9,1.440481
1,1,10,"q10_case2",40,10240,102202649,2620428,512,4528,1001,9,1.469524
1,1,10,"q10_case2",41,10240,104823544,2620895,512,4526,1000,9,1.498793
1,1,10,"q10_case2",42,10240,107443969,2620425,512,4524,1000,9,1.527730
1,1,10,"q10_case2",43,10240,110064854,2620885,512,4522,999,9,1.557076
1,1,10,"q10_case2",44,10240,112685273,2620419,512,4520,999,9,1.587286
1,1,10,"q10_case2",45,10240,115306156,2620883,512,4518,999,9,1.618590
1,1,10,"q10_case2",46,10240,117926577,2620421,512,4516,998,9,1.649768
1,1,10,"q10_case2",47,10240,120546998,2620421,512,4514,998,9,1.681387
1,1,10,"q10_case2",48,10240,123167896,2620898,512,4512,997,9,1.712536
1,1,10,"q10_case2",49,10240,125788320,2620424,512,4510,997,9,1.744013
1,1,10,"q10_case2",50,10240,128408973,2620653,512,4508,996,9,1.775224
1,1,10,"q10_case2",51,10240,131029399,2620426,512,4506,996,9,1.814945
1,1,10,"q10_case2",52,10240,133650056,2620657,512,4504,995,9,1.847134
1,1,10,"q10_case2",53,10240,136270482,2620426,512,4502,995,9,1.877938
1,1,10,"q10_case2",54,10240,138891140,2620658,512,4500,994,9,1.908670
1,1,10,"q10_case2",55,10240,141511562,2620422,512,4498,994,9,1.941655
1,1,10,"q10_case2",56,10240,144132442,2620880,512,4496,994,9,1.973048
1,1,10,"q10_case2",57,10240,146752862,2620420,512,4494,994,9,2.010531
1,1,10,"q10_case2",58,10240,149373290,2620428,512,4492,994,9,2.041239
1,1,10,"q10_case2",59,10240,151994085,2620795,512,4490,994,9,2.072167
1,1,10,"q10_case2",60,10240,154614816,2620731,512,4488,994,9,2.103355
1,1,10,"q10_case2",61,10240,157235398,2620582,512,4486,994,9,2.132787
1,1,10,"q10_case2",62,10240,159856102,2620704,512,4484,993,9,2.161867
1,1,10,"q10_case2",63,10240,162476745,2620643,512,4482,993,9,2.241941
1,1,10,"q10_case2",64,10240,165097671,2620926,512,4480,993,9,2.271048
1,1,10,"q10_case2",65,10240,167718092,2620421,512,4478,993,9,2.306830
1,1,10,"q10_case2",66,10240,170338515,2620423,512,4476,993,9,2.337473
1,1,10,"q10_case2",67,10240,172959199,2620684,512,4474,991,9,2.367267
1,1,10,"q10_case2",68,10240,175579888,2620689,512,4472,991,9,2.399380
1,1,10,"q10_case2",69,10240,178200802,2620914,512,4470,990,9,2.429844
1,1,10,"q10_case2",70,10240,180821007,2620205,512,4468,990,9,2.459356
1,1,10,"q10_case2",71,10240,183441892,2620885,512,4466,990,9,2.489968
1,1,10,"q10_case2",72,10240,186062308,2620416,512,4464,990,9,2.520284
1,1,10,"q10_case2",73,10240,188682500,2620192,512,4462,990,9,2.550127
1,1,10,"q10_case2",74,10240,191302798,2620298,512,4460,989,9,2.580615
1,1,10,"q10_case2",75,10240,193923413,2620615,512,4458,988,9,2.612596
1,1,10,"q10_case2",76,10240,196544322,2620909,512,4456,988,9,2.643051
1,1,10,"q10_case2",77,10240,199164897,2620575,512,4454,987,9,2.674970
1,1,10,"q10_case2",78,10240,201785321,2620424,512,4452,987,9,2.705661
1,1,10,"q10_case2",79,10240,204406214,2620893,512,4450,986,9,2.736724
1,1,10,"q10_case2",80,10240,207026634,2620420,512,4448,986,9,2.769651
1,1,10,"q10_case2",81,10240,209647528,2620894,512,4446,986,9,2.802865
1,1,10,"q10_case2",82,10240,212267946,2620418,512,4444,986,9,2.837787
1,1,10,"q10_case2",83,10240,214888722,2620776,512,4442,986,9,2.869656
1,1,10,"q10_case2",84,10240,217509521,2620799,512,4440,986,9,2.900782
1,1,10,"q10_case2",85,10240,220130021,2620500,512,4438,985,9,2.931033
1,1,10,"q10_case2",86,10240,222750689,2620668,512,4436,985,9,2.960365
1,1,10,"q10_case2",87,10240,225371611,2620922,512,4434,985,9,2.989933
1,1,10,"q10_case2",88,10240,227992034,2620423,512,4432,984,9,3.019432
1,1,10,"q10_case2",89,10240,230612457,2620423,512,4430,983,9,3.048616
1,1,10,"q10_case2",90,10240,233233356,2620899,512,4428,983,9,3.077763
1,1,10,"q10_case2",91,10240,235853780,2620424,512,4426,983,9,3.107123
1,1,10,"q10_case2",92,10240,238474199,2620419,512,4424,983,9,3.136026
1,1,10,"q10_case2",93,10240,241094981,2620782,512,4422,982,9,3.164888
1,1,10,"q10_case2",94,10240,243715782,2620801,512,4420,982,9,3.193811
1,1,10,"q10_case2",95,10240,246336666,2620884,512,4418,982,9,3.224021
1,1,10,"q10_case2",96,10240,248957362,2620696,512,4416,982,9,3.254213
1,1,10,"q10_case2",97,10240,251578062,2620700,512,4414,982,9,3.283914
1,1,10,"q10_case2",98,10240,254198787,2620725,512,4412,982,9,3.312987
1,1,10,"q10_case2",99,10240,256819521,2620734,512,4410,982,9,3.343147
1,1,10,"q10_case2",100,10240,259440184,2620663,512,4408,982,9,3.372181
1,1,10,"q10_case2",101,10240,262060793,2620609,512,4406,982,9,3.404035
1,1,10,"q10_case2",102,10240,264681382,2620589,512,4404,981,9,3.434161
1,1,10,"q10_case2",103,10240,267301994,2620612,512,4402,981,9,3.466394
1,1,10,"q10_case2",104,10240,269922917,2620923,512,4400,980,9,3.497014
1,1,10,"q10_case2",105,10240,272543336,2620419,512,4398,980,9,3.527759
1,1,10,"q10_case2",106,10240,275164221,2620885,512,4396,980,9,3.558840
1,1,10,"q10_case2",107,10240,277784640,2620419,512,4394,980,9,3.591376
1,1,10,"q10_case2",108,10240,280405414,2620774,512,4392,980,9,3.624719
1,1,10,"q10_case2",109,10240,283026149,2620735,512,4390,980,9,3.657759
1,1,10,"q10_case2",110,10240,285646898,2620749,512,4388,980,9,3.689361
1,1,10,"q10_case2",111,10240,288267649,2620751,512,4386,980,9,3.721692
1,1,10,"q10_case2",112,10240,290888362,2620713,512,4384,980,9,3.751656
1,1,10,"q10_case2",113,10240,293509075,2620713,512,4382,979,9,3.782478
1,1,10,"q10_case2",114,10240,296129683,2620608,512,4380,979,9,3.819220
1,1,10,"q10_case2",115,10240,298750611,2620928,512,4378,979,9,3.850245
1,1,10,"q10_case2",116,10240,301371033,2620422,512,4376,979,9,3.879854
1,1,10,"q10_case2",117,10240,303991802,2620769,512,4374,978,9,3.909331
1,1,10,"q10_case2",118,10240,306612525,2620723,512,4372,978,9,3.938260
1,1,10,"q10_case2",119,10240,309233435,2620910,512,4370,977,9,3.967561
1,1,10,"q10_case2",120,10240,311853863,2620428,512,4368,977,9,3.997256
1,1,10,"q10_case2",121,10240,314474747,2620884,512,4366,977,9,4.026841
1,1,10,"q10_case2",122,10240,317095168,2620421,512,4364,977,9,4.061967
1,1,10,"q10_case2",123,10240,319715945,2620777,512,4362,977,9,4.091411
1,1,10,"q10_case2",124,10240,322336663,2620718,512,4360,977,9,4.121374
1,1,10,"q10_case2",125,10240,324957334,2620671,512,4358,977,9,4.150758
1,1,10,"q10_case2",126,10240,327578020,2620686,512,4356,977,9,4.179795
1,1,10,"q10_case2",127,10240,330198627,2620607,512,4354,977,9,4.209049
1,1,10,"q10_case2",128,10240,332819118,2620491,512,4352,976,9,4.238084
1,1,10,"q10_case2",129,10240,335439490,2620372,512,4350,976,9,4.281400
1,1,10,"q10_case2",130,10240,338060413,2620923,512,4348,976,9,4.311867
1,1,10,"q10_case2",131,10240,340680834,2620421,512,4346,976,9,4.342901
1,1,10,"q10_case2",132,10240,343301223,2620389,512,4344,976,9,4.373835
1,1,10,"q10_case2",133,10240,345921589,2620366,512,4342,976,9,4.404432
1,1,10,"q10_case2",134,10240,348542203,2620614,512,4340,975,9,4.435621
1,1,10,"q10_case2",135,10240,351162904,2620701,512,4338,975,9,4.466871
1,1,10,"q10_case2",136,10240,353783825,2620921,512,4336,974,9,4.497009
1,1,10,"q10_case2",137,10240,356404243,2620418,512,4334,974,9,4.528335
1,1,10,"q10_case2",138,10240,359025122,2620879,512,4332,974,9,4.558162
1,1,10,"q10_case2",139,10240,361645540,2620418,512,4330,974,9,4.589120
1,1,10,"q10_case2",140,10240,364266322,2620782,512,4328,974,9,4.619713
1,1,10,"q10_case2",141,10240,366887060,2620738,512,4326,974,9,4.649676
1,1,10,"q10_case2",142,10240,369507761,2620701,512,4324,973,9,4.681827
1,1,10,"q10_case2",143,10240,372128431,2620670,512,4322,973,9,4.711906
1,1,10,"q10_case2",144,10240,374749358,2620927,512,4320,973,9,4.740932
1,1,10,"q10_case2",145,10240,377369778,2620420,512,4318,973,9,4.771045
1,1,10,"q10_case2",146,10240,379990301,2620523,512,4316,973,9,4.800920
1,1,10,"q10_case2",147,10240,382610850,2620549,512,4314,972,9,4.832376
1,1,10,"q10_case2",148,10240,385231287,2620437,512,4312,972,9,4.862027
1,1,10,"q10_case2",149,10240,387852197,2620910,512,4310,972,9,4.891567
1,1,10,"q10_case2",150,10240,390472618,2620421,512,4308,972,9,4.921096
1,1,10,"q10_case2",151,10240,393093392,2620774,512,4306,972,9,4.950893
1,1,10,"q10_case2",152,10240,395713895,2620503,512,4304,972,9,4.996081
1,1,10,"q10_case2",153,10240,398334457,2620562,512,4302,971,9,5.025555
1,1,10,"q10_case2",154,10240,400955070,2620613,512,4300,971,9,5.055060
1,1,10,"q10_case2",155,10240,403575997,2620927,512,4298,971,9,5.084585
1,1,10,"q10_case2",156,10240,406196416,2620419,512,4296,971,9,5.113642
1,1,10,"q10_case2",157,10240,408817203,2620787,512,4294,971,9,5.142889
1,1,10,"q10_case2",158,10240,411437686,2620483,512,4292,971,9,5.172474
1,1,10,"q10_case2",159,10240,414058352,2620666,512,4290,970,9,5.202706
1,1,10,"q10_case2",160,10240,416679067,2620715,512,4288,970,9,5.233127
1,1,10,"q10_case2",161,10240,419299993,2620926,512,4286,970,9,5.264262
1,1,10,"q10_case2",162,10240,421920412,2620419,512,4284,970,9,5.294287
1,1,10,"q10_case2",163,10240,424541185,2620773,512,4282,970,9,5.326952
1,1,10,"q10_case2",164,10240,427161924,2620739,512,4280,970,9,5.358742
1,1,10,"q10_case2",165,10240,429782664,2620740,512,4278,970,9,5.391139
1,1,10,"q10_case2",166,10240,432403409,2620745,512,4276,969,9,5.423259
1,1,10,"q10_case2",167,10240,435024175,2620766,512,4274,969,9,5.456072
1,1,10,"q10_case2",168,10240,437645100,2620925,512,4272,968,9,5.487903
1,1,10,"q10_case2",169,10240,440265523,2620423,512,4270,968,9,5.517983
1,1,10,"q10_case2",170,10240,442886413,2620890,512,4268,967,9,5.548180
1,1,10,"q10_case2",171,10240,445506842,2620429,512,4266,966,9,5.579487
1,1,10,"q10_case2",172,10240,448127730,2620888,512,4264,966,9,5.608738
1,1,10,"q10_case2",173,10240,450748381,2620651,512,4262,966,9,5.638553
1,1,10,"q10_case2",174,10240,453368802,2620421,512,4260,966,9,5.668102
1,1,10,"q10_case2",175,10240,455989233,2620431,512,4258,965,9,5.697583
1,1,10,"q10_case2",176,10240,458609680,2620447,512,4256,965,9,5.726809
1,1,10,"q10_case2",177,10240,461230584,2620904,512,4254,965,9,5.756235
1,1,10,"q10_case2",178,10240,463851011,2620427,512,4252,963,9,5.809666
1,1,10,"q10_case2",179,10240,466471448,2620437,512,4250,963,9,5.841222
1,1,10,"q10_case2",180,10240,469092338,2620890,512,4248,963,9,5.870077
1,1,10,"q10_case2",181,10240,471712764,2620426,512,4246,963,9,5.899388
1,1,10,"q10_case2",182,10240,474333196,2620432,512,4244,963,9,5.928439
1,1,10,"q10_case2",183,10240,476953983,2620787,512,4242,962,9,5.957558
1,1,10,"q10_case2",184,10240,479574495,2620512,512,4240,962,9,5.987111
1,1,10,"q10_case2",185,10240,482195415,2620920,512,4238,961,9,6.016977
1,1,10,"q10_case2",186,10240,484815843,2620428,512,4236,961,9,6.047378
1,1,10,"q10_case2",187,10240,487436730,2620887,512,4234,961,9,6.077667
1,1,10,"q10_case2",188,10240,490057156,2620426,512,4232,960,9,6.107451
1,1,10,"q10_case2",189,10240,492677649,2620493,512,4230,960,9,6.137778
1,1,10,"q10_case2",190,10240,495298563,2620914,512,4228,959,9,6.168107
1,1,10,"q10_case2",191,10240,497918982,2620419,512,4226,959,9,6.199805
1,1,10,"q10_case2",192,10240,500539868,2620886,512,4224,958,9,6.230214
1,1,10,"q10_case2",193,10240,503160287,2620419,512,4222,958,9,6.262336
1,1,10,"q10_case2",194,10240,505781169,2620882,512,4220,957,9,6.293613
1,1,10,"q10_case2",195,10240,508401585,2620416,512,4218,957,9,6.325832
1,1,10,"q10_case2",196,10240,511022467,2620882,512,4216,957,9,6.356629
1,1,10,"q10_case2",197,10240,513642884,2620417,512,4214,957,9,6.387023
1,1,10,"q10_case2",198,10240,516263304,2620420,512,4212,957,9,6.418897
1,1,10,"q10_case2",199,10240,518883738,2620434,512,4210,957,9,6.450067
1,1,10,"q10_case2",200,10240,521504306,2620568,512,4208,956,9,6.483566
1,1,10,"q10_case2",201,10240,524124899,2620593,512,4206,956,9,6.514310
1,1,10,"q10_case2",202,10240,526745801,2620902,512,4204,955,9,6.544423
1,1,10,"q10_case2",203,10240,529365759,2619958,512,4202,954,9,6.574482
1,1,10,"q10_case2",204,10240,531986646,2620887,512,4200,954,9,6.603577
1,1,10,"q10_case2",205,10240,534607066,2620420,512,4198,954,9,6.633636
1,1,10,"q10_case2",206,10240,537227481,2620415,512,4196,954,9,6.662888
1,1,10,"q10_case2",207,10240,539847900,2620419,512,4194,953,9,6.693760
1,1,10,"q10_case2",208,10240,542468421,2620521,512,4192,953,9,6.731863
1,1,10,"q10_case2",209,10240,545089325,2620904,512,4190,952,9,6.764968
1,1,10,"q10_case2",210,10240,547709460,2620135,512,4188,952,9,6.797616
1,1,10,"q10_case2",211,10240,550330348,2620888,512,4186,952,9,6.833084
1,1,10,"q10_case2",212,10240,552950764,2620416,512,4184,952,9,6.866154
1,1,10,"q10_case2",213,10240,555571174,2620410,512,4182,952,9,6.899341
1,1,10,"q10_case2",214,10240,558191880,2620706,512,4180,952,9,6.928214
1,1,10,"q10_case2",215,10240,560812610,2620730,512,4178,952,9,6.959212
1,1,10,"q10_case2",216,10240,563433269,2620659,512,4176,952,9,6.989601
1,1,10,"q10_case2",217,10240,566053762,2620493,512,4174,952,9,7.021008
1,1,10,"q10_case2",218,10240,568674319,2620557,512,4172,952,9,7.052024
1,1,10,"q10_case2",219,10240,571294822,2620503,512,4170,951,9,7.085086
1,1,10,"q10_case2",220,10240,573915289,2620467,512,4168,951,9,7.118524
1,1,10,"q10_case2",221,10240,576536211,2620922,512,4166,950,9,7.153058
1,1,10,"q10_case2",222,10240,579156642,2620431,512,4164,950,9,7.188767
1,1,10,"q10_case2",223,10240,581777528,2620886,512,4162,950,9,7.258195
1,1,10,"q10_case2",224,10240,584397948,2620420,512,4160,950,9,7.293527
1,1,10,"q10_case2",225,10240,587018327,2620379,512,4158,950,9,7.327729
1,1,10,"q10_case2",226,10240,589638865,2620538,512,4156,950,9,7.360849
1,1,10,"q10_case2",227,10240,592259487,2620622,512,4154,950,9,7.394197
1,1,10,"q10_case2",228,10240,594880068,2620581,512,4152,950,9,7.427516
1,1,10,"q10_case2",229,10240,597500562,2620494,512,4150,950,9,7.460575
1,1,10,"q10_case2",230,10240,600121052,2620490,512,4148,950,9,7.493846
1,1,10,"q10_case2",231,10240,602741566,2620514,512,4146,950,9,7.524277
1,1,10,"q10_case2",232,10240,605362090,2620524,512,4144,950,9,7.553315
1,1,10,"q10_case2",233,10240,607982562,2620472,512,4142,949,9,7.582447
1,1,10,"q10_case2",234,10240,610602968,2620406,512,4140,949,9,7.611386
1,1,10,"q10_case2",235,10240,613223876,2620908,512,4138,948,9,7.640721
1,1,10,"q10_case2",236,10240,615844317,2620441,512,4136,948,9,7.669593
1,1,10,"q10_case2",237,10240,618465206,2620889,512,4134,948,9,7.700198
1,1,10,"q10_case2",238,10240,621085629,2620423,512,4132,948,9,7.730770
1,1,10,"q10_case2",239,10240,623706098,2620469,512,4130,948,9,7.766243
1,1,10,"q10_case2",240,10240,626326721,2620623,512,4128,947,9,7.798082
1,1,10,"q10_case2",241,10240,628947300,2620579,512,4126,947,9,7.831662
1,1,10,"q10_case2",242,10240,631568213,2620913,512,4124,947,9,7.863478
1,1,10,"q10_case2",243,10240,634188646,2620433,512,4122,947,9,7.896466
1,1,10,"q10_case2",244,10240,636809027,2620381,512,4120,946,9,7.931146
1,1,10,"q10_case2",245,10240,639429462,2620435,512,4118,946,9,7.965302
1,1,10,"q10_case2",246,10240,642050376,2620914,512,4116,946,9,7.998695
1,1,10,"q10_case2",247,10240,644670807,2620431,512,4114,946,9,8.033414
1,1,10,"q10_case2",248,10240,647291303,2620496,512,4112,946,9,8.067515
1,1,10,"q10_case2",249,10240,649911835,2620532,512,4110,945,9,8.102135
1,1,10,"q10_case2",250,10240,652532289,2620454,512,4108,945,9,8.134123
1,1,10,"q10_case2",251,10240,655153208,2620919,512,4106,945,9,8.165950
1,1,10,"q10_case2",252,10240,657773520,2620312,512,4104,944,9,8.196607
1,1,10,"q10_case2",253,10240,660393853,2620333,512,4102,944,9,8.228637
1,1,10,"q10_case2",254,10240,663014763,2620910,512,4100,944,9,8.259991
1,1,10,"q10_case2",255,10240,665635196,2620433,512,4098,944,9,8.291846
1,1,10,"q10_case2",256,10240,668255639,2620443,512,4096,943,9,8.324883
1,1,10,"q10_case2",257,10240,670876102,2620463,512,4094,943,9,8.383786
1,1,10,"q10_case2",258,10240,673497010,2620908,512,4092,943,9,8.416595
1,1,10,"q10_case2",259,10240,676117435,2620425,512,4090,943,9,8.448203
1,1,10,"q10_case2",260,10240,678737814,2620379,512,4088,943,9,8.480314
1,1,10,"q10_case2",261,10240,681358531,2620717,512,4086,943,9,8.511404
1,1,10,"q10_case2",262,10240,683979183,2620652,512,4084,942,9,8.541929
1,1,10,"q10_case2",263,10240,686599901,2620718,512,4082,942,9,8.572372
1,1,10,"q10_case2",264,10240,689220363,2620462,512,4080,942,9,8.603089
1,1,10,"q10_case2",265,10240,691840808,2620445,512,4078,941,9,8.633031
1,1,10,"q10_case2",266,10240,694461295,2620487,512,4076,941,9,8.663732
1,1,10,"q10_case2",267,10240,697082218,2620923,512,4074,941,9,8.694605
1,1,10,"q10_case2",268,10240,699702638,2620420,512,4072,941,9,8.726586
1,1,10,"q10_case2",269,10240,702323064,2620426,512,4070,941,9,8.759155
1,1,10,"q10_case2",270,10240,704943485,2620421,512,4068,940,9,8.791855
1,1,10,"q10_case2",271,10240,707563943,2620458,512,4066,940,9,8.824831
1,1,10,"q10_case2",272,10240,710184857,2620914,512,4064,939,9,8.856283
1,1,10,"q10_case2",273,10240,712805285,2620428,512,4062,939,9,8.887729
1,1,10,"q10_case2",274,10240,715426164,2620879,512,4060,939,8,8.919847
1,1,10,"q10_case2",275,10240,718046590,2620426,512,4058,939,8,8.952876
1,1,10,"q10_case2",276,10240,720667480,2620890,512,4056,938,8,8.983842
1,1,10,"q10_case2",277,10240,723287925,2620445,512,4054,938,8,9.015595
1,1,10,"q10_case2",278,10240,725908812,2620887,512,4052,938,8,9.046976
1,1,10,"q10_case2",279,10240,728529235,2620423,512,4050,938,8,9.078679
1,1,10,"q10_case2",280,10240,731149657,2620422,512,4048,938,8,9.131288
1,1,10,"q10_case2",281,10240,733770090,2620433,512,4046,938,8,9.163386
1,1,10,"q10_case2",282,10240,736390542,2620452,512,4044,938,8,9.194593
1,1,10,"q10_case2",283,10240,739011002,2620460,512,4042,937,8,9.225326
1,1,10,"q10_case2",284,10240,741631639,2620637,512,4040,937,8,9.255468
1,1,10,"q10_case2",285,10240,744252563,2620924,512,4038,936,8,9.285104
1,1,10,"q10_case2",286,10240,746872984,2620421,512,4036,936,8,9.331481
1,1,10,"q10_case2",287,10240,749493865,2620881,512,4034,935,8,9.364791
1,1,10,"q10_case2",288,10240,752114283,2620418,512,4032,935,8,9.397753
1,1,10,"q10_case2",289,10240,754735164,2620881,512,4030,935,8,9.429186
1,1,10,"q10_case2",290,10240,757355581,2620417,512,4028,935,8,9.462127
1,1,10,"q10_case2",291,10240,759975994,2620413,512,4026,935,8,9.493915
1,1,10,"q10_case2",292,10240,762596499,2620505,512,4024,935,8,9.526559
1,1,10,"q10_case2",293,10240,765217091,2620592,512,4022,935,8,9.557826
1,1,10,"q10_case2",294,10240,767837637,2620546,512,4020,934,8,9.587731
1,1,10,"q10_case2",295,10240,770458095,2620458,512,4018,934,8,9.617885
1,1,10,"q10_case2",296,10240,773079014,2620919,512,4016,933,8,9.648856
1,1,10,"q10_case2",297,10240,775699301,2620287,512,4014,933,8,9.680137
1,1,10,"q10_case2",298,10240,778320186,2620885,512,4012,932,8,9.712590
1,1,10,"q10_case2",299,10240,780940608,2620422,512,4010,932,8,9.745259
1,1,10,"q10_case2",300,10240,783561488,2620880,512,4008,932,8,9.776816
1,1,10,"q10_case2",301,10240,786181910,2620422,512,4006,932,8,9.812520
1,1,10,"q10_case2",302,10240,788802334,2620424,512,4004,932,8,9.845321
1,1,10,"q10_case2",303,10240,791422764,2620430,512,4002,932,8,9.876935
1,1,10,"q10_case2",304,10240,794043526,2620762,512,4000,931,8,9.908768
1,1,10,"q10_case2",305,10240,796664172,2620646,512,3998,931,8,9.941726
1,1,10,"q10_case2",306,10240,799285089,2620917,512,3996,931,8,9.974141
1,1,10,"q10_case2",307,10240,801905553,2620464,512,3994,930,8,10.006248
1,1,10,"q10_case2",308,10240,804525967,2620414,512,3992,930,8,10.038201
1,1,10,"q10_case2",309,10240,807146862,2620895,512,3990,929,8,10.070048
1,1,10,"q10_case2",310,10240,809767072,2620210,512,3988,929,8,10.102234
1,1,10,"q10_case2",311,10240,812387958,2620886,512,3986,929,8,10.135297
1,1,10,"q10_case2",312,10240,815008380,2620422,512,3984,929,8,10.167467
1,1,10,"q10_case2",313,10240,817628804,2620424,512,3982,929,8,10.200141
1,1,10,"q10_case2",314,10240,820249224,2620420,512,3980,928,8,10.236291
1,1,10,"q10_case2",315,10240,822869916,2620692,512,3978,928,8,10.268465
1,1,10,"q10_case2",316,10240,825490827,2620911,512,3976,928,8,10.300477
1,1,10,"q10_case2",317,10240,828111248,2620421,512,3974,928,8,10.332361
1,1,10,"q10_case2",318,10240,830731669,2620421,512,3972,928,8,10.363003
1,1,10,"q10_case2",319,10240,833352040,2620371,512,3970,928,8,10.393393
1,1,10,"q10_case2",320,10240,835972752,2620712,512,3968,927,8,10.423266
1,1,10,"q10_case2",321,10240,838593471,2620719,512,3966,926,8,10.453831
1,1,10,"q10_case2",322,10240,841214172,2620701,512,3964,926,8,10.484618
1,1,10,"q10_case2",323,10240,843834874,2620702,512,3962,926,8,10.516546
1,1,10,"q10_case2",324,10240,846455583,2620709,512,3960,926,8,10.547854
1,1,10,"q10_case2",325,10240,849076097,2620514,512,3958,926,8,10.579687
1,1,10,"q10_case2",326,10240,851696547,2620450,512,3956,926,8,10.611412
1,1,10,"q10_case2",327,10240,854317045,2620498,512,3954,925,8,10.643721
1,1,10,"q10_case2",328,10240,856937508,2620463,512,3952,925,8,10.674904
1,1,10,"q10_case2",329,10240,859558413,2620905,512,3950,924,8,10.707171
1,1,10,"q10_case2",330,10240,862178766,2620353,512,3948,924,8,10.738797
1,1,10,"q10_case2",331,10240,864799657,2620891,512,3946,923,8,10.770660
1,1,10,"q10_case2",332,10240,867420078,2620421,512,3944,923,8,10.802344
1,1,10,"q10_case2",333,10240,870040960,2620882,512,3942,923,8,10.835345
1,1,10,"q10_case2",334,10240,872661380,2620420,512,3940,923,8,10.866294
1,1,10,"q10_case2",335,10240,875281801,2620421,512,3938,923,8,10.897277
1,1,10,"q10_case2",336,10240,877902224,2620423,512,3936,923,8,10.930486
1,1,10,"q10_case2",337,10240,880522932,2620708,512,3934,923,8,10.964251
1,1,10,"q10_case2",338,10240,883143547,2620615,512,3932,923,8,10.997068
1,1,10,"q10_case2",339,10240,885764068,2620521,512,3930,923,8,11.029175
1,1,10,"q10_case2",340,10240,888384518,2620450,512,3928,923,8,11.062288
1,1,10,"q10_case2",341,10240,891004953,2620435,512,3926,923,8,11.095392
1,1,10,"q10_case2",342,10240,893625384,2620431,512,3924,923,8,11.126248
1,1,10,"q10_case2",343,10240,896245821,2620437,512,3922,923,8,11.167213
1,1,10,"q10_case2",344,10240,898866250,2620429,512,3920,923,8,11.198137
1,1,10,"q10_case2",345,10240,901486655,2620405,512,3918,923,8,11.228456
1,1,10,"q10_case2",346,10240,904107023,2620368,512,3916,922,8,11.261446
1,1,10,"q10_case2",347,10240,906727286,2620263,512,3914,922,8,11.292249
1,1,10,"q10_case2",348,10240,909348209,2620923,512,3912,921,8,11.324415
1,1,10,"q10_case2",349,10240,911968636,2620427,512,3910,921,8,11.357483
1,1,10,"q10_case2",350,10240,914589517,2620881,512,3908,920,8,11.390207
1,1,10,"q10_case2",351,10240,917209942,2620425,512,3906,920,8,11.423688
1,1,10,"q10_case2",352,10240,919830825,2620883,512,3904,919,8,11.457173
1,1,10,"q10_case2",353,10240,922451244,2620419,512,3902,919,8,11.492495
1,1,10,"q10_case2",354,10240,925072124,2620880,512,3900,918,8,11.524658
1,1,10,"q10_case2",355,10240,927692542,2620418,512,3898,918,8,11.556237
1,1,10,"q10_case2",356,10240,930313424,2620882,512,3896,918,8,11.588799
1,1,10,"q10_case2",357,10240,932933841,2620417,512,3894,918,8,11.620242
1,1,10,"q10_case2",358,10240,935554614,2620773,512,3892,918,8,11.651574
1,1,10,"q10_case2",359,10240,938175040,2620426,512,3890,918,8,11.684071
1,1,10,"q10_case2",360,10240,940795554,2620514,512,3888,918,8,11.715640
1,1,10,"q10_case2",361,10240,943416020,2620466,512,3886,918,8,11.746712
1,1,10,"q10_case2",362,10240,946036557,2620537,512,3884,918,8,11.781668
1,1,10,"q10_case2",363,10240,948657065,2620508,512,3882,918,8,11.816817
1,1,10,"q10_case2",364,10240,951277611,2620546,512,3880,918,8,11.849046
1,1,10,"q10_case2",365,10240,953898174,2620563,512,3878,917,8,11.880896
1,1,10,"q10_case2",366,10240,956518615,2620441,512,3876,917,8,11.912558
1,1,10,"q10_case2",367,10240,959139542,2620927,512,3874,916,8,11.946367
1,1,10,"q10_case2",368,10240,961759964,2620422,512,3872,916,8,11.980912
1,1,10,"q10_case2",369,10240,964380843,2620879,512,3870,916,8,12.013896
1,1,10,"q10_case2",370,10240,967001261,2620418,512,3868,916,8,12.046406
1,1,10,"q10_case2",371,10240,969621676,2620415,512,3866,916,8,12.078830
1,1,10,"q10_case2",372,10240,972242189,2620513,512,3864,916,8,12.109449
1,1,10,"q10_case2",373,10240,974862770,2620581,512,3862,915,8,12.139845
1,1,10,"q10_case2",374,10240,977483226,2620456,512,3860,915,8,12.170317
1,1,10,"q10_case2",375,10240,980104141,2620915,512,3858,914,8,12.200693
1,1,10,"q10_case2",376,10240,982724568,2620427,512,3856,914,8,12.231422
1,1,10,"q10_case2",377,10240,985345453,2620885,512,3854,913,8,12.262035
1,1,10,"q10_case2",378,10240,987965878,2620425,512,3852,912,8,12.292942
1,1,10,"q10_case2",379,10240,990586760,2620882,512,3850,912,8,12.324738
1,1,10,"q10_case2",380,10240,993207484,2620724,512,3848,911,8,12.356243
1,1,10,"q10_case2",381,10240,995827909,2620425,512,3846,911,8,12.387898
1,1,10,"q10_case2",382,10240,998448786,2620877,512,3844,910,8,12.420464
1,1,10,"q10_case2",383,10240,1001069221,2620435,512,3842,909,8,12.451941
1,1,10,"q10_case2",384,10240,1003690113,2620892,512,3840,909,8,12.483295
1,1,10,"q10_case2",385,10240,1006310754,2620641,512,3838,908,8,12.524819
1,1,10,"q10_case2",386,10240,1008931176,2620422,512,3836,908,8,12.557140
1,1,10,"q10_case2",387,10240,1011552062,2620886,512,3834,908,8,12.588942
1,1,10,"q10_case2",388,10240,1014172482,2620420,512,3832,908,8,12.621151
1,1,10,"q10_case2",389,10240,1016792903,2620421,512,3830,907,8,12.651747
1,1,10,"q10_case2",390,10240,1019413570,2620667,512,3828,907,8,12.682840
1,1,10,"q10_case2",391,10240,1022034487,2620917,512,3826,907,8,12.716534
1,1,10,"q10_case2",392,10240,1024654908,2620421,512,3824,907,8,12.749404
1,1,10,"q10_case2",393,10240,1027275687,2620779,512,3822,907,8,12.782292
1,1,10,"q10_case2",394,10240,1029896420,2620733,512,3820,907,8,12.819597
1,1,10,"q10_case2",395,10240,1032517075,2620655,512,3818,906,8,12.853438
1,1,10,"q10_case2",396,10240,1035137673,2620598,512,3816,906,8,12.885635
1,1,10,"q10_case2",397,10240,1037758594,2620921,512,3814,906,8,12.915881
1,1,10,"q10_case2",398,10240,1040379158,2620564,512,3812,905,8,12.945934
1,1,10,"q10_case2",399,10240,1042999551,2620393,512,3810,905,8,12.977053
1,1,10,"q10_case2",400,10240,1045620238,2620687,512,3808,905,8,13.007766
1,1,10,"q10_case2",401,10240,1048240684,2620446,512,3806,905,8,13.038103
1,1,10,"q10_case2",402,10240,1050861145,2620461,512,3804,905,8,13.068071
1,1,10,"q10_case2",403,10240,1053481608,2620463,512,3802,905,8,13.098223
1,1,10,"q10_case2",404,10240,1056102007,2620399,512,3800,905,8,13.129653
1,1,10,"q10_case2",405,10240,1058722419,2620412,512,3798,905,8,13.161554
1,1,10,"q10_case2",406,10240,1061342894,2620475,512,3796,905,8,13.192487
1,1,10,"q10_case2",407,10240,1063963429,2620535,512,3794,905,8,13.223933
1,1,10,"q10_case2",408,10240,1066583852,2620423,512,3792,905,8,13.256657
1,1,10,"q10_case2",409,10240,1069204158,2620306,512,3790,904,8,13.288881
1,1,10,"q10_case2",410,10240,1071824332,2620174,512,3788,904,8,13.321408
1,1,10,"q10_case2",411,10240,1074445250,2620918,512,3786,903,8,13.354776
1,1,10,"q10_case2",412,10240,1077065681,2620431,512,3784,903,8,13.389086
1,1,10,"q10_case2",413,10240,1079686568,2620887,512,3782,902,8,13.422379
1,1,10,"q10_case2",414,10240,1082307005,2620437,512,3780,902,8,13.455839
1,1,10,"q10_case2",415,10240,1084927889,2620884,512,3778,902,8,13.489262
1,1,10,"q10_case2",416,10240,1087548315,2620426,512,3776,902,8,13.520416
1,1,10,"q10_case2",417,10240,1090168734,2620419,512,3774,901,8,13.551235
1,1,10,"q10_case2",418,10240,1092789151,2620417,512,3772,901,8,13.582020
1,1,10,"q10_case2",419,10240,1095410049,2620898,512,3770,901,8,13.612200
1,1,10,"q10_case2",420,10240,1098030475,2620426,512,3768,901,8,13.642342
1,1,10,"q10_case2",421,10240,1100650905,2620430,512,3766,901,8,13.672190
1,1,10,"q10_case2",422,10240,1103271331,2620426,512,3764,901,8,13.703010
1,1,10,"q10_case2",423,10240,1105891779,2620448,512,3762,901,8,13.733266
1,1,10,"q10_case2",424,10240,1108512217,2620438,512,3760,900,8,13.764044
1,1,10,"q10_case2",425,10240,1111132654,2620437,512,3758,900,8,13.794621
1,1,10,"q10_case2",426,10240,1113753556,2620902,512,3756,899,8,13.825502
1,1,10,"q10_case2",427,10240,1116373976,2620420,512,3754,899,8,13.859407
1,1,10,"q10_case2",428,10240,1118994861,2620885,512,3752,899,8,13.889849
1,1,10,"q10_case2",429,10240,1121615277,2620416,512,3750,899,8,13.921748
1,1,10,"q10_case2",430,10240,1124235702,2620425,512,3748,899,8,13.954027
1,1,10,"q10_case2",431,10240,1126856119,2620417,512,3746,899,8,13.987028
1,1,10,"q10_case2",432,10240,1129476702,2620583,512,3744,898,8,14.020384
1,1,10,"q10_case2",433,10240,1132097317,2620615,512,3742,898,8,14.053735
1,1,10,"q10_case2",434,10240,1134718243,2620926,512,3740,896,8,14.087360
1,1,10,"q10_case2",435,10240,1137338668,2620425,512,3738,896,8,14.118922
1,1,10,"q10_case2",436,10240,1139959551,2620883,512,3736,896,8,14.150842
1,1,10,"q10_case2",437,10240,1142579971,2620420,512,3734,896,8,14.182844
1,1,10,"q10_case2",438,10240,1145200740,2620769,512,3732,896,8,14.222193
1,1,10,"q10_case2",439,10240,1147821444,2620704,512,3730,895,8,14.253714
1,1,10,"q10_case2",440,10240,1150442132,2620688,512,3728,895,8,14.285327
1,1,10,"q10_case2",441,10240,1153062733,2620601,512,3726,895,8,14.317126
1,1,10,"q10_case2",442,10240,1155683147,2620414,512,3724,895,8,14.350745
1,1,10,"q10_case2",443,10240,1158303589,2620442,512,3722,894,8,14.383336
1,1,10,"q10_case2",444,10240,1160924209,2620620,512,3720,894,8,14.416760
1,1,10,"q10_case2",445,10240,1163545128,2620919,512,3718,893,8,14.449697
1,1,10,"q10_case2",446,10240,1166165576,2620448,512,3716,893,8,14.482687
1,1,10,"q10_case2",447,10240,1168786465,2620889,512,3714,892,8,14.512851
1,1,10,"q10_case2",448,10240,1171406895,2620430,512,3712,891,8,14.542976
1,1,10,"q10_case2",449,10240,1174027782,2620887,512,3710,891,8,14.577716
1,1,10,"q10_case2",450,10240,1176648506,2620724,512,3708,890,8,14.607938
1,1,10,"q10_case2",451,10240,1179268931,2620425,512,3706,890,8,14.638138
1,1,10,"q10_case2",452,10240,1181889815,2620884,512,3704,889,8,14.668180
1,1,10,"q10_case2",453,10240,1184510242,2620427,512,3702,889,8,14.699202
1,1,10,"q10_case2",454,10240,1187131119,2620877,512,3700,889,8,14.729311
1,1,10,"q10_case2",455,10240,1189751545,2620426,512,3698,888,8,14.759453
1,1,10,"q10_case2",456,10240,1192372324,2620779,512,3696,888,8,14.799541
1,1,10,"q10_case2",457,10240,1194993219,2620895,512,3694,888,8,14.831402
1,1,10,"q10_case2",458,10240,1197613642,2620423,512,3692,888,8,14.862662
1,1,10,"q10_case2",459,10240,1200234063,2620421,512,3690,887,8,14.915613
1,1,10,"q10_case2",460,10240,1202854439,2620376,512,3688,887,8,14.948675
1,1,10,"q10_case2",461,10240,1205474985,2620546,512,3686,886,8,14.982085
1,1,10,"q10_case2",462,10240,1208095376,2620391,512,3684,886,8,15.015426
1,1,10,"q10_case2",463,10240,1210716267,2620891,512,3682,886,8,15.048984
1,1,10,"q10_case2",464,10240,1213336692,2620425,512,3680,886,8,15.083007
1,1,10,"q10_case2",465,10240,1215957118,2620426,512,3678,886,8,15.115342
1,1,10,"q10_case2",466,10240,1218577543,2620425,512,3676,886,8,15.146379
1,1,10,"q10_case2",467,10240,1221198322,2620779,512,3674,886,8,15.177518
1,1,10,"q10_case2",468,10240,1223818788,2620466,512,3672,886,8,15.222228
1,1,10,"q10_case2",469,10240,1226439258,2620470,512,3670,886,8,15.253410
1,1,10,"q10_case2",470,10240,1229059815,2620557,512,3668,885,8,15.284490
1,1,10,"q10_case2",471,10240,1231680224,2620409,512,3666,885,8,15.325554
1,1,10,"q10_case2",472,10240,1234301139,2620915,512,3664,884,8,15.358083
1,1,10,"q10_case2",473,10240,1236921346,2620207,512,3662,884,8,15.390994
1,1,10,"q10_case2",474,10240,1239542226,2620880,512,3660,884,8,15.424365
1,1,10,"q10_case2",475,10240,1242162430,2620204,512,3658,884,8,15.458496
1,1,10,"q10_case2",476,10240,1244782757,2620327,512,3656,884,8,15.493114
1,1,10,"q10_case2",477,10240,1247403179,2620422,512,3654,884,8,15.536150
1,1,10,"q10_case2",478,10240,1250023520,2620341,512,3652,884,8,15.567496
1,1,10,"q10_case2",479,10240,1252644061,2620541,512,3650,884,8,15.598854
1,1,10,"q10_case2",480,10240,1255264534,2620473,512,3648,884,8,15.629725
1,1,10,"q10_case2",481,10240,1257885043,2620509,512,3646,884,8,15.660632
1,1,10,"q10_case2",482,10240,1260505494,2620451,512,3644,884,8,15.691122
1,1,10,"q10_case2",483,10240,1263125887,2620393,512,3642,884,8,15.721976
1,1,10,"q10_case2",484,10240,1265746290,2620403,512,3640,883,8,15.753265
1,1,10,"q10_case2",485,10240,1268366671,2620381,512,3638,883,8,15.784655
1,1,10,"q10_case2",486,10240,1270987588,2620917,512,3636,882,8,15.817387
1,1,10,"q10_case2",487,10240,1273608010,2620422,512,3634,882,8,15.850262
1,1,10,"q10_case2",488,10240,1276228889,2620879,512,3632,881,8,15.882059
1,1,10,"q10_case2",489,10240,1278849309,2620420,512,3630,881,8,15.914450
1,1,10,"q10_case2",490,10240,1281470191,2620882,512,3628,881,8,15.946186
1,1,10,"q10_case2",491,10240,1284090608,2620417,512,3626,881,8,15.978948
1,1,10,"q10_case2",492,10240,1286711022,2620414,512,3624,881,8,16.010757
1,1,10,"q10_case2",493,10240,1289331478,2620456,512,3622,880,8,16.043252
1,1,10,"q10_case2",494,10240,1291952105,2620627,512,3620,880,8,16.074647
1,1,10,"q10_case2",495,10240,1294573030,2620925,512,3618,880,8,16.105504
1,1,10,"q10_case2",496,10240,1297193494,2620464,512,3616,880,8,16.136655
1,1,10,"q10_case2",497,10240,1299813994,2620500,512,3614,880,8,16.167917
1,1,10,"q10_case2",498,10240,1302434668,2620674,512,3612,880,8,16.198861
1,1,10,"q10_case2",499,10240,1305055260,2620592,512,3610,880,8,16.229380
1,1,10,"q10_case2",500,10240,1307675753,2620493,512,3608,880,8,16.260276
1,1,10,"q10_case2",501,10240,1310296103,2620350,512,3606,879,8,16.290935
1,1,10,"q10_case2",502,10240,1312916281,2620178,512,3604,879,8,16.321328
1,1,10,"q10_case2",503,10240,1315537204,2620923,512,3602,879,8,16.353822
1,1,10,"q10_case2",504,10240,1318157636,2620432,512,3600,879,8,16.386394
1,1,10,"q10_case2",505,10240,1320778409,2620773,512,3598,878,8,16.418986
1,1,10,"q10_case2",506,10240,1323399149,2620740,512,3596,878,8,16.452623
1,1,10,"q10_case2",507,10240,1326020071,2620922,512,3594,877,8,16.484416
1,1,10,"q10_case2",508,10240,1328640492,2620421,512,3592,877,8,16.514283
1,1,10,"q10_case2",509,10240,1331261378,2620886,512,3590,876,8,16.544889
1,1,10,"q10_case2",510,10240,1333881802,2620424,512,3588,875,8,16.575021
1,1,10,"q10_case2",511,10240,1336502690,2620888,512,3586,875,8,16.604952
1,1,10,"q10_case2",512,10240,1339123458,2620768,512,3584,874,8,16.634977
1,1,10,"q10_case2",513,10240,1341743884,2620426,512,3582,874,8,16.731302
1,1,10,"q10_case2",514,10240,1344364765,2620881,512,3580,874,8,16.765654
1,1,10,"q10_case2",515,10240,1346985192,2620427,512,3578,873,8,16.799980
1,1,10,"q10_case2",516,10240,1349605631,2620439,512,3576,873,8,16.835694
1,1,10,"q10_case2",517,10240,1352226522,2620891,512,3574,872,8,16.869310
1,1,10,"q10_case2",518,10240,1354846941,2620419,512,3572,872,8,16.903748
1,1,10,"q10_case2",519,10240,1357467821,2620880,512,3570,872,8,16.937373
1,1,10,"q10_case2",520,10240,1360088237,2620416,512,3568,872,8,16.971166
1,1,10,"q10_case2",521,10240,1362708652,2620415,512,3566,872,8,17.005614
1,1,10,"q10_case2",522,10240,1365329105,2620453,512,3564,872,8,17.039631
1,1,10,"q10_case2",523,10240,1367949708,2620603,512,3562,872,8,17.073079
1,1,10,"q10_case2",524,10240,1370570235,2620527,512,3560,871,8,17.105918
1,1,10,"q10_case2",525,10240,1373190751,2620516,512,3558,871,8,17.137677
1,1,10,"q10_case2",526,10240,1375811675,2620924,512,3556,871,8,17.168874
1,1,10,"q10_case2",527,10240,1378432097,2620422,512,3554,871,8,17.200903
1,1,10,"q10_case2",528,10240,1381052884,2620787,512,3552,871,8,17.232234
1,1,10,"q10_case2",529,10240,1383673598,2620714,512,3550,871,8,17.263472
1,1,10,"q10_case2",530,10240,1386294289,2620691,512,3548,871,8,17.293888
1,1,10,"q10_case2",531,10240,1388914855,2620566,512,3546,871,8,17.325156
1,1,10,"q10_case2",532,10240,1391535331,2620476,512,3544,870,8,17.356219
1,1,10,"q10_case2",533,10240,1394155722,2620391,512,3542,870,8,17.400837
1,1,10,"q10_case2",534,10240,1396776646,2620924,512,3540,869,8,17.431002
1,1,10,"q10_case2",535,10240,1399397069,2620423,512,3538,869,8,17.461581
1,1,10,"q10_case2",536,10240,1402017952,2620883,512,3536,868,8,17.512296
1,1,10,"q10_case2",537,10240,1404638371,2620419,512,3534,868,8,17.545601
1,1,10,"q10_case2",538,10240,1407259251,2620880,512,3532,867,8,17.578314
1,1,10,"q10_case2",539,10240,1409879670,2620419,512,3530,867,8,17.611310
1,1,10,"q10_case2",540,10240,1412500552,2620882,512,3528,867,8,17.645093
1,1,10,"q10_case2",541,10240,1415120970,2620418,512,3526,867,8,17.678032
1,1,10,"q10_case2",542,10240,1417741390,2620420,512,3524,867,8,17.711371
1,1,10,"q10_case2",543,10240,1420362079,2620689,512,3522,867,8,17.743425
1,1,10,"q10_case2",544,10240,1422982808,2620729,512,3520,867,8,17.775014
1,1,10,"q10_case2",545,10240,1425603444,2620636,512,3518,866,8,17.812965
1,1,10,"q10_case2",546,10240,1428223958,2620514,512,3516,866,8,17.845520
1,1,10,"q10_case2",547,10240,1430844880,2620922,512,3514,865,8,17.877942
1,1,10,"q10_case2",548,10240,1433465307,2620427,512,3512,865,8,17.909845
1,1,10,"q10_case2",549,10240,1436086189,2620882,512,3510,864,8,17.941619
1,1,10,"q10_case2",550,10240,1438706618,2620429,512,3508,864,8,17.972473
1,1,10,"q10_case2",551,10240,1441327502,2620884,512,3506,863,8,18.007970
1,1,10,"q10_case2",552,10240,1443947930,2620428,512,3504,863,8,18.039250
1,1,10,"q10_case2",553,10240,1446568591,2620661,512,3502,862,8,18.070519
1,1,10,"q10_case2",554,10240,1449188993,2620402,512,3500,862,8,18.101834
1,1,10,"q10_case2",555,10240,1451809878,2620885,512,3498,861,8,18.134580
1,1,10,"q10_case2",556,10240,1454430305,2620427,512,3496,861,8,18.167002
1,1,10,"q10_case2",557,10240,1457051187,2620882,512,3494,861,8,18.200244
1,1,10,"q10_case2",558,10240,1459671606,2620419,512,3492,861,8,18.232858
1,1,10,"q10_case2",559,10240,1462292028,2620422,512,3490,861,8,18.265670
1,1,10,"q10_case2",560,10240,1464912817,2620789,512,3488,861,8,18.320113
1,1,10,"q10_case2",561,10240,1467533594,2620777,512,3486,860,8,18.350289
1,1,10,"q10_case2",562,10240,1470154055,2620461,512,3484,860,8,18.381079
1,1,10,"q10_case2",563,10240,1472774970,2620915,512,3482,860,8,18.418517
1,1,10,"q10_case2",564,10240,1475395391,2620421,512,3480,860,8,18.448618
1,1,10,"q10_case2",565,10240,1478015816,2620425,512,3478,860,8,18.479138
1,1,10,"q10_case2",566,10240,1480636257,2620441,512,3476,860,8,18.526761
1,1,10,"q10_case2",567,10240,1483256687,2620430,512,3474,860,8,18.561461
1,1,10,"q10_case2",568,10240,1485877343,2620656,512,3472,859,8,18.595548
1,1,10,"q10_case2",569,10240,1488498038,2620695,512,3470,859,8,18.629473
1,1,10,"q10_case2",570,10240,1491118629,2620591,512,3468,859,8,18.663716
1,1,10,"q10_case2",571,10240,1493738873,2620244,512,3466,859,8,18.697379
1,1,10,"q10_case2",572,10240,1496359370,2620497,512,3464,858,8,18.730529
1,1,10,"q10_case2",573,10240,1498979820,2620450,512,3462,858,8,18.764062
1,1,10,"q10_case2",574,10240,1501600740,2620920,512,3460,858,8,18.797933
1,1,10,"q10_case2",575,10240,1504221156,2620416,512,3458,858,8,18.833031
1,1,10,"q10_case2",576,10240,1506841575,2620419,512,3456,858,8,18.866474
1,1,10,"q10_case2",577,10240,1509462022,2620447,512,3454,858,8,18.900615
1,1,10,"q10_case2",578,10240,1512082646,2620624,512,3452,856,8,18.932060
1,1,10,"q10_case2",579,10240,1514703235,2620589,512,3450,856,8,18.964348
1,1,10,"q10_case2",580,10240,1517324155,2620920,512,3448,856,8,18.995255
1,1,10,"q10_case2",581,10240,1519944573,2620418,512,3446,856,8,19.026008
1,1,10,"q10_case2",582,10240,1522564986,2620413,512,3444,856,8,19.056447
1,1,10,"q10_case2",583,10240,1525185688,2620702,512,3442,856,8,19.088468
1,1,10,"q10_case2",584,10240,1527806300,2620612,512,3440,856,8,19.133996
1,1,10,"q10_case2",585,10240,1530426835,2620535,512,3438,856,8,19.166803
1,1,10,"q10_case2",586,10240,1533047337,2620502,512,3436,856,8,19.199068
1,1,10,"q10_case2",587,10240,1535667717,2620380,512,3434,856,8,19.238874
1,1,10,"q10_case2",588,10240,1538287866,2620149,512,3432,856,8,19.271499
1,1,10,"q10_case2",589,10240,1540907874,2620008,512,3430,856,8,19.302693
1,1,10,"q10_case2",590,10240,1543527890,2620016,512,3428,856,8,19.332975
1,1,10,"q10_case2",591,10240,1546148037,2620147,512,3426,856,8,19.363828
1,1,10,"q10_case2",592,10240,1548768253,2620216,512,3424,855,8,19.394092
1,1,10,"q10_case2",593,10240,1551388531,2620278,512,3422,855,8,19.425083
1,1,10,"q10_case2",594,10240,1554009456,2620925,512,3420,855,8,19.456107
1,1,10,"q10_case2",595,10240,1556629880,2620424,512,3418,855,8,19.488918
1,1,10,"q10_case2",596,10240,1559250307,2620427,512,3416,855,8,19.522956
1,1,10,"q10_case2",597,10240,1561870733,2620426,512,3414,855,8,19.557290
1,1,10,"q10_case2",598,10240,1564491408,2620675,512,3412,854,8,19.592104
1,1,10,"q10_case2",599,10240,1567111957,2620549,512,3410,854,8,19.627380
1,1,10,"q10_case2",600,10240,1569732881,2620924,512,3408,853,8,19.660853
1,1,10,"q10_case2",601,10240,1572353305,2620424,512,3406,853,8,19.694050
1,1,10,"q10_case2",602,10240,1574974185,2620880,512,3404,853,8,19.725264
1,1,10,"q10_case2",603,10240,1577594609,2620424,512,3402,853,8,19.756753
1,1,10,"q10_case2",604,10240,1580215029,2620420,512,3400,853,8,19.788066
1,1,10,"q10_case2",605,10240,1582835477,2620448,512,3398,853,8,19.820343
1,1,10,"q10_case2",606,10240,1585455962,2620485,512,3396,853,8,19.859033
1,1,10,"q10_case2",607,10240,1588076453,2620491,512,3394,853,8,19.889892
1,1,10,"q10_case2",608,10240,1590696867,2620414,512,3392,853,8,19.922715
1,1,10,"q10_case2",609,10240,1593317209,2620342,512,3390,852,8,19.954952
1,1,10,"q10_case2",610,10240,1595937531,2620322,512,3388,852,8,19.987431
1,1,10,"q10_case2",611,10240,1598558454,2620923,512,3386,852,8,20.019572
1,1,10,"q10_case2",612,10240,1601178885,2620431,512,3384,852,8,20.052449
1,1,10,"q10_case2",613,10240,1603799311,2620426,512,3382,852,8,20.085297
1,1,10,"q10_case2",614,10240,1606419756,2620445,512,3380,851,8,20.115862
1,1,10,"q10_case2",615,10240,1609040188,2620432,512,3378,851,8,20.152087
1,1,10,"q10_case2",616,10240,1611661091,2620903,512,3376,850,8,20.182465
1,1,10,"q10_case2",617,10240,1614281526,2620435,512,3374,850,8,20.253306
1,1,10,"q10_case2",618,10240,1616902409,2620883,512,3372,850,8,20.283726
1,1,10,"q10_case2",619,10240,1619522841,2620432,512,3370,850,8,20.314998
1,1,10,"q10_case2",620,10240,1622143268,2620427,512,3368,849,8,20.348377
1,1,10,"q10_case2",621,10240,1624763792,2620524,512,3366,849,8,20.381590
1,1,10,"q10_case2",622,10240,1627384697,2620905,512,3364,849,8,20.415280
1,1,10,"q10_case2",623,10240,1630005124,2620427,512,3362,849,8,20.449506
1,1,10,"q10_case2",624,10240,1632625615,2620491,512,3360,849,8,20.483791
1,1,10,"q10_case2",625,10240,1635245996,2620381,512,3358,849,8,20.514999
1,1,10,"q10_case2",626,10240,1637866557,2620561,512,3356,849,8,20.546403
1,1,10,"q10_case2",627,10240,1640487051,2620494,512,3354,848,8,20.577698
1,1,10,"q10_case2",628,10240,1643107513,2620462,512,3352,848,8,20.609373
1,1,10,"q10_case2",629,10240,1645728437,2620924,512,3350,848,8,20.640802
1,1,10,"q10_case2",630,10240,1648348870,2620433,512,3348,848,8,20.672364
1,1,10,"q10_case2",631,10240,1650969063,2620193,512,3346,848,8,20.704758
1,1,10,"q10_case2",632,10240,1653589229,2620166,512,3344,848,8,20.736735
1,1,10,"q10_case2",633,10240,1656209488,2620259,512,3342,848,8,20.767384
1,1,10,"q10_case2",634,10240,1658829914,2620426,512,3340,847,8,20.798261
1,1,10,"q10_case2",635,10240,1661450472,2620558,512,3338,847,8,20.831028
1,1,10,"q10_case2",636,10240,1664071392,2620920,512,3336,847,8,20.861390
1,1,10,"q10_case2",637,10240,1666691822,2620430,512,3334,847,8,20.892004
1,1,10,"q10_case2",638,10240,1669312253,2620431,512,3332,846,8,20.923331
1,1,10,"q10_case2",639,10240,1671932897,2620644,512,3330,846,8,20.955547
1,1,10,"q10_case2",640,10240,1674553811,2620914,512,3328,846,8,20.988387
1,1,10,"q10_case2",641,10240,1677174245,2620434,512,3326,846,8,21.021261
1,1,10,"q10_case2",642,10240,1679794684,2620439,512,3324,846,8,21.053686
1,1,10,"q10_case2",643,10240,1682415144,2620460,512,3322,845,8,21.086270
1,1,10,"q10_case2",644,10240,1685035569,2620425,512,3320,845,8,21.117496
1,1,10,"q10_case2",645,10240,1687656488,2620919,512,3318,845,8,21.147548
1,1,10,"q10_case2",646,10240,1690276920,2620432,512,3316,845,8,21.178040
1,1,10,"q10_case2",647,10240,1692897347,2620427,512,3314,845,8,21.208462
1,1,10,"q10_case2",648,10240,1695517521,2620174,512,3312,844,8,21.240630
1,1,10,"q10_case2",649,10240,1698137791,2620270,512,3310,844,8,21.272759
1,1,10,"q10_case2",650,10240,1700758700,2620909,512,3308,844,8,21.306036
1,1,10,"q10_case2",651,10240,1703379134,2620434,512,3306,844,8,21.337692
1,1,10,"q10_case2",652,10240,1705999410,2620276,512,3304,844,8,21.369560
1,1,10,"q10_case2",653,10240,1708619710,2620300,512,3302,844,8,21.401518
1,1,10,"q10_case2",654,10240,1711240034,2620324,512,3300,844,8,21.433832
1,1,10,"q10_case2",655,10240,1713860465,2620431,512,3298,844,8,21.465017
1,1,10,"q10_case2",656,10240,1716480824,2620359,512,3296,844,8,21.511150
1,1,10,"q10_case2",657,10240,1719101171,2620347,512,3294,844,8,21.545378
1,1,10,"q10_case2",658,10240,1721721489,2620318,512,3292,844,8,21.579474
1,1,10,"q10_case2",659,10240,1724341781,2620292,512,3290,844,8,21.613573
1,1,10,"q10_case2",660,10240,1726962008,2620227,512,3288,843,8,21.646762
1,1,10,"q10_case2",661,10240,1729582180,2620172,512,3286,842,8,21.679428
1,1,10,"q10_case2",662,10240,1732202968,2620788,512,3284,841,8,21.710676
1,1,10,"q10_case2",663,10240,1734823531,2620563,512,3282,841,8,21.740531
1,1,10,"q10_case2",664,10240,1737444208,2620677,512,3280,841,8,21.771050
1,1,10,"q10_case2",665,10240,1740064311,2620103,512,3278,841,8,21.805378
1,1,10,"q10_case2",666,10240,1742684490,2620179,512,3276,841,8,21.836616
1,1,10,"q10_case2",667,10240,1745304815,2620325,512,3274,841,8,21.867053
1,1,10,"q10_case2",668,10240,1747925216,2620401,512,3272,840,8,21.914013
1,1,10,"q10_case2",669,10240,1750545627,2620411,512,3270,840,8,21.945126
1,1,10,"q10_case2",670,10240,1753166550,2620923,512,3268,840,8,21.975954
1,1,10,"q10_case2",671,10240,1755786754,2620204,512,3266,840,8,22.007393
1,1,10,"q10_case2",672,10240,1758407073,2620319,512,3264,840,8,22.037668
1,1,10,"q10_case2",673,10240,1761027346,2620273,512,3262,840,8,22.068235
1,1,10,"q10_case2",674,10240,1763647844,2620498,512,3260,840,8,22.115623
1,1,10,"q10_case2",675,10240,1766268249,2620405,512,3258,840,8,22.148592
1,1,10,"q10_case2",676,10240,1768888642,2620393,512,3256,839,8,22.182379
1,1,10,"q10_case2",677,10240,1771508970,2620328,512,3254,839,8,22.215805
1,1,10,"q10_case2",678,10240,1774129894,2620924,512,3252,839,8,22.249921
1,1,10,"q10_case2",679,10240,1776750326,2620432,512,3250,839,8,22.283740
1,1,10,"q10_case2",680,10240,1779370755,2620429,512,3248,839,8,22.330186
1,1,10,"q10_case2",681,10240,1781991187,2620432,512,3246,839,8,22.364962
1,1,10,"q10_case2",682,10240,1784611863,2620676,512,3244,838,8,22.398959
1,1,10,"q10_case2",683,10240,1787232549,2620686,512,3242,838,8,22.432386
1,1,10,"q10_case2",684,10240,1789853469,2620920,512,3240,838,8,22.465488
1,1,10,"q10_case2",685,10240,1792473901,2620432,512,3238,838,8,22.497526
1,1,10,"q10_case2",686,10240,1795094673,2620772,512,3236,838,8,22.528925
1,1,10,"q10_case2",687,10240,1797715221,2620548,512,3234,838,8,22.560155
1,1,10,"q10_case2",688,10240,1800335890,2620669,512,3232,838,8,22.591500
1,1,10,"q10_case2",689,10240,1802956329,2620439,512,3230,838,8,22.622614
1,1,10,"q10_case2",690,10240,1805576749,2620420,512,3228,838,8,22.653607
1,1,10,"q10_case2",691,10240,1808197184,2620435,512,3226,837,8,22.683709
1,1,10,"q10_case2",692,10240,1810817563,2620379,512,3224,837,8,22.715647
1,1,10,"q10_case2",693,10240,1813438485,2620922,512,3222,837,8,22.746920
1,1,10,"q10_case2",694,10240,1816058917,2620432,512,3220,837,8,22.777066
1,1,10,"q10_case2",695,10240,1818679358,2620441,512,3218,836,8,22.811960
1,1,10,"q10_case2",696,10240,1821299988,2620630,512,3216,836,8,22.844235
1,1,10,"q10_case2",697,10240,1823920900,2620912,512,3214,835,8,22.875053
1,1,10,"q10_case2",698,10240,1826541334,2620434,512,3212,835,8,22.906064
1,1,10,"q10_case2",699,10240,1829162217,2620883,512,3210,834,8,22.936075
1,1,10,"q10_case2",700,10240,1831782646,2620429,512,3208,834,8,22.966258
1,1,10,"q10_case2",701,10240,1834403084,2620438,512,3206,834,8,22.997175
1,1,10,"q10_case2",702,10240,1837023517,2620433,512,3204,834,8,23.028291
1,1,10,"q10_case2",703,10240,1839644274,2620757,512,3202,834,8,23.060188
1,1,10,"q10_case2",704,10240,1842264727,2620453,512,3200,834,8,23.091680
1,1,10,"q10_case2",705,10240,1844885152,2620425,512,3198,834,8,23.144963
1,1,10,"q10_case2",706,10240,1847505623,2620471,512,3196,834,8,23.179683
1,1,10,"q10_case2",707,10240,1850126150,2620527,512,3194,833,8,23.213116
1,1,10,"q10_case2",708,10240,1852746571,2620421,512,3192,833,8,23.246745
1,1,10,"q10_case2",709,10240,1855367489,2620918,512,3190,832,8,23.280213
1,1,10,"q10_case2",710,10240,1857987926,2620437,512,3188,832,8,23.312604
1,1,10,"q10_case2",711,10240,1860608819,2620893,512,3186,831,8,23.344343
1,1,10,"q10_case2",712,10240,1863229260,2620441,512,3184,831,8,23.376871
1,1,10,"q10_case2",713,10240,1865850150,2620890,512,3182,831,8,23.407986
1,1,10,"q10_case2",714,10240,1868470580,2620430,512,3180,831,8,23.440296
1,1,10,"q10_case2",715,10240,1871091005,2620425,512,3178,831,8,23.471208
1,1,10,"q10_case2",716,10240,1873711455,2620450,512,3176,831,8,23.501419
1,1,10,"q10_case2",717,10240,1876331994,2620539,512,3174,830,8,23.531230
1,1,10,"q10_case2",718,10240,1878952603,2620609,512,3172,830,8,23.562334
1,1,10,"q10_case2",719,10240,1881573518,2620915,512,3170,829,8,23.593106
1,1,10,"q10_case2",720,10240,1884193674,2620156,512,3168,829,8,23.624540
1,1,10,"q10_case2",721,10240,1886814565,2620891,512,3166,829,8,23.655590
1,1,10,"q10_case2",722,10240,1889434994,2620429,512,3164,829,8,23.686373
1,1,10,"q10_case2",723,10240,1892055427,2620433,512,3162,828,8,23.717603
1,1,10,"q10_case2",724,10240,1894675858,2620431,512,3160,828,8,23.748787
1,1,10,"q10_case2",725,10240,1897296430,2620572,512,3158,828,8,23.779266
1,1,10,"q10_case2",726,10240,1899916776,2620346,512,3156,827,8,23.814544
1,1,10,"q10_case2",727,10240,1902537135,2620359,512,3154,826,8,23.844687
1,1,10,"q10_case2",728,10240,1905158044,2620909,512,3152,826,8,23.875158
1,1,10,"q10_case2",729,10240,1907778465,2620421,512,3150,826,8,23.907322
1,1,10,"q10_case2",730,10240,1910398894,2620429,512,3148,826,8,23.940177
1,1,10,"q10_case2",731,10240,1913019327,2620433,512,3146,826,8,23.971937
1,1,10,"q10_case2",732,10240,1915640111,2620784,512,3144,826,8,24.004362
1,1,10,"q10_case2",733,10240,1918260572,2620461,512,3142,825,8,24.036776
1,1,10,"q10_case2",734,10240,1920881200,2620628,512,3140,825,8,24.069933
1,1,10,"q10_case2",735,10240,1923502123,2620923,512,3138,824,8,24.101864
1,1,10,"q10_case2",736,10240,1926122556,2620433,512,3136,824,8,24.137254
1,1,10,"q10_case2",737,10240,1928743445,2620889,512,3134,823,8,24.172628
1,1,10,"q10_case2",738,10240,1931363879,2620434,512,3132,823,8,24.207061
1,1,10,"q10_case2",739,10240,1933984763,2620884,512,3130,823,8,24.240732
1,1,10,"q10_case2",740,10240,1936605194,2620431,512,3128,823,8,24.274457
1,1,10,"q10_case2",741,10240,1939225626,2620432,512,3126,823,8,24.307582
1,1,10,"q10_case2",742,10240,1941846124,2620498,512,3124,823,8,24.339231
1,1,10,"q10_case2",743,10240,1944466711,2620587,512,3122,823,8,24.370202
1,1,10,"q10_case2",744,10240,1947087227,2620516,512,3120,823,8,24.400642
1,1,10,"q10_case2",745,10240,1949707736,2620509,512,3118,822,8,24.431178
1,1,10,"q10_case2",746,10240,1952328229,2620493,512,3116,822,8,24.461437
1,1,10,"q10_case2",747,10240,1954949154,2620925,512,3114,821,8,24.492071
1,1,10,"q10_case2",748,10240,1957569601,2620447,512,3112,821,8,24.524780
1,1,10,"q10_case2",749,10240,1960190486,2620885,512,3110,820,8,24.557090
1,1,10,"q10_case2",750,10240,1962810925,2620439,512,3108,820,8,24.589757
1,1,10,"q10_case2",751,10240,1965431810,2620885,512,3106,820,8,24.622196
1,1,10,"q10_case2",752,10240,1968052247,2620437,512,3104,819,8,24.654828
1,1,10,"q10_case2",753,10240,1970672680,2620433,512,3102,819,8,24.687551
1,1,10,"q10_case2",754,10240,1973293566,2620886,512,3100,818,8,24.718951
1,1,10,"q10_case2",755,10240,1975913998,2620432,512,3098,818,8,24.749484
1,1,10,"q10_case2",756,10240,1978534881,2620883,512,3096,818,8,24.780890
1,1,10,"q10_case2",757,10240,1981155312,2620431,512,3094,818,8,24.817577
1,1,10,"q10_case2",758,10240,1983775752,2620440,512,3092,818,8,24.851639
1,1,10,"q10_case2",759,10240,1986396169,2620417,512,3090,818,8,24.902925
1,1,10,"q10_case2",760,10240,1989016619,2620450,512,3088,818,8,24.937179
1,1,10,"q10_case2",761,10240,1991637203,2620584,512,3086,817,8,24.977486
1,1,10,"q10_case2",762,10240,1994257824,2620621,512,3084,817,8,25.011780
1,1,10,"q10_case2",763,10240,1996878479,2620655,512,3082,817,8,25.045671
1,1,10,"q10_case2",764,10240,1999499185,2620706,512,3080,817,8,25.078363
1,1,10,"q10_case2",765,10240,2002119882,2620697,512,3078,817,8,25.109568
1,1,10,"q10_case2",766,10240,2004740510,2620628,512,3076,816,8,25.140380
1,1,10,"q10_case2",767,10240,2007361140,2620630,512,3074,815,8,25.171270
1,1,10,"q10_case2",768,10240,2009982061,2620921,512,3072,815,8,25.203131
1,1,10,"q10_case2",769,10240,2012602593,2620532,512,3070,814,8,25.235929
1,1,10,"q10_case2",770,10240,2015222725,2620132,512,3068,814,8,25.269894
1,1,10,"q10_case2",771,10240,2017843623,2620898,512,3066,814,8,25.301770
1,1,10,"q10_case2",772,10240,2020463834,2620211,512,3064,814,8,25.333040
1,1,10,"q10_case2",773,10240,2023084067,2620233,512,3062,813,8,25.363765
1,1,10,"q10_case2",774,10240,2025704359,2620292,512,3060,813,8,25.394821
1,1,10,"q10_case2",775,10240,2028325268,2620909,512,3058,813,8,25.426161
1,1,10,"q10_case2",776,10240,2030945476,2620208,512,3056,813,8,25.456843
1,1,10,"q10_case2",777,10240,2033565744,2620268,512,3054,813,8,25.487941
1,1,10,"q10_case2",778,10240,2036186192,2620448,512,3052,812,8,25.518920
1,1,10,"q10_case2",779,10240,2038806635,2620443,512,3050,812,8,25.553112
1,1,10,"q10_case2",780,10240,2041427552,2620917,512,3048,811,8,25.585314
1,1,10,"q10_case2",781,10240,2044047966,2620414,512,3046,811,8,25.618048
1,1,10,"q10_case2",782,10240,2046668856,2620890,512,3044,811,8,25.650377
1,1,10,"q10_case2",783,10240,2049289285,2620429,512,3042,811,8,25.682346
1,1,10,"q10_case2",784,10240,2051909719,2620434,512,3040,810,8,25.712615
1,1,10,"q10_case2",785,10240,2054530410,2620691,512,3038,810,8,25.743334
1,1,10,"q10_case2",786,10240,2057151326,2620916,512,3036,810,8,25.773646
1,1,10,"q10_case2",787,10240,2059771795,2620469,512,3034,809,8,25.807963
1,1,10,"q10_case2",788,10240,2062392179,2620384,512,3032,809,8,25.841459
1,1,10,"q10_case2",789,10240,2065013018,2620839,512,3030,808,8,25.873273
1,1,10,"q10_case2",790,10240,2067633451,2620433,512,3028,808,8,25.905473
1,1,10,"q10_case2",791,10240,2070254334,2620883,512,3026,808,8,25.936317
1,1,10,"q10_case2",792,10240,2072874773,2620439,512,3024,807,8,25.968132
1,1,10,"q10_case2",793,10240,2075495200,2620427,512,3022,807,8,26.000524
1,1,10,"q10_case2",794,10240,2078116086,2620886,512,3020,806,8,26.032170
1,1,10,"q10_case2",795,10240,2080736516,2620430,512,3018,806,8,26.063572
1,1,10,"q10_case2",796,10240,2083357397,2620881,512,3016,806,8,26.095343
1,1,10,"q10_case2",797,10240,2085977827,2620430,512,3014,806,8,26.133473
1,1,10,"q10_case2",798,10240,2088598252,2620425,512,3012,806,8,26.167578
1,1,10,"q10_case2",799,10240,2091218687,2620435,512,3010,805,8,26.200855
1,1,10,"q10_case2",800,10240,2093839270,2620583,512,3008,805,8,26.235282
1,1,10,"q10_case2",801,10240,2096460192,2620922,512,3006,805,8,26.268770
1,1,10,"q10_case2",802,10240,2099080627,2620435,512,3004,805,8,26.301659
1,1,10,"q10_case2",803,10240,2101701063,2620436,512,3002,805,8,26.333193
1,1,10,"q10_case2",804,10240,2104321537,2620474,512,3000,804,8,26.363862
1,1,10,"q10_case2",805,10240,2106942271,2620734,512,2998,804,8,26.394081
1,1,10,"q10_case2",806,10240,2109563188,2620917,512,2996,803,8,26.424705
1,1,10,"q10_case2",807,10240,2112183655,2620467,512,2994,803,8,26.454930
1,1,10,"q10_case2",808,10240,2114804551,2620896,512,2992,803,8,26.485960
1,1,10,"q10_case2",809,10240,2117424763,2620212,512,2990,803,8,26.527219
1,1,10,"q10_case2",810,10240,2120045068,2620305,512,2988,803,8,26.557973
1,1,10,"q10_case2",811,10240,2122665532,2620464,512,2986,802,8,26.588305
1,1,10,"q10_case2",812,10240,2125285997,2620465,512,2984,802,8,26.625178
1,1,10,"q10_case2",813,10240,2127906919,2620922,512,2982,802,8,26.656372
1,1,10,"q10_case2",814,10240,2130527356,2620437,512,2980,802,8,26.687374
1,1,10,"q10_case2",815,10240,2133147791,2620435,512,2978,802,8,26.720639
1,1,10,"q10_case2",816,10240,2135768551,2620760,512,2976,801,8,26.753588
1,1,10,"q10_case2",817,10240,2138389173,2620622,512,2974,801,8,26.788075
1,1,10,"q10_case2",818,10240,2141010084,2620911,512,2972,800,8,26.823551
1,1,10,"q10_case2",819,10240,2143630363,2620279,512,2970,800,8,26.858279
1,1,10,"q10_case2",820,10240,2146251257,2620894,512,2968,799,8,26.893189
1,1,10,"q10_case2",821,10240,2148871685,2620428,512,2966,799,8,26.925487
1,1,10,"q10_case2",822,10240,2151492564,2620879,512,2964,798,8,26.958898
1,1,10,"q10_case2",823,10240,2154112988,2620424,512,2962,798,8,26.991412
1,1,10,"q10_case2",824,10240,2156733869,2620881,512,2960,798,8,27.024402
1,1,10,"q10_case2",825,10240,2159354302,2620433,512,2958,798,8,27.056804
1,1,10,"q10_case2",826,10240,2161974790,2620488,512,2956,798,8,27.089397
1,1,10,"q10_case2",827,10240,2164595216,2620426,512,2954,798,8,27.123340
1,1,10,"q10_case2",828,10240,2167215634,2620418,512,2952,798,8,27.158185
1,1,10,"q10_case2",829,10240,2169836053,2620419,512,2950,798,8,27.192120
1,1,10,"q10_case2",830,10240,2172456437,2620384,512,2948,797,8,27.226660
1,1,10,"q10_case2",831,10240,2175076901,2620464,512,2946,797,8,27.260139
1,1,10,"q10_case2",832,10240,2177697816,2620915,512,2944,796,8,27.294240
1,1,10,"q10_case2",833,10240,2180318076,2620260,512,2942,796,8,27.325143
1,1,10,"q10_case2",834,10240,2182938953,2620877,512,2940,796,8,27.356462
1,1,10,"q10_case2",835,10240,2185559235,2620282,512,2938,796,8,27.387215
1,1,10,"q10_case2",836,10240,2188179484,2620249,512,2936,796,8,27.418499
1,1,10,"q10_case2",837,10240,2190799580,2620096,512,2934,796,8,27.461958
1,1,10,"q10_case2",838,10240,2193419810,2620230,512,2932,796,8,27.492210
1,1,10,"q10_case2",839,10240,2196040134,2620324,512,2930,796,8,27.525147
1,1,10,"q10_case2",840,10240,2198660578,2620444,512,2928,796,8,27.558492
1,1,10,"q10_case2",841,10240,2201281073,2620495,512,2926,795,8,27.592767
1,1,10,"q10_case2",842,10240,2203901606,2620533,512,2924,794,8,27.628016
1,1,10,"q10_case2",843,10240,2206522523,2620917,512,2922,794,8,27.662086
1,1,10,"q10_case2",844,10240,2209143249,2620726,512,2920,793,8,27.697508
1,1,10,"q10_case2",845,10240,2211763675,2620426,512,2918,793,8,27.729759
1,1,10,"q10_case2",846,10240,2214384552,2620877,512,2916,793,8,27.762384
1,1,10,"q10_case2",847,10240,2217004979,2620427,512,2914,793,8,27.794996
1,1,10,"q10_case2",848,10240,2219625463,2620484,512,2912,793,8,27.827922
1,1,10,"q10_case2",849,10240,2222245889,2620426,512,2910,792,8,27.860508
1,1,10,"q10_case2",850,10240,2224866286,2620397,512,2908,792,8,27.893219
1,1,10,"q10_case2",851,10240,2227487189,2620903,512,2906,792,8,27.927787
1,1,10,"q10_case2",852,10240,2230107615,2620426,512,2904,792,8,27.962726
1,1,10,"q10_case2",853,10240,2232728094,2620479,512,2902,792,8,27.996014
1,1,10,"q10_case2",854,10240,2235348530,2620436,512,2900,792,8,28.030027
1,1,10,"q10_case2",855,10240,2237968939,2620409,512,2898,792,8,28.063433
1,1,10,"q10_case2",856,10240,2240589392,2620453,512,2896,791,8,28.096928
1,1,10,"q10_case2",857,10240,2243209973,2620581,512,2894,791,8,28.128724
1,1,10,"q10_case2",858,10240,2245830897,2620924,512,2892,790,8,28.159329
1,1,10,"q10_case2",859,10240,2248451322,2620425,512,2890,790,8,28.190073
1,1,10,"q10_case2",860,10240,2251072201,2620879,512,2888,789,8,28.221913
1,1,10,"q10_case2",861,10240,2253692626,2620425,512,2886,789,8,28.252869
1,1,10,"q10_case2",862,10240,2256313509,2620883,512,2884,788,8,28.283152
1,1,10,"q10_case2",863,10240,2258933934,2620425,512,2882,788,8,28.314588
1,1,10,"q10_case2",864,10240,2261554816,2620882,512,2880,788,8,28.345707
1,1,10,"q10_case2",865,10240,2264175240,2620424,512,2878,788,8,28.376472
1,1,10,"q10_case2",866,10240,2266795676,2620436,512,2876,788,8,28.407727
1,1,10,"q10_case2",867,10240,2269416345,2620669,512,2874,788,8,28.439303
1,1,10,"q10_case2",868,10240,2272037086,2620741,512,2872,788,8,28.470080
1,1,10,"q10_case2",869,10240,2274657762,2620676,512,2870,788,8,28.500302
1,1,10,"q10_case2",870,10240,2277278424,2620662,512,2868,788,8,28.530862
1,1,10,"q10_case2",871,10240,2279899036,2620612,512,2866,788,8,28.562038
1,1,10,"q10_case2",872,10240,2282519510,2620474,512,2864,787,8,28.593557
1,1,10,"q10_case2",873,10240,2285139930,2620420,512,2862,787,8,28.626229
1,1,10,"q10_case2",874,10240,2287760854,2620924,512,2860,787,8,28.658713
1,1,10,"q10_case2",875,10240,2290381294,2620440,512,2858,787,8,28.690982
1,1,10,"q10_case2",876,10240,2293001515,2620221,512,2856,787,8,28.724493
1,1,10,"q10_case2",877,10240,2295621848,2620333,512,2854,786,8,28.759277
1,1,10,"q10_case2",878,10240,2298242208,2620360,512,2852,786,8,28.793114
1,1,10,"q10_case2",879,10240,2300863123,2620915,512,2850,785,8,28.828717
1,1,10,"q10_case2",880,10240,2303483549,2620426,512,2848,785,8,28.863745
1,1,10,"q10_case2",881,10240,2306104430,2620881,512,2846,785,8,28.897053
1,1,10,"q10_case2",882,10240,2308724852,2620422,512,2844,785,8,28.929075
1,1,10,"q10_case2",883,10240,2311345619,2620767,512,2842,785,8,28.960508
1,1,10,"q10_case2",884,10240,2313966365,2620746,512,2840,785,8,28.991333
1,1,10,"q10_case2",885,10240,2316587115,2620750,512,2838,785,8,29.022369
1,1,10,"q10_case2",886,10240,2319207793,2620678,512,2836,785,8,29.056834
1,1,10,"q10_case2",887,10240,2321828393,2620600,512,2834,785,8,29.094908
1,1,10,"q10_case2",888,10240,2324448884,2620491,512,2832,785,8,29.135941
1,1,10,"q10_case2",889,10240,2327069357,2620473,512,2830,784,8,29.173490
1,1,10,"q10_case2",890,10240,2329689806,2620449,512,2828,784,8,29.209545
1,1,10,"q10_case2",891,10240,2332310725,2620919,512,2826,783,8,29.241365
1,1,10,"q10_case2",892,10240,2334931163,2620438,512,2824,783,8,29.274779
1,1,10,"q10_case2",893,10240,2337552047,2620884,512,2822,782,8,29.364882
1,1,10,"q10_case2",894,10240,2340172479,2620432,512,2820,782,8,29.399549
1,1,10,"q10_case2",895,10240,2342793360,2620881,512,2818,782,8,29.434262
1,1,10,"q10_case2",896,10240,2345413794,2620434,512,2816,782,8,29.470788
1,1,10,"q10_case2",897,10240,2348034221,2620427,512,2814,782,8,29.506248
1,1,10,"q10_case2",898,10240,2350654999,2620778,512,2812,782,8,29.544460
1,1,10,"q10_case2",899,10240,2353275564,2620565,512,2810,782,8,29.584370
1,1,10,"q10_case2",900,10240,2355896163,2620599,512,2808,782,8,29.623731
1,1,10,"q10_case2",901,10240,2358516748,2620585,512,2806,782,8,29.663325
1,1,10,"q10_case2",902,10240,2361137259,2620511,512,2804,782,8,29.702161
1,1,10,"q10_case2",903,10240,2363757773,2620514,512,2802,781,8,29.747567
1,1,10,"q10_case2",904,10240,2366378204,2620431,512,2800,781,8,29.786116
1,1,10,"q10_case2",905,10240,2368999128,2620924,512,2798,780,8,29.825458
1,1,10,"q10_case2",906,10240,2371619555,2620427,512,2796,780,8,29.864465
1,1,10,"q10_case2",907,10240,2374240435,2620880,512,2794,780,8,29.900131
1,1,10,"q10_case2",908,10240,2376860860,2620425,512,2792,780,8,29.937175
1,1,10,"q10_case2",909,10240,2379481634,2620774,512,2790,780,8,29.974976
1,1,10,"q10_case2",910,10240,2382102367,2620733,512,2788,780,8,30.013294
1,1,10,"q10_case2",911,10240,2384722807,2620440,512,2786,779,8,30.055047
1,1,10,"q10_case2",912,10240,2387343327,2620520,512,2784,779,8,30.087861
1,1,10,"q10_case2",913,10240,2389964242,2620915,512,2782,779,8,30.123880
1,1,10,"q10_case2",914,10240,2392584377,2620135,512,2780,778,8,30.166399
1,1,10,"q10_case2",915,10240,2395204461,2620084,512,2778,778,8,30.202014
1,1,10,"q10_case2",916,10240,2397825356,2620895,512,2776,777,8,30.239197
1,1,10,"q10_case2",917,10240,2400445786,2620430,512,2774,777,8,30.276534
1,1,10,"q10_case2",918,10240,2403066666,2620880,512,2772,777,8,30.313798
1,1,10,"q10_case2",919,10240,2405687088,2620422,512,2770,777,8,30.352113
1,1,10,"q10_case2",920,10240,2408307508,2620420,512,2768,777,8,30.389494
1,1,10,"q10_case2",921,10240,2410927931,2620423,512,2766,777,8,30.427597
1,1,10,"q10_case2",922,10240,2413548445,2620514,512,2764,777,8,30.465614
1,1,10,"q10_case2",923,10240,2416169033,2620588,512,2762,775,8,30.502243
1,1,10,"q10_case2",924,10240,2418789432,2620399,512,2760,775,8,30.540546
1,1,10,"q10_case2",925,10240,2421410335,2620903,512,2758,775,8,30.585315
1,1,10,"q10_case2",926,10240,2424030417,2620082,512,2756,775,8,30.622870
1,1,10,"q10_case2",927,10240,2426650419,2620002,512,2754,775,8,30.662533
1,1,10,"q10_case2",928,10240,2429270513,2620094,512,2752,775,8,30.700322
1,1,10,"q10_case2",929,10240,2431890969,2620456,512,2750,775,8,30.739091
1,1,10,"q10_case2",930,10240,2434511484,2620515,512,2748,774,8,30.776833
1,1,10,"q10_case2",931,10240,2437132002,2620518,512,2746,773,8,30.817182
1,1,10,"q10_case2",932,10240,2439752923,2620921,512,2744,773,8,30.859335
1,1,10,"q10_case2",933,10240,2442373494,2620571,512,2742,772,8,30.897167
1,1,10,"q10_case2",934,10240,2444993916,2620422,512,2740,772,8,30.934628
1,1,10,"q10_case2",935,10240,2447614346,2620430,512,2738,771,8,30.974259
1,1,10,"q10_case2",936,10240,2450234726,2620380,512,2736,771,8,31.010991
1,1,10,"q10_case2",937,10240,2452855614,2620888,512,2734,771,8,31.047736
1,1,10,"q10_case2",938,10240,2455476038,2620424,512,2732,771,8,31.095378
1,1,10,"q10_case2",939,10240,2458096458,2620420,512,2730,771,8,31.133413
1,1,10,"q10_case2",940,10240,2460716877,2620419,512,2728,771,8,31.174853
1,1,10,"q10_case2",941,10240,2463337348,2620471,512,2726,771,8,31.214521
1,1,10,"q10_case2",942,10240,2465957786,2620438,512,2724,771,8,31.250764
1,1,10,"q10_case2",943,10240,2468578313,2620527,512,2722,771,8,31.287459
1,1,10,"q10_case2",944,10240,2471198726,2620413,512,2720,770,8,31.323613
1,1,10,"q10_case2",945,10240,2473819078,2620352,512,2718,770,8,31.361705
1,1,10,"q10_case2",946,10240,2476439964,2620886,512,2716,769,8,31.396619
1,1,10,"q10_case2",947,10240,2479060418,2620454,512,2714,769,8,31.435278
1,1,10,"q10_case2",948,10240,2481681343,2620925,512,2712,769,8,31.471909
1,1,10,"q10_case2",949,10240,2484301767,2620424,512,2710,769,8,31.512898
1,1,10,"q10_case2",950,10240,2486922190,2620423,512,2708,769,8,31.552774
1,1,10,"q10_case2",951,10240,2489542620,2620430,512,2706,769,8,31.591864
1,1,10,"q10_case2",952,10240,2492163100,2620480,512,2704,769,8,31.630198
1,1,10,"q10_case2",953,10240,2494783573,2620473,512,2702,769,8,31.669134
1,1,10,"q10_case2",954,10240,2497403976,2620403,512,2700,769,8,31.707884
1,1,10,"q10_case2",955,10240,2500024279,2620303,512,2698,768,8,31.746582
1,1,10,"q10_case2",956,10240,2502644484,2620205,512,2696,768,8,31.785285
1,1,10,"q10_case2",957,10240,2505265407,2620923,512,2694,767,8,31.826790
1,1,10,"q10_case2",958,10240,2507885845,2620438,512,2692,767,8,31.867886
1,1,10,"q10_case2",959,10240,2510506737,2620892,512,2690,767,8,31.907974
1,1,10,"q10_case2",960,10240,2513127158,2620421,512,2688,767,8,31.946329
1,1,10,"q10_case2",961,10240,2515747579,2620421,512,2686,766,8,31.988951
1,1,10,"q10_case2",962,10240,2518367987,2620408,512,2684,766,8,32.029472
1,1,10,"q10_case2",963,10240,2520988523,2620536,512,2682,766,8,32.069823
1,1,10,"q10_case2",964,10240,2523608908,2620385,512,2680,765,8,32.111138
1,1,10,"q10_case2",965,10240,2526229435,2620527,512,2678,765,8,32.152302
1,1,10,"q10_case2",966,10240,2528850351,2620916,512,2676,765,8,32.190461
1,1,10,"q10_case2",967,10240,2531470776,2620425,512,2674,765,8,32.227550
1,1,10,"q10_case2",968,10240,2534091189,2620413,512,2672,765,8,32.265049
1,1,10,"q10_case2",969,10240,2536711857,2620668,512,2670,765,8,32.303616
1,1,10,"q10_case2",970,10240,2539332559,2620702,512,2668,765,8,32.344933
1,1,10,"q10_case2",971,10240,2541953264,2620705,512,2666,765,8,32.384388
1,1,10,"q10_case2",972,10240,2544573885,2620621,512,2664,764,8,32.428879
1,1,10,"q10_case2",973,10240,2547194515,2620630,512,2662,764,8,32.468799
1,1,10,"q10_case2",974,10240,2549815433,2620918,512,2660,763,8,32.507820
1,1,10,"q10_case2",975,10240,2552435853,2620420,512,2658,763,8,32.547853
1,1,10,"q10_case2",976,10240,2555056275,2620422,512,2656,762,8,32.585042
1,1,10,"q10_case2",977,10240,2557676693,2620418,512,2654,762,8,32.620623
1,1,10,"q10_case2",978,10240,2560297575,2620882,512,2652,762,8,32.657881
1,1,10,"q10_case2",979,10240,2562917993,2620418,512,2650,762,8,32.697702
1,1,10,"q10_case2",980,10240,2565538769,2620776,512,2648,762,8,32.737999
1,1,10,"q10_case2",981,10240,2568159174,2620405,512,2646,762,8,32.779080
1,1,10,"q10_case2",982,10240,2570779787,2620613,512,2644,762,8,32.821916
1,1,10,"q10_case2",983,10240,2573400443,2620656,512,2642,762,8,32.859773
1,1,10,"q10_case2",984,10240,2576021091,2620648,512,2640,762,8,32.900742
1,1,10,"q10_case2",985,10240,2578641540,2620449,512,2638,761,8,32.941571
1,1,10,"q10_case2",986,10240,2581262072,2620532,512,2636,761,8,32.982118
1,1,10,"q10_case2",987,10240,2583882995,2620923,512,2634,760,8,33.023698
1,1,10,"q10_case2",988,10240,2586503416,2620421,512,2632,760,8,33.063594
1,1,10,"q10_case2",989,10240,2589124297,2620881,512,2630,760,8,33.104246
1,1,10,"q10_case2",990,10240,2591744715,2620418,512,2628,760,8,33.141601
1,1,10,"q10_case2",991,10240,2594365126,2620411,512,2626,760,8,33.178283
1,1,10,"q10_case2",992,10240,2596985561,2620435,512,2624,760,8,33.218975
1,1,10,"q10_case2",993,10240,2599606160,2620599,512,2622,759,8,33.257972
1,1,10,"q10_case2",994,10240,2602226667,2620507,512,2620,759,8,33.294786
1,1,10,"q10_case2",995,10240,2604847553,2620886,512,2618,758,8,33.367308
1,1,10,"q10_case2",996,10240,2607467677,2620124,512,2616,758,8,33.406798
1,1,10,"q10_case2",997,10240,2610088576,2620899,512,2614,757,8,33.453284
1,1,10,"q10_case2",998,10240,2612708919,2620343,512,2612,757,8,33.491186
1,1,10,"q10_case2",999,10240,2615329799,2620880,512,2610,756,8,33.531521
1,1,10,"q10_case2",1000,10240,2617950219,2620420,512,2608,756,8,33.566295
1,1,10,"q10_case2",1001,10240,2620571099,2620880,512,2606,756,8,33.607695
1,1,10,"q10_case2",1002,10240,2623191518,2620419,512,2604,756,8,33.649721
1,1,10,"q10_case2",1003,10240,2625811935,2620417,512,2602,756,8,33.691931
1,1,10,"q10_case2",1004,10240,2628432375,2620440,512,2600,756,8,33.734209
1,1,10,"q10_case2",1005,10240,2631052988,2620613,512,2598,755,8,33.773398
1,1,10,"q10_case2",1006,10240,2633673439,2620451,512,2596,755,8,33.816881
1,1,10,"q10_case2",1007,10240,2636294314,2620875,512,2594,755,8,33.864027
1,1,10,"q10_case2",1008,10240,2638914284,2619970,512,2592,754,8,33.902086
1,1,10,"q10_case2",1009,10240,2641534423,2620139,512,2590,754,8,33.949952
1,1,10,"q10_case2",1010,10240,2644155323,2620900,512,2588,754,8,33.991432
1,1,10,"q10_case2",1011,10240,2646775572,2620249,512,2586,754,8,34.034505
1,1,10,"q10_case2",1012,10240,2649395746,2620174,512,2584,754,8,34.072146
1,1,10,"q10_case2",1013,10240,2652015856,2620110,512,2582,754,8,34.110179
1,1,10,"q10_case2",1014,10240,2654636218,2620362,512,2580,754,8,34.146821
1,1,10,"q10_case2",1015,10240,2657256633,2620415,512,2578,754,8,34.183232
1,1,10,"q10_case2",1016,10240,2659877018,2620385,512,2576,753,8,34.219992
1,1,10,"q10_case2",1017,10240,2662497456,2620438,512,2574,753,8,34.268179
1,1,10,"q10_case2",1018,10240,2665118378,2620922,512,2572,752,8,34.309637
1,1,10,"q10_case2",1019,10240,2667738799,2620421,512,2570,752,8,34.359169
1,1,10,"q10_case2",1020,10240,2670359679,2620880,512,2568,752,8,34.398888
1,1,10,"q10_case2",1021,10240,2672980097,2620418,512,2566,752,8,34.440200
1,1,10,"q10_case2",1022,10240,2675600505,2620408,512,2564,752,8,34.477818
1,1,10,"q10_case2",1023,10240,2678221194,2620689,512,2562,752,8,34.517071
1,1,10,"q10_case2",1024,10240,2680841678,2620484,512,2560,752,8,34.557559
1,1,10,"q10_case2",1025,10240,2683462195,2620517,512,2558,751,8,34.736283
1,1,10,"q10_case2",1026,10240,2686082753,2620558,512,2556,751,8,34.777870
1,1,10,"q10_case2",1027,10240,2688703671,2620918,512,2554,751,8,34.820636
1,1,10,"q10_case2",1028,10240,2691324090,2620419,512,2552,751,8,34.862147
1,1,10,"q10_case2",1029,10240,2693944870,2620780,512,2550,751,8,34.901799
1,1,10,"q10_case2",1030,10240,2696565592,2620722,512,2548,751,8,34.945289
1,1,10,"q10_case2",1031,10240,2699186206,2620614,512,2546,750,8,34.984185
1,1,10,"q10_case2",1032,10240,2701806733,2620527,512,2544,750,8,35.024770
1,1,10,"q10_case2",1033,10240,2704427651,2620918,512,2542,749,8,35.062938
1,1,10,"q10_case2",1034,10240,2707048072,2620421,512,2540,749,8,35.102841
1,1,10,"q10_case2",1035,10240,2709668957,2620885,512,2538,748,8,35.140739
1,1,10,"q10_case2",1036,10240,2712289380,2620423,512,2536,748,8,35.182119
1,1,10,"q10_case2",1037,10240,2714910264,2620884,512,2534,747,8,35.222172
1,1,10,"q10_case2",1038,10240,2717530684,2620420,512,2532,747,8,35.272093
1,1,10,"q10_case2",1039,10240,2720151562,2620878,512,2530,747,8,35.311475
1,1,10,"q10_case2",1040,10240,2722771981,2620419,512,2528,747,8,35.397249
1,1,10,"q10_case2",1041,10240,2725392394,2620413,512,2526,747,8,35.437813
1,1,10,"q10_case2",1042,10240,2728012822,2620428,512,2524,747,8,35.475741
1,1,10,"q10_case2",1043,10240,2730633398,2620576,512,2522,747,8,35.513585
1,1,10,"q10_case2",1044,10240,2733253946,2620548,512,2520,747,8,35.558380
1,1,10,"q10_case2",1045,10240,2735874455,2620509,512,2518,747,8,35.598736
1,1,10,"q10_case2",1046,10240,2738494944,2620489,512,2516,747,8,35.638571
1,1,10,"q10_case2",1047,10240,2741115404,2620460,512,2514,747,8,35.685871
1,1,10,"q10_case2",1048,10240,2743735903,2620499,512,2512,747,8,35.725785
1,1,10,"q10_case2",1049,10240,2746356303,2620400,512,2510,746,8,35.771304
1,1,10,"q10_case2",1050,10240,2748976627,2620324,512,2508,746,8,35.815257
1,1,10,"q10_case2",1051,10240,2751597548,2620921,512,2506,745,8,35.854192
1,1,10,"q10_case2",1052,10240,2754217972,2620424,512,2504,745,8,35.886884
1,1,10,"q10_case2",1053,10240,2756838850,2620878,512,2502,745,8,35.926004
1,1,10,"q10_case2",1054,10240,2759459277,2620427,512,2500,745,8,35.963718
1,1,10,"q10_case2",1055,10240,2762079715,2620438,512,2498,745,8,36.005978
1,1,10,"q10_case2",1056,10240,2764700397,2620682,512,2496,744,8,36.047767
1,1,10,"q10_case2",1057,10240,2767320878,2620481,512,2494,744,8,36.087897
1,1,10,"q10_case2",1058,10240,2769941796,2620918,512,2492,743,8,36.127200
1,1,10,"q10_case2",1059,10240,2772562223,2620427,512,2490,743,8,36.166595
1,1,10,"q10_case2",1060,10240,2775183108,2620885,512,2488,743,8,36.206283
1,1,10,"q10_case2",1061,10240,2777803533,2620425,512,2486,743,8,36.247321
1,1,10,"q10_case2",1062,10240,2780423960,2620427,512,2484,742,8,36.287749
1,1,10,"q10_case2",1063,10240,2783044371,2620411,512,2482,742,8,36.328369
1,1,10,"q10_case2",1064,10240,2785664941,2620570,512,2480,742,8,36.368053
1,1,10,"q10_case2",1065,10240,2788285343,2620402,512,2478,742,8,36.406354
1,1,10,"q10_case2",1066,10240,2790906074,2620731,512,2476,742,8,36.447439
1,1,10,"q10_case2",1067,10240,2793526738,2620664,512,2474,741,8,36.487121
1,1,10,"q10_case2",1068,10240,2796147338,2620600,512,2472,741,8,36.528017
1,1,10,"q10_case2",1069,10240,2798768261,2620923,512,2470,740,8,36.570528
1,1,10,"q10_case2",1070,10240,2801388691,2620430,512,2468,739,8,36.608916
1,1,10,"q10_case2",1071,10240,2804009571,2620880,512,2466,739,8,36.650841
1,1,10,"q10_case2",1072,10240,2806630399,2620828,512,2464,738,8,36.744469
1,1,10,"q10_case2",1073,10240,2809250826,2620427,512,2462,738,8,36.784008
1,1,10,"q10_case2",1074,10240,2811871705,2620879,512,2460,737,8,36.823255
1,1,10,"q10_case2",1075,10240,2814492153,2620448,512,2458,737,8,36.862390
1,1,10,"q10_case2",1076,10240,2817113038,2620885,512,2456,736,8,36.907146
1,1,10,"q10_case2",1077,10240,2819733466,2620428,512,2454,736,8,36.945968
1,1,10,"q10_case2",1078,10240,2822354347,2620881,512,2452,736,8,36.985557
1,1,10,"q10_case2",1079,10240,2824974807,2620460,512,2450,736,8,37.022217
1,1,10,"q10_case2",1080,10240,2827595252,2620445,512,2448,735,8,37.059885
1,1,10,"q10_case2",1081,10240,2830215670,2620418,512,2446,735,8,37.102927
1,1,10,"q10_case2",1082,10240,2832836210,2620540,512,2444,735,8,37.143543
1,1,10,"q10_case2",1083,10240,2835456614,2620404,512,2442,735,8,37.182466
1,1,10,"q10_case2",1084,10240,2838077149,2620535,512,2440,735,8,37.222746
1,1,10,"q10_case2",1085,10240,2840697662,2620513,512,2438,734,8,37.263703
1,1,10,"q10_case2",1086,10240,2843318335,2620673,512,2436,733,8,37.304812
1,1,10,"q10_case2",1087,10240,2845939255,2620920,512,2434,733,8,37.345132
1,1,10,"q10_case2",1088,10240,2848559676,2620421,512,2432,732,8,37.385280
1,1,10,"q10_case2",1089,10240,2851180099,2620423,512,2430,732,8,37.425892
1,1,10,"q10_case2",1090,10240,2853800981,2620882,512,2428,732,8,37.466705
1,1,10,"q10_case2",1091,10240,2856421398,2620417,512,2426,732,8,37.534867
1,1,10,"q10_case2",1092,10240,2859042177,2620779,512,2424,732,8,37.581284
1,1,10,"q10_case2",1093,10240,2861662623,2620446,512,2422,732,8,37.621533
1,1,10,"q10_case2",1094,10240,2864283019,2620396,512,2420,732,7,37.662389
1,1,10,"q10_case2",1095,10240,2866903669,2620650,512,2418,732,7,37.726775
1,1,10,"q10_case2",1096,10240,2869524587,2620918,512,2416,731,7,37.765968
1,1,10,"q10_case2",1097,10240,2872145028,2620441,512,2414,731,7,37.810252
1,1,10,"q10_case2",1098,10240,2874765913,2620885,512,2412,731,7,37.852536
1,1,10,"q10_case2",1099,10240,2877386369,2620456,512,2410,731,7,37.890061
1,1,10,"q10_case2",1100,10240,2880006814,2620445,512,2408,731,7,37.929600
1,1,10,"q10_case2",1101,10240,2882627426,2620612,512,2406,730,7,37.969196
1,1,10,"q10_case2",1102,10240,2885247978,2620552,512,2404,730,7,38.010288
1,1,10,"q10_case2",1103,10240,2887868896,2620918,512,2402,729,7,38.048868
1,1,10,"q10_case2",1104,10240,2890489346,2620450,512,2400,728,7,38.085128
1,1,10,"q10_case2",1105,10240,2893110231,2620885,512,2398,728,7,38.129302
1,1,10,"q10_case2",1106,10240,2895731089,2620858,512,2396,727,7,38.169111
1,1,10,"q10_case2",1107,10240,2898351521,2620432,512,2394,726,7,38.219432
1,1,10,"q10_case2",1108,10240,2900972396,2620875,512,2392,726,7,38.256602
1,1,10,"q10_case2",1109,10240,2903593213,2620817,512,2390,725,7,38.295393
1,1,10,"q10_case2",1110,10240,2906213642,2620429,512,2388,725,7,38.337929
1,1,10,"q10_case2",1111,10240,2908834526,2620884,512,2386,724,7,38.379682
1,1,10,"q10_case2",1112,10240,2911455021,2620495,512,2384,724,7,38.421284
1,1,10,"q10_case2",1113,10240,2914075900,2620879,512,2382,723,7,38.461191
1,1,10,"q10_case2",1114,10240,2916696330,2620430,512,2380,723,7,38.498104
1,1,10,"q10_case2",1115,10240,2919317208,2620878,512,2378,723,7,38.535181
1,1,10,"q10_case2",1116,10240,2921937681,2620473,512,2376,723,7,38.577319
1,1,10,"q10_case2",1117,10240,2924558144,2620463,512,2374,722,7,38.640017
1,1,10,"q10_case2",1118,10240,2927178662,2620518,512,2372,722,7,38.682077
1,1,10,"q10_case2",1119,10240,2929799555,2620893,512,2370,721,7,38.723926
1,1,10,"q10_case2",1120,10240,2932419995,2620440,512,2368,721,7,38.761091
1,1,10,"q10_case2",1121,10240,2935040847,2620852,512,2366,720,7,38.808544
1,1,10,"q10_case2",1122,10240,2937661270,2620423,512,2364,720,7,38.849532
1,1,10,"q10_case2",1123,10240,2940282149,2620879,512,2362,720,7,38.892524
1,1,10,"q10_case2",1124,10240,2942902570,2620421,512,2360,720,7,38.935196
1,1,10,"q10_case2",1125,10240,2945522985,2620415,512,2358,720,7,38.973172
1,1,10,"q10_case2",1126,10240,2948143678,2620693,512,2356,720,7,39.009049
1,1,10,"q10_case2",1127,10240,2950764316,2620638,512,2354,719,7,39.048267
1,1,10,"q10_case2",1128,10240,2953384892,2620576,512,2352,719,7,39.087852
1,1,10,"q10_case2",1129,10240,2956005739,2620847,512,2350,718,7,39.125911
1,1,10,"q10_case2",1130,10240,2958626163,2620424,512,2348,718,7,39.164014
1,1,10,"q10_case2",1131,10240,2961247045,2620882,512,2346,718,7,39.200924
1,1,10,"q10_case2",1132,10240,2963867477,2620432,512,2344,718,7,39.238266
1,1,10,"q10_case2",1133,10240,2966487905,2620428,512,2342,717,7,39.275994
1,1,10,"q10_case2",1134,10240,2969108513,2620608,512,2340,717,7,39.317768
1,1,10,"q10_case2",1135,10240,2971729410,2620897,512,2338,717,7,39.358987
1,1,10,"q10_case2",1136,10240,2974349834,2620424,512,2336,717,7,39.400389
1,1,10,"q10_case2",1137,10240,2976970239,2620405,512,2334,717,7,39.445883
1,1,10,"q10_case2",1138,10240,2979590923,2620684,512,2332,717,7,39.487574
1,1,10,"q10_case2",1139,10240,2982211527,2620604,512,2330,716,7,39.529828
1,1,10,"q10_case2",1140,10240,2984832145,2620618,512,2328,716,7,39.571582
1,1,10,"q10_case2",1141,10240,2987453070,2620925,512,2326,715,7,39.610055
1,1,10,"q10_case2",1142,10240,2990073662,2620592,512,2324,715,7,39.650852
1,1,10,"q10_case2",1143,10240,2992694561,2620899,512,2322,714,7,39.693836
1,1,10,"q10_case2",1144,10240,2995315000,2620439,512,2320,714,7,39.731615
1,1,10,"q10_case2",1145,10240,2997935881,2620881,512,2318,713,7,39.770786
1,1,10,"q10_case2",1146,10240,3000556326,2620445,512,2316,713,7,39.823255
1,1,10,"q10_case2",1147,10240,3003177212,2620886,512,2314,713,7,39.864656
1,1,10,"q10_case2",1148,10240,3005797645,2620433,512,2312,713,7,39.904620
1,1,10,"q10_case2",1149,10240,3008418075,2620430,512,2310,713,7,39.944539
1,1,10,"q10_case2",1150,10240,3011038498,2620423,512,2308,713,7,39.982144
1,1,10,"q10_case2",1151,10240,3013659070,2620572,512,2306,713,7,40.021985
1,1,10,"q10_case2",1152,10240,3016279599,2620529,512,2304,713,7,40.064795
1,1,10,"q10_case2",1153,10240,3018900208,2620609,512,2302,713,7,40.102219
1,1,10,"q10_case2",1154,10240,3021520850,2620642,512,2300,713,7,40.140772
1,1,10,"q10_case2",1155,10240,3024141533,2620683,512,2298,712,7,40.181889
1,1,10,"q10_case2",1156,10240,3026762208,2620675,512,2296,712,7,40.222998
1,1,10,"q10_case2",1157,10240,3029383090,2620882,512,2294,711,7,40.261002
1,1,10,"q10_case2",1158,10240,3032003526,2620436,512,2292,711,7,40.306251
1,1,10,"q10_case2",1159,10240,3034624411,2620885,512,2290,710,7,40.347084
1,1,10,"q10_case2",1160,10240,3037244867,2620456,512,2288,710,7,40.405336
1,1,10,"q10_case2",1161,10240,3039865673,2620806,512,2286,709,7,40.448101
1,1,10,"q10_case2",1162,10240,3042486102,2620429,512,2284,709,7,40.489192
1,1,10,"q10_case2",1163,10240,3045106983,2620881,512,2282,709,7,40.532072
1,1,10,"q10_case2",1164,10240,3047727427,2620444,512,2280,709,7,40.583967
1,1,10,"q10_case2",1165,10240,3050347850,2620423,512,2278,709,7,40.622500
1,1,10,"q10_case2",1166,10240,3052968360,2620510,512,2276,708,7,40.659770
1,1,10,"q10_case2",1167,10240,3055588995,2620635,512,2274,708,7,40.697190
1,1,10,"q10_case2",1168,10240,3058209850,2620855,512,2272,707,7,40.738515
1,1,10,"q10_case2",1169,10240,3060830278,2620428,512,2270,707,7,40.777320
1,1,10,"q10_case2",1170,10240,3063451169,2620891,512,2268,706,7,40.818883
1,1,10,"q10_case2",1171,10240,3066071613,2620444,512,2266,706,7,40.858201
1,1,10,"q10_case2",1172,10240,3068692496,2620883,512,2264,706,7,40.898114
1,1,10,"q10_case2",1173,10240,3071312934,2620438,512,2262,706,7,40.938179
1,1,10,"q10_case2",1174,10240,3073933356,2620422,512,2260,706,7,40.977193
1,1,10,"q10_case2",1175,10240,3076553857,2620501,512,2258,706,7,41.014575
1,1,10,"q10_case2",1176,10240,3079174519,2620662,512,2256,706,7,41.051779
1,1,10,"q10_case2",1177,10240,3081795014,2620495,512,2254,706,7,41.089275
1,1,10,"q10_case2",1178,10240,3084415517,2620503,512,2252,705,7,41.130104
1,1,10,"q10_case2",1179,10240,3087035999,2620482,512,2250,705,7,41.170885
1,1,10,"q10_case2",1180,10240,3089656767,2620768,512,2248,704,7,41.210765
1,1,10,"q10_case2",1181,10240,3092277190,2620423,512,2246,704,7,41.251123
1,1,10,"q10_case2",1182,10240,3094898070,2620880,512,2244,704,7,41.290186
1,1,10,"q10_case2",1183,10240,3097518499,2620429,512,2242,704,7,41.330878
1,1,10,"q10_case2",1184,10240,3100138921,2620422,512,2240,704,7,41.371992
1,1,10,"q10_case2",1185,10240,3102759492,2620571,512,2238,704,7,41.416224
1,1,10,"q10_case2",1186,10240,3105380036,2620544,512,2236,703,7,41.461547
1,1,10,"q10_case2",1187,10240,3108000606,2620570,512,2234,703,7,41.500661
1,1,10,"q10_case2",1188,10240,3110621532,2620926,512,2232,703,7,41.540407
1,1,10,"q10_case2",1189,10240,3113241960,2620428,512,2230,703,7,41.582581
1,1,10,"q10_case2",1190,10240,3115862733,2620773,512,2228,703,7,41.627245
1,1,10,"q10_case2",1191,10240,3118483386,2620653,512,2226,702,7,41.669588
1,1,10,"q10_case2",1192,10240,3121104006,2620620,512,2224,702,7,41.711435
1,1,10,"q10_case2",1193,10240,3123724924,2620918,512,2222,702,7,41.749423
1,1,10,"q10_case2",1194,10240,3126345364,2620440,512,2220,702,7,41.786768
1,1,10,"q10_case2",1195,10240,3128965821,2620457,512,2218,701,7,41.825938
1,1,10,"q10_case2",1196,10240,3131586261,2620440,512,2216,701,7,41.866002
1,1,10,"q10_case2",1197,10240,3134206845,2620584,512,2214,701,7,41.909729
1,1,10,"q10_case2",1198,10240,3136827269,2620424,512,2212,701,7,41.947505
1,1,10,"q10_case2",1199,10240,3139447756,2620487,512,2210,701,7,41.988950
1,1,10,"q10_case2",1200,10240,3142068191,2620435,512,2208,701,7,42.027832
1,1,10,"q10_case2",1201,10240,3144688578,2620387,512,2206,700,7,42.064858
1,1,10,"q10_case2",1202,10240,3147308819,2620241,512,2204,700,7,42.106595
1,1,10,"q10_case2",1203,10240,3149929737,2620918,512,2202,700,7,42.143906
1,1,10,"q10_case2",1204,10240,3152550170,2620433,512,2200,700,7,42.187851
1,1,10,"q10_case2",1205,10240,3155170610,2620440,512,2198,700,7,42.230038
1,1,10,"q10_case2",1206,10240,3157791027,2620417,512,2196,699,7,42.271950
1,1,10,"q10_case2",1207,10240,3160411687,2620660,512,2194,699,7,42.329815
1,1,10,"q10_case2",1208,10240,3163032450,2620763,512,2192,698,7,42.372219
1,1,10,"q10_case2",1209,10240,3165652876,2620426,512,2190,698,7,42.412719
1,1,10,"q10_case2",1210,10240,3168273754,2620878,512,2188,698,7,42.453960
1,1,10,"q10_case2",1211,10240,3170894186,2620432,512,2186,697,7,42.494849
1,1,10,"q10_case2",1212,10240,3173514956,2620770,512,2184,697,7,42.538074
1,1,10,"q10_case2",1213,10240,3176135815,2620859,512,2182,696,7,42.578764
1,1,10,"q10_case2",1214,10240,3178756242,2620427,512,2180,696,7,42.616649
1,1,10,"q10_case2",1215,10240,3181377121,2620879,512,2178,696,7,42.658383
1,1,10,"q10_case2",1216,10240,3183997552,2620431,512,2176,695,7,42.697919
1,1,10,"q10_case2",1217,10240,3186618313,2620761,512,2174,695,7,42.736740
1,1,10,"q10_case2",1218,10240,3189239173,2620860,512,2172,694,7,42.776383
1,1,10,"q10_case2",1219,10240,3191859599,2620426,512,2170,693,7,42.821547
1,1,10,"q10_case2",1220,10240,3194480481,2620882,512,2168,693,7,42.858062
1,1,10,"q10_case2",1221,10240,3197101136,2620655,512,2166,692,7,42.897540
1,1,10,"q10_case2",1222,10240,3199721536,2620400,512,2164,692,7,42.935058
1,1,10,"q10_case2",1223,10240,3202342414,2620878,512,2162,692,7,42.973845
1,1,10,"q10_case2",1224,10240,3204962852,2620438,512,2160,692,7,43.019054
1,1,10,"q10_case2",1225,10240,3207583610,2620758,512,2158,692,7,43.062469
1,1,10,"q10_case2",1226,10240,3210204375,2620765,512,2156,692,7,43.101783
1,1,10,"q10_case2",1227,10240,3212824842,2620467,512,2154,691,7,43.137846
1,1,10,"q10_case2",1228,10240,3215445402,2620560,512,2152,691,7,43.175611
1,1,10,"q10_case2",1229,10240,3218066320,2620918,512,2150,691,7,43.210945
1,1,10,"q10_case2",1230,10240,3220686761,2620441,512,2148,691,7,43.248095
1,1,10,"q10_case2",1231,10240,3223307163,2620402,512,2146,690,7,43.286225
1,1,10,"q10_case2",1232,10240,3225927324,2620161,512,2144,690,7,43.328872
1,1,10,"q10_case2",1233,10240,3228548224,2620900,512,2142,689,7,43.368620
1,1,10,"q10_case2",1234,10240,3231168663,2620439,512,2140,689,7,43.410162
1,1,10,"q10_case2",1235,10240,3233789555,2620892,512,2138,688,7,43.453209
1,1,10,"q10_case2",1236,10240,3236409986,2620431,512,2136,688,7,43.494592
1,1,10,"q10_case2",1237,10240,3239030866,2620880,512,2134,688,7,43.538090
1,1,10,"q10_case2",1238,10240,3241651296,2620430,512,2132,688,7,43.575598
1,1,10,"q10_case2",1239,10240,3244271725,2620429,512,2130,688,7,43.614193
1,1,10,"q10_case2",1240,10240,3246892241,2620516,512,2128,687,7,43.654501
1,1,10,"q10_case2",1241,10240,3249512847,2620606,512,2126,687,7,43.693898
1,1,10,"q10_case2",1242,10240,3252133767,2620920,512,2124,686,7,43.737856
1,1,10,"q10_case2",1243,10240,3254754061,2620294,512,2122,686,7,43.778831
1,1,10,"q10_case2",1244,10240,3257374949,2620888,512,2120,685,7,43.820458
1,1,10,"q10_case2",1245,10240,3259995387,2620438,512,2118,685,7,43.856382
1,1,10,"q10_case2",1246,10240,3262616271,2620884,512,2116,685,7,43.894936
1,1,10,"q10_case2",1247,10240,3265236717,2620446,512,2114,684,7,43.932448
1,1,10,"q10_case2",1248,10240,3267857247,2620530,512,2112,684,7,43.970484
1,1,10,"q10_case2",1249,10240,3270477893,2620646,512,2110,683,7,44.012661
1,1,10,"q10_case2",1250,10240,3273098321,2620428,512,2108,683,7,44.054350
1,1,10,"q10_case2",1251,10240,3275719204,2620883,512,2106,683,7,44.093015
1,1,10,"q10_case2",1252,10240,3278339646,2620442,512,2104,683,7,44.133669
1,1,10,"q10_case2",1253,10240,3280960091,2620445,512,2102,682,7,44.183460
1,1,10,"q10_case2",1254,10240,3283580743,2620652,512,2100,682,7,44.223178
1,1,10,"q10_case2",1255,10240,3286201483,2620740,512,2098,681,7,44.273797
1,1,10,"q10_case2",1256,10240,3288821913,2620430,512,2096,680,7,44.315324
1,1,10,"q10_case2",1257,10240,3291442798,2620885,512,2094,680,7,44.364175
1,1,10,"q10_case2",1258,10240,3294063387,2620589,512,2092,679,7,44.472286
1,1,10,"q10_case2",1259,10240,3296683767,2620380,512,2090,679,7,44.511762
1,1,10,"q10_case2",1260,10240,3299304641,2620874,512,2088,678,7,44.555533
1,1,10,"q10_case2",1261,10240,3301925104,2620463,512,2086,678,7,44.591854
1,1,10,"q10_case2",1262,10240,3304545992,2620888,512,2084,677,7,44.629143
1,1,10,"q10_case2",1263,10240,3307166446,2620454,512,2082,677,7,44.666100
1,1,10,"q10_case2",1264,10240,3309787333,2620887,512,2080,677,7,44.702549
1,1,10,"q10_case2",1265,10240,3312407774,2620441,512,2078,677,7,44.740566
1,1,10,"q10_case2",1266,10240,3315028533,2620759,512,2076,677,7,44.782984
1,1,10,"q10_case2",1267,10240,3317649251,2620718,512,2074,676,7,44.823000
1,1,10,"q10_case2",1268,10240,3320269817,2620566,512,2072,676,7,44.877061
1,1,10,"q10_case2",1269,10240,3322890739,2620922,512,2070,676,7,44.915561
1,1,10,"q10_case2",1270,10240,3325511179,2620440,512,2068,675,7,44.958507
1,1,10,"q10_case2",1271,10240,3328131471,2620292,512,2066,674,7,45.000479
1,1,10,"q10_case2",1272,10240,3330752369,2620898,512,2064,674,7,45.044785
1,1,10,"q10_case2",1273,10240,3333373062,2620693,512,2062,673,7,45.085031
1,1,10,"q10_case2",1274,10240,3335993471,2620409,512,2060,673,7,45.125750
1,1,10,"q10_case2",1275,10240,3338614362,2620891,512,2058,673,7,45.177246
1,1,10,"q10_case2",1276,10240,3341234797,2620435,512,2056,673,7,45.218279
1,1,10,"q10_case2",1277,10240,3343855064,2620267,512,2054,673,7,45.258998
1,1,10,"q10_case2",1278,10240,3346475424,2620360,512,2052,673,7,45.300703
1,1,10,"q10_case2",1279,10240,3349095815,2620391,512,2050,673,7,45.341464
1,1,10,"q10_case2",1280,10240,3351716242,2620427,512,2048,673,7,45.379150
1,1,10,"q10_case2",1281,10240,3354336640,2620398,512,2046,672,7,45.419482
1,1,10,"q10_case2",1282,10240,3356956994,2620354,512,2044,672,7,45.457631
1,1,10,"q10_case2",1283,10240,3359577538,2620544,512,2042,671,7,45.501712
1,1,10,"q10_case2",1284,10240,3362197967,2620429,512,2040,671,7,45.542971
1,1,10,"q10_case2",1285,10240,3364818845,2620878,512,2038,671,7,45.581879
1,1,10,"q10_case2",1286,10240,3367439276,2620431,512,2036,671,7,45.622048
1,1,10,"q10_case2",1287,10240,3370059716,2620440,512,2034,671,7,45.659255
1,1,10,"q10_case2",1288,10240,3372680186,2620470,512,2032,671,7,45.697678
1,1,10,"q10_case2",1289,10240,3375300711,2620525,512,2030,670,7,45.743901
1,1,10,"q10_case2",1290,10240,3377921190,2620479,512,2028,670,7,45.784328
1,1,10,"q10_case2",1291,10240,3380541948,2620758,512,2026,669,7,45.824329
1,1,10,"q10_case2",1292,10240,3383162414,2620466,512,2024,669,7,45.862344
1,1,10,"q10_case2",1293,10240,3385783303,2620889,512,2022,668,7,45.896079
1,1,10,"q10_case2",1294,10240,3388403724,2620421,512,2020,668,7,45.933115
1,1,10,"q10_case2",1295,10240,3391024604,2620880,512,2018,668,7,45.970908
1,1,10,"q10_case2",1296,10240,3393645023,2620419,512,2016,668,7,46.013465
1,1,10,"q10_case2",1297,10240,3396265449,2620426,512,2014,667,7,46.056040
1,1,10,"q10_case2",1298,10240,3398886124,2620675,512,2012,667,7,46.095180
1,1,10,"q10_case2",1299,10240,3401507019,2620895,512,2010,667,7,46.134410
1,1,10,"q10_case2",1300,10240,3404127457,2620438,512,2008,667,7,46.179588
1,1,10,"q10_case2",1301,10240,3406748227,2620770,512,2006,667,7,46.221781
1,1,10,"q10_case2",1302,10240,3409368921,2620694,512,2004,666,7,46.262090
1,1,10,"q10_case2",1303,10240,3411989633,2620712,512,2002,666,7,46.301056
1,1,10,"q10_case2",1304,10240,3414609985,2620352,512,2000,665,7,46.337066
1,1,10,"q10_case2",1305,10240,3417230356,2620371,512,1998,665,7,46.374244
1,1,10,"q10_case2",1306,10240,3419851250,2620894,512,1996,665,7,46.414097
1,1,10,"q10_case2",1307,10240,3422471682,2620432,512,1994,664,7,46.454840
1,1,10,"q10_case2",1308,10240,3425092113,2620431,512,1992,664,7,46.495511
1,1,10,"q10_case2",1309,10240,3427712781,2620668,512,1990,663,7,46.542356
1,1,10,"q10_case2",1310,10240,3430333207,2620426,512,1988,663,7,46.588122
1,1,10,"q10_case2",1311,10240,3432954090,2620883,512,1986,662,7,46.629447
1,1,10,"q10_case2",1312,10240,3435574523,2620433,512,1984,662,7,46.667613
1,1,10,"q10_case2",1313,10240,3438195079,2620556,512,1982,662,7,46.703483
1,1,10,"q10_case2",1314,10240,3440815504,2620425,512,1980,662,7,46.742569
1,1,10,"q10_case2",1315,10240,3443435669,2620165,512,1978,662,7,46.781304
1,1,10,"q10_case2",1316,10240,3446055855,2620186,512,1976,662,7,46.821544
1,1,10,"q10_case2",1317,10240,3448676109,2620254,512,1974,662,7,46.854417
1,1,10,"q10_case2",1318,10240,3451296407,2620298,512,1972,662,7,46.892831
1,1,10,"q10_case2",1319,10240,3453916808,2620401,512,1970,661,7,46.934664
1,1,10,"q10_case2",1320,10240,3456537275,2620467,512,1968,661,7,46.976233
1,1,10,"q10_case2",1321,10240,3459158189,2620914,512,1966,661,7,47.019521
1,1,10,"q10_case2",1322,10240,3461778607,2620418,512,1964,661,7,47.058144
1,1,10,"q10_case2",1323,10240,3464399021,2620414,512,1962,661,7,47.108666
1,1,10,"q10_case2",1324,10240,3467019381,2620360,512,1960,661,7,47.151036
1,1,10,"q10_case2",1325,10240,3469639746,2620365,512,1958,659,7,47.208601
1,1,10,"q10_case2",1326,10240,3472260121,2620375,512,1956,659,7,47.247402
1,1,10,"q10_case2",1327,10240,3474881023,2620902,512,1954,658,7,47.287023
1,1,10,"q10_case2",1328,10240,3477501152,2620129,512,1952,658,7,47.327317
1,1,10,"q10_case2",1329,10240,3480121487,2620335,512,1950,657,7,47.368757
1,1,10,"q10_case2",1330,10240,3482741907,2620420,512,1948,657,7,47.408172
1,1,10,"q10_case2",1331,10240,3485362340,2620433,512,1946,656,7,47.448006
1,1,10,"q10_case2",1332,10240,3487982761,2620421,512,1944,656,7,47.487067
1,1,10,"q10_case2",1333,10240,3490603619,2620858,512,1942,656,7,47.528938
1,1,10,"q10_case2",1334,10240,3493224041,2620422,512,1940,656,7,47.565260
1,1,10,"q10_case2",1335,10240,3495844455,2620414,512,1938,656,7,47.605809
1,1,10,"q10_case2",1336,10240,3498465135,2620680,512,1936,656,7,47.644008
1,1,10,"q10_case2",1337,10240,3501085807,2620672,512,1934,654,7,47.683682
1,1,10,"q10_case2",1338,10240,3503706296,2620489,512,1932,654,7,47.732408
1,1,10,"q10_case2",1339,10240,3506326816,2620520,512,1930,654,7,47.766891
1,1,10,"q10_case2",1340,10240,3508947240,2620424,512,1928,654,7,47.805588
1,1,10,"q10_case2",1341,10240,3511567381,2620141,512,1926,654,7,47.843463
1,1,10,"q10_case2",1342,10240,3514187561,2620180,512,1924,654,7,47.884855
1,1,10,"q10_case2",1343,10240,3516808035,2620474,512,1922,653,7,47.953817
1,1,10,"q10_case2",1344,10240,3519428547,2620512,512,1920,653,7,47.994819
1,1,10,"q10_case2",1345,10240,3522049203,2620656,512,1918,653,7,48.039949
1,1,10,"q10_case2",1346,10240,3524669624,2620421,512,1916,653,7,48.085631
1,1,10,"q10_case2",1347,10240,3527289682,2620058,512,1914,653,7,48.132439
1,1,10,"q10_case2",1348,10240,3529909877,2620195,512,1912,653,7,48.174042
1,1,10,"q10_case2",1349,10240,3532530218,2620341,512,1910,653,7,48.216575
1,1,10,"q10_case2",1350,10240,3535150602,2620384,512,1908,652,7,48.256283
1,1,10,"q10_case2",1351,10240,3537770957,2620355,512,1906,652,7,48.296836
1,1,10,"q10_case2",1352,10240,3540391870,2620913,512,1904,651,7,48.335693
1,1,10,"q10_case2",1353,10240,3543012072,2620202,512,1902,651,7,48.376455
1,1,10,"q10_case2",1354,10240,3545632544,2620472,512,1900,651,7,48.419830
1,1,10,"q10_case2",1355,10240,3548252965,2620421,512,1898,650,7,48.459801
1,1,10,"q10_case2",1356,10240,3550872994,2620029,512,1896,649,7,48.500164
1,1,10,"q10_case2",1357,10240,3553493346,2620352,512,1894,648,7,48.540101
1,1,10,"q10_case2",1358,10240,3556113961,2620615,512,1892,648,7,48.578398
1,1,10,"q10_case2",1359,10240,3558734332,2620371,512,1890,648,7,48.617830
1,1,10,"q10_case2",1360,10240,3561354499,2620167,512,1888,647,7,48.656006
1,1,10,"q10_case2",1361,10240,3563974615,2620116,512,1886,647,7,48.694016
1,1,10,"q10_case2",1362,10240,3566595456,2620841,512,1884,647,7,48.733409
1,1,10,"q10_case2",1363,10240,3569215883,2620427,512,1882,646,7,48.772304
1,1,10,"q10_case2",1364,10240,3571836274,2620391,512,1880,646,7,48.834052
1,1,10,"q10_case2",1365,10240,3574457154,2620880,512,1878,646,7,48.875583
1,1,10,"q10_case2",1366,10240,3577077598,2620444,512,1876,645,7,48.940063
1,1,10,"q10_case2",1367,10240,3579697882,2620284,512,1874,645,7,48.975783
1,1,10,"q10_case2",1368,10240,3582318764,2620882,512,1872,645,7,49.017791
1,1,10,"q10_case2",1369,10240,3584939183,2620419,512,1870,644,7,49.064086
1,1,10,"q10_case2",1370,10240,3587559419,2620236,512,1868,644,7,49.102629
1,1,10,"q10_case2",1371,10240,3590180308,2620889,512,1866,644,7,49.142621
1,1,10,"q10_case2",1372,10240,3592800725,2620417,512,1864,644,7,49.180850
1,1,10,"q10_case2",1373,10240,3595421207,2620482,512,1862,643,7,49.224350
1,1,10,"q10_case2",1374,10240,3598041862,2620655,512,1860,643,7,49.264530
1,1,10,"q10_case2",1375,10240,3600662632,2620770,512,1858,643,7,49.303602
1,1,10,"q10_case2",1376,10240,3603283050,2620418,512,1856,643,7,49.341878
1,1,10,"q10_case2",1377,10240,3605903390,2620340,512,1854,643,7,49.379913
1,1,10,"q10_case2",1378,10240,3608523807,2620417,512,1852,642,7,49.424615
1,1,10,"q10_case2",1379,10240,3611144333,2620526,512,1850,642,7,49.461615
1,1,10,"q10_case2",1380,10240,3613764908,2620575,512,1848,641,7,49.500858
1,1,10,"q10_case2",1381,10240,3616385318,2620410,512,1846,641,7,49.539473
1,1,10,"q10_case2",1382,10240,3619005650,2620332,512,1844,641,7,49.577568
1,1,10,"q10_case2",1383,10240,3621626066,2620416,512,1842,641,7,49.613891
1,1,10,"q10_case2",1384,10240,3624246165,2620099,512,1840,641,7,49.653250
1,1,10,"q10_case2",1385,10240,3626866322,2620157,512,1838,641,7,49.694944
1,1,10,"q10_case2",1386,10240,3629486507,2620185,512,1836,641,7,49.730953
1,1,10,"q10_case2",1387,10240,3632106823,2620316,512,1834,641,7,49.769404
1,1,10,"q10_case2",1388,10240,3634727284,2620461,512,1832,641,7,49.812447
1,1,10,"q10_case2",1389,10240,3637347808,2620524,512,1830,641,7,49.856745
1,1,10,"q10_case2",1390,10240,3639968353,2620545,512,1828,640,7,49.894704
1,1,10,"q10_case2",1391,10240,3642588859,2620506,512,1826,640,7,49.940264
1,1,10,"q10_case2",1392,10240,3645209353,2620494,512,1824,639,7,49.981825
1,1,10,"q10_case2",1393,10240,3647829780,2620427,512,1822,639,7,50.022229
1,1,10,"q10_case2",1394,10240,3650450101,2620321,512,1820,639,7,50.062186
1,1,10,"q10_case2",1395,10240,3653070523,2620422,512,1818,638,7,50.101347
1,1,10,"q10_case2",1396,10240,3655690510,2619987,512,1816,638,7,50.142430
1,1,10,"q10_case2",1397,10240,3658310798,2620288,512,1814,637,7,50.183825
1,1,10,"q10_case2",1398,10240,3660931223,2620425,512,1812,637,7,50.234790
1,1,10,"q10_case2",1399,10240,3663551530,2620307,512,1810,637,7,50.276117
1,1,10,"q10_case2",1400,10240,3666171949,2620419,512,1808,637,7,50.354086
1,1,10,"q10_case2",1401,10240,3668791931,2619982,512,1806,637,7,50.391027
1,1,10,"q10_case2",1402,10240,3671412040,2620109,512,1804,637,7,50.432228
1,1,10,"q10_case2",1403,10240,3674032311,2620271,512,1802,636,7,50.473711
1,1,10,"q10_case2",1404,10240,3676652751,2620440,512,1800,636,7,50.546487
1,1,10,"q10_case2",1405,10240,3679273238,2620487,512,1798,636,7,50.587489
1,1,10,"q10_case2",1406,10240,3681893673,2620435,512,1796,636,7,50.631011
1,1,10,"q10_case2",1407,10240,3684513659,2619986,512,1794,636,7,50.674656
1,1,10,"q10_case2",1408,10240,3687133743,2620084,512,1792,635,7,50.744904
1,1,10,"q10_case2",1409,10240,3689754104,2620361,512,1790,634,7,50.788518
1,1,10,"q10_case2",1410,10240,3692375016,2620912,512,1788,634,7,50.828088
1,1,10,"q10_case2",1411,10240,3694995477,2620461,512,1786,635,6,50.872307
1,1,10,"q10_case2",1412,10240,3697615626,2620149,512,1784,635,6,50.911536
1,1,10,"q10_case2",1413,10240,3700235831,2620205,512,1782,634,6,50.952104
1,1,10,"q10_case2",1414,10240,3702856264,2620433,512,1780,634,6,50.990554
1,1,10,"q10_case2",1415,10240,3705476539,2620275,512,1778,634,6,51.036477
1,1,10,"q10_case2",1416,10240,3708096969,2620430,512,1776,634,6,51.083434
1,1,10,"q10_case2",1417,10240,3710716979,2620010,512,1774,633,6,51.130713
1,1,10,"q10_case2",1418,10240,3713337213,2620234,512,1772,632,6,51.168580
1,1,10,"q10_case2",1419,10240,3715957615,2620402,512,1770,632,6,51.208350
1,1,10,"q10_case2",1420,10240,3718578051,2620436,512,1768,632,6,51.249020
1,1,10,"q10_case2",1421,10240,3721198141,2620090,512,1766,632,6,51.285938
1,1,10,"q10_case2",1422,10240,3723818217,2620076,512,1764,632,6,51.337486
1,1,10,"q10_case2",1423,10240,3726438293,2620076,512,1762,631,6,51.377253
1,1,10,"q10_case2",1424,10240,3729058584,2620291,512,1760,631,6,51.417224
1,1,10,"q10_case2",1425,10240,3731679445,2620861,512,1758,631,6,51.456777
1,1,10,"q10_case2",1426,10240,3734299862,2620417,512,1756,630,6,51.494635
1,1,10,"q10_case2",1427,10240,3736920194,2620332,512,1754,630,6,51.536437
1,1,10,"q10_case2",1428,10240,3739540590,2620396,512,1752,630,6,51.575071
1,1,10,"q10_case2",1429,10240,3742161011,2620421,512,1750,629,6,51.617024
1,1,10,"q10_case2",1430,10240,3744781000,2619989,512,1748,629,6,51.660962
1,1,10,"q10_case2",1431,10240,3747401213,2620213,512,1746,629,6,51.703499
1,1,10,"q10_case2",1432,10240,3750021649,2620436,512,1744,629,6,51.742353
1,1,10,"q10_case2",1433,10240,3752641626,2619977,512,1742,629,6,51.781873
1,1,10,"q10_case2",1434,10240,3755261737,2620111,512,1740,629,6,51.823687
1,1,10,"q10_case2",1435,10240,3757882086,2620349,512,1738,628,6,51.863151
1,1,10,"q10_case2",1436,10240,3760502491,2620405,512,1736,628,6,51.899932
1,1,10,"q10_case2",1437,10240,3763123015,2620524,512,1734,627,6,51.937392
1,1,10,"q10_case2",1438,10240,3765743460,2620445,512,1732,626,6,51.977344
1,1,10,"q10_case2",1439,10240,3768363666,2620206,512,1730,626,6,52.016032
1,1,10,"q10_case2",1440,10240,3770984093,2620427,512,1728,625,6,52.055519
1,1,10,"q10_case2",1441,10240,3773604191,2620098,512,1726,625,6,52.097222
1,1,10,"q10_case2",1442,10240,3776224401,2620210,512,1724,625,6,52.137201
1,1,10,"q10_case2",1443,10240,3778844827,2620426,512,1722,625,6,52.175168
1,1,10,"q10_case2",1444,10240,3781464892,2620065,512,1720,625,6,52.214405
1,1,10,"q10_case2",1445,10240,3784084963,2620071,512,1718,624,6,52.260085
1,1,10,"q10_case2",1446,10240,3786705024,2620061,512,1716,624,6,52.299110
1,1,10,"q10_case2",1447,10240,3789325282,2620258,512,1714,623,6,52.342581
1,1,10,"q10_case2",1448,10240,3791945725,2620443,512,1712,623,6,52.381847
1,1,10,"q10_case2",1449,10240,3794566128,2620403,512,1710,623,6,52.421120
1,1,10,"q10_case2",1450,10240,3797186555,2620427,512,1708,623,6,52.461044
1,1,10,"q10_case2",1451,10240,3799806736,2620181,512,1706,622,6,52.503854
1,1,10,"q10_case2",1452,10240,3802426817,2620081,512,1704,622,6,52.542813
1,1,10,"q10_case2",1453,10240,3805047161,2620344,512,1702,622,6,52.586329
1,1,10,"q10_case2",1454,10240,3807667598,2620437,512,1700,622,6,52.627552
1,1,10,"q10_case2",1455,10240,3810287669,2620071,512,1698,621,6,52.665363
1,1,10,"q10_case2",1456,10240,3812907814,2620145,512,1696,621,6,52.702309
1,1,10,"q10_case2",1457,10240,3815528019,2620205,512,1694,620,6,52.749316
1,1,10,"q10_case2",1458,10240,3818148466,2620447,512,1692,620,6,52.790863
1,1,10,"q10_case2",1459,10240,3820768906,2620440,512,1690,619,6,52.832964
1,1,10,"q10_case2",1460,10240,3823389334,2620428,512,1688,618,6,52.875893
1,1,10,"q10_case2",1461,10240,3826010023,2620689,512,1686,618,6,52.915444
1,1,10,"q10_case2",1462,10240,3828630361,2620338,512,1684,617,6,52.955994
1,1,10,"q10_case2",1463,10240,3831250551,2620190,512,1682,617,6,52.996824
1,1,10,"q10_case2",1464,10240,3833870775,2620224,512,1680,617,6,53.041788
1,1,10,"q10_case2",1465,10240,3836491206,2620431,512,1678,617,6,53.080418
1,1,10,"q10_case2",1466,10240,3839111267,2620061,512,1676,616,6,53.119248
1,1,10,"q10_case2",1467,10240,3841731442,2620175,512,1674,616,6,53.159611
1,1,10,"q10_case2",1468,10240,3844351619,2620177,512,1672,616,6,53.197736
1,1,10,"q10_case2",1469,10240,3846972052,2620433,512,1670,616,6,53.237220
1,1,10,"q10_case2",1470,10240,3849592101,2620049,512,1668,616,6,53.281120
1,1,10,"q10_case2",1471,10240,3852212173,2620072,512,1666,616,6,53.318735
1,1,10,"q10_case2",1472,10240,3854832244,2620071,512,1664,615,6,53.357035
1,1,10,"q10_case2",1473,10240,3857452470,2620226,512,1662,615,6,53.395600
1,1,10,"q10_case2",1474,10240,3860072776,2620306,512,1660,614,6,53.433684
1,1,10,"q10_case2",1475,10240,3862693238,2620462,512,1658,614,6,53.477610
1,1,10,"q10_case2",1476,10240,3865313502,2620264,512,1656,614,6,53.516257
1,1,10,"q10_case2",1477,10240,3867933931,2620429,512,1654,614,6,53.557277
1,1,10,"q10_case2",1478,10240,3870553962,2620031,512,1652,614,6,53.592985
1,1,10,"q10_case2",1479,10240,3873174011,2620049,512,1650,614,6,53.630603
1,1,10,"q10_case2",1480,10240,3875794134,2620123,512,1648,614,6,53.671534
1,1,10,"q10_case2",1481,10240,3878414348,2620214,512,1646,613,6,53.717904
1,1,10,"q10_case2",1482,10240,3881034714,2620366,512,1644,613,6,53.772916
1,1,10,"q10_case2",1483,10240,3883655035,2620321,512,1642,613,6,53.815073
1,1,10,"q10_case2",1484,10240,3886275501,2620466,512,1640,612,6,53.855196
1,1,10,"q10_case2",1485,10240,3888895542,2620041,512,1638,612,6,53.893475
1,1,10,"q10_case2",1486,10240,3891515757,2620215,512,1636,612,6,53.929975
1,1,10,"q10_case2",1487,10240,3894136211,2620454,512,1634,612,6,53.982372
1,1,10,"q10_case2",1488,10240,3896756187,2619976,512,1632,611,6,54.022532
1,1,10,"q10_case2",1489,10240,3899376193,2620006,512,1630,611,6,54.061472
1,1,10,"q10_case2",1490,10240,3901996453,2620260,512,1628,611,6,54.100131
1,1,10,"q10_case2",1491,10240,3904616894,2620441,512,1626,611,6,54.140631
1,1,10,"q10_case2",1492,10240,3907236856,2619962,512,1624,611,6,54.177071
1,1,10,"q10_case2",1493,10240,3909856844,2619988,512,1622,610,6,54.216850
1,1,10,"q10_case2",1494,10240,3912477060,2620216,512,1620,610,6,54.258584
1,1,10,"q10_case2",1495,10240,3915097435,2620375,512,1618,609,6,54.298657
1,1,10,"q10_case2",1496,10240,3917717895,2620460,512,1616,609,6,54.337013
1,1,10,"q10_case2",1497,10240,3920338002,2620107,512,1614,609,6,54.375135
1,1,10,"q10_case2",1498,10240,3922958454,2620452,512,1612,608,6,54.413184
1,1,10,"q10_case2",1499,10240,3925578502,2620048,512,1610,608,6,54.470343
1,1,10,"q10_case2",1500,10240,3928198749,2620247,512,1608,607,6,54.510011
1,1,10,"q10_case2",1501,10240,3930819208,2620459,512,1606,607,6,54.551338
1,1,10,"q10_case2",1502,10240,3933439430,2620222,512,1604,606,6,54.593811
1,1,10,"q10_case2",1503,10240,3936059859,2620429,512,1602,606,6,54.638416
1,1,10,"q10_case2",1504,10240,3938680005,2620146,512,1600,606,6,54.704380
1,1,10,"q10_case2",1505,10240,3941300428,2620423,512,1598,606,6,54.744417
1,1,10,"q10_case2",1506,10240,3943920452,2620024,512,1596,606,6,54.785263
1,1,10,"q10_case2",1507,10240,3946540487,2620035,512,1594,606,6,54.828648
1,1,10,"q10_case2",1508,10240,3949160506,2620019,512,1592,606,6,54.868599
1,1,10,"q10_case2",1509,10240,3951780646,2620140,512,1590,606,6,54.908522
1,1,10,"q10_case2",1510,10240,3954400989,2620343,512,1588,606,6,54.947453
1,1,10,"q10_case2",1511,10240,3957021423,2620434,512,1586,605,6,54.992375
1,1,10,"q10_case2",1512,10240,3959641914,2620491,512,1584,605,6,55.031535
1,1,10,"q10_case2",1513,10240,3962262412,2620498,512,1582,605,6,55.079406
1,1,10,"q10_case2",1514,10240,3964882888,2620476,512,1580,604,6,55.120233
1,1,10,"q10_case2",1515,10240,3967502925,2620037,512,1578,604,6,55.159208
1,1,10,"q10_case2",1516,10240,3970123117,2620192,512,1576,604,6,55.204617
1,1,10,"q10_case2",1517,10240,3972743584,2620467,512,1574,603,6,55.242102
1,1,10,"q10_case2",1518,10240,3975363615,2620031,512,1572,603,6,55.283101
1,1,10,"q10_case2",1519,10240,3977983815,2620200,512,1570,603,6,55.324214
1,1,10,"q10_case2",1520,10240,3980604281,2620466,512,1568,602,6,55.366938
1,1,10,"q10_case2",1521,10240,3983224315,2620034,512,1566,602,6,55.412184
1,1,10,"q10_case2",1522,10240,3985844545,2620230,512,1564,602,6,55.468144
1,1,10,"q10_case2",1523,10240,3988465016,2620471,512,1562,602,6,55.511419
1,1,10,"q10_case2",1524,10240,3991085057,2620041,512,1560,602,6,55.550323
1,1,10,"q10_case2",1525,10240,3993705206,2620149,512,1558,602,6,55.587723
1,1,10,"q10_case2",1526,10240,3996325596,2620390,512,1556,601,6,55.623578
1,1,10,"q10_case2",1527,10240,3998945891,2620295,512,1554,601,6,55.659608
1,1,10,"q10_case2",1528,10240,4001566209,2620318,512,1552,601,6,55.694592
1,1,10,"q10_case2",1529,10240,4004186805,2620596,512,1550,601,6,55.729576
1,1,10,"q10_case2",1530,10240,4006807047,2620242,512,1548,601,6,55.766242
1,1,10,"q10_case2",1531,10240,4009427299,2620252,512,1546,601,6,55.806928
1,1,10,"q10_case2",1532,10240,4012047441,2620142,512,1544,600,6,55.844931
1,1,10,"q10_case2",1533,10240,4014667769,2620328,512,1542,600,6,55.885335
1,1,10,"q10_case2",1534,10240,4017288470,2620701,512,1540,599,6,55.939483
1,1,10,"q10_case2",1535,10240,4019908732,2620262,512,1538,599,6,55.978379
1,1,10,"q10_case2",1536,10240,4022529078,2620346,512,1536,599,6,56.016506
1,1,10,"q10_case2",1537,10240,4025149557,2620479,512,1534,598,6,56.054088
1,1,10,"q10_case2",1538,10240,4027769674,2620117,512,1532,598,6,56.090739
1,1,10,"q10_case2",1539,10240,4030389901,2620227,512,1530,597,6,56.127727
1,1,10,"q10_case2",1540,10240,4033010374,2620473,512,1528,597,6,56.167609
1,1,10,"q10_case2",1541,10240,4035630523,2620149,512,1526,597,6,56.205644
1,1,10,"q10_case2",1542,10240,4038250972,2620449,512,1524,596,6,56.238917
1,1,10,"q10_case2",1543,10240,4040871100,2620128,512,1522,596,6,56.274909
1,1,10,"q10_case2",1544,10240,4043491337,2620237,512,1520,596,6,56.309524
1,1,10,"q10_case2",1545,10240,4046111809,2620472,512,1518,595,6,56.347422
1,1,10,"q10_case2",1546,10240,4048731861,2620052,512,1516,595,6,56.384757
1,1,10,"q10_case2",1547,10240,4051351953,2620092,512,1514,595,6,56.423885
1,1,10,"q10_case2",1548,10240,4053972359,2620406,512,1512,594,6,56.485635
1,1,10,"q10_case2",1549,10240,4056592444,2620085,512,1510,594,6,56.524694
1,1,10,"q10_case2",1550,10240,4059212550,2620106,512,1508,594,6,56.565314
1,1,10,"q10_case2",1551,10240,4061832814,2620264,512,1506,594,6,56.600859
1,1,10,"q10_case2",1552,10240,4064452884,2620070,512,1504,594,6,56.638184
1,1,10,"q10_case2",1553,10240,4067072857,2619973,512,1502,594,6,56.679852
1,1,10,"q10_case2",1554,10240,4069692881,2620024,512,1500,594,6,56.720208
1,1,10,"q10_case2",1555,10240,4072312973,2620092,512,1498,594,6,56.757261
1,1,10,"q10_case2",1556,10240,4074933063,2620090,512,1496,594,6,56.800216
1,1,10,"q10_case2",1557,10240,4077553161,2620098,512,1494,594,6,56.838973
1,1,10,"q10_case2",1558,10240,4080173328,2620167,512,1492,594,6,56.873598
1,1,10,"q10_case2",1559,10240,4082793472,2620144,512,1490,594,6,56.914353
1,1,10,"q10_case2",1560,10240,4085413658,2620186,512,1488,594,6,56.955236
1,1,10,"q10_case2",1561,10240,4088033830,2620172,512,1486,594,6,56.997254
1,1,10,"q10_case2",1562,10240,4090654092,2620262,512,1484,593,6,57.039113
1,1,10,"q10_case2",1563,10240,4093274454,2620362,512,1482,593,6,57.078716
1,1,10,"q10_case2",1564,10240,4095895067,2620613,512,1480,593,6,57.118018
1,1,10,"q10_case2",1565,10240,4098515152,2620085,512,1478,593,6,57.161301
1,1,10,"q10_case2",1566,10240,4101135258,2620106,512,1476,593,6,57.200807
1,1,10,"q10_case2",1567,10240,4103755321,2620063,512,1474,593,6,57.239414
1,1,10,"q10_case2",1568,10240,4106375374,2620053,512,1472,592,6,57.278706
1,1,10,"q10_case2",1569,10240,4108995485,2620111,512,1470,592,6,57.316467
1,1,10,"q10_case2",1570,10240,4111615767,2620282,512,1468,591,6,57.355946
1,1,10,"q10_case2",1571,10240,4114235993,2620226,512,1466,591,6,57.395861
1,1,10,"q10_case2",1572,10240,4116856051,2620058,512,1464,591,6,57.440232
1,1,10,"q10_case2",1573,10240,4119476348,2620297,512,1462,591,6,57.478588
1,1,10,"q10_case2",1574,10240,4122096082,2619734,512,1460,591,6,57.518710
1,1,10,"q10_case2",1575,10240,4124715769,2619687,512,1458,591,6,57.558641
1,1,10,"q10_case2",1576,10240,4127335534,2619765,512,1456,591,6,57.599947
1,1,10,"q10_case2",1577,10240,4129955320,2619786,512,1454,591,6,57.643050
1,1,10,"q10_case2",1578,10240,4132575209,2619889,512,1452,591,6,57.678548
1,1,10,"q10_case2",1579,10240,4135195130,2619921,512,1450,591,6,57.717001
1,1,10,"q10_case2",1580,10240,4137815070,2619940,512,1448,591,6,57.756059
1,1,10,"q10_case2",1581,10240,4140435001,2619931,512,1446,591,6,57.795299
1,1,10,"q10_case2",1582,10240,4143054844,2619843,512,1444,591,6,57.844954
1,1,10,"q10_case2",1583,10240,4145674664,2619820,512,1442,591,6,57.884124
1,1,10,"q10_case2",1584,10240,4148294544,2619880,512,1440,591,6,57.924324
1,1,10,"q10_case2",1585,10240,4150914506,2619962,512,1438,591,6,57.967484
1,1,10,"q10_case2",1586,10240,4153534349,2619843,512,1436,591,6,58.006405
1,1,10,"q10_case2",1587,10240,4156154274,2619925,512,1434,591,6,58.048941
1,1,10,"q10_case2",1588,10240,4158774431,2620157,512,1434,588,6,58.085868
1,1,10,"q10_case2",1589,10240,4161394929,2620498,512,1432,588,6,58.126988
1,1,10,"q10_case2",1590,10240,4164015691,2620762,512,1430,588,6,58.166682
1,1,10,"q10_case2",1591,10240,4166636343,2620652,512,1428,588,6,58.208087
1,1,10,"q10_case2",1592,10240,4169257174,2620831,512,1426,588,6,58.251903
1,1,10,"q10_case2",1593,10240,4171877754,2620580,512,1424,588,6,58.294271
1,1,10,"q10_case2",1594,10240,4174498476,2620722,512,1424,585,6,58.333638
1,1,10,"q10_case2",1595,10240,4177119037,2620561,512,1422,585,6,58.379217
1,1,10,"q10_case2",1596,10240,4179739844,2620807,512,1420,585,6,58.417980
1,1,10,"q10_case2",1597,10240,4182360660,2620816,512,1418,585,6,58.456891
1,1,10,"q10_case2",1598,10240,4184981443,2620783,512,1416,586,6,58.499916
1,1,10,"q10_case2",1599,10240,4187602165,2620722,512,1414,586,6,58.541339
1,1,10,"q10_case2",1600,10240,4190222977,2620812,512,1412,586,6,58.586064
1,1,10,"q10_case2",1601,10240,4192843665,2620688,512,1410,585,6,58.624672
1,1,10,"q10_case2",1602,10240,4195464212,2620547,512,1408,585,6,58.669693
1,1,10,"q10_case2",1603,10240,4198084765,2620553,512,1408,583,6,58.707268
1,1,10,"q10_case2",1604,10240,4200705266,2620501,512,1406,582,6,58.750931
1,1,10,"q10_case2",1605,10240,4203325985,2620719,512,1404,582,6,58.788965
1,1,10,"q10_case2",1606,10240,4205946651,2620666,512,1402,582,6,58.834451
1,1,10,"q10_case2",1607,10240,4208567278,2620627,512,1400,583,6,58.873265
1,1,10,"q10_case2",1608,10240,4211187900,2620622,512,1398,583,6,58.914572
1,1,10,"q10_case2",1609,10240,4213808543,2620643,512,1396,583,6,58.952952
1,1,10,"q10_case2",1610,10240,4216429089,2620546,512,1396,581,5,58.991548
1,1,10,"q10_case2",1611,10240,4219049722,2620633,512,1394,581,5,59.030585
1,1,10,"q10_case2",1612,10240,4221670520,2620798,512,1392,581,5,59.071725
1,1,10,"q10_case2",1613,10240,4224290999,2620479,512,1390,580,6,59.109553
1,1,10,"q10_case2",1614,10240,4226911499,2620500,512,1388,581,6,59.146842
1,1,10,"q10_case2",1615,10240,4229532261,2620762,512,1386,581,6,59.190906
1,1,10,"q10_case2",1616,10240,4232153022,2620761,512,1386,579,5,59.228127
1,1,10,"q10_case2",1617,10240,4234773744,2620722,512,1384,579,5,59.271411
1,1,10,"q10_case2",1618,10240,4237394586,2620842,512,1382,579,5,59.310627
1,1,10,"q10_case2",1619,10240,4240015247,2620661,512,1380,579,5,59.349286
1,1,10,"q10_case2",1620,10240,4242635972,2620725,512,1378,579,6,59.389159
1,1,10,"q10_case2",1621,10240,4245256620,2620648,512,1376,579,6,59.427757
1,1,10,"q10_case2",1622,10240,4247877441,2620821,512,1376,576,5,59.465640
1,1,10,"q10_case2",1623,10240,4250498246,2620805,512,1374,577,5,59.510841
1,1,10,"q10_case2",1624,10240,4253119121,2620875,512,1372,577,5,59.548251
1,1,10,"q10_case2",1625,10240,4255739998,2620877,512,1370,577,5,59.587154
1,1,10,"q10_case2",1626,10240,4258360698,2620700,512,1368,577,6,59.629855
1,1,10,"q10_case2",1627,10240,4260981421,2620723,512,1368,574,5,59.685166
1,1,10,"q10_case2",1628,10240,4263602278,2620857,512,1366,574,5,59.726247
1,1,10,"q10_case2",1629,10240,4266223167,2620889,512,1364,575,5,59.765917
1,1,10,"q10_case2",1630,10240,4268844080,2620913,512,1362,575,5,59.806502
1,1,10,"q10_case2",1631,10240,4271464968,2620888,512,1360,575,6,59.845704
1,1,10,"q10_case2",1632,10240,4274085708,2620740,512,1360,572,5,59.883334
1,1,10,"q10_case2",1633,10240,4276706570,2620862,512,1358,572,5,59.920728
1,1,10,"q10_case2",1634,10240,4279327473,2620903,512,1356,573,5,59.959671
1,1,10,"q10_case2",1635,10240,4281948255,2620782,512,1354,573,5,60.000821
1,1,10,"q10_case2",1636,10240,4284569141,2620886,512,1352,573,5,60.039442
1,1,10,"q10_case2",1637,10240,4287189923,2620782,512,1352,570,5,60.081505
1,1,10,"q10_case2",1638,10240,4289810799,2620876,512,1350,570,5,60.123650
1,1,10,"q10_case2",1639,10240,4292431698,2620899,512,1348,570,5,60.163583
1,1,10,"q10_case2",1640,10240,4295052606,2620908,512,1346,571,5,60.202580
1,1,10,"q10_case2",1641,10240,4297673506,2620900,512,1344,571,5,60.243823
1,1,10,"q10_case2",1642,10240,4300294407,2620901,512,1344,568,5,60.288274
1,1,10,"q10_case2",1643,10240,4302915157,2620750,512,1342,568,5,60.326861
1,1,10,"q10_case2",1644,10240,4305536016,2620859,512,1340,567,5,60.366359
1,1,10,"q10_case2",1645,10240,4308156833,2620817,512,1338,567,5,60.409405
1,1,10,"q10_case2",1646,10240,4310777587,2620754,512,1336,567,5,60.450085
1,1,10,"q10_case2",1647,10240,4313398109,2620522,512,1336,564,5,60.488796
1,1,10,"q10_case2",1648,10240,4316018530,2620421,512,1334,564,5,60.530829
1,1,10,"q10_case2",1649,10240,4318639226,2620696,512,1332,564,5,60.571664
1,1,10,"q10_case2",1650,10240,4321259703,2620477,512,1330,565,5,60.606290
1,1,10,"q10_case2",1651,10240,4323880185,2620482,512,1328,565,5,60.643469
1,1,10,"q10_case2",1652,10240,4326500916,2620731,512,1328,562,5,60.684054
1,1,10,"q10_case2",1653,10240,4329121567,2620651,512,1326,562,5,60.735007
1,1,10,"q10_case2",1654,10240,4331742412,2620845,512,1324,562,5,60.774989
1,1,10,"q10_case2",1655,10240,4334363098,2620686,512,1322,563,5,60.816216
1,1,10,"q10_case2",1656,10240,4336983691,2620593,512,1320,564,5,60.851794
1,1,10,"q10_case2",1657,10240,4339604485,2620794,512,1320,560,5,60.887773
1,1,10,"q10_case2",1658,10240,4342225355,2620870,512,1318,560,5,60.923906
1,1,10,"q10_case2",1659,10240,4344846269,2620914,512,1316,561,5,60.965507
1,1,10,"q10_case2",1660,10240,4347467133,2620864,512,1314,562,5,61.005010
1,1,10,"q10_case2",1661,10240,4350088038,2620905,512,1312,564,5,61.045003
1,1,10,"q10_case2",1662,10240,4352708958,2620920,512,1312,558,5,61.085624
1,1,10,"q10_case2",1663,10240,4355329886,2620928,512,1310,559,5,61.128653
1,1,10,"q10_case2",1664,10240,4357950804,2620918,512,1308,560,5,61.166923
1,1,10,"q10_case2",1665,10240,4360571711,2620907,512,1306,561,5,61.205207
1,1,10,"q10_case2",1666,10240,4363192628,2620917,512,1304,562,5,61.243199
1,1,10,"q10_case2",1667,10240,4365813549,2620921,512,1302,562,5,61.285568
1,1,10,"q10_case2",1668,10240,4368434427,2620878,512,1300,562,5,61.322546
1,1,10,"q10_case2",1669,10240,4371055089,2620662,512,1298,561,5,61.356756
1,1,10,"q10_case2",1670,10240,4373675735,2620646,512,1298,559,5,61.395375
1,1,10,"q10_case2",1671,10240,4376296251,2620516,512,1296,559,5,61.441814
1,1,10,"q10_case2",1672,10240,4378917073,2620822,512,1294,558,5,61.481260
1,1,10,"q10_case2",1673,10240,4381537931,2620858,512,1292,559,5,61.521910
1,1,10,"q10_case2",1674,10240,4384158724,2620793,512,1292,556,5,61.563545
1,1,10,"q10_case2",1675,10240,4386779587,2620863,512,1290,555,5,61.605555
1,1,10,"q10_case2",1676,10240,4389400496,2620909,512,1288,556,5,61.646425
1,1,10,"q10_case2",1677,10240,4392021377,2620881,512,1286,557,5,61.684239
1,1,10,"q10_case2",1678,10240,4394642298,2620921,512,1286,553,5,61.725183
1,1,10,"q10_case2",1679,10240,4397263209,2620911,512,1284,554,5,61.763897
1,1,10,"q10_case2",1680,10240,4399884133,2620924,512,1282,554,5,61.807370
1,1,10,"q10_case2",1681,10240,4402505052,2620919,512,1280,555,5,61.852910
1,1,10,"q10_case2",1682,10240,4405125973,2620921,512,1280,552,5,61.892959
1,1,10,"q10_case2",1683,10240,4407746884,2620911,512,1278,552,5,61.937697
1,1,10,"q10_case2",1684,10240,4410367804,2620920,512,1276,552,5,61.977623
1,1,10,"q10_case2",1685,10240,4412988679,2620875,512,1274,554,5,62.020173
1,1,10,"q10_case2",1686,10240,4415609594,2620915,512,1274,550,5,62.059273
1,1,10,"q10_case2",1687,10240,4418230497,2620903,512,1272,549,5,62.096803
1,1,10,"q10_case2",1688,10240,4420851417,2620920,512,1270,551,5,62.137916
1,1,10,"q10_case2",1689,10240,4423472282,2620865,512,1268,551,5,62.173613
1,1,10,"q10_case2",1690,10240,4426093207,2620925,512,1266,551,5,62.209554
1,1,10,"q10_case2",1691,10240,4428713981,2620774,512,1266,548,5,62.250594
1,1,10,"q10_case2",1692,10240,4431334558,2620577,512,1264,548,5,62.288618
1,1,10,"q10_case2",1693,10240,4433955345,2620787,512,1262,548,5,62.332816
1,1,10,"q10_case2",1694,10240,4436575917,2620572,512,1260,549,5,62.371576
1,1,10,"q10_case2",1695,10240,4439196464,2620547,512,1258,549,5,62.421008
1,1,10,"q10_case2",1696,10240,4441817280,2620816,512,1256,549,5,62.462576
1,1,10,"q10_case2",1697,10240,4444438002,2620722,512,1256,546,5,62.505330
1,1,10,"q10_case2",1698,10240,4447058525,2620523,512,1254,546,5,62.547236
1,1,10,"q10_case2",1699,10240,4449679303,2620778,512,1252,546,5,62.589534
1,1,10,"q10_case2",1700,10240,4452300019,2620716,512,1250,547,5,62.631485
1,1,10,"q10_case2",1701,10240,4454920598,2620579,512,1250,543,5,62.671301
1,1,10,"q10_case2",1702,10240,4457541418,2620820,512,1248,543,5,62.709521
1,1,10,"q10_case2",1703,10240,4460162324,2620906,512,1246,544,5,62.748647
1,1,10,"q10_case2",1704,10240,4462783045,2620721,512,1244,546,5,62.787654
1,1,10,"q10_case2",1705,10240,4465403937,2620892,512,1244,541,5,62.831620
1,1,10,"q10_case2",1706,10240,4468024843,2620906,512,1242,540,5,62.872168
1,1,10,"q10_case2",1707,10240,4470645766,2620923,512,1240,543,5,62.912732
1,1,10,"q10_case2",1708,10240,4473266683,2620917,512,1238,545,5,62.952410
1,1,10,"q10_case2",1709,10240,4475887609,2620926,512,1238,538,5,62.989101
1,1,10,"q10_case2",1710,10240,4478508529,2620920,512,1236,538,5,63.028088
1,1,10,"q10_case2",1711,10240,4481129452,2620923,512,1234,542,5,63.066122
1,1,10,"q10_case2",1712,10240,4483750366,2620914,512,1232,544,5,63.105821
1,1,10,"q10_case2",1713,10240,4486371293,2620927,512,1232,536,5,63.148035
1,1,10,"q10_case2",1714,10240,4488992212,2620919,512,1230,537,5,63.186461
1,1,10,"q10_case2",1715,10240,4491613131,2620919,512,1228,540,5,63.227999
1,1,10,"q10_case2",1716,10240,4494234049,2620918,512,1226,539,5,63.269197
1,1,10,"q10_case2",1717,10240,4496854965,2620916,512,1226,535,5,63.310282
1,1,10,"q10_case2",1718,10240,4499475628,2620663,512,1224,536,5,63.350178
1,1,10,"q10_case2",1719,10240,4502096499,2620871,512,1222,536,5,63.389745
1,1,10,"q10_case2",1720,10240,4504717393,2620894,512,1220,537,5,63.431107
1,1,10,"q10_case2",1721,10240,4507338227,2620834,512,1220,534,5,63.469884
1,1,10,"q10_case2",1722,10240,4509959121,2620894,512,1218,533,5,63.510443
1,1,10,"q10_case2",1723,10240,4512580027,2620906,512,1216,534,5,63.555059
1,1,10,"q10_case2",1724,10240,4515200870,2620843,512,1214,536,5,63.593615
1,1,10,"q10_case2",1725,10240,4517821771,2620901,512,1214,531,5,63.631986
1,1,10,"q10_case2",1726,10240,4520442665,2620894,512,1212,532,5,63.671011
1,1,10,"q10_case2",1727,10240,4523063578,2620913,512,1210,534,5,63.715402
1,1,10,"q10_case2",1728,10240,4525684493,2620915,512,1208,535,5,63.758946
1,1,10,"q10_case2",1729,10240,4528305410,2620917,512,1208,530,5,63.799008
1,1,10,"q10_case2",1730,10240,4530926325,2620915,512,1206,532,5,63.839415
1,1,10,"q10_case2",1731,10240,4533547240,2620915,512,1204,533,5,63.881271
1,1,10,"q10_case2",1732,10240,4536168161,2620921,512,1202,535,5,63.922251
1,1,10,"q10_case2",1733,10240,4538789074,2620913,512,1202,527,5,63.960493
1,1,10,"q10_case2",1734,10240,4541409987,2620913,512,1200,531,5,63.998916
1,1,10,"q10_case2",1735,10240,4544030898,2620911,512,1198,532,5,64.037944
1,1,10,"q10_case2",1736,10240,4546651813,2620915,512,1196,532,5,64.076295
1,1,10,"q10_case2",1737,10240,4549272728,2620915,512,1196,524,5,64.115045
1,1,10,"q10_case2",1738,10240,4551893633,2620905,512,1194,524,5,64.156878
1,1,10,"q10_case2",1739,10240,4554514520,2620887,512,1192,530,5,64.196318
1,1,10,"q10_case2",1740,10240,4557135119,2620599,512,1190,531,5,64.237407
1,1,10,"q10_case2",1741,10240,4559755951,2620832,512,1190,522,5,64.279268
1,1,10,"q10_case2",1742,10240,4562376839,2620888,512,1188,523,5,64.317099
1,1,10,"q10_case2",1743,10240,4564997751,2620912,512,1186,527,5,64.359544
1,1,10,"q10_case2",1744,10240,4567618669,2620918,512,1186,520,5,64.400250
1,1,10,"q10_case2",1745,10240,4570239590,2620921,512,1184,521,5,64.439170
1,1,10,"q10_case2",1746,10240,4572860515,2620925,512,1182,525,5,64.480746
1,1,10,"q10_case2",1747,10240,4575481425,2620910,512,1180,525,5,64.522692
1,1,10,"q10_case2",1748,10240,4578102346,2620921,512,1178,525,5,64.581161
1,1,10,"q10_case2",1749,10240,4580723213,2620867,512,1178,523,5,64.621308
1,1,10,"q10_case2",1750,10240,4583343949,2620736,512,1176,523,5,64.658760
1,1,10,"q10_case2",1751,10240,4585964802,2620853,512,1174,523,5,64.698907
1,1,10,"q10_case2",1752,10240,4588585544,2620742,512,1172,524,5,64.737016
1,1,10,"q10_case2",1753,10240,4591206339,2620795,512,1172,518,5,64.779078
1,1,10,"q10_case2",1754,10240,4593827183,2620844,512,1170,520,5,64.829432
1,1,10,"q10_case2",1755,10240,4596448087,2620904,512,1168,522,5,64.867204
1,1,10,"q10_case2",1756,10240,4599069006,2620919,512,1166,523,5,64.906033
1,1,10,"q10_case2",1757,10240,4601689924,2620918,512,1166,517,5,64.945282
1,1,10,"q10_case2",1758,10240,4604310842,2620918,512,1164,518,5,65.003957
1,1,10,"q10_case2",1759,10240,4606931754,2620912,512,1162,518,5,65.043201
1,1,10,"q10_case2",1760,10240,4609552634,2620880,512,1160,518,5,65.082381
1,1,10,"q10_case2",1761,10240,4612172836,2620202,512,1160,516,5,65.120600
1,1,10,"q10_case2",1762,10240,4614793224,2620388,512,1158,516,5,65.159168
1,1,10,"q10_case2",1763,10240,4617414025,2620801,512,1156,516,5,65.201728
1,1,10,"q10_case2",1764,10240,4620034502,2620477,512,1154,517,5,65.241296
1,1,10,"q10_case2",1765,10240,4622655172,2620670,512,1154,514,5,65.281606
1,1,10,"q10_case2",1766,10240,4625275977,2620805,512,1152,514,5,65.324130
1,1,10,"q10_case2",1767,10240,4627896873,2620896,512,1150,515,5,65.370301
1,1,10,"q10_case2",1768,10240,4630517684,2620811,512,1148,516,5,65.409330
1,1,10,"q10_case2",1769,10240,4633138561,2620877,512,1148,512,5,65.451092
1,1,10,"q10_case2",1770,10240,4635759447,2620886,512,1146,513,5,65.594909
1,1,10,"q10_case2",1771,10240,4638380357,2620910,512,1144,512,5,65.633733
1,1,10,"q10_case2",1772,10240,4641001262,2620905,512,1142,514,5,65.672672
1,1,10,"q10_case2",1773,10240,4643622095,2620833,512,1140,514,5,65.713123
1,1,10,"q10_case2",1774,10240,4646242963,2620868,512,1138,514,5,65.753315
1,1,10,"q10_case2",1775,10240,4648863744,2620781,512,1136,514,5,65.791684
1,1,10,"q10_case2",1776,10240,4651484390,2620646,512,1134,513,5,65.832836
1,1,10,"q10_case2",1777,10240,4654104888,2620498,512,1134,512,5,65.874049
1,1,10,"q10_case2",1778,10240,4656725325,2620437,512,1132,511,5,65.912079
1,1,10,"q10_case2",1779,10240,4659345857,2620532,512,1130,511,5,65.949688
1,1,10,"q10_case2",1780,10240,4661966682,2620825,512,1128,511,5,65.986422
1,1,10,"q10_case2",1781,10240,4664587533,2620851,512,1128,509,5,66.025358
1,1,10,"q10_case2",1782,10240,4667208405,2620872,512,1126,509,5,66.067760
1,1,10,"q10_case2",1783,10240,4669829297,2620892,512,1124,509,5,66.108840
1,1,10,"q10_case2",1784,10240,4672450140,2620843,512,1122,510,5,66.147695
1,1,10,"q10_case2",1785,10240,4675071008,2620868,512,1122,507,5,66.185312
1,1,10,"q10_case2",1786,10240,4677691875,2620867,512,1120,507,5,66.223550
1,1,10,"q10_case2",1787,10240,4680312778,2620903,512,1118,508,5,66.263140
1,1,10,"q10_case2",1788,10240,4682933630,2620852,512,1116,508,5,66.303767
1,1,10,"q10_case2",1789,10240,4685554524,2620894,512,1116,505,5,66.344554
1,1,10,"q10_case2",1790,10240,4688175376,2620852,512,1114,506,5,66.379250
1,1,10,"q10_case2",1791,10240,4690796270,2620894,512,1112,506,5,66.416857
1,1,10,"q10_case2",1792,10240,4693417182,2620912,512,1110,507,5,66.454678
1,1,10,"q10_case2",1793,10240,4696038083,2620901,512,1110,504,5,66.493854
1,1,10,"q10_case2",1794,10240,4698658967,2620884,512,1108,504,5,66.537351
1,1,10,"q10_case2",1795,10240,4701279876,2620909,512,1106,505,5,66.578619
1,1,10,"q10_case2",1796,10240,4703900801,2620925,512,1106,502,5,66.618001
1,1,10,"q10_case2",1797,10240,4706521707,2620906,512,1104,503,5,66.657007
1,1,10,"q10_case2",1798,10240,4709142617,2620910,512,1102,503,5,66.696996
1,1,10,"q10_case2",1799,10240,4711763544,2620927,512,1102,501,5,66.736190
1,1,10,"q10_case2",1800,10240,4714384463,2620919,512,1100,501,5,66.782741
1,1,10,"q10_case2",1801,10240,4717005341,2620878,512,1098,502,5,66.824681
1,1,10,"q10_case2",1802,10240,4719626268,2620927,512,1096,503,5,66.868190
1,1,10,"q10_case2",1803,10240,4722247174,2620906,512,1094,502,5,66.906957
1,1,10,"q10_case2",1804,10240,4724868076,2620902,512,1092,502,5,66.945204
1,1,10,"q10_case2",1805,10240,4727488794,2620718,512,1092,500,5,66.985432
1,1,10,"q10_case2",1806,10240,4730109290,2620496,512,1090,500,5,67.026079
1,1,10,"q10_case2",1807,10240,4732730097,2620807,512,1088,500,5,67.066750
1,1,10,"q10_case2",1808,10240,4735350706,2620609,512,1086,501,5,67.108350
1,1,10,"q10_case2",1809,10240,4737971436,2620730,512,1086,498,5,67.149482
1,1,10,"q10_case2",1810,10240,4740592292,2620856,512,1084,498,5,67.188183
1,1,10,"q10_case2",1811,10240,4743213194,2620902,512,1082,499,5,67.227447
1,1,10,"q10_case2",1812,10240,4745834114,2620920,512,1082,496,5,67.269130
1,1,10,"q10_case2",1813,10240,4748455027,2620913,512,1080,496,5,67.307864
1,1,10,"q10_case2",1814,10240,4751075933,2620906,512,1078,497,5,67.364539
1,1,10,"q10_case2",1815,10240,4753696861,2620928,512,1078,494,5,67.400386
1,1,10,"q10_case2",1816,10240,4756317757,2620896,512,1076,494,5,67.441074
1,1,10,"q10_case2",1817,10240,4758938667,2620910,512,1074,495,5,67.482124
1,1,10,"q10_case2",1818,10240,4761559594,2620927,512,1072,497,5,67.543031
1,1,10,"q10_case2",1819,10240,4764180497,2620903,512,1070,496,5,67.583182
1,1,10,"q10_case2",1820,10240,4766801404,2620907,512,1068,495,5,67.623039
1,1,10,"q10_case2",1821,10240,4769421709,2620305,512,1068,494,5,67.665307
1,1,10,"q10_case2",1822,10240,4772042123,2620414,512,1066,493,5,67.708042
1,1,10,"q10_case2",1823,10240,4774662645,2620522,512,1064,493,5,67.749607
1,1,10,"q10_case2",1824,10240,4777283484,2620839,512,1062,492,5,67.789344
1,1,10,"q10_case2",1825,10240,4779904375,2620891,512,1062,491,5,67.831515
1,1,10,"q10_case2",1826,10240,4782525192,2620817,512,1060,490,5,67.871412
1,1,10,"q10_case2",1827,10240,4785145735,2620543,512,1058,490,5,67.908340
1,1,10,"q10_case2",1828,10240,4787766622,2620887,512,1056,490,5,67.945637
1,1,10,"q10_case2",1829,10240,4790387520,2620898,512,1056,488,5,67.982923
1,1,10,"q10_case2",1830,10240,4793008413,2620893,512,1054,488,5,68.019836
1,1,10,"q10_case2",1831,10240,4795629310,2620897,512,1052,488,5,68.060577
1,1,10,"q10_case2",1832,10240,4798250226,2620916,512,1050,489,5,68.098997
1,1,10,"q10_case2",1833,10240,4800871144,2620918,512,1050,486,5,68.142088
1,1,10,"q10_case2",1834,10240,4803492038,2620894,512,1048,487,5,68.184724
1,1,10,"q10_case2",1835,10240,4806112944,2620906,512,1046,488,5,68.226169
1,1,10,"q10_case2",1836,10240,4808733870,2620926,512,1044,490,5,68.277059
1,1,10,"q10_case2",1837,10240,4811354785,2620915,512,1044,485,5,68.314659
1,1,10,"q10_case2",1838,10240,4813975676,2620891,512,1042,488,5,68.356022
1,1,10,"q10_case2",1839,10240,4816596599,2620923,512,1040,488,5,68.400995
1,1,10,"q10_case2",1840,10240,4819217517,2620918,512,1038,489,5,68.437101
1,1,10,"q10_case2",1841,10240,4821838417,2620900,512,1038,486,5,68.478212
1,1,10,"q10_case2",1842,10240,4824459300,2620883,512,1036,487,5,68.521651
1,1,10,"q10_case2",1843,10240,4827080205,2620905,512,1034,487,5,68.563004
1,1,10,"q10_case2",1844,10240,4829701129,2620924,512,1032,487,5,68.602697
1,1,10,"q10_case2",1845,10240,4832322021,2620892,512,1032,485,5,68.642880
1,1,10,"q10_case2",1846,10240,4834942909,2620888,512,1030,485,5,68.689296
1,1,10,"q10_case2",1847,10240,4837563801,2620892,512,1028,485,5,68.727908
1,1,10,"q10_case2",1848,10240,4840184705,2620904,512,1026,484,5,68.764429
1,1,10,"q10_case2",1849,10240,4842805569,2620864,512,1026,483,5,68.811598
1,1,10,"q10_case2",1850,10240,4845426184,2620615,512,1024,482,5,68.847784
1,1,10,"q10_case2",1851,10240,4848046710,2620526,512,1022,482,5,68.885056
1,1,10,"q10_case2",1852,10240,4850667573,2620863,512,1020,483,5,68.921804
1,1,10,"q10_case2",1853,10240,4853288447,2620874,512,1020,480,5,68.958550
1,1,10,"q10_case2",1854,10240,4855909324,2620877,512,1018,480,5,69.000392
1,1,10,"q10_case2",1855,10240,4858530233,2620909,512,1016,481,5,69.044889
1,1,10,"q10_case2",1856,10240,4861151113,2620880,512,1016,478,5,69.114426
1,1,10,"q10_case2",1857,10240,4863772007,2620894,512,1014,479,5,69.159695
1,1,10,"q10_case2",1858,10240,4866392921,2620914,512,1012,480,5,69.202508
1,1,10,"q10_case2",1859,10240,4869013849,2620928,512,1012,477,5,69.244308
1,1,10,"q10_case2",1860,10240,4871634767,2620918,512,1010,477,5,69.298930
1,1,10,"q10_case2",1861,10240,4874255651,2620884,512,1008,479,5,69.339106
1,1,10,"q10_case2",1862,10240,4876876574,2620923,512,1008,475,5,69.382005
1,1,10,"q10_case2",1863,10240,4879497466,2620892,512,1006,475,5,69.425728
1,1,10,"q10_case2",1864,10240,4882118379,2620913,512,1004,477,5,69.466839
1,1,10,"q10_case2",1865,10240,4884739259,2620880,512,1004,473,5,69.506926
1,1,10,"q10_case2",1866,10240,4887360159,2620900,512,1002,474,5,69.548377
1,1,10,"q10_case2",1867,10240,4889981076,2620917,512,1000,475,5,69.597682
1,1,10,"q10_case2",1868,10240,4892602001,2620925,512,998,477,5,69.635316
1,1,10,"q10_case2",1869,10240,4895222901,2620900,512,998,473,5,69.674883
1,1,10,"q10_case2",1870,10240,4897843810,2620909,512,996,473,5,69.711495
1,1,10,"q10_case2",1871,10240,4900464736,2620926,512,994,475,5,69.750445
1,1,10,"q10_case2",1872,10240,4903085655,2620919,512,994,471,5,69.789657
1,1,10,"q10_case2",1873,10240,4905706547,2620892,512,992,471,5,69.827178
1,1,10,"q10_case2",1874,10240,4908327473,2620926,512,990,474,5,69.868769
1,1,10,"q10_case2",1875,10240,4910948400,2620927,512,988,475,5,69.910370
1,1,10,"q10_case2",1876,10240,4913569282,2620882,512,988,469,5,69.952248
1,1,10,"q10_case2",1877,10240,4916190200,2620918,512,986,473,5,69.994223
1,1,10,"q10_case2",1878,10240,4918811121,2620921,512,984,473,5,70.038925
1,1,10,"q10_case2",1879,10240,4921432045,2620924,512,982,475,5,70.078548
1,1,10,"q10_case2",1880,10240,4924052972,2620927,512,982,471,5,70.119532
1,1,10,"q10_case2",1881,10240,4926673857,2620885,512,980,472,5,70.160320
1,1,10,"q10_case2",1882,10240,4929294783,2620926,512,978,473,5,70.199125
1,1,10,"q10_case2",1883,10240,4931915707,2620924,512,978,468,5,70.240776
1,1,10,"q10_case2",1884,10240,4934536609,2620902,512,976,471,5,70.280987
1,1,10,"q10_case2",1885,10240,4937157505,2620896,512,974,472,5,70.318540
1,1,10,"q10_case2",1886,10240,4939778431,2620926,512,974,466,5,70.358978
1,1,10,"q10_case2",1887,10240,4942399350,2620919,512,972,470,5,70.398251
1,1,10,"q10_case2",1888,10240,4945020244,2620894,512,970,471,5,70.437699
1,1,10,"q10_case2",1889,10240,4947641161,2620917,512,970,465,5,70.478712
1,1,10,"q10_case2",1890,10240,4950262087,2620926,512,968,469,5,70.518809
1,1,10,"q10_case2",1891,10240,4952882969,2620882,512,966,470,5,70.557534
1,1,10,"q10_case2",1892,10240,4955503895,2620926,512,964,470,5,70.600811
1,1,10,"q10_case2",1893,10240,4958124823,2620928,512,964,468,5,70.639566
1,1,10,"q10_case2",1894,10240,4960745720,2620897,512,962,468,5,70.679429
1,1,10,"q10_case2",1895,10240,4963366605,2620885,512,960,468,5,70.718710
1,1,10,"q10_case2",1896,10240,4965987528,2620923,512,960,466,5,70.759841
1,1,10,"q10_case2",1897,10240,4968608444,2620916,512,958,466,5,70.803486
1,1,10,"q10_case2",1898,10240,4971229329,2620885,512,956,467,5,70.841188
1,1,10,"q10_case2",1899,10240,4973850253,2620924,512,956,464,5,70.882053
1,1,10,"q10_case2",1900,10240,4976471162,2620909,512,954,465,5,70.922363
1,1,10,"q10_case2",1901,10240,4979092047,2620885,512,954,463,5,70.965290
1,1,10,"q10_case2",1902,10240,4981712971,2620924,512,952,463,5,71.025205
1,1,10,"q10_case2",1903,10240,4984333867,2620896,512,950,464,5,71.066757
1,1,10,"q10_case2",1904,10240,4986954654,2620787,512,950,461,5,71.154137
1,1,10,"q10_case2",1905,10240,4989575543,2620889,512,948,462,5,71.193583
1,1,10,"q10_case2",1906,10240,4992196430,2620887,512,946,462,5,71.237505
1,1,10,"q10_case2",1907,10240,4994817356,2620926,512,946,460,5,71.276613
1,1,10,"q10_case2",1908,10240,4997438264,2620908,512,944,460,5,71.320025
1,1,10,"q10_case2",1909,10240,5000059150,2620886,512,942,460,5,71.360621
1,1,10,"q10_case2",1910,10240,5002680076,2620926,512,940,460,5,71.399673
1,1,10,"q10_case2",1911,10240,5005300973,2620897,512,940,458,5,71.439214
1,1,10,"q10_case2",1912,10240,5007921708,2620735,512,938,458,5,71.479232
1,1,10,"q10_case2",1913,10240,5010542583,2620875,512,936,458,5,71.516936
1,1,10,"q10_case2",1914,10240,5013163380,2620797,512,936,456,5,71.557854
1,1,10,"q10_case2",1915,10240,5015784277,2620897,512,934,456,5,71.597008
1,1,10,"q10_case2",1916,10240,5018405157,2620880,512,932,456,5,71.636951
1,1,10,"q10_case2",1917,10240,5021026084,2620927,512,932,455,5,71.678659
1,1,10,"q10_case2",1918,10240,5023647002,2620918,512,930,454,5,71.719833
1,1,10,"q10_case2",1919,10240,5026267583,2620581,512,928,454,5,71.761843
1,1,10,"q10_case2",1920,10240,5028888489,2620906,512,928,452,5,71.805325
1,1,10,"q10_case2",1921,10240,5031509394,2620905,512,926,452,5,71.848212
1,1,10,"q10_case2",1922,10240,5034130276,2620882,512,924,453,5,71.889346
1,1,10,"q10_case2",1923,10240,5036751202,2620926,512,924,450,5,71.927296
1,1,10,"q10_case2",1924,10240,5039372113,2620911,512,922,451,5,71.966988
1,1,10,"q10_case2",1925,10240,5041993007,2620894,512,920,451,5,72.009487
1,1,10,"q10_case2",1926,10240,5044613933,2620926,512,920,450,5,72.052805
1,1,10,"q10_case2",1927,10240,5047234847,2620914,512,918,449,5,72.090641
1,1,10,"q10_case2",1928,10240,5049855385,2620538,512,916,450,5,72.131642
1,1,10,"q10_case2",1929,10240,5052476290,2620905,512,916,447,5,72.172535
1,1,10,"q10_case2",1930,10240,5055097193,2620903,512,914,448,5,72.211481
1,1,10,"q10_case2",1931,10240,5057718094,2620901,512,912,449,5,72.248803
1,1,10,"q10_case2",1932,10240,5060339022,2620928,512,910,448,5,72.288674
1,1,10,"q10_case2",1933,10240,5062959921,2620899,512,910,447,5,72.327371
1,1,10,"q10_case2",1934,10240,5065580588,2620667,512,908,446,5,72.377613
1,1,10,"q10_case2",1935,10240,5068201088,2620500,512,906,446,5,72.416659
1,1,10,"q10_case2",1936,10240,5070821959,2620871,512,906,444,5,72.461584
1,1,10,"q10_case2",1937,10240,5073442864,2620905,512,904,444,5,72.500344
1,1,10,"q10_case2",1938,10240,5076063749,2620885,512,902,445,5,72.541630
1,1,10,"q10_case2",1939,10240,5078684659,2620910,512,902,442,5,72.581768
1,1,10,"q10_case2",1940,10240,5081305548,2620889,512,900,443,5,72.621712
1,1,10,"q10_case2",1941,10240,5083926446,2620898,512,900,440,5,72.664300
1,1,10,"q10_case2",1942,10240,5086547357,2620911,512,898,441,5,72.701885
1,1,10,"q10_case2",1943,10240,5089168270,2620913,512,896,442,5,72.740821
1,1,10,"q10_case2",1944,10240,5091789196,2620926,512,896,439,5,72.781572
1,1,10,"q10_case2",1945,10240,5094410110,2620914,512,894,439,5,72.824459
1,1,10,"q10_case2",1946,10240,5097031010,2620900,512,892,440,5,72.862431
1,1,10,"q10_case2",1947,10240,5099651932,2620922,512,890,439,5,72.903056
1,1,10,"q10_case2",1948,10240,5102272808,2620876,512,890,437,5,72.941362
1,1,10,"q10_case2",1949,10240,5104893415,2620607,512,888,437,5,72.982551
1,1,10,"q10_case2",1950,10240,5107514064,2620649,512,886,438,5,73.019606
1,1,10,"q10_case2",1951,10240,5110134956,2620892,512,886,435,5,73.061409
1,1,10,"q10_case2",1952,10240,5112755865,2620909,512,884,436,5,73.100744
1,1,10,"q10_case2",1953,10240,5115376764,2620899,512,882,440,5,73.142721
1,1,10,"q10_case2",1954,10240,5117997690,2620926,512,882,434,5,73.187005
1,1,10,"q10_case2",1955,10240,5120618604,2620914,512,880,435,5,73.225798
1,1,10,"q10_case2",1956,10240,5123239515,2620911,512,878,439,5,73.264555
1,1,10,"q10_case2",1957,10240,5125860441,2620926,512,878,433,5,73.303180
1,1,10,"q10_case2",1958,10240,5128481318,2620877,512,876,434,5,73.343750
1,1,10,"q10_case2",1959,10240,5131102245,2620927,512,874,437,5,73.389048
1,1,10,"q10_case2",1960,10240,5133723169,2620924,512,874,432,5,73.427874
1,1,10,"q10_case2",1961,10240,5136344065,2620896,512,872,432,5,73.468106
1,1,10,"q10_case2",1962,10240,5138964989,2620924,512,870,434,5,73.507694
1,1,10,"q10_case2",1963,10240,5141585885,2620896,512,870,430,5,73.544287
1,1,10,"q10_case2",1964,10240,5144206774,2620889,512,868,432,5,73.584693
1,1,10,"q10_case2",1965,10240,5146827687,2620913,512,866,433,5,73.630280
1,1,10,"q10_case2",1966,10240,5149448613,2620926,512,866,430,5,73.670170
1,1,10,"q10_case2",1967,10240,5152069529,2620916,512,864,431,5,73.707091
1,1,10,"q10_case2",1968,10240,5154690432,2620903,512,862,431,5,73.743643
1,1,10,"q10_case2",1969,10240,5157311355,2620923,512,862,429,5,73.787411
1,1,10,"q10_case2",1970,10240,5159932233,2620878,512,860,429,5,73.833911
1,1,10,"q10_case2",1971,10240,5162553116,2620883,512,860,427,5,73.878556
1,1,10,"q10_case2",1972,10240,5165173998,2620882,512,858,427,5,73.918445
1,1,10,"q10_case2",1973,10240,5167794623,2620625,512,856,427,5,73.956097
1,1,10,"q10_case2",1974,10240,5170415518,2620895,512,856,425,5,73.993684
1,1,10,"q10_case2",1975,10240,5173036439,2620921,512,854,425,5,74.032361
1,1,10,"q10_case2",1976,10240,5175657326,2620887,512,852,425,5,74.069731
1,1,10,"q10_case2",1977,10240,5178278251,2620925,512,852,423,5,74.108244
1,1,10,"q10_case2",1978,10240,5180899120,2620869,512,850,423,5,74.149022
1,1,10,"q10_case2",1979,10240,5183520007,2620887,512,848,425,5,74.206734
1,1,10,"q10_case2",1980,10240,5186140902,2620895,512,848,421,5,74.245476
1,1,10,"q10_case2",1981,10240,5188761803,2620901,512,846,422,5,74.287051
1,1,10,"q10_case2",1982,10240,5191382720,2620917,512,846,419,5,74.327888
1,1,10,"q10_case2",1983,10240,5194003648,2620928,512,844,420,5,74.366062
1,1,10,"q10_case2",1984,10240,5196624541,2620893,512,842,420,5,74.404018
1,1,10,"q10_case2",1985,10240,5199245458,2620917,512,840,418,5,74.442251
1,1,10,"q10_case2",1986,10240,5201866330,2620872,512,840,417,5,74.480411
1,1,10,"q10_case2",1987,10240,5204486796,2620466,512,838,416,5,74.517769
1,1,10,"q10_case2",1988,10240,5207107265,2620469,512,836,417,5,74.557895
1,1,10,"q10_case2",1989,10240,5209728167,2620902,512,834,417,5,74.598597
1,1,10,"q10_case2",1990,10240,5212349063,2620896,512,832,416,5,74.641080
1,1,10,"q10_case2",1991,10240,5214969745,2620682,512,832,415,5,74.682126
1,1,10,"q10_case2",1992,10240,5217590198,2620453,512,830,414,5,74.722860
1,1,10,"q10_case2",1993,10240,5220210670,2620472,512,828,416,5,74.764155
1,1,10,"q10_case2",1994,10240,5222831543,2620873,512,828,412,5,74.806527
1,1,10,"q10_case2",1995,10240,5225452447,2620904,512,826,413,5,74.844765
1,1,10,"q10_case2",1996,10240,5228073366,2620919,512,826,410,5,74.884470
1,1,10,"q10_case2",1997,10240,5230694290,2620924,512,824,411,5,74.921883
1,1,10,"q10_case2",1998,10240,5233315185,2620895,512,824,408,5,74.963574
1,1,10,"q10_case2",1999,10240,5235936110,2620925,512,822,409,5,75.006841
1,1,10,"q10_case2",2000,10240,5238556988,2620878,512,820,411,5,75.046943
1,1,10,"q10_case2",2001,10240,5241177911,2620923,512,820,407,5,75.089391
1,1,10,"q10_case2",2002,10240,5243798808,2620897,512,818,409,5,75.127551
1,1,10,"q10_case2",2003,10240,5246419695,2620887,512,816,412,5,75.167711
1,1,10,"q10_case2",2004,10240,5249040617,2620922,512,816,407,5,75.208033
1,1,10,"q10_case2",2005,10240,5251661512,2620895,512,814,408,5,75.247777
1,1,10,"q10_case2",2006,10240,5254282437,2620925,512,814,405,5,75.287357
1,1,10,"q10_case2",2007,10240,5256903356,2620919,512,812,406,5,75.327621
1,1,10,"q10_case2",2008,10240,5259524246,2620890,512,810,409,5,75.365288
1,1,10,"q10_case2",2009,10240,5262145173,2620927,512,810,404,5,75.403311
1,1,10,"q10_case2",2010,10240,5264766062,2620889,512,808,407,5,75.443593
1,1,10,"q10_case2",2011,10240,5267386978,2620916,512,808,402,5,75.481543
1,1,10,"q10_case2",2012,10240,5270007899,2620921,512,806,405,5,75.523624
1,1,10,"q10_case2",2013,10240,5272628791,2620892,512,804,408,5,75.565325
1,1,10,"q10_case2",2014,10240,5275249715,2620924,512,804,403,5,75.604566
1,1,10,"q10_case2",2015,10240,5277870620,2620905,512,802,404,5,75.642409
1,1,10,"q10_case2",2016,10240,5280491539,2620919,512,800,406,5,75.681075
1,1,10,"q10_case2",2017,10240,5283112462,2620923,512,800,402,5,75.750050
1,1,10,"q10_case2",2018,10240,5285733350,2620888,512,798,404,5,75.792995
1,1,10,"q10_case2",2019,10240,5288354255,2620905,512,798,400,5,75.834982
1,1,10,"q10_case2",2020,10240,5290975178,2620923,512,796,402,5,75.877318
1,1,10,"q10_case2",2021,10240,5293596087,2620909,512,796,398,5,75.921542
1,1,10,"q10_case2",2022,10240,5296217006,2620919,512,794,399,5,75.958349
1,1,10,"q10_case2",2023,10240,5298837916,2620910,512,794,396,5,75.997243
1,1,10,"q10_case2",2024,10240,5301458826,2620910,512,792,397,5,76.043085
1,1,10,"q10_case2",2025,10240,5304079729,2620903,512,792,395,5,76.086992
1,1,10,"q10_case2",2026,10240,5306700627,2620898,512,790,395,5,76.126102
1,1,10,"q10_case2",2027,10240,5309321503,2620876,512,790,393,5,76.162183
1,1,10,"q10_case2",2028,10240,5311942410,2620907,512,788,393,5,76.201789
1,1,10,"q10_case2",2029,10240,5314562970,2620560,512,788,391,5,76.249979
1,1,10,"q10_case2",2030,10240,5317183856,2620886,512,786,392,5,76.287494
1,1,10,"q10_case2",2031,10240,5319804427,2620571,512,786,390,5,76.325909
1,1,10,"q10_case2",2032,10240,5322425295,2620868,512,784,390,5,76.370135
1,1,10,"q10_case2",2033,10240,5325046165,2620870,512,784,389,5,76.412277
1,1,10,"q10_case2",2034,10240,5327666986,2620821,512,782,389,5,76.454111
1,1,10,"q10_case2",2035,10240,5330287455,2620469,512,780,391,5,76.493926
1,1,10,"q10_case2",2036,10240,5332908324,2620869,512,780,388,5,76.529912
1,1,10,"q10_case2",2037,10240,5335529194,2620870,512,778,387,5,76.566278
1,1,10,"q10_case2",2038,10240,5338150080,2620886,512,776,389,5,76.602382
1,1,10,"q10_case2",2039,10240,5340770956,2620876,512,776,385,5,76.640633
1,1,10,"q10_case2",2040,10240,5343391813,2620857,512,774,386,5,76.679950
1,1,10,"q10_case2",2041,10240,5346012720,2620907,512,772,388,5,76.719670
1,1,10,"q10_case2",2042,10240,5348633636,2620916,512,772,384,5,76.756540
1,1,10,"q10_case2",2043,10240,5351254516,2620880,512,770,386,5,76.791654
1,1,10,"q10_case2",2044,10240,5353875415,2620899,512,770,383,5,76.830043
1,1,10,"q10_case2",2045,10240,5356496343,2620928,512,768,385,5,76.867877
1,1,10,"q10_case2",2046,10240,5359117224,2620881,512,766,387,5,76.905935
1,1,10,"q10_case2",2047,10240,5361738111,2620887,512,766,384,5,76.945535
1,1,10,"q10_case2",2048,10240,5364359016,2620905,512,764,385,5,76.984154
1,1,10,"q10_case2",2049,10240,5366979901,2620885,512,762,386,5,77.391192
1,1,10,"q10_case2",2050,10240,5369600827,2620926,512,762,384,5,77.425873
1,1,10,"q10_case2",2051,10240,5372221702,2620875,512,760,384,5,77.463926
1,1,10,"q10_case2",2052,10240,5374842585,2620883,512,760,383,5,77.505593
1,1,10,"q10_case2",2053,10240,5377463512,2620927,512,758,383,5,77.551510
1,1,10,"q10_case2",2054,10240,5380083956,2620444,512,756,383,5,77.593131
1,1,10,"q10_case2",2055,10240,5382704840,2620884,512,756,382,5,77.635301
1,1,10,"q10_case2",2056,10240,5385325738,2620898,512,754,381,5,77.676970
1,1,10,"q10_case2",2057,10240,5387946235,2620497,512,754,380,5,77.716080
1,1,10,"q10_case2",2058,10240,5390567160,2620925,512,752,379,5,77.753581
1,1,10,"q10_case2",2059,10240,5393187598,2620438,512,752,378,5,77.791508
1,1,10,"q10_case2",2060,10240,5395808502,2620904,512,750,377,5,77.834510
1,1,10,"q10_case2",2061,10240,5398428933,2620431,512,750,376,5,77.873631
1,1,10,"q10_case2",2062,10240,5401049819,2620886,512,748,376,5,77.913895
1,1,10,"q10_case2",2063,10240,5403670250,2620431,512,748,375,5,77.951956
1,1,10,"q10_case2",2064,10240,5406291121,2620871,512,746,374,5,77.988487
1,1,10,"q10_case2",2065,10240,5408911542,2620421,512,744,374,5,78.027644
1,1,10,"q10_case2",2066,10240,5411532417,2620875,512,744,373,5,78.065122
1,1,10,"q10_case2",2067,10240,5414153224,2620807,512,742,373,5,78.104517
1,1,10,"q10_case2",2068,10240,5416773718,2620494,512,742,372,5,78.141245
1,1,10,"q10_case2",2069,10240,5419394640,2620922,512,740,373,5,78.177257
1,1,10,"q10_case2",2070,10240,5422015100,2620460,512,740,371,5,78.213053
1,1,10,"q10_case2",2071,10240,5424636009,2620909,512,738,371,5,78.251865
1,1,10,"q10_case2",2072,10240,5427256889,2620880,512,736,370,5,78.290132
1,1,10,"q10_case2",2073,10240,5429877798,2620909,512,736,369,5,78.329643
1,1,10,"q10_case2",2074,10240,5432498522,2620724,512,734,369,5,78.371825
1,1,10,"q10_case2",2075,10240,5435118979,2620457,512,734,368,5,78.418322
1,1,10,"q10_case2",2076,10240,5437739901,2620922,512,732,370,5,78.455735
1,1,10,"q10_case2",2077,10240,5440360348,2620447,512,732,367,5,78.496789
1,1,10,"q10_case2",2078,10240,5442981251,2620903,512,730,368,5,78.569682
1,1,10,"q10_case2",2079,10240,5445602133,2620882,512,728,368,5,78.612711
1,1,10,"q10_case2",2080,10240,5448223042,2620909,512,728,367,5,78.659259
1,1,10,"q10_case2",2081,10240,5450843902,2620860,512,726,366,5,78.699754
1,1,10,"q10_case2",2082,10240,5453464368,2620466,512,726,365,5,78.742093
1,1,10,"q10_case2",2083,10240,5456085288,2620920,512,724,365,5,78.780078
1,1,10,"q10_case2",2084,10240,5458705721,2620433,512,724,364,5,78.819558
1,1,10,"q10_case2",2085,10240,5461326599,2620878,512,722,363,5,78.860910
1,1,10,"q10_case2",2086,10240,5463947035,2620436,512,722,362,5,78.899203
1,1,10,"q10_case2",2087,10240,5466567933,2620898,512,720,362,5,78.941765
1,1,10,"q10_case2",2088,10240,5469188366,2620433,512,718,364,5,78.983550
1,1,10,"q10_case2",2089,10240,5471809244,2620878,512,718,360,5,79.023213
1,1,10,"q10_case2",2090,10240,5474430119,2620875,512,716,361,5,79.062816
1,1,10,"q10_case2",2091,10240,5477051018,2620899,512,714,363,5,79.101289
1,1,10,"q10_case2",2092,10240,5479671923,2620905,512,714,360,5,79.141376
1,1,10,"q10_case2",2093,10240,5482292795,2620872,512,712,360,5,79.178825
1,1,10,"q10_case2",2094,10240,5484913686,2620891,512,712,359,5,79.220321
1,1,10,"q10_case2",2095,10240,5487534606,2620920,512,710,358,5,79.262052
1,1,10,"q10_case2",2096,10240,5490155050,2620444,512,710,357,5,79.302098
1,1,10,"q10_case2",2097,10240,5492775955,2620905,512,708,357,5,79.341737
1,1,10,"q10_case2",2098,10240,5495396389,2620434,512,708,356,5,79.379441
1,1,10,"q10_case2",2099,10240,5498017265,2620876,512,706,355,5,79.417461
1,1,10,"q10_case2",2100,10240,5500637718,2620453,512,704,356,5,79.459457
1,1,10,"q10_case2",2101,10240,5503258627,2620909,512,704,355,5,79.507744
1,1,10,"q10_case2",2102,10240,5505879487,2620860,512,702,354,5,79.553774
1,1,10,"q10_case2",2103,10240,5508499958,2620471,512,702,353,5,79.594785
1,1,10,"q10_case2",2104,10240,5511120877,2620919,512,700,354,5,79.640432
1,1,10,"q10_case2",2105,10240,5513741299,2620422,512,700,352,5,79.677757
1,1,10,"q10_case2",2106,10240,5516362184,2620885,512,698,352,5,79.716653
1,1,10,"q10_case2",2107,10240,5518982859,2620675,512,698,351,5,79.756688
1,1,10,"q10_case2",2108,10240,5521603759,2620900,512,696,354,5,79.796529
1,1,10,"q10_case2",2109,10240,5524224192,2620433,512,696,350,5,79.838957
1,1,10,"q10_case2",2110,10240,5526845071,2620879,512,694,352,5,79.879583
1,1,10,"q10_case2",2111,10240,5529465946,2620875,512,692,352,5,79.917861
1,1,10,"q10_case2",2112,10240,5532086850,2620904,512,692,350,5,79.956661
1,1,10,"q10_case2",2113,10240,5534707713,2620863,512,690,350,5,79.995325
1,1,10,"q10_case2",2114,10240,5537328296,2620583,512,690,349,5,80.034318
1,1,10,"q10_case2",2115,10240,5539949212,2620916,512,688,348,5,80.074986
1,1,10,"q10_case2",2116,10240,5542569632,2620420,512,688,347,5,80.128682
1,1,10,"q10_case2",2117,10240,5545190511,2620879,512,686,347,5,80.168416
1,1,10,"q10_case2",2118,10240,5547810963,2620452,512,686,346,5,80.211266
1,1,10,"q10_case2",2119,10240,5550431879,2620916,512,684,347,5,80.248386
1,1,10,"q10_case2",2120,10240,5553052316,2620437,512,684,345,5,80.286670
1,1,10,"q10_case2",2121,10240,5555673209,2620893,512,682,345,5,80.343285
1,1,10,"q10_case2",2122,10240,5558294090,2620881,512,680,346,5,80.388088
1,1,10,"q10_case2",2123,10240,5560915002,2620912,512,678,345,5,80.429602
1,1,10,"q10_case2",2124,10240,5563535883,2620881,512,678,344,5,80.471920
1,1,10,"q10_case2",2125,10240,5566156305,2620422,512,676,343,5,80.513253
1,1,10,"q10_case2",2126,10240,5568776739,2620434,512,674,343,5,80.550928
1,1,10,"q10_case2",2127,10240,5571397638,2620899,512,674,341,5,80.584666
1,1,10,"q10_case2",2128,10240,5574018511,2620873,512,672,341,5,80.624022
1,1,10,"q10_case2",2129,10240,5576639085,2620574,512,672,340,5,80.668933
1,1,10,"q10_case2",2130,10240,5579259993,2620908,512,670,340,5,80.709418
1,1,10,"q10_case2",2131,10240,5581880412,2620419,512,670,339,5,80.754542
1,1,10,"q10_case2",2132,10240,5584501288,2620876,512,668,339,5,80.798892
1,1,10,"q10_case2",2133,10240,5587121742,2620454,512,668,338,5,80.840860
1,1,10,"q10_case2",2134,10240,5589742653,2620911,512,666,337,5,80.881321
1,1,10,"q10_case2",2135,10240,5592363088,2620435,512,666,336,5,80.924876
1,1,10,"q10_case2",2136,10240,5594983969,2620881,512,664,336,5,80.967740
1,1,10,"q10_case2",2137,10240,5597604411,2620442,512,664,335,5,81.011483
1,1,10,"q10_case2",2138,10240,5600225308,2620897,512,662,335,5,81.051252
1,1,10,"q10_case2",2139,10240,5602845735,2620427,512,662,334,5,81.086669
1,1,10,"q10_case2",2140,10240,5605466618,2620883,512,660,334,5,81.124121
1,1,10,"q10_case2",2141,10240,5608087054,2620436,512,660,333,5,81.163321
1,1,10,"q10_case2",2142,10240,5610707948,2620894,512,658,333,5,81.204250
1,1,10,"q10_case2",2143,10240,5613328372,2620424,512,658,332,5,81.265363
1,1,10,"q10_case2",2144,10240,5615949256,2620884,512,656,332,5,81.306303
1,1,10,"q10_case2",2145,10240,5618569712,2620456,512,656,331,5,81.347894
1,1,10,"q10_case2",2146,10240,5621190618,2620906,512,654,331,5,81.391019
1,1,10,"q10_case2",2147,10240,5623811036,2620418,512,654,330,5,81.430595
1,1,10,"q10_case2",2148,10240,5626431919,2620883,512,652,329,5,81.471209
1,1,10,"q10_case2",2149,10240,5629052381,2620462,512,650,329,5,81.511196
1,1,10,"q10_case2",2150,10240,5631673289,2620908,512,650,328,5,81.559349
1,1,10,"q10_case2",2151,10240,5634294160,2620871,512,648,327,5,81.598412
1,1,10,"q10_case2",2152,10240,5636914616,2620456,512,648,326,5,81.636278
1,1,10,"q10_case2",2153,10240,5639535526,2620910,512,646,326,5,81.671038
1,1,10,"q10_case2",2154,10240,5642155949,2620423,512,646,325,5,81.710627
1,1,10,"q10_case2",2155,10240,5644776829,2620880,512,644,325,5,81.749856
1,1,10,"q10_case2",2156,10240,5647397254,2620425,512,642,323,5,81.792473
1,1,10,"q10_case2",2157,10240,5650018132,2620878,512,642,322,5,81.835925
1,1,10,"q10_case2",2158,10240,5652638824,2620692,512,640,322,5,81.877680
1,1,10,"q10_case2",2159,10240,5655259264,2620440,512,640,321,5,81.918393
1,1,10,"q10_case2",2160,10240,5657880166,2620902,512,638,321,5,81.958743
1,1,10,"q10_case2",2161,10240,5660500590,2620424,512,638,320,5,81.997098
1,1,10,"q10_case2",2162,10240,5663121468,2620878,512,636,320,5,82.039058
1,1,10,"q10_case2",2163,10240,5665741907,2620439,512,636,319,5,82.079422
1,1,10,"q10_case2",2164,10240,5668362797,2620890,512,634,319,5,82.120374
1,1,10,"q10_case2",2165,10240,5670983219,2620422,512,634,318,5,82.162325
1,1,10,"q10_case2",2166,10240,5673604100,2620881,512,632,318,5,82.202273
1,1,10,"q10_case2",2167,10240,5676224539,2620439,512,632,317,5,82.239658
1,1,10,"q10_case2",2168,10240,5678845440,2620901,512,630,318,5,82.275896
1,1,10,"q10_case2",2169,10240,5681465860,2620420,512,630,316,5,82.309469
1,1,10,"q10_case2",2170,10240,5684086743,2620883,512,628,317,5,82.347018
1,1,10,"q10_case2",2171,10240,5686707602,2620859,512,626,317,5,82.389612
1,1,10,"q10_case2",2172,10240,5689328486,2620884,512,626,316,5,82.428192
1,1,10,"q10_case2",2173,10240,5691949346,2620860,512,624,316,5,82.467452
1,1,10,"q10_case2",2174,10240,5694569795,2620449,512,622,317,5,82.509019
1,1,10,"q10_case2",2175,10240,5697190694,2620899,512,622,315,5,82.546476
1,1,10,"q10_case2",2176,10240,5699811573,2620879,512,620,316,5,82.585468
1,1,10,"q10_case2",2177,10240,5702432124,2620551,512,620,315,5,82.623938
1,1,10,"q10_case2",2178,10240,5705053022,2620898,512,618,315,5,82.664053
1,1,10,"q10_case2",2179,10240,5707673444,2620422,512,618,314,5,82.702814
1,1,10,"q10_case2",2180,10240,5710294321,2620877,512,616,314,5,82.743252
1,1,10,"q10_case2",2181,10240,5712914752,2620431,512,616,313,5,82.782579
1,1,10,"q10_case2",2182,10240,5715535641,2620889,512,614,313,5,82.823527
1,1,10,"q10_case2",2183,10240,5718156059,2620418,512,614,312,5,82.866037
1,1,10,"q10_case2",2184,10240,5720776935,2620876,512,612,313,5,82.908929
1,1,10,"q10_case2",2185,10240,5723397378,2620443,512,612,311,5,82.947588
1,1,10,"q10_case2",2186,10240,5726018272,2620894,512,610,312,5,82.984953
1,1,10,"q10_case2",2187,10240,5728638833,2620561,512,610,311,5,83.030445
1,1,10,"q10_case2",2188,10240,5731259726,2620893,512,608,312,5,83.071738
1,1,10,"q10_case2",2189,10240,5733880156,2620430,512,608,310,5,83.110703
1,1,10,"q10_case2",2190,10240,5736501045,2620889,512,606,312,5,83.152877
1,1,10,"q10_case2",2191,10240,5739121602,2620557,512,606,310,5,83.194197
1,1,10,"q10_case2",2192,10240,5741742501,2620899,512,604,311,5,83.233616
1,1,10,"q10_case2",2193,10240,5744363381,2620880,512,604,310,5,83.271467
1,1,10,"q10_case2",2194,10240,5746984277,2620896,512,602,312,5,83.312652
1,1,10,"q10_case2",2195,10240,5749604703,2620426,512,602,309,5,83.364758
1,1,10,"q10_case2",2196,10240,5752225574,2620871,512,600,311,5,83.406596
1,1,10,"q10_case2",2197,10240,5754846214,2620640,512,598,311,5,83.446667
1,1,10,"q10_case2",2198,10240,5757467107,2620893,512,598,310,5,83.487825
1,1,10,"q10_case2",2199,10240,5760087970,2620863,512,596,310,5,83.527468
1,1,10,"q10_case2",2200,10240,5762708406,2620436,512,594,310,5,83.566078
1,1,10,"q10_case2",2201,10240,5765329292,2620886,512,594,309,5,83.606035
1,1,10,"q10_case2",2202,10240,5767950053,2620761,512,592,309,5,83.647152
1,1,10,"q10_case2",2203,10240,5770570487,2620434,512,592,308,5,83.690424
1,1,10,"q10_case2",2204,10240,5773191407,2620920,512,590,310,5,83.728152
1,1,10,"q10_case2",2205,10240,5775811841,2620434,512,590,307,5,83.765537
1,1,10,"q10_case2",2206,10240,5778432740,2620899,512,588,309,5,83.810032
1,1,10,"q10_case2",2207,10240,5781053591,2620851,512,588,305,5,83.847273
1,1,10,"q10_case2",2208,10240,5783674513,2620922,512,588,311,4,83.892359
1,1,10,"q10_case2",2209,10240,5786295391,2620878,512,586,304,5,83.930939
1,1,10,"q10_case2",2210,10240,5788916268,2620877,512,586,310,4,83.965860
1,1,10,"q10_case2",2211,10240,5791537189,2620921,512,584,310,4,84.003440
1,1,10,"q10_case2",2212,10240,5794158076,2620887,512,584,308,4,84.040552
1,1,10,"q10_case2",2213,10240,5796778950,2620874,512,582,307,4,84.083594
1,1,10,"q10_case2",2214,10240,5799399517,2620567,512,580,306,4,84.122728
1,1,10,"q10_case2",2215,10240,5802020280,2620763,512,580,305,4,84.164535
1,1,10,"q10_case2",2216,10240,5804640875,2620595,512,578,305,4,84.210268
1,1,10,"q10_case2",2217,10240,5807261301,2620426,512,578,304,4,84.252932
1,1,10,"q10_case2",2218,10240,5809882192,2620891,512,576,304,4,84.301428
1,1,10,"q10_case2",2219,10240,5812502613,2620421,512,576,303,4,84.348743
1,1,10,"q10_case2",2220,10240,5815123498,2620885,512,574,303,4,84.403440
1,1,10,"q10_case2",2221,10240,5817743945,2620447,512,574,302,4,84.447364
1,1,10,"q10_case2",2222,10240,5820364834,2620889,512,572,305,4,84.492172
1,1,10,"q10_case2",2223,10240,5822985251,2620417,512,572,301,4,84.533801
1,1,10,"q10_case2",2224,10240,5825606131,2620880,512,570,304,4,84.576849
1,1,10,"q10_case2",2225,10240,5828227008,2620877,512,568,303,4,84.619786
1,1,10,"q10_case2",2226,10240,5830847898,2620890,512,568,302,4,84.659458
1,1,10,"q10_case2",2227,10240,5833468774,2620876,512,566,302,4,84.696124
1,1,10,"q10_case2",2228,10240,5836089209,2620435,512,566,301,4,84.735984
1,1,10,"q10_case2",2229,10240,5838710098,2620889,512,566,300,4,84.775019
1,1,10,"q10_case2",2230,10240,5841330514,2620416,512,564,300,4,84.824742
1,1,10,"q10_case2",2231,10240,5843950924,2620410,512,564,299,4,84.863646
1,1,10,"q10_case2",2232,10240,5846571819,2620895,512,564,298,4,84.906719
1,1,10,"q10_case2",2233,10240,5849192235,2620416,512,564,297,4,84.945457
1,1,10,"q10_case2",2234,10240,5851812630,2620395,512,564,296,4,84.986948
1,1,10,"q10_case2",2235,10240,5854433059,2620429,512,564,295,4,85.026417
1,1,10,"q10_case2",2236,10240,5857053692,2620633,512,564,294,4,85.064561
1,1,10,"q10_case2",2237,10240,5859674273,2620581,512,564,293,4,85.108082
1,1,10,"q10_case2",2238,10240,5862294850,2620577,512,562,293,4,85.148096
1,1,10,"q10_case2",2239,10240,5864915417,2620567,512,562,292,4,85.188415
1,1,10,"q10_case2",2240,10240,5867536339,2620922,512,560,291,4,85.230012
1,1,10,"q10_case2",2241,10240,5870156771,2620432,512,558,291,4,85.267530
1,1,10,"q10_case2",2242,10240,5872777657,2620886,512,558,290,4,85.308327
1,1,10,"q10_case2",2243,10240,5875398506,2620849,512,556,289,4,85.349860
1,1,10,"q10_case2",2244,10240,5878018961,2620455,512,556,288,4,85.391409
1,1,10,"q10_case2",2245,10240,5880639845,2620884,512,554,288,4,85.434765
1,1,10,"q10_case2",2246,10240,5883260266,2620421,512,554,287,4,85.476110
1,1,10,"q10_case2",2247,10240,5885881142,2620876,512,552,287,4,85.517432
1,1,10,"q10_case2",2248,10240,5888501560,2620418,512,552,286,4,85.591232
1,1,10,"q10_case2",2249,10240,5891122450,2620890,512,550,286,4,85.630228
1,1,10,"q10_case2",2250,10240,5893742868,2620418,512,550,285,4,85.670096
1,1,10,"q10_case2",2251,10240,5896363759,2620891,512,548,286,4,85.709725
1,1,10,"q10_case2",2252,10240,5898984179,2620420,512,548,285,4,85.747475
1,1,10,"q10_case2",2253,10240,5901605054,2620875,512,546,286,4,85.787598
1,1,10,"q10_case2",2254,10240,5904225487,2620433,512,546,285,4,85.832318
1,1,10,"q10_case2",2255,10240,5906846375,2620888,512,544,285,4,85.872374
1,1,10,"q10_case2",2256,10240,5909466816,2620441,512,544,284,4,85.907834
1,1,10,"q10_case2",2257,10240,5912087713,2620897,512,542,285,4,85.947321
1,1,10,"q10_case2",2258,10240,5914708147,2620434,512,542,284,4,85.983582
1,1,10,"q10_case2",2259,10240,5917329035,2620888,512,542,283,4,86.023360
1,1,10,"q10_case2",2260,10240,5919949481,2620446,512,542,282,4,86.065562
1,1,10,"q10_case2",2261,10240,5922569995,2620514,512,542,281,4,86.106900
1,1,10,"q10_case2",2262,10240,5925190487,2620492,512,542,280,4,86.144945
1,1,10,"q10_case2",2263,10240,5927810995,2620508,512,542,279,4,86.184924
1,1,10,"q10_case2",2264,10240,5930431440,2620445,512,542,278,4,86.230852
1,1,10,"q10_case2",2265,10240,5933051882,2620442,512,542,277,4,86.272498
1,1,10,"q10_case2",2266,10240,5935672352,2620470,512,542,276,4,86.310788
1,1,10,"q10_case2",2267,10240,5938292771,2620419,512,542,275,4,86.354157
1,1,10,"q10_case2",2268,10240,5940913200,2620429,512,542,274,4,86.396138
1,1,10,"q10_case2",2269,10240,5943533581,2620381,512,542,273,4,86.448728
1,1,10,"q10_case2",2270,10240,5946154018,2620437,512,542,272,4,86.486531
1,1,10,"q10_case2",2271,10240,5948774497,2620479,512,542,271,4,86.523963
1,1,10,"q10_case2",2272,10240,5951394922,2620425,512,542,270,4,86.587609
1,1,10,"q10_case2",2273,10240,5954015345,2620423,512,540,269,4,86.626002
1,1,10,"q10_case2",2274,10240,5956635754,2620409,512,538,268,4,86.664938
1,1,10,"q10_case2",2275,10240,5959256675,2620921,512,538,267,4,86.701883
1,1,10,"q10_case2",2276,10240,5961877108,2620433,512,536,268,4,86.738526
1,1,10,"q10_case2",2277,10240,5964497537,2620429,512,534,268,4,86.775445
1,1,10,"q10_case2",2278,10240,5967118423,2620886,512,534,267,4,86.816383
1,1,10,"q10_case2",2279,10240,5969739296,2620873,512,532,268,4,86.855921
1,1,10,"q10_case2",2280,10240,5972359737,2620441,512,532,265,4,86.897154
1,1,10,"q10_case2",2281,10240,5974980638,2620901,512,530,265,4,86.944197
1,1,10,"q10_case2",2282,10240,5977601322,2620684,512,530,264,4,86.982481
1,1,10,"q10_case2",2283,10240,5980222076,2620754,512,528,263,4,87.021453
1,1,10,"q10_case2",2284,10240,5982842511,2620435,512,528,262,4,87.060247
1,1,10,"q10_case2",2285,10240,5985463400,2620889,512,526,263,4,87.096227
1,1,10,"q10_case2",2286,10240,5988083834,2620434,512,526,262,4,87.135459
1,1,10,"q10_case2",2287,10240,5990704715,2620881,512,524,262,4,87.169764
1,1,10,"q10_case2",2288,10240,5993325135,2620420,512,524,261,4,87.214775
1,1,10,"q10_case2",2289,10240,5995945947,2620812,512,522,262,4,87.259512
1,1,10,"q10_case2",2290,10240,5998566369,2620422,512,522,261,4,87.299548
1,1,10,"q10_case2",2291,10240,6001187256,2620887,512,520,263,4,87.333795
1,1,10,"q10_case2",2292,10240,6003807673,2620417,512,520,262,4,87.378989
1,1,10,"q10_case2",2293,10240,6006428557,2620884,512,518,263,4,87.420960
1,1,10,"q10_case2",2294,10240,6009048996,2620439,512,518,262,4,87.462742
1,1,10,"q10_case2",2295,10240,6011669882,2620886,512,516,261,4,87.502978
1,1,10,"q10_case2",2296,10240,6014290329,2620447,512,514,260,4,87.545435
1,1,10,"q10_case2",2297,10240,6016911235,2620906,512,514,259,4,87.583740
1,1,10,"q10_case2",2298,10240,6019531712,2620477,512,512,260,4,87.620677
1,1,10,"q10_case2",2299,10240,6022152140,2620428,512,512,259,4,87.655972
1,1,10,"q10_case2",2300,10240,6024773029,2620889,512,512,258,4,87.689129
1,1,10,"q10_case2",2301,10240,6027393466,2620437,512,512,257,4,87.723122
1,1,10,"q10_case2",2302,10240,6030013944,2620478,512,512,256,4,87.758645
1,1,10,"q10_case2",2303,10240,6032634514,2620570,512,510,255,4,87.796987
1,1,10,"q10_case2",2304,10240,6035255102,2620588,512,510,254,4,87.840768
1,1,10,"q10_case2",2305,10240,6037876021,2620919,512,508,255,4,87.882544
1,1,10,"q10_case2",2306,10240,6040496462,2620441,512,506,254,4,87.921408
1,1,10,"q10_case2",2307,10240,6043117345,2620883,512,506,253,4,87.958833
1,1,10,"q10_case2",2308,10240,6045738197,2620852,512,504,253,4,87.997612
1,1,10,"q10_case2",2309,10240,6048358632,2620435,512,504,252,4,88.037620
1,1,10,"q10_case2",2310,10240,6050979516,2620884,512,502,254,4,88.078489
1,1,10,"q10_case2",2311,10240,6053599966,2620450,512,502,253,4,88.117647
1,1,10,"q10_case2",2312,10240,6056220841,2620875,512,500,253,4,88.156392
1,1,10,"q10_case2",2313,10240,6058841280,2620439,512,498,253,4,88.193541
1,1,10,"q10_case2",2314,10240,6061462172,2620892,512,498,252,4,88.230208
1,1,10,"q10_case2",2315,10240,6064083063,2620891,512,496,252,4,88.267995
1,1,10,"q10_case2",2316,10240,6066703500,2620437,512,496,251,4,88.306421
1,1,10,"q10_case2",2317,10240,6069324391,2620891,512,496,250,4,88.348547
1,1,10,"q10_case2",2318,10240,6071944829,2620438,512,496,249,4,88.388892
1,1,10,"q10_case2",2319,10240,6074564787,2619958,512,496,248,4,88.426964
1,1,10,"q10_case2",2320,10240,6077184760,2619973,512,496,247,4,88.467527
1,1,10,"q10_case2",2321,10240,6079804813,2620053,512,496,246,4,88.507399
1,1,10,"q10_case2",2322,10240,6082424955,2620142,512,496,245,4,88.546052
1,1,10,"q10_case2",2323,10240,6085045152,2620197,512,496,244,4,88.596743
1,1,10,"q10_case2",2324,10240,6087665684,2620532,512,496,243,4,88.636978
1,1,10,"q10_case2",2325,10240,6090286218,2620534,512,496,242,4,88.683570
1,1,10,"q10_case2",2326,10240,6092906695,2620477,512,496,241,4,88.722039
1,1,10,"q10_case2",2327,10240,6095527084,2620389,512,496,240,4,88.762253
1,1,10,"q10_case2",2328,10240,6098147463,2620379,512,496,239,4,88.810047
1,1,10,"q10_case2",2329,10240,6100767903,2620440,512,496,238,4,88.849886
1,1,10,"q10_case2",2330,10240,6103388312,2620409,512,496,237,4,88.900034
1,1,10,"q10_case2",2331,10240,6106008701,2620389,512,496,236,4,88.939372
1,1,10,"q10_case2",2332,10240,6108629091,2620390,512,496,235,4,88.977167
1,1,10,"q10_case2",2333,10240,6111249448,2620357,512,496,234,4,89.015197
1,1,10,"q10_case2",2334,10240,6113869793,2620345,512,496,233,4,89.054979
1,1,10,"q10_case2",2335,10240,6116490141,2620348,512,496,232,4,89.099196
1,1,10,"q10_case2",2336,10240,6119110414,2620273,512,496,231,4,89.140346
1,1,10,"q10_case2",2337,10240,6121730666,2620252,512,496,230,4,89.179503
1,1,10,"q10_case2",2338,10240,6124350889,2620223,512,496,229,4,89.221615
1,1,10,"q10_case2",2339,10240,6126971165,2620276,512,494,229,4,89.259614
1,1,10,"q10_case2",2340,10240,6129591375,2620210,512,494,228,4,89.300649
1,1,10,"q10_case2",2341,10240,6132212293,2620918,512,492,229,4,89.337904
1,1,10,"q10_case2",2342,10240,6134832755,2620462,512,490,229,4,89.376487
1,1,10,"q10_case2",2343,10240,6137453637,2620882,512,490,227,4,89.421301
1,1,10,"q10_case2",2344,10240,6140074512,2620875,512,488,227,4,89.463790
1,1,10,"q10_case2",2345,10240,6142695008,2620496,512,488,226,4,89.507026
1,1,10,"q10_case2",2346,10240,6145315894,2620886,512,486,227,4,89.545331
1,1,10,"q10_case2",2347,10240,6147936330,2620436,512,486,226,4,89.617057
1,1,10,"q10_case2",2348,10240,6150557206,2620876,512,484,225,4,89.653700
1,1,10,"q10_case2",2349,10240,6153177644,2620438,512,484,224,4,89.693156
1,1,10,"q10_case2",2350,10240,6155798537,2620893,512,482,225,4,89.731930
1,1,10,"q10_case2",2351,10240,6158418973,2620436,512,482,224,4,89.770485
1,1,10,"q10_case2",2352,10240,6161039864,2620891,512,480,225,4,89.814960
1,1,10,"q10_case2",2353,10240,6163660320,2620456,512,480,224,4,89.853513
1,1,10,"q10_case2",2354,10240,6166281228,2620908,512,478,225,4,89.892278
1,1,10,"q10_case2",2355,10240,6168901652,2620424,512,478,224,4,89.930976
1,1,10,"q10_case2",2356,10240,6171522543,2620891,512,476,224,4,89.973536
1,1,10,"q10_case2",2357,10240,6174142970,2620427,512,474,223,4,90.016353
1,1,10,"q10_case2",2358,10240,6176763856,2620886,512,474,222,4,90.055723
1,1,10,"q10_case2",2359,10240,6179384315,2620459,512,472,223,4,90.142640
1,1,10,"q10_case2",2360,10240,6182004739,2620424,512,470,223,4,90.181586
1,1,10,"q10_case2",2361,10240,6184625620,2620881,512,470,222,4,90.221345
1,1,10,"q10_case2",2362,10240,6187246166,2620546,512,468,223,4,90.256794
1,1,10,"q10_case2",2363,10240,6189866585,2620419,512,468,222,4,90.296737
1,1,10,"q10_case2",2364,10240,6192487476,2620891,512,466,223,4,90.334760
1,1,10,"q10_case2",2365,10240,6195107912,2620436,512,464,223,4,90.376189
1,1,10,"q10_case2",2366,10240,6197728791,2620879,512,464,222,4,90.418455
1,1,10,"q10_case2",2367,10240,6200349703,2620912,512,462,221,4,90.459708
1,1,10,"q10_case2",2368,10240,6202970140,2620437,512,462,220,4,90.501656
1,1,10,"q10_case2",2369,10240,6205591021,2620881,512,460,221,4,90.543897
1,1,10,"q10_case2",2370,10240,6208211450,2620429,512,460,220,4,90.645090
1,1,10,"q10_case2",2371,10240,6210832333,2620883,512,460,219,4,90.688091
1,1,10,"q10_case2",2372,10240,6213452752,2620419,512,460,218,4,90.724677
1,1,10,"q10_case2",2373,10240,6216072781,2620029,512,460,217,4,90.765119
1,1,10,"q10_case2",2374,10240,6218692937,2620156,512,460,216,4,90.810036
1,1,10,"q10_case2",2375,10240,6221313175,2620238,512,460,215,4,90.851381
1,1,10,"q10_case2",2376,10240,6223933475,2620300,512,460,214,4,90.890196
1,1,10,"q10_case2",2377,10240,6226553889,2620414,512,460,213,4,90.931870
1,1,10,"q10_case2",2378,10240,6229174279,2620390,512,458,214,4,90.972240
1,1,10,"q10_case2",2379,10240,6231794682,2620403,512,458,213,4,91.012331
1,1,10,"q10_case2",2380,10240,6234415604,2620922,512,456,212,4,91.052260
1,1,10,"q10_case2",2381,10240,6237036045,2620441,512,454,212,4,91.092391
1,1,10,"q10_case2",2382,10240,6239656936,2620891,512,454,211,4,91.133938
1,1,10,"q10_case2",2383,10240,6242277756,2620820,512,452,210,4,91.180001
1,1,10,"q10_case2",2384,10240,6244898203,2620447,512,452,209,4,91.220959
1,1,10,"q10_case2",2385,10240,6247519077,2620874,512,450,210,4,91.262791
1,1,10,"q10_case2",2386,10240,6250139520,2620443,512,450,207,4,91.304988
1,1,10,"q10_case2",2387,10240,6252760409,2620889,512,450,206,4,91.359927
1,1,10,"q10_case2",2388,10240,6255381061,2620652,512,448,207,4,91.401576
1,1,10,"q10_case2",2389,10240,6258001500,2620439,512,448,206,4,91.442914
1,1,10,"q10_case2",2390,10240,6260622388,2620888,512,446,207,4,91.485163
1,1,10,"q10_case2",2391,10240,6263242820,2620432,512,446,206,4,91.540453
1,1,10,"q10_case2",2392,10240,6265863714,2620894,512,444,207,4,91.579130
1,1,10,"q10_case2",2393,10240,6268484146,2620432,512,444,206,4,91.619682
1,1,10,"q10_case2",2394,10240,6271105036,2620890,512,442,205,4,91.660806
1,1,10,"q10_case2",2395,10240,6273725473,2620437,512,442,204,4,91.700233
1,1,10,"q10_case2",2396,10240,6276346377,2620904,512,440,205,4,91.744518
1,1,10,"q10_case2",2397,10240,6278966812,2620435,512,440,204,4,91.788046
1,1,10,"q10_case2",2398,10240,6281587704,2620892,512,438,204,4,91.829338
1,1,10,"q10_case2",2399,10240,6284208146,2620442,512,438,203,4,91.870667
1,1,10,"q10_case2",2400,10240,6286829038,2620892,512,436,203,4,91.907832
1,1,10,"q10_case2",2401,10240,6289449482,2620444,512,436,202,4,91.946716
1,1,10,"q10_case2",2402,10240,6292070366,2620884,512,436,201,4,91.984121
1,1,10,"q10_case2",2403,10240,6294690806,2620440,512,436,200,4,92.024701
1,1,10,"q10_case2",2404,10240,6297310772,2619966,512,434,201,4,92.063041
1,1,10,"q10_case2",2405,10240,6299930744,2619972,512,434,200,4,92.102511
1,1,10,"q10_case2",2406,10240,6302551641,2620897,512,432,199,4,92.142819
1,1,10,"q10_case2",2407,10240,6305172081,2620440,512,432,198,4,92.184701
1,1,10,"q10_case2",2408,10240,6307792972,2620891,512,430,199,4,92.226330
1,1,10,"q10_case2",2409,10240,6310413406,2620434,512,430,198,4,92.267539
1,1,10,"q10_case2",2410,10240,6313034297,2620891,512,430,197,4,92.308724
1,1,10,"q10_case2",2411,10240,6315654729,2620432,512,430,196,4,92.351729
1,1,10,"q10_case2",2412,10240,6318274986,2620257,512,430,195,4,92.388617
1,1,10,"q10_case2",2413,10240,6320895264,2620278,512,430,194,4,92.427620
1,1,10,"q10_case2",2414,10240,6323515581,2620317,512,430,193,4,92.470595
1,1,10,"q10_case2",2415,10240,6326135884,2620303,512,430,192,4,92.510838
1,1,10,"q10_case2",2416,10240,6328756213,2620329,512,430,191,4,92.569010
1,1,10,"q10_case2",2417,10240,6331376607,2620394,512,428,192,4,92.608976
1,1,10,"q10_case2",2418,10240,6333997023,2620416,512,428,191,4,92.665780
1,1,10,"q10_case2",2419,10240,6336617869,2620846,512,426,192,4,92.705684
1,1,10,"q10_case2",2420,10240,6339238320,2620451,512,424,191,4,92.750809
1,1,10,"q10_case2",2421,10240,6341859223,2620903,512,424,190,4,92.788638
1,1,10,"q10_case2",2422,10240,6344480003,2620780,512,422,191,4,92.831024
1,1,10,"q10_case2",2423,10240,6347100437,2620434,512,420,190,4,92.869465
1,1,10,"q10_case2",2424,10240,6349721329,2620892,512,420,189,4,92.908159
1,1,10,"q10_case2",2425,10240,6352342133,2620804,512,418,190,4,92.946939
1,1,10,"q10_case2",2426,10240,6354962563,2620430,512,418,189,4,92.990949
1,1,10,"q10_case2",2427,10240,6357583457,2620894,512,418,188,4,93.037983
1,1,10,"q10_case2",2428,10240,6360203888,2620431,512,416,190,4,93.078901
1,1,10,"q10_case2",2429,10240,6362824159,2620271,512,416,189,4,93.119302
1,1,10,"q10_case2",2430,10240,6365444942,2620783,512,414,189,4,93.162685
1,1,10,"q10_case2",2431,10240,6368065378,2620436,512,414,188,4,93.203878
1,1,10,"q10_case2",2432,10240,6370686270,2620892,512,412,189,4,93.272867
1,1,10,"q10_case2",2433,10240,6373306711,2620441,512,412,188,4,93.314043
1,1,10,"q10_case2",2434,10240,6375927603,2620892,512,410,189,4,93.365661
1,1,10,"q10_case2",2435,10240,6378548043,2620440,512,410,188,4,93.405454
1,1,10,"q10_case2",2436,10240,6381168941,2620898,512,408,191,4,93.450586
1,1,10,"q10_case2",2437,10240,6383789381,2620440,512,408,190,4,93.487885
1,1,10,"q10_case2",2438,10240,6386410173,2620792,512,406,191,4,93.529644
1,1,10,"q10_case2",2439,10240,6389030603,2620430,512,406,190,4,93.571435
1,1,10,"q10_case2",2440,10240,6391651484,2620881,512,404,190,4,93.613040
1,1,10,"q10_case2",2441,10240,6394271917,2620433,512,404,189,4,93.652976
1,1,10,"q10_case2",2442,10240,6396892693,2620776,512,402,190,4,93.693488
1,1,10,"q10_case2",2443,10240,6399513125,2620432,512,402,189,4,93.733976
1,1,10,"q10_case2",2444,10240,6402134004,2620879,512,400,188,4,93.771279
1,1,10,"q10_case2",2445,10240,6404754446,2620442,512,400,187,4,93.815819
1,1,10,"q10_case2",2446,10240,6407375341,2620895,512,398,188,4,93.852791
1,1,10,"q10_case2",2447,10240,6409995774,2620433,512,398,187,4,93.889508
1,1,10,"q10_case2",2448,10240,6412616670,2620896,512,396,188,4,93.930607
1,1,10,"q10_case2",2449,10240,6415237108,2620438,512,396,187,4,93.970582
1,1,10,"q10_case2",2450,10240,6417858002,2620894,512,394,188,4,94.013076
1,1,10,"q10_case2",2451,10240,6420478429,2620427,512,394,187,4,94.054008
1,1,10,"q10_case2",2452,10240,6423099325,2620896,512,392,189,4,94.097718
1,1,10,"q10_case2",2453,10240,6425719757,2620432,512,392,188,4,94.138896
1,1,10,"q10_case2",2454,10240,6428340644,2620887,512,390,187,4,94.181211
1,1,10,"q10_case2",2455,10240,6430961070,2620426,512,390,186,4,94.218929
1,1,10,"q10_case2",2456,10240,6433581954,2620884,512,388,186,4,94.261338
1,1,10,"q10_case2",2457,10240,6436202380,2620426,512,388,185,4,94.301958
1,1,10,"q10_case2",2458,10240,6438823212,2620832,512,386,185,4,94.340800
1,1,10,"q10_case2",2459,10240,6441443649,2620437,512,386,184,4,94.378461
1,1,10,"q10_case2",2460,10240,6444064531,2620882,512,384,184,4,94.417896
1,1,10,"q10_case2",2461,10240,6446684961,2620430,512,384,183,4,94.457253
1,1,10,"q10_case2",2462,10240,6449305796,2620835,512,382,184,4,94.496605
1,1,10,"q10_case2",2463,10240,6451926224,2620428,512,382,183,4,94.535608
1,1,10,"q10_case2",2464,10240,6454547121,2620897,512,380,182,4,94.577192
1,1,10,"q10_case2",2465,10240,6457167548,2620427,512,380,181,4,94.620518
1,1,10,"q10_case2",2466,10240,6459788382,2620834,512,378,182,4,94.659658
1,1,10,"q10_case2",2467,10240,6462408800,2620418,512,378,181,4,94.695567
1,1,10,"q10_case2",2468,10240,6465029686,2620886,512,376,181,4,94.731807
1,1,10,"q10_case2",2469,10240,6467650109,2620423,512,376,180,4,94.774253
1,1,10,"q10_case2",2470,10240,6470270841,2620732,512,374,179,4,94.823394
1,1,10,"q10_case2",2471,10240,6472891268,2620427,512,374,178,4,94.865223
1,1,10,"q10_case2",2472,10240,6475512140,2620872,512,372,179,4,94.901858
1,1,10,"q10_case2",2473,10240,6478132569,2620429,512,372,178,4,94.936481
1,1,10,"q10_case2",2474,10240,6480753458,2620889,512,372,177,4,94.972981
1,1,10,"q10_case2",2475,10240,6483373884,2620426,512,372,176,4,95.011449
1,1,10,"q10_case2",2476,10240,6485993883,2619999,512,372,175,4,95.049965
1,1,10,"q10_case2",2477,10240,6488613974,2620091,512,372,174,4,95.091077
1,1,10,"q10_case2",2478,10240,6491234268,2620294,512,372,173,4,95.131378
1,1,10,"q10_case2",2479,10240,6493854629,2620361,512,372,172,4,95.171786
1,1,10,"q10_case2",2480,10240,6496475102,2620473,512,372,171,4,95.209525
1,1,10,"q10_case2",2481,10240,6499095629,2620527,512,372,170,4,95.249885
1,1,10,"q10_case2",2482,10240,6501716162,2620533,512,372,169,4,95.289314
1,1,10,"q10_case2",2483,10240,6504336728,2620566,512,372,168,4,95.331745
1,1,10,"q10_case2",2484,10240,6506957194,2620466,512,372,167,4,95.371866
1,1,10,"q10_case2",2485,10240,6509577669,2620475,512,372,166,4,95.415735
1,1,10,"q10_case2",2486,10240,6512198081,2620412,512,372,165,4,95.454829
1,1,10,"q10_case2",2487,10240,6514818522,2620441,512,372,164,4,95.494118
1,1,10,"q10_case2",2488,10240,6517438915,2620393,512,372,163,4,95.529770
1,1,10,"q10_case2",2489,10240,6520059280,2620365,512,372,162,4,95.567417
1,1,10,"q10_case2",2490,10240,6522679628,2620348,512,372,161,4,95.616716
1,1,10,"q10_case2",2491,10240,6525299946,2620318,512,372,160,4,95.655524
1,1,10,"q10_case2",2492,10240,6527920184,2620238,512,372,159,4,95.693642
1,1,10,"q10_case2",2493,10240,6530540493,2620309,512,372,158,4,95.731251
1,1,10,"q10_case2",2494,10240,6533160816,2620323,512,372,157,4,95.769146
1,1,10,"q10_case2",2495,10240,6535781113,2620297,512,372,156,4,95.811425
1,1,10,"q10_case2",2496,10240,6538401510,2620397,512,372,155,4,95.862039
1,1,10,"q10_case2",2497,10240,6541021848,2620338,512,372,154,4,95.911861
1,1,10,"q10_case2",2498,10240,6543642156,2620308,512,372,153,4,95.958716
1,1,10,"q10_case2",2499,10240,6546262432,2620276,512,372,152,4,95.999496
1,1,10,"q10_case2",2500,10240,6548882723,2620291,512,372,151,4,96.038240
1,1,10,"q10_case2",2501,10240,6551502962,2620239,512,372,150,4,96.081726
1,1,10,"q10_case2",2502,10240,6554123190,2620228,512,372,149,4,96.120092
1,1,10,"q10_case2",2503,10240,6556743403,2620213,512,372,148,4,96.161828
1,1,10,"q10_case2",2504,10240,6559363598,2620195,512,372,147,4,96.201059
1,1,10,"q10_case2",2505,10240,6561983722,2620124,512,372,146,4,96.240742
1,1,10,"q10_case2",2506,10240,6564603826,2620104,512,372,145,4,96.282294
1,1,10,"q10_case2",2507,10240,6567223983,2620157,512,372,144,4,96.324429
1,1,10,"q10_case2",2508,10240,6569844189,2620206,512,372,143,4,96.364304
1,1,10,"q10_case2",2509,10240,6572464344,2620155,512,372,142,4,96.403356
1,1,10,"q10_case2",2510,10240,6575084516,2620172,512,372,141,4,96.444155
1,1,10,"q10_case2",2511,10240,6577704626,2620110,512,370,140,4,96.484677
1,1,10,"q10_case2",2512,10240,6580324778,2620152,512,368,139,4,96.522693
1,1,10,"q10_case2",2513,10240,6582945655,2620877,512,368,138,4,96.562919
1,1,10,"q10_case2",2514,10240,6585566112,2620457,512,366,139,4,96.601813
1,1,10,"q10_case2",2515,10240,6588186438,2620326,512,366,138,4,96.641967
1,1,10,"q10_case2",2516,10240,6590807058,2620620,512,364,139,4,96.679653
1,1,10,"q10_case2",2517,10240,6593427569,2620511,512,364,138,4,96.722643
1,1,10,"q10_case2",2518,10240,6596048468,2620899,512,362,138,4,96.762447
1,1,10,"q10_case2",2519,10240,6598668928,2620460,512,362,137,4,96.804321
1,1,10,"q10_case2",2520,10240,6601289823,2620895,512,360,138,4,96.844611
1,1,10,"q10_case2",2521,10240,6603910289,2620466,512,360,137,4,96.881405
1,1,10,"q10_case2",2522,10240,6606531195,2620906,512,358,137,4,96.923179
1,1,10,"q10_case2",2523,10240,6609151673,2620478,512,358,136,4,96.965744
1,1,10,"q10_case2",2524,10240,6611772377,2620704,512,356,137,4,97.002743
1,1,10,"q10_case2",2525,10240,6614392811,2620434,512,356,136,4,97.041625
1,1,10,"q10_case2",2526,10240,6617013706,2620895,512,356,135,4,97.081400
1,1,10,"q10_case2",2527,10240,6619634166,2620460,512,354,136,4,97.119383
1,1,10,"q10_case2",2528,10240,6622254173,2620007,512,354,135,4,97.159459
1,1,10,"q10_case2",2529,10240,6624874779,2620606,512,352,136,4,97.198953
1,1,10,"q10_case2",2530,10240,6627495217,2620438,512,352,135,4,97.239386
1,1,10,"q10_case2",2531,10240,6630116121,2620904,512,350,134,4,97.278839
1,1,10,"q10_case2",2532,10240,6632736583,2620462,512,350,133,4,97.319478
1,1,10,"q10_case2",2533,10240,6635357278,2620695,512,348,134,4,97.357658
1,1,10,"q10_case2",2534,10240,6637977715,2620437,512,346,132,4,97.398227
1,1,10,"q10_case2",2535,10240,6640598617,2620902,512,346,131,4,97.444936
1,1,10,"q10_case2",2536,10240,6643219353,2620736,512,344,132,4,97.485518
1,1,10,"q10_case2",2537,10240,6645839774,2620421,512,344,131,4,97.522369
1,1,10,"q10_case2",2538,10240,6648460677,2620903,512,344,130,4,97.564848
1,1,10,"q10_case2",2539,10240,6651081146,2620469,512,342,131,4,97.607152
1,1,10,"q10_case2",2540,10240,6653701182,2620036,512,342,130,4,97.649414
1,1,10,"q10_case2",2541,10240,6656321767,2620585,512,340,131,4,97.690899
1,1,10,"q10_case2",2542,10240,6658942285,2620518,512,340,130,4,97.727299
1,1,10,"q10_case2",2543,10240,6661563192,2620907,512,340,129,4,97.762840
1,1,10,"q10_case2",2544,10240,6664183657,2620465,512,340,128,4,97.802930
1,1,10,"q10_case2",2545,10240,6666803685,2620028,512,338,129,4,97.843910
1,1,10,"q10_case2",2546,10240,6669423711,2620026,512,338,128,4,97.884143
1,1,10,"q10_case2",2547,10240,6672044235,2620524,512,336,129,4,97.923287
1,1,10,"q10_case2",2548,10240,6674664668,2620433,512,336,128,4,97.961863
1,1,10,"q10_case2",2549,10240,6677285569,2620901,512,334,130,4,97.997483
1,1,10,"q10_case2",2550,10240,6679906026,2620457,512,334,129,4,98.039377
1,1,10,"q10_case2",2551,10240,6682526935,2620909,512,334,128,4,98.080964
1,1,10,"q10_case2",2552,10240,6685147380,2620445,512,332,129,4,98.120957
1,1,10,"q10_case2",2553,10240,6687767383,2620003,512,332,128,4,98.160742
1,1,10,"q10_case2",2554,10240,6690387917,2620534,512,330,129,4,98.197717
1,1,10,"q10_case2",2555,10240,6693008346,2620429,512,330,128,4,98.234791
1,1,10,"q10_case2",2556,10240,6695629236,2620890,512,328,129,4,98.272261
1,1,10,"q10_case2",2557,10240,6698249681,2620445,512,328,128,4,98.312129
1,1,10,"q10_case2",2558,10240,6700870588,2620907,512,326,129,4,98.352212
1,1,10,"q10_case2",2559,10240,6703491032,2620444,512,326,128,4,98.393849
1,1,10,"q10_case2",2560,10240,6706111942,2620910,512,324,130,4,98.434302
1,1,10,"q10_case2",2561,10240,6708732384,2620442,512,324,129,4,98.475726
1,1,10,"q10_case2",2562,10240,6711353025,2620641,512,322,130,4,98.514720
1,1,10,"q10_case2",2563,10240,6713973455,2620430,512,322,128,4,98.564799
1,1,10,"q10_case2",2564,10240,6716594088,2620633,512,322,127,4,98.611181
1,1,10,"q10_case2",2565,10240,6719214645,2620557,512,320,130,4,98.655141
1,1,10,"q10_case2",2566,10240,6721834820,2620175,512,320,129,4,98.696336
1,1,10,"q10_case2",2567,10240,6724455451,2620631,512,320,126,4,98.741491
1,1,10,"q10_case2",2568,10240,6727075879,2620428,512,318,128,4,98.781319
1,1,10,"q10_case2",2569,10240,6729696016,2620137,512,318,127,4,98.825403
1,1,10,"q10_case2",2570,10240,6732316915,2620899,512,316,128,4,98.865191
1,1,10,"q10_case2",2571,10240,6734937346,2620431,512,316,127,4,98.901353
1,1,10,"q10_case2",2572,10240,6737557970,2620624,512,314,129,4,98.940193
1,1,10,"q10_case2",2573,10240,6740178421,2620451,512,312,128,4,98.981796
1,1,10,"q10_case2",2574,10240,6742799037,2620616,512,312,127,4,99.019871
1,1,10,"q10_case2",2575,10240,6745419487,2620450,512,310,128,4,99.062451
1,1,10,"q10_case2",2576,10240,6748039813,2620326,512,310,126,4,99.100607
1,1,10,"q10_case2",2577,10240,6750660421,2620608,512,310,125,4,99.141513
1,1,10,"q10_case2",2578,10240,6753281028,2620607,512,308,128,4,99.182430
1,1,10,"q10_case2",2579,10240,6755901447,2620419,512,308,124,4,99.220673
1,1,10,"q10_case2",2580,10240,6758522061,2620614,512,306,127,4,99.276948
1,1,10,"q10_case2",2581,10240,6761142938,2620877,512,304,125,4,99.323275
1,1,10,"q10_case2",2582,10240,6763763821,2620883,512,304,124,4,99.367615
1,1,10,"q10_case2",2583,10240,6766384268,2620447,512,302,125,4,99.410118
1,1,10,"q10_case2",2584,10240,6769004551,2620283,512,302,124,4,99.448298
1,1,10,"q10_case2",2585,10240,6771625141,2620590,512,302,123,4,99.488969
1,1,10,"q10_case2",2586,10240,6774245591,2620450,512,300,124,4,99.530236
1,1,10,"q10_case2",2587,10240,6776865621,2620030,512,300,123,4,99.573616
1,1,10,"q10_case2",2588,10240,6779486058,2620437,512,300,122,4,99.616383
1,1,10,"q10_case2",2589,10240,6782106484,2620426,512,300,121,4,99.664609
1,1,10,"q10_case2",2590,10240,6784726474,2619990,512,300,120,4,99.704788
1,1,10,"q10_case2",2591,10240,6787346222,2619748,512,300,119,4,99.748636
1,1,10,"q10_case2",2592,10240,6789966095,2619873,512,300,118,4,99.790234
1,1,10,"q10_case2",2593,10240,6792585997,2619902,512,300,117,4,99.828670
1,1,10,"q10_case2",2594,10240,6795205888,2619891,512,300,116,4,99.869142
1,1,10,"q10_case2",2595,10240,6797826001,2620113,512,300,115,4,99.906096
1,1,10,"q10_case2",2596,10240,6800446446,2620445,512,300,114,4,99.945105
1,1,10,"q10_case2",2597,10240,6803066715,2620269,512,300,113,4,99.984343
1,1,10,"q10_case2",2598,10240,6805687058,2620343,512,300,112,4,100.027530
1,1,10,"q10_case2",2599,10240,6808307465,2620407,512,298,113,4,100.089810
1,1,10,"q10_case2",2600,10240,6810927913,2620448,512,298,112,4,100.132440
1,1,10,"q10_case2",2601,10240,6813548394,2620481,512,296,113,4,100.182797
1,1,10,"q10_case2",2602,10240,6816168827,2620433,512,294,112,4,100.219170
1,1,10,"q10_case2",2603,10240,6818789707,2620880,512,294,111,4,100.257675
1,1,10,"q10_case2",2604,10240,6821410221,2620514,512,292,112,4,100.296356
1,1,10,"q10_case2",2605,10240,6824030565,2620344,512,292,111,4,100.336491
1,1,10,"q10_case2",2606,10240,6826651448,2620883,512,290,112,4,100.375616
1,1,10,"q10_case2",2607,10240,6829271884,2620436,512,290,111,4,100.416345
1,1,10,"q10_case2",2608,10240,6831892775,2620891,512,290,110,4,100.458220
1,1,10,"q10_case2",2609,10240,6834513197,2620422,512,290,109,4,100.493331
1,1,10,"q10_case2",2610,10240,6837133220,2620023,512,288,110,4,100.532173
1,1,10,"q10_case2",2611,10240,6839752807,2619587,512,288,109,4,100.574045
1,1,10,"q10_case2",2612,10240,6842373055,2620248,512,286,110,4,100.617065
1,1,10,"q10_case2",2613,10240,6844993485,2620430,512,284,109,4,100.656985
1,1,10,"q10_case2",2614,10240,6847614392,2620907,512,284,108,4,100.698592
1,1,10,"q10_case2",2615,10240,6850234654,2620262,512,282,109,4,100.738269
1,1,10,"q10_case2",2616,10240,6852854912,2620258,512,280,107,4,100.777599
1,1,10,"q10_case2",2617,10240,6855475819,2620907,512,280,106,4,100.820692
1,1,10,"q10_case2",2618,10240,6858096098,2620279,512,280,105,4,100.864762
1,1,10,"q10_case2",2619,10240,6860716349,2620251,512,280,104,4,100.902397
1,1,10,"q10_case2",2620,10240,6863336355,2620006,512,280,103,4,100.944469
1,1,10,"q10_case2",2621,10240,6865955944,2619589,512,280,102,4,100.983944
1,1,10,"q10_case2",2622,10240,6868575111,2619167,512,280,101,4,101.024002
1,1,10,"q10_case2",2623,10240,6871193874,2618763,512,280,100,4,101.061048
1,1,10,"q10_case2",2624,10240,6873812951,2619077,512,278,102,4,101.135668
1,1,10,"q10_case2",2625,10240,6876432320,2619369,512,278,101,4,101.175948
1,1,10,"q10_case2",2626,10240,6879053238,2620918,512,276,101,4,101.219896
1,1,10,"q10_case2",2627,10240,6881673673,2620435,512,276,100,4,101.259299
1,1,10,"q10_case2",2628,10240,6884294543,2620870,512,274,100,4,101.304694
1,1,10,"q10_case2",2629,10240,6886914974,2620431,512,274,99,4,101.342737
1,1,10,"q10_case2",2630,10240,6889535843,2620869,512,272,102,4,101.384410
1,1,10,"q10_case2",2631,10240,6892156277,2620434,512,272,101,4,101.421649
1,1,10,"q10_case2",2632,10240,6894777165,2620888,512,270,100,4,101.464083
1,1,10,"q10_case2",2633,10240,6897397597,2620432,512,270,99,4,101.533298
1,1,10,"q10_case2",2634,10240,6900018454,2620857,512,268,101,4,101.573687
1,1,10,"q10_case2",2635,10240,6902638875,2620421,512,268,100,4,101.614583
1,1,10,"q10_case2",2636,10240,6905259379,2620504,512,266,101,4,101.651865
1,1,10,"q10_case2",2637,10240,6907879863,2620484,512,266,99,4,101.693151
1,1,10,"q10_case2",2638,10240,6910500425,2620562,512,264,100,4,101.734934
1,1,10,"q10_case2",2639,10240,6913121109,2620684,512,264,99,4,101.782683
1,1,10,"q10_case2",2640,10240,6915741972,2620863,512,262,98,4,101.820967
1,1,10,"q10_case2",2641,10240,6918362488,2620516,512,262,97,4,101.864120
1,1,10,"q10_case2",2642,10240,6920983354,2620866,512,260,98,4,101.903967
1,1,10,"q10_case2",2643,10240,6923603775,2620421,512,260,97,4,101.944452
1,1,10,"q10_case2",2644,10240,6926224254,2620479,512,260,96,4,101.990427
1,1,10,"q10_case2",2645,10240,6928844677,2620423,512,260,95,4,102.030955
1,1,10,"q10_case2",2646,10240,6931464652,2619975,512,260,94,4,102.070547
1,1,10,"q10_case2",2647,10240,6934084187,2619535,512,260,93,4,102.112429
1,1,10,"q10_case2",2648,10240,6936703270,2619083,512,260,92,4,102.151708
1,1,10,"q10_case2",2649,10240,6939322742,2619472,512,260,91,4,102.189730
1,1,10,"q10_case2",2650,10240,6941942681,2619939,512,260,91,4,102.224973
1,1,10,"q10_case2",2651,10240,6944562922,2620241,512,260,91,4,102.264551
1,1,10,"q10_case2",2652,10240,6947183200,2620278,512,260,90,4,102.305270
1,1,10,"q10_case2",2653,10240,6949803883,2620683,512,260,90,4,102.344105
1,1,10,"q10_case2",2654,10240,6952424336,2620453,512,258,91,4,102.389720
1,1,10,"q10_case2",2655,10240,6955044754,2620418,512,258,90,4,102.446964
1,1,10,"q10_case2",2656,10240,6957665668,2620914,512,256,91,4,102.488248
1,1,10,"q10_case2",2657,10240,6960286101,2620433,512,256,90,4,102.531461
1,1,10,"q10_case2",2658,10240,6962906977,2620876,512,256,89,4,102.569475
1,1,10,"q10_case2",2659,10240,6965527414,2620437,512,254,89,4,102.610612
1,1,10,"q10_case2",2660,10240,6968147895,2620481,512,254,89,4,102.658217
1,1,10,"q10_case2",2661,10240,6970768779,2620884,512,252,89,4,102.702434
1,1,10,"q10_case2",2662,10240,6973389408,2620629,512,252,88,4,102.741397
1,1,10,"q10_case2",2663,10240,6976010320,2620912,512,252,88,4,102.781167
1,1,10,"q10_case2",2664,10240,6978630808,2620488,512,250,88,4,102.822081
1,1,10,"q10_case2",2665,10240,6981251290,2620482,512,250,87,4,102.864202
1,1,10,"q10_case2",2666,10240,6983872203,2620913,512,248,88,4,102.904878
1,1,10,"q10_case2",2667,10240,6986492656,2620453,512,248,87,4,102.944522
1,1,10,"q10_case2",2668,10240,6989113534,2620878,512,246,88,4,102.982641
1,1,10,"q10_case2",2669,10240,6991733974,2620440,512,246,87,4,103.024763
1,1,10,"q10_case2",2670,10240,6994354860,2620886,512,246,86,4,103.064610
1,1,10,"q10_case2",2671,10240,6996975288,2620428,512,246,85,4,103.104053
1,1,10,"q10_case2",2672,10240,6999595366,2620078,512,246,85,4,103.146810
1,1,10,"q10_case2",2673,10240,7002215634,2620268,512,244,87,4,103.184537
1,1,10,"q10_case2",2674,10240,7004835962,2620328,512,244,85,4,103.224920
1,1,10,"q10_case2",2675,10240,7007456683,2620721,512,242,85,4,103.265889
1,1,10,"q10_case2",2676,10240,7010077354,2620671,512,242,84,4,103.305346
1,1,10,"q10_case2",2677,10240,7012698234,2620880,512,240,85,4,103.370050
1,1,10,"q10_case2",2678,10240,7015318689,2620455,512,240,84,4,103.405985
1,1,10,"q10_case2",2679,10240,7017939568,2620879,512,238,85,4,103.442913
1,1,10,"q10_case2",2680,10240,7020560113,2620545,512,236,84,4,103.483509
1,1,10,"q10_case2",2681,10240,7023180997,2620884,512,234,82,4,103.523435
1,1,10,"q10_case2",2682,10240,7025801491,2620494,512,234,81,4,103.565875
1,1,10,"q10_case2",2683,10240,7028422086,2620595,512,232,80,4,103.606644
1,1,10,"q10_case2",2684,10240,7031042543,2620457,512,232,79,4,103.645535
1,1,10,"q10_case2",2685,10240,7033663431,2620888,512,230,81,4,103.683014
1,1,10,"q10_case2",2686,10240,7036283903,2620472,512,230,80,4,103.722549
1,1,10,"q10_case2",2687,10240,7038904783,2620880,512,228,81,4,103.761142
1,1,10,"q10_case2",2688,10240,7041525245,2620462,512,228,80,4,103.802733
1,1,10,"q10_case2",2689,10240,7044146116,2620871,512,226,81,4,103.844170
1,1,10,"q10_case2",2690,10240,7046766566,2620450,512,226,80,4,103.885688
1,1,10,"q10_case2",2691,10240,7049387074,2620508,512,226,79,4,103.925774
1,1,10,"q10_case2",2692,10240,7052007514,2620440,512,224,78,4,103.989160
1,1,10,"q10_case2",2693,10240,7054627645,2620131,512,222,81,4,104.028108
1,1,10,"q10_case2",2694,10240,7057248454,2620809,512,222,80,4,104.079745
1,1,10,"q10_case2",2695,10240,7059868898,2620444,512,222,79,4,104.118393
1,1,10,"q10_case2",2696,10240,7062489324,2620426,512,220,78,4,104.157487
1,1,10,"q10_case2",2697,10240,7065109468,2620144,512,220,77,4,104.194668
1,1,10,"q10_case2",2698,10240,7067729783,2620315,512,220,76,4,104.231575
1,1,10,"q10_case2",2699,10240,7070350163,2620380,512,220,76,4,104.268844
1,1,10,"q10_case2",2700,10240,7072970600,2620437,512,218,77,4,104.310443
1,1,10,"q10_case2",2701,10240,7075591027,2620427,512,218,76,4,104.350094
1,1,10,"q10_case2",2702,10240,7078211898,2620871,512,216,78,4,104.388567
1,1,10,"q10_case2",2703,10240,7080832359,2620461,512,214,76,4,104.433217
1,1,10,"q10_case2",2704,10240,7083452911,2620552,512,214,75,4,104.477484
1,1,10,"q10_case2",2705,10240,7086073574,2620663,512,214,74,4,104.517696
1,1,10,"q10_case2",2706,10240,7088694019,2620445,512,212,75,4,104.556659
1,1,10,"q10_case2",2707,10240,7091314276,2620257,512,212,74,4,104.601192
1,1,10,"q10_case2",2708,10240,7093935160,2620884,512,210,74,4,104.642606
1,1,10,"q10_case2",2709,10240,7096555617,2620457,512,208,74,4,104.683923
1,1,10,"q10_case2",2710,10240,7099176498,2620881,512,208,73,4,104.721010
1,1,10,"q10_case2",2711,10240,7101797084,2620586,512,206,72,4,104.761269
1,1,10,"q10_case2",2712,10240,7104417519,2620435,512,206,71,4,104.799565
1,1,10,"q10_case2",2713,10240,7107038007,2620488,512,204,72,4,104.840777
1,1,10,"q10_case2",2714,10240,7109658408,2620401,512,204,71,4,104.880352
1,1,10,"q10_case2",2715,10240,7112278902,2620494,512,204,70,4,104.921797
1,1,10,"q10_case2",2716,10240,7114899345,2620443,512,204,69,4,104.962239
1,1,10,"q10_case2",2717,10240,7117519543,2620198,512,202,70,4,105.005180
1,1,10,"q10_case2",2718,10240,7120139871,2620328,512,202,69,4,105.044012
1,1,10,"q10_case2",2719,10240,7122760389,2620518,512,202,68,4,105.086332
1,1,10,"q10_case2",2720,10240,7125380850,2620461,512,202,68,4,105.125438
1,1,10,"q10_case2",2721,10240,7128001051,2620201,512,202,68,4,105.165140
1,1,10,"q10_case2",2722,10240,7130621340,2620289,512,202,67,4,105.203746
1,1,10,"q10_case2",2723,10240,7133241981,2620641,512,202,67,4,105.241672
1,1,10,"q10_case2",2724,10240,7135862608,2620627,512,202,67,4,105.280168
1,1,10,"q10_case2",2725,10240,7138483008,2620400,512,202,66,4,105.319896
1,1,10,"q10_case2",2726,10240,7141103650,2620642,512,202,66,4,105.363116
1,1,10,"q10_case2",2727,10240,7143724282,2620632,512,202,66,4,105.405368
1,1,10,"q10_case2",2728,10240,7146344626,2620344,512,202,66,4,105.446514
1,1,10,"q10_case2",2729,10240,7148965307,2620681,512,202,66,4,105.489620
1,1,10,"q10_case2",2730,10240,7151585770,2620463,512,202,66,4,105.530764
1,1,10,"q10_case2",2731,10240,7154205857,2620087,512,202,66,4,105.570340
1,1,10,"q10_case2",2732,10240,7156825916,2620059,512,200,66,4,105.609145
1,1,10,"q10_case2",2733,10240,7159446116,2620200,512,200,65,4,105.647876
1,1,10,"q10_case2",2734,10240,7162066927,2620811,512,200,65,4,105.688947
1,1,10,"q10_case2",2735,10240,7164687383,2620456,512,200,65,4,105.740213
1,1,10,"q10_case2",2736,10240,7167307675,2620292,512,200,64,4,105.782074
1,1,10,"q10_case2",2737,10240,7169928281,2620606,512,200,64,4,105.825440
1,1,10,"q10_case2",2738,10240,7172548931,2620650,512,200,64,4,105.867896
1,1,10,"q10_case2",2739,10240,7175169268,2620337,512,200,64,4,105.908061
1,1,10,"q10_case2",2740,10240,7177790005,2620737,512,200,64,4,105.948540
1,1,10,"q10_case2",2741,10240,7180410450,2620445,512,198,65,4,105.988419
1,1,10,"q10_case2",2742,10240,7183030553,2620103,512,198,64,4,106.025822
1,1,10,"q10_case2",2743,10240,7185650961,2620408,512,196,64,4,106.065925
1,1,10,"q10_case2",2744,10240,7188271412,2620451,512,196,63,4,106.106262
1,1,10,"q10_case2",2745,10240,7190891984,2620572,512,196,63,4,106.146523
1,1,10,"q10_case2",2746,10240,7193512401,2620417,512,196,63,4,106.188135
1,1,10,"q10_case2",2747,10240,7196132899,2620498,512,196,63,4,106.225947
1,1,10,"q10_case2",2748,10240,7198753696,2620797,512,196,63,4,106.267359
1,1,10,"q10_case2",2749,10240,7201374172,2620476,512,196,63,4,106.304965
1,1,10,"q10_case2",2750,10240,7203994547,2620375,512,196,63,4,106.345835
1,1,10,"q10_case2",2751,10240,7206615005,2620458,512,194,63,4,106.386735
1,1,10,"q10_case2",2752,10240,7209235669,2620664,512,194,62,4,106.426736
1,1,10,"q10_case2",2753,10240,7211856561,2620892,512,194,62,4,106.467489
1,1,10,"q10_case2",2754,10240,7214477049,2620488,512,194,62,4,106.509300
1,1,10,"q10_case2",2755,10240,7217097537,2620488,512,194,62,4,106.549491
1,1,10,"q10_case2",2756,10240,7219718334,2620797,512,194,62,4,106.590847
1,1,10,"q10_case2",2757,10240,7222338805,2620471,512,192,64,4,106.633630
1,1,10,"q10_case2",2758,10240,7224959107,2620302,512,192,63,4,106.749015
1,1,10,"q10_case2",2759,10240,7227579567,2620460,512,190,64,4,106.789774
1,1,10,"q10_case2",2760,10240,7230200040,2620473,512,190,63,4,106.831211
1,1,10,"q10_case2",2761,10240,7232820491,2620451,512,190,62,4,106.868512
1,1,10,"q10_case2",2762,10240,7235440934,2620443,512,188,63,4,106.905601
1,1,10,"q10_case2",2763,10240,7238061109,2620175,512,188,62,4,106.941452
1,1,10,"q10_case2",2764,10240,7240681826,2620717,512,188,61,4,106.981744
1,1,10,"q10_case2",2765,10240,7243302245,2620419,512,188,60,4,107.022525
1,1,10,"q10_case2",2766,10240,7245922573,2620328,512,186,61,4,107.061884
1,1,10,"q10_case2",2767,10240,7248542852,2620279,512,186,60,4,107.100544
1,1,10,"q10_case2",2768,10240,7251163320,2620468,512,184,62,4,107.141573
1,1,10,"q10_case2",2769,10240,7253783789,2620469,512,184,61,4,107.176564
1,1,10,"q10_case2",2770,10240,7256404224,2620435,512,182,62,4,107.212921
1,1,10,"q10_case2",2771,10240,7259024660,2620436,512,180,61,4,107.247905
1,1,10,"q10_case2",2772,10240,7261645012,2620352,512,180,60,4,107.287437
1,1,10,"q10_case2",2773,10240,7264265476,2620464,512,178,61,4,107.327958
1,1,10,"q10_case2",2774,10240,7266885661,2620185,512,176,59,4,107.370181
1,1,10,"q10_case2",2775,10240,7269506514,2620853,512,174,58,4,107.408723
1,1,10,"q10_case2",2776,10240,7272126709,2620195,512,174,57,4,107.449785
1,1,10,"q10_case2",2777,10240,7274746916,2620207,512,172,59,4,107.490677
1,1,10,"q10_case2",2778,10240,7277367162,2620246,512,172,58,4,107.530162
1,1,10,"q10_case2",2779,10240,7279987575,2620413,512,172,57,4,107.568188
1,1,10,"q10_case2",2780,10240,7282608012,2620437,512,172,56,4,107.607623
1,1,10,"q10_case2",2781,10240,7285228054,2620042,512,170,56,4,107.652846
1,1,10,"q10_case2",2782,10240,7287848306,2620252,512,170,55,4,107.693526
1,1,10,"q10_case2",2783,10240,7290468954,2620648,512,168,54,4,107.761377
1,1,10,"q10_case2",2784,10240,7293089429,2620475,512,168,54,4,107.808259
1,1,10,"q10_case2",2785,10240,7295710093,2620664,512,166,55,4,107.844721
1,1,10,"q10_case2",2786,10240,7298330553,2620460,512,166,54,4,107.884468
1,1,10,"q10_case2",2787,10240,7300951388,2620835,512,166,54,4,107.919830
1,1,10,"q10_case2",2788,10240,7303572110,2620722,512,164,53,4,107.955650
1,1,10,"q10_case2",2789,10240,7306192753,2620643,512,162,54,4,107.990125
1,1,10,"q10_case2",2790,10240,7308813461,2620708,512,160,52,4,108.025229
1,1,10,"q10_case2",2791,10240,7311434222,2620761,512,160,52,4,108.059560
1,1,10,"q10_case2",2792,10240,7314054662,2620440,512,158,52,4,108.095150
1,1,10,"q10_case2",2793,10240,7316675187,2620525,512,158,51,4,108.139012
1,1,10,"q10_case2",2794,10240,7319296023,2620836,512,156,52,4,108.173824
1,1,10,"q10_case2",2795,10240,7321916511,2620488,512,156,51,4,108.208073
1,1,10,"q10_case2",2796,10240,7324536978,2620467,512,154,52,4,108.249661
1,1,10,"q10_case2",2797,10240,7327157559,2620581,512,154,51,4,108.284440
1,1,10,"q10_case2",2798,10240,7329778193,2620634,512,154,50,4,108.322402
1,1,10,"q10_case2",2799,10240,7332398670,2620477,512,152,50,4,108.358239
1,1,10,"q10_case2",2800,10240,7335019093,2620423,512,152,49,4,108.393108
1,1,10,"q10_case2",2801,10240,7337639965,2620872,512,150,51,4,108.426736
1,1,10,"q10_case2",2802,10240,7340260475,2620510,512,150,50,4,108.460877
1,1,10,"q10_case2",2803,10240,7342881174,2620699,512,148,52,4,108.496127
1,1,10,"q10_case2",2804,10240,7345501653,2620479,512,146,51,4,108.532257
1,1,10,"q10_case2",2805,10240,7348122526,2620873,512,144,49,4,108.568227
1,1,10,"q10_case2",2806,10240,7350742801,2620275,512,144,48,4,108.604216
1,1,10,"q10_case2",2807,10240,7353363240,2620439,512,144,47,4,108.643283
1,1,10,"q10_case2",2808,10240,7355983689,2620449,512,144,47,4,108.682081
1,1,10,"q10_case2",2809,10240,7358604003,2620314,512,144,47,4,108.718283
1,1,10,"q10_case2",2810,10240,7361224538,2620535,512,144,46,4,108.753624
1,1,10,"q10_case2",2811,10240,7363845303,2620765,512,144,46,4,108.787936
1,1,10,"q10_case2",2812,10240,7366466076,2620773,512,144,46,4,108.824221
1,1,10,"q10_case2",2813,10240,7369086647,2620571,512,142,47,4,108.858950
1,1,10,"q10_case2",2814,10240,7371707487,2620840,512,142,46,4,108.893677
1,1,10,"q10_case2",2815,10240,7374328259,2620772,512,140,46,4,108.928823
1,1,10,"q10_case2",2816,10240,7376948859,2620600,512,138,44,4,108.963783
1,1,10,"q10_case2",2817,10240,7379569649,2620790,512,138,44,4,108.999895
1,1,10,"q10_case2",2818,10240,7382190396,2620747,512,138,44,4,109.039928
1,1,10,"q10_case2",2819,10240,7384810888,2620492,512,136,44,4,109.074087
1,1,10,"q10_case2",2820,10240,7387431704,2620816,512,136,44,4,109.107838
1,1,10,"q10_case2",2821,10240,7390052624,2620920,512,134,44,4,109.141090
1,1,10,"q10_case2",2822,10240,7392673176,2620552,512,132,43,4,109.175074
1,1,10,"q10_case2",2823,10240,7395294063,2620887,512,130,42,4,109.210234
1,1,10,"q10_case2",2824,10240,7397914657,2620594,512,130,43,4,109.244532
1,1,10,"q10_case2",2825,10240,7400535163,2620506,512,128,42,4,109.279576
1,1,10,"q10_case2",2826,10240,7403155651,2620488,512,128,41,4,109.314004
1,1,10,"q10_case2",2827,10240,7405776430,2620779,512,128,42,4,109.346158
1,1,10,"q10_case2",2828,10240,7408396915,2620485,512,126,42,4,109.384003
1,1,10,"q10_case2",2829,10240,7411017133,2620218,512,126,41,4,109.416422
1,1,10,"q10_case2",2830,10240,7413637877,2620744,512,126,41,4,109.449128
1,1,10,"q10_case2",2831,10240,7416258405,2620528,512,126,40,4,109.481191
1,1,10,"q10_case2",2832,10240,7418878959,2620554,512,126,41,4,109.514787
1,1,10,"q10_case2",2833,10240,7421499623,2620664,512,126,40,4,109.549634
1,1,10,"q10_case2",2834,10240,7424120155,2620532,512,126,40,4,109.582923
1,1,10,"q10_case2",2835,10240,7426740915,2620760,512,126,40,4,109.616801
1,1,10,"q10_case2",2836,10240,7429361646,2620731,512,124,41,4,109.650558
1,1,10,"q10_case2",2837,10240,7431982487,2620841,512,124,40,4,109.684036
1,1,10,"q10_case2",2838,10240,7434603410,2620923,512,124,41,4,109.714938
1,1,10,"q10_case2",2839,10240,7437223905,2620495,512,124,40,4,109.746195
1,1,10,"q10_case2",2840,10240,7439844349,2620444,512,124,40,4,109.776821
1,1,10,"q10_case2",2841,10240,7442465070,2620721,512,124,40,4,109.813107
1,1,10,"q10_case2",2842,10240,7445085724,2620654,512,122,41,4,109.843970
1,1,10,"q10_case2",2843,10240,7447706531,2620807,512,122,40,4,109.874686
1,1,10,"q10_case2",2844,10240,7450327445,2620914,512,122,41,4,109.906213
1,1,10,"q10_case2",2845,10240,7452947939,2620494,512,122,40,4,109.936939
1,1,10,"q10_case2",2846,10240,7455568378,2620439,512,122,39,4,109.967441
1,1,10,"q10_case2",2847,10240,7458188994,2620616,512,122,40,4,109.998292
1,1,10,"q10_case2",2848,10240,7460809712,2620718,512,122,39,4,110.029079
1,1,10,"q10_case2",2849,10240,7463430268,2620556,512,122,39,4,110.060736
1,1,10,"q10_case2",2850,10240,7466051049,2620781,512,122,39,4,110.100034
1,1,10,"q10_case2",2851,10240,7468671657,2620608,512,122,39,4,110.134994
1,1,10,"q10_case2",2852,10240,7471292483,2620826,512,122,39,4,110.170633
1,1,10,"q10_case2",2853,10240,7473913396,2620913,512,122,39,4,110.207680
1,1,10,"q10_case2",2854,10240,7476534266,2620870,512,122,39,4,110.241686
1,1,10,"q10_case2",2855,10240,7479155149,2620883,512,122,39,4,110.275263
1,1,10,"q10_case2",2856,10240,7481776071,2620922,512,122,39,4,110.310140
1,1,10,"q10_case2",2857,10240,7484396664,2620593,512,122,39,4,110.342418
1,1,10,"q10_case2",2858,10240,7487017506,2620842,512,122,39,4,110.375202
1,1,10,"q10_case2",2859,10240,7489638408,2620902,512,122,39,4,110.407072
1,1,10,"q10_case2",2860,10240,7492259282,2620874,512,122,39,4,110.438432
1,1,10,"q10_case2",2861,10240,7494880153,2620871,512,122,39,4,110.469767
1,1,10,"q10_case2",2862,10240,7497501047,2620894,512,122,39,4,110.501717
1,1,10,"q10_case2",2863,10240,7500121944,2620897,512,122,39,4,110.535910
1,1,10,"q10_case2",2864,10240,7502742841,2620897,512,122,39,4,110.570592
1,1,10,"q10_case2",2865,10240,7505363549,2620708,512,122,39,4,110.604841
1,1,10,"q10_case2",2866,10240,7507984398,2620849,512,122,39,4,110.639049
1,1,10,"q10_case2",2867,10240,7510605296,2620898,512,122,39,4,110.672211
1,1,10,"q10_case2",2868,10240,7513226187,2620891,512,120,40,4,110.758998
1,1,10,"q10_case2",2869,10240,7515846787,2620600,512,118,38,4,110.790170
1,1,10,"q10_case2",2870,10240,7518467667,2620880,512,118,37,4,110.825711
1,1,10,"q10_case2",2871,10240,7521088441,2620774,512,118,38,4,110.857346
1,1,10,"q10_case2",2872,10240,7523708897,2620456,512,118,37,4,110.890781
1,1,10,"q10_case2",2873,10240,7526329054,2620157,512,116,38,4,110.924943
1,1,10,"q10_case2",2874,10240,7528949844,2620790,512,116,37,4,110.959222
1,1,10,"q10_case2",2875,10240,7531570751,2620907,512,114,36,4,110.993083
1,1,10,"q10_case2",2876,10240,7534191117,2620366,512,114,36,4,111.027278
1,1,10,"q10_case2",2877,10240,7536811878,2620761,512,114,35,4,111.061783
1,1,10,"q10_case2",2878,10240,7539432438,2620560,512,114,36,4,111.096191
1,1,10,"q10_case2",2879,10240,7542053172,2620734,512,114,35,4,111.128041
1,1,10,"q10_case2",2880,10240,7544673687,2620515,512,112,36,4,111.159544
1,1,10,"q10_case2",2881,10240,7547294495,2620808,512,112,35,4,111.191283
1,1,10,"q10_case2",2882,10240,7549915277,2620782,512,110,34,4,111.222401
1,1,10,"q10_case2",2883,10240,7552535633,2620356,512,110,35,4,111.254582
1,1,10,"q10_case2",2884,10240,7555156402,2620769,512,110,34,4,111.287743
1,1,10,"q10_case2",2885,10240,7557776865,2620463,512,110,34,4,111.320769
1,1,10,"q10_case2",2886,10240,7560397698,2620833,512,110,35,4,111.353603
1,1,10,"q10_case2",2887,10240,7563018248,2620550,512,110,34,4,111.385923
1,1,10,"q10_case2",2888,10240,7565638707,2620459,512,110,34,4,111.417287
1,1,10,"q10_case2",2889,10240,7568259540,2620833,512,110,35,4,111.448293
1,1,10,"q10_case2",2890,10240,7570880399,2620859,512,108,35,4,111.480059
1,1,10,"q10_case2",2891,10240,7573500880,2620481,512,106,34,4,111.511773
1,1,10,"q10_case2",2892,10240,7576121720,2620840,512,106,33,4,111.541997
1,1,10,"q10_case2",2893,10240,7578742427,2620707,512,106,32,4,111.572442
1,1,10,"q10_case2",2894,10240,7581362773,2620346,512,106,33,4,111.603170
1,1,10,"q10_case2",2895,10240,7583982863,2620090,512,106,32,4,111.633820
1,1,10,"q10_case2",2896,10240,7586603048,2620185,512,106,32,4,111.664272
1,1,10,"q10_case2",2897,10240,7589223794,2620746,512,106,33,4,111.695083
1,1,10,"q10_case2",2898,10240,7591844342,2620548,512,106,32,4,111.729640
1,1,10,"q10_case2",2899,10240,7594464811,2620469,512,106,32,4,111.762790
1,1,10,"q10_case2",2900,10240,7597085663,2620852,512,106,32,4,111.812666
1,1,10,"q10_case2",2901,10240,7599706410,2620747,512,104,33,4,111.846162
1,1,10,"q10_case2",2902,10240,7602327278,2620868,512,102,31,4,111.880582
1,1,10,"q10_case2",2903,10240,7604948180,2620902,512,102,30,4,111.913152
1,1,10,"q10_case2",2904,10240,7607568974,2620794,512,102,31,4,111.946999
1,1,10,"q10_case2",2905,10240,7610189411,2620437,512,100,30,4,111.981714
1,1,10,"q10_case2",2906,10240,7612809519,2620108,512,100,29,4,112.013863
1,1,10,"q10_case2",2907,10240,7615430368,2620849,512,100,30,4,112.047018
1,1,10,"q10_case2",2908,10240,7618050798,2620430,512,100,29,4,112.080383
1,1,10,"q10_case2",2909,10240,7620670898,2620100,512,100,29,4,112.113375
1,1,10,"q10_case2",2910,10240,7623291738,2620840,512,100,29,4,112.146534
1,1,10,"q10_case2",2911,10240,7625912119,2620381,512,98,31,4,112.178935
1,1,10,"q10_case2",2912,10240,7628532989,2620870,512,98,30,4,112.210548
1,1,10,"q10_case2",2913,10240,7631153866,2620877,512,98,30,4,112.242581
1,1,10,"q10_case2",2914,10240,7633774320,2620454,512,98,29,4,112.274923
1,1,10,"q10_case2",2915,10240,7636394481,2620161,512,98,30,4,112.306633
1,1,10,"q10_case2",2916,10240,7639014909,2620428,512,96,30,4,112.360231
1,1,10,"q10_case2",2917,10240,7641635398,2620489,512,96,29,4,112.391197
1,1,10,"q10_case2",2918,10240,7644256213,2620815,512,96,29,4,112.422585
1,1,10,"q10_case2",2919,10240,7646876684,2620471,512,96,28,4,112.452846
1,1,10,"q10_case2",2920,10240,7649496844,2620160,512,96,29,4,112.483718
1,1,10,"q10_case2",2921,10240,7652117480,2620636,512,94,31,4,112.516255
1,1,10,"q10_case2",2922,10240,7654737981,2620501,512,94,29,4,112.564415
1,1,10,"q10_case2",2923,10240,7657358809,2620828,512,94,28,4,112.598436
1,1,10,"q10_case2",2924,10240,7659979353,2620544,512,94,29,4,112.631306
1,1,10,"q10_case2",2925,10240,7662599617,2620264,512,94,28,4,112.664287
1,1,10,"q10_case2",2926,10240,7665220024,2620407,512,94,28,4,112.697267
1,1,10,"q10_case2",2927,10240,7667840870,2620846,512,92,28,4,112.727659
1,1,10,"q10_case2",2928,10240,7670461684,2620814,512,92,27,4,112.760138
1,1,10,"q10_case2",2929,10240,7673082556,2620872,512,90,28,4,112.789619
1,1,10,"q10_case2",2930,10240,7675702975,2620419,512,90,27,4,112.820435
1,1,10,"q10_case2",2931,10240,7678323430,2620455,512,88,26,4,112.850761
1,1,10,"q10_case2",2932,10240,7680943989,2620559,512,88,27,4,112.880251
1,1,10,"q10_case2",2933,10240,7683564689,2620700,512,88,26,4,112.912400
1,1,10,"q10_case2",2934,10240,7686185125,2620436,512,88,26,4,112.944753
1,1,10,"q10_case2",2935,10240,7688805965,2620840,512,86,28,4,112.986295
1,1,10,"q10_case2",2936,10240,7691426365,2620400,512,86,27,4,113.019345
1,1,10,"q10_case2",2937,10240,7694047239,2620874,512,86,26,4,113.051101
1,1,10,"q10_case2",2938,10240,7696667683,2620444,512,86,25,4,113.082840
1,1,10,"q10_case2",2939,10240,7699287783,2620100,512,86,26,4,113.117234
1,1,10,"q10_case2",2940,10240,7701907856,2620073,512,86,25,4,113.151098
1,1,10,"q10_case2",2941,10240,7704528119,2620263,512,84,26,4,113.186855
1,1,10,"q10_case2",2942,10240,7707148933,2620814,512,84,25,4,113.220894
1,1,10,"q10_case2",2943,10240,7709769441,2620508,512,82,26,4,113.254866
1,1,10,"q10_case2",2944,10240,7712389898,2620457,512,82,25,4,113.289524
1,1,10,"q10_case2",2945,10240,7715010153,2620255,512,82,26,4,113.319618
1,1,10,"q10_case2",2946,10240,7717630606,2620453,512,82,25,4,113.349422
1,1,10,"q10_case2",2947,10240,7720250641,2620035,512,82,24,4,113.379204
1,1,10,"q10_case2",2948,10240,7722871445,2620804,512,80,25,4,113.409542
1,1,10,"q10_case2",2949,10240,7725492110,2620665,512,80,24,4,113.439548
1,1,10,"q10_case2",2950,10240,7728112732,2620622,512,80,24,4,113.468937
1,1,10,"q10_case2",2951,10240,7730733281,2620549,512,80,24,4,113.519804
1,1,10,"q10_case2",2952,10240,7733353542,2620261,512,80,24,4,113.553691
1,1,10,"q10_case2",2953,10240,7735974375,2620833,512,78,25,4,113.587363
1,1,10,"q10_case2",2954,10240,7738595258,2620883,512,78,24,4,113.620642
1,1,10,"q10_case2",2955,10240,7741216130,2620872,512,76,23,4,113.653189
1,1,10,"q10_case2",2956,10240,7743836876,2620746,512,76,24,4,113.686039
1,1,10,"q10_case2",2957,10240,7746457392,2620516,512,74,23,4,113.718325
1,1,10,"q10_case2",2958,10240,7749077832,2620440,512,72,22,4,113.750836
1,1,10,"q10_case2",2959,10240,7751698570,2620738,512,72,23,4,113.782616
1,1,10,"q10_case2",2960,10240,7754319094,2620524,512,72,22,4,113.816633
1,1,10,"q10_case2",2961,10240,7756939537,2620443,512,72,22,4,113.848829
1,1,10,"q10_case2",2962,10240,7759560350,2620813,512,72,22,4,113.881229
1,1,10,"q10_case2",2963,10240,7762180865,2620515,512,72,22,4,113.913350
1,1,10,"q10_case2",2964,10240,7764801717,2620852,512,72,21,4,113.944597
1,1,10,"q10_case2",2965,10240,7767422612,2620895,512,70,22,4,113.975188
1,1,10,"q10_case2",2966,10240,7770043319,2620707,512,68,21,4,114.005367
1,1,10,"q10_case2",2967,10240,7772663963,2620644,512,68,20,4,114.035736
1,1,10,"q10_case2",2968,10240,7775284665,2620702,512,66,20,4,114.066469
1,1,10,"q10_case2",2969,10240,7777905125,2620460,512,66,19,4,114.099216
1,1,10,"q10_case2",2970,10240,7780525498,2620373,512,64,20,4,114.134740
1,1,10,"q10_case2",2971,10240,7783146033,2620535,512,64,19,4,114.169865
1,1,10,"q10_case2",2972,10240,7785766541,2620508,512,64,20,4,114.204683
1,1,10,"q10_case2",2973,10240,7788386998,2620457,512,64,19,4,114.268084
1,1,10,"q10_case2",2974,10240,7791007027,2620029,512,64,19,4,114.302023
1,1,10,"q10_case2",2975,10240,7793627872,2620845,512,62,19,4,114.335750
1,1,10,"q10_case2",2976,10240,7796248564,2620692,512,62,18,4,114.368386
1,1,10,"q10_case2",2977,10240,7798869442,2620878,512,62,19,4,114.401911
1,1,10,"q10_case2",2978,10240,7801489920,2620478,512,62,19,4,114.434775
1,1,10,"q10_case2",2979,10240,7804110258,2620338,512,62,18,4,114.468161
1,1,10,"q10_case2",2980,10240,7806731108,2620850,512,62,19,4,114.500899
1,1,10,"q10_case2",2981,10240,7809351791,2620683,512,60,19,4,114.530188
1,1,10,"q10_case2",2982,10240,7811972290,2620499,512,60,18,4,114.579902
1,1,10,"q10_case2",2983,10240,7814593182,2620892,512,60,19,4,114.609714
1,1,10,"q10_case2",2984,10240,7817213616,2620434,512,60,18,4,114.639635
1,1,10,"q10_case2",2985,10240,7819833786,2620170,512,60,18,4,114.669284
1,1,10,"q10_case2",2986,10240,7822454256,2620470,512,60,18,4,114.698712
1,1,10,"q10_case2",2987,10240,7825074939,2620683,512,58,19,4,114.735182
1,1,10,"q10_case2",2988,10240,7827695676,2620737,512,58,18,4,114.768820
1,1,10,"q10_case2",2989,10240,7830316573,2620897,512,58,17,4,114.806620
1,1,10,"q10_case2",2990,10240,7832937373,2620800,512,58,17,4,114.841521
1,1,10,"q10_case2",2991,10240,7835557960,2620587,512,58,18,4,114.875674
1,1,10,"q10_case2",2992,10240,7838178492,2620532,512,58,17,4,114.905683
1,1,10,"q10_case2",2993,10240,7840799070,2620578,512,56,17,4,114.936310
1,1,10,"q10_case2",2994,10240,7843419716,2620646,512,56,18,4,114.966923
1,1,10,"q10_case2",2995,10240,7846040612,2620896,512,56,17,4,114.997110
1,1,10,"q10_case2",2996,10240,7848661078,2620466,512,56,17,4,115.028538
1,1,10,"q10_case2",2997,10240,7851281519,2620441,512,56,17,4,115.059456
1,1,10,"q10_case2",2998,10240,7853902091,2620572,512,54,18,4,115.093164
1,1,10,"q10_case2",2999,10240,7856522956,2620865,512,54,17,4,115.126654
1,1,10,"q10_case2",3000,10240,7859143845,2620889,512,54,16,4,115.160610
1,1,10,"q10_case2",3001,10240,7861764555,2620710,512,54,17,4,115.194845
1,1,10,"q10_case2",3002,10240,7864385101,2620546,512,54,17,4,115.227929
1,1,10,"q10_case2",3003,10240,7867005575,2620474,512,54,16,4,115.260972
1,1,10,"q10_case2",3004,10240,7869626427,2620852,512,54,16,4,115.294007
1,1,10,"q10_case2",3005,10240,7872247117,2620690,512,52,19,4,115.324346
1,1,10,"q10_case2",3006,10240,7874867753,2620636,512,50,17,4,115.353728
1,1,10,"q10_case2",3007,10240,7877488320,2620567,512,50,16,4,115.383208
1,1,10,"q10_case2",3008,10240,7880109117,2620797,512,48,17,4,115.412835
1,1,10,"q10_case2",3009,10240,7882729519,2620402,512,48,16,4,115.441815
1,1,10,"q10_case2",3010,10240,7885349745,2620226,512,48,15,4,115.471879
1,1,10,"q10_case2",3011,10240,7887970179,2620434,512,46,18,4,115.505311
1,1,10,"q10_case2",3012,10240,7890590258,2620079,512,46,16,4,115.536290
1,1,10,"q10_case2",3013,10240,7893210619,2620361,512,46,15,4,115.567617
1,1,10,"q10_case2",3014,10240,7895831149,2620530,512,44,16,4,115.599815
1,1,10,"q10_case2",3015,10240,7898451404,2620255,512,42,15,4,115.630398
1,1,10,"q10_case2",3016,10240,7901071688,2620284,512,42,14,4,115.662265
1,1,10,"q10_case2",3017,10240,7903692423,2620735,512,40,15,4,115.695168
1,1,10,"q10_case2",3018,10240,7906312853,2620430,512,40,14,4,115.733384
1,1,10,"q10_case2",3019,10240,7908933049,2620196,512,38,13,4,115.767952
1,1,10,"q10_case2",3020,10240,7911553626,2620577,512,38,12,4,115.810530
1,1,10,"q10_case2",3021,10240,7914174178,2620552,512,38,13,4,115.845550
1,1,10,"q10_case2",3022,10240,7916794567,2620389,512,36,14,4,115.880444
1,1,10,"q10_case2",3023,10240,7919414728,2620161,512,36,13,4,115.910633
1,1,10,"q10_case2",3024,10240,7922035199,2620471,512,36,12,4,115.940793
1,1,10,"q10_case2",3025,10240,7924655671,2620472,512,36,17,3,115.971663
1,1,10,"q10_case2",3026,10240,7927275768,2620097,512,36,16,3,116.002049
1,1,10,"q10_case2",3027,10240,7929896631,2620863,512,36,17,3,116.032496
1,1,10,"q10_case2",3028,10240,7932517081,2620450,512,36,16,3,116.062506
1,1,10,"q10_case2",3029,10240,7935137630,2620549,512,34,17,3,116.094001
1,1,10,"q10_case2",3030,10240,7937758055,2620425,512,34,16,3,116.127616
1,1,10,"q10_case2",3031,10240,7940378892,2620837,512,34,15,3,116.161244
1,1,10,"q10_case2",3032,10240,7942999502,2620610,512,32,14,3,116.194029
1,1,10,"q10_case2",3033,10240,7945619918,2620416,512,32,15,3,116.226665
1,1,10,"q10_case2",3034,10240,7948240557,2620639,512,32,14,3,116.259493
1,1,10,"q10_case2",3035,10240,7950861126,2620569,512,32,13,3,116.292127
1,1,10,"q10_case2",3036,10240,7953481630,2620504,512,30,14,3,116.321510
1,1,10,"q10_case2",3037,10240,7956102183,2620553,512,30,13,3,116.351328
1,1,10,"q10_case2",3038,10240,7958722816,2620633,512,30,13,3,116.380475
1,1,10,"q10_case2",3039,10240,7961343360,2620544,512,28,14,3,116.409333
1,1,10,"q10_case2",3040,10240,7963963794,2620434,512,26,12,3,116.438224
1,1,10,"q10_case2",3041,10240,7966584446,2620652,512,24,11,3,116.467241
1,1,10,"q10_case2",3042,10240,7969204982,2620536,512,22,9,3,116.496644
1,1,10,"q10_case2",3043,10240,7971825306,2620324,512,22,10,3,116.529762
1,1,10,"q10_case2",3044,10240,7974445916,2620610,512,22,9,3,116.571630
1,1,10,"q10_case2",3045,10240,7977066397,2620481,512,20,10,3,116.605018
1,1,10,"q10_case2",3046,10240,7979687077,2620680,512,20,9,3,116.639014
1,1,10,"q10_case2",3047,10240,7982307624,2620547,512,20,8,3,116.673128
1,1,10,"q10_case2",3048,10240,7984928206,2620582,512,20,13,2,116.707787
1,1,10,"q10_case2",3049,10240,7987548656,2620450,512,20,12,2,116.777338
1,1,10,"q10_case2",3050,10240,7990169517,2620861,512,20,11,2,116.818790
1,1,10,"q10_case2",3051,10240,7992790067,2620550,512,20,12,2,116.850668
1,1,10,"q10_case2",3052,10240,7995410651,2620584,512,20,11,2,116.894719
1,1,10,"q10_case2",3053,10240,7998030900,2620249,512,20,10,2,116.929957
1,1,10,"q10_case2",3054,10240,8000651481,2620581,512,18,11,2,116.963650
1,1,10,"q10_case2",3055,10240,8003272202,2620721,512,18,10,2,116.998366
1,1,10,"q10_case2",3056,10240,8005893098,2620896,512,18,9,2,117.032290
1,1,10,"q10_case2",3057,10240,8008513689,2620591,512,18,10,2,117.066904
1,1,10,"q10_case2",3058,10240,8011134069,2620380,512,16,9,2,117.099294
1,1,10,"q10_case2",3059,10240,8013754589,2620520,512,16,8,2,117.129387
1,1,10,"q10_case2",3060,10240,8016375394,2620805,512,16,9,2,117.158975
1,1,10,"q10_case2",3061,10240,8018996212,2620818,512,14,10,2,117.189634
1,1,10,"q10_case2",3062,10240,8021616705,2620493,512,14,9,2,117.220382
1,1,10,"q10_case2",3063,10240,8024237533,2620828,512,12,8,2,117.250901
1,1,10,"q10_case2",3064,10240,8026858073,2620540,512,10,6,2,117.281392
1,1,10,"q10_case2",3065,10240,8029478636,2620563,512,10,7,2,117.314326
1,1,10,"q10_case2",3066,10240,8032099094,2620458,512,10,6,2,117.346218
1,1,10,"q10_case2",3067,10240,8034719616,2620522,512,10,5,2,117.377741
1,1,10,"q10_case2",3068,10240,8037340052,2620436,512,10,10,1,117.410455
1,1,10,"q10_case2",3069,10240,8039960464,2620412,512,8,5,2,117.442737
1,1,10,"q10_case2",3070,10240,8042580869,2620405,512,8,8,1,117.473708
1,1,10,"q10_case2",3071,10240,8045201652,2620783,512,8,5,2,117.504443
1,1,10,"q10_case2",3072,10240,8047822176,2620524,512,6,4,2,117.535528
1,1,10,"q10_case2",3073,10240,8050442488,2620312,512,6,6,1,117.566686
1,1,10,"q10_case2",3074,10240,8053063204,2620716,512,4,4,1,117.599203
1,1,10,"q10_case2",3075,10240,8055683970,2620766,512,4,4,1,117.630711
1,1,10,"q10_case2",3076,10240,8058304683,2620713,512,2,2,1,117.662527
1,1,10,"q10_case2",3077,10240,8060925432,2620749,1,0,0,0,117.697231
