case_index,total_cases,dim,case_name,depth,visited_states,pending_states,disk_bytes,worker_threads,generation_sec,visited_sec,selection_sec
1,1,9,"q9_case1",1,2305,2305,131072,24,0.000247,0.001215,0.000179
1,1,9,"q9_case1",2,559626,559626,131072,24,0.034883,0.037436,0.010824
1,1,9,"q9_case1",3,1146067,146067,23572480,24,0.018430,0.246163,0.010869
1,1,9,"q9_case1",4,1734766,734766,23572480,24,0.018048,0.039929,0.010694
1,1,9,"q9_case1",5,2323861,323861,46804992,24,0.016673,0.244851,0.010601
1,1,9,"q9_case1",6,2913036,913036,46804992,24,0.016720,0.041838,0.009643
1,1,9,"q9_case1",7,3487040,487040,69963776,24,0.016912,0.238204,0.009761
1,1,9,"q9_case1",8,4074828,74828,93429760,24,0.016976,0.243451,0.011140
1,1,9,"q9_case1",9,4663764,663764,93429760,24,0.016577,0.036719,0.010798
1,1,9,"q9_case1",10,5252937,252937,116678656,24,0.016510,0.250500,0.010088
1,1,9,"q9_case1",11,5810010,810010,116678656,24,0.017910,0.041330,0.010078
1,1,9,"q9_case1",12,6396399,396399,139870208,24,0.017052,0.245955,0.010191
1,1,9,"q9_case1",13,6984991,797491,144089088,24,0.016438,0.109202,0.009902
1,1,9,"q9_case1",14,7542311,542311,163176448,24,0.016741,0.201109,0.009519
1,1,9,"q9_case1",15,8128962,128962,186613760,24,0.016340,0.266786,0.009663
1,1,9,"q9_case1",16,8702309,702309,186613760,24,0.017215,0.041033,0.010933
1,1,9,"q9_case1",17,9289544,289544,210006016,24,0.017385,0.268860,0.011782
1,1,9,"q9_case1",18,9846478,846478,210006016,24,0.017216,0.041858,0.013309
1,1,9,"q9_case1",19,10432634,432634,233132032,24,0.019009,0.265979,0.011745
1,1,9,"q9_case1",20,10989692,677192,240594944,24,0.017960,0.194854,0.011412
1,1,9,"q9_case1",21,11575816,575816,256741376,24,0.018077,0.226130,0.012813
1,1,9,"q9_case1",22,12132870,132870,279584768,24,0.018411,0.280762,0.013170
1,1,9,"q9_case1",23,12718995,718995,279584768,24,0.016885,0.044550,0.011616
1,1,9,"q9_case1",24,13276295,276295,303308800,24,0.017239,0.369012,0.013138
1,1,9,"q9_case1",25,13862695,862695,303308800,24,0.018969,0.042478,0.014143
1,1,9,"q9_case1",26,14451423,451423,326492160,24,0.019065,0.454147,0.014216
1,1,9,"q9_case1",27,15040233,40233,349904896,24,0.017588,0.561200,0.012604
1,1,9,"q9_case1",28,15597529,597529,349904896,24,0.018396,0.040556,0.009647
1,1,9,"q9_case1",29,16184020,184020,373284864,24,0.016315,0.641114,0.013863
1,1,9,"q9_case1",30,16772494,772494,373284864,24,0.018872,0.039179,0.012627
1,1,9,"q9_case1",31,17329539,329539,396689408,24,0.018847,0.727449,0.011796
1,1,9,"q9_case1",32,17915821,915821,396689408,24,0.016750,0.040164,0.013807
1,1,9,"q9_case1",33,18504408,504408,419762176,24,0.019841,0.765916,0.010161
1,1,9,"q9_case1",34,19093298,93298,443187200,24,0.018526,0.841417,0.013666
1,1,9,"q9_case1",35,19672098,672098,443187200,24,0.018231,0.038561,0.011561
1,1,9,"q9_case1",36,20260071,260071,466202624,24,0.018816,0.855702,0.013392
1,1,9,"q9_case1",37,20849057,849057,466202624,24,0.017583,0.040437,0.013238
1,1,9,"q9_case1",38,21406606,406606,489746432,24,0.017275,0.963943,0.013093
1,1,9,"q9_case1",39,21993221,618221,498388992,24,0.018282,0.576305,0.013050
1,1,9,"q9_case1",40,22581821,581821,512761856,24,0.018166,0.611500,0.009982
1,1,9,"q9_case1",41,23170732,170732,536244224,24,0.021865,0.998442,0.011798
1,1,9,"q9_case1",42,23744048,744048,536244224,24,0.017602,0.041416,0.013506
1,1,9,"q9_case1",43,24331424,331424,559976448,24,0.018457,1.035782,0.013898
1,1,9,"q9_case1",44,24920203,920203,559976448,24,0.017155,0.040381,0.009784
1,1,9,"q9_case1",45,25477744,477744,583081984,24,0.018937,1.082951,0.013075
1,1,9,"q9_case1",46,26064352,64352,606035968,24,0.017684,1.032178,0.013177
1,1,9,"q9_case1",47,26653008,653008,606035968,24,0.018474,0.041498,0.009746
1,1,9,"q9_case1",48,27210036,210036,629108736,24,0.017032,1.130552,0.013024
1,1,9,"q9_case1",49,27796320,796320,629108736,24,0.018113,0.039496,0.011133
1,1,9,"q9_case1",50,28384880,384880,652636160,24,0.019166,1.185266,0.013976
1,1,9,"q9_case1",51,28973843,911343,654082048,24,0.018616,0.587818,0.012298
1,1,9,"q9_case1",52,29562900,562900,676007936,24,0.017697,1.088494,0.012109
1,1,9,"q9_case1",53,30151992,151992,699867136,24,0.016793,1.146181,0.014007
1,1,9,"q9_case1",54,30741180,741180,699867136,24,0.018271,0.039742,0.013366
1,1,9,"q9_case1",55,31330326,330326,722522112,24,0.019168,1.221783,0.013633
1,1,9,"q9_case1",56,31919527,919527,722522112,24,0.018353,0.041078,0.011852
1,1,9,"q9_case1",57,32508548,508548,745779200,24,0.018467,1.330187,0.010431
1,1,9,"q9_case1",58,33097620,97620,769118208,24,0.016270,1.343188,0.010482
1,1,9,"q9_case1",59,33686755,686755,769118208,24,0.016676,0.037386,0.010291
1,1,9,"q9_case1",60,34275852,275852,792883200,24,0.016516,1.410519,0.012467
1,1,9,"q9_case1",61,34864948,864948,792883200,24,0.018700,0.044398,0.010601
1,1,9,"q9_case1",62,35453768,453768,815849472,24,0.017772,1.461477,0.010486
1,1,9,"q9_case1",63,36042423,104923,838250496,24,0.017131,1.282076,0.013776
1,1,9,"q9_case1",64,36631073,631073,839798784,24,0.018356,0.601355,0.014474
1,1,9,"q9_case1",65,37219748,219748,862896128,24,0.017327,1.387629,0.014464
1,1,9,"q9_case1",66,37808256,808256,862896128,24,0.018116,0.037130,0.014622
1,1,9,"q9_case1",67,38396875,396875,886145024,24,0.017098,1.343809,0.010085
1,1,9,"q9_case1",68,38985726,548226,895967232,24,0.016473,0.951529,0.014050
1,1,9,"q9_case1",69,39574530,574530,909418496,24,0.017684,0.844957,0.013869
1,1,9,"q9_case1",70,40162997,162997,932519936,24,0.018440,1.323024,0.014209
1,1,9,"q9_case1",71,40751748,751748,932519936,24,0.016207,0.040409,0.010356
1,1,9,"q9_case1",72,41340556,340556,955731968,24,0.017071,1.386772,0.014337
1,1,9,"q9_case1",73,41929272,929272,955731968,24,0.017844,0.040869,0.013988
1,1,9,"q9_case1",74,42518082,518082,979058688,24,0.020234,1.426890,0.014086
1,1,9,"q9_case1",75,43106825,106825,1002307584,24,0.016857,1.409558,0.014077
1,1,9,"q9_case1",76,43695667,695667,1002307584,24,0.018955,0.039447,0.014361
1,1,9,"q9_case1",77,44284622,284622,1026203648,24,0.019506,1.446436,0.014273
1,1,9,"q9_case1",78,44873587,873587,1026203648,24,0.018728,0.041955,0.015043
1,1,9,"q9_case1",79,45462596,462596,1048723456,24,0.016795,1.506642,0.012810
1,1,9,"q9_case1",80,46050295,112795,1070743552,24,0.018264,1.384670,0.010284
1,1,9,"q9_case1",81,46639122,639122,1072054272,24,0.016742,0.699835,0.014115
1,1,9,"q9_case1",82,47226533,226533,1095692288,24,0.016685,1.428794,0.010244
1,1,9,"q9_case1",83,47815122,815122,1095692288,24,0.016614,0.040273,0.011188
1,1,9,"q9_case1",84,48404132,404132,1118949376,24,0.016949,1.487938,0.012584
1,1,9,"q9_case1",85,48991554,554054,1129160704,24,0.017994,0.951906,0.013866
1,1,9,"q9_case1",86,49580178,580178,1142243328,24,0.016163,0.897522,0.013555
1,1,9,"q9_case1",87,50169140,169140,1165602816,24,0.016606,1.550999,0.013942
1,1,9,"q9_case1",88,50758023,758023,1165602816,24,0.017527,0.039507,0.013084
1,1,9,"q9_case1",89,51346800,346800,1188548608,24,0.019131,1.502320,0.014700
1,1,9,"q9_case1",90,51935500,935500,1188548608,24,0.022003,0.041764,0.013242
1,1,9,"q9_case1",91,52524162,524162,1211928576,24,0.019676,1.579465,0.014393
1,1,9,"q9_case1",92,53112804,112804,1235398656,24,0.018564,1.541910,0.014416
1,1,9,"q9_case1",93,53701319,701319,1235398656,24,0.019711,0.039038,0.014442
1,1,9,"q9_case1",94,54289823,289823,1258909696,24,0.022785,1.487208,0.014352
1,1,9,"q9_case1",95,54878298,878298,1258909696,24,0.017498,0.039556,0.013792
1,1,9,"q9_case1",96,55466768,466768,1282322432,24,0.017422,1.605308,0.014371
1,1,9,"q9_case1",97,56055240,117740,1304739840,24,0.019443,1.438600,0.013759
1,1,9,"q9_case1",98,56643611,643611,1306136576,24,0.018472,0.727449,0.014553
1,1,9,"q9_case1",99,57231929,231929,1329635328,24,0.017846,1.646025,0.010299
1,1,9,"q9_case1",100,57820298,820298,1329635328,24,0.016532,0.060160,0.010377
1,1,9,"q9_case1",101,58408763,408763,1352687616,24,0.016418,1.661567,0.010167
1,1,9,"q9_case1",102,58996893,434393,1365192704,24,0.017230,1.133592,0.011673
1,1,9,"q9_case1",103,59585095,585095,1375600640,24,0.016180,0.794705,0.010973
1,1,9,"q9_case1",104,60173363,173363,1398251520,24,0.017495,1.685390,0.009879
1,1,9,"q9_case1",105,60761203,761203,1398251520,24,0.017394,0.042166,0.011908
1,1,9,"q9_case1",106,61349354,349354,1421434880,24,0.017742,1.739709,0.010280
1,1,9,"q9_case1",107,61937667,875167,1422974976,24,0.016731,0.583632,0.010821
1,1,9,"q9_case1",108,62525799,525799,1444950016,24,0.017168,1.620635,0.010476
1,1,9,"q9_case1",109,63113901,113901,1469190144,24,0.017326,1.726462,0.010187
1,1,9,"q9_case1",110,63701787,701787,1469190144,24,0.018141,0.037197,0.010219
1,1,9,"q9_case1",111,64289698,289698,1492131840,24,0.017643,1.753603,0.010935
1,1,9,"q9_case1",112,64877710,877710,1492131840,24,0.016859,0.037316,0.010599
1,1,9,"q9_case1",113,65466345,466345,1515266048,24,0.017125,1.768214,0.010473
1,1,9,"q9_case1",114,66054538,54538,1538322432,24,0.016483,1.782734,0.010653
1,1,9,"q9_case1",115,66642741,642741,1538322432,24,0.015938,0.034536,0.011162
1,1,9,"q9_case1",116,67230850,230850,1561808896,24,0.016404,1.770445,0.010188
1,1,9,"q9_case1",117,67818869,818869,1561808896,24,0.018129,0.101971,0.010231
1,1,9,"q9_case1",118,68406743,406743,1585238016,24,0.016783,1.729427,0.010621
1,1,9,"q9_case1",119,68994839,619839,1594204160,24,0.015892,0.767758,0.011212
1,1,9,"q9_case1",120,69583054,583054,1608704000,24,0.016603,1.334064,0.010562
1,1,9,"q9_case1",121,70171206,171206,1632051200,24,0.015745,1.768696,0.010234
1,1,9,"q9_case1",122,70759570,759570,1632051200,24,0.016482,0.036001,0.010835
1,1,9,"q9_case1",123,71347963,347963,1655341056,24,0.016593,1.761635,0.010434
1,1,9,"q9_case1",124,71936211,936211,1655341056,24,0.017299,0.039473,0.010965
1,1,9,"q9_case1",125,72524654,524654,1678680064,24,0.017103,1.795936,0.010311
1,1,9,"q9_case1",126,73113123,113123,1701765120,24,0.017042,1.832604,0.010401
1,1,9,"q9_case1",127,73701624,701624,1701765120,24,0.016308,0.112772,0.010431
1,1,9,"q9_case1",128,74290132,290132,1725198336,24,0.016847,1.793290,0.010663
1,1,9,"q9_case1",129,74878548,878548,1725198336,24,0.017167,0.036353,0.010937
1,1,9,"q9_case1",130,75467459,467459,1748815872,24,0.017091,1.799101,0.010726
1,1,9,"q9_case1",131,76055965,55965,1772023808,24,0.017148,1.840853,0.010882
1,1,9,"q9_case1",132,76644447,644447,1772023808,24,0.017521,0.102313,0.010344
1,1,9,"q9_case1",133,77233181,233181,1795801088,24,0.016767,1.797771,0.011573
1,1,9,"q9_case1",134,77822195,822195,1795801088,24,0.017431,0.037895,0.009846
1,1,9,"q9_case1",135,78405582,405582,1819193344,24,0.017707,1.816229,0.010976
1,1,9,"q9_case1",136,78994184,556684,1828974592,24,0.016880,0.986042,0.009806
1,1,9,"q9_case1",137,79579612,579612,1841930240,24,0.017481,1.248553,0.010438
1,1,9,"q9_case1",138,80167750,167750,1864765440,24,0.016237,1.734608,0.012819
1,1,9,"q9_case1",139,80748903,748903,1864765440,24,0.018586,0.039424,0.010426
1,1,9,"q9_case1",140,81336513,336513,1888174080,24,0.018375,1.798078,0.009642
1,1,9,"q9_case1",141,81917918,917918,1888174080,24,0.018996,0.103587,0.012705
1,1,9,"q9_case1",142,82505610,505610,1911865344,24,0.017428,1.671172,0.012960
1,1,9,"q9_case1",143,83087019,87019,1935187968,24,0.017338,1.714976,0.011897
1,1,9,"q9_case1",144,83674695,674695,1935187968,24,0.016788,0.038892,0.014099
1,1,9,"q9_case1",145,84263439,263439,1958522880,24,0.019542,1.727003,0.010492
1,1,9,"q9_case1",146,84852261,852261,1958522880,24,0.020147,0.042178,0.014457
1,1,9,"q9_case1",147,85440986,440986,1981968384,24,0.019171,1.805541,0.012512
1,1,9,"q9_case1",148,86029647,279647,1999147008,24,0.016576,1.234042,0.010346
1,1,9,"q9_case1",149,86618230,618230,2005139456,24,0.018375,0.965775,0.014063
1,1,9,"q9_case1",150,87206742,206742,2028425216,24,0.018171,1.878771,0.015083
1,1,9,"q9_case1",151,87795163,795163,2028425216,24,0.022227,0.040872,0.012942
1,1,9,"q9_case1",152,88383623,383623,2051903488,24,0.020263,1.811591,0.014271
1,1,9,"q9_case1",153,88971933,659433,2058821632,24,0.020903,0.978538,0.014339
1,1,9,"q9_case1",154,89560267,560267,2074869760,24,0.021782,1.228954,0.014426
1,1,9,"q9_case1",155,90148640,148640,2098032640,24,0.019319,1.691961,0.015525
1,1,9,"q9_case1",156,90733911,733911,2098032640,24,0.018118,0.040521,0.012917
1,1,9,"q9_case1",157,91321647,321647,2121412608,24,0.017339,1.695280,0.015243
1,1,9,"q9_case1",158,91909855,909855,2121412608,24,0.017857,0.041338,0.012194
1,1,9,"q9_case1",159,92498065,498065,2144636928,24,0.017348,1.954750,0.015924
1,1,9,"q9_case1",160,93086155,86155,2168639488,24,0.017989,1.783628,0.016191
1,1,9,"q9_case1",161,93674143,674143,2168639488,24,0.018721,0.039543,0.014387
1,1,9,"q9_case1",162,94262032,262032,2192281600,24,0.018371,1.715113,0.014240
1,1,9,"q9_case1",163,94849774,849774,2192281600,24,0.019636,0.040182,0.013310
1,1,9,"q9_case1",164,95437396,437396,2215190528,24,0.018118,1.839383,0.014542
1,1,9,"q9_case1",165,96024928,399928,2229764096,24,0.016741,1.228845,0.012443
1,1,9,"q9_case1",166,96612657,612657,2238840832,24,0.017653,1.211701,0.012960
1,1,9,"q9_case1",167,97200835,200835,2261643264,24,0.019134,2.033206,0.014542
1,1,9,"q9_case1",168,97788862,788862,2261643264,24,0.017954,0.085313,0.014451
1,1,9,"q9_case1",169,98376870,376870,2284953600,24,0.017376,1.823239,0.013703
1,1,9,"q9_case1",170,98965167,652667,2291990528,24,0.019273,0.975927,0.013936
1,1,9,"q9_case1",171,99553289,553289,2308247552,24,0.017742,1.398450,0.014464
1,1,9,"q9_case1",172,100141579,141579,2331787264,24,0.016496,1.715191,0.014523
1,1,9,"q9_case1",173,100729738,729738,2331787264,24,0.019387,0.090915,0.012627
1,1,9,"q9_case1",174,101318078,318078,2355597312,24,0.019451,1.883925,0.014127
1,1,9,"q9_case1",175,101906510,906510,2355597312,24,0.019026,0.042075,0.014192
1,1,9,"q9_case1",176,102494996,494996,2378240000,24,0.019729,2.180817,0.011825
1,1,9,"q9_case1",177,103078929,78929,2401980416,24,0.019053,2.127512,0.013847
1,1,9,"q9_case1",178,103667128,667128,2401980416,24,0.018705,0.037035,0.010459
1,1,9,"q9_case1",179,104255784,255784,2425143296,24,0.019260,2.113885,0.013261
1,1,9,"q9_case1",180,104839749,839749,2425143296,24,0.019031,0.107215,0.014255
1,1,9,"q9_case1",181,105427900,427900,2447859712,24,0.018238,1.762158,0.013493
1,1,9,"q9_case1",182,106016492,453992,2461229056,24,0.016564,1.108731,0.014174
1,1,9,"q9_case1",183,106604940,604940,2471051264,24,0.018490,1.078738,0.013791
1,1,9,"q9_case1",184,107193281,193281,2494308352,24,0.023055,2.051947,0.013533
1,1,9,"q9_case1",185,107777236,777236,2494308352,24,0.020248,0.145470,0.013935
1,1,9,"q9_case1",186,108365435,365435,2517798912,24,0.017578,1.838011,0.014017
1,1,9,"q9_case1",187,108954031,829031,2520739840,24,0.018215,1.020725,0.011434
1,1,9,"q9_case1",188,109542433,542433,2541359104,24,0.018409,1.528311,0.010169
1,1,9,"q9_case1",189,110130788,130788,2564218880,24,0.017556,2.161679,0.011626
1,1,9,"q9_case1",190,110719277,719277,2564218880,24,0.018692,0.094934,0.013960
1,1,9,"q9_case1",191,111307759,307759,2587783168,24,0.019663,2.037009,0.015582
1,1,9,"q9_case1",192,111896288,896288,2587783168,24,0.018677,0.050304,0.014451
1,1,9,"q9_case1",193,112484663,484663,2610765824,24,0.018836,2.061647,0.010176
1,1,9,"q9_case1",194,113072938,72938,2634067968,24,0.016482,2.055777,0.016109
1,1,9,"q9_case1",195,113646249,646249,2634067968,24,0.018448,0.090926,0.013125
1,1,9,"q9_case1",196,114233899,233899,2657681408,24,0.018494,1.947496,0.013598
1,1,9,"q9_case1",197,114807464,807464,2657681408,24,0.018857,0.043146,0.012971
1,1,9,"q9_case1",198,115395071,395071,2681057280,24,0.018944,2.379880,0.013712
1,1,9,"q9_case1",199,115968634,781134,2685423616,24,0.020334,1.199723,0.018397
1,1,9,"q9_case1",200,116556192,556192,2704277504,24,0.019894,2.293864,0.013619
1,1,9,"q9_case1",201,117143541,143541,2727591936,24,0.017626,3.213283,0.011233
1,1,9,"q9_case1",202,117717698,717698,2727591936,24,0.018736,0.097011,0.017012
1,1,9,"q9_case1",203,118305605,305605,2750881792,24,0.017008,1.957676,0.012248
1,1,9,"q9_case1",204,118892000,892000,2750881792,24,0.022777,0.043325,0.013144
1,1,9,"q9_case1",205,119480575,480575,2773983232,24,0.018994,3.333224,0.013499
1,1,9,"q9_case1",206,120063969,63969,2797453312,24,0.018169,2.821397,0.013946
1,1,9,"q9_case1",207,120652295,652295,2797453312,24,0.017947,0.039546,0.013009
1,1,9,"q9_case1",208,121241365,241365,2820517888,24,0.017615,2.076518,0.013971
1,1,9,"q9_case1",209,121830361,830361,2820517888,24,0.017227,0.056459,0.013971
1,1,9,"q9_case1",210,122413375,413375,2843365376,24,0.018921,2.082901,0.013332
1,1,9,"q9_case1",211,123001600,564100,2853695488,24,0.017879,1.410745,0.013735
1,1,9,"q9_case1",212,123590614,590614,2866454528,24,0.018372,1.321433,0.012798
1,1,9,"q9_case1",213,124173636,173636,2890194944,24,0.018027,1.988024,0.012638
1,1,9,"q9_case1",214,124761750,761750,2890194944,24,0.018239,0.108696,0.014467
1,1,9,"q9_case1",215,125350702,350702,2913587200,24,0.020022,2.650859,0.014403
1,1,9,"q9_case1",216,125939758,877258,2915008512,24,0.019185,0.953741,0.012819
1,1,9,"q9_case1",217,126522779,522779,2936897536,24,0.018169,1.957015,0.016279
1,1,9,"q9_case1",218,127110836,110836,2960216064,24,0.017699,4.629557,0.013517
1,1,9,"q9_case1",219,127699693,699693,2960216064,24,0.018346,0.076034,0.014599
1,1,9,"q9_case1",220,128288635,288635,2983231488,24,0.018390,2.094294,0.013601
1,1,9,"q9_case1",221,128877532,877532,2983231488,24,0.018712,0.058739,0.013113
1,1,9,"q9_case1",222,129466347,466347,3006717952,24,0.017393,2.516210,0.013988
1,1,9,"q9_case1",223,130054991,117491,3028561920,24,0.018476,2.581700,0.014004
1,1,9,"q9_case1",224,130643677,643677,3029839872,24,0.017697,0.916388,0.013663
1,1,9,"q9_case1",225,131232466,232466,3053527040,24,0.017433,2.018662,0.013983
1,1,9,"q9_case1",226,131821253,821253,3053527040,24,0.018750,0.113749,0.014138
1,1,9,"q9_case1",227,132409840,409840,3076505600,24,0.018529,3.133461,0.014125
1,1,9,"q9_case1",228,132998458,623458,3085447168,24,0.017480,1.412286,0.015080
1,1,9,"q9_case1",229,133577363,577363,3100422144,24,0.018302,1.342352,0.013808
1,1,9,"q9_case1",230,134165205,165205,3123609600,24,0.018099,2.838515,0.013491
1,1,9,"q9_case1",231,134722197,722197,3123609600,24,0.018474,0.039417,0.012672
1,1,9,"q9_case1",232,135308722,308722,3147165696,24,0.018826,4.271919,0.018556
1,1,9,"q9_case1",233,135894227,894227,3147165696,24,0.019730,0.102043,0.014028
1,1,9,"q9_case1",234,136482459,482459,3170447360,24,0.018607,3.895442,0.011786
1,1,9,"q9_case1",235,137071231,71231,3193409536,24,0.017849,3.801933,0.013959
1,1,9,"q9_case1",236,137659938,659938,3193409536,24,0.017716,0.105754,0.010251
1,1,9,"q9_case1",237,138248494,248494,3216588800,24,0.019310,2.343542,0.014038
1,1,9,"q9_case1",238,138837033,837033,3216588800,24,0.018233,0.056132,0.013808
1,1,9,"q9_case1",239,139425581,425581,3239833600,24,0.019231,2.188136,0.013632
1,1,9,"q9_case1",240,140014083,451583,3253211136,24,0.017679,1.596418,0.014133
1,1,9,"q9_case1",241,140602572,602572,3263463424,24,0.018072,1.356690,0.010390
1,1,9,"q9_case1",242,141191056,191056,3286708224,24,0.019036,2.160909,0.012918
1,1,9,"q9_case1",243,141779595,779595,3286708224,24,0.019438,0.103733,0.013165
1,1,9,"q9_case1",244,142368179,368179,3309670400,24,0.018601,2.635195,0.014826
1,1,9,"q9_case1",245,142956724,769224,3314089984,24,0.019191,1.164078,0.013774
1,1,9,"q9_case1",246,143545064,545064,3332829184,24,0.018784,1.833538,0.014786
1,1,9,"q9_case1",247,144133395,133395,3355865088,24,0.018924,4.103699,0.017360
1,1,9,"q9_case1",248,144721854,721854,3355865088,24,0.018435,0.136836,0.014599
1,1,9,"q9_case1",249,145310190,310190,3379097600,24,0.018853,2.141295,0.014280
1,1,9,"q9_case1",250,145898582,898582,3379097600,24,0.018299,0.102402,0.013997
1,1,9,"q9_case1",251,146487058,487058,3403010048,24,0.017873,2.347640,0.014492
1,1,9,"q9_case1",252,147075550,75550,3426738176,24,0.018391,3.313930,0.012679
1,1,9,"q9_case1",253,147663806,663806,3426738176,24,0.018654,0.038838,0.014196
1,1,9,"q9_case1",254,148252134,252134,3450974208,24,0.019118,2.867554,0.014312
1,1,9,"q9_case1",255,148840441,840441,3450974208,24,0.016710,0.117593,0.013964
1,1,9,"q9_case1",256,149428737,428737,3474300928,24,0.017523,2.173632,0.014105
1,1,9,"q9_case1",257,150016876,516876,3485581312,24,0.017435,1.462699,0.013583
1,1,9,"q9_case1",258,150605072,605072,3497123840,24,0.017813,1.223892,0.014580
1,1,9,"q9_case1",259,151193532,193532,3520315392,24,0.018308,2.646590,0.012783
1,1,9,"q9_case1",260,151781992,781992,3520315392,24,0.019026,0.042290,0.014579
1,1,9,"q9_case1",261,152370582,370582,3543576576,24,0.016591,2.147035,0.014529
1,1,9,"q9_case1",262,152959125,709125,3549552640,24,0.017139,1.371537,0.011473
1,1,9,"q9_case1",263,153547581,547581,3567136768,24,0.017010,1.864772,0.011079
1,1,9,"q9_case1",264,154136091,136091,3590180864,24,0.019456,3.063216,0.018892
1,1,9,"q9_case1",265,154724594,724594,3590180864,24,0.019210,0.095405,0.012707
1,1,9,"q9_case1",266,155313073,313073,3613241344,24,0.018442,2.598784,0.014328
1,1,9,"q9_case1",267,155901714,901714,3613241344,24,0.016539,0.041499,0.013379
1,1,9,"q9_case1",268,156488205,488205,3636076544,24,0.020248,2.186702,0.013564
1,1,9,"q9_case1",269,157076554,76554,3659755520,24,0.018979,2.323419,0.014035
1,1,9,"q9_case1",270,157665289,665289,3659755520,24,0.018582,0.099013,0.012287
1,1,9,"q9_case1",271,158254047,254047,3683225600,24,0.018441,3.208445,0.012250
1,1,9,"q9_case1",272,158842742,842742,3683225600,24,0.019141,0.072196,0.013145
1,1,9,"q9_case1",273,159431373,431373,3706306560,24,0.019069,2.612627,0.013757
1,1,9,"q9_case1",274,160020018,457518,3719122944,24,0.018024,1.656418,0.014040
1,1,9,"q9_case1",275,160608627,608627,3729612800,24,0.018077,1.118632,0.014335
1,1,9,"q9_case1",276,161197269,197269,3753115648,24,0.019072,2.657044,0.019360
1,1,9,"q9_case1",277,161785901,785901,3753115648,24,0.018556,0.041918,0.014134
1,1,9,"q9_case1",278,162374581,374581,3776417792,24,0.018297,2.264039,0.014252
1,1,9,"q9_case1",279,162963099,713099,3782483968,24,0.018466,1.236187,0.014308
1,1,9,"q9_case1",280,163551594,551594,3800059904,24,0.017584,1.864227,0.013997
1,1,9,"q9_case1",281,164139927,139927,3823788032,24,0.018109,3.460572,0.010174
1,1,9,"q9_case1",282,164728339,728339,3823788032,24,0.019381,0.041009,0.013215
1,1,9,"q9_case1",283,165316901,316901,3847106560,24,0.018563,2.334849,0.014353
1,1,9,"q9_case1",284,165905409,905409,3847106560,24,0.017570,0.071080,0.013593
1,1,9,"q9_case1",285,166493817,493817,3870507008,24,0.018972,4.310060,0.010268
1,1,9,"q9_case1",286,167082185,144685,3892518912,24,0.018673,4.978063,0.011909
1,1,9,"q9_case1",287,167670894,670894,3894067200,24,0.018235,0.953379,0.013793
1,1,9,"q9_case1",288,168259449,259449,3916886016,24,0.019007,2.855893,0.013996
1,1,9,"q9_case1",289,168848409,848409,3916886016,24,0.017745,0.124784,0.013887
1,1,9,"q9_case1",290,169437151,437151,3940417536,24,0.016911,3.876585,0.015770
1,1,9,"q9_case1",291,170025855,400855,3954614272,24,0.018496,1.651015,0.010287
1,1,9,"q9_case1",292,170614526,614526,3963269120,24,0.018619,1.516520,0.013349
1,1,9,"q9_case1",293,171171501,171501,3986419712,24,0.018728,3.909429,0.010070
1,1,9,"q9_case1",294,171758371,758371,3986419712,24,0.017562,0.037694,0.009690
1,1,9,"q9_case1",295,172315347,315347,4009529344,24,0.016662,3.646583,0.009998
1,1,9,"q9_case1",296,172901983,901983,4009529344,24,0.016920,0.072956,0.009875
1,1,9,"q9_case1",297,173458961,458961,4033445888,24,0.018146,2.716072,0.009702
1,1,9,"q9_case1",298,174045597,295597,4050612224,24,0.016276,3.022428,0.009756
1,1,9,"q9_case1",299,174602577,602577,4056395776,24,0.017466,0.865492,0.009951
1,1,9,"q9_case1",300,175189212,189212,4079681536,24,0.017310,2.968204,0.017366
1,1,9,"q9_case1",301,175746194,746194,4079681536,24,0.019304,0.038757,0.012863
1,1,9,"q9_case1",302,176305658,305658,4103512064,24,0.018231,4.114760,0.010592
1,1,9,"q9_case1",303,176893474,893474,4103512064,24,0.021067,0.104595,0.014268
1,1,9,"q9_case1",304,177479844,479844,4127121408,24,0.018649,3.022088,0.011392
1,1,9,"q9_case1",305,178036826,411826,4141387776,24,0.019401,1.574540,0.011507
1,1,9,"q9_case1",306,178623479,623479,4149735424,24,0.018394,1.261748,0.013889
1,1,9,"q9_case1",307,179209777,209777,4173082624,24,0.019212,3.487358,0.014491
1,1,9,"q9_case1",308,179798242,798242,4173082624,24,0.017386,0.041663,0.011379
1,1,9,"q9_case1",309,180387208,387208,4196720640,24,0.018532,4.451062,0.014634
1,1,9,"q9_case1",310,180944196,756696,4200976384,24,0.017707,1.065812,0.013185
1,1,9,"q9_case1",311,181530976,530976,4219756544,24,0.018675,1.958044,0.013658
1,1,9,"q9_case1",312,182116468,116468,4242935808,24,0.016216,6.761572,0.010171
1,1,9,"q9_case1",313,182704939,704939,4242935808,24,0.016948,0.101404,0.009920
1,1,9,"q9_case1",314,183287882,287882,4265861120,24,0.016724,4.262505,0.010179
1,1,9,"q9_case1",315,183875893,875893,4265861120,24,0.018842,0.092334,0.014252
1,1,9,"q9_case1",316,184464765,464765,4289531904,24,0.016763,4.355320,0.019305
1,1,9,"q9_case1",317,185053676,116176,4310958080,24,0.019596,3.457338,0.011891
1,1,9,"q9_case1",318,185636770,636770,4312428544,24,0.019289,1.021252,0.013626
1,1,9,"q9_case1",319,186224964,224964,4335906816,24,0.019211,3.616065,0.013172
1,1,9,"q9_case1",320,186813715,813715,4335906816,24,0.018239,0.039757,0.013987
1,1,9,"q9_case1",321,187402474,402474,4358660096,24,0.018244,5.134260,0.013869
1,1,9,"q9_case1",322,187991191,616191,4367482880,24,0.018862,1.602829,0.013057
1,1,9,"q9_case1",323,188579913,579913,4382343168,24,0.019378,2.281135,0.014239
1,1,9,"q9_case1",324,189168790,168790,4405649408,24,0.018352,2.705898,0.014076
1,1,9,"q9_case1",325,189757522,757522,4405649408,24,0.019559,0.091741,0.014146
1,1,9,"q9_case1",326,190346156,346156,4428824576,24,0.018198,4.243490,0.014275
1,1,9,"q9_case1",327,190934763,747263,4433367040,24,0.016947,1.544325,0.014145
1,1,9,"q9_case1",328,191523226,523226,4452741120,24,0.018923,2.893098,0.014928
1,1,9,"q9_case1",329,192111925,111925,4476121088,24,0.017032,3.429437,0.020806
1,1,9,"q9_case1",330,192699517,699517,4476121088,24,0.019354,0.040774,0.012971
1,1,9,"q9_case1",331,193288195,288195,4499611648,24,0.018987,5.185919,0.013016
1,1,9,"q9_case1",332,193876939,876939,4499611648,24,0.019823,0.087709,0.014199
1,1,9,"q9_case1",333,194465604,465604,4522958848,24,0.017570,3.155321,0.014157
1,1,9,"q9_case1",334,195054229,179229,4543795200,24,0.019837,2.337943,0.011029
1,1,9,"q9_case1",335,195642805,642805,4546686976,24,0.019404,1.330149,0.014134
1,1,9,"q9_case1",336,196231335,231335,4570177536,24,0.018178,4.522316,0.014217
1,1,9,"q9_case1",337,196819973,819973,4570177536,24,0.017583,0.042679,0.014225
1,1,9,"q9_case1",338,197408744,408744,4593127424,24,0.018252,3.935801,0.013589
1,1,9,"q9_case1",339,197997471,559971,4603015168,24,0.018351,1.490145,0.014465
1,1,9,"q9_case1",340,198586330,586330,4616069120,24,0.017163,1.733240,0.015584
1,1,9,"q9_case1",341,199174981,174981,4639285248,24,0.018002,4.005910,0.013742
1,1,9,"q9_case1",342,199763959,763959,4639285248,24,0.018283,0.101331,0.013844
1,1,9,"q9_case1",343,200352930,352930,4662595584,24,0.018788,4.274945,0.014089
1,1,9,"q9_case1",344,200941742,754242,4667072512,24,0.016854,1.266776,0.012357
1,1,9,"q9_case1",345,201530782,530782,4685291520,24,0.019083,2.523134,0.013727
1,1,9,"q9_case1",346,202114857,114857,4708462592,24,0.017143,5.442239,0.013113
1,1,9,"q9_case1",347,202703323,703323,4708462592,24,0.016466,0.105619,0.013749
1,1,9,"q9_case1",348,203290942,290942,4731068416,24,0.018329,5.234705,0.014132
1,1,9,"q9_case1",349,203879649,879649,4731068416,24,0.018119,0.040849,0.012984
1,1,9,"q9_case1",350,204465720,465720,4754763776,24,0.017969,3.680330,0.014200
1,1,9,"q9_case1",351,205054313,304313,4772298752,24,0.017868,2.284032,0.012540
1,1,9,"q9_case1",352,205637097,637097,4778172416,24,0.019804,1.342625,0.013665
1,1,9,"q9_case1",353,206225253,225253,4802179072,24,0.019215,4.309923,0.013566
1,1,9,"q9_case1",354,206803892,803892,4802179072,24,0.017931,0.102484,0.012639
1,1,9,"q9_case1",355,207391689,391689,4825251840,24,0.018439,6.771477,0.013720
1,1,9,"q9_case1",356,207980643,668143,4832677888,24,0.017870,1.376177,0.013602
1,1,9,"q9_case1",357,208564847,564847,4849049600,24,0.017632,2.529348,0.013744
1,1,9,"q9_case1",358,209138154,138154,4872331264,24,0.019447,4.190009,0.019172
1,1,9,"q9_case1",359,209725533,725533,4872331264,24,0.017592,0.100701,0.015432
1,1,9,"q9_case1",360,210299833,299833,4895690752,24,0.017547,3.801311,0.012857
1,1,9,"q9_case1",361,210887844,887844,4895690752,24,0.017846,0.041799,0.012042
1,1,9,"q9_case1",362,211476928,476928,4919296000,24,0.018622,4.071643,0.012394
1,1,9,"q9_case1",363,212063708,313708,4937019392,24,0.017875,2.740559,0.013662
1,1,9,"q9_case1",364,212638004,638004,4943159296,24,0.018405,1.346369,0.013772
1,1,9,"q9_case1",365,213226153,226153,4966633472,24,0.018268,6.691281,0.015340
1,1,9,"q9_case1",366,213815232,815232,4966633472,24,0.018660,0.040784,0.013651
1,1,9,"q9_case1",367,214402013,402013,4990029824,24,0.018880,4.431935,0.009921
1,1,9,"q9_case1",368,214990697,553197,5000548352,24,0.016266,1.649166,0.013302
1,1,9,"q9_case1",369,215574862,574862,5013458944,24,0.018575,3.139520,0.015030
1,1,9,"q9_case1",370,216163267,163267,5036384256,24,0.017341,3.404126,0.012087
1,1,9,"q9_case1",371,216736446,736446,5036384256,24,0.017944,0.102913,0.013674
1,1,9,"q9_case1",372,217323822,323822,5060198400,24,0.019653,6.328961,0.014044
1,1,9,"q9_case1",373,217912680,912680,5060198400,24,0.018449,0.100327,0.010167
1,1,9,"q9_case1",374,218496857,496857,5083668480,24,0.018419,4.886051,0.013837
1,1,9,"q9_case1",375,219085278,210278,5103702016,24,0.017692,4.000640,0.013550
1,1,9,"q9_case1",376,219658721,658721,5106495488,24,0.018949,1.151292,0.013637
1,1,9,"q9_case1",377,220246246,246246,5129281536,24,0.017674,5.662082,0.011019
1,1,9,"q9_case1",378,220835100,835100,5129281536,24,0.019146,0.104991,0.012682
1,1,9,"q9_case1",379,221408653,408653,5152444416,24,0.020118,4.837909,0.013264
1,1,9,"q9_case1",380,221996213,433713,5165748224,24,0.018917,1.533184,0.012848
1,1,9,"q9_case1",381,222569539,569539,5176107008,24,0.019832,2.134551,0.013159
1,1,9,"q9_case1",382,223156781,156781,5199482880,24,0.018493,5.584085,0.014112
1,1,9,"q9_case1",383,223745600,745600,5199482880,24,0.017639,0.099057,0.014055
1,1,9,"q9_case1",384,224334639,334639,5222367232,24,0.018639,5.587043,0.017813
1,1,9,"q9_case1",385,224908833,846333,5223845888,24,0.018556,0.990073,0.014301
1,1,9,"q9_case1",386,225496684,496684,5245607936,24,0.018884,7.087594,0.014307
1,1,9,"q9_case1",387,226085550,210550,5265661952,24,0.017574,6.514060,0.014104
1,1,9,"q9_case1",388,226674530,674530,5268541440,24,0.018812,1.091079,0.013742
1,1,9,"q9_case1",389,227263481,263481,5291986944,24,0.018193,4.743806,0.013662
1,1,9,"q9_case1",390,227845029,845029,5291986944,24,0.016185,0.119053,0.012946
1,1,9,"q9_case1",391,228433102,433102,5315051520,24,0.019990,5.723385,0.012769
1,1,9,"q9_case1",392,229006400,443900,5327929344,24,0.018889,3.115140,0.012863
1,1,9,"q9_case1",393,229579700,579700,5338517504,24,0.017219,1.485778,0.010925
1,1,9,"q9_case1",394,230166735,166735,5361958912,24,0.018498,4.156049,0.013640
1,1,9,"q9_case1",395,230755389,755389,5361958912,24,0.016294,0.103168,0.013525
1,1,9,"q9_case1",396,231344249,344249,5385113600,24,0.018419,4.394978,0.013290
1,1,9,"q9_case1",397,231933109,808109,5388042240,24,0.018786,1.175849,0.014393
1,1,9,"q9_case1",398,232521883,521883,5408944128,24,0.019494,3.635092,0.013567
1,1,9,"q9_case1",399,233095312,157812,5430595584,24,0.018394,5.858624,0.013565
1,1,9,"q9_case1",400,233682688,682688,5432037376,24,0.017781,1.017132,0.012724
1,1,9,"q9_case1",401,234264117,264117,5455147008,24,0.018593,4.338712,0.015378
1,1,9,"q9_case1",402,234851938,851938,5455147008,24,0.019244,0.041570,0.013802
1,1,9,"q9_case1",403,235433249,433249,5477851136,24,0.018517,6.131532,0.011854
1,1,9,"q9_case1",404,236020961,395961,5492629504,24,0.018246,3.406855,0.013291
1,1,9,"q9_case1",405,236594149,594149,5501054976,24,0.018485,1.190916,0.013368
1,1,9,"q9_case1",406,237181189,181189,5524455424,24,0.017792,8.134758,0.013999
1,1,9,"q9_case1",407,237769701,769701,5524455424,24,0.018214,0.097488,0.011213
1,1,9,"q9_case1",408,238358445,358445,5548167168,24,0.016140,5.737547,0.012325
1,1,9,"q9_case1",409,238931759,806759,5551128576,24,0.018255,1.286142,0.013417
1,1,9,"q9_case1",410,239519045,519045,5571567616,24,0.017757,4.570080,0.014152
1,1,9,"q9_case1",411,240107481,107481,5594890240,24,0.019730,3.975951,0.017222
1,1,9,"q9_case1",412,240696159,696159,5594890240,24,0.017765,0.080701,0.013307
1,1,9,"q9_case1",413,241284812,284812,5618278400,24,0.019175,6.562229,0.014263
1,1,9,"q9_case1",414,241873381,873381,5618278400,24,0.018367,0.103134,0.013860
1,1,9,"q9_case1",415,242461833,461833,5641986048,24,0.018356,5.018171,0.013625
1,1,9,"q9_case1",416,243050173,237673,5660811264,24,0.017736,4.627577,0.013490
1,1,9,"q9_case1",417,243638581,638581,5665259520,24,0.017988,1.189246,0.013737
1,1,9,"q9_case1",418,244226838,226838,5687914496,24,0.018623,4.884187,0.014254
1,1,9,"q9_case1",419,244814980,814980,5687914496,24,0.018435,0.112231,0.015743
1,1,9,"q9_case1",420,245403039,403039,5711486976,24,0.018797,5.312213,0.014175
1,1,9,"q9_case1",421,245991071,553571,5721796608,24,0.017366,1.624247,0.013094
1,1,9,"q9_case1",422,246579227,579227,5735079936,24,0.018217,2.248860,0.013398
1,1,9,"q9_case1",423,247167475,167475,5758980096,24,0.019197,6.446618,0.010387
1,1,9,"q9_case1",424,247755589,755589,5758980096,24,0.019729,0.090529,0.013654
1,1,9,"q9_case1",425,248325928,325928,5782679552,24,0.018408,4.960103,0.009948
1,1,9,"q9_case1",426,248912537,850037,5784203264,24,0.018203,1.053211,0.013748
1,1,9,"q9_case1",427,249495784,495784,5805879296,24,0.018885,5.135548,0.011877
1,1,9,"q9_case1",428,250084036,146536,5828087808,24,0.017207,4.938630,0.012905
1,1,9,"q9_case1",429,250672923,672923,5829644288,24,0.018819,1.026487,0.016169
1,1,9,"q9_case1",430,251261682,261682,5852897280,24,0.016882,4.307040,0.009970
1,1,9,"q9_case1",431,251850316,850316,5852897280,24,0.019441,0.077726,0.014229
1,1,9,"q9_case1",432,252439064,439064,5876367360,24,0.019423,6.834346,0.013918
1,1,9,"q9_case1",433,253027724,402724,5890695168,24,0.018926,2.754219,0.016324
1,1,9,"q9_case1",434,253616521,616521,5899272192,24,0.018471,2.193310,0.014047
1,1,9,"q9_case1",435,254205383,205383,5921931264,24,0.018277,5.639484,0.018034
1,1,9,"q9_case1",436,254794030,794030,5921931264,24,0.017915,0.123159,0.013605
1,1,9,"q9_case1",437,255382552,382552,5945049088,24,0.019089,4.986553,0.014037
1,1,9,"q9_case1",438,255971197,596197,5953814528,24,0.019149,1.606902,0.013609
1,1,9,"q9_case1",439,256559813,559813,5967917056,24,0.018840,3.705363,0.012600
1,1,9,"q9_case1",440,257148499,148499,5991227392,24,0.018940,5.139281,0.012154
1,1,9,"q9_case1",441,257737153,737153,5991227392,24,0.018539,0.101972,0.011559
1,1,9,"q9_case1",442,258325754,325754,6014504960,24,0.017489,4.769522,0.013501
1,1,9,"q9_case1",443,258914441,789441,6017630208,24,0.018030,1.189508,0.016055
1,1,9,"q9_case1",444,259502562,502562,6038298624,24,0.017950,6.366097,0.013831
1,1,9,"q9_case1",445,260091354,91354,6062374912,24,0.018289,4.848601,0.013693
1,1,9,"q9_case1",446,260679252,679252,6062374912,24,0.018630,0.102788,0.013974
1,1,9,"q9_case1",447,261268055,268055,6085660672,24,0.016500,4.854997,0.013897
1,1,9,"q9_case1",448,261855269,855269,6085660672,24,0.019116,0.106651,0.012979
1,1,9,"q9_case1",449,262443665,443665,6109270016,24,0.018762,6.482156,0.012043
1,1,9,"q9_case1",450,263032563,220063,6127722496,24,0.018750,3.907585,0.014373
1,1,9,"q9_case1",451,263621387,621387,6132224000,24,0.019084,1.145930,0.012214
1,1,9,"q9_case1",452,264209069,209069,6155608064,24,0.018512,5.370823,0.010947
1,1,9,"q9_case1",453,264797602,797602,6155608064,24,0.019802,0.099175,0.010286
1,1,9,"q9_case1",454,265386402,386402,6178549760,24,0.019015,4.956488,0.013799
1,1,9,"q9_case1",455,265975150,787650,6182707200,24,0.018694,1.491644,0.013025
1,1,9,"q9_case1",456,266563823,563823,6201507840,24,0.018790,3.840366,0.014517
1,1,9,"q9_case1",457,267152411,152411,6224633856,24,0.017243,7.099076,0.011464
1,1,9,"q9_case1",458,267741104,741104,6224633856,24,0.018539,0.096640,0.009872
1,1,9,"q9_case1",459,268329600,329600,6248026112,24,0.018692,5.940363,0.014847
1,1,9,"q9_case1",460,268917689,792689,6250819584,24,0.019421,1.213420,0.014285
1,1,9,"q9_case1",461,269506308,506308,6270947328,24,0.018543,6.470922,0.009836
1,1,9,"q9_case1",462,270093923,93923,6293721088,24,0.018449,6.410912,0.011875
1,1,9,"q9_case1",463,270682601,682601,6293721088,24,0.017236,0.102571,0.015351
1,1,9,"q9_case1",464,271271434,271434,6316969984,24,0.018795,4.986645,0.014566
1,1,9,"q9_case1",465,271860099,860099,6316969984,24,0.016180,0.106793,0.014258
1,1,9,"q9_case1",466,272448698,448698,6340628480,24,0.016891,6.580785,0.010401
1,1,9,"q9_case1",467,273037269,349769,6356754432,24,0.019381,2.315564,0.013620
1,1,9,"q9_case1",468,273625976,625976,6364278784,24,0.020101,1.495300,0.013442
1,1,9,"q9_case1",469,274214844,214844,6387781632,24,0.019022,8.925417,0.014145
1,1,9,"q9_case1",470,274803692,803692,6387781632,24,0.018851,0.101056,0.015687
1,1,9,"q9_case1",471,275384738,384738,6410997760,24,0.018202,6.999830,0.012863
1,1,9,"q9_case1",472,275973180,723180,6416961536,24,0.017948,1.436618,0.013378
1,1,9,"q9_case1",473,276551692,551692,6434775040,24,0.018347,3.432038,0.013623
1,1,9,"q9_case1",474,277138995,138995,6458224640,24,0.017259,7.351466,0.012800
1,1,9,"q9_case1",475,277727201,727201,6458224640,24,0.018853,0.103020,0.013594
1,1,9,"q9_case1",476,278315497,315497,6481358848,24,0.019040,6.099283,0.009679
1,1,9,"q9_case1",477,278888562,763562,6484238336,24,0.017070,1.347539,0.013881
1,1,9,"q9_case1",478,279475606,475606,6504624128,24,0.016640,4.321938,0.013183
1,1,9,"q9_case1",479,280060966,185966,6524919808,24,0.018245,5.581895,0.013890
1,1,9,"q9_case1",480,280648992,648992,6527889408,24,0.018046,1.125140,0.014606
1,1,9,"q9_case1",481,281237459,237459,6550863872,24,0.017855,6.660890,0.010223
1,1,9,"q9_case1",482,281825861,825861,6550863872,24,0.018198,0.043080,0.013137
1,1,9,"q9_case1",483,282414092,414092,6573731840,24,0.018152,7.288731,0.015478
1,1,9,"q9_case1",484,283002290,564790,6584066048,24,0.018004,1.856658,0.016085
1,1,9,"q9_case1",485,283590437,590437,6597431296,24,0.018985,2.831491,0.014571
1,1,9,"q9_case1",486,284178589,178589,6620332032,24,0.020590,6.425393,0.014808
1,1,9,"q9_case1",487,284766730,766730,6620332032,24,0.017413,0.042337,0.010197
1,1,9,"q9_case1",488,285355059,355059,6643351552,24,0.019376,7.545725,0.016741
1,1,9,"q9_case1",489,285943108,818108,6646243328,24,0.018223,1.189733,0.014059
1,1,9,"q9_case1",490,286531363,531363,6666878976,24,0.019096,5.146461,0.014378
1,1,9,"q9_case1",491,287120002,120002,6689968128,24,0.017949,6.120115,0.012652
1,1,9,"q9_case1",492,287708679,708679,6689968128,24,0.017604,0.040712,0.014030
1,1,9,"q9_case1",493,288297262,297262,6713847808,24,0.018839,6.343296,0.013882
1,1,9,"q9_case1",494,288885762,760762,6716858368,24,0.018274,1.252856,0.014111
1,1,9,"q9_case1",495,289474390,474390,6737076224,24,0.017515,4.692281,0.010586
1,1,9,"q9_case1",496,290063055,188055,6757216256,24,0.016799,5.663131,0.013952
1,1,9,"q9_case1",497,290651534,651534,6760427520,24,0.017225,1.202459,0.010722
1,1,9,"q9_case1",498,291240061,240061,6783877120,24,0.019033,5.737923,0.013050
1,1,9,"q9_case1",499,291821445,821445,6783877120,24,0.018280,0.108182,0.012053
1,1,9,"q9_case1",500,292409429,409429,6807121920,24,0.019286,6.586548,0.014493
1,1,9,"q9_case1",501,292990807,678307,6814294016,24,0.018509,1.465824,0.011739
1,1,9,"q9_case1",502,293578503,578503,6830407680,24,0.019282,4.773047,0.010366
1,1,9,"q9_case1",503,294167199,167199,6853394432,24,0.018703,7.095749,0.014375
1,1,9,"q9_case1",504,294755859,755859,6853394432,24,0.019302,0.104847,0.010673
1,1,9,"q9_case1",505,295344427,344427,6876639232,24,0.018950,6.625005,0.011539
1,1,9,"q9_case1",506,295932891,807891,6879674368,24,0.018624,1.262849,0.013074
1,1,9,"q9_case1",507,296521295,521295,6899773440,24,0.018433,5.890342,0.014415
1,1,9,"q9_case1",508,297109799,109799,6923423744,24,0.020248,6.487013,0.020623
1,1,9,"q9_case1",509,297698267,698267,6923423744,24,0.017603,0.108651,0.017486
1,1,9,"q9_case1",510,298286917,286917,6946607104,24,0.019151,7.072036,0.013738
1,1,9,"q9_case1",511,298873461,810961,6948012032,24,0.019220,1.043221,0.013622
1,1,9,"q9_case1",512,299461720,461720,6969761792,24,0.019801,4.781530,0.013819
1,1,9,"q9_case1",513,300050312,175312,6989418496,24,0.017850,5.110422,0.013589
1,1,9,"q9_case1",514,300638912,638912,6992453632,24,0.020049,1.109290,0.011421
1,1,9,"q9_case1",515,301220234,220234,7015723008,24,0.018471,6.585986,0.009937
1,1,9,"q9_case1",516,301808379,808379,7015723008,24,0.019483,0.067473,0.012594
1,1,9,"q9_case1",517,302393761,393761,7038345216,24,0.018388,6.409668,0.010120
1,1,9,"q9_case1",518,302981933,669433,7045914624,24,0.018949,1.683420,0.014657
1,1,9,"q9_case1",519,303570742,570742,7062220800,24,0.017349,4.459901,0.013990
1,1,9,"q9_case1",520,304159580,159580,7085203456,24,0.017942,6.430730,0.013590
1,1,9,"q9_case1",521,304744970,744970,7085203456,24,0.016729,0.041210,0.013795
1,1,9,"q9_case1",522,305333394,333394,7108329472,24,0.018435,6.951750,0.013361
1,1,9,"q9_case1",523,305922236,797236,7111147520,24,0.018183,1.272148,0.013688
1,1,9,"q9_case1",524,306510948,510948,7131271168,24,0.018366,4.898015,0.012385
1,1,9,"q9_case1",525,307099627,162127,7153299456,24,0.018494,6.029941,0.013912
1,1,9,"q9_case1",526,307688367,688367,7154765824,24,0.018752,1.017131,0.014199
1,1,9,"q9_case1",527,308277120,277120,7178297344,24,0.017982,6.683511,0.014264
1,1,9,"q9_case1",528,308865708,803208,7179694080,24,0.018511,1.127954,0.013358
1,1,9,"q9_case1",529,309454296,454296,7201755136,24,0.019039,5.753030,0.013937
1,1,9,"q9_case1",530,310042871,292871,7218663424,24,0.018184,4.210698,0.014071
1,1,9,"q9_case1",531,310631359,631359,7224631296,24,0.018871,1.606032,0.012719
1,1,9,"q9_case1",532,311219795,219795,7248179200,24,0.018536,6.872430,0.013822
1,1,9,"q9_case1",533,311808451,808451,7248179200,24,0.017116,0.104742,0.010023
1,1,9,"q9_case1",534,312397267,397267,7271907328,24,0.016652,6.727779,0.011420
1,1,9,"q9_case1",535,312985847,673347,7279116288,24,0.016791,1.962872,0.009959
1,1,9,"q9_case1",536,313574334,574334,7295635456,24,0.018718,4.515049,0.014280
1,1,9,"q9_case1",537,314162566,162566,7319392256,24,0.018619,7.756264,0.010101
1,1,9,"q9_case1",538,314750838,750838,7319392256,24,0.018304,0.107307,0.013801
1,1,9,"q9_case1",539,315338978,338978,7343210496,24,0.018362,7.224981,0.014889
1,1,9,"q9_case1",540,315927584,802584,7346012160,24,0.018818,1.371749,0.014227
1,1,9,"q9_case1",541,316516114,516114,7366119424,24,0.018449,4.590134,0.014348
1,1,9,"q9_case1",542,317101722,164222,7387746304,24,0.019572,7.769189,0.016902
1,1,9,"q9_case1",543,317690034,690034,7389372416,24,0.016925,1.177559,0.013830
1,1,9,"q9_case1",544,318271334,271334,7412379648,24,0.018532,6.003921,0.013878
1,1,9,"q9_case1",545,318859376,796876,7413735424,24,0.018091,1.062242,0.014027
1,1,9,"q9_case1",546,319446335,446335,7435993088,24,0.017288,6.295933,0.012915
1,1,9,"q9_case1",547,320028099,403099,7450148864,24,0.019194,4.241477,0.013653
1,1,9,"q9_case1",548,320616080,616080,7458942976,24,0.018156,1.999861,0.013637
1,1,9,"q9_case1",549,321199642,199642,7482454016,24,0.018663,7.325304,0.013966
1,1,9,"q9_case1",550,321787360,787360,7482454016,24,0.018711,0.104509,0.013499
1,1,9,"q9_case1",551,322367359,367359,7505846272,24,0.017117,6.287305,0.009741
1,1,9,"q9_case1",552,322954880,704880,7511719936,24,0.016266,1.452534,0.013603
1,1,9,"q9_case1",553,323540216,540216,7529021440,24,0.016603,5.038556,0.009997
1,1,9,"q9_case1",554,324128167,128167,7552339968,24,0.018314,7.090130,0.014766
1,1,9,"q9_case1",555,324716653,716653,7552339968,24,0.016175,0.105851,0.014154
1,1,9,"q9_case1",556,325301861,301861,7575261184,24,0.018476,6.326873,0.013870
1,1,9,"q9_case1",557,325889661,764661,7578144768,24,0.016773,1.170845,0.014107
1,1,9,"q9_case1",558,326478111,478111,7598174208,24,0.017540,5.464341,0.013732
1,1,9,"q9_case1",559,327066679,191679,7618895872,24,0.018582,5.409260,0.014339
1,1,9,"q9_case1",560,327655205,655205,7621644288,24,0.017505,1.654405,0.014262
1,1,9,"q9_case1",561,328243645,243645,7645433856,24,0.017642,7.325412,0.014201
1,1,9,"q9_case1",562,328832026,832026,7645433856,24,0.019554,0.104602,0.012703
1,1,9,"q9_case1",563,329420386,420386,7668875264,24,0.018619,6.176668,0.014349
1,1,9,"q9_case1",564,330008498,570998,7679008768,24,0.018222,2.136050,0.014319
1,1,9,"q9_case1",565,330596611,596611,7692099584,24,0.017222,3.509135,0.014044
1,1,9,"q9_case1",566,331184728,184728,7715258368,24,0.018513,8.934819,0.014009
1,1,9,"q9_case1",567,331772910,772910,7715258368,24,0.017778,0.050366,0.015166
1,1,9,"q9_case1",568,332361237,361237,7738216448,24,0.018587,7.550564,0.014440
1,1,9,"q9_case1",569,332949787,699787,7744061440,24,0.018276,1.482554,0.013953
1,1,9,"q9_case1",570,333538015,538015,7761723392,24,0.018832,5.263923,0.009989
1,1,9,"q9_case1",571,334126471,126471,7784996864,24,0.016071,8.830372,0.010203
1,1,9,"q9_case1",572,334715203,715203,7784996864,24,0.018238,0.075359,0.013831
1,1,9,"q9_case1",573,335303435,303435,7808172032,24,0.017039,7.863780,0.012535
1,1,9,"q9_case1",574,335892030,767030,7811104768,24,0.018185,1.551352,0.014005
1,1,9,"q9_case1",575,336480710,480710,7831986176,24,0.019179,5.882895,0.014789
1,1,9,"q9_case1",576,337069208,194208,7852707840,24,0.019375,8.599838,0.014830
1,1,9,"q9_case1",577,337657577,657577,7855644672,24,0.018202,1.376064,0.014238
1,1,9,"q9_case1",578,338245939,245939,7878987776,24,0.018078,6.143735,0.017708
1,1,9,"q9_case1",579,338834270,834270,7878987776,24,0.022697,0.077588,0.014157
1,1,9,"q9_case1",580,339422670,422670,7902408704,24,0.018668,9.287662,0.014431
1,1,9,"q9_case1",581,340011229,573729,7912304640,24,0.016882,2.113408,0.012369
1,1,9,"q9_case1",582,340599766,599766,7925465088,24,0.018891,2.455225,0.009866
1,1,9,"q9_case1",583,341188299,188299,7949463552,24,0.018170,11.170139,0.013832
1,1,9,"q9_case1",584,341777110,777110,7949463552,24,0.017938,0.037862,0.009881
1,1,9,"q9_case1",585,342365759,365759,7972958208,24,0.016604,7.582568,0.013370
1,1,9,"q9_case1",586,342954386,766886,7977435136,24,0.018511,1.240146,0.012240
1,1,9,"q9_case1",587,343542912,542912,7996076032,24,0.018314,7.012392,0.014136
1,1,9,"q9_case1",588,344131475,131475,8020033536,24,0.017776,8.551837,0.009801
1,1,9,"q9_case1",589,344718073,718073,8020033536,24,0.019250,0.040620,0.013821
1,1,9,"q9_case1",590,345306471,306471,8043180032,24,0.018008,10.017182,0.013929
1,1,9,"q9_case1",591,345894953,769953,8046080000,24,0.018654,1.351454,0.013241
1,1,9,"q9_case1",592,346482534,482534,8066351104,24,0.018122,5.653862,0.014312
1,1,9,"q9_case1",593,347071118,321118,8083836928,24,0.019358,5.867026,0.015588
1,1,9,"q9_case1",594,347659595,659595,8089710592,24,0.018780,1.448193,0.010191
1,1,9,"q9_case1",595,348248191,248191,8113524736,24,0.019508,10.501900,0.014406
1,1,9,"q9_case1",596,348836434,836434,8113524736,24,0.016939,0.042511,0.014183
1,1,9,"q9_case1",597,349424955,424955,8136777728,24,0.018409,8.517310,0.011997
1,1,9,"q9_case1",598,350013191,513191,8148140032,24,0.017010,2.519804,0.012444
1,1,9,"q9_case1",599,350601565,601565,8159719424,24,0.018233,4.209305,0.009787
1,1,9,"q9_case1",600,351188179,188179,8182751232,24,0.019806,10.205956,0.013050
1,1,9,"q9_case1",601,351776466,776466,8182751232,24,0.017950,0.041252,0.013369
1,1,9,"q9_case1",602,352363412,363412,8205664256,24,0.018334,7.587876,0.009946
1,1,9,"q9_case1",603,352951837,764337,8210137088,24,0.016690,1.382080,0.014065
1,1,9,"q9_case1",604,353540614,540614,8229400576,24,0.018890,7.456730,0.010080
1,1,9,"q9_case1",605,354122871,122871,8252391424,24,0.018363,9.496891,0.013738
1,1,9,"q9_case1",606,354711206,711206,8252391424,24,0.019521,0.099927,0.013701
1,1,9,"q9_case1",607,355297886,297886,8275808256,24,0.019270,9.615498,0.013525
1,1,9,"q9_case1",608,355880370,755370,8278708224,24,0.018463,1.442549,0.012500
1,1,9,"q9_case1",609,356468140,468140,8299106304,24,0.018383,8.185646,0.013648
1,1,9,"q9_case1",610,357053700,366200,8315326464,24,0.016318,7.130175,0.010428
1,1,9,"q9_case1",611,357642016,642016,8322940928,24,0.018365,1.236891,0.014106
1,1,9,"q9_case1",612,358230874,230874,8346107904,24,0.016671,7.582363,0.013643
1,1,9,"q9_case1",613,358816310,816310,8346107904,24,0.018911,0.044122,0.013954
1,1,9,"q9_case1",614,359404574,404574,8369311744,24,0.016357,7.545429,0.014143
1,1,9,"q9_case1",615,359993264,618264,8378155008,24,0.016294,1.889590,0.012524
1,1,9,"q9_case1",616,360577044,577044,8392876032,24,0.018778,4.237756,0.014065
1,1,9,"q9_case1",617,361164970,164970,8415911936,24,0.018844,8.101924,0.013700
1,1,9,"q9_case1",618,361750272,750272,8415911936,24,0.017130,0.107382,0.013802
1,1,9,"q9_case1",619,362338334,338334,8439386112,24,0.018127,7.361601,0.013905
1,1,9,"q9_case1",620,362927062,802062,8442204160,24,0.018998,1.251145,0.013737
1,1,9,"q9_case1",621,363510844,510844,8463007744,24,0.018489,6.085210,0.013784
1,1,9,"q9_case1",622,364098768,98768,8486395904,24,0.016742,7.775303,0.014784
1,1,9,"q9_case1",623,364683950,683950,8486395904,24,0.018490,0.060122,0.013921
1,1,9,"q9_case1",624,365271888,271888,8509464576,24,0.016997,8.444398,0.016094
1,1,9,"q9_case1",625,365860524,735524,8512323584,24,0.019072,1.346619,0.014043
1,1,9,"q9_case1",626,366449157,449157,8531984384,24,0.016610,5.995707,0.009924
1,1,9,"q9_case1",627,367033667,471167,8545325056,24,0.019091,3.029597,0.010157
1,1,9,"q9_case1",628,367621455,621455,8555487232,24,0.018500,2.724168,0.014234
1,1,9,"q9_case1",629,368210187,210187,8578772992,24,0.017300,8.242227,0.014271
1,1,9,"q9_case1",630,368798925,798925,8578772992,24,0.017674,0.098829,0.014278
1,1,9,"q9_case1",631,369387535,387535,8602017792,24,0.018928,7.167283,0.014014
1,1,9,"q9_case1",632,369976043,663543,8609370112,24,0.016920,1.666709,0.013793
1,1,9,"q9_case1",633,370560273,560273,8625418240,24,0.016917,5.801706,0.013120
1,1,9,"q9_case1",634,371147917,147917,8648740864,24,0.018513,9.094443,0.013900
1,1,9,"q9_case1",635,371736400,736400,8648740864,24,0.018509,0.041312,0.012503
1,1,9,"q9_case1",636,372325048,325048,8671879168,24,0.017011,7.911672,0.009830
1,1,9,"q9_case1",637,372909382,784382,8674721792,24,0.019008,1.306094,0.010141
1,1,9,"q9_case1",638,373497119,497119,8694755328,24,0.018292,8.107204,0.013913
1,1,9,"q9_case1",639,374085525,148025,8716697600,24,0.018845,9.296870,0.014012
1,1,9,"q9_case1",640,374674063,674063,8718106624,24,0.018748,1.104993,0.014211
1,1,9,"q9_case1",641,375262581,262581,8740761600,24,0.019443,10.264817,0.013895
1,1,9,"q9_case1",642,375851046,788546,8742240256,24,0.016891,1.270972,0.014016
1,1,9,"q9_case1",643,376439399,439399,8764006400,24,0.018067,7.546276,0.010995
1,1,9,"q9_case1",644,377027671,465171,8776847360,24,0.018761,4.934711,0.010343
1,1,9,"q9_case1",645,377615967,615967,8787005440,24,0.018383,1.708814,0.014650
1,1,9,"q9_case1",646,378204325,204325,8810401792,24,0.018863,9.177817,0.014165
1,1,9,"q9_case1",647,378792717,792717,8810401792,24,0.018611,0.040677,0.014412
1,1,9,"q9_case1",648,379381078,381078,8833724416,24,0.018815,10.000610,0.014286
1,1,9,"q9_case1",649,379969394,719394,8839622656,24,0.018586,1.518293,0.013787
1,1,9,"q9_case1",650,380557282,557282,8856420352,24,0.018004,6.438344,0.013161
1,1,9,"q9_case1",651,381145696,145696,8879878144,24,0.018514,9.286778,0.012500
1,1,9,"q9_case1",652,381730880,730880,8879878144,24,0.017288,0.104173,0.013721
1,1,9,"q9_case1",653,382318960,318960,8903122944,24,0.018894,7.770204,0.013634
1,1,9,"q9_case1",654,382904152,779152,8906031104,24,0.018854,1.369976,0.013980
1,1,9,"q9_case1",655,383492120,492120,8926535680,24,0.019968,6.290883,0.014118
1,1,9,"q9_case1",656,384080587,143087,8948125696,24,0.019511,8.846907,0.010061
1,1,9,"q9_case1",657,384669005,669005,8949547008,24,0.017844,1.137639,0.013135
1,1,9,"q9_case1",658,385257328,257328,8972906496,24,0.018287,9.076852,0.016184
1,1,9,"q9_case1",659,385845577,720577,8976039936,24,0.016383,1.462419,0.013724
1,1,9,"q9_case1",660,386431009,431009,8996581376,24,0.016491,6.660369,0.010216
1,1,9,"q9_case1",661,387019186,456686,9009561600,24,0.018130,4.165606,0.012371
1,1,9,"q9_case1",662,387606374,606374,9019613184,24,0.017896,3.434579,0.009941
1,1,9,"q9_case1",663,388194502,194502,9042489344,24,0.019570,10.694681,0.010056
1,1,9,"q9_case1",664,388782812,782812,9042489344,24,0.017871,0.041216,0.013868
1,1,9,"q9_case1",665,389371007,371007,9066061824,24,0.018558,10.165660,0.014164
1,1,9,"q9_case1",666,389959126,771626,9070424064,24,0.017969,1.378220,0.014038
1,1,9,"q9_case1",667,390547141,547141,9089363968,24,0.019399,7.250578,0.014400
1,1,9,"q9_case1",668,391134995,134995,9113419776,24,0.018326,12.064093,0.014327
1,1,9,"q9_case1",669,391722761,722761,9113419776,24,0.018406,0.042649,0.010093
1,1,9,"q9_case1",670,392310431,310431,9136861184,24,0.017278,8.892648,0.014271
1,1,9,"q9_case1",671,392898049,773049,9139658752,24,0.018186,1.395894,0.014428
1,1,9,"q9_case1",672,393485652,485652,9160216576,24,0.019412,7.004842,0.014142
1,1,9,"q9_case1",673,394073190,198190,9180332032,24,0.018258,8.414949,0.010328
1,1,9,"q9_case1",674,394660919,660919,9183338496,24,0.018464,0.886129,0.010609
1,1,9,"q9_case1",675,395248543,248543,9206943744,24,0.016569,14.135252,0.010075
1,1,9,"q9_case1",676,395836257,773757,9208377344,24,0.017237,0.806783,0.010138
1,1,9,"q9_case1",677,396424177,424177,9230471168,24,0.017238,12.288385,0.010243
1,1,9,"q9_case1",678,397011796,449296,9243496448,24,0.016851,6.113819,0.010179
1,1,9,"q9_case1",679,397599860,599860,9253912576,24,0.019892,5.255504,0.009960
1,1,9,"q9_case1",680,398187978,187978,9277292544,24,0.017533,7.943689,0.010391
1,1,9,"q9_case1",681,398776102,776102,9277292544,24,0.017244,0.103462,0.010557
1,1,9,"q9_case1",682,399364256,364256,9300140032,24,0.016777,10.770978,0.011504
1,1,9,"q9_case1",683,399952636,827636,9303121920,24,0.017169,0.964145,0.010529
1,1,9,"q9_case1",684,400540909,540909,9323474944,24,0.017273,10.179404,0.009968
1,1,9,"q9_case1",685,401129125,129125,9346813952,24,0.016487,12.315366,0.011841
1,1,9,"q9_case1",686,401717926,717926,9346813952,24,0.017432,0.096679,0.010020
1,1,9,"q9_case1",687,402306338,306338,9370656768,24,0.016355,8.569593,0.014223
1,1,9,"q9_case1",688,402894713,769713,9373511680,24,0.019191,1.186786,0.013556
1,1,9,"q9_case1",689,403483000,483000,9393565696,24,0.018718,8.619624,0.014370
1,1,9,"q9_case1",690,404071392,258892,9412489216,24,0.017605,6.581577,0.015825
1,1,9,"q9_case1",691,404659748,659748,9416785920,24,0.017661,1.618781,0.014187
1,1,9,"q9_case1",692,405248043,248043,9439875072,24,0.018733,10.288106,0.013900
1,1,9,"q9_case1",693,405835940,773440,9441308672,24,0.019955,1.246284,0.013508
1,1,9,"q9_case1",694,406423774,423774,9463214080,24,0.018091,9.498091,0.014118
1,1,9,"q9_case1",695,407011878,449378,9475981312,24,0.017971,5.039321,0.014115
1,1,9,"q9_case1",696,407599777,599777,9486450688,24,0.018344,1.619244,0.013813
1,1,9,"q9_case1",697,408188041,188041,9510060032,24,0.018259,10.182778,0.014172
1,1,9,"q9_case1",698,408776246,776246,9510060032,24,0.017370,0.041048,0.013772
1,1,9,"q9_case1",699,409364099,364099,9533517824,24,0.018520,8.545427,0.012942
1,1,9,"q9_case1",700,409952163,764663,9537654784,24,0.020226,1.560775,0.013160
1,1,9,"q9_case1",701,410540214,540214,9556238336,24,0.018406,7.782561,0.010335
1,1,9,"q9_case1",702,411128234,128234,9579384832,24,0.018187,11.762916,0.014828
1,1,9,"q9_case1",703,411715925,715925,9579384832,24,0.018033,0.105195,0.013626
1,1,9,"q9_case1",704,412303819,303819,9602564096,24,0.019851,9.495932,0.014195
1,1,9,"q9_case1",705,412891320,766320,9605570560,24,0.019390,1.270785,0.016472
1,1,9,"q9_case1",706,413479245,479245,9626103808,24,0.018954,9.752102,0.013899
1,1,9,"q9_case1",707,414067486,192486,9647337472,24,0.018660,8.673426,0.014191
1,1,9,"q9_case1",708,414655617,655617,9650122752,24,0.019163,1.288961,0.013119
1,1,9,"q9_case1",709,415243525,243525,9673437184,24,0.019186,7.833138,0.013383
1,1,9,"q9_case1",710,415831740,769240,9674981376,24,0.018368,1.242744,0.014657
1,1,9,"q9_case1",711,416420125,420125,9696645120,24,0.019512,8.518636,0.014087
1,1,9,"q9_case1",712,417008484,445984,9709535232,24,0.018922,3.566723,0.014263
1,1,9,"q9_case1",713,417596664,596664,9719918592,24,0.018762,3.641353,0.014197
1,1,9,"q9_case1",714,418184876,184876,9743130624,24,0.018719,11.528871,0.010041
1,1,9,"q9_case1",715,418773047,773047,9743130624,24,0.017673,0.097859,0.014924
1,1,9,"q9_case1",716,419361078,361078,9766559744,24,0.018883,10.939966,0.014513
1,1,9,"q9_case1",717,419949019,824019,9769340928,24,0.018577,1.282189,0.013998
1,1,9,"q9_case1",718,420536875,536875,9789775872,24,0.018735,8.302857,0.014668
1,1,9,"q9_case1",719,421124906,124906,9813204992,24,0.018114,10.547126,0.014024
1,1,9,"q9_case1",720,421712449,712449,9813204992,24,0.018486,0.088266,0.013430
1,1,9,"q9_case1",721,422295298,295298,9836384256,24,0.018733,11.531970,0.014082
1,1,9,"q9_case1",722,422883210,758210,9838985216,24,0.018111,1.328785,0.012582
1,1,9,"q9_case1",723,423470514,470514,9859907584,24,0.018447,9.487604,0.013982
1,1,9,"q9_case1",724,424059243,371743,9875927040,24,0.017168,6.756798,0.015785
1,1,9,"q9_case1",725,424647909,647909,9883111424,24,0.018551,1.582054,0.012872
1,1,9,"q9_case1",726,425236143,236143,9906671616,24,0.018379,10.019971,0.010484
1,1,9,"q9_case1",727,425823125,760625,9908056064,24,0.018205,1.239683,0.010870
1,1,9,"q9_case1",728,426410346,410346,9930313728,24,0.018533,9.352026,0.012789
1,1,9,"q9_case1",729,426998540,436040,9943388160,24,0.018700,3.528677,0.014025
1,1,9,"q9_case1",730,427586796,586796,9953562624,24,0.018640,3.644184,0.012082
1,1,9,"q9_case1",731,428175206,175206,9976770560,24,0.020493,12.243506,0.013601
1,1,9,"q9_case1",732,428762875,762875,9976770560,24,0.019371,0.103486,0.013562
1,1,9,"q9_case1",733,429350836,350836,10000072704,24,0.017838,11.099030,0.013742
1,1,9,"q9_case1",734,429937841,812841,10003075072,24,0.018191,1.360814,0.012594
1,1,9,"q9_case1",735,430525934,525934,10023387136,24,0.019244,9.587238,0.013588
1,1,9,"q9_case1",736,431113273,113273,10047033344,24,0.018606,10.762772,0.012355
1,1,9,"q9_case1",737,431701011,701011,10047033344,24,0.018105,0.041317,0.013515
1,1,9,"q9_case1",738,432284978,284978,10070290432,24,0.017809,10.593574,0.013578
1,1,9,"q9_case1",739,432867966,805466,10071769088,24,0.018284,1.139368,0.013721
1,1,9,"q9_case1",740,433453064,453064,10093907968,24,0.018668,10.691451,0.013812
1,1,9,"q9_case1",741,434037861,350361,10109607936,24,0.016900,6.737648,0.013789
1,1,9,"q9_case1",742,434625821,625821,10117042176,24,0.018682,1.346844,0.013964
1,1,9,"q9_case1",743,435213908,213908,10140024832,24,0.019547,10.295605,0.019366
1,1,9,"q9_case1",744,435797329,797329,10140024832,24,0.016587,0.043491,0.013598
1,1,9,"q9_case1",745,436379497,379497,10163314688,24,0.018270,9.723273,0.012194
1,1,9,"q9_case1",746,436964510,714510,10168848384,24,0.019006,2.040918,0.013759
1,1,9,"q9_case1",747,437551386,551386,10186788864,24,0.016934,5.218062,0.013912
1,1,9,"q9_case1",748,438136333,136333,10210574336,24,0.019002,10.587306,0.013647
1,1,9,"q9_case1",749,438720821,720821,10210574336,24,0.018579,0.103235,0.013970
1,1,9,"q9_case1",750,439305988,305988,10233700352,24,0.019279,10.964026,0.009709
1,1,9,"q9_case1",751,439889667,764667,10236649472,24,0.018893,1.495076,0.013599
1,1,9,"q9_case1",752,440469427,469427,10256723968,24,0.019100,9.487639,0.013888
1,1,9,"q9_case1",753,441056118,368618,10273042432,24,0.017422,5.768973,0.013671
1,1,9,"q9_case1",754,441641082,641082,10280275968,24,0.018652,2.290123,0.011651
1,1,9,"q9_case1",755,442226217,226217,10303602688,24,0.018235,11.805759,0.014101
1,1,9,"q9_case1",756,442809584,809584,10303602688,24,0.019835,0.092606,0.013715
1,1,9,"q9_case1",757,443392215,392215,10326552576,24,0.017508,9.805824,0.013428
1,1,9,"q9_case1",758,443974604,724604,10332692480,24,0.018271,1.519732,0.013753
1,1,9,"q9_case1",759,444562346,562346,10350268416,24,0.018502,8.099786,0.013988
1,1,9,"q9_case1",760,445148831,148831,10373562368,24,0.019401,10.334428,0.013869
1,1,9,"q9_case1",761,445732504,732504,10373562368,24,0.018436,0.109243,0.013442
1,1,9,"q9_case1",762,446313989,313989,10396786688,24,0.018124,9.834652,0.013371
1,1,9,"q9_case1",763,446895398,770398,10399707136,24,0.019401,1.321164,0.013894
1,1,9,"q9_case1",764,447481709,481709,10420084736,24,0.017133,8.783186,0.013473
1,1,9,"q9_case1",765,448066431,378931,10436296704,24,0.017348,5.009989,0.013969
1,1,9,"q9_case1",766,448653935,653935,10443591680,24,0.016900,2.404358,0.013253
1,1,9,"q9_case1",767,449236622,236622,10466594816,24,0.018660,12.303731,0.013693
1,1,9,"q9_case1",768,449818478,818478,10466594816,24,0.019462,0.104934,0.014520
1,1,9,"q9_case1",769,450404586,404586,10490224640,24,0.018796,11.192408,0.014527
1,1,9,"q9_case1",770,450989513,677013,10497794048,24,0.017938,1.630010,0.014362
1,1,9,"q9_case1",771,451577070,577070,10513825792,24,0.018985,9.024275,0.013719
1,1,9,"q9_case1",772,452159414,159414,10537013248,24,0.019108,8.937534,0.013400
1,1,9,"q9_case1",773,452736951,736951,10537013248,24,0.017932,0.105058,0.013111
1,1,9,"q9_case1",774,453314551,314551,10560724992,24,0.018519,10.648361,0.013936
1,1,9,"q9_case1",775,453903362,778362,10563706880,24,0.019420,1.641936,0.014135
1,1,9,"q9_case1",776,454491559,491559,10584031232,24,0.018204,8.729996,0.012131
1,1,9,"q9_case1",777,455073618,198618,10604437504,24,0.017470,8.545540,0.013494
1,1,9,"q9_case1",778,455648483,648483,10607554560,24,0.018564,1.280787,0.013729
1,1,9,"q9_case1",779,456221536,221536,10630905856,24,0.017609,12.575759,0.013484
1,1,9,"q9_case1",780,456797330,797330,10630905856,24,0.018294,0.102430,0.013684
1,1,9,"q9_case1",781,457385378,385378,10653986816,24,0.016752,13.208537,0.015047
1,1,9,"q9_case1",782,457972831,722831,10659717120,24,0.018717,1.617827,0.013824
1,1,9,"q9_case1",783,458557972,557972,10677354496,24,0.018634,6.097790,0.013790
1,1,9,"q9_case1",784,459144740,144740,10701185024,24,0.018359,12.584669,0.009664
1,1,9,"q9_case1",785,459722345,722345,10701185024,24,0.018208,0.039957,0.013175
1,1,9,"q9_case1",786,460297393,297393,10724544512,24,0.018352,10.659082,0.014065
1,1,9,"q9_case1",787,460884775,759775,10727485440,24,0.018934,1.533567,0.011681
1,1,9,"q9_case1",788,461473055,473055,10748268544,24,0.018986,8.588886,0.015200
1,1,9,"q9_case1",789,462059081,309081,10765508608,24,0.018582,7.733953,0.012803
1,1,9,"q9_case1",790,462644749,644749,10771283968,24,0.018527,1.600788,0.012973
1,1,9,"q9_case1",791,463227971,227971,10794356736,24,0.019700,10.047330,0.013879
1,1,9,"q9_case1",792,463816252,816252,10794356736,24,0.018383,0.057251,0.013542
1,1,9,"q9_case1",793,464402941,402941,10817814528,24,0.017268,9.581581,0.012868
1,1,9,"q9_case1",794,464989297,614297,10826063872,24,0.018209,2.873239,0.013950
1,1,9,"q9_case1",795,465570748,570748,10840825856,24,0.018740,4.684622,0.013690
1,1,9,"q9_case1",796,466157865,157865,10863616000,24,0.019093,13.639083,0.009643
1,1,9,"q9_case1",797,466739733,739733,10863616000,24,0.018452,0.092755,0.013549
1,1,9,"q9_case1",798,467322490,322490,10887548928,24,0.016477,8.873706,0.013714
1,1,9,"q9_case1",799,467903833,778833,10890334208,24,0.019303,1.275149,0.014046
1,1,9,"q9_case1",800,468491078,491078,10910986240,24,0.018022,7.981610,0.009673
1,1,9,"q9_case1",801,469072466,259966,10929946624,24,0.018428,7.423561,0.010245
1,1,9,"q9_case1",802,469653725,653725,10934259712,24,0.016506,1.453960,0.013820
1,1,9,"q9_case1",803,470240431,240431,10957422592,24,0.018723,11.412039,0.013772
1,1,9,"q9_case1",804,470825127,825127,10957422592,24,0.018669,0.102870,0.014154
1,1,9,"q9_case1",805,471406438,406438,10980429824,24,0.018567,9.569468,0.013416
1,1,9,"q9_case1",806,471985433,672933,10987614208,24,0.017311,1.653386,0.013909
1,1,9,"q9_case1",807,472570310,570310,11003543552,24,0.017589,6.668310,0.013818
1,1,9,"q9_case1",808,473152780,152780,11026391040,24,0.016296,11.110387,0.009706
1,1,9,"q9_case1",809,473734987,734987,11026391040,24,0.016002,0.039806,0.013473
1,1,9,"q9_case1",810,474318435,318435,11049869312,24,0.018001,10.628377,0.013402
1,1,9,"q9_case1",811,474902154,777154,11052613632,24,0.018808,1.587821,0.013330
1,1,9,"q9_case1",812,475484969,484969,11072667648,24,0.018523,8.752166,0.013718
1,1,9,"q9_case1",813,476071365,258865,11091689472,24,0.017066,7.885435,0.013311
1,1,9,"q9_case1",814,476655394,655394,11096100864,24,0.019062,1.358335,0.013621
1,1,9,"q9_case1",815,477238621,238621,11118759936,24,0.019895,11.405272,0.013614
1,1,9,"q9_case1",816,477822545,822545,11118759936,24,0.018692,0.101828,0.013605
1,1,9,"q9_case1",817,478408836,408836,11142479872,24,0.018292,10.378712,0.014133
1,1,9,"q9_case1",818,478985380,610380,11151495168,24,0.017789,2.262276,0.013975
1,1,9,"q9_case1",819,479573835,573835,11166158848,24,0.017253,7.999244,0.013945
1,1,9,"q9_case1",820,480157762,157762,11189399552,24,0.018377,13.167620,0.009827
1,1,9,"q9_case1",821,480741090,741090,11189399552,24,0.017340,0.105438,0.013834
1,1,9,"q9_case1",822,481329689,329689,11212791808,24,0.018845,9.321375,0.009932
1,1,9,"q9_case1",823,481917283,792283,11215765504,24,0.017515,1.925387,0.013555
1,1,9,"q9_case1",824,482497228,497228,11236110336,24,0.018450,10.363237,0.013930
1,1,9,"q9_case1",825,483085618,148118,11257397248,24,0.018467,12.841391,0.013812
1,1,9,"q9_case1",826,483667466,667466,11258880000,24,0.017171,1.160313,0.013303
1,1,9,"q9_case1",827,484249721,249721,11282247680,24,0.018088,9.864704,0.012454
1,1,9,"q9_case1",828,484837586,837586,11282247680,24,0.018187,0.041566,0.009670
1,1,9,"q9_case1",829,485419992,419992,11304517632,24,0.018942,9.582778,0.013417
1,1,9,"q9_case1",830,485995914,558414,11314831360,24,0.019622,4.095739,0.013813
1,1,9,"q9_case1",831,486584257,584257,11327684608,24,0.017638,7.139540,0.013666
1,1,9,"q9_case1",832,487165991,165991,11350773760,24,0.019290,11.392072,0.014184
1,1,9,"q9_case1",833,487753450,753450,11350773760,24,0.017030,0.106014,0.013713
1,1,9,"q9_case1",834,488340577,340577,11374276608,24,0.018170,10.999676,0.012172
1,1,9,"q9_case1",835,488923093,798093,11377197056,24,0.018619,1.318810,0.013198
1,1,9,"q9_case1",836,489506030,506030,11397902336,24,0.016545,12.106067,0.014984
1,1,9,"q9_case1",837,490093674,156174,11420106752,24,0.019981,7.623632,0.020998
1,1,9,"q9_case1",838,490676104,676104,11421474816,24,0.017786,1.166813,0.014019
1,1,9,"q9_case1",839,491264363,264363,11444994048,24,0.017226,13.076650,0.009767
1,1,9,"q9_case1",840,491851880,789380,11446480896,24,0.018912,1.195418,0.013522
1,1,9,"q9_case1",841,492427588,427588,11467714560,24,0.017970,8.758723,0.013870
1,1,9,"q9_case1",842,493014725,452225,11481247744,24,0.018520,6.105191,0.014568
1,1,9,"q9_case1",843,493597735,597735,11491680256,24,0.017764,4.547238,0.013587
1,1,9,"q9_case1",844,494183277,183277,11515002880,24,0.018214,10.381379,0.013364
1,1,9,"q9_case1",845,494759201,759201,11515002880,24,0.017975,0.039288,0.009968
1,1,9,"q9_case1",846,495347658,347658,11537563648,24,0.016483,11.996151,0.013385
1,1,9,"q9_case1",847,495930827,805827,11540488192,24,0.018346,1.610548,0.013524
1,1,9,"q9_case1",848,496514764,514764,11560951808,24,0.016998,10.068179,0.013926
1,1,9,"q9_case1",849,497102450,102450,11584335872,24,0.016821,10.287194,0.014157
1,1,9,"q9_case1",850,497690601,690601,11584335872,24,0.019131,0.104782,0.011863
1,1,9,"q9_case1",851,498278958,278958,11608166400,24,0.019002,10.681126,0.014009
1,1,9,"q9_case1",852,498867025,804525,11609583616,24,0.016851,1.186038,0.014244
1,1,9,"q9_case1",853,499454704,454704,11630911488,24,0.018655,9.867053,0.014077
1,1,9,"q9_case1",854,500040183,415183,11645366272,24,0.019273,4.856725,0.016473
1,1,9,"q9_case1",855,500625487,625487,11654213632,24,0.016568,3.786553,0.013802
1,1,9,"q9_case1",856,501210053,210053,11677569024,24,0.018991,10.861475,0.009795
1,1,9,"q9_case1",857,501768666,768666,11677569024,24,0.019063,0.095423,0.012933
1,1,9,"q9_case1",858,502326274,326274,11701268480,24,0.019064,11.525974,0.013577
1,1,9,"q9_case1",859,502913811,788811,11704143872,24,0.018669,1.650832,0.013757
1,1,9,"q9_case1",860,503497168,497168,11724861440,24,0.018532,8.498144,0.013649
1,1,9,"q9_case1",861,504081968,81968,11747614720,24,0.019174,11.918481,0.012927
1,1,9,"q9_case1",862,504660156,660156,11747614720,24,0.018556,0.104949,0.013451
1,1,9,"q9_case1",863,505221430,221430,11770863616,24,0.018388,10.484040,0.013248
1,1,9,"q9_case1",864,505809078,809078,11770863616,24,0.019225,0.106661,0.013919
1,1,9,"q9_case1",865,506392619,392619,11794321408,24,0.019231,10.897628,0.013695
1,1,9,"q9_case1",866,506976401,726401,11800240128,24,0.019204,1.644661,0.013585
1,1,9,"q9_case1",867,507550191,550191,11817660416,24,0.018997,8.459667,0.013416
1,1,9,"q9_case1",868,508132891,132891,11841626112,24,0.017427,13.669113,0.013438
1,1,9,"q9_case1",869,508718028,718028,11841626112,24,0.018783,0.043026,0.013454
1,1,9,"q9_case1",870,509298571,298571,11864969216,24,0.018442,11.244263,0.014011
1,1,9,"q9_case1",871,509876778,751778,11867930624,24,0.018839,1.237605,0.013787
1,1,9,"q9_case1",872,510461031,461031,11888365568,24,0.016327,8.273437,0.013686
1,1,9,"q9_case1",873,511041746,416746,11903135744,24,0.017393,6.724115,0.012627
1,1,9,"q9_case1",874,511618197,618197,11912081408,24,0.016957,2.840289,0.013215
1,1,9,"q9_case1",875,512196035,196035,11934969856,24,0.018325,10.406372,0.013102
1,1,9,"q9_case1",876,512780840,780840,11934969856,24,0.018620,0.041064,0.009732
1,1,9,"q9_case1",877,513361892,361892,11958382592,24,0.018247,11.400612,0.009569
1,1,9,"q9_case1",878,513942461,692461,11964334080,24,0.017116,1.714953,0.013665
1,1,9,"q9_case1",879,514527274,527274,11981733888,24,0.018460,8.567868,0.013351
1,1,9,"q9_case1",880,515104803,104803,12005122048,24,0.018780,11.263673,0.013965
1,1,9,"q9_case1",881,515692231,692231,12005122048,24,0.017616,0.040795,0.013674
1,1,9,"q9_case1",882,516274520,274520,12028411904,24,0.018391,11.236618,0.012263
1,1,9,"q9_case1",883,516861636,799136,12029751296,24,0.018632,1.276640,0.011618
1,1,9,"q9_case1",884,517448929,448929,12051693568,24,0.016552,9.644240,0.014248
1,1,9,"q9_case1",885,518037426,412426,12065955840,24,0.018735,5.028041,0.013560
1,1,9,"q9_case1",886,518618732,618732,12074618880,24,0.019151,3.256541,0.013973
1,1,9,"q9_case1",887,519206490,206490,12097773568,24,0.019174,11.705056,0.013646
1,1,9,"q9_case1",888,519794063,794063,12097773568,24,0.018928,0.056504,0.013950
1,1,9,"q9_case1",889,520382510,382510,12121378816,24,0.019883,11.715048,0.010797
1,1,9,"q9_case1",890,520967230,717230,12127174656,24,0.017768,1.756613,0.014571
1,1,9,"q9_case1",891,521555206,555206,12144787456,24,0.016822,8.854755,0.013695
1,1,9,"q9_case1",892,522140797,140797,12167892992,24,0.019535,11.167957,0.018562
1,1,9,"q9_case1",893,522728648,728648,12167892992,24,0.016825,0.043475,0.013445
1,1,9,"q9_case1",894,523307124,307124,12190670848,24,0.017541,13.777897,0.013908
1,1,9,"q9_case1",895,523894649,769649,12193583104,24,0.019195,1.692159,0.013791
1,1,9,"q9_case1",896,524481555,481555,12213538816,24,0.018369,9.683962,0.009723
1,1,9,"q9_case1",897,525059953,309953,12231028736,24,0.018463,8.103434,0.013945
1,1,9,"q9_case1",898,525647323,647323,12236804096,24,0.018803,1.868108,0.013720
1,1,9,"q9_case1",899,526232064,232064,12260278272,24,0.018649,13.477095,0.014052
1,1,9,"q9_case1",900,526819887,819887,12260278272,24,0.017400,0.043194,0.013375
1,1,9,"q9_case1",901,527392776,392776,12282998784,24,0.019030,12.650574,0.013858
1,1,9,"q9_case1",902,527979912,729912,12288753664,24,0.018136,1.647639,0.013728
1,1,9,"q9_case1",903,528566511,566511,12306374656,24,0.019332,7.220215,0.012189
1,1,9,"q9_case1",904,529148068,148068,12329865216,24,0.016063,11.610167,0.013853
1,1,9,"q9_case1",905,529735797,735797,12329865216,24,0.018350,0.041691,0.013574
1,1,9,"q9_case1",906,530309076,309076,12353175552,24,0.018512,11.042752,0.013627
1,1,9,"q9_case1",907,530896352,771352,12356231168,24,0.016977,1.509796,0.013503
1,1,9,"q9_case1",908,531479803,479803,12376981504,24,0.018017,9.487799,0.013305
1,1,9,"q9_case1",909,532057128,369628,12393205760,24,0.016540,7.324412,0.013347
1,1,9,"q9_case1",910,532618858,618858,12400504832,24,0.018861,1.659592,0.012252
1,1,9,"q9_case1",911,533203228,203228,12424200192,24,0.018853,10.596011,0.013625
1,1,9,"q9_case1",912,533787411,787411,12424200192,24,0.019226,0.042688,0.014550
1,1,9,"q9_case1",913,534371128,371128,12447846400,24,0.018598,18.139567,0.013740
1,1,9,"q9_case1",914,534952832,702832,12453691392,24,0.017184,1.800216,0.013246
1,1,9,"q9_case1",915,535529840,529840,12470870016,24,0.018089,7.062312,0.014078
1,1,9,"q9_case1",916,536113778,113778,12494307328,24,0.018498,12.000435,0.014734
1,1,9,"q9_case1",917,536695557,695557,12494307328,24,0.018166,0.111365,0.013192
1,1,9,"q9_case1",918,537275000,275000,12517519360,24,0.018297,10.845875,0.016182
1,1,9,"q9_case1",919,537859253,859253,12517519360,24,0.018860,0.106107,0.013406
1,1,9,"q9_case1",920,538439911,439911,12541104128,24,0.017841,21.123875,0.013958
1,1,9,"q9_case1",921,539027421,402421,12555374592,24,0.017427,11.765587,0.013609
1,1,9,"q9_case1",922,539608314,608314,12564193280,24,0.018113,13.530713,0.013675
1,1,9,"q9_case1",923,540195547,195547,12587360256,24,0.019534,22.736039,0.013391
1,1,9,"q9_case1",924,540768828,768828,12587360256,24,0.017648,0.041098,0.011452
1,1,9,"q9_case1",925,541356051,356051,12611006464,24,0.016336,24.890871,0.013483
1,1,9,"q9_case1",926,541943226,693226,12616683520,24,0.016543,3.391542,0.013399
1,1,9,"q9_case1",927,542524486,524486,12634013696,24,0.018815,12.549733,0.013448
1,1,9,"q9_case1",928,543104689,104689,12657233920,24,0.018339,25.884569,0.013129
1,1,9,"q9_case1",929,543686501,686501,12657233920,24,0.019641,0.103311,0.013650
1,1,9,"q9_case1",930,544270548,270548,12680880128,24,0.020911,24.926555,0.015290
1,1,9,"q9_case1",931,544844562,844562,12680880128,24,0.018883,0.104509,0.015752
1,1,9,"q9_case1",932,545431468,431468,12704178176,24,0.018288,30.568289,0.013907
1,1,9,"q9_case1",933,546018354,580854,12713869312,24,0.017237,2.248192,0.013418
1,1,9,"q9_case1",934,546575160,575160,12727463936,24,0.018885,15.027844,0.013040
1,1,9,"q9_case1",935,547160294,160294,12751691776,24,0.018500,17.992486,0.013688
1,1,9,"q9_case1",936,547744632,744632,12751691776,24,0.018869,0.100995,0.013536
1,1,9,"q9_case1",937,548327475,327475,12775428096,24,0.018236,31.563229,0.011268
1,1,9,"q9_case1",938,548902377,714877,12779917312,24,0.017095,1.530842,0.013588
1,1,9,"q9_case1",939,549488566,488566,12799266816,24,0.018826,13.475807,0.010092
1,1,9,"q9_case1",940,550073426,198426,12819951616,24,0.017857,26.436111,0.010958
1,1,9,"q9_case1",941,550656076,656076,12822822912,24,0.016596,1.360167,0.013434
1,1,9,"q9_case1",942,551229858,229858,12845723648,24,0.018358,17.262196,0.018302
1,1,9,"q9_case1",943,551812847,812847,12845723648,24,0.018521,0.042537,0.012219
1,1,9,"q9_case1",944,552395979,395979,12868665344,24,0.018888,19.591358,0.013400
1,1,9,"q9_case1",945,552976028,663528,12876120064,24,0.018050,2.416960,0.011704
1,1,9,"q9_case1",946,553534821,534821,12891738112,24,0.018889,20.333636,0.013330
1,1,9,"q9_case1",947,554111347,111347,12915003392,24,0.018051,16.798676,0.013575
1,1,9,"q9_case1",948,554690277,690277,12915003392,24,0.017071,0.039662,0.009460
1,1,9,"q9_case1",949,555267551,267551,12938579968,24,0.019182,23.115248,0.011128
1,1,9,"q9_case1",950,555831944,831944,12938579968,24,0.017287,0.065939,0.010563
1,1,9,"q9_case1",951,556415733,415733,12961947648,24,0.018763,24.113897,0.011045
1,1,9,"q9_case1",952,556997730,622730,12970627072,24,0.017841,1.784296,0.013493
1,1,9,"q9_case1",953,557579258,579258,12985499648,24,0.018267,18.308066,0.013441
1,1,9,"q9_case1",954,558153056,153056,13009002496,24,0.017931,22.860432,0.019880
1,1,9,"q9_case1",955,558731519,731519,13009002496,24,0.017163,0.062286,0.013369
1,1,9,"q9_case1",956,559313558,313558,13032382464,24,0.019363,16.180845,0.013515
1,1,9,"q9_case1",957,559887355,762355,13035290624,24,0.017826,1.869740,0.013690
1,1,9,"q9_case1",958,560474703,474703,13055631360,24,0.018357,18.533911,0.013806
1,1,9,"q9_case1",959,561056519,244019,13074087936,24,0.016233,22.323958,0.013346
1,1,9,"q9_case1",960,561634891,634891,13078544384,24,0.019878,1.308179,0.013654
1,1,9,"q9_case1",961,562217386,217386,13101588480,24,0.019159,21.186318,0.013313
1,1,9,"q9_case1",962,562798031,798031,13101588480,24,0.018281,0.038734,0.013491
1,1,9,"q9_case1",963,563384963,384963,13124710400,24,0.018516,31.477994,0.013571
1,1,9,"q9_case1",964,563966721,716721,13130526720,24,0.016733,2.017734,0.011803
1,1,9,"q9_case1",965,564554152,554152,13148233728,24,0.016314,13.232737,0.013512
1,1,9,"q9_case1",966,565135359,135359,13171466240,24,0.016895,27.187201,0.014211
1,1,9,"q9_case1",967,565722815,722815,13171466240,24,0.018623,0.042505,0.012377
1,1,9,"q9_case1",968,566301532,301532,13195087872,24,0.018309,22.702688,0.016522
1,1,9,"q9_case1",969,566875805,813305,13196541952,24,0.017280,1.212139,0.014120
1,1,9,"q9_case1",970,567463197,463197,13218668544,24,0.019470,18.747300,0.009601
1,1,9,"q9_case1",971,568043885,293885,13236297728,24,0.017658,15.345884,0.009563
1,1,9,"q9_case1",972,568625287,625287,13242114048,24,0.019066,5.485249,0.010123
1,1,9,"q9_case1",973,569213028,213028,13265616896,24,0.017839,17.455059,0.009749
1,1,9,"q9_case1",974,569794551,794551,13265616896,24,0.016374,0.039878,0.009669
1,1,9,"q9_case1",975,570380195,380195,13288869888,24,0.018247,30.338610,0.013640
1,1,9,"q9_case1",976,570966078,716078,13294891008,24,0.017470,2.851924,0.013429
1,1,9,"q9_case1",977,571535550,535550,13312356352,24,0.018639,5.642396,0.013453
1,1,9,"q9_case1",978,572120170,120170,13335859200,24,0.019987,27.165108,0.014137
1,1,9,"q9_case1",979,572705857,705857,13335859200,24,0.018101,0.101461,0.014017
1,1,9,"q9_case1",980,573289023,289023,13358968832,24,0.017942,25.696152,0.009935
1,1,9,"q9_case1",981,573877019,752019,13361729536,24,0.017268,1.480161,0.013687
1,1,9,"q9_case1",982,574459365,459365,13382176768,24,0.018556,24.973502,0.013158
1,1,9,"q9_case1",983,575017408,454908,13395169280,24,0.016566,2.682464,0.017027
1,1,9,"q9_case1",984,575603900,603900,13405437952,24,0.020921,12.540033,0.013682
1,1,9,"q9_case1",985,576189055,189055,13428072448,24,0.019009,19.270230,0.012634
1,1,9,"q9_case1",986,576772218,772218,13428072448,24,0.018209,0.041935,0.013273
1,1,9,"q9_case1",987,577346265,346265,13451591680,24,0.018579,25.210505,0.009750
1,1,9,"q9_case1",988,577909786,722286,13455757312,24,0.017350,1.557427,0.013568
1,1,9,"q9_case1",989,578494679,494679,13475090432,24,0.016598,11.476535,0.009815
1,1,9,"q9_case1",990,579076204,263704,13493989376,24,0.017183,24.089002,0.013338
1,1,9,"q9_case1",991,579640917,640917,13498417152,24,0.018548,3.495716,0.010472
1,1,9,"q9_case1",992,580227311,227311,13522182144,24,0.017878,19.177331,0.018579
1,1,9,"q9_case1",993,580811681,811681,13522182144,24,0.018358,0.042030,0.013332
1,1,9,"q9_case1",994,581392758,392758,13545308160,24,0.018967,22.169096,0.013840
1,1,9,"q9_case1",995,581979940,667440,13552427008,24,0.018624,1.907450,0.013796
1,1,9,"q9_case1",996,582566968,566968,13568569344,24,0.018678,15.543166,0.013714
1,1,9,"q9_case1",997,583150857,150857,13591613440,24,0.018213,30.420367,0.009894
1,1,9,"q9_case1",998,583738527,738527,13591613440,24,0.019355,0.088974,0.013580
1,1,9,"q9_case1",999,584326846,326846,13614837760,24,0.018453,19.375903,0.013459
1,1,9,"q9_case1",1000,584908131,720631,13619122176,24,0.017761,1.407549,0.013023
1,1,9,"q9_case1",1001,585495889,495889,13638139904,24,0.018695,20.076866,0.013527
1,1,9,"q9_case1",1002,586077164,202164,13658255360,24,0.018265,24.938755,0.013730
1,1,9,"q9_case1",1003,586664724,664724,13660938240,24,0.018670,1.255647,0.013751
1,1,9,"q9_case1",1004,587251427,251427,13684502528,24,0.018482,15.159454,0.018543
1,1,9,"q9_case1",1005,587839680,839680,13684502528,24,0.018090,0.108229,0.013721
1,1,9,"q9_case1",1006,588424868,424868,13707522048,24,0.017080,31.829374,0.013799
1,1,9,"q9_case1",1007,589012706,575206,13717475328,24,0.018170,3.446980,0.010752
1,1,9,"q9_case1",1008,589601007,601007,13730492416,24,0.018468,11.170556,0.014199
1,1,9,"q9_case1",1009,590189249,189249,13754142720,24,0.018296,20.309476,0.014662
1,1,9,"q9_case1",1010,590777376,777376,13754142720,24,0.018046,0.108247,0.013563
1,1,9,"q9_case1",1011,591365330,365330,13777453056,24,0.016584,29.186504,0.014049
1,1,9,"q9_case1",1012,591953233,703233,13783277568,24,0.017461,4.466908,0.014240
1,1,9,"q9_case1",1013,592541132,541132,13800996864,24,0.018598,17.240989,0.013607
1,1,9,"q9_case1",1014,593128978,128978,13824749568,24,0.018350,15.860926,0.013983
1,1,9,"q9_case1",1015,593716819,716819,13824749568,24,0.018274,0.041860,0.010705
1,1,9,"q9_case1",1016,594304332,304332,13847842816,24,0.018669,29.554683,0.012571
1,1,9,"q9_case1",1017,594892308,767308,13850783744,24,0.018422,2.071921,0.014506
1,1,9,"q9_case1",1018,595480104,480104,13871521792,24,0.018704,20.489936,0.014925
1,1,9,"q9_case1",1019,596067608,255108,13890486272,24,0.016615,16.949311,0.014475
1,1,9,"q9_case1",1020,596654903,654903,13894725632,24,0.016843,1.349325,0.014439
1,1,9,"q9_case1",1021,597242196,242196,13918433280,24,0.018557,22.364909,0.014198
1,1,9,"q9_case1",1022,597829689,829689,13918433280,24,0.018372,0.085928,0.010496
1,1,9,"q9_case1",1023,598417414,417414,13941895168,24,0.017875,25.982122,0.014146
1,1,9,"q9_case1",1024,599005054,567554,13952163840,24,0.016830,5.509092,0.014138
1,1,9,"q9_case1",1025,599592364,592364,13965340672,24,0.018197,13.493088,0.014083
1,1,9,"q9_case1",1026,600179670,179670,13988515840,24,0.017416,19.731977,0.014387
1,1,9,"q9_case1",1027,600766940,766940,13988515840,24,0.019150,0.043455,0.014162
1,1,9,"q9_case1",1028,601353994,353994,14011527168,24,0.018427,24.090250,0.010541
1,1,9,"q9_case1",1029,601940902,690902,14017212416,24,0.017744,5.102958,0.011888
1,1,9,"q9_case1",1030,602528300,528300,14034554880,24,0.018307,15.120882,0.012480
1,1,9,"q9_case1",1031,603115204,177704,14056660992,24,0.017655,31.589614,0.021186
1,1,9,"q9_case1",1032,603702171,702171,14058123264,24,0.019654,1.125162,0.015296
1,1,9,"q9_case1",1033,604289296,289296,14081384448,24,0.020174,16.577202,0.011557
1,1,9,"q9_case1",1034,604876515,751515,14084325376,24,0.016531,1.179775,0.010764
1,1,9,"q9_case1",1035,605463936,463936,14104596480,24,0.016784,17.343910,0.014848
1,1,9,"q9_case1",1036,606051511,239011,14123261952,24,0.017399,23.286138,0.011330
1,1,9,"q9_case1",1037,606639064,639064,14127632384,24,0.016790,1.081806,0.010738
1,1,9,"q9_case1",1038,607226766,226766,14151151616,24,0.016125,29.756680,0.015260
1,1,9,"q9_case1",1039,607814439,814439,14151151616,24,0.017295,0.214230,0.010845
1,1,9,"q9_case1",1040,608402004,402004,14173868032,24,0.016916,21.582023,0.010148
1,1,9,"q9_case1",1041,608989326,614326,14182277120,24,0.017079,1.501405,0.016382
1,1,9,"q9_case1",1042,609576924,576924,14197018624,24,0.020618,22.646702,0.010044
1,1,9,"q9_case1",1043,610164373,164373,14220132352,24,0.016863,21.633883,0.010491
1,1,9,"q9_case1",1044,610751803,751803,14220132352,24,0.016610,0.112139,0.009556
1,1,9,"q9_case1",1045,611310377,310377,14243938304,24,0.016437,35.712870,0.011708
1,1,9,"q9_case1",1046,611898037,773037,14246744064,24,0.016799,0.951256,0.010330
1,1,9,"q9_case1",1047,612483269,483269,14266961920,24,0.016266,11.861550,0.009865
1,1,9,"q9_case1",1048,613069095,256595,14286086144,24,0.016488,25.757414,0.009618
1,1,9,"q9_case1",1049,613650853,650853,14290399232,24,0.016678,1.987072,0.009810
1,1,9,"q9_case1",1050,614233201,233201,14314082304,24,0.016753,25.644013,0.010063
1,1,9,"q9_case1",1051,614804765,804765,14314082304,24,0.016410,0.215048,0.010113
1,1,9,"q9_case1",1052,615373272,373272,14336454656,24,0.018049,28.500302,0.010833
1,1,9,"q9_case1",1053,615960652,648152,14343798784,24,0.016832,4.571281,0.009810
1,1,9,"q9_case1",1054,616547279,547279,14359748608,24,0.017796,16.225601,0.009721
1,1,9,"q9_case1",1055,617130936,130936,14382825472,24,0.018093,31.917297,0.009570
1,1,9,"q9_case1",1056,617690730,690730,14382825472,24,0.016861,0.233363,0.010485
1,1,9,"q9_case1",1057,618277331,277331,14406197248,24,0.016290,18.925485,0.010787
1,1,9,"q9_case1",1058,618862593,800093,14407569408,24,0.017179,1.948735,0.010678
1,1,9,"q9_case1",1059,619447369,447369,14429581312,24,0.018940,22.119177,0.010171
1,1,9,"q9_case1",1060,620022474,459974,14442446848,24,0.017736,11.405430,0.009937
1,1,9,"q9_case1",1061,620606067,606067,14452871168,24,0.016412,12.170470,0.009534
1,1,9,"q9_case1",1062,621188380,188380,14476021760,24,0.016600,20.613986,0.009709
1,1,9,"q9_case1",1063,621772726,772726,14476021760,24,0.017184,0.216256,0.009513
1,1,9,"q9_case1",1064,622337604,337604,14499008512,24,0.016962,35.967410,0.011756
1,1,9,"q9_case1",1065,622904239,716739,14503186432,24,0.016225,2.526886,0.009909
1,1,9,"q9_case1",1066,623490040,490040,14522265600,24,0.016728,17.602803,0.009969
1,1,9,"q9_case1",1067,624074032,261532,14540967936,24,0.017536,29.458541,0.009621
1,1,9,"q9_case1",1068,624654477,654477,14545334272,24,0.016150,1.033442,0.010105
1,1,9,"q9_case1",1069,625217576,217576,14569005056,24,0.018062,22.435555,0.009525
1,1,9,"q9_case1",1070,625800469,800469,14569005056,24,0.016745,0.106976,0.009963
1,1,9,"q9_case1",1071,626382620,382620,14592536576,24,0.016314,28.515108,0.011770
1,1,9,"q9_case1",1072,626964901,652401,14599950336,24,0.016036,5.587557,0.009530
1,1,9,"q9_case1",1073,627527995,527995,14616137728,24,0.016567,9.707287,0.009599
1,1,9,"q9_case1",1074,628109198,171698,14637813760,24,0.017027,23.649321,0.010107
1,1,9,"q9_case1",1075,628688601,688601,14639378432,24,0.016725,0.893136,0.010366
1,1,9,"q9_case1",1076,629272883,272883,14662459392,24,0.016821,32.435433,0.009513
1,1,9,"q9_case1",1077,629840995,840995,14662459392,24,0.016819,0.234007,0.009710
1,1,9,"q9_case1",1078,630427479,427479,14685691904,24,0.016869,18.285261,0.010406
1,1,9,"q9_case1",1079,631012834,575334,14695751680,24,0.017808,3.274629,0.017039
1,1,9,"q9_case1",1080,631591591,591591,14708752384,24,0.016843,19.033067,0.009745
1,1,9,"q9_case1",1081,632177508,177508,14732156928,24,0.016517,27.481697,0.010276
1,1,9,"q9_case1",1082,632762628,762628,14732156928,24,0.017061,0.217790,0.010332
1,1,9,"q9_case1",1083,633323552,323552,14755766272,24,0.016815,28.883402,0.010433
1,1,9,"q9_case1",1084,633888632,763632,14758596608,24,0.016851,2.683971,0.009828
1,1,9,"q9_case1",1085,634475790,475790,14778920960,24,0.016065,15.799441,0.014560
1,1,9,"q9_case1",1086,635062013,374513,14794760192,24,0.019532,9.784410,0.022085
1,1,9,"q9_case1",1087,635646731,646731,14801813504,24,0.018972,6.689289,0.013128
1,1,9,"q9_case1",1088,636209342,209342,14825029632,24,0.018646,24.985946,0.014100
1,1,9,"q9_case1",1089,636795846,795846,14825029632,24,0.019155,0.209304,0.014531
1,1,9,"q9_case1",1090,637381215,381215,14848425984,24,0.016099,31.591712,0.014224
1,1,9,"q9_case1",1091,637965258,652758,14855970816,24,0.019681,1.609471,0.011898
1,1,9,"q9_case1",1092,638553341,553341,14871846912,24,0.016146,14.338321,0.014444
1,1,9,"q9_case1",1093,639139302,139302,14895079424,24,0.019588,32.225531,0.014861
1,1,9,"q9_case1",1094,639701217,701217,14895079424,24,0.016625,0.225476,0.014004
1,1,9,"q9_case1",1095,640287818,287818,14918356992,24,0.019470,16.368692,0.014382
1,1,9,"q9_case1",1096,640872896,747896,14921252864,24,0.018101,1.364972,0.009803
1,1,9,"q9_case1",1097,641457236,457236,14941290496,24,0.017518,31.584315,0.014071
1,1,9,"q9_case1",1098,642021444,521444,14952624128,24,0.020032,6.804102,0.014045
1,1,9,"q9_case1",1099,642608625,608625,14964416512,24,0.019150,13.262053,0.009892
1,1,9,"q9_case1",1100,643194996,194996,14987673600,24,0.019027,15.596653,0.019093
1,1,9,"q9_case1",1101,643778052,778052,14987673600,24,0.018621,0.106307,0.014865
1,1,9,"q9_case1",1102,644366022,366022,15011192832,24,0.019390,36.398261,0.014578
1,1,9,"q9_case1",1103,644953105,703105,15017246720,24,0.016519,2.350267,0.009772
1,1,9,"q9_case1",1104,645532911,532911,15034773504,24,0.018520,16.356583,0.009891
1,1,9,"q9_case1",1105,646120245,120245,15057895424,24,0.019825,11.603985,0.014608
1,1,9,"q9_case1",1106,646707808,707808,15057895424,24,0.019320,0.363756,0.014352
1,1,9,"q9_case1",1107,647287609,287609,15081185280,24,0.019495,35.440899,0.018101
1,1,9,"q9_case1",1108,647875762,750762,15084179456,24,0.019358,2.846574,0.014982
1,1,9,"q9_case1",1109,648463206,463206,15104323584,24,0.019051,15.247823,0.014136
1,1,9,"q9_case1",1110,649023922,523922,15116083200,24,0.016614,3.198102,0.013839
1,1,9,"q9_case1",1111,649611922,611922,15127867392,24,0.020048,23.761868,0.009871
1,1,9,"q9_case1",1112,650198471,198471,15151144960,24,0.018322,15.205444,0.014303
1,1,9,"q9_case1",1113,650776722,776722,15151144960,24,0.019519,0.080134,0.014530
1,1,9,"q9_case1",1114,651363680,363680,15174508544,24,0.018828,36.502726,0.015976
1,1,9,"q9_case1",1115,651949649,699649,15180292096,24,0.016368,3.912703,0.015064
1,1,9,"q9_case1",1116,652537635,537635,15197896704,24,0.019115,16.428665,0.009884
1,1,9,"q9_case1",1117,653123265,185765,15219474432,24,0.019965,26.458205,0.014802
1,1,9,"q9_case1",1118,653711281,711281,15220920320,24,0.019691,1.142722,0.014336
1,1,9,"q9_case1",1119,654294470,294470,15244431360,24,0.017917,21.968079,0.014623
1,1,9,"q9_case1",1120,654853993,728993,15247372288,24,0.016618,1.267010,0.013814
1,1,9,"q9_case1",1121,655440547,440547,15268335616,24,0.019120,21.745604,0.015556
1,1,9,"q9_case1",1122,656020077,520077,15279816704,24,0.020831,13.053857,0.014350
1,1,9,"q9_case1",1123,656602964,602964,15291289600,24,0.019253,15.097711,0.014344
1,1,9,"q9_case1",1124,657163206,163206,15314685952,24,0.019078,20.935941,0.013996
1,1,9,"q9_case1",1125,657749457,749457,15314685952,24,0.017986,0.126694,0.009783
1,1,9,"q9_case1",1126,658333786,333786,15338672128,24,0.016519,31.885925,0.013731
1,1,9,"q9_case1",1127,658915264,665264,15344492544,24,0.018825,5.402512,0.011988
1,1,9,"q9_case1",1128,659502481,502481,15361708032,24,0.017310,18.025575,0.013917
1,1,9,"q9_case1",1129,660083763,333763,15379152896,24,0.019293,17.982942,0.021083
1,1,9,"q9_case1",1130,660657558,657558,15384969216,24,0.019459,1.472370,0.009920
1,1,9,"q9_case1",1131,661244434,244434,15408418816,24,0.019032,19.502319,0.014495
1,1,9,"q9_case1",1132,661830592,830592,15408418816,24,0.017803,0.044401,0.014482
1,1,9,"q9_case1",1133,662418062,418062,15431880704,24,0.019275,22.939334,0.014259
1,1,9,"q9_case1",1134,662996898,621898,15440605184,24,0.019690,12.139049,0.015145
1,1,9,"q9_case1",1135,663583839,583839,15454871552,24,0.019280,13.419736,0.012707
1,1,9,"q9_case1",1136,664169393,169393,15477673984,24,0.018828,34.083956,0.020160
1,1,9,"q9_case1",1137,664756761,756761,15477673984,24,0.017485,0.207108,0.009712
1,1,9,"q9_case1",1138,665340680,340680,15500730368,24,0.019272,21.517150,0.014676
1,1,9,"q9_case1",1139,665928467,678467,15506264064,24,0.019223,1.980411,0.014319
1,1,9,"q9_case1",1140,666510256,510256,15523467264,24,0.019446,15.927095,0.014730
1,1,9,"q9_case1",1141,667097385,284885,15542452224,24,0.019151,30.706300,0.014855
1,1,9,"q9_case1",1142,667674029,674029,15546593280,24,0.019124,4.647504,0.014540
1,1,9,"q9_case1",1143,668259994,259994,15569821696,24,0.019294,16.476228,0.010106
1,1,9,"q9_case1",1144,668845720,720720,15572832256,24,0.019717,1.699183,0.010092
1,1,9,"q9_case1",1145,669433780,433780,15593803776,24,0.018173,34.126693,0.015020
1,1,9,"q9_case1",1146,669993949,618949,15602618368,24,0.019264,1.628401,0.015804
1,1,9,"q9_case1",1147,670580281,580281,15617298432,24,0.022102,14.729556,0.014624
1,1,9,"q9_case1",1148,671167776,167776,15640322048,24,0.016557,31.276941,0.014245
1,1,9,"q9_case1",1149,671741778,741778,15640322048,24,0.019034,0.091870,0.014453
1,1,9,"q9_case1",1150,672327184,327184,15663759360,24,0.016980,17.916834,0.014287
1,1,9,"q9_case1",1151,672913463,663463,15669817344,24,0.016387,6.664295,0.014258
1,1,9,"q9_case1",1152,673479789,479789,15686782976,24,0.019533,11.983934,0.013477
1,1,9,"q9_case1",1153,674065639,315639,15704477696,24,0.018153,33.289088,0.015341
1,1,9,"q9_case1",1154,674652687,652687,15710261248,24,0.019041,1.412866,0.014574
1,1,9,"q9_case1",1155,675237278,237278,15733313536,24,0.016924,16.340051,0.015690
1,1,9,"q9_case1",1156,675797655,797655,15733313536,24,0.016868,0.331731,0.009675
1,1,9,"q9_case1",1157,676383219,383219,15756648448,24,0.019752,33.086590,0.009820
1,1,9,"q9_case1",1158,676969518,657018,15763828736,24,0.019397,4.107928,0.014204
1,1,9,"q9_case1",1159,677545642,545642,15779688448,24,0.019424,16.614520,0.010751
1,1,9,"q9_case1",1160,678131538,194038,15801380864,24,0.016689,23.156928,0.014444
1,1,9,"q9_case1",1161,678715813,715813,15802712064,24,0.016230,1.120598,0.014774
1,1,9,"q9_case1",1162,679281257,281257,15826411520,24,0.021914,40.576906,0.014349
1,1,9,"q9_case1",1163,679867823,680323,15830663168,24,0.019972,1.910562,0.014547
1,1,9,"q9_case1",1164,680453830,453830,15849545728,24,0.019056,10.851703,0.014306
1,1,9,"q9_case1",1165,681027130,402130,15863984128,24,0.016808,21.705335,0.014102
1,1,9,"q9_case1",1166,681614057,614057,15872925696,24,0.018509,6.325521,0.013728
1,1,9,"q9_case1",1167,682187021,187021,15896326144,24,0.016294,19.628025,0.011437
1,1,9,"q9_case1",1168,682772883,772883,15896326144,24,0.018816,0.116428,0.011382
1,1,9,"q9_case1",1169,683358938,358938,15920168960,24,0.017786,30.060731,0.015732
1,1,9,"q9_case1",1170,683915470,665470,15926112256,24,0.017212,4.611750,0.014611
1,1,9,"q9_case1",1171,684501084,501084,15943593984,24,0.019361,17.126507,0.014401
1,1,9,"q9_case1",1172,685088024,275524,15962660864,24,0.019060,26.951100,0.012981
1,1,9,"q9_case1",1173,685661069,661069,15966707712,24,0.019137,1.329673,0.009849
1,1,9,"q9_case1",1174,686247758,247758,15990218752,24,0.019589,21.825720,0.014533
1,1,9,"q9_case1",1175,686833408,770908,15991783424,24,0.024189,1.240105,0.015229
1,1,9,"q9_case1",1176,687421243,421243,16013946880,24,0.019747,19.335490,0.016567
1,1,9,"q9_case1",1177,687994551,619551,16022298624,24,0.019561,1.758695,0.009657
1,1,9,"q9_case1",1178,688581669,581669,16037273600,24,0.018176,19.559431,0.014558
1,1,9,"q9_case1",1179,689167484,167484,16060948480,24,0.016877,29.812904,0.014044
1,1,9,"q9_case1",1180,689754180,754180,16060948480,24,0.020565,0.074579,0.013728
1,1,9,"q9_case1",1181,690327434,327434,16084107264,24,0.019930,26.413218,0.014503
1,1,9,"q9_case1",1182,690914272,664272,16089907200,24,0.017954,5.832541,0.014384
1,1,9,"q9_case1",1183,691499878,499878,16107061248,24,0.019679,13.839968,0.015789
1,1,9,"q9_case1",1184,692087733,337733,16124874752,24,0.016054,24.260351,0.010377
1,1,9,"q9_case1",1185,692676022,676022,16130777088,24,0.019225,1.413966,0.014955
1,1,9,"q9_case1",1186,693264231,264231,16154390528,24,0.019291,30.821090,0.014596
1,1,9,"q9_case1",1187,693852365,789865,16155820032,24,0.019199,1.307592,0.011082
1,1,9,"q9_case1",1188,694440485,440485,16177422336,24,0.019453,12.359429,0.015072
1,1,9,"q9_case1",1189,695028522,403522,16191737856,24,0.020390,24.110156,0.023149
1,1,9,"q9_case1",1190,695616542,616542,16200105984,24,0.018123,8.374413,0.015185
1,1,9,"q9_case1",1191,696204418,204418,16223113216,24,0.018989,29.830347,0.010658
1,1,9,"q9_case1",1192,696792349,792349,16223113216,24,0.019970,0.218367,0.011486
1,1,9,"q9_case1",1193,697379970,379970,16246329344,24,0.016690,27.528796,0.012033
1,1,9,"q9_case1",1194,697967518,655018,16253763584,24,0.018282,4.272867,0.014050
1,1,9,"q9_case1",1195,698555047,555047,16269918208,24,0.018548,14.171650,0.015705
1,1,9,"q9_case1",1196,699142524,205024,16291979264,24,0.024718,19.836788,0.015405
1,1,9,"q9_case1",1197,699729985,729985,16293593088,24,0.019601,1.165374,0.015147
1,1,9,"q9_case1",1198,700317385,317385,16316870656,24,0.020344,38.801616,0.015425
1,1,9,"q9_case1",1199,700904746,717246,16321105920,24,0.018290,1.352331,0.015120
1,1,9,"q9_case1",1200,701492304,492304,16339984384,24,0.019475,14.315743,0.015190
1,1,9,"q9_case1",1201,702079767,329767,16357847040,24,0.016927,32.786744,0.015074
1,1,9,"q9_case1",1202,702667144,667144,16363855872,24,0.018189,4.988742,0.010404
1,1,9,"q9_case1",1203,703254612,254612,16387203072,24,0.018321,14.350772,0.018552
1,1,9,"q9_case1",1204,703842039,779539,16388575232,24,0.019431,1.111895,0.015088
1,1,9,"q9_case1",1205,704429473,429473,16410583040,24,0.018615,34.423040,0.015434
1,1,9,"q9_case1",1206,705017012,517012,16422072320,24,0.019397,10.051500,0.015120
1,1,9,"q9_case1",1207,705604429,604429,16433590272,24,0.020269,7.199910,0.015238
1,1,9,"q9_case1",1208,706191694,191694,16456523776,24,0.019392,34.054571,0.015042
1,1,9,"q9_case1",1209,706778947,778947,16456523776,24,0.019531,0.229858,0.015071
1,1,9,"q9_case1",1210,707366157,366157,16479571968,24,0.019531,15.293306,0.016344
1,1,9,"q9_case1",1211,707953377,640877,16486854656,24,0.019047,15.562586,0.012560
1,1,9,"q9_case1",1212,708539284,539284,16503181312,24,0.018146,14.468971,0.013398
1,1,9,"q9_case1",1213,709119997,182497,16524963840,24,0.019355,20.891540,0.009980
1,1,9,"q9_case1",1214,709706742,706742,16526327808,24,0.020103,1.181988,0.014527
1,1,9,"q9_case1",1215,710288329,288329,16549277696,24,0.019381,36.444687,0.017279
1,1,9,"q9_case1",1216,710873231,748231,16552222720,24,0.017107,1.408890,0.015376
1,1,9,"q9_case1",1217,711441293,441293,16573128704,24,0.019896,22.807044,0.016795
1,1,9,"q9_case1",1218,712027164,464664,16586153984,24,0.019332,14.111912,0.014516
1,1,9,"q9_case1",1219,712613349,613349,16596574208,24,0.016691,6.606093,0.014148
1,1,9,"q9_case1",1220,713190422,190422,16620134400,24,0.018158,19.339931,0.014032
1,1,9,"q9_case1",1221,713775414,775414,16620134400,24,0.018349,0.210714,0.014105
1,1,9,"q9_case1",1222,714358851,358851,16642760704,24,0.020123,35.834673,0.014141
1,1,9,"q9_case1",1223,714920293,670293,16648531968,24,0.018491,2.503441,0.014477
1,1,9,"q9_case1",1224,715501968,501968,16665747456,24,0.020067,11.409319,0.015262
1,1,9,"q9_case1",1225,716089533,277033,16684855296,24,0.016710,37.691070,0.014352
1,1,9,"q9_case1",1226,716653592,653592,16689188864,24,0.019273,1.380205,0.013580
1,1,9,"q9_case1",1227,717230914,230914,16712581120,24,0.019236,22.116882,0.014351
1,1,9,"q9_case1",1228,717818418,755918,16713940992,24,0.019176,1.275021,0.013585
1,1,9,"q9_case1",1229,718380584,380584,16736006144,24,0.019015,28.364799,0.013315
1,1,9,"q9_case1",1230,718965154,652654,16743231488,24,0.017076,1.483652,0.014596
1,1,9,"q9_case1",1231,719552907,552907,16758968320,24,0.019333,17.380026,0.013932
1,1,9,"q9_case1",1232,720116673,241673,16779436032,24,0.019828,32.694221,0.013869
1,1,9,"q9_case1",1233,720699890,699890,16782331904,24,0.019066,1.430726,0.014571
1,1,9,"q9_case1",1234,721287468,287468,16805941248,24,0.019530,15.952092,0.018059
1,1,9,"q9_case1",1235,721876069,751069,16808943616,24,0.019353,6.009147,0.014943
1,1,9,"q9_case1",1236,722461370,461370,16828682240,24,0.019414,30.522547,0.014210
1,1,9,"q9_case1",1237,723049857,299857,16845979648,24,0.017695,15.777735,0.014197
1,1,9,"q9_case1",1238,723636348,636348,16851509248,24,0.017893,5.755815,0.014736
1,1,9,"q9_case1",1239,724224573,224573,16874852352,24,0.019444,22.755424,0.013853
1,1,9,"q9_case1",1240,724811156,811156,16874852352,24,0.019833,0.107064,0.010049
1,1,9,"q9_case1",1241,725399401,399401,16898609152,24,0.017733,27.739010,0.014443
1,1,9,"q9_case1",1242,725982915,670415,16905879552,24,0.019288,4.038924,0.020758
1,1,9,"q9_case1",1243,726570690,570690,16922210304,24,0.020457,26.261647,0.014292
1,1,9,"q9_case1",1244,727156972,219472,16943808512,24,0.020097,16.880169,0.010718
1,1,9,"q9_case1",1245,727737798,737798,16945377280,24,0.019337,1.174867,0.014595
1,1,9,"q9_case1",1246,728324859,324859,16968990720,24,0.017806,32.626612,0.014352
1,1,9,"q9_case1",1247,728908655,721155,16973410304,24,0.016272,4.740936,0.014649
1,1,9,"q9_case1",1248,729496328,496328,16992722944,24,0.019091,20.744324,0.014296
1,1,9,"q9_case1",1249,730080034,330034,17009721344,24,0.019632,5.541139,0.014805
1,1,9,"q9_case1",1250,730667701,667701,17015545856,24,0.018926,18.238081,0.010451
1,1,9,"q9_case1",1251,731240461,240461,17038929920,24,0.019470,22.548319,0.014297
1,1,9,"q9_case1",1252,731827258,764758,17040515072,24,0.016087,3.379916,0.014878
1,1,9,"q9_case1",1253,732414534,414534,17062305792,24,0.017776,27.168544,0.010225
1,1,9,"q9_case1",1254,732995306,682806,17069572096,24,0.019720,4.032028,0.014585
1,1,9,"q9_case1",1255,733582313,582313,17085526016,24,0.019007,11.963642,0.015111
1,1,9,"q9_case1",1256,734170433,232933,17107271680,24,0.019571,37.980574,0.014889
1,1,9,"q9_case1",1257,734758654,758654,17108787200,24,0.019337,1.195252,0.015260
1,1,9,"q9_case1",1258,735346841,346841,17132199936,24,0.016591,13.616167,0.015150
1,1,9,"q9_case1",1259,735934978,622478,17139257344,24,0.019901,11.561695,0.024878
1,1,9,"q9_case1",1260,736523074,523074,17155866624,24,0.019169,15.829841,0.015126
1,1,9,"q9_case1",1261,737111055,298555,17174863872,24,0.019306,20.719638,0.010018
1,1,9,"q9_case1",1262,737699009,699009,17179340800,24,0.019659,3.604688,0.013837
1,1,9,"q9_case1",1263,738286108,286108,17203208192,24,0.017948,19.635443,0.014493
1,1,9,"q9_case1",1264,738869013,744013,17206431744,24,0.019004,8.342585,0.017374
1,1,9,"q9_case1",1265,739456323,456323,17227091968,24,0.019428,26.548067,0.014522
1,1,9,"q9_case1",1266,740040576,353076,17243709440,24,0.019033,13.366268,0.021727
1,1,9,"q9_case1",1267,740626276,626276,17251266560,24,0.019710,15.189243,0.013960
1,1,9,"q9_case1",1268,741201315,201315,17274855424,24,0.016272,20.954114,0.009620
1,1,9,"q9_case1",1269,741785316,785316,17274855424,24,0.019682,0.193986,0.014309
1,1,9,"q9_case1",1270,742370523,370523,17298415616,24,0.018503,19.107974,0.014524
1,1,9,"q9_case1",1271,742958386,645886,17305686016,24,0.019287,18.360613,0.012157
1,1,9,"q9_case1",1272,743542529,542529,17322086400,24,0.017897,14.951497,0.010055
1,1,9,"q9_case1",1273,744130442,255442,17343070208,24,0.019397,28.312279,0.020924
1,1,9,"q9_case1",1274,744718913,718913,17345945600,24,0.017914,2.084722,0.014403
1,1,9,"q9_case1",1275,745303104,303104,17369325568,24,0.019216,13.586842,0.014524
1,1,9,"q9_case1",1276,745890742,703242,17373634560,24,0.017968,1.738268,0.014491
1,1,9,"q9_case1",1277,746477426,477426,17392316416,24,0.019503,43.782656,0.014309
1,1,9,"q9_case1",1278,747061391,311391,17410134016,24,0.019574,5.921385,0.014464
1,1,9,"q9_case1",1279,747648657,648657,17415909376,24,0.019255,12.269845,0.012262
1,1,9,"q9_case1",1280,748236300,236300,17438650368,24,0.018642,26.009950,0.017994
1,1,9,"q9_case1",1281,748821394,758894,17440059392,24,0.019784,1.860834,0.016383
1,1,9,"q9_case1",1282,749409570,409570,17461514240,24,0.019976,20.200086,0.014172
1,1,9,"q9_case1",1283,749994901,682401,17468760064,24,0.019045,2.375198,0.014800
1,1,9,"q9_case1",1284,750583073,583073,17484722176,24,0.016338,20.060719,0.014590
1,1,9,"q9_case1",1285,751169556,232056,17506553856,24,0.016144,29.302187,0.014275
1,1,9,"q9_case1",1286,751748426,748426,17508028416,24,0.019567,3.514385,0.014511
1,1,9,"q9_case1",1287,752323713,323713,17531371520,24,0.021590,25.359846,0.011262
1,1,9,"q9_case1",1288,752905757,655757,17537318912,24,0.019083,1.634310,0.016055
1,1,9,"q9_case1",1289,753491121,491121,17554837504,24,0.020943,21.418923,0.010965
1,1,9,"q9_case1",1290,754077414,327414,17572167680,24,0.019251,20.355962,0.014176
1,1,9,"q9_case1",1291,754645048,645048,17578053632,24,0.019566,1.894580,0.014052
1,1,9,"q9_case1",1292,755218138,218138,17601110016,24,0.019542,22.774358,0.014066
1,1,9,"q9_case1",1293,755804829,742329,17602514944,24,0.017681,2.919751,0.014245
1,1,9,"q9_case1",1294,756377581,377581,17624756224,24,0.019119,11.088827,0.015383
1,1,9,"q9_case1",1295,756959739,647239,17631805440,24,0.019282,12.065001,0.016288
1,1,9,"q9_case1",1296,757544571,544571,17647706112,24,0.020242,17.121466,0.013731
1,1,9,"q9_case1",1297,758113751,238751,17668014080,24,0.019381,26.478094,0.012515
1,1,9,"q9_case1",1298,758693660,693660,17670987776,24,0.018120,1.500765,0.013212
1,1,9,"q9_case1",1299,759278710,278710,17694482432,24,0.018423,31.827842,0.014708
1,1,9,"q9_case1",1300,759866645,741645,17697185792,24,0.016444,1.580868,0.014554
1,1,9,"q9_case1",1301,760437743,437743,17717727232,24,0.021025,26.128984,0.014689
1,1,9,"q9_case1",1302,761018191,518191,17729519616,24,0.016688,14.195080,0.014343
1,1,9,"q9_case1",1303,761603754,603754,17741455360,24,0.019390,9.331831,0.014669
1,1,9,"q9_case1",1304,762191792,191792,17764425728,24,0.019725,20.095751,0.009663
1,1,9,"q9_case1",1305,762763635,763635,17764425728,24,0.019955,0.094077,0.009715
1,1,9,"q9_case1",1306,763347229,347229,17787310080,24,0.019018,38.446095,0.013112
1,1,9,"q9_case1",1307,763933004,620504,17794473984,24,0.018668,3.773363,0.014135
1,1,9,"q9_case1",1308,764521127,521127,17810497536,24,0.018263,8.866408,0.015734
1,1,9,"q9_case1",1309,765093434,218434,17830924288,24,0.020611,30.726016,0.014131
1,1,9,"q9_case1",1310,765677338,677338,17833758720,24,0.016498,5.479416,0.014380
1,1,9,"q9_case1",1311,766262379,262379,17856409600,24,0.019569,29.809257,0.014708
1,1,9,"q9_case1",1312,766850361,725361,17859416064,24,0.016393,2.216012,0.011155
1,1,9,"q9_case1",1313,767438656,438656,17879916544,24,0.019929,18.154994,0.014497
1,1,9,"q9_case1",1314,768012040,512040,17891778560,24,0.019019,8.831719,0.013542
1,1,9,"q9_case1",1315,768584875,584875,17903427584,24,0.019423,15.059930,0.014182
1,1,9,"q9_case1",1316,769167672,230172,17925128192,24,0.019849,26.244524,0.017366
1,1,9,"q9_case1",1317,769752453,752453,17926529024,24,0.018954,1.218647,0.010167
1,1,9,"q9_case1",1318,770340236,340236,17949818880,24,0.018251,20.239799,0.013950
1,1,9,"q9_case1",1319,770914529,664529,17955495936,24,0.019766,13.389796,0.015428
1,1,9,"q9_case1",1320,771498118,498118,17972969472,24,0.020216,16.489869,0.014368
1,1,9,"q9_case1",1321,772083379,270879,17992249344,24,0.020118,21.147186,0.016456
1,1,9,"q9_case1",1322,772671645,671645,17996734464,24,0.019530,10.211315,0.014697
1,1,9,"q9_case1",1323,773254572,254572,18020220928,24,0.019648,18.563455,0.014594
1,1,9,"q9_case1",1324,773842286,717286,18023116800,24,0.019545,2.362501,0.014918
1,1,9,"q9_case1",1325,774430720,430720,18043695104,24,0.019354,28.216381,0.014642
1,1,9,"q9_case1",1326,775019225,519225,18055831552,24,0.016369,20.640415,0.016157
1,1,9,"q9_case1",1327,775602343,602343,18067369984,24,0.019307,1.974195,0.009788
1,1,9,"q9_case1",1328,776189514,189514,18090373120,24,0.017921,28.783791,0.014138
1,1,9,"q9_case1",1329,776777104,777104,18090373120,24,0.017756,0.227297,0.018231
1,1,9,"q9_case1",1330,777363704,363704,18113748992,24,0.017112,30.869933,0.015501
1,1,9,"q9_case1",1331,777942662,630162,18121281536,24,0.019733,3.303533,0.009941
1,1,9,"q9_case1",1332,778529111,529111,18137387008,24,0.019388,13.559085,0.009636
1,1,9,"q9_case1",1333,779103826,291326,18156584960,24,0.019741,37.332174,0.014199
1,1,9,"q9_case1",1334,779686730,686730,18160906240,24,0.020014,1.400712,0.014190
1,1,9,"q9_case1",1335,780262482,262482,18183856128,24,0.020995,15.618372,0.013518
1,1,9,"q9_case1",1336,780847718,722718,18186764288,24,0.018053,1.469732,0.014351
1,1,9,"q9_case1",1337,781429450,429450,18207326208,24,0.019443,22.458082,0.014424
1,1,9,"q9_case1",1338,782008215,508215,18219143168,24,0.016656,17.720266,0.021315
1,1,9,"q9_case1",1339,782583834,583834,18230644736,24,0.017769,22.336133,0.014257
1,1,9,"q9_case1",1340,783171155,233655,18252574720,24,0.019734,22.502544,0.009635
1,1,9,"q9_case1",1341,783746301,746301,18253889536,24,0.016904,1.323536,0.014357
1,1,9,"q9_case1",1342,784332786,332786,18276909056,24,0.019264,27.511160,0.014585
1,1,9,"q9_case1",1343,784906143,656143,18282815488,24,0.019161,4.457560,0.011653
1,1,9,"q9_case1",1344,785490434,490434,18300084224,24,0.019584,11.745446,0.014599
1,1,9,"q9_case1",1345,786070254,320254,18317426688,24,0.016789,24.357322,0.018919
1,1,9,"q9_case1",1346,786657402,657402,18323550208,24,0.019608,1.680503,0.014168
1,1,9,"q9_case1",1347,787236095,236095,18346524672,24,0.016896,34.714981,0.014101
1,1,9,"q9_case1",1348,787822958,760458,18347950080,24,0.018415,1.392652,0.014370
1,1,9,"q9_case1",1349,788397047,397047,18369667072,24,0.019632,19.524329,0.014255
1,1,9,"q9_case1",1350,788981248,543748,18380025856,24,0.019346,8.342172,0.014770
1,1,9,"q9_case1",1351,789558005,558005,18393325568,24,0.019564,19.020888,0.011516
1,1,9,"q9_case1",1352,790143735,206235,18415259648,24,0.019197,26.021534,0.019772
1,1,9,"q9_case1",1353,790719814,719814,18416738304,24,0.017969,1.321014,0.015131
1,1,9,"q9_case1",1354,791306074,306074,18439905280,24,0.019690,30.787667,0.009694
1,1,9,"q9_case1",1355,791879477,754477,18442817536,24,0.020158,1.546255,0.014292
1,1,9,"q9_case1",1356,792457500,457500,18463240192,24,0.019351,26.320442,0.012691
1,1,9,"q9_case1",1357,793033033,470533,18476253184,24,0.018479,5.163684,0.013906
1,1,9,"q9_case1",1358,793615227,615227,18486398976,24,0.019335,17.216908,0.014081
1,1,9,"q9_case1",1359,794188481,188481,18510196736,24,0.016716,25.605170,0.018752
1,1,9,"q9_case1",1360,794768978,768978,18510196736,24,0.017970,0.233037,0.014253
1,1,9,"q9_case1",1361,795351673,351673,18533167104,24,0.019468,28.075401,0.014315
1,1,9,"q9_case1",1362,795931097,618597,18540449792,24,0.020394,6.074421,0.014115
1,1,9,"q9_case1",1363,796509609,509609,18556436480,24,0.016818,16.293294,0.014130
1,1,9,"q9_case1",1364,797087540,275040,18574835712,24,0.017188,28.998414,0.014223
1,1,9,"q9_case1",1365,797666554,666554,18579263488,24,0.017756,5.325833,0.014270
1,1,9,"q9_case1",1366,798239756,239756,18602041344,24,0.019283,18.852687,0.018729
1,1,9,"q9_case1",1367,798818983,756483,18603429888,24,0.016737,1.540845,0.014460
1,1,9,"q9_case1",1368,799405215,405215,18625052672,24,0.016796,28.581398,0.014462
1,1,9,"q9_case1",1369,799992762,555262,18635313152,24,0.019390,2.094514,0.014488
1,1,9,"q9_case1",1370,800580336,580336,18648379392,24,0.017860,26.147045,0.014922
1,1,9,"q9_case1",1371,801166412,228912,18670518272,24,0.017188,17.571738,0.014876
1,1,9,"q9_case1",1372,801744351,744351,18671927296,24,0.016693,1.217637,0.014325
1,1,9,"q9_case1",1373,802330344,330344,18694934528,24,0.019262,24.714653,0.014085
1,1,9,"q9_case1",1374,802903608,716108,18699268096,24,0.019034,1.784952,0.017262
1,1,9,"q9_case1",1375,803479830,479830,18718412800,24,0.022421,26.080102,0.015284
1,1,9,"q9_case1",1376,804065884,378384,18734481408,24,0.017644,18.317495,0.012786
1,1,9,"q9_case1",1377,804646999,646999,18741813248,24,0.019754,12.690316,0.014160
1,1,9,"q9_case1",1378,805204821,204821,18764746752,24,0.019387,25.211884,0.013894
1,1,9,"q9_case1",1379,805784103,784103,18764746752,24,0.018311,0.107736,0.014322
1,1,9,"q9_case1",1380,806364686,364686,18788265984,24,0.018993,30.548825,0.016106
1,1,9,"q9_case1",1381,806950947,638447,18795679744,24,0.016553,2.080448,0.014565
1,1,9,"q9_case1",1382,807538712,538712,18811633664,24,0.019315,17.972484,0.014484
1,1,9,"q9_case1",1383,808119598,182098,18833580032,24,0.020243,23.936652,0.014192
1,1,9,"q9_case1",1384,808695934,695934,18835005440,24,0.017173,1.651889,0.013367
1,1,9,"q9_case1",1385,809276929,276929,18858541056,24,0.019185,36.781776,0.014577
1,1,9,"q9_case1",1386,809851888,726888,18861445120,24,0.018202,1.627235,0.014134
1,1,9,"q9_case1",1387,810427669,427669,18881810432,24,0.020453,24.589458,0.015151
1,1,9,"q9_case1",1388,810987919,550419,18892398592,24,0.019092,2.391980,0.013151
1,1,9,"q9_case1",1389,811567117,567117,18905505792,24,0.018630,20.805154,0.014239
1,1,9,"q9_case1",1390,812143242,205742,18927362048,24,0.019740,23.626239,0.013059
1,1,9,"q9_case1",1391,812724043,724043,18928758784,24,0.017233,1.998101,0.014155
1,1,9,"q9_case1",1392,813280896,280896,18951979008,24,0.019503,29.287785,0.015433
1,1,9,"q9_case1",1393,813857264,732264,18955026432,24,0.019069,1.654520,0.013186
1,1,9,"q9_case1",1394,814443821,443821,18975666176,24,0.017011,20.399453,0.014337
1,1,9,"q9_case1",1395,815021174,521174,18986864640,24,0.019303,18.525531,0.022087
1,1,9,"q9_case1",1396,815598788,598788,18998411264,24,0.017069,12.542774,0.014299
1,1,9,"q9_case1",1397,816182553,245053,19019927552,24,0.018010,32.197736,0.013924
1,1,9,"q9_case1",1398,816765507,765507,19021344768,24,0.017204,1.870518,0.010297
1,1,9,"q9_case1",1399,817343162,343162,19044839424,24,0.019510,30.058981,0.013120
1,1,9,"q9_case1",1400,817924548,612048,19051659264,24,0.019482,3.368422,0.014274
1,1,9,"q9_case1",1401,818502682,502682,19067400192,24,0.017515,21.224716,0.012790
1,1,9,"q9_case1",1402,819087773,275273,19086176256,24,0.018722,25.531046,0.021400
1,1,9,"q9_case1",1403,819675401,675401,19090657280,24,0.017595,2.118645,0.013506
1,1,9,"q9_case1",1404,820257596,257596,19113852928,24,0.019649,19.133258,0.014208
1,1,9,"q9_case1",1405,820835894,773394,19115393024,24,0.019226,11.830651,0.014217
1,1,9,"q9_case1",1406,821414524,414524,19136921600,24,0.019526,27.661298,0.014078
1,1,9,"q9_case1",1407,821992535,617535,19145854976,24,0.019518,2.477641,0.014752
1,1,9,"q9_case1",1408,822567289,567289,19160633344,24,0.016229,27.125133,0.009984
1,1,9,"q9_case1",1409,823146487,208987,19182047232,24,0.018854,26.048227,0.014570
1,1,9,"q9_case1",1410,823734405,734405,19183529984,24,0.020350,1.402174,0.014268
1,1,9,"q9_case1",1411,824313322,313322,19206971392,24,0.019453,29.949382,0.014445
1,1,9,"q9_case1",1412,824893322,705822,19211403264,24,0.019481,3.623408,0.011484
1,1,9,"q9_case1",1413,825472524,472524,19230240768,24,0.019091,22.113157,0.014517
1,1,9,"q9_case1",1414,826053959,428959,19244834816,24,0.018174,24.842962,0.014224
1,1,9,"q9_case1",1415,826631175,631175,19253886976,24,0.019205,1.821271,0.014259
1,1,9,"q9_case1",1416,827211753,211753,19277029376,24,0.016810,34.602492,0.018154
1,1,9,"q9_case1",1417,827790367,790367,19277029376,24,0.019384,0.235814,0.014179
1,1,9,"q9_case1",1418,828370643,370643,19301040128,24,0.019091,33.489913,0.012354
1,1,9,"q9_case1",1419,828951664,639164,19308212224,24,0.016698,7.912882,0.009845
1,1,9,"q9_case1",1420,829535958,535958,19323949056,24,0.018004,19.548445,0.014393
1,1,9,"q9_case1",1421,830118141,180641,19345567744,24,0.019219,37.492760,0.014580
1,1,9,"q9_case1",1422,830699661,699661,19346984960,24,0.018934,3.466376,0.014607
1,1,9,"q9_case1",1423,831282669,282669,19369918464,24,0.019661,27.101159,0.016794
1,1,9,"q9_case1",1424,831864498,676998,19374559232,24,0.020113,3.387761,0.016176
1,1,9,"q9_case1",1425,832452945,452945,19393675264,24,0.016417,21.240279,0.014325
1,1,9,"q9_case1",1426,833034358,471858,19406458880,24,0.017152,28.959785,0.013979
1,1,9,"q9_case1",1427,833619245,619245,19417059328,24,0.016018,3.581357,0.012392
1,1,9,"q9_case1",1428,834200018,200018,19440414720,24,0.019960,25.036124,0.014300
1,1,9,"q9_case1",1429,834762265,762265,19440414720,24,0.019573,0.362010,0.014217
1,1,9,"q9_case1",1430,835347749,347749,19463483392,24,0.018518,39.111467,0.015871
1,1,9,"q9_case1",1431,835929214,616714,19470856192,24,0.019649,9.029364,0.017582
1,1,9,"q9_case1",1432,836487178,487178,19486842880,24,0.016522,13.814904,0.014110
1,1,9,"q9_case1",1433,837072577,322577,19504746496,24,0.016177,35.287065,0.014426
1,1,9,"q9_case1",1434,837655750,655750,19510431744,24,0.019207,1.499379,0.014230
1,1,9,"q9_case1",1435,838237162,237162,19533414400,24,0.016383,27.198165,0.013131
1,1,9,"q9_case1",1436,838821814,759314,19534925824,24,0.018015,10.260460,0.014962
1,1,9,"q9_case1",1437,839405634,405634,19557195776,24,0.018721,22.951237,0.015183
1,1,9,"q9_case1",1438,839994367,556867,19567341568,24,0.018384,12.698267,0.011362
1,1,9,"q9_case1",1439,840579614,579614,19580862464,24,0.016772,16.408879,0.011696
1,1,9,"q9_case1",1440,841165108,227608,19603009536,24,0.019466,29.651590,0.014713
1,1,9,"q9_case1",1441,841753138,753138,19604307968,24,0.017188,3.156936,0.014560
1,1,9,"q9_case1",1442,842334962,334962,19627659264,24,0.016923,18.905551,0.013136
1,1,9,"q9_case1",1443,842920597,670597,19633221632,24,0.018229,6.626580,0.009850
1,1,9,"q9_case1",1444,843505747,505747,19650940928,24,0.017210,37.799894,0.015412
1,1,9,"q9_case1",1445,844087052,274552,19670028288,24,0.017986,15.631369,0.014211
1,1,9,"q9_case1",1446,844671599,671599,19674632192,24,0.017010,16.258456,0.016874
1,1,9,"q9_case1",1447,845254425,254425,19697917952,24,0.020742,11.798319,0.014379
1,1,9,"q9_case1",1448,845840257,715257,19700838400,24,0.016497,17.432828,0.014449
1,1,9,"q9_case1",1449,846425835,425835,19721232384,24,0.019760,19.242621,0.015436
1,1,9,"q9_case1",1450,847010351,510351,19732688896,24,0.016728,32.202443,0.017993
1,1,9,"q9_case1",1451,847593202,593202,19744235520,24,0.021436,12.252001,0.014566
1,1,9,"q9_case1",1452,848177939,177939,19767746560,24,0.019773,21.026135,0.014454
1,1,9,"q9_case1",1453,848763141,763141,19767746560,24,0.016535,0.283083,0.014573
1,1,9,"q9_case1",1454,849347677,347677,19791134720,24,0.017570,46.946303,0.014348
1,1,9,"q9_case1",1455,849934359,684359,19796905984,24,0.019757,5.860774,0.014718
1,1,9,"q9_case1",1456,850522726,522726,19814363136,24,0.019377,14.478704,0.014306
1,1,9,"q9_case1",1457,851104739,292239,19833438208,24,0.017741,28.046399,0.020052
1,1,9,"q9_case1",1458,851690271,690271,19837861888,24,0.019831,5.482296,0.014337
1,1,9,"q9_case1",1459,852274683,274683,19861176320,24,0.019228,36.331801,0.014659
1,1,9,"q9_case1",1460,852861699,736699,19864031232,24,0.016804,2.667351,0.014764
1,1,9,"q9_case1",1461,853449981,449981,19884294144,24,0.019011,29.396137,0.014566
1,1,9,"q9_case1",1462,854035427,472927,19897729024,24,0.016859,17.795570,0.021686
1,1,9,"q9_case1",1463,854619337,619337,19908108288,24,0.019175,2.172287,0.009760
1,1,9,"q9_case1",1464,855197323,197323,19931447296,24,0.018489,37.910617,0.014065
1,1,9,"q9_case1",1465,855783286,783286,19931447296,24,0.019372,0.080352,0.013544
1,1,9,"q9_case1",1466,856360565,360565,19954909184,24,0.019105,36.526271,0.014343
1,1,9,"q9_case1",1467,856944823,694823,19960569856,24,0.019675,2.245786,0.014045
1,1,9,"q9_case1",1468,857531526,531526,19978276864,24,0.018718,19.794006,0.014164
1,1,9,"q9_case1",1469,858118657,181157,20000157696,24,0.017225,27.807226,0.014587
1,1,9,"q9_case1",1470,858703263,703263,20001562624,24,0.018077,3.236489,0.009599
1,1,9,"q9_case1",1471,859286392,286392,20025192448,24,0.016580,30.926965,0.013584
1,1,9,"q9_case1",1472,859870302,745302,20028149760,24,0.016077,6.066343,0.014490
1,1,9,"q9_case1",1473,860456144,456144,20048338944,24,0.020957,38.234097,0.009830
1,1,9,"q9_case1",1474,861040582,478082,20061224960,24,0.016465,6.255155,0.021260
1,1,9,"q9_case1",1475,861608844,608844,20071206912,24,0.019695,14.003911,0.010172
1,1,9,"q9_case1",1476,862192976,192976,20094902272,24,0.017291,30.790164,0.016358
1,1,9,"q9_case1",1477,862780221,717721,20096413696,24,0.017878,1.938381,0.013949
1,1,9,"q9_case1",1478,863364182,364182,20118323200,24,0.017686,38.023256,0.014595
1,1,9,"q9_case1",1479,863951911,639411,20125601792,24,0.016865,2.286217,0.014471
1,1,9,"q9_case1",1480,864538634,538634,20141723648,24,0.017778,25.981325,0.014253
1,1,9,"q9_case1",1481,865124653,187153,20163514368,24,0.019439,34.167121,0.017441
1,1,9,"q9_case1",1482,865712326,712326,20164976640,24,0.019651,8.112293,0.015120
1,1,9,"q9_case1",1483,866297471,297471,20188770304,24,0.016706,18.322980,0.014370
1,1,9,"q9_case1",1484,866882688,757688,20191682560,24,0.017318,14.628055,0.013686
1,1,9,"q9_case1",1485,867467484,467484,20211687424,24,0.019212,19.908637,0.014393
1,1,9,"q9_case1",1486,868055389,492889,20224663552,24,0.019455,34.279419,0.014569
1,1,9,"q9_case1",1487,868643909,643909,20234510336,24,0.019808,2.208616,0.014017
1,1,9,"q9_case1",1488,869229260,229260,20257431552,24,0.019705,41.205627,0.017988
1,1,9,"q9_case1",1489,869814375,751875,20258967552,24,0.018378,3.940368,0.014583
1,1,9,"q9_case1",1490,870401039,401039,20280758272,24,0.019238,28.315272,0.014501
1,1,9,"q9_case1",1491,870989061,614061,20289531904,24,0.019446,10.121271,0.014694
1,1,9,"q9_case1",1492,871577576,577576,20303888384,24,0.019238,25.993777,0.014415
1,1,9,"q9_case1",1493,872166558,229058,20325654528,24,0.017155,26.952788,0.013708
1,1,9,"q9_case1",1494,872754119,754119,20327219200,24,0.018999,3.104240,0.014485
1,1,9,"q9_case1",1495,873340274,340274,20350730240,24,0.017930,42.629838,0.014882
1,1,9,"q9_case1",1496,873902763,715263,20355022848,24,0.017540,2.591281,0.015386
1,1,9,"q9_case1",1497,874489147,489147,20374114304,24,0.016728,33.399244,0.015275
1,1,9,"q9_case1",1498,875077920,390420,20390309888,24,0.017836,19.240573,0.011327
1,1,9,"q9_case1",1499,875664119,664119,20397539328,24,0.020761,9.831391,0.012792
1,1,9,"q9_case1",1500,876250145,250145,20421238784,24,0.017817,32.564429,0.014516
1,1,9,"q9_case1",1501,876838452,713452,20423987200,24,0.019172,14.385605,0.014714
1,1,9,"q9_case1",1502,877427250,427250,20444418048,24,0.019778,30.775488,0.016821
1,1,9,"q9_case1",1503,878015248,515248,20456009728,24,0.019817,12.274328,0.017281
1,1,9,"q9_case1",1504,878603224,603224,20467343360,24,0.019428,19.800981,0.014435
1,1,9,"q9_case1",1505,879190466,190466,20490170368,24,0.017408,27.587786,0.009923
1,1,9,"q9_case1",1506,879779094,716594,20491706368,24,0.018179,20.359174,0.014588
1,1,9,"q9_case1",1507,880364779,364779,20513693696,24,0.019155,25.595379,0.014537
1,1,9,"q9_case1",1508,880952718,640218,20520603648,24,0.017745,17.860861,0.014730
1,1,9,"q9_case1",1509,881540022,540022,20536717312,24,0.019212,24.648219,0.012748
1,1,9,"q9_case1",1510,882127987,190487,20558405632,24,0.018401,41.881809,0.019352
1,1,9,"q9_case1",1511,882716679,716679,20560039936,24,0.019571,2.424118,0.014910
1,1,9,"q9_case1",1512,883305393,305393,20583141376,24,0.018217,33.513302,0.010740
1,1,9,"q9_case1",1513,883894163,706663,20587487232,24,0.019915,11.901340,0.014401
1,1,9,"q9_case1",1514,884482780,482780,20606398464,24,0.018357,22.504583,0.014971
1,1,9,"q9_case1",1515,885071512,446512,20620791808,24,0.019134,30.607400,0.021119
1,1,9,"q9_case1",1516,885660279,660279,20629110784,24,0.020421,3.343075,0.014442
1,1,9,"q9_case1",1517,886248951,248951,20652285952,24,0.017573,52.388516,0.014790
1,1,9,"q9_case1",1518,886837511,712511,20655247360,24,0.016540,2.476508,0.011088
1,1,9,"q9_case1",1519,887426219,426219,20675780608,24,0.016537,35.044312,0.014944
1,1,9,"q9_case1",1520,888014946,514946,20687544320,24,0.019886,13.586655,0.014006
1,1,9,"q9_case1",1521,888603796,603796,20699500544,24,0.016960,31.395692,0.015421
1,1,9,"q9_case1",1522,889192704,192704,20723081216,24,0.019395,33.133289,0.011183
1,1,9,"q9_case1",1523,889781246,718746,20724551680,24,0.017210,15.287237,0.014796
1,1,9,"q9_case1",1524,890370071,370071,20746842112,24,0.019408,20.155240,0.011079
1,1,9,"q9_case1",1525,890958698,646198,20754251776,24,0.019507,13.855425,0.015014
1,1,9,"q9_case1",1526,891547590,547590,20770091008,24,0.017606,15.458745,0.014501
1,1,9,"q9_case1",1527,892136268,198768,20791848960,24,0.018014,48.455648,0.019438
1,1,9,"q9_case1",1528,892713779,713779,20793446400,24,0.016935,3.758298,0.014456
1,1,9,"q9_case1",1529,893301098,301098,20816302080,24,0.019119,49.020681,0.014766
1,1,9,"q9_case1",1530,893888875,701375,20820844544,24,0.016759,5.319301,0.014579
1,1,9,"q9_case1",1531,894475747,475747,20839895040,24,0.016815,32.804933,0.015414
1,1,9,"q9_case1",1532,895062556,437556,20854263808,24,0.019016,21.308111,0.013040
1,1,9,"q9_case1",1533,895650471,650471,20863307776,24,0.019267,3.715053,0.013326
1,1,9,"q9_case1",1534,896236899,236899,20887076864,24,0.018511,50.811605,0.014185
1,1,9,"q9_case1",1535,896819083,756583,20888580096,24,0.019013,2.851790,0.014379
1,1,9,"q9_case1",1536,897405212,405212,20910481408,24,0.019123,47.739935,0.015495
1,1,9,"q9_case1",1537,897992992,555492,20920872960,24,0.018560,18.701958,0.014599
1,1,9,"q9_case1",1538,898580613,580613,20933894144,24,0.019583,3.799040,0.014543
1,1,9,"q9_case1",1539,899168616,168616,20957130752,24,0.018948,58.684133,0.012044
1,1,9,"q9_case1",1540,899756907,756907,20957130752,24,0.016658,0.435965,0.014404
1,1,9,"q9_case1",1541,900343959,343959,20980633600,24,0.020611,34.602438,0.016921
1,1,9,"q9_case1",1542,900931576,681576,20986343424,24,0.016602,23.466054,0.014786
1,1,9,"q9_case1",1543,901518751,518751,21003886592,24,0.018129,28.084308,0.014615
1,1,9,"q9_case1",1544,902106506,294006,21022711808,24,0.019696,39.651008,0.010326
1,1,9,"q9_case1",1545,902693909,693909,21027102720,24,0.017429,13.788161,0.013877
1,1,9,"q9_case1",1546,903281628,281628,21050560512,24,0.017642,48.007956,0.010693
1,1,9,"q9_case1",1547,903868965,743965,21053562880,24,0.019461,3.260047,0.010669
1,1,9,"q9_case1",1548,904455358,455358,21073805312,24,0.018618,31.902079,0.015184
1,1,9,"q9_case1",1549,905043534,481034,21086863360,24,0.017007,48.581971,0.012049
1,1,9,"q9_case1",1550,905631771,631771,21097283584,24,0.018412,17.040647,0.009931
1,1,9,"q9_case1",1551,906220353,220353,21121060864,24,0.018592,22.418324,0.014671
1,1,9,"q9_case1",1552,906808511,746011,21122449408,24,0.017286,23.778061,0.014540
1,1,9,"q9_case1",1553,907396811,396811,21144403968,24,0.019901,51.332278,0.016157
1,1,9,"q9_case1",1554,907985551,548051,21154545664,24,0.019738,29.371919,0.014609
1,1,9,"q9_case1",1555,908573963,573963,21168001024,24,0.019981,34.277212,0.013707
1,1,9,"q9_case1",1556,909162085,162085,21191540736,24,0.017923,41.330361,0.014351
1,1,9,"q9_case1",1557,909747755,747755,21191540736,24,0.019669,0.584020,0.014382
1,1,9,"q9_case1",1558,909749195,0,21209214976,24,0.019261,0.007915,53.040972
