case_index,total_cases,dim,case_name,depth,max_depth,expanded,layer_candidates,retained,best_total_dist,best_misplaced,best_max_dist,elapsed_sec
1,2,9,"q9_case1",1,4608,2304,2304,256,2302,504,8,0.431404
1,2,9,"q9_case1",2,4608,591872,589568,256,2300,504,8,0.440186
1,2,9,"q9_case1",3,4608,1181199,589327,256,2298,504,8,0.447254
1,2,9,"q9_case1",4,4608,1770507,589308,256,2296,504,8,0.453954
1,2,9,"q9_case1",5,4608,2359860,589353,256,2294,504,8,0.460921
1,2,9,"q9_case1",6,4608,2949250,589390,256,2292,503,8,0.467621
1,2,9,"q9_case1",7,4608,3538635,589385,256,2290,503,8,0.474209
1,2,9,"q9_case1",8,4608,4128198,589563,256,2288,502,8,0.484033
1,2,9,"q9_case1",9,4608,4717526,589328,256,2286,502,8,0.490996
1,2,9,"q9_case1",10,4608,5307074,589548,256,2284,501,8,0.497696
1,2,9,"q9_case1",11,4608,5896400,589326,256,2282,501,8,0.504427
1,2,9,"q9_case1",12,4608,6485946,589546,256,2280,500,8,0.511249
1,2,9,"q9_case1",13,4608,7075272,589326,256,2278,500,8,0.517896
1,2,9,"q9_case1",14,4608,7664827,589555,256,2276,499,8,0.524725
1,2,9,"q9_case1",15,4608,8254151,589324,256,2274,499,8,0.531354
1,2,9,"q9_case1",16,4608,8843694,589543,256,2272,498,8,0.538270
1,2,9,"q9_case1",17,4608,9433015,589321,256,2270,498,8,0.545399
1,2,9,"q9_case1",18,4608,10022560,589545,256,2268,497,8,0.552315
1,2,9,"q9_case1",19,4608,10611883,589323,256,2266,497,8,0.559018
1,2,9,"q9_case1",20,4608,11201431,589548,256,2264,497,8,0.565889
1,2,9,"q9_case1",21,4608,11790755,589324,256,2262,497,8,0.572835
1,2,9,"q9_case1",22,4608,12380070,589315,256,2260,497,8,0.579682
1,2,9,"q9_case1",23,4608,12969405,589335,256,2258,497,8,0.586604
1,2,9,"q9_case1",24,4608,13558796,589391,256,2256,497,8,0.593312
1,2,9,"q9_case1",25,4608,14148216,589420,256,2254,497,8,0.600204
1,2,9,"q9_case1",26,4608,14737618,589402,256,2252,496,8,0.607122
1,2,9,"q9_case1",27,4608,15327041,589423,256,2250,496,8,0.613612
1,2,9,"q9_case1",28,4608,15916607,589566,256,2248,496,8,0.620388
1,2,9,"q9_case1",29,4608,16505939,589332,256,2246,496,8,0.627114
1,2,9,"q9_case1",30,4608,17095268,589329,256,2244,495,8,0.633980
1,2,9,"q9_case1",31,4608,17684611,589343,256,2242,494,8,0.640336
1,2,9,"q9_case1",32,4608,18274171,589560,256,2240,494,8,0.646885
1,2,9,"q9_case1",33,4608,18863600,589429,256,2238,494,8,0.655030
1,2,9,"q9_case1",34,4608,19452923,589323,256,2236,494,8,0.662026
1,2,9,"q9_case1",35,4608,20042227,589304,256,2234,493,8,0.668829
1,2,9,"q9_case1",36,4608,20631563,589336,256,2232,493,8,0.675396
1,2,9,"q9_case1",37,4608,21221128,589565,256,2230,493,8,0.682234
1,2,9,"q9_case1",38,4608,21810449,589321,256,2228,493,8,0.688980
1,2,9,"q9_case1",39,4608,22399771,589322,256,2226,493,8,0.695851
1,2,9,"q9_case1",40,4608,22989081,589310,256,2224,493,8,0.702639
1,2,9,"q9_case1",41,4608,23578497,589416,256,2222,493,8,0.709445
1,2,9,"q9_case1",42,4608,24167870,589373,256,2220,493,8,0.716266
1,2,9,"q9_case1",43,4608,24757227,589357,256,2218,493,8,0.723049
1,2,9,"q9_case1",44,4608,25346558,589331,256,2216,493,8,0.729945
1,2,9,"q9_case1",45,4608,25935871,589313,256,2214,493,8,0.736651
1,2,9,"q9_case1",46,4608,26525209,589338,256,2212,493,8,0.743439
1,2,9,"q9_case1",47,4608,27114511,589302,256,2210,493,8,0.750125
1,2,9,"q9_case1",48,4608,27703807,589296,256,2208,493,8,0.756846
1,2,9,"q9_case1",49,4608,28293104,589297,256,2206,493,8,0.763436
1,2,9,"q9_case1",50,4608,28882392,589288,256,2204,492,8,0.770096
1,2,9,"q9_case1",51,4608,29471691,589299,256,2202,492,8,0.776443
1,2,9,"q9_case1",52,4608,30061242,589551,256,2200,492,8,0.783189
1,2,9,"q9_case1",53,4608,30650563,589321,256,2198,492,8,0.790080
1,2,9,"q9_case1",54,4608,31239878,589315,256,2196,492,8,0.796822
1,2,9,"q9_case1",55,4608,31829206,589328,256,2194,492,8,0.803500
1,2,9,"q9_case1",56,4608,32418592,589386,256,2192,492,8,0.810305
1,2,9,"q9_case1",57,4608,33007939,589347,256,2190,491,8,0.817142
1,2,9,"q9_case1",58,4608,33597255,589316,256,2188,491,8,0.823530
1,2,9,"q9_case1",59,4608,34186819,589564,256,2186,491,8,0.830654
1,2,9,"q9_case1",60,4608,34776168,589349,256,2184,490,8,0.837465
1,2,9,"q9_case1",61,4608,35365476,589308,256,2182,490,8,0.843828
1,2,9,"q9_case1",62,4608,35955029,589553,256,2180,489,8,0.850533
1,2,9,"q9_case1",63,4608,36544375,589346,256,2178,489,8,0.857143
1,2,9,"q9_case1",64,4608,37133927,589552,256,2176,489,8,0.863963
1,2,9,"q9_case1",65,4608,37723268,589341,256,2174,489,8,0.873663
1,2,9,"q9_case1",66,4608,38312563,589295,256,2172,489,8,0.880789
1,2,9,"q9_case1",67,4608,38901861,589298,256,2170,488,8,0.887585
1,2,9,"q9_case1",68,4608,39491192,589331,256,2168,488,8,0.894170
1,2,9,"q9_case1",69,4608,40080750,589558,256,2166,487,8,0.901017
1,2,9,"q9_case1",70,4608,40670085,589335,256,2164,487,8,0.907653
1,2,9,"q9_case1",71,4608,41259631,589546,256,2162,486,8,0.914635
1,2,9,"q9_case1",72,4608,41848966,589335,256,2160,486,8,0.921355
1,2,9,"q9_case1",73,4608,42438514,589548,256,2158,486,8,0.928202
1,2,9,"q9_case1",74,4608,43027840,589326,256,2156,486,8,0.934899
1,2,9,"q9_case1",75,4608,43617173,589333,256,2154,486,8,0.941722
1,2,9,"q9_case1",76,4608,44206505,589332,256,2152,486,8,0.948462
1,2,9,"q9_case1",77,4608,44795838,589333,256,2150,485,8,0.955203
1,2,9,"q9_case1",78,4608,45385174,589336,256,2148,485,8,0.961727
1,2,9,"q9_case1",79,4608,45974735,589561,256,2146,484,8,0.968508
1,2,9,"q9_case1",80,4608,46564064,589329,256,2144,484,8,0.975108
1,2,9,"q9_case1",81,4608,47153612,589548,256,2142,484,8,0.981952
1,2,9,"q9_case1",82,4608,47742938,589326,256,2140,484,8,0.988781
1,2,9,"q9_case1",83,4608,48332237,589299,256,2138,484,8,0.995559
1,2,9,"q9_case1",84,4608,48921599,589362,256,2136,483,8,1.002327
1,2,9,"q9_case1",85,4608,49510955,589356,256,2134,483,8,1.008910
1,2,9,"q9_case1",86,4608,50100513,589558,256,2132,483,8,1.015820
1,2,9,"q9_case1",87,4608,50689833,589320,256,2130,483,8,1.022844
1,2,9,"q9_case1",88,4608,51279159,589326,256,2128,483,8,1.029594
1,2,9,"q9_case1",89,4608,51868450,589291,256,2126,482,8,1.036509
1,2,9,"q9_case1",90,4608,52457742,589292,256,2124,482,8,1.042961
1,2,9,"q9_case1",91,4608,53047292,589550,256,2122,482,8,1.049911
1,2,9,"q9_case1",92,4608,53636616,589324,256,2120,482,8,1.056805
1,2,9,"q9_case1",93,4608,54225941,589325,256,2118,482,8,1.063614
1,2,9,"q9_case1",94,4608,54815267,589326,256,2116,482,8,1.070512
1,2,9,"q9_case1",95,4608,55404590,589323,256,2114,482,8,1.077396
1,2,9,"q9_case1",96,4608,55993918,589328,256,2112,482,8,1.084216
1,2,9,"q9_case1",97,4608,56583248,589330,256,2110,482,8,1.091083
1,2,9,"q9_case1",98,4608,57172561,589313,256,2108,482,8,1.097953
1,2,9,"q9_case1",99,4608,57761858,589297,256,2106,482,8,1.104787
1,2,9,"q9_case1",100,4608,58351143,589285,256,2104,482,8,1.111702
1,2,9,"q9_case1",101,4608,58940418,589275,256,2102,482,8,1.118770
1,2,9,"q9_case1",102,4608,59529669,589251,256,2100,482,8,1.125708
1,2,9,"q9_case1",103,4608,60118940,589271,256,2098,482,8,1.132652
1,2,9,"q9_case1",104,4608,60708194,589254,256,2096,481,8,1.139457
1,2,9,"q9_case1",105,4608,61297471,589277,256,2094,481,8,1.146089
1,2,9,"q9_case1",106,4608,61887029,589558,256,2092,481,8,1.153001
1,2,9,"q9_case1",107,4608,62476355,589326,256,2090,481,8,1.160045
1,2,9,"q9_case1",108,4608,63065587,589232,256,2088,481,8,1.166922
1,2,9,"q9_case1",109,4608,63654855,589268,256,2086,481,8,1.174007
1,2,9,"q9_case1",110,4608,64244158,589303,256,2084,480,8,1.181040
1,2,9,"q9_case1",111,4608,64833465,589307,256,2082,480,8,1.187718
1,2,9,"q9_case1",112,4608,65423027,589562,256,2080,479,8,1.194802
1,2,9,"q9_case1",113,4608,66012352,589325,256,2078,479,8,1.201683
1,2,9,"q9_case1",114,4608,66601900,589548,256,2076,479,8,1.208792
1,2,9,"q9_case1",115,4608,67191227,589327,256,2074,479,8,1.215897
1,2,9,"q9_case1",116,4608,67780559,589332,256,2072,479,8,1.222953
1,2,9,"q9_case1",117,4608,68369915,589356,256,2070,479,8,1.229710
1,2,9,"q9_case1",118,4608,68959238,589323,256,2068,479,8,1.236783
1,2,9,"q9_case1",119,4608,69548553,589315,256,2066,479,8,1.243739
1,2,9,"q9_case1",120,4608,70137866,589313,256,2064,479,8,1.250919
1,2,9,"q9_case1",121,4608,70727202,589336,256,2062,479,8,1.258253
1,2,9,"q9_case1",122,4608,71316519,589317,256,2060,479,8,1.265474
1,2,9,"q9_case1",123,4608,71905834,589315,256,2058,479,8,1.272685
1,2,9,"q9_case1",124,4608,72495131,589297,256,2056,479,8,1.279974
1,2,9,"q9_case1",125,4608,73084406,589275,256,2054,479,8,1.287324
1,2,9,"q9_case1",126,4608,73673665,589259,256,2052,479,8,1.294260
1,2,9,"q9_case1",127,4608,74262937,589272,256,2050,478,8,1.301496
1,2,9,"q9_case1",128,4608,74852224,589287,256,2048,478,8,1.308538
1,2,9,"q9_case1",129,4608,75441785,589561,256,2046,476,8,1.323179
1,2,9,"q9_case1",130,4608,76031113,589328,256,2044,476,8,1.330113
1,2,9,"q9_case1",131,4608,76620666,589553,256,2042,474,8,1.337353
1,2,9,"q9_case1",132,4608,77209993,589327,256,2040,474,8,1.344088
1,2,9,"q9_case1",133,4608,77799549,589556,256,2038,472,8,1.351276
1,2,9,"q9_case1",134,4608,78388878,589329,256,2036,472,8,1.357812
1,2,9,"q9_case1",135,4608,78978433,589555,256,2034,470,8,1.365117
1,2,9,"q9_case1",136,4608,79567763,589330,256,2032,470,8,1.371743
1,2,9,"q9_case1",137,4608,80157318,589555,256,2030,469,8,1.378938
1,2,9,"q9_case1",138,4608,80746647,589329,256,2028,468,8,1.385560
1,2,9,"q9_case1",139,4608,81336198,589551,256,2026,468,8,1.392605
1,2,9,"q9_case1",140,4608,81925620,589422,256,2024,467,8,1.399792
1,2,9,"q9_case1",141,4608,82514944,589324,256,2022,467,8,1.406802
1,2,9,"q9_case1",142,4608,83104491,589547,256,2020,467,8,1.413862
1,2,9,"q9_case1",143,4608,83693824,589333,256,2018,467,8,1.421074
1,2,9,"q9_case1",144,4608,84283161,589337,256,2016,467,8,1.428257
1,2,9,"q9_case1",145,4608,84872460,589299,256,2014,467,8,1.435448
1,2,9,"q9_case1",146,4608,85461815,589355,256,2012,467,8,1.442763
1,2,9,"q9_case1",147,4608,86051177,589362,256,2010,467,8,1.449720
1,2,9,"q9_case1",148,4608,86640527,589350,256,2008,467,8,1.456751
1,2,9,"q9_case1",149,4608,87229849,589322,256,2006,467,8,1.463955
1,2,9,"q9_case1",150,4608,87819150,589301,256,2004,467,8,1.471287
1,2,9,"q9_case1",151,4608,88408474,589324,256,2002,467,8,1.478466
1,2,9,"q9_case1",152,4608,88997772,589298,256,2000,467,8,1.485647
1,2,9,"q9_case1",153,4608,89587083,589311,256,1998,467,8,1.492531
1,2,9,"q9_case1",154,4608,90176379,589296,256,1996,467,8,1.499394
1,2,9,"q9_case1",155,4608,90765653,589274,256,1994,467,8,1.506261
1,2,9,"q9_case1",156,4608,91354888,589235,256,1992,467,8,1.513183
1,2,9,"q9_case1",157,4608,91944117,589229,256,1990,467,8,1.520109
1,2,9,"q9_case1",158,4608,92533367,589250,256,1988,467,8,1.526978
1,2,9,"q9_case1",159,4608,93122629,589262,256,1986,467,8,1.533890
1,2,9,"q9_case1",160,4608,93711916,589287,256,1984,467,8,1.540716
1,2,9,"q9_case1",161,4608,94301213,589297,256,1982,466,8,1.547492
1,2,9,"q9_case1",162,4608,94890514,589301,256,1980,466,8,1.553785
1,2,9,"q9_case1",163,4608,95480064,589550,256,1978,465,8,1.560677
1,2,9,"q9_case1",164,4608,96069373,589309,256,1976,465,8,1.566627
1,2,9,"q9_case1",165,4608,96658922,589549,256,1974,464,8,1.573435
1,2,9,"q9_case1",166,4608,97248228,589306,256,1972,464,8,1.580065
1,2,9,"q9_case1",167,4608,97837772,589544,256,1970,463,8,1.586920
1,2,9,"q9_case1",168,4608,98427101,589329,256,1968,463,8,1.593484
1,2,9,"q9_case1",169,4608,99016649,589548,256,1966,463,8,1.600354
1,2,9,"q9_case1",170,4608,99605989,589340,256,1964,462,8,1.607322
1,2,9,"q9_case1",171,4608,100195338,589349,256,1962,462,8,1.613876
1,2,9,"q9_case1",172,4608,100784892,589554,256,1960,462,8,1.620735
1,2,9,"q9_case1",173,4608,101374231,589339,256,1958,462,8,1.627693
1,2,9,"q9_case1",174,4608,101963582,589351,256,1956,462,8,1.634707
1,2,9,"q9_case1",175,4608,102552923,589341,256,1954,462,8,1.641587
1,2,9,"q9_case1",176,4608,103142345,589422,256,1952,462,8,1.648456
1,2,9,"q9_case1",177,4608,103731727,589382,256,1950,462,8,1.655512
1,2,9,"q9_case1",178,4608,104321019,589292,256,1948,462,8,1.662304
1,2,9,"q9_case1",179,4608,104910255,589236,256,1946,462,8,1.669135
1,2,9,"q9_case1",180,4608,105499490,589235,256,1944,462,8,1.676001
1,2,9,"q9_case1",181,4608,106088733,589243,256,1942,462,8,1.682975
1,2,9,"q9_case1",182,4608,106678004,589271,256,1940,462,8,1.689818
1,2,9,"q9_case1",183,4608,107267260,589256,256,1938,462,8,1.696850
1,2,9,"q9_case1",184,4608,107856486,589226,256,1936,462,8,1.703658
1,2,9,"q9_case1",185,4608,108445738,589252,256,1934,462,8,1.710517
1,2,9,"q9_case1",186,4608,109035018,589280,256,1932,462,8,1.717461
1,2,9,"q9_case1",187,4608,109624324,589306,256,1930,462,8,1.724266
1,2,9,"q9_case1",188,4608,110213652,589328,256,1928,462,8,1.731143
1,2,9,"q9_case1",189,4608,110802986,589334,256,1926,462,8,1.738140
1,2,9,"q9_case1",190,4608,111392316,589330,256,1924,462,8,1.744967
1,2,9,"q9_case1",191,4608,111981635,589319,256,1922,462,8,1.751979
1,2,9,"q9_case1",192,4608,112570944,589309,256,1920,461,8,1.758869
1,2,9,"q9_case1",193,4608,113160240,589296,256,1918,461,8,1.765560
1,2,9,"q9_case1",194,4608,113749804,589564,256,1916,459,8,1.772717
1,2,9,"q9_case1",195,4608,114339136,589332,256,1914,459,8,1.779138
1,2,9,"q9_case1",196,4608,114928689,589553,256,1912,457,8,1.786101
1,2,9,"q9_case1",197,4608,115518021,589332,256,1910,457,8,1.792510
1,2,9,"q9_case1",198,4608,116107581,589560,256,1908,456,8,1.799361
1,2,9,"q9_case1",199,4608,116696912,589331,256,1906,456,8,1.805647
1,2,9,"q9_case1",200,4608,117286457,589545,256,1904,455,8,1.812511
1,2,9,"q9_case1",201,4608,117875787,589330,256,1902,455,8,1.818894
1,2,9,"q9_case1",202,4608,118465336,589549,256,1900,453,8,1.825765
1,2,9,"q9_case1",203,4608,119054669,589333,256,1898,451,8,1.832542
1,2,9,"q9_case1",204,4608,119644220,589551,256,1896,451,8,1.839381
1,2,9,"q9_case1",205,4608,120233534,589314,256,1894,450,8,1.846413
1,2,9,"q9_case1",206,4608,120822854,589320,256,1892,450,8,1.852968
1,2,9,"q9_case1",207,4608,121412410,589556,256,1890,450,8,1.859968
1,2,9,"q9_case1",208,4608,122001737,589327,256,1888,450,8,1.866921
1,2,9,"q9_case1",209,4608,122591025,589288,256,1886,450,8,1.874055
1,2,9,"q9_case1",210,4608,123180363,589338,256,1884,450,8,1.881283
1,2,9,"q9_case1",211,4608,123769679,589316,256,1882,450,8,1.888699
1,2,9,"q9_case1",212,4608,124359027,589348,256,1880,450,8,1.896050
1,2,9,"q9_case1",213,4608,124948333,589306,256,1878,450,8,1.902965
1,2,9,"q9_case1",214,4608,125537664,589331,256,1876,450,8,1.909957
1,2,9,"q9_case1",215,4608,126126992,589328,256,1874,450,8,1.916791
1,2,9,"q9_case1",216,4608,126716236,589244,256,1872,450,8,1.923581
1,2,9,"q9_case1",217,4608,127305486,589250,256,1870,450,8,1.930330
1,2,9,"q9_case1",218,4608,127894759,589273,256,1868,450,8,1.937166
1,2,9,"q9_case1",219,4608,128484058,589299,256,1866,450,8,1.943944
1,2,9,"q9_case1",220,4608,129073385,589327,256,1864,450,8,1.950712
1,2,9,"q9_case1",221,4608,129662701,589316,256,1862,450,8,1.957538
1,2,9,"q9_case1",222,4608,130251976,589275,256,1860,450,8,1.964237
1,2,9,"q9_case1",223,4608,130841200,589224,256,1858,450,8,1.970916
1,2,9,"q9_case1",224,4608,131430432,589232,256,1856,450,8,1.977654
1,2,9,"q9_case1",225,4608,132019698,589266,256,1854,449,8,1.984412
1,2,9,"q9_case1",226,4608,132608957,589259,256,1852,449,8,1.990845
1,2,9,"q9_case1",227,4608,133198517,589560,256,1850,448,8,1.997817
1,2,9,"q9_case1",228,4608,133787868,589351,256,1848,448,8,2.003774
1,2,9,"q9_case1",229,4608,134377423,589555,256,1846,447,8,2.010574
1,2,9,"q9_case1",230,4608,134966779,589356,256,1844,447,8,2.016676
1,2,9,"q9_case1",231,4608,135556328,589549,256,1842,446,8,2.023552
1,2,9,"q9_case1",232,4608,136145694,589366,256,1840,446,8,2.029912
1,2,9,"q9_case1",233,4608,136735244,589550,256,1838,445,8,2.036870
1,2,9,"q9_case1",234,4608,137324604,589360,256,1836,445,8,2.043548
1,2,9,"q9_case1",235,4608,137914153,589549,256,1834,444,8,2.050416
1,2,9,"q9_case1",236,4608,138503487,589334,256,1832,444,8,2.056933
1,2,9,"q9_case1",237,4608,139093038,589551,256,1830,443,8,2.063752
1,2,9,"q9_case1",238,4608,139682389,589351,256,1828,443,8,2.070280
1,2,9,"q9_case1",239,4608,140271947,589558,256,1826,442,8,2.077132
1,2,9,"q9_case1",240,4608,140861289,589342,256,1824,442,8,2.083754
1,2,9,"q9_case1",241,4608,141450843,589554,256,1822,441,8,2.090640
1,2,9,"q9_case1",242,4608,142040180,589337,256,1820,441,8,2.097197
1,2,9,"q9_case1",243,4608,142629737,589557,256,1818,441,8,2.104011
1,2,9,"q9_case1",244,4608,143219078,589341,256,1816,441,8,2.110810
1,2,9,"q9_case1",245,4608,143808384,589306,256,1814,441,8,2.117740
1,2,9,"q9_case1",246,4608,144397719,589335,256,1812,441,8,2.124757
1,2,9,"q9_case1",247,4608,144987097,589378,256,1810,441,8,2.131936
1,2,9,"q9_case1",248,4608,145576457,589360,256,1808,440,8,2.138831
1,2,9,"q9_case1",249,4608,146165789,589332,256,1806,439,8,2.145283
1,2,9,"q9_case1",250,4608,146755346,589557,256,1804,438,8,2.151826
1,2,9,"q9_case1",251,4608,147344655,589309,256,1802,438,8,2.158490
1,2,9,"q9_case1",252,4608,147934041,589386,256,1800,437,8,2.165381
1,2,9,"q9_case1",253,4608,148523365,589324,256,1798,436,8,2.172069
1,2,9,"q9_case1",254,4608,149112921,589556,256,1796,436,8,2.178876
1,2,9,"q9_case1",255,4608,149702347,589426,256,1794,435,8,2.185829
1,2,9,"q9_case1",256,4608,150291677,589330,256,1792,435,8,2.192553
1,2,9,"q9_case1",257,4608,150881222,589545,256,1790,435,8,2.214284
1,2,9,"q9_case1",258,4608,151470551,589329,256,1788,434,8,2.221472
1,2,9,"q9_case1",259,4608,152059879,589328,256,1786,434,8,2.228400
1,2,9,"q9_case1",260,4608,152649431,589552,256,1784,434,8,2.235433
1,2,9,"q9_case1",261,4608,153238764,589333,256,1782,433,8,2.242703
1,2,9,"q9_case1",262,4608,153828159,589395,256,1780,433,8,2.249540
1,2,9,"q9_case1",263,4608,154417715,589556,256,1778,433,8,2.256693
1,2,9,"q9_case1",264,4608,155007045,589330,256,1776,433,8,2.263680
1,2,9,"q9_case1",265,4608,155596435,589390,256,1774,432,8,2.270709
1,2,9,"q9_case1",266,4608,156185818,589383,256,1772,432,8,2.277653
1,2,9,"q9_case1",267,4608,156775368,589550,256,1770,432,8,2.284630
1,2,9,"q9_case1",268,4608,157364696,589328,256,1768,432,8,2.291591
1,2,9,"q9_case1",269,4608,157953954,589258,256,1766,432,8,2.298703
1,2,9,"q9_case1",270,4608,158543267,589313,256,1764,432,8,2.305696
1,2,9,"q9_case1",271,4608,159132538,589271,256,1762,432,8,2.312649
1,2,9,"q9_case1",272,4608,159721830,589292,256,1760,432,8,2.319664
1,2,9,"q9_case1",273,4608,160311141,589311,256,1758,432,8,2.326752
1,2,9,"q9_case1",274,4608,160900443,589302,256,1756,431,8,2.333873
1,2,9,"q9_case1",275,4608,161489739,589296,256,1754,431,8,2.340479
1,2,9,"q9_case1",276,4608,162079297,589558,256,1752,430,8,2.347360
1,2,9,"q9_case1",277,4608,162668633,589336,256,1750,430,8,2.353978
1,2,9,"q9_case1",278,4608,163258177,589544,256,1748,430,8,2.360924
1,2,9,"q9_case1",279,4608,163847515,589338,256,1746,429,8,2.367865
1,2,9,"q9_case1",280,4608,164436839,589324,256,1744,429,8,2.374536
1,2,9,"q9_case1",281,4608,165026386,589547,256,1742,428,8,2.381571
1,2,9,"q9_case1",282,4608,165615728,589342,256,1740,428,8,2.388880
1,2,9,"q9_case1",283,4608,166205271,589543,256,1738,427,8,2.395702
1,2,9,"q9_case1",284,4608,166794612,589341,256,1736,427,8,2.402306
1,2,9,"q9_case1",285,4608,167384158,589546,256,1734,427,8,2.409152
1,2,9,"q9_case1",286,4608,167973505,589347,256,1732,426,8,2.415981
1,2,9,"q9_case1",287,4608,168562817,589312,256,1730,426,8,2.422662
1,2,9,"q9_case1",288,4608,169152370,589553,256,1728,426,8,2.429442
1,2,9,"q9_case1",289,4608,169741716,589346,256,1726,426,8,2.436318
1,2,9,"q9_case1",290,4608,170331015,589299,256,1724,426,8,2.443193
1,2,9,"q9_case1",291,4608,170920325,589310,256,1722,425,8,2.449952
1,2,9,"q9_case1",292,4608,171509633,589308,256,1720,425,8,2.456593
1,2,9,"q9_case1",293,4608,172099187,589554,256,1718,425,8,2.463580
1,2,9,"q9_case1",294,4608,172688526,589339,256,1716,425,8,2.470516
1,2,9,"q9_case1",295,4608,173277873,589347,256,1714,425,8,2.477521
1,2,9,"q9_case1",296,4608,173867185,589312,256,1712,425,8,2.484445
1,2,9,"q9_case1",297,4608,174456500,589315,256,1710,425,8,2.491377
1,2,9,"q9_case1",298,4608,175045777,589277,256,1708,425,8,2.498215
1,2,9,"q9_case1",299,4608,175635049,589272,256,1706,425,8,2.505298
1,2,9,"q9_case1",300,4608,176224325,589276,256,1704,425,8,2.512157
1,2,9,"q9_case1",301,4608,176813580,589255,256,1702,425,8,2.518975
1,2,9,"q9_case1",302,4608,177402830,589250,256,1700,425,8,2.525655
1,2,9,"q9_case1",303,4608,177992069,589239,256,1698,425,8,2.532363
1,2,9,"q9_case1",304,4608,178581297,589228,256,1696,425,8,2.539306
1,2,9,"q9_case1",305,4608,179170520,589223,256,1694,425,8,2.546284
1,2,9,"q9_case1",306,4608,179759758,589238,256,1692,424,8,2.553073
1,2,9,"q9_case1",307,4608,180349026,589268,256,1690,424,8,2.559922
1,2,9,"q9_case1",308,4608,180938563,589537,256,1688,423,8,2.566795
1,2,9,"q9_case1",309,4608,181527889,589326,256,1686,422,8,2.573454
1,2,9,"q9_case1",310,4608,182117441,589552,256,1684,422,8,2.580166
1,2,9,"q9_case1",311,4608,182706861,589420,256,1682,421,8,2.587079
1,2,9,"q9_case1",312,4608,183296182,589321,256,1680,421,8,2.593939
1,2,9,"q9_case1",313,4608,183885725,589543,256,1678,421,8,2.600819
1,2,9,"q9_case1",314,4608,184475057,589332,256,1676,421,8,2.608119
1,2,9,"q9_case1",315,4608,185064386,589329,256,1674,421,8,2.615160
1,2,9,"q9_case1",316,4608,185653753,589367,256,1672,421,8,2.622180
1,2,9,"q9_case1",317,4608,186243158,589405,256,1670,421,8,2.629235
1,2,9,"q9_case1",318,4608,186832554,589396,256,1668,419,8,2.636168
1,2,9,"q9_case1",319,4608,187421921,589367,256,1666,419,8,2.643121
1,2,9,"q9_case1",320,4608,188011475,589554,256,1664,418,8,2.650272
1,2,9,"q9_case1",321,4608,188600811,589336,256,1662,418,8,2.657238
1,2,9,"q9_case1",322,4608,189190362,589551,256,1660,417,8,2.664272
1,2,9,"q9_case1",323,4608,189779697,589335,256,1658,417,8,2.670998
1,2,9,"q9_case1",324,4608,190369236,589539,256,1656,417,8,2.677776
1,2,9,"q9_case1",325,4608,190958566,589330,256,1654,417,8,2.684617
1,2,9,"q9_case1",326,4608,191547906,589340,256,1652,417,8,2.691471
1,2,9,"q9_case1",327,4608,192137289,589383,256,1650,417,8,2.698313
1,2,9,"q9_case1",328,4608,192726634,589345,256,1648,417,8,2.705166
1,2,9,"q9_case1",329,4608,193315956,589322,256,1646,416,8,2.712024
1,2,9,"q9_case1",330,4608,193905287,589331,256,1644,416,8,2.718800
1,2,9,"q9_case1",331,4608,194494844,589557,256,1642,416,8,2.725847
1,2,9,"q9_case1",332,4608,195084114,589270,256,1640,416,8,2.732872
1,2,9,"q9_case1",333,4608,195673406,589292,256,1638,416,8,2.739800
1,2,9,"q9_case1",334,4608,196262716,589310,256,1636,416,8,2.746662
1,2,9,"q9_case1",335,4608,196852026,589310,256,1634,416,8,2.753440
1,2,9,"q9_case1",336,4608,197441325,589299,256,1632,416,8,2.760219
1,2,9,"q9_case1",337,4608,198030581,589256,256,1630,416,8,2.767093
1,2,9,"q9_case1",338,4608,198619843,589262,256,1628,416,8,2.773982
1,2,9,"q9_case1",339,4608,199209082,589239,256,1626,416,8,2.780854
1,2,9,"q9_case1",340,4608,199798322,589240,256,1624,416,8,2.787623
1,2,9,"q9_case1",341,4608,200387558,589236,256,1622,416,8,2.794513
1,2,9,"q9_case1",342,4608,200976795,589237,256,1620,416,8,2.801256
1,2,9,"q9_case1",343,4608,201566032,589237,256,1618,415,8,2.807971
1,2,9,"q9_case1",344,4608,202155279,589247,256,1616,415,8,2.814630
1,2,9,"q9_case1",345,4608,202744803,589524,256,1614,414,8,2.821609
1,2,9,"q9_case1",346,4608,203334135,589332,256,1612,414,8,2.828396
1,2,9,"q9_case1",347,4608,203923682,589547,256,1610,414,8,2.835306
1,2,9,"q9_case1",348,4608,204513021,589339,256,1608,414,8,2.842176
1,2,9,"q9_case1",349,4608,205102353,589332,256,1606,414,8,2.849119
1,2,9,"q9_case1",350,4608,205691714,589361,256,1604,414,8,2.856033
1,2,9,"q9_case1",351,4608,206281005,589291,256,1602,413,8,2.862834
1,2,9,"q9_case1",352,4608,206870265,589260,256,1600,412,8,2.869485
1,2,9,"q9_case1",353,4608,207459813,589548,256,1598,412,8,2.876335
1,2,9,"q9_case1",354,4608,208049125,589312,256,1596,411,8,2.883135
1,2,9,"q9_case1",355,4608,208638423,589298,256,1594,411,8,2.889978
1,2,9,"q9_case1",356,4608,209227959,589536,256,1592,410,8,2.896805
1,2,9,"q9_case1",357,4608,209817285,589326,256,1590,410,8,2.903668
1,2,9,"q9_case1",358,4608,210406839,589554,256,1588,409,8,2.910685
1,2,9,"q9_case1",359,4608,210996166,589327,256,1586,409,8,2.917562
1,2,9,"q9_case1",360,4608,211585700,589534,256,1584,409,8,2.924546
1,2,9,"q9_case1",361,4608,212175025,589325,256,1582,408,8,2.931811
1,2,9,"q9_case1",362,4608,212764327,589302,256,1580,408,8,2.938903
1,2,9,"q9_case1",363,4608,213353863,589536,256,1578,408,8,2.945840
1,2,9,"q9_case1",364,4608,213943188,589325,256,1576,408,8,2.952750
1,2,9,"q9_case1",365,4608,214532476,589288,256,1574,408,8,2.959680
1,2,9,"q9_case1",366,4608,215121904,589428,256,1572,407,8,2.966551
1,2,9,"q9_case1",367,4608,215711265,589361,256,1570,407,8,2.973287
1,2,9,"q9_case1",368,4608,216300803,589538,256,1568,407,8,2.980059
1,2,9,"q9_case1",369,4608,216890126,589323,256,1566,406,8,2.986883
1,2,9,"q9_case1",370,4608,217479434,589308,256,1564,406,8,2.993572
1,2,9,"q9_case1",371,4608,218068966,589532,256,1562,406,8,3.000427
1,2,9,"q9_case1",372,4608,218658286,589320,256,1560,406,8,3.007252
1,2,9,"q9_case1",373,4608,219247663,589377,256,1558,406,8,3.014132
1,2,9,"q9_case1",374,4608,219837057,589394,256,1556,406,8,3.021019
1,2,9,"q9_case1",375,4608,220426454,589397,256,1554,406,8,3.027804
1,2,9,"q9_case1",376,4608,221015836,589382,256,1552,406,8,3.034607
1,2,9,"q9_case1",377,4608,221605174,589338,256,1550,406,8,3.041435
1,2,9,"q9_case1",378,4608,222194502,589328,256,1548,405,8,3.048151
1,2,9,"q9_case1",379,4608,222783845,589343,256,1546,404,8,3.054915
1,2,9,"q9_case1",380,4608,223373389,589544,256,1544,404,8,3.061851
1,2,9,"q9_case1",381,4608,223962705,589316,256,1542,403,8,3.068686
1,2,9,"q9_case1",382,4608,224552021,589316,256,1540,403,8,3.075427
1,2,9,"q9_case1",383,4608,225141546,589525,256,1538,403,8,3.082274
1,2,9,"q9_case1",384,4608,225730869,589323,256,1536,403,8,3.089194
1,2,9,"q9_case1",385,4608,226320183,589314,256,1534,402,8,3.095896
1,2,9,"q9_case1",386,4608,226909494,589311,256,1532,402,8,3.102554
1,2,9,"q9_case1",387,4608,227499033,589539,256,1530,402,8,3.109525
1,2,9,"q9_case1",388,4608,228088355,589322,256,1528,402,8,3.116500
1,2,9,"q9_case1",389,4608,228677694,589339,256,1526,402,8,3.123444
1,2,9,"q9_case1",390,4608,229267072,589378,256,1524,402,8,3.130578
1,2,9,"q9_case1",391,4608,229856436,589364,256,1522,402,8,3.137308
1,2,9,"q9_case1",392,4608,230445792,589356,256,1520,402,8,3.144119
1,2,9,"q9_case1",393,4608,231035127,589335,256,1518,402,8,3.151017
1,2,9,"q9_case1",394,4608,231624502,589375,256,1516,402,8,3.157955
1,2,9,"q9_case1",395,4608,232213870,589368,256,1514,402,8,3.165000
1,2,9,"q9_case1",396,4608,232803284,589414,256,1512,402,8,3.171987
1,2,9,"q9_case1",397,4608,233392679,589395,256,1510,402,8,3.178882
1,2,9,"q9_case1",398,4608,233982020,589341,256,1508,401,8,3.185599
1,2,9,"q9_case1",399,4608,234571332,589312,256,1506,401,8,3.192214
1,2,9,"q9_case1",400,4608,235160890,589558,256,1504,401,8,3.199080
1,2,9,"q9_case1",401,4608,235750223,589333,256,1502,401,8,3.206013
1,2,9,"q9_case1",402,4608,236339536,589313,256,1500,401,8,3.212880
1,2,9,"q9_case1",403,4608,236928880,589344,256,1498,400,8,3.219902
1,2,9,"q9_case1",404,4608,237518253,589373,256,1496,400,8,3.226725
1,2,9,"q9_case1",405,4608,238107811,589558,256,1494,400,8,3.233776
1,2,9,"q9_case1",406,4608,238697145,589334,256,1492,399,8,3.240783
1,2,9,"q9_case1",407,4608,239286451,589306,256,1490,399,8,3.247796
1,2,9,"q9_case1",408,4608,239875962,589511,256,1488,398,8,3.255146
1,2,9,"q9_case1",409,4608,240465291,589329,256,1486,398,8,3.262138
1,2,9,"q9_case1",410,4608,241054791,589500,256,1484,398,8,3.269175
1,2,9,"q9_case1",411,4608,241644119,589328,256,1482,397,8,3.276280
1,2,9,"q9_case1",412,4608,242233407,589288,256,1480,397,8,3.283164
1,2,9,"q9_case1",413,4608,242822953,589546,256,1478,397,8,3.290248
1,2,9,"q9_case1",414,4608,243412280,589327,256,1476,396,8,3.297255
1,2,9,"q9_case1",415,4608,244001598,589318,256,1474,396,8,3.304206
1,2,9,"q9_case1",416,4608,244591101,589503,256,1472,395,8,3.311303
1,2,9,"q9_case1",417,4608,245180421,589320,256,1470,395,8,3.318307
1,2,9,"q9_case1",418,4608,245769903,589482,256,1468,395,8,3.325370
1,2,9,"q9_case1",419,4608,246359224,589321,256,1466,395,8,3.332545
1,2,9,"q9_case1",420,4608,246948499,589275,256,1464,395,8,3.339681
1,2,9,"q9_case1",421,4608,247537827,589328,256,1462,395,8,3.347011
1,2,9,"q9_case1",422,4608,248127160,589333,256,1460,394,8,3.354295
1,2,9,"q9_case1",423,4608,248716535,589375,256,1458,394,8,3.361252
1,2,9,"q9_case1",424,4608,249306086,589551,256,1456,394,8,3.368250
1,2,9,"q9_case1",425,4608,249895255,589169,256,1454,393,8,3.375647
1,2,9,"q9_case1",426,4608,250484555,589300,256,1452,393,8,3.382661
1,2,9,"q9_case1",427,4608,251074059,589504,256,1450,392,8,3.389973
1,2,9,"q9_case1",428,4608,251663382,589323,256,1448,392,8,3.396915
1,2,9,"q9_case1",429,4608,252252868,589486,256,1446,392,8,3.403942
1,2,9,"q9_case1",430,4608,252842191,589323,256,1444,392,8,3.411040
1,2,9,"q9_case1",431,4608,253431517,589326,256,1442,392,8,3.418262
1,2,9,"q9_case1",432,4608,254020813,589296,256,1440,392,8,3.425715
1,2,9,"q9_case1",433,4608,254610192,589379,256,1438,391,8,3.433152
1,2,9,"q9_case1",434,4608,255199569,589377,256,1436,391,8,3.440210
1,2,9,"q9_case1",435,4608,255789123,589554,256,1434,390,8,3.447355
1,2,9,"q9_case1",436,4608,256378462,589339,256,1432,390,8,3.454500
1,2,9,"q9_case1",437,4608,256967931,589469,256,1430,390,8,3.461591
1,2,9,"q9_case1",438,4608,257557250,589319,256,1428,390,8,3.468734
1,2,9,"q9_case1",439,4608,258146488,589238,256,1426,390,8,3.475930
1,2,9,"q9_case1",440,4608,258735787,589299,256,1424,390,8,3.483557
1,2,9,"q9_case1",441,4608,259325156,589369,256,1422,390,8,3.490681
1,2,9,"q9_case1",442,4608,259914473,589317,256,1420,390,8,3.497984
1,2,9,"q9_case1",443,4608,260503747,589274,256,1418,389,8,3.504990
1,2,9,"q9_case1",444,4608,261093035,589288,256,1416,389,8,3.512048
1,2,9,"q9_case1",445,4608,261682509,589474,256,1414,389,8,3.519100
1,2,9,"q9_case1",446,4608,262271830,589321,256,1412,389,8,3.526144
1,2,9,"q9_case1",447,4608,262861080,589250,256,1410,389,8,3.533142
1,2,9,"q9_case1",448,4608,263450393,589313,256,1408,389,8,3.540134
1,2,9,"q9_case1",449,4608,264039683,589290,256,1406,389,8,3.546999
1,2,9,"q9_case1",450,4608,264628942,589259,256,1404,389,8,3.553933
1,2,9,"q9_case1",451,4608,265218190,589248,256,1402,389,8,3.560806
1,2,9,"q9_case1",452,4608,265807502,589312,256,1400,389,8,3.567920
1,2,9,"q9_case1",453,4608,266396831,589329,256,1398,389,8,3.574919
1,2,9,"q9_case1",454,4608,266986200,589369,256,1396,389,8,3.581779
1,2,9,"q9_case1",455,4608,267575553,589353,256,1394,389,8,3.588705
1,2,9,"q9_case1",456,4608,268164889,589336,256,1392,389,8,3.595662
1,2,9,"q9_case1",457,4608,268754184,589295,256,1390,388,8,3.602562
1,2,9,"q9_case1",458,4608,269343427,589243,256,1388,387,8,3.609259
1,2,9,"q9_case1",459,4608,269932963,589536,256,1386,387,8,3.616246
1,2,9,"q9_case1",460,4608,270522229,589266,256,1384,386,8,3.623197
1,2,9,"q9_case1",461,4608,271111502,589273,256,1382,385,8,3.630049
1,2,9,"q9_case1",462,4608,271701028,589526,256,1380,385,8,3.637018
1,2,9,"q9_case1",463,4608,272290402,589374,256,1378,384,8,3.643853
1,2,9,"q9_case1",464,4608,272879685,589283,256,1376,384,8,3.650667
1,2,9,"q9_case1",465,4608,273469220,589535,256,1374,383,8,3.657605
1,2,9,"q9_case1",466,4608,274058548,589328,256,1372,383,8,3.664387
1,2,9,"q9_case1",467,4608,274648005,589457,256,1370,383,8,3.671302
1,2,9,"q9_case1",468,4608,275237331,589326,256,1368,382,8,3.678232
1,2,9,"q9_case1",469,4608,275826591,589260,256,1366,382,8,3.685160
1,2,9,"q9_case1",470,4608,276416133,589542,256,1364,382,8,3.692037
1,2,9,"q9_case1",471,4608,277005460,589327,256,1362,381,8,3.699008
1,2,9,"q9_case1",472,4608,277594796,589336,256,1360,381,8,3.705900
1,2,9,"q9_case1",473,4608,278184240,589444,256,1358,380,8,3.712819
1,2,9,"q9_case1",474,4608,278773565,589325,256,1356,380,8,3.719748
1,2,9,"q9_case1",475,4608,279363024,589459,256,1354,379,8,3.726672
1,2,9,"q9_case1",476,4608,279952352,589328,256,1352,379,8,3.733571
1,2,9,"q9_case1",477,4608,280541816,589464,256,1350,379,8,3.740305
1,2,9,"q9_case1",478,4608,281131132,589316,256,1348,378,8,3.747257
1,2,9,"q9_case1",479,4608,281720420,589288,256,1346,378,8,3.754125
1,2,9,"q9_case1",480,4608,282309811,589391,256,1344,378,8,3.760973
1,2,9,"q9_case1",481,4608,282899120,589309,256,1342,377,8,3.767951
1,2,9,"q9_case1",482,4608,283488408,589288,256,1340,377,8,3.774717
1,2,9,"q9_case1",483,4608,284077748,589340,256,1338,377,8,3.781339
1,2,9,"q9_case1",484,4608,284667003,589255,256,1336,377,8,3.788198
1,2,9,"q9_case1",485,4608,285256243,589240,256,1334,377,8,3.795029
1,2,9,"q9_case1",486,4608,285845527,589284,256,1332,377,8,3.801766
1,2,9,"q9_case1",487,4608,286434838,589311,256,1330,377,8,3.808583
1,2,9,"q9_case1",488,4608,287024157,589319,256,1328,377,8,3.815323
1,2,9,"q9_case1",489,4608,287613489,589332,256,1326,376,8,3.822247
1,2,9,"q9_case1",490,4608,288202799,589310,256,1324,376,8,3.828949
1,2,9,"q9_case1",491,4608,288792218,589419,256,1322,374,8,3.835714
1,2,9,"q9_case1",492,4608,289381544,589326,256,1320,373,8,3.842445
1,2,9,"q9_case1",493,4608,289971082,589538,256,1318,373,8,3.849134
1,2,9,"q9_case1",494,4608,290560359,589277,256,1316,372,8,3.855949
1,2,9,"q9_case1",495,4608,291149598,589239,256,1314,372,8,3.862804
1,2,9,"q9_case1",496,4608,291739012,589414,256,1312,372,8,3.869677
1,2,9,"q9_case1",497,4608,292328330,589318,256,1310,371,8,3.876711
1,2,9,"q9_case1",498,4608,292917557,589227,256,1308,371,8,3.883503
1,2,9,"q9_case1",499,4608,293506991,589434,256,1306,370,8,3.890195
1,2,9,"q9_case1",500,4608,294096314,589323,256,1304,370,8,3.896950
1,2,9,"q9_case1",501,4608,294685848,589534,256,1302,369,8,3.903854
1,2,9,"q9_case1",502,4608,295275169,589321,256,1300,369,8,3.910849
1,2,9,"q9_case1",503,4608,295864705,589536,256,1298,368,8,3.917933
1,2,9,"q9_case1",504,4608,296454027,589322,256,1296,368,8,3.924728
1,2,9,"q9_case1",505,4608,297043452,589425,256,1294,368,8,3.931686
1,2,9,"q9_case1",506,4608,297632774,589322,256,1292,368,8,3.938934
1,2,9,"q9_case1",507,4608,298221996,589222,256,1290,368,8,3.946249
1,2,9,"q9_case1",508,4608,298811261,589265,256,1288,367,8,3.953283
1,2,9,"q9_case1",509,4608,299400600,589339,256,1286,367,8,3.960377
1,2,9,"q9_case1",510,4608,299990013,589413,256,1284,367,8,3.967249
1,2,9,"q9_case1",511,4608,300579326,589313,256,1282,367,8,3.974302
1,2,9,"q9_case1",512,4608,301168532,589206,256,1280,367,8,3.981306
1,2,9,"q9_case1",513,4608,301757818,589286,256,1278,367,8,4.022623
1,2,9,"q9_case1",514,4608,302347184,589366,256,1276,367,8,4.029875
1,2,9,"q9_case1",515,4608,302936561,589377,256,1274,366,8,4.037043
1,2,9,"q9_case1",516,4608,303525900,589339,256,1272,366,8,4.043821
1,2,9,"q9_case1",517,4608,304115452,589552,256,1270,365,8,4.050951
1,2,9,"q9_case1",518,4608,304704784,589332,256,1268,364,8,4.057922
1,2,9,"q9_case1",519,4608,305294187,589403,256,1266,364,8,4.064641
1,2,9,"q9_case1",520,4608,305883510,589323,256,1264,363,8,4.071512
1,2,9,"q9_case1",521,4608,306472763,589253,256,1262,363,8,4.078379
1,2,9,"q9_case1",522,4608,307062282,589519,256,1260,362,8,4.085375
1,2,9,"q9_case1",523,4608,307651615,589333,256,1258,362,8,4.092302
1,2,9,"q9_case1",524,4608,308241148,589533,256,1256,361,8,4.099285
1,2,9,"q9_case1",525,4608,308830480,589332,256,1254,360,8,4.106366
1,2,9,"q9_case1",526,4608,309420017,589537,256,1252,360,8,4.113546
1,2,9,"q9_case1",527,4608,310009459,589442,256,1250,359,8,4.120476
1,2,9,"q9_case1",528,4608,310598781,589322,256,1248,359,8,4.127334
1,2,9,"q9_case1",529,4608,311188318,589537,256,1246,358,8,4.134395
1,2,9,"q9_case1",530,4608,311777641,589323,256,1244,358,8,4.141256
1,2,9,"q9_case1",531,4608,312367059,589418,256,1242,358,8,4.148117
1,2,9,"q9_case1",532,4608,312956377,589318,256,1240,358,8,4.155234
1,2,9,"q9_case1",533,4608,313545645,589268,256,1238,358,8,4.162258
1,2,9,"q9_case1",534,4608,314135028,589383,256,1236,358,8,4.169361
1,2,9,"q9_case1",535,4608,314724460,589432,256,1234,358,8,4.176390
1,2,9,"q9_case1",536,4608,315313840,589380,256,1232,357,8,4.183432
1,2,9,"q9_case1",537,4608,315903212,589372,256,1230,357,8,4.190486
1,2,9,"q9_case1",538,4608,316492663,589451,256,1228,356,8,4.197585
1,2,9,"q9_case1",539,4608,317081978,589315,256,1226,356,8,4.204701
1,2,9,"q9_case1",540,4608,317671356,589378,256,1224,355,8,4.211464
1,2,9,"q9_case1",541,4608,318260675,589319,256,1222,355,8,4.218612
1,2,9,"q9_case1",542,4608,318850043,589368,256,1220,354,8,4.225420
1,2,9,"q9_case1",543,4608,319439360,589317,256,1218,354,8,4.232443
1,2,9,"q9_case1",544,4608,320028724,589364,256,1216,354,8,4.239164
1,2,9,"q9_case1",545,4608,320618039,589315,256,1214,353,8,4.246116
1,2,9,"q9_case1",546,4608,321207208,589169,256,1212,353,8,4.253285
1,2,9,"q9_case1",547,4608,321796569,589361,256,1210,353,8,4.260332
1,2,9,"q9_case1",548,4608,322385886,589317,256,1208,353,8,4.267363
1,2,9,"q9_case1",549,4608,322975059,589173,256,1206,353,8,4.274387
1,2,9,"q9_case1",550,4608,323564288,589229,256,1204,352,8,4.281410
1,2,9,"q9_case1",551,4608,324153631,589343,256,1202,352,8,4.288356
1,2,9,"q9_case1",552,4608,324743160,589529,256,1200,351,8,4.295462
1,2,9,"q9_case1",553,4608,325332389,589229,256,1198,351,8,4.302583
1,2,9,"q9_case1",554,4608,325921795,589406,256,1196,350,8,4.309520
1,2,9,"q9_case1",555,4608,326511117,589322,256,1194,350,8,4.316469
1,2,9,"q9_case1",556,4608,327100530,589413,256,1192,350,8,4.323240
1,2,9,"q9_case1",557,4608,327689850,589320,256,1190,350,8,4.330280
1,2,9,"q9_case1",558,4608,328279070,589220,256,1188,350,8,4.337172
1,2,9,"q9_case1",559,4608,328868320,589250,256,1186,350,8,4.344113
1,2,9,"q9_case1",560,4608,329457572,589252,256,1184,350,7,4.351065
1,2,9,"q9_case1",561,4608,330046868,589296,256,1182,350,7,4.357986
1,2,9,"q9_case1",562,4608,330636242,589374,256,1180,350,7,4.364603
1,2,9,"q9_case1",563,4608,331225558,589316,256,1178,350,7,4.371674
1,2,9,"q9_case1",564,4608,331814700,589142,256,1176,350,7,4.378589
1,2,9,"q9_case1",565,4608,332403928,589228,256,1174,350,7,4.385500
1,2,9,"q9_case1",566,4608,332993274,589346,256,1172,350,7,4.392431
1,2,9,"q9_case1",567,4608,333582602,589328,256,1170,349,7,4.399278
1,2,9,"q9_case1",568,4608,334171887,589285,256,1168,349,7,4.406144
1,2,9,"q9_case1",569,4608,334761425,589538,256,1166,349,7,4.413180
1,2,9,"q9_case1",570,4608,335350758,589333,256,1164,349,7,4.420179
1,2,9,"q9_case1",571,4608,335940105,589347,256,1162,349,7,4.427096
1,2,9,"q9_case1",572,4608,336529480,589375,256,1160,349,7,4.434122
1,2,9,"q9_case1",573,4608,337118841,589361,256,1158,349,7,4.441124
1,2,9,"q9_case1",574,4608,337708204,589363,256,1156,349,7,4.448208
1,2,9,"q9_case1",575,4608,338297567,589363,256,1154,349,7,4.455213
1,2,9,"q9_case1",576,4608,338886930,589363,256,1152,349,7,4.462205
1,2,9,"q9_case1",577,4608,339476272,589342,256,1150,349,7,4.469096
1,2,9,"q9_case1",578,4608,340065604,589332,256,1148,348,7,4.475998
1,2,9,"q9_case1",579,4608,340654916,589312,256,1146,347,7,4.482840
1,2,9,"q9_case1",580,4608,341244390,589474,256,1144,347,7,4.489650
1,2,9,"q9_case1",581,4608,341833638,589248,256,1142,347,7,4.496389
1,2,9,"q9_case1",582,4608,342422842,589204,256,1140,346,7,4.503525
1,2,9,"q9_case1",583,4608,343012020,589178,256,1138,346,7,4.510451
1,2,9,"q9_case1",584,4608,343601374,589354,256,1136,346,7,4.517063
1,2,9,"q9_case1",585,4608,344190702,589328,256,1134,346,7,4.524113
1,2,9,"q9_case1",586,4608,344779877,589175,256,1132,346,7,4.530969
1,2,9,"q9_case1",587,4608,345369115,589238,256,1130,346,7,4.537867
1,2,9,"q9_case1",588,4608,345958396,589281,256,1128,346,7,4.544820
1,2,9,"q9_case1",589,4608,346547701,589305,256,1126,346,7,4.551811
1,2,9,"q9_case1",590,4608,347137018,589317,256,1124,346,7,4.558775
1,2,9,"q9_case1",591,4608,347726351,589333,256,1122,345,7,4.565622
1,2,9,"q9_case1",592,4608,348315670,589319,256,1120,345,7,4.572252
1,2,9,"q9_case1",593,4608,348905214,589544,256,1118,345,7,4.579133
1,2,9,"q9_case1",594,4608,349494507,589293,256,1116,345,7,4.585897
1,2,9,"q9_case1",595,4608,350083740,589233,256,1114,345,7,4.592712
1,2,9,"q9_case1",596,4608,350672990,589250,256,1112,345,7,4.599638
1,2,9,"q9_case1",597,4608,351262305,589315,256,1110,344,7,4.606520
1,2,9,"q9_case1",598,4608,351851628,589323,256,1108,344,7,4.613313
1,2,9,"q9_case1",599,4608,352441167,589539,256,1106,343,7,4.620076
1,2,9,"q9_case1",600,4608,353030493,589326,256,1104,343,7,4.626953
1,2,9,"q9_case1",601,4608,353619817,589324,256,1102,343,7,4.633581
1,2,9,"q9_case1",602,4608,354209136,589319,256,1100,342,7,4.640588
1,2,9,"q9_case1",603,4608,354798280,589144,256,1098,342,7,4.647437
1,2,9,"q9_case1",604,4608,355387567,589287,256,1096,342,7,4.653997
1,2,9,"q9_case1",605,4608,355976886,589319,256,1094,342,7,4.660845
1,2,9,"q9_case1",606,4608,356566022,589136,256,1092,342,7,4.667854
1,2,9,"q9_case1",607,4608,357155210,589188,256,1090,342,7,4.674723
1,2,9,"q9_case1",608,4608,357744454,589244,256,1088,342,7,4.681703
1,2,9,"q9_case1",609,4608,358333749,589295,256,1086,342,7,4.688653
1,2,9,"q9_case1",610,4608,358923048,589299,256,1084,342,7,4.695561
1,2,9,"q9_case1",611,4608,359512318,589270,256,1082,342,7,4.702435
1,2,9,"q9_case1",612,4608,360101566,589248,256,1080,342,7,4.709309
1,2,9,"q9_case1",613,4608,360690811,589245,256,1078,342,7,4.716194
1,2,9,"q9_case1",614,4608,361280042,589231,256,1076,341,7,4.723045
1,2,9,"q9_case1",615,4608,361869285,589243,256,1074,341,7,4.729982
1,2,9,"q9_case1",616,4608,362458589,589304,256,1072,340,7,4.736587
1,2,9,"q9_case1",617,4608,363047909,589320,256,1070,340,7,4.743546
1,2,9,"q9_case1",618,4608,363637240,589331,256,1068,340,7,4.750090
1,2,9,"q9_case1",619,4608,364226561,589321,256,1066,340,7,4.757068
1,2,9,"q9_case1",620,4608,364815761,589200,256,1064,339,7,4.764034
1,2,9,"q9_case1",621,4608,365404927,589166,256,1062,339,7,4.770889
1,2,9,"q9_case1",622,4608,365994323,589396,256,1060,339,7,4.777553
1,2,9,"q9_case1",623,4608,366583644,589321,256,1058,339,7,4.784530
1,2,9,"q9_case1",624,4608,367172909,589265,256,1056,339,7,4.791387
1,2,9,"q9_case1",625,4608,367762171,589262,256,1054,338,7,4.798283
1,2,9,"q9_case1",626,4608,368351471,589300,256,1052,338,7,4.805070
1,2,9,"q9_case1",627,4608,368940874,589403,256,1050,338,7,4.811802
1,2,9,"q9_case1",628,4608,369530185,589311,256,1048,337,7,4.818762
1,2,9,"q9_case1",629,4608,370119383,589198,256,1046,337,7,4.825725
1,2,9,"q9_case1",630,4608,370708772,589389,256,1044,337,7,4.832508
1,2,9,"q9_case1",631,4608,371298089,589317,256,1042,337,7,4.839485
1,2,9,"q9_case1",632,4608,371887289,589200,256,1040,337,7,4.846459
1,2,9,"q9_case1",633,4608,372476548,589259,256,1038,337,7,4.853349
1,2,9,"q9_case1",634,4608,373065837,589289,256,1036,337,7,4.860251
1,2,9,"q9_case1",635,4608,373655192,589355,256,1034,337,7,4.867192
1,2,9,"q9_case1",636,4608,374244547,589355,256,1032,337,7,4.874062
1,2,9,"q9_case1",637,4608,374833846,589299,256,1030,337,7,4.880949
1,2,9,"q9_case1",638,4608,375423140,589294,256,1028,337,7,4.887845
1,2,9,"q9_case1",639,4608,376012426,589286,256,1026,337,7,4.894726
1,2,9,"q9_case1",640,4608,376601710,589284,256,1024,337,7,4.901730
1,2,9,"q9_case1",641,4608,377190988,589278,256,1022,337,7,4.908680
1,2,9,"q9_case1",642,4608,377780261,589273,256,1020,336,7,4.915548
1,2,9,"q9_case1",643,4608,378369509,589248,256,1018,336,7,4.922577
1,2,9,"q9_case1",644,4608,378958720,589211,256,1016,335,7,4.929159
1,2,9,"q9_case1",645,4608,379548039,589319,256,1014,335,7,4.936112
1,2,9,"q9_case1",646,4608,380137357,589318,256,1012,334,7,4.942890
1,2,9,"q9_case1",647,4608,380726668,589311,256,1010,335,6,4.950216
1,2,9,"q9_case1",648,4608,381315966,589298,256,1008,335,6,4.956995
1,2,9,"q9_case1",649,4608,381905328,589362,256,1006,334,6,4.963823
1,2,9,"q9_case1",650,4608,382494640,589312,256,1004,334,6,4.970978
1,2,9,"q9_case1",651,4608,383083877,589237,256,1002,334,6,4.977810
1,2,9,"q9_case1",652,4608,383673194,589317,256,1000,333,6,4.984910
1,2,9,"q9_case1",653,4608,384262350,589156,256,998,333,6,4.991976
1,2,9,"q9_case1",654,4608,384851628,589278,256,996,332,6,4.998605
1,2,9,"q9_case1",655,4608,385440944,589316,256,994,332,6,5.005746
1,2,9,"q9_case1",656,4608,386030132,589188,256,992,332,6,5.012512
1,2,9,"q9_case1",657,4608,386619410,589278,256,990,332,6,5.019522
1,2,9,"q9_case1",658,4608,387208555,589145,256,988,332,6,5.026460
1,2,9,"q9_case1",659,4608,387797826,589271,256,986,332,6,5.033535
1,2,9,"q9_case1",660,4608,388387063,589237,256,984,332,6,5.040319
1,2,9,"q9_case1",661,4608,388976370,589307,256,982,332,6,5.047112
1,2,9,"q9_case1",662,4608,389565679,589309,256,980,331,6,5.054071
1,2,9,"q9_case1",663,4608,390154999,589320,256,978,331,6,5.060961
1,2,9,"q9_case1",664,4608,390744318,589319,256,976,331,6,5.067625
1,2,9,"q9_case1",665,4608,391333651,589333,256,974,331,6,5.074902
1,2,9,"q9_case1",666,4608,391922752,589101,256,972,331,6,5.081948
1,2,9,"q9_case1",667,4608,392511913,589161,256,970,330,6,5.088938
1,2,9,"q9_case1",668,4608,393101119,589206,256,968,330,6,5.095848
1,2,9,"q9_case1",669,4608,393690399,589280,256,966,330,6,5.102580
1,2,9,"q9_case1",670,4608,394279736,589337,256,964,330,6,5.109701
1,2,9,"q9_case1",671,4608,394868856,589120,256,962,330,6,5.116631
1,2,9,"q9_case1",672,4608,395458038,589182,256,960,330,6,5.123554
1,2,9,"q9_case1",673,4608,396047261,589223,256,958,329,6,5.130545
1,2,9,"q9_case1",674,4608,396636508,589247,256,956,329,6,5.137460
1,2,9,"q9_case1",675,4608,397225871,589363,256,954,328,6,5.144042
1,2,9,"q9_case1",676,4608,397815196,589325,256,952,328,6,5.150909
1,2,9,"q9_case1",677,4608,398404441,589245,256,950,327,6,5.157984
1,2,9,"q9_case1",678,4608,398993774,589333,256,948,326,6,5.164818
1,2,9,"q9_case1",679,4608,399583028,589254,256,946,326,6,5.171539
1,2,9,"q9_case1",680,4608,400172311,589283,256,944,326,6,5.178428
1,2,9,"q9_case1",681,4608,400761436,589125,256,942,325,6,5.185368
1,2,9,"q9_case1",682,4608,401350574,589138,256,940,325,6,5.192266
1,2,9,"q9_case1",683,4608,401939790,589216,256,938,325,6,5.199020
1,2,9,"q9_case1",684,4608,402529100,589310,256,936,325,6,5.205955
1,2,9,"q9_case1",685,4608,403118278,589178,256,934,325,6,5.213031
1,2,9,"q9_case1",686,4608,403707486,589208,256,932,325,6,5.220070
1,2,9,"q9_case1",687,4608,404296728,589242,256,930,325,6,5.227080
1,2,9,"q9_case1",688,4608,404886099,589371,256,928,324,6,5.234162
1,2,9,"q9_case1",689,4608,405475470,589371,256,926,324,6,5.241203
1,2,9,"q9_case1",690,4608,406064845,589375,256,924,324,6,5.248138
1,2,9,"q9_case1",691,4608,406654195,589350,256,922,324,6,5.255292
1,2,9,"q9_case1",692,4608,407243285,589090,256,920,324,6,5.262218
1,2,9,"q9_case1",693,4608,407832396,589111,256,918,324,6,5.269057
1,2,9,"q9_case1",694,4608,408421566,589170,256,916,324,6,5.276017
1,2,9,"q9_case1",695,4608,409010832,589266,256,914,324,6,5.282945
1,2,9,"q9_case1",696,4608,409600111,589279,256,912,323,6,5.289947
1,2,9,"q9_case1",697,4608,410189358,589247,256,910,323,6,5.296965
1,2,9,"q9_case1",698,4608,410778621,589263,256,908,323,6,5.304016
1,2,9,"q9_case1",699,4608,411367908,589287,256,906,323,6,5.310934
1,2,9,"q9_case1",700,4608,411957057,589149,256,904,323,6,5.317947
1,2,9,"q9_case1",701,4608,412546223,589166,256,902,323,6,5.325081
1,2,9,"q9_case1",702,4608,413135538,589315,256,900,323,6,5.332080
1,2,9,"q9_case1",703,4608,413724841,589303,256,898,323,6,5.339118
1,2,9,"q9_case1",704,4608,414314155,589314,256,896,323,6,5.345932
1,2,9,"q9_case1",705,4608,414903433,589278,256,894,323,6,5.352832
1,2,9,"q9_case1",706,4608,415492692,589259,256,892,322,6,5.359612
1,2,9,"q9_case1",707,4608,416081929,589237,256,890,322,6,5.366342
1,2,9,"q9_case1",708,4608,416671217,589288,256,888,322,6,5.373054
1,2,9,"q9_case1",709,4608,417260551,589334,256,886,322,6,5.379935
1,2,9,"q9_case1",710,4608,417849774,589223,256,884,322,6,5.386765
1,2,9,"q9_case1",711,4608,418439007,589233,256,882,322,6,5.393828
1,2,9,"q9_case1",712,4608,419028222,589215,256,880,322,6,5.400745
1,2,9,"q9_case1",713,4608,419617393,589171,256,878,322,6,5.407601
1,2,9,"q9_case1",714,4608,420206529,589136,256,876,322,6,5.414682
1,2,9,"q9_case1",715,4608,420795616,589087,256,874,322,6,5.421641
1,2,9,"q9_case1",716,4608,421384671,589055,256,872,322,6,5.428588
1,2,9,"q9_case1",717,4608,421973760,589089,256,870,322,6,5.435669
1,2,9,"q9_case1",718,4608,422562874,589114,256,868,322,6,5.442737
1,2,9,"q9_case1",719,4608,423152026,589152,256,866,322,6,5.449692
1,2,9,"q9_case1",720,4608,423741212,589186,256,864,322,6,5.456459
1,2,9,"q9_case1",721,4608,424330481,589269,256,862,322,6,5.462948
1,2,9,"q9_case1",722,4608,424919742,589261,256,862,319,6,5.469250
1,2,9,"q9_case1",723,4608,425508952,589210,256,860,319,6,5.475888
1,2,9,"q9_case1",724,4608,426098207,589255,256,858,319,6,5.482398
1,2,9,"q9_case1",725,4608,426687489,589282,256,856,319,6,5.488471
1,2,9,"q9_case1",726,4608,427276865,589376,256,854,322,6,5.494444
1,2,9,"q9_case1",727,4608,427866364,589499,256,854,316,6,5.500731
1,2,9,"q9_case1",728,4608,428455891,589527,256,852,316,6,5.506998
1,2,9,"q9_case1",729,4608,429045368,589477,256,850,316,6,5.513150
1,2,9,"q9_case1",730,4608,429634805,589437,256,848,316,6,5.519338
1,2,9,"q9_case1",731,4608,430224293,589488,256,846,316,6,5.525552
1,2,9,"q9_case1",732,4608,430813751,589458,256,844,316,6,5.531513
1,2,9,"q9_case1",733,4608,431403263,589512,256,842,316,6,5.537477
1,2,9,"q9_case1",734,4608,431992801,589538,256,840,316,6,5.543520
1,2,9,"q9_case1",735,4608,432582323,589522,256,840,313,6,5.549597
1,2,9,"q9_case1",736,4608,433171771,589448,256,838,313,6,5.555851
1,2,9,"q9_case1",737,4608,433761288,589517,256,836,313,6,5.562269
1,2,9,"q9_case1",738,4608,434350789,589501,256,834,313,6,5.568395
1,2,9,"q9_case1",739,4608,434940251,589462,256,832,313,6,5.574694
1,2,9,"q9_case1",740,4608,435529725,589474,256,830,313,6,5.580875
1,2,9,"q9_case1",741,4608,436119228,589503,256,828,313,6,5.587018
1,2,9,"q9_case1",742,4608,436708636,589408,256,828,310,6,5.593342
1,2,9,"q9_case1",743,4608,437298071,589435,256,826,310,6,5.599846
1,2,9,"q9_case1",744,4608,437887596,589525,256,824,310,6,5.606020
1,2,9,"q9_case1",745,4608,438477122,589526,256,822,311,6,5.612242
1,2,9,"q9_case1",746,4608,439066604,589482,256,820,311,6,5.618388
1,2,9,"q9_case1",747,4608,439656132,589528,256,818,310,6,5.624577
1,2,9,"q9_case1",748,4608,440245615,589483,256,816,310,6,5.630589
1,2,9,"q9_case1",749,4608,440835059,589444,256,814,311,6,5.636660
1,2,9,"q9_case1",750,4608,441424597,589538,256,812,311,6,5.642447
1,2,9,"q9_case1",751,4608,442014145,589548,256,812,307,6,5.648617
1,2,9,"q9_case1",752,4608,442603699,589554,256,810,307,6,5.654896
1,2,9,"q9_case1",753,4608,443193253,589554,256,808,308,6,5.661071
1,2,9,"q9_case1",754,4608,443782797,589544,256,806,307,6,5.667325
1,2,9,"q9_case1",755,4608,444372336,589539,256,804,307,6,5.673454
1,2,9,"q9_case1",756,4608,444961796,589460,256,802,307,6,5.679353
1,2,9,"q9_case1",757,4608,445551299,589503,256,800,308,6,5.685248
1,2,9,"q9_case1",758,4608,446140795,589496,256,798,308,6,5.691136
1,2,9,"q9_case1",759,4608,446730332,589537,256,798,304,6,5.697265
1,2,9,"q9_case1",760,4608,447319814,589482,256,796,305,6,5.703463
1,2,9,"q9_case1",761,4608,447909324,589510,256,794,304,6,5.709731
1,2,9,"q9_case1",762,4608,448498848,589524,256,792,304,6,5.715861
1,2,9,"q9_case1",763,4608,449088319,589471,256,790,304,6,5.722049
1,2,9,"q9_case1",764,4608,449677797,589478,256,788,305,6,5.727997
1,2,9,"q9_case1",765,4608,450267290,589493,256,786,305,6,5.733990
1,2,9,"q9_case1",766,4608,450856797,589507,256,786,301,6,5.739802
1,2,9,"q9_case1",767,4608,451446267,589470,256,784,302,6,5.745965
1,2,9,"q9_case1",768,4608,452035788,589521,256,782,301,6,5.752143
1,2,9,"q9_case1",769,4608,452625309,589521,256,780,301,6,5.758205
1,2,9,"q9_case1",770,4608,453214788,589479,256,778,302,6,5.764220
1,2,9,"q9_case1",771,4608,453804250,589462,256,776,302,6,5.770191
1,2,9,"q9_case1",772,4608,454393771,589521,256,774,304,6,5.776047
1,2,9,"q9_case1",773,4608,454983185,589414,256,772,304,6,5.782063
1,2,9,"q9_case1",774,4608,455572695,589510,256,772,299,6,5.788135
1,2,9,"q9_case1",775,4608,456162141,589446,256,770,300,6,5.794290
1,2,9,"q9_case1",776,4608,456751651,589510,256,768,300,6,5.800409
1,2,9,"q9_case1",777,4608,457341192,589541,256,766,301,6,5.806453
1,2,9,"q9_case1",778,4608,457930689,589497,256,764,300,6,5.812539
1,2,9,"q9_case1",779,4608,458520228,589539,256,762,301,6,5.818515
1,2,9,"q9_case1",780,4608,459109644,589416,256,760,301,6,5.824306
1,2,9,"q9_case1",781,4608,459699155,589511,256,758,301,6,5.830440
1,2,9,"q9_case1",782,4608,460288695,589540,256,758,298,6,5.836553
1,2,9,"q9_case1",783,4608,460878112,589417,256,756,298,6,5.843029
1,2,9,"q9_case1",784,4608,461467615,589503,256,754,298,6,5.849422
1,2,9,"q9_case1",785,4608,462057152,589537,256,752,299,6,5.855575
1,2,9,"q9_case1",786,4608,462646624,589472,256,750,298,6,5.861695
1,2,9,"q9_case1",787,4608,463236102,589478,256,748,298,6,5.867675
1,2,9,"q9_case1",788,4608,463825556,589454,256,746,301,6,5.873724
1,2,9,"q9_case1",789,4608,464414936,589380,256,746,295,6,5.880349
1,2,9,"q9_case1",790,4608,465004421,589485,256,744,295,6,5.886807
1,2,9,"q9_case1",791,4608,465593928,589507,256,742,296,6,5.892967
1,2,9,"q9_case1",792,4608,466183338,589410,256,740,296,6,5.899097
1,2,9,"q9_case1",793,4608,466772835,589497,256,738,297,6,5.905160
1,2,9,"q9_case1",794,4608,467362290,589455,256,736,297,6,5.911277
1,2,9,"q9_case1",795,4608,467951812,589522,256,736,301,5,5.917229
1,2,9,"q9_case1",796,4608,468541319,589507,256,734,294,6,5.923497
1,2,9,"q9_case1",797,4608,469130867,589548,256,732,294,6,5.929924
1,2,9,"q9_case1",798,4608,469720426,589559,256,730,295,6,5.936255
1,2,9,"q9_case1",799,4608,470309979,589553,256,728,295,6,5.942445
1,2,9,"q9_case1",800,4608,470899513,589534,256,728,297,5,5.948552
1,2,9,"q9_case1",801,4608,471489017,589504,256,726,297,5,5.954635
1,2,9,"q9_case1",802,4608,472078567,589550,256,724,291,6,5.960725
1,2,9,"q9_case1",803,4608,472668065,589498,256,722,293,6,5.966844
1,2,9,"q9_case1",804,4608,473257594,589529,256,720,293,6,5.973024
1,2,9,"q9_case1",805,4608,473847148,589554,256,720,295,5,5.979274
1,2,9,"q9_case1",806,4608,474436662,589514,256,718,295,5,5.985577
1,2,9,"q9_case1",807,4608,475026196,589534,256,716,296,5,5.991817
1,2,9,"q9_case1",808,4608,475615664,589468,256,714,295,5,5.998087
1,2,9,"q9_case1",809,4608,476205172,589508,256,712,296,5,6.004330
1,2,9,"q9_case1",810,4608,476794576,589404,256,710,296,5,6.010356
1,2,9,"q9_case1",811,4608,477384106,589530,256,708,296,5,6.016508
1,2,9,"q9_case1",812,4608,477973480,589374,256,708,293,5,6.022646
1,2,9,"q9_case1",813,4608,478562835,589355,256,706,293,5,6.028904
1,2,9,"q9_case1",814,4608,479152362,589527,256,704,293,5,6.035126
1,2,9,"q9_case1",815,4608,479741782,589420,256,702,294,5,6.041290
1,2,9,"q9_case1",816,4608,480331208,589426,256,700,294,5,6.047383
1,2,9,"q9_case1",817,4608,480920743,589535,256,698,293,5,6.053644
1,2,9,"q9_case1",818,4608,481510139,589396,256,696,293,5,6.059674
1,2,9,"q9_case1",819,4608,482099629,589490,256,694,294,5,6.066177
1,2,9,"q9_case1",820,4608,482689013,589384,256,692,294,5,6.072759
1,2,9,"q9_case1",821,4608,483278507,589494,256,692,290,5,6.079130
1,2,9,"q9_case1",822,4608,483867932,589425,256,690,291,5,6.085376
1,2,9,"q9_case1",823,4608,484457410,589478,256,688,291,5,6.091722
1,2,9,"q9_case1",824,4608,485046904,589494,256,686,292,5,6.097826
1,2,9,"q9_case1",825,4608,485636353,589449,256,684,292,5,6.103969
1,2,9,"q9_case1",826,4608,486225893,589540,256,682,292,5,6.110116
1,2,9,"q9_case1",827,4608,486815338,589445,256,682,289,5,6.116420
1,2,9,"q9_case1",828,4608,487404823,589485,256,680,289,5,6.122745
1,2,9,"q9_case1",829,4608,487994368,589545,256,678,289,5,6.129117
1,2,9,"q9_case1",830,4608,488583847,589479,256,676,290,5,6.135289
1,2,9,"q9_case1",831,4608,489173364,589517,256,674,290,5,6.141467
1,2,9,"q9_case1",832,4608,489762869,589505,256,674,287,5,6.147658
1,2,9,"q9_case1",833,4608,490352370,589501,256,672,287,5,6.154044
1,2,9,"q9_case1",834,4608,490941920,589550,256,670,287,5,6.160210
1,2,9,"q9_case1",835,4608,491531370,589450,256,668,288,5,6.166141
1,2,9,"q9_case1",836,4608,492120832,589462,256,666,288,5,6.172237
1,2,9,"q9_case1",837,4608,492710380,589548,256,664,289,5,6.178407
1,2,9,"q9_case1",838,4608,493299878,589498,256,664,285,5,6.184703
1,2,9,"q9_case1",839,4608,493889405,589527,256,662,285,5,6.190906
1,2,9,"q9_case1",840,4608,494478928,589523,256,660,286,5,6.197117
1,2,9,"q9_case1",841,4608,495068413,589485,256,658,286,5,6.203231
1,2,9,"q9_case1",842,4608,495657959,589546,256,656,286,5,6.209222
1,2,9,"q9_case1",843,4608,496247489,589530,256,656,283,5,6.215371
1,2,9,"q9_case1",844,4608,496837019,589530,256,654,283,5,6.221844
1,2,9,"q9_case1",845,4608,497426534,589515,256,652,283,5,6.228136
1,2,9,"q9_case1",846,4608,498016055,589521,256,650,284,5,6.234346
1,2,9,"q9_case1",847,4608,498605609,589554,256,648,286,5,6.240251
1,2,9,"q9_case1",848,4608,499195170,589561,256,648,281,5,6.246463
1,2,9,"q9_case1",849,4608,499784729,589559,256,646,281,5,6.252956
1,2,9,"q9_case1",850,4608,500374278,589549,256,644,281,5,6.259431
1,2,9,"q9_case1",851,4608,500963789,589511,256,642,282,5,6.265510
1,2,9,"q9_case1",852,4608,501553345,589556,256,640,284,5,6.271410
1,2,9,"q9_case1",853,4608,502142912,589567,256,640,279,5,6.277765
1,2,9,"q9_case1",854,4608,502732480,589568,256,638,279,5,6.284019
1,2,9,"q9_case1",855,4608,503322038,589558,256,636,281,5,6.290054
1,2,9,"q9_case1",856,4608,503911495,589457,256,634,282,5,6.296133
1,2,9,"q9_case1",857,4608,504501052,589557,256,632,281,5,6.302320
1,2,9,"q9_case1",858,4608,505090615,589563,256,632,278,5,6.308542
1,2,9,"q9_case1",859,4608,505680142,589527,256,630,279,5,6.315027
1,2,9,"q9_case1",860,4608,506269693,589551,256,628,278,5,6.321435
1,2,9,"q9_case1",861,4608,506859254,589561,256,626,279,5,6.327493
1,2,9,"q9_case1",862,4608,507448791,589537,256,626,276,5,6.333905
1,2,9,"q9_case1",863,4608,508038292,589501,256,624,276,5,6.340311
1,2,9,"q9_case1",864,4608,508627849,589557,256,622,276,5,6.346601
1,2,9,"q9_case1",865,4608,509217414,589565,256,620,277,5,6.352686
1,2,9,"q9_case1",866,4608,509806957,589543,256,620,274,5,6.359226
1,2,9,"q9_case1",867,4608,510396511,589554,256,618,274,5,6.365648
1,2,9,"q9_case1",868,4608,510986075,589564,256,616,274,5,6.371880
1,2,9,"q9_case1",869,4608,511575641,589566,256,614,275,5,6.378075
1,2,9,"q9_case1",870,4608,512165189,589548,256,614,272,5,6.384621
1,2,9,"q9_case1",871,4608,512754740,589551,256,612,272,5,6.391130
1,2,9,"q9_case1",872,4608,513344307,589567,256,610,272,5,6.397436
1,2,9,"q9_case1",873,4608,513933870,589563,256,608,273,5,6.403411
1,2,9,"q9_case1",874,4608,514523416,589546,256,608,270,5,6.410053
1,2,9,"q9_case1",875,4608,515112948,589532,256,606,270,5,6.416329
1,2,9,"q9_case1",876,4608,515702507,589559,256,604,270,5,6.422478
1,2,9,"q9_case1",877,4608,516292072,589565,256,602,272,5,6.428475
1,2,9,"q9_case1",878,4608,516881639,589567,256,602,268,5,6.435007
1,2,9,"q9_case1",879,4608,517471190,589551,256,600,268,5,6.441549
1,2,9,"q9_case1",880,4608,518060755,589565,256,598,266,5,6.447657
1,2,9,"q9_case1",881,4608,518650322,589567,256,596,268,5,6.453626
1,2,9,"q9_case1",882,4608,519239798,589476,256,596,264,5,6.459704
1,2,9,"q9_case1",883,4608,519829325,589527,256,594,263,5,6.466010
1,2,9,"q9_case1",884,4608,520418880,589555,256,592,265,5,6.472037
1,2,9,"q9_case1",885,4608,521008423,589543,256,590,266,5,6.478125
1,2,9,"q9_case1",886,4608,521597986,589563,256,588,266,5,6.484072
1,2,9,"q9_case1",887,4608,522187544,589558,256,588,262,5,6.490278
1,2,9,"q9_case1",888,4608,522776927,589383,256,586,264,5,6.496948
1,2,9,"q9_case1",889,4608,523366442,589515,256,584,264,5,6.503287
1,2,9,"q9_case1",890,4608,523956000,589558,256,582,265,5,6.509409
1,2,9,"q9_case1",891,4608,524545516,589516,256,580,267,5,6.515521
1,2,9,"q9_case1",892,4608,525135071,589555,256,580,262,5,6.521845
1,2,9,"q9_case1",893,4608,525724636,589565,256,578,262,5,6.528211
1,2,9,"q9_case1",894,4608,526314197,589561,256,576,263,5,6.534285
1,2,9,"q9_case1",895,4608,526903655,589458,256,574,265,5,6.540377
1,2,9,"q9_case1",896,4608,527493193,589538,256,572,265,5,6.546697
1,2,9,"q9_case1",897,4608,528082754,589561,256,572,262,5,6.552998
1,2,9,"q9_case1",898,4608,528672185,589431,256,570,262,5,6.559347
1,2,9,"q9_case1",899,4608,529261712,589527,256,568,263,5,6.565493
1,2,9,"q9_case1",900,4608,529851267,589555,256,566,263,5,6.571620
1,2,9,"q9_case1",901,4608,530440817,589550,256,566,260,5,6.577712
1,2,9,"q9_case1",902,4608,531030287,589470,256,564,260,5,6.584155
1,2,9,"q9_case1",903,4608,531619823,589536,256,562,261,5,6.590473
1,2,9,"q9_case1",904,4608,532209304,589481,256,560,262,5,6.596426
1,2,9,"q9_case1",905,4608,532798839,589535,256,560,258,5,6.602613
1,2,9,"q9_case1",906,4608,533388391,589552,256,558,260,5,6.608952
1,2,9,"q9_case1",907,4608,533977949,589558,256,556,260,5,6.615228
1,2,9,"q9_case1",908,4608,534567508,589559,256,554,260,5,6.621343
1,2,9,"q9_case1",909,4608,535157056,589548,256,552,262,5,6.627315
1,2,9,"q9_case1",910,4608,535746555,589499,256,550,262,5,6.633659
1,2,9,"q9_case1",911,4608,536336095,589540,256,548,261,5,6.639806
1,2,9,"q9_case1",912,4608,536925457,589362,256,546,261,5,6.645966
1,2,9,"q9_case1",913,4608,537514789,589332,256,544,261,5,6.652592
1,2,9,"q9_case1",914,4608,538104102,589313,256,544,259,5,6.659285
1,2,9,"q9_case1",915,4608,538693497,589395,256,542,259,5,6.666114
1,2,9,"q9_case1",916,4608,539282882,589385,256,540,259,5,6.672707
1,2,9,"q9_case1",917,4608,539872211,589329,256,538,259,5,6.678889
1,2,9,"q9_case1",918,4608,540461594,589383,256,538,257,5,6.685396
1,2,9,"q9_case1",919,4608,541051020,589426,256,536,257,5,6.691907
1,2,9,"q9_case1",920,4608,541640525,589505,256,534,257,5,6.698161
1,2,9,"q9_case1",921,4608,542229953,589428,256,532,257,5,6.704262
1,2,9,"q9_case1",922,4608,542819446,589493,256,530,259,5,6.710616
1,2,9,"q9_case1",923,4608,543409004,589558,256,530,255,5,6.717079
1,2,9,"q9_case1",924,4608,543998547,589543,256,528,255,5,6.723342
1,2,9,"q9_case1",925,4608,544588100,589553,256,526,257,5,6.729512
1,2,9,"q9_case1",926,4608,545177649,589549,256,526,253,5,6.735885
1,2,9,"q9_case1",927,4608,545767215,589566,256,524,253,5,6.742263
1,2,9,"q9_case1",928,4608,546356777,589562,256,522,255,5,6.748279
1,2,9,"q9_case1",929,4608,546946325,589548,256,520,254,5,6.754508
1,2,9,"q9_case1",930,4608,547535890,589565,256,520,252,5,6.760903
1,2,9,"q9_case1",931,4608,548125449,589559,256,518,252,5,6.767717
1,2,9,"q9_case1",932,4608,548714993,589544,256,516,252,5,6.773921
1,2,9,"q9_case1",933,4608,549304554,589561,256,514,251,5,6.779878
1,2,9,"q9_case1",934,4608,549894120,589566,256,514,250,5,6.786166
1,2,9,"q9_case1",935,4608,550483613,589493,256,512,249,5,6.792904
1,2,9,"q9_case1",936,4608,551072993,589380,256,510,249,5,6.799206
1,2,9,"q9_case1",937,4608,551662492,589499,256,510,247,5,6.805328
1,2,9,"q9_case1",938,4608,552252016,589524,256,508,247,5,6.811937
1,2,9,"q9_case1",939,4608,552841565,589549,256,506,248,5,6.818411
1,2,9,"q9_case1",940,4608,553431127,589562,256,506,245,5,6.825079
1,2,9,"q9_case1",941,4608,554020679,589552,256,504,246,5,6.831411
1,2,9,"q9_case1",942,4608,554610239,589560,256,502,245,5,6.837759
1,2,9,"q9_case1",943,4608,555199799,589560,256,500,246,5,6.843983
1,2,9,"q9_case1",944,4608,555789364,589565,256,500,243,5,6.850709
1,2,9,"q9_case1",945,4608,556378888,589524,256,498,244,5,6.857208
1,2,9,"q9_case1",946,4608,556968443,589555,256,496,244,5,6.863428
1,2,9,"q9_case1",947,4608,557558009,589566,256,494,244,5,6.869701
1,2,9,"q9_case1",948,4608,558147554,589545,256,494,242,5,6.876232
1,2,9,"q9_case1",949,4608,558736954,589400,256,492,242,5,6.883072
1,2,9,"q9_case1",950,4608,559326456,589502,256,490,240,5,6.889498
1,2,9,"q9_case1",951,4608,559915844,589388,256,488,240,5,6.895564
1,2,9,"q9_case1",952,4608,560505368,589524,256,488,238,5,6.902467
1,2,9,"q9_case1",953,4608,561094727,589359,256,486,237,5,6.909193
1,2,9,"q9_case1",954,4608,561684236,589509,256,484,237,5,6.915800
1,2,9,"q9_case1",955,4608,562273670,589434,256,484,235,5,6.922153
1,2,9,"q9_case1",956,4608,562863074,589404,256,482,235,5,6.929015
1,2,9,"q9_case1",957,4608,563452600,589526,256,480,236,5,6.935467
1,2,9,"q9_case1",958,4608,564041984,589384,256,478,236,5,6.941733
1,2,9,"q9_case1",959,4608,564631537,589553,256,478,234,5,6.948303
1,2,9,"q9_case1",960,4608,565221059,589522,256,476,234,5,6.955190
1,2,9,"q9_case1",961,4608,565810608,589549,256,474,235,5,6.961463
1,2,9,"q9_case1",962,4608,566400139,589531,256,474,232,5,6.967772
1,2,9,"q9_case1",963,4608,566989694,589555,256,472,233,5,6.974208
1,2,9,"q9_case1",964,4608,567579249,589555,256,470,234,5,6.980392
1,2,9,"q9_case1",965,4608,568168807,589558,256,470,231,5,6.986696
1,2,9,"q9_case1",966,4608,568758366,589559,256,468,232,5,6.993465
1,2,9,"q9_case1",967,4608,569347923,589557,256,468,229,5,6.999855
1,2,9,"q9_case1",968,4608,569937490,589567,256,466,230,5,7.006512
1,2,9,"q9_case1",969,4608,570527043,589553,256,466,227,5,7.013013
1,2,9,"q9_case1",970,4608,571116608,589565,256,464,228,5,7.019782
1,2,9,"q9_case1",971,4608,571706158,589550,256,464,225,5,7.025901
1,2,9,"q9_case1",972,4608,572295725,589567,256,462,227,5,7.032725
1,2,9,"q9_case1",973,4608,572885277,589552,256,462,223,5,7.038956
1,2,9,"q9_case1",974,4608,573474842,589565,256,460,226,5,7.045538
1,2,9,"q9_case1",975,4608,574064404,589562,256,460,221,5,7.051728
1,2,9,"q9_case1",976,4608,574653971,589567,256,458,222,5,7.058098
1,2,9,"q9_case1",977,4608,575243538,589567,256,456,222,5,7.064373
1,2,9,"q9_case1",978,4608,575833094,589556,256,454,226,5,7.070811
1,2,9,"q9_case1",979,4608,576422521,589427,256,454,220,5,7.077645
1,2,9,"q9_case1",980,4608,577012062,589541,256,452,221,5,7.084015
1,2,9,"q9_case1",981,4608,577601626,589564,256,450,224,5,7.090111
1,2,9,"q9_case1",982,4608,578191187,589561,256,450,219,5,7.096410
1,2,9,"q9_case1",983,4608,578780749,589562,256,448,222,5,7.102716
1,2,9,"q9_case1",984,4608,579370317,589568,256,446,222,5,7.108897
1,2,9,"q9_case1",985,4608,579959883,589566,256,446,220,5,7.115087
1,2,9,"q9_case1",986,4608,580549448,589565,256,444,220,5,7.121837
1,2,9,"q9_case1",987,4608,581138993,589545,256,442,221,5,7.127890
1,2,9,"q9_case1",988,4608,581728559,589566,256,442,218,5,7.134957
1,2,9,"q9_case1",989,4608,582318101,589542,256,440,219,5,7.141683
1,2,9,"q9_case1",990,4608,582907653,589552,256,438,220,5,7.147804
1,2,9,"q9_case1",991,4608,583497218,589565,256,438,217,5,7.154627
1,2,9,"q9_case1",992,4608,584086772,589554,256,436,218,5,7.161050
1,2,9,"q9_case1",993,4608,584676325,589553,256,436,215,5,7.167168
1,2,9,"q9_case1",994,4608,585265893,589568,256,434,216,5,7.174041
1,2,9,"q9_case1",995,4608,585855438,589545,256,434,213,5,7.180281
1,2,9,"q9_case1",996,4608,586445002,589564,256,432,214,5,7.187573
1,2,9,"q9_case1",997,4608,587034545,589543,256,430,215,5,7.194063
1,2,9,"q9_case1",998,4608,587624110,589565,256,430,212,5,7.200725
1,2,9,"q9_case1",999,4608,588213664,589554,256,428,214,5,7.207426
1,2,9,"q9_case1",1000,4608,588803209,589545,256,426,215,5,7.213711
1,2,9,"q9_case1",1001,4608,589392772,589563,256,426,211,5,7.220257
1,2,9,"q9_case1",1002,4608,589982329,589557,256,424,212,5,7.226844
1,2,9,"q9_case1",1003,4608,590571877,589548,256,422,215,5,7.232968
1,2,9,"q9_case1",1004,4608,591161439,589562,256,422,210,5,7.239552
1,2,9,"q9_case1",1005,4608,591750989,589550,256,420,213,5,7.245902
1,2,9,"q9_case1",1006,4608,592340556,589567,256,420,209,5,7.252020
1,2,9,"q9_case1",1007,4608,592930124,589568,256,418,212,5,7.258486
1,2,9,"q9_case1",1008,4608,593519692,589568,256,418,207,5,7.264810
1,2,9,"q9_case1",1009,4608,594109259,589567,256,416,210,5,7.271204
1,2,9,"q9_case1",1010,4608,594698827,589568,256,416,205,5,7.277219
1,2,9,"q9_case1",1011,4608,595288393,589566,256,414,205,5,7.283437
1,2,9,"q9_case1",1012,4608,595877959,589566,256,412,211,5,7.289571
1,2,9,"q9_case1",1013,4608,596467427,589468,256,412,203,5,7.296234
1,2,9,"q9_case1",1014,4608,597056960,589533,256,410,205,5,7.302749
1,2,9,"q9_case1",1015,4608,597646526,589566,256,408,209,5,7.309045
1,2,9,"q9_case1",1016,4608,598236094,589568,256,406,211,5,7.315169
1,2,9,"q9_case1",1017,4608,598825659,589565,256,406,205,5,7.321468
1,2,9,"q9_case1",1018,4608,599415225,589566,256,404,204,5,7.327768
1,2,9,"q9_case1",1019,4608,600004792,589567,256,402,209,5,7.333999
1,2,9,"q9_case1",1020,4608,600594173,589381,256,402,202,5,7.340837
1,2,9,"q9_case1",1021,4608,601183662,589489,256,400,207,5,7.347221
1,2,9,"q9_case1",1022,4608,601773227,589565,256,400,200,5,7.353346
1,2,9,"q9_case1",1023,4608,602362794,589567,256,398,205,5,7.359728
1,2,9,"q9_case1",1024,4608,602952359,589565,256,396,206,5,7.365838
1,2,9,"q9_case1",1025,4608,603541926,589567,256,396,203,5,7.443140
1,2,9,"q9_case1",1026,4608,604131491,589565,256,394,204,5,7.451038
1,2,9,"q9_case1",1027,4608,604721038,589547,256,394,199,5,7.458614
1,2,9,"q9_case1",1028,4608,605310603,589565,256,392,202,5,7.466359
1,2,9,"q9_case1",1029,4608,605900149,589546,256,392,197,5,7.473742
1,2,9,"q9_case1",1030,4608,606489714,589565,256,390,200,5,7.481038
1,2,9,"q9_case1",1031,4608,607079280,589566,256,390,195,5,7.487887
1,2,9,"q9_case1",1032,4608,607668847,589567,256,388,197,5,7.495031
1,2,9,"q9_case1",1033,4608,608258413,589566,256,386,196,5,7.501998
1,2,9,"q9_case1",1034,4608,608847981,589568,256,386,195,5,7.509405
1,2,9,"q9_case1",1035,4608,609437366,589385,256,384,194,5,7.517049
1,2,9,"q9_case1",1036,4608,610026691,589325,256,384,193,5,7.524098
1,2,9,"q9_case1",1037,4608,610616250,589559,256,382,193,5,7.531906
1,2,9,"q9_case1",1038,4608,611205578,589328,256,380,193,5,7.539348
1,2,9,"q9_case1",1039,4608,611795138,589560,256,380,191,5,7.547620
1,2,9,"q9_case1",1040,4608,612384647,589509,256,378,191,5,7.555384
1,2,9,"q9_case1",1041,4608,612974062,589415,256,378,190,5,7.562797
1,2,9,"q9_case1",1042,4608,613563627,589565,256,376,190,5,7.573599
1,2,9,"q9_case1",1043,4608,614152968,589341,256,376,189,5,7.580940
1,2,9,"q9_case1",1044,4608,614742528,589560,256,374,188,5,7.589213
1,2,9,"q9_case1",1045,4608,615331847,589319,256,372,189,5,7.596837
1,2,9,"q9_case1",1046,4608,615921341,589494,256,370,188,5,7.604415
1,2,9,"q9_case1",1047,4608,616510737,589396,256,370,187,5,7.612209
1,2,9,"q9_case1",1048,4608,617100187,589450,256,368,186,5,7.620017
1,2,9,"q9_case1",1049,4608,617689506,589319,256,368,185,5,7.627387
1,2,9,"q9_case1",1050,4608,618279060,589554,256,366,185,5,7.635374
1,2,9,"q9_case1",1051,4608,618868385,589325,256,364,188,5,7.643213
1,2,9,"q9_case1",1052,4608,619457882,589497,256,362,186,5,7.651401
1,2,9,"q9_case1",1053,4608,620047389,589507,256,362,185,5,7.659342
1,2,9,"q9_case1",1054,4608,620636747,589358,256,360,184,5,7.667165
1,2,9,"q9_case1",1055,4608,621226072,589325,256,360,183,5,7.674338
1,2,9,"q9_case1",1056,4608,621815637,589565,256,358,183,5,7.682115
1,2,9,"q9_case1",1057,4608,622404961,589324,256,356,186,5,7.689455
1,2,9,"q9_case1",1058,4608,622994458,589497,256,356,182,5,7.698506
1,2,9,"q9_case1",1059,4608,623583964,589506,256,354,181,5,7.706012
1,2,9,"q9_case1",1060,4608,624173520,589556,256,352,183,5,7.713262
1,2,9,"q9_case1",1061,4608,624763022,589502,256,352,179,5,7.720670
1,2,9,"q9_case1",1062,4608,625352530,589508,256,350,178,5,7.727975
1,2,9,"q9_case1",1063,4608,625942082,589552,256,348,182,5,7.734562
1,2,9,"q9_case1",1064,4608,626531561,589479,256,348,177,5,7.741410
1,2,9,"q9_case1",1065,4608,627121064,589503,256,346,180,5,7.747917
1,2,9,"q9_case1",1066,4608,627710631,589567,256,346,177,5,7.754201
1,2,9,"q9_case1",1067,4608,628300199,589568,256,344,179,5,7.761077
1,2,9,"q9_case1",1068,4608,628889743,589544,256,344,176,5,7.768524
1,2,9,"q9_case1",1069,4608,629479269,589526,256,342,176,5,7.775553
1,2,9,"q9_case1",1070,4608,630068818,589549,256,340,177,5,7.787066
1,2,9,"q9_case1",1071,4608,630658317,589499,256,340,175,5,7.794146
1,2,9,"q9_case1",1072,4608,631247812,589495,256,338,175,5,7.801172
1,2,9,"q9_case1",1073,4608,631837356,589544,256,336,174,5,7.807526
1,2,9,"q9_case1",1074,4608,632426922,589566,256,336,173,5,7.814479
1,2,9,"q9_case1",1075,4608,633016344,589422,256,334,173,5,7.821437
1,2,9,"q9_case1",1076,4608,633605628,589284,256,334,172,5,7.827769
1,2,9,"q9_case1",1077,4608,634195196,589568,256,332,171,5,7.835110
1,2,9,"q9_case1",1078,4608,634784511,589315,256,332,170,5,7.842466
1,2,9,"q9_case1",1079,4608,635374011,589500,256,330,170,5,7.849519
1,2,9,"q9_case1",1080,4608,635963337,589326,256,330,169,5,7.855842
1,2,9,"q9_case1",1081,4608,636552902,589565,256,328,170,5,7.867780
1,2,9,"q9_case1",1082,4608,637142217,589315,256,328,169,5,7.875080
1,2,9,"q9_case1",1083,4608,637731707,589490,256,326,168,5,7.882580
1,2,9,"q9_case1",1084,4608,638321031,589324,256,326,167,5,7.889242
1,2,9,"q9_case1",1085,4608,638910532,589501,256,324,167,5,7.896294
1,2,9,"q9_case1",1086,4608,639499853,589321,256,324,166,5,7.906694
1,2,9,"q9_case1",1087,4608,640089337,589484,256,322,166,5,7.913765
1,2,9,"q9_case1",1088,4608,640678656,589319,256,320,170,5,7.920889
1,2,9,"q9_case1",1089,4608,641268141,589485,256,320,166,5,7.927900
1,2,9,"q9_case1",1090,4608,641857647,589506,256,318,168,5,7.934754
1,2,9,"q9_case1",1091,4608,642447195,589548,256,318,165,5,7.941700
1,2,9,"q9_case1",1092,4608,643036762,589567,256,316,165,5,7.948785
1,2,9,"q9_case1",1093,4608,643626304,589542,256,314,170,5,7.955195
1,2,9,"q9_case1",1094,4608,644215834,589530,256,314,164,5,7.961971
1,2,9,"q9_case1",1095,4608,644805340,589506,256,312,167,5,7.968534
1,2,9,"q9_case1",1096,4608,645394899,589559,256,312,164,5,7.975018
1,2,9,"q9_case1",1097,4608,645984466,589567,256,310,165,5,7.981967
1,2,9,"q9_case1",1098,4608,646574007,589541,256,310,163,5,7.988364
1,2,9,"q9_case1",1099,4608,647163535,589528,256,308,164,5,7.995251
1,2,9,"q9_case1",1100,4608,647752990,589455,256,308,163,5,8.002083
1,2,9,"q9_case1",1101,4608,648342501,589511,256,306,163,5,8.009342
1,2,9,"q9_case1",1102,4608,648931819,589318,256,306,162,5,8.016377
1,2,9,"q9_case1",1103,4608,649521302,589483,256,304,161,5,8.023557
1,2,9,"q9_case1",1104,4608,650110624,589322,256,302,163,5,8.030201
1,2,9,"q9_case1",1105,4608,650700111,589487,256,302,160,5,8.037153
1,2,9,"q9_case1",1106,4608,651289618,589507,256,300,160,5,8.043904
1,2,9,"q9_case1",1107,4608,651879163,589545,256,298,159,5,8.050380
1,2,9,"q9_case1",1108,4608,652468641,589478,256,298,158,5,8.057145
1,2,9,"q9_case1",1109,4608,653057992,589351,256,296,158,5,8.064263
1,2,9,"q9_case1",1110,4608,653647263,589271,256,294,159,5,8.070773
1,2,9,"q9_case1",1111,4608,654236830,589567,256,294,156,5,8.077736
1,2,9,"q9_case1",1112,4608,654826337,589507,256,292,155,5,8.084597
1,2,9,"q9_case1",1113,4608,655415871,589534,256,290,158,5,8.090969
1,2,9,"q9_case1",1114,4608,656005352,589481,256,290,154,5,8.097689
1,2,9,"q9_case1",1115,4608,656594839,589487,256,288,154,5,8.104318
1,2,9,"q9_case1",1116,4608,657184386,589547,256,288,153,5,8.110779
1,2,9,"q9_case1",1117,4608,657773953,589567,256,286,153,5,8.117643
1,2,9,"q9_case1",1118,4608,658363307,589354,256,284,154,5,8.124081
1,2,9,"q9_case1",1119,4608,658952871,589564,256,284,152,5,8.131262
1,2,9,"q9_case1",1120,4608,659542376,589505,256,282,153,5,8.138006
1,2,9,"q9_case1",1121,4608,660131893,589517,256,280,152,5,8.144271
1,2,9,"q9_case1",1122,4608,660721461,589568,256,280,151,5,8.151316
1,2,9,"q9_case1",1123,4608,661311004,589543,256,278,151,5,8.158115
1,2,9,"q9_case1",1124,4608,661900350,589346,256,278,150,5,8.164662
1,2,9,"q9_case1",1125,4608,662489913,589563,256,276,149,5,8.171890
1,2,9,"q9_case1",1126,4608,663079243,589330,256,276,148,5,8.178192
1,2,9,"q9_case1",1127,4608,663668810,589567,256,274,148,5,8.185030
1,2,9,"q9_case1",1128,4608,664258152,589342,256,272,149,5,8.191330
1,2,9,"q9_case1",1129,4608,664847717,589565,256,272,147,5,8.198485
1,2,9,"q9_case1",1130,4608,665437225,589508,256,270,148,5,8.205296
1,2,9,"q9_case1",1131,4608,666026688,589463,256,270,146,5,8.211675
1,2,9,"q9_case1",1132,4608,666616254,589566,256,268,145,5,8.218799
1,2,9,"q9_case1",1133,4608,667205753,589499,256,268,144,5,8.228521
1,2,9,"q9_case1",1134,4608,667795205,589452,256,266,144,5,8.235331
1,2,9,"q9_case1",1135,4608,668384521,589316,256,266,142,5,8.241597
1,2,9,"q9_case1",1136,4608,668974085,589564,256,264,143,5,8.249507
1,2,9,"q9_case1",1137,4608,669563471,589386,256,264,141,5,8.256001
1,2,9,"q9_case1",1138,4608,670152996,589525,256,262,145,5,8.263163
1,2,9,"q9_case1",1139,4608,670742376,589380,256,262,144,5,8.269719
1,2,9,"q9_case1",1140,4608,671331893,589517,256,260,144,5,8.276621
1,2,9,"q9_case1",1141,4608,671921220,589327,256,260,143,5,8.283350
1,2,9,"q9_case1",1142,4608,672510718,589498,256,258,143,5,8.290034
1,2,9,"q9_case1",1143,4608,673100054,589336,256,258,142,5,8.296247
1,2,9,"q9_case1",1144,4608,673689618,589564,256,256,142,5,8.303069
1,2,9,"q9_case1",1145,4608,674278945,589327,256,256,141,5,8.309729
1,2,9,"q9_case1",1146,4608,674868442,589497,256,254,142,5,8.316916
1,2,9,"q9_case1",1147,4608,675457775,589333,256,254,141,5,8.323494
1,2,9,"q9_case1",1148,4608,676047340,589565,256,254,142,4,8.330796
1,2,9,"q9_case1",1149,4608,676636676,589336,256,252,139,5,8.337289
1,2,9,"q9_case1",1150,4608,677226244,589568,256,250,139,5,8.344753
1,2,9,"q9_case1",1151,4608,677815742,589498,256,248,138,5,8.351554
1,2,9,"q9_case1",1152,4608,678405103,589361,256,248,137,5,8.358516
1,2,9,"q9_case1",1153,4608,678994404,589301,256,246,138,5,8.367564
1,2,9,"q9_case1",1154,4608,679583687,589283,256,244,137,5,8.374032
1,2,9,"q9_case1",1155,4608,680173255,589568,256,244,136,5,8.381011
1,2,9,"q9_case1",1156,4608,680762740,589485,256,242,137,5,8.388242
1,2,9,"q9_case1",1157,4608,681352077,589337,256,242,136,5,8.394796
1,2,9,"q9_case1",1158,4608,681941642,589565,256,242,135,5,8.401951
1,2,9,"q9_case1",1159,4608,682530960,589318,256,242,134,5,8.409203
1,2,9,"q9_case1",1160,4608,683120261,589301,256,242,133,5,8.416403
1,2,9,"q9_case1",1161,4608,683709583,589322,256,242,132,5,8.423819
1,2,9,"q9_case1",1162,4608,684298948,589365,256,240,131,5,8.431013
1,2,9,"q9_case1",1163,4608,684888337,589389,256,240,130,5,8.438092
1,2,9,"q9_case1",1164,4608,685477852,589515,256,238,131,5,8.445268
1,2,9,"q9_case1",1165,4608,686067178,589326,256,238,130,5,8.451848
1,2,9,"q9_case1",1166,4608,686656671,589493,256,236,132,5,8.458657
1,2,9,"q9_case1",1167,4608,687245999,589328,256,236,131,5,8.468131
1,2,9,"q9_case1",1168,4608,687835493,589494,256,234,133,5,8.475040
1,2,9,"q9_case1",1169,4608,688424826,589333,256,234,132,5,8.481349
1,2,9,"q9_case1",1170,4608,689014394,589568,256,232,132,5,8.488240
1,2,9,"q9_case1",1171,4608,689603725,589331,256,230,133,5,8.494660
1,2,9,"q9_case1",1172,4608,690193282,589557,256,230,132,5,8.501529
1,2,9,"q9_case1",1173,4608,690782773,589491,256,228,133,5,8.508604
1,2,9,"q9_case1",1174,4608,691372104,589331,256,228,132,5,8.514942
1,2,9,"q9_case1",1175,4608,691961672,589568,256,228,133,4,8.521948
1,2,9,"q9_case1",1176,4608,692551009,589337,256,228,132,4,8.528325
1,2,9,"q9_case1",1177,4608,693140577,589568,256,228,131,4,8.535488
1,2,9,"q9_case1",1178,4608,693729894,589317,256,228,130,4,8.542756
1,2,9,"q9_case1",1179,4608,694319240,589346,256,226,129,4,8.549903
1,2,9,"q9_case1",1180,4608,694908686,589446,256,226,128,4,8.557310
1,2,9,"q9_case1",1181,4608,695498210,589524,256,224,127,4,8.564277
1,2,9,"q9_case1",1182,4608,696087547,589337,256,224,126,4,8.571283
1,2,9,"q9_case1",1183,4608,696677041,589494,256,224,125,4,8.577887
1,2,9,"q9_case1",1184,4608,697266354,589313,256,224,124,4,8.585008
1,2,9,"q9_case1",1185,4608,697855484,589130,256,224,123,4,8.592299
1,2,9,"q9_case1",1186,4608,698444694,589210,256,224,122,4,8.599418
1,2,9,"q9_case1",1187,4608,699033948,589254,256,222,121,4,8.607461
1,2,9,"q9_case1",1188,4608,699623355,589407,256,222,120,4,8.614780
1,2,9,"q9_case1",1189,4608,700212869,589514,256,220,121,4,8.622423
1,2,9,"q9_case1",1190,4608,700802191,589322,256,218,120,4,8.629490
1,2,9,"q9_case1",1191,4608,701391663,589472,256,218,119,4,8.636863
1,2,9,"q9_case1",1192,4608,701981123,589460,256,216,120,4,8.648237
1,2,9,"q9_case1",1193,4608,702570443,589320,256,214,119,4,8.655241
1,2,9,"q9_case1",1194,4608,703159923,589480,256,214,118,4,8.662287
1,2,9,"q9_case1",1195,4608,703749417,589494,256,212,119,4,8.668936
1,2,9,"q9_case1",1196,4608,704338736,589319,256,212,118,4,8.675961
1,2,9,"q9_case1",1197,4608,704928209,589473,256,212,117,4,8.683194
1,2,9,"q9_case1",1198,4608,705517522,589313,256,212,116,4,8.690350
1,2,9,"q9_case1",1199,4608,706106788,589266,256,212,115,4,8.697598
1,2,9,"q9_case1",1200,4608,706696159,589371,256,212,114,4,8.708760
1,2,9,"q9_case1",1201,4608,707285529,589370,256,212,113,4,8.715924
1,2,9,"q9_case1",1202,4608,707874894,589365,256,212,112,4,8.723206
1,2,9,"q9_case1",1203,4608,708464265,589371,256,210,111,4,8.730360
1,2,9,"q9_case1",1204,4608,709053676,589411,256,210,110,4,8.737534
1,2,9,"q9_case1",1205,4608,709643172,589496,256,208,111,4,8.748181
1,2,9,"q9_case1",1206,4608,710232503,589331,256,208,110,4,8.755186
1,2,9,"q9_case1",1207,4608,710821985,589482,256,206,108,4,8.762338
1,2,9,"q9_case1",1208,4608,711411300,589315,256,206,107,4,8.769488
1,2,9,"q9_case1",1209,4608,712000790,589490,256,204,108,4,8.776460
1,2,9,"q9_case1",1210,4608,712590109,589319,256,204,107,4,8.783586
1,2,9,"q9_case1",1211,4608,713179580,589471,256,204,106,4,8.790648
1,2,9,"q9_case1",1212,4608,713768892,589312,256,204,105,4,8.797833
1,2,9,"q9_case1",1213,4608,714358125,589233,256,204,104,4,8.805113
1,2,9,"q9_case1",1214,4608,714947421,589296,256,204,103,4,8.812411
1,2,9,"q9_case1",1215,4608,715536774,589353,256,204,102,4,8.819833
1,2,9,"q9_case1",1216,4608,716126152,589378,256,204,101,4,8.827076
1,2,9,"q9_case1",1217,4608,716715518,589366,256,204,100,4,8.834261
1,2,9,"q9_case1",1218,4608,717304873,589355,256,204,99,4,8.841512
1,2,9,"q9_case1",1219,4608,717894216,589343,256,204,98,4,8.848715
1,2,9,"q9_case1",1220,4608,718483585,589369,256,204,97,4,8.857138
1,2,9,"q9_case1",1221,4608,719072918,589333,256,204,96,4,8.864294
1,2,9,"q9_case1",1222,4608,719662246,589328,256,202,96,4,8.871730
1,2,9,"q9_case1",1223,4608,720251588,589342,256,202,95,4,8.878997
1,2,9,"q9_case1",1224,4608,720841064,589476,256,200,95,4,8.885803
1,2,9,"q9_case1",1225,4608,721430376,589312,256,200,94,4,8.893084
1,2,9,"q9_case1",1226,4608,722019838,589462,256,198,95,4,8.899919
1,2,9,"q9_case1",1227,4608,722609154,589316,256,198,94,4,8.907200
1,2,9,"q9_case1",1228,4608,723198633,589479,256,198,93,4,8.917624
1,2,9,"q9_case1",1229,4608,723787947,589314,256,198,92,4,8.925099
1,2,9,"q9_case1",1230,4608,724377051,589104,256,198,91,4,8.932503
1,2,9,"q9_case1",1231,4608,724966181,589130,256,198,90,4,8.939853
1,2,9,"q9_case1",1232,4608,725555425,589244,256,198,89,4,8.947287
1,2,9,"q9_case1",1233,4608,726144712,589287,256,198,88,4,8.956861
1,2,9,"q9_case1",1234,4608,726734012,589300,256,198,87,4,8.964220
1,2,9,"q9_case1",1235,4608,727323284,589272,256,196,87,4,8.971358
1,2,9,"q9_case1",1236,4608,727912566,589282,256,196,86,4,8.978597
1,2,9,"q9_case1",1237,4608,728502029,589463,256,194,87,4,8.985323
1,2,9,"q9_case1",1238,4608,729091359,589330,256,194,86,4,8.992059
1,2,9,"q9_case1",1239,4608,729680828,589469,256,192,86,4,8.998655
1,2,9,"q9_case1",1240,4608,730270153,589325,256,192,85,4,9.005707
1,2,9,"q9_case1",1241,4608,730859611,589458,256,190,86,4,9.012409
1,2,9,"q9_case1",1242,4608,731448942,589331,256,188,86,4,9.019317
1,2,9,"q9_case1",1243,4608,732038417,589475,256,188,85,4,9.026196
1,2,9,"q9_case1",1244,4608,732627905,589488,256,186,86,4,9.032901
1,2,9,"q9_case1",1245,4608,733217233,589328,256,186,85,4,9.039904
1,2,9,"q9_case1",1246,4608,733806695,589462,256,186,84,4,9.046709
1,2,9,"q9_case1",1247,4608,734396021,589326,256,186,83,4,9.054042
1,2,9,"q9_case1",1248,4608,734985132,589111,256,186,82,4,9.061204
1,2,9,"q9_case1",1249,4608,735574249,589117,256,184,82,4,9.068391
1,2,9,"q9_case1",1250,4608,736163467,589218,256,184,81,4,9.075485
1,2,9,"q9_case1",1251,4608,736752895,589428,256,182,82,4,9.084188
1,2,9,"q9_case1",1252,4608,737342223,589328,256,182,81,4,9.091211
1,2,9,"q9_case1",1253,4608,737931699,589476,256,180,82,4,9.097780
1,2,9,"q9_case1",1254,4608,738521023,589324,256,180,81,4,9.104905
1,2,9,"q9_case1",1255,4608,739110456,589433,256,180,80,4,9.111715
1,2,9,"q9_case1",1256,4608,739699781,589325,256,180,79,4,9.118682
1,2,9,"q9_case1",1257,4608,740288867,589086,256,180,78,4,9.125869
1,2,9,"q9_case1",1258,4608,740877919,589052,256,180,77,4,9.133337
1,2,9,"q9_case1",1259,4608,741467126,589207,256,178,77,4,9.140673
1,2,9,"q9_case1",1260,4608,742056393,589267,256,178,76,4,9.147913
1,2,9,"q9_case1",1261,4608,742645860,589467,256,176,75,4,9.154719
1,2,9,"q9_case1",1262,4608,743235185,589325,256,174,77,4,9.166096
1,2,9,"q9_case1",1263,4608,743824671,589486,256,174,75,4,9.172953
1,2,9,"q9_case1",1264,4608,744414143,589472,256,172,74,4,9.179543
1,2,9,"q9_case1",1265,4608,745003620,589477,256,172,73,4,9.186289
1,2,9,"q9_case1",1266,4608,745592997,589377,256,170,74,4,9.193042
1,2,9,"q9_case1",1267,4608,746182295,589298,256,168,74,4,9.199919
1,2,9,"q9_case1",1268,4608,746771772,589477,256,168,73,4,9.206744
1,2,9,"q9_case1",1269,4608,747361228,589456,256,166,74,4,9.213658
1,2,9,"q9_case1",1270,4608,747950570,589342,256,166,73,4,9.220771
1,2,9,"q9_case1",1271,4608,748540006,589436,256,166,72,4,9.227346
1,2,9,"q9_case1",1272,4608,749129333,589327,256,166,71,4,9.234159
1,2,9,"q9_case1",1273,4608,749718441,589108,256,166,70,4,9.241282
1,2,9,"q9_case1",1274,4608,750307344,588903,256,166,69,4,9.248401
1,2,9,"q9_case1",1275,4608,750896245,588901,256,166,68,4,9.255577
1,2,9,"q9_case1",1276,4608,751485155,588910,256,166,67,4,9.266474
1,2,9,"q9_case1",1277,4608,752074089,588934,256,166,66,4,9.273581
1,2,9,"q9_case1",1278,4608,752663089,589000,256,166,65,4,9.280658
1,2,9,"q9_case1",1279,4608,753252117,589028,256,166,64,4,9.287597
1,2,9,"q9_case1",1280,4608,753841266,589149,256,164,66,4,9.293999
1,2,9,"q9_case1",1281,4608,754430462,589196,256,164,64,4,9.300884
1,2,9,"q9_case1",1282,4608,755019871,589409,256,162,66,4,9.307499
1,2,9,"q9_case1",1283,4608,755609364,589493,256,162,64,4,9.314347
1,2,9,"q9_case1",1284,4608,756198882,589518,256,160,65,4,9.326087
1,2,9,"q9_case1",1285,4608,756788409,589527,256,160,63,4,9.332620
1,2,9,"q9_case1",1286,4608,757377927,589518,256,158,65,4,9.339356
1,2,9,"q9_case1",1287,4608,757967447,589520,256,158,63,4,9.346227
1,2,9,"q9_case1",1288,4608,758556943,589496,256,156,65,4,9.352927
1,2,9,"q9_case1",1289,4608,759146455,589512,256,156,64,4,9.359520
1,2,9,"q9_case1",1290,4608,759735979,589524,256,154,63,4,9.366098
1,2,9,"q9_case1",1291,4608,760325391,589412,256,152,62,4,9.372921
1,2,9,"q9_case1",1292,4608,760914887,589496,256,152,61,4,9.379299
1,2,9,"q9_case1",1293,4608,761504253,589366,256,150,60,4,9.386084
1,2,9,"q9_case1",1294,4608,762093548,589295,256,150,59,4,9.392599
1,2,9,"q9_case1",1295,4608,762683060,589512,256,148,60,4,9.399680
1,2,9,"q9_case1",1296,4608,763272401,589341,256,148,59,4,9.406472
1,2,9,"q9_case1",1297,4608,763861891,589490,256,146,61,4,9.413290
1,2,9,"q9_case1",1298,4608,764451267,589376,256,146,59,4,9.420005
1,2,9,"q9_case1",1299,4608,765040772,589505,256,144,62,4,9.426718
1,2,9,"q9_case1",1300,4608,765630272,589500,256,144,59,4,9.433488
1,2,9,"q9_case1",1301,4608,766219730,589458,256,142,58,4,9.440330
1,2,9,"q9_case1",1302,4608,766809251,589521,256,140,60,4,9.446965
1,2,9,"q9_case1",1303,4608,767398672,589421,256,140,56,4,9.453785
1,2,9,"q9_case1",1304,4608,767988063,589391,256,140,55,4,9.460531
1,2,9,"q9_case1",1305,4608,768577505,589442,256,138,55,4,9.467353
1,2,9,"q9_case1",1306,4608,769166841,589336,256,138,54,4,9.473967
1,2,9,"q9_case1",1307,4608,769756333,589492,256,136,55,4,9.480806
1,2,9,"q9_case1",1308,4608,770345692,589359,256,134,54,4,9.487443
1,2,9,"q9_case1",1309,4608,770935196,589504,256,134,53,4,9.493829
1,2,9,"q9_case1",1310,4608,771524539,589343,256,132,55,4,9.500741
1,2,9,"q9_case1",1311,4608,772113851,589312,256,132,53,4,9.507683
1,2,9,"q9_case1",1312,4608,772703259,589408,256,130,55,4,9.514482
1,2,9,"q9_case1",1313,4608,773292738,589479,256,128,53,4,9.526133
1,2,9,"q9_case1",1314,4608,773882252,589514,256,128,52,4,9.532393
1,2,9,"q9_case1",1315,4608,774471606,589354,256,128,51,4,9.539364
1,2,9,"q9_case1",1316,4608,775060936,589330,256,126,51,4,9.546092
1,2,9,"q9_case1",1317,4608,775650121,589185,256,126,50,4,9.552799
1,2,9,"q9_case1",1318,4608,776239612,589491,256,124,50,4,9.559531
1,2,9,"q9_case1",1319,4608,776828969,589357,256,124,49,4,9.566221
1,2,9,"q9_case1",1320,4608,777418477,589508,256,122,50,4,9.572999
1,2,9,"q9_case1",1321,4608,778007839,589362,256,120,49,4,9.579658
1,2,9,"q9_case1",1322,4608,778597357,589518,256,120,48,4,9.586017
1,2,9,"q9_case1",1323,4608,779186737,589380,256,118,49,4,9.592883
1,2,9,"q9_case1",1324,4608,779776028,589291,256,118,48,4,9.599742
1,2,9,"q9_case1",1325,4608,780365418,589390,256,116,49,4,9.606486
1,2,9,"q9_case1",1326,4608,780954788,589370,256,116,48,4,9.613217
1,2,9,"q9_case1",1327,4608,781544196,589408,256,116,47,4,9.620050
1,2,9,"q9_case1",1328,4608,782133565,589369,256,114,48,4,9.626608
1,2,9,"q9_case1",1329,4608,782722804,589239,256,114,47,4,9.633269
1,2,9,"q9_case1",1330,4608,783312180,589376,256,114,46,4,9.640014
1,2,9,"q9_case1",1331,4608,783901514,589334,256,114,45,4,9.646560
1,2,9,"q9_case1",1332,4608,784490683,589169,256,114,44,4,9.653043
1,2,9,"q9_case1",1333,4608,785079813,589130,256,114,44,4,9.659763
1,2,9,"q9_case1",1334,4608,785669139,589326,256,112,45,4,9.666584
1,2,9,"q9_case1",1335,4608,786258589,589450,256,112,44,4,9.673387
1,2,9,"q9_case1",1336,4608,786848110,589521,256,112,43,4,9.679988
1,2,9,"q9_case1",1337,4608,787437431,589321,256,112,42,4,9.686381
1,2,9,"q9_case1",1338,4608,788026714,589283,256,112,42,4,9.692969
1,2,9,"q9_case1",1339,4608,788616074,589360,256,112,42,4,9.699940
1,2,9,"q9_case1",1340,4608,789205508,589434,256,112,41,4,9.706690
1,2,9,"q9_case1",1341,4608,789794982,589474,256,112,41,4,9.713382
1,2,9,"q9_case1",1342,4608,790384429,589447,256,112,41,4,9.720155
1,2,9,"q9_case1",1343,4608,790973914,589485,256,112,40,4,9.726820
1,2,9,"q9_case1",1344,4608,791563397,589483,256,112,40,4,9.733467
1,2,9,"q9_case1",1345,4608,792152890,589493,256,112,40,4,9.740147
1,2,9,"q9_case1",1346,4608,792742334,589444,256,112,39,4,9.746869
1,2,9,"q9_case1",1347,4608,793331748,589414,256,110,40,4,9.756666
1,2,9,"q9_case1",1348,4608,793921241,589493,256,110,39,4,9.763489
1,2,9,"q9_case1",1349,4608,794510780,589539,256,108,39,4,9.770582
1,2,9,"q9_case1",1350,4608,795100198,589418,256,108,38,4,9.777359
1,2,9,"q9_case1",1351,4608,795689729,589531,256,108,38,4,9.784192
1,2,9,"q9_case1",1352,4608,796279102,589373,256,108,37,4,9.791191
1,2,9,"q9_case1",1353,4608,796868475,589373,256,106,38,4,9.797893
1,2,9,"q9_case1",1354,4608,797457942,589467,256,106,37,4,9.804936
1,2,9,"q9_case1",1355,4608,798047444,589502,256,104,38,4,9.811798
1,2,9,"q9_case1",1356,4608,798636791,589347,256,104,37,4,9.818858
1,2,9,"q9_case1",1357,4608,799226204,589413,256,104,36,4,9.825743
1,2,9,"q9_case1",1358,4608,799815532,589328,256,104,35,4,9.833973
1,2,9,"q9_case1",1359,4608,800404757,589225,256,104,35,4,9.841136
1,2,9,"q9_case1",1360,4608,800994061,589304,256,104,35,4,9.848315
1,2,9,"q9_case1",1361,4608,801583412,589351,256,102,35,4,9.854970
1,2,9,"q9_case1",1362,4608,802172879,589467,256,102,34,4,9.861619
1,2,9,"q9_case1",1363,4608,802762369,589490,256,102,34,4,9.868489
1,2,9,"q9_case1",1364,4608,803351732,589363,256,102,34,4,9.875585
1,2,9,"q9_case1",1365,4608,803941126,589394,256,102,33,4,9.882398
1,2,9,"q9_case1",1366,4608,804530621,589495,256,102,33,4,9.889226
1,2,9,"q9_case1",1367,4608,805120097,589476,256,100,33,4,9.896332
1,2,9,"q9_case1",1368,4608,805709589,589492,256,100,34,4,9.902891
1,2,9,"q9_case1",1369,4608,806299118,589529,256,100,33,4,9.909759
1,2,9,"q9_case1",1370,4608,806888467,589349,256,100,32,4,9.916282
1,2,9,"q9_case1",1371,4608,807477986,589519,256,100,32,4,9.923383
1,2,9,"q9_case1",1372,4608,808067490,589504,256,100,32,4,9.930656
1,2,9,"q9_case1",1373,4608,808656923,589433,256,100,31,4,9.937559
1,2,9,"q9_case1",1374,4608,809246455,589532,256,100,31,4,9.944240
1,2,9,"q9_case1",1375,4608,809835912,589457,256,100,31,4,9.951267
1,2,9,"q9_case1",1376,4608,810425328,589416,256,100,31,4,9.958399
1,2,9,"q9_case1",1377,4608,811014825,589497,256,100,31,4,9.965598
1,2,9,"q9_case1",1378,4608,811604283,589458,256,100,31,4,9.972765
1,2,9,"q9_case1",1379,4608,812193758,589475,256,100,31,4,9.979690
1,2,9,"q9_case1",1380,4608,812783162,589404,256,98,31,4,9.986734
1,2,9,"q9_case1",1381,4608,813372642,589480,256,98,30,4,9.997142
1,2,9,"q9_case1",1382,4608,813962195,589553,256,98,31,4,10.004374
1,2,9,"q9_case1",1383,4608,814551518,589323,256,98,30,4,10.011679
1,2,9,"q9_case1",1384,4608,815140860,589342,256,96,31,4,10.018528
1,2,9,"q9_case1",1385,4608,815730398,589538,256,96,30,4,10.025643
1,2,9,"q9_case1",1386,4608,816319947,589549,256,96,31,4,10.034066
1,2,9,"q9_case1",1387,4608,816909291,589344,256,94,30,4,10.041389
1,2,9,"q9_case1",1388,4608,817498650,589359,256,94,29,4,10.047581
1,2,9,"q9_case1",1389,4608,818088205,589555,256,94,30,4,10.055625
1,2,9,"q9_case1",1390,4608,818677472,589267,256,92,29,4,10.062612
1,2,9,"q9_case1",1391,4608,819266724,589252,256,92,30,4,10.068790
1,2,9,"q9_case1",1392,4608,819856276,589552,256,90,32,4,10.075920
1,2,9,"q9_case1",1393,4608,820445630,589354,256,90,29,4,10.082666
1,2,9,"q9_case1",1394,4608,821035165,589535,256,90,28,4,10.089382
1,2,9,"q9_case1",1395,4608,821624572,589407,256,88,29,4,10.096502
1,2,9,"q9_case1",1396,4608,822213906,589334,256,88,28,4,10.103689
1,2,9,"q9_case1",1397,4608,822803390,589484,256,86,29,4,10.110483
1,2,9,"q9_case1",1398,4608,823392734,589344,256,86,27,4,10.117481
1,2,9,"q9_case1",1399,4608,823982235,589501,256,84,29,4,10.124202
1,2,9,"q9_case1",1400,4608,824571621,589386,256,84,27,4,10.130907
1,2,9,"q9_case1",1401,4608,825161061,589440,256,82,29,4,10.137857
1,2,9,"q9_case1",1402,4608,825750469,589408,256,82,28,4,10.144728
1,2,9,"q9_case1",1403,4608,826339948,589479,256,80,27,4,10.151625
1,2,9,"q9_case1",1404,4608,826929273,589325,256,80,26,4,10.158176
1,2,9,"q9_case1",1405,4608,827518761,589488,256,78,25,4,10.165072
1,2,9,"q9_case1",1406,4608,828108096,589335,256,78,26,4,10.171548
1,2,9,"q9_case1",1407,4608,828697559,589463,256,76,25,4,10.178547
1,2,9,"q9_case1",1408,4608,829286888,589329,256,76,24,4,10.184933
1,2,9,"q9_case1",1409,4608,829876421,589533,256,74,25,4,10.191825
1,2,9,"q9_case1",1410,4608,830465745,589324,256,74,24,4,10.198812
1,2,9,"q9_case1",1411,4608,831055194,589449,256,74,23,4,10.205722
1,2,9,"q9_case1",1412,4608,831644584,589390,256,72,24,4,10.212879
1,2,9,"q9_case1",1413,4608,832234017,589433,256,72,23,4,10.219765
1,2,9,"q9_case1",1414,4608,832823434,589417,256,70,24,4,10.226635
1,2,9,"q9_case1",1415,4608,833412777,589343,256,70,23,4,10.233529
1,2,9,"q9_case1",1416,4608,834002214,589437,256,70,22,4,10.240344
1,2,9,"q9_case1",1417,4608,834591555,589341,256,70,23,4,10.247431
1,2,9,"q9_case1",1418,4608,835180928,589373,256,70,22,4,10.254403
1,2,9,"q9_case1",1419,4608,835770276,589348,256,68,23,4,10.261302
1,2,9,"q9_case1",1420,4608,836359786,589510,256,68,22,4,10.268644
1,2,9,"q9_case1",1421,4608,836949291,589505,256,68,21,4,10.275489
1,2,9,"q9_case1",1422,4608,837538631,589340,256,66,24,4,10.282434
1,2,9,"q9_case1",1423,4608,838128005,589374,256,66,23,4,10.289497
1,2,9,"q9_case1",1424,4608,838717410,589405,256,66,22,4,10.296337
1,2,9,"q9_case1",1425,4608,839306762,589352,256,66,21,4,10.303296
1,2,9,"q9_case1",1426,4608,839895972,589210,256,66,20,4,10.310213
1,2,9,"q9_case1",1427,4608,840485267,589295,256,66,21,4,10.317431
1,2,9,"q9_case1",1428,4608,841074584,589317,256,66,20,4,10.324250
1,2,9,"q9_case1",1429,4608,841663892,589308,256,64,22,4,10.331126
1,2,9,"q9_case1",1430,4608,842253397,589505,256,64,21,4,10.338130
1,2,9,"q9_case1",1431,4608,842842881,589484,256,62,20,4,10.344970
1,2,9,"q9_case1",1432,4608,843432295,589414,256,60,21,4,10.351426
1,2,9,"q9_case1",1433,4608,844021752,589457,256,60,20,4,10.358538
1,2,9,"q9_case1",1434,4608,844611149,589397,256,58,19,4,10.365981
1,2,9,"q9_case1",1435,4608,845200484,589335,256,58,20,4,10.372471
1,2,9,"q9_case1",1436,4608,845789954,589470,256,56,19,4,10.379446
1,2,9,"q9_case1",1437,4608,846379276,589322,256,56,18,4,10.385984
1,2,9,"q9_case1",1438,4608,846968758,589482,256,56,19,4,10.392922
1,2,9,"q9_case1",1439,4608,847558124,589366,256,54,20,4,10.400129
1,2,9,"q9_case1",1440,4608,848147370,589246,256,54,19,4,10.407152
1,2,9,"q9_case1",1441,4608,848736882,589512,256,54,18,4,10.413855
1,2,9,"q9_case1",1442,4608,849326194,589312,256,54,17,4,10.420883
1,2,9,"q9_case1",1443,4608,849915375,589181,256,54,18,4,10.427968
1,2,9,"q9_case1",1444,4608,850504858,589483,256,54,17,4,10.435058
1,2,9,"q9_case1",1445,4608,851094249,589391,256,54,16,4,10.441888
1,2,9,"q9_case1",1446,4608,851683761,589512,256,52,18,4,10.448939
1,2,9,"q9_case1",1447,4608,852273234,589473,256,52,17,4,10.456028
1,2,9,"q9_case1",1448,4608,852862697,589463,256,52,16,4,10.463070
1,2,9,"q9_case1",1449,4608,853452108,589411,256,50,19,4,10.470142
1,2,9,"q9_case1",1450,4608,854041447,589339,256,50,18,4,10.477066
1,2,9,"q9_case1",1451,4608,854630808,589361,256,50,17,4,10.483954
1,2,9,"q9_case1",1452,4608,855220155,589347,256,48,16,4,10.490988
1,2,9,"q9_case1",1453,4608,855809435,589280,256,48,17,4,10.497250
1,2,9,"q9_case1",1454,4608,856398966,589531,256,48,16,4,10.504023
1,2,9,"q9_case1",1455,4608,856988322,589356,256,48,15,4,10.510864
1,2,9,"q9_case1",1456,4608,857577740,589418,256,46,17,4,10.517796
1,2,9,"q9_case1",1457,4608,858167161,589421,256,46,15,4,10.524962
1,2,9,"q9_case1",1458,4608,858756616,589455,256,46,16,4,10.531443
1,2,9,"q9_case1",1459,4608,859346036,589420,256,44,15,4,10.538241
1,2,9,"q9_case1",1460,4608,859935380,589344,256,44,16,4,10.544456
1,2,9,"q9_case1",1461,4608,860524856,589476,256,42,16,4,10.551309
1,2,9,"q9_case1",1462,4608,861114195,589339,256,40,14,4,10.557816
1,2,9,"q9_case1",1463,4608,861703670,589475,256,40,15,4,10.564137
1,2,9,"q9_case1",1464,4608,862293147,589477,256,38,13,4,10.570941
1,2,9,"q9_case1",1465,4608,862882507,589360,256,38,14,4,10.577000
1,2,9,"q9_case1",1466,4608,863472002,589495,256,38,13,4,10.583735
1,2,9,"q9_case1",1467,4608,864061351,589349,256,36,14,4,10.590588
1,2,9,"q9_case1",1468,4608,864650787,589436,256,36,13,4,10.597530
1,2,9,"q9_case1",1469,4608,865240265,589478,256,34,12,4,10.604347
1,2,9,"q9_case1",1470,4608,865829701,589436,256,34,13,4,10.610731
1,2,9,"q9_case1",1471,4608,866419153,589452,256,34,12,4,10.617463
1,2,9,"q9_case1",1472,4608,867008543,589390,256,32,12,4,10.624359
1,2,9,"q9_case1",1473,4608,867597967,589424,256,32,13,3,10.630951
1,2,9,"q9_case1",1474,4608,868187451,589484,256,32,14,3,10.637274
1,2,9,"q9_case1",1475,4608,868776859,589408,256,30,12,4,10.644117
1,2,9,"q9_case1",1476,4608,869366172,589313,256,28,12,4,10.650895
1,2,9,"q9_case1",1477,4608,869955621,589449,256,26,10,4,10.657281
1,2,9,"q9_case1",1478,4608,870544969,589348,256,26,11,3,10.663554
1,2,9,"q9_case1",1479,4608,871134206,589237,256,24,10,4,10.669927
1,2,9,"q9_case1",1480,4608,871723418,589212,256,24,9,4,10.676650
1,2,9,"q9_case1",1481,4608,872312690,589272,256,24,12,3,10.683527
1,2,9,"q9_case1",1482,4608,872902033,589343,256,22,10,3,10.690208
1,2,9,"q9_case1",1483,4608,873491324,589291,256,22,9,3,10.696506
1,2,9,"q9_case1",1484,4608,874080803,589479,256,22,10,3,10.702750
1,2,9,"q9_case1",1485,4608,874670178,589375,256,20,11,3,10.709556
1,2,9,"q9_case1",1486,4608,875259447,589269,256,18,10,3,10.716526
1,2,9,"q9_case1",1487,4608,875848954,589507,256,16,8,3,10.722909
1,2,9,"q9_case1",1488,4608,876438213,589259,256,16,7,3,10.729241
1,2,9,"q9_case1",1489,4608,877027585,589372,256,16,8,3,10.735490
1,2,9,"q9_case1",1490,4608,877616933,589348,256,16,11,2,10.742236
1,2,9,"q9_case1",1491,4608,878206221,589288,256,16,10,2,10.748907
1,2,9,"q9_case1",1492,4608,878795672,589451,256,16,9,2,10.756098
1,2,9,"q9_case1",1493,4608,879385034,589362,256,16,10,2,10.763080
1,2,9,"q9_case1",1494,4608,879974396,589362,256,14,9,2,10.770104
1,2,9,"q9_case1",1495,4608,880563799,589403,256,14,8,2,10.776286
1,2,9,"q9_case1",1496,4608,881153262,589463,256,14,9,2,10.782627
1,2,9,"q9_case1",1497,4608,881742655,589393,256,14,8,2,10.789570
1,2,9,"q9_case1",1498,4608,882331959,589304,256,14,7,2,10.796574
1,2,9,"q9_case1",1499,4608,882921328,589369,256,14,8,2,10.803649
1,2,9,"q9_case1",1500,4608,883510734,589406,256,12,9,2,10.810544
1,2,9,"q9_case1",1501,4608,884100159,589425,256,12,8,2,10.817035
1,2,9,"q9_case1",1502,4608,884689615,589456,256,12,7,2,10.823408
1,2,9,"q9_case1",1503,4608,885278997,589382,256,12,12,1,10.829896
1,2,9,"q9_case1",1504,4608,885868280,589283,256,12,7,2,10.836909
1,2,9,"q9_case1",1505,4608,886457567,589287,256,10,8,2,10.843904
1,2,9,"q9_case1",1506,4608,887046912,589345,256,10,7,2,10.850334
1,2,9,"q9_case1",1507,4608,887636292,589380,256,10,10,1,10.856925
1,2,9,"q9_case1",1508,4608,888225673,589381,256,8,5,2,10.863286
1,2,9,"q9_case1",1509,4608,888815075,589402,256,8,4,2,10.869562
1,2,9,"q9_case1",1510,4608,889404486,589411,256,6,3,3,10.875877
1,2,9,"q9_case1",1511,4608,889993904,589418,256,4,2,2,10.882071
1,2,9,"q9_case1",1512,4608,890583330,589426,256,4,3,2,10.888338
1,2,9,"q9_case1",1513,4608,891172856,589526,256,2,2,1,10.894789
1,2,9,"q9_case1",1514,4608,891762295,589439,1,0,0,0,10.899944
2,2,9,"q9_case2",1,4608,2304,2304,256,2116,509,8,0.003064
2,2,9,"q9_case2",2,4608,591872,589568,256,2114,508,8,0.010383
2,2,9,"q9_case2",3,4608,1181199,589327,256,2112,507,8,0.018023
2,2,9,"q9_case2",4,4608,1770550,589351,256,2110,506,8,0.025380
2,2,9,"q9_case2",5,4608,2359724,589174,256,2108,505,8,0.034748
2,2,9,"q9_case2",6,4608,2948936,589212,256,2106,504,8,0.043162
2,2,9,"q9_case2",7,4608,3538140,589204,256,2104,503,8,0.051467
2,2,9,"q9_case2",8,4608,4127319,589179,256,2102,502,8,0.059742
2,2,9,"q9_case2",9,4608,4716485,589166,256,2100,501,8,0.067984
2,2,9,"q9_case2",10,4608,5305622,589137,256,2098,500,8,0.076093
2,2,9,"q9_case2",11,4608,5894776,589154,256,2096,499,8,0.084443
2,2,9,"q9_case2",12,4608,6483967,589191,256,2094,498,8,0.092132
2,2,9,"q9_case2",13,4608,7073192,589225,256,2092,498,8,0.099598
2,2,9,"q9_case2",14,4608,7662529,589337,256,2090,497,8,0.107856
2,2,9,"q9_case2",15,4608,8251866,589337,256,2088,497,8,0.115894
2,2,9,"q9_case2",16,4608,8841423,589557,256,2086,496,8,0.124307
2,2,9,"q9_case2",17,4608,9430747,589324,256,2084,496,8,0.132588
2,2,9,"q9_case2",18,4608,10020305,589558,256,2082,496,8,0.140697
2,2,9,"q9_case2",19,4608,10609639,589334,256,2080,495,8,0.149323
2,2,9,"q9_case2",20,4608,11198966,589327,256,2078,495,8,0.157481
2,2,9,"q9_case2",21,4608,11788521,589555,256,2076,494,8,0.165633
2,2,9,"q9_case2",22,4608,12377843,589322,256,2074,494,8,0.173308
2,2,9,"q9_case2",23,4608,12967393,589550,256,2072,493,8,0.181506
2,2,9,"q9_case2",24,4608,13556723,589330,256,2070,493,8,0.189326
2,2,9,"q9_case2",25,4608,14146272,589549,256,2068,493,8,0.198007
2,2,9,"q9_case2",26,4608,14735600,589328,256,2066,493,8,0.206498
2,2,9,"q9_case2",27,4608,15324897,589297,256,2064,492,8,0.214981
2,2,9,"q9_case2",28,4608,15914232,589335,256,2062,492,8,0.222870
2,2,9,"q9_case2",29,4608,16503788,589556,256,2060,491,8,0.231748
2,2,9,"q9_case2",30,4608,17093117,589329,256,2058,491,8,0.239767
2,2,9,"q9_case2",31,4608,17682667,589550,256,2056,490,8,0.248017
2,2,9,"q9_case2",32,4608,18271999,589332,256,2054,490,8,0.255702
2,2,9,"q9_case2",33,4608,18861554,589555,256,2052,490,8,0.264470
2,2,9,"q9_case2",34,4608,19450879,589325,256,2050,489,8,0.271758
2,2,9,"q9_case2",35,4608,20040218,589339,256,2048,489,8,0.278706
2,2,9,"q9_case2",36,4608,20629769,589551,256,2046,489,8,0.285851
2,2,9,"q9_case2",37,4608,21219086,589317,256,2044,489,8,0.293339
2,2,9,"q9_case2",38,4608,21808449,589363,256,2042,489,8,0.300622
2,2,9,"q9_case2",39,4608,22397852,589403,256,2040,489,8,0.308063
2,2,9,"q9_case2",40,4608,22987299,589447,256,2038,488,8,0.314944
2,2,9,"q9_case2",41,4608,23576711,589412,256,2036,488,8,0.321753
2,2,9,"q9_case2",42,4608,24166274,589563,256,2034,487,8,0.328770
2,2,9,"q9_case2",43,4608,24755604,589330,256,2032,487,8,0.335720
2,2,9,"q9_case2",44,4608,25345152,589548,256,2030,486,8,0.342859
2,2,9,"q9_case2",45,4608,25934484,589332,256,2028,486,8,0.350507
2,2,9,"q9_case2",46,4608,26524036,589552,256,2026,486,8,0.357653
2,2,9,"q9_case2",47,4608,27113366,589330,256,2024,486,8,0.365077
2,2,9,"q9_case2",48,4608,27702711,589345,256,2022,486,8,0.372201
2,2,9,"q9_case2",49,4608,28292192,589481,256,2020,486,8,0.379373
2,2,9,"q9_case2",50,4608,28881603,589411,256,2018,485,8,0.386497
2,2,9,"q9_case2",51,4608,29470967,589364,256,2016,485,8,0.393473
2,2,9,"q9_case2",52,4608,30060525,589558,256,2014,484,8,0.400670
2,2,9,"q9_case2",53,4608,30649863,589338,256,2012,484,8,0.407746
2,2,9,"q9_case2",54,4608,31239409,589546,256,2010,483,8,0.415044
2,2,9,"q9_case2",55,4608,31828744,589335,256,2008,483,8,0.421791
2,2,9,"q9_case2",56,4608,32418299,589555,256,2006,482,8,0.429157
2,2,9,"q9_case2",57,4608,33007630,589331,256,2004,482,8,0.436394
2,2,9,"q9_case2",58,4608,33597186,589556,256,2002,482,8,0.443803
2,2,9,"q9_case2",59,4608,34186518,589332,256,2000,481,8,0.451059
2,2,9,"q9_case2",60,4608,34775837,589319,256,1998,481,8,0.457942
2,2,9,"q9_case2",61,4608,35365396,589559,256,1996,480,8,0.465139
2,2,9,"q9_case2",62,4608,35954729,589333,256,1994,480,8,0.472229
2,2,9,"q9_case2",63,4608,36544271,589542,256,1992,480,8,0.479514
2,2,9,"q9_case2",64,4608,37133598,589327,256,1990,480,8,0.486773
2,2,9,"q9_case2",65,4608,37722904,589306,256,1988,480,8,0.496925
2,2,9,"q9_case2",66,4608,38312233,589329,256,1986,479,8,0.504116
2,2,9,"q9_case2",67,4608,38901578,589345,256,1984,479,8,0.510860
2,2,9,"q9_case2",68,4608,39491136,589558,256,1982,479,8,0.517907
2,2,9,"q9_case2",69,4608,40080465,589329,256,1980,478,8,0.525020
2,2,9,"q9_case2",70,4608,40669847,589382,256,1978,478,8,0.531917
2,2,9,"q9_case2",71,4608,41259404,589557,256,1976,478,8,0.539019
2,2,9,"q9_case2",72,4608,41848733,589329,256,1974,478,8,0.546210
2,2,9,"q9_case2",73,4608,42438072,589339,256,1972,477,8,0.553307
2,2,9,"q9_case2",74,4608,43027526,589454,256,1970,477,8,0.559889
2,2,9,"q9_case2",75,4608,43617077,589551,256,1968,476,8,0.567152
2,2,9,"q9_case2",76,4608,44206408,589331,256,1966,476,8,0.573782
2,2,9,"q9_case2",77,4608,44795963,589555,256,1964,475,8,0.580998
2,2,9,"q9_case2",78,4608,45385297,589334,256,1962,475,8,0.587695
2,2,9,"q9_case2",79,4608,45974855,589558,256,1960,474,8,0.594862
2,2,9,"q9_case2",80,4608,46564190,589335,256,1958,474,8,0.601635
2,2,9,"q9_case2",81,4608,47153746,589556,256,1956,473,8,0.608831
2,2,9,"q9_case2",82,4608,47743077,589331,256,1954,473,8,0.615558
2,2,9,"q9_case2",83,4608,48332633,589556,256,1952,473,8,0.622737
2,2,9,"q9_case2",84,4608,48921962,589329,256,1950,472,8,0.630739
2,2,9,"q9_case2",85,4608,49511269,589307,256,1948,472,8,0.637443
2,2,9,"q9_case2",86,4608,50100687,589418,256,1946,472,8,0.644570
2,2,9,"q9_case2",87,4608,50690018,589331,256,1944,472,8,0.651693
2,2,9,"q9_case2",88,4608,51279349,589331,256,1942,472,8,0.658765
2,2,9,"q9_case2",89,4608,51868691,589342,256,1940,471,8,0.665904
2,2,9,"q9_case2",90,4608,52458078,589387,256,1938,471,8,0.672759
2,2,9,"q9_case2",91,4608,53047637,589559,256,1936,470,8,0.679974
2,2,9,"q9_case2",92,4608,53636978,589341,256,1934,470,8,0.686859
2,2,9,"q9_case2",93,4608,54226539,589561,256,1932,469,8,0.693953
2,2,9,"q9_case2",94,4608,54815872,589333,256,1930,469,8,0.700711
2,2,9,"q9_case2",95,4608,55405425,589553,256,1928,468,8,0.707848
2,2,9,"q9_case2",96,4608,55994782,589357,256,1926,468,8,0.714865
2,2,9,"q9_case2",97,4608,56584334,589552,256,1924,467,8,0.722089
2,2,9,"q9_case2",98,4608,57173665,589331,256,1922,467,8,0.728973
2,2,9,"q9_case2",99,4608,57763221,589556,256,1920,466,8,0.736373
2,2,9,"q9_case2",100,4608,58352553,589332,256,1918,466,8,0.743053
2,2,9,"q9_case2",101,4608,58942109,589556,256,1916,465,8,0.750175
2,2,9,"q9_case2",102,4608,59531466,589357,256,1914,465,8,0.756955
2,2,9,"q9_case2",103,4608,60121027,589561,256,1912,465,8,0.764047
2,2,9,"q9_case2",104,4608,60710371,589344,256,1910,465,8,0.771244
2,2,9,"q9_case2",105,4608,61299838,589467,256,1908,464,8,0.778428
2,2,9,"q9_case2",106,4608,61889284,589446,256,1906,464,8,0.785125
2,2,9,"q9_case2",107,4608,62478844,589560,256,1904,463,8,0.792365
2,2,9,"q9_case2",108,4608,63068191,589347,256,1902,463,8,0.799254
2,2,9,"q9_case2",109,4608,63657742,589551,256,1900,463,8,0.806393
2,2,9,"q9_case2",110,4608,64247087,589345,256,1898,463,8,0.815114
2,2,9,"q9_case2",111,4608,64836531,589444,256,1896,462,8,0.822274
2,2,9,"q9_case2",112,4608,65425932,589401,256,1894,462,8,0.829037
2,2,9,"q9_case2",113,4608,66015493,589561,256,1892,462,8,0.836095
2,2,9,"q9_case2",114,4608,66604850,589357,256,1890,462,8,0.843217
2,2,9,"q9_case2",115,4608,67194205,589355,256,1888,461,8,0.850552
2,2,9,"q9_case2",116,4608,67783610,589405,256,1886,461,8,0.857206
2,2,9,"q9_case2",117,4608,68373172,589562,256,1884,460,8,0.864314
2,2,9,"q9_case2",118,4608,68962537,589365,256,1882,460,8,0.871153
2,2,9,"q9_case2",119,4608,69552095,589558,256,1880,460,8,0.878423
2,2,9,"q9_case2",120,4608,70141448,589353,256,1878,460,8,0.885640
2,2,9,"q9_case2",121,4608,70730895,589447,256,1876,460,8,0.897809
2,2,9,"q9_case2",122,4608,71320303,589408,256,1874,460,8,0.904828
2,2,9,"q9_case2",123,4608,71909686,589383,256,1872,460,8,0.912025
2,2,9,"q9_case2",124,4608,72499070,589384,256,1870,460,8,0.918963
2,2,9,"q9_case2",125,4608,73088434,589364,256,1868,459,8,0.926040
2,2,9,"q9_case2",126,4608,73677801,589367,256,1866,459,8,0.932698
2,2,9,"q9_case2",127,4608,74267359,589558,256,1864,458,8,0.939933
2,2,9,"q9_case2",128,4608,74856708,589349,256,1862,458,8,0.946706
2,2,9,"q9_case2",129,4608,75446265,589557,256,1860,458,7,0.960911
2,2,9,"q9_case2",130,4608,76035605,589340,256,1858,458,7,0.967653
2,2,9,"q9_case2",131,4608,76625160,589555,256,1856,457,7,0.975034
2,2,9,"q9_case2",132,4608,77214490,589330,256,1854,457,7,0.982024
2,2,9,"q9_case2",133,4608,77804038,589548,256,1852,456,7,0.989217
2,2,9,"q9_case2",134,4608,78393376,589338,256,1850,456,7,0.999924
2,2,9,"q9_case2",135,4608,78982928,589552,256,1848,455,7,1.007485
2,2,9,"q9_case2",136,4608,79572255,589327,256,1846,455,7,1.014530
2,2,9,"q9_case2",137,4608,80161801,589546,256,1844,455,7,1.021754
2,2,9,"q9_case2",138,4608,80751125,589324,256,1842,455,7,1.028961
2,2,9,"q9_case2",139,4608,81340459,589334,256,1840,455,7,1.040234
2,2,9,"q9_case2",140,4608,81929801,589342,256,1838,455,7,1.047534
2,2,9,"q9_case2",141,4608,82519153,589352,256,1836,455,7,1.054627
2,2,9,"q9_case2",142,4608,83108481,589328,256,1834,455,7,1.061780
2,2,9,"q9_case2",143,4608,83697834,589353,256,1832,455,7,1.068953
2,2,9,"q9_case2",144,4608,84287220,589386,256,1830,454,7,1.076068
2,2,9,"q9_case2",145,4608,84876612,589392,256,1828,454,7,1.082958
2,2,9,"q9_case2",146,4608,85466169,589557,256,1826,454,7,1.090207
2,2,9,"q9_case2",147,4608,86055502,589333,256,1824,454,7,1.097463
2,2,9,"q9_case2",148,4608,86644941,589439,256,1822,454,7,1.104657
2,2,9,"q9_case2",149,4608,87234286,589345,256,1820,454,7,1.111934
2,2,9,"q9_case2",150,4608,87823651,589365,256,1818,454,7,1.119114
2,2,9,"q9_case2",151,4608,88412977,589326,256,1816,453,7,1.126240
2,2,9,"q9_case2",152,4608,89002296,589319,256,1814,453,7,1.133144
2,2,9,"q9_case2",153,4608,89591846,589550,256,1812,453,7,1.140243
2,2,9,"q9_case2",154,4608,90181168,589322,256,1810,452,7,1.147418
2,2,9,"q9_case2",155,4608,90770521,589353,256,1808,452,7,1.154507
2,2,9,"q9_case2",156,4608,91360079,589558,256,1806,452,7,1.161890
2,2,9,"q9_case2",157,4608,91949400,589321,256,1804,452,7,1.169143
2,2,9,"q9_case2",158,4608,92538723,589323,256,1802,451,7,1.176195
2,2,9,"q9_case2",159,4608,93128054,589331,256,1800,451,7,1.183274
2,2,9,"q9_case2",160,4608,93717605,589551,256,1798,451,7,1.190594
2,2,9,"q9_case2",161,4608,94306925,589320,256,1796,450,7,1.197917
2,2,9,"q9_case2",162,4608,94896247,589322,256,1794,450,7,1.208958
2,2,9,"q9_case2",163,4608,95485803,589556,256,1792,450,7,1.216088
2,2,9,"q9_case2",164,4608,96075123,589320,256,1790,449,7,1.223416
2,2,9,"q9_case2",165,4608,96664445,589322,256,1788,448,7,1.230356
2,2,9,"q9_case2",166,4608,97254002,589557,256,1786,448,7,1.237246
2,2,9,"q9_case2",167,4608,97843314,589312,256,1784,448,7,1.249405
2,2,9,"q9_case2",168,4608,98432625,589311,256,1782,448,7,1.256758
2,2,9,"q9_case2",169,4608,99021969,589344,256,1780,448,7,1.264067
2,2,9,"q9_case2",170,4608,99611318,589349,256,1778,448,7,1.271135
2,2,9,"q9_case2",171,4608,100200665,589347,256,1776,447,7,1.278295
2,2,9,"q9_case2",172,4608,100790059,589394,256,1774,447,7,1.289039
2,2,9,"q9_case2",173,4608,101379612,589553,256,1772,447,7,1.296332
2,2,9,"q9_case2",174,4608,101968930,589318,256,1770,447,7,1.303656
2,2,9,"q9_case2",175,4608,102558247,589317,256,1768,447,7,1.310882
2,2,9,"q9_case2",176,4608,103147588,589341,256,1766,446,7,1.318111
2,2,9,"q9_case2",177,4608,103736920,589332,256,1764,446,7,1.329126
2,2,9,"q9_case2",178,4608,104326479,589559,256,1762,446,7,1.336205
2,2,9,"q9_case2",179,4608,104915796,589317,256,1760,446,7,1.343340
2,2,9,"q9_case2",180,4608,105505121,589325,256,1758,446,7,1.350411
2,2,9,"q9_case2",181,4608,106094409,589288,256,1756,446,7,1.357586
2,2,9,"q9_case2",182,4608,106683708,589299,256,1754,446,7,1.369375
2,2,9,"q9_case2",183,4608,107273099,589391,256,1752,446,7,1.376440
2,2,9,"q9_case2",184,4608,107862450,589351,256,1750,446,7,1.383560
2,2,9,"q9_case2",185,4608,108451777,589327,256,1748,446,7,1.390594
2,2,9,"q9_case2",186,4608,109041112,589335,256,1746,446,7,1.397525
2,2,9,"q9_case2",187,4608,109630418,589306,256,1744,446,7,1.409250
2,2,9,"q9_case2",188,4608,110219730,589312,256,1742,446,7,1.416158
2,2,9,"q9_case2",189,4608,110809028,589298,256,1740,446,7,1.423355
2,2,9,"q9_case2",190,4608,111398315,589287,256,1738,446,7,1.430391
2,2,9,"q9_case2",191,4608,111987598,589283,256,1736,446,7,1.437324
2,2,9,"q9_case2",192,4608,112576869,589271,256,1734,445,7,1.449306
2,2,9,"q9_case2",193,4608,113166129,589260,256,1732,445,7,1.455971
2,2,9,"q9_case2",194,4608,113755683,589554,256,1730,444,7,1.463239
2,2,9,"q9_case2",195,4608,114345019,589336,256,1728,444,7,1.469878
2,2,9,"q9_case2",196,4608,114934573,589554,256,1726,443,7,1.477028
2,2,9,"q9_case2",197,4608,115523917,589344,256,1724,443,7,1.488899
2,2,9,"q9_case2",198,4608,116113469,589552,256,1722,442,7,1.496208
2,2,9,"q9_case2",199,4608,116702813,589344,256,1720,442,7,1.503130
2,2,9,"q9_case2",200,4608,117292367,589554,256,1718,441,7,1.510400
2,2,9,"q9_case2",201,4608,117881708,589341,256,1716,441,7,1.517352
2,2,9,"q9_case2",202,4608,118471261,589553,256,1714,441,7,1.529447
2,2,9,"q9_case2",203,4608,119060603,589342,256,1712,440,7,1.536813
2,2,9,"q9_case2",204,4608,119649950,589347,256,1710,440,7,1.543651
2,2,9,"q9_case2",205,4608,120239505,589555,256,1708,439,7,1.550702
2,2,9,"q9_case2",206,4608,120828843,589338,256,1706,439,7,1.557585
2,2,9,"q9_case2",207,4608,121418391,589548,256,1704,439,7,1.569265
2,2,9,"q9_case2",208,4608,122007724,589333,256,1702,439,7,1.576365
2,2,9,"q9_case2",209,4608,122597073,589349,256,1700,439,7,1.583440
2,2,9,"q9_case2",210,4608,123186400,589327,256,1698,439,7,1.590588
2,2,9,"q9_case2",211,4608,123775741,589341,256,1696,439,7,1.597571
2,2,9,"q9_case2",212,4608,124365096,589355,256,1694,438,7,1.608381
2,2,9,"q9_case2",213,4608,124954464,589368,256,1692,438,7,1.615114
2,2,9,"q9_case2",214,4608,125544010,589546,256,1690,437,7,1.622361
2,2,9,"q9_case2",215,4608,126133245,589235,256,1688,436,7,1.628977
2,2,9,"q9_case2",216,4608,126722773,589528,256,1686,436,7,1.635674
2,2,9,"q9_case2",217,4608,127312189,589416,256,1684,435,7,1.642767
2,2,9,"q9_case2",218,4608,127901415,589226,256,1682,435,7,1.649585
2,2,9,"q9_case2",219,4608,128490956,589541,256,1680,434,7,1.656828
2,2,9,"q9_case2",220,4608,129080282,589326,256,1678,434,7,1.663652
2,2,9,"q9_case2",221,4608,129669838,589556,256,1676,433,7,1.670961
2,2,9,"q9_case2",222,4608,130259165,589327,256,1674,433,7,1.677831
2,2,9,"q9_case2",223,4608,130848712,589547,256,1672,432,7,1.685100
2,2,9,"q9_case2",224,4608,131438037,589325,256,1670,432,7,1.691878
2,2,9,"q9_case2",225,4608,132027585,589548,256,1668,431,7,1.698970
2,2,9,"q9_case2",226,4608,132616911,589326,256,1666,431,7,1.706006
2,2,9,"q9_case2",227,4608,133206462,589551,256,1664,430,7,1.713301
2,2,9,"q9_case2",228,4608,133795785,589323,256,1662,430,7,1.721466
2,2,9,"q9_case2",229,4608,134385327,589542,256,1660,429,7,1.730825
2,2,9,"q9_case2",230,4608,134974651,589324,256,1658,429,7,1.737820
2,2,9,"q9_case2",231,4608,135564195,589544,256,1656,429,7,1.745078
2,2,9,"q9_case2",232,4608,136153519,589324,256,1654,429,7,1.752380
2,2,9,"q9_case2",233,4608,136742850,589331,256,1652,429,7,1.759564
2,2,9,"q9_case2",234,4608,137332220,589370,256,1650,429,7,1.766758
2,2,9,"q9_case2",235,4608,137921620,589400,256,1648,429,7,1.773868
2,2,9,"q9_case2",236,4608,138510985,589365,256,1646,429,7,1.780922
2,2,9,"q9_case2",237,4608,139100310,589325,256,1644,429,7,1.790687
2,2,9,"q9_case2",238,4608,139689636,589326,256,1642,429,7,1.797652
2,2,9,"q9_case2",239,4608,140278959,589323,256,1640,429,7,1.804978
2,2,9,"q9_case2",240,4608,140868304,589345,256,1638,429,7,1.812120
2,2,9,"q9_case2",241,4608,141457667,589363,256,1636,428,7,1.819181
2,2,9,"q9_case2",242,4608,142047010,589343,256,1634,428,7,1.825991
2,2,9,"q9_case2",243,4608,142636565,589555,256,1632,428,7,1.833147
2,2,9,"q9_case2",244,4608,143225896,589331,256,1630,427,7,1.840229
2,2,9,"q9_case2",245,4608,143815343,589447,256,1628,426,7,1.850539
2,2,9,"q9_case2",246,4608,144404890,589547,256,1626,426,7,1.857798
2,2,9,"q9_case2",247,4608,144994205,589315,256,1624,425,7,1.865215
2,2,9,"q9_case2",248,4608,145583522,589317,256,1622,425,7,1.872218
2,2,9,"q9_case2",249,4608,146173070,589548,256,1620,424,7,1.879592
2,2,9,"q9_case2",250,4608,146762400,589330,256,1618,424,7,1.886572
2,2,9,"q9_case2",251,4608,147351952,589552,256,1616,424,7,1.893789
2,2,9,"q9_case2",252,4608,147941285,589333,256,1614,424,7,1.901154
2,2,9,"q9_case2",253,4608,148530742,589457,256,1612,424,7,1.908549
2,2,9,"q9_case2",254,4608,149120172,589430,256,1610,424,7,1.915728
2,2,9,"q9_case2",255,4608,149709631,589459,256,1608,424,7,1.922902
2,2,9,"q9_case2",256,4608,150299070,589439,256,1606,424,7,1.930528
2,2,9,"q9_case2",257,4608,150888503,589433,256,1604,424,7,1.951465
2,2,9,"q9_case2",258,4608,151477920,589417,256,1602,424,7,1.958740
2,2,9,"q9_case2",259,4608,152067326,589406,256,1600,423,7,1.966241
2,2,9,"q9_case2",260,4608,152656737,589411,256,1598,423,7,1.973349
2,2,9,"q9_case2",261,4608,153246295,589558,256,1596,423,7,1.980550
2,2,9,"q9_case2",262,4608,153835624,589329,256,1594,422,7,1.987783
2,2,9,"q9_case2",263,4608,154424956,589332,256,1592,422,7,1.994835
2,2,9,"q9_case2",264,4608,155014309,589353,256,1590,421,7,2.002049
2,2,9,"q9_case2",265,4608,155603625,589316,256,1588,421,7,2.010855
2,2,9,"q9_case2",266,4608,156193142,589517,256,1586,420,7,2.018296
2,2,9,"q9_case2",267,4608,156782474,589332,256,1584,420,7,2.025575
2,2,9,"q9_case2",268,4608,157372010,589536,256,1582,420,7,2.032858
2,2,9,"q9_case2",269,4608,157961345,589335,256,1580,419,7,2.040221
2,2,9,"q9_case2",270,4608,158550676,589331,256,1578,419,7,2.047366
2,2,9,"q9_case2",271,4608,159140216,589540,256,1576,418,7,2.054727
2,2,9,"q9_case2",272,4608,159729550,589334,256,1574,418,7,2.061755
2,2,9,"q9_case2",273,4608,160319084,589534,256,1572,418,7,2.069216
2,2,9,"q9_case2",274,4608,160908418,589334,256,1570,417,7,2.076609
2,2,9,"q9_case2",275,4608,161497756,589338,256,1568,417,7,2.083515
2,2,9,"q9_case2",276,4608,162087306,589550,256,1566,416,7,2.090924
2,2,9,"q9_case2",277,4608,162676641,589335,256,1564,416,7,2.098116
2,2,9,"q9_case2",278,4608,163266177,589536,256,1562,416,7,2.108795
2,2,9,"q9_case2",279,4608,163855508,589331,256,1560,415,7,2.116371
2,2,9,"q9_case2",280,4608,164444843,589335,256,1558,415,7,2.123420
2,2,9,"q9_case2",281,4608,165034395,589552,256,1556,415,7,2.130724
2,2,9,"q9_case2",282,4608,165623724,589329,256,1554,414,7,2.138113
2,2,9,"q9_case2",283,4608,166213106,589382,256,1552,414,7,2.145445
2,2,9,"q9_case2",284,4608,166802654,589548,256,1550,414,7,2.152812
2,2,9,"q9_case2",285,4608,167391980,589326,256,1548,414,7,2.160252
2,2,9,"q9_case2",286,4608,167981308,589328,256,1546,414,7,2.167704
2,2,9,"q9_case2",287,4608,168570629,589321,256,1544,414,7,2.174978
2,2,9,"q9_case2",288,4608,169160027,589398,256,1542,414,7,2.182168
2,2,9,"q9_case2",289,4608,169749421,589394,256,1540,414,7,2.189446
2,2,9,"q9_case2",290,4608,170338844,589423,256,1538,414,7,2.196749
2,2,9,"q9_case2",291,4608,170928240,589396,256,1536,413,7,2.204630
2,2,9,"q9_case2",292,4608,171517597,589357,256,1534,413,7,2.212047
2,2,9,"q9_case2",293,4608,172107157,589560,256,1532,412,7,2.219215
2,2,9,"q9_case2",294,4608,172696484,589327,256,1530,412,7,2.226194
2,2,9,"q9_case2",295,4608,173286029,589545,256,1528,412,7,2.233396
2,2,9,"q9_case2",296,4608,173875349,589320,256,1526,412,7,2.240635
2,2,9,"q9_case2",297,4608,174464738,589389,256,1524,411,7,2.247817
2,2,9,"q9_case2",298,4608,175054105,589367,256,1522,411,7,2.258927
2,2,9,"q9_case2",299,4608,175643661,589556,256,1520,410,7,2.266145
2,2,9,"q9_case2",300,4608,176232985,589324,256,1518,410,7,2.273324
2,2,9,"q9_case2",301,4608,176822540,589555,256,1516,410,7,2.280419
2,2,9,"q9_case2",302,4608,177411876,589336,256,1514,410,7,2.287761
2,2,9,"q9_case2",303,4608,178001231,589355,256,1512,409,7,2.299288
2,2,9,"q9_case2",304,4608,178590600,589369,256,1510,409,7,2.306090
2,2,9,"q9_case2",305,4608,179180152,589552,256,1508,409,7,2.313374
2,2,9,"q9_case2",306,4608,179769482,589330,256,1506,409,7,2.320548
2,2,9,"q9_case2",307,4608,180358878,589396,256,1504,409,7,2.327757
2,2,9,"q9_case2",308,4608,180948250,589372,256,1502,408,7,2.339164
2,2,9,"q9_case2",309,4608,181537641,589391,256,1500,408,7,2.346224
2,2,9,"q9_case2",310,4608,182127201,589560,256,1498,407,7,2.353339
2,2,9,"q9_case2",311,4608,182716527,589326,256,1496,407,7,2.360235
2,2,9,"q9_case2",312,4608,183306075,589548,256,1494,406,7,2.367253
2,2,9,"q9_case2",313,4608,183895403,589328,256,1492,406,7,2.375993
2,2,9,"q9_case2",314,4608,184484943,589540,256,1490,405,7,2.383127
2,2,9,"q9_case2",315,4608,185074270,589327,256,1488,405,7,2.390079
2,2,9,"q9_case2",316,4608,185663814,589544,256,1486,404,7,2.397714
2,2,9,"q9_case2",317,4608,186253140,589326,256,1484,404,7,2.404714
2,2,9,"q9_case2",318,4608,186842685,589545,256,1482,403,7,2.412114
2,2,9,"q9_case2",319,4608,187432010,589325,256,1480,403,7,2.418958
2,2,9,"q9_case2",320,4608,188021556,589546,256,1478,402,7,2.426454
2,2,9,"q9_case2",321,4608,188610885,589329,256,1476,402,7,2.433414
2,2,9,"q9_case2",322,4608,189200428,589543,256,1474,401,7,2.440683
2,2,9,"q9_case2",323,4608,189789757,589329,256,1472,401,7,2.447936
2,2,9,"q9_case2",324,4608,190379297,589540,256,1470,400,7,2.459401
2,2,9,"q9_case2",325,4608,190968621,589324,256,1468,400,7,2.466470
2,2,9,"q9_case2",326,4608,191558164,589543,256,1466,400,7,2.473820
2,2,9,"q9_case2",327,4608,192147489,589325,256,1464,400,7,2.481265
2,2,9,"q9_case2",328,4608,192736786,589297,256,1462,400,7,2.488338
2,2,9,"q9_case2",329,4608,193326176,589390,256,1460,399,7,2.499477
2,2,9,"q9_case2",330,4608,193915566,589390,256,1458,399,7,2.506359
2,2,9,"q9_case2",331,4608,194505116,589550,256,1456,398,7,2.513635
2,2,9,"q9_case2",332,4608,195094444,589328,256,1454,398,7,2.520434
2,2,9,"q9_case2",333,4608,195683994,589550,256,1452,398,7,2.529924
2,2,9,"q9_case2",334,4608,196273324,589330,256,1450,397,7,2.537241
2,2,9,"q9_case2",335,4608,196862704,589380,256,1448,397,7,2.544317
2,2,9,"q9_case2",336,4608,197452247,589543,256,1446,397,7,2.551758
2,2,9,"q9_case2",337,4608,198041574,589327,256,1444,397,7,2.559001
2,2,9,"q9_case2",338,4608,198630927,589353,256,1442,397,7,2.570890
2,2,9,"q9_case2",339,4608,199220274,589347,256,1440,397,7,2.578102
2,2,9,"q9_case2",340,4608,199809664,589390,256,1438,396,7,2.585163
2,2,9,"q9_case2",341,4608,200399018,589354,256,1436,396,7,2.592215
2,2,9,"q9_case2",342,4608,200988575,589557,256,1434,395,7,2.599404
2,2,9,"q9_case2",343,4608,201577905,589330,256,1432,395,7,2.610545
2,2,9,"q9_case2",344,4608,202167453,589548,256,1430,395,7,2.617910
2,2,9,"q9_case2",345,4608,202756780,589327,256,1428,395,7,2.625074
2,2,9,"q9_case2",346,4608,203346120,589340,256,1426,395,7,2.632157
2,2,9,"q9_case2",347,4608,203935460,589340,256,1424,395,7,2.639190
2,2,9,"q9_case2",348,4608,204524831,589371,256,1422,395,7,2.650711
2,2,9,"q9_case2",349,4608,205114158,589327,256,1420,395,7,2.657755
2,2,9,"q9_case2",350,4608,205703483,589325,256,1418,395,7,2.664781
2,2,9,"q9_case2",351,4608,206292779,589296,256,1416,395,7,2.671962
2,2,9,"q9_case2",352,4608,206882066,589287,256,1414,395,7,2.679003
2,2,9,"q9_case2",353,4608,207471344,589278,256,1412,395,7,2.685946
2,2,9,"q9_case2",354,4608,208060580,589236,256,1410,394,7,2.692973
2,2,9,"q9_case2",355,4608,208649802,589222,256,1408,394,7,2.699898
2,2,9,"q9_case2",356,4608,209239350,589548,256,1406,393,7,2.709142
2,2,9,"q9_case2",357,4608,209828679,589329,256,1404,393,7,2.715893
2,2,9,"q9_case2",358,4608,210418222,589543,256,1402,392,7,2.722938
2,2,9,"q9_case2",359,4608,211007551,589329,256,1400,392,7,2.729463
2,2,9,"q9_case2",360,4608,211597101,589550,256,1398,391,7,2.736587
2,2,9,"q9_case2",361,4608,212186430,589329,256,1396,391,7,2.743535
2,2,9,"q9_case2",362,4608,212775967,589537,256,1394,390,7,2.750726
2,2,9,"q9_case2",363,4608,213365300,589333,256,1392,390,7,2.757529
2,2,9,"q9_case2",364,4608,213954852,589552,256,1390,389,7,2.764644
2,2,9,"q9_case2",365,4608,214544182,589330,256,1388,389,7,2.771415
2,2,9,"q9_case2",366,4608,215133732,589550,256,1386,389,7,2.778450
2,2,9,"q9_case2",367,4608,215723059,589327,256,1384,389,7,2.785579
2,2,9,"q9_case2",368,4608,216312389,589330,256,1382,389,7,2.792835
2,2,9,"q9_case2",369,4608,216901721,589332,256,1380,388,7,2.799987
2,2,9,"q9_case2",370,4608,217491119,589398,256,1378,388,7,2.807018
2,2,9,"q9_case2",371,4608,218080677,589558,256,1376,387,7,2.814121
2,2,9,"q9_case2",372,4608,218670004,589327,256,1374,387,7,2.821319
2,2,9,"q9_case2",373,4608,219259539,589535,256,1372,386,7,2.828371
2,2,9,"q9_case2",374,4608,219848870,589331,256,1370,386,7,2.836688
2,2,9,"q9_case2",375,4608,220438422,589552,256,1368,386,7,2.843765
2,2,9,"q9_case2",376,4608,221027747,589325,256,1366,385,7,2.850910
2,2,9,"q9_case2",377,4608,221617081,589334,256,1364,385,7,2.857733
2,2,9,"q9_case2",378,4608,222206629,589548,256,1362,385,7,2.864874
2,2,9,"q9_case2",379,4608,222795948,589319,256,1360,384,7,2.872141
2,2,9,"q9_case2",380,4608,223385271,589323,256,1358,384,7,2.879168
2,2,9,"q9_case2",381,4608,223974822,589551,256,1356,383,7,2.886460
2,2,9,"q9_case2",382,4608,224564150,589328,256,1354,383,7,2.893352
2,2,9,"q9_case2",383,4608,225153695,589545,256,1352,383,7,2.900524
2,2,9,"q9_case2",384,4608,225743027,589332,256,1350,382,7,2.907760
2,2,9,"q9_case2",385,4608,226332378,589351,256,1348,382,7,2.914924
2,2,9,"q9_case2",386,4608,226921925,589547,256,1346,381,7,2.922188
2,2,9,"q9_case2",387,4608,227511254,589329,256,1344,381,7,2.929382
2,2,9,"q9_case2",388,4608,228100801,589547,256,1342,380,7,2.936593
2,2,9,"q9_case2",389,4608,228690128,589327,256,1340,380,7,2.947196
2,2,9,"q9_case2",390,4608,229279678,589550,256,1338,379,7,2.954329
2,2,9,"q9_case2",391,4608,229869012,589334,256,1336,379,7,2.961475
2,2,9,"q9_case2",392,4608,230458559,589547,256,1334,379,7,2.968730
2,2,9,"q9_case2",393,4608,231047893,589334,256,1332,378,7,2.976156
2,2,9,"q9_case2",394,4608,231637235,589342,256,1330,378,7,2.987101
2,2,9,"q9_case2",395,4608,232226773,589538,256,1328,378,7,2.994661
2,2,9,"q9_case2",396,4608,232816096,589323,256,1326,377,7,3.002049
2,2,9,"q9_case2",397,4608,233405471,589375,256,1324,377,7,3.009215
2,2,9,"q9_case2",398,4608,233995014,589543,256,1322,376,7,3.016532
2,2,9,"q9_case2",399,4608,234584335,589321,256,1320,376,7,3.023893
2,2,9,"q9_case2",400,4608,235173876,589541,256,1318,375,7,3.031092
2,2,9,"q9_case2",401,4608,235763197,589321,256,1316,375,7,3.038437
2,2,9,"q9_case2",402,4608,236352736,589539,256,1314,375,7,3.048984
2,2,9,"q9_case2",403,4608,236942056,589320,256,1312,374,7,3.056253
2,2,9,"q9_case2",404,4608,237531354,589298,256,1310,374,7,3.063332
2,2,9,"q9_case2",405,4608,238120897,589543,256,1308,374,7,3.070530
2,2,9,"q9_case2",406,4608,238710218,589321,256,1306,374,7,3.077834
2,2,9,"q9_case2",407,4608,239299546,589328,256,1304,374,7,3.089036
2,2,9,"q9_case2",408,4608,239888938,589392,256,1302,373,7,3.096153
2,2,9,"q9_case2",409,4608,240478265,589327,256,1300,373,7,3.103331
2,2,9,"q9_case2",410,4608,241067802,589537,256,1298,372,7,3.110416
2,2,9,"q9_case2",411,4608,241657129,589327,256,1296,372,7,3.117451
2,2,9,"q9_case2",412,4608,242246668,589539,256,1294,371,7,3.127255
2,2,9,"q9_case2",413,4608,242836000,589332,256,1292,371,7,3.134278
2,2,9,"q9_case2",414,4608,243425547,589547,256,1290,370,7,3.141375
2,2,9,"q9_case2",415,4608,244014881,589334,256,1288,370,7,3.148485
2,2,9,"q9_case2",416,4608,244604421,589540,256,1286,369,7,3.155647
2,2,9,"q9_case2",417,4608,245193751,589330,256,1284,369,7,3.162840
2,2,9,"q9_case2",418,4608,245783288,589537,256,1282,369,7,3.170209
2,2,9,"q9_case2",419,4608,246372608,589320,256,1280,369,7,3.177604
2,2,9,"q9_case2",420,4608,246961940,589332,256,1278,369,7,3.189432
2,2,9,"q9_case2",421,4608,247551342,589402,256,1276,369,7,3.196596
2,2,9,"q9_case2",422,4608,248140707,589365,256,1274,369,7,3.203990
2,2,9,"q9_case2",423,4608,248730037,589330,256,1272,369,7,3.211181
2,2,9,"q9_case2",424,4608,249319358,589321,256,1270,368,7,3.218282
2,2,9,"q9_case2",425,4608,249908645,589287,256,1268,368,7,3.226697
2,2,9,"q9_case2",426,4608,250498189,589544,256,1266,367,7,3.233883
2,2,9,"q9_case2",427,4608,251087512,589323,256,1264,367,7,3.241045
2,2,9,"q9_case2",428,4608,251677052,589540,256,1262,366,7,3.248371
2,2,9,"q9_case2",429,4608,252266375,589323,256,1260,366,7,3.255416
2,2,9,"q9_case2",430,4608,252855917,589542,256,1258,365,7,3.262527
2,2,9,"q9_case2",431,4608,253445250,589333,256,1256,365,7,3.269925
2,2,9,"q9_case2",432,4608,254034795,589545,256,1254,363,7,3.277072
2,2,9,"q9_case2",433,4608,254624121,589326,256,1252,363,7,3.283819
2,2,9,"q9_case2",434,4608,255213665,589544,256,1250,363,7,3.291447
2,2,9,"q9_case2",435,4608,255802989,589324,256,1248,363,7,3.298685
2,2,9,"q9_case2",436,4608,256392325,589336,256,1246,362,7,3.305797
2,2,9,"q9_case2",437,4608,256981669,589344,256,1244,362,7,3.315116
2,2,9,"q9_case2",438,4608,257571205,589536,256,1242,361,7,3.322427
2,2,9,"q9_case2",439,4608,258160528,589323,256,1240,361,7,3.330098
2,2,9,"q9_case2",440,4608,258750061,589533,256,1238,360,7,3.337525
2,2,9,"q9_case2",441,4608,259339393,589332,256,1236,360,7,3.345083
2,2,9,"q9_case2",442,4608,259928935,589542,256,1234,359,7,3.357176
2,2,9,"q9_case2",443,4608,260518261,589326,256,1232,359,7,3.363985
2,2,9,"q9_case2",444,4608,261107805,589544,256,1230,359,7,3.371113
2,2,9,"q9_case2",445,4608,261697145,589340,256,1228,359,7,3.378282
2,2,9,"q9_case2",446,4608,262286479,589334,256,1226,359,7,3.385432
2,2,9,"q9_case2",447,4608,262875835,589356,256,1224,359,7,3.397079
2,2,9,"q9_case2",448,4608,263465166,589331,256,1222,359,7,3.404190
2,2,9,"q9_case2",449,4608,264054453,589287,256,1220,359,7,3.411234
2,2,9,"q9_case2",450,4608,264643718,589265,256,1218,359,7,3.418613
2,2,9,"q9_case2",451,4608,265232989,589271,256,1216,359,7,3.425516
2,2,9,"q9_case2",452,4608,265822258,589269,256,1214,359,7,3.432621
2,2,9,"q9_case2",453,4608,266411504,589246,256,1212,359,7,3.439858
2,2,9,"q9_case2",454,4608,267000709,589205,256,1210,359,7,3.446965
2,2,9,"q9_case2",455,4608,267589885,589176,256,1208,359,7,3.454260
2,2,9,"q9_case2",456,4608,268179062,589177,256,1206,359,7,3.461404
2,2,9,"q9_case2",457,4608,268768253,589191,256,1204,359,7,3.468412
2,2,9,"q9_case2",458,4608,269357458,589205,256,1202,358,7,3.475405
2,2,9,"q9_case2",459,4608,269946668,589210,256,1200,358,7,3.482368
2,2,9,"q9_case2",460,4608,270536207,589539,256,1198,357,7,3.489748
2,2,9,"q9_case2",461,4608,271125539,589332,256,1196,357,7,3.500001
2,2,9,"q9_case2",462,4608,271715070,589531,256,1194,356,7,3.507272
2,2,9,"q9_case2",463,4608,272304407,589337,256,1192,356,7,3.514551
2,2,9,"q9_case2",464,4608,272893933,589526,256,1190,356,7,3.521795
2,2,9,"q9_case2",465,4608,273483268,589335,256,1188,356,7,3.529807
2,2,9,"q9_case2",466,4608,274072462,589194,256,1186,356,7,3.536878
2,2,9,"q9_case2",467,4608,274661670,589208,256,1184,355,7,3.544060
2,2,9,"q9_case2",468,4608,275250902,589232,256,1182,355,7,3.551260
2,2,9,"q9_case2",469,4608,275840413,589511,256,1180,354,7,3.560233
2,2,9,"q9_case2",470,4608,276429740,589327,256,1178,354,7,3.567118
2,2,9,"q9_case2",471,4608,277019282,589542,256,1176,354,7,3.574175
2,2,9,"q9_case2",472,4608,277608616,589334,256,1174,353,7,3.581396
2,2,9,"q9_case2",473,4608,278197984,589368,256,1172,353,7,3.588388
2,2,9,"q9_case2",474,4608,278787510,589526,256,1170,352,7,3.595477
2,2,9,"q9_case2",475,4608,279376831,589321,256,1168,352,7,3.602467
2,2,9,"q9_case2",476,4608,279966372,589541,256,1166,352,7,3.609547
2,2,9,"q9_case2",477,4608,280555698,589326,256,1164,352,7,3.616661
2,2,9,"q9_case2",478,4608,281145088,589390,256,1162,352,7,3.623864
2,2,9,"q9_case2",479,4608,281734454,589366,256,1160,352,7,3.630973
2,2,9,"q9_case2",480,4608,282323829,589375,256,1158,352,7,3.640122
2,2,9,"q9_case2",481,4608,282913190,589361,256,1156,352,7,3.647165
2,2,9,"q9_case2",482,4608,283502538,589348,256,1154,352,7,3.654365
2,2,9,"q9_case2",483,4608,284091865,589327,256,1152,351,7,3.661563
2,2,9,"q9_case2",484,4608,284681193,589328,256,1150,351,7,3.668550
2,2,9,"q9_case2",485,4608,285270741,589548,256,1148,351,7,3.675889
2,2,9,"q9_case2",486,4608,285859965,589224,256,1146,351,7,3.682986
2,2,9,"q9_case2",487,4608,286449219,589254,256,1144,351,7,3.690158
2,2,9,"q9_case2",488,4608,287038479,589260,256,1142,351,7,3.700030
2,2,9,"q9_case2",489,4608,287627756,589277,256,1140,350,7,3.707011
2,2,9,"q9_case2",490,4608,288217030,589274,256,1138,350,7,3.713927
2,2,9,"q9_case2",491,4608,288806567,589537,256,1136,349,7,3.721096
2,2,9,"q9_case2",492,4608,289395787,589220,256,1134,350,6,3.728574
2,2,9,"q9_case2",493,4608,289985324,589537,256,1132,350,6,3.735630
2,2,9,"q9_case2",494,4608,290574818,589494,256,1130,350,6,3.742637
2,2,9,"q9_case2",495,4608,291164157,589339,256,1128,349,6,3.749770
2,2,9,"q9_case2",496,4608,291753471,589314,256,1126,349,6,3.757141
2,2,9,"q9_case2",497,4608,292342979,589508,256,1124,348,6,3.764624
2,2,9,"q9_case2",498,4608,292932306,589327,256,1122,348,6,3.771591
2,2,9,"q9_case2",499,4608,293521847,589541,256,1120,347,6,3.778834
2,2,9,"q9_case2",500,4608,294111179,589332,256,1118,347,6,3.785875
2,2,9,"q9_case2",501,4608,294700725,589546,256,1116,346,6,3.792980
2,2,9,"q9_case2",502,4608,295290061,589336,256,1114,346,6,3.800039
2,2,9,"q9_case2",503,4608,295879597,589536,256,1112,345,6,3.809900
2,2,9,"q9_case2",504,4608,296468930,589333,256,1110,345,6,3.816943
2,2,9,"q9_case2",505,4608,297058423,589493,256,1108,345,6,3.824133
2,2,9,"q9_case2",506,4608,297647750,589327,256,1106,344,6,3.831311
2,2,9,"q9_case2",507,4608,298237016,589266,256,1104,344,6,3.838153
2,2,9,"q9_case2",508,4608,298826516,589500,256,1102,344,6,3.845153
2,2,9,"q9_case2",509,4608,299415839,589323,256,1100,344,6,3.852382
2,2,9,"q9_case2",510,4608,300005095,589256,256,1098,344,6,3.859649
2,2,9,"q9_case2",511,4608,300594373,589278,256,1096,344,6,3.870946
2,2,9,"q9_case2",512,4608,301183702,589329,256,1094,344,6,3.878026
2,2,9,"q9_case2",513,4608,301773077,589375,256,1092,344,6,3.918503
2,2,9,"q9_case2",514,4608,302362418,589341,256,1090,344,6,3.925692
2,2,9,"q9_case2",515,4608,302951705,589287,256,1088,344,6,3.933062
2,2,9,"q9_case2",516,4608,303540977,589272,256,1086,343,6,3.940284
2,2,9,"q9_case2",517,4608,304130245,589268,256,1084,343,6,3.950701
2,2,9,"q9_case2",518,4608,304719679,589434,256,1082,342,6,3.957868
2,2,9,"q9_case2",519,4608,305309000,589321,256,1080,342,6,3.964982
2,2,9,"q9_case2",520,4608,305898457,589457,256,1078,341,6,3.972018
2,2,9,"q9_case2",521,4608,306487778,589321,256,1076,341,6,3.980074
2,2,9,"q9_case2",522,4608,307077234,589456,256,1074,341,6,3.987126
2,2,9,"q9_case2",523,4608,307666555,589321,256,1072,341,6,3.994420
2,2,9,"q9_case2",524,4608,308255801,589246,256,1070,340,6,4.001647
2,2,9,"q9_case2",525,4608,308845063,589262,256,1068,340,6,4.008873
2,2,9,"q9_case2",526,4608,309434527,589464,256,1066,340,6,4.016039
2,2,9,"q9_case2",527,4608,310023850,589323,256,1064,340,6,4.023185
2,2,9,"q9_case2",528,4608,310613080,589230,256,1062,340,6,4.030571
2,2,9,"q9_case2",529,4608,311202426,589346,256,1060,340,6,4.038017
2,2,9,"q9_case2",530,4608,311791781,589355,256,1058,339,6,4.045304
2,2,9,"q9_case2",531,4608,312381105,589324,256,1056,339,6,4.052439
2,2,9,"q9_case2",532,4608,312970656,589551,256,1054,339,6,4.060173
2,2,9,"q9_case2",533,4608,313559979,589323,256,1052,339,6,4.067421
2,2,9,"q9_case2",534,4608,314149297,589318,256,1050,338,6,4.074672
2,2,9,"q9_case2",535,4608,314738683,589386,256,1048,338,6,4.081868
2,2,9,"q9_case2",536,4608,315328144,589461,256,1046,337,6,4.088961
2,2,9,"q9_case2",537,4608,315917464,589320,256,1044,337,6,4.096113
2,2,9,"q9_case2",538,4608,316506859,589395,256,1042,337,6,4.103381
2,2,9,"q9_case2",539,4608,317096148,589289,256,1040,337,6,4.110979
2,2,9,"q9_case2",540,4608,317685409,589261,256,1038,337,6,4.118291
2,2,9,"q9_case2",541,4608,318274749,589340,256,1036,336,6,4.125623
2,2,9,"q9_case2",542,4608,318864082,589333,256,1034,336,6,4.132915
2,2,9,"q9_case2",543,4608,319453629,589547,256,1032,335,6,4.140270
2,2,9,"q9_case2",544,4608,320042953,589324,256,1030,335,6,4.147884
2,2,9,"q9_case2",545,4608,320632497,589544,256,1028,335,6,4.155309
2,2,9,"q9_case2",546,4608,321221821,589324,256,1026,334,6,4.162582
2,2,9,"q9_case2",547,4608,321811207,589386,256,1024,334,6,4.169847
2,2,9,"q9_case2",548,4608,322400698,589491,256,1022,334,6,4.176932
2,2,9,"q9_case2",549,4608,322990015,589317,256,1020,334,6,4.184153
2,2,9,"q9_case2",550,4608,323579243,589228,256,1018,333,6,4.191200
2,2,9,"q9_case2",551,4608,324168563,589320,256,1016,333,6,4.198493
2,2,9,"q9_case2",552,4608,324758110,589547,256,1014,332,6,4.205583
2,2,9,"q9_case2",553,4608,325347436,589326,256,1012,332,6,4.212842
2,2,9,"q9_case2",554,4608,325936834,589398,256,1010,332,6,4.219964
2,2,9,"q9_case2",555,4608,326526153,589319,256,1008,331,6,4.227196
2,2,9,"q9_case2",556,4608,327115368,589215,256,1006,331,6,4.234335
2,2,9,"q9_case2",557,4608,327704767,589399,256,1004,331,6,4.241377
2,2,9,"q9_case2",558,4608,328294089,589322,256,1002,330,6,4.248586
2,2,9,"q9_case2",559,4608,328883303,589214,256,1000,329,6,4.255854
2,2,9,"q9_case2",560,4608,329472838,589535,256,998,329,6,4.263061
2,2,9,"q9_case2",561,4608,330062142,589304,256,996,329,6,4.270266
2,2,9,"q9_case2",562,4608,330651405,589263,256,994,328,6,4.277446
2,2,9,"q9_case2",563,4608,331240619,589214,256,992,328,6,4.284680
2,2,9,"q9_case2",564,4608,331829998,589379,256,990,328,6,4.291630
2,2,9,"q9_case2",565,4608,332419315,589317,256,988,328,6,4.299112
2,2,9,"q9_case2",566,4608,333008515,589200,256,986,328,6,4.306472
2,2,9,"q9_case2",567,4608,333597769,589254,256,984,327,6,4.313741
2,2,9,"q9_case2",568,4608,334187053,589284,256,982,327,6,4.320760
2,2,9,"q9_case2",569,4608,334776598,589545,256,980,326,6,4.327814
2,2,9,"q9_case2",570,4608,335365922,589324,256,978,326,6,4.334860
2,2,9,"q9_case2",571,4608,335955449,589527,256,976,326,6,4.342069
2,2,9,"q9_case2",572,4608,336544772,589323,256,974,325,6,4.349248
2,2,9,"q9_case2",573,4608,337134098,589326,256,972,325,6,4.356625
2,2,9,"q9_case2",574,4608,337723534,589436,256,970,325,6,4.363739
2,2,9,"q9_case2",575,4608,338312853,589319,256,968,324,6,4.371076
2,2,9,"q9_case2",576,4608,338902019,589166,256,966,324,6,4.378134
2,2,9,"q9_case2",577,4608,339491357,589338,256,964,324,6,4.385092
2,2,9,"q9_case2",578,4608,340080676,589319,256,962,324,6,4.392319
2,2,9,"q9_case2",579,4608,340669835,589159,256,960,324,6,4.399563
2,2,9,"q9_case2",580,4608,341259082,589247,256,958,323,6,4.406743
2,2,9,"q9_case2",581,4608,341848443,589361,256,956,323,6,4.413865
2,2,9,"q9_case2",582,4608,342437875,589432,256,954,323,6,4.420765
2,2,9,"q9_case2",583,4608,343027199,589324,256,952,323,6,4.428096
2,2,9,"q9_case2",584,4608,343616355,589156,256,950,323,6,4.435283
2,2,9,"q9_case2",585,4608,344205604,589249,256,948,323,6,4.442502
2,2,9,"q9_case2",586,4608,344794863,589259,256,946,322,6,4.449600
2,2,9,"q9_case2",587,4608,345384133,589270,256,944,322,6,4.456527
2,2,9,"q9_case2",588,4608,345973656,589523,256,942,322,6,4.463787
2,2,9,"q9_case2",589,4608,346562796,589140,256,940,321,6,4.470907
2,2,9,"q9_case2",590,4608,347151955,589159,256,938,321,6,4.477866
2,2,9,"q9_case2",591,4608,347741477,589522,256,936,320,6,4.485016
2,2,9,"q9_case2",592,4608,348330618,589141,256,934,320,6,4.492110
2,2,9,"q9_case2",593,4608,348919929,589311,256,932,320,6,4.499148
2,2,9,"q9_case2",594,4608,349509253,589324,256,930,319,6,4.506399
2,2,9,"q9_case2",595,4608,350098423,589170,256,928,319,6,4.513943
2,2,9,"q9_case2",596,4608,350687778,589355,256,926,319,6,4.521115
2,2,9,"q9_case2",597,4608,351277100,589322,256,924,319,6,4.528385
2,2,9,"q9_case2",598,4608,351866264,589164,256,922,319,6,4.540218
2,2,9,"q9_case2",599,4608,352455508,589244,256,920,318,6,4.547837
2,2,9,"q9_case2",600,4608,353044770,589262,256,918,318,6,4.555131
2,2,9,"q9_case2",601,4608,353634263,589493,256,916,318,6,4.562335
2,2,9,"q9_case2",602,4608,354223586,589323,256,914,318,6,4.569596
2,2,9,"q9_case2",603,4608,354812842,589256,256,912,317,6,4.576797
2,2,9,"q9_case2",604,4608,355402157,589315,256,910,317,6,4.583859
2,2,9,"q9_case2",605,4608,355991628,589471,256,908,317,6,4.590965
2,2,9,"q9_case2",606,4608,356580947,589319,256,906,317,6,4.599693
2,2,9,"q9_case2",607,4608,357170188,589241,256,904,316,6,4.606910
2,2,9,"q9_case2",608,4608,357759393,589205,256,902,316,6,4.614128
2,2,9,"q9_case2",609,4608,358348711,589318,256,900,316,6,4.620994
2,2,9,"q9_case2",610,4608,358938006,589295,256,898,316,6,4.628216
2,2,9,"q9_case2",611,4608,359527135,589129,256,896,316,6,4.635607
2,2,9,"q9_case2",612,4608,360116316,589181,256,894,316,6,4.642804
2,2,9,"q9_case2",613,4608,360705596,589280,256,892,316,6,4.650057
2,2,9,"q9_case2",614,4608,361294883,589287,256,890,315,6,4.660130
2,2,9,"q9_case2",615,4608,361884199,589316,256,888,314,6,4.667237
2,2,9,"q9_case2",616,4608,362473633,589434,256,886,314,6,4.674125
2,2,9,"q9_case2",617,4608,363062951,589318,256,884,314,6,4.680980
2,2,9,"q9_case2",618,4608,363652179,589228,256,882,314,6,4.688248
2,2,9,"q9_case2",619,4608,364241307,589128,256,880,314,6,4.700142
2,2,9,"q9_case2",620,4608,364830524,589217,256,878,314,6,4.707356
2,2,9,"q9_case2",621,4608,365419850,589326,256,876,313,6,4.714678
2,2,9,"q9_case2",622,4608,366009185,589335,256,874,313,6,4.721899
2,2,9,"q9_case2",623,4608,366598566,589381,256,872,313,6,4.728768
2,2,9,"q9_case2",624,4608,367187896,589330,256,870,313,6,4.740142
2,2,9,"q9_case2",625,4608,367777105,589209,256,868,312,6,4.747458
2,2,9,"q9_case2",626,4608,368366297,589192,256,866,312,6,4.754630
2,2,9,"q9_case2",627,4608,368955742,589445,256,864,311,6,4.761705
2,2,9,"q9_case2",628,4608,369545069,589327,256,862,311,6,4.768687
2,2,9,"q9_case2",629,4608,370134520,589451,256,860,310,6,4.776193
2,2,9,"q9_case2",630,4608,370723830,589310,256,858,310,6,4.783219
2,2,9,"q9_case2",631,4608,371313213,589383,256,856,308,6,4.791250
2,2,9,"q9_case2",632,4608,371902529,589316,256,854,308,6,4.798750
2,2,9,"q9_case2",633,4608,372491965,589436,256,852,307,6,4.805656
2,2,9,"q9_case2",634,4608,373081287,589322,256,850,307,6,4.812833
2,2,9,"q9_case2",635,4608,373670799,589512,256,848,306,6,4.819944
2,2,9,"q9_case2",636,4608,374260116,589317,256,846,306,6,4.827000
2,2,9,"q9_case2",637,4608,374849643,589527,256,844,305,6,4.834140
2,2,9,"q9_case2",638,4608,375438955,589312,256,842,305,6,4.841183
2,2,9,"q9_case2",639,4608,376028483,589528,256,840,304,6,4.848463
2,2,9,"q9_case2",640,4608,376617790,589307,256,838,304,6,4.859925
2,2,9,"q9_case2",641,4608,377207296,589506,256,836,303,6,4.867061
2,2,9,"q9_case2",642,4608,377796600,589304,256,834,303,6,4.874256
2,2,9,"q9_case2",643,4608,378385900,589300,256,832,303,6,4.881160
2,2,9,"q9_case2",644,4608,378975218,589318,256,830,302,6,4.888352
2,2,9,"q9_case2",645,4608,379564356,589138,256,828,302,6,4.900183
2,2,9,"q9_case2",646,4608,380153753,589397,256,826,302,6,4.907032
2,2,9,"q9_case2",647,4608,380743071,589318,256,824,302,6,4.914236
2,2,9,"q9_case2",648,4608,381332205,589134,256,822,302,6,4.921381
2,2,9,"q9_case2",649,4608,381921526,589321,256,820,301,6,4.928622
2,2,9,"q9_case2",650,4608,382510858,589332,256,818,300,6,4.936265
2,2,9,"q9_case2",651,4608,383100276,589418,256,816,300,6,4.943459
2,2,9,"q9_case2",652,4608,383689546,589270,256,814,299,6,4.950401
2,2,9,"q9_case2",653,4608,384278726,589180,256,812,299,6,4.960220
2,2,9,"q9_case2",654,4608,384868036,589310,256,810,298,6,4.967104
2,2,9,"q9_case2",655,4608,385457365,589329,256,808,298,6,4.974402
2,2,9,"q9_case2",656,4608,386046693,589328,256,806,298,6,4.981227
2,2,9,"q9_case2",657,4608,386636016,589323,256,804,297,6,4.988609
2,2,9,"q9_case2",658,4608,387225244,589228,256,802,297,6,5.000254
2,2,9,"q9_case2",659,4608,387814650,589406,256,800,297,6,5.007358
2,2,9,"q9_case2",660,4608,388403971,589321,256,798,296,6,5.014755
2,2,9,"q9_case2",661,4608,388993126,589155,256,796,296,6,5.021969
2,2,9,"q9_case2",662,4608,389582419,589293,256,794,296,6,5.028852
2,2,9,"q9_case2",663,4608,390171745,589326,256,792,296,6,5.038983
2,2,9,"q9_case2",664,4608,390760945,589200,256,790,296,6,5.046409
2,2,9,"q9_case2",665,4608,391350235,589290,256,788,296,6,5.053899
2,2,9,"q9_case2",666,4608,391939525,589290,256,786,296,6,5.061180
2,2,9,"q9_case2",667,4608,392528866,589341,256,784,296,6,5.068324
2,2,9,"q9_case2",668,4608,393118248,589382,256,782,296,6,5.075327
2,2,9,"q9_case2",669,4608,393707609,589361,256,780,295,6,5.082388
2,2,9,"q9_case2",670,4608,394296913,589304,256,778,295,6,5.089484
2,2,9,"q9_case2",671,4608,394886377,589464,256,776,294,6,5.100056
2,2,9,"q9_case2",672,4608,395475568,589191,256,774,293,6,5.107346
2,2,9,"q9_case2",673,4608,396064779,589211,256,772,293,6,5.114674
2,2,9,"q9_case2",674,4608,396654096,589317,256,770,292,6,5.121666
2,2,9,"q9_case2",675,4608,397243327,589231,256,768,292,6,5.128954
2,2,9,"q9_case2",676,4608,397832484,589157,256,766,292,6,5.136118
2,2,9,"q9_case2",677,4608,398421780,589296,256,764,292,6,5.143497
2,2,9,"q9_case2",678,4608,399010884,589104,256,762,291,6,5.150757
2,2,9,"q9_case2",679,4608,399600088,589204,256,760,291,6,5.157953
2,2,9,"q9_case2",680,4608,400189361,589273,256,758,290,6,5.164981
2,2,9,"q9_case2",681,4608,400778692,589331,256,756,289,6,5.176511
2,2,9,"q9_case2",682,4608,401367977,589285,256,754,289,6,5.183563
2,2,9,"q9_case2",683,4608,401957245,589268,256,752,288,6,5.190649
2,2,9,"q9_case2",684,4608,402546437,589192,256,750,287,6,5.198062
2,2,9,"q9_case2",685,4608,403135783,589346,256,748,287,6,5.205920
2,2,9,"q9_case2",686,4608,403725042,589259,256,746,286,6,5.213104
2,2,9,"q9_case2",687,4608,404314270,589228,256,744,286,6,5.225573
2,2,9,"q9_case2",688,4608,404903424,589154,256,742,285,6,5.237348
2,2,9,"q9_case2",689,4608,405492754,589330,256,740,285,6,5.244641
2,2,9,"q9_case2",690,4608,406081941,589187,256,738,285,6,5.251805
2,2,9,"q9_case2",691,4608,406671244,589303,256,736,284,6,5.259178
2,2,9,"q9_case2",692,4608,407260371,589127,256,734,284,6,5.267079
2,2,9,"q9_case2",693,4608,407849634,589263,256,732,284,6,5.274134
2,2,9,"q9_case2",694,4608,408438962,589328,256,730,283,6,5.281493
2,2,9,"q9_case2",695,4608,409028090,589128,256,728,283,6,5.289089
2,2,9,"q9_case2",696,4608,409617340,589250,256,726,283,6,5.296117
2,2,9,"q9_case2",697,4608,410206683,589343,256,724,283,6,5.303459
2,2,9,"q9_case2",698,4608,410795812,589129,256,722,283,6,5.310913
2,2,9,"q9_case2",699,4608,411384989,589177,256,720,282,6,5.318113
2,2,9,"q9_case2",700,4608,411974278,589289,256,718,282,6,5.325356
2,2,9,"q9_case2",701,4608,412563569,589291,256,716,282,6,5.332490
2,2,9,"q9_case2",702,4608,413152940,589371,256,714,282,6,5.339442
2,2,9,"q9_case2",703,4608,413742112,589172,256,712,282,6,5.346467
2,2,9,"q9_case2",704,4608,414331268,589156,256,710,282,6,5.353573
2,2,9,"q9_case2",705,4608,414920501,589233,256,708,282,6,5.360681
2,2,9,"q9_case2",706,4608,415509804,589303,256,706,282,6,5.367878
2,2,9,"q9_case2",707,4608,416099124,589320,256,704,282,6,5.375281
2,2,9,"q9_case2",708,4608,416688462,589338,256,702,282,6,5.382435
2,2,9,"q9_case2",709,4608,417277816,589354,256,700,282,6,5.390077
2,2,9,"q9_case2",710,4608,417867156,589340,256,698,282,6,5.397048
2,2,9,"q9_case2",711,4608,418456480,589324,256,696,282,6,5.404160
2,2,9,"q9_case2",712,4608,419045811,589331,256,694,282,6,5.411096
2,2,9,"q9_case2",713,4608,419635136,589325,256,692,282,6,5.418289
2,2,9,"q9_case2",714,4608,420224422,589286,256,690,282,6,5.425627
2,2,9,"q9_case2",715,4608,420813708,589286,256,688,281,6,5.432637
2,2,9,"q9_case2",716,4608,421403033,589325,256,686,280,6,5.439717
2,2,9,"q9_case2",717,4608,421992430,589397,256,684,279,6,5.446436
2,2,9,"q9_case2",718,4608,422581788,589358,256,682,279,6,5.453123
2,2,9,"q9_case2",719,4608,423171088,589300,256,680,279,6,5.460117
2,2,9,"q9_case2",720,4608,423760305,589217,256,678,279,6,5.467569
2,2,9,"q9_case2",721,4608,424349537,589232,256,676,279,6,5.474836
2,2,9,"q9_case2",722,4608,424938750,589213,256,674,279,6,5.482032
2,2,9,"q9_case2",723,4608,425527981,589231,256,672,279,6,5.489111
2,2,9,"q9_case2",724,4608,426117149,589168,256,670,279,6,5.496302
2,2,9,"q9_case2",725,4608,426706335,589186,256,668,279,6,5.503980
2,2,9,"q9_case2",726,4608,427295520,589185,256,666,279,6,5.511321
2,2,9,"q9_case2",727,4608,427884669,589149,256,664,279,6,5.518537
2,2,9,"q9_case2",728,4608,428473822,589153,256,662,279,6,5.525309
2,2,9,"q9_case2",729,4608,429063049,589227,256,662,278,5,5.532028
2,2,9,"q9_case2",730,4608,429652368,589319,256,660,278,5,5.539275
2,2,9,"q9_case2",731,4608,430241682,589314,256,658,278,5,5.546307
2,2,9,"q9_case2",732,4608,430830948,589266,256,656,278,5,5.553239
2,2,9,"q9_case2",733,4608,431420187,589239,256,654,278,5,5.560148
2,2,9,"q9_case2",734,4608,432009383,589196,256,652,278,5,5.567147
2,2,9,"q9_case2",735,4608,432598619,589236,256,650,278,5,5.574311
2,2,9,"q9_case2",736,4608,433187857,589238,256,648,278,5,5.581054
2,2,9,"q9_case2",737,4608,433777117,589260,256,648,275,5,5.587692
2,2,9,"q9_case2",738,4608,434366402,589285,256,646,275,5,5.594553
2,2,9,"q9_case2",739,4608,434955644,589242,256,644,275,5,5.601457
2,2,9,"q9_case2",740,4608,435544895,589251,256,642,275,5,5.608548
2,2,9,"q9_case2",741,4608,436134154,589259,256,640,275,5,5.615302
2,2,9,"q9_case2",742,4608,436723433,589279,256,640,272,5,5.621733
2,2,9,"q9_case2",743,4608,437312780,589347,256,638,272,5,5.628380
2,2,9,"q9_case2",744,4608,437902176,589396,256,636,272,5,5.634850
2,2,9,"q9_case2",745,4608,438491487,589311,256,634,272,5,5.641216
2,2,9,"q9_case2",746,4608,439080822,589335,256,632,271,5,5.647760
2,2,9,"q9_case2",747,4608,439670326,589504,256,632,269,5,5.654248
2,2,9,"q9_case2",748,4608,440259710,589384,256,630,267,5,5.661328
2,2,9,"q9_case2",749,4608,440849230,589520,256,628,266,5,5.667660
2,2,9,"q9_case2",750,4608,441438662,589432,256,626,266,5,5.674038
2,2,9,"q9_case2",751,4608,442028001,589339,256,624,271,5,5.680282
2,2,9,"q9_case2",752,4608,442617329,589328,256,622,271,5,5.686633
2,2,9,"q9_case2",753,4608,443206814,589485,256,620,271,5,5.692902
2,2,9,"q9_case2",754,4608,443796215,589401,256,620,262,5,5.699260
2,2,9,"q9_case2",755,4608,444385624,589409,256,618,262,5,5.705712
2,2,9,"q9_case2",756,4608,444975123,589499,256,616,262,5,5.712091
2,2,9,"q9_case2",757,4608,445564449,589326,256,614,262,5,5.718720
2,2,9,"q9_case2",758,4608,446153690,589241,256,612,261,5,5.725120
2,2,9,"q9_case2",759,4608,446743044,589354,256,610,260,5,5.731474
2,2,9,"q9_case2",760,4608,447332378,589334,256,608,260,5,5.738033
2,2,9,"q9_case2",761,4608,447921691,589313,256,606,266,5,5.744306
2,2,9,"q9_case2",762,4608,448511014,589323,256,604,265,5,5.750583
2,2,9,"q9_case2",763,4608,449100499,589485,256,602,265,5,5.757160
2,2,9,"q9_case2",764,4608,449689888,589389,256,602,258,5,5.763497
2,2,9,"q9_case2",765,4608,450279292,589404,256,600,258,5,5.769694
2,2,9,"q9_case2",766,4608,450868819,589527,256,598,258,5,5.776015
2,2,9,"q9_case2",767,4608,451458287,589468,256,596,260,5,5.784810
2,2,9,"q9_case2",768,4608,452047738,589451,256,594,263,5,5.790866
2,2,9,"q9_case2",769,4608,452637276,589538,256,592,263,5,5.797235
2,2,9,"q9_case2",770,4608,453226835,589559,256,592,257,5,5.803489
2,2,9,"q9_case2",771,4608,453816361,589526,256,590,257,5,5.809845
2,2,9,"q9_case2",772,4608,454405916,589555,256,588,258,5,5.815945
2,2,9,"q9_case2",773,4608,454995464,589548,256,586,258,5,5.824834
2,2,9,"q9_case2",774,4608,455585021,589557,256,586,254,5,5.830944
2,2,9,"q9_case2",775,4608,456174533,589512,256,584,255,5,5.837496
2,2,9,"q9_case2",776,4608,456764077,589544,256,582,255,5,5.843890
2,2,9,"q9_case2",777,4608,457353615,589538,256,580,255,5,5.850088
2,2,9,"q9_case2",778,4608,457943164,589549,256,580,252,5,5.856589
2,2,9,"q9_case2",779,4608,458532708,589544,256,578,252,5,5.863248
2,2,9,"q9_case2",780,4608,459122265,589557,256,576,252,5,5.869804
2,2,9,"q9_case2",781,4608,459711798,589533,256,574,254,5,5.876062
2,2,9,"q9_case2",782,4608,460301319,589521,256,572,256,5,5.882322
2,2,9,"q9_case2",783,4608,460890864,589545,256,572,251,5,5.888802
2,2,9,"q9_case2",784,4608,461480419,589555,256,570,251,5,5.895302
2,2,9,"q9_case2",785,4608,462069986,589567,256,568,252,5,5.906499
2,2,9,"q9_case2",786,4608,462659477,589491,256,566,253,5,5.912669
2,2,9,"q9_case2",787,4608,463249030,589553,256,566,249,5,5.919255
2,2,9,"q9_case2",788,4608,463838570,589540,256,564,249,5,5.925831
2,2,9,"q9_case2",789,4608,464428129,589559,256,562,250,5,5.932369
2,2,9,"q9_case2",790,4608,465017686,589557,256,560,252,5,5.939080
2,2,9,"q9_case2",791,4608,465607250,589564,256,560,248,5,5.945701
2,2,9,"q9_case2",792,4608,466196813,589563,256,558,247,5,5.953202
2,2,9,"q9_case2",793,4608,466786375,589562,256,556,249,5,5.959656
2,2,9,"q9_case2",794,4608,467375939,589564,256,554,252,5,5.965755
2,2,9,"q9_case2",795,4608,467965504,589565,256,554,245,5,5.972168
2,2,9,"q9_case2",796,4608,468555064,589560,256,552,245,5,5.978482
2,2,9,"q9_case2",797,4608,469144627,589563,256,550,247,5,5.984807
2,2,9,"q9_case2",798,4608,469734175,589548,256,548,248,5,5.991011
2,2,9,"q9_case2",799,4608,470323741,589566,256,546,250,5,5.997422
2,2,9,"q9_case2",800,4608,470913275,589534,256,546,243,5,6.003954
2,2,9,"q9_case2",801,4608,471502832,589557,256,544,244,5,6.010318
2,2,9,"q9_case2",802,4608,472092386,589554,256,542,246,5,6.016643
2,2,9,"q9_case2",803,4608,472681946,589560,256,542,242,5,6.022962
2,2,9,"q9_case2",804,4608,473271512,589566,256,540,242,5,6.030407
2,2,9,"q9_case2",805,4608,473861076,589564,256,538,242,5,6.037174
2,2,9,"q9_case2",806,4608,474450638,589562,256,536,243,5,6.043297
2,2,9,"q9_case2",807,4608,475040182,589544,256,536,240,5,6.050871
2,2,9,"q9_case2",808,4608,475629722,589540,256,534,241,5,6.057864
2,2,9,"q9_case2",809,4608,476219283,589561,256,532,242,5,6.064479
2,2,9,"q9_case2",810,4608,476808849,589566,256,532,239,5,6.071121
2,2,9,"q9_case2",811,4608,477398415,589566,256,530,240,5,6.077897
2,2,9,"q9_case2",812,4608,477987975,589560,256,528,241,5,6.084767
2,2,9,"q9_case2",813,4608,478577538,589563,256,526,242,5,6.091620
2,2,9,"q9_case2",814,4608,479167103,589565,256,526,239,5,6.098279
2,2,9,"q9_case2",815,4608,479756663,589560,256,524,238,5,6.104951
2,2,9,"q9_case2",816,4608,480346225,589562,256,522,241,5,6.111438
2,2,9,"q9_case2",817,4608,480935774,589549,256,522,236,5,6.118255
2,2,9,"q9_case2",818,4608,481525298,589524,256,520,236,5,6.124882
2,2,9,"q9_case2",819,4608,482114859,589561,256,518,238,5,6.131356
2,2,9,"q9_case2",820,4608,482704422,589563,256,516,239,5,6.137715
2,2,9,"q9_case2",821,4608,483293985,589563,256,516,235,5,6.144347
2,2,9,"q9_case2",822,4608,483883551,589566,256,514,237,5,6.150741
2,2,9,"q9_case2",823,4608,484473119,589568,256,512,238,5,6.157350
2,2,9,"q9_case2",824,4608,485062687,589568,256,510,239,5,6.163702
2,2,9,"q9_case2",825,4608,485652253,589566,256,508,239,5,6.170018
2,2,9,"q9_case2",826,4608,486241793,589540,256,508,237,5,6.179482
2,2,9,"q9_case2",827,4608,486831332,589539,256,506,237,5,6.186343
2,2,9,"q9_case2",828,4608,487420878,589546,256,504,238,5,6.193186
2,2,9,"q9_case2",829,4608,488010442,589564,256,504,235,5,6.200151
2,2,9,"q9_case2",830,4608,488599996,589554,256,502,236,5,6.206870
2,2,9,"q9_case2",831,4608,489189551,589555,256,500,237,5,6.214250
2,2,9,"q9_case2",832,4608,489779113,589562,256,500,234,5,6.223251
2,2,9,"q9_case2",833,4608,490368675,589562,256,498,235,5,6.233256
2,2,9,"q9_case2",834,4608,490958241,589566,256,496,234,5,6.242871
2,2,9,"q9_case2",835,4608,491547804,589563,256,494,234,5,6.252677
2,2,9,"q9_case2",836,4608,492137371,589567,256,494,232,5,6.262707
2,2,9,"q9_case2",837,4608,492726863,589492,256,492,232,5,6.272360
2,2,9,"q9_case2",838,4608,493316401,589538,256,490,232,5,6.280856
2,2,9,"q9_case2",839,4608,493905963,589562,256,488,232,5,6.289037
2,2,9,"q9_case2",840,4608,494495524,589561,256,488,230,5,6.298097
2,2,9,"q9_case2",841,4608,495084971,589447,256,486,230,5,6.307118
2,2,9,"q9_case2",842,4608,495674493,589522,256,484,231,5,6.316085
2,2,9,"q9_case2",843,4608,496263924,589431,256,484,228,5,6.325025
2,2,9,"q9_case2",844,4608,496853452,589528,256,482,228,5,6.333183
2,2,9,"q9_case2",845,4608,497442981,589529,256,482,226,5,6.340862
2,2,9,"q9_case2",846,4608,498032539,589558,256,480,226,5,6.349952
2,2,9,"q9_case2",847,4608,498622091,589552,256,478,226,5,6.359205
2,2,9,"q9_case2",848,4608,499211657,589566,256,478,224,5,6.367994
2,2,9,"q9_case2",849,4608,499801204,589547,256,476,224,5,6.376230
2,2,9,"q9_case2",850,4608,500390756,589552,256,474,225,5,6.383667
2,2,9,"q9_case2",851,4608,500980317,589561,256,472,224,5,6.391664
2,2,9,"q9_case2",852,4608,501569877,589560,256,472,223,5,6.400092
2,2,9,"q9_case2",853,4608,502159358,589481,256,470,222,5,6.412109
2,2,9,"q9_case2",854,4608,502748736,589378,256,468,223,5,6.419933
2,2,9,"q9_case2",855,4608,503338268,589532,256,466,222,5,6.431474
2,2,9,"q9_case2",856,4608,503927786,589518,256,466,221,5,6.439504
2,2,9,"q9_case2",857,4608,504517275,589489,256,464,220,5,6.452809
2,2,9,"q9_case2",858,4608,505106642,589367,256,464,219,5,6.461792
2,2,9,"q9_case2",859,4608,505696183,589541,256,462,218,5,6.472965
2,2,9,"q9_case2",860,4608,506285563,589380,256,462,217,5,6.481361
2,2,9,"q9_case2",861,4608,506875117,589554,256,460,216,5,6.493081
2,2,9,"q9_case2",862,4608,507464503,589386,256,458,217,5,6.502628
2,2,9,"q9_case2",863,4608,508054063,589560,256,458,214,5,6.512465
2,2,9,"q9_case2",864,4608,508643572,589509,256,456,215,5,6.521766
2,2,9,"q9_case2",865,4608,509233137,589565,256,456,212,5,6.530810
2,2,9,"q9_case2",866,4608,509822704,589567,256,454,213,5,6.539775
2,2,9,"q9_case2",867,4608,510412264,589560,256,452,215,5,6.551093
2,2,9,"q9_case2",868,4608,511001832,589568,256,450,215,5,6.560028
2,2,9,"q9_case2",869,4608,511591391,589559,256,450,213,5,6.572448
2,2,9,"q9_case2",870,4608,512180809,589418,256,448,213,5,6.582449
2,2,9,"q9_case2",871,4608,512770316,589507,256,446,213,5,6.592017
2,2,9,"q9_case2",872,4608,513359710,589394,256,446,217,4,6.601172
2,2,9,"q9_case2",873,4608,513949248,589538,256,444,216,4,6.613299
2,2,9,"q9_case2",874,4608,514538800,589552,256,444,213,4,6.623509
2,2,9,"q9_case2",875,4608,515128288,589488,256,442,214,4,6.633251
2,2,9,"q9_case2",876,4608,515717832,589544,256,440,214,4,6.643632
2,2,9,"q9_case2",877,4608,516307400,589568,256,440,212,4,6.652988
2,2,9,"q9_case2",878,4608,516896957,589557,256,438,212,4,6.663586
2,2,9,"q9_case2",879,4608,517486517,589560,256,438,210,4,6.673115
2,2,9,"q9_case2",880,4608,518076085,589568,256,436,210,4,6.683261
2,2,9,"q9_case2",881,4608,518665627,589542,256,436,208,4,6.692878
2,2,9,"q9_case2",882,4608,519255194,589567,256,434,208,4,6.702969
2,2,9,"q9_case2",883,4608,519844629,589435,256,434,206,4,6.711953
2,2,9,"q9_case2",884,4608,520434190,589561,256,432,207,4,6.722620
2,2,9,"q9_case2",885,4608,521023715,589525,256,430,207,4,6.732166
2,2,9,"q9_case2",886,4608,521613266,589551,256,428,206,4,6.741733
2,2,9,"q9_case2",887,4608,522202819,589553,256,428,204,4,6.753494
2,2,9,"q9_case2",888,4608,522792238,589419,256,426,204,4,6.764318
2,2,9,"q9_case2",889,4608,523381642,589404,256,424,204,4,6.773187
2,2,9,"q9_case2",890,4608,523971184,589542,256,424,203,4,6.782155
2,2,9,"q9_case2",891,4608,524560731,589547,256,422,202,4,6.792508
2,2,9,"q9_case2",892,4608,525150136,589405,256,420,204,4,6.801286
2,2,9,"q9_case2",893,4608,525739698,589562,256,420,201,4,6.812572
2,2,9,"q9_case2",894,4608,526329208,589510,256,418,202,4,6.820801
2,2,9,"q9_case2",895,4608,526918769,589561,256,416,202,4,6.831099
2,2,9,"q9_case2",896,4608,527508337,589568,256,416,201,4,6.840070
2,2,9,"q9_case2",897,4608,528097900,589563,256,414,200,4,6.852055
2,2,9,"q9_case2",898,4608,528687324,589424,256,414,199,4,6.859520
2,2,9,"q9_case2",899,4608,529276888,589564,256,412,199,4,6.870414
2,2,9,"q9_case2",900,4608,529866231,589343,256,412,198,4,6.878222
2,2,9,"q9_case2",901,4608,530455761,589530,256,410,197,4,6.887204
2,2,9,"q9_case2",902,4608,531045125,589364,256,410,196,4,6.899654
2,2,9,"q9_case2",903,4608,531634681,589556,256,408,196,4,6.908541
2,2,9,"q9_case2",904,4608,532224010,589329,256,408,195,4,6.916090
2,2,9,"q9_case2",905,4608,532813565,589555,256,406,194,4,6.924401
2,2,9,"q9_case2",906,4608,533402905,589340,256,406,193,4,6.932046
2,2,9,"q9_case2",907,4608,533992444,589539,256,404,192,4,6.940240
2,2,9,"q9_case2",908,4608,534581780,589336,256,404,191,4,6.947874
2,2,9,"q9_case2",909,4608,535171330,589550,256,402,190,4,6.962220
2,2,9,"q9_case2",910,4608,535760659,589329,256,400,192,4,6.971973
2,2,9,"q9_case2",911,4608,536350213,589554,256,400,188,4,6.981904
2,2,9,"q9_case2",912,4608,536939720,589507,256,398,188,4,6.991375
2,2,9,"q9_case2",913,4608,537529280,589560,256,398,186,4,7.001501
2,2,9,"q9_case2",914,4608,538118845,589565,256,396,186,4,7.013007
2,2,9,"q9_case2",915,4608,538708286,589441,256,394,187,4,7.023623
2,2,9,"q9_case2",916,4608,539297848,589562,256,394,184,4,7.035199
2,2,9,"q9_case2",917,4608,539887359,589511,256,392,185,4,7.046544
2,2,9,"q9_case2",918,4608,540476912,589553,256,392,183,4,7.062568
2,2,9,"q9_case2",919,4608,541066480,589568,256,390,183,4,7.074230
2,2,9,"q9_case2",920,4608,541656026,589546,256,390,182,4,7.084790
2,2,9,"q9_case2",921,4608,542245588,589562,256,388,182,4,7.097041
2,2,9,"q9_case2",922,4608,542834935,589347,256,388,181,4,7.108382
2,2,9,"q9_case2",923,4608,543424479,589544,256,386,181,4,7.120042
2,2,9,"q9_case2",924,4608,544013813,589334,256,386,180,4,7.130305
2,2,9,"q9_case2",925,4608,544603351,589538,256,384,180,4,7.141109
2,2,9,"q9_case2",926,4608,545192688,589337,256,384,179,4,7.150937
2,2,9,"q9_case2",927,4608,545782227,589539,256,382,179,4,7.162486
2,2,9,"q9_case2",928,4608,546371552,589325,256,382,178,4,7.172446
2,2,9,"q9_case2",929,4608,546961050,589498,256,380,178,4,7.183422
2,2,9,"q9_case2",930,4608,547550362,589312,256,380,177,4,7.192910
2,2,9,"q9_case2",931,4608,548139841,589479,256,378,176,4,7.202959
2,2,9,"q9_case2",932,4608,548729163,589322,256,376,176,4,7.212484
2,2,9,"q9_case2",933,4608,549318726,589563,256,376,174,4,7.222864
2,2,9,"q9_case2",934,4608,549908223,589497,256,374,174,4,7.232725
2,2,9,"q9_case2",935,4608,550497668,589445,256,372,174,4,7.241750
2,2,9,"q9_case2",936,4608,551087232,589564,256,372,172,4,7.252195
2,2,9,"q9_case2",937,4608,551676737,589505,256,370,172,4,7.262491
2,2,9,"q9_case2",938,4608,552266210,589473,256,370,171,4,7.272026
2,2,9,"q9_case2",939,4608,552855776,589566,256,368,170,4,7.280574
2,2,9,"q9_case2",940,4608,553445095,589319,256,366,173,4,7.288335
2,2,9,"q9_case2",941,4608,554034612,589517,256,366,168,4,7.297304
2,2,9,"q9_case2",942,4608,554624122,589510,256,364,168,4,7.304712
2,2,9,"q9_case2",943,4608,555213690,589568,256,364,167,4,7.313302
2,2,9,"q9_case2",944,4608,555803253,589563,256,362,166,4,7.323697
2,2,9,"q9_case2",945,4608,556392589,589336,256,360,167,4,7.332865
2,2,9,"q9_case2",946,4608,556982157,589568,256,360,164,4,7.342962
2,2,9,"q9_case2",947,4608,557571666,589509,256,358,165,4,7.352795
2,2,9,"q9_case2",948,4608,558161141,589475,256,356,167,4,7.361450
2,2,9,"q9_case2",949,4608,558750707,589566,256,356,163,4,7.370052
2,2,9,"q9_case2",950,4608,559340253,589546,256,354,165,4,7.377812
2,2,9,"q9_case2",951,4608,559929807,589554,256,352,164,4,7.386238
2,2,9,"q9_case2",952,4608,560519369,589562,256,352,163,4,7.395145
2,2,9,"q9_case2",953,4608,561108821,589452,256,350,162,4,7.403611
2,2,9,"q9_case2",954,4608,561698152,589331,256,350,161,4,7.412885
2,2,9,"q9_case2",955,4608,562287690,589538,256,348,160,4,7.422373
2,2,9,"q9_case2",956,4608,562877018,589328,256,346,162,4,7.431004
2,2,9,"q9_case2",957,4608,563466576,589558,256,346,159,4,7.440479
2,2,9,"q9_case2",958,4608,564056085,589509,256,344,160,4,7.451095
2,2,9,"q9_case2",959,4608,564645636,589551,256,344,158,4,7.459981
2,2,9,"q9_case2",960,4608,565235203,589567,256,342,159,4,7.471305
2,2,9,"q9_case2",961,4608,565824660,589457,256,342,158,4,7.478904
2,2,9,"q9_case2",962,4608,566414222,589562,256,340,158,4,7.487769
2,2,9,"q9_case2",963,4608,567003559,589337,256,340,156,4,7.495475
2,2,9,"q9_case2",964,4608,567593118,589559,256,338,158,4,7.504901
2,2,9,"q9_case2",965,4608,568182486,589368,256,336,157,4,7.513859
2,2,9,"q9_case2",966,4608,568772002,589516,256,336,156,4,7.523704
2,2,9,"q9_case2",967,4608,569361510,589508,256,334,155,4,7.532991
2,2,9,"q9_case2",968,4608,569950852,589342,256,332,154,4,7.540482
2,2,9,"q9_case2",969,4608,570540405,589553,256,330,152,4,7.548499
2,2,9,"q9_case2",970,4608,571129696,589291,256,328,151,4,7.557074
2,2,9,"q9_case2",971,4608,571719016,589320,256,328,150,4,7.564848
2,2,9,"q9_case2",972,4608,572308313,589297,256,326,149,4,7.573133
2,2,9,"q9_case2",973,4608,572897610,589297,256,326,148,4,7.579901
2,2,9,"q9_case2",974,4608,573487169,589559,256,324,148,4,7.587754
2,2,9,"q9_case2",975,4608,574076494,589325,256,322,149,4,7.597687
2,2,9,"q9_case2",976,4608,574665985,589491,256,322,148,4,7.605030
2,2,9,"q9_case2",977,4608,575255490,589505,256,320,148,4,7.612396
2,2,9,"q9_case2",978,4608,575844855,589365,256,320,147,4,7.619469
2,2,9,"q9_case2",979,4608,576434416,589561,256,318,147,4,7.626994
2,2,9,"q9_case2",980,4608,577023737,589321,256,318,146,4,7.639001
2,2,9,"q9_case2",981,4608,577613220,589483,256,316,145,4,7.647244
2,2,9,"q9_case2",982,4608,578202540,589320,256,316,144,4,7.658230
2,2,9,"q9_case2",983,4608,578792033,589493,256,314,143,4,7.666363
2,2,9,"q9_case2",984,4608,579381359,589326,256,312,146,4,7.678227
2,2,9,"q9_case2",985,4608,579970907,589548,256,312,142,4,7.685518
2,2,9,"q9_case2",986,4608,580560411,589504,256,310,143,4,7.698315
2,2,9,"q9_case2",987,4608,581149973,589562,256,310,141,4,7.705950
2,2,9,"q9_case2",988,4608,581739541,589568,256,308,142,4,7.714072
2,2,9,"q9_case2",989,4608,582329008,589467,256,308,141,4,7.721258
2,2,9,"q9_case2",990,4608,582918576,589568,256,306,141,4,7.729026
2,2,9,"q9_case2",991,4608,583507906,589330,256,306,140,4,7.736944
2,2,9,"q9_case2",992,4608,584097393,589487,256,304,140,4,7.748323
2,2,9,"q9_case2",993,4608,584686717,589324,256,304,139,4,7.755881
2,2,9,"q9_case2",994,4608,585276207,589490,256,302,140,4,7.768516
2,2,9,"q9_case2",995,4608,585865537,589330,256,300,139,4,7.775690
2,2,9,"q9_case2",996,4608,586455023,589486,256,300,138,4,7.783220
2,2,9,"q9_case2",997,4608,587044521,589498,256,298,137,4,7.789997
2,2,9,"q9_case2",998,4608,587633849,589328,256,296,136,4,7.796428
2,2,9,"q9_case2",999,4608,588223409,589560,256,296,135,4,7.805209
2,2,9,"q9_case2",1000,4608,588812823,589414,256,294,134,4,7.812447
2,2,9,"q9_case2",1001,4608,589402144,589321,256,294,133,4,7.820291
2,2,9,"q9_case2",1002,4608,589991704,589560,256,292,134,4,7.828698
2,2,9,"q9_case2",1003,4608,590581032,589328,256,292,132,4,7.836293
2,2,9,"q9_case2",1004,4608,591170528,589496,256,290,132,4,7.850144
2,2,9,"q9_case2",1005,4608,591759879,589351,256,290,131,4,7.859820
2,2,9,"q9_case2",1006,4608,592349391,589512,256,288,130,4,7.867493
2,2,9,"q9_case2",1007,4608,592938722,589331,256,288,129,4,7.875454
2,2,9,"q9_case2",1008,4608,593528276,589554,256,286,130,4,7.882980
2,2,9,"q9_case2",1009,4608,594117605,589329,256,286,128,4,7.891092
2,2,9,"q9_case2",1010,4608,594707096,589491,256,284,129,4,7.900173
2,2,9,"q9_case2",1011,4608,595296451,589355,256,284,128,4,7.908715
2,2,9,"q9_case2",1012,4608,595885967,589516,256,282,129,4,7.916905
2,2,9,"q9_case2",1013,4608,596475291,589324,256,282,127,4,7.924869
2,2,9,"q9_case2",1014,4608,597064773,589482,256,280,129,4,7.933595
2,2,9,"q9_case2",1015,4608,597654125,589352,256,280,128,4,7.942676
2,2,9,"q9_case2",1016,4608,598243642,589517,256,278,129,4,7.951129
2,2,9,"q9_case2",1017,4608,598832957,589315,256,278,127,4,7.959872
2,2,9,"q9_case2",1018,4608,599422443,589486,256,276,129,4,7.968383
2,2,9,"q9_case2",1019,4608,600011794,589351,256,276,128,4,7.978333
2,2,9,"q9_case2",1020,4608,600601307,589513,256,274,129,4,7.986310
2,2,9,"q9_case2",1021,4608,601190631,589324,256,274,128,4,7.999343
2,2,9,"q9_case2",1022,4608,601780119,589488,256,274,127,4,8.008229
2,2,9,"q9_case2",1023,4608,602369431,589312,256,274,126,4,8.016886
2,2,9,"q9_case2",1024,4608,602958686,589255,256,274,125,4,8.026963
2,2,9,"q9_case2",1025,4608,603548024,589338,256,272,125,4,8.130653
2,2,9,"q9_case2",1026,4608,604137351,589327,256,272,124,4,8.142552
2,2,9,"q9_case2",1027,4608,604726835,589484,256,270,124,4,8.151572
2,2,9,"q9_case2",1028,4608,605316180,589345,256,268,123,4,8.160028
2,2,9,"q9_case2",1029,4608,605905669,589489,256,266,122,4,8.172163
2,2,9,"q9_case2",1030,4608,606495128,589459,256,266,121,4,8.180836
2,2,9,"q9_case2",1031,4608,607084444,589316,256,264,120,4,8.191412
2,2,9,"q9_case2",1032,4608,607673739,589295,256,262,122,4,8.199258
2,2,9,"q9_case2",1033,4608,608263212,589473,256,262,119,4,8.207264
2,2,9,"q9_case2",1034,4608,608852715,589503,256,260,120,4,8.216079
2,2,9,"q9_case2",1035,4608,609442187,589472,256,258,119,4,8.224045
2,2,9,"q9_case2",1036,4608,610031705,589518,256,258,118,4,8.232670
2,2,9,"q9_case2",1037,4608,610621179,589474,256,256,117,4,8.241592
2,2,9,"q9_case2",1038,4608,611210497,589318,256,256,116,4,8.251579
2,2,9,"q9_case2",1039,4608,611799960,589463,256,254,117,4,8.260165
2,2,9,"q9_case2",1040,4608,612389280,589320,256,254,115,4,8.271990
2,2,9,"q9_case2",1041,4608,612978748,589468,256,252,116,4,8.281101
2,2,9,"q9_case2",1042,4608,613568095,589347,256,252,114,4,8.291868
2,2,9,"q9_case2",1043,4608,614157602,589507,256,250,116,4,8.301857
2,2,9,"q9_case2",1044,4608,614746953,589351,256,250,113,4,8.311851
2,2,9,"q9_case2",1045,4608,615336461,589508,256,248,114,4,8.320578
2,2,9,"q9_case2",1046,4608,615925875,589414,256,248,111,4,8.331716
2,2,9,"q9_case2",1047,4608,616515386,589511,256,246,114,4,8.340209
2,2,9,"q9_case2",1048,4608,617104812,589426,256,246,111,4,8.351421
2,2,9,"q9_case2",1049,4608,617694324,589512,256,244,114,4,8.360376
2,2,9,"q9_case2",1050,4608,618283734,589410,256,244,113,4,8.371487
2,2,9,"q9_case2",1051,4608,618873243,589509,256,242,115,4,8.380015
2,2,9,"q9_case2",1052,4608,619462559,589316,256,242,114,4,8.392376
2,2,9,"q9_case2",1053,4608,620052015,589456,256,240,115,4,8.400867
2,2,9,"q9_case2",1054,4608,620641334,589319,256,240,114,4,8.412393
2,2,9,"q9_case2",1055,4608,621230801,589467,256,238,113,4,8.421235
2,2,9,"q9_case2",1056,4608,621820119,589318,256,238,112,4,8.430407
2,2,9,"q9_case2",1057,4608,622409575,589456,256,236,113,4,8.437965
2,2,9,"q9_case2",1058,4608,622998892,589317,256,236,112,4,8.447183
2,2,9,"q9_case2",1059,4608,623588355,589463,256,234,114,4,8.455666
2,2,9,"q9_case2",1060,4608,624177672,589317,256,234,113,4,8.467475
2,2,9,"q9_case2",1061,4608,624767129,589457,256,232,114,4,8.475359
2,2,9,"q9_case2",1062,4608,625356445,589316,256,232,113,4,8.488559
2,2,9,"q9_case2",1063,4608,625945914,589469,256,230,114,4,8.497484
2,2,9,"q9_case2",1064,4608,626535230,589316,256,230,113,4,8.507653
2,2,9,"q9_case2",1065,4608,627124696,589466,256,228,114,4,8.515693
2,2,9,"q9_case2",1066,4608,627714012,589316,256,228,113,4,8.527695
2,2,9,"q9_case2",1067,4608,628303483,589471,256,226,114,4,8.535357
2,2,9,"q9_case2",1068,4608,628892797,589314,256,226,113,4,8.548950
2,2,9,"q9_case2",1069,4608,629482260,589463,256,224,114,4,8.558796
2,2,9,"q9_case2",1070,4608,630071575,589315,256,224,113,4,8.568383
2,2,9,"q9_case2",1071,4608,630661043,589468,256,222,114,4,8.576422
2,2,9,"q9_case2",1072,4608,631250358,589315,256,222,113,4,8.587284
2,2,9,"q9_case2",1073,4608,631839828,589470,256,220,112,4,8.595064
2,2,9,"q9_case2",1074,4608,632429144,589316,256,218,112,4,8.607240
2,2,9,"q9_case2",1075,4608,633018605,589461,256,218,110,4,8.616106
2,2,9,"q9_case2",1076,4608,633607922,589317,256,218,109,4,8.622887
2,2,9,"q9_case2",1077,4608,634197237,589315,256,218,108,4,8.631054
2,2,9,"q9_case2",1078,4608,634786549,589312,256,218,107,4,8.640033
2,2,9,"q9_case2",1079,4608,635375656,589107,256,218,106,4,8.648017
2,2,9,"q9_case2",1080,4608,635964807,589151,256,218,105,4,8.656303
2,2,9,"q9_case2",1081,4608,636554065,589258,256,218,104,4,8.668099
2,2,9,"q9_case2",1082,4608,637143402,589337,256,218,103,4,8.676918
2,2,9,"q9_case2",1083,4608,637732819,589417,256,218,102,4,8.685617
2,2,9,"q9_case2",1084,4608,638322204,589385,256,218,101,4,8.694602
2,2,9,"q9_case2",1085,4608,638911593,589389,256,216,101,4,8.707078
2,2,9,"q9_case2",1086,4608,639500974,589381,256,216,100,4,8.714428
2,2,9,"q9_case2",1087,4608,640090462,589488,256,214,100,4,8.721188
2,2,9,"q9_case2",1088,4608,640679781,589319,256,214,99,4,8.728350
2,2,9,"q9_case2",1089,4608,641269229,589448,256,212,99,4,8.735934
2,2,9,"q9_case2",1090,4608,641858544,589315,256,210,98,4,8.744852
2,2,9,"q9_case2",1091,4608,642448016,589472,256,210,97,4,8.752232
2,2,9,"q9_case2",1092,4608,643037465,589449,256,208,97,4,8.759846
2,2,9,"q9_case2",1093,4608,643626777,589312,256,206,96,4,8.767610
2,2,9,"q9_case2",1094,4608,644216232,589455,256,206,95,4,8.775125
2,2,9,"q9_case2",1095,4608,644805556,589324,256,204,95,4,8.782333
2,2,9,"q9_case2",1096,4608,645394830,589274,256,204,94,4,8.790925
2,2,9,"q9_case2",1097,4608,645984304,589474,256,202,93,4,8.798035
2,2,9,"q9_case2",1098,4608,646573628,589324,256,202,92,4,8.804990
2,2,9,"q9_case2",1099,4608,647163109,589481,256,200,94,4,8.812106
2,2,9,"q9_case2",1100,4608,647752431,589322,256,200,93,4,8.820146
2,2,9,"q9_case2",1101,4608,648341885,589454,256,198,92,4,8.827518
2,2,9,"q9_case2",1102,4608,648931203,589318,256,198,91,4,8.835345
2,2,9,"q9_case2",1103,4608,649520645,589442,256,196,92,4,8.843933
2,2,9,"q9_case2",1104,4608,650109934,589289,256,196,91,4,8.852044
2,2,9,"q9_case2",1105,4608,650699401,589467,256,194,92,4,8.859623
2,2,9,"q9_case2",1106,4608,651288693,589292,256,194,91,4,8.867038
2,2,9,"q9_case2",1107,4608,651878156,589463,256,192,92,4,8.873776
2,2,9,"q9_case2",1108,4608,652467476,589320,256,192,91,4,8.880860
2,2,9,"q9_case2",1109,4608,653056944,589468,256,190,93,4,8.890508
2,2,9,"q9_case2",1110,4608,653646262,589318,256,190,92,4,8.898326
2,2,9,"q9_case2",1111,4608,654235731,589469,256,188,93,4,8.905256
2,2,9,"q9_case2",1112,4608,654825047,589316,256,188,92,4,8.912665
2,2,9,"q9_case2",1113,4608,655414487,589440,256,186,92,4,8.920774
2,2,9,"q9_case2",1114,4608,656003803,589316,256,186,91,4,8.928615
2,2,9,"q9_case2",1115,4608,656593237,589434,256,184,91,4,8.937940
2,2,9,"q9_case2",1116,4608,657182548,589311,256,184,90,4,8.946933
2,2,9,"q9_case2",1117,4608,657772013,589465,256,182,91,4,8.955341
2,2,9,"q9_case2",1118,4608,658361327,589314,256,182,90,4,8.966307
2,2,9,"q9_case2",1119,4608,658950763,589436,256,182,89,4,8.977962
2,2,9,"q9_case2",1120,4608,659540077,589314,256,182,88,4,8.986804
2,2,9,"q9_case2",1121,4608,660129194,589117,256,182,87,4,8.995327
2,2,9,"q9_case2",1122,4608,660718543,589349,256,182,86,4,9.004184
2,2,9,"q9_case2",1123,4608,661307870,589327,256,182,85,4,9.012597
2,2,9,"q9_case2",1124,4608,661897226,589356,256,182,84,4,9.022205
2,2,9,"q9_case2",1125,4608,662486559,589333,256,182,83,4,9.031270
2,2,9,"q9_case2",1126,4608,663075889,589330,256,182,82,4,9.040011
2,2,9,"q9_case2",1127,4608,663665192,589303,256,182,81,4,9.049939
2,2,9,"q9_case2",1128,4608,664254496,589304,256,182,80,4,9.058454
2,2,9,"q9_case2",1129,4608,664843780,589284,256,182,79,4,9.067253
2,2,9,"q9_case2",1130,4608,665433069,589289,256,182,78,4,9.076467
2,2,9,"q9_case2",1131,4608,666022403,589334,256,182,77,4,9.086250
2,2,9,"q9_case2",1132,4608,666611744,589341,256,182,76,4,9.098639
2,2,9,"q9_case2",1133,4608,667201057,589313,256,182,75,4,9.108675
2,2,9,"q9_case2",1134,4608,667790366,589309,256,182,74,4,9.118580
2,2,9,"q9_case2",1135,4608,668379646,589280,256,182,73,4,9.128287
2,2,9,"q9_case2",1136,4608,668968926,589280,256,182,72,4,9.137672
2,2,9,"q9_case2",1137,4608,669558161,589235,256,180,72,4,9.146368
2,2,9,"q9_case2",1138,4608,670147401,589240,256,180,71,4,9.154939
2,2,9,"q9_case2",1139,4608,670736833,589432,256,178,72,4,9.164234
2,2,9,"q9_case2",1140,4608,671326206,589373,256,176,71,4,9.178432
2,2,9,"q9_case2",1141,4608,671915678,589472,256,176,70,4,9.186558
2,2,9,"q9_case2",1142,4608,672505130,589452,256,174,70,4,9.194897
2,2,9,"q9_case2",1143,4608,673094522,589392,256,172,70,4,9.202684
2,2,9,"q9_case2",1144,4608,673683978,589456,256,172,69,4,9.212235
2,2,9,"q9_case2",1145,4608,674273449,589471,256,170,69,4,9.221981
2,2,9,"q9_case2",1146,4608,674862815,589366,256,168,68,4,9.230120
2,2,9,"q9_case2",1147,4608,675452249,589434,256,168,67,4,9.237809
2,2,9,"q9_case2",1148,4608,676041708,589459,256,166,67,4,9.245292
2,2,9,"q9_case2",1149,4608,676631034,589326,256,166,66,4,9.253566
2,2,9,"q9_case2",1150,4608,677220504,589470,256,164,67,4,9.262541
2,2,9,"q9_case2",1151,4608,677809836,589332,256,164,66,4,9.271598
2,2,9,"q9_case2",1152,4608,678399333,589497,256,162,66,4,9.279053
2,2,9,"q9_case2",1153,4608,678988695,589362,256,162,65,4,9.288055
2,2,9,"q9_case2",1154,4608,679578172,589477,256,160,66,4,9.296819
2,2,9,"q9_case2",1155,4608,680167506,589334,256,160,65,4,9.304718
2,2,9,"q9_case2",1156,4608,680756996,589490,256,158,66,4,9.312321
2,2,9,"q9_case2",1157,4608,681346338,589342,256,158,65,4,9.320259
2,2,9,"q9_case2",1158,4608,681935816,589478,256,156,64,4,9.328561
2,2,9,"q9_case2",1159,4608,682525163,589347,256,156,63,4,9.337325
2,2,9,"q9_case2",1160,4608,683114637,589474,256,154,62,4,9.346092
2,2,9,"q9_case2",1161,4608,683703972,589335,256,154,61,4,9.353235
2,2,9,"q9_case2",1162,4608,684293477,589505,256,152,62,4,9.361484
2,2,9,"q9_case2",1163,4608,684882810,589333,256,152,61,4,9.371371
2,2,9,"q9_case2",1164,4608,685472297,589487,256,150,61,4,9.379857
2,2,9,"q9_case2",1165,4608,686061638,589341,256,150,60,4,9.388536
2,2,9,"q9_case2",1166,4608,686651123,589485,256,148,61,4,9.398669
2,2,9,"q9_case2",1167,4608,687240464,589341,256,146,60,4,9.407012
2,2,9,"q9_case2",1168,4608,687829955,589491,256,144,59,4,9.415708
2,2,9,"q9_case2",1169,4608,688419358,589403,256,144,58,4,9.424543
2,2,9,"q9_case2",1170,4608,689008629,589271,256,142,59,4,9.433158
2,2,9,"q9_case2",1171,4608,689597904,589275,256,142,58,4,9.441879
2,2,9,"q9_case2",1172,4608,690187394,589490,256,140,59,4,9.452368
2,2,9,"q9_case2",1173,4608,690776738,589344,256,140,58,4,9.461209
2,2,9,"q9_case2",1174,4608,691366227,589489,256,138,59,4,9.469859
2,2,9,"q9_case2",1175,4608,691955559,589332,256,138,58,4,9.478706
2,2,9,"q9_case2",1176,4608,692545047,589488,256,138,57,4,9.487404
2,2,9,"q9_case2",1177,4608,693134389,589342,256,138,56,4,9.495160
2,2,9,"q9_case2",1178,4608,693723554,589165,256,138,55,4,9.504352
2,2,9,"q9_case2",1179,4608,694312575,589021,256,138,54,4,9.514416
2,2,9,"q9_case2",1180,4608,694901619,589044,256,138,53,4,9.523437
2,2,9,"q9_case2",1181,4608,695490681,589062,256,138,52,4,9.533302
2,2,9,"q9_case2",1182,4608,696079757,589076,256,138,51,4,9.542339
2,2,9,"q9_case2",1183,4608,696668877,589120,256,136,53,4,9.552383
2,2,9,"q9_case2",1184,4608,697258066,589189,256,136,52,4,9.560784
2,2,9,"q9_case2",1185,4608,697847337,589271,256,134,53,4,9.568142
2,2,9,"q9_case2",1186,4608,698436670,589333,256,134,52,4,9.576234
2,2,9,"q9_case2",1187,4608,699026056,589386,256,132,51,4,9.585091
2,2,9,"q9_case2",1188,4608,699615385,589329,256,132,50,4,9.592139
2,2,9,"q9_case2",1189,4608,700204778,589393,256,132,49,4,9.600612
2,2,9,"q9_case2",1190,4608,700794082,589304,256,132,48,4,9.608932
2,2,9,"q9_case2",1191,4608,701383257,589175,256,130,52,4,9.617736
2,2,9,"q9_case2",1192,4608,701972393,589136,256,128,51,4,9.625406
2,2,9,"q9_case2",1193,4608,702561695,589302,256,126,49,4,9.632194
2,2,9,"q9_case2",1194,4608,703151066,589371,256,126,48,4,9.638629
2,2,9,"q9_case2",1195,4608,703740434,589368,256,126,47,4,9.646383
2,2,9,"q9_case2",1196,4608,704329740,589306,256,124,47,4,9.653994
2,2,9,"q9_case2",1197,4608,704918982,589242,256,124,46,4,9.661660
2,2,9,"q9_case2",1198,4608,705508476,589494,256,124,45,4,9.670895
2,2,9,"q9_case2",1199,4608,706097799,589323,256,122,46,4,9.677922
2,2,9,"q9_case2",1200,4608,706687104,589305,256,122,45,4,9.685218
2,2,9,"q9_case2",1201,4608,707276486,589382,256,122,44,4,9.692434
2,2,9,"q9_case2",1202,4608,707865804,589318,256,122,43,4,9.699333
2,2,9,"q9_case2",1203,4608,708455115,589311,256,120,46,4,9.709712
2,2,9,"q9_case2",1204,4608,709044431,589316,256,120,43,4,9.717954
2,2,9,"q9_case2",1205,4608,709633851,589420,256,118,46,4,9.726442
2,2,9,"q9_case2",1206,4608,710223293,589442,256,118,45,4,9.734851
2,2,9,"q9_case2",1207,4608,710812756,589463,256,116,44,4,9.742608
2,2,9,"q9_case2",1208,4608,711402084,589328,256,116,43,4,9.750550
2,2,9,"q9_case2",1209,4608,711991500,589416,256,114,42,4,9.758453
2,2,9,"q9_case2",1210,4608,712580818,589318,256,114,41,4,9.766052
2,2,9,"q9_case2",1211,4608,713170114,589296,256,114,40,4,9.774567
2,2,9,"q9_case2",1212,4608,713759390,589276,256,114,40,4,9.783380
2,2,9,"q9_case2",1213,4608,714348779,589389,256,112,40,4,9.791545
2,2,9,"q9_case2",1214,4608,714938157,589378,256,112,39,4,9.798812
2,2,9,"q9_case2",1215,4608,715527656,589499,256,112,39,4,9.806124
2,2,9,"q9_case2",1216,4608,716117042,589386,256,110,39,4,9.813562
2,2,9,"q9_case2",1217,4608,716706383,589341,256,110,39,4,9.820431
2,2,9,"q9_case2",1218,4608,717295873,589490,256,108,39,4,9.827777
2,2,9,"q9_case2",1219,4608,717885260,589387,256,108,38,4,9.835845
2,2,9,"q9_case2",1220,4608,718474728,589468,256,106,39,4,9.843951
2,2,9,"q9_case2",1221,4608,719064065,589337,256,106,38,4,9.851316
2,2,9,"q9_case2",1222,4608,719653470,589405,256,104,39,4,9.858761
2,2,9,"q9_case2",1223,4608,720242841,589371,256,104,38,4,9.866168
2,2,9,"q9_case2",1224,4608,720832351,589510,256,102,39,4,9.873507
2,2,9,"q9_case2",1225,4608,721421689,589338,256,100,38,4,9.880723
2,2,9,"q9_case2",1226,4608,722011178,589489,256,100,37,4,9.887345
2,2,9,"q9_case2",1227,4608,722600585,589407,256,98,36,4,9.894324
2,2,9,"q9_case2",1228,4608,723189912,589327,256,98,35,4,9.901661
2,2,9,"q9_case2",1229,4608,723779393,589481,256,96,36,4,9.909102
2,2,9,"q9_case2",1230,4608,724368757,589364,256,96,35,4,9.917359
2,2,9,"q9_case2",1231,4608,724958113,589356,256,96,34,4,9.924745
2,2,9,"q9_case2",1232,4608,725547440,589327,256,94,37,4,9.932178
2,2,9,"q9_case2",1233,4608,726136708,589268,256,94,36,4,9.939811
2,2,9,"q9_case2",1234,4608,726726037,589329,256,94,35,4,9.946964
2,2,9,"q9_case2",1235,4608,727315366,589329,256,94,34,4,9.954327
2,2,9,"q9_case2",1236,4608,727904479,589113,256,94,33,4,9.962198
2,2,9,"q9_case2",1237,4608,728493596,589117,256,94,33,4,9.971984
2,2,9,"q9_case2",1238,4608,729082810,589214,256,94,33,4,9.980427
2,2,9,"q9_case2",1239,4608,729672101,589291,256,92,33,4,9.989097
2,2,9,"q9_case2",1240,4608,730261542,589441,256,90,33,4,9.996578
2,2,9,"q9_case2",1241,4608,730851018,589476,256,90,32,4,10.005725
2,2,9,"q9_case2",1242,4608,731440398,589380,256,88,33,4,10.014927
2,2,9,"q9_case2",1243,4608,732029814,589416,256,86,32,4,10.024483
2,2,9,"q9_case2",1244,4608,732619324,589510,256,86,31,4,10.033084
2,2,9,"q9_case2",1245,4608,733208648,589324,256,84,32,4,10.042110
2,2,9,"q9_case2",1246,4608,733797991,589343,256,82,31,4,10.052540
2,2,9,"q9_case2",1247,4608,734387492,589501,256,80,29,4,10.061663
2,2,9,"q9_case2",1248,4608,734976829,589337,256,80,29,4,10.070467
2,2,9,"q9_case2",1249,4608,735566152,589323,256,80,29,4,10.079988
2,2,9,"q9_case2",1250,4608,736155518,589366,256,78,30,4,10.087269
2,2,9,"q9_case2",1251,4608,736745010,589492,256,78,28,4,10.094688
2,2,9,"q9_case2",1252,4608,737334518,589508,256,78,28,4,10.102072
2,2,9,"q9_case2",1253,4608,737923917,589399,256,76,28,4,10.111252
2,2,9,"q9_case2",1254,4608,738513332,589415,256,76,27,4,10.118401
2,2,9,"q9_case2",1255,4608,739102834,589502,256,74,28,4,10.125555
2,2,9,"q9_case2",1256,4608,739692221,589387,256,74,27,4,10.133128
2,2,9,"q9_case2",1257,4608,740281569,589348,256,72,26,4,10.140258
2,2,9,"q9_case2",1258,4608,740870975,589406,256,72,27,4,10.147342
2,2,9,"q9_case2",1259,4608,741460419,589444,256,72,26,4,10.154619
2,2,9,"q9_case2",1260,4608,742049762,589343,256,70,27,4,10.161373
2,2,9,"q9_case2",1261,4608,742639253,589491,256,70,26,4,10.168429
2,2,9,"q9_case2",1262,4608,743228758,589505,256,68,27,4,10.175884
2,2,9,"q9_case2",1263,4608,743818092,589334,256,68,26,4,10.184165
2,2,9,"q9_case2",1264,4608,744407540,589448,256,68,25,4,10.191509
2,2,9,"q9_case2",1265,4608,744996876,589336,256,66,28,4,10.199088
2,2,9,"q9_case2",1266,4608,745586102,589226,256,66,25,4,10.207307
2,2,9,"q9_case2",1267,4608,746175499,589397,256,66,24,4,10.214208
2,2,9,"q9_case2",1268,4608,746764882,589383,256,64,23,4,10.221354
2,2,9,"q9_case2",1269,4608,747354228,589346,256,64,24,4,10.228203
2,2,9,"q9_case2",1270,4608,747943677,589449,256,62,25,4,10.235705
2,2,9,"q9_case2",1271,4608,748533024,589347,256,62,24,4,10.243544
2,2,9,"q9_case2",1272,4608,749122516,589492,256,60,23,4,10.250935
2,2,9,"q9_case2",1273,4608,749711885,589369,256,60,22,4,10.257624
2,2,9,"q9_case2",1274,4608,750301264,589379,256,58,23,4,10.265650
2,2,9,"q9_case2",1275,4608,750890652,589388,256,58,22,4,10.273179
2,2,9,"q9_case2",1276,4608,751480091,589439,256,56,21,4,10.281149
2,2,9,"q9_case2",1277,4608,752069412,589321,256,56,20,4,10.288942
2,2,9,"q9_case2",1278,4608,752658751,589339,256,56,21,4,10.296718
2,2,9,"q9_case2",1279,4608,753248096,589345,256,54,22,4,10.304421
2,2,9,"q9_case2",1280,4608,753837383,589287,256,54,21,4,10.313396
2,2,9,"q9_case2",1281,4608,754426843,589460,256,52,20,4,10.321450
2,2,9,"q9_case2",1282,4608,755016218,589375,256,52,19,4,10.327988
2,2,9,"q9_case2",1283,4608,755605638,589420,256,50,18,4,10.335857
2,2,9,"q9_case2",1284,4608,756195006,589368,256,50,17,4,10.342928
2,2,9,"q9_case2",1285,4608,756784435,589429,256,48,19,4,10.350580
2,2,9,"q9_case2",1286,4608,757373797,589362,256,46,18,4,10.358247
2,2,9,"q9_case2",1287,4608,757963182,589385,256,44,17,4,10.365705
2,2,9,"q9_case2",1288,4608,758552607,589425,256,44,16,4,10.373534
2,2,9,"q9_case2",1289,4608,759141953,589346,256,42,17,4,10.381827
2,2,9,"q9_case2",1290,4608,759731293,589340,256,42,18,3,10.389456
2,2,9,"q9_case2",1291,4608,760320725,589432,256,40,17,4,10.398417
2,2,9,"q9_case2",1292,4608,760910042,589317,256,40,18,3,10.406410
2,2,9,"q9_case2",1293,4608,761499524,589482,256,38,15,4,10.414098
2,2,9,"q9_case2",1294,4608,762088859,589335,256,38,18,3,10.421262
2,2,9,"q9_case2",1295,4608,762678297,589438,256,36,17,3,10.428138
2,2,9,"q9_case2",1296,4608,763267630,589333,256,36,16,3,10.434960
2,2,9,"q9_case2",1297,4608,763857153,589523,256,34,15,3,10.443093
2,2,9,"q9_case2",1298,4608,764446488,589335,256,32,14,4,10.450138
2,2,9,"q9_case2",1299,4608,765036029,589541,256,32,15,3,10.459784
2,2,9,"q9_case2",1300,4608,765625419,589390,256,30,14,3,10.468179
2,2,9,"q9_case2",1301,4608,766214817,589398,256,30,13,3,10.475753
2,2,9,"q9_case2",1302,4608,766804162,589345,256,28,14,3,10.484051
2,2,9,"q9_case2",1303,4608,767393536,589374,256,28,13,3,10.491937
2,2,9,"q9_case2",1304,4608,767982884,589348,256,26,12,3,10.499162
2,2,9,"q9_case2",1305,4608,768572247,589363,256,26,11,3,10.506410
2,2,9,"q9_case2",1306,4608,769161609,589362,256,26,12,3,10.513596
2,2,9,"q9_case2",1307,4608,769750966,589357,256,24,13,3,10.520664
2,2,9,"q9_case2",1308,4608,770340279,589313,256,24,12,3,10.528502
2,2,9,"q9_case2",1309,4608,770929718,589439,256,22,11,3,10.535795
2,2,9,"q9_case2",1310,4608,771519095,589377,256,22,10,3,10.542481
2,2,9,"q9_case2",1311,4608,772108381,589286,256,22,9,3,10.549481
2,2,9,"q9_case2",1312,4608,772697771,589390,256,20,10,3,10.557218
2,2,9,"q9_case2",1313,4608,773287114,589343,256,18,9,3,10.564307
2,2,9,"q9_case2",1314,4608,773876618,589504,256,18,8,3,10.571195
2,2,9,"q9_case2",1315,4608,774465995,589377,256,18,9,3,10.578829
2,2,9,"q9_case2",1316,4608,775055392,589397,256,16,10,3,10.586341
2,2,9,"q9_case2",1317,4608,775644714,589322,256,16,9,3,10.594888
2,2,9,"q9_case2",1318,4608,776234229,589515,256,16,12,2,10.602926
2,2,9,"q9_case2",1319,4608,776823619,589390,256,16,11,2,10.610264
2,2,9,"q9_case2",1320,4608,777412890,589271,256,16,10,2,10.617421
2,2,9,"q9_case2",1321,4608,778002187,589297,256,14,11,2,10.624633
2,2,9,"q9_case2",1322,4608,778591479,589292,256,14,10,2,10.631043
2,2,9,"q9_case2",1323,4608,779180857,589378,256,14,9,2,10.637886
2,2,9,"q9_case2",1324,4608,779770237,589380,256,14,14,1,10.644748
2,2,9,"q9_case2",1325,4608,780359464,589227,256,14,7,2,10.652472
2,2,9,"q9_case2",1326,4608,780948687,589223,256,14,8,2,10.660012
2,2,9,"q9_case2",1327,4608,781538068,589381,256,12,9,2,10.667556
2,2,9,"q9_case2",1328,4608,782127450,589382,256,12,8,2,10.676663
2,2,9,"q9_case2",1329,4608,782716920,589470,256,10,5,3,10.685367
2,2,9,"q9_case2",1330,4608,783306317,589397,256,10,6,2,10.693088
2,2,9,"q9_case2",1331,4608,783895619,589302,256,10,7,2,10.699850
2,2,9,"q9_case2",1332,4608,784485035,589416,256,10,6,2,10.707083
2,2,9,"q9_case2",1333,4608,785074379,589344,256,8,3,4,10.714155
2,2,9,"q9_case2",1334,4608,785663660,589281,256,8,4,2,10.721133
2,2,9,"q9_case2",1335,4608,786253056,589396,256,6,4,2,10.727977
2,2,9,"q9_case2",1336,4608,786842557,589501,256,4,2,2,10.739073
2,2,9,"q9_case2",1337,4608,787432105,589548,256,4,4,1,10.745881
2,2,9,"q9_case2",1338,4608,788021478,589373,256,2,2,1,10.752522
2,2,9,"q9_case2",1339,4608,788611026,589548,1,0,0,0,10.758253
