case_index,total_cases,dim,case_name,depth,parent_count,edge_count,logical_candidates,chunk_candidates,chunks,recent_fingerprints,recent_table_slots,topk_mode,topk_tiles,topk_tile_candidates,valid_candidates,host_prepare_sec,device_alloc_sec,h2d_sec,recent_update_sec,kernel_sec,sort_sec,d2h_sec,cpu_merge_sec,topk_select_sec,retained_select_sec,materialize_sec,total_sec,outer_parent_prepare_sec,outer_recent_snapshot_sec,outer_cuda_call_sec,outer_candidate_convert_sec,outer_progress_write_sec,outer_recent_add_sec,outer_layer_sec
1,2,9,"q9_case1",1,1,2304,2304,2304,1,1,2,3,1,2304,2304,0.000049,0.000118,0.000112,0.000000,0.343642,0.000239,0.000139,0.000145,0.000378,0.000568,0.000133,0.430867,0.000008,0.000001,0.430170,0.000244,0.000089,0.000036,0.431481
1,2,9,"q9_case1",2,256,2304,589824,589824,1,257,1024,2,1,589824,589568,0.000402,0.000133,0.000202,0.000000,0.000313,0.000579,0.000225,0.000910,0.002135,0.001644,0.000063,0.005822,0.001341,0.000004,0.004117,0.000412,0.000036,0.000050,0.008580
1,2,9,"q9_case1",3,256,2304,589824,589824,1,513,2048,2,1,589824,589327,0.000382,0.000015,0.000154,0.000000,0.000209,0.000422,0.000208,0.000890,0.001434,0.001662,0.000052,0.004224,0.001284,0.000007,0.002512,0.000428,0.000022,0.000028,0.006977
1,2,9,"q9_case1",4,256,2304,589824,589824,1,769,2048,2,1,589824,589308,0.000354,0.000007,0.000166,0.000038,0.000202,0.000428,0.000195,0.000871,0.001383,0.001598,0.000053,0.004093,0.001247,0.000000,0.002444,0.000411,0.000031,0.000068,0.006716
1,2,9,"q9_case1",5,256,2304,589824,589824,1,1025,4096,2,1,589824,589353,0.000397,0.000014,0.000160,0.000000,0.000206,0.000423,0.000241,0.000865,0.001499,0.001608,0.000051,0.004219,0.001256,0.000014,0.002561,0.000420,0.000019,0.000029,0.006878
1,2,9,"q9_case1",6,256,2304,589824,589824,1,1281,4096,2,1,589824,589390,0.000359,0.000000,0.000165,0.000021,0.000222,0.000426,0.000195,0.000881,0.001428,0.001559,0.000049,0.004099,0.001252,0.000000,0.002493,0.000406,0.000030,0.000028,0.006673
1,2,9,"q9_case1",7,256,2304,589824,589824,1,1537,4096,2,1,589824,589385,0.000353,0.000000,0.000264,0.000018,0.000224,0.000420,0.000223,0.000868,0.001499,0.001450,0.000087,0.004066,0.001251,0.000000,0.002531,0.000413,0.002687,0.000067,0.009287
1,2,9,"q9_case1",8,256,2304,589824,589824,1,1793,4096,2,1,589824,589563,0.000349,0.000000,0.000169,0.000021,0.000217,0.000424,0.000202,0.000878,0.001417,0.001621,0.000050,0.004114,0.001510,0.000000,0.002445,0.000420,0.000019,0.000108,0.007076
1,2,9,"q9_case1",9,256,2304,589824,589824,1,2049,8192,2,1,589824,589328,0.000470,0.000014,0.000239,0.000000,0.000270,0.000427,0.000232,0.000834,0.001456,0.001492,0.000044,0.004220,0.001305,0.000046,0.002691,0.000404,0.000013,0.000033,0.006840
1,2,9,"q9_case1",10,256,2304,589824,589824,1,2305,8192,2,1,589824,589548,0.000355,0.000000,0.000154,0.000018,0.000208,0.000428,0.000208,0.000840,0.001368,0.001613,0.000049,0.004055,0.001246,0.000000,0.002394,0.000426,0.000019,0.000031,0.006675
1,2,9,"q9_case1",11,256,2304,589824,589824,1,2561,8192,2,1,589824,589326,0.000354,0.000000,0.000156,0.000020,0.000246,0.000425,0.000169,0.000846,0.001375,0.001496,0.000047,0.003945,0.001251,0.000000,0.002408,0.000440,0.000014,0.000034,0.006539
1,2,9,"q9_case1",12,256,2304,589824,589824,1,2817,8192,2,1,589824,589546,0.000356,0.000000,0.000190,0.000019,0.000254,0.000422,0.000194,0.000875,0.001453,0.001612,0.000051,0.004202,0.001244,0.000000,0.002541,0.000411,0.000020,0.000031,0.006793
1,2,9,"q9_case1",13,256,2304,589824,589824,1,3073,8192,2,1,589824,589326,0.000353,0.000000,0.000159,0.000037,0.000220,0.000423,0.000209,0.000851,0.001429,0.001573,0.000049,0.004060,0.001250,0.000000,0.002440,0.000409,0.000016,0.000039,0.006615
1,2,9,"q9_case1",14,256,2304,589824,589824,1,3329,8192,2,1,589824,589555,0.000357,0.000000,0.000171,0.000022,0.000241,0.000425,0.000177,0.000884,0.001421,0.001617,0.000049,0.004170,0.001254,0.000000,0.002506,0.000411,0.000020,0.000033,0.006790
1,2,9,"q9_case1",15,256,2304,589824,589824,1,3585,8192,2,1,589824,589324,0.000355,0.000000,0.000149,0.000039,0.000244,0.000425,0.000180,0.000853,0.001425,0.001512,0.000046,0.004011,0.001254,0.000000,0.002455,0.000427,0.000013,0.000037,0.006588
1,2,9,"q9_case1",16,256,2304,589824,589824,1,3841,8192,2,1,589824,589543,0.000362,0.000000,0.000169,0.000026,0.000228,0.000423,0.000202,0.000880,0.001435,0.001630,0.000051,0.004233,0.001266,0.000000,0.002554,0.000423,0.000019,0.000216,0.007048
1,2,9,"q9_case1",17,256,2304,589824,589824,1,4097,16384,2,1,589824,589321,0.000548,0.000015,0.000189,0.000000,0.000230,0.000419,0.000236,0.000862,0.001469,0.001522,0.000046,0.004286,0.001263,0.000055,0.002720,0.000416,0.000015,0.000061,0.006928
1,2,9,"q9_case1",18,256,2304,589824,589824,1,4353,16384,2,1,589824,589545,0.000356,0.000000,0.000193,0.000019,0.000253,0.000421,0.000199,0.000882,0.001490,0.001643,0.000051,0.004211,0.001258,0.000000,0.002519,0.000414,0.000020,0.000052,0.006880
1,2,9,"q9_case1",19,256,2304,589824,589824,1,4609,16384,2,1,589824,589323,0.000354,0.000000,0.000172,0.000022,0.000275,0.000421,0.000197,0.000849,0.001433,0.001509,0.000043,0.004049,0.001261,0.000000,0.002499,0.000410,0.000014,0.000052,0.006654
1,2,9,"q9_case1",20,256,2304,589824,589824,1,4865,16384,2,1,589824,589548,0.000353,0.000000,0.000150,0.000017,0.000216,0.000421,0.000203,0.000950,0.001493,0.001639,0.000048,0.004191,0.001259,0.000000,0.002506,0.000426,0.000019,0.000050,0.006844
1,2,9,"q9_case1",21,256,2304,589824,589824,1,5121,16384,2,1,589824,589324,0.000354,0.000000,0.000167,0.000039,0.000221,0.000424,0.000259,0.000858,0.001453,0.001668,0.000047,0.004230,0.001260,0.000000,0.002518,0.000409,0.000015,0.000062,0.006916
1,2,9,"q9_case1",22,256,2304,589824,589824,1,5377,16384,2,1,589824,589315,0.000356,0.000000,0.000186,0.000041,0.000251,0.000414,0.000191,0.000895,0.001486,0.001618,0.000046,0.004180,0.001259,0.000000,0.002518,0.000404,0.000019,0.000051,0.006805
1,2,9,"q9_case1",23,256,2304,589824,589824,1,5633,16384,2,1,589824,589335,0.000355,0.000000,0.000216,0.000024,0.000217,0.000445,0.000212,0.000891,0.001489,0.001594,0.000048,0.004212,0.001268,0.000000,0.002572,0.000419,0.000014,0.000053,0.006886
1,2,9,"q9_case1",24,256,2304,589824,589824,1,5889,16384,2,1,589824,589391,0.000356,0.000000,0.000147,0.000022,0.000215,0.000424,0.000200,0.000881,0.001435,0.001568,0.000048,0.004079,0.001261,0.000000,0.002464,0.000400,0.000020,0.000053,0.006678
1,2,9,"q9_case1",25,256,2304,589824,589824,1,6145,16384,2,1,589824,589420,0.000359,0.000000,0.000183,0.000022,0.000224,0.000421,0.000180,0.000921,0.001473,0.001579,0.000049,0.004131,0.001260,0.000000,0.002506,0.000422,0.000016,0.000058,0.006858
1,2,9,"q9_case1",26,256,2304,589824,589824,1,6401,16384,2,1,589824,589402,0.000354,0.000000,0.000122,0.000021,0.000206,0.000415,0.000194,0.000879,0.001371,0.001555,0.000048,0.004009,0.001517,0.000000,0.002408,0.000420,0.000021,0.000058,0.006888
1,2,9,"q9_case1",27,256,2304,589824,589824,1,6657,16384,2,1,589824,589423,0.000351,0.000000,0.000167,0.000020,0.000233,0.000422,0.000227,0.000837,0.001410,0.001443,0.000043,0.003914,0.001250,0.000000,0.002430,0.000409,0.000013,0.000056,0.006438
1,2,9,"q9_case1",28,256,2304,589824,589824,1,6913,16384,2,1,589824,589566,0.000354,0.000000,0.000181,0.000023,0.000226,0.000414,0.000206,0.000867,0.001403,0.001599,0.000048,0.004126,0.001252,0.000000,0.002481,0.000420,0.000018,0.000056,0.006751
1,2,9,"q9_case1",29,256,2304,589824,589824,1,7169,16384,2,1,589824,589332,0.000349,0.000000,0.000122,0.000022,0.000207,0.000418,0.000200,0.000864,0.001379,0.001647,0.000045,0.004052,0.001244,0.000000,0.002362,0.000405,0.000014,0.000072,0.006700
1,2,9,"q9_case1",30,256,2304,589824,589824,1,7425,16384,2,1,589824,589329,0.000347,0.000000,0.000182,0.000030,0.000239,0.000418,0.000245,0.000869,0.001512,0.001571,0.000049,0.004192,0.001254,0.000000,0.002574,0.000413,0.000019,0.000056,0.006823
1,2,9,"q9_case1",31,256,2304,589824,589824,1,7681,16384,2,1,589824,589343,0.000351,0.000000,0.000142,0.000020,0.000230,0.000413,0.000220,0.000817,0.001373,0.001399,0.000049,0.003791,0.001251,0.000000,0.002344,0.000402,0.000013,0.000055,0.006315
1,2,9,"q9_case1",32,256,2304,589824,589824,1,7937,16384,2,1,589824,589560,0.000351,0.000000,0.000122,0.000023,0.000226,0.000408,0.000272,0.000852,0.001447,0.001480,0.000047,0.003996,0.001248,0.000000,0.002470,0.000397,0.000018,0.000484,0.006945
1,2,9,"q9_case1",33,256,2304,589824,589824,1,8193,32768,2,1,589824,589429,0.000808,0.000019,0.000270,0.000000,0.000260,0.000414,0.000227,0.000875,0.001463,0.001650,0.000044,0.004763,0.001250,0.000108,0.003071,0.000413,0.000015,0.000039,0.007655
1,2,9,"q9_case1",34,256,2304,589824,589824,1,8449,32768,2,1,589824,589323,0.000381,0.000000,0.000167,0.000020,0.000245,0.000414,0.000280,0.000877,0.001535,0.001635,0.000058,0.004295,0.001271,0.000000,0.002604,0.000438,0.000019,0.000049,0.006986
1,2,9,"q9_case1",35,256,2304,589824,589824,1,8705,32768,2,1,589824,589304,0.000355,0.000000,0.000159,0.000018,0.000226,0.000414,0.000238,0.000917,0.001473,0.001568,0.000054,0.004129,0.001245,0.000000,0.002509,0.000410,0.000013,0.000045,0.006755
1,2,9,"q9_case1",36,256,2304,589824,589824,1,8961,32768,2,1,589824,589336,0.000352,0.000000,0.000180,0.000019,0.000244,0.000410,0.000257,0.000828,0.001435,0.001507,0.000048,0.003997,0.001247,0.000000,0.002443,0.000415,0.000018,0.000049,0.006533
1,2,9,"q9_case1",37,256,2304,589824,589824,1,9217,32768,2,1,589824,589565,0.000350,0.000000,0.000184,0.000023,0.000246,0.000411,0.000212,0.000879,0.001429,0.001613,0.000055,0.004185,0.001251,0.000000,0.002520,0.000399,0.000013,0.000045,0.006800
1,2,9,"q9_case1",38,256,2304,589824,589824,1,9473,32768,2,1,589824,589321,0.000353,0.000000,0.000174,0.000018,0.000240,0.000413,0.000205,0.000860,0.001398,0.001587,0.000053,0.004084,0.001246,0.000000,0.002445,0.000411,0.000018,0.000044,0.006712
1,2,9,"q9_case1",39,256,2304,589824,589824,1,9729,32768,2,1,589824,589322,0.000361,0.000000,0.000178,0.000020,0.000221,0.000415,0.000225,0.000879,0.001427,0.001603,0.000052,0.004164,0.001257,0.000000,0.002510,0.000427,0.000013,0.000047,0.006832
1,2,9,"q9_case1",40,256,2304,589824,589824,1,9985,32768,2,1,589824,589310,0.000353,0.000000,0.000161,0.000018,0.000266,0.000413,0.000257,0.000891,0.001510,0.001600,0.000044,0.004160,0.001252,0.000000,0.002517,0.000408,0.000020,0.000049,0.006753
1,2,9,"q9_case1",41,256,2304,589824,589824,1,10241,32768,2,1,589824,589416,0.000348,0.000000,0.000177,0.000035,0.000244,0.000414,0.000220,0.000854,0.001434,0.001620,0.000052,0.004134,0.001245,0.000000,0.002464,0.000453,0.000013,0.000045,0.006769
1,2,9,"q9_case1",42,256,2304,589824,589824,1,10497,32768,2,1,589824,589373,0.000362,0.000000,0.000187,0.000018,0.000243,0.000416,0.000218,0.000869,0.001427,0.001600,0.000056,0.004192,0.001251,0.000000,0.002538,0.000427,0.000018,0.000044,0.006793
1,2,9,"q9_case1",43,256,2304,589824,589824,1,10753,32768,2,1,589824,589357,0.000351,0.000000,0.000176,0.000021,0.000242,0.000417,0.000224,0.000876,0.001463,0.001568,0.000054,0.004136,0.001253,0.000000,0.002516,0.000439,0.000013,0.000054,0.006751
1,2,9,"q9_case1",44,256,2304,589824,589824,1,11009,32768,2,1,589824,589331,0.000352,0.000000,0.000180,0.000022,0.000272,0.000412,0.000293,0.000889,0.001573,0.001567,0.000045,0.004252,0.001269,0.000000,0.002641,0.000411,0.000021,0.000053,0.006857
1,2,9,"q9_case1",45,256,2304,589824,589824,1,11265,32768,2,1,589824,589313,0.000351,0.000000,0.000168,0.000038,0.000219,0.000409,0.000261,0.000853,0.001414,0.001569,0.000051,0.004073,0.001259,0.000000,0.002455,0.000415,0.000014,0.000051,0.006669
1,2,9,"q9_case1",46,256,2304,589824,589824,1,11521,32768,2,1,589824,589338,0.000359,0.000000,0.000190,0.000017,0.000246,0.000414,0.000240,0.000892,0.001499,0.001548,0.000054,0.004196,0.001248,0.000000,0.002596,0.000400,0.000018,0.000066,0.006774
1,2,9,"q9_case1",47,256,2304,589824,589824,1,11777,32768,2,1,589824,589302,0.000356,0.000000,0.000165,0.000032,0.000239,0.000408,0.000184,0.000842,0.001362,0.001563,0.000047,0.004036,0.001249,0.000000,0.002427,0.000416,0.000017,0.000056,0.006633
1,2,9,"q9_case1",48,256,2304,589824,589824,1,12033,32768,2,1,589824,589296,0.000354,0.000000,0.000192,0.000021,0.000240,0.000414,0.000271,0.000878,0.001503,0.001528,0.000043,0.004120,0.001256,0.000000,0.002552,0.000415,0.000017,0.000047,0.006672
1,2,9,"q9_case1",49,256,2304,589824,589824,1,12289,32768,2,1,589824,589297,0.000349,0.000000,0.000131,0.000020,0.000241,0.000412,0.000211,0.000869,0.001422,0.001554,0.000050,0.004002,0.001248,0.000000,0.002400,0.000406,0.000013,0.000050,0.006560
1,2,9,"q9_case1",50,256,2304,589824,589824,1,12545,32768,2,1,589824,589288,0.000352,0.000000,0.000128,0.000018,0.000230,0.000408,0.000254,0.000884,0.001462,0.001519,0.000053,0.004037,0.001259,0.000000,0.002466,0.000431,0.000021,0.000049,0.006631
1,2,9,"q9_case1",51,256,2304,589824,589824,1,12801,32768,2,1,589824,589299,0.000353,0.000000,0.000162,0.000021,0.000218,0.000411,0.000255,0.000846,0.001415,0.001380,0.000039,0.003855,0.001252,0.000000,0.002438,0.000422,0.000013,0.000050,0.006291
1,2,9,"q9_case1",52,256,2304,589824,589824,1,13057,32768,2,1,589824,589551,0.000350,0.000000,0.000149,0.000020,0.000239,0.000416,0.000229,0.000873,0.001448,0.001638,0.000052,0.004125,0.001257,0.000000,0.002437,0.000407,0.000018,0.000051,0.006732
1,2,9,"q9_case1",53,256,2304,589824,589824,1,13313,32768,2,1,589824,589321,0.000359,0.000000,0.000183,0.000022,0.000218,0.000411,0.000244,0.000882,0.001475,0.001646,0.000055,0.004221,0.001254,0.000000,0.002522,0.000405,0.000013,0.000064,0.006867
1,2,9,"q9_case1",54,256,2304,589824,589824,1,13569,32768,2,1,589824,589315,0.000348,0.000000,0.000134,0.000033,0.000237,0.000409,0.000242,0.000870,0.001445,0.001604,0.000044,0.004073,0.001252,0.000000,0.002427,0.000427,0.000017,0.000050,0.006685
1,2,9,"q9_case1",55,256,2304,589824,589824,1,13825,32768,2,1,589824,589328,0.000351,0.000000,0.000152,0.000024,0.000235,0.000408,0.000215,0.000855,0.001400,0.001606,0.000062,0.004058,0.001257,0.000000,0.002392,0.000411,0.000014,0.000052,0.006661
1,2,9,"q9_case1",56,256,2304,589824,589824,1,14081,32768,2,1,589824,589386,0.000352,0.000000,0.000267,0.000018,0.000241,0.000410,0.000211,0.000852,0.001410,0.001580,0.000058,0.004172,0.001246,0.000000,0.002536,0.000423,0.000018,0.000051,0.006768
1,2,9,"q9_case1",57,256,2304,589824,589824,1,14337,32768,2,1,589824,589347,0.000348,0.000000,0.000134,0.000023,0.000238,0.000406,0.000233,0.000949,0.001522,0.001584,0.000064,0.004204,0.001252,0.000000,0.002559,0.000416,0.000013,0.000060,0.006813
1,2,9,"q9_case1",58,256,2304,589824,589824,1,14593,32768,2,1,589824,589316,0.000352,0.000000,0.000168,0.000022,0.000218,0.000411,0.000241,0.000825,0.001382,0.001388,0.000039,0.003872,0.001249,0.000000,0.002448,0.000408,0.000017,0.000053,0.006323
1,2,9,"q9_case1",59,256,2304,589824,589824,1,14849,32768,2,1,589824,589564,0.000355,0.000000,0.000386,0.000022,0.000220,0.000408,0.000278,0.000880,0.001706,0.001620,0.000057,0.004449,0.001260,0.000000,0.002774,0.000401,0.000014,0.000062,0.007113
1,2,9,"q9_case1",60,256,2304,589824,589824,1,15105,32768,2,1,589824,589349,0.000350,0.000000,0.000176,0.000020,0.000242,0.000412,0.000263,0.000869,0.001470,0.001572,0.000061,0.004168,0.001253,0.000000,0.002537,0.000398,0.000019,0.000061,0.006782
1,2,9,"q9_case1",61,256,2304,589824,589824,1,15361,32768,2,1,589824,589308,0.000348,0.000000,0.000172,0.000021,0.000262,0.000410,0.000276,0.000794,0.001433,0.001338,0.000054,0.003886,0.001247,0.000000,0.002496,0.000412,0.000048,0.000064,0.006354
1,2,9,"q9_case1",62,256,2304,589824,589824,1,15617,32768,2,1,589824,589553,0.000354,0.000000,0.000137,0.000026,0.000237,0.000407,0.000190,0.000860,0.001380,0.001592,0.000044,0.004004,0.001254,0.000000,0.002369,0.000406,0.000018,0.000063,0.006624
1,2,9,"q9_case1",63,256,2304,589824,589824,1,15873,32768,2,1,589824,589346,0.000350,0.000000,0.000187,0.000029,0.000241,0.000407,0.000275,0.000844,0.001454,0.001461,0.000048,0.004046,0.001258,0.000000,0.002539,0.000410,0.000013,0.000060,0.006571
1,2,9,"q9_case1",64,256,2304,589824,589824,1,16129,32768,2,1,589824,589552,0.000360,0.000000,0.000153,0.000027,0.000235,0.000403,0.000212,0.000913,0.001434,0.001620,0.000058,0.004151,0.001260,0.000000,0.002475,0.000430,0.000018,0.000969,0.007706
1,2,9,"q9_case1",65,256,2304,589824,589824,1,16385,65536,2,1,589824,589341,0.001394,0.000143,0.000366,0.000000,0.000236,0.000406,0.000218,0.000901,0.001479,0.001569,0.000058,0.005890,0.001251,0.000227,0.004296,0.000405,0.000015,0.000036,0.008729
1,2,9,"q9_case1",66,256,2304,589824,589824,1,16641,65536,2,1,589824,589295,0.000386,0.000000,0.000170,0.000018,0.000249,0.000410,0.000228,0.000866,0.001448,0.001679,0.000059,0.004300,0.001306,0.000000,0.002566,0.000392,0.000020,0.000037,0.006956
1,2,9,"q9_case1",67,256,2304,589824,589824,1,16897,65536,2,1,589824,589298,0.000353,0.000000,0.000158,0.000019,0.000224,0.000411,0.000247,0.000876,0.001456,0.001597,0.000060,0.004142,0.001248,0.000000,0.002487,0.000401,0.000019,0.000040,0.006762
1,2,9,"q9_case1",68,256,2304,589824,589824,1,17153,65536,2,1,589824,589331,0.000355,0.000000,0.000200,0.000018,0.000233,0.000414,0.000232,0.000858,0.001442,0.001470,0.000042,0.004029,0.001256,0.000000,0.002520,0.000402,0.000018,0.000040,0.006529
1,2,9,"q9_case1",69,256,2304,589824,589824,1,17409,65536,2,1,589824,589558,0.000348,0.000000,0.000142,0.000033,0.000246,0.000402,0.000242,0.000870,0.001480,0.001638,0.000068,0.004186,0.001250,0.000000,0.002481,0.000414,0.000015,0.000042,0.006838
1,2,9,"q9_case1",70,256,2304,589824,589824,1,17665,65536,2,1,589824,589335,0.000352,0.000000,0.000222,0.000039,0.000226,0.000409,0.000227,0.000833,0.001386,0.001498,0.000044,0.004037,0.001265,0.000000,0.002496,0.000418,0.000018,0.000046,0.006574
1,2,9,"q9_case1",71,256,2304,589824,589824,1,17921,65536,2,1,589824,589546,0.000351,0.000000,0.000291,0.000016,0.000276,0.000403,0.000231,0.000859,0.001423,0.001604,0.000059,0.004301,0.001266,0.000000,0.002640,0.000406,0.000014,0.000052,0.006963
1,2,9,"q9_case1",72,256,2304,589824,589824,1,18177,65536,2,1,589824,589335,0.000356,0.000000,0.000167,0.000019,0.000253,0.000409,0.000229,0.000859,0.001446,0.001572,0.000048,0.004083,0.001262,0.000000,0.002466,0.000405,0.000019,0.000056,0.006682
1,2,9,"q9_case1",73,256,2304,589824,589824,1,18433,65536,2,1,589824,589548,0.000350,0.000000,0.000173,0.000037,0.000247,0.000403,0.000249,0.000843,0.001430,0.001608,0.000046,0.004143,0.001263,0.000000,0.002491,0.000406,0.000013,0.000054,0.006792
1,2,9,"q9_case1",74,256,2304,589824,589824,1,18689,65536,2,1,589824,589326,0.000374,0.000000,0.000147,0.000017,0.000226,0.000407,0.000195,0.000867,0.001373,0.001625,0.000051,0.004078,0.001245,0.000000,0.002404,0.000401,0.000018,0.000054,0.006672
1,2,9,"q9_case1",75,256,2304,589824,589824,1,18945,65536,2,1,589824,589333,0.000350,0.000000,0.000142,0.000019,0.000253,0.000406,0.000198,0.000882,0.001403,0.001648,0.000060,0.004128,0.001262,0.000000,0.002421,0.000406,0.000014,0.000067,0.006805
1,2,9,"q9_case1",76,256,2304,589824,589824,1,19201,65536,2,1,589824,589332,0.000349,0.000000,0.000175,0.000022,0.000254,0.000407,0.000165,0.000900,0.001423,0.001567,0.000046,0.004094,0.001247,0.000000,0.002483,0.000410,0.000017,0.000056,0.006683
1,2,9,"q9_case1",77,256,2304,589824,589824,1,19457,65536,2,1,589824,589333,0.000348,0.000000,0.000138,0.000020,0.000279,0.000406,0.000246,0.000857,0.001471,0.001572,0.000055,0.004097,0.001247,0.000000,0.002472,0.000413,0.000014,0.000058,0.006714
1,2,9,"q9_case1",78,256,2304,589824,589824,1,19713,65536,2,1,589824,589336,0.000353,0.000000,0.000229,0.000017,0.000277,0.000407,0.000252,0.000831,0.001435,0.001442,0.000042,0.003991,0.001249,0.000000,0.002509,0.000405,0.000018,0.000052,0.006466
1,2,9,"q9_case1",79,256,2304,589824,589824,1,19969,65536,2,1,589824,589561,0.000350,0.000000,0.000210,0.000020,0.000253,0.000402,0.000172,0.000867,0.001380,0.001579,0.000054,0.004123,0.001254,0.000000,0.002491,0.000420,0.000014,0.000056,0.006757
1,2,9,"q9_case1",80,256,2304,589824,589824,1,20225,65536,2,1,589824,589329,0.000349,0.000000,0.000145,0.000018,0.000220,0.000404,0.000288,0.000836,0.001482,0.001488,0.000046,0.004003,0.001250,0.000000,0.002472,0.000415,0.000021,0.000055,0.006564
1,2,9,"q9_case1",81,256,2304,589824,589824,1,20481,65536,2,1,589824,589548,0.000349,0.000000,0.000142,0.000019,0.000252,0.000404,0.000241,0.000904,0.001502,0.001618,0.000064,0.004178,0.001256,0.000000,0.002497,0.000403,0.000014,0.000057,0.006818
1,2,9,"q9_case1",82,256,2304,589824,589824,1,20737,65536,2,1,589824,589326,0.000351,0.000000,0.000210,0.000018,0.000254,0.000403,0.000206,0.000870,0.001442,0.001580,0.000059,0.004161,0.001262,0.000000,0.002524,0.000409,0.000018,0.000061,0.006795
1,2,9,"q9_case1",83,256,2304,589824,589824,1,20993,65536,2,1,589824,589299,0.000348,0.000000,0.000144,0.000020,0.000247,0.000406,0.000197,0.000856,0.001376,0.001631,0.000061,0.004076,0.001252,0.000000,0.002386,0.000416,0.000014,0.000075,0.006752
1,2,9,"q9_case1",84,256,2304,589824,589824,1,21249,65536,2,1,589824,589362,0.000350,0.000000,0.000138,0.000018,0.000250,0.000403,0.000248,0.000896,0.001472,0.001584,0.000047,0.004092,0.001257,0.000000,0.002464,0.000409,0.000017,0.000062,0.006705
1,2,9,"q9_case1",85,256,2304,589824,589824,1,21505,65536,2,1,589824,589356,0.000351,0.000000,0.000157,0.000019,0.000222,0.000402,0.000252,0.000846,0.001424,0.001492,0.000048,0.003975,0.001249,0.000000,0.002437,0.000414,0.000014,0.000058,0.006544
1,2,9,"q9_case1",86,256,2304,589824,589824,1,21761,65536,2,1,589824,589558,0.000357,0.000000,0.000193,0.000020,0.000249,0.000402,0.000300,0.000868,0.001527,0.001613,0.000058,0.004253,0.001258,0.000000,0.002585,0.000409,0.000018,0.000058,0.006887
1,2,9,"q9_case1",87,256,2304,589824,589824,1,22017,65536,2,1,589824,589320,0.000351,0.000000,0.000180,0.000021,0.000246,0.000406,0.000277,0.000843,0.001450,0.001684,0.000055,0.004243,0.001249,0.000000,0.002507,0.000411,0.000015,0.000070,0.006995
1,2,9,"q9_case1",88,256,2304,589824,589824,1,22273,65536,2,1,589824,589326,0.000353,0.000000,0.000150,0.000018,0.000249,0.000405,0.000206,0.000880,0.001413,0.001607,0.000064,0.004104,0.001258,0.000000,0.002436,0.000410,0.000020,0.000067,0.006721
1,2,9,"q9_case1",89,256,2304,589824,589824,1,22529,65536,2,1,589824,589291,0.000353,0.000000,0.000188,0.000025,0.000222,0.000417,0.000279,0.000878,0.001465,0.001597,0.000055,0.004206,0.001265,0.000000,0.002556,0.000441,0.000015,0.000068,0.006866
1,2,9,"q9_case1",90,256,2304,589824,589824,1,22785,65536,2,1,589824,589292,0.000352,0.000000,0.000171,0.000023,0.000223,0.000428,0.000223,0.000843,0.001405,0.001436,0.000047,0.003914,0.001258,0.000000,0.002432,0.000409,0.000018,0.000068,0.006410
1,2,9,"q9_case1",91,256,2304,589824,589824,1,23041,65536,2,1,589824,589550,0.000358,0.000000,0.000168,0.000020,0.000247,0.000400,0.000273,0.000892,0.001545,0.001605,0.000060,0.004260,0.001260,0.000000,0.002597,0.000411,0.000013,0.000066,0.006918
1,2,9,"q9_case1",92,256,2304,589824,589824,1,23297,65536,2,1,589824,589324,0.000353,0.000000,0.000157,0.000020,0.000247,0.000401,0.000252,0.000894,0.001493,0.001633,0.000067,0.004222,0.001254,0.000000,0.002524,0.000424,0.000019,0.000082,0.006887
1,2,9,"q9_case1",93,256,2304,589824,589824,1,23553,65536,2,1,589824,589325,0.000353,0.000000,0.000160,0.000018,0.000243,0.000403,0.000224,0.000887,0.001495,0.001586,0.000044,0.004108,0.001255,0.000000,0.002480,0.000409,0.000013,0.000166,0.006829
1,2,9,"q9_case1",94,256,2304,589824,589824,1,23809,65536,2,1,589824,589326,0.000350,0.000000,0.000188,0.000022,0.000234,0.000400,0.000195,0.000873,0.001387,0.001623,0.000069,0.004144,0.001246,0.000000,0.002455,0.000445,0.000021,0.000073,0.006802
1,2,9,"q9_case1",95,256,2304,589824,589824,1,24065,65536,2,1,589824,589323,0.000356,0.000000,0.000158,0.000023,0.000237,0.000404,0.000247,0.000873,0.001402,0.001608,0.000071,0.004171,0.001269,0.000000,0.002494,0.000430,0.000021,0.000075,0.006849
1,2,9,"q9_case1",96,256,2304,589824,589824,1,24321,65536,2,1,589824,589328,0.000353,0.000000,0.000128,0.000048,0.000237,0.000406,0.000224,0.000933,0.001469,0.001577,0.000067,0.004143,0.001266,0.000000,0.002502,0.000421,0.000021,0.000074,0.006776
1,2,9,"q9_case1",97,256,2304,589824,589824,1,24577,65536,2,1,589824,589330,0.000358,0.000000,0.000200,0.000020,0.000233,0.000403,0.000193,0.000882,0.001394,0.001614,0.000066,0.004157,0.001271,0.000000,0.002479,0.000419,0.000014,0.000073,0.006820
1,2,9,"q9_case1",98,256,2304,589824,589824,1,24833,65536,2,1,589824,589313,0.000357,0.000000,0.000155,0.000030,0.000232,0.000401,0.000204,0.000908,0.001442,0.001627,0.000060,0.004155,0.001278,0.000000,0.002470,0.000429,0.000026,0.000105,0.006868
1,2,9,"q9_case1",99,256,2304,589824,589824,1,25089,65536,2,1,589824,589297,0.000356,0.000000,0.000173,0.000021,0.000234,0.000407,0.000250,0.000896,0.001455,0.001568,0.000052,0.004109,0.001277,0.000000,0.002491,0.000412,0.000014,0.000074,0.006743
1,2,9,"q9_case1",100,256,2304,589824,589824,1,25345,65536,2,1,589824,589285,0.000358,0.000000,0.000175,0.000023,0.000234,0.000407,0.000254,0.000868,0.001460,0.001631,0.000078,0.004251,0.001283,0.000000,0.002544,0.000430,0.000023,0.000078,0.006917
1,2,9,"q9_case1",101,256,2304,589824,589824,1,25601,65536,2,1,589824,589275,0.000360,0.000000,0.000199,0.000025,0.000239,0.000402,0.000231,0.000909,0.001517,0.001634,0.000072,0.004324,0.001292,0.000000,0.002621,0.000429,0.000016,0.000077,0.007013
1,2,9,"q9_case1",102,256,2304,589824,589824,1,25857,65536,2,1,589824,589251,0.000360,0.000000,0.000208,0.000024,0.000253,0.000402,0.000225,0.000896,0.001478,0.001581,0.000067,0.004237,0.001281,0.000000,0.002592,0.000416,0.000023,0.000106,0.006929
1,2,9,"q9_case1",103,256,2304,589824,589824,1,26113,65536,2,1,589824,589271,0.000360,0.000000,0.000182,0.000018,0.000234,0.000402,0.000266,0.000897,0.001496,0.001600,0.000061,0.004232,0.001262,0.000000,0.002572,0.000422,0.000014,0.000073,0.006858
1,2,9,"q9_case1",104,256,2304,589824,589824,1,26369,65536,2,1,589824,589254,0.000358,0.000000,0.000190,0.000027,0.000236,0.000398,0.000219,0.000885,0.001451,0.001580,0.000066,0.004145,0.001279,0.000000,0.002501,0.000419,0.000020,0.000073,0.006776
1,2,9,"q9_case1",105,256,2304,589824,589824,1,26625,65536,2,1,589824,589277,0.000363,0.000000,0.000163,0.000022,0.000232,0.000401,0.000260,0.000880,0.001464,0.001445,0.000053,0.004005,0.001285,0.000000,0.002509,0.000428,0.000014,0.000075,0.006577
1,2,9,"q9_case1",106,256,2304,589824,589824,1,26881,65536,2,1,589824,589558,0.000362,0.000000,0.000136,0.000024,0.000233,0.000401,0.000224,0.000877,0.001440,0.001647,0.000070,0.004202,0.001287,0.000000,0.002487,0.000417,0.000020,0.000087,0.006907
1,2,9,"q9_case1",107,256,2304,589824,589824,1,27137,65536,2,1,589824,589326,0.000362,0.000000,0.000170,0.000059,0.000269,0.000402,0.000232,0.000876,0.001466,0.001652,0.000068,0.004287,0.001286,0.000000,0.002569,0.000418,0.000017,0.000077,0.006990
1,2,9,"q9_case1",108,256,2304,589824,589824,1,27393,65536,2,1,589824,589232,0.000359,0.000000,0.000165,0.000024,0.000222,0.000401,0.000224,0.000869,0.001404,0.001619,0.000068,0.004140,0.001299,0.000000,0.002455,0.000428,0.000020,0.000072,0.006836
1,2,9,"q9_case1",109,256,2304,589824,589824,1,27649,65536,2,1,589824,589268,0.000370,0.000000,0.000242,0.000027,0.000220,0.000397,0.000255,0.000896,0.001468,0.001630,0.000071,0.004329,0.001283,0.000000,0.002630,0.000433,0.000018,0.000079,0.007053
1,2,9,"q9_case1",110,256,2304,589824,589824,1,27905,65536,2,1,589824,589303,0.000360,0.000000,0.000161,0.000048,0.000225,0.000406,0.000273,0.000900,0.001471,0.001607,0.000070,0.004251,0.001292,0.000000,0.002576,0.000474,0.000022,0.000075,0.006992
1,2,9,"q9_case1",111,256,2304,589824,589824,1,28161,65536,2,1,589824,589307,0.000359,0.000000,0.000141,0.000027,0.000245,0.000399,0.000213,0.000849,0.001394,0.001505,0.000057,0.004002,0.001278,0.000000,0.002442,0.000432,0.000016,0.000076,0.006620
1,2,9,"q9_case1",112,256,2304,589824,589824,1,28417,65536,2,1,589824,589562,0.000364,0.000000,0.000191,0.000027,0.000216,0.000403,0.000220,0.000859,0.001383,0.001696,0.000076,0.004262,0.001347,0.000000,0.002494,0.000440,0.000022,0.000078,0.007070
1,2,9,"q9_case1",113,256,2304,589824,589824,1,28673,65536,2,1,589824,589325,0.000369,0.000000,0.000169,0.000030,0.000230,0.000401,0.000186,0.000877,0.001438,0.001526,0.000058,0.004133,0.001323,0.000000,0.002551,0.000419,0.000021,0.000106,0.006848
1,2,9,"q9_case1",114,256,2304,589824,589824,1,28929,65536,2,1,589824,589548,0.000362,0.000000,0.000130,0.000027,0.000230,0.000396,0.000236,0.000928,0.001503,0.001699,0.000072,0.004281,0.001300,0.000000,0.002513,0.000444,0.000022,0.000076,0.007055
1,2,9,"q9_case1",115,256,2304,589824,589824,1,29185,65536,2,1,589824,589327,0.000363,0.000000,0.000164,0.000027,0.000234,0.000399,0.000256,0.000887,0.001444,0.001697,0.000074,0.004322,0.001290,0.000000,0.002553,0.000420,0.000017,0.000075,0.007062
1,2,9,"q9_case1",116,256,2304,589824,589824,1,29441,65536,2,1,589824,589332,0.000365,0.000000,0.000239,0.000027,0.000234,0.000398,0.000249,0.000891,0.001481,0.001619,0.000048,0.004278,0.001273,0.000000,0.002614,0.000456,0.000018,0.000078,0.006992
1,2,9,"q9_case1",117,256,2304,589824,589824,1,29697,65536,2,1,589824,589356,0.000357,0.000000,0.000121,0.000022,0.000227,0.000399,0.000209,0.000866,0.001402,0.001626,0.000062,0.004061,0.001271,0.000000,0.002375,0.000421,0.000014,0.000075,0.006724
1,2,9,"q9_case1",118,256,2304,589824,589824,1,29953,65536,2,1,589824,589323,0.000365,0.000000,0.000169,0.000027,0.000255,0.000398,0.000190,0.000903,0.001463,0.001746,0.000062,0.004316,0.001288,0.000000,0.002511,0.000452,0.000020,0.000077,0.007042
1,2,9,"q9_case1",119,256,2304,589824,589824,1,30209,65536,2,1,589824,589315,0.000359,0.000000,0.000154,0.000028,0.000254,0.000398,0.000184,0.000887,0.001408,0.001630,0.000065,0.004172,0.001287,0.000000,0.002479,0.000455,0.000017,0.000117,0.006959
1,2,9,"q9_case1",120,256,2304,589824,589824,1,30465,65536,2,1,589824,589313,0.000364,0.000000,0.000144,0.000026,0.000246,0.000403,0.000255,0.000951,0.001530,0.001710,0.000119,0.004414,0.001302,0.000000,0.002588,0.000449,0.000035,0.000120,0.007217
1,2,9,"q9_case1",121,256,2304,589824,589824,1,30721,65536,2,1,589824,589336,0.000367,0.000001,0.000292,0.000045,0.000219,0.000425,0.000251,0.000893,0.001475,0.001630,0.000088,0.004446,0.001320,0.000000,0.002732,0.000439,0.000022,0.000085,0.007206
1,2,9,"q9_case1",122,256,2304,589824,589824,1,30977,65536,2,1,589824,589317,0.000373,0.000000,0.000220,0.000028,0.000223,0.000403,0.000203,0.000921,0.001476,0.001650,0.000081,0.004350,0.001362,0.000000,0.002623,0.000450,0.000029,0.000083,0.007175
1,2,9,"q9_case1",123,256,2304,589824,589824,1,31233,65536,2,1,589824,589315,0.000369,0.000000,0.000202,0.000026,0.000226,0.000401,0.000355,0.000927,0.001579,0.001648,0.000099,0.004430,0.001301,0.000000,0.002686,0.000443,0.000091,0.000120,0.007287
1,2,9,"q9_case1",124,256,2304,589824,589824,1,31489,65536,2,1,589824,589297,0.000363,0.000000,0.000193,0.000027,0.000223,0.000402,0.000245,0.000902,0.001483,0.001707,0.000072,0.004379,0.001314,0.000000,0.002603,0.000447,0.000026,0.000083,0.007115
1,2,9,"q9_case1",125,256,2304,589824,589824,1,31745,65536,2,1,589824,589275,0.000366,0.000000,0.000151,0.000029,0.000249,0.000452,0.000220,0.000949,0.001597,0.001602,0.000062,0.004440,0.001449,0.000000,0.002779,0.000432,0.000018,0.000081,0.007284
1,2,9,"q9_case1",126,256,2304,589824,589824,1,32001,65536,2,1,589824,589259,0.000360,0.000000,0.000141,0.000025,0.000220,0.000397,0.000236,0.000937,0.001492,0.001635,0.000070,0.004222,0.001291,0.000000,0.002519,0.000436,0.000022,0.000082,0.006908
1,2,9,"q9_case1",127,256,2304,589824,589824,1,32257,65536,2,1,589824,589272,0.000364,0.000000,0.000274,0.000029,0.000224,0.000395,0.000263,0.000934,0.001520,0.001631,0.000074,0.004419,0.001309,0.000000,0.002717,0.000463,0.000017,0.000082,0.007195
1,2,9,"q9_case1",128,256,2304,589824,589824,1,32513,65536,2,1,589824,589287,0.000378,0.000000,0.000206,0.000033,0.000238,0.000402,0.000246,0.000905,0.001473,0.001584,0.000081,0.004265,0.001304,0.000000,0.002603,0.000469,0.000033,0.003236,0.010180
1,2,9,"q9_case1",129,256,2304,589824,589824,1,32769,131072,2,1,589824,589561,0.002499,0.000434,0.000526,0.000000,0.000251,0.000409,0.000236,0.000885,0.001452,0.001773,0.000110,0.007584,0.001315,0.000870,0.005762,0.000434,0.000024,0.000075,0.011444
1,2,9,"q9_case1",130,256,2304,589824,589824,1,33025,131072,2,1,589824,589328,0.000430,0.000000,0.000229,0.000021,0.000236,0.000425,0.000239,0.000883,0.001522,0.001432,0.000057,0.004236,0.001294,0.000000,0.002750,0.000430,0.000022,0.000068,0.006826
1,2,9,"q9_case1",131,256,2304,589824,589824,1,33281,131072,2,1,589824,589553,0.000362,0.000000,0.000267,0.000022,0.000241,0.000392,0.000202,0.000895,0.001408,0.001665,0.000077,0.004317,0.001296,0.000000,0.002578,0.000425,0.000019,0.000069,0.007214
1,2,9,"q9_case1",132,256,2304,589824,589824,1,33537,131072,2,1,589824,589327,0.000365,0.000000,0.000241,0.000023,0.000273,0.000401,0.000255,0.000860,0.001465,0.001430,0.000055,0.004076,0.001295,0.000000,0.002593,0.000420,0.000021,0.000066,0.006651
1,2,9,"q9_case1",133,256,2304,589824,589824,1,33793,131072,2,1,589824,589556,0.000360,0.000000,0.000200,0.000018,0.000250,0.000393,0.000241,0.000920,0.001473,0.001691,0.000074,0.004356,0.001296,0.000000,0.002595,0.000442,0.000018,0.000075,0.007162
1,2,9,"q9_case1",134,256,2304,589824,589824,1,34049,131072,2,1,589824,589329,0.000360,0.000000,0.000254,0.000020,0.000239,0.000396,0.000268,0.000824,0.001382,0.001368,0.000068,0.003979,0.001289,0.000000,0.002546,0.000435,0.000026,0.000070,0.006495
1,2,9,"q9_case1",135,256,2304,589824,589824,1,34305,131072,2,1,589824,589555,0.000364,0.000000,0.000193,0.000070,0.000254,0.000397,0.000277,0.000917,0.001505,0.001718,0.000084,0.004466,0.001316,0.000000,0.002668,0.000420,0.000020,0.000077,0.007273
1,2,9,"q9_case1",136,256,2304,589824,589824,1,34561,131072,2,1,589824,589330,0.000362,0.000000,0.000263,0.000025,0.000247,0.000404,0.000215,0.000830,0.001429,0.001372,0.000059,0.004041,0.001310,0.000000,0.002613,0.000425,0.000024,0.000071,0.006559
1,2,9,"q9_case1",137,256,2304,589824,589824,1,34817,131072,2,1,589824,589555,0.000359,0.000001,0.000249,0.000024,0.000262,0.000399,0.000236,0.000906,0.001435,0.001677,0.000075,0.004364,0.001294,0.000000,0.002614,0.000426,0.000025,0.000074,0.007169
1,2,9,"q9_case1",138,256,2304,589824,589824,1,35073,131072,2,1,589824,589329,0.000364,0.000000,0.000266,0.000020,0.000236,0.000421,0.000194,0.000843,0.001354,0.001437,0.000064,0.004033,0.001284,0.000000,0.002535,0.000421,0.000024,0.000071,0.006563
1,2,9,"q9_case1",139,256,2304,589824,589824,1,35329,131072,2,1,589824,589551,0.000363,0.000000,0.000286,0.000022,0.000249,0.000394,0.000230,0.000876,0.001440,0.001561,0.000060,0.004248,0.001303,0.000000,0.002631,0.000421,0.000017,0.000072,0.006987
1,2,9,"q9_case1",140,256,2304,589824,589824,1,35585,131072,2,1,589824,589422,0.000369,0.000000,0.000268,0.000018,0.000233,0.000395,0.000262,0.000927,0.001494,0.001668,0.000070,0.004406,0.001297,0.000000,0.002671,0.000463,0.000021,0.000069,0.007158
1,2,9,"q9_case1",141,256,2304,589824,589824,1,35841,131072,2,1,589824,589324,0.000363,0.000000,0.000238,0.000019,0.000440,0.000395,0.000210,0.000844,0.001397,0.001554,0.000056,0.004281,0.001283,0.000000,0.002674,0.000428,0.000016,0.000076,0.006960
1,2,9,"q9_case1",142,256,2304,589824,589824,1,36097,131072,2,1,589824,589547,0.000360,0.000000,0.000143,0.000021,0.000262,0.000393,0.000236,0.000902,0.001471,0.001708,0.000076,0.004307,0.001299,0.000000,0.002525,0.000427,0.000022,0.000074,0.007045
1,2,9,"q9_case1",143,256,2304,589824,589824,1,36353,131072,2,1,589824,589333,0.000362,0.000000,0.000197,0.000040,0.000236,0.000402,0.000239,0.000911,0.001450,0.001704,0.000080,0.004351,0.001300,0.000000,0.002570,0.000434,0.000025,0.000081,0.007186
1,2,9,"q9_case1",144,256,2304,589824,589824,1,36609,131072,2,1,589824,589337,0.000358,0.000000,0.000267,0.000019,0.000236,0.000406,0.000286,0.000896,0.001527,0.001656,0.000065,0.004384,0.001304,0.000000,0.002666,0.000418,0.000023,0.000073,0.007117
1,2,9,"q9_case1",145,256,2304,589824,589824,1,36865,131072,2,1,589824,589299,0.000362,0.000000,0.000247,0.000018,0.000243,0.000395,0.000290,0.000899,0.001490,0.001650,0.000066,0.004330,0.001291,0.000000,0.002617,0.000416,0.000017,0.000073,0.007143
1,2,9,"q9_case1",146,256,2304,589824,589824,1,37121,131072,2,1,589824,589355,0.000360,0.000000,0.000251,0.000017,0.000257,0.000613,0.000214,0.000914,0.001679,0.001653,0.000064,0.004557,0.001292,0.000000,0.002843,0.000424,0.000020,0.000071,0.007276
1,2,9,"q9_case1",147,256,2304,589824,589824,1,37377,131072,2,1,589824,589362,0.000363,0.000000,0.000229,0.000017,0.000233,0.000398,0.000211,0.000886,0.001408,0.001638,0.000070,0.004211,0.001294,0.000000,0.002505,0.000416,0.000016,0.000079,0.006928
1,2,9,"q9_case1",148,256,2304,589824,589824,1,37633,131072,2,1,589824,589350,0.000369,0.000000,0.000193,0.000021,0.000261,0.000394,0.000251,0.000904,0.001498,0.001657,0.000069,0.004291,0.001292,0.000000,0.002568,0.000422,0.000020,0.000069,0.006988
1,2,9,"q9_case1",149,256,2304,589824,589824,1,37889,131072,2,1,589824,589322,0.000362,0.000000,0.000267,0.000018,0.000266,0.000395,0.000298,0.000946,0.001558,0.001644,0.000080,0.004456,0.001282,0.000000,0.002734,0.000427,0.000018,0.000076,0.007180
1,2,9,"q9_case1",150,256,2304,589824,589824,1,38145,131072,2,1,589824,589301,0.000362,0.000000,0.000273,0.000023,0.000232,0.000397,0.000235,0.000871,0.001424,0.001623,0.000073,0.004310,0.001569,0.000000,0.002618,0.000426,0.000024,0.000069,0.007281
1,2,9,"q9_case1",151,256,2304,589824,589824,1,38401,131072,2,1,589824,589324,0.000363,0.000000,0.000295,0.000019,0.000233,0.000399,0.000291,0.000956,0.001572,0.001635,0.000070,0.004426,0.001286,0.000000,0.002723,0.000432,0.000015,0.000073,0.007131
1,2,9,"q9_case1",152,256,2304,589824,589824,1,38657,131072,2,1,589824,589298,0.000359,0.000000,0.000219,0.000021,0.000454,0.000405,0.000207,0.000879,0.001411,0.001655,0.000077,0.004476,0.001290,0.000000,0.002746,0.000421,0.000025,0.000090,0.007175
1,2,9,"q9_case1",153,256,2304,589824,589824,1,38913,131072,2,1,589824,589311,0.000357,0.000000,0.000201,0.000019,0.000244,0.000395,0.000189,0.000892,0.001373,0.001577,0.000060,0.004135,0.001281,0.000000,0.002501,0.000409,0.000014,0.000071,0.006797
1,2,9,"q9_case1",154,256,2304,589824,589824,1,39169,131072,2,1,589824,589296,0.000358,0.000000,0.000214,0.000018,0.000233,0.000392,0.000270,0.000902,0.001463,0.001589,0.000060,0.004185,0.001274,0.000000,0.002538,0.000417,0.000019,0.000067,0.006826
1,2,9,"q9_case1",155,256,2304,589824,589824,1,39425,131072,2,1,589824,589274,0.000355,0.000000,0.000177,0.000020,0.000232,0.000389,0.000194,0.000863,0.001347,0.001661,0.000084,0.004161,0.001285,0.000000,0.002419,0.000431,0.000017,0.000083,0.006867
1,2,9,"q9_case1",156,256,2304,589824,589824,1,39681,131072,2,1,589824,589235,0.000359,0.000000,0.000197,0.000031,0.000230,0.000394,0.000240,0.000882,0.001455,0.001592,0.000062,0.004183,0.001305,0.000000,0.002533,0.000418,0.000021,0.000066,0.006844
1,2,9,"q9_case1",157,256,2304,589824,589824,1,39937,131072,2,1,589824,589229,0.000355,0.000000,0.000188,0.000021,0.000281,0.000392,0.000279,0.000882,0.001488,0.001589,0.000065,0.004214,0.001288,0.000000,0.002563,0.000421,0.000015,0.000069,0.006888
1,2,9,"q9_case1",158,256,2304,589824,589824,1,40193,131072,2,1,589824,589250,0.000360,0.000000,0.000151,0.000021,0.000248,0.000393,0.000231,0.000915,0.001484,0.001600,0.000065,0.004204,0.001273,0.000000,0.002542,0.000410,0.000019,0.000072,0.006837
1,2,9,"q9_case1",159,256,2304,589824,589824,1,40449,131072,2,1,589824,589262,0.000360,0.000000,0.000201,0.000020,0.000229,0.000390,0.000225,0.000871,0.001459,0.001585,0.000064,0.004193,0.001300,0.000000,0.002547,0.000420,0.000015,0.000066,0.006864
1,2,9,"q9_case1",160,256,2304,589824,589824,1,40705,131072,2,1,589824,589287,0.000355,0.000000,0.000140,0.000021,0.000246,0.000388,0.000245,0.000896,0.001476,0.001582,0.000064,0.004129,0.001276,0.000000,0.002485,0.000434,0.000019,0.000070,0.006796
1,2,9,"q9_case1",161,256,2304,589824,589824,1,40961,131072,2,1,589824,589297,0.000354,0.000000,0.000156,0.000019,0.000243,0.000396,0.000203,0.000887,0.001400,0.001580,0.000056,0.004083,0.001275,0.000000,0.002448,0.000421,0.000014,0.000066,0.006720
1,2,9,"q9_case1",162,256,2304,589824,589824,1,41217,131072,2,1,589824,589301,0.000357,0.000000,0.000177,0.000021,0.000244,0.000396,0.000238,0.000825,0.001397,0.001322,0.000044,0.003799,0.001287,0.000000,0.002434,0.000438,0.000021,0.000080,0.006266
1,2,9,"q9_case1",163,256,2304,589824,589824,1,41473,131072,2,1,589824,589550,0.000353,0.000000,0.000177,0.000017,0.000230,0.000389,0.000254,0.000900,0.001433,0.001621,0.000064,0.004169,0.001292,0.000000,0.002486,0.000421,0.000015,0.000072,0.006858
1,2,9,"q9_case1",164,256,2304,589824,589824,1,41729,131072,2,1,589824,589309,0.000358,0.000000,0.000178,0.000019,0.000232,0.000386,0.000184,0.000826,0.001312,0.001164,0.000044,0.003576,0.001278,0.000000,0.002369,0.000436,0.000018,0.000069,0.005894
1,2,9,"q9_case1",165,256,2304,589824,589824,1,41985,131072,2,1,589824,589549,0.000353,0.000000,0.000123,0.000040,0.000246,0.000391,0.000186,0.000889,0.001393,0.001602,0.000059,0.004108,0.001282,0.000000,0.002450,0.000433,0.000013,0.000065,0.006774
1,2,9,"q9_case1",166,256,2304,589824,589824,1,42241,131072,2,1,589824,589306,0.000353,0.000000,0.000150,0.000019,0.000242,0.000392,0.000179,0.000871,0.001379,0.001536,0.000041,0.003956,0.001273,0.000000,0.002385,0.000440,0.000019,0.000067,0.006582
1,2,9,"q9_case1",167,256,2304,589824,589824,1,42497,131072,2,1,589824,589544,0.000357,0.000000,0.000199,0.000022,0.000237,0.000391,0.000169,0.000887,0.001391,0.001634,0.000044,0.004150,0.001267,0.000000,0.002474,0.000416,0.000014,0.000079,0.006829
1,2,9,"q9_case1",168,256,2304,589824,589824,1,42753,131072,2,1,589824,589329,0.000353,0.000000,0.000168,0.000016,0.000241,0.000389,0.000229,0.000844,0.001417,0.001435,0.000045,0.003973,0.001289,0.000000,0.002495,0.000407,0.000018,0.000071,0.006526
1,2,9,"q9_case1",169,256,2304,589824,589824,1,43009,131072,2,1,589824,589548,0.000359,0.000000,0.000118,0.000022,0.000241,0.000390,0.000208,0.000882,0.001447,0.001612,0.000052,0.004121,0.001275,0.000000,0.002459,0.000440,0.000013,0.000064,0.006827
1,2,9,"q9_case1",170,256,2304,589824,589824,1,43265,131072,2,1,589824,589340,0.000356,0.000000,0.000173,0.000022,0.000245,0.000395,0.000272,0.000909,0.001520,0.001656,0.000054,0.004260,0.001275,0.000000,0.002552,0.000417,0.000020,0.000069,0.006945
1,2,9,"q9_case1",171,256,2304,589824,589824,1,43521,131072,2,1,589824,589349,0.000382,0.000000,0.000171,0.000024,0.000231,0.000389,0.000211,0.000836,0.001345,0.001445,0.000050,0.003963,0.001269,0.000000,0.002470,0.000421,0.000013,0.000067,0.006507
1,2,9,"q9_case1",172,256,2304,589824,589824,1,43777,131072,2,1,589824,589554,0.000355,0.000000,0.000187,0.000020,0.000254,0.000389,0.000210,0.000876,0.001440,0.001614,0.000058,0.004138,0.001272,0.000000,0.002467,0.000422,0.000019,0.000067,0.006836
1,2,9,"q9_case1",173,256,2304,589824,589824,1,44033,131072,2,1,589824,589339,0.000357,0.000000,0.000132,0.000042,0.000240,0.000393,0.000247,0.000914,0.001486,0.001655,0.000058,0.004229,0.001265,0.000000,0.002518,0.000414,0.000013,0.000064,0.006912
1,2,9,"q9_case1",174,256,2304,589824,589824,1,44289,131072,2,1,589824,589351,0.000354,0.000000,0.000182,0.000021,0.000242,0.000393,0.000221,0.000905,0.001437,0.001688,0.000069,0.004280,0.001273,0.000000,0.002524,0.000424,0.000022,0.000077,0.007010
1,2,9,"q9_case1",175,256,2304,589824,589824,1,44545,131072,2,1,589824,589341,0.000358,0.000000,0.000126,0.000032,0.000253,0.000396,0.000231,0.000872,0.001440,0.001620,0.000060,0.004138,0.001273,0.000000,0.002461,0.000416,0.000013,0.000069,0.006817
1,2,9,"q9_case1",176,256,2304,589824,589824,1,44801,131072,2,1,589824,589422,0.000356,0.000000,0.000195,0.000020,0.000243,0.000390,0.000272,0.000886,0.001494,0.001570,0.000056,0.004188,0.001267,0.000000,0.002563,0.000414,0.000020,0.000068,0.006834
1,2,9,"q9_case1",177,256,2304,589824,589824,1,45057,131072,2,1,589824,589382,0.000355,0.000000,0.000173,0.000020,0.000271,0.000390,0.000241,0.000893,0.001439,0.001605,0.000058,0.004264,0.001367,0.000000,0.002602,0.000417,0.000013,0.000072,0.007014
1,2,9,"q9_case1",178,256,2304,589824,589824,1,45313,131072,2,1,589824,589292,0.000356,0.000000,0.000161,0.000023,0.000226,0.000391,0.000283,0.000849,0.001462,0.001571,0.000056,0.004092,0.001266,0.000000,0.002466,0.000446,0.000027,0.000093,0.006789
1,2,9,"q9_case1",179,256,2304,589824,589824,1,45569,131072,2,1,589824,589236,0.000356,0.000000,0.000173,0.000022,0.000241,0.000391,0.000251,0.000873,0.001450,0.001563,0.000055,0.004112,0.001269,0.000000,0.002497,0.000417,0.000013,0.000069,0.006755
1,2,9,"q9_case1",180,256,2304,589824,589824,1,45825,131072,2,1,589824,589235,0.000359,0.000000,0.000158,0.000041,0.000252,0.000393,0.000246,0.000891,0.001474,0.001584,0.000059,0.004196,0.001275,0.000000,0.002554,0.000412,0.000020,0.000073,0.006845
1,2,9,"q9_case1",181,256,2304,589824,589824,1,46081,131072,2,1,589824,589243,0.000356,0.000000,0.000206,0.000021,0.000340,0.000392,0.000219,0.000890,0.001536,0.001586,0.000065,0.004254,0.001290,0.000000,0.002606,0.000421,0.000014,0.000070,0.006931
1,2,9,"q9_case1",182,256,2304,589824,589824,1,46337,131072,2,1,589824,589271,0.000359,0.000000,0.000162,0.000049,0.000261,0.000383,0.000224,0.000863,0.001382,0.001607,0.000065,0.004159,0.001267,0.000000,0.002489,0.000418,0.000021,0.000082,0.006824
1,2,9,"q9_case1",183,256,2304,589824,589824,1,46593,131072,2,1,589824,589256,0.000357,0.000000,0.000223,0.000021,0.000272,0.000390,0.000332,0.000871,0.001609,0.001580,0.000062,0.004306,0.001280,0.000000,0.002667,0.000429,0.000015,0.000067,0.006969
1,2,9,"q9_case1",184,256,2304,589824,589824,1,46849,131072,2,1,589824,589226,0.000355,0.000000,0.000199,0.000022,0.000242,0.000391,0.000209,0.000889,0.001410,0.001586,0.000063,0.004112,0.001267,0.000000,0.002465,0.000434,0.000021,0.000071,0.006783
1,2,9,"q9_case1",185,256,2304,589824,589824,1,47105,131072,2,1,589824,589252,0.000356,0.000000,0.000168,0.000027,0.000244,0.000389,0.000224,0.000866,0.001409,0.001603,0.000056,0.004140,0.001267,0.000000,0.002483,0.000430,0.000013,0.000070,0.006806
1,2,9,"q9_case1",186,256,2304,589824,589824,1,47361,131072,2,1,589824,589280,0.000356,0.000000,0.000138,0.000052,0.000247,0.000389,0.000259,0.000921,0.001522,0.001599,0.000064,0.004250,0.001271,0.000000,0.002589,0.000429,0.000022,0.000071,0.006926
1,2,9,"q9_case1",187,256,2304,589824,589824,1,47617,131072,2,1,589824,589306,0.000360,0.000000,0.000163,0.000024,0.000231,0.000391,0.000213,0.000896,0.001408,0.001577,0.000058,0.004108,0.001278,0.000000,0.002475,0.000411,0.000013,0.000071,0.006753
1,2,9,"q9_case1",188,256,2304,589824,589824,1,47873,131072,2,1,589824,589328,0.000360,0.000000,0.000153,0.000023,0.000258,0.000384,0.000251,0.000896,0.001545,0.001556,0.000057,0.004215,0.001269,0.000000,0.002604,0.000415,0.000019,0.000069,0.006843
1,2,9,"q9_case1",189,256,2304,589824,589824,1,48129,131072,2,1,589824,589334,0.000354,0.000000,0.000157,0.000033,0.000238,0.000389,0.000284,0.000923,0.001502,0.001632,0.000068,0.004291,0.001272,0.000000,0.002593,0.000436,0.000014,0.000079,0.006978
1,2,9,"q9_case1",190,256,2304,589824,589824,1,48385,131072,2,1,589824,589330,0.000355,0.000000,0.000148,0.000021,0.000262,0.000386,0.000231,0.000891,0.001435,0.001589,0.000069,0.004107,0.001273,0.000000,0.002452,0.000429,0.000019,0.000077,0.006780
1,2,9,"q9_case1",191,256,2304,589824,589824,1,48641,131072,2,1,589824,589319,0.000359,0.000000,0.000186,0.000024,0.000245,0.000392,0.000286,0.000899,0.001529,0.001580,0.000072,0.004284,0.001294,0.000000,0.002634,0.000428,0.000015,0.000079,0.006975
1,2,9,"q9_case1",192,256,2304,589824,589824,1,48897,131072,2,1,589824,589309,0.000365,0.000000,0.000139,0.000023,0.000251,0.000391,0.000244,0.000897,0.001508,0.001586,0.000063,0.004192,0.001285,0.000000,0.002545,0.000418,0.000020,0.000072,0.006841
1,2,9,"q9_case1",193,256,2304,589824,589824,1,49153,131072,2,1,589824,589296,0.000362,0.000000,0.000150,0.000028,0.000258,0.000386,0.000272,0.000864,0.001440,0.001486,0.000055,0.004016,0.001279,0.000000,0.002478,0.000454,0.000018,0.000084,0.006654
1,2,9,"q9_case1",194,256,2304,589824,589824,1,49409,131072,2,1,589824,589564,0.000365,0.000000,0.000250,0.000023,0.000283,0.000383,0.000213,0.000906,0.001473,0.001660,0.000070,0.004421,0.001299,0.000000,0.002694,0.000423,0.000020,0.000071,0.007120
1,2,9,"q9_case1",195,256,2304,589824,589824,1,49665,131072,2,1,589824,589332,0.000361,0.000000,0.000140,0.000046,0.000225,0.000398,0.000256,0.000842,0.001405,0.001301,0.000052,0.003844,0.001283,0.000000,0.002494,0.000435,0.000015,0.000074,0.006364
1,2,9,"q9_case1",196,256,2304,589824,589824,1,49921,131072,2,1,589824,589553,0.000364,0.000000,0.000133,0.000023,0.000255,0.000382,0.000255,0.000898,0.001435,0.001651,0.000064,0.004224,0.001286,0.000000,0.002511,0.000422,0.000019,0.000072,0.006940
1,2,9,"q9_case1",197,256,2304,589824,589824,1,50177,131072,2,1,589824,589332,0.000364,0.000000,0.000192,0.000027,0.000258,0.000387,0.000300,0.000838,0.001490,0.001268,0.000050,0.003855,0.001309,0.000000,0.002540,0.000429,0.000018,0.000087,0.006370
1,2,9,"q9_case1",198,256,2304,589824,589824,1,50433,131072,2,1,589824,589560,0.000358,0.000000,0.000177,0.000021,0.000226,0.000383,0.000193,0.000867,0.001365,0.001629,0.000055,0.004108,0.001286,0.000000,0.002426,0.000416,0.000019,0.000072,0.006800
1,2,9,"q9_case1",199,256,2304,589824,589824,1,50689,131072,2,1,589824,589331,0.000358,0.000000,0.000147,0.000021,0.000234,0.000387,0.000207,0.000838,0.001355,0.001344,0.000050,0.003768,0.001271,0.000000,0.002377,0.000430,0.000014,0.000075,0.006241
1,2,9,"q9_case1",200,256,2304,589824,589824,1,50945,131072,2,1,589824,589545,0.000359,0.000000,0.000206,0.000024,0.000236,0.000386,0.000196,0.000865,0.001378,0.001633,0.000057,0.004136,0.001275,0.000000,0.002449,0.000432,0.000018,0.000072,0.006834
1,2,9,"q9_case1",201,256,2304,589824,589824,1,51201,131072,2,1,589824,589330,0.000359,0.000000,0.000174,0.000022,0.000234,0.000389,0.000247,0.000866,0.001446,0.001322,0.000042,0.003850,0.001287,0.000000,0.002487,0.000416,0.000016,0.000088,0.006346
1,2,9,"q9_case1",202,256,2304,589824,589824,1,51457,131072,2,1,589824,589549,0.000353,0.000000,0.000121,0.000027,0.000236,0.000386,0.000220,0.000898,0.001422,0.001666,0.000064,0.004158,0.001283,0.000000,0.002431,0.000411,0.000020,0.000070,0.006843
1,2,9,"q9_case1",203,256,2304,589824,589824,1,51713,131072,2,1,589824,589333,0.000358,0.000000,0.000205,0.000022,0.000236,0.000388,0.000301,0.000863,0.001550,0.001425,0.000056,0.004105,0.001300,0.000000,0.002627,0.000416,0.000017,0.000074,0.006731
1,2,9,"q9_case1",204,256,2304,589824,589824,1,51969,131072,2,1,589824,589551,0.000360,0.000000,0.000183,0.000022,0.000264,0.000385,0.000232,0.000855,0.001401,0.001576,0.000052,0.004128,0.001289,0.000000,0.002502,0.000427,0.000021,0.000074,0.006800
1,2,9,"q9_case1",205,256,2304,589824,589824,1,52225,131072,2,1,589824,589314,0.000362,0.000000,0.000191,0.000024,0.000227,0.000384,0.000252,0.000880,0.001431,0.001670,0.000067,0.004239,0.001283,0.000000,0.002504,0.000434,0.000017,0.000084,0.007012
1,2,9,"q9_case1",206,256,2304,589824,589824,1,52481,131072,2,1,589824,589320,0.000357,0.000000,0.000152,0.000028,0.000225,0.000390,0.000268,0.000860,0.001441,0.001419,0.000051,0.003964,0.001277,0.000000,0.002495,0.000427,0.000020,0.000071,0.006492
1,2,9,"q9_case1",207,256,2304,589824,589824,1,52737,131072,2,1,589824,589556,0.000360,0.000000,0.000199,0.000020,0.000235,0.000387,0.000187,0.000878,0.001358,0.001659,0.000060,0.004181,0.001302,0.000000,0.002465,0.000429,0.000015,0.000074,0.006965
1,2,9,"q9_case1",208,256,2304,589824,589824,1,52993,131072,2,1,589824,589327,0.000358,0.000000,0.000153,0.000023,0.000222,0.000386,0.000235,0.000929,0.001470,0.001638,0.000060,0.004198,0.001305,0.000000,0.002502,0.000412,0.000018,0.000082,0.006926
1,2,9,"q9_case1",209,256,2304,589824,589824,1,53249,131072,2,1,589824,589288,0.000358,0.000000,0.000180,0.000025,0.000224,0.000384,0.000254,0.000883,0.001450,0.001631,0.000062,0.004203,0.001285,0.000000,0.002512,0.000431,0.000023,0.000086,0.007108
1,2,9,"q9_case1",210,256,2304,589824,589824,1,53505,131072,2,1,589824,589338,0.000369,0.000000,0.000190,0.000025,0.000232,0.000388,0.000242,0.000920,0.001481,0.001703,0.000061,0.004352,0.001330,0.000000,0.002590,0.000421,0.000022,0.000078,0.007176
1,2,9,"q9_case1",211,256,2304,589824,589824,1,53761,131072,2,1,589824,589316,0.000372,0.000000,0.000198,0.000026,0.000251,0.000388,0.000252,0.000905,0.001549,0.001719,0.000084,0.004429,0.001314,0.000000,0.002628,0.000457,0.000022,0.000086,0.007405
1,2,9,"q9_case1",212,256,2304,589824,589824,1,54017,131072,2,1,589824,589348,0.000371,0.000000,0.000311,0.000030,0.000261,0.000394,0.000267,0.000914,0.001479,0.001641,0.000073,0.004512,0.001341,0.000000,0.002802,0.000433,0.000026,0.000090,0.007306
1,2,9,"q9_case1",213,256,2304,589824,589824,1,54273,131072,2,1,589824,589306,0.000356,0.000000,0.000176,0.000024,0.000229,0.000384,0.000264,0.000858,0.001454,0.001609,0.000063,0.004176,0.001289,0.000000,0.002506,0.000404,0.000014,0.000074,0.006838
1,2,9,"q9_case1",214,256,2304,589824,589824,1,54529,131072,2,1,589824,589331,0.000370,0.000000,0.000382,0.000023,0.000227,0.000385,0.000238,0.000901,0.001438,0.001575,0.000049,0.004305,0.001263,0.000000,0.002683,0.000416,0.000020,0.000072,0.006944
1,2,9,"q9_case1",215,256,2304,589824,589824,1,54785,131072,2,1,589824,589328,0.000353,0.000000,0.000211,0.000021,0.000255,0.000381,0.000229,0.000894,0.001434,0.001571,0.000044,0.004130,0.001269,0.000000,0.002517,0.000421,0.000015,0.000089,0.006799
1,2,9,"q9_case1",216,256,2304,589824,589824,1,55041,131072,2,1,589824,589244,0.000355,0.000000,0.000160,0.000026,0.000252,0.000383,0.000226,0.000883,0.001437,0.001595,0.000058,0.004111,0.001262,0.000000,0.002461,0.000423,0.000018,0.000072,0.006753
1,2,9,"q9_case1",217,256,2304,589824,589824,1,55297,131072,2,1,589824,589250,0.000355,0.000000,0.000138,0.000025,0.000228,0.000385,0.000201,0.000857,0.001390,0.001604,0.000052,0.004045,0.001271,0.000000,0.002391,0.000416,0.000015,0.000082,0.006714
1,2,9,"q9_case1",218,256,2304,589824,589824,1,55553,131072,2,1,589824,589273,0.000359,0.000000,0.000154,0.000024,0.000245,0.000382,0.000227,0.000880,0.001425,0.001599,0.000058,0.004141,0.001281,0.000000,0.002486,0.000406,0.000020,0.000073,0.006803
1,2,9,"q9_case1",219,256,2304,589824,589824,1,55809,131072,2,1,589824,589299,0.000355,0.000000,0.000161,0.000024,0.000253,0.000384,0.000223,0.000888,0.001462,0.001561,0.000050,0.004075,0.001284,0.000000,0.002466,0.000413,0.000015,0.000076,0.006729
1,2,9,"q9_case1",220,256,2304,589824,589824,1,56065,131072,2,1,589824,589327,0.000359,0.000000,0.000164,0.000030,0.000252,0.000388,0.000249,0.000891,0.001478,0.001571,0.000054,0.004114,0.001267,0.000000,0.002492,0.000409,0.000020,0.000069,0.006736
1,2,9,"q9_case1",221,256,2304,589824,589824,1,56321,131072,2,1,589824,589316,0.000353,0.000000,0.000186,0.000024,0.000240,0.000393,0.000236,0.000904,0.001485,0.001562,0.000052,0.004151,0.001275,0.000000,0.002539,0.000411,0.000016,0.000088,0.006801
1,2,9,"q9_case1",222,256,2304,589824,589824,1,56577,131072,2,1,589824,589275,0.000352,0.000000,0.000141,0.000023,0.000253,0.000384,0.000279,0.000871,0.001460,0.001545,0.000047,0.004049,0.001264,0.000000,0.002459,0.000406,0.000020,0.000068,0.006642
1,2,9,"q9_case1",223,256,2304,589824,589824,1,56833,131072,2,1,589824,589224,0.000351,0.000000,0.000157,0.000025,0.000262,0.000381,0.000240,0.000867,0.001432,0.001555,0.000053,0.004042,0.001265,0.000000,0.002436,0.000420,0.000014,0.000073,0.006649
1,2,9,"q9_case1",224,256,2304,589824,589824,1,57089,131072,2,1,589824,589232,0.000355,0.000000,0.000181,0.000022,0.000253,0.000381,0.000254,0.000879,0.001460,0.001559,0.000053,0.004124,0.001265,0.000000,0.002514,0.000408,0.000020,0.000072,0.006708
1,2,9,"q9_case1",225,256,2304,589824,589824,1,57345,131072,2,1,589824,589266,0.000351,0.000000,0.000142,0.000026,0.000256,0.000381,0.000280,0.000910,0.001531,0.001531,0.000053,0.004113,0.001268,0.000000,0.002532,0.000409,0.000014,0.000071,0.006716
1,2,9,"q9_case1",226,256,2304,589824,589824,1,57601,131072,2,1,589824,589259,0.000353,0.000000,0.000170,0.000025,0.000253,0.000381,0.000219,0.000834,0.001421,0.001408,0.000041,0.003913,0.001267,0.000000,0.002466,0.000398,0.000036,0.000082,0.006418
1,2,9,"q9_case1",227,256,2304,589824,589824,1,57857,131072,2,1,589824,589560,0.000352,0.000000,0.000206,0.000022,0.000417,0.000382,0.000159,0.000883,0.001573,0.001572,0.000046,0.004264,0.001267,0.000000,0.002649,0.000424,0.000020,0.000072,0.006916
1,2,9,"q9_case1",228,256,2304,589824,589824,1,58113,131072,2,1,589824,589351,0.000355,0.000000,0.000157,0.000040,0.000252,0.000381,0.000251,0.000812,0.001393,0.001161,0.000040,0.003605,0.001257,0.000000,0.002407,0.000425,0.000019,0.000077,0.005920
1,2,9,"q9_case1",229,256,2304,589824,589824,1,58369,131072,2,1,589824,589555,0.000351,0.000000,0.000165,0.000024,0.000252,0.000382,0.000231,0.000911,0.001468,0.001571,0.000042,0.004111,0.001266,0.000000,0.002500,0.000423,0.000018,0.000076,0.006765
1,2,9,"q9_case1",230,256,2304,589824,589824,1,58625,131072,2,1,589824,589356,0.000352,0.000000,0.000131,0.000043,0.000253,0.000382,0.000216,0.000830,0.001357,0.001278,0.000040,0.003687,0.001273,0.000000,0.002371,0.000409,0.000021,0.000091,0.006082
1,2,9,"q9_case1",231,256,2304,589824,589824,1,58881,131072,2,1,589824,589549,0.000389,0.000000,0.000138,0.000028,0.000290,0.000377,0.000212,0.000925,0.001443,0.001584,0.000043,0.004141,0.001280,0.000000,0.002515,0.000420,0.000015,0.000072,0.006817
1,2,9,"q9_case1",232,256,2304,589824,589824,1,59137,131072,2,1,589824,589366,0.000353,0.000000,0.000151,0.000048,0.000293,0.000383,0.000246,0.000816,0.001388,0.001370,0.000040,0.003869,0.001258,0.000000,0.002461,0.000399,0.000020,0.000075,0.006326
1,2,9,"q9_case1",233,256,2304,589824,589824,1,59393,131072,2,1,589824,589550,0.000377,0.000001,0.000155,0.000031,0.000270,0.000377,0.000263,0.000916,0.001519,0.001603,0.000044,0.004242,0.001269,0.000000,0.002597,0.000422,0.000016,0.000075,0.006925
1,2,9,"q9_case1",234,256,2304,589824,589824,1,59649,131072,2,1,589824,589360,0.000355,0.000000,0.000142,0.000042,0.000256,0.000379,0.000198,0.000881,0.001390,0.001570,0.000044,0.004021,0.001258,0.000000,0.002409,0.000418,0.000021,0.000075,0.006646
1,2,9,"q9_case1",235,256,2304,589824,589824,1,59905,131072,2,1,589824,589549,0.000350,0.000000,0.000156,0.000025,0.000253,0.000377,0.000261,0.000890,0.001476,0.001621,0.000043,0.004172,0.001259,0.000000,0.002510,0.000414,0.000014,0.000073,0.006825
1,2,9,"q9_case1",236,256,2304,589824,589824,1,60161,131072,2,1,589824,589334,0.000357,0.000000,0.000166,0.000024,0.000255,0.000375,0.000251,0.000847,0.001427,0.001463,0.000040,0.003955,0.001259,0.000000,0.002454,0.000418,0.000020,0.000091,0.006502
1,2,9,"q9_case1",237,256,2304,589824,589824,1,60417,131072,2,1,589824,589551,0.000355,0.000000,0.000144,0.000028,0.000256,0.000381,0.000247,0.000873,0.001432,0.001621,0.000044,0.004102,0.001265,0.000000,0.002439,0.000421,0.000014,0.000074,0.006764
1,2,9,"q9_case1",238,256,2304,589824,589824,1,60673,131072,2,1,589824,589351,0.000350,0.000000,0.000163,0.000032,0.000257,0.000381,0.000248,0.000847,0.001409,0.001447,0.000039,0.003936,0.001261,0.000000,0.002452,0.000427,0.000019,0.000076,0.006497
1,2,9,"q9_case1",239,256,2304,589824,589824,1,60929,131072,2,1,589824,589558,0.000350,0.000000,0.000179,0.000024,0.000229,0.000377,0.000228,0.000920,0.001487,0.001623,0.000043,0.004149,0.001261,0.000000,0.002485,0.000412,0.000014,0.000074,0.006814
1,2,9,"q9_case1",240,256,2304,589824,589824,1,61185,131072,2,1,589824,589342,0.000350,0.000000,0.000160,0.000031,0.000253,0.000379,0.000239,0.000857,0.001419,0.001510,0.000040,0.003995,0.001260,0.000000,0.002447,0.000428,0.000021,0.000087,0.006605
1,2,9,"q9_case1",241,256,2304,589824,589824,1,61441,131072,2,1,589824,589554,0.000350,0.000000,0.000196,0.000039,0.000250,0.000377,0.000250,0.000837,0.001427,0.001612,0.000043,0.004187,0.001260,0.000000,0.002537,0.000405,0.000014,0.000072,0.006832
1,2,9,"q9_case1",242,256,2304,589824,589824,1,61697,131072,2,1,589824,589337,0.000350,0.000000,0.000158,0.000023,0.000254,0.000379,0.000247,0.000858,0.001448,0.001486,0.000039,0.003961,0.001257,0.000000,0.002438,0.000416,0.000019,0.000073,0.006525
1,2,9,"q9_case1",243,256,2304,589824,589824,1,61953,131072,2,1,589824,589557,0.000350,0.000000,0.000155,0.000027,0.000247,0.000381,0.000237,0.000858,0.001453,0.001614,0.000049,0.004129,0.001259,0.000000,0.002469,0.000401,0.000014,0.000082,0.006793
1,2,9,"q9_case1",244,256,2304,589824,589824,1,62209,131072,2,1,589824,589341,0.000350,0.000000,0.000178,0.000026,0.000227,0.000382,0.000219,0.000872,0.001392,0.001621,0.000046,0.004107,0.001258,0.000000,0.002442,0.000427,0.000069,0.000091,0.006823
1,2,9,"q9_case1",245,256,2304,589824,589824,1,62465,131072,2,1,589824,589306,0.000350,0.000000,0.000148,0.000028,0.000253,0.000377,0.000298,0.000896,0.001531,0.001596,0.000044,0.004169,0.001269,0.000000,0.002530,0.000412,0.000016,0.000080,0.006828
1,2,9,"q9_case1",246,256,2304,589824,589824,1,62721,131072,2,1,589824,589335,0.000355,0.000000,0.000178,0.000030,0.000227,0.000377,0.000267,0.000897,0.001515,0.001617,0.000056,0.004232,0.001257,0.000000,0.002561,0.000505,0.000018,0.000072,0.006989
1,2,9,"q9_case1",247,256,2304,589824,589824,1,62977,131072,2,1,589824,589378,0.000351,0.000000,0.000325,0.000026,0.000362,0.000377,0.000269,0.000906,0.001712,0.001605,0.000047,0.004461,0.001262,0.000000,0.002811,0.000429,0.000015,0.000076,0.007132
1,2,9,"q9_case1",248,256,2304,589824,589824,1,63233,131072,2,1,589824,589360,0.000362,0.000000,0.000185,0.000026,0.000230,0.000375,0.000226,0.000898,0.001471,0.001573,0.000065,0.004232,0.001285,0.000000,0.002596,0.000407,0.000020,0.000074,0.006878
1,2,9,"q9_case1",249,256,2304,589824,589824,1,63489,131072,2,1,589824,589332,0.000352,0.000000,0.000161,0.000026,0.000242,0.000375,0.000279,0.000828,0.001412,0.001384,0.000051,0.003890,0.001267,0.000000,0.002457,0.000406,0.000013,0.000075,0.006394
1,2,9,"q9_case1",250,256,2304,589824,589824,1,63745,131072,2,1,589824,589557,0.000356,0.000000,0.000145,0.000027,0.000242,0.000377,0.000259,0.000843,0.001408,0.001460,0.000052,0.003958,0.001273,0.000000,0.002448,0.000417,0.000018,0.000077,0.006514
1,2,9,"q9_case1",251,256,2304,589824,589824,1,64001,131072,2,1,589824,589309,0.000354,0.000000,0.000180,0.000028,0.000225,0.000374,0.000190,0.000849,0.001314,0.001546,0.000051,0.003997,0.001261,0.000000,0.002402,0.000423,0.000015,0.000082,0.006628
1,2,9,"q9_case1",252,256,2304,589824,589824,1,64257,131072,2,1,589824,589386,0.000350,0.000000,0.000161,0.000027,0.000289,0.000380,0.000194,0.000917,0.001427,0.001628,0.000058,0.004190,0.001275,0.000000,0.002506,0.000409,0.000019,0.000075,0.006857
1,2,9,"q9_case1",253,256,2304,589824,589824,1,64513,131072,2,1,589824,589324,0.000356,0.000000,0.000144,0.000029,0.000240,0.000377,0.000288,0.000843,0.001453,0.001507,0.000048,0.004040,0.001264,0.000000,0.002486,0.000423,0.000013,0.000077,0.006638
1,2,9,"q9_case1",254,256,2304,589824,589824,1,64769,131072,2,1,589824,589556,0.000356,0.000000,0.000153,0.000025,0.000252,0.000369,0.000263,0.000898,0.001484,0.001585,0.000061,0.004145,0.001270,0.000000,0.002502,0.000422,0.000023,0.000073,0.006788
1,2,9,"q9_case1",255,256,2304,589824,589824,1,65025,131072,2,1,589824,589426,0.000353,0.000000,0.000159,0.000033,0.000228,0.000398,0.000254,0.000891,0.001494,0.001638,0.000052,0.004211,0.001272,0.000000,0.002523,0.000414,0.000019,0.000097,0.006926
1,2,9,"q9_case1",256,256,2304,589824,589824,1,65281,131072,2,1,589824,589330,0.000353,0.000000,0.000188,0.000023,0.000244,0.000374,0.000183,0.000849,0.001352,0.001561,0.000100,0.004099,0.001267,0.000000,0.002440,0.000402,0.000019,0.007005,0.013643
1,2,9,"q9_case1",257,256,2304,589824,589824,1,65537,262144,2,1,589824,589545,0.004732,0.000442,0.000696,0.000000,0.000272,0.000386,0.000220,0.000904,0.001415,0.001664,0.000095,0.009864,0.001284,0.001921,0.008253,0.000455,0.000025,0.000066,0.014720
1,2,9,"q9_case1",258,256,2304,589824,589824,1,65793,262144,2,1,589824,589329,0.000365,0.000000,0.000213,0.000020,0.000242,0.000375,0.000284,0.000911,0.001491,0.001697,0.000058,0.004386,0.001306,0.000000,0.002634,0.000416,0.000021,0.000068,0.007105
1,2,9,"q9_case1",259,256,2304,589824,589824,1,66049,262144,2,1,589824,589328,0.000364,0.000000,0.000127,0.000038,0.000248,0.000379,0.000227,0.000900,0.001418,0.001585,0.000052,0.004104,0.001287,0.000000,0.002468,0.000425,0.000017,0.000074,0.006884
1,2,9,"q9_case1",260,256,2304,589824,589824,1,66305,262144,2,1,589824,589552,0.000359,0.000000,0.000221,0.000022,0.000251,0.000403,0.000180,0.000911,0.001413,0.001659,0.000067,0.004286,0.001294,0.000000,0.002563,0.000434,0.000021,0.000070,0.007009
1,2,9,"q9_case1",261,256,2304,589824,589824,1,66561,262144,2,1,589824,589333,0.000374,0.000000,0.000297,0.000021,0.000246,0.000383,0.000258,0.000905,0.001485,0.001692,0.000072,0.004492,0.001324,0.000000,0.002731,0.000425,0.000019,0.000071,0.007234
1,2,9,"q9_case1",262,256,2304,589824,589824,1,66817,262144,2,1,589824,589395,0.000359,0.000000,0.000149,0.000021,0.000263,0.000377,0.000276,0.000870,0.001438,0.001553,0.000065,0.004143,0.001299,0.000000,0.002527,0.000441,0.000025,0.000074,0.006796
1,2,9,"q9_case1",263,256,2304,589824,589824,1,67073,262144,2,1,589824,589556,0.000365,0.000000,0.000240,0.000023,0.000245,0.000380,0.000242,0.000924,0.001498,0.001648,0.000081,0.004372,0.001316,0.000000,0.002646,0.000427,0.000017,0.000073,0.007114
1,2,9,"q9_case1",264,256,2304,589824,589824,1,67329,262144,2,1,589824,589330,0.000360,0.000000,0.000191,0.000028,0.000244,0.000392,0.000202,0.000866,0.001370,0.001653,0.000059,0.004185,0.001301,0.000000,0.002476,0.000417,0.000022,0.000083,0.006897
1,2,9,"q9_case1",265,256,2304,589824,589824,1,67585,262144,2,1,589824,589390,0.000359,0.000000,0.000182,0.000019,0.000236,0.000400,0.000250,0.000890,0.001513,0.001662,0.000069,0.004290,0.001293,0.000000,0.002561,0.000410,0.000018,0.000075,0.006986
1,2,9,"q9_case1",266,256,2304,589824,589824,1,67841,262144,2,1,589824,589383,0.000365,0.000000,0.000245,0.000023,0.000277,0.000382,0.000261,0.000928,0.001494,0.001520,0.000047,0.004252,0.001302,0.000000,0.002688,0.000428,0.000021,0.000071,0.006880
1,2,9,"q9_case1",267,256,2304,589824,589824,1,68097,262144,2,1,589824,589550,0.000361,0.000000,0.000183,0.000019,0.000236,0.000400,0.000258,0.000899,0.001484,0.001655,0.000064,0.004247,0.001297,0.000000,0.002530,0.000408,0.000016,0.000070,0.006947
1,2,9,"q9_case1",268,256,2304,589824,589824,1,68353,262144,2,1,589824,589328,0.000358,0.000000,0.000280,0.000018,0.000242,0.000376,0.000211,0.000887,0.001382,0.001624,0.000057,0.004236,0.001277,0.000000,0.002557,0.000430,0.000024,0.000078,0.006932
1,2,9,"q9_case1",269,256,2304,589824,589824,1,68609,262144,2,1,589824,589258,0.000358,0.000000,0.000211,0.000018,0.000442,0.000377,0.000280,0.000859,0.001602,0.001613,0.000055,0.004391,0.001282,0.000000,0.002726,0.000413,0.000016,0.000068,0.007054
1,2,9,"q9_case1",270,256,2304,589824,589824,1,68865,262144,2,1,589824,589313,0.000361,0.000000,0.000178,0.000016,0.000259,0.000406,0.000245,0.000926,0.001513,0.001633,0.000054,0.004255,0.001284,0.000000,0.002571,0.000440,0.000019,0.000071,0.006957
1,2,9,"q9_case1",271,256,2304,589824,589824,1,69121,262144,2,1,589824,589271,0.000364,0.000000,0.000205,0.000021,0.000273,0.000374,0.000243,0.000868,0.001456,0.001608,0.000060,0.004236,0.001298,0.000000,0.002571,0.000415,0.000016,0.000071,0.006920
1,2,9,"q9_case1",272,256,2304,589824,589824,1,69377,262144,2,1,589824,589292,0.000365,0.000000,0.000278,0.000019,0.000270,0.000369,0.000242,0.000886,0.001445,0.001635,0.000071,0.004313,0.001301,0.000000,0.002610,0.000423,0.000022,0.000082,0.007004
1,2,9,"q9_case1",273,256,2304,589824,589824,1,69633,262144,2,1,589824,589311,0.000360,0.000000,0.000270,0.000022,0.000287,0.000379,0.000255,0.000916,0.001512,0.001621,0.000054,0.004341,0.001293,0.000000,0.002669,0.000424,0.000015,0.000068,0.007010
1,2,9,"q9_case1",274,256,2304,589824,589824,1,69889,262144,2,1,589824,589302,0.000362,0.000000,0.000258,0.000017,0.000479,0.000376,0.000224,0.000861,0.001626,0.001591,0.000063,0.004438,0.001289,0.000000,0.002787,0.000420,0.000020,0.000074,0.007105
1,2,9,"q9_case1",275,256,2304,589824,589824,1,70145,262144,2,1,589824,589296,0.000363,0.000000,0.000211,0.000020,0.000269,0.000376,0.000256,0.000859,0.001444,0.001441,0.000046,0.003998,0.001284,0.000000,0.002513,0.000409,0.000013,0.000069,0.006541
1,2,9,"q9_case1",276,256,2304,589824,589824,1,70401,262144,2,1,589824,589558,0.000359,0.000000,0.000210,0.000019,0.000242,0.000373,0.000238,0.000896,0.001452,0.001599,0.000056,0.004175,0.001287,0.000000,0.002522,0.000439,0.000020,0.000071,0.006861
1,2,9,"q9_case1",277,256,2304,589824,589824,1,70657,262144,2,1,589824,589336,0.000360,0.000000,0.000265,0.000020,0.000246,0.000377,0.000200,0.000858,0.001382,0.001456,0.000052,0.004008,0.001282,0.000000,0.002502,0.000428,0.000014,0.000072,0.006574
1,2,9,"q9_case1",278,256,2304,589824,589824,1,70913,262144,2,1,589824,589544,0.000360,0.000000,0.000260,0.000018,0.000244,0.000377,0.000245,0.000893,0.001440,0.001623,0.000054,0.004239,0.001293,0.000000,0.002564,0.000416,0.000018,0.000065,0.006906
1,2,9,"q9_case1",279,256,2304,589824,589824,1,71169,262144,2,1,589824,589338,0.000358,0.000000,0.000240,0.000016,0.000271,0.000372,0.000219,0.000910,0.001415,0.001632,0.000058,0.004251,0.001283,0.000000,0.002563,0.000413,0.000015,0.000067,0.006908
1,2,9,"q9_case1",280,256,2304,589824,589824,1,71425,262144,2,1,589824,589324,0.000360,0.000000,0.000245,0.000020,0.000246,0.000372,0.000258,0.000844,0.001417,0.001494,0.000045,0.004058,0.001285,0.000000,0.002522,0.000415,0.000019,0.000067,0.006622
1,2,9,"q9_case1",281,256,2304,589824,589824,1,71681,262144,2,1,589824,589547,0.000362,0.000000,0.000238,0.000016,0.000290,0.000372,0.000248,0.000916,0.001486,0.001634,0.000054,0.004337,0.001282,0.000000,0.002651,0.000408,0.000014,0.000067,0.007001
1,2,9,"q9_case1",282,256,2304,589824,589824,1,71937,262144,2,1,589824,589342,0.000365,0.000000,0.000425,0.000016,0.000494,0.000373,0.000298,0.000872,0.001756,0.001541,0.000044,0.004652,0.001279,0.000000,0.003069,0.000412,0.000018,0.000079,0.007278
1,2,9,"q9_case1",283,256,2304,589824,589824,1,72193,262144,2,1,589824,589543,0.000356,0.000000,0.000140,0.000033,0.000264,0.000375,0.000212,0.000888,0.001411,0.001633,0.000044,0.004101,0.001279,0.000000,0.002426,0.000412,0.000013,0.000065,0.006765
1,2,9,"q9_case1",284,256,2304,589824,589824,1,72449,262144,2,1,589824,589341,0.000360,0.000001,0.000162,0.000019,0.000268,0.000371,0.000246,0.000849,0.001456,0.001466,0.000039,0.004003,0.001273,0.000000,0.002500,0.000413,0.000017,0.000067,0.006571
1,2,9,"q9_case1",285,256,2304,589824,589824,1,72705,262144,2,1,589824,589546,0.000354,0.000000,0.000141,0.000017,0.000282,0.000372,0.000274,0.000892,0.001470,0.001623,0.000044,0.004151,0.001268,0.000000,0.002486,0.000418,0.000013,0.000065,0.006809
1,2,9,"q9_case1",286,256,2304,589824,589824,1,72961,262144,2,1,589824,589347,0.000360,0.000000,0.000137,0.000017,0.000260,0.000370,0.000255,0.000877,0.001447,0.001641,0.000044,0.004132,0.001271,0.000000,0.002449,0.000427,0.000017,0.000081,0.006815
1,2,9,"q9_case1",287,256,2304,589824,589824,1,73217,262144,2,1,589824,589312,0.000356,0.000000,0.000316,0.000019,0.000239,0.000375,0.000243,0.000840,0.001404,0.001476,0.000039,0.004058,0.001274,0.000000,0.002545,0.000418,0.000013,0.000067,0.006624
1,2,9,"q9_case1",288,256,2304,589824,589824,1,73473,262144,2,1,589824,589553,0.000359,0.000000,0.000139,0.000022,0.000270,0.000370,0.000248,0.000889,0.001453,0.001610,0.000043,0.004111,0.001270,0.000000,0.002459,0.000404,0.000017,0.000066,0.006751
1,2,9,"q9_case1",289,256,2304,589824,589824,1,73729,262144,2,1,589824,589346,0.000354,0.000000,0.000161,0.000020,0.000257,0.000368,0.000240,0.000940,0.001471,0.001591,0.000043,0.004147,0.001266,0.000000,0.002514,0.000446,0.000013,0.000067,0.006838
1,2,9,"q9_case1",290,256,2304,589824,589824,1,73985,262144,2,1,589824,589299,0.000356,0.000000,0.000189,0.000022,0.000343,0.000369,0.000253,0.000852,0.001506,0.001604,0.000046,0.004207,0.001274,0.000000,0.002559,0.000411,0.000017,0.000076,0.006856
1,2,9,"q9_case1",291,256,2304,589824,589824,1,74241,262144,2,1,589824,589310,0.000354,0.000000,0.000166,0.000018,0.000250,0.000367,0.000173,0.000870,0.001358,0.001602,0.000050,0.004036,0.001264,0.000000,0.002385,0.000428,0.000017,0.000071,0.006723
1,2,9,"q9_case1",292,256,2304,589824,589824,1,74497,262144,2,1,589824,589308,0.000358,0.000000,0.000187,0.000028,0.000258,0.000368,0.000281,0.000827,0.001434,0.001483,0.000058,0.004023,0.001294,0.000000,0.002484,0.000415,0.000023,0.000087,0.006633
1,2,9,"q9_case1",293,256,2304,589824,589824,1,74753,262144,2,1,589824,589554,0.000363,0.000000,0.000160,0.000023,0.000253,0.000367,0.000252,0.000883,0.001444,0.001621,0.000070,0.004205,0.001287,0.000000,0.002517,0.000410,0.000018,0.000069,0.006927
1,2,9,"q9_case1",294,256,2304,589824,589824,1,75009,262144,2,1,589824,589339,0.000360,0.000000,0.000159,0.000037,0.000262,0.000375,0.000235,0.000877,0.001417,0.001628,0.000062,0.004212,0.001293,0.000000,0.002524,0.000416,0.000022,0.000069,0.006893
1,2,9,"q9_case1",295,256,2304,589824,589824,1,75265,262144,2,1,589824,589347,0.000360,0.000000,0.000135,0.000042,0.000283,0.000374,0.000290,0.000881,0.001489,0.001637,0.000065,0.004251,0.001278,0.000000,0.002551,0.000415,0.000017,0.000067,0.006963
1,2,9,"q9_case1",296,256,2304,589824,589824,1,75521,262144,2,1,589824,589312,0.000360,0.000000,0.000174,0.000021,0.000253,0.000372,0.000225,0.000909,0.001453,0.001645,0.000067,0.004209,0.001290,0.000000,0.002499,0.000418,0.000024,0.000079,0.006906
1,2,9,"q9_case1",297,256,2304,589824,589824,1,75777,262144,2,1,589824,589315,0.000359,0.000000,0.000164,0.000021,0.000259,0.000370,0.000236,0.000868,0.001427,0.001621,0.000049,0.004152,0.001281,0.000000,0.002485,0.000425,0.000015,0.000068,0.006854
1,2,9,"q9_case1",298,256,2304,589824,589824,1,76033,262144,2,1,589824,589277,0.000358,0.000000,0.000133,0.000021,0.000238,0.000371,0.000249,0.000872,0.001399,0.001646,0.000072,0.004153,0.001280,0.000000,0.002437,0.000433,0.000022,0.000070,0.006828
1,2,9,"q9_case1",299,256,2304,589824,589824,1,76289,262144,2,1,589824,589272,0.000358,0.000000,0.000144,0.000039,0.000250,0.000374,0.000248,0.000898,0.001487,0.001617,0.000067,0.004281,0.001296,0.000000,0.002601,0.000439,0.000018,0.000073,0.007037
1,2,9,"q9_case1",300,256,2304,589824,589824,1,76545,262144,2,1,589824,589276,0.000360,0.000000,0.000169,0.000022,0.000239,0.000373,0.000217,0.000892,0.001416,0.001583,0.000049,0.004139,0.001283,0.000000,0.002509,0.000445,0.000018,0.000083,0.006813
1,2,9,"q9_case1",301,256,2304,589824,589824,1,76801,262144,2,1,589824,589255,0.000353,0.000000,0.000182,0.000018,0.000247,0.000369,0.000228,0.000905,0.001461,0.001583,0.000043,0.004104,0.001277,0.000000,0.002480,0.000421,0.000013,0.000066,0.006752
1,2,9,"q9_case1",302,256,2304,589824,589824,1,77057,262144,2,1,589824,589250,0.000357,0.000000,0.000175,0.000018,0.000259,0.000369,0.000224,0.000859,0.001390,0.001578,0.000043,0.004038,0.001270,0.000000,0.002418,0.000412,0.000017,0.000067,0.006650
1,2,9,"q9_case1",303,256,2304,589824,589824,1,77313,262144,2,1,589824,589239,0.000353,0.000000,0.000130,0.000035,0.000242,0.000369,0.000246,0.000867,0.001421,0.001577,0.000046,0.004057,0.001272,0.000000,0.002435,0.000408,0.000013,0.000081,0.006686
1,2,9,"q9_case1",304,256,2304,589824,589824,1,77569,262144,2,1,589824,589228,0.000380,0.000000,0.000202,0.000020,0.000250,0.000374,0.000283,0.000885,0.001521,0.001578,0.000061,0.004280,0.001282,0.000000,0.002643,0.000423,0.000050,0.000072,0.006951
1,2,9,"q9_case1",305,256,2304,589824,589824,1,77825,262144,2,1,589824,589223,0.000368,0.000000,0.000176,0.000019,0.000235,0.000371,0.000285,0.000924,0.001592,0.001578,0.000054,0.004262,0.001279,0.000000,0.002632,0.000419,0.000015,0.000070,0.006896
1,2,9,"q9_case1",306,256,2304,589824,589824,1,78081,262144,2,1,589824,589238,0.000357,0.000000,0.000195,0.000019,0.000239,0.000368,0.000214,0.000904,0.001420,0.001576,0.000064,0.004139,0.001284,0.000000,0.002501,0.000418,0.000019,0.000070,0.006767
1,2,9,"q9_case1",307,256,2304,589824,589824,1,78337,262144,2,1,589824,589268,0.000367,0.000000,0.000164,0.000052,0.000256,0.000370,0.000268,0.000906,0.001473,0.001540,0.000055,0.004176,0.001286,0.000000,0.002583,0.000427,0.000015,0.000081,0.006809
1,2,9,"q9_case1",308,256,2304,589824,589824,1,78593,262144,2,1,589824,589537,0.000356,0.000000,0.000157,0.000021,0.000254,0.000366,0.000199,0.000916,0.001394,0.001649,0.000056,0.004155,0.001287,0.000000,0.002452,0.000412,0.000019,0.000068,0.006827
1,2,9,"q9_case1",309,256,2304,589824,589824,1,78849,262144,2,1,589824,589326,0.000358,0.000000,0.000133,0.000024,0.000266,0.000366,0.000256,0.000874,0.001440,0.001485,0.000046,0.004028,0.001288,0.000000,0.002498,0.000417,0.000014,0.000073,0.006612
1,2,9,"q9_case1",310,256,2304,589824,589824,1,79105,262144,2,1,589824,589552,0.000359,0.000000,0.000188,0.000020,0.000238,0.000366,0.000215,0.000889,0.001372,0.001522,0.000043,0.004036,0.001299,0.000000,0.002473,0.000418,0.000018,0.000070,0.006670
1,2,9,"q9_case1",311,256,2304,589824,589824,1,79361,262144,2,1,589824,589420,0.000357,0.000000,0.000207,0.000021,0.000256,0.000371,0.000228,0.000876,0.001445,0.001641,0.000051,0.004211,0.001273,0.000000,0.002522,0.000417,0.000013,0.000072,0.006882
1,2,9,"q9_case1",312,256,2304,589824,589824,1,79617,262144,2,1,589824,589321,0.000376,0.000000,0.000157,0.000023,0.000268,0.000369,0.000306,0.000846,0.001456,0.001589,0.000047,0.004198,0.001283,0.000000,0.002564,0.000418,0.000021,0.000079,0.006836
1,2,9,"q9_case1",313,256,2304,589824,589824,1,79873,262144,2,1,589824,589543,0.000355,0.000000,0.000184,0.000020,0.000273,0.000368,0.000176,0.000882,0.001384,0.001625,0.000064,0.004152,0.001282,0.000000,0.002464,0.000426,0.000015,0.000069,0.006839
1,2,9,"q9_case1",314,256,2304,589824,589824,1,80129,262144,2,1,589824,589332,0.000357,0.000000,0.000171,0.000021,0.000239,0.000363,0.000295,0.000900,0.001479,0.001703,0.000091,0.004329,0.001299,0.000000,0.002537,0.000512,0.000029,0.000077,0.007311
1,2,9,"q9_case1",315,256,2304,589824,589824,1,80385,262144,2,1,589824,589329,0.000368,0.000000,0.000238,0.000026,0.000236,0.000371,0.000207,0.000866,0.001368,0.001641,0.000066,0.004244,0.001299,0.000000,0.002540,0.000417,0.000017,0.000073,0.006958
1,2,9,"q9_case1",316,256,2304,589824,589824,1,80641,262144,2,1,589824,589367,0.000369,0.000000,0.000224,0.000023,0.000234,0.000368,0.000194,0.000936,0.001405,0.001629,0.000066,0.004265,0.001311,0.000000,0.002573,0.000432,0.000022,0.000081,0.006993
1,2,9,"q9_case1",317,256,2304,589824,589824,1,80897,262144,2,1,589824,589405,0.000364,0.000000,0.000162,0.000022,0.000261,0.000361,0.000294,0.000930,0.001545,0.001631,0.000060,0.004296,0.001290,0.000000,0.002608,0.000430,0.000015,0.000073,0.006994
1,2,9,"q9_case1",318,256,2304,589824,589824,1,81153,262144,2,1,589824,589396,0.000364,0.000000,0.000162,0.000023,0.000240,0.000366,0.000185,0.000923,0.001387,0.001654,0.000072,0.004200,0.001296,0.000000,0.002476,0.000448,0.000021,0.000071,0.006910
1,2,9,"q9_case1",319,256,2304,589824,589824,1,81409,262144,2,1,589824,589367,0.000368,0.000000,0.000209,0.000024,0.000254,0.000366,0.000248,0.000894,0.001454,0.001589,0.000062,0.004211,0.001313,0.000000,0.002563,0.000426,0.000018,0.000073,0.006902
1,2,9,"q9_case1",320,256,2304,589824,589824,1,81665,262144,2,1,589824,589554,0.000363,0.000000,0.000194,0.000024,0.000292,0.000366,0.000260,0.000939,0.001488,0.001671,0.000083,0.004372,0.001309,0.000000,0.002621,0.000452,0.000036,0.000097,0.007168
1,2,9,"q9_case1",321,256,2304,589824,589824,1,81921,262144,2,1,589824,589336,0.000359,0.000000,0.000173,0.000023,0.000291,0.000367,0.000268,0.000862,0.001531,0.001535,0.000055,0.004213,0.001307,0.000000,0.002625,0.000417,0.000017,0.000070,0.006848
1,2,9,"q9_case1",322,256,2304,589824,589824,1,82177,262144,2,1,589824,589551,0.000362,0.000000,0.000159,0.000042,0.000244,0.000367,0.000289,0.000927,0.001515,0.001653,0.000063,0.004310,0.001301,0.000000,0.002596,0.000410,0.000020,0.000068,0.007004
1,2,9,"q9_case1",323,256,2304,589824,589824,1,82433,262144,2,1,589824,589335,0.000365,0.000000,0.000155,0.000039,0.000280,0.000365,0.000199,0.000859,0.001340,0.001550,0.000044,0.004030,0.001288,0.000000,0.002438,0.000421,0.000014,0.000071,0.006664
1,2,9,"q9_case1",324,256,2304,589824,589824,1,82689,262144,2,1,589824,589539,0.000362,0.000000,0.000177,0.000024,0.000250,0.000363,0.000174,0.000895,0.001377,0.001639,0.000051,0.004091,0.001288,0.000000,0.002402,0.000409,0.000017,0.000087,0.006769
1,2,9,"q9_case1",325,256,2304,589824,589824,1,82945,262144,2,1,589824,589330,0.000359,0.000000,0.000152,0.000024,0.000252,0.000366,0.000172,0.000878,0.001343,0.001667,0.000043,0.004090,0.001280,0.000000,0.002382,0.000422,0.000013,0.000072,0.006776
1,2,9,"q9_case1",326,256,2304,589824,589824,1,83201,262144,2,1,589824,589340,0.000370,0.000000,0.000163,0.000023,0.000251,0.000364,0.000279,0.000889,0.001467,0.001612,0.000064,0.004180,0.001292,0.000000,0.002505,0.000411,0.000021,0.000076,0.006853
1,2,9,"q9_case1",327,256,2304,589824,589824,1,83457,262144,2,1,589824,589383,0.000359,0.000000,0.000157,0.000021,0.000259,0.000364,0.000217,0.000884,0.001402,0.001618,0.000057,0.004096,0.001285,0.000000,0.002423,0.000439,0.000015,0.000071,0.006786
1,2,9,"q9_case1",328,256,2304,589824,589824,1,83713,262144,2,1,589824,589345,0.000360,0.000000,0.000193,0.000017,0.000255,0.000364,0.000186,0.000899,0.001404,0.001614,0.000059,0.004164,0.001289,0.000000,0.002493,0.000414,0.000019,0.000069,0.006820
1,2,9,"q9_case1",329,256,2304,589824,589824,1,83969,262144,2,1,589824,589322,0.000361,0.000000,0.000136,0.000023,0.000241,0.000364,0.000291,0.000882,0.001460,0.001611,0.000063,0.004150,0.001289,0.000000,0.002478,0.000423,0.000015,0.000080,0.006831
1,2,9,"q9_case1",330,256,2304,589824,589824,1,84225,262144,2,1,589824,589331,0.000360,0.000000,0.000159,0.000021,0.000269,0.000366,0.000264,0.000903,0.001472,0.001530,0.000075,0.004125,0.001290,0.000000,0.002522,0.000447,0.000026,0.000081,0.006759
1,2,9,"q9_case1",331,256,2304,589824,589824,1,84481,262144,2,1,589824,589557,0.000363,0.000000,0.000160,0.000054,0.000247,0.000366,0.000293,0.000863,0.001391,0.001629,0.000070,0.004261,0.001304,0.000000,0.002564,0.000424,0.000015,0.000074,0.006976
1,2,9,"q9_case1",332,256,2304,589824,589824,1,84737,262144,2,1,589824,589270,0.000363,0.000000,0.000159,0.000025,0.000293,0.000367,0.000201,0.000932,0.001473,0.001657,0.000065,0.004270,0.001306,0.000000,0.002550,0.000431,0.000022,0.000072,0.006984
1,2,9,"q9_case1",333,256,2304,589824,589824,1,84993,262144,2,1,589824,589292,0.000359,0.000000,0.000116,0.000041,0.000352,0.000360,0.000222,0.000873,0.001427,0.001636,0.000058,0.004180,0.001288,0.000000,0.002489,0.000436,0.000015,0.000098,0.006900
1,2,9,"q9_case1",334,256,2304,589824,589824,1,85249,262144,2,1,589824,589310,0.000362,0.000000,0.000172,0.000029,0.000242,0.000363,0.000199,0.000910,0.001414,0.001595,0.000053,0.004123,0.001292,0.000000,0.002477,0.000418,0.000019,0.000069,0.006791
1,2,9,"q9_case1",335,256,2304,589824,589824,1,85505,262144,2,1,589824,589310,0.000363,0.000000,0.000140,0.000025,0.000254,0.000365,0.000214,0.000923,0.001437,0.001588,0.000054,0.004101,0.001279,0.000000,0.002461,0.000414,0.000013,0.000067,0.006734
1,2,9,"q9_case1",336,256,2304,589824,589824,1,85761,262144,2,1,589824,589299,0.000359,0.000000,0.000135,0.000020,0.000233,0.000361,0.000296,0.000882,0.001456,0.001568,0.000053,0.004112,0.001284,0.000000,0.002492,0.000421,0.000018,0.000069,0.006749
1,2,9,"q9_case1",337,256,2304,589824,589824,1,86017,262144,2,1,589824,589256,0.000367,0.000000,0.000181,0.000021,0.000248,0.000366,0.000218,0.000875,0.001398,0.001616,0.000062,0.004190,0.001282,0.000000,0.002514,0.000421,0.000015,0.000080,0.006850
1,2,9,"q9_case1",338,256,2304,589824,589824,1,86273,262144,2,1,589824,589262,0.000358,0.000000,0.000126,0.000022,0.000248,0.000397,0.000238,0.000912,0.001484,0.001579,0.000060,0.004165,0.001301,0.000000,0.002527,0.000430,0.000020,0.000071,0.006846
1,2,9,"q9_case1",339,256,2304,589824,589824,1,86529,262144,2,1,589824,589239,0.000359,0.000000,0.000215,0.000023,0.000256,0.000364,0.000221,0.000904,0.001414,0.001573,0.000057,0.004161,0.001295,0.000000,0.002534,0.000428,0.000014,0.000068,0.006820
1,2,9,"q9_case1",340,256,2304,589824,589824,1,86785,262144,2,1,589824,589240,0.000356,0.000000,0.000168,0.000025,0.000251,0.000365,0.000255,0.000875,0.001436,0.001562,0.000055,0.004096,0.001289,0.000000,0.002481,0.000417,0.000019,0.000072,0.006739
1,2,9,"q9_case1",341,256,2304,589824,589824,1,87041,262144,2,1,589824,589236,0.000356,0.000000,0.000180,0.000020,0.000249,0.000366,0.000292,0.000895,0.001497,0.001569,0.000055,0.004182,0.001288,0.000000,0.002560,0.000436,0.000014,0.000071,0.006847
1,2,9,"q9_case1",342,256,2304,589824,589824,1,87297,262144,2,1,589824,589237,0.000358,0.000000,0.000168,0.000022,0.000251,0.000361,0.000254,0.000885,0.001419,0.001571,0.000053,0.004078,0.001293,0.000000,0.002457,0.000414,0.000018,0.000069,0.006704
1,2,9,"q9_case1",343,256,2304,589824,589824,1,87553,262144,2,1,589824,589237,0.000356,0.000000,0.000161,0.000021,0.000252,0.000366,0.000185,0.000919,0.001396,0.001541,0.000045,0.004049,0.001285,0.000000,0.002464,0.000407,0.000013,0.000071,0.006670
1,2,9,"q9_case1",344,256,2304,589824,589824,1,87809,262144,2,1,589824,589247,0.000354,0.000000,0.000150,0.000018,0.000248,0.000365,0.000250,0.000888,0.001462,0.001518,0.000059,0.004069,0.001276,0.000000,0.002495,0.000408,0.000020,0.000084,0.006653
1,2,9,"q9_case1",345,256,2304,589824,589824,1,88065,262144,2,1,589824,589524,0.000373,0.000000,0.000191,0.000040,0.000234,0.000360,0.000250,0.000911,0.001432,0.001653,0.000070,0.004246,0.001287,0.000000,0.002525,0.000421,0.000015,0.000075,0.006937
1,2,9,"q9_case1",346,256,2304,589824,589824,1,88321,262144,2,1,589824,589332,0.000363,0.000000,0.000192,0.000026,0.000263,0.000360,0.000263,0.000845,0.001413,0.001521,0.000051,0.004103,0.001294,0.000000,0.002533,0.000426,0.000020,0.000071,0.006728
1,2,9,"q9_case1",347,256,2304,589824,589824,1,88577,262144,2,1,589824,589547,0.000363,0.000000,0.000191,0.000022,0.000264,0.000359,0.000198,0.000892,0.001387,0.001620,0.000062,0.004176,0.001290,0.000000,0.002496,0.000429,0.000015,0.000071,0.006875
1,2,9,"q9_case1",348,256,2304,589824,589824,1,88833,262144,2,1,589824,589339,0.000358,0.000000,0.000131,0.000024,0.000236,0.000360,0.000180,0.000890,0.001351,0.001631,0.000070,0.004067,0.001280,0.000000,0.002368,0.000417,0.000023,0.000086,0.006863
1,2,9,"q9_case1",349,256,2304,589824,589824,1,89089,262144,2,1,589824,589332,0.000379,0.000000,0.000181,0.000023,0.000239,0.000360,0.000219,0.000855,0.001383,0.001613,0.000074,0.004190,0.001294,0.000000,0.002504,0.000426,0.000017,0.000076,0.006894
1,2,9,"q9_case1",350,256,2304,589824,589824,1,89345,262144,2,1,589824,589361,0.000361,0.000000,0.000210,0.000023,0.000241,0.000362,0.000249,0.000856,0.001439,0.001589,0.000055,0.004162,0.001291,0.000000,0.002521,0.000457,0.000018,0.000072,0.006849
1,2,9,"q9_case1",351,256,2304,589824,589824,1,89601,262144,2,1,589824,589291,0.000363,0.000000,0.000155,0.000021,0.000268,0.000363,0.000167,0.000932,0.001410,0.001586,0.000054,0.004101,0.001275,0.000000,0.002463,0.000431,0.000014,0.000069,0.006757
1,2,9,"q9_case1",352,256,2304,589824,589824,1,89857,262144,2,1,589824,589260,0.000357,0.000000,0.000182,0.000019,0.000261,0.000357,0.000258,0.000868,0.001396,0.001492,0.000040,0.004040,0.001288,0.000000,0.002509,0.000408,0.000018,0.000079,0.006613
1,2,9,"q9_case1",353,256,2304,589824,589824,1,90113,262144,2,1,589824,589548,0.000356,0.000000,0.000184,0.000020,0.000244,0.000360,0.000235,0.000874,0.001426,0.001573,0.000042,0.004162,0.001278,0.000000,0.002548,0.000424,0.000013,0.000072,0.006803
1,2,9,"q9_case1",354,256,2304,589824,589824,1,90369,262144,2,1,589824,589312,0.000359,0.000000,0.000142,0.000020,0.000250,0.000356,0.000256,0.000874,0.001412,0.001637,0.000061,0.004114,0.001275,0.000000,0.002417,0.000436,0.000018,0.000076,0.006793
1,2,9,"q9_case1",355,256,2304,589824,589824,1,90625,262144,2,1,589824,589298,0.000354,0.000000,0.000177,0.000027,0.000247,0.000357,0.000270,0.000867,0.001413,0.001567,0.000053,0.004112,0.001277,0.000000,0.002494,0.000416,0.000015,0.000074,0.006795
1,2,9,"q9_case1",356,256,2304,589824,589824,1,90881,262144,2,1,589824,589536,0.000357,0.000000,0.000139,0.000026,0.000248,0.000363,0.000188,0.000917,0.001394,0.001635,0.000063,0.004137,0.001290,0.000000,0.002440,0.000410,0.000018,0.000083,0.006812
1,2,9,"q9_case1",357,256,2304,589824,589824,1,91137,262144,2,1,589824,589326,0.000356,0.000000,0.000182,0.000018,0.000264,0.000358,0.000254,0.000862,0.001418,0.001577,0.000063,0.004092,0.001279,0.000000,0.002455,0.000463,0.000016,0.000080,0.006821
1,2,9,"q9_case1",358,256,2304,589824,589824,1,91393,262144,2,1,589824,589554,0.000358,0.000000,0.000177,0.000026,0.000273,0.000362,0.000212,0.000911,0.001412,0.001655,0.000077,0.004258,0.001313,0.000000,0.002528,0.000428,0.000023,0.000076,0.006992
1,2,9,"q9_case1",359,256,2304,589824,589824,1,91649,262144,2,1,589824,589327,0.000362,0.000000,0.000172,0.000038,0.000237,0.000359,0.000190,0.000895,0.001377,0.001564,0.000051,0.004100,0.001289,0.000000,0.002486,0.000412,0.000015,0.000077,0.006805
1,2,9,"q9_case1",360,256,2304,589824,589824,1,91905,262144,2,1,589824,589534,0.000357,0.000000,0.000172,0.000022,0.000254,0.000357,0.000244,0.000929,0.001509,0.001637,0.000079,0.004283,0.001289,0.000000,0.002570,0.000417,0.000021,0.000080,0.006981
1,2,9,"q9_case1",361,256,2304,589824,589824,1,92161,262144,2,1,589824,589325,0.000366,0.000000,0.000273,0.000044,0.000262,0.000364,0.000414,0.000896,0.001639,0.001624,0.000076,0.004492,0.001285,0.000000,0.002794,0.000408,0.000018,0.000077,0.007218
1,2,9,"q9_case1",362,256,2304,589824,589824,1,92417,262144,2,1,589824,589302,0.000362,0.000000,0.000282,0.000019,0.000269,0.000360,0.000304,0.000920,0.001511,0.001573,0.000050,0.004376,0.001288,0.000000,0.002754,0.000417,0.000019,0.000091,0.007040
1,2,9,"q9_case1",363,256,2304,589824,589824,1,92673,262144,2,1,589824,589536,0.000357,0.000000,0.000128,0.000022,0.000246,0.000358,0.000240,0.000899,0.001432,0.001643,0.000071,0.004181,0.001273,0.000000,0.002469,0.000427,0.000016,0.000075,0.006897
1,2,9,"q9_case1",364,256,2304,589824,589824,1,92929,262144,2,1,589824,589325,0.000355,0.000000,0.000232,0.000054,0.000239,0.000360,0.000176,0.000883,0.001371,0.001621,0.000058,0.004176,0.001290,0.000000,0.002499,0.000415,0.000020,0.000073,0.006860
1,2,9,"q9_case1",365,256,2304,589824,589824,1,93185,262144,2,1,589824,589288,0.000359,0.000000,0.000127,0.000036,0.000236,0.000362,0.000222,0.000892,0.001457,0.001638,0.000052,0.004178,0.001274,0.000000,0.002490,0.000423,0.000015,0.000072,0.006882
1,2,9,"q9_case1",366,256,2304,589824,589824,1,93441,262144,2,1,589824,589428,0.000359,0.000000,0.000208,0.000021,0.000256,0.000353,0.000207,0.000896,0.001448,0.001609,0.000054,0.004172,0.001282,0.000000,0.002510,0.000424,0.000017,0.000092,0.006859
1,2,9,"q9_case1",367,256,2304,589824,589824,1,93697,262144,2,1,589824,589361,0.000353,0.000000,0.000170,0.000026,0.000252,0.000358,0.000254,0.000878,0.001398,0.001551,0.000044,0.004038,0.001273,0.000000,0.002444,0.000415,0.000014,0.000074,0.006669
1,2,9,"q9_case1",368,256,2304,589824,589824,1,93953,262144,2,1,589824,589538,0.000353,0.000000,0.000186,0.000020,0.000243,0.000354,0.000222,0.000856,0.001396,0.001611,0.000048,0.004090,0.001275,0.000000,0.002433,0.000407,0.000017,0.000073,0.006742
1,2,9,"q9_case1",369,256,2304,589824,589824,1,94209,262144,2,1,589824,589323,0.000355,0.000000,0.000155,0.000020,0.000246,0.000356,0.000235,0.000869,0.001405,0.001605,0.000049,0.004113,0.001288,0.000000,0.002461,0.000412,0.000013,0.000071,0.006783
1,2,9,"q9_case1",370,256,2304,589824,589824,1,94465,262144,2,1,589824,589308,0.000356,0.000000,0.000178,0.000023,0.000254,0.000356,0.000213,0.000884,0.001419,0.001550,0.000043,0.004028,0.001276,0.000000,0.002436,0.000411,0.000017,0.000074,0.006656
1,2,9,"q9_case1",371,256,2304,589824,589824,1,94721,262144,2,1,589824,589532,0.000353,0.000000,0.000195,0.000033,0.000256,0.000361,0.000223,0.000877,0.001397,0.001637,0.000054,0.004158,0.001275,0.000000,0.002469,0.000422,0.000014,0.000077,0.006827
1,2,9,"q9_case1",372,256,2304,589824,589824,1,94977,262144,2,1,589824,589320,0.000354,0.000000,0.000149,0.000023,0.000236,0.000356,0.000211,0.000853,0.001340,0.001649,0.000058,0.004086,0.001280,0.000000,0.002380,0.000439,0.000018,0.000074,0.006795
1,2,9,"q9_case1",373,256,2304,589824,589824,1,95233,262144,2,1,589824,589377,0.000368,0.000000,0.000156,0.000024,0.000233,0.000360,0.000228,0.000898,0.001387,0.001611,0.000057,0.004128,0.001298,0.000000,0.002462,0.000431,0.000015,0.000071,0.006836
1,2,9,"q9_case1",374,256,2304,589824,589824,1,95489,262144,2,1,589824,589394,0.000353,0.000000,0.000206,0.000024,0.000278,0.000362,0.000186,0.000866,0.001363,0.001593,0.000058,0.004218,0.001278,0.000000,0.002569,0.000416,0.000018,0.000079,0.006862
1,2,9,"q9_case1",375,256,2304,589824,589824,1,95745,262144,2,1,589824,589397,0.000355,0.000000,0.000195,0.000022,0.000247,0.000356,0.000255,0.000857,0.001402,0.001590,0.000051,0.004093,0.001277,0.000000,0.002454,0.000415,0.000013,0.000070,0.006729
1,2,9,"q9_case1",376,256,2304,589824,589824,1,96001,262144,2,1,589824,589382,0.000354,0.000000,0.000174,0.000021,0.000241,0.000358,0.000294,0.000902,0.001514,0.001593,0.000055,0.004160,0.001276,0.000000,0.002514,0.000407,0.000018,0.000071,0.006778
1,2,9,"q9_case1",377,256,2304,589824,589824,1,96257,262144,2,1,589824,589338,0.000352,0.000000,0.000165,0.000020,0.000256,0.000360,0.000275,0.000884,0.001422,0.001593,0.000054,0.004157,0.001280,0.000000,0.002511,0.000420,0.000013,0.000075,0.006790
1,2,9,"q9_case1",378,256,2304,589824,589824,1,96513,262144,2,1,589824,589328,0.000353,0.000000,0.000128,0.000026,0.000235,0.000356,0.000197,0.000906,0.001364,0.001599,0.000059,0.004054,0.001270,0.000000,0.002397,0.000424,0.000018,0.000071,0.006685
1,2,9,"q9_case1",379,256,2304,589824,589824,1,96769,262144,2,1,589824,589343,0.000355,0.000000,0.000130,0.000022,0.000298,0.000354,0.000289,0.000862,0.001416,0.001569,0.000070,0.004108,0.001291,0.000000,0.002471,0.000412,0.000015,0.000096,0.006759
1,2,9,"q9_case1",380,256,2304,589824,589824,1,97025,262144,2,1,589824,589544,0.000355,0.000000,0.000213,0.000026,0.000271,0.000352,0.000255,0.000881,0.001443,0.001608,0.000062,0.004217,0.001293,0.000000,0.002548,0.000418,0.000019,0.000075,0.006868
1,2,9,"q9_case1",381,256,2304,589824,589824,1,97281,262144,2,1,589824,589316,0.000353,0.000000,0.000183,0.000020,0.000272,0.000352,0.000210,0.000878,0.001373,0.001622,0.000053,0.004124,0.001272,0.000000,0.002450,0.000415,0.000013,0.000075,0.006783
1,2,9,"q9_case1",382,256,2304,589824,589824,1,97537,262144,2,1,589824,589316,0.000353,0.000000,0.000139,0.000024,0.000267,0.000358,0.000247,0.000867,0.001427,0.001562,0.000049,0.004036,0.001277,0.000000,0.002426,0.000417,0.000017,0.000081,0.006710
1,2,9,"q9_case1",383,256,2304,589824,589824,1,97793,262144,2,1,589824,589525,0.000354,0.000000,0.000160,0.000024,0.000251,0.000352,0.000211,0.000870,0.001377,0.001636,0.000062,0.004136,0.001285,0.000000,0.002440,0.000418,0.000016,0.000098,0.006839
1,2,9,"q9_case1",384,256,2304,589824,589824,1,98049,262144,2,1,589824,589323,0.000363,0.000000,0.000134,0.000040,0.000258,0.000356,0.000260,0.000864,0.001408,0.001654,0.000048,0.004174,0.001278,0.000000,0.002473,0.000412,0.000018,0.000073,0.006847
1,2,9,"q9_case1",385,256,2304,589824,589824,1,98305,262144,2,1,589824,589314,0.000357,0.000000,0.000131,0.000022,0.000249,0.000350,0.000198,0.000896,0.001378,0.001595,0.000059,0.004032,0.001270,0.000000,0.002379,0.000407,0.000013,0.000074,0.006673
1,2,9,"q9_case1",386,256,2304,589824,589824,1,98561,262144,2,1,589824,589311,0.000354,0.000000,0.000149,0.000020,0.000254,0.000356,0.000255,0.000905,0.001451,0.001497,0.000046,0.004031,0.001277,0.000000,0.002489,0.000408,0.000018,0.000089,0.006627
1,2,9,"q9_case1",387,256,2304,589824,589824,1,98817,262144,2,1,589824,589539,0.000356,0.000000,0.000172,0.000024,0.000266,0.000354,0.000240,0.000914,0.001513,0.001630,0.000064,0.004241,0.001296,0.000000,0.002548,0.000416,0.000014,0.000084,0.006944
1,2,9,"q9_case1",388,256,2304,589824,589824,1,99073,262144,2,1,589824,589322,0.000373,0.000000,0.000156,0.000023,0.000280,0.000354,0.000255,0.000913,0.001475,0.001641,0.000056,0.004203,0.001279,0.000000,0.002509,0.000444,0.000019,0.000072,0.006923
1,2,9,"q9_case1",389,256,2304,589824,589824,1,99329,262144,2,1,589824,589339,0.000367,0.000000,0.000185,0.000021,0.000264,0.000357,0.000242,0.000894,0.001495,0.001629,0.000070,0.004263,0.001282,0.000000,0.002566,0.000417,0.000014,0.000087,0.006931
1,2,9,"q9_case1",390,256,2304,589824,589824,1,99585,262144,2,1,589824,589378,0.000355,0.000000,0.000235,0.000025,0.000299,0.000357,0.000360,0.000901,0.001628,0.001606,0.000066,0.004409,0.001291,0.000000,0.002743,0.000417,0.000020,0.000082,0.007079
1,2,9,"q9_case1",391,256,2304,589824,589824,1,99841,262144,2,1,589824,589364,0.000353,0.000000,0.000133,0.000023,0.000244,0.000355,0.000208,0.000893,0.001386,0.001592,0.000067,0.004049,0.001271,0.000000,0.002392,0.000419,0.000014,0.000074,0.006679
1,2,9,"q9_case1",392,256,2304,589824,589824,1,100097,262144,2,1,589824,589356,0.000356,0.000000,0.000169,0.000026,0.000238,0.000354,0.000231,0.000886,0.001406,0.001585,0.000067,0.004131,0.001282,0.000000,0.002482,0.000423,0.000019,0.000076,0.006782
1,2,9,"q9_case1",393,256,2304,589824,589824,1,100353,262144,2,1,589824,589335,0.000363,0.000000,0.000200,0.000020,0.000240,0.000356,0.000249,0.000883,0.001407,0.001595,0.000060,0.004195,0.001283,0.000000,0.002542,0.000419,0.000014,0.000077,0.006848
1,2,9,"q9_case1",394,256,2304,589824,589824,1,100609,262144,2,1,589824,589375,0.000362,0.000000,0.000151,0.000023,0.000245,0.000359,0.000298,0.000933,0.001495,0.001618,0.000068,0.004242,0.001288,0.000000,0.002557,0.000429,0.000026,0.000106,0.006950
1,2,9,"q9_case1",395,256,2304,589824,589824,1,100865,262144,2,1,589824,589368,0.000366,0.000000,0.000234,0.000034,0.000239,0.000359,0.000290,0.000873,0.001496,0.001608,0.000086,0.004311,0.001295,0.000000,0.002619,0.000423,0.000017,0.000080,0.006985
1,2,9,"q9_case1",396,256,2304,589824,589824,1,101121,262144,2,1,589824,589414,0.000367,0.000000,0.000184,0.000040,0.000238,0.000359,0.000218,0.000903,0.001396,0.001609,0.000074,0.004204,0.001334,0.000000,0.002524,0.000432,0.000024,0.000084,0.006922
1,2,9,"q9_case1",397,256,2304,589824,589824,1,101377,262144,2,1,589824,589395,0.000356,0.000000,0.000184,0.000025,0.000236,0.000361,0.000267,0.000922,0.001473,0.001585,0.000058,0.004178,0.001281,0.000000,0.002537,0.000427,0.000015,0.000078,0.006823
1,2,9,"q9_case1",398,256,2304,589824,589824,1,101633,262144,2,1,589824,589341,0.000359,0.000000,0.000128,0.000043,0.000242,0.000357,0.000238,0.000876,0.001388,0.001578,0.000053,0.004034,0.001291,0.000000,0.002405,0.000429,0.000018,0.000088,0.006687
1,2,9,"q9_case1",399,256,2304,589824,589824,1,101889,262144,2,1,589824,589312,0.000353,0.000000,0.000127,0.000022,0.000261,0.000362,0.000260,0.000865,0.001446,0.001481,0.000042,0.003977,0.001274,0.000000,0.002455,0.000426,0.000013,0.000073,0.006547
1,2,9,"q9_case1",400,256,2304,589824,589824,1,102145,262144,2,1,589824,589558,0.000364,0.000000,0.000156,0.000020,0.000239,0.000356,0.000295,0.000883,0.001501,0.001623,0.000076,0.004216,0.001280,0.000000,0.002519,0.000424,0.000020,0.000074,0.006873
1,2,9,"q9_case1",401,256,2304,589824,589824,1,102401,262144,2,1,589824,589333,0.000371,0.000000,0.000185,0.000025,0.000239,0.000362,0.000214,0.000916,0.001390,0.001629,0.000072,0.004205,0.001288,0.000000,0.002506,0.000425,0.000017,0.000078,0.006893
1,2,9,"q9_case1",402,256,2304,589824,589824,1,102657,262144,2,1,589824,589313,0.000366,0.000000,0.000158,0.000038,0.000277,0.000363,0.000163,0.000864,0.001313,0.001638,0.000072,0.004140,0.001297,0.000000,0.002433,0.000430,0.000028,0.000107,0.006868
1,2,9,"q9_case1",403,256,2304,589824,589824,1,102913,262144,2,1,589824,589344,0.000358,0.000000,0.000159,0.000090,0.000239,0.000357,0.000222,0.000909,0.001397,0.001611,0.000076,0.004203,0.001299,0.000000,0.002518,0.000454,0.000020,0.000081,0.006952
1,2,9,"q9_case1",404,256,2304,589824,589824,1,103169,262144,2,1,589824,589373,0.000363,0.000000,0.000124,0.000031,0.000236,0.000360,0.000302,0.000857,0.001450,0.001566,0.000059,0.004137,0.001301,0.000000,0.002514,0.000415,0.000022,0.000086,0.006774
1,2,9,"q9_case1",405,256,2304,589824,589824,1,103425,262144,2,1,589824,589558,0.000380,0.000000,0.000162,0.000038,0.000246,0.000357,0.000256,0.000893,0.001419,0.001651,0.000067,0.004286,0.001305,0.000000,0.002570,0.000422,0.000015,0.000081,0.007005
1,2,9,"q9_case1",406,256,2304,589824,589824,1,103681,262144,2,1,589824,589334,0.000380,0.000000,0.000159,0.000023,0.000240,0.000361,0.000219,0.000910,0.001442,0.001658,0.000082,0.004252,0.001301,0.000000,0.002513,0.000430,0.000023,0.000084,0.006995
1,2,9,"q9_case1",407,256,2304,589824,589824,1,103937,262144,2,1,589824,589306,0.000360,0.000000,0.000160,0.000024,0.000255,0.000359,0.000261,0.000906,0.001468,0.001613,0.000075,0.004237,0.001304,0.000000,0.002552,0.000447,0.000018,0.000094,0.006967
1,2,9,"q9_case1",408,256,2304,589824,589824,1,104193,262144,2,1,589824,589511,0.000368,0.000000,0.000220,0.000027,0.000425,0.000364,0.000255,0.000897,0.001653,0.001656,0.000075,0.004559,0.001327,0.000000,0.002831,0.000424,0.000024,0.000084,0.007300
1,2,9,"q9_case1",409,256,2304,589824,589824,1,104449,262144,2,1,589824,589329,0.000363,0.000000,0.000152,0.000025,0.000248,0.000368,0.000274,0.000883,0.001434,0.001651,0.000070,0.004199,0.001315,0.000000,0.002480,0.000428,0.000018,0.000095,0.006950
1,2,9,"q9_case1",410,256,2304,589824,589824,1,104705,262144,2,1,589824,589500,0.000366,0.000000,0.000167,0.000026,0.000239,0.000357,0.000251,0.000870,0.001416,0.001658,0.000069,0.004244,0.001329,0.000000,0.002519,0.000427,0.000023,0.000082,0.006985
1,2,9,"q9_case1",411,256,2304,589824,589824,1,104961,262144,2,1,589824,589328,0.000387,0.000000,0.000141,0.000023,0.000239,0.000362,0.000253,0.000931,0.001468,0.001673,0.000057,0.004257,0.001316,0.000000,0.002530,0.000429,0.000015,0.000081,0.007043
1,2,9,"q9_case1",412,256,2304,589824,589824,1,105217,262144,2,1,589824,589288,0.000369,0.000000,0.000200,0.000021,0.000248,0.000359,0.000203,0.000882,0.001362,0.001611,0.000053,0.004166,0.001308,0.000000,0.002503,0.000413,0.000019,0.000097,0.006859
1,2,9,"q9_case1",413,256,2304,589824,589824,1,105473,262144,2,1,589824,589546,0.000367,0.000000,0.000215,0.000023,0.000240,0.000359,0.000235,0.000925,0.001469,0.001662,0.000071,0.004278,0.001320,0.000000,0.002547,0.000427,0.000016,0.000077,0.007036
1,2,9,"q9_case1",414,256,2304,589824,589824,1,105729,262144,2,1,589824,589327,0.000367,0.000000,0.000127,0.000025,0.000258,0.000358,0.000170,0.000937,0.001403,0.001676,0.000066,0.004205,0.001316,0.000000,0.002466,0.000422,0.000020,0.000076,0.006966
1,2,9,"q9_case1",415,256,2304,589824,589824,1,105985,262144,2,1,589824,589318,0.000367,0.000000,0.000128,0.000050,0.000242,0.000351,0.000235,0.000912,0.001428,0.001629,0.000055,0.004179,0.001312,0.000000,0.002497,0.000435,0.000015,0.000085,0.006906
1,2,9,"q9_case1",416,256,2304,589824,589824,1,106241,262144,2,1,589824,589503,0.000364,0.000000,0.000213,0.000027,0.000253,0.000365,0.000275,0.000923,0.001515,0.001663,0.000070,0.004353,0.001323,0.000000,0.002623,0.000417,0.000020,0.000088,0.007081
1,2,9,"q9_case1",417,256,2304,589824,589824,1,106497,262144,2,1,589824,589320,0.000381,0.000000,0.000126,0.000024,0.000245,0.000357,0.000252,0.000892,0.001430,0.001636,0.000079,0.004200,0.001294,0.000000,0.002487,0.000477,0.000022,0.000086,0.006975
1,2,9,"q9_case1",418,256,2304,589824,589824,1,106753,262144,2,1,589824,589482,0.000377,0.000000,0.000182,0.000055,0.000239,0.000359,0.000222,0.000894,0.001388,0.001647,0.000075,0.004280,0.001307,0.000000,0.002562,0.000438,0.000024,0.000085,0.007012
1,2,9,"q9_case1",419,256,2304,589824,589824,1,107009,262144,2,1,589824,589321,0.000370,0.000000,0.000157,0.000023,0.000237,0.000356,0.000229,0.000919,0.001399,0.001687,0.000077,0.004274,0.001309,0.000000,0.002514,0.000445,0.000019,0.000084,0.007130
1,2,9,"q9_case1",420,256,2304,589824,589824,1,107265,262144,2,1,589824,589275,0.000390,0.000000,0.000187,0.000029,0.000235,0.000362,0.000206,0.000947,0.001425,0.001670,0.000080,0.004316,0.001319,0.000000,0.002569,0.000445,0.000026,0.000080,0.007102
1,2,9,"q9_case1",421,256,2304,589824,589824,1,107521,262144,2,1,589824,589328,0.000368,0.000000,0.000155,0.000028,0.000268,0.000363,0.000242,0.000895,0.001413,0.001662,0.000086,0.004308,0.001326,0.000000,0.002567,0.000571,0.000021,0.000089,0.007295
1,2,9,"q9_case1",422,256,2304,589824,589824,1,107777,262144,2,1,589824,589333,0.000400,0.000000,0.000222,0.000024,0.000261,0.000357,0.000254,0.000940,0.001463,0.001689,0.000086,0.004428,0.001334,0.000000,0.002656,0.000451,0.000027,0.000095,0.007254
1,2,9,"q9_case1",423,256,2304,589824,589824,1,108033,262144,2,1,589824,589375,0.000369,0.000000,0.000185,0.000049,0.000250,0.000360,0.000267,0.000891,0.001424,0.001539,0.000062,0.004158,0.001331,0.000000,0.002560,0.000430,0.000017,0.000088,0.006872
1,2,9,"q9_case1",424,256,2304,589824,589824,1,108289,262144,2,1,589824,589551,0.000368,0.000000,0.000118,0.000027,0.000249,0.000356,0.000235,0.000920,0.001412,0.001682,0.000075,0.004220,0.001326,0.000000,0.002465,0.000424,0.000026,0.000083,0.006974
1,2,9,"q9_case1",425,256,2304,589824,589824,1,108545,262144,2,1,589824,589169,0.000372,0.000000,0.000186,0.000027,0.000235,0.000359,0.000211,0.000900,0.001456,0.001718,0.000075,0.004405,0.001312,0.000000,0.002615,0.000432,0.000022,0.000089,0.007358
1,2,9,"q9_case1",426,256,2304,589824,589824,1,108801,262144,2,1,589824,589300,0.000378,0.000000,0.000263,0.000025,0.000241,0.000359,0.000203,0.000865,0.001346,0.001637,0.000074,0.004261,0.001315,0.000000,0.002553,0.000414,0.000026,0.000087,0.006975
1,2,9,"q9_case1",427,256,2304,589824,589824,1,109057,262144,2,1,589824,589504,0.000369,0.000000,0.000181,0.000026,0.000446,0.000358,0.000254,0.000888,0.001640,0.001676,0.000083,0.004518,0.001331,0.000000,0.002762,0.000426,0.000021,0.000090,0.007273
1,2,9,"q9_case1",428,256,2304,589824,589824,1,109313,262144,2,1,589824,589323,0.000371,0.000000,0.000147,0.000039,0.000235,0.000356,0.000180,0.000903,0.001357,0.001631,0.000068,0.004133,0.001336,0.000000,0.002437,0.000425,0.000025,0.000094,0.006890
1,2,9,"q9_case1",429,256,2304,589824,589824,1,109569,262144,2,1,589824,589486,0.000368,0.000000,0.000156,0.000029,0.000241,0.000354,0.000240,0.000896,0.001394,0.001651,0.000099,0.004242,0.001320,0.000000,0.002495,0.000447,0.000023,0.000120,0.007034
1,2,9,"q9_case1",430,256,2304,589824,589824,1,109825,262144,2,1,589824,589323,0.000367,0.000000,0.000141,0.000035,0.000275,0.000354,0.000203,0.000913,0.001412,0.001656,0.000073,0.004211,0.001317,0.000000,0.002484,0.000434,0.000025,0.000087,0.006999
1,2,9,"q9_case1",431,256,2304,589824,589824,1,110081,262144,2,1,589824,589326,0.000367,0.000000,0.000257,0.000025,0.000261,0.000358,0.000216,0.000936,0.001424,0.001688,0.000081,0.004370,0.001316,0.000000,0.002604,0.000455,0.000020,0.000085,0.007183
1,2,9,"q9_case1",432,256,2304,589824,589824,1,110337,262144,2,1,589824,589296,0.000366,0.000000,0.000198,0.000025,0.000242,0.000359,0.000304,0.000935,0.001706,0.001683,0.000088,0.004666,0.001329,0.000000,0.002897,0.000420,0.000028,0.000090,0.007431
1,2,9,"q9_case1",433,256,2304,589824,589824,1,110593,262144,2,1,589824,589379,0.000367,0.000000,0.000306,0.000041,0.000269,0.000358,0.000316,0.000950,0.001631,0.001648,0.000076,0.004595,0.001331,0.000000,0.002874,0.000423,0.000020,0.000108,0.007390
1,2,9,"q9_case1",434,256,2304,589824,589824,1,110849,262144,2,1,589824,589377,0.000364,0.000000,0.000262,0.000021,0.000237,0.000358,0.000261,0.000898,0.001431,0.001609,0.000057,0.004283,0.001312,0.000000,0.002619,0.000451,0.000023,0.000082,0.006975
1,2,9,"q9_case1",435,256,2304,589824,589824,1,111105,262144,2,1,589824,589554,0.000366,0.000000,0.000278,0.000023,0.000278,0.000350,0.000195,0.000900,0.001401,0.001665,0.000059,0.004330,0.001309,0.000000,0.002608,0.000449,0.000016,0.000092,0.007108
1,2,9,"q9_case1",436,256,2304,589824,589824,1,111361,262144,2,1,589824,589339,0.000359,0.000000,0.000325,0.000024,0.000253,0.000356,0.000225,0.000884,0.001575,0.001620,0.000059,0.004410,0.001296,0.000000,0.002733,0.000419,0.000022,0.000095,0.007117
1,2,9,"q9_case1",437,256,2304,589824,589824,1,111617,262144,2,1,589824,589469,0.000366,0.000000,0.000131,0.000028,0.000388,0.000355,0.000270,0.000910,0.001615,0.001650,0.000072,0.004351,0.001295,0.000000,0.002631,0.000426,0.000017,0.000082,0.007044
1,2,9,"q9_case1",438,256,2304,589824,589824,1,111873,262144,2,1,589824,589319,0.000366,0.000000,0.000230,0.000024,0.000269,0.000352,0.000235,0.000928,0.001428,0.001682,0.000078,0.004330,0.001305,0.000000,0.002573,0.000458,0.000024,0.000083,0.007117
1,2,9,"q9_case1",439,256,2304,589824,589824,1,112129,262144,2,1,589824,589238,0.000377,0.000000,0.000195,0.000035,0.000252,0.000378,0.000263,0.000886,0.001478,0.001678,0.000080,0.004359,0.001326,0.000000,0.002604,0.000455,0.000022,0.000087,0.007159
1,2,9,"q9_case1",440,256,2304,589824,589824,1,112385,262144,2,1,589824,589299,0.000364,0.000000,0.000252,0.000027,0.000304,0.000356,0.000207,0.000918,0.001446,0.002011,0.000092,0.004735,0.001311,0.000000,0.002635,0.000522,0.000038,0.000093,0.007619
1,2,9,"q9_case1",441,256,2304,589824,589824,1,112641,262144,2,1,589824,589369,0.000366,0.000000,0.000235,0.000049,0.000246,0.000360,0.000200,0.000906,0.001392,0.001661,0.000076,0.004301,0.001317,0.000000,0.002567,0.000414,0.000018,0.000088,0.007038
1,2,9,"q9_case1",442,256,2304,589824,589824,1,112897,262144,2,1,589824,589317,0.000370,0.000000,0.000270,0.000023,0.000516,0.000355,0.000262,0.000876,0.001688,0.001641,0.000071,0.004547,0.001316,0.000000,0.002838,0.000422,0.000023,0.000087,0.007261
1,2,9,"q9_case1",443,256,2304,589824,589824,1,113153,262144,2,1,589824,589274,0.000362,0.000000,0.000199,0.000025,0.000265,0.000357,0.000260,0.000916,0.001470,0.001648,0.000071,0.004258,0.001306,0.000000,0.002541,0.000425,0.000017,0.000088,0.006961
1,2,9,"q9_case1",444,256,2304,589824,589824,1,113409,262144,2,1,589824,589288,0.000359,0.000000,0.000270,0.000026,0.000258,0.000356,0.000276,0.000916,0.001477,0.001586,0.000073,0.004326,0.001315,0.000000,0.002671,0.000441,0.000026,0.000098,0.007039
1,2,9,"q9_case1",445,256,2304,589824,589824,1,113665,262144,2,1,589824,589474,0.000361,0.000000,0.000275,0.000025,0.000278,0.000351,0.000245,0.000874,0.001409,0.001593,0.000068,0.004250,0.001308,0.000000,0.002592,0.000443,0.000017,0.000083,0.006977
1,2,9,"q9_case1",446,256,2304,589824,589824,1,113921,262144,2,1,589824,589321,0.000360,0.000000,0.000172,0.000027,0.000243,0.000357,0.000272,0.000928,0.001484,0.001682,0.000066,0.004292,0.001296,0.000000,0.002546,0.000416,0.000020,0.000082,0.007004
1,2,9,"q9_case1",447,256,2304,589824,589824,1,114177,262144,2,1,589824,589250,0.000359,0.000000,0.000163,0.000026,0.000266,0.000355,0.000239,0.000917,0.001461,0.001633,0.000062,0.004237,0.001300,0.000000,0.002544,0.000418,0.000016,0.000091,0.006958
1,2,9,"q9_case1",448,256,2304,589824,589824,1,114433,262144,2,1,589824,589313,0.000363,0.000000,0.000176,0.000037,0.000317,0.000355,0.000251,0.000875,0.001488,0.001613,0.000061,0.004262,0.001299,0.000000,0.002591,0.000424,0.000019,0.000079,0.006945
1,2,9,"q9_case1",449,256,2304,589824,589824,1,114689,262144,2,1,589824,589290,0.000355,0.000000,0.000195,0.000032,0.000283,0.000352,0.000213,0.000885,0.001401,0.001596,0.000066,0.004134,0.001286,0.000000,0.002474,0.000433,0.000014,0.000083,0.006832
1,2,9,"q9_case1",450,256,2304,589824,589824,1,114945,262144,2,1,589824,589259,0.000360,0.000000,0.000174,0.000033,0.000285,0.000353,0.000289,0.000886,0.001467,0.001601,0.000057,0.004223,0.001293,0.000000,0.002567,0.000421,0.000019,0.000077,0.006884
1,2,9,"q9_case1",451,256,2304,589824,589824,1,115201,262144,2,1,589824,589248,0.000358,0.000000,0.000170,0.000025,0.000248,0.000353,0.000255,0.000882,0.001421,0.001619,0.000092,0.004176,0.001295,0.000000,0.002467,0.000424,0.000019,0.000097,0.006893
1,2,9,"q9_case1",452,256,2304,589824,589824,1,115457,262144,2,1,589824,589312,0.000367,0.000000,0.000215,0.000032,0.000248,0.000358,0.000232,0.000926,0.001456,0.001632,0.000079,0.004279,0.001318,0.000000,0.002572,0.000473,0.000024,0.000079,0.007043
1,2,9,"q9_case1",453,256,2304,589824,589824,1,115713,262144,2,1,589824,589329,0.000362,0.000001,0.000165,0.000027,0.000249,0.000355,0.000247,0.000912,0.001461,0.001596,0.000074,0.004252,0.001301,0.000000,0.002585,0.000427,0.000016,0.000084,0.006949
1,2,9,"q9_case1",454,256,2304,589824,589824,1,115969,262144,2,1,589824,589369,0.000368,0.000000,0.000168,0.000037,0.000251,0.000355,0.000221,0.000899,0.001406,0.001586,0.000069,0.004163,0.001307,0.000000,0.002511,0.000420,0.000022,0.000081,0.006818
1,2,9,"q9_case1",455,256,2304,589824,589824,1,116225,262144,2,1,589824,589353,0.000363,0.000000,0.000182,0.000028,0.000266,0.000351,0.000211,0.000922,0.001421,0.001606,0.000077,0.004212,0.001300,0.000000,0.002530,0.000418,0.000017,0.000098,0.006905
1,2,9,"q9_case1",456,256,2304,589824,589824,1,116481,262144,2,1,589824,589336,0.000394,0.000000,0.000215,0.000028,0.000257,0.000351,0.000213,0.000933,0.001449,0.001587,0.000066,0.004239,0.001298,0.000000,0.002588,0.000425,0.000020,0.000080,0.006890
1,2,9,"q9_case1",457,256,2304,589824,589824,1,116737,262144,2,1,589824,589295,0.000361,0.000000,0.000180,0.000030,0.000284,0.000352,0.000235,0.000924,0.001462,0.001556,0.000056,0.004201,0.001298,0.000000,0.002591,0.000428,0.000015,0.000081,0.006847
1,2,9,"q9_case1",458,256,2304,589824,589824,1,116993,262144,2,1,589824,589243,0.000358,0.000000,0.000140,0.000023,0.000278,0.000353,0.000248,0.000906,0.001450,0.001510,0.000056,0.004059,0.001291,0.000000,0.002494,0.000429,0.000019,0.000089,0.006672
1,2,9,"q9_case1",459,256,2304,589824,589824,1,117249,262144,2,1,589824,589536,0.000361,0.000000,0.000197,0.000026,0.000246,0.000354,0.000260,0.000892,0.001475,0.001624,0.000075,0.004238,0.001314,0.000000,0.002541,0.000427,0.000016,0.000100,0.006973
1,2,9,"q9_case1",460,256,2304,589824,589824,1,117505,262144,2,1,589824,589266,0.000360,0.000000,0.000177,0.000028,0.000266,0.000355,0.000259,0.000887,0.001444,0.001613,0.000070,0.004229,0.001309,0.000000,0.002548,0.000409,0.000021,0.000082,0.006894
1,2,9,"q9_case1",461,256,2304,589824,589824,1,117761,262144,2,1,589824,589273,0.000356,0.000000,0.000193,0.000032,0.000261,0.000355,0.000219,0.000919,0.001458,0.001538,0.000054,0.004133,0.001304,0.000000,0.002542,0.000415,0.000015,0.000079,0.006785
1,2,9,"q9_case1",462,256,2304,589824,589824,1,118017,262144,2,1,589824,589526,0.000359,0.000000,0.000203,0.000026,0.000269,0.000354,0.000258,0.000930,0.001520,0.001586,0.000059,0.004244,0.001301,0.000000,0.002601,0.000423,0.000020,0.000084,0.006944
1,2,9,"q9_case1",463,256,2304,589824,589824,1,118273,262144,2,1,589824,589374,0.000364,0.000000,0.000137,0.000044,0.000268,0.000340,0.000183,0.000881,0.001377,0.001618,0.000062,0.004124,0.001290,0.000000,0.002446,0.000416,0.000014,0.000091,0.006802
1,2,9,"q9_case1",464,256,2304,589824,589824,1,118529,262144,2,1,589824,589283,0.000357,0.000000,0.000126,0.000025,0.000283,0.000350,0.000287,0.000856,0.001459,0.001591,0.000047,0.004094,0.001287,0.000000,0.002459,0.000417,0.000018,0.000081,0.006756
1,2,9,"q9_case1",465,256,2304,589824,589824,1,118785,262144,2,1,589824,589535,0.000360,0.000000,0.000136,0.000025,0.000277,0.000355,0.000263,0.000911,0.001481,0.001643,0.000058,0.004180,0.001300,0.000000,0.002481,0.000435,0.000014,0.000078,0.006900
1,2,9,"q9_case1",466,256,2304,589824,589824,1,119041,262144,2,1,589824,589328,0.000357,0.000000,0.000144,0.000022,0.000258,0.000349,0.000190,0.000876,0.001374,0.001595,0.000049,0.004047,0.001288,0.000000,0.002404,0.000428,0.000018,0.000082,0.006741
1,2,9,"q9_case1",467,256,2304,589824,589824,1,119297,262144,2,1,589824,589457,0.000360,0.000000,0.000157,0.000023,0.000270,0.000351,0.000236,0.000876,0.001475,0.001605,0.000065,0.004172,0.001309,0.000000,0.002504,0.000452,0.000014,0.000092,0.006894
1,2,9,"q9_case1",468,256,2304,589824,589824,1,119553,262144,2,1,589824,589326,0.000360,0.000000,0.000127,0.000026,0.000256,0.000352,0.000246,0.000887,0.001433,0.001677,0.000056,0.004160,0.001301,0.000000,0.002429,0.000423,0.000018,0.000075,0.006872
1,2,9,"q9_case1",469,256,2304,589824,589824,1,119809,262144,2,1,589824,589260,0.000356,0.000000,0.000187,0.000024,0.000282,0.000349,0.000249,0.000907,0.001465,0.001574,0.000049,0.004194,0.001293,0.000000,0.002572,0.000446,0.000014,0.000083,0.006889
1,2,9,"q9_case1",470,256,2304,589824,589824,1,120065,262144,2,1,589824,589542,0.000363,0.000000,0.000138,0.000029,0.000261,0.000349,0.000229,0.000881,0.001396,0.001648,0.000064,0.004154,0.001298,0.000000,0.002444,0.000422,0.000019,0.000081,0.006858
1,2,9,"q9_case1",471,256,2304,589824,589824,1,120321,262144,2,1,589824,589327,0.000380,0.000000,0.000157,0.000030,0.000279,0.000352,0.000214,0.000905,0.001393,0.001658,0.000061,0.004209,0.001301,0.000000,0.002492,0.000422,0.000015,0.000078,0.006925
1,2,9,"q9_case1",472,256,2304,589824,589824,1,120577,262144,2,1,589824,589336,0.000364,0.000000,0.000126,0.000026,0.000270,0.000349,0.000279,0.000902,0.001436,0.001598,0.000054,0.004176,0.001306,0.000000,0.002527,0.000411,0.000019,0.000085,0.006858
1,2,9,"q9_case1",473,256,2304,589824,589824,1,120833,262144,2,1,589824,589444,0.000366,0.000000,0.000153,0.000026,0.000256,0.000343,0.000265,0.000893,0.001455,0.001601,0.000062,0.004213,0.001308,0.000000,0.002551,0.000413,0.000015,0.000082,0.006881
1,2,9,"q9_case1",474,256,2304,589824,589824,1,121089,262144,2,1,589824,589325,0.000361,0.000000,0.000143,0.000024,0.000247,0.000345,0.000184,0.000911,0.001377,0.001696,0.000065,0.004181,0.001298,0.000000,0.002423,0.000419,0.000026,0.000116,0.006940
1,2,9,"q9_case1",475,256,2304,589824,589824,1,121345,262144,2,1,589824,589459,0.000361,0.000000,0.000177,0.000024,0.000255,0.000345,0.000196,0.000919,0.001399,0.001598,0.000057,0.004169,0.001301,0.000000,0.002516,0.000417,0.000014,0.000080,0.006828
1,2,9,"q9_case1",476,256,2304,589824,589824,1,121601,262144,2,1,589824,589328,0.000357,0.000000,0.000191,0.000025,0.000245,0.000351,0.000326,0.000875,0.001495,0.001597,0.000050,0.004188,0.001288,0.000000,0.002544,0.000420,0.000018,0.000083,0.006864
1,2,9,"q9_case1",477,256,2304,589824,589824,1,121857,262144,2,1,589824,589464,0.000355,0.000000,0.000136,0.000027,0.000252,0.000349,0.000237,0.000853,0.001401,0.001591,0.000054,0.004050,0.001292,0.000000,0.002407,0.000411,0.000014,0.000091,0.006702
1,2,9,"q9_case1",478,256,2304,589824,589824,1,122113,262144,2,1,589824,589316,0.000355,0.000000,0.000150,0.000024,0.000256,0.000350,0.000263,0.000901,0.001466,0.001639,0.000050,0.004202,0.001286,0.000000,0.002514,0.000425,0.000018,0.000087,0.006910
1,2,9,"q9_case1",479,256,2304,589824,589824,1,122369,262144,2,1,589824,589288,0.000360,0.000000,0.000163,0.000024,0.000258,0.000352,0.000309,0.000901,0.001509,0.001588,0.000048,0.004157,0.001275,0.000000,0.002523,0.000416,0.000013,0.000077,0.006816
1,2,9,"q9_case1",480,256,2304,589824,589824,1,122625,262144,2,1,589824,589391,0.000353,0.000000,0.000123,0.000023,0.000256,0.000349,0.000235,0.000913,0.001454,0.001631,0.000049,0.004136,0.001281,0.000000,0.002457,0.000423,0.000018,0.000078,0.006820
1,2,9,"q9_case1",481,256,2304,589824,589824,1,122881,262144,2,1,589824,589309,0.000354,0.000000,0.000187,0.000033,0.000254,0.000352,0.000243,0.000917,0.001445,0.001652,0.000049,0.004234,0.001282,0.000000,0.002534,0.000423,0.000013,0.000092,0.006952
1,2,9,"q9_case1",482,256,2304,589824,589824,1,123137,262144,2,1,589824,589288,0.000353,0.000000,0.000142,0.000023,0.000256,0.000348,0.000276,0.000893,0.001468,0.001569,0.000044,0.004077,0.001281,0.000000,0.002465,0.000414,0.000017,0.000077,0.006715
1,2,9,"q9_case1",483,256,2304,589824,589824,1,123393,262144,2,1,589824,589340,0.000353,0.000000,0.000133,0.000026,0.000258,0.000345,0.000190,0.000862,0.001360,0.001556,0.000048,0.003945,0.001279,0.000000,0.002343,0.000396,0.000014,0.000076,0.006585
1,2,9,"q9_case1",484,256,2304,589824,589824,1,123649,262144,2,1,589824,589255,0.000360,0.000000,0.000163,0.000030,0.000247,0.000350,0.000249,0.000881,0.001428,0.001638,0.000048,0.004164,0.001277,0.000000,0.002480,0.000412,0.000017,0.000077,0.006827
1,2,9,"q9_case1",485,256,2304,589824,589824,1,123905,262144,2,1,589824,589240,0.000358,0.000000,0.000148,0.000024,0.000280,0.000348,0.000240,0.000859,0.001458,0.001581,0.000054,0.004125,0.001278,0.000000,0.002492,0.000407,0.000015,0.000093,0.006816
1,2,9,"q9_case1",486,256,2304,589824,589824,1,124161,262144,2,1,589824,589284,0.000354,0.000000,0.000121,0.000023,0.000256,0.000350,0.000192,0.000901,0.001386,0.001597,0.000047,0.004030,0.001277,0.000000,0.002388,0.000419,0.000018,0.000078,0.006682
1,2,9,"q9_case1",487,256,2304,589824,589824,1,124417,262144,2,1,589824,589311,0.000352,0.000000,0.000172,0.000025,0.000266,0.000351,0.000266,0.000854,0.001408,0.001592,0.000058,0.004126,0.001276,0.000000,0.002478,0.000415,0.000014,0.000084,0.006795
1,2,9,"q9_case1",488,256,2304,589824,589824,1,124673,262144,2,1,589824,589319,0.000354,0.000000,0.000156,0.000029,0.000314,0.000358,0.000219,0.000902,0.001455,0.001542,0.000052,0.004080,0.001284,0.000000,0.002488,0.000408,0.000017,0.000080,0.006697
1,2,9,"q9_case1",489,256,2304,589824,589824,1,124929,262144,2,1,589824,589332,0.000354,0.000000,0.000186,0.000032,0.000266,0.000348,0.000233,0.000873,0.001449,0.001602,0.000054,0.004198,0.001272,0.000000,0.002544,0.000400,0.000014,0.000077,0.006884
1,2,9,"q9_case1",490,256,2304,589824,589824,1,125185,262144,2,1,589824,589310,0.000357,0.000000,0.000174,0.000023,0.000245,0.000351,0.000244,0.000889,0.001392,0.001538,0.000055,0.004061,0.001302,0.000000,0.002469,0.000416,0.000023,0.000111,0.006710
1,2,9,"q9_case1",491,256,2304,589824,589824,1,125441,262144,2,1,589824,589419,0.000356,0.000000,0.000147,0.000026,0.000253,0.000356,0.000227,0.000895,0.001383,0.001574,0.000063,0.004062,0.001281,0.000000,0.002427,0.000413,0.000014,0.000079,0.006696
1,2,9,"q9_case1",492,256,2304,589824,589824,1,125697,262144,2,1,589824,589326,0.000358,0.000000,0.000200,0.000038,0.000269,0.000348,0.000204,0.000869,0.001372,0.001524,0.000048,0.004043,0.001294,0.000000,0.002473,0.000418,0.000018,0.000085,0.006686
1,2,9,"q9_case1",493,256,2304,589824,589824,1,125953,262144,2,1,589824,589538,0.000356,0.000000,0.000144,0.000033,0.000258,0.000342,0.000201,0.000874,0.001341,0.001567,0.000060,0.004031,0.001288,0.000000,0.002406,0.000410,0.000013,0.000082,0.006657
1,2,9,"q9_case1",494,256,2304,589824,589824,1,126209,262144,2,1,589824,589277,0.000363,0.000000,0.000211,0.000026,0.000257,0.000342,0.000243,0.000863,0.001406,0.001572,0.000059,0.004143,0.001286,0.000000,0.002514,0.000413,0.000020,0.000080,0.006781
1,2,9,"q9_case1",495,256,2304,589824,589824,1,126465,262144,2,1,589824,589239,0.000362,0.000000,0.000153,0.000026,0.000293,0.000351,0.000233,0.000915,0.001442,0.001586,0.000050,0.004124,0.001283,0.000000,0.002489,0.000424,0.000013,0.000084,0.006803
1,2,9,"q9_case1",496,256,2304,589824,589824,1,126721,262144,2,1,589824,589414,0.000360,0.000000,0.000175,0.000029,0.000263,0.000350,0.000259,0.000875,0.001445,0.001614,0.000073,0.004221,0.001296,0.000000,0.002534,0.000418,0.000021,0.000078,0.006862
1,2,9,"q9_case1",497,256,2304,589824,589824,1,126977,262144,2,1,589824,589318,0.000359,0.000000,0.000215,0.000032,0.000250,0.000349,0.000255,0.000913,0.001466,0.001657,0.000059,0.004277,0.001298,0.000000,0.002563,0.000412,0.000014,0.000093,0.006988
1,2,9,"q9_case1",498,256,2304,589824,589824,1,127233,262144,2,1,589824,589227,0.000358,0.000000,0.000178,0.000026,0.000279,0.000349,0.000215,0.000866,0.001396,0.001590,0.000046,0.004072,0.001276,0.000000,0.002437,0.000416,0.000017,0.000081,0.006732
1,2,9,"q9_case1",499,256,2304,589824,589824,1,127489,262144,2,1,589824,589434,0.000357,0.000000,0.000163,0.000028,0.000257,0.000342,0.000179,0.000879,0.001349,0.001575,0.000049,0.004037,0.001283,0.000000,0.002414,0.000415,0.000013,0.000082,0.006657
1,2,9,"q9_case1",500,256,2304,589824,589824,1,127745,262144,2,1,589824,589323,0.000363,0.000000,0.000176,0.000024,0.000255,0.000350,0.000241,0.000855,0.001408,0.001576,0.000042,0.004067,0.001277,0.000000,0.002451,0.000413,0.000017,0.000083,0.006718
1,2,9,"q9_case1",501,256,2304,589824,589824,1,128001,262144,2,1,589824,589534,0.000356,0.000000,0.000181,0.000030,0.000258,0.000346,0.000229,0.000867,0.001398,0.001674,0.000061,0.004176,0.001289,0.000000,0.002442,0.000427,0.000015,0.000113,0.006914
1,2,9,"q9_case1",502,256,2304,589824,589824,1,128257,262144,2,1,589824,589321,0.000357,0.000000,0.000149,0.000028,0.000259,0.000348,0.000234,0.000912,0.001451,0.001631,0.000058,0.004244,0.001288,0.000000,0.002557,0.000423,0.000020,0.000083,0.006925
1,2,9,"q9_case1",503,256,2304,589824,589824,1,128513,262144,2,1,589824,589536,0.000370,0.000000,0.000186,0.000032,0.000250,0.000349,0.000261,0.000882,0.001427,0.001659,0.000068,0.004270,0.001306,0.000000,0.002545,0.000469,0.000016,0.000083,0.007051
1,2,9,"q9_case1",504,256,2304,589824,589824,1,128769,262144,2,1,589824,589322,0.000361,0.000000,0.000147,0.000027,0.000250,0.000353,0.000212,0.000873,0.001357,0.001601,0.000060,0.004045,0.001295,0.000000,0.002385,0.000428,0.000021,0.000083,0.006756
1,2,9,"q9_case1",505,256,2304,589824,589824,1,129025,262144,2,1,589824,589425,0.000358,0.000000,0.000214,0.000036,0.000261,0.000347,0.000245,0.000883,0.001474,0.001616,0.000070,0.004271,0.001285,0.000000,0.002587,0.000429,0.000017,0.000125,0.006966
1,2,9,"q9_case1",506,256,2304,589824,589824,1,129281,262144,2,1,589824,589322,0.000359,0.000000,0.000265,0.000021,0.000315,0.000356,0.000233,0.000918,0.001539,0.001665,0.000077,0.004453,0.001304,0.000000,0.002714,0.000430,0.000022,0.000079,0.007175
1,2,9,"q9_case1",507,256,2304,589824,589824,1,129537,262144,2,1,589824,589222,0.000371,0.000000,0.000293,0.000027,0.000273,0.000610,0.000197,0.000904,0.001652,0.001622,0.000075,0.004561,0.001301,0.000000,0.002866,0.000412,0.000016,0.000096,0.007285
1,2,9,"q9_case1",508,256,2304,589824,589824,1,129793,262144,2,1,589824,589265,0.000365,0.000000,0.000169,0.000039,0.000272,0.000352,0.000165,0.000908,0.001383,0.001659,0.000095,0.004248,0.001316,0.000000,0.002497,0.000443,0.000026,0.000106,0.007035
1,2,9,"q9_case1",509,256,2304,589824,589824,1,130049,262144,2,1,589824,589339,0.000363,0.000000,0.000225,0.000027,0.000251,0.000349,0.000270,0.000883,0.001445,0.001585,0.000065,0.004293,0.001296,0.000000,0.002645,0.000428,0.000016,0.000091,0.006997
1,2,9,"q9_case1",510,256,2304,589824,589824,1,130305,262144,2,1,589824,589413,0.000362,0.000000,0.000159,0.000028,0.000265,0.000349,0.000289,0.000879,0.001485,0.001582,0.000064,0.004186,0.001296,0.000000,0.002542,0.000423,0.000021,0.000086,0.006827
1,2,9,"q9_case1",511,256,2304,589824,589824,1,130561,262144,2,1,589824,589313,0.000379,0.000000,0.000167,0.000033,0.000265,0.000345,0.000247,0.000864,0.001428,0.001708,0.000066,0.004257,0.001298,0.000000,0.002485,0.000427,0.000016,0.000087,0.007009
1,2,9,"q9_case1",512,256,2304,589824,589824,1,130817,262144,2,1,589824,589206,0.000362,0.000000,0.000140,0.000040,0.000268,0.000348,0.000258,0.000886,0.001427,0.001666,0.000100,0.004287,0.001284,0.000000,0.002522,0.000434,0.000021,0.012528,0.019446
1,2,9,"q9_case1",513,256,2304,589824,589824,1,131073,524288,2,1,589824,589286,0.013194,0.000417,0.001106,0.000000,0.000293,0.000354,0.000233,0.000879,0.001402,0.001644,0.000099,0.018992,0.001332,0.006670,0.017573,0.000415,0.000025,0.000086,0.028824
1,2,9,"q9_case1",514,256,2304,589824,589824,1,131329,524288,2,1,589824,589366,0.000372,0.000000,0.000160,0.000025,0.000255,0.000345,0.000307,0.000904,0.001492,0.001673,0.000069,0.004313,0.001313,0.000000,0.002574,0.000419,0.000026,0.000074,0.007162
1,2,9,"q9_case1",515,256,2304,589824,589824,1,131585,524288,2,1,589824,589377,0.000382,0.000000,0.000156,0.000024,0.000264,0.000349,0.000312,0.000930,0.001514,0.001657,0.000066,0.004358,0.001292,0.000000,0.002638,0.000436,0.000016,0.000079,0.007119
1,2,9,"q9_case1",516,256,2304,589824,589824,1,131841,524288,2,1,589824,589339,0.000365,0.000000,0.000157,0.000021,0.000274,0.000349,0.000260,0.000885,0.001431,0.001548,0.000056,0.004079,0.001314,0.000000,0.002477,0.000422,0.000020,0.000078,0.006731
1,2,9,"q9_case1",517,256,2304,589824,589824,1,132097,524288,2,1,589824,589552,0.000371,0.000000,0.000214,0.000033,0.000260,0.000370,0.000253,0.000905,0.001454,0.001667,0.000075,0.004344,0.001320,0.000000,0.002604,0.000424,0.000021,0.000110,0.007139
1,2,9,"q9_case1",518,256,2304,589824,589824,1,132353,524288,2,1,589824,589332,0.000363,0.000000,0.000198,0.000024,0.000287,0.000352,0.000178,0.000896,0.001403,0.001596,0.000056,0.004181,0.001302,0.000000,0.002531,0.000422,0.000020,0.000072,0.006874
1,2,9,"q9_case1",519,256,2304,589824,589824,1,132609,524288,2,1,589824,589403,0.000358,0.000000,0.000188,0.000018,0.000271,0.000350,0.000286,0.000861,0.001452,0.001519,0.000056,0.004067,0.001289,0.000000,0.002493,0.000412,0.000013,0.000073,0.006674
1,2,9,"q9_case1",520,256,2304,589824,589824,1,132865,524288,2,1,589824,589323,0.000358,0.000000,0.000158,0.000019,0.000269,0.000348,0.000248,0.000884,0.001419,0.001628,0.000044,0.004166,0.001291,0.000000,0.002495,0.000413,0.000020,0.000071,0.006827
1,2,9,"q9_case1",521,256,2304,589824,589824,1,133121,524288,2,1,589824,589253,0.000365,0.000000,0.000211,0.000027,0.000259,0.000346,0.000236,0.000881,0.001432,0.001597,0.000054,0.004172,0.001282,0.000000,0.002523,0.000417,0.000015,0.000082,0.006848
1,2,9,"q9_case1",522,256,2304,589824,589824,1,133377,524288,2,1,589824,589519,0.000362,0.000000,0.000142,0.000025,0.000266,0.000356,0.000253,0.000923,0.001473,0.001651,0.000077,0.004254,0.001309,0.000000,0.002528,0.000427,0.000025,0.000075,0.006985
1,2,9,"q9_case1",523,256,2304,589824,589824,1,133633,524288,2,1,589824,589333,0.000368,0.000000,0.000191,0.000023,0.000269,0.000352,0.000205,0.000899,0.001407,0.001575,0.000060,0.004167,0.001306,0.000000,0.002534,0.000428,0.000017,0.000072,0.006859
1,2,9,"q9_case1",524,256,2304,589824,589824,1,133889,524288,2,1,589824,589533,0.000366,0.000000,0.000200,0.000020,0.000261,0.000348,0.000189,0.000928,0.001388,0.001658,0.000077,0.004235,0.001313,0.000000,0.002502,0.000415,0.000025,0.000079,0.006970
1,2,9,"q9_case1",525,256,2304,589824,589824,1,134145,524288,2,1,589824,589332,0.000364,0.000001,0.000199,0.000051,0.000258,0.000349,0.000307,0.000859,0.001477,0.001632,0.000061,0.004287,0.001313,0.000000,0.002596,0.000421,0.000025,0.000118,0.007066
1,2,9,"q9_case1",526,256,2304,589824,589824,1,134401,524288,2,1,589824,589537,0.000367,0.000000,0.000229,0.000019,0.000258,0.000350,0.000257,0.000875,0.001416,0.001623,0.000059,0.004299,0.001318,0.000000,0.002618,0.000440,0.000023,0.000080,0.007050
1,2,9,"q9_case1",527,256,2304,589824,589824,1,134657,524288,2,1,589824,589442,0.000360,0.000000,0.000155,0.000021,0.000255,0.000346,0.000254,0.000903,0.001451,0.001605,0.000058,0.004175,0.001335,0.000000,0.002514,0.000423,0.000016,0.000074,0.006873
1,2,9,"q9_case1",528,256,2304,589824,589824,1,134913,524288,2,1,589824,589322,0.000361,0.000000,0.000189,0.000019,0.000258,0.000349,0.000187,0.000895,0.001354,0.001609,0.000041,0.004068,0.001323,0.000000,0.002420,0.000415,0.000021,0.000069,0.006803
1,2,9,"q9_case1",529,256,2304,589824,589824,1,135169,524288,2,1,589824,589537,0.000362,0.000000,0.000231,0.000019,0.000316,0.000344,0.000264,0.000909,0.001542,0.001632,0.000043,0.004327,0.001294,0.000000,0.002657,0.000423,0.000014,0.000068,0.007022
1,2,9,"q9_case1",530,256,2304,589824,589824,1,135425,524288,2,1,589824,589323,0.000355,0.000000,0.000165,0.000022,0.000266,0.000350,0.000199,0.000885,0.001392,0.001631,0.000054,0.004135,0.001289,0.000000,0.002452,0.000441,0.000029,0.000104,0.006887
1,2,9,"q9_case1",531,256,2304,589824,589824,1,135681,524288,2,1,589824,589418,0.000354,0.000000,0.000189,0.000021,0.000283,0.000344,0.000283,0.000892,0.001489,0.001537,0.000064,0.004147,0.001289,0.000000,0.002548,0.000418,0.000016,0.000071,0.006788
1,2,9,"q9_case1",532,256,2304,589824,589824,1,135937,524288,2,1,589824,589318,0.000357,0.000000,0.000216,0.000021,0.000285,0.000351,0.000252,0.000872,0.001440,0.001718,0.000072,0.004356,0.001291,0.000000,0.002569,0.000431,0.000025,0.000069,0.007096
1,2,9,"q9_case1",533,256,2304,589824,589824,1,136193,524288,2,1,589824,589268,0.000359,0.000000,0.000192,0.000024,0.000284,0.000347,0.000181,0.000865,0.001352,0.001680,0.000075,0.004247,0.001293,0.000000,0.002495,0.000424,0.000018,0.000086,0.006993
1,2,9,"q9_case1",534,256,2304,589824,589824,1,136449,524288,2,1,589824,589383,0.000363,0.000000,0.000168,0.000022,0.000254,0.000345,0.000307,0.000903,0.001504,0.001665,0.000067,0.004284,0.001311,0.000000,0.002554,0.000435,0.000021,0.000082,0.007055
1,2,9,"q9_case1",535,256,2304,589824,589824,1,136705,524288,2,1,589824,589432,0.000364,0.000000,0.000152,0.000028,0.000271,0.000348,0.000218,0.000922,0.001407,0.001688,0.000065,0.004217,0.001304,0.000000,0.002466,0.000434,0.000017,0.000079,0.006981
1,2,9,"q9_case1",536,256,2304,589824,589824,1,136961,524288,2,1,589824,589380,0.000362,0.000000,0.000169,0.000033,0.000272,0.000353,0.000260,0.000863,0.001417,0.001667,0.000057,0.004239,0.001314,0.000000,0.002517,0.000433,0.000021,0.000075,0.006997
1,2,9,"q9_case1",537,256,2304,589824,589824,1,137217,524288,2,1,589824,589372,0.000365,0.000000,0.000175,0.000024,0.000285,0.000346,0.000224,0.000922,0.001469,0.001666,0.000079,0.004293,0.001300,0.000000,0.002550,0.000434,0.000026,0.000113,0.007081
1,2,9,"q9_case1",538,256,2304,589824,589824,1,137473,524288,2,1,589824,589451,0.000368,0.000000,0.000214,0.000026,0.000255,0.000344,0.000292,0.000929,0.001490,0.001599,0.000076,0.004310,0.001319,0.000000,0.002638,0.000421,0.000029,0.000076,0.007020
1,2,9,"q9_case1",539,256,2304,589824,589824,1,137729,524288,2,1,589824,589315,0.000366,0.000000,0.000201,0.000025,0.000257,0.000350,0.000220,0.000890,0.001393,0.001694,0.000061,0.004287,0.001314,0.000000,0.002536,0.000418,0.000019,0.000076,0.007037
1,2,9,"q9_case1",540,256,2304,589824,589824,1,137985,524288,2,1,589824,589378,0.000366,0.000000,0.000162,0.000031,0.000258,0.000350,0.000197,0.000886,0.001351,0.001576,0.000064,0.004085,0.001304,0.000000,0.002447,0.000419,0.000026,0.000085,0.006742
1,2,9,"q9_case1",541,256,2304,589824,589824,1,138241,524288,2,1,589824,589319,0.000360,0.000000,0.000215,0.000022,0.000296,0.000347,0.000205,0.000916,0.001415,0.001636,0.000059,0.004323,0.001313,0.000000,0.002631,0.000445,0.000017,0.000078,0.007084
1,2,9,"q9_case1",542,256,2304,589824,589824,1,138497,524288,2,1,589824,589368,0.000360,0.000000,0.000202,0.000024,0.000269,0.000343,0.000235,0.000896,0.001428,0.001560,0.000049,0.004124,0.001303,0.000000,0.002517,0.000420,0.000021,0.000072,0.006758
1,2,9,"q9_case1",543,256,2304,589824,589824,1,138753,524288,2,1,589824,589317,0.000378,0.000000,0.000139,0.000022,0.000271,0.000344,0.000241,0.000887,0.001437,0.001636,0.000045,0.004193,0.001316,0.000000,0.002515,0.000424,0.000015,0.000072,0.006941
1,2,9,"q9_case1",544,256,2304,589824,589824,1,139009,524288,2,1,589824,589364,0.000361,0.000000,0.000136,0.000020,0.000265,0.000344,0.000286,0.000892,0.001461,0.001542,0.000049,0.004068,0.001291,0.000000,0.002479,0.000428,0.000021,0.000078,0.006699
1,2,9,"q9_case1",545,256,2304,589824,589824,1,139265,524288,2,1,589824,589315,0.000369,0.000000,0.000158,0.000039,0.000253,0.000350,0.000183,0.000871,0.001328,0.001711,0.000060,0.004171,0.001294,0.000000,0.002402,0.000428,0.000017,0.000069,0.006910
1,2,9,"q9_case1",546,256,2304,589824,589824,1,139521,524288,2,1,589824,589169,0.000368,0.000000,0.000257,0.000020,0.000264,0.000351,0.000232,0.000911,0.001517,0.001665,0.000089,0.004394,0.001304,0.000000,0.002643,0.000446,0.000033,0.000084,0.007190
1,2,9,"q9_case1",547,256,2304,589824,589824,1,139777,524288,2,1,589824,589361,0.000369,0.000000,0.000235,0.000025,0.000270,0.000380,0.000248,0.000896,0.001440,0.001550,0.000056,0.004202,0.001307,0.000000,0.002599,0.000427,0.000018,0.000079,0.006948
1,2,9,"q9_case1",548,256,2304,589824,589824,1,140033,524288,2,1,589824,589317,0.000363,0.000000,0.000161,0.000020,0.000288,0.000346,0.000261,0.000878,0.001381,0.001723,0.000059,0.004261,0.001295,0.000000,0.002481,0.000412,0.000028,0.000106,0.007032
1,2,9,"q9_case1",549,256,2304,589824,589824,1,140289,524288,2,1,589824,589173,0.000357,0.000000,0.000163,0.000020,0.000273,0.000350,0.000242,0.000898,0.001436,0.001640,0.000082,0.004189,0.001296,0.000000,0.002469,0.000446,0.000016,0.000077,0.006969
1,2,9,"q9_case1",550,256,2304,589824,589824,1,140545,524288,2,1,589824,589229,0.000357,0.000000,0.000152,0.000020,0.000278,0.000349,0.000253,0.000902,0.001468,0.001648,0.000049,0.004230,0.001295,0.000000,0.002536,0.000413,0.000021,0.000075,0.006954
1,2,9,"q9_case1",551,256,2304,589824,589824,1,140801,524288,2,1,589824,589343,0.000366,0.000000,0.000218,0.000020,0.000252,0.000350,0.000297,0.000865,0.001480,0.001603,0.000043,0.004181,0.001304,0.000000,0.002536,0.000410,0.000016,0.000074,0.006900
1,2,9,"q9_case1",552,256,2304,589824,589824,1,141057,524288,2,1,589824,589529,0.000359,0.000000,0.000181,0.000019,0.000286,0.000343,0.000233,0.000898,0.001476,0.001678,0.000077,0.004293,0.001306,0.000000,0.002541,0.000488,0.000025,0.000084,0.007121
1,2,9,"q9_case1",553,256,2304,589824,589824,1,141313,524288,2,1,589824,589229,0.000366,0.000000,0.000267,0.000023,0.000258,0.000350,0.000218,0.000897,0.001409,0.001630,0.000064,0.004274,0.001313,0.000000,0.002583,0.000433,0.000017,0.000083,0.007061
1,2,9,"q9_case1",554,256,2304,589824,589824,1,141569,524288,2,1,589824,589406,0.000376,0.000000,0.000169,0.000056,0.000279,0.000343,0.000267,0.000891,0.001462,0.001540,0.000052,0.004240,0.001304,0.000000,0.002651,0.000439,0.000023,0.000081,0.006890
1,2,9,"q9_case1",555,256,2304,589824,589824,1,141825,524288,2,1,589824,589322,0.000354,0.000000,0.000134,0.000020,0.000267,0.000347,0.000233,0.000909,0.001477,0.001633,0.000044,0.004142,0.001293,0.000000,0.002467,0.000421,0.000016,0.000072,0.006885
1,2,9,"q9_case1",556,256,2304,589824,589824,1,142081,524288,2,1,589824,589413,0.000362,0.000000,0.000139,0.000020,0.000267,0.000345,0.000273,0.000862,0.001478,0.001584,0.000059,0.004143,0.001296,0.000000,0.002503,0.000411,0.000032,0.000113,0.006807
1,2,9,"q9_case1",557,256,2304,589824,589824,1,142337,524288,2,1,589824,589320,0.000365,0.000000,0.000136,0.000039,0.000273,0.000344,0.000254,0.000886,0.001436,0.001635,0.000056,0.004193,0.001313,0.000000,0.002505,0.000410,0.000014,0.000071,0.006936
1,2,9,"q9_case1",558,256,2304,589824,589824,1,142593,524288,2,1,589824,589220,0.000360,0.000000,0.000150,0.000021,0.000270,0.000346,0.000206,0.000906,0.001422,0.001646,0.000046,0.004139,0.001290,0.000000,0.002448,0.000411,0.000019,0.000068,0.006846
1,2,9,"q9_case1",559,256,2304,589824,589824,1,142849,524288,2,1,589824,589250,0.000363,0.000000,0.000165,0.000021,0.000275,0.000346,0.000210,0.000903,0.001391,0.001650,0.000045,0.004163,0.001295,0.000000,0.002470,0.000411,0.000016,0.000070,0.006879
1,2,9,"q9_case1",560,256,2304,589824,589824,1,143105,524288,2,1,589824,589252,0.000357,0.000000,0.000193,0.000021,0.000265,0.000352,0.000250,0.000927,0.001500,0.001618,0.000055,0.004255,0.001290,0.000000,0.002585,0.000410,0.000030,0.000097,0.006965
1,2,9,"q9_case1",561,256,2304,589824,589824,1,143361,524288,2,1,589824,589296,0.000358,0.000000,0.000163,0.000022,0.000268,0.000383,0.000223,0.000894,0.001458,0.001571,0.000055,0.004109,0.001280,0.000000,0.002485,0.000408,0.000015,0.000069,0.006843
1,2,9,"q9_case1",562,256,2304,589824,589824,1,143617,524288,2,1,589824,589374,0.000356,0.000000,0.000134,0.000016,0.000258,0.000336,0.000206,0.000907,0.001409,0.001527,0.000044,0.003983,0.001293,0.000000,0.002413,0.000420,0.000022,0.000070,0.006576
1,2,9,"q9_case1",563,256,2304,589824,589824,1,143873,524288,2,1,589824,589316,0.000353,0.000000,0.000144,0.000037,0.000273,0.000348,0.000313,0.000906,0.001515,0.001693,0.000047,0.004332,0.001282,0.000000,0.002594,0.000412,0.000015,0.000071,0.007030
1,2,9,"q9_case1",564,256,2304,589824,589824,1,144129,524288,2,1,589824,589142,0.000357,0.000000,0.000187,0.000021,0.000267,0.000342,0.000265,0.000879,0.001420,0.001624,0.000048,0.004196,0.001286,0.000000,0.002525,0.000418,0.000022,0.000075,0.006892
1,2,9,"q9_case1",565,256,2304,589824,589824,1,144385,524288,2,1,589824,589228,0.000353,0.000000,0.000141,0.000021,0.000262,0.000340,0.000253,0.000886,0.001478,0.001633,0.000057,0.004195,0.001280,0.000000,0.002507,0.000416,0.000013,0.000070,0.006870
1,2,9,"q9_case1",566,256,2304,589824,589824,1,144641,524288,2,1,589824,589346,0.000359,0.000000,0.000189,0.000019,0.000312,0.000342,0.000248,0.000902,0.001535,0.001597,0.000050,0.004215,0.001284,0.000000,0.002569,0.000419,0.000019,0.000069,0.006893
1,2,9,"q9_case1",567,256,2304,589824,589824,1,144897,524288,2,1,589824,589328,0.000356,0.000000,0.000161,0.000021,0.000255,0.000347,0.000222,0.000869,0.001388,0.001621,0.000058,0.004118,0.001288,0.000000,0.002441,0.000420,0.000015,0.000069,0.006812
1,2,9,"q9_case1",568,256,2304,589824,589824,1,145153,524288,2,1,589824,589285,0.000357,0.000000,0.000166,0.000043,0.000283,0.000347,0.000273,0.000888,0.001492,0.001566,0.000049,0.004191,0.001287,0.000000,0.002577,0.000422,0.000028,0.000105,0.006871
1,2,9,"q9_case1",569,256,2304,589824,589824,1,145409,524288,2,1,589824,589538,0.000356,0.000000,0.000178,0.000020,0.000270,0.000341,0.000252,0.000903,0.001475,0.001649,0.000066,0.004263,0.001290,0.000000,0.002550,0.000414,0.000016,0.000072,0.006964
1,2,9,"q9_case1",570,256,2304,589824,589824,1,145665,524288,2,1,589824,589333,0.000354,0.000000,0.000170,0.000020,0.000252,0.000346,0.000210,0.000894,0.001393,0.001691,0.000053,0.004216,0.001299,0.000000,0.002475,0.000415,0.000022,0.000074,0.006957
1,2,9,"q9_case1",571,256,2304,589824,589824,1,145921,524288,2,1,589824,589347,0.000361,0.000000,0.000172,0.000020,0.000250,0.000347,0.000229,0.000899,0.001406,0.001660,0.000065,0.004173,0.001288,0.000000,0.002450,0.000424,0.000016,0.000071,0.006884
1,2,9,"q9_case1",572,256,2304,589824,589824,1,146177,524288,2,1,589824,589375,0.000359,0.000000,0.000233,0.000023,0.000256,0.000345,0.000220,0.000898,0.001435,0.001637,0.000064,0.004266,0.001301,0.000000,0.002566,0.000415,0.000021,0.000073,0.006996
1,2,9,"q9_case1",573,256,2304,589824,589824,1,146433,524288,2,1,589824,589361,0.000364,0.000000,0.000202,0.000021,0.000253,0.000345,0.000257,0.000887,0.001429,0.001650,0.000054,0.004238,0.001314,0.000000,0.002536,0.000412,0.000016,0.000071,0.006947
1,2,9,"q9_case1",574,256,2304,589824,589824,1,146689,524288,2,1,589824,589363,0.000362,0.000000,0.000167,0.000023,0.000364,0.000348,0.000222,0.000956,0.001579,0.001632,0.000067,0.004334,0.001314,0.000000,0.002638,0.000421,0.000029,0.000114,0.007115
1,2,9,"q9_case1",575,256,2304,589824,589824,1,146945,524288,2,1,589824,589363,0.000361,0.000000,0.000209,0.000026,0.000257,0.000346,0.000248,0.000862,0.001423,0.001606,0.000062,0.004212,0.001324,0.000000,0.002547,0.000403,0.000015,0.000072,0.006906
1,2,9,"q9_case1",576,256,2304,589824,589824,1,147201,524288,2,1,589824,589363,0.000358,0.000000,0.000182,0.000026,0.000284,0.000339,0.000258,0.000899,0.001472,0.001571,0.000062,0.004195,0.001301,0.000000,0.002564,0.000420,0.000022,0.000070,0.006871
1,2,9,"q9_case1",577,256,2304,589824,589824,1,147457,524288,2,1,589824,589342,0.000360,0.000000,0.000190,0.000023,0.000257,0.000340,0.000230,0.000909,0.001401,0.001587,0.000054,0.004143,0.001299,0.000000,0.002505,0.000431,0.000015,0.000075,0.006843
1,2,9,"q9_case1",578,256,2304,589824,589824,1,147713,524288,2,1,589824,589332,0.000362,0.000000,0.000165,0.000023,0.000308,0.000349,0.000254,0.000857,0.001491,0.001576,0.000059,0.004177,0.001321,0.000000,0.002548,0.000422,0.000027,0.000093,0.006898
1,2,9,"q9_case1",579,256,2304,589824,589824,1,147969,524288,2,1,589824,589312,0.000363,0.000000,0.000150,0.000022,0.000248,0.000346,0.000264,0.000883,0.001444,0.001550,0.000059,0.004110,0.001292,0.000000,0.002503,0.000432,0.000015,0.000077,0.006776
1,2,9,"q9_case1",580,256,2304,589824,589824,1,148225,524288,2,1,589824,589474,0.000358,0.000000,0.000153,0.000021,0.000263,0.000341,0.000203,0.000906,0.001413,0.001589,0.000050,0.004082,0.001301,0.000000,0.002446,0.000417,0.000023,0.000070,0.006763
1,2,9,"q9_case1",581,256,2304,589824,589824,1,148481,524288,2,1,589824,589248,0.000369,0.000000,0.000158,0.000020,0.000256,0.000338,0.000216,0.000914,0.001405,0.001528,0.000046,0.004082,0.001296,0.000000,0.002509,0.000431,0.000015,0.000070,0.006692
1,2,9,"q9_case1",582,256,2304,589824,589824,1,148737,524288,2,1,589824,589204,0.000363,0.000000,0.000192,0.000020,0.000273,0.000346,0.000245,0.000903,0.001440,0.001720,0.000060,0.004341,0.001309,0.000000,0.002564,0.000436,0.000022,0.000069,0.007120
1,2,9,"q9_case1",583,256,2304,589824,589824,1,148993,524288,2,1,589824,589178,0.000364,0.000000,0.000186,0.000019,0.000254,0.000344,0.000304,0.000888,0.001528,0.001572,0.000055,0.004197,0.001295,0.000000,0.002571,0.000410,0.000014,0.000072,0.006879
1,2,9,"q9_case1",584,256,2304,589824,589824,1,149249,524288,2,1,589824,589354,0.000358,0.000000,0.000167,0.000020,0.000269,0.000348,0.000196,0.000867,0.001399,0.001497,0.000043,0.003979,0.001299,0.000000,0.002441,0.000409,0.000020,0.000072,0.006569
1,2,9,"q9_case1",585,256,2304,589824,589824,1,149505,524288,2,1,589824,589328,0.000362,0.000000,0.000219,0.000021,0.000256,0.000341,0.000197,0.000918,0.001410,0.001719,0.000047,0.004288,0.001288,0.000000,0.002524,0.000420,0.000015,0.000075,0.007016
1,2,9,"q9_case1",586,256,2304,589824,589824,1,149761,524288,2,1,589824,589175,0.000368,0.000000,0.000128,0.000022,0.000266,0.000340,0.000266,0.000895,0.001447,0.001628,0.000060,0.004158,0.001290,0.000000,0.002472,0.000415,0.000019,0.000072,0.006834
1,2,9,"q9_case1",587,256,2304,589824,589824,1,150017,524288,2,1,589824,589238,0.000364,0.000000,0.000139,0.000023,0.000282,0.000342,0.000309,0.000861,0.001483,0.001616,0.000050,0.004159,0.001283,0.000000,0.002495,0.000422,0.000015,0.000074,0.006849
1,2,9,"q9_case1",588,256,2304,589824,589824,1,150273,524288,2,1,589824,589281,0.000358,0.000000,0.000339,0.000020,0.000262,0.000342,0.000246,0.000866,0.001399,0.001625,0.000053,0.004261,0.001288,0.000000,0.002584,0.000402,0.000022,0.000081,0.006932
1,2,9,"q9_case1",589,256,2304,589824,589824,1,150529,524288,2,1,589824,589305,0.000373,0.000000,0.000201,0.000016,0.000279,0.000343,0.000270,0.000881,0.001448,0.001609,0.000058,0.004243,0.001288,0.000000,0.002578,0.000439,0.000014,0.000074,0.006944
1,2,9,"q9_case1",590,256,2304,589824,589824,1,150785,524288,2,1,589824,589317,0.000361,0.000000,0.000170,0.000022,0.000342,0.000341,0.000268,0.000901,0.001600,0.001580,0.000048,0.004267,0.001287,0.000000,0.002641,0.000413,0.000020,0.000074,0.006922
1,2,9,"q9_case1",591,256,2304,589824,589824,1,151041,524288,2,1,589824,589333,0.000354,0.000000,0.000181,0.000020,0.000263,0.000338,0.000269,0.000892,0.001439,0.001588,0.000045,0.004106,0.001284,0.000000,0.002475,0.000430,0.000014,0.000066,0.006795
1,2,9,"q9_case1",592,256,2304,589824,589824,1,151297,524288,2,1,589824,589319,0.000354,0.000000,0.000128,0.000021,0.000266,0.000338,0.000240,0.000862,0.001386,0.001523,0.000044,0.003991,0.001286,0.000000,0.002426,0.000420,0.000027,0.000102,0.006640
1,2,9,"q9_case1",593,256,2304,589824,589824,1,151553,524288,2,1,589824,589544,0.000354,0.000000,0.000169,0.000028,0.000279,0.000352,0.000269,0.000868,0.001453,0.001602,0.000056,0.004140,0.001287,0.000000,0.002484,0.000419,0.000014,0.000071,0.006811
1,2,9,"q9_case1",594,256,2304,589824,589824,1,151809,524288,2,1,589824,589293,0.000354,0.000000,0.000152,0.000021,0.000266,0.000347,0.000214,0.000859,0.001371,0.001612,0.000045,0.004049,0.001287,0.000000,0.002394,0.000415,0.000019,0.000072,0.006724
1,2,9,"q9_case1",595,256,2304,589824,589824,1,152065,524288,2,1,589824,589233,0.000361,0.000000,0.000152,0.000021,0.000269,0.000343,0.000211,0.000893,0.001391,0.001604,0.000059,0.004092,0.001282,0.000000,0.002431,0.000431,0.000015,0.000073,0.006791
1,2,9,"q9_case1",596,256,2304,589824,589824,1,152321,524288,2,1,589824,589250,0.000357,0.000000,0.000203,0.000022,0.000260,0.000342,0.000271,0.000890,0.001477,0.001606,0.000052,0.004229,0.001287,0.000000,0.002573,0.000409,0.000021,0.000076,0.006890
1,2,9,"q9_case1",597,256,2304,589824,589824,1,152577,524288,2,1,589824,589315,0.000363,0.000000,0.000152,0.000021,0.000276,0.000348,0.000230,0.000894,0.001455,0.001613,0.000061,0.004167,0.001283,0.000000,0.002494,0.000425,0.000014,0.000076,0.006850
1,2,9,"q9_case1",598,256,2304,589824,589824,1,152833,524288,2,1,589824,589323,0.000356,0.000000,0.000162,0.000038,0.000274,0.000342,0.000276,0.000883,0.001438,0.001527,0.000043,0.004105,0.001283,0.000000,0.002536,0.000417,0.000021,0.000071,0.006738
1,2,9,"q9_case1",599,256,2304,589824,589824,1,153089,524288,2,1,589824,589539,0.000354,0.000000,0.000140,0.000019,0.000256,0.000344,0.000234,0.000884,0.001402,0.001590,0.000048,0.004067,0.001290,0.000000,0.002431,0.000416,0.000015,0.000072,0.006728
1,2,9,"q9_case1",600,256,2304,589824,589824,1,153345,524288,2,1,589824,589326,0.000354,0.000000,0.000157,0.000022,0.000249,0.000342,0.000247,0.000903,0.001429,0.001693,0.000044,0.004188,0.001287,0.000000,0.002453,0.000405,0.000021,0.000084,0.006857
1,2,9,"q9_case1",601,256,2304,589824,589824,1,153601,524288,2,1,589824,589324,0.000354,0.000000,0.000176,0.000044,0.000271,0.000340,0.000268,0.000865,0.001457,0.001471,0.000059,0.004046,0.001284,0.000000,0.002519,0.000409,0.000013,0.000076,0.006592
1,2,9,"q9_case1",602,256,2304,589824,589824,1,153857,524288,2,1,589824,589319,0.000385,0.000000,0.000167,0.000040,0.000255,0.000346,0.000179,0.000870,0.001336,0.001679,0.000064,0.004205,0.001301,0.000000,0.002465,0.000447,0.000024,0.000077,0.006987
1,2,9,"q9_case1",603,256,2304,589824,589824,1,154113,524288,2,1,589824,589144,0.000359,0.000000,0.000148,0.000020,0.000284,0.000341,0.000216,0.000887,0.001386,0.001605,0.000057,0.004095,0.001288,0.000000,0.002435,0.000416,0.000014,0.000069,0.006786
1,2,9,"q9_case1",604,256,2304,589824,589824,1,154369,524288,2,1,589824,589287,0.000356,0.000000,0.000185,0.000023,0.000253,0.000342,0.000247,0.000860,0.001380,0.001467,0.000043,0.003952,0.001295,0.000000,0.002445,0.000420,0.000020,0.000069,0.006515
1,2,9,"q9_case1",605,256,2304,589824,589824,1,154625,524288,2,1,589824,589319,0.000353,0.000000,0.000124,0.000019,0.000258,0.000341,0.000238,0.000853,0.001362,0.001679,0.000051,0.004096,0.001284,0.000000,0.002367,0.000426,0.000021,0.000094,0.006848
1,2,9,"q9_case1",606,256,2304,589824,589824,1,154881,524288,2,1,589824,589136,0.000363,0.000000,0.000159,0.000022,0.000272,0.000343,0.000291,0.000869,0.001557,0.001626,0.000059,0.004277,0.001287,0.000000,0.002593,0.000410,0.000020,0.000073,0.006959
1,2,9,"q9_case1",607,256,2304,589824,589824,1,155137,524288,2,1,589824,589188,0.000357,0.000000,0.000145,0.000022,0.000249,0.000340,0.000214,0.000922,0.001421,0.001618,0.000045,0.004123,0.001286,0.000000,0.002462,0.000403,0.000015,0.000068,0.006806
1,2,9,"q9_case1",608,256,2304,589824,589824,1,155393,524288,2,1,589824,589244,0.000357,0.000000,0.000214,0.000025,0.000263,0.000340,0.000233,0.000906,0.001483,0.001609,0.000057,0.004258,0.001286,0.000000,0.002594,0.000427,0.000021,0.000071,0.006964
1,2,9,"q9_case1",609,256,2304,589824,589824,1,155649,524288,2,1,589824,589295,0.000359,0.000000,0.000214,0.000024,0.000288,0.000337,0.000274,0.000885,0.001463,0.001618,0.000047,0.004211,0.001288,0.000000,0.002547,0.000414,0.000017,0.000093,0.006920
1,2,9,"q9_case1",610,256,2304,589824,589824,1,155905,524288,2,1,589824,589299,0.000358,0.000000,0.000176,0.000047,0.000286,0.000342,0.000259,0.000902,0.001484,0.001587,0.000059,0.004202,0.001290,0.000000,0.002558,0.000414,0.000019,0.000075,0.006867
1,2,9,"q9_case1",611,256,2304,589824,589824,1,156161,524288,2,1,589824,589270,0.000358,0.000000,0.000140,0.000020,0.000270,0.000340,0.000264,0.000854,0.001406,0.001620,0.000046,0.004115,0.001284,0.000000,0.002451,0.000418,0.000016,0.000069,0.006816
1,2,9,"q9_case1",612,256,2304,589824,589824,1,156417,524288,2,1,589824,589248,0.000356,0.000000,0.000168,0.000023,0.000251,0.000342,0.000295,0.000882,0.001491,0.001598,0.000051,0.004162,0.001285,0.000000,0.002514,0.000432,0.000022,0.000072,0.006854
1,2,9,"q9_case1",613,256,2304,589824,589824,1,156673,524288,2,1,589824,589245,0.000356,0.000000,0.000146,0.000022,0.000269,0.000342,0.000228,0.000878,0.001455,0.001600,0.000045,0.004146,0.001284,0.000000,0.002502,0.000413,0.000016,0.000077,0.006840
1,2,9,"q9_case1",614,256,2304,589824,589824,1,156929,524288,2,1,589824,589231,0.000358,0.000000,0.000194,0.000020,0.000276,0.000342,0.000256,0.000882,0.001429,0.001586,0.000067,0.004177,0.001295,0.000000,0.002526,0.000416,0.000022,0.000072,0.006840
1,2,9,"q9_case1",615,256,2304,589824,589824,1,157185,524288,2,1,589824,589243,0.000366,0.000000,0.000198,0.000040,0.000250,0.000345,0.000257,0.000931,0.001451,0.001590,0.000049,0.004187,0.001301,0.000000,0.002551,0.000412,0.000016,0.000075,0.006876
1,2,9,"q9_case1",616,256,2304,589824,589824,1,157441,524288,2,1,589824,589304,0.000358,0.000000,0.000210,0.000022,0.000279,0.000340,0.000251,0.000879,0.001422,0.001445,0.000044,0.004020,0.001288,0.000000,0.002533,0.000409,0.000024,0.000072,0.006568
1,2,9,"q9_case1",617,256,2304,589824,589824,1,157697,524288,2,1,589824,589320,0.000355,0.000000,0.000143,0.000020,0.000248,0.000340,0.000280,0.000860,0.001434,0.001626,0.000047,0.004125,0.001283,0.000000,0.002455,0.000424,0.000016,0.000072,0.006918
1,2,9,"q9_case1",618,256,2304,589824,589824,1,157953,524288,2,1,589824,589331,0.000356,0.000000,0.000180,0.000022,0.000265,0.000343,0.000260,0.000896,0.001438,0.001453,0.000046,0.003978,0.001288,0.000000,0.002480,0.000424,0.000020,0.000071,0.006511
1,2,9,"q9_case1",619,256,2304,589824,589824,1,158209,524288,2,1,589824,589321,0.000366,0.000000,0.000149,0.000042,0.000268,0.000344,0.000275,0.000856,0.001450,0.001641,0.000046,0.004214,0.001301,0.000000,0.002529,0.000423,0.000014,0.000069,0.006929
1,2,9,"q9_case1",620,256,2304,589824,589824,1,158465,524288,2,1,589824,589200,0.000361,0.000000,0.000209,0.000023,0.000293,0.000340,0.000238,0.000921,0.001511,0.001640,0.000052,0.004233,0.001280,0.000000,0.002543,0.000426,0.000021,0.000090,0.006964
1,2,9,"q9_case1",621,256,2304,589824,589824,1,158721,524288,2,1,589824,589166,0.000364,0.000000,0.000175,0.000020,0.000271,0.000342,0.000232,0.000878,0.001398,0.001601,0.000057,0.004112,0.001284,0.000000,0.002456,0.000426,0.000014,0.000072,0.006799
1,2,9,"q9_case1",622,256,2304,589824,589824,1,158977,524288,2,1,589824,589396,0.000359,0.000000,0.000185,0.000041,0.000267,0.000341,0.000174,0.000865,0.001343,0.001536,0.000046,0.003999,0.001295,0.000000,0.002418,0.000411,0.000021,0.000073,0.006623
1,2,9,"q9_case1",623,256,2304,589824,589824,1,159233,524288,2,1,589824,589321,0.000364,0.000000,0.000172,0.000042,0.000266,0.000342,0.000258,0.000863,0.001410,0.001651,0.000045,0.004223,0.001288,0.000000,0.002529,0.000422,0.000014,0.000070,0.006931
1,2,9,"q9_case1",624,256,2304,589824,589824,1,159489,524288,2,1,589824,589265,0.000355,0.000000,0.000125,0.000021,0.000260,0.000340,0.000230,0.000880,0.001424,0.001660,0.000051,0.004137,0.001290,0.000000,0.002428,0.000405,0.000021,0.000076,0.006841
1,2,9,"q9_case1",625,256,2304,589824,589824,1,159745,524288,2,1,589824,589262,0.000358,0.000000,0.000143,0.000024,0.000256,0.000341,0.000280,0.000896,0.001459,0.001592,0.000055,0.004156,0.001291,0.000000,0.002510,0.000422,0.000013,0.000071,0.006848
1,2,9,"q9_case1",626,256,2304,589824,589824,1,160001,524288,2,1,589824,589300,0.000361,0.000000,0.000152,0.000040,0.000265,0.000340,0.000255,0.000882,0.001430,0.001555,0.000043,0.004076,0.001296,0.000000,0.002480,0.000423,0.000020,0.000071,0.006744
1,2,9,"q9_case1",627,256,2304,589824,589824,1,160257,524288,2,1,589824,589403,0.000356,0.000000,0.000135,0.000021,0.000271,0.000344,0.000283,0.000891,0.001470,0.001548,0.000043,0.004070,0.001275,0.000000,0.002480,0.000424,0.000015,0.000070,0.006692
1,2,9,"q9_case1",628,256,2304,589824,589824,1,160513,524288,2,1,589824,589311,0.000354,0.000000,0.000128,0.000022,0.000282,0.000346,0.000233,0.000892,0.001461,0.001666,0.000065,0.004238,0.001287,0.000000,0.002508,0.000424,0.000030,0.000111,0.007002
1,2,9,"q9_case1",629,256,2304,589824,589824,1,160769,524288,2,1,589824,589198,0.000359,0.000000,0.000197,0.000021,0.000249,0.000341,0.000244,0.000898,0.001418,0.001619,0.000062,0.004179,0.001292,0.000000,0.002500,0.000415,0.000015,0.000080,0.006875
1,2,9,"q9_case1",630,256,2304,589824,589824,1,161025,524288,2,1,589824,589389,0.000359,0.000000,0.000216,0.000025,0.000270,0.000343,0.000226,0.000875,0.001384,0.001536,0.000058,0.004096,0.001303,0.000000,0.002504,0.000434,0.000022,0.000073,0.006741
1,2,9,"q9_case1",631,256,2304,589824,589824,1,161281,524288,2,1,589824,589317,0.000358,0.000000,0.000162,0.000028,0.000270,0.000345,0.000231,0.000893,0.001470,0.001636,0.000056,0.004212,0.001293,0.000000,0.002523,0.000411,0.000015,0.000074,0.006930
1,2,9,"q9_case1",632,256,2304,589824,589824,1,161537,524288,2,1,589824,589200,0.000355,0.000000,0.000133,0.000036,0.000263,0.000345,0.000277,0.000884,0.001466,0.001658,0.000052,0.004223,0.001293,0.000000,0.002515,0.000432,0.000021,0.000082,0.006947
1,2,9,"q9_case1",633,256,2304,589824,589824,1,161793,524288,2,1,589824,589259,0.000360,0.000000,0.000180,0.000022,0.000260,0.000341,0.000224,0.000887,0.001419,0.001635,0.000056,0.004123,0.001286,0.000000,0.002434,0.000440,0.000014,0.000074,0.006842
1,2,9,"q9_case1",634,256,2304,589824,589824,1,162049,524288,2,1,589824,589289,0.000363,0.000000,0.000208,0.000021,0.000248,0.000340,0.000226,0.000883,0.001401,0.001635,0.000054,0.004157,0.001303,0.000000,0.002470,0.000417,0.000021,0.000076,0.006871
1,2,9,"q9_case1",635,256,2304,589824,589824,1,162305,524288,2,1,589824,589355,0.000373,0.000000,0.000164,0.000044,0.000258,0.000343,0.000211,0.000911,0.001391,0.001613,0.000046,0.004160,0.001299,0.000000,0.002504,0.000434,0.000014,0.000070,0.006884
1,2,9,"q9_case1",636,256,2304,589824,589824,1,162561,524288,2,1,589824,589355,0.000354,0.000000,0.000176,0.000035,0.000256,0.000347,0.000218,0.000883,0.001400,0.001607,0.000049,0.004077,0.001289,0.000000,0.002422,0.000460,0.000020,0.000073,0.006848
1,2,9,"q9_case1",637,256,2304,589824,589824,1,162817,524288,2,1,589824,589299,0.000355,0.000000,0.000165,0.000026,0.000251,0.000342,0.000236,0.000922,0.001447,0.001617,0.000060,0.004181,0.001287,0.000000,0.002505,0.000407,0.000015,0.000070,0.006853
1,2,9,"q9_case1",638,256,2304,589824,589824,1,163073,524288,2,1,589824,589294,0.000356,0.000000,0.000139,0.000023,0.000264,0.000344,0.000279,0.000865,0.001459,0.001612,0.000053,0.004163,0.001313,0.000000,0.002500,0.000415,0.000023,0.000073,0.006863
1,2,9,"q9_case1",639,256,2304,589824,589824,1,163329,524288,2,1,589824,589286,0.000356,0.000000,0.000132,0.000042,0.000272,0.000339,0.000259,0.000883,0.001426,0.001638,0.000065,0.004141,0.001300,0.000000,0.002440,0.000427,0.000017,0.000109,0.006886
1,2,9,"q9_case1",640,256,2304,589824,589824,1,163585,524288,2,1,589824,589284,0.000357,0.000000,0.000199,0.000022,0.000271,0.000343,0.000268,0.000927,0.001475,0.001594,0.000063,0.004234,0.001316,0.000000,0.002578,0.000420,0.000020,0.000077,0.006935
1,2,9,"q9_case1",641,256,2304,589824,589824,1,163841,524288,2,1,589824,589278,0.000362,0.000000,0.000213,0.000019,0.000301,0.000340,0.000257,0.000901,0.001456,0.001582,0.000051,0.004216,0.001292,0.000000,0.002588,0.000415,0.000015,0.000069,0.006883
1,2,9,"q9_case1",642,256,2304,589824,589824,1,164097,524288,2,1,589824,589273,0.000364,0.000000,0.000156,0.000019,0.000260,0.000340,0.000218,0.000911,0.001395,0.001631,0.000081,0.004140,0.001305,0.000000,0.002430,0.000443,0.000024,0.000083,0.006882
1,2,9,"q9_case1",643,256,2304,589824,589824,1,164353,524288,2,1,589824,589248,0.000369,0.000000,0.000225,0.000031,0.000256,0.000360,0.000226,0.000900,0.001397,0.001605,0.000062,0.004260,0.001311,0.000000,0.002596,0.000418,0.000018,0.000089,0.006969
1,2,9,"q9_case1",644,256,2304,589824,589824,1,164609,524288,2,1,589824,589211,0.000359,0.000000,0.000191,0.000025,0.000257,0.000344,0.000219,0.000865,0.001368,0.001455,0.000051,0.003971,0.001292,0.000000,0.002466,0.000420,0.000019,0.000080,0.006524
1,2,9,"q9_case1",645,256,2304,589824,589824,1,164865,524288,2,1,589824,589319,0.000361,0.000000,0.000131,0.000029,0.000267,0.000347,0.000278,0.000894,0.001472,0.001627,0.000054,0.004188,0.001300,0.000000,0.002509,0.000423,0.000017,0.000078,0.006910
1,2,9,"q9_case1",646,256,2304,589824,589824,1,165121,524288,2,1,589824,589318,0.000359,0.000000,0.000200,0.000050,0.000254,0.000345,0.000262,0.000875,0.001432,0.001526,0.000062,0.004119,0.001303,0.000000,0.002532,0.000431,0.000024,0.000090,0.006769
1,2,9,"q9_case1",647,256,2304,589824,589824,1,165377,524288,2,1,589824,589311,0.000363,0.000000,0.000325,0.000021,0.000308,0.000338,0.000269,0.000910,0.001553,0.001650,0.000066,0.004494,0.001321,0.000000,0.002780,0.000440,0.000015,0.000081,0.007270
1,2,9,"q9_case1",648,256,2304,589824,589824,1,165633,524288,2,1,589824,589298,0.000364,0.000000,0.000162,0.000026,0.000262,0.000344,0.000264,0.000896,0.001434,0.001544,0.000053,0.004109,0.001309,0.000000,0.002515,0.000427,0.000023,0.000076,0.006730
1,2,9,"q9_case1",649,256,2304,589824,589824,1,165889,524288,2,1,589824,589362,0.000366,0.000000,0.000189,0.000020,0.000270,0.000345,0.000276,0.000914,0.001482,0.001546,0.000056,0.004161,0.001314,0.000000,0.002561,0.000425,0.000016,0.000077,0.006787
1,2,9,"q9_case1",650,256,2304,589824,589824,1,166145,524288,2,1,589824,589312,0.000371,0.000000,0.000253,0.000027,0.000248,0.000348,0.000262,0.000898,0.001425,0.001643,0.000061,0.004340,0.001348,0.000000,0.002638,0.000448,0.000025,0.000092,0.007145
1,2,9,"q9_case1",651,256,2304,589824,589824,1,166401,524288,2,1,589824,589237,0.000365,0.000000,0.000183,0.000022,0.000275,0.000342,0.000276,0.000880,0.001436,0.001531,0.000066,0.004122,0.001293,0.000000,0.002527,0.000432,0.000017,0.000079,0.006778
1,2,9,"q9_case1",652,256,2304,589824,589824,1,166657,524288,2,1,589824,589317,0.000365,0.000000,0.000166,0.000039,0.000266,0.000346,0.000237,0.000911,0.001458,0.001677,0.000057,0.004311,0.001317,0.000000,0.002578,0.000417,0.000022,0.000077,0.007053
1,2,9,"q9_case1",653,256,2304,589824,589824,1,166913,524288,2,1,589824,589156,0.000372,0.000000,0.000198,0.000020,0.000251,0.000343,0.000281,0.000901,0.001463,0.001634,0.000059,0.004268,0.001309,0.000000,0.002576,0.000434,0.000017,0.000077,0.007018
1,2,9,"q9_case1",654,256,2304,589824,589824,1,167169,524288,2,1,589824,589278,0.000359,0.000000,0.000130,0.000021,0.000270,0.000340,0.000259,0.000845,0.001391,0.001506,0.000062,0.003977,0.001310,0.000000,0.002411,0.000425,0.000024,0.000088,0.006613
1,2,9,"q9_case1",655,256,2304,589824,589824,1,167425,524288,2,1,589824,589316,0.000369,0.000000,0.000193,0.000038,0.000280,0.000349,0.000250,0.000911,0.001485,0.001662,0.000064,0.004339,0.001320,0.000000,0.002615,0.000420,0.000015,0.000077,0.007082
1,2,9,"q9_case1",656,256,2304,589824,589824,1,167681,524288,2,1,589824,589188,0.000361,0.000000,0.000202,0.000023,0.000247,0.000339,0.000274,0.000867,0.001423,0.001516,0.000070,0.004121,0.001306,0.000000,0.002537,0.000418,0.000024,0.000079,0.006746
1,2,9,"q9_case1",657,256,2304,589824,589824,1,167937,524288,2,1,589824,589278,0.000383,0.000000,0.000180,0.000022,0.000261,0.000344,0.000192,0.000900,0.001376,0.001661,0.000060,0.004190,0.001322,0.000000,0.002471,0.000423,0.000016,0.000078,0.006947
1,2,9,"q9_case1",658,256,2304,589824,589824,1,168193,524288,2,1,589824,589145,0.000367,0.000000,0.000141,0.000025,0.000247,0.000345,0.000220,0.000909,0.001399,0.001647,0.000062,0.004167,0.001309,0.000000,0.002459,0.000416,0.000023,0.000083,0.006912
1,2,9,"q9_case1",659,256,2304,589824,589824,1,168449,524288,2,1,589824,589271,0.000373,0.000000,0.000161,0.000022,0.000267,0.000343,0.000239,0.000969,0.001494,0.001644,0.000061,0.004295,0.001306,0.000000,0.002593,0.000414,0.000014,0.000073,0.007016
1,2,9,"q9_case1",660,256,2304,589824,589824,1,168705,524288,2,1,589824,589237,0.000360,0.000000,0.000159,0.000021,0.000256,0.000346,0.000195,0.000867,0.001335,0.001612,0.000047,0.004034,0.001303,0.000000,0.002377,0.000427,0.000020,0.000075,0.006739
1,2,9,"q9_case1",661,256,2304,589824,589824,1,168961,524288,2,1,589824,589307,0.000359,0.000000,0.000147,0.000021,0.000253,0.000345,0.000235,0.000883,0.001382,0.001630,0.000043,0.004070,0.001286,0.000000,0.002399,0.000415,0.000014,0.000073,0.006745
1,2,9,"q9_case1",662,256,2304,589824,589824,1,169217,524288,2,1,589824,589309,0.000364,0.000000,0.000194,0.000023,0.000255,0.000344,0.000246,0.000912,0.001465,0.001635,0.000050,0.004242,0.001288,0.000000,0.002558,0.000433,0.000021,0.000089,0.006954
1,2,9,"q9_case1",663,256,2304,589824,589824,1,169473,524288,2,1,589824,589320,0.000360,0.000000,0.000182,0.000022,0.000272,0.000347,0.000263,0.000902,0.001462,0.001601,0.000063,0.004168,0.001293,0.000000,0.002506,0.000414,0.000015,0.000077,0.006848
1,2,9,"q9_case1",664,256,2304,589824,589824,1,169729,524288,2,1,589824,589319,0.000365,0.000000,0.000149,0.000022,0.000270,0.000342,0.000240,0.000889,0.001425,0.001514,0.000047,0.004035,0.001300,0.000000,0.002475,0.000419,0.000022,0.000075,0.006614
1,2,9,"q9_case1",665,256,2304,589824,589824,1,169985,524288,2,1,589824,589333,0.000366,0.000000,0.000202,0.000044,0.000438,0.000344,0.000246,0.000927,0.001653,0.001674,0.000058,0.004496,0.001311,0.000000,0.002766,0.000420,0.000017,0.000082,0.007252
1,2,9,"q9_case1",666,256,2304,589824,589824,1,170241,524288,2,1,589824,589101,0.000375,0.000000,0.000165,0.000024,0.000257,0.000345,0.000246,0.000920,0.001496,0.001653,0.000065,0.004295,0.001303,0.000000,0.002580,0.000434,0.000025,0.000081,0.007021
1,2,9,"q9_case1",667,256,2304,589824,589824,1,170497,524288,2,1,589824,589161,0.000360,0.000000,0.000192,0.000022,0.000263,0.000341,0.000235,0.000910,0.001475,0.001627,0.000049,0.004214,0.001302,0.000000,0.002539,0.000411,0.000017,0.000074,0.006922
1,2,9,"q9_case1",668,256,2304,589824,589824,1,170753,524288,2,1,589824,589206,0.000369,0.000000,0.000181,0.000022,0.000252,0.000339,0.000229,0.000893,0.001452,0.001591,0.000049,0.004188,0.001296,0.000000,0.002549,0.000412,0.000021,0.000074,0.006865
1,2,9,"q9_case1",669,256,2304,589824,589824,1,171009,524288,2,1,589824,589280,0.000357,0.000000,0.000127,0.000020,0.000291,0.000346,0.000260,0.000893,0.001413,0.001539,0.000056,0.004073,0.001286,0.000000,0.002479,0.000427,0.000019,0.000106,0.006733
1,2,9,"q9_case1",670,256,2304,589824,589824,1,171265,524288,2,1,589824,589337,0.000366,0.000000,0.000167,0.000024,0.000277,0.000345,0.000323,0.000927,0.001538,0.001627,0.000063,0.004357,0.001309,0.000000,0.002669,0.000415,0.000021,0.000077,0.007054
1,2,9,"q9_case1",671,256,2304,589824,589824,1,171521,524288,2,1,589824,589120,0.000362,0.000000,0.000165,0.000022,0.000247,0.000341,0.000286,0.000864,0.001420,0.001630,0.000049,0.004160,0.001298,0.000000,0.002483,0.000415,0.000015,0.000074,0.006860
1,2,9,"q9_case1",672,256,2304,589824,589824,1,171777,524288,2,1,589824,589182,0.000363,0.000000,0.000161,0.000025,0.000274,0.000344,0.000238,0.000887,0.001413,0.001641,0.000060,0.004204,0.001291,0.000000,0.002505,0.000420,0.000021,0.000074,0.006904
1,2,9,"q9_case1",673,256,2304,589824,589824,1,172033,524288,2,1,589824,589223,0.000371,0.000000,0.000171,0.000031,0.000276,0.000342,0.000221,0.000912,0.001403,0.001657,0.000065,0.004249,0.001303,0.000000,0.002530,0.000412,0.000018,0.000108,0.006990
1,2,9,"q9_case1",674,256,2304,589824,589824,1,172289,524288,2,1,589824,589247,0.000359,0.000000,0.000184,0.000022,0.000301,0.000343,0.000248,0.000898,0.001427,0.001575,0.000056,0.004175,0.001291,0.000000,0.002547,0.000415,0.000020,0.000073,0.006833
1,2,9,"q9_case1",675,256,2304,589824,589824,1,172545,524288,2,1,589824,589363,0.000360,0.000000,0.000148,0.000022,0.000263,0.000346,0.000193,0.000841,0.001317,0.001485,0.000053,0.003890,0.001300,0.000000,0.002354,0.000427,0.000016,0.000076,0.006538
1,2,9,"q9_case1",676,256,2304,589824,589824,1,172801,524288,2,1,589824,589325,0.000366,0.000000,0.000189,0.000026,0.000280,0.000342,0.000187,0.000875,0.001326,0.001628,0.000072,0.004145,0.001298,0.000000,0.002447,0.000431,0.000025,0.000087,0.006871
1,2,9,"q9_case1",677,256,2304,589824,589824,1,173057,524288,2,1,589824,589245,0.000441,0.000000,0.000182,0.000037,0.000249,0.000348,0.000258,0.000900,0.001443,0.001510,0.000063,0.004206,0.001417,0.000000,0.002636,0.000431,0.000017,0.000081,0.007012
1,2,9,"q9_case1",678,256,2304,589824,589824,1,173313,524288,2,1,589824,589333,0.000366,0.000000,0.000155,0.000021,0.000257,0.000345,0.000200,0.000884,0.001379,0.001621,0.000054,0.004083,0.001314,0.000000,0.002410,0.000408,0.000020,0.000079,0.006785
1,2,9,"q9_case1",679,256,2304,589824,589824,1,173569,524288,2,1,589824,589254,0.000365,0.000000,0.000145,0.000022,0.000260,0.000345,0.000212,0.000869,0.001439,0.001506,0.000058,0.004013,0.001298,0.000000,0.002451,0.000432,0.000016,0.000079,0.006685
1,2,9,"q9_case1",680,256,2304,589824,589824,1,173825,524288,2,1,589824,589283,0.000374,0.000000,0.000193,0.000026,0.000249,0.000345,0.000258,0.000888,0.001487,0.001534,0.000052,0.004190,0.001319,0.000000,0.002606,0.000419,0.000023,0.000088,0.006861
1,2,9,"q9_case1",681,256,2304,589824,589824,1,174081,524288,2,1,589824,589125,0.000359,0.000000,0.000133,0.000045,0.000263,0.000344,0.000211,0.000878,0.001387,0.001637,0.000063,0.004125,0.001309,0.000000,0.002427,0.000415,0.000016,0.000074,0.006891
1,2,9,"q9_case1",682,256,2304,589824,589824,1,174337,524288,2,1,589824,589138,0.000367,0.000000,0.000154,0.000024,0.000286,0.000346,0.000192,0.000905,0.001380,0.001622,0.000048,0.004129,0.001318,0.000000,0.002461,0.000409,0.000020,0.000077,0.006852
1,2,9,"q9_case1",683,256,2304,589824,589824,1,174593,524288,2,1,589824,589216,0.000359,0.000000,0.000185,0.000021,0.000270,0.000336,0.000235,0.000881,0.001421,0.001517,0.000047,0.004036,0.001306,0.000000,0.002474,0.000419,0.000015,0.000078,0.006712
1,2,9,"q9_case1",684,256,2304,589824,589824,1,174849,524288,2,1,589824,589310,0.000364,0.000000,0.000161,0.000022,0.000273,0.000336,0.000245,0.000883,0.001412,0.001660,0.000069,0.004194,0.001293,0.000000,0.002473,0.000424,0.000023,0.000090,0.006941
1,2,9,"q9_case1",685,256,2304,589824,589824,1,175105,524288,2,1,589824,589178,0.000367,0.000000,0.000173,0.000022,0.000264,0.000342,0.000242,0.000867,0.001419,0.001635,0.000063,0.004222,0.001321,0.000000,0.002525,0.000417,0.000015,0.000075,0.007011
1,2,9,"q9_case1",686,256,2304,589824,589824,1,175361,524288,2,1,589824,589208,0.000361,0.000000,0.000153,0.000024,0.000249,0.000342,0.000226,0.000878,0.001367,0.001649,0.000058,0.004162,0.001418,0.000000,0.002458,0.000429,0.000021,0.000079,0.007006
1,2,9,"q9_case1",687,256,2304,589824,589824,1,175617,524288,2,1,589824,589242,0.000364,0.000000,0.000148,0.000022,0.000280,0.000343,0.000206,0.000911,0.001432,0.001653,0.000060,0.004167,0.001298,0.000000,0.002456,0.000432,0.000016,0.000082,0.006968
1,2,9,"q9_case1",688,256,2304,589824,589824,1,175873,524288,2,1,589824,589371,0.000375,0.000000,0.000176,0.000025,0.000272,0.000341,0.000270,0.000910,0.001471,0.001664,0.000067,0.004319,0.001316,0.000000,0.002591,0.000416,0.000024,0.000089,0.007066
1,2,9,"q9_case1",689,256,2304,589824,589824,1,176129,524288,2,1,589824,589371,0.000368,0.000000,0.000203,0.000022,0.000272,0.000344,0.000217,0.000902,0.001424,0.001623,0.000059,0.004252,0.001298,0.000000,0.002571,0.000418,0.000014,0.000079,0.006975
1,2,9,"q9_case1",690,256,2304,589824,589824,1,176385,524288,2,1,589824,589375,0.000366,0.000000,0.000134,0.000024,0.000283,0.000349,0.000315,0.000896,0.001545,0.001597,0.000067,0.004252,0.001303,0.000000,0.002590,0.000427,0.000031,0.000082,0.006925
1,2,9,"q9_case1",691,256,2304,589824,589824,1,176641,524288,2,1,589824,589350,0.000365,0.000000,0.000242,0.000047,0.000248,0.000344,0.000259,0.000893,0.001403,0.001644,0.000067,0.004282,0.001321,0.000000,0.002574,0.000423,0.000017,0.000082,0.007095
1,2,9,"q9_case1",692,256,2304,589824,589824,1,176897,524288,2,1,589824,589090,0.000358,0.000000,0.000181,0.000025,0.000248,0.000338,0.000247,0.000899,0.001405,0.001623,0.000048,0.004151,0.001298,0.000000,0.002482,0.000415,0.000022,0.000085,0.006876
1,2,9,"q9_case1",693,256,2304,589824,589824,1,177153,524288,2,1,589824,589111,0.000358,0.000000,0.000147,0.000022,0.000280,0.000342,0.000177,0.000886,0.001341,0.001644,0.000054,0.004063,0.001297,0.000000,0.002367,0.000420,0.000014,0.000081,0.006797
1,2,9,"q9_case1",694,256,2304,589824,589824,1,177409,524288,2,1,589824,589170,0.000356,0.000000,0.000153,0.000020,0.000274,0.000342,0.000231,0.000879,0.001450,0.001635,0.000046,0.004163,0.001299,0.000000,0.002484,0.000464,0.000021,0.000073,0.006915
1,2,9,"q9_case1",695,256,2304,589824,589824,1,177665,524288,2,1,589824,589266,0.000356,0.000000,0.000176,0.000045,0.000278,0.000340,0.000210,0.000906,0.001412,0.001606,0.000044,0.004149,0.001308,0.000000,0.002502,0.000412,0.000015,0.000074,0.006887
1,2,9,"q9_case1",696,256,2304,589824,589824,1,177921,524288,2,1,589824,589279,0.000358,0.000000,0.000196,0.000024,0.000275,0.000379,0.000252,0.000889,0.001491,0.001626,0.000064,0.004287,0.001305,0.000000,0.002598,0.000417,0.000028,0.000112,0.007039
1,2,9,"q9_case1",697,256,2304,589824,589824,1,178177,524288,2,1,589824,589247,0.000357,0.000000,0.000163,0.000021,0.000272,0.000381,0.000255,0.000902,0.001516,0.001601,0.000066,0.004224,0.001285,0.000000,0.002559,0.000422,0.000015,0.000078,0.006935
1,2,9,"q9_case1",698,256,2304,589824,589824,1,178433,524288,2,1,589824,589263,0.000360,0.000001,0.000340,0.000020,0.000272,0.000381,0.000255,0.000860,0.001454,0.001574,0.000057,0.004323,0.001314,0.000000,0.002694,0.000423,0.000019,0.000088,0.007019
1,2,9,"q9_case1",699,256,2304,589824,589824,1,178689,524288,2,1,589824,589287,0.000362,0.000000,0.000132,0.000041,0.000268,0.000449,0.000242,0.000906,0.001555,0.001548,0.000049,0.004210,0.001293,0.000000,0.002615,0.000421,0.000016,0.000074,0.006854
1,2,9,"q9_case1",700,256,2304,589824,589824,1,178945,524288,2,1,589824,589149,0.000359,0.000000,0.000134,0.000025,0.000259,0.000440,0.000283,0.000918,0.001582,0.001652,0.000063,0.004302,0.001300,0.000000,0.002589,0.000428,0.000028,0.000072,0.007001
1,2,9,"q9_case1",701,256,2304,589824,589824,1,179201,524288,2,1,589824,589166,0.000363,0.000000,0.000213,0.000026,0.000265,0.000437,0.000252,0.000899,0.001540,0.001646,0.000059,0.004354,0.001299,0.000000,0.002652,0.000415,0.000017,0.000094,0.007102
1,2,9,"q9_case1",702,256,2304,589824,589824,1,179457,524288,2,1,589824,589315,0.000360,0.000000,0.000183,0.000024,0.000289,0.000435,0.000163,0.000894,0.001445,0.001653,0.000063,0.004270,0.001298,0.000000,0.002556,0.000417,0.000020,0.000075,0.006945
1,2,9,"q9_case1",703,256,2304,589824,589824,1,179713,524288,2,1,589824,589303,0.000360,0.000000,0.000188,0.000023,0.000249,0.000431,0.000275,0.000902,0.001564,0.001613,0.000049,0.004282,0.001299,0.000000,0.002622,0.000405,0.000016,0.000079,0.006984
1,2,9,"q9_case1",704,256,2304,589824,589824,1,179969,524288,2,1,589824,589314,0.000364,0.000000,0.000165,0.000024,0.000274,0.000426,0.000221,0.000884,0.001498,0.001578,0.000050,0.004162,0.001292,0.000000,0.002536,0.000405,0.000023,0.000102,0.006810
1,2,9,"q9_case1",705,256,2304,589824,589824,1,180225,524288,2,1,589824,589278,0.000357,0.000000,0.000183,0.000021,0.000266,0.000426,0.000288,0.000870,0.001516,0.001557,0.000056,0.004219,0.001290,0.000000,0.002608,0.000413,0.000014,0.000072,0.006829
1,2,9,"q9_case1",706,256,2304,589824,589824,1,180481,524288,2,1,589824,589259,0.000358,0.000000,0.000152,0.000022,0.000280,0.000429,0.000221,0.000907,0.001499,0.001570,0.000046,0.004137,0.001289,0.000000,0.002523,0.000415,0.000019,0.000090,0.006757
1,2,9,"q9_case1",707,256,2304,589824,589824,1,180737,524288,2,1,589824,589237,0.000357,0.000000,0.000144,0.000020,0.000259,0.000424,0.000201,0.000867,0.001447,0.001547,0.000049,0.004064,0.001292,0.000000,0.002470,0.000423,0.000015,0.000075,0.006676
1,2,9,"q9_case1",708,256,2304,589824,589824,1,180993,524288,2,1,589824,589288,0.000360,0.000000,0.000181,0.000027,0.000269,0.000428,0.000286,0.000886,0.001591,0.001449,0.000053,0.004130,0.001303,0.000000,0.002630,0.000426,0.000022,0.000086,0.006696
1,2,9,"q9_case1",709,256,2304,589824,589824,1,181249,524288,2,1,589824,589334,0.000357,0.000000,0.000179,0.000023,0.000264,0.000439,0.000268,0.000873,0.001534,0.001564,0.000061,0.004220,0.001295,0.000000,0.002597,0.000403,0.000014,0.000076,0.006833
1,2,9,"q9_case1",710,256,2304,589824,589824,1,181505,524288,2,1,589824,589223,0.000359,0.000000,0.000146,0.000022,0.000288,0.000435,0.000207,0.000896,0.001493,0.001567,0.000060,0.004153,0.001297,0.000000,0.002528,0.000429,0.000022,0.000081,0.006804
1,2,9,"q9_case1",711,256,2304,589824,589824,1,181761,524288,2,1,589824,589233,0.000364,0.000000,0.000193,0.000025,0.000271,0.000430,0.000283,0.000908,0.001563,0.001567,0.000058,0.004370,0.001298,0.000000,0.002748,0.000424,0.000015,0.000074,0.007011
1,2,9,"q9_case1",712,256,2304,589824,589824,1,182017,524288,2,1,589824,589215,0.000360,0.000000,0.000189,0.000021,0.000258,0.000435,0.000264,0.000904,0.001532,0.001585,0.000071,0.004247,0.001305,0.000000,0.002593,0.000425,0.000022,0.000090,0.006914
1,2,9,"q9_case1",713,256,2304,589824,589824,1,182273,524288,2,1,589824,589171,0.000358,0.000000,0.000128,0.000027,0.000261,0.000437,0.000198,0.000903,0.001476,0.001573,0.000060,0.004117,0.001313,0.000000,0.002485,0.000420,0.000014,0.000079,0.006788
1,2,9,"q9_case1",714,256,2304,589824,589824,1,182529,524288,2,1,589824,589136,0.000364,0.000000,0.000217,0.000023,0.000262,0.000431,0.000249,0.000906,0.001525,0.001589,0.000054,0.004309,0.001306,0.000000,0.002668,0.000471,0.000021,0.000080,0.007045
1,2,9,"q9_case1",715,256,2304,589824,589824,1,182785,524288,2,1,589824,589087,0.000358,0.000000,0.000158,0.000028,0.000246,0.000428,0.000275,0.000893,0.001536,0.001598,0.000057,0.004243,0.001316,0.000000,0.002590,0.000423,0.000014,0.000075,0.006913
1,2,9,"q9_case1",716,256,2304,589824,589824,1,183041,524288,2,1,589824,589055,0.000364,0.000000,0.000122,0.000055,0.000277,0.000426,0.000230,0.000907,0.001550,0.001579,0.000053,0.004242,0.001301,0.000000,0.002612,0.000421,0.000020,0.000080,0.006917
1,2,9,"q9_case1",717,256,2304,589824,589824,1,183297,524288,2,1,589824,589089,0.000359,0.000000,0.000222,0.000024,0.000262,0.000422,0.000296,0.000913,0.001593,0.001612,0.000056,0.004350,0.001313,0.000000,0.002684,0.000438,0.000017,0.000082,0.007047
1,2,9,"q9_case1",718,256,2304,589824,589824,1,183553,524288,2,1,589824,589114,0.000359,0.000000,0.000214,0.000028,0.000298,0.000430,0.000277,0.000924,0.001633,0.001579,0.000063,0.004365,0.001306,0.000000,0.002725,0.000434,0.000022,0.000076,0.007037
1,2,9,"q9_case1",719,256,2304,589824,589824,1,183809,524288,2,1,589824,589152,0.000360,0.000000,0.000147,0.000025,0.000255,0.000422,0.000263,0.000918,0.001541,0.001594,0.000057,0.004223,0.001308,0.000000,0.002574,0.000430,0.000016,0.000075,0.006903
1,2,9,"q9_case1",720,256,2304,589824,589824,1,184065,524288,2,1,589824,589186,0.000360,0.000000,0.000128,0.000028,0.000264,0.000404,0.000165,0.000895,0.001418,0.001586,0.000060,0.004095,0.001309,0.000000,0.002450,0.000423,0.000021,0.000075,0.006739
1,2,9,"q9_case1",721,256,2304,589824,589824,1,184321,524288,2,1,589824,589269,0.000366,0.000000,0.000159,0.000025,0.000265,0.000365,0.000212,0.000874,0.001408,0.001393,0.000068,0.003940,0.001324,0.000000,0.002480,0.000418,0.000017,0.000102,0.006482
1,2,9,"q9_case1",722,256,2304,589824,589824,1,184577,524288,2,1,589824,589261,0.000361,0.000000,0.000240,0.000029,0.000256,0.000462,0.000191,0.000857,0.001486,0.001187,0.000053,0.003876,0.001316,0.000000,0.002638,0.000428,0.000021,0.000078,0.006228
1,2,9,"q9_case1",723,256,2304,589824,589824,1,184833,524288,2,1,589824,589210,0.000362,0.000000,0.000145,0.000037,0.000260,0.000435,0.000245,0.000875,0.001520,0.001436,0.000051,0.004053,0.001314,0.000000,0.002568,0.000420,0.000015,0.000079,0.006590
1,2,9,"q9_case1",724,256,2304,589824,589824,1,185089,524288,2,1,589824,589255,0.000359,0.000000,0.000198,0.000021,0.000259,0.000390,0.000256,0.000879,0.001507,0.001366,0.000060,0.003999,0.001308,0.000000,0.002575,0.000436,0.000022,0.000086,0.006494
1,2,9,"q9_case1",725,256,2304,589824,589824,1,185345,524288,2,1,589824,589282,0.000364,0.000000,0.000154,0.000022,0.000259,0.000361,0.000260,0.000844,0.001387,0.001174,0.000048,0.003663,0.001317,0.000000,0.002442,0.000418,0.000014,0.000077,0.006005
1,2,9,"q9_case1",726,256,2304,589824,589824,1,185601,524288,2,1,589824,589376,0.000365,0.000000,0.000159,0.000026,0.000257,0.000367,0.000233,0.000843,0.001413,0.001136,0.000045,0.003644,0.001298,0.000000,0.002465,0.000412,0.000020,0.000075,0.005937
1,2,9,"q9_case1",727,256,2304,589824,589824,1,185857,524288,2,1,589824,589499,0.000358,0.000000,0.000141,0.000024,0.000271,0.000463,0.000260,0.000855,0.001534,0.001260,0.000045,0.003831,0.001306,0.000000,0.002527,0.000414,0.000016,0.000076,0.006248
1,2,9,"q9_case1",728,256,2304,589824,589824,1,186113,524288,2,1,589824,589527,0.000359,0.000000,0.000180,0.000021,0.000287,0.000432,0.000196,0.000869,0.001439,0.001253,0.000044,0.003830,0.001307,0.000000,0.002535,0.000422,0.000022,0.000088,0.006247
1,2,9,"q9_case1",729,256,2304,589824,589824,1,186369,524288,2,1,589824,589477,0.000354,0.000000,0.000187,0.000022,0.000263,0.000395,0.000280,0.000827,0.001467,0.001208,0.000051,0.003775,0.001295,0.000000,0.002518,0.000407,0.000014,0.000076,0.006105
1,2,9,"q9_case1",730,256,2304,589824,589824,1,186625,524288,2,1,589824,589437,0.000363,0.000000,0.000211,0.000024,0.000276,0.000383,0.000247,0.000860,0.001444,0.001210,0.000054,0.003798,0.001308,0.000000,0.002536,0.000418,0.000023,0.000102,0.006189
1,2,9,"q9_case1",731,256,2304,589824,589824,1,186881,524288,2,1,589824,589488,0.000355,0.000000,0.000221,0.000023,0.000248,0.000369,0.000283,0.000847,0.001424,0.001171,0.000049,0.003791,0.001306,0.000000,0.002573,0.000414,0.000014,0.000078,0.006136
1,2,9,"q9_case1",732,256,2304,589824,589824,1,187137,524288,2,1,589824,589458,0.000355,0.000000,0.000123,0.000022,0.000250,0.000361,0.000250,0.000841,0.001373,0.001164,0.000048,0.003588,0.001311,0.000000,0.002379,0.000420,0.000021,0.000081,0.005933
1,2,9,"q9_case1",733,256,2304,589824,589824,1,187393,524288,2,1,589824,589512,0.000357,0.000000,0.000128,0.000024,0.000258,0.000363,0.000237,0.000820,0.001390,0.001147,0.000045,0.003595,0.001296,0.000000,0.002405,0.000410,0.000014,0.000074,0.005911
1,2,9,"q9_case1",734,256,2304,589824,589824,1,187649,524288,2,1,589824,589538,0.000354,0.000000,0.000174,0.000046,0.000310,0.000366,0.000255,0.000851,0.001456,0.001091,0.000046,0.003717,0.001304,0.000000,0.002581,0.000411,0.000019,0.000072,0.006011
1,2,9,"q9_case1",735,256,2304,589824,589824,1,187905,524288,2,1,589824,589522,0.000358,0.000000,0.000126,0.000026,0.000266,0.000444,0.000262,0.000847,0.001498,0.001161,0.000045,0.003715,0.001297,0.000000,0.002511,0.000420,0.000015,0.000075,0.006037
1,2,9,"q9_case1",736,256,2304,589824,589824,1,188161,524288,2,1,589824,589448,0.000353,0.000000,0.000145,0.000025,0.000261,0.000434,0.000211,0.000875,0.001496,0.001255,0.000046,0.003837,0.001297,0.000000,0.002538,0.000421,0.000021,0.000074,0.006224
1,2,9,"q9_case1",737,256,2304,589824,589824,1,188417,524288,2,1,589824,589517,0.000355,0.000000,0.000151,0.000022,0.000315,0.000398,0.000281,0.000882,0.001628,0.001273,0.000056,0.003975,0.001302,0.000000,0.002648,0.000412,0.000016,0.000087,0.006402
1,2,9,"q9_case1",738,256,2304,589824,589824,1,188673,524288,2,1,589824,589501,0.000352,0.000000,0.000143,0.000022,0.000270,0.000380,0.000215,0.000854,0.001383,0.001248,0.000045,0.003691,0.001293,0.000000,0.002400,0.000423,0.000020,0.000078,0.006070
1,2,9,"q9_case1",739,256,2304,589824,589824,1,188929,524288,2,1,589824,589462,0.000354,0.000000,0.000191,0.000028,0.000274,0.000375,0.000264,0.000846,0.001432,0.001233,0.000047,0.003798,0.001314,0.000000,0.002520,0.000430,0.000015,0.000076,0.006254
1,2,9,"q9_case1",740,256,2304,589824,589824,1,189185,524288,2,1,589824,589474,0.000357,0.000000,0.000179,0.000021,0.000262,0.000367,0.000271,0.000848,0.001440,0.001218,0.000046,0.003731,0.001297,0.000000,0.002468,0.000426,0.000021,0.000074,0.006146
1,2,9,"q9_case1",741,256,2304,589824,589824,1,189441,524288,2,1,589824,589503,0.000361,0.000000,0.000184,0.000025,0.000258,0.000354,0.000219,0.000846,0.001396,0.001196,0.000045,0.003692,0.001306,0.000000,0.002454,0.000417,0.000016,0.000088,0.006114
1,2,9,"q9_case1",742,256,2304,589824,589824,1,189697,524288,2,1,589824,589408,0.000353,0.000000,0.000188,0.000025,0.000284,0.000460,0.000370,0.000844,0.001679,0.001170,0.000065,0.003976,0.001293,0.000000,0.002742,0.000426,0.000023,0.000078,0.006305
1,2,9,"q9_case1",743,256,2304,589824,589824,1,189953,524288,2,1,589824,589435,0.000355,0.000000,0.000253,0.000022,0.000262,0.000460,0.000259,0.000845,0.001538,0.001275,0.000053,0.003985,0.001315,0.000000,0.002659,0.000414,0.000015,0.000081,0.006446
1,2,9,"q9_case1",744,256,2304,589824,589824,1,190209,524288,2,1,589824,589525,0.000362,0.000000,0.000147,0.000038,0.000256,0.000386,0.000256,0.000880,0.001470,0.001208,0.000047,0.003767,0.001308,0.000000,0.002514,0.000412,0.000021,0.000075,0.006129
1,2,9,"q9_case1",745,256,2304,589824,589824,1,190465,524288,2,1,589824,589526,0.000352,0.000000,0.000236,0.000023,0.000295,0.000369,0.000221,0.000855,0.001421,0.001191,0.000046,0.003792,0.001306,0.000000,0.002557,0.000422,0.000017,0.000090,0.006194
1,2,9,"q9_case1",746,256,2304,589824,589824,1,190721,524288,2,1,589824,589482,0.000354,0.000000,0.000211,0.000024,0.000256,0.000366,0.000268,0.000849,0.001422,0.001201,0.000048,0.003775,0.001301,0.000000,0.002528,0.000411,0.000020,0.000076,0.006100
1,2,9,"q9_case1",747,256,2304,589824,589824,1,190977,524288,2,1,589824,589528,0.000371,0.000000,0.000153,0.000023,0.000257,0.000358,0.000259,0.000871,0.001429,0.001220,0.000053,0.003752,0.001315,0.000000,0.002481,0.000412,0.000016,0.000079,0.006154
1,2,9,"q9_case1",748,256,2304,589824,589824,1,191233,524288,2,1,589824,589483,0.000355,0.000000,0.000132,0.000022,0.000247,0.000363,0.000218,0.000847,0.001390,0.001163,0.000043,0.003602,0.001305,0.000000,0.002399,0.000432,0.000022,0.000078,0.005971
1,2,9,"q9_case1",749,256,2304,589824,589824,1,191489,524288,2,1,589824,589444,0.000354,0.000000,0.000205,0.000026,0.000294,0.000373,0.000237,0.000840,0.001502,0.001125,0.000044,0.003712,0.001308,0.000000,0.002545,0.000412,0.000016,0.000073,0.006024
1,2,9,"q9_case1",750,256,2304,589824,589824,1,191745,524288,2,1,589824,589538,0.000353,0.000000,0.000115,0.000023,0.000282,0.000372,0.000190,0.000827,0.001356,0.001069,0.000047,0.003470,0.001303,0.000000,0.002356,0.000412,0.000019,0.000082,0.005768
1,2,9,"q9_case1",751,256,2304,589824,589824,1,192001,524288,2,1,589824,589548,0.000354,0.000000,0.000129,0.000023,0.000255,0.000453,0.000262,0.000842,0.001518,0.001195,0.000054,0.003771,0.001296,0.000000,0.002524,0.000425,0.000015,0.000074,0.006128
1,2,9,"q9_case1",752,256,2304,589824,589824,1,192257,524288,2,1,589824,589554,0.000355,0.000000,0.000209,0.000024,0.000262,0.000431,0.000273,0.000840,0.001521,0.001192,0.000046,0.003863,0.001313,0.000000,0.002626,0.000417,0.000023,0.000073,0.006242
1,2,9,"q9_case1",753,256,2304,589824,589824,1,192513,524288,2,1,589824,589554,0.000355,0.000000,0.000174,0.000021,0.000274,0.000391,0.000290,0.000850,0.001451,0.001198,0.000048,0.003763,0.001298,0.000000,0.002519,0.000415,0.000017,0.000078,0.006140
1,2,9,"q9_case1",754,256,2304,589824,589824,1,192769,524288,2,1,589824,589544,0.000360,0.000000,0.000138,0.000036,0.000259,0.000384,0.000267,0.000858,0.001460,0.001255,0.000046,0.003820,0.001301,0.000000,0.002521,0.000413,0.000021,0.000093,0.006233
1,2,9,"q9_case1",755,256,2304,589824,589824,1,193025,524288,2,1,589824,589539,0.000353,0.000000,0.000123,0.000028,0.000318,0.000377,0.000215,0.000859,0.001496,0.001177,0.000053,0.003719,0.001308,0.000000,0.002492,0.000425,0.000016,0.000079,0.006080
1,2,9,"q9_case1",756,256,2304,589824,589824,1,193281,524288,2,1,589824,589460,0.000354,0.000000,0.000124,0.000023,0.000256,0.000372,0.000202,0.000832,0.001347,0.001132,0.000045,0.003530,0.001312,0.000000,0.002354,0.000407,0.000020,0.000075,0.005853
1,2,9,"q9_case1",757,256,2304,589824,589824,1,193537,524288,2,1,589824,589503,0.000353,0.000000,0.000154,0.000024,0.000271,0.000356,0.000238,0.000811,0.001329,0.001103,0.000042,0.003523,0.001314,0.000000,0.002380,0.000418,0.000015,0.000077,0.005850
1,2,9,"q9_case1",758,256,2304,589824,589824,1,193793,524288,2,1,589824,589496,0.000354,0.000000,0.000125,0.000023,0.000265,0.000363,0.000271,0.000813,0.001415,0.001086,0.000053,0.003585,0.001301,0.000000,0.002448,0.000411,0.000021,0.000086,0.005880
1,2,9,"q9_case1",759,256,2304,589824,589824,1,194049,524288,2,1,589824,589537,0.000355,0.000000,0.000175,0.000039,0.000277,0.000459,0.000262,0.000832,0.001500,0.001122,0.000050,0.003752,0.001321,0.000000,0.002582,0.000423,0.000015,0.000076,0.006072
1,2,9,"q9_case1",760,256,2304,589824,589824,1,194305,524288,2,1,589824,589482,0.000353,0.000000,0.000159,0.000023,0.000264,0.000430,0.000290,0.000860,0.001522,0.001190,0.000047,0.003792,0.001305,0.000000,0.002557,0.000414,0.000020,0.000077,0.006163
1,2,9,"q9_case1",761,256,2304,589824,589824,1,194561,524288,2,1,589824,589510,0.000353,0.000000,0.000136,0.000024,0.000277,0.000398,0.000241,0.000888,0.001477,0.001249,0.000044,0.003805,0.001311,0.000000,0.002514,0.000415,0.000014,0.000074,0.006220
1,2,9,"q9_case1",762,256,2304,589824,589824,1,194817,524288,2,1,589824,589524,0.000354,0.000000,0.000169,0.000044,0.000248,0.000385,0.000256,0.000847,0.001455,0.001195,0.000053,0.003760,0.001310,0.000000,0.002514,0.000416,0.000028,0.000110,0.006153
1,2,9,"q9_case1",763,256,2304,589824,589824,1,195073,524288,2,1,589824,589471,0.000353,0.000000,0.000201,0.000041,0.000254,0.000365,0.000224,0.000855,0.001443,0.001156,0.000051,0.003760,0.001310,0.000000,0.002556,0.000410,0.000015,0.000073,0.006097
1,2,9,"q9_case1",764,256,2304,589824,589824,1,195329,524288,2,1,589824,589478,0.000354,0.000000,0.000167,0.000022,0.000263,0.000363,0.000237,0.000824,0.001378,0.001121,0.000042,0.003592,0.001309,0.000000,0.002431,0.000409,0.000020,0.000075,0.005910
1,2,9,"q9_case1",765,256,2304,589824,589824,1,195585,524288,2,1,589824,589493,0.000354,0.000000,0.000187,0.000022,0.000258,0.000363,0.000278,0.000822,0.001431,0.001137,0.000050,0.003651,0.001303,0.000000,0.002466,0.000412,0.000015,0.000079,0.005963
1,2,9,"q9_case1",766,256,2304,589824,589824,1,195841,524288,2,1,589824,589507,0.000353,0.000000,0.000141,0.000024,0.000255,0.000461,0.000168,0.000821,0.001379,0.001071,0.000041,0.003498,0.001306,0.000000,0.002387,0.000413,0.000020,0.000075,0.005768
1,2,9,"q9_case1",767,256,2304,589824,589824,1,196097,524288,2,1,589824,589470,0.000356,0.000000,0.000161,0.000022,0.000265,0.000432,0.000236,0.000862,0.001494,0.001185,0.000047,0.003747,0.001304,0.000000,0.002517,0.000430,0.000016,0.000078,0.006133
1,2,9,"q9_case1",768,256,2304,589824,589824,1,196353,524288,2,1,589824,589521,0.000360,0.000000,0.000189,0.000019,0.000273,0.000396,0.000214,0.000876,0.001438,0.001224,0.000046,0.003765,0.001316,0.000000,0.002496,0.000418,0.000025,0.000108,0.006180
1,2,9,"q9_case1",769,256,2304,589824,589824,1,196609,524288,2,1,589824,589521,0.000356,0.000000,0.000190,0.000022,0.000278,0.000375,0.000210,0.000827,0.001362,0.001160,0.000050,0.003653,0.001314,0.000000,0.002445,0.000405,0.000015,0.000078,0.005989
1,2,9,"q9_case1",770,256,2304,589824,589824,1,196865,524288,2,1,589824,589479,0.000357,0.000000,0.000148,0.000025,0.000265,0.000363,0.000262,0.000841,0.001435,0.001167,0.000044,0.003645,0.001307,0.000000,0.002436,0.000402,0.000021,0.000081,0.005982
1,2,9,"q9_case1",771,256,2304,589824,589824,1,197121,524288,2,1,589824,589462,0.000360,0.000000,0.000169,0.000023,0.000256,0.000371,0.000242,0.000824,0.001402,0.001116,0.000044,0.003600,0.001298,0.000000,0.002442,0.000418,0.000015,0.000072,0.005921
1,2,9,"q9_case1",772,256,2304,589824,589824,1,197377,524288,2,1,589824,589521,0.000363,0.000000,0.000140,0.000042,0.000279,0.000361,0.000203,0.000827,0.001336,0.001114,0.000045,0.003526,0.001296,0.000000,0.002369,0.000420,0.000021,0.000090,0.005843
1,2,9,"q9_case1",773,256,2304,589824,589824,1,197633,524288,2,1,589824,589414,0.000364,0.000000,0.000139,0.000038,0.000259,0.000445,0.000232,0.000831,0.001469,0.001098,0.000047,0.003665,0.001306,0.000000,0.002522,0.000419,0.000014,0.000075,0.005960
1,2,9,"q9_case1",774,256,2304,589824,589824,1,197889,524288,2,1,589824,589510,0.000364,0.000000,0.000208,0.000024,0.000272,0.000439,0.000191,0.000803,0.001410,0.001154,0.000051,0.003720,0.001306,0.000000,0.002517,0.000420,0.000020,0.000077,0.006048
1,2,9,"q9_case1",775,256,2304,589824,589824,1,198145,524288,2,1,589824,589446,0.000364,0.000000,0.000156,0.000024,0.000245,0.000424,0.000266,0.000853,0.001471,0.001194,0.000056,0.003757,0.001303,0.000000,0.002509,0.000422,0.000015,0.000075,0.006117
1,2,9,"q9_case1",776,256,2304,589824,589824,1,198401,524288,2,1,589824,589510,0.000365,0.000000,0.000180,0.000025,0.000273,0.000388,0.000229,0.000835,0.001425,0.001203,0.000048,0.003728,0.001322,0.000000,0.002478,0.000409,0.000022,0.000092,0.006099
1,2,9,"q9_case1",777,256,2304,589824,589824,1,198657,524288,2,1,589824,589541,0.000358,0.000000,0.000174,0.000022,0.000244,0.000375,0.000221,0.000842,0.001369,0.001232,0.000048,0.003672,0.001296,0.000000,0.002394,0.000425,0.000013,0.000074,0.005980
1,2,9,"q9_case1",778,256,2304,589824,589824,1,198913,524288,2,1,589824,589497,0.000364,0.000000,0.000156,0.000030,0.000272,0.000362,0.000193,0.000842,0.001451,0.001183,0.000044,0.003736,0.001300,0.000000,0.002511,0.000409,0.000021,0.000077,0.006057
1,2,9,"q9_case1",779,256,2304,589824,589824,1,199169,524288,2,1,589824,589539,0.000362,0.000000,0.000160,0.000028,0.000275,0.000369,0.000240,0.000837,0.001415,0.001133,0.000041,0.003624,0.001293,0.000000,0.002452,0.000404,0.000014,0.000075,0.005929
1,2,9,"q9_case1",780,256,2304,589824,589824,1,199425,524288,2,1,589824,589416,0.000362,0.000000,0.000139,0.000020,0.000270,0.000365,0.000178,0.000823,0.001309,0.001108,0.000041,0.003472,0.001290,0.000000,0.002324,0.000415,0.000020,0.000092,0.005779
1,2,9,"q9_case1",781,256,2304,589824,589824,1,199681,524288,2,1,589824,589511,0.000363,0.000000,0.000148,0.000021,0.000271,0.000464,0.000220,0.000834,0.001502,0.001146,0.000043,0.003760,0.001298,0.000000,0.002573,0.000418,0.000014,0.000078,0.006080
1,2,9,"q9_case1",782,256,2304,589824,589824,1,199937,524288,2,1,589824,589540,0.000359,0.000000,0.000159,0.000038,0.000248,0.000440,0.000248,0.000810,0.001433,0.001176,0.000074,0.003706,0.001300,0.000000,0.002458,0.000420,0.000025,0.000156,0.006198
1,2,9,"q9_case1",783,256,2304,589824,589824,1,200193,524288,2,1,589824,589417,0.000363,0.000000,0.000198,0.000023,0.000277,0.000430,0.000266,0.000849,0.001542,0.001255,0.000052,0.003913,0.001314,0.000000,0.002608,0.000412,0.000015,0.000079,0.006328
1,2,9,"q9_case1",784,256,2304,589824,589824,1,200449,524288,2,1,589824,589503,0.000361,0.000000,0.000197,0.000023,0.000245,0.000384,0.000347,0.000872,0.001549,0.001259,0.000046,0.003957,0.001305,0.000000,0.002654,0.000409,0.000022,0.000079,0.006356
1,2,9,"q9_case1",785,256,2304,589824,589824,1,200705,524288,2,1,589824,589537,0.000368,0.000000,0.000132,0.000022,0.000258,0.000365,0.000269,0.000855,0.001478,0.001215,0.000047,0.003755,0.001302,0.000000,0.002495,0.000416,0.000015,0.000078,0.006110
1,2,9,"q9_case1",786,256,2304,589824,589824,1,200961,524288,2,1,589824,589472,0.000372,0.000000,0.000151,0.000026,0.000266,0.000361,0.000238,0.000851,0.001442,0.001194,0.000047,0.003739,0.001309,0.000000,0.002500,0.000418,0.000026,0.000112,0.006128
1,2,9,"q9_case1",787,256,2304,589824,589824,1,201217,524288,2,1,589824,589478,0.000361,0.000000,0.000159,0.000024,0.000244,0.000361,0.000222,0.000836,0.001368,0.001143,0.000046,0.003582,0.001305,0.000000,0.002396,0.000418,0.000015,0.000078,0.005896
1,2,9,"q9_case1",788,256,2304,589824,589824,1,201473,524288,2,1,589824,589454,0.000365,0.000000,0.000146,0.000022,0.000273,0.000361,0.000301,0.000841,0.001427,0.001134,0.000060,0.003693,0.001319,0.000000,0.002501,0.000432,0.000025,0.000081,0.006040
1,2,9,"q9_case1",789,256,2304,589824,589824,1,201729,524288,2,1,589824,589380,0.000365,0.000000,0.000247,0.000026,0.000275,0.000456,0.000219,0.000846,0.001507,0.001326,0.000051,0.004064,0.001330,0.000000,0.002688,0.000423,0.000016,0.000079,0.006567
1,2,9,"q9_case1",790,256,2304,589824,589824,1,201985,524288,2,1,589824,589485,0.000367,0.000000,0.000207,0.000025,0.000290,0.000410,0.000248,0.000884,0.001513,0.001306,0.000052,0.003973,0.001309,0.000000,0.002618,0.000441,0.000023,0.000094,0.006443
1,2,9,"q9_case1",791,256,2304,589824,589824,1,202241,524288,2,1,589824,589507,0.000362,0.000000,0.000180,0.000024,0.000264,0.000382,0.000258,0.000849,0.001432,0.001176,0.000052,0.003737,0.001313,0.000000,0.002511,0.000418,0.000015,0.000079,0.006099
1,2,9,"q9_case1",792,256,2304,589824,589824,1,202497,524288,2,1,589824,589410,0.000363,0.000000,0.000193,0.000030,0.000270,0.000367,0.000276,0.000849,0.001405,0.001185,0.000052,0.003747,0.001316,0.000000,0.002512,0.000411,0.000022,0.000085,0.006107
1,2,9,"q9_case1",793,256,2304,589824,589824,1,202753,524288,2,1,589824,589497,0.000400,0.000000,0.000146,0.000032,0.000248,0.000369,0.000252,0.000823,0.001388,0.001146,0.000046,0.003659,0.001321,0.000000,0.002469,0.000417,0.000016,0.000073,0.006000
1,2,9,"q9_case1",794,256,2304,589824,589824,1,203009,524288,2,1,589824,589455,0.000373,0.000000,0.000185,0.000026,0.000258,0.000363,0.000249,0.000849,0.001471,0.001133,0.000051,0.003752,0.001310,0.000000,0.002570,0.000437,0.000022,0.000099,0.006117
1,2,9,"q9_case1",795,256,2304,589824,589824,1,203265,524288,2,1,589824,589522,0.000370,0.000000,0.000136,0.000050,0.000272,0.000415,0.000182,0.000847,0.001373,0.001126,0.000048,0.003605,0.001319,0.000000,0.002433,0.000412,0.000015,0.000080,0.005885
1,2,9,"q9_case1",796,256,2304,589824,589824,1,203521,524288,2,1,589824,589507,0.000366,0.000000,0.000155,0.000024,0.000265,0.000433,0.000366,0.000831,0.001595,0.001150,0.000059,0.003876,0.001319,0.000000,0.002669,0.000436,0.000023,0.000077,0.006246
1,2,9,"q9_case1",797,256,2304,589824,589824,1,203777,524288,2,1,589824,589548,0.000367,0.000000,0.000141,0.000028,0.000243,0.000383,0.000296,0.000902,0.001512,0.001294,0.000060,0.003921,0.001319,0.000000,0.002570,0.000441,0.000020,0.000118,0.006426
1,2,9,"q9_case1",798,256,2304,589824,589824,1,204033,524288,2,1,589824,589559,0.000371,0.000000,0.000209,0.000026,0.000283,0.000370,0.000253,0.000876,0.001475,0.001177,0.000059,0.003845,0.001357,0.000000,0.002611,0.000422,0.000024,0.000082,0.006256
1,2,9,"q9_case1",799,256,2304,589824,589824,1,204289,524288,2,1,589824,589553,0.000369,0.000000,0.000247,0.000025,0.000275,0.000369,0.000206,0.000854,0.001356,0.001163,0.000055,0.003754,0.001332,0.000000,0.002539,0.000419,0.000016,0.000081,0.006135
1,2,9,"q9_case1",800,256,2304,589824,589824,1,204545,524288,2,1,589824,589534,0.000362,0.000000,0.000153,0.000024,0.000262,0.000419,0.000252,0.000826,0.001478,0.001175,0.000055,0.003742,0.001329,0.000000,0.002515,0.000419,0.000022,0.000079,0.006072
1,2,9,"q9_case1",801,256,2304,589824,589824,1,204801,524288,2,1,589824,589504,0.000367,0.000000,0.000144,0.000025,0.000261,0.000432,0.000197,0.000833,0.001405,0.001158,0.000051,0.003680,0.001326,0.000000,0.002473,0.000438,0.000016,0.000084,0.006038
1,2,9,"q9_case1",802,256,2304,589824,589824,1,205057,524288,2,1,589824,589550,0.000367,0.000000,0.000182,0.000025,0.000258,0.000377,0.000243,0.000828,0.001417,0.001160,0.000049,0.003691,0.001323,0.000000,0.002484,0.000430,0.000028,0.000111,0.006088
1,2,9,"q9_case1",803,256,2304,589824,589824,1,205313,524288,2,1,589824,589498,0.000360,0.000000,0.000181,0.000026,0.000292,0.000372,0.000263,0.000849,0.001437,0.001108,0.000056,0.003675,0.001327,0.000000,0.002514,0.000417,0.000016,0.000081,0.006045
1,2,9,"q9_case1",804,256,2304,589824,589824,1,205569,524288,2,1,589824,589529,0.000364,0.000000,0.000190,0.000022,0.000263,0.000429,0.000215,0.000838,0.001428,0.001191,0.000062,0.003778,0.001330,0.000000,0.002527,0.000445,0.000022,0.000083,0.006156
1,2,9,"q9_case1",805,256,2304,589824,589824,1,205825,524288,2,1,589824,589554,0.000361,0.000000,0.000192,0.000023,0.000262,0.000412,0.000237,0.000863,0.001447,0.001176,0.000057,0.003769,0.001336,0.000000,0.002538,0.000436,0.000018,0.000082,0.006198
1,2,9,"q9_case1",806,256,2304,589824,589824,1,206081,524288,2,1,589824,589514,0.000361,0.000000,0.000174,0.000028,0.000266,0.000401,0.000236,0.000840,0.001472,0.001233,0.000063,0.003871,0.001332,0.000000,0.002577,0.000436,0.000025,0.000094,0.006286
1,2,9,"q9_case1",807,256,2304,589824,589824,1,206337,524288,2,1,589824,589534,0.000361,0.000000,0.000138,0.000028,0.000269,0.000393,0.000205,0.000869,0.001461,0.001193,0.000060,0.003753,0.001331,0.000000,0.002502,0.000417,0.000016,0.000081,0.006173
1,2,9,"q9_case1",808,256,2304,589824,589824,1,206593,524288,2,1,589824,589468,0.000360,0.000000,0.000183,0.000025,0.000257,0.000380,0.000226,0.000907,0.001466,0.001247,0.000051,0.003823,0.001331,0.000000,0.002527,0.000433,0.000021,0.000079,0.006223
1,2,9,"q9_case1",809,256,2304,589824,589824,1,206849,524288,2,1,589824,589508,0.000362,0.000000,0.000161,0.000024,0.000269,0.000369,0.000243,0.000861,0.001450,0.001196,0.000050,0.003781,0.001328,0.000000,0.002537,0.000425,0.000016,0.000079,0.006192
1,2,9,"q9_case1",810,256,2304,589824,589824,1,207105,524288,2,1,589824,589404,0.000360,0.000000,0.000129,0.000043,0.000265,0.000369,0.000186,0.000861,0.001360,0.001194,0.000046,0.003609,0.001316,0.000000,0.002372,0.000417,0.000022,0.000096,0.006004
1,2,9,"q9_case1",811,256,2304,589824,589824,1,207361,524288,2,1,589824,589530,0.000359,0.000000,0.000148,0.000027,0.000269,0.000367,0.000284,0.000846,0.001496,0.001161,0.000053,0.003735,0.001307,0.000000,0.002523,0.000406,0.000016,0.000086,0.006108
1,2,9,"q9_case1",812,256,2304,589824,589824,1,207617,524288,2,1,589824,589374,0.000379,0.000000,0.000158,0.000021,0.000248,0.000450,0.000233,0.000824,0.001445,0.001167,0.000042,0.003731,0.001328,0.000000,0.002524,0.000406,0.000021,0.000079,0.006086
1,2,9,"q9_case1",813,256,2304,589824,589824,1,207873,524288,2,1,589824,589355,0.000358,0.000000,0.000149,0.000039,0.000256,0.000418,0.000216,0.000878,0.001468,0.001239,0.000048,0.003778,0.001301,0.000000,0.002493,0.000428,0.000016,0.000081,0.006224
1,2,9,"q9_case1",814,256,2304,589824,589824,1,208129,524288,2,1,589824,589527,0.000365,0.000000,0.000159,0.000027,0.000265,0.000374,0.000247,0.000859,0.001473,0.001226,0.000051,0.003785,0.001339,0.000000,0.002510,0.000428,0.000022,0.000084,0.006197
1,2,9,"q9_case1",815,256,2304,589824,589824,1,208385,524288,2,1,589824,589420,0.000365,0.000000,0.000155,0.000023,0.000266,0.000365,0.000260,0.000833,0.001422,0.001172,0.000048,0.003683,0.001323,0.000000,0.002466,0.000437,0.000016,0.000083,0.006112
1,2,9,"q9_case1",816,256,2304,589824,589824,1,208641,524288,2,1,589824,589426,0.000360,0.000000,0.000143,0.000027,0.000242,0.000368,0.000244,0.000858,0.001425,0.001177,0.000051,0.003708,0.001322,0.000000,0.002482,0.000414,0.000021,0.000081,0.006059
1,2,9,"q9_case1",817,256,2304,589824,589824,1,208897,524288,2,1,589824,589535,0.000365,0.000000,0.000205,0.000022,0.000246,0.000375,0.000311,0.000846,0.001514,0.001162,0.000050,0.003786,0.001329,0.000000,0.002576,0.000417,0.000016,0.000078,0.006211
1,2,9,"q9_case1",818,256,2304,589824,589824,1,209153,524288,2,1,589824,589396,0.000366,0.000000,0.000178,0.000020,0.000273,0.000441,0.000211,0.000817,0.001438,0.001152,0.000043,0.003671,0.001320,0.000000,0.002479,0.000407,0.000020,0.000081,0.005993
1,2,9,"q9_case1",819,256,2304,589824,589824,1,209409,524288,2,1,589824,589490,0.000363,0.000000,0.000239,0.000029,0.000289,0.000436,0.000212,0.000857,0.001448,0.001279,0.000063,0.003995,0.001310,0.000000,0.002655,0.000417,0.000018,0.000097,0.006502
1,2,9,"q9_case1",820,256,2304,589824,589824,1,209665,524288,2,1,589824,589384,0.000366,0.000000,0.000166,0.000023,0.000262,0.000437,0.000258,0.000887,0.001531,0.001366,0.000061,0.004016,0.001318,0.000000,0.002591,0.000442,0.000022,0.000083,0.006530
1,2,9,"q9_case1",821,256,2304,589824,589824,1,209921,524288,2,1,589824,589494,0.000365,0.000000,0.000169,0.000028,0.000247,0.000437,0.000226,0.000837,0.001466,0.001245,0.000050,0.003848,0.001323,0.000000,0.002556,0.000430,0.000017,0.000080,0.006307
1,2,9,"q9_case1",822,256,2304,589824,589824,1,210177,524288,2,1,589824,589425,0.000363,0.000000,0.000183,0.000021,0.000259,0.000421,0.000251,0.000856,0.001476,0.001200,0.000051,0.003816,0.001321,0.000000,0.002567,0.000430,0.000021,0.000080,0.006210
1,2,9,"q9_case1",823,256,2304,589824,589824,1,210433,524288,2,1,589824,589478,0.000361,0.000000,0.000175,0.000035,0.000252,0.000390,0.000301,0.000880,0.001567,0.001234,0.000053,0.003882,0.001313,0.000000,0.002597,0.000412,0.000018,0.000101,0.006330
1,2,9,"q9_case1",824,256,2304,589824,589824,1,210689,524288,2,1,589824,589494,0.000363,0.000000,0.000173,0.000027,0.000248,0.000364,0.000216,0.000849,0.001367,0.001181,0.000046,0.003687,0.001317,0.000000,0.002462,0.000418,0.000021,0.000076,0.006037
1,2,9,"q9_case1",825,256,2304,589824,589824,1,210945,524288,2,1,589824,589449,0.000366,0.000000,0.000148,0.000024,0.000259,0.000365,0.000237,0.000855,0.001445,0.001185,0.000046,0.003689,0.001322,0.000000,0.002459,0.000433,0.000015,0.000079,0.006100
1,2,9,"q9_case1",826,256,2304,589824,589824,1,211201,524288,2,1,589824,589540,0.000364,0.000000,0.000154,0.000023,0.000263,0.000455,0.000228,0.000841,0.001465,0.001185,0.000061,0.003758,0.001323,0.000000,0.002514,0.000425,0.000023,0.000085,0.006137
1,2,9,"q9_case1",827,256,2304,589824,589824,1,211457,524288,2,1,589824,589445,0.000360,0.000000,0.000195,0.000025,0.000249,0.000433,0.000245,0.000844,0.001479,0.001187,0.000057,0.003822,0.001329,0.000000,0.002581,0.000435,0.000018,0.000104,0.006273
1,2,9,"q9_case1",828,256,2304,589824,589824,1,211713,524288,2,1,589824,589485,0.000370,0.000000,0.000183,0.000023,0.000246,0.000425,0.000233,0.000857,0.001492,0.001246,0.000072,0.003896,0.001316,0.000000,0.002580,0.000415,0.000024,0.000094,0.006297
1,2,9,"q9_case1",829,256,2304,589824,589824,1,211969,524288,2,1,589824,589545,0.000365,0.000001,0.000211,0.000026,0.000244,0.000416,0.000227,0.000858,0.001476,0.001248,0.000050,0.003858,0.001334,0.000000,0.002563,0.000415,0.000017,0.000085,0.006288
1,2,9,"q9_case1",830,256,2304,589824,589824,1,212225,524288,2,1,589824,589479,0.000368,0.000000,0.000140,0.000041,0.000250,0.000370,0.000222,0.000858,0.001377,0.001221,0.000048,0.003735,0.001332,0.000000,0.002468,0.000422,0.000021,0.000083,0.006133
1,2,9,"q9_case1",831,256,2304,589824,589824,1,212481,524288,2,1,589824,589517,0.000363,0.000000,0.000201,0.000024,0.000262,0.000367,0.000270,0.000876,0.001468,0.001176,0.000052,0.003747,0.001319,0.000000,0.002521,0.000438,0.000016,0.000093,0.006150
1,2,9,"q9_case1",832,256,2304,589824,589824,1,212737,524288,2,1,589824,589505,0.000363,0.000000,0.000206,0.000026,0.000246,0.000445,0.000250,0.000821,0.001450,0.001205,0.000049,0.003790,0.001320,0.000000,0.002538,0.000425,0.000021,0.000090,0.006150
1,2,9,"q9_case1",833,256,2304,589824,589824,1,212993,524288,2,1,589824,589501,0.000365,0.000000,0.000176,0.000024,0.000258,0.000427,0.000256,0.000865,0.001496,0.001274,0.000049,0.003907,0.001342,0.000000,0.002586,0.000414,0.000015,0.000079,0.006330
1,2,9,"q9_case1",834,256,2304,589824,589824,1,213249,524288,2,1,589824,589550,0.000366,0.000000,0.000141,0.000022,0.000279,0.000385,0.000252,0.000849,0.001449,0.001215,0.000043,0.003738,0.001327,0.000000,0.002482,0.000411,0.000020,0.000077,0.006125
1,2,9,"q9_case1",835,256,2304,589824,589824,1,213505,524288,2,1,589824,589450,0.000365,0.000000,0.000137,0.000022,0.000278,0.000361,0.000157,0.000861,0.001324,0.001166,0.000040,0.003540,0.001308,0.000000,0.002336,0.000414,0.000015,0.000089,0.005898
1,2,9,"q9_case1",836,256,2304,589824,589824,1,213761,524288,2,1,589824,589462,0.000358,0.000000,0.000201,0.000025,0.000244,0.000375,0.000233,0.000842,0.001399,0.001160,0.000056,0.003713,0.001311,0.000000,0.002500,0.000441,0.000022,0.000079,0.006075
1,2,9,"q9_case1",837,256,2304,589824,589824,1,214017,524288,2,1,589824,589548,0.000360,0.000000,0.000173,0.000051,0.000250,0.000446,0.000262,0.000838,0.001509,0.001131,0.000049,0.003784,0.001323,0.000000,0.002605,0.000426,0.000015,0.000087,0.006124
1,2,9,"q9_case1",838,256,2304,589824,589824,1,214273,524288,2,1,589824,589498,0.000360,0.000000,0.000148,0.000027,0.000265,0.000437,0.000267,0.000848,0.001507,0.001265,0.000048,0.003856,0.001312,0.000000,0.002545,0.000422,0.000020,0.000082,0.006255
1,2,9,"q9_case1",839,256,2304,589824,589824,1,214529,524288,2,1,589824,589527,0.000366,0.000000,0.000134,0.000023,0.000246,0.000424,0.000252,0.000868,0.001478,0.001221,0.000051,0.003759,0.001322,0.000000,0.002490,0.000424,0.000016,0.000092,0.006172
1,2,9,"q9_case1",840,256,2304,589824,589824,1,214785,524288,2,1,589824,589523,0.000367,0.000000,0.000151,0.000028,0.000260,0.000383,0.000252,0.000944,0.001550,0.001180,0.000050,0.003806,0.001315,0.000000,0.002577,0.000425,0.000020,0.000082,0.006166
1,2,9,"q9_case1",841,256,2304,589824,589824,1,215041,524288,2,1,589824,589485,0.000362,0.000000,0.000183,0.000026,0.000270,0.000368,0.000203,0.000852,0.001391,0.001175,0.000044,0.003690,0.001330,0.000000,0.002473,0.000420,0.000015,0.000083,0.006063
1,2,9,"q9_case1",842,256,2304,589824,589824,1,215297,524288,2,1,589824,589546,0.000362,0.000000,0.000146,0.000021,0.000247,0.000367,0.000237,0.000847,0.001409,0.001104,0.000044,0.003586,0.001326,0.000000,0.002440,0.000417,0.000020,0.000081,0.005958
1,2,9,"q9_case1",843,256,2304,589824,589824,1,215553,524288,2,1,589824,589530,0.000360,0.000000,0.000184,0.000032,0.000257,0.000462,0.000214,0.000850,0.001486,0.001160,0.000045,0.003745,0.001324,0.000000,0.002543,0.000424,0.000017,0.000111,0.006141
1,2,9,"q9_case1",844,256,2304,589824,589824,1,215809,524288,2,1,589824,589530,0.000358,0.000000,0.000149,0.000029,0.000254,0.000428,0.000229,0.000854,0.001440,0.001355,0.000057,0.003881,0.001367,0.000000,0.002472,0.000419,0.000022,0.000085,0.006427
1,2,9,"q9_case1",845,256,2304,589824,589824,1,216065,524288,2,1,589824,589515,0.000367,0.000000,0.000180,0.000025,0.000258,0.000375,0.000213,0.000894,0.001450,0.001250,0.000049,0.003807,0.001325,0.000000,0.002510,0.000425,0.000023,0.000085,0.006247
1,2,9,"q9_case1",846,256,2304,589824,589824,1,216321,524288,2,1,589824,589521,0.000374,0.000000,0.000198,0.000023,0.000260,0.000367,0.000267,0.000861,0.001481,0.001163,0.000045,0.003823,0.001315,0.000000,0.002618,0.000415,0.000021,0.000077,0.006158
1,2,9,"q9_case1",847,256,2304,589824,589824,1,216577,524288,2,1,589824,589554,0.000360,0.000000,0.000130,0.000027,0.000269,0.000373,0.000216,0.000852,0.001388,0.001090,0.000048,0.003538,0.001318,0.000000,0.002403,0.000427,0.000016,0.000091,0.005880
1,2,9,"q9_case1",848,256,2304,589824,589824,1,216833,524288,2,1,589824,589561,0.000361,0.000000,0.000139,0.000047,0.000289,0.000445,0.000188,0.000862,0.001445,0.001214,0.000052,0.003811,0.001314,0.000000,0.002547,0.000413,0.000019,0.000080,0.006171
1,2,9,"q9_case1",849,256,2304,589824,589824,1,217089,524288,2,1,589824,589559,0.000362,0.000000,0.000175,0.000026,0.000264,0.000416,0.000271,0.000876,0.001520,0.001287,0.000072,0.003932,0.001325,0.000000,0.002575,0.000473,0.000023,0.000095,0.006494
1,2,9,"q9_case1",850,256,2304,589824,589824,1,217345,524288,2,1,589824,589549,0.000371,0.000000,0.000290,0.000031,0.000268,0.000386,0.000270,0.000856,0.001499,0.001186,0.000057,0.003998,0.001346,0.000000,0.002758,0.000425,0.000023,0.000094,0.006412
1,2,9,"q9_case1",851,256,2304,589824,589824,1,217601,524288,2,1,589824,589511,0.000364,0.000000,0.000194,0.000022,0.000277,0.000366,0.000183,0.000860,0.001337,0.001136,0.000046,0.003661,0.001327,0.000000,0.002480,0.000414,0.000019,0.000083,0.006009
1,2,9,"q9_case1",852,256,2304,589824,589824,1,217857,524288,2,1,589824,589556,0.000361,0.000000,0.000133,0.000023,0.000263,0.000362,0.000265,0.000826,0.001398,0.001069,0.000052,0.003554,0.001324,0.000000,0.002434,0.000424,0.000022,0.000096,0.005886
1,2,9,"q9_case1",853,256,2304,589824,589824,1,218113,524288,2,1,589824,589567,0.000362,0.000000,0.000161,0.000036,0.000257,0.000450,0.000235,0.000851,0.001488,0.001281,0.000056,0.003874,0.001330,0.000000,0.002539,0.000419,0.000015,0.000081,0.006298
1,2,9,"q9_case1",854,256,2304,589824,589824,1,218369,524288,2,1,589824,589568,0.000361,0.000000,0.000156,0.000027,0.000258,0.000413,0.000261,0.000859,0.001475,0.001242,0.000048,0.003812,0.001318,0.000000,0.002524,0.000413,0.000021,0.000082,0.006213
1,2,9,"q9_case1",855,256,2304,589824,589824,1,218625,524288,2,1,589824,589558,0.000360,0.000000,0.000139,0.000030,0.000281,0.000371,0.000196,0.000844,0.001406,0.001189,0.000045,0.003634,0.001319,0.000000,0.002402,0.000413,0.000015,0.000083,0.005989
1,2,9,"q9_case1",856,256,2304,589824,589824,1,218881,524288,2,1,589824,589457,0.000364,0.000000,0.000134,0.000026,0.000264,0.000365,0.000260,0.000863,0.001419,0.001144,0.000049,0.003685,0.001328,0.000000,0.002494,0.000425,0.000024,0.000108,0.006077
1,2,9,"q9_case1",857,256,2304,589824,589824,1,219137,524288,2,1,589824,589557,0.000362,0.000000,0.000128,0.000024,0.000245,0.000458,0.000265,0.000850,0.001518,0.001160,0.000057,0.003753,0.001328,0.000000,0.002538,0.000417,0.000016,0.000078,0.006119
1,2,9,"q9_case1",858,256,2304,589824,589824,1,219393,524288,2,1,589824,589563,0.000359,0.000000,0.000277,0.000024,0.000260,0.000433,0.000297,0.000834,0.001511,0.001154,0.000042,0.003851,0.001323,0.000000,0.002657,0.000412,0.000020,0.000080,0.006176
1,2,9,"q9_case1",859,256,2304,589824,589824,1,219649,524288,2,1,589824,589527,0.000361,0.000000,0.000163,0.000022,0.000244,0.000420,0.000290,0.000866,0.001504,0.001351,0.000042,0.003935,0.001310,0.000000,0.002544,0.000428,0.000015,0.000089,0.006452
1,2,9,"q9_case1",860,256,2304,589824,589824,1,219905,524288,2,1,589824,589551,0.000363,0.000000,0.000172,0.000026,0.000357,0.000377,0.000242,0.000874,0.001514,0.001279,0.000051,0.003953,0.001313,0.000000,0.002625,0.000419,0.000020,0.000079,0.006375
1,2,9,"q9_case1",861,256,2304,589824,589824,1,220161,524288,2,1,589824,589561,0.000357,0.000000,0.000180,0.000022,0.000257,0.000367,0.000197,0.000849,0.001357,0.001170,0.000048,0.003647,0.001326,0.000000,0.002430,0.000414,0.000015,0.000085,0.006016
1,2,9,"q9_case1",862,256,2304,589824,589824,1,220417,524288,2,1,589824,589537,0.000357,0.000000,0.000184,0.000029,0.000301,0.000455,0.000255,0.000866,0.001532,0.001253,0.000052,0.003921,0.001321,0.000000,0.002618,0.000426,0.000022,0.000079,0.006381
1,2,9,"q9_case1",863,256,2304,589824,589824,1,220673,524288,2,1,589824,589501,0.000364,0.000000,0.000154,0.000026,0.000254,0.000422,0.000216,0.000888,0.001430,0.001306,0.000059,0.003877,0.001336,0.000000,0.002514,0.000421,0.000018,0.000100,0.006392
1,2,9,"q9_case1",864,256,2304,589824,589824,1,220929,524288,2,1,589824,589557,0.000363,0.000000,0.000193,0.000044,0.000247,0.000378,0.000260,0.000889,0.001447,0.001215,0.000055,0.003834,0.001329,0.000000,0.002565,0.000418,0.000021,0.000084,0.006234
1,2,9,"q9_case1",865,256,2304,589824,589824,1,221185,524288,2,1,589824,589565,0.000363,0.000000,0.000166,0.000027,0.000259,0.000368,0.000233,0.000833,0.001403,0.001143,0.000052,0.003640,0.001326,0.000000,0.002446,0.000427,0.000016,0.000085,0.006037
1,2,9,"q9_case1",866,256,2304,589824,589824,1,221441,524288,2,1,589824,589543,0.000358,0.000000,0.000200,0.000037,0.000260,0.000452,0.000196,0.000866,0.001484,0.001352,0.000057,0.004005,0.001321,0.000000,0.002599,0.000430,0.000022,0.000086,0.006512
1,2,9,"q9_case1",867,256,2304,589824,589824,1,221697,524288,2,1,589824,589554,0.000363,0.000000,0.000127,0.000042,0.000283,0.000419,0.000188,0.000889,0.001455,0.001293,0.000050,0.003855,0.001327,0.000000,0.002513,0.000427,0.000016,0.000080,0.006364
1,2,9,"q9_case1",868,256,2304,589824,589824,1,221953,524288,2,1,589824,589564,0.000361,0.000000,0.000139,0.000022,0.000265,0.000378,0.000219,0.000895,0.001440,0.001246,0.000048,0.003753,0.001331,0.000000,0.002460,0.000435,0.000026,0.000115,0.006237
1,2,9,"q9_case1",869,256,2304,589824,589824,1,222209,524288,2,1,589824,589566,0.000361,0.000000,0.000178,0.000025,0.000248,0.000373,0.000319,0.000841,0.001529,0.001106,0.000058,0.003723,0.001336,0.000000,0.002562,0.000430,0.000017,0.000085,0.006128
1,2,9,"q9_case1",870,256,2304,589824,589824,1,222465,524288,2,1,589824,589548,0.000362,0.000000,0.000186,0.000031,0.000246,0.000455,0.000191,0.000881,0.001440,0.001349,0.000058,0.003952,0.001358,0.000000,0.002547,0.000448,0.000024,0.000084,0.006513
1,2,9,"q9_case1",871,256,2304,589824,589824,1,222721,524288,2,1,589824,589551,0.000359,0.000000,0.000189,0.000022,0.000280,0.000417,0.000207,0.000916,0.001487,0.001289,0.000052,0.003942,0.001330,0.000000,0.002603,0.000425,0.000018,0.000085,0.006454
1,2,9,"q9_case1",872,256,2304,589824,589824,1,222977,524288,2,1,589824,589567,0.000358,0.000000,0.000219,0.000025,0.000249,0.000376,0.000258,0.000854,0.001455,0.001224,0.000049,0.003839,0.001321,0.000000,0.002568,0.000435,0.000023,0.000094,0.006278
1,2,9,"q9_case1",873,256,2304,589824,589824,1,223233,524288,2,1,589824,589563,0.000357,0.000000,0.000131,0.000035,0.000248,0.000370,0.000216,0.000868,0.001392,0.001098,0.000049,0.003540,0.001318,0.000000,0.002396,0.000431,0.000015,0.000082,0.005915
1,2,9,"q9_case1",874,256,2304,589824,589824,1,223489,524288,2,1,589824,589546,0.000356,0.000000,0.000194,0.000028,0.000247,0.000454,0.000284,0.000871,0.001571,0.001342,0.000044,0.004033,0.001314,0.000000,0.002649,0.000429,0.000021,0.000082,0.006606
1,2,9,"q9_case1",875,256,2304,589824,589824,1,223745,524288,2,1,589824,589532,0.000353,0.000000,0.000177,0.000028,0.000251,0.000418,0.000223,0.000879,0.001447,0.001269,0.000041,0.003792,0.001305,0.000000,0.002484,0.000415,0.000015,0.000077,0.006227
1,2,9,"q9_case1",876,256,2304,589824,589824,1,224001,524288,2,1,589824,589559,0.000358,0.000000,0.000182,0.000027,0.000260,0.000376,0.000248,0.000873,0.001456,0.001218,0.000048,0.003751,0.001303,0.000000,0.002487,0.000419,0.000022,0.000097,0.006146
1,2,9,"q9_case1",877,256,2304,589824,589824,1,224257,524288,2,1,589824,589565,0.000356,0.000000,0.000185,0.000028,0.000264,0.000381,0.000181,0.000855,0.001409,0.001053,0.000055,0.003589,0.001320,0.000000,0.002483,0.000417,0.000016,0.000084,0.005948
1,2,9,"q9_case1",878,256,2304,589824,589824,1,224513,524288,2,1,589824,589567,0.000362,0.000000,0.000128,0.000027,0.000261,0.000449,0.000273,0.000833,0.001516,0.001368,0.000049,0.003968,0.001322,0.000000,0.002554,0.000430,0.000021,0.000082,0.006490
1,2,9,"q9_case1",879,256,2304,589824,589824,1,224769,524288,2,1,589824,589551,0.000363,0.000000,0.000245,0.000027,0.000253,0.000414,0.000264,0.000895,0.001575,0.001304,0.000048,0.004021,0.001319,0.000000,0.002671,0.000423,0.000016,0.000080,0.006497
1,2,9,"q9_case1",880,256,2304,589824,589824,1,225025,524288,2,1,589824,589565,0.000365,0.000000,0.000147,0.000027,0.000239,0.000376,0.000256,0.000858,0.001415,0.001174,0.000054,0.003688,0.001330,0.000000,0.002462,0.000434,0.000022,0.000087,0.006090
1,2,9,"q9_case1",881,256,2304,589824,589824,1,225281,524288,2,1,589824,589567,0.000363,0.000000,0.000154,0.000025,0.000246,0.000366,0.000211,0.000829,0.001336,0.001094,0.000049,0.003511,0.001337,0.000000,0.002370,0.000418,0.000015,0.000082,0.005913
1,2,9,"q9_case1",882,256,2304,589824,589824,1,225537,524288,2,1,589824,589476,0.000373,0.000000,0.000128,0.000028,0.000254,0.000457,0.000205,0.000827,0.001425,0.001183,0.000048,0.003685,0.001319,0.000000,0.002456,0.000414,0.000019,0.000080,0.006043
1,2,9,"q9_case1",883,256,2304,589824,589824,1,225793,524288,2,1,589824,589527,0.000356,0.000000,0.000141,0.000029,0.000250,0.000416,0.000214,0.000851,0.001401,0.001313,0.000044,0.003767,0.001311,0.000000,0.002411,0.000428,0.000016,0.000080,0.006260
1,2,9,"q9_case1",884,256,2304,589824,589824,1,226049,524288,2,1,589824,589555,0.000362,0.000000,0.000127,0.000027,0.000254,0.000381,0.000250,0.000847,0.001423,0.001159,0.000040,0.003641,0.001309,0.000000,0.002444,0.000423,0.000020,0.000083,0.005994
1,2,9,"q9_case1",885,256,2304,589824,589824,1,226305,524288,2,1,589824,589543,0.000365,0.000000,0.000207,0.000025,0.000272,0.000372,0.000248,0.000856,0.001429,0.001151,0.000056,0.003719,0.001299,0.000000,0.002514,0.000417,0.000015,0.000078,0.006060
1,2,9,"q9_case1",886,256,2304,589824,589824,1,226561,524288,2,1,589824,589563,0.000359,0.000000,0.000169,0.000024,0.000280,0.000364,0.000225,0.000837,0.001421,0.001104,0.000045,0.003579,0.001325,0.000000,0.002433,0.000416,0.000021,0.000095,0.005920
1,2,9,"q9_case1",887,256,2304,589824,589824,1,226817,524288,2,1,589824,589558,0.000359,0.000000,0.000210,0.000032,0.000272,0.000445,0.000250,0.000837,0.001538,0.001122,0.000045,0.003793,0.001314,0.000000,0.002629,0.000412,0.000015,0.000081,0.006147
1,2,9,"q9_case1",888,256,2304,589824,589824,1,227073,524288,2,1,589824,589383,0.000363,0.000000,0.000162,0.000026,0.000283,0.000427,0.000278,0.000905,0.001579,0.001418,0.000044,0.004065,0.001316,0.000000,0.002604,0.000438,0.000021,0.000096,0.006652
1,2,9,"q9_case1",889,256,2304,589824,589824,1,227329,524288,2,1,589824,589515,0.000361,0.000000,0.000180,0.000024,0.000261,0.000385,0.000255,0.000882,0.001511,0.001253,0.000051,0.003870,0.001308,0.000000,0.002568,0.000409,0.000015,0.000086,0.006294
1,2,9,"q9_case1",890,256,2304,589824,589824,1,227585,524288,2,1,589824,589558,0.000361,0.000000,0.000163,0.000033,0.000283,0.000367,0.000274,0.000842,0.001461,0.001158,0.000042,0.003724,0.001317,0.000000,0.002526,0.000419,0.000021,0.000077,0.006072
1,2,9,"q9_case1",891,256,2304,589824,589824,1,227841,524288,2,1,589824,589516,0.000362,0.000000,0.000177,0.000024,0.000285,0.000455,0.000279,0.000845,0.001563,0.001096,0.000040,0.003758,0.001308,0.000000,0.002624,0.000404,0.000015,0.000080,0.006071
1,2,9,"q9_case1",892,256,2304,589824,589824,1,228097,524288,2,1,589824,589555,0.000365,0.000000,0.000164,0.000023,0.000283,0.000438,0.000254,0.000851,0.001532,0.001275,0.000055,0.003922,0.001302,0.000000,0.002595,0.000413,0.000023,0.000092,0.006322
1,2,9,"q9_case1",893,256,2304,589824,589824,1,228353,524288,2,1,589824,589565,0.000363,0.000000,0.000198,0.000029,0.000315,0.000419,0.000300,0.000861,0.001518,0.001202,0.000053,0.003904,0.001323,0.000000,0.002652,0.000429,0.000014,0.000082,0.006307
1,2,9,"q9_case1",894,256,2304,589824,589824,1,228609,524288,2,1,589824,589561,0.000361,0.000000,0.000186,0.000019,0.000279,0.000377,0.000279,0.000838,0.001464,0.001137,0.000045,0.003706,0.001311,0.000000,0.002525,0.000416,0.000023,0.000097,0.006050
1,2,9,"q9_case1",895,256,2304,589824,589824,1,228865,524288,2,1,589824,589458,0.000358,0.000000,0.000171,0.000027,0.000283,0.000367,0.000285,0.000852,0.001463,0.001100,0.000043,0.003715,0.001311,0.000000,0.002574,0.000413,0.000015,0.000078,0.006025
1,2,9,"q9_case1",896,256,2304,589824,589824,1,229121,524288,2,1,589824,589538,0.000357,0.000000,0.000254,0.000022,0.000362,0.000448,0.000276,0.000844,0.001637,0.001131,0.000049,0.003995,0.001303,0.000000,0.002816,0.000414,0.000026,0.000121,0.006346
1,2,9,"q9_case1",897,256,2304,589824,589824,1,229377,524288,2,1,589824,589561,0.000354,0.000000,0.000207,0.000031,0.000308,0.000432,0.000227,0.000833,0.001501,0.001194,0.000051,0.003854,0.001308,0.000000,0.002611,0.000421,0.000014,0.000078,0.006210
1,2,9,"q9_case1",898,256,2304,589824,589824,1,229633,524288,2,1,589824,589431,0.000352,0.000000,0.000212,0.000024,0.000275,0.000418,0.000273,0.000849,0.001523,0.001244,0.000044,0.003902,0.001313,0.000000,0.002615,0.000426,0.000019,0.000083,0.006315
1,2,9,"q9_case1",899,256,2304,589824,589824,1,229889,524288,2,1,589824,589527,0.000354,0.000000,0.000173,0.000023,0.000258,0.000376,0.000267,0.000847,0.001437,0.001225,0.000048,0.003729,0.001304,0.000000,0.002458,0.000412,0.000015,0.000080,0.006107
1,2,9,"q9_case1",900,256,2304,589824,589824,1,230145,524288,2,1,589824,589555,0.000357,0.000000,0.000137,0.000021,0.000307,0.000369,0.000289,0.000873,0.001469,0.001124,0.000042,0.003758,0.001312,0.000000,0.002594,0.000420,0.000020,0.000082,0.006091
1,2,9,"q9_case1",901,256,2304,589824,589824,1,230401,524288,2,1,589824,589550,0.000353,0.000000,0.000171,0.000028,0.000284,0.000451,0.000187,0.000833,0.001449,0.001172,0.000041,0.003693,0.001306,0.000000,0.002481,0.000416,0.000015,0.000081,0.006050
1,2,9,"q9_case1",902,256,2304,589824,589824,1,230657,524288,2,1,589824,589470,0.000362,0.000000,0.000172,0.000026,0.000266,0.000419,0.000249,0.000858,0.001481,0.001349,0.000049,0.003938,0.001313,0.000000,0.002542,0.000412,0.000023,0.000091,0.006432
1,2,9,"q9_case1",903,256,2304,589824,589824,1,230913,524288,2,1,589824,589536,0.000354,0.000000,0.000165,0.000021,0.000308,0.000389,0.000289,0.000847,0.001517,0.001264,0.000053,0.003863,0.001308,0.000000,0.002548,0.000427,0.000014,0.000082,0.006264
1,2,9,"q9_case1",904,256,2304,589824,589824,1,231169,524288,2,1,589824,589481,0.000353,0.000000,0.000161,0.000026,0.000280,0.000375,0.000191,0.000847,0.001365,0.001115,0.000043,0.003574,0.001308,0.000000,0.002418,0.000422,0.000020,0.000081,0.005910
1,2,9,"q9_case1",905,256,2304,589824,589824,1,231425,524288,2,1,589824,589535,0.000356,0.000000,0.000137,0.000021,0.000257,0.000443,0.000262,0.000856,0.001504,0.001214,0.000044,0.003779,0.001305,0.000000,0.002524,0.000424,0.000014,0.000081,0.006146
1,2,9,"q9_case1",906,256,2304,589824,589824,1,231681,524288,2,1,589824,589552,0.000361,0.000000,0.000134,0.000047,0.000301,0.000420,0.000231,0.000873,0.001566,0.001241,0.000053,0.003880,0.001305,0.000000,0.002588,0.000437,0.000024,0.000094,0.006336
1,2,9,"q9_case1",907,256,2304,589824,589824,1,231937,524288,2,1,589824,589558,0.000354,0.000000,0.000182,0.000021,0.000275,0.000393,0.000210,0.000874,0.001466,0.001254,0.000049,0.003803,0.001313,0.000000,0.002501,0.000405,0.000013,0.000084,0.006214
1,2,9,"q9_case1",908,256,2304,589824,589824,1,232193,524288,2,1,589824,589559,0.000354,0.000000,0.000231,0.000020,0.000278,0.000366,0.000245,0.000857,0.001501,0.001133,0.000045,0.003761,0.001307,0.000000,0.002585,0.000404,0.000020,0.000087,0.006084
1,2,9,"q9_case1",909,256,2304,589824,589824,1,232449,524288,2,1,589824,589548,0.000355,0.000000,0.000188,0.000023,0.000281,0.000379,0.000223,0.000822,0.001395,0.001087,0.000047,0.003607,0.001320,0.000000,0.002475,0.000418,0.000015,0.000081,0.005927
1,2,9,"q9_case1",910,256,2304,589824,589824,1,232705,524288,2,1,589824,589499,0.000357,0.000000,0.000161,0.000023,0.000264,0.000446,0.000255,0.000845,0.001508,0.001288,0.000045,0.003884,0.001312,0.000000,0.002554,0.000421,0.000024,0.000095,0.006328
1,2,9,"q9_case1",911,256,2304,589824,589824,1,232961,524288,2,1,589824,589540,0.000354,0.000000,0.000160,0.000021,0.000277,0.000431,0.000271,0.000857,0.001519,0.001182,0.000052,0.003757,0.001305,0.000000,0.002525,0.000417,0.000015,0.000081,0.006095
1,2,9,"q9_case1",912,256,2304,589824,589824,1,233217,524288,2,1,589824,589362,0.000353,0.000000,0.000142,0.000026,0.000281,0.000431,0.000272,0.000853,0.001529,0.001189,0.000044,0.003763,0.001312,0.000000,0.002531,0.000423,0.000020,0.000079,0.006120
1,2,9,"q9_case1",913,256,2304,589824,589824,1,233473,524288,2,1,589824,589332,0.000383,0.000000,0.000200,0.000048,0.000278,0.000438,0.000348,0.000884,0.001752,0.001258,0.000043,0.004177,0.001302,0.000000,0.002879,0.000429,0.000015,0.000084,0.006588
1,2,9,"q9_case1",914,256,2304,589824,589824,1,233729,524288,2,1,589824,589313,0.000353,0.000000,0.000171,0.000025,0.000271,0.000436,0.000254,0.000849,0.001500,0.001503,0.000050,0.004098,0.001298,0.000000,0.002547,0.000415,0.000024,0.000127,0.006717
1,2,9,"q9_case1",915,256,2304,589824,589824,1,233985,524288,2,1,589824,589395,0.000357,0.000000,0.000366,0.000024,0.000259,0.000418,0.000192,0.000871,0.001437,0.001458,0.000063,0.004198,0.001316,0.000000,0.002680,0.000427,0.000017,0.000095,0.006765
1,2,9,"q9_case1",916,256,2304,589824,589824,1,234241,524288,2,1,589824,589385,0.000356,0.000000,0.000281,0.000031,0.000275,0.000378,0.000354,0.000882,0.001559,0.001295,0.000046,0.004089,0.001314,0.000000,0.002750,0.000421,0.000021,0.000086,0.006529
1,2,9,"q9_case1",917,256,2304,589824,589824,1,234497,524288,2,1,589824,589329,0.000354,0.000000,0.000173,0.000025,0.000304,0.000389,0.000259,0.000840,0.001474,0.001179,0.000044,0.003778,0.001307,0.000000,0.002557,0.000425,0.000015,0.000082,0.006132
1,2,9,"q9_case1",918,256,2304,589824,589824,1,234753,524288,2,1,589824,589383,0.000357,0.000000,0.000127,0.000023,0.000284,0.000450,0.000261,0.000861,0.001500,0.001385,0.000043,0.003995,0.001301,0.000000,0.002568,0.000423,0.000022,0.000100,0.006495
1,2,9,"q9_case1",919,256,2304,589824,589824,1,235009,524288,2,1,589824,589426,0.000353,0.000000,0.000194,0.000022,0.000274,0.000410,0.000189,0.000867,0.001427,0.001367,0.000053,0.003953,0.001303,0.000000,0.002534,0.000422,0.000014,0.000080,0.006457
1,2,9,"q9_case1",920,256,2304,589824,589824,1,235265,524288,2,1,589824,589505,0.000353,0.000000,0.000158,0.000021,0.000293,0.000383,0.000237,0.000856,0.001422,0.001258,0.000043,0.003786,0.001310,0.000000,0.002487,0.000431,0.000024,0.000084,0.006220
1,2,9,"q9_case1",921,256,2304,589824,589824,1,235521,524288,2,1,589824,589428,0.000353,0.000000,0.000181,0.000023,0.000284,0.000371,0.000250,0.000856,0.001466,0.001150,0.000039,0.003720,0.001299,0.000000,0.002532,0.000414,0.000014,0.000079,0.006045
1,2,9,"q9_case1",922,256,2304,589824,589824,1,235777,524288,2,1,589824,589493,0.000353,0.000000,0.000246,0.000038,0.000289,0.000451,0.000308,0.000836,0.001544,0.001246,0.000053,0.003973,0.001303,0.000000,0.002675,0.000414,0.000021,0.000094,0.006354
1,2,9,"q9_case1",923,256,2304,589824,589824,1,236033,524288,2,1,589824,589558,0.000353,0.000000,0.000201,0.000027,0.000271,0.000430,0.000235,0.000842,0.001509,0.001332,0.000054,0.003932,0.001323,0.000000,0.002548,0.000429,0.000014,0.000089,0.006415
1,2,9,"q9_case1",924,256,2304,589824,589824,1,236289,524288,2,1,589824,589543,0.000359,0.000000,0.000200,0.000025,0.000273,0.000413,0.000209,0.000849,0.001424,0.001261,0.000046,0.003811,0.001313,0.000000,0.002506,0.000412,0.000020,0.000084,0.006219
1,2,9,"q9_case1",925,256,2304,589824,589824,1,236545,524288,2,1,589824,589553,0.000354,0.000000,0.000176,0.000031,0.000284,0.000372,0.000271,0.000834,0.001511,0.001160,0.000041,0.003733,0.001339,0.000000,0.002534,0.000420,0.000015,0.000079,0.006117
1,2,9,"q9_case1",926,256,2304,589824,589824,1,236801,524288,2,1,589824,589549,0.000364,0.000000,0.000213,0.000032,0.000343,0.000452,0.000317,0.000833,0.001589,0.001217,0.000045,0.003992,0.001303,0.000000,0.002732,0.000423,0.000021,0.000096,0.006364
1,2,9,"q9_case1",927,256,2304,589824,589824,1,237057,524288,2,1,589824,589566,0.000369,0.000000,0.000179,0.000031,0.000310,0.000415,0.000300,0.000865,0.001566,0.001257,0.000053,0.003933,0.001305,0.000000,0.002625,0.000411,0.000021,0.000087,0.006342
1,2,9,"q9_case1",928,256,2304,589824,589824,1,237313,524288,2,1,589824,589562,0.000355,0.000000,0.000145,0.000023,0.000278,0.000373,0.000223,0.000858,0.001420,0.001143,0.000041,0.003621,0.001311,0.000000,0.002439,0.000414,0.000020,0.000081,0.005960
1,2,9,"q9_case1",929,256,2304,589824,589824,1,237569,524288,2,1,589824,589548,0.000354,0.000000,0.000168,0.000028,0.000280,0.000446,0.000284,0.000834,0.001546,0.001205,0.000054,0.003835,0.001301,0.000000,0.002578,0.000418,0.000014,0.000093,0.006212
1,2,9,"q9_case1",930,256,2304,589824,589824,1,237825,524288,2,1,589824,589565,0.000356,0.000000,0.000194,0.000024,0.000285,0.000440,0.000318,0.000865,0.001579,0.001264,0.000049,0.003974,0.001305,0.000000,0.002662,0.000425,0.000021,0.000087,0.006355
1,2,9,"q9_case1",931,256,2304,589824,589824,1,238081,524288,2,1,589824,589559,0.000356,0.000000,0.000200,0.000035,0.000281,0.000416,0.000259,0.000901,0.001541,0.001459,0.000047,0.004133,0.001319,0.000000,0.002629,0.000416,0.000016,0.000082,0.006762
1,2,9,"q9_case1",932,256,2304,589824,589824,1,238337,524288,2,1,589824,589544,0.000354,0.000000,0.000172,0.000030,0.000273,0.000377,0.000217,0.000850,0.001401,0.001246,0.000041,0.003727,0.001305,0.000000,0.002442,0.000427,0.000021,0.000081,0.006167
1,2,9,"q9_case1",933,256,2304,589824,589824,1,238593,524288,2,1,589824,589561,0.000354,0.000000,0.000148,0.000028,0.000257,0.000368,0.000201,0.000860,0.001366,0.001126,0.000040,0.003573,0.001303,0.000000,0.002409,0.000427,0.000015,0.000101,0.005934
1,2,9,"q9_case1",934,256,2304,589824,589824,1,238849,524288,2,1,589824,589566,0.000352,0.000000,0.000149,0.000045,0.000269,0.000446,0.000253,0.000838,0.001519,0.001268,0.000044,0.003850,0.001296,0.000000,0.002540,0.000407,0.000018,0.000078,0.006236
1,2,9,"q9_case1",935,256,2304,589824,589824,1,239105,524288,2,1,589824,589493,0.000357,0.000000,0.000162,0.000034,0.000293,0.000412,0.000187,0.000883,0.001424,0.001572,0.000061,0.004121,0.001304,0.000000,0.002490,0.000404,0.000014,0.000080,0.006716
1,2,9,"q9_case1",936,256,2304,589824,589824,1,239361,524288,2,1,589824,589380,0.000352,0.000000,0.000165,0.000032,0.000283,0.000379,0.000253,0.000857,0.001495,0.001247,0.000052,0.003870,0.001298,0.000000,0.002573,0.000434,0.000021,0.000082,0.006265
1,2,9,"q9_case1",937,256,2304,589824,589824,1,239617,524288,2,1,589824,589499,0.000354,0.000000,0.000146,0.000026,0.000287,0.000450,0.000179,0.000850,0.001487,0.001170,0.000048,0.003719,0.001313,0.000000,0.002504,0.000417,0.000015,0.000082,0.006072
1,2,9,"q9_case1",938,256,2304,589824,589824,1,239873,524288,2,1,589824,589524,0.000358,0.000000,0.000163,0.000022,0.000285,0.000417,0.000233,0.000872,0.001511,0.001416,0.000045,0.004050,0.001307,0.000000,0.002591,0.000418,0.000020,0.000083,0.006576
1,2,9,"q9_case1",939,256,2304,589824,589824,1,240129,524288,2,1,589824,589549,0.000364,0.000000,0.000231,0.000022,0.000310,0.000379,0.000308,0.000872,0.001540,0.001220,0.000047,0.004045,0.001315,0.000000,0.002779,0.000411,0.000016,0.000093,0.006446
1,2,9,"q9_case1",940,256,2304,589824,589824,1,240385,524288,2,1,589824,589562,0.000360,0.000000,0.000157,0.000023,0.000284,0.000449,0.000305,0.000835,0.001520,0.001435,0.000048,0.004079,0.001315,0.000000,0.002597,0.000417,0.000020,0.000089,0.006631
1,2,9,"q9_case1",941,256,2304,589824,589824,1,240641,524288,2,1,589824,589552,0.000376,0.000000,0.000173,0.000030,0.000278,0.000427,0.000184,0.000884,0.001479,0.001256,0.000047,0.003853,0.001319,0.000000,0.002552,0.000414,0.000015,0.000081,0.006276
1,2,9,"q9_case1",942,256,2304,589824,589824,1,240897,524288,2,1,589824,589560,0.000365,0.000000,0.000183,0.000025,0.000289,0.000387,0.000289,0.000879,0.001516,0.001247,0.000054,0.003898,0.001312,0.000000,0.002599,0.000426,0.000024,0.000080,0.006326
1,2,9,"q9_case1",943,256,2304,589824,589824,1,241153,524288,2,1,589824,589560,0.000359,0.000000,0.000245,0.000026,0.000331,0.000377,0.000268,0.000856,0.001529,0.001105,0.000049,0.003839,0.001320,0.000000,0.002688,0.000416,0.000017,0.000097,0.006187
1,2,9,"q9_case1",944,256,2304,589824,589824,1,241409,524288,2,1,589824,589565,0.000358,0.000000,0.000214,0.000027,0.000263,0.000444,0.000278,0.000858,0.001537,0.001456,0.000051,0.004136,0.001319,0.000000,0.002630,0.000418,0.000021,0.000087,0.006686
1,2,9,"q9_case1",945,256,2304,589824,589824,1,241665,524288,2,1,589824,589524,0.000364,0.000000,0.000197,0.000019,0.000357,0.000415,0.000267,0.000868,0.001582,0.001278,0.000048,0.003992,0.001315,0.000000,0.002669,0.000418,0.000015,0.000082,0.006445
1,2,9,"q9_case1",946,256,2304,589824,589824,1,241921,524288,2,1,589824,589555,0.000363,0.000000,0.000185,0.000022,0.000261,0.000377,0.000224,0.000870,0.001448,0.001226,0.000045,0.003761,0.001321,0.000000,0.002493,0.000431,0.000021,0.000084,0.006189
1,2,9,"q9_case1",947,256,2304,589824,589824,1,242177,524288,2,1,589824,589566,0.000360,0.000000,0.000146,0.000023,0.000289,0.000449,0.000291,0.000840,0.001528,0.001205,0.000048,0.003861,0.001313,0.000000,0.002610,0.000420,0.000016,0.000098,0.006247
1,2,9,"q9_case1",948,256,2304,589824,589824,1,242433,524288,2,1,589824,589545,0.000360,0.000000,0.000165,0.000036,0.000276,0.000434,0.000254,0.000893,0.001545,0.001366,0.000049,0.003993,0.001320,0.000000,0.002579,0.000436,0.000019,0.000082,0.006479
1,2,9,"q9_case1",949,256,2304,589824,589824,1,242689,524288,2,1,589824,589400,0.000363,0.000000,0.000153,0.000032,0.000288,0.000420,0.000290,0.000924,0.001609,0.001480,0.000056,0.004185,0.001327,0.000000,0.002651,0.000431,0.000016,0.000084,0.006808
1,2,9,"q9_case1",950,256,2304,589824,589824,1,242945,524288,2,1,589824,589502,0.000360,0.000000,0.000182,0.000024,0.000265,0.000389,0.000284,0.000871,0.001542,0.001281,0.000048,0.003950,0.001318,0.000000,0.002624,0.000420,0.000022,0.000085,0.006386
1,2,9,"q9_case1",951,256,2304,589824,589824,1,243201,524288,2,1,589824,589388,0.000360,0.000000,0.000185,0.000033,0.000257,0.000379,0.000282,0.000835,0.001447,0.001105,0.000053,0.003657,0.001323,0.000000,0.002500,0.000446,0.000017,0.000104,0.006047
1,2,9,"q9_case1",952,256,2304,589824,589824,1,243457,524288,2,1,589824,589524,0.000379,0.000000,0.000180,0.000022,0.000313,0.000449,0.000306,0.000875,0.001640,0.001486,0.000057,0.004254,0.001326,0.000000,0.002713,0.000425,0.000022,0.000087,0.006854
1,2,9,"q9_case1",953,256,2304,589824,589824,1,243713,524288,2,1,589824,589359,0.000365,0.000000,0.000158,0.000021,0.000264,0.000416,0.000265,0.000886,0.001507,0.001472,0.000062,0.004082,0.001318,0.000000,0.002550,0.000429,0.000015,0.000087,0.006683
1,2,9,"q9_case1",954,256,2304,589824,589824,1,243969,524288,2,1,589824,589509,0.000369,0.000000,0.000129,0.000066,0.000544,0.000381,0.000228,0.000878,0.001453,0.001269,0.000046,0.004095,0.001326,0.000000,0.002781,0.000436,0.000031,0.000093,0.006574
1,2,9,"q9_case1",955,256,2304,589824,589824,1,244225,524288,2,1,589824,589434,0.000362,0.000000,0.000235,0.000024,0.000278,0.000446,0.000250,0.000862,0.001535,0.001167,0.000053,0.003892,0.001326,0.000000,0.002674,0.000445,0.000016,0.000088,0.006288
1,2,9,"q9_case1",956,256,2304,589824,589824,1,244481,524288,2,1,589824,589404,0.000359,0.000000,0.000174,0.000027,0.000292,0.000418,0.000287,0.000923,0.001608,0.001496,0.000053,0.004222,0.001314,0.000000,0.002675,0.000430,0.000023,0.000102,0.006844
1,2,9,"q9_case1",957,256,2304,589824,589824,1,244737,524288,2,1,589824,589526,0.000361,0.000000,0.000138,0.000062,0.000313,0.000381,0.000278,0.000891,0.001527,0.001278,0.000059,0.003931,0.001331,0.000000,0.002596,0.000442,0.000016,0.000096,0.006408
1,2,9,"q9_case1",958,256,2304,589824,589824,1,244993,524288,2,1,589824,589384,0.000367,0.000000,0.000184,0.000037,0.000263,0.000372,0.000276,0.000857,0.001455,0.001131,0.000055,0.003768,0.001381,0.000000,0.002584,0.000450,0.000025,0.000092,0.006226
1,2,9,"q9_case1",959,256,2304,589824,589824,1,245249,524288,2,1,589824,589553,0.000396,0.000000,0.000284,0.000027,0.000283,0.000444,0.000249,0.000864,0.001546,0.001278,0.000055,0.004066,0.001325,0.000000,0.002736,0.000431,0.000025,0.000124,0.006559
1,2,9,"q9_case1",960,256,2304,589824,589824,1,245505,524288,2,1,589824,589522,0.000373,0.000000,0.000283,0.000025,0.000276,0.000416,0.000289,0.000878,0.001568,0.001452,0.000066,0.004234,0.001325,0.000000,0.002718,0.000423,0.000023,0.000095,0.006829
1,2,9,"q9_case1",961,256,2304,589824,589824,1,245761,524288,2,1,589824,589549,0.000368,0.000000,0.000141,0.000030,0.000261,0.000380,0.000218,0.000871,0.001403,0.001255,0.000050,0.003759,0.001333,0.000000,0.002456,0.000426,0.000017,0.000094,0.006202
1,2,9,"q9_case1",962,256,2304,589824,589824,1,246017,524288,2,1,589824,589531,0.000369,0.000000,0.000155,0.000032,0.000260,0.000450,0.000235,0.000870,0.001525,0.001246,0.000046,0.003844,0.001330,0.000000,0.002555,0.000425,0.000023,0.000086,0.006265
1,2,9,"q9_case1",963,256,2304,589824,589824,1,246273,524288,2,1,589824,589555,0.000363,0.000000,0.000202,0.000032,0.000267,0.000416,0.000179,0.000866,0.001446,0.001293,0.000046,0.003868,0.001327,0.000000,0.002530,0.000425,0.000017,0.000102,0.006408
1,2,9,"q9_case1",964,256,2304,589824,589824,1,246529,524288,2,1,589824,589555,0.000362,0.000000,0.000168,0.000025,0.000261,0.000376,0.000214,0.000892,0.001438,0.001197,0.000054,0.003741,0.001322,0.000000,0.002492,0.000421,0.000021,0.000084,0.006142
1,2,9,"q9_case1",965,256,2304,589824,589824,1,246785,524288,2,1,589824,589558,0.000363,0.000000,0.000208,0.000034,0.000287,0.000454,0.000204,0.000831,0.001453,0.001215,0.000046,0.003805,0.001322,0.000000,0.002546,0.000426,0.000015,0.000087,0.006250
1,2,9,"q9_case1",966,256,2304,589824,589824,1,247041,524288,2,1,589824,589559,0.000367,0.000000,0.000150,0.000052,0.000275,0.000416,0.000234,0.000892,0.001546,0.001496,0.000055,0.004187,0.001324,0.000000,0.002638,0.000428,0.000025,0.000091,0.006756
1,2,9,"q9_case1",967,256,2304,589824,589824,1,247297,524288,2,1,589824,589557,0.000371,0.000000,0.000175,0.000024,0.000286,0.000373,0.000247,0.000895,0.001486,0.001233,0.000055,0.003855,0.001326,0.000000,0.002569,0.000420,0.000018,0.000113,0.006365
1,2,9,"q9_case1",968,256,2304,589824,589824,1,247553,524288,2,1,589824,589567,0.000360,0.000000,0.000168,0.000030,0.000284,0.000422,0.000254,0.000882,0.001538,0.001377,0.000050,0.004035,0.001337,0.000000,0.002610,0.000425,0.000021,0.000082,0.006585
1,2,9,"q9_case1",969,256,2304,589824,589824,1,247809,524288,2,1,589824,589553,0.000366,0.000000,0.000168,0.000028,0.000336,0.000377,0.000250,0.000887,0.001537,0.001228,0.000061,0.003942,0.001326,0.000000,0.002656,0.000422,0.000017,0.000087,0.006462
1,2,9,"q9_case1",970,256,2304,589824,589824,1,248065,524288,2,1,589824,589565,0.000362,0.000000,0.000151,0.000027,0.000257,0.000431,0.000306,0.000881,0.001576,0.001477,0.000046,0.004100,0.001327,0.000000,0.002578,0.000421,0.000022,0.000088,0.006717
1,2,9,"q9_case1",971,256,2304,589824,589824,1,248321,524288,2,1,589824,589550,0.000358,0.000000,0.000148,0.000028,0.000288,0.000385,0.000253,0.000862,0.001438,0.001132,0.000047,0.003702,0.001321,0.000000,0.002525,0.000406,0.000040,0.000081,0.006093
1,2,9,"q9_case1",972,256,2304,589824,589824,1,248577,524288,2,1,589824,589567,0.000377,0.000000,0.000158,0.000030,0.000266,0.000423,0.000196,0.000912,0.001494,0.001501,0.000061,0.004144,0.001313,0.000000,0.002585,0.000446,0.000024,0.000085,0.006777
1,2,9,"q9_case1",973,256,2304,589824,589824,1,248833,524288,2,1,589824,589552,0.000360,0.000000,0.000180,0.000028,0.000270,0.000376,0.000211,0.000855,0.001435,0.001211,0.000053,0.003735,0.001329,0.000000,0.002472,0.000415,0.000016,0.000085,0.006174
1,2,9,"q9_case1",974,256,2304,589824,589824,1,249089,524288,2,1,589824,589565,0.000362,0.000000,0.000276,0.000027,0.000318,0.000428,0.000257,0.000911,0.001574,0.001220,0.000048,0.004109,0.001334,0.000000,0.002842,0.000416,0.000022,0.000088,0.006548
1,2,9,"q9_case1",975,256,2304,589824,589824,1,249345,524288,2,1,589824,589562,0.000365,0.000000,0.000160,0.000029,0.000318,0.000380,0.000253,0.000853,0.001490,0.001159,0.000053,0.003750,0.001321,0.000000,0.002540,0.000423,0.000017,0.000102,0.006163
1,2,9,"q9_case1",976,256,2304,589824,589824,1,249601,524288,2,1,589824,589567,0.000366,0.000000,0.000164,0.000030,0.000262,0.000418,0.000247,0.000892,0.001523,0.001228,0.000053,0.003866,0.001314,0.000000,0.002588,0.000416,0.000021,0.000089,0.006324
1,2,9,"q9_case1",977,256,2304,589824,589824,1,249857,524288,2,1,589824,589567,0.000366,0.000000,0.000147,0.000026,0.000290,0.000376,0.000308,0.000864,0.001541,0.001137,0.000046,0.003848,0.001318,0.000000,0.002667,0.000423,0.000015,0.000084,0.006213
1,2,9,"q9_case1",978,256,2304,589824,589824,1,250113,524288,2,1,589824,589556,0.000364,0.000000,0.000179,0.000024,0.000289,0.000448,0.000266,0.000840,0.001513,0.001301,0.000047,0.003938,0.001328,0.000000,0.002592,0.000428,0.000023,0.000089,0.006414
1,2,9,"q9_case1",979,256,2304,589824,589824,1,250369,524288,2,1,589824,589427,0.000363,0.000000,0.000145,0.000047,0.000279,0.000430,0.000261,0.000883,0.001530,0.001512,0.000059,0.004193,0.001324,0.000000,0.002623,0.000427,0.000022,0.000110,0.006829
1,2,9,"q9_case1",980,256,2304,589824,589824,1,250625,524288,2,1,589824,589541,0.000378,0.000000,0.000191,0.000033,0.000259,0.000411,0.000232,0.000883,0.001476,0.001249,0.000056,0.003871,0.001348,0.000000,0.002569,0.000413,0.000022,0.000091,0.006308
1,2,9,"q9_case1",981,256,2304,589824,589824,1,250881,524288,2,1,589824,589564,0.000363,0.000000,0.000191,0.000031,0.000273,0.000373,0.000185,0.000847,0.001352,0.001158,0.000050,0.003634,0.001339,0.000000,0.002428,0.000429,0.000015,0.000087,0.006037
1,2,9,"q9_case1",982,256,2304,589824,589824,1,251137,524288,2,1,589824,589561,0.000360,0.000000,0.000189,0.000028,0.000279,0.000451,0.000226,0.000859,0.001503,0.001220,0.000047,0.003851,0.001330,0.000000,0.002587,0.000416,0.000021,0.000082,0.006259
1,2,9,"q9_case1",983,256,2304,589824,589824,1,251393,524288,2,1,589824,589562,0.000361,0.000000,0.000139,0.000028,0.000272,0.000419,0.000272,0.000889,0.001532,0.001246,0.000050,0.003855,0.001322,0.000000,0.002561,0.000418,0.000015,0.000100,0.006285
1,2,9,"q9_case1",984,256,2304,589824,589824,1,251649,524288,2,1,589824,589568,0.000361,0.000000,0.000139,0.000056,0.000288,0.000389,0.000271,0.000851,0.001483,0.001194,0.000046,0.003755,0.001320,0.000000,0.002517,0.000419,0.000020,0.000087,0.006131
1,2,9,"q9_case1",985,256,2304,589824,589824,1,251905,524288,2,1,589824,589566,0.000370,0.000000,0.000161,0.000030,0.000276,0.000448,0.000223,0.000839,0.001518,0.001129,0.000050,0.003751,0.001364,0.000000,0.002574,0.000425,0.000016,0.000084,0.006144
1,2,9,"q9_case1",986,256,2304,589824,589824,1,252161,524288,2,1,589824,589565,0.000359,0.000000,0.000175,0.000033,0.000259,0.000412,0.000261,0.000906,0.001517,0.001500,0.000045,0.004108,0.001309,0.000000,0.002564,0.000426,0.000020,0.000086,0.006711
1,2,9,"q9_case1",987,256,2304,589824,589824,1,252417,524288,2,1,589824,589545,0.000364,0.000000,0.000183,0.000021,0.000269,0.000388,0.000177,0.000853,0.001381,0.001159,0.000040,0.003621,0.001333,0.000000,0.002424,0.000409,0.000014,0.000082,0.006001
1,2,9,"q9_case1",988,256,2304,589824,589824,1,252673,524288,2,1,589824,589566,0.000371,0.000000,0.000180,0.000024,0.000264,0.000442,0.000326,0.000868,0.001609,0.001618,0.000055,0.004349,0.001310,0.000000,0.002678,0.000437,0.000022,0.000092,0.007063
1,2,9,"q9_case1",989,256,2304,589824,589824,1,252929,524288,2,1,589824,589542,0.000364,0.000000,0.000265,0.000023,0.000274,0.000415,0.000322,0.000873,0.001595,0.001363,0.000054,0.004146,0.001312,0.000000,0.002734,0.000430,0.000015,0.000084,0.006671
1,2,9,"q9_case1",990,256,2304,589824,589824,1,253185,524288,2,1,589824,589552,0.000367,0.000000,0.000167,0.000023,0.000273,0.000380,0.000197,0.000869,0.001402,0.001183,0.000045,0.003683,0.001320,0.000000,0.002457,0.000413,0.000021,0.000086,0.006083
1,2,9,"q9_case1",991,256,2304,589824,589824,1,253441,524288,2,1,589824,589565,0.000359,0.000000,0.000177,0.000028,0.000274,0.000451,0.000278,0.000889,0.001600,0.001468,0.000047,0.004187,0.001308,0.000000,0.002675,0.000417,0.000015,0.000087,0.006780
1,2,9,"q9_case1",992,256,2304,589824,589824,1,253697,524288,2,1,589824,589554,0.000361,0.000000,0.000175,0.000028,0.000273,0.000414,0.000238,0.000866,0.001465,0.001350,0.000046,0.003906,0.001319,0.000000,0.002512,0.000414,0.000026,0.000116,0.006425
1,2,9,"q9_case1",993,256,2304,589824,589824,1,253953,524288,2,1,589824,589553,0.000362,0.000000,0.000168,0.000025,0.000272,0.000377,0.000186,0.000863,0.001365,0.001167,0.000050,0.003667,0.001320,0.000000,0.002452,0.000420,0.000015,0.000084,0.006040
1,2,9,"q9_case1",994,256,2304,589824,589824,1,254209,524288,2,1,589824,589568,0.000364,0.000000,0.000128,0.000053,0.000262,0.000422,0.000269,0.000917,0.001564,0.001534,0.000046,0.004194,0.001325,0.000000,0.002616,0.000419,0.000021,0.000085,0.006840
1,2,9,"q9_case1",995,256,2304,589824,589824,1,254465,524288,2,1,589824,589545,0.000357,0.000000,0.000170,0.000046,0.000271,0.000375,0.000286,0.000862,0.001529,0.001150,0.000046,0.003788,0.001330,0.000000,0.002595,0.000429,0.000016,0.000097,0.006208
1,2,9,"q9_case1",996,256,2304,589824,589824,1,254721,524288,2,1,589824,589564,0.000362,0.000000,0.000136,0.000042,0.000405,0.000591,0.000240,0.000917,0.001981,0.001513,0.000073,0.004639,0.001335,0.000000,0.003056,0.000430,0.000026,0.000099,0.007293
1,2,9,"q9_case1",997,256,2304,589824,589824,1,254977,524288,2,1,589824,589543,0.000367,0.000000,0.000265,0.000025,0.000292,0.000383,0.000237,0.000902,0.001470,0.001227,0.000053,0.003971,0.001341,0.000000,0.002694,0.000424,0.000017,0.000090,0.006407
1,2,9,"q9_case1",998,256,2304,589824,589824,1,255233,524288,2,1,589824,589565,0.000359,0.000000,0.000222,0.000028,0.000292,0.000450,0.000210,0.000851,0.001495,0.001418,0.000046,0.004062,0.001332,0.000000,0.002600,0.000419,0.000026,0.000090,0.006627
1,2,9,"q9_case1",999,256,2304,589824,589824,1,255489,524288,2,1,589824,589554,0.000360,0.000000,0.000163,0.000022,0.000262,0.000419,0.000287,0.000902,0.001611,0.001418,0.000053,0.004108,0.001317,0.000000,0.002640,0.000413,0.000019,0.000119,0.006691
1,2,9,"q9_case1",1000,256,2304,589824,589824,1,255745,524288,2,1,589824,589545,0.000360,0.000000,0.000157,0.000024,0.000260,0.000375,0.000267,0.000916,0.001518,0.001212,0.000055,0.003811,0.001331,0.000000,0.002546,0.000433,0.000022,0.000088,0.006221
1,2,9,"q9_case1",1001,256,2304,589824,589824,1,256001,524288,2,1,589824,589563,0.000364,0.000000,0.000167,0.000028,0.000295,0.000448,0.000334,0.000860,0.001584,0.001295,0.000050,0.004034,0.001318,0.000000,0.002691,0.000424,0.000017,0.000092,0.006500
1,2,9,"q9_case1",1002,256,2304,589824,589824,1,256257,524288,2,1,589824,589557,0.000358,0.000000,0.000148,0.000035,0.000293,0.000416,0.000257,0.000890,0.001557,0.001376,0.000048,0.004028,0.001308,0.000000,0.002607,0.000413,0.000021,0.000084,0.006539
1,2,9,"q9_case1",1003,256,2304,589824,589824,1,256513,524288,2,1,589824,589548,0.000360,0.000000,0.000158,0.000029,0.000257,0.000375,0.000239,0.000882,0.001440,0.001156,0.000046,0.003688,0.001327,0.000000,0.002488,0.000414,0.000015,0.000086,0.006074
1,2,9,"q9_case1",1004,256,2304,589824,589824,1,256769,524288,2,1,589824,589562,0.000362,0.000000,0.000170,0.000021,0.000268,0.000447,0.000281,0.000868,0.001560,0.001413,0.000046,0.004058,0.001313,0.000000,0.002600,0.000413,0.000028,0.000122,0.006597
1,2,9,"q9_case1",1005,256,2304,589824,589824,1,257025,524288,2,1,589824,589550,0.000371,0.000000,0.000173,0.000050,0.000260,0.000407,0.000259,0.000865,0.001505,0.001187,0.000054,0.003878,0.001325,0.000000,0.002639,0.000421,0.000016,0.000085,0.006267
1,2,9,"q9_case1",1006,256,2304,589824,589824,1,257281,524288,2,1,589824,589567,0.000361,0.000000,0.000159,0.000024,0.000285,0.000369,0.000231,0.000882,0.001418,0.001165,0.000063,0.003712,0.001316,0.000000,0.002486,0.000429,0.000022,0.000093,0.006101
1,2,9,"q9_case1",1007,256,2304,589824,589824,1,257537,524288,2,1,589824,589568,0.000365,0.000000,0.000253,0.000030,0.000259,0.000423,0.000283,0.000893,0.001548,0.001242,0.000062,0.003988,0.001329,0.000000,0.002686,0.000415,0.000019,0.000113,0.006439
1,2,9,"q9_case1",1008,256,2304,589824,589824,1,257793,524288,2,1,589824,589568,0.000361,0.000000,0.000210,0.000027,0.000290,0.000376,0.000271,0.000875,0.001536,0.001189,0.000051,0.003842,0.001323,0.000000,0.002604,0.000420,0.000021,0.000090,0.006250
1,2,9,"q9_case1",1009,256,2304,589824,589824,1,258049,524288,2,1,589824,589567,0.000361,0.000000,0.000194,0.000049,0.000291,0.000426,0.000346,0.000883,0.001693,0.001197,0.000045,0.003964,0.001315,0.000000,0.002725,0.000422,0.000015,0.000086,0.006336
1,2,9,"q9_case1",1010,256,2304,589824,589824,1,258305,524288,2,1,589824,589568,0.000362,0.000000,0.000149,0.000025,0.000279,0.000390,0.000249,0.000871,0.001479,0.001075,0.000041,0.003647,0.001322,0.000000,0.002534,0.000413,0.000020,0.000090,0.005983
1,2,9,"q9_case1",1011,256,2304,589824,589824,1,258561,524288,2,1,589824,589566,0.000356,0.000000,0.000180,0.000027,0.000275,0.000426,0.000217,0.000883,0.001513,0.001200,0.000044,0.003806,0.001313,0.000000,0.002564,0.000427,0.000015,0.000101,0.006191
1,2,9,"q9_case1",1012,256,2304,589824,589824,1,258817,524288,2,1,589824,589566,0.000355,0.000000,0.000183,0.000026,0.000265,0.000377,0.000259,0.000875,0.001478,0.001165,0.000046,0.003750,0.001303,0.000000,0.002542,0.000414,0.000019,0.000083,0.006087
1,2,9,"q9_case1",1013,256,2304,589824,589824,1,259073,524288,2,1,589824,589468,0.000371,0.000000,0.000166,0.000030,0.000280,0.000447,0.000235,0.000858,0.001555,0.001436,0.000051,0.004078,0.001305,0.000000,0.002593,0.000422,0.000015,0.000086,0.006625
1,2,9,"q9_case1",1014,256,2304,589824,589824,1,259329,524288,2,1,589824,589533,0.000358,0.000000,0.000377,0.000027,0.000317,0.000403,0.000261,0.000866,0.001644,0.001211,0.000048,0.004092,0.001314,0.000000,0.002835,0.000417,0.000022,0.000088,0.006483
1,2,9,"q9_case1",1015,256,2304,589824,589824,1,259585,524288,2,1,589824,589566,0.000360,0.000000,0.000221,0.000023,0.000333,0.000377,0.000304,0.000867,0.001535,0.001150,0.000055,0.003872,0.001324,0.000000,0.002670,0.000430,0.000017,0.000098,0.006264
1,2,9,"q9_case1",1016,256,2304,589824,589824,1,259841,524288,2,1,589824,589568,0.000362,0.000000,0.000132,0.000052,0.000278,0.000447,0.000186,0.000852,0.001448,0.001170,0.000053,0.003692,0.001313,0.000000,0.002472,0.000427,0.000023,0.000085,0.006077
1,2,9,"q9_case1",1017,256,2304,589824,589824,1,260097,524288,2,1,589824,589565,0.000362,0.000000,0.000170,0.000026,0.000311,0.000433,0.000232,0.000866,0.001496,0.001221,0.000053,0.003853,0.001315,0.000000,0.002581,0.000432,0.000015,0.000088,0.006254
1,2,9,"q9_case1",1018,256,2304,589824,589824,1,260353,524288,2,1,589824,589566,0.000361,0.000000,0.000201,0.000027,0.000263,0.000414,0.000236,0.000881,0.001489,0.001203,0.000049,0.003847,0.001321,0.000000,0.002596,0.000436,0.000022,0.000090,0.006266
1,2,9,"q9_case1",1019,256,2304,589824,589824,1,260609,524288,2,1,589824,589567,0.000360,0.000000,0.000151,0.000029,0.000320,0.000380,0.000304,0.000861,0.001476,0.001169,0.000053,0.003790,0.001318,0.000000,0.002570,0.000429,0.000015,0.000084,0.006177
1,2,9,"q9_case1",1020,256,2304,589824,589824,1,260865,524288,2,1,589824,589381,0.000360,0.000000,0.000143,0.000045,0.000274,0.000443,0.000278,0.000885,0.001587,0.001498,0.000044,0.004218,0.001322,0.000000,0.002678,0.000427,0.000020,0.000082,0.006795
1,2,9,"q9_case1",1021,256,2304,589824,589824,1,261121,524288,2,1,589824,589489,0.000363,0.000000,0.000158,0.000050,0.000286,0.000411,0.000311,0.000885,0.001550,0.001247,0.000062,0.003930,0.001332,0.000000,0.002623,0.000430,0.000018,0.000109,0.006390
1,2,9,"q9_case1",1022,256,2304,589824,589824,1,261377,524288,2,1,589824,589565,0.000363,0.000000,0.000151,0.000036,0.000274,0.000378,0.000227,0.000855,0.001392,0.001143,0.000052,0.003649,0.001329,0.000000,0.002457,0.000445,0.000021,0.000095,0.006065
1,2,9,"q9_case1",1023,256,2304,589824,589824,1,261633,524288,2,1,589824,589567,0.000359,0.000000,0.000270,0.000029,0.000283,0.000425,0.000261,0.000861,0.001513,0.001186,0.000055,0.003925,0.001330,0.000000,0.002686,0.000437,0.000015,0.000088,0.006332
1,2,9,"q9_case1",1024,256,2304,589824,589824,1,261889,524288,2,1,589824,589565,0.000363,0.000000,0.000177,0.000026,0.000275,0.000388,0.000240,0.000851,0.001440,0.001134,0.000093,0.003727,0.001319,0.000000,0.002502,0.000439,0.000022,0.029633,0.035655
1,2,9,"q9_case1",1025,256,2304,589824,589824,1,262145,1048576,2,1,589824,589567,0.024459,0.001389,0.002161,0.000000,0.000365,0.000526,0.000391,0.000879,0.001999,0.001197,0.000112,0.032250,0.001329,0.012425,0.031504,0.000434,0.000028,0.000100,0.047726
1,2,9,"q9_case1",1026,256,2304,589824,589824,1,262401,1048576,2,1,589824,589565,0.000455,0.000000,0.000422,0.000053,0.000380,0.000443,0.000395,0.000898,0.002010,0.001419,0.000054,0.005120,0.001362,0.000000,0.003649,0.000415,0.000023,0.000091,0.007769
1,2,9,"q9_case1",1027,256,2304,589824,589824,1,262657,1048576,2,1,589824,589547,0.000365,0.000000,0.000525,0.000044,0.000324,0.000404,0.000504,0.000961,0.002230,0.001186,0.000051,0.004999,0.001324,0.000000,0.003764,0.000409,0.000018,0.000081,0.007518
1,2,9,"q9_case1",1028,256,2304,589824,589824,1,262913,1048576,2,1,589824,589565,0.000356,0.000000,0.000452,0.000044,0.000365,0.000460,0.000349,0.000889,0.001975,0.001536,0.000048,0.005001,0.001349,0.000000,0.003419,0.000407,0.000023,0.000092,0.007718
1,2,9,"q9_case1",1029,256,2304,589824,589824,1,263169,1048576,2,1,589824,589546,0.000465,0.000000,0.000415,0.000057,0.000338,0.000452,0.000388,0.000878,0.001972,0.001139,0.000046,0.004742,0.001440,0.000000,0.003559,0.000408,0.000016,0.000082,0.007326
1,2,9,"q9_case1",1030,256,2304,589824,589824,1,263425,1048576,2,1,589824,589565,0.000360,0.000000,0.000487,0.000052,0.000333,0.000468,0.000399,0.000925,0.002092,0.001189,0.000043,0.004848,0.001347,0.000000,0.003621,0.000425,0.000022,0.000080,0.007259
1,2,9,"q9_case1",1031,256,2304,589824,589824,1,263681,1048576,2,1,589824,589566,0.000359,0.000000,0.000420,0.000044,0.000337,0.000401,0.000370,0.000889,0.001875,0.001096,0.000045,0.004449,0.001306,0.000000,0.003310,0.000405,0.000015,0.000077,0.006801
1,2,9,"q9_case1",1032,256,2304,589824,589824,1,263937,1048576,2,1,589824,589567,0.000358,0.000000,0.000432,0.000045,0.000351,0.000452,0.000394,0.000886,0.001980,0.001200,0.000094,0.004765,0.001346,0.000000,0.003472,0.000412,0.000025,0.000087,0.007176
1,2,9,"q9_case1",1033,256,2304,589824,589824,1,264193,1048576,2,1,589824,589566,0.000358,0.000000,0.000392,0.000039,0.000366,0.000441,0.000349,0.000872,0.001907,0.001089,0.000046,0.004498,0.001308,0.000000,0.003365,0.000415,0.000017,0.000075,0.006860
1,2,9,"q9_case1",1034,256,2304,589824,589824,1,264449,1048576,2,1,589824,589568,0.000359,0.000000,0.000454,0.000048,0.000329,0.000466,0.000432,0.000901,0.002051,0.001324,0.000043,0.004891,0.001342,0.000000,0.003525,0.000434,0.000022,0.000076,0.007371
1,2,9,"q9_case1",1035,256,2304,589824,589824,1,264705,1048576,2,1,589824,589385,0.000365,0.000000,0.000402,0.000045,0.000377,0.000453,0.000383,0.000896,0.002003,0.001488,0.000049,0.004955,0.001305,0.000000,0.003421,0.000423,0.000016,0.000071,0.007600
1,2,9,"q9_case1",1036,256,2304,589824,589824,1,264961,1048576,2,1,589824,589325,0.000359,0.000000,0.000492,0.000044,0.000352,0.000430,0.000360,0.000892,0.001934,0.001150,0.000046,0.004655,0.001302,0.000000,0.003461,0.000425,0.000022,0.000083,0.007021
1,2,9,"q9_case1",1037,256,2304,589824,589824,1,265217,1048576,2,1,589824,589559,0.000358,0.000000,0.000566,0.000046,0.000358,0.000479,0.000397,0.000915,0.002034,0.001496,0.000070,0.005177,0.001337,0.000000,0.003612,0.000407,0.000016,0.000072,0.007778
1,2,9,"q9_case1",1038,256,2304,589824,589824,1,265473,1048576,2,1,589824,589328,0.000359,0.000000,0.000558,0.000052,0.000402,0.000435,0.000408,0.000973,0.002220,0.001150,0.000049,0.005037,0.001337,0.000000,0.003839,0.000422,0.000023,0.000074,0.007394
1,2,9,"q9_case1",1039,256,2304,589824,589824,1,265729,1048576,2,1,589824,589560,0.000365,0.000000,0.000537,0.000048,0.000377,0.000472,0.000398,0.000937,0.002061,0.001656,0.000051,0.005423,0.001320,0.000000,0.003718,0.000424,0.000016,0.000075,0.008225
1,2,9,"q9_case1",1040,256,2304,589824,589824,1,265985,1048576,2,1,589824,589509,0.000404,0.000000,0.000537,0.000048,0.000317,0.000445,0.000349,0.000902,0.001913,0.001543,0.000063,0.005186,0.001302,0.000000,0.003582,0.000412,0.000022,0.000095,0.007764
1,2,9,"q9_case1",1041,256,2304,589824,589824,1,266241,1048576,2,1,589824,589415,0.000366,0.000000,0.000568,0.000041,0.000370,0.000432,0.000379,0.000920,0.001988,0.001139,0.000045,0.004819,0.001407,0.000000,0.003638,0.000405,0.000016,0.000073,0.007330
1,2,9,"q9_case1",1042,256,2304,589824,589824,1,266497,1048576,2,1,589824,589565,0.000358,0.000000,0.003454,0.000047,0.000305,0.000469,0.000361,0.000898,0.001929,0.001730,0.000045,0.008173,0.001337,0.000000,0.006401,0.000417,0.000020,0.000074,0.010769
1,2,9,"q9_case1",1043,256,2304,589824,589824,1,266753,1048576,2,1,589824,589341,0.000393,0.000000,0.000534,0.000046,0.000355,0.000422,0.000511,0.000902,0.002065,0.001124,0.000048,0.004910,0.001296,0.000000,0.003740,0.000413,0.000016,0.000072,0.007301
1,2,9,"q9_case1",1044,256,2304,589824,589824,1,267009,1048576,2,1,589824,589560,0.000360,0.000000,0.000574,0.000047,0.000329,0.000441,0.000414,0.001090,0.002172,0.001684,0.000056,0.005523,0.001311,0.000000,0.003786,0.000418,0.000026,0.000107,0.008289
1,2,9,"q9_case1",1045,256,2304,589824,589824,1,267265,1048576,2,1,589824,589319,0.000359,0.000000,0.000544,0.000041,0.000340,0.000475,0.000344,0.000869,0.001972,0.001386,0.000046,0.004963,0.001299,0.000000,0.003533,0.000416,0.000016,0.000077,0.007535
1,2,9,"q9_case1",1046,256,2304,589824,589824,1,267521,1048576,2,1,589824,589494,0.000359,0.000000,0.000531,0.000044,0.000332,0.000463,0.000427,0.000887,0.001999,0.001388,0.000048,0.005064,0.001306,0.000000,0.003631,0.000423,0.000020,0.000071,0.007543
1,2,9,"q9_case1",1047,256,2304,589824,589824,1,267777,1048576,2,1,589824,589396,0.000360,0.000000,0.000561,0.000046,0.000389,0.000464,0.000383,0.000933,0.002065,0.001424,0.000044,0.005149,0.001355,0.000000,0.003683,0.000411,0.000016,0.000075,0.007752
1,2,9,"q9_case1",1048,256,2304,589824,589824,1,268033,1048576,2,1,589824,589450,0.000358,0.000000,0.000538,0.000044,0.000378,0.000468,0.000422,0.000876,0.002041,0.001509,0.000064,0.005208,0.001304,0.000000,0.003637,0.000434,0.000031,0.000111,0.007842
1,2,9,"q9_case1",1049,256,2304,589824,589824,1,268289,1048576,2,1,589824,589319,0.000362,0.000000,0.000734,0.000053,0.000343,0.000432,0.000398,0.000860,0.001948,0.001109,0.000047,0.004850,0.001320,0.000000,0.003696,0.000433,0.000017,0.000077,0.007258
1,2,9,"q9_case1",1050,256,2304,589824,589824,1,268545,1048576,2,1,589824,589554,0.000356,0.000000,0.000593,0.000050,0.000389,0.000470,0.000388,0.000914,0.002104,0.001475,0.000066,0.005358,0.001305,0.000000,0.003819,0.000404,0.000069,0.000116,0.007997
1,2,9,"q9_case1",1051,256,2304,589824,589824,1,268801,1048576,2,1,589824,589325,0.000358,0.000000,0.000519,0.000044,0.000368,0.000502,0.000395,0.000873,0.002029,0.001170,0.000043,0.004867,0.001694,0.000000,0.003656,0.000417,0.000017,0.000075,0.007624
1,2,9,"q9_case1",1052,256,2304,589824,589824,1,269057,1048576,2,1,589824,589497,0.000356,0.000000,0.000960,0.000032,0.000309,0.000446,0.000338,0.000864,0.001786,0.001775,0.000153,0.005577,0.001307,0.000000,0.003652,0.000418,0.000025,0.000074,0.008266
1,2,9,"q9_case1",1053,256,2304,589824,589824,1,269313,1048576,2,1,589824,589507,0.000356,0.000000,0.000575,0.000055,0.000369,0.000486,0.000376,0.000944,0.002098,0.001458,0.000044,0.005243,0.001305,0.000000,0.003743,0.000412,0.000016,0.000097,0.007808
1,2,9,"q9_case1",1054,256,2304,589824,589824,1,269569,1048576,2,1,589824,589358,0.000356,0.000000,0.000578,0.000044,0.000336,0.000432,0.000416,0.000901,0.001961,0.001501,0.000055,0.005167,0.001304,0.000000,0.003616,0.000411,0.000036,0.000106,0.007826
1,2,9,"q9_case1",1055,256,2304,589824,589824,1,269825,1048576,2,1,589824,589325,0.000357,0.000000,0.000572,0.000044,0.000335,0.000430,0.000343,0.000880,0.001932,0.001119,0.000047,0.004688,0.001315,0.000000,0.003524,0.000414,0.000017,0.000077,0.007076
1,2,9,"q9_case1",1056,256,2304,589824,589824,1,270081,1048576,2,1,589824,589565,0.000358,0.000000,0.000514,0.000045,0.000355,0.000464,0.000400,0.000903,0.002003,0.001487,0.000045,0.005143,0.001350,0.000000,0.003613,0.000409,0.000021,0.000075,0.007739
1,2,9,"q9_case1",1057,256,2304,589824,589824,1,270337,1048576,2,1,589824,589324,0.000356,0.000000,0.000543,0.000047,0.000378,0.000480,0.000350,0.000927,0.002054,0.001197,0.000044,0.004879,0.001332,0.000000,0.003640,0.000421,0.000016,0.000077,0.007300
1,2,9,"q9_case1",1058,256,2304,589824,589824,1,270593,1048576,2,1,589824,589497,0.000356,0.000000,0.001860,0.000042,0.000338,0.000461,0.000319,0.000946,0.001957,0.001570,0.000046,0.006417,0.001300,0.000000,0.004803,0.000414,0.000022,0.000080,0.009023
1,2,9,"q9_case1",1059,256,2304,589824,589824,1,270849,1048576,2,1,589824,589506,0.000356,0.000000,0.000527,0.000044,0.000382,0.000432,0.000389,0.000868,0.001927,0.001333,0.000046,0.004979,0.001334,0.000000,0.003602,0.000418,0.000015,0.000078,0.007460
1,2,9,"q9_case1",1060,256,2304,589824,589824,1,271105,1048576,2,1,589824,589556,0.000360,0.000000,0.000556,0.000044,0.000366,0.000439,0.000412,0.000891,0.002022,0.001109,0.000049,0.004871,0.001306,0.000000,0.003715,0.000433,0.000023,0.000073,0.007219
1,2,9,"q9_case1",1061,256,2304,589824,589824,1,271361,1048576,2,1,589824,589502,0.000358,0.000000,0.000583,0.000019,0.000290,0.000495,0.000269,0.000872,0.001581,0.001453,0.000068,0.004704,0.001350,0.000000,0.003185,0.000449,0.000041,0.000090,0.007424
1,2,9,"q9_case1",1062,256,2304,589824,589824,1,271617,1048576,2,1,589824,589508,0.000366,0.000000,0.000575,0.000051,0.000285,0.000443,0.000251,0.000877,0.001538,0.001315,0.000049,0.004718,0.001336,0.000000,0.003357,0.000429,0.000023,0.000131,0.007262
1,2,9,"q9_case1",1063,256,2304,589824,589824,1,271873,1048576,2,1,589824,589552,0.000498,0.000000,0.000440,0.000046,0.000271,0.000420,0.000252,0.000853,0.001532,0.001112,0.000043,0.004151,0.001300,0.000000,0.002999,0.000416,0.000015,0.000074,0.006477
1,2,9,"q9_case1",1064,256,2304,589824,589824,1,272129,1048576,2,1,589824,589479,0.000358,0.000000,0.000277,0.000027,0.000265,0.000439,0.000230,0.000898,0.001546,0.001459,0.000041,0.004209,0.001344,0.000000,0.002711,0.000428,0.000023,0.000078,0.006820
1,2,9,"q9_case1",1065,256,2304,589824,589824,1,272385,1048576,2,1,589824,589503,0.000360,0.000000,0.000325,0.000025,0.000265,0.000413,0.000243,0.000881,0.001526,0.001200,0.000046,0.004053,0.001360,0.000000,0.002809,0.000424,0.000015,0.000089,0.006478
1,2,9,"q9_case1",1066,256,2304,589824,589824,1,272641,1048576,2,1,589824,589567,0.000370,0.000000,0.000363,0.000024,0.000267,0.000387,0.000188,0.000864,0.001422,0.001134,0.000044,0.003865,0.001326,0.000000,0.002689,0.000421,0.000029,0.000102,0.006272
1,2,9,"q9_case1",1067,256,2304,589824,589824,1,272897,1048576,2,1,589824,589568,0.000356,0.000000,0.000310,0.000027,0.000263,0.000420,0.000197,0.000887,0.001486,0.001408,0.000050,0.004104,0.001307,0.000000,0.002647,0.000428,0.000016,0.000078,0.006738
1,2,9,"q9_case1",1068,256,2304,589824,589824,1,273153,1048576,2,1,589824,589544,0.000358,0.000000,0.000296,0.000022,0.000292,0.000453,0.000206,0.001125,0.001551,0.001305,0.000049,0.004357,0.001302,0.000000,0.003007,0.000804,0.000023,0.000079,0.007417
1,2,9,"q9_case1",1069,256,2304,589824,589824,1,273409,1048576,2,1,589824,589526,0.000358,0.000000,0.000342,0.000031,0.000290,0.000416,0.000252,0.000949,0.001683,0.001402,0.000047,0.004420,0.001334,0.000000,0.002974,0.000416,0.000015,0.000076,0.006976
1,2,9,"q9_case1",1070,256,2304,589824,589824,1,273665,1048576,2,1,589824,589549,0.000362,0.000000,0.005206,0.000018,0.000262,0.000452,0.000209,0.000892,0.001507,0.001333,0.000070,0.009000,0.001304,0.000000,0.007600,0.000455,0.000026,0.000083,0.011517
1,2,9,"q9_case1",1071,256,2304,589824,589824,1,273921,1048576,2,1,589824,589499,0.000366,0.000000,0.000411,0.000022,0.000282,0.000439,0.000204,0.000908,0.001638,0.001473,0.000056,0.004419,0.001345,0.000000,0.002893,0.000421,0.000017,0.000086,0.007013
1,2,9,"q9_case1",1072,256,2304,589824,589824,1,274177,1048576,2,1,589824,589495,0.000358,0.000000,0.000502,0.000021,0.000283,0.000416,0.000213,0.000896,0.001562,0.001470,0.000048,0.004416,0.001306,0.000000,0.002900,0.000431,0.000023,0.000077,0.006976
1,2,9,"q9_case1",1073,256,2304,589824,589824,1,274433,1048576,2,1,589824,589544,0.000367,0.000000,0.000372,0.000022,0.000265,0.000391,0.000217,0.000875,0.001488,0.001115,0.000049,0.003922,0.001355,0.000000,0.002760,0.000414,0.000016,0.000075,0.006306
1,2,9,"q9_case1",1074,256,2304,589824,589824,1,274689,1048576,2,1,589824,589566,0.000356,0.000000,0.000260,0.000045,0.000266,0.000445,0.000233,0.000927,0.001594,0.001485,0.000058,0.004346,0.001366,0.000000,0.002806,0.000412,0.000021,0.000076,0.006929
1,2,9,"q9_case1",1075,256,2304,589824,589824,1,274945,1048576,2,1,589824,589422,0.000358,0.000000,0.000310,0.000027,0.000271,0.000411,0.000192,0.000911,0.001488,0.001544,0.000045,0.004274,0.001342,0.000000,0.002686,0.000417,0.000016,0.000088,0.006897
1,2,9,"q9_case1",1076,256,2304,589824,589824,1,275201,1048576,2,1,589824,589284,0.000365,0.000000,0.000313,0.000023,0.000260,0.000398,0.000190,0.000918,0.001483,0.001144,0.000051,0.003943,0.001305,0.000000,0.002750,0.000426,0.000022,0.000072,0.006291
1,2,9,"q9_case1",1077,256,2304,589824,589824,1,275457,1048576,2,1,589824,589568,0.000374,0.000000,0.000334,0.000023,0.000262,0.000421,0.000192,0.000917,0.001516,0.001703,0.000064,0.004541,0.001326,0.000000,0.002776,0.000423,0.000017,0.000076,0.007313
1,2,9,"q9_case1",1078,256,2304,589824,589824,1,275713,1048576,2,1,589824,589315,0.000367,0.000000,0.000431,0.000027,0.000265,0.000453,0.000260,0.000890,0.001638,0.001671,0.000058,0.004682,0.001304,0.000000,0.002956,0.000417,0.000024,0.000084,0.007327
1,2,9,"q9_case1",1079,256,2304,589824,589824,1,275969,1048576,2,1,589824,589500,0.000361,0.000000,0.000284,0.000021,0.000267,0.000417,0.000208,0.000894,0.001561,0.001493,0.000057,0.004384,0.001329,0.000000,0.002837,0.000434,0.000017,0.000091,0.007009
1,2,9,"q9_case1",1080,256,2304,589824,589824,1,276225,1048576,2,1,589824,589326,0.000360,0.000000,0.000269,0.000027,0.000294,0.000409,0.000228,0.000900,0.001547,0.001136,0.000059,0.003908,0.001319,0.000000,0.002715,0.000420,0.000026,0.000077,0.006280
1,2,9,"q9_case1",1081,256,2304,589824,589824,1,276481,1048576,2,1,589824,589565,0.000361,0.000000,0.004799,0.000053,0.000256,0.000416,0.000229,0.000891,0.001492,0.001756,0.000070,0.009029,0.001325,0.000000,0.007207,0.000427,0.000017,0.000079,0.011880
1,2,9,"q9_case1",1082,256,2304,589824,589824,1,276737,1048576,2,1,589824,589315,0.000366,0.000000,0.000283,0.000018,0.000258,0.000443,0.000265,0.000881,0.001533,0.001710,0.000063,0.004456,0.001341,0.000000,0.002687,0.000417,0.000023,0.000086,0.007267
1,2,9,"q9_case1",1083,256,2304,589824,589824,1,276993,1048576,2,1,589824,589490,0.000371,0.000000,0.000381,0.000024,0.000267,0.000426,0.000228,0.001004,0.001658,0.001628,0.000081,0.004671,0.001361,0.000000,0.002965,0.000428,0.000018,0.000085,0.007429
1,2,9,"q9_case1",1084,256,2304,589824,589824,1,277249,1048576,2,1,589824,589324,0.000367,0.000000,0.000330,0.000045,0.000268,0.000455,0.000252,0.000859,0.001554,0.001266,0.000046,0.004157,0.001319,0.000000,0.002848,0.000407,0.000023,0.000083,0.006567
1,2,9,"q9_case1",1085,256,2304,589824,589824,1,277505,1048576,2,1,589824,589501,0.000363,0.000000,0.000276,0.000025,0.000264,0.000416,0.000221,0.000900,0.001529,0.001549,0.000066,0.004345,0.001311,0.000000,0.002732,0.000431,0.000017,0.000081,0.007026
1,2,9,"q9_case1",1086,256,2304,589824,589824,1,277761,1048576,2,1,589824,589321,0.000380,0.000000,0.003719,0.000025,0.000260,0.000451,0.000267,0.000862,0.001517,0.001421,0.000071,0.007705,0.001349,0.000000,0.006217,0.000434,0.000028,0.000093,0.010386
1,2,9,"q9_case1",1087,256,2304,589824,589824,1,278017,1048576,2,1,589824,589484,0.000362,0.000000,0.000334,0.000018,0.000258,0.000414,0.000278,0.000887,0.001530,0.001507,0.000055,0.004353,0.001313,0.000000,0.002794,0.000419,0.000018,0.000093,0.007000
1,2,9,"q9_case1",1088,256,2304,589824,589824,1,278273,1048576,2,1,589824,589319,0.000366,0.000000,0.000317,0.000022,0.000280,0.000446,0.000286,0.000863,0.001571,0.001520,0.000069,0.004386,0.001343,0.000000,0.002799,0.000438,0.000030,0.000091,0.007108
1,2,9,"q9_case1",1089,256,2304,589824,589824,1,278529,1048576,2,1,589824,589485,0.000363,0.000000,0.000263,0.000030,0.000255,0.000436,0.000187,0.000877,0.001435,0.001558,0.000062,0.004270,0.001330,0.000000,0.002652,0.000433,0.000019,0.000092,0.006948
1,2,9,"q9_case1",1090,256,2304,589824,589824,1,278785,1048576,2,1,589824,589506,0.000360,0.000000,0.000303,0.000028,0.000277,0.000405,0.000226,0.000879,0.001512,0.001437,0.000060,0.004194,0.001319,0.000000,0.002700,0.000412,0.000023,0.000087,0.006809
1,2,9,"q9_case1",1091,256,2304,589824,589824,1,279041,1048576,2,1,589824,589548,0.000357,0.000000,0.000519,0.000020,0.000259,0.000686,0.000269,0.000905,0.001829,0.001153,0.000051,0.004412,0.001306,0.000000,0.003210,0.000420,0.000017,0.000083,0.006887
1,2,9,"q9_case1",1092,256,2304,589824,589824,1,279297,1048576,2,1,589824,589567,0.000356,0.000000,0.000294,0.000019,0.000307,0.000423,0.000252,0.000897,0.001523,0.001550,0.000052,0.004363,0.001304,0.000000,0.002763,0.000411,0.000035,0.000102,0.007071
1,2,9,"q9_case1",1093,256,2304,589824,589824,1,279553,1048576,2,1,589824,589542,0.000361,0.000000,0.000257,0.000021,0.000260,0.000445,0.000264,0.000855,0.001507,0.001218,0.000050,0.003940,0.001304,0.000000,0.002673,0.000434,0.000021,0.000086,0.006336
1,2,9,"q9_case1",1094,256,2304,589824,589824,1,279809,1048576,2,1,589824,589530,0.000358,0.000000,0.000346,0.000019,0.000276,0.000436,0.000187,0.000863,0.001455,0.001453,0.000045,0.004181,0.001317,0.000000,0.002686,0.000414,0.000022,0.000079,0.006723
1,2,9,"q9_case1",1095,256,2304,589824,589824,1,280065,1048576,2,1,589824,589506,0.000356,0.000000,0.000370,0.000020,0.000273,0.000404,0.000272,0.000847,0.001480,0.001264,0.000044,0.004060,0.001303,0.000000,0.002754,0.000407,0.000016,0.000078,0.006517
1,2,9,"q9_case1",1096,256,2304,589824,589824,1,280321,1048576,2,1,589824,589559,0.000373,0.000001,0.000482,0.000018,0.000282,0.000405,0.000291,0.000846,0.001523,0.001121,0.000059,0.004102,0.001303,0.000000,0.002924,0.000444,0.000024,0.000118,0.006510
1,2,9,"q9_case1",1097,256,2304,589824,589824,1,280577,1048576,2,1,589824,589567,0.000365,0.000000,0.000331,0.000021,0.000257,0.000425,0.000259,0.000889,0.001525,0.001415,0.000051,0.004273,0.001316,0.000000,0.002809,0.000406,0.000016,0.000076,0.006848
1,2,9,"q9_case1",1098,256,2304,589824,589824,1,280833,1048576,2,1,589824,589541,0.000360,0.000000,0.000286,0.000021,0.000279,0.000447,0.000242,0.000844,0.001499,0.001237,0.000047,0.003991,0.001303,0.000000,0.002710,0.000415,0.000021,0.000076,0.006359
1,2,9,"q9_case1",1099,256,2304,589824,589824,1,281089,1048576,2,1,589824,589528,0.000365,0.000000,0.000279,0.000028,0.000295,0.000412,0.000262,0.000888,0.001570,0.001466,0.000048,0.004232,0.001311,0.000000,0.002721,0.000407,0.000015,0.000075,0.006816
1,2,9,"q9_case1",1100,256,2304,589824,589824,1,281345,1048576,2,1,589824,589455,0.000358,0.000000,0.000299,0.000021,0.000258,0.000450,0.000280,0.000862,0.001564,0.001448,0.000044,0.004276,0.001295,0.000000,0.002787,0.000414,0.000021,0.000077,0.006792
1,2,9,"q9_case1",1101,256,2304,589824,589824,1,281601,1048576,2,1,589824,589511,0.000361,0.000000,0.000352,0.000019,0.000277,0.000409,0.000283,0.000878,0.001579,0.001676,0.000062,0.004519,0.001298,0.000000,0.002783,0.000422,0.000020,0.000108,0.007270
1,2,9,"q9_case1",1102,256,2304,589824,589824,1,281857,1048576,2,1,589824,589318,0.000360,0.000000,0.000267,0.000044,0.000254,0.000450,0.000200,0.000853,0.001431,0.001619,0.000055,0.004314,0.001304,0.000000,0.002643,0.000422,0.000021,0.000077,0.006961
1,2,9,"q9_case1",1103,256,2304,589824,589824,1,282113,1048576,2,1,589824,589483,0.000366,0.000000,0.000402,0.000022,0.000260,0.000414,0.000258,0.000905,0.001522,0.001589,0.000057,0.004484,0.001309,0.000000,0.002841,0.000409,0.000016,0.000074,0.007137
1,2,9,"q9_case1",1104,256,2304,589824,589824,1,282369,1048576,2,1,589824,589322,0.000365,0.000000,0.000312,0.000019,0.000258,0.000444,0.000289,0.000851,0.001559,0.001347,0.000055,0.004181,0.001293,0.000000,0.002781,0.000425,0.000025,0.000084,0.006622
1,2,9,"q9_case1",1105,256,2304,589824,589824,1,282625,1048576,2,1,589824,589487,0.000361,0.000000,0.000320,0.000019,0.000260,0.000441,0.000287,0.000870,0.001559,0.001491,0.000051,0.004327,0.001309,0.000000,0.002787,0.000427,0.000016,0.000081,0.006897
1,2,9,"q9_case1",1106,256,2304,589824,589824,1,282881,1048576,2,1,589824,589507,0.000362,0.000000,0.000317,0.000019,0.000280,0.000417,0.000190,0.000873,0.001435,0.001425,0.000057,0.004171,0.001312,0.000000,0.002692,0.000429,0.000023,0.000082,0.006727
1,2,9,"q9_case1",1107,256,2304,589824,589824,1,283137,1048576,2,1,589824,589545,0.000359,0.000000,0.000284,0.000022,0.000258,0.000446,0.000262,0.000831,0.001511,0.001259,0.000048,0.003987,0.001311,0.000000,0.002682,0.000424,0.000020,0.000114,0.006446
1,2,9,"q9_case1",1108,256,2304,589824,589824,1,283393,1048576,2,1,589824,589478,0.000361,0.000000,0.000311,0.000021,0.000272,0.000439,0.000197,0.000859,0.001473,0.001482,0.000048,0.004186,0.001308,0.000000,0.002658,0.000407,0.000021,0.000081,0.006697
1,2,9,"q9_case1",1109,256,2304,589824,589824,1,283649,1048576,2,1,589824,589351,0.000365,0.000000,0.000570,0.000021,0.000258,0.000406,0.000254,0.000896,0.001502,0.001484,0.000054,0.004501,0.001319,0.000000,0.002965,0.000414,0.000020,0.000078,0.007081
1,2,9,"q9_case1",1110,256,2304,589824,589824,1,283905,1048576,2,1,589824,589271,0.000361,0.000000,0.000320,0.000012,0.000378,0.000412,0.000300,0.000848,0.001635,0.001217,0.000048,0.004130,0.001305,0.000000,0.002867,0.000426,0.000023,0.000081,0.006470
1,2,9,"q9_case1",1111,256,2304,589824,589824,1,284161,1048576,2,1,589824,589567,0.000360,0.000000,0.000262,0.000020,0.000270,0.000437,0.000185,0.000879,0.001453,0.001616,0.000055,0.004292,0.001309,0.000000,0.002623,0.000411,0.000017,0.000089,0.006931
1,2,9,"q9_case1",1112,256,2304,589824,589824,1,284417,1048576,2,1,589824,589507,0.000359,0.000000,0.000332,0.000021,0.000284,0.000411,0.000313,0.000869,0.001530,0.001432,0.000047,0.004299,0.001307,0.000000,0.002822,0.000422,0.000020,0.000076,0.006804
1,2,9,"q9_case1",1113,256,2304,589824,589824,1,284673,1048576,2,1,589824,589534,0.000367,0.000000,0.000248,0.000020,0.000256,0.000415,0.000314,0.000846,0.001558,0.001199,0.000053,0.003999,0.001299,0.000000,0.002750,0.000425,0.000015,0.000079,0.006340
1,2,9,"q9_case1",1114,256,2304,589824,589824,1,284929,1048576,2,1,589824,589481,0.000360,0.000000,0.000295,0.000018,0.000257,0.000430,0.000218,0.000899,0.001497,0.001465,0.000052,0.004154,0.001309,0.000000,0.002639,0.000419,0.000020,0.000077,0.006685
1,2,9,"q9_case1",1115,256,2304,589824,589824,1,285185,1048576,2,1,589824,589487,0.000366,0.000000,0.000359,0.000028,0.000261,0.000404,0.000282,0.000862,0.001500,0.001305,0.000052,0.004105,0.001311,0.000000,0.002750,0.000424,0.000015,0.000081,0.006555
1,2,9,"q9_case1",1116,256,2304,589824,589824,1,285441,1048576,2,1,589824,589547,0.000367,0.000000,0.000360,0.000020,0.000306,0.000420,0.000317,0.000858,0.001567,0.001143,0.000044,0.004090,0.001327,0.000000,0.002904,0.000408,0.000021,0.000078,0.006416
1,2,9,"q9_case1",1117,256,2304,589824,589824,1,285697,1048576,2,1,589824,589567,0.000360,0.000000,0.000276,0.000026,0.000257,0.000405,0.000271,0.000889,0.001515,0.001487,0.000046,0.004261,0.001300,0.000000,0.002730,0.000415,0.000016,0.000075,0.006821
1,2,9,"q9_case1",1118,256,2304,589824,589824,1,285953,1048576,2,1,589824,589354,0.000378,0.000000,0.000418,0.000020,0.000281,0.000419,0.000247,0.000866,0.001504,0.001186,0.000058,0.004093,0.001313,0.000000,0.002852,0.000416,0.000025,0.000088,0.006435
1,2,9,"q9_case1",1119,256,2304,589824,589824,1,286209,1048576,2,1,589824,589564,0.000363,0.000000,0.000341,0.000018,0.000256,0.000438,0.000292,0.000865,0.001554,0.001613,0.000048,0.004447,0.001323,0.000000,0.002788,0.000413,0.000018,0.000080,0.007112
1,2,9,"q9_case1",1120,256,2304,589824,589824,1,286465,1048576,2,1,589824,589505,0.000357,0.000000,0.000295,0.000019,0.000271,0.000408,0.000177,0.000895,0.001446,0.001453,0.000041,0.004176,0.001292,0.000000,0.002684,0.000427,0.000019,0.000075,0.006698
1,2,9,"q9_case1",1121,256,2304,589824,589824,1,286721,1048576,2,1,589824,589517,0.000358,0.000000,0.000408,0.000021,0.000259,0.000418,0.000189,0.000822,0.001378,0.001197,0.000039,0.003880,0.001304,0.000000,0.002646,0.000431,0.000015,0.000073,0.006219
1,2,9,"q9_case1",1122,256,2304,589824,589824,1,286977,1048576,2,1,589824,589568,0.000356,0.000000,0.000288,0.000020,0.000256,0.000434,0.000236,0.000890,0.001509,0.001614,0.000040,0.004356,0.001290,0.000000,0.002704,0.000449,0.000021,0.000087,0.007031
1,2,9,"q9_case1",1123,256,2304,589824,589824,1,287233,1048576,2,1,589824,589543,0.000374,0.000000,0.000292,0.000021,0.000256,0.000408,0.000215,0.000891,0.001447,0.001461,0.000051,0.004239,0.001291,0.000000,0.002730,0.000413,0.000015,0.000073,0.006754
1,2,9,"q9_case1",1124,256,2304,589824,589824,1,287489,1048576,2,1,589824,589346,0.000355,0.000000,0.000410,0.000022,0.000309,0.000417,0.000319,0.000879,0.001594,0.001209,0.000044,0.004181,0.001303,0.000000,0.002930,0.000407,0.000021,0.000073,0.006502
1,2,9,"q9_case1",1125,256,2304,589824,589824,1,287745,1048576,2,1,589824,589563,0.000360,0.000000,0.000314,0.000019,0.000304,0.000408,0.000255,0.000940,0.001571,0.001650,0.000051,0.004482,0.001299,0.000000,0.002783,0.000436,0.000015,0.000075,0.007194
1,2,9,"q9_case1",1126,256,2304,589824,589824,1,288001,1048576,2,1,589824,589330,0.000356,0.000000,0.000323,0.000018,0.000282,0.000426,0.000285,0.000843,0.001512,0.001167,0.000046,0.003976,0.001291,0.000000,0.002765,0.000433,0.000020,0.000081,0.006272
1,2,9,"q9_case1",1127,256,2304,589824,589824,1,288257,1048576,2,1,589824,589567,0.000357,0.000000,0.000343,0.000021,0.000255,0.000406,0.000281,0.000873,0.001511,0.001458,0.000048,0.004250,0.001307,0.000000,0.002746,0.000417,0.000015,0.000075,0.006792
1,2,9,"q9_case1",1128,256,2304,589824,589824,1,288513,1048576,2,1,589824,589342,0.000356,0.000000,0.000303,0.000021,0.000272,0.000414,0.000258,0.000828,0.001474,0.001206,0.000040,0.003921,0.001294,0.000000,0.002677,0.000437,0.000023,0.000104,0.006292
1,2,9,"q9_case1",1129,256,2304,589824,589824,1,288769,1048576,2,1,589824,589565,0.000356,0.000000,0.000273,0.000021,0.000272,0.000440,0.000256,0.000882,0.001584,0.001648,0.000041,0.004452,0.001293,0.000000,0.002765,0.000409,0.000014,0.000070,0.007073
1,2,9,"q9_case1",1130,256,2304,589824,589824,1,289025,1048576,2,1,589824,589508,0.000357,0.000000,0.000287,0.000019,0.000287,0.000408,0.000330,0.000886,0.001571,0.001455,0.000046,0.004270,0.001301,0.000000,0.002770,0.000405,0.000020,0.000077,0.006792
1,2,9,"q9_case1",1131,256,2304,589824,589824,1,289281,1048576,2,1,589824,589463,0.000356,0.000000,0.000290,0.000019,0.000283,0.000418,0.000247,0.000826,0.001507,0.001238,0.000053,0.003979,0.001301,0.000000,0.002691,0.000423,0.000016,0.000084,0.006352
1,2,9,"q9_case1",1132,256,2304,589824,589824,1,289537,1048576,2,1,589824,589566,0.000367,0.000000,0.000335,0.000018,0.000256,0.000409,0.000242,0.000860,0.001471,0.001594,0.000048,0.004373,0.001313,0.000000,0.002732,0.000426,0.000027,0.000076,0.007052
1,2,9,"q9_case1",1133,256,2304,589824,589824,1,289793,1048576,2,1,589824,589499,0.000360,0.000000,0.003033,0.000021,0.000276,0.000452,0.000232,0.000856,0.001517,0.001574,0.000046,0.007071,0.001297,0.000000,0.005453,0.000408,0.000020,0.000076,0.009675
1,2,9,"q9_case1",1134,256,2304,589824,589824,1,290049,1048576,2,1,589824,589452,0.000354,0.000000,0.000327,0.000019,0.000288,0.000406,0.000217,0.000899,0.001481,0.001470,0.000044,0.004239,0.001291,0.000000,0.002727,0.000421,0.000027,0.000109,0.006812
1,2,9,"q9_case1",1135,256,2304,589824,589824,1,290305,1048576,2,1,589824,589316,0.000354,0.000000,0.000320,0.000019,0.000275,0.000417,0.000221,0.000839,0.001444,0.001200,0.000046,0.003897,0.001298,0.000000,0.002653,0.000412,0.000015,0.000081,0.006191
1,2,9,"q9_case1",1136,256,2304,589824,589824,1,290561,1048576,2,1,589824,589564,0.000358,0.000000,0.000282,0.000052,0.000627,0.000416,0.000390,0.000889,0.001877,0.001643,0.000056,0.005203,0.001300,0.000000,0.003506,0.000426,0.000022,0.000083,0.007892
1,2,9,"q9_case1",1137,256,2304,589824,589824,1,290817,1048576,2,1,589824,589386,0.000356,0.000000,0.000271,0.000022,0.000281,0.000448,0.000258,0.000908,0.001577,0.001267,0.000048,0.004071,0.001292,0.000000,0.002759,0.000411,0.000016,0.000081,0.006441
1,2,9,"q9_case1",1138,256,2304,589824,589824,1,291073,1048576,2,1,589824,589525,0.000356,0.000000,0.000356,0.000020,0.000255,0.000404,0.000289,0.000899,0.001522,0.001624,0.000051,0.004458,0.001310,0.000000,0.002786,0.000423,0.000021,0.000103,0.007153
1,2,9,"q9_case1",1139,256,2304,589824,589824,1,291329,1048576,2,1,589824,589380,0.000352,0.000000,0.000294,0.000019,0.000277,0.000443,0.000314,0.000830,0.001498,0.001315,0.000044,0.004078,0.001295,0.000000,0.002720,0.000421,0.000014,0.000079,0.006480
1,2,9,"q9_case1",1140,256,2304,589824,589824,1,291585,1048576,2,1,589824,589517,0.000357,0.000000,0.000300,0.000018,0.000284,0.000402,0.000291,0.000863,0.001489,0.001487,0.000043,0.004318,0.001295,0.000000,0.002789,0.000421,0.000020,0.000077,0.006868
1,2,9,"q9_case1",1141,256,2304,589824,589824,1,291841,1048576,2,1,589824,589327,0.000354,0.000000,0.000573,0.000021,0.000269,0.000433,0.000251,0.000868,0.001553,0.001269,0.000042,0.004317,0.001296,0.000000,0.003007,0.000414,0.000015,0.000075,0.006686
1,2,9,"q9_case1",1142,256,2304,589824,589824,1,292097,1048576,2,1,589824,589498,0.000354,0.000000,0.000252,0.000019,0.000264,0.000397,0.000191,0.000870,0.001411,0.001479,0.000046,0.004103,0.001293,0.000000,0.002580,0.000432,0.000021,0.000088,0.006671
1,2,9,"q9_case1",1143,256,2304,589824,589824,1,292353,1048576,2,1,589824,589336,0.000354,0.000000,0.000270,0.000029,0.000258,0.000416,0.000220,0.000863,0.001448,0.001167,0.000040,0.003854,0.001289,0.000000,0.002649,0.000408,0.000013,0.000072,0.006148
1,2,9,"q9_case1",1144,256,2304,589824,589824,1,292609,1048576,2,1,589824,589564,0.000356,0.000000,0.000327,0.000022,0.000262,0.000406,0.000248,0.000874,0.001494,0.001509,0.000047,0.004242,0.001295,0.000000,0.002688,0.000421,0.000021,0.000078,0.006805
1,2,9,"q9_case1",1145,256,2304,589824,589824,1,292865,1048576,2,1,589824,589327,0.000376,0.000000,0.000305,0.000020,0.000334,0.000433,0.000356,0.000866,0.001615,0.001247,0.000063,0.004219,0.001299,0.000000,0.002910,0.000434,0.000018,0.000090,0.006648
1,2,9,"q9_case1",1146,256,2304,589824,589824,1,293121,1048576,2,1,589824,589497,0.000361,0.000000,0.000353,0.000021,0.000440,0.000400,0.000287,0.000929,0.001782,0.001481,0.000055,0.004580,0.001311,0.000000,0.003047,0.000416,0.000021,0.000082,0.007131
1,2,9,"q9_case1",1147,256,2304,589824,589824,1,293377,1048576,2,1,589824,589333,0.000373,0.000000,0.000441,0.000031,0.000282,0.000423,0.000256,0.000873,0.001538,0.001205,0.000054,0.004178,0.001320,0.000000,0.002921,0.000412,0.000017,0.000083,0.006533
1,2,9,"q9_case1",1148,256,2304,589824,589824,1,293633,1048576,2,1,589824,589565,0.000363,0.000000,0.000275,0.000021,0.000257,0.000401,0.000294,0.000901,0.001621,0.001643,0.000058,0.004536,0.001329,0.000000,0.002837,0.000407,0.000024,0.000091,0.007250
1,2,9,"q9_case1",1149,256,2304,589824,589824,1,293889,1048576,2,1,589824,589336,0.000364,0.000000,0.000301,0.000022,0.000258,0.000404,0.000263,0.000883,0.001485,0.001217,0.000048,0.004019,0.001315,0.000000,0.002756,0.000427,0.000016,0.000080,0.006424
1,2,9,"q9_case1",1150,256,2304,589824,589824,1,294145,1048576,2,1,589824,589568,0.000367,0.000000,0.000444,0.000020,0.000279,0.000428,0.000283,0.000889,0.001566,0.001692,0.000051,0.004679,0.001316,0.000000,0.002938,0.000425,0.000024,0.000089,0.007446
1,2,9,"q9_case1",1151,256,2304,589824,589824,1,294401,1048576,2,1,589824,589498,0.000369,0.000000,0.000305,0.000018,0.000268,0.000445,0.000185,0.000868,0.001466,0.001480,0.000047,0.004207,0.001318,0.000000,0.002682,0.000423,0.000015,0.000078,0.006737
1,2,9,"q9_case1",1152,256,2304,589824,589824,1,294657,1048576,2,1,589824,589361,0.000364,0.000000,0.000318,0.000023,0.000291,0.000435,0.000274,0.000911,0.001587,0.001469,0.000060,0.004374,0.001314,0.000000,0.002847,0.000454,0.000026,0.000080,0.006950
1,2,9,"q9_case1",1153,256,2304,589824,589824,1,294913,1048576,2,1,589824,589301,0.000369,0.000000,0.002326,0.000028,0.000272,0.000398,0.000265,0.000929,0.001549,0.001511,0.000058,0.006372,0.001329,0.000000,0.004805,0.000448,0.000017,0.000084,0.009000
1,2,9,"q9_case1",1154,256,2304,589824,589824,1,295169,1048576,2,1,589824,589283,0.000364,0.000000,0.000329,0.000021,0.000289,0.000419,0.000272,0.000860,0.001534,0.001229,0.000054,0.004029,0.001313,0.000000,0.002747,0.000458,0.000025,0.000103,0.006451
1,2,9,"q9_case1",1155,256,2304,589824,589824,1,295425,1048576,2,1,589824,589568,0.000372,0.000000,0.000263,0.000019,0.000301,0.000436,0.000265,0.000879,0.001572,0.001495,0.000052,0.004325,0.001308,0.000000,0.002779,0.000415,0.000017,0.000086,0.006911
1,2,9,"q9_case1",1156,256,2304,589824,589824,1,295681,1048576,2,1,589824,589485,0.000364,0.000000,0.000682,0.000022,0.000261,0.000399,0.000250,0.000878,0.001483,0.001499,0.000056,0.004598,0.001315,0.000000,0.003046,0.000440,0.000023,0.000077,0.007191
1,2,9,"q9_case1",1157,256,2304,589824,589824,1,295937,1048576,2,1,589824,589337,0.000363,0.000000,0.000321,0.000021,0.000288,0.000422,0.000271,0.000878,0.001568,0.001231,0.000047,0.004083,0.001318,0.000000,0.002806,0.000420,0.000016,0.000079,0.006502
1,2,9,"q9_case1",1158,256,2304,589824,589824,1,296193,1048576,2,1,589824,589565,0.000366,0.000000,0.000292,0.000018,0.000256,0.000404,0.000265,0.000881,0.001530,0.001648,0.000063,0.004403,0.001320,0.000000,0.002694,0.000423,0.000023,0.000095,0.007154
1,2,9,"q9_case1",1159,256,2304,589824,589824,1,296449,1048576,2,1,589824,589318,0.000369,0.000000,0.000281,0.000042,0.000258,0.000411,0.000223,0.000894,0.001461,0.001677,0.000059,0.004393,0.001328,0.000000,0.002658,0.000414,0.000016,0.000080,0.007187
1,2,9,"q9_case1",1160,256,2304,589824,589824,1,296705,1048576,2,1,589824,589301,0.000376,0.000000,0.000258,0.000020,0.000281,0.000417,0.000237,0.000899,0.001531,0.001626,0.000048,0.004426,0.001309,0.000000,0.002755,0.000419,0.000020,0.000079,0.007155
1,2,9,"q9_case1",1161,256,2304,589824,589824,1,296961,1048576,2,1,589824,589322,0.000359,0.000000,0.000422,0.000020,0.000272,0.000412,0.000265,0.000908,0.001532,0.001643,0.000057,0.004545,0.001297,0.000000,0.002846,0.000432,0.000016,0.000081,0.007387
1,2,9,"q9_case1",1162,256,2304,589824,589824,1,297217,1048576,2,1,589824,589365,0.000363,0.000000,0.000295,0.000020,0.000271,0.000418,0.000266,0.000901,0.001571,0.001608,0.000047,0.004460,0.001301,0.000000,0.002807,0.000417,0.000019,0.000074,0.007144
1,2,9,"q9_case1",1163,256,2304,589824,589824,1,297473,1048576,2,1,589824,589389,0.000358,0.000000,0.000303,0.000046,0.000288,0.000445,0.000228,0.000895,0.001549,0.001601,0.000042,0.004383,0.001303,0.000000,0.002742,0.000417,0.000015,0.000080,0.007039
1,2,9,"q9_case1",1164,256,2304,589824,589824,1,297729,1048576,2,1,589824,589515,0.000356,0.000000,0.000332,0.000018,0.000292,0.000405,0.000325,0.000919,0.001672,0.001638,0.000066,0.004530,0.001291,0.000000,0.002827,0.000419,0.000022,0.000088,0.007158
1,2,9,"q9_case1",1165,256,2304,589824,589824,1,297985,1048576,2,1,589824,589326,0.000360,0.000000,0.000290,0.000019,0.000276,0.000446,0.000287,0.000878,0.001596,0.001274,0.000061,0.004165,0.001301,0.000000,0.002832,0.000417,0.000015,0.000082,0.006520
1,2,9,"q9_case1",1166,256,2304,589824,589824,1,298241,1048576,2,1,589824,589493,0.000357,0.000000,0.000311,0.000019,0.000255,0.000400,0.000249,0.000883,0.001488,0.001479,0.000047,0.004228,0.001286,0.000000,0.002704,0.000422,0.000021,0.000075,0.006757
1,2,9,"q9_case1",1167,256,2304,589824,589824,1,298497,1048576,2,1,589824,589328,0.000356,0.000000,0.003235,0.000018,0.000286,0.000434,0.000257,0.000858,0.001555,0.001312,0.000048,0.007021,0.001291,0.000000,0.005663,0.000445,0.000015,0.000074,0.009433
1,2,9,"q9_case1",1168,256,2304,589824,589824,1,298753,1048576,2,1,589824,589494,0.000354,0.000000,0.000308,0.000018,0.000289,0.000398,0.000291,0.000936,0.001592,0.001484,0.000044,0.004327,0.001301,0.000000,0.002802,0.000419,0.000024,0.000082,0.006885
1,2,9,"q9_case1",1169,256,2304,589824,589824,1,299009,1048576,2,1,589824,589333,0.000357,0.000000,0.000274,0.000019,0.000269,0.000418,0.000282,0.000862,0.001530,0.001214,0.000040,0.003961,0.001285,0.000000,0.002709,0.000407,0.000014,0.000079,0.006254
1,2,9,"q9_case1",1170,256,2304,589824,589824,1,299265,1048576,2,1,589824,589568,0.000360,0.000000,0.000379,0.000021,0.000268,0.000400,0.000238,0.000870,0.001476,0.001493,0.000052,0.004310,0.001295,0.000000,0.002767,0.000418,0.000021,0.000076,0.006872
1,2,9,"q9_case1",1171,256,2304,589824,589824,1,299521,1048576,2,1,589824,589331,0.000360,0.000000,0.000268,0.000042,0.000285,0.000427,0.000299,0.000859,0.001598,0.001195,0.000045,0.004015,0.001305,0.000000,0.002777,0.000429,0.000015,0.000076,0.006368
1,2,9,"q9_case1",1172,256,2304,589824,589824,1,299777,1048576,2,1,589824,589557,0.000354,0.000000,0.000331,0.000017,0.000254,0.000437,0.000256,0.000869,0.001549,0.001493,0.000045,0.004314,0.001291,0.000000,0.002777,0.000425,0.000021,0.000084,0.006847
1,2,9,"q9_case1",1173,256,2304,589824,589824,1,300033,1048576,2,1,589824,589491,0.000354,0.000000,0.000365,0.000028,0.000290,0.000410,0.000379,0.000912,0.001710,0.001519,0.000050,0.004491,0.001292,0.000000,0.002925,0.000418,0.000015,0.000079,0.007031
1,2,9,"q9_case1",1174,256,2304,589824,589824,1,300289,1048576,2,1,589824,589331,0.000357,0.000000,0.000273,0.000021,0.000267,0.000423,0.000260,0.000871,0.001517,0.001208,0.000043,0.003934,0.001292,0.000000,0.002685,0.000444,0.000021,0.000074,0.006296
1,2,9,"q9_case1",1175,256,2304,589824,589824,1,300545,1048576,2,1,589824,589568,0.000354,0.000000,0.000271,0.000021,0.000284,0.000399,0.000235,0.000863,0.001480,0.001594,0.000046,0.004329,0.001295,0.000000,0.002691,0.000414,0.000014,0.000075,0.006967
1,2,9,"q9_case1",1176,256,2304,589824,589824,1,300801,1048576,2,1,589824,589337,0.000358,0.000000,0.000271,0.000020,0.000292,0.000398,0.000228,0.000867,0.001508,0.001226,0.000043,0.003972,0.001290,0.000000,0.002705,0.000416,0.000021,0.000094,0.006363
1,2,9,"q9_case1",1177,256,2304,589824,589824,1,301057,1048576,2,1,589824,589568,0.000357,0.000000,0.000326,0.000020,0.000277,0.000414,0.000269,0.000871,0.001525,0.001627,0.000055,0.004373,0.001305,0.000000,0.002693,0.000412,0.000023,0.000080,0.007125
1,2,9,"q9_case1",1178,256,2304,589824,589824,1,301313,1048576,2,1,589824,589317,0.000358,0.000000,0.000344,0.000017,0.000295,0.000406,0.000240,0.000892,0.001487,0.001637,0.000044,0.004539,0.001284,0.000000,0.002860,0.000416,0.000017,0.000071,0.007206
1,2,9,"q9_case1",1179,256,2304,589824,589824,1,301569,1048576,2,1,589824,589346,0.000353,0.000000,0.000298,0.000019,0.000272,0.000410,0.000202,0.000886,0.001457,0.001648,0.000060,0.004399,0.001299,0.000000,0.002692,0.000429,0.000015,0.000073,0.007129
1,2,9,"q9_case1",1180,256,2304,589824,589824,1,301825,1048576,2,1,589824,589446,0.000356,0.000000,0.000242,0.000048,0.000278,0.000443,0.000450,0.000867,0.001718,0.001661,0.000045,0.004630,0.001310,0.000000,0.002926,0.000420,0.000020,0.000074,0.007329
1,2,9,"q9_case1",1181,256,2304,589824,589824,1,302081,1048576,2,1,589824,589524,0.000354,0.000000,0.000469,0.000018,0.000273,0.000405,0.000239,0.000883,0.001530,0.001516,0.000045,0.004366,0.001316,0.000000,0.002806,0.000409,0.000016,0.000091,0.006942
1,2,9,"q9_case1",1182,256,2304,589824,589824,1,302337,1048576,2,1,589824,589337,0.000354,0.000000,0.000293,0.000023,0.000291,0.000445,0.000245,0.000863,0.001545,0.001580,0.000045,0.004358,0.001290,0.000000,0.002735,0.000405,0.000020,0.000075,0.006955
1,2,9,"q9_case1",1183,256,2304,589824,589824,1,302593,1048576,2,1,589824,589494,0.000355,0.000000,0.000273,0.000021,0.000294,0.000404,0.000188,0.000868,0.001463,0.001389,0.000046,0.004053,0.001293,0.000000,0.002620,0.000408,0.000016,0.000078,0.006567
1,2,9,"q9_case1",1184,256,2304,589824,589824,1,302849,1048576,2,1,589824,589313,0.000354,0.000000,0.000260,0.000021,0.000261,0.000416,0.000284,0.000871,0.001551,0.001637,0.000046,0.004384,0.001287,0.000000,0.002704,0.000415,0.000019,0.000073,0.007082
1,2,9,"q9_case1",1185,256,2304,589824,589824,1,303105,1048576,2,1,589824,589130,0.000353,0.000000,0.000332,0.000021,0.000271,0.000414,0.000264,0.000898,0.001561,0.001648,0.000065,0.004541,0.001285,0.000000,0.002830,0.000412,0.000016,0.000092,0.007292
1,2,9,"q9_case1",1186,256,2304,589824,589824,1,303361,1048576,2,1,589824,589210,0.000359,0.000000,0.000289,0.000044,0.000270,0.000409,0.000219,0.000864,0.001437,0.001636,0.000052,0.004371,0.001291,0.000000,0.002685,0.000419,0.000020,0.000082,0.007063
1,2,9,"q9_case1",1187,256,2304,589824,589824,1,303617,1048576,2,1,589824,589254,0.000354,0.000000,0.001146,0.000021,0.000277,0.000416,0.000270,0.000891,0.001583,0.001619,0.000050,0.005261,0.001303,0.000000,0.003594,0.000419,0.000015,0.000073,0.007991
1,2,9,"q9_case1",1188,256,2304,589824,589824,1,303873,1048576,2,1,589824,589407,0.000354,0.000000,0.000319,0.000021,0.000308,0.000443,0.000293,0.000892,0.001611,0.001664,0.000088,0.004650,0.001292,0.000000,0.002900,0.000421,0.000355,0.000124,0.007713
1,2,9,"q9_case1",1189,256,2304,589824,589824,1,304129,1048576,2,1,589824,589514,0.000356,0.000000,0.000529,0.000021,0.000270,0.000414,0.000274,0.000899,0.001598,0.001475,0.000050,0.004542,0.001337,0.000000,0.003019,0.000413,0.000019,0.000084,0.007178
1,2,9,"q9_case1",1190,256,2304,589824,589824,1,304385,1048576,2,1,589824,589322,0.000355,0.000000,0.000278,0.000022,0.000273,0.000451,0.000204,0.000889,0.001520,0.001585,0.000044,0.004359,0.001325,0.000000,0.002733,0.000412,0.000020,0.000078,0.007006
1,2,9,"q9_case1",1191,256,2304,589824,589824,1,304641,1048576,2,1,589824,589472,0.000356,0.000000,0.000308,0.000022,0.000263,0.000435,0.000230,0.000924,0.001586,0.001687,0.000059,0.004545,0.001301,0.000000,0.002801,0.000426,0.000016,0.000094,0.007364
1,2,9,"q9_case1",1192,256,2304,589824,589824,1,304897,1048576,2,1,589824,589460,0.000354,0.000000,0.004992,0.000018,0.000259,0.000402,0.000236,0.000883,0.001478,0.001406,0.000054,0.008802,0.001324,0.000000,0.007344,0.000420,0.000023,0.000080,0.011320
1,2,9,"q9_case1",1193,256,2304,589824,589824,1,305153,1048576,2,1,589824,589320,0.000356,0.000000,0.000283,0.000019,0.000264,0.000449,0.000267,0.000880,0.001576,0.001535,0.000047,0.004349,0.001288,0.000000,0.002769,0.000400,0.000015,0.000077,0.006941
1,2,9,"q9_case1",1194,256,2304,589824,589824,1,305409,1048576,2,1,589824,589480,0.000355,0.000000,0.000331,0.000045,0.000289,0.000435,0.000173,0.000864,0.001473,0.001608,0.000045,0.004361,0.001286,0.000000,0.002711,0.000447,0.000022,0.000077,0.007014
1,2,9,"q9_case1",1195,256,2304,589824,589824,1,305665,1048576,2,1,589824,589494,0.000358,0.000000,0.000283,0.000018,0.000271,0.000408,0.000268,0.000880,0.001514,0.001394,0.000045,0.004117,0.001292,0.000000,0.002680,0.000403,0.000015,0.000084,0.006607
1,2,9,"q9_case1",1196,256,2304,589824,589824,1,305921,1048576,2,1,589824,589319,0.000355,0.000000,0.000307,0.000019,0.000280,0.000446,0.000283,0.000867,0.001582,0.001571,0.000051,0.004414,0.001289,0.000000,0.002794,0.000407,0.000020,0.000077,0.006992
1,2,9,"q9_case1",1197,256,2304,589824,589824,1,306177,1048576,2,1,589824,589473,0.000357,0.000000,0.000414,0.000019,0.000294,0.000406,0.000219,0.000909,0.001481,0.001592,0.000051,0.004491,0.001308,0.000000,0.002850,0.000439,0.000016,0.000074,0.007186
1,2,9,"q9_case1",1198,256,2304,589824,589824,1,306433,1048576,2,1,589824,589313,0.000354,0.000000,0.000314,0.000019,0.000260,0.000408,0.000201,0.000885,0.001453,0.001651,0.000055,0.004407,0.001294,0.000000,0.002703,0.000417,0.000021,0.000082,0.007134
1,2,9,"q9_case1",1199,256,2304,589824,589824,1,306689,1048576,2,1,589824,589266,0.000357,0.000000,0.000255,0.000021,0.000293,0.000415,0.000278,0.000915,0.001582,0.001643,0.000053,0.004462,0.001291,0.000000,0.002767,0.000419,0.000015,0.000086,0.007209
1,2,9,"q9_case1",1200,256,2304,589824,589824,1,306945,1048576,2,1,589824,589371,0.000356,0.000000,0.004254,0.000021,0.000288,0.000401,0.000255,0.000919,0.001583,0.001648,0.000052,0.008440,0.001289,0.000000,0.006743,0.000409,0.000020,0.000077,0.011120
1,2,9,"q9_case1",1201,256,2304,589824,589824,1,307201,1048576,2,1,589824,589370,0.000355,0.000000,0.000270,0.000021,0.000279,0.000408,0.000246,0.000871,0.001514,0.001641,0.000050,0.004427,0.001293,0.000000,0.002739,0.000403,0.000016,0.000086,0.007132
1,2,9,"q9_case1",1202,256,2304,589824,589824,1,307457,1048576,2,1,589824,589365,0.000362,0.000000,0.000474,0.000022,0.000261,0.000404,0.000266,0.000888,0.001511,0.001620,0.000056,0.004577,0.001283,0.000000,0.002903,0.000416,0.000021,0.000085,0.007257
1,2,9,"q9_case1",1203,256,2304,589824,589824,1,307713,1048576,2,1,589824,589371,0.000353,0.000000,0.000293,0.000019,0.000267,0.000422,0.000250,0.000899,0.001543,0.001615,0.000061,0.004422,0.001304,0.000000,0.002748,0.000416,0.000016,0.000079,0.007110
1,2,9,"q9_case1",1204,256,2304,589824,589824,1,307969,1048576,2,1,589824,589411,0.000357,0.000000,0.000302,0.000022,0.000255,0.000445,0.000267,0.000852,0.001506,0.001643,0.000046,0.004436,0.001298,0.000000,0.002748,0.000426,0.000023,0.000079,0.007130
1,2,9,"q9_case1",1205,256,2304,589824,589824,1,308225,1048576,2,1,589824,589496,0.000360,0.000000,0.004329,0.000022,0.000263,0.000406,0.000231,0.000879,0.001482,0.001386,0.000053,0.008135,0.001293,0.000000,0.006698,0.000406,0.000015,0.000081,0.010612
1,2,9,"q9_case1",1206,256,2304,589824,589824,1,308481,1048576,2,1,589824,589331,0.000362,0.000000,0.000311,0.000022,0.000259,0.000443,0.000250,0.000867,0.001528,0.001540,0.000044,0.004350,0.001302,0.000000,0.002767,0.000418,0.000020,0.000083,0.006964
1,2,9,"q9_case1",1207,256,2304,589824,589824,1,308737,1048576,2,1,589824,589482,0.000356,0.000000,0.000420,0.000019,0.000273,0.000404,0.000256,0.000915,0.001551,0.001589,0.000045,0.004453,0.001283,0.000000,0.002821,0.000411,0.000014,0.000077,0.007105
1,2,9,"q9_case1",1208,256,2304,589824,589824,1,308993,1048576,2,1,589824,589315,0.000354,0.000000,0.000316,0.000019,0.000255,0.000445,0.000278,0.000896,0.001578,0.001659,0.000041,0.004446,0.001287,0.000000,0.002748,0.000408,0.000022,0.000092,0.007132
1,2,9,"q9_case1",1209,256,2304,589824,589824,1,309249,1048576,2,1,589824,589490,0.000360,0.000000,0.000483,0.000017,0.000365,0.000406,0.000304,0.000882,0.001808,0.001362,0.000050,0.004446,0.001298,0.000000,0.003036,0.000409,0.000019,0.000077,0.006928
1,2,9,"q9_case1",1210,256,2304,589824,589824,1,309505,1048576,2,1,589824,589319,0.000358,0.000000,0.000376,0.000018,0.000279,0.000444,0.000300,0.000904,0.001638,0.001538,0.000055,0.004500,0.001288,0.000000,0.002909,0.000407,0.000022,0.000077,0.007097
1,2,9,"q9_case1",1211,256,2304,589824,589824,1,309761,1048576,2,1,589824,589471,0.000358,0.000000,0.000330,0.000020,0.000271,0.000408,0.000222,0.000918,0.001484,0.001587,0.000054,0.004334,0.001294,0.000000,0.002695,0.000430,0.000019,0.000080,0.007022
1,2,9,"q9_case1",1212,256,2304,589824,589824,1,310017,1048576,2,1,589824,589312,0.000357,0.000000,0.000275,0.000021,0.000257,0.000410,0.000252,0.000898,0.001502,0.001665,0.000048,0.004417,0.001289,0.000000,0.002706,0.000430,0.000021,0.000085,0.007149
1,2,9,"q9_case1",1213,256,2304,589824,589824,1,310273,1048576,2,1,589824,589233,0.000363,0.000000,0.000318,0.000017,0.000283,0.000414,0.000300,0.000891,0.001620,0.001633,0.000064,0.004551,0.001296,0.000000,0.002855,0.000416,0.000017,0.000084,0.007253
1,2,9,"q9_case1",1214,256,2304,589824,589824,1,310529,1048576,2,1,589824,589296,0.000362,0.000000,0.000373,0.000021,0.000265,0.000408,0.000226,0.000888,0.001545,0.001642,0.000055,0.004492,0.001323,0.000000,0.002797,0.000426,0.000025,0.000087,0.007261
1,2,9,"q9_case1",1215,256,2304,589824,589824,1,310785,1048576,2,1,589824,589353,0.000358,0.000000,0.000333,0.000020,0.000299,0.000408,0.000298,0.000940,0.001591,0.001649,0.000056,0.004636,0.001294,0.000000,0.002933,0.000446,0.000016,0.000081,0.007371
1,2,9,"q9_case1",1216,256,2304,589824,589824,1,311041,1048576,2,1,589824,589378,0.000358,0.000000,0.000282,0.000021,0.000261,0.000410,0.000298,0.000921,0.001577,0.001654,0.000056,0.004490,0.001301,0.000000,0.002782,0.000423,0.000021,0.000089,0.007221
1,2,9,"q9_case1",1217,256,2304,589824,589824,1,311297,1048576,2,1,589824,589366,0.000364,0.000000,0.000373,0.000021,0.000279,0.000413,0.000261,0.000869,0.001529,0.001623,0.000055,0.004439,0.001296,0.000000,0.002763,0.000420,0.000015,0.000081,0.007132
1,2,9,"q9_case1",1218,256,2304,589824,589824,1,311553,1048576,2,1,589824,589355,0.000373,0.000000,0.000338,0.000021,0.000272,0.000409,0.000237,0.000871,0.001553,0.001610,0.000052,0.004513,0.001302,0.000000,0.002853,0.000418,0.000021,0.000077,0.007215
1,2,9,"q9_case1",1219,256,2304,589824,589824,1,311809,1048576,2,1,589824,589343,0.000360,0.000000,0.000272,0.000017,0.000276,0.000410,0.000250,0.000900,0.001537,0.001626,0.000050,0.004387,0.001306,0.000000,0.002712,0.000431,0.000015,0.000083,0.007164
1,2,9,"q9_case1",1220,256,2304,589824,589824,1,312065,1048576,2,1,589824,589369,0.000363,0.000000,0.001628,0.000021,0.000286,0.000410,0.000226,0.000897,0.001533,0.001600,0.000049,0.005673,0.001321,0.000000,0.004026,0.000436,0.000020,0.000078,0.008385
1,2,9,"q9_case1",1221,256,2304,589824,589824,1,312321,1048576,2,1,589824,589333,0.000359,0.000000,0.000309,0.000021,0.000301,0.000410,0.000231,0.000895,0.001489,0.001582,0.000046,0.004414,0.001293,0.000000,0.002787,0.000410,0.000015,0.000075,0.007109
1,2,9,"q9_case1",1222,256,2304,589824,589824,1,312577,1048576,2,1,589824,589328,0.000362,0.000000,0.000339,0.000021,0.000371,0.000420,0.000308,0.000897,0.001696,0.001671,0.000067,0.004695,0.001295,0.000000,0.002959,0.000438,0.000022,0.000076,0.007429
1,2,9,"q9_case1",1223,256,2304,589824,589824,1,312833,1048576,2,1,589824,589342,0.000361,0.000000,0.000290,0.000021,0.000355,0.000445,0.000255,0.000862,0.001603,0.001664,0.000056,0.004499,0.001315,0.000000,0.002781,0.000410,0.000018,0.000097,0.007236
1,2,9,"q9_case1",1224,256,2304,589824,589824,1,313089,1048576,2,1,589824,589476,0.000358,0.000000,0.000332,0.000021,0.000283,0.000406,0.000313,0.000876,0.001640,0.001367,0.000050,0.004266,0.001310,0.000000,0.002851,0.000415,0.000021,0.000079,0.006747
1,2,9,"q9_case1",1225,256,2304,589824,589824,1,313345,1048576,2,1,589824,589312,0.000385,0.000000,0.000324,0.000022,0.000280,0.000450,0.000252,0.000914,0.001605,0.001650,0.000052,0.004533,0.001291,0.000000,0.002832,0.000424,0.000017,0.000089,0.007251
1,2,9,"q9_case1",1226,256,2304,589824,589824,1,313601,1048576,2,1,589824,589462,0.000364,0.000000,0.000354,0.000019,0.000261,0.000402,0.000250,0.000910,0.001540,0.001400,0.000051,0.004256,0.001308,0.000000,0.002806,0.000423,0.000021,0.000084,0.006792
1,2,9,"q9_case1",1227,256,2304,589824,589824,1,313857,1048576,2,1,589824,589316,0.000363,0.000000,0.000312,0.000020,0.000261,0.000441,0.000290,0.000884,0.001581,0.001645,0.000051,0.004483,0.001309,0.000000,0.002790,0.000423,0.000021,0.000091,0.007249
1,2,9,"q9_case1",1228,256,2304,589824,589824,1,314113,1048576,2,1,589824,589479,0.000366,0.000000,0.003916,0.000021,0.000289,0.000403,0.000262,0.000904,0.001574,0.001387,0.000053,0.007853,0.001306,0.000000,0.006415,0.000426,0.000020,0.000081,0.010375
1,2,9,"q9_case1",1229,256,2304,589824,589824,1,314369,1048576,2,1,589824,589314,0.000365,0.000000,0.000304,0.000026,0.000303,0.000412,0.000283,0.000943,0.001614,0.001652,0.000068,0.004630,0.001347,0.000000,0.002913,0.000428,0.000018,0.000082,0.007448
1,2,9,"q9_case1",1230,256,2304,589824,589824,1,314625,1048576,2,1,589824,589104,0.000364,0.000000,0.000443,0.000020,0.000276,0.000412,0.000257,0.000955,0.001590,0.001636,0.000057,0.004605,0.001296,0.000000,0.002914,0.000456,0.000023,0.000080,0.007358
1,2,9,"q9_case1",1231,256,2304,589824,589824,1,314881,1048576,2,1,589824,589130,0.000359,0.000000,0.000298,0.000022,0.000284,0.000413,0.000267,0.000921,0.001600,0.001662,0.000072,0.004579,0.001299,0.000000,0.002847,0.000430,0.000017,0.000105,0.007347
1,2,9,"q9_case1",1232,256,2304,589824,589824,1,315137,1048576,2,1,589824,589244,0.000364,0.000000,0.000434,0.000022,0.000304,0.000419,0.000235,0.000899,0.001548,0.001639,0.000063,0.004604,0.001309,0.000000,0.002903,0.000445,0.000023,0.000085,0.007372
1,2,9,"q9_case1",1233,256,2304,589824,589824,1,315393,1048576,2,1,589824,589287,0.000374,0.000000,0.002672,0.000022,0.000274,0.000409,0.000258,0.000906,0.001537,0.001627,0.000071,0.006797,0.001319,0.000000,0.005102,0.000436,0.000017,0.000085,0.009539
1,2,9,"q9_case1",1234,256,2304,589824,589824,1,315649,1048576,2,1,589824,589300,0.000361,0.000000,0.000352,0.000021,0.000282,0.000415,0.000348,0.000913,0.001715,0.001618,0.000054,0.004593,0.001313,0.000000,0.002923,0.000414,0.000020,0.000084,0.007305
1,2,9,"q9_case1",1235,256,2304,589824,589824,1,315905,1048576,2,1,589824,589272,0.000358,0.000000,0.000320,0.000022,0.000270,0.000414,0.000264,0.000868,0.001499,0.001646,0.000063,0.004405,0.001302,0.000000,0.002699,0.000410,0.000016,0.000078,0.007100
1,2,9,"q9_case1",1236,256,2304,589824,589824,1,316161,1048576,2,1,589824,589282,0.000366,0.000000,0.000331,0.000022,0.000266,0.000459,0.000266,0.000906,0.001620,0.001636,0.000051,0.004540,0.001307,0.000000,0.002855,0.000423,0.000023,0.000098,0.007212
1,2,9,"q9_case1",1237,256,2304,589824,589824,1,316417,1048576,2,1,589824,589463,0.000359,0.000000,0.000321,0.000021,0.000271,0.000402,0.000212,0.000876,0.001517,0.001382,0.000041,0.004155,0.001303,0.000000,0.002733,0.000421,0.000015,0.000080,0.006651
1,2,9,"q9_case1",1238,256,2304,589824,589824,1,316673,1048576,2,1,589824,589330,0.000360,0.000000,0.000392,0.000022,0.000261,0.000452,0.000173,0.000860,0.001473,0.001419,0.000043,0.004177,0.001290,0.000000,0.002717,0.000450,0.000020,0.000081,0.006707
1,2,9,"q9_case1",1239,256,2304,589824,589824,1,316929,1048576,2,1,589824,589469,0.000361,0.000000,0.000277,0.000017,0.000273,0.000407,0.000211,0.000890,0.001463,0.001370,0.000042,0.004033,0.001303,0.000000,0.002623,0.000418,0.000014,0.000076,0.006547
1,2,9,"q9_case1",1240,256,2304,589824,589824,1,317185,1048576,2,1,589824,589325,0.000363,0.000000,0.000289,0.000019,0.000273,0.000441,0.000224,0.000898,0.001524,0.001633,0.000042,0.004403,0.001283,0.000000,0.002730,0.000418,0.000020,0.000087,0.007033
1,2,9,"q9_case1",1241,256,2304,589824,589824,1,317441,1048576,2,1,589824,589458,0.000354,0.000000,0.000300,0.000019,0.000284,0.000406,0.000256,0.000876,0.001518,0.001394,0.000047,0.004155,0.001296,0.000000,0.002717,0.000444,0.000014,0.000075,0.006653
1,2,9,"q9_case1",1242,256,2304,589824,589824,1,317697,1048576,2,1,589824,589331,0.000358,0.000000,0.000478,0.000020,0.000301,0.000450,0.000212,0.000859,0.001495,0.001435,0.000046,0.004381,0.001295,0.000000,0.002901,0.000427,0.000021,0.000083,0.006887
1,2,9,"q9_case1",1243,256,2304,589824,589824,1,317953,1048576,2,1,589824,589475,0.000362,0.000000,0.000285,0.000022,0.000312,0.000439,0.000308,0.000864,0.001610,0.001448,0.000049,0.004298,0.001298,0.000000,0.002803,0.000423,0.000015,0.000080,0.006829
1,2,9,"q9_case1",1244,256,2304,589824,589824,1,318209,1048576,2,1,589824,589488,0.000360,0.000000,0.000292,0.000022,0.000272,0.000404,0.000208,0.000892,0.001469,0.001391,0.000051,0.004137,0.001296,0.000000,0.002697,0.000450,0.000020,0.000087,0.006684
1,2,9,"q9_case1",1245,256,2304,589824,589824,1,318465,1048576,2,1,589824,589328,0.000364,0.000000,0.000318,0.000020,0.000289,0.000443,0.000250,0.000886,0.001583,0.001520,0.000044,0.004355,0.001312,0.000000,0.002793,0.000424,0.000015,0.000080,0.006940
1,2,9,"q9_case1",1246,256,2304,589824,589824,1,318721,1048576,2,1,589824,589462,0.000359,0.000000,0.000303,0.000019,0.000281,0.000402,0.000262,0.000856,0.001514,0.001431,0.000056,0.004230,0.001300,0.000000,0.002744,0.000435,0.000020,0.000082,0.006789
1,2,9,"q9_case1",1247,256,2304,589824,589824,1,318977,1048576,2,1,589824,589326,0.000363,0.000000,0.000244,0.000021,0.000264,0.000411,0.000322,0.000966,0.001628,0.001647,0.000071,0.004555,0.001313,0.000000,0.002839,0.000428,0.000021,0.000090,0.007316
1,2,9,"q9_case1",1248,256,2304,589824,589824,1,319233,1048576,2,1,589824,589111,0.000357,0.000000,0.000356,0.000021,0.000262,0.000415,0.000254,0.000891,0.001518,0.001613,0.000056,0.004405,0.001307,0.000000,0.002737,0.000420,0.000021,0.000084,0.007097
1,2,9,"q9_case1",1249,256,2304,589824,589824,1,319489,1048576,2,1,589824,589117,0.000357,0.000000,0.000286,0.000021,0.000299,0.000415,0.000291,0.000900,0.001558,0.001638,0.000052,0.004452,0.001293,0.000000,0.002764,0.000416,0.000015,0.000082,0.007137
1,2,9,"q9_case1",1250,256,2304,589824,589824,1,319745,1048576,2,1,589824,589218,0.000362,0.000000,0.000281,0.000023,0.000288,0.000444,0.000205,0.000906,0.001542,0.001655,0.000052,0.004425,0.001290,0.000000,0.002719,0.000407,0.000023,0.000098,0.007082
1,2,9,"q9_case1",1251,256,2304,589824,589824,1,320001,1048576,2,1,589824,589428,0.000362,0.000000,0.002218,0.000019,0.000267,0.000405,0.000283,0.000911,0.001568,0.001389,0.000051,0.006111,0.001310,0.000000,0.004673,0.000422,0.000016,0.000088,0.008645
1,2,9,"q9_case1",1252,256,2304,589824,589824,1,320257,1048576,2,1,589824,589328,0.000362,0.000000,0.000308,0.000022,0.000265,0.000440,0.000293,0.000882,0.001604,0.001519,0.000042,0.004410,0.001298,0.000000,0.002851,0.000415,0.000023,0.000079,0.006973
1,2,9,"q9_case1",1253,256,2304,589824,589824,1,320513,1048576,2,1,589824,589476,0.000357,0.000000,0.000263,0.000029,0.000265,0.000410,0.000255,0.000851,0.001467,0.001380,0.000041,0.004019,0.001306,0.000000,0.002599,0.000422,0.000015,0.000076,0.006518
1,2,9,"q9_case1",1254,256,2304,589824,589824,1,320769,1048576,2,1,589824,589324,0.000357,0.000000,0.000324,0.000021,0.000283,0.000443,0.000207,0.000901,0.001571,0.001626,0.000059,0.004452,0.001301,0.000000,0.002769,0.000426,0.000024,0.000097,0.007136
1,2,9,"q9_case1",1255,256,2304,589824,589824,1,321025,1048576,2,1,589824,589433,0.000360,0.000000,0.000313,0.000021,0.000268,0.000404,0.000263,0.000899,0.001554,0.001354,0.000047,0.004196,0.001315,0.000000,0.002797,0.000423,0.000016,0.000083,0.006734
1,2,9,"q9_case1",1256,256,2304,589824,589824,1,321281,1048576,2,1,589824,589325,0.000359,0.000000,0.000317,0.000021,0.000273,0.000411,0.000248,0.000876,0.001512,0.001532,0.000050,0.004302,0.001299,0.000000,0.002723,0.000420,0.000023,0.000080,0.006935
1,2,9,"q9_case1",1257,256,2304,589824,589824,1,321537,1048576,2,1,589824,589086,0.000362,0.000000,0.000323,0.000022,0.000265,0.000408,0.000253,0.000906,0.001534,0.001621,0.000064,0.004450,0.001296,0.000000,0.002767,0.000414,0.000015,0.000083,0.007158
1,2,9,"q9_case1",1258,256,2304,589824,589824,1,321793,1048576,2,1,589824,589052,0.000357,0.000000,0.000330,0.000019,0.000365,0.000410,0.000311,0.000898,0.001701,0.001664,0.000057,0.004707,0.001309,0.000000,0.002988,0.000412,0.000022,0.000089,0.007437
1,2,9,"q9_case1",1259,256,2304,589824,589824,1,322049,1048576,2,1,589824,589207,0.000361,0.000000,0.000355,0.000021,0.000293,0.000411,0.000268,0.000921,0.001615,0.001654,0.000056,0.004594,0.001303,0.000000,0.002886,0.000411,0.000015,0.000076,0.007278
1,2,9,"q9_case1",1260,256,2304,589824,589824,1,322305,1048576,2,1,589824,589267,0.000364,0.000000,0.000366,0.000020,0.000262,0.000449,0.000288,0.000881,0.001590,0.001653,0.000061,0.004518,0.001308,0.000000,0.002807,0.000429,0.000021,0.000082,0.007220
1,2,9,"q9_case1",1261,256,2304,589824,589824,1,322561,1048576,2,1,589824,589467,0.000361,0.000000,0.000286,0.000035,0.000273,0.000406,0.000217,0.000868,0.001457,0.001441,0.000053,0.004181,0.001315,0.000000,0.002688,0.000449,0.000016,0.000082,0.006752
1,2,9,"q9_case1",1262,256,2304,589824,589824,1,322817,1048576,2,1,589824,589325,0.000371,0.000000,0.004929,0.000019,0.000281,0.000457,0.000256,0.000865,0.001560,0.001422,0.000050,0.008847,0.001299,0.000000,0.007377,0.000415,0.000023,0.000080,0.011338
1,2,9,"q9_case1",1263,256,2304,589824,589824,1,323073,1048576,2,1,589824,589486,0.000357,0.000000,0.000333,0.000020,0.000284,0.000441,0.000273,0.000884,0.001609,0.001417,0.000048,0.004305,0.001296,0.000000,0.002843,0.000404,0.000016,0.000084,0.006811
1,2,9,"q9_case1",1264,256,2304,589824,589824,1,323329,1048576,2,1,589824,589472,0.000358,0.000000,0.000291,0.000019,0.000258,0.000404,0.000258,0.000879,0.001497,0.001345,0.000046,0.004065,0.001311,0.000000,0.002675,0.000416,0.000024,0.000110,0.006585
1,2,9,"q9_case1",1265,256,2304,589824,589824,1,323585,1048576,2,1,589824,589477,0.000357,0.000000,0.000322,0.000022,0.000259,0.000447,0.000285,0.000888,0.001566,0.001352,0.000045,0.004213,0.001304,0.000000,0.002818,0.000416,0.000015,0.000074,0.006661
1,2,9,"q9_case1",1266,256,2304,589824,589824,1,323841,1048576,2,1,589824,589377,0.000371,0.000000,0.000269,0.000023,0.000279,0.000404,0.000248,0.000878,0.001533,0.001382,0.000055,0.004200,0.001314,0.000000,0.002765,0.000434,0.000029,0.000105,0.006770
1,2,9,"q9_case1",1267,256,2304,589824,589824,1,324097,1048576,2,1,589824,589298,0.000363,0.000000,0.000472,0.000021,0.000276,0.000447,0.000187,0.000851,0.001488,0.001406,0.000046,0.004292,0.001313,0.000000,0.002841,0.000419,0.000015,0.000087,0.006798
1,2,9,"q9_case1",1268,256,2304,589824,589824,1,324353,1048576,2,1,589824,589477,0.000366,0.000000,0.000295,0.000020,0.000272,0.000439,0.000248,0.000900,0.001583,0.001441,0.000045,0.004285,0.001295,0.000000,0.002800,0.000420,0.000019,0.000080,0.006783
1,2,9,"q9_case1",1269,256,2304,589824,589824,1,324609,1048576,2,1,589824,589456,0.000366,0.000000,0.000333,0.000021,0.000297,0.000404,0.000363,0.000903,0.001680,0.001394,0.000051,0.004342,0.001299,0.000000,0.002899,0.000418,0.000015,0.000084,0.006881
1,2,9,"q9_case1",1270,256,2304,589824,589824,1,324865,1048576,2,1,589824,589342,0.000361,0.000000,0.000497,0.000020,0.000310,0.000445,0.000285,0.000864,0.001578,0.001502,0.000046,0.004551,0.001297,0.000000,0.003005,0.000413,0.000022,0.000096,0.007088
1,2,9,"q9_case1",1271,256,2304,589824,589824,1,325121,1048576,2,1,589824,589436,0.000363,0.000000,0.000268,0.000020,0.000277,0.000406,0.000215,0.000849,0.001437,0.001359,0.000044,0.004020,0.001296,0.000000,0.002619,0.000415,0.000014,0.000078,0.006510
1,2,9,"q9_case1",1272,256,2304,589824,589824,1,325377,1048576,2,1,589824,589327,0.000360,0.000000,0.000274,0.000021,0.000274,0.000410,0.000274,0.000861,0.001528,0.001455,0.000043,0.004204,0.001321,0.000000,0.002708,0.000418,0.000021,0.000079,0.006778
1,2,9,"q9_case1",1273,256,2304,589824,589824,1,325633,1048576,2,1,589824,589108,0.000365,0.000000,0.000333,0.000018,0.000286,0.000412,0.000241,0.000858,0.001516,0.001605,0.000048,0.004390,0.001294,0.000000,0.002739,0.000428,0.000015,0.000079,0.007085
1,2,9,"q9_case1",1274,256,2304,589824,589824,1,325889,1048576,2,1,589824,588903,0.000359,0.000000,0.000289,0.000019,0.000259,0.000410,0.000272,0.000896,0.001555,0.001621,0.000062,0.004417,0.001293,0.000000,0.002736,0.000431,0.000048,0.000122,0.007173
1,2,9,"q9_case1",1275,256,2304,589824,589824,1,326145,1048576,2,1,589824,588901,0.000361,0.000000,0.000236,0.000023,0.000295,0.000412,0.000262,0.000876,0.001539,0.001632,0.000071,0.004396,0.001297,0.000000,0.002695,0.000416,0.000017,0.000100,0.007094
1,2,9,"q9_case1",1276,256,2304,589824,589824,1,326401,1048576,2,1,589824,588910,0.000360,0.000000,0.004097,0.000021,0.000293,0.000408,0.000241,0.000895,0.001526,0.001596,0.000053,0.008166,0.001293,0.000000,0.006519,0.000414,0.000021,0.000088,0.010828
1,2,9,"q9_case1",1277,256,2304,589824,589824,1,326657,1048576,2,1,589824,588934,0.000358,0.000000,0.000320,0.000020,0.000287,0.000406,0.000263,0.000894,0.001572,0.001581,0.000049,0.004392,0.001283,0.000000,0.002764,0.000414,0.000019,0.000084,0.007059
1,2,9,"q9_case1",1278,256,2304,589824,589824,1,326913,1048576,2,1,589824,589000,0.000358,0.000000,0.000351,0.000043,0.000301,0.000409,0.000191,0.000904,0.001560,0.001563,0.000048,0.004384,0.001291,0.000000,0.002775,0.000415,0.000021,0.000079,0.007036
1,2,9,"q9_case1",1279,256,2304,589824,589824,1,327169,1048576,2,1,589824,589028,0.000359,0.000000,0.000317,0.000021,0.000263,0.000412,0.000284,0.000892,0.001567,0.001506,0.000048,0.004307,0.001289,0.000000,0.002755,0.000423,0.000015,0.000098,0.006915
1,2,9,"q9_case1",1280,256,2304,589824,589824,1,327425,1048576,2,1,589824,589149,0.000356,0.000000,0.000275,0.000023,0.000271,0.000407,0.000203,0.000890,0.001450,0.001294,0.000043,0.003966,0.001282,0.000000,0.002631,0.000408,0.000018,0.000074,0.006340
1,2,9,"q9_case1",1281,256,2304,589824,589824,1,327681,1048576,2,1,589824,589196,0.000365,0.000000,0.000446,0.000017,0.000277,0.000436,0.000211,0.000880,0.001512,0.001453,0.000039,0.004350,0.001284,0.000000,0.002859,0.000411,0.000015,0.000074,0.006843
1,2,9,"q9_case1",1282,256,2304,589824,589824,1,327937,1048576,2,1,589824,589409,0.000357,0.000000,0.000288,0.000021,0.000272,0.000401,0.000203,0.000853,0.001439,0.001392,0.000047,0.004055,0.001282,0.000000,0.002617,0.000431,0.000021,0.000080,0.006601
1,2,9,"q9_case1",1283,256,2304,589824,589824,1,328193,1048576,2,1,589824,589493,0.000359,0.000000,0.000332,0.000022,0.000275,0.000452,0.000278,0.000845,0.001587,0.001397,0.000045,0.004256,0.001289,0.000000,0.002816,0.000409,0.000018,0.000086,0.006806
1,2,9,"q9_case1",1284,256,2304,589824,589824,1,328449,1048576,2,1,589824,589518,0.000357,0.000000,0.005387,0.000021,0.000507,0.000402,0.000267,0.000846,0.001469,0.001271,0.000051,0.009299,0.001291,0.000000,0.007979,0.000429,0.000021,0.000079,0.011704
1,2,9,"q9_case1",1285,256,2304,589824,589824,1,328705,1048576,2,1,589824,589527,0.000355,0.000000,0.000271,0.000023,0.000299,0.000446,0.000253,0.000841,0.001557,0.001300,0.000050,0.004084,0.001296,0.000000,0.002736,0.000411,0.000016,0.000102,0.006511
1,2,9,"q9_case1",1286,256,2304,589824,589824,1,328961,1048576,2,1,589824,589518,0.000356,0.000000,0.000478,0.000019,0.000289,0.000404,0.000374,0.000868,0.001662,0.001231,0.000047,0.004281,0.001284,0.000000,0.003004,0.000423,0.000021,0.000084,0.006685
1,2,9,"q9_case1",1287,256,2304,589824,589824,1,329217,1048576,2,1,589824,589520,0.000352,0.000000,0.000310,0.000023,0.000298,0.000446,0.000308,0.000902,0.001664,0.001399,0.000051,0.004335,0.001295,0.000000,0.002887,0.000420,0.000017,0.000099,0.006846
1,2,9,"q9_case1",1288,256,2304,589824,589824,1,329473,1048576,2,1,589824,589496,0.000355,0.000000,0.000353,0.000020,0.000285,0.000404,0.000239,0.000868,0.001494,0.001381,0.000052,0.004156,0.001300,0.000000,0.002724,0.000415,0.000022,0.000081,0.006651
1,2,9,"q9_case1",1289,256,2304,589824,589824,1,329729,1048576,2,1,589824,589512,0.000359,0.000000,0.000310,0.000022,0.000277,0.000445,0.000255,0.000894,0.001579,0.001308,0.000050,0.004132,0.001292,0.000000,0.002776,0.000408,0.000015,0.000082,0.006546
1,2,9,"q9_case1",1290,256,2304,589824,589824,1,329985,1048576,2,1,589824,589524,0.000358,0.000000,0.000273,0.000020,0.000293,0.000402,0.000215,0.000859,0.001452,0.001361,0.000055,0.004093,0.001298,0.000000,0.002679,0.000433,0.000028,0.000098,0.006574
1,2,9,"q9_case1",1291,256,2304,589824,589824,1,330241,1048576,2,1,589824,589412,0.000361,0.000000,0.000349,0.000021,0.000266,0.000461,0.000373,0.000874,0.001726,0.001327,0.000051,0.004320,0.001300,0.000000,0.002944,0.000424,0.000016,0.000081,0.006748
1,2,9,"q9_case1",1292,256,2304,589824,589824,1,330497,1048576,2,1,589824,589496,0.000360,0.000000,0.000347,0.000020,0.000265,0.000449,0.000256,0.000853,0.001507,0.001189,0.000051,0.003956,0.001311,0.000000,0.002718,0.000429,0.000021,0.000080,0.006344
1,2,9,"q9_case1",1293,256,2304,589824,589824,1,330753,1048576,2,1,589824,589366,0.000359,0.000000,0.000262,0.000021,0.000264,0.000402,0.000259,0.000873,0.001500,0.001467,0.000050,0.004168,0.001305,0.000000,0.002653,0.000416,0.000015,0.000082,0.006743
1,2,9,"q9_case1",1294,256,2304,589824,589824,1,331009,1048576,2,1,589824,589295,0.000362,0.000000,0.000368,0.000022,0.000264,0.000460,0.000249,0.000836,0.001502,0.001271,0.000057,0.004090,0.001290,0.000000,0.002763,0.000442,0.000032,0.000115,0.006531
1,2,9,"q9_case1",1295,256,2304,589824,589824,1,331265,1048576,2,1,589824,589512,0.000361,0.000000,0.000307,0.000021,0.000340,0.000407,0.000258,0.000894,0.001607,0.001471,0.000066,0.004350,0.001333,0.000000,0.002816,0.000418,0.000017,0.000085,0.006998
1,2,9,"q9_case1",1296,256,2304,589824,589824,1,331521,1048576,2,1,589824,589341,0.000360,0.000000,0.000306,0.000042,0.000289,0.000445,0.000261,0.000899,0.001566,0.001381,0.000051,0.004259,0.001304,0.000000,0.002830,0.000417,0.000023,0.000085,0.006739
1,2,9,"q9_case1",1297,256,2304,589824,589824,1,331777,1048576,2,1,589824,589490,0.000357,0.000000,0.000317,0.000021,0.000350,0.000413,0.000318,0.000880,0.001687,0.001301,0.000058,0.004294,0.001309,0.000000,0.002937,0.000432,0.000017,0.000090,0.006785
1,2,9,"q9_case1",1298,256,2304,589824,589824,1,332033,1048576,2,1,589824,589376,0.000366,0.000000,0.000337,0.000021,0.000267,0.000449,0.000265,0.000860,0.001531,0.001388,0.000052,0.004194,0.001311,0.000000,0.002755,0.000424,0.000024,0.000093,0.006681
1,2,9,"q9_case1",1299,256,2304,589824,589824,1,332289,1048576,2,1,589824,589505,0.000363,0.000000,0.000310,0.000021,0.000263,0.000406,0.000287,0.000899,0.001579,0.001319,0.000046,0.004169,0.001308,0.000000,0.002806,0.000415,0.000016,0.000082,0.006646
1,2,9,"q9_case1",1300,256,2304,589824,589824,1,332545,1048576,2,1,589824,589500,0.000362,0.000000,0.000277,0.000022,0.000286,0.000446,0.000259,0.000891,0.001570,0.001368,0.000052,0.004230,0.001313,0.000000,0.002811,0.000459,0.000021,0.000082,0.006743
1,2,9,"q9_case1",1301,256,2304,589824,589824,1,332801,1048576,2,1,589824,589458,0.000361,0.000000,0.000431,0.000019,0.000278,0.000400,0.000274,0.000905,0.001577,0.001351,0.000044,0.004254,0.001311,0.000000,0.002860,0.000432,0.000015,0.000084,0.006791
1,2,9,"q9_case1",1302,256,2304,589824,589824,1,333057,1048576,2,1,589824,589521,0.000361,0.000000,0.000250,0.000029,0.000277,0.000455,0.000283,0.000888,0.001603,0.001350,0.000057,0.004164,0.001309,0.000000,0.002759,0.000416,0.000023,0.000087,0.006621
1,2,9,"q9_case1",1303,256,2304,589824,589824,1,333313,1048576,2,1,589824,589421,0.000365,0.000000,0.000316,0.000021,0.000263,0.000438,0.000271,0.000876,0.001554,0.001406,0.000046,0.004241,0.001302,0.000000,0.002791,0.000413,0.000015,0.000080,0.006756
1,2,9,"q9_case1",1304,256,2304,589824,589824,1,333569,1048576,2,1,589824,589391,0.000356,0.000000,0.000383,0.000021,0.000282,0.000400,0.000299,0.000902,0.001616,0.001335,0.000046,0.004224,0.001291,0.000000,0.002845,0.000409,0.000022,0.000091,0.006723
1,2,9,"q9_case1",1305,256,2304,589824,589824,1,333825,1048576,2,1,589824,589442,0.000356,0.000000,0.000248,0.000021,0.000284,0.000414,0.000265,0.000855,0.001556,0.001456,0.000044,0.004200,0.001286,0.000000,0.002702,0.000430,0.000014,0.000078,0.006762
1,2,9,"q9_case1",1306,256,2304,589824,589824,1,334081,1048576,2,1,589824,589336,0.000364,0.000000,0.000279,0.000045,0.000315,0.000463,0.000280,0.000856,0.001577,0.001328,0.000048,0.004181,0.001295,0.000000,0.002806,0.000419,0.000021,0.000077,0.006587
1,2,9,"q9_case1",1307,256,2304,589824,589824,1,334337,1048576,2,1,589824,589492,0.000357,0.000000,0.000338,0.000022,0.000284,0.000403,0.000253,0.000887,0.001547,0.001448,0.000044,0.004232,0.001290,0.000000,0.002743,0.000409,0.000015,0.000075,0.006790
1,2,9,"q9_case1",1308,256,2304,589824,589824,1,334593,1048576,2,1,589824,589359,0.000355,0.000000,0.000288,0.000020,0.000280,0.000459,0.000215,0.000898,0.001569,0.001352,0.000041,0.004160,0.001283,0.000000,0.002769,0.000408,0.000020,0.000074,0.006603
1,2,9,"q9_case1",1309,256,2304,589824,589824,1,334849,1048576,2,1,589824,589504,0.000361,0.000000,0.000260,0.000020,0.000281,0.000454,0.000296,0.000862,0.001566,0.001198,0.000056,0.004011,0.001289,0.000000,0.002759,0.000413,0.000016,0.000085,0.006367
1,2,9,"q9_case1",1310,256,2304,589824,589824,1,335105,1048576,2,1,589824,589343,0.000361,0.000000,0.000390,0.000019,0.000268,0.000399,0.000226,0.000895,0.001473,0.001474,0.000042,0.004266,0.001290,0.000000,0.002752,0.000424,0.000021,0.000076,0.006856
1,2,9,"q9_case1",1311,256,2304,589824,589824,1,335361,1048576,2,1,589824,589312,0.000356,0.000000,0.000329,0.000043,0.000303,0.000448,0.000248,0.000874,0.001549,0.001470,0.000043,0.004356,0.001291,0.000000,0.002844,0.000412,0.000015,0.000077,0.006901
1,2,9,"q9_case1",1312,256,2304,589824,589824,1,335617,1048576,2,1,589824,589408,0.000356,0.000000,0.000339,0.000022,0.000277,0.000398,0.000283,0.000864,0.001529,0.001417,0.000043,0.004225,0.001285,0.000000,0.002766,0.000416,0.000019,0.000077,0.006764
1,2,9,"q9_case1",1313,256,2304,589824,589824,1,335873,1048576,2,1,589824,589479,0.000359,0.000000,0.005278,0.000018,0.000273,0.000447,0.000283,0.000868,0.001579,0.001402,0.000047,0.009153,0.001279,0.000000,0.007707,0.000411,0.000015,0.000095,0.011632
1,2,9,"q9_case1",1314,256,2304,589824,589824,1,336129,1048576,2,1,589824,589514,0.000356,0.000000,0.000273,0.000022,0.000260,0.000455,0.000263,0.000876,0.001552,0.001135,0.000040,0.003892,0.001284,0.000000,0.002720,0.000411,0.000020,0.000075,0.006201
1,2,9,"q9_case1",1315,256,2304,589824,589824,1,336385,1048576,2,1,589824,589354,0.000358,0.000000,0.000485,0.000020,0.000281,0.000407,0.000220,0.000870,0.001466,0.001450,0.000049,0.004327,0.001284,0.000000,0.002830,0.000417,0.000018,0.000078,0.006945
1,2,9,"q9_case1",1316,256,2304,589824,589824,1,336641,1048576,2,1,589824,589330,0.000356,0.000000,0.000309,0.000023,0.000273,0.000404,0.000243,0.000932,0.001524,0.001360,0.000046,0.004193,0.001288,0.000000,0.002789,0.000415,0.000021,0.000087,0.006699
1,2,9,"q9_case1",1317,256,2304,589824,589824,1,336897,1048576,2,1,589824,589185,0.000360,0.000000,0.000363,0.000021,0.000291,0.000459,0.000292,0.000873,0.001721,0.001311,0.000046,0.004236,0.001282,0.000000,0.002881,0.000425,0.000015,0.000076,0.006651
1,2,9,"q9_case1",1318,256,2304,589824,589824,1,337153,1048576,2,1,589824,589491,0.000354,0.000000,0.000320,0.000022,0.000287,0.000402,0.000244,0.000865,0.001525,0.001416,0.000043,0.004157,0.001288,0.000000,0.002699,0.000413,0.000021,0.000098,0.006722
1,2,9,"q9_case1",1319,256,2304,589824,589824,1,337409,1048576,2,1,589824,589357,0.000356,0.000000,0.000303,0.000019,0.000302,0.000456,0.000187,0.000884,0.001494,0.001358,0.000041,0.004151,0.001281,0.000000,0.002754,0.000416,0.000015,0.000077,0.006624
1,2,9,"q9_case1",1320,256,2304,589824,589824,1,337665,1048576,2,1,589824,589508,0.000356,0.000000,0.000279,0.000020,0.000272,0.000401,0.000283,0.000878,0.001541,0.001423,0.000045,0.004156,0.001282,0.000000,0.002690,0.000452,0.000021,0.000073,0.006748
1,2,9,"q9_case1",1321,256,2304,589824,589824,1,337921,1048576,2,1,589824,589362,0.000356,0.000000,0.000297,0.000020,0.000275,0.000448,0.000212,0.000879,0.001503,0.001404,0.000040,0.004124,0.001280,0.000000,0.002682,0.000424,0.000014,0.000075,0.006613
1,2,9,"q9_case1",1322,256,2304,589824,589824,1,338177,1048576,2,1,589824,589518,0.000354,0.000000,0.000324,0.000021,0.000263,0.000455,0.000260,0.000843,0.001542,0.001171,0.000041,0.004005,0.001296,0.000000,0.002795,0.000417,0.000020,0.000074,0.006329
1,2,9,"q9_case1",1323,256,2304,589824,589824,1,338433,1048576,2,1,589824,589380,0.000356,0.000000,0.000280,0.000021,0.000274,0.000396,0.000292,0.000854,0.001532,0.001457,0.000048,0.004206,0.001279,0.000000,0.002707,0.000481,0.000014,0.000077,0.006836
1,2,9,"q9_case1",1324,256,2304,589824,589824,1,338689,1048576,2,1,589824,589291,0.000354,0.000000,0.000313,0.000025,0.000276,0.000455,0.000280,0.000847,0.001588,0.001466,0.000042,0.004269,0.001283,0.000000,0.002763,0.000426,0.000021,0.000076,0.006821
1,2,9,"q9_case1",1325,256,2304,589824,589824,1,338945,1048576,2,1,589824,589390,0.000359,0.000000,0.000262,0.000021,0.000279,0.000397,0.000263,0.000871,0.001509,0.001429,0.000040,0.004162,0.001284,0.000000,0.002694,0.000414,0.000014,0.000077,0.006700
1,2,9,"q9_case1",1326,256,2304,589824,589824,1,339201,1048576,2,1,589824,589370,0.000361,0.000000,0.000290,0.000021,0.000296,0.000454,0.000244,0.000892,0.001602,0.001367,0.000052,0.004241,0.001273,0.000000,0.002825,0.000435,0.000023,0.000117,0.006756
1,2,9,"q9_case1",1327,256,2304,589824,589824,1,339457,1048576,2,1,589824,589408,0.000360,0.000000,0.000363,0.000021,0.000273,0.000396,0.000234,0.000890,0.001506,0.001404,0.000048,0.004213,0.001304,0.000000,0.002763,0.000407,0.000015,0.000078,0.006743
1,2,9,"q9_case1",1328,256,2304,589824,589824,1,339713,1048576,2,1,589824,589369,0.000355,0.000000,0.000324,0.000019,0.000283,0.000412,0.000232,0.000874,0.001517,0.001298,0.000045,0.004083,0.001289,0.000000,0.002742,0.000418,0.000021,0.000078,0.006522
1,2,9,"q9_case1",1329,256,2304,589824,589824,1,339969,1048576,2,1,589824,589239,0.000357,0.000000,0.000277,0.000019,0.000286,0.000445,0.000272,0.000873,0.001639,0.001326,0.000043,0.004184,0.001282,0.000000,0.002817,0.000423,0.000018,0.000075,0.006616
1,2,9,"q9_case1",1330,256,2304,589824,589824,1,340225,1048576,2,1,589824,589376,0.000361,0.000000,0.000349,0.000021,0.000275,0.000393,0.000283,0.000832,0.001498,0.001431,0.000045,0.004187,0.001277,0.000000,0.002713,0.000411,0.000022,0.000084,0.006723
1,2,9,"q9_case1",1331,256,2304,589824,589824,1,340481,1048576,2,1,589824,589334,0.000356,0.000000,0.000298,0.000020,0.000282,0.000405,0.000256,0.000850,0.001523,0.001279,0.000045,0.004078,0.001296,0.000000,0.002756,0.000414,0.000013,0.000073,0.006488
1,2,9,"q9_case1",1332,256,2304,589824,589824,1,340737,1048576,2,1,589824,589169,0.000362,0.000000,0.000267,0.000019,0.000287,0.000404,0.000289,0.000856,0.001525,0.001298,0.000045,0.004028,0.001269,0.000000,0.002686,0.000411,0.000019,0.000079,0.006460
1,2,9,"q9_case1",1333,256,2304,589824,589824,1,340993,1048576,2,1,589824,589130,0.000356,0.000000,0.000511,0.000023,0.000283,0.000416,0.000206,0.000865,0.001454,0.001316,0.000055,0.004233,0.001282,0.000000,0.002864,0.000414,0.000015,0.000078,0.006690
1,2,9,"q9_case1",1334,256,2304,589824,589824,1,341249,1048576,2,1,589824,589326,0.000363,0.000000,0.000331,0.000020,0.000274,0.000413,0.000228,0.000860,0.001511,0.001427,0.000051,0.004266,0.001288,0.000000,0.002790,0.000418,0.000027,0.000113,0.006827
1,2,9,"q9_case1",1335,256,2304,589824,589824,1,341505,1048576,2,1,589824,589450,0.000392,0.000000,0.000328,0.000020,0.000303,0.000447,0.000260,0.000856,0.001548,0.001427,0.000045,0.004234,0.001285,0.000000,0.002764,0.000410,0.000015,0.000073,0.006709
1,2,9,"q9_case1",1336,256,2304,589824,589824,1,341761,1048576,2,1,589824,589521,0.000356,0.000000,0.000374,0.000019,0.000322,0.000402,0.000278,0.000872,0.001597,0.001290,0.000046,0.004175,0.001280,0.000000,0.002840,0.000404,0.000022,0.000080,0.006579
1,2,9,"q9_case1",1337,256,2304,589824,589824,1,342017,1048576,2,1,589824,589321,0.000356,0.000000,0.000265,0.000046,0.000284,0.000404,0.000275,0.000857,0.001542,0.001251,0.000048,0.003960,0.001282,0.000000,0.002664,0.000409,0.000017,0.000076,0.006350
1,2,9,"q9_case1",1338,256,2304,589824,589824,1,342273,1048576,2,1,589824,589283,0.000356,0.000000,0.000281,0.000019,0.000273,0.000405,0.000270,0.000864,0.001507,0.001358,0.000048,0.004103,0.001279,0.000000,0.002699,0.000409,0.000022,0.000097,0.006577
1,2,9,"q9_case1",1339,256,2304,589824,589824,1,342529,1048576,2,1,589824,589360,0.000361,0.000000,0.000412,0.000021,0.000282,0.000408,0.000225,0.000847,0.001470,0.001486,0.000046,0.004297,0.001311,0.000000,0.002767,0.000406,0.000013,0.000074,0.006901
1,2,9,"q9_case1",1340,256,2304,589824,589824,1,342785,1048576,2,1,589824,589434,0.000360,0.000000,0.000309,0.000023,0.000301,0.000418,0.000238,0.000863,0.001500,0.001441,0.000043,0.004209,0.001272,0.000000,0.002726,0.000410,0.000020,0.000076,0.006721
1,2,9,"q9_case1",1341,256,2304,589824,589824,1,343041,1048576,2,1,589824,589474,0.000356,0.000000,0.000297,0.000020,0.000293,0.000406,0.000268,0.000865,0.001545,0.001341,0.000044,0.004180,0.001302,0.000000,0.002796,0.000408,0.000014,0.000078,0.006653
1,2,9,"q9_case1",1342,256,2304,589824,589824,1,343297,1048576,2,1,589824,589447,0.000361,0.000000,0.000302,0.000022,0.000264,0.000414,0.000312,0.000905,0.001615,0.001377,0.000053,0.004273,0.001286,0.000000,0.002845,0.000417,0.000023,0.000092,0.006770
1,2,9,"q9_case1",1343,256,2304,589824,589824,1,343553,1048576,2,1,589824,589485,0.000357,0.000000,0.000305,0.000019,0.000291,0.000409,0.000178,0.000881,0.001446,0.001383,0.000048,0.004093,0.001298,0.000000,0.002663,0.000426,0.000014,0.000080,0.006597
1,2,9,"q9_case1",1344,256,2304,589824,589824,1,343809,1048576,2,1,589824,589483,0.000357,0.000000,0.000456,0.000020,0.000301,0.000406,0.000272,0.000821,0.001516,0.001310,0.000048,0.004181,0.001284,0.000000,0.002825,0.000425,0.000021,0.000078,0.006614
1,2,9,"q9_case1",1345,256,2304,589824,589824,1,344065,1048576,2,1,589824,589493,0.000354,0.000000,0.000321,0.000021,0.000310,0.000408,0.000255,0.000855,0.001519,0.001353,0.000046,0.004157,0.001274,0.000000,0.002760,0.000416,0.000014,0.000076,0.006632
1,2,9,"q9_case1",1346,256,2304,589824,589824,1,344321,1048576,2,1,589824,589444,0.000356,0.000000,0.000360,0.000019,0.000296,0.000407,0.000380,0.000861,0.001684,0.001319,0.000047,0.004243,0.001282,0.000000,0.002879,0.000421,0.000021,0.000091,0.006709
1,2,9,"q9_case1",1347,256,2304,589824,589824,1,344577,1048576,2,1,589824,589414,0.000357,0.000000,0.003603,0.000023,0.000265,0.000408,0.000254,0.000854,0.001467,0.001324,0.000044,0.007309,0.001276,0.000000,0.005942,0.000412,0.000014,0.000075,0.009736
1,2,9,"q9_case1",1348,256,2304,589824,589824,1,344833,1048576,2,1,589824,589493,0.000359,0.000000,0.000271,0.000018,0.000289,0.000449,0.000260,0.000832,0.001525,0.001453,0.000050,0.004259,0.001280,0.000000,0.002758,0.000434,0.000019,0.000091,0.006814
1,2,9,"q9_case1",1349,256,2304,589824,589824,1,345089,1048576,2,1,589824,589539,0.000363,0.000000,0.000415,0.000021,0.000302,0.000404,0.000222,0.000873,0.001469,0.001539,0.000050,0.004371,0.001302,0.000000,0.002785,0.000411,0.000016,0.000086,0.007048
1,2,9,"q9_case1",1350,256,2304,589824,589824,1,345345,1048576,2,1,589824,589418,0.000358,0.000000,0.000308,0.000019,0.000276,0.000461,0.000186,0.000871,0.001471,0.001476,0.000050,0.004171,0.001296,0.000000,0.002647,0.000429,0.000021,0.000079,0.006738
1,2,9,"q9_case1",1351,256,2304,589824,589824,1,345601,1048576,2,1,589824,589531,0.000361,0.000000,0.000316,0.000021,0.000291,0.000400,0.000234,0.000888,0.001507,0.001436,0.000050,0.004221,0.001296,0.000000,0.002737,0.000415,0.000016,0.000081,0.006791
1,2,9,"q9_case1",1352,256,2304,589824,589824,1,345857,1048576,2,1,589824,589373,0.000360,0.000000,0.000349,0.000019,0.000292,0.000408,0.000284,0.000872,0.001578,0.001473,0.000054,0.004346,0.001297,0.000000,0.002821,0.000432,0.000021,0.000081,0.006970
1,2,9,"q9_case1",1353,256,2304,589824,589824,1,346113,1048576,2,1,589824,589373,0.000360,0.000000,0.000275,0.000020,0.000266,0.000409,0.000253,0.000879,0.001496,0.001363,0.000053,0.004084,0.001306,0.000000,0.002670,0.000452,0.000015,0.000082,0.006659
1,2,9,"q9_case1",1354,256,2304,589824,589824,1,346369,1048576,2,1,589824,589467,0.000363,0.000000,0.000319,0.000022,0.000264,0.000454,0.000290,0.000887,0.001601,0.001500,0.000058,0.004446,0.001306,0.000000,0.002890,0.000418,0.000019,0.000081,0.007014
1,2,9,"q9_case1",1355,256,2304,589824,589824,1,346625,1048576,2,1,589824,589502,0.000362,0.000000,0.000309,0.000019,0.000280,0.000405,0.000252,0.000872,0.001498,0.001470,0.000043,0.004232,0.001300,0.000000,0.002721,0.000408,0.000015,0.000079,0.006803
1,2,9,"q9_case1",1356,256,2304,589824,589824,1,346881,1048576,2,1,589824,589347,0.000359,0.000000,0.000346,0.000021,0.000289,0.000446,0.000256,0.000857,0.001539,0.001527,0.000060,0.004416,0.001318,0.000000,0.002831,0.000430,0.000023,0.000094,0.007064
1,2,9,"q9_case1",1357,256,2304,589824,589824,1,347137,1048576,2,1,589824,589413,0.000360,0.000000,0.000325,0.000021,0.000309,0.000399,0.000258,0.000914,0.001522,0.001450,0.000051,0.004249,0.001292,0.000000,0.002750,0.000424,0.000015,0.000082,0.006817
1,2,9,"q9_case1",1358,256,2304,589824,589824,1,347393,1048576,2,1,589824,589328,0.000358,0.000000,0.001530,0.000021,0.000290,0.000409,0.000301,0.000870,0.001520,0.001517,0.000054,0.005550,0.001294,0.000000,0.003981,0.000428,0.000022,0.000077,0.008193
1,2,9,"q9_case1",1359,256,2304,589824,589824,1,347649,1048576,2,1,589824,589225,0.000361,0.000000,0.000310,0.000022,0.000277,0.000410,0.000286,0.000880,0.001577,0.001572,0.000067,0.004458,0.001294,0.000000,0.002821,0.000423,0.000017,0.000090,0.007144
1,2,9,"q9_case1",1360,256,2304,589824,589824,1,347905,1048576,2,1,589824,589304,0.000362,0.000000,0.000335,0.000023,0.000295,0.000408,0.000246,0.000897,0.001537,0.001566,0.000053,0.004448,0.001302,0.000000,0.002831,0.000426,0.000032,0.000124,0.007170
1,2,9,"q9_case1",1361,256,2304,589824,589824,1,348161,1048576,2,1,589824,589351,0.000359,0.000000,0.000293,0.000020,0.000289,0.000408,0.000253,0.000855,0.001513,0.001347,0.000053,0.004083,0.001291,0.000000,0.002685,0.000411,0.000015,0.000080,0.006555
1,2,9,"q9_case1",1362,256,2304,589824,589824,1,348417,1048576,2,1,589824,589467,0.000362,0.000000,0.000311,0.000020,0.000295,0.000460,0.000255,0.000873,0.001571,0.001331,0.000042,0.004167,0.001294,0.000000,0.002796,0.000407,0.000020,0.000081,0.006605
1,2,9,"q9_case1",1363,256,2304,589824,589824,1,348673,1048576,2,1,589824,589490,0.000362,0.000000,0.000293,0.000018,0.000286,0.000393,0.000185,0.000889,0.001444,0.001536,0.000058,0.004201,0.001317,0.000000,0.002609,0.000419,0.000016,0.000080,0.006844
1,2,9,"q9_case1",1364,256,2304,589824,589824,1,348929,1048576,2,1,589824,589363,0.000363,0.000000,0.000329,0.000022,0.000269,0.000405,0.000314,0.000889,0.001621,0.001560,0.000059,0.004442,0.001297,0.000000,0.002826,0.000415,0.000023,0.000092,0.007077
1,2,9,"q9_case1",1365,256,2304,589824,589824,1,349185,1048576,2,1,589824,589394,0.000358,0.000000,0.000304,0.000021,0.000269,0.000407,0.000261,0.000880,0.001500,0.001387,0.000055,0.004230,0.001295,0.000000,0.002791,0.000442,0.000015,0.000084,0.006752
1,2,9,"q9_case1",1366,256,2304,589824,589824,1,349441,1048576,2,1,589824,589495,0.000364,0.000000,0.000400,0.000019,0.000291,0.000406,0.000308,0.000865,0.001598,0.001363,0.000050,0.004275,0.001311,0.000000,0.002863,0.000409,0.000022,0.000082,0.006791
1,2,9,"q9_case1",1367,256,2304,589824,589824,1,349697,1048576,2,1,589824,589476,0.000359,0.000000,0.000275,0.000021,0.000278,0.000414,0.000286,0.000905,0.001593,0.001554,0.000050,0.004375,0.001303,0.000000,0.002773,0.000426,0.000015,0.000079,0.007056
1,2,9,"q9_case1",1368,256,2304,589824,589824,1,349953,1048576,2,1,589824,589492,0.000360,0.000000,0.000275,0.000019,0.000263,0.000456,0.000200,0.000866,0.001478,0.001334,0.000043,0.004076,0.001286,0.000000,0.002701,0.000419,0.000022,0.000098,0.006540
1,2,9,"q9_case1",1369,256,2304,589824,589824,1,350209,1048576,2,1,589824,589529,0.000356,0.000000,0.000329,0.000019,0.000297,0.000393,0.000216,0.000876,0.001439,0.001494,0.000043,0.004205,0.001306,0.000000,0.002670,0.000417,0.000014,0.000075,0.006801
1,2,9,"q9_case1",1370,256,2304,589824,589824,1,350465,1048576,2,1,589824,589349,0.000356,0.000000,0.000303,0.000015,0.000281,0.000407,0.000178,0.000851,0.001412,0.001380,0.000048,0.003994,0.001275,0.000000,0.002570,0.000442,0.000022,0.000078,0.006503
1,2,9,"q9_case1",1371,256,2304,589824,589824,1,350721,1048576,2,1,589824,589519,0.000358,0.000000,0.000337,0.000047,0.000383,0.000404,0.000257,0.000874,0.001674,0.001486,0.000059,0.004453,0.001291,0.000000,0.002911,0.000458,0.000017,0.000094,0.007084
1,2,9,"q9_case1",1372,256,2304,589824,589824,1,350977,1048576,2,1,589824,589504,0.000361,0.000000,0.000400,0.000022,0.000266,0.000407,0.000230,0.000915,0.001543,0.001574,0.000056,0.004493,0.001312,0.000000,0.002865,0.000445,0.000022,0.000081,0.007220
1,2,9,"q9_case1",1373,256,2304,589824,589824,1,351233,1048576,2,1,589824,589433,0.000358,0.000000,0.000280,0.000025,0.000282,0.000410,0.000217,0.000891,0.001483,0.001477,0.000049,0.004204,0.001292,0.000000,0.002680,0.000469,0.000019,0.000117,0.006892
1,2,9,"q9_case1",1374,256,2304,589824,589824,1,351489,1048576,2,1,589824,589532,0.000359,0.000000,0.000271,0.000020,0.000286,0.000402,0.000267,0.000884,0.001528,0.001368,0.000058,0.004093,0.001306,0.000000,0.002670,0.000429,0.000020,0.000088,0.006625
1,2,9,"q9_case1",1375,256,2304,589824,589824,1,351745,1048576,2,1,589824,589457,0.000363,0.000000,0.000336,0.000033,0.000269,0.000408,0.000266,0.000905,0.001552,0.001509,0.000055,0.004367,0.001300,0.000000,0.002804,0.000416,0.000016,0.000087,0.006978
1,2,9,"q9_case1",1376,256,2304,589824,589824,1,352001,1048576,2,1,589824,589416,0.000363,0.000000,0.000335,0.000022,0.000300,0.000411,0.000307,0.000872,0.001590,0.001578,0.000056,0.004423,0.001302,0.000000,0.002792,0.000432,0.000024,0.000092,0.007105
1,2,9,"q9_case1",1377,256,2304,589824,589824,1,352257,1048576,2,1,589824,589497,0.000361,0.000000,0.000320,0.000021,0.000279,0.000409,0.000272,0.000899,0.001600,0.001542,0.000062,0.004406,0.001298,0.000000,0.002805,0.000422,0.000017,0.000102,0.007168
1,2,9,"q9_case1",1378,256,2304,589824,589824,1,352513,1048576,2,1,589824,589458,0.000359,0.000000,0.000564,0.000024,0.000285,0.000405,0.000279,0.000853,0.001530,0.001458,0.000053,0.004542,0.001298,0.000000,0.003034,0.000417,0.000022,0.000090,0.007111
1,2,9,"q9_case1",1379,256,2304,589824,589824,1,352769,1048576,2,1,589824,589475,0.000362,0.000000,0.000308,0.000024,0.000265,0.000409,0.000251,0.000889,0.001513,0.001453,0.000056,0.004223,0.001309,0.000000,0.002716,0.000427,0.000017,0.000085,0.006872
1,2,9,"q9_case1",1380,256,2304,589824,589824,1,353025,1048576,2,1,589824,589404,0.000366,0.000000,0.000275,0.000022,0.000287,0.000406,0.000291,0.000861,0.001503,0.001548,0.000045,0.004315,0.001307,0.000000,0.002725,0.000429,0.000021,0.000086,0.006997
1,2,9,"q9_case1",1381,256,2304,589824,589824,1,353281,1048576,2,1,589824,589480,0.000360,0.000000,0.003745,0.000020,0.000267,0.000460,0.000217,0.000862,0.001494,0.001453,0.000056,0.007680,0.001306,0.000000,0.006175,0.000431,0.000021,0.000101,0.010396
1,2,9,"q9_case1",1382,256,2304,589824,589824,1,353537,1048576,2,1,589824,589553,0.000362,0.000000,0.000313,0.000022,0.000264,0.000403,0.000252,0.000902,0.001523,0.001630,0.000067,0.004503,0.001314,0.000000,0.002808,0.000419,0.000021,0.000091,0.007191
1,2,9,"q9_case1",1383,256,2304,589824,589824,1,353793,1048576,2,1,589824,589323,0.000361,0.000000,0.000355,0.000028,0.000268,0.000404,0.000258,0.000921,0.001552,0.001633,0.000061,0.004510,0.001301,0.000000,0.002819,0.000407,0.000016,0.000086,0.007249
1,2,9,"q9_case1",1384,256,2304,589824,589824,1,354049,1048576,2,1,589824,589342,0.000366,0.000000,0.000328,0.000023,0.000267,0.000408,0.000223,0.000878,0.001453,0.001463,0.000045,0.004210,0.001290,0.000000,0.002705,0.000422,0.000020,0.000087,0.006800
1,2,9,"q9_case1",1385,256,2304,589824,589824,1,354305,1048576,2,1,589824,589538,0.000363,0.000000,0.000269,0.000019,0.000302,0.000457,0.000259,0.000896,0.001602,0.001534,0.000053,0.004371,0.001311,0.000000,0.002790,0.000425,0.000018,0.000086,0.007082
1,2,9,"q9_case1",1386,256,2304,589824,589824,1,354561,1048576,2,1,589824,589549,0.000368,0.000000,0.001600,0.000023,0.000297,0.000404,0.000215,0.000899,0.001583,0.001553,0.000056,0.005716,0.001319,0.000000,0.004110,0.000414,0.000020,0.000084,0.008383
1,2,9,"q9_case1",1387,256,2304,589824,589824,1,354817,1048576,2,1,589824,589344,0.000359,0.000000,0.000283,0.000020,0.000328,0.000404,0.000258,0.000894,0.001595,0.001633,0.000063,0.004539,0.001290,0.000000,0.002845,0.000414,0.000017,0.000088,0.007292
1,2,9,"q9_case1",1388,256,2304,589824,589824,1,355073,1048576,2,1,589824,589359,0.000361,0.000000,0.000251,0.000021,0.000315,0.000458,0.000236,0.000771,0.001471,0.001054,0.000047,0.003791,0.001306,0.000000,0.002693,0.000464,0.000021,0.000089,0.006145
1,2,9,"q9_case1",1389,256,2304,589824,589824,1,355329,1048576,2,1,589824,589555,0.000359,0.000000,0.001138,0.000021,0.000264,0.000404,0.000248,0.000913,0.001537,0.001592,0.000062,0.005252,0.001319,0.000000,0.003601,0.000426,0.000017,0.000096,0.008023
1,2,9,"q9_case1",1390,256,2304,589824,589824,1,355585,1048576,2,1,589824,589267,0.000355,0.000000,0.000324,0.000022,0.000290,0.000402,0.000273,0.000879,0.001545,0.001528,0.000052,0.004340,0.001298,0.000000,0.002761,0.000415,0.000019,0.000085,0.006929
1,2,9,"q9_case1",1391,256,2304,589824,589824,1,355841,1048576,2,1,589824,589252,0.000361,0.000000,0.000298,0.000023,0.000290,0.000455,0.000191,0.000820,0.001440,0.001123,0.000044,0.003795,0.001303,0.000000,0.002629,0.000418,0.000016,0.000081,0.006124
1,2,9,"q9_case1",1392,256,2304,589824,589824,1,356097,1048576,2,1,589824,589552,0.000357,0.000000,0.000294,0.000023,0.000284,0.000398,0.000208,0.000954,0.001525,0.001606,0.000053,0.004429,0.001296,0.000000,0.002772,0.000420,0.000020,0.000080,0.007103
1,2,9,"q9_case1",1393,256,2304,589824,589824,1,356353,1048576,2,1,589824,589354,0.000358,0.000000,0.000274,0.000023,0.000284,0.000445,0.000265,0.000840,0.001526,0.001362,0.000048,0.004146,0.001304,0.000000,0.002739,0.000428,0.000017,0.000093,0.006711
1,2,9,"q9_case1",1394,256,2304,589824,589824,1,356609,1048576,2,1,589824,589535,0.000356,0.000000,0.000314,0.000019,0.000267,0.000392,0.000256,0.000908,0.001512,0.001419,0.000043,0.004132,0.001291,0.000000,0.002673,0.000416,0.000018,0.000077,0.006660
1,2,9,"q9_case1",1395,256,2304,589824,589824,1,356865,1048576,2,1,589824,589407,0.000360,0.000000,0.000334,0.000022,0.000290,0.000402,0.000281,0.000867,0.001557,0.001514,0.000059,0.004387,0.001298,0.000000,0.002815,0.000419,0.000016,0.000089,0.007111
1,2,9,"q9_case1",1396,256,2304,589824,589824,1,357121,1048576,2,1,589824,589334,0.000365,0.000000,0.000342,0.000024,0.000276,0.000454,0.000255,0.000915,0.001607,0.001522,0.000050,0.004496,0.001326,0.000000,0.002926,0.000431,0.000025,0.000087,0.007146
1,2,9,"q9_case1",1397,256,2304,589824,589824,1,357377,1048576,2,1,589824,589484,0.000357,0.000000,0.000378,0.000020,0.000295,0.000398,0.000199,0.000876,0.001480,0.001432,0.000051,0.004195,0.001288,0.000000,0.002715,0.000421,0.000017,0.000100,0.006760
1,2,9,"q9_case1",1398,256,2304,589824,589824,1,357633,1048576,2,1,589824,589344,0.000363,0.000000,0.000318,0.000020,0.000274,0.000453,0.000212,0.000906,0.001525,0.001503,0.000050,0.004322,0.001285,0.000000,0.002770,0.000440,0.000017,0.000102,0.006962
1,2,9,"q9_case1",1399,256,2304,589824,589824,1,357889,1048576,2,1,589824,589501,0.000355,0.000000,0.000300,0.000018,0.000284,0.000395,0.000229,0.000862,0.001469,0.001429,0.000041,0.004101,0.001288,0.000000,0.002633,0.000419,0.000014,0.000077,0.006647
1,2,9,"q9_case1",1400,256,2304,589824,589824,1,358145,1048576,2,1,589824,589386,0.000356,0.000000,0.000300,0.000020,0.000278,0.000442,0.000208,0.000858,0.001483,0.001446,0.000041,0.004143,0.001276,0.000000,0.002657,0.000416,0.000020,0.000077,0.006676
1,2,9,"q9_case1",1401,256,2304,589824,589824,1,358401,1048576,2,1,589824,589440,0.000362,0.000000,0.000380,0.000021,0.000281,0.000399,0.000291,0.000866,0.001563,0.001484,0.000055,0.004330,0.001288,0.000000,0.002792,0.000434,0.000015,0.000080,0.006925
1,2,9,"q9_case1",1402,256,2304,589824,589824,1,358657,1048576,2,1,589824,589408,0.000361,0.000000,0.000305,0.000017,0.000265,0.000443,0.000260,0.000923,0.001625,0.001409,0.000045,0.004295,0.001306,0.000000,0.002843,0.000416,0.000023,0.000081,0.006832
1,2,9,"q9_case1",1403,256,2304,589824,589824,1,358913,1048576,2,1,589824,589479,0.000363,0.000000,0.000328,0.000019,0.000282,0.000400,0.000252,0.000859,0.001482,0.001508,0.000052,0.004222,0.001300,0.000000,0.002663,0.000424,0.000015,0.000083,0.006860
1,2,9,"q9_case1",1404,256,2304,589824,589824,1,359169,1048576,2,1,589824,589325,0.000367,0.000000,0.000345,0.000023,0.000337,0.000461,0.000259,0.000835,0.001578,0.001185,0.000047,0.004149,0.001294,0.000000,0.002919,0.000439,0.000022,0.000086,0.006518
1,2,9,"q9_case1",1405,256,2304,589824,589824,1,359425,1048576,2,1,589824,589488,0.000360,0.000000,0.000336,0.000018,0.000274,0.000399,0.000230,0.000874,0.001515,0.001488,0.000058,0.004264,0.001302,0.000000,0.002721,0.000426,0.000015,0.000079,0.006856
1,2,9,"q9_case1",1406,256,2304,589824,589824,1,359681,1048576,2,1,589824,589335,0.000363,0.000000,0.000300,0.000020,0.000282,0.000463,0.000267,0.000835,0.001540,0.001246,0.000044,0.004028,0.001298,0.000000,0.002740,0.000415,0.000020,0.000081,0.006431
1,2,9,"q9_case1",1407,256,2304,589824,589824,1,359937,1048576,2,1,589824,589463,0.000363,0.000000,0.000313,0.000022,0.000267,0.000399,0.000273,0.000912,0.001589,0.001478,0.000053,0.004353,0.001299,0.000000,0.002825,0.000431,0.000016,0.000089,0.006975
1,2,9,"q9_case1",1408,256,2304,589824,589824,1,360193,1048576,2,1,589824,589329,0.000362,0.000000,0.000327,0.000022,0.000265,0.000460,0.000264,0.000818,0.001498,0.001167,0.000044,0.003947,0.001316,0.000000,0.002738,0.000416,0.000027,0.000125,0.006386
1,2,9,"q9_case1",1409,256,2304,589824,589824,1,360449,1048576,2,1,589824,589533,0.000360,0.000000,0.000280,0.000023,0.000288,0.000396,0.000297,0.000877,0.001506,0.001457,0.000055,0.004244,0.001290,0.000000,0.002733,0.000430,0.000015,0.000081,0.006807
1,2,9,"q9_case1",1410,256,2304,589824,589824,1,360705,1048576,2,1,589824,589324,0.000359,0.000000,0.000287,0.000019,0.000295,0.000451,0.000291,0.000865,0.001560,0.001501,0.000047,0.004376,0.001291,0.000000,0.002830,0.000424,0.000021,0.000081,0.006948
1,2,9,"q9_case1",1411,256,2304,589824,589824,1,360961,1048576,2,1,589824,589449,0.000369,0.000000,0.000427,0.000024,0.000286,0.000395,0.000221,0.000901,0.001476,0.001432,0.000047,0.004286,0.001298,0.000000,0.002808,0.000433,0.000015,0.000079,0.006864
1,2,9,"q9_case1",1412,256,2304,589824,589824,1,361217,1048576,2,1,589824,589390,0.000364,0.000000,0.000325,0.000021,0.000287,0.000404,0.000225,0.000878,0.001533,0.001596,0.000047,0.004413,0.001300,0.000000,0.002773,0.000437,0.000024,0.000110,0.007161
1,2,9,"q9_case1",1413,256,2304,589824,589824,1,361473,1048576,2,1,589824,589433,0.000358,0.000000,0.000276,0.000020,0.000277,0.000440,0.000284,0.000875,0.001556,0.001465,0.000045,0.004250,0.001289,0.000000,0.002743,0.000420,0.000014,0.000081,0.006807
1,2,9,"q9_case1",1414,256,2304,589824,589824,1,361729,1048576,2,1,589824,589417,0.000361,0.000000,0.000425,0.000020,0.000264,0.000402,0.000232,0.000881,0.001491,0.001443,0.000048,0.004278,0.001303,0.000000,0.002789,0.000425,0.000021,0.000082,0.006845
1,2,9,"q9_case1",1415,256,2304,589824,589824,1,361985,1048576,2,1,589824,589343,0.000360,0.000000,0.000296,0.000019,0.000278,0.000438,0.000255,0.000899,0.001580,0.001450,0.000053,0.004282,0.001302,0.000000,0.002781,0.000414,0.000016,0.000092,0.006867
1,2,9,"q9_case1",1416,256,2304,589824,589824,1,362241,1048576,2,1,589824,589437,0.000363,0.000000,0.000291,0.000021,0.000283,0.000396,0.000269,0.000873,0.001532,0.001436,0.000050,0.004230,0.001306,0.000000,0.002746,0.000406,0.000019,0.000083,0.006767
1,2,9,"q9_case1",1417,256,2304,589824,589824,1,362497,1048576,2,1,589824,589341,0.000363,0.000000,0.000366,0.000023,0.000279,0.000404,0.000184,0.000910,0.001483,0.001544,0.000068,0.004376,0.001309,0.000000,0.002766,0.000432,0.000020,0.000101,0.007087
1,2,9,"q9_case1",1418,256,2304,589824,589824,1,362753,1048576,2,1,589824,589373,0.000395,0.000000,0.000338,0.000029,0.000280,0.000401,0.000222,0.000878,0.001441,0.001491,0.000050,0.004296,0.001295,0.000000,0.002757,0.000425,0.000021,0.000092,0.006899
1,2,9,"q9_case1",1419,256,2304,589824,589824,1,363009,1048576,2,1,589824,589348,0.000358,0.000000,0.000290,0.000021,0.000280,0.000402,0.000239,0.000917,0.001557,0.001455,0.000043,0.004258,0.001291,0.000000,0.002761,0.000414,0.000015,0.000083,0.006839
1,2,9,"q9_case1",1420,256,2304,589824,589824,1,363265,1048576,2,1,589824,589510,0.000356,0.000000,0.000614,0.000020,0.000266,0.000455,0.000258,0.000888,0.001558,0.001607,0.000047,0.004671,0.001282,0.000000,0.003018,0.000415,0.000024,0.000127,0.007361
1,2,9,"q9_case1",1421,256,2304,589824,589824,1,363521,1048576,2,1,589824,589505,0.000360,0.000000,0.000292,0.000023,0.000291,0.000429,0.000251,0.000875,0.001534,0.001419,0.000046,0.004235,0.001283,0.000000,0.002771,0.000407,0.000014,0.000081,0.006748
1,2,9,"q9_case1",1422,256,2304,589824,589824,1,363777,1048576,2,1,589824,589340,0.000357,0.000000,0.000312,0.000021,0.000265,0.000399,0.000276,0.000909,0.001557,0.001493,0.000043,0.004310,0.001285,0.000000,0.002775,0.000411,0.000021,0.000076,0.006908
1,2,9,"q9_case1",1423,256,2304,589824,589824,1,364033,1048576,2,1,589824,589374,0.000355,0.000000,0.000320,0.000022,0.000288,0.000440,0.000257,0.000887,0.001561,0.001602,0.000062,0.004391,0.001281,0.000000,0.002728,0.000413,0.000015,0.000080,0.007044
1,2,9,"q9_case1",1424,256,2304,589824,589824,1,364289,1048576,2,1,589824,589405,0.000357,0.000000,0.000331,0.000020,0.000268,0.000434,0.000279,0.000882,0.001581,0.001405,0.000042,0.004269,0.001291,0.000000,0.002823,0.000423,0.000022,0.000095,0.006804
1,2,9,"q9_case1",1425,256,2304,589824,589824,1,364545,1048576,2,1,589824,589352,0.000367,0.000000,0.000254,0.000021,0.000287,0.000401,0.000219,0.000898,0.001522,0.001527,0.000048,0.004278,0.001290,0.000000,0.002706,0.000425,0.000014,0.000075,0.006898
1,2,9,"q9_case1",1426,256,2304,589824,589824,1,364801,1048576,2,1,589824,589210,0.000354,0.000000,0.000325,0.000020,0.000282,0.000399,0.000261,0.000854,0.001504,0.001532,0.000046,0.004258,0.001282,0.000000,0.002683,0.000416,0.000021,0.000077,0.006887
1,2,9,"q9_case1",1427,256,2304,589824,589824,1,365057,1048576,2,1,589824,589295,0.000354,0.000000,0.000333,0.000019,0.000336,0.000410,0.000296,0.000886,0.001696,0.001593,0.000052,0.004531,0.001279,0.000000,0.002888,0.000417,0.000015,0.000077,0.007184
1,2,9,"q9_case1",1428,256,2304,589824,589824,1,365313,1048576,2,1,589824,589317,0.000354,0.000000,0.000266,0.000020,0.000280,0.000401,0.000257,0.000874,0.001498,0.001447,0.000043,0.004223,0.001282,0.000000,0.002734,0.000429,0.000022,0.000089,0.006793
1,2,9,"q9_case1",1429,256,2304,589824,589824,1,365569,1048576,2,1,589824,589308,0.000354,0.000000,0.000283,0.000021,0.000292,0.000400,0.000305,0.000900,0.001549,0.001460,0.000059,0.004258,0.001277,0.000000,0.002742,0.000441,0.000016,0.000079,0.006840
1,2,9,"q9_case1",1430,256,2304,589824,589824,1,365825,1048576,2,1,589824,589505,0.000357,0.000000,0.000350,0.000019,0.000293,0.000438,0.000268,0.000879,0.001583,0.001531,0.000059,0.004376,0.001290,0.000000,0.002787,0.000421,0.000021,0.000085,0.006976
1,2,9,"q9_case1",1431,256,2304,589824,589824,1,366081,1048576,2,1,589824,589484,0.000362,0.000000,0.000313,0.000022,0.000284,0.000425,0.000233,0.000868,0.001537,0.001375,0.000049,0.004236,0.001306,0.000000,0.002814,0.000427,0.000015,0.000082,0.006782
1,2,9,"q9_case1",1432,256,2304,589824,589824,1,366337,1048576,2,1,589824,589414,0.000373,0.000000,0.000342,0.000020,0.000269,0.000459,0.000309,0.000782,0.001565,0.001224,0.000062,0.004105,0.001287,0.000000,0.002821,0.000428,0.000023,0.000093,0.006449
1,2,9,"q9_case1",1433,256,2304,589824,589824,1,366593,1048576,2,1,589824,589457,0.000357,0.000000,0.000267,0.000022,0.000264,0.000455,0.000296,0.000894,0.001609,0.001534,0.000060,0.004417,0.001297,0.000000,0.002825,0.000416,0.000016,0.000089,0.007057
1,2,9,"q9_case1",1434,256,2304,589824,589824,1,366849,1048576,2,1,589824,589397,0.000359,0.000000,0.000623,0.000165,0.000287,0.000405,0.000264,0.000865,0.001744,0.001490,0.000073,0.004806,0.001318,0.000000,0.003246,0.000421,0.000026,0.000095,0.007435
1,2,9,"q9_case1",1435,256,2304,589824,589824,1,367105,1048576,2,1,589824,589335,0.000363,0.000000,0.000304,0.000020,0.000273,0.000448,0.000242,0.000850,0.001510,0.001197,0.000059,0.003990,0.001318,0.000000,0.002735,0.000427,0.000018,0.000121,0.006452
1,2,9,"q9_case1",1436,256,2304,589824,589824,1,367361,1048576,2,1,589824,589470,0.000361,0.000000,0.000282,0.000023,0.000279,0.000491,0.000250,0.000862,0.001619,0.001466,0.000049,0.004359,0.001293,0.000000,0.002846,0.000431,0.000021,0.000087,0.006894
1,2,9,"q9_case1",1437,256,2304,589824,589824,1,367617,1048576,2,1,589824,589322,0.000360,0.000000,0.000401,0.000019,0.000367,0.000452,0.000267,0.000834,0.001623,0.001164,0.000051,0.004101,0.001298,0.000000,0.002888,0.000436,0.000015,0.000084,0.006493
1,2,9,"q9_case1",1438,256,2304,589824,589824,1,367873,1048576,2,1,589824,589482,0.000365,0.000000,0.000292,0.000022,0.000323,0.000517,0.000272,0.000881,0.001667,0.001409,0.000061,0.004406,0.001303,0.000000,0.002939,0.000445,0.000024,0.000096,0.006932
1,2,9,"q9_case1",1439,256,2304,589824,589824,1,368129,1048576,2,1,589824,589366,0.000368,0.000000,0.000288,0.000024,0.000296,0.000399,0.000286,0.000894,0.001553,0.001538,0.000063,0.004446,0.001327,0.000000,0.002848,0.000454,0.000017,0.000102,0.007165
1,2,9,"q9_case1",1440,256,2304,589824,589824,1,368385,1048576,2,1,589824,589246,0.000365,0.000000,0.000468,0.000024,0.000274,0.000445,0.000246,0.000895,0.001556,0.001435,0.000048,0.004384,0.001293,0.000000,0.002904,0.000442,0.000019,0.000082,0.006950
1,2,9,"q9_case1",1441,256,2304,589824,589824,1,368641,1048576,2,1,589824,589512,0.000361,0.000000,0.000292,0.000021,0.000276,0.000507,0.000251,0.000836,0.001548,0.001411,0.000044,0.004158,0.001293,0.000000,0.002705,0.000427,0.000015,0.000085,0.006658
1,2,9,"q9_case1",1442,256,2304,589824,589824,1,368897,1048576,2,1,589824,589312,0.000359,0.000000,0.000297,0.000021,0.000299,0.000402,0.000246,0.000884,0.001511,0.001537,0.000043,0.004354,0.001283,0.000000,0.002776,0.000430,0.000021,0.000080,0.006988
1,2,9,"q9_case1",1443,256,2304,589824,589824,1,369153,1048576,2,1,589824,589181,0.000358,0.000000,0.000349,0.000022,0.000277,0.000398,0.000228,0.000900,0.001527,0.001550,0.000044,0.004325,0.001284,0.000000,0.002733,0.000424,0.000016,0.000094,0.007058
1,2,9,"q9_case1",1444,256,2304,589824,589824,1,369409,1048576,2,1,589824,589483,0.000359,0.000000,0.000275,0.000020,0.000286,0.000407,0.000300,0.000940,0.001654,0.001528,0.000064,0.004451,0.001291,0.000000,0.002860,0.000425,0.000022,0.000084,0.007071
1,2,9,"q9_case1",1445,256,2304,589824,589824,1,369665,1048576,2,1,589824,589391,0.000366,0.000000,0.000306,0.000022,0.000287,0.000402,0.000250,0.000847,0.001478,0.001388,0.000051,0.004185,0.001304,0.000000,0.002748,0.000429,0.000016,0.000085,0.006771
1,2,9,"q9_case1",1446,256,2304,589824,589824,1,369921,1048576,2,1,589824,589512,0.000366,0.000000,0.000332,0.000023,0.000269,0.000402,0.000252,0.000893,0.001557,0.001517,0.000051,0.004391,0.001293,0.000000,0.002825,0.000427,0.000022,0.000086,0.007023
1,2,9,"q9_case1",1447,256,2304,589824,589824,1,370177,1048576,2,1,589824,589473,0.000361,0.000000,0.000275,0.000022,0.000295,0.000441,0.000219,0.000891,0.001524,0.001587,0.000072,0.004405,0.001312,0.000000,0.002748,0.000442,0.000018,0.000100,0.007081
1,2,9,"q9_case1",1448,256,2304,589824,589824,1,370433,1048576,2,1,589824,589463,0.000361,0.000000,0.000284,0.000025,0.000295,0.000401,0.000245,0.000915,0.001588,0.001472,0.000047,0.004358,0.001322,0.000000,0.002840,0.000415,0.000020,0.000083,0.006960
1,2,9,"q9_case1",1449,256,2304,589824,589824,1,370689,1048576,2,1,589824,589411,0.000367,0.000000,0.000327,0.000022,0.000283,0.000406,0.000253,0.000872,0.001518,0.001551,0.000050,0.004361,0.001314,0.000000,0.002762,0.000432,0.000015,0.000084,0.007029
1,2,9,"q9_case1",1450,256,2304,589824,589824,1,370945,1048576,2,1,589824,589339,0.000355,0.000000,0.000341,0.000023,0.000265,0.000448,0.000279,0.000880,0.001569,0.001501,0.000055,0.004352,0.001290,0.000000,0.002798,0.000408,0.000022,0.000113,0.006928
1,2,9,"q9_case1",1451,256,2304,589824,589824,1,371201,1048576,2,1,589824,589361,0.000366,0.000000,0.000339,0.000023,0.000279,0.000485,0.000264,0.000855,0.001608,0.001393,0.000050,0.004333,0.001307,0.000000,0.002892,0.000428,0.000015,0.000081,0.006806
1,2,9,"q9_case1",1452,256,2304,589824,589824,1,371457,1048576,2,1,589824,589347,0.000356,0.000000,0.000298,0.000019,0.000287,0.000408,0.000283,0.000903,0.001585,0.001558,0.000048,0.004387,0.001287,0.000000,0.002783,0.000412,0.000020,0.000086,0.007005
1,2,9,"q9_case1",1453,256,2304,589824,589824,1,371713,1048576,2,1,589824,589280,0.000361,0.000000,0.000243,0.000019,0.000283,0.000456,0.000250,0.000790,0.001465,0.001189,0.000040,0.003814,0.001284,0.000000,0.002586,0.000410,0.000016,0.000094,0.006221
1,2,9,"q9_case1",1454,256,2304,589824,589824,1,371969,1048576,2,1,589824,589531,0.000356,0.000000,0.000301,0.000019,0.000301,0.000518,0.000206,0.000855,0.001562,0.001428,0.000044,0.004258,0.001286,0.000000,0.002788,0.000405,0.000018,0.000075,0.006723
1,2,9,"q9_case1",1455,256,2304,589824,589824,1,372225,1048576,2,1,589824,589356,0.000356,0.000000,0.000282,0.000020,0.000282,0.000401,0.000228,0.000867,0.001454,0.001508,0.000045,0.004187,0.001295,0.000000,0.002635,0.000410,0.000015,0.000078,0.006805
1,2,9,"q9_case1",1456,256,2304,589824,589824,1,372481,1048576,2,1,589824,589418,0.000353,0.000000,0.000303,0.000019,0.000280,0.000403,0.000237,0.000924,0.001531,0.001506,0.000046,0.004305,0.001279,0.000000,0.002755,0.000419,0.000020,0.000077,0.006902
1,2,9,"q9_case1",1457,256,2304,589824,589824,1,372737,1048576,2,1,589824,589421,0.000356,0.000000,0.000380,0.000020,0.000315,0.000454,0.000328,0.000900,0.001689,0.001509,0.000053,0.004578,0.001287,0.000000,0.003018,0.000412,0.000017,0.000106,0.007161
1,2,9,"q9_case1",1458,256,2304,589824,589824,1,372993,1048576,2,1,589824,589455,0.000356,0.000000,0.000276,0.000021,0.000279,0.000505,0.000250,0.000837,0.001582,0.001260,0.000044,0.004026,0.001290,0.000000,0.002723,0.000440,0.000019,0.000086,0.006413
1,2,9,"q9_case1",1459,256,2304,589824,589824,1,373249,1048576,2,1,589824,589420,0.000359,0.000000,0.000300,0.000020,0.000281,0.000397,0.000282,0.000875,0.001518,0.001454,0.000048,0.004223,0.001281,0.000000,0.002722,0.000424,0.000016,0.000078,0.006753
1,2,9,"q9_case1",1460,256,2304,589824,589824,1,373505,1048576,2,1,589824,589344,0.000359,0.000000,0.000276,0.000020,0.000266,0.000448,0.000257,0.000816,0.001485,0.001125,0.000045,0.003868,0.001289,0.000000,0.002699,0.000410,0.000020,0.000078,0.006181
1,2,9,"q9_case1",1461,256,2304,589824,589824,1,373761,1048576,2,1,589824,589476,0.000359,0.000000,0.000339,0.000020,0.000277,0.000488,0.000220,0.000863,0.001552,0.001447,0.000046,0.004306,0.001288,0.000000,0.002815,0.000429,0.000015,0.000094,0.006829
1,2,9,"q9_case1",1462,256,2304,589824,589824,1,374017,1048576,2,1,589824,589339,0.000353,0.000000,0.000246,0.000022,0.000282,0.000458,0.000219,0.000843,0.001482,0.001386,0.000043,0.004057,0.001273,0.000000,0.002631,0.000413,0.000017,0.000079,0.006453
1,2,9,"q9_case1",1463,256,2304,589824,589824,1,374273,1048576,2,1,589824,589475,0.000353,0.000000,0.000299,0.000023,0.000272,0.000449,0.000212,0.000820,0.001434,0.001195,0.000047,0.003911,0.001279,0.000000,0.002671,0.000425,0.000015,0.000081,0.006289
1,2,9,"q9_case1",1464,256,2304,589824,589824,1,374529,1048576,2,1,589824,589477,0.000369,0.000000,0.000307,0.000019,0.000283,0.000497,0.000294,0.000885,0.001659,0.001386,0.000049,0.004296,0.001294,0.000000,0.002863,0.000424,0.000021,0.000086,0.006779
1,2,9,"q9_case1",1465,256,2304,589824,589824,1,374785,1048576,2,1,589824,589360,0.000354,0.000000,0.000205,0.000020,0.000279,0.000444,0.000241,0.000826,0.001474,0.001102,0.000046,0.003674,0.001280,0.000000,0.002527,0.000426,0.000015,0.000088,0.006010
1,2,9,"q9_case1",1466,256,2304,589824,589824,1,375041,1048576,2,1,589824,589495,0.000356,0.000000,0.000313,0.000019,0.000285,0.000457,0.000271,0.000865,0.001592,0.001415,0.000043,0.004222,0.001283,0.000000,0.002766,0.000416,0.000019,0.000078,0.006690
1,2,9,"q9_case1",1467,256,2304,589824,589824,1,375297,1048576,2,1,589824,589349,0.000355,0.000000,0.000276,0.000021,0.000268,0.000399,0.000203,0.000897,0.001465,0.001519,0.000046,0.004184,0.001277,0.000000,0.002622,0.000431,0.000015,0.000082,0.006818
1,2,9,"q9_case1",1468,256,2304,589824,589824,1,375553,1048576,2,1,589824,589436,0.000356,0.000000,0.000301,0.000022,0.000268,0.000451,0.000288,0.000857,0.001597,0.001507,0.000046,0.004372,0.001288,0.000000,0.002821,0.000422,0.000019,0.000082,0.006910
1,2,9,"q9_case1",1469,256,2304,589824,589824,1,375809,1048576,2,1,589824,589478,0.000354,0.000000,0.000260,0.000020,0.000283,0.000431,0.000259,0.000835,0.001515,0.001491,0.000044,0.004229,0.001280,0.000000,0.002696,0.000419,0.000015,0.000078,0.006769
1,2,9,"q9_case1",1470,256,2304,589824,589824,1,376065,1048576,2,1,589824,589436,0.000354,0.000000,0.000305,0.000020,0.000267,0.000459,0.000288,0.000799,0.001554,0.001246,0.000054,0.004001,0.001280,0.000000,0.002703,0.000430,0.000022,0.000089,0.006376
1,2,9,"q9_case1",1471,256,2304,589824,589824,1,376321,1048576,2,1,589824,589452,0.000360,0.000000,0.000273,0.000050,0.000291,0.000474,0.000235,0.000865,0.001550,0.001410,0.000049,0.004238,0.001279,0.000000,0.002782,0.000415,0.000014,0.000084,0.006675
1,2,9,"q9_case1",1472,256,2304,589824,589824,1,376577,1048576,2,1,589824,589390,0.000362,0.000000,0.000335,0.000023,0.000264,0.000406,0.000233,0.000874,0.001505,0.001434,0.000047,0.004257,0.001324,0.000000,0.002777,0.000426,0.000022,0.000082,0.006857
1,2,9,"q9_case1",1473,256,2304,589824,589824,1,376833,1048576,2,1,589824,589424,0.000354,0.000000,0.000285,0.000023,0.000295,0.000459,0.000248,0.000865,0.001564,0.001330,0.000044,0.004091,0.001276,0.000000,0.002718,0.000414,0.000015,0.000082,0.006539
1,2,9,"q9_case1",1474,256,2304,589824,589824,1,377089,1048576,2,1,589824,589484,0.000357,0.000000,0.000260,0.000018,0.000276,0.000459,0.000247,0.000878,0.001547,0.001199,0.000043,0.003952,0.001277,0.000000,0.002713,0.000427,0.000026,0.000120,0.006333
1,2,9,"q9_case1",1475,256,2304,589824,589824,1,377345,1048576,2,1,589824,589408,0.000353,0.000000,0.000283,0.000019,0.000269,0.000406,0.000202,0.000856,0.001417,0.001522,0.000049,0.004188,0.001286,0.000000,0.002619,0.000405,0.000014,0.000077,0.006757
1,2,9,"q9_case1",1476,256,2304,589824,589824,1,377601,1048576,2,1,589824,589313,0.000353,0.000000,0.000308,0.000020,0.000291,0.000420,0.000270,0.000898,0.001568,0.001469,0.000044,0.004230,0.001272,0.000000,0.002718,0.000405,0.000020,0.000080,0.006746
1,2,9,"q9_case1",1477,256,2304,589824,589824,1,377857,1048576,2,1,589824,589449,0.000357,0.000000,0.000306,0.000023,0.000266,0.000453,0.000269,0.000819,0.001486,0.001179,0.000049,0.003965,0.001287,0.000000,0.002739,0.000439,0.000015,0.000080,0.006349
1,2,9,"q9_case1",1478,256,2304,589824,589824,1,378113,1048576,2,1,589824,589348,0.000357,0.000000,0.000270,0.000023,0.000284,0.000446,0.000204,0.000821,0.001464,0.001169,0.000053,0.003910,0.001286,0.000000,0.002690,0.000414,0.000024,0.000104,0.006273
1,2,9,"q9_case1",1479,256,2304,589824,589824,1,378369,1048576,2,1,589824,589237,0.000357,0.000000,0.000263,0.000023,0.000278,0.000461,0.000248,0.000838,0.001497,0.001189,0.000049,0.003888,0.001282,0.000000,0.002652,0.000414,0.000016,0.000084,0.006302
1,2,9,"q9_case1",1480,256,2304,589824,589824,1,378625,1048576,2,1,589824,589212,0.000359,0.000000,0.000323,0.000022,0.000272,0.000447,0.000236,0.000889,0.001559,0.001399,0.000047,0.004228,0.001283,0.000000,0.002784,0.000415,0.000021,0.000080,0.006685
1,2,9,"q9_case1",1481,256,2304,589824,589824,1,378881,1048576,2,1,589824,589272,0.000356,0.000000,0.000330,0.000021,0.000273,0.000441,0.000285,0.000840,0.001609,0.001416,0.000046,0.004324,0.001284,0.000000,0.002864,0.000419,0.000016,0.000079,0.006831
1,2,9,"q9_case1",1482,256,2304,589824,589824,1,379137,1048576,2,1,589824,589343,0.000359,0.000000,0.000283,0.000022,0.000301,0.000535,0.000254,0.000854,0.001639,0.001405,0.000044,0.004210,0.001273,0.000000,0.002763,0.000416,0.000021,0.000090,0.006658
1,2,9,"q9_case1",1483,256,2304,589824,589824,1,379393,1048576,2,1,589824,589291,0.000355,0.000000,0.000278,0.000022,0.000285,0.000447,0.000266,0.000797,0.001479,0.001185,0.000043,0.003907,0.001281,0.000000,0.002681,0.000423,0.000013,0.000077,0.006241
1,2,9,"q9_case1",1484,256,2304,589824,589824,1,379649,1048576,2,1,589824,589479,0.000355,0.000000,0.000289,0.000022,0.000268,0.000484,0.000298,0.000781,0.001536,0.001151,0.000045,0.003918,0.001278,0.000000,0.002723,0.000425,0.000021,0.000081,0.006222
1,2,9,"q9_case1",1485,256,2304,589824,589824,1,379905,1048576,2,1,589824,589375,0.000359,0.000000,0.000355,0.000023,0.000265,0.000409,0.000229,0.000861,0.001447,0.001485,0.000050,0.004228,0.001295,0.000000,0.002695,0.000429,0.000015,0.000084,0.006769
1,2,9,"q9_case1",1486,256,2304,589824,589824,1,380161,1048576,2,1,589824,589269,0.000358,0.000000,0.000287,0.000021,0.000298,0.000458,0.000327,0.000870,0.001659,0.001479,0.000048,0.004414,0.001284,0.000000,0.002888,0.000420,0.000023,0.000092,0.006948
1,2,9,"q9_case1",1487,256,2304,589824,589824,1,380417,1048576,2,1,589824,589507,0.000358,0.000000,0.000321,0.000021,0.000284,0.000459,0.000273,0.000803,0.001502,0.001191,0.000046,0.003979,0.001303,0.000000,0.002744,0.000416,0.000013,0.000083,0.006325
1,2,9,"q9_case1",1488,256,2304,589824,589824,1,380673,1048576,2,1,589824,589259,0.000360,0.000000,0.000307,0.000018,0.000277,0.000555,0.000243,0.000809,0.001593,0.001193,0.000042,0.003997,0.001273,0.000000,0.002765,0.000414,0.000021,0.000084,0.006300
1,2,9,"q9_case1",1489,256,2304,589824,589824,1,380929,1048576,2,1,589824,589372,0.000358,0.000000,0.000286,0.000021,0.000289,0.000460,0.000275,0.000800,0.001510,0.001154,0.000042,0.003901,0.001284,0.000000,0.002706,0.000417,0.000014,0.000081,0.006197
1,2,9,"q9_case1",1490,256,2304,589824,589824,1,381185,1048576,2,1,589824,589348,0.000363,0.000000,0.000297,0.000020,0.000263,0.000588,0.000243,0.000862,0.001652,0.001366,0.000047,0.004297,0.001274,0.000000,0.002886,0.000417,0.000020,0.000088,0.006725
1,2,9,"q9_case1",1491,256,2304,589824,589824,1,381441,1048576,2,1,589824,589288,0.000356,0.000000,0.000310,0.000021,0.000287,0.000566,0.000251,0.000885,0.001692,0.001347,0.000056,0.004236,0.001273,0.000000,0.002835,0.000408,0.000015,0.000097,0.006648
1,2,9,"q9_case1",1492,256,2304,589824,589824,1,381697,1048576,2,1,589824,589451,0.000359,0.000000,0.000466,0.000021,0.000286,0.000683,0.000273,0.000865,0.001812,0.001412,0.000050,0.004634,0.001304,0.000000,0.003175,0.000420,0.000021,0.000082,0.007134
1,2,9,"q9_case1",1493,256,2304,589824,589824,1,381953,1048576,2,1,589824,589362,0.000358,0.000000,0.000291,0.000023,0.000266,0.000725,0.000225,0.000890,0.001778,0.001396,0.000045,0.004479,0.001277,0.000000,0.003040,0.000411,0.000015,0.000091,0.006945
1,2,9,"q9_case1",1494,256,2304,589824,589824,1,382209,1048576,2,1,589824,589362,0.000356,0.000000,0.000272,0.000020,0.000280,0.000678,0.000233,0.000901,0.001796,0.001451,0.000043,0.004484,0.001281,0.000000,0.002992,0.000409,0.000017,0.000075,0.006972
1,2,9,"q9_case1",1495,256,2304,589824,589824,1,382465,1048576,2,1,589824,589403,0.000355,0.000000,0.000287,0.000020,0.000291,0.000453,0.000252,0.000804,0.001468,0.001148,0.000044,0.003840,0.001280,0.000000,0.002649,0.000418,0.000014,0.000078,0.006148
1,2,9,"q9_case1",1496,256,2304,589824,589824,1,382721,1048576,2,1,589824,589463,0.000363,0.000000,0.000326,0.000021,0.000289,0.000479,0.000217,0.000813,0.001515,0.001201,0.000041,0.003997,0.001281,0.000000,0.002757,0.000414,0.000020,0.000081,0.006311
1,2,9,"q9_case1",1497,256,2304,589824,589824,1,382977,1048576,2,1,589824,589393,0.000358,0.000000,0.000299,0.000027,0.000302,0.000688,0.000308,0.000869,0.001887,0.001412,0.000062,0.004492,0.001275,0.000000,0.003020,0.000423,0.000015,0.000087,0.006929
1,2,9,"q9_case1",1498,256,2304,589824,589824,1,383233,1048576,2,1,589824,589304,0.000358,0.000000,0.000301,0.000023,0.000285,0.000703,0.000230,0.000883,0.001862,0.001381,0.000049,0.004487,0.001302,0.000000,0.003060,0.000427,0.000022,0.000083,0.006956
1,2,9,"q9_case1",1499,256,2304,589824,589824,1,383489,1048576,2,1,589824,589369,0.000362,0.000000,0.000340,0.000022,0.000315,0.000687,0.000247,0.000852,0.001836,0.001362,0.000052,0.004582,0.001285,0.000000,0.003169,0.000423,0.000015,0.000085,0.007036
1,2,9,"q9_case1",1500,256,2304,589824,589824,1,383745,1048576,2,1,589824,589406,0.000366,0.000000,0.000302,0.000020,0.000279,0.000687,0.000256,0.000880,0.001792,0.001350,0.000053,0.004404,0.001300,0.000000,0.003003,0.000445,0.000023,0.000099,0.006881
1,2,9,"q9_case1",1501,256,2304,589824,589824,1,384001,1048576,2,1,589824,589425,0.000374,0.000000,0.000328,0.000019,0.000292,0.000453,0.000254,0.000847,0.001557,0.001222,0.000047,0.004058,0.001280,0.000000,0.002791,0.000418,0.000015,0.000081,0.006423
1,2,9,"q9_case1",1502,256,2304,589824,589824,1,384257,1048576,2,1,589824,589456,0.000361,0.000000,0.000262,0.000021,0.000280,0.000457,0.000185,0.000857,0.001467,0.001270,0.000051,0.003982,0.001292,0.000000,0.002664,0.000427,0.000018,0.000081,0.006343
1,2,9,"q9_case1",1503,256,2304,589824,589824,1,384513,1048576,2,1,589824,589382,0.000362,0.000000,0.000266,0.000018,0.000283,0.000517,0.000278,0.000809,0.001600,0.001218,0.000060,0.004076,0.001295,0.000000,0.002799,0.000437,0.000015,0.000088,0.006462
1,2,9,"q9_case1",1504,256,2304,589824,589824,1,384769,1048576,2,1,589824,589283,0.000364,0.000000,0.000525,0.000025,0.000293,0.000568,0.000339,0.000849,0.001748,0.001360,0.000058,0.004577,0.001290,0.000000,0.003160,0.000428,0.000022,0.000084,0.006976
1,2,9,"q9_case1",1505,256,2304,589824,589824,1,385025,1048576,2,1,589824,589287,0.000360,0.000000,0.000299,0.000020,0.000278,0.000673,0.000246,0.000915,0.001803,0.001386,0.000062,0.004474,0.001292,0.000000,0.003027,0.000437,0.000019,0.000119,0.006991
1,2,9,"q9_case1",1506,256,2304,589824,589824,1,385281,1048576,2,1,589824,589345,0.000377,0.000000,0.000306,0.000022,0.000266,0.000431,0.000255,0.000830,0.001526,0.001209,0.000066,0.004040,0.001291,0.000000,0.002767,0.000403,0.000020,0.000083,0.006357
1,2,9,"q9_case1",1507,256,2304,589824,589824,1,385537,1048576,2,1,589824,589380,0.000365,0.000000,0.000306,0.000022,0.000308,0.000459,0.000229,0.000853,0.001526,0.001302,0.000066,0.004115,0.001306,0.000000,0.002749,0.000430,0.000015,0.000089,0.006552
1,2,9,"q9_case1",1508,256,2304,589824,589824,1,385793,1048576,2,1,589824,589381,0.000369,0.000000,0.000268,0.000027,0.000296,0.000495,0.000258,0.000793,0.001507,0.001201,0.000051,0.003973,0.001295,0.000000,0.002723,0.000430,0.000021,0.000092,0.006318
1,2,9,"q9_case1",1509,256,2304,589824,589824,1,386049,1048576,2,1,589824,589402,0.000361,0.000000,0.000350,0.000019,0.000271,0.000456,0.000254,0.000820,0.001497,0.001147,0.000044,0.003909,0.001296,0.000000,0.002720,0.000428,0.000015,0.000096,0.006228
1,2,9,"q9_case1",1510,256,2304,589824,589824,1,386305,1048576,2,1,589824,589411,0.000368,0.000000,0.000310,0.000020,0.000288,0.000463,0.000248,0.000801,0.001532,0.001174,0.000052,0.003957,0.001303,0.000000,0.002732,0.000426,0.000018,0.000083,0.006276
1,2,9,"q9_case1",1511,256,2304,589824,589824,1,386561,1048576,2,1,589824,589418,0.000374,0.000000,0.000273,0.000021,0.000269,0.000492,0.000197,0.000797,0.001424,0.001161,0.000061,0.003814,0.001321,0.000000,0.002593,0.000436,0.000015,0.000090,0.006166
1,2,9,"q9_case1",1512,256,2304,589824,589824,1,386817,1048576,2,1,589824,589426,0.000364,0.000000,0.000313,0.000022,0.000272,0.000472,0.000235,0.000774,0.001601,0.001079,0.000074,0.003941,0.001303,0.000000,0.002790,0.000423,0.000024,0.000093,0.006253
1,2,9,"q9_case1",1513,256,2304,589824,589824,1,387073,1048576,2,1,589824,589526,0.000359,0.000000,0.000269,0.000025,0.000276,0.000459,0.000263,0.000800,0.001483,0.001172,0.000068,0.003996,0.001304,0.000000,0.002758,0.000443,0.000017,0.000095,0.006399
1,2,9,"q9_case1",1514,256,2304,589824,589824,1,387329,1048576,2,1,589824,589439,0.000362,0.000000,0.000312,0.000023,0.000285,0.000458,0.000234,0.000812,0.001461,0.000000,0.000000,0.002712,0.001308,0.000000,0.002714,0.000417,0.000023,0.000000,0.004951
2,2,9,"q9_case2",1,1,2304,2304,2304,1,1,2,3,1,2304,2304,0.000021,0.000002,0.000342,0.000000,0.000087,0.000216,0.000171,0.000171,0.000402,0.000656,0.000201,0.002223,0.000011,0.000001,0.001389,0.000257,0.000023,0.000039,0.002912
2,2,9,"q9_case2",2,256,2304,589824,589824,1,257,1024,2,1,589824,589568,0.000419,0.000000,0.000431,0.000000,0.000266,0.000417,0.000281,0.000889,0.001582,0.001330,0.000082,0.004429,0.001497,0.000006,0.003020,0.000454,0.000022,0.000050,0.007171
2,2,9,"q9_case2",3,256,2304,589824,589824,1,513,2048,2,1,589824,589327,0.000392,0.000000,0.000516,0.000000,0.000674,0.000446,0.000188,0.000943,0.001525,0.001464,0.000071,0.004946,0.001308,0.000010,0.003413,0.000419,0.000025,0.000050,0.007588
2,2,9,"q9_case2",4,256,2304,589824,589824,1,769,2048,2,1,589824,589351,0.000380,0.000000,0.000239,0.000118,0.000284,0.000438,0.000221,0.000980,0.001635,0.001599,0.000057,0.004574,0.001388,0.000000,0.002922,0.000425,0.000023,0.000086,0.007333
2,2,9,"q9_case2",5,256,2304,589824,589824,1,1025,4096,2,1,589824,589174,0.000701,0.000000,0.000923,0.000000,0.000339,0.000491,0.000408,0.000957,0.002045,0.001637,0.000050,0.005918,0.001751,0.000032,0.004235,0.000427,0.000018,0.000030,0.009261
2,2,9,"q9_case2",6,256,2304,589824,589824,1,1281,4096,2,1,589824,589212,0.000365,0.000000,0.000663,0.000042,0.000410,0.000483,0.000364,0.001139,0.002493,0.001601,0.000048,0.005721,0.001285,0.000000,0.004073,0.000465,0.000023,0.000030,0.008381
2,2,9,"q9_case2",7,256,2304,589824,589824,1,1537,4096,2,1,589824,589204,0.000367,0.000000,0.000954,0.000048,0.000334,0.000465,0.000339,0.000923,0.001979,0.001593,0.000049,0.005589,0.001286,0.000000,0.003950,0.000472,0.000014,0.000034,0.008264
2,2,9,"q9_case2",8,256,2304,589824,589824,1,1793,4096,2,1,589824,589179,0.000362,0.000000,0.000665,0.000047,0.000378,0.000488,0.000419,0.000954,0.002097,0.001689,0.000057,0.005616,0.001292,0.000000,0.003872,0.000418,0.000023,0.000124,0.008344
2,2,9,"q9_case2",9,256,2304,589824,589824,1,2049,8192,2,1,589824,589166,0.000463,0.000000,0.000628,0.000000,0.000348,0.000473,0.000376,0.000928,0.002035,0.001626,0.000053,0.005433,0.001299,0.000029,0.003756,0.000423,0.000015,0.000031,0.008094
2,2,9,"q9_case2",10,256,2304,589824,589824,1,2305,8192,2,1,589824,589137,0.000361,0.000000,0.000603,0.000042,0.000401,0.000470,0.000390,0.000938,0.002086,0.001614,0.000054,0.005413,0.001325,0.000000,0.003747,0.000424,0.000020,0.000038,0.008085
2,2,9,"q9_case2",11,256,2304,589824,589824,1,2561,8192,2,1,589824,589154,0.000365,0.000000,0.000704,0.000048,0.000409,0.000495,0.000383,0.000932,0.002173,0.001594,0.000055,0.005612,0.001291,0.000000,0.003965,0.000416,0.000015,0.000043,0.008314
2,2,9,"q9_case2",12,256,2304,589824,589824,1,2817,8192,2,1,589824,589191,0.000369,0.000000,0.000661,0.000052,0.000318,0.000460,0.000364,0.000937,0.001982,0.001445,0.000079,0.005193,0.001288,0.000000,0.003670,0.000413,0.000025,0.000046,0.007690
2,2,9,"q9_case2",13,256,2304,589824,589824,1,3073,8192,2,1,589824,589225,0.000362,0.000000,0.000693,0.000040,0.000360,0.000492,0.000397,0.000865,0.002084,0.001158,0.000057,0.005035,0.001298,0.000000,0.003821,0.000414,0.000017,0.000054,0.007405
2,2,9,"q9_case2",14,256,2304,589824,589824,1,3329,8192,2,1,589824,589337,0.000366,0.000000,0.000583,0.000055,0.000336,0.000462,0.000372,0.000936,0.001965,0.001634,0.000061,0.005393,0.001436,0.000000,0.003701,0.000421,0.000022,0.000058,0.008230
2,2,9,"q9_case2",15,256,2304,589824,589824,1,3585,8192,2,1,589824,589337,0.000362,0.000000,0.000604,0.000049,0.000357,0.000503,0.000375,0.000919,0.002021,0.001514,0.000062,0.005304,0.001338,0.000000,0.003730,0.000419,0.000019,0.000072,0.008014
2,2,9,"q9_case2",16,256,2304,589824,589824,1,3841,8192,2,1,589824,589557,0.000361,0.000000,0.000733,0.000049,0.000368,0.000489,0.000410,0.000915,0.002053,0.001675,0.000060,0.005579,0.001344,0.000000,0.003847,0.000431,0.000023,0.000345,0.008644
2,2,9,"q9_case2",17,256,2304,589824,589824,1,4097,16384,2,1,589824,589324,0.000582,0.000000,0.000683,0.000000,0.000351,0.000499,0.000403,0.000871,0.002016,0.001394,0.000054,0.005363,0.001277,0.000058,0.003917,0.000471,0.000017,0.000037,0.007921
2,2,9,"q9_case2",18,256,2304,589824,589824,1,4353,16384,2,1,589824,589558,0.000370,0.000000,0.000624,0.000044,0.000297,0.000493,0.000359,0.000949,0.002042,0.001659,0.000068,0.005378,0.001300,0.000000,0.003654,0.000422,0.000022,0.000054,0.008105
2,2,9,"q9_case2",19,256,2304,589824,589824,1,4609,16384,2,1,589824,589334,0.000372,0.000000,0.000640,0.000046,0.000345,0.000489,0.000355,0.000949,0.002000,0.002005,0.000125,0.005858,0.001304,0.000000,0.003731,0.000471,0.000028,0.000091,0.008687
2,2,9,"q9_case2",20,256,2304,589824,589824,1,4865,16384,2,1,589824,589327,0.000367,0.000000,0.000664,0.000048,0.000390,0.000495,0.000404,0.000919,0.002035,0.001490,0.000052,0.005371,0.001330,0.000000,0.003832,0.000408,0.000021,0.000059,0.007983
2,2,9,"q9_case2",21,256,2304,589824,589824,1,5121,16384,2,1,589824,589555,0.000366,0.000000,0.000567,0.000043,0.000314,0.000492,0.000361,0.000904,0.001965,0.001667,0.000060,0.005364,0.001343,0.000000,0.003639,0.000411,0.000016,0.000062,0.008116
2,2,9,"q9_case2",22,256,2304,589824,589824,1,5377,16384,2,1,589824,589322,0.000366,0.000000,0.000576,0.000043,0.000327,0.000491,0.000356,0.000922,0.001956,0.001455,0.000045,0.005047,0.001289,0.000000,0.003550,0.000422,0.000021,0.000064,0.007629
2,2,9,"q9_case2",23,256,2304,589824,589824,1,5633,16384,2,1,589824,589550,0.000363,0.000000,0.000590,0.000048,0.000305,0.000485,0.000389,0.000971,0.001989,0.001718,0.000052,0.005451,0.001295,0.000000,0.003684,0.000411,0.000017,0.000068,0.008165
2,2,9,"q9_case2",24,256,2304,589824,589824,1,5889,16384,2,1,589824,589330,0.000376,0.000000,0.000634,0.000052,0.000293,0.000494,0.000385,0.000893,0.001942,0.001500,0.000058,0.005223,0.001283,0.000000,0.003668,0.000423,0.000021,0.000067,0.007792
2,2,9,"q9_case2",25,256,2304,589824,589824,1,6145,16384,2,1,589824,589549,0.000368,0.000000,0.000691,0.000050,0.000378,0.000481,0.000427,0.000923,0.002181,0.001647,0.000063,0.005748,0.001471,0.000000,0.004040,0.000418,0.000016,0.000068,0.008640
2,2,9,"q9_case2",26,256,2304,589824,589824,1,6401,16384,2,1,589824,589328,0.000363,0.000000,0.000668,0.000053,0.000350,0.000502,0.000413,0.000956,0.002096,0.001700,0.000060,0.005677,0.001347,0.000000,0.003920,0.000422,0.000023,0.000067,0.008451
2,2,9,"q9_case2",27,256,2304,589824,589824,1,6657,16384,2,1,589824,589297,0.000423,0.000000,0.000606,0.000051,0.000343,0.000483,0.000362,0.000945,0.001995,0.001928,0.000065,0.005722,0.001296,0.000000,0.003732,0.000421,0.000018,0.000082,0.008460
2,2,9,"q9_case2",28,256,2304,589824,589824,1,6913,16384,2,1,589824,589335,0.000358,0.000000,0.000570,0.000050,0.000308,0.000483,0.000392,0.000902,0.001986,0.001491,0.000048,0.005168,0.001305,0.000000,0.003631,0.000467,0.000020,0.000065,0.007817
2,2,9,"q9_case2",29,256,2304,589824,589824,1,7169,16384,2,1,589824,589556,0.000362,0.000000,0.001241,0.000046,0.000350,0.000483,0.000384,0.000953,0.002055,0.001692,0.000061,0.006110,0.001305,0.000000,0.004359,0.000417,0.000016,0.000071,0.008854
2,2,9,"q9_case2",30,256,2304,589824,589824,1,7425,16384,2,1,589824,589329,0.000365,0.000000,0.000599,0.000051,0.000476,0.000488,0.000376,0.000913,0.002146,0.001468,0.000057,0.005393,0.001294,0.000000,0.003871,0.000451,0.000021,0.000072,0.007982
2,2,9,"q9_case2",31,256,2304,589824,589824,1,7681,16384,2,1,589824,589550,0.000367,0.000000,0.000558,0.000052,0.000314,0.000477,0.000377,0.000929,0.002029,0.001672,0.000064,0.005478,0.001289,0.000000,0.003745,0.000423,0.000015,0.000070,0.008212
2,2,9,"q9_case2",32,256,2304,589824,589824,1,7937,16384,2,1,589824,589332,0.000375,0.000000,0.000457,0.000024,0.000305,0.000437,0.000279,0.000885,0.001536,0.001502,0.000048,0.004602,0.001671,0.000000,0.003057,0.000414,0.000023,0.000608,0.008177
2,2,9,"q9_case2",33,256,2304,589824,589824,1,8193,32768,2,1,589824,589555,0.000830,0.000000,0.000422,0.000000,0.000250,0.000433,0.000242,0.000891,0.001507,0.001701,0.000055,0.005070,0.001278,0.000201,0.003316,0.000405,0.000014,0.000046,0.008166
2,2,9,"q9_case2",34,256,2304,589824,589824,1,8449,32768,2,1,589824,589325,0.000387,0.000000,0.000301,0.000019,0.000263,0.000431,0.000234,0.000948,0.001527,0.001656,0.000060,0.004523,0.001272,0.000000,0.002808,0.000422,0.000022,0.000053,0.007270
2,2,9,"q9_case2",35,256,2304,589824,589824,1,8705,32768,2,1,589824,589339,0.000359,0.000000,0.000308,0.000018,0.000250,0.000430,0.000256,0.000842,0.001455,0.001513,0.000060,0.004280,0.001276,0.000000,0.002710,0.000411,0.000015,0.000059,0.006910
2,2,9,"q9_case2",36,256,2304,589824,589824,1,8961,32768,2,1,589824,589551,0.000365,0.000000,0.000338,0.000021,0.000262,0.000429,0.000184,0.000852,0.001398,0.001643,0.000055,0.004389,0.001279,0.000000,0.002693,0.000413,0.000018,0.000054,0.007101
2,2,9,"q9_case2",37,256,2304,589824,589824,1,9217,32768,2,1,589824,589317,0.000358,0.000000,0.000306,0.000021,0.000328,0.000443,0.000267,0.000864,0.001604,0.001754,0.000081,0.004633,0.001270,0.000000,0.002800,0.000451,0.000022,0.000073,0.007501
2,2,9,"q9_case2",38,256,2304,589824,589824,1,9473,32768,2,1,589824,589363,0.000362,0.000000,0.000350,0.000026,0.000277,0.000436,0.000175,0.000866,0.001411,0.001654,0.000077,0.004451,0.001305,0.000000,0.002723,0.000417,0.000030,0.000089,0.007259
2,2,9,"q9_case2",39,256,2304,589824,589824,1,9729,32768,2,1,589824,589403,0.000357,0.000000,0.000584,0.000019,0.000243,0.000433,0.000279,0.000878,0.001532,0.001613,0.000047,0.004677,0.001273,0.000000,0.003020,0.000411,0.000015,0.000064,0.007330
2,2,9,"q9_case2",40,256,2304,589824,589824,1,9985,32768,2,1,589824,589447,0.000358,0.000000,0.000337,0.000017,0.000248,0.000432,0.000195,0.000890,0.001434,0.001561,0.000049,0.004257,0.001266,0.000000,0.002648,0.000418,0.000018,0.000063,0.006849
2,2,9,"q9_case2",41,256,2304,589824,589824,1,10241,32768,2,1,589824,589412,0.000363,0.000000,0.000278,0.000015,0.000259,0.000427,0.000201,0.000870,0.001437,0.001437,0.000041,0.004180,0.001289,0.000000,0.002703,0.000415,0.000015,0.000060,0.006756
2,2,9,"q9_case2",42,256,2304,589824,589824,1,10497,32768,2,1,589824,589563,0.000358,0.000000,0.000279,0.000036,0.000249,0.000431,0.000187,0.000867,0.001408,0.001676,0.000053,0.004294,0.001276,0.000000,0.002567,0.000411,0.000022,0.000069,0.007006
2,2,9,"q9_case2",43,256,2304,589824,589824,1,10753,32768,2,1,589824,589330,0.000361,0.000000,0.000321,0.000021,0.000260,0.000431,0.000186,0.000845,0.001404,0.001524,0.000041,0.004275,0.001267,0.000000,0.002712,0.000428,0.000014,0.000059,0.006885
2,2,9,"q9_case2",44,256,2304,589824,589824,1,11009,32768,2,1,589824,589548,0.000356,0.000000,0.000312,0.000019,0.000267,0.000427,0.000262,0.000851,0.001492,0.001639,0.000054,0.004460,0.001274,0.000000,0.002769,0.000409,0.000018,0.000060,0.007120
2,2,9,"q9_case2",45,256,2304,589824,589824,1,11265,32768,2,1,589824,589332,0.000360,0.000000,0.001096,0.000018,0.000250,0.000430,0.000186,0.000847,0.001391,0.001549,0.000043,0.004978,0.001264,0.000000,0.003388,0.000418,0.000016,0.000062,0.007602
2,2,9,"q9_case2",46,256,2304,589824,589824,1,11521,32768,2,1,589824,589552,0.000363,0.000000,0.000260,0.000022,0.000272,0.000429,0.000242,0.000918,0.001507,0.001683,0.000058,0.004457,0.001268,0.000000,0.002718,0.000411,0.000028,0.000094,0.007168
2,2,9,"q9_case2",47,256,2304,589824,589824,1,11777,32768,2,1,589824,589330,0.000356,0.000000,0.000503,0.000019,0.000267,0.000431,0.000263,0.000889,0.001735,0.001646,0.000055,0.004650,0.001275,0.000000,0.002952,0.000412,0.000016,0.000066,0.007344
2,2,9,"q9_case2",48,256,2304,589824,589824,1,12033,32768,2,1,589824,589345,0.000360,0.000000,0.000351,0.000019,0.000259,0.000434,0.000266,0.000886,0.001524,0.001636,0.000047,0.004420,0.001277,0.000000,0.002739,0.000413,0.000019,0.000066,0.007085
2,2,9,"q9_case2",49,256,2304,589824,589824,1,12289,32768,2,1,589824,589481,0.000361,0.000000,0.000336,0.000023,0.000246,0.000433,0.000243,0.000897,0.001509,0.001602,0.000050,0.004398,0.001308,0.000000,0.002748,0.000421,0.000016,0.000066,0.007138
2,2,9,"q9_case2",50,256,2304,589824,589824,1,12545,32768,2,1,589824,589411,0.000361,0.000000,0.000319,0.000025,0.000265,0.000437,0.000258,0.000867,0.001486,0.001621,0.000065,0.004450,0.001282,0.000000,0.002767,0.000420,0.000023,0.000083,0.007124
2,2,9,"q9_case2",51,256,2304,589824,589824,1,12801,32768,2,1,589824,589364,0.000361,0.000000,0.000326,0.000058,0.000260,0.000429,0.000265,0.000882,0.001539,0.001473,0.000050,0.004332,0.001285,0.000000,0.002810,0.000413,0.000015,0.000069,0.006903
2,2,9,"q9_case2",52,256,2304,589824,589824,1,13057,32768,2,1,589824,589558,0.000361,0.000000,0.000287,0.000021,0.000241,0.000426,0.000270,0.000886,0.001489,0.001674,0.000067,0.004485,0.001279,0.000000,0.002746,0.000420,0.000022,0.000071,0.007182
2,2,9,"q9_case2",53,256,2304,589824,589824,1,13313,32768,2,1,589824,589338,0.000360,0.000000,0.000583,0.000023,0.000254,0.000434,0.000223,0.000865,0.001455,0.001449,0.000051,0.004429,0.001291,0.000000,0.002932,0.000432,0.000017,0.000073,0.007020
2,2,9,"q9_case2",54,256,2304,589824,589824,1,13569,32768,2,1,589824,589546,0.000363,0.000000,0.000340,0.000024,0.000272,0.000430,0.000259,0.000881,0.001526,0.001664,0.000074,0.004554,0.001310,0.000000,0.002818,0.000414,0.000023,0.000079,0.007295
2,2,9,"q9_case2",55,256,2304,589824,589824,1,13825,32768,2,1,589824,589335,0.000370,0.000000,0.000264,0.000034,0.000291,0.000428,0.000201,0.000860,0.001438,0.001424,0.000044,0.004133,0.001281,0.000000,0.002667,0.000414,0.000014,0.000071,0.006662
2,2,9,"q9_case2",56,256,2304,589824,589824,1,14081,32768,2,1,589824,589555,0.000364,0.000000,0.000450,0.000021,0.000268,0.000422,0.000303,0.000865,0.001505,0.001670,0.000071,0.004640,0.001303,0.000000,0.002901,0.000418,0.000019,0.000078,0.007365
2,2,9,"q9_case2",57,256,2304,589824,589824,1,14337,32768,2,1,589824,589331,0.000392,0.000000,0.000412,0.000025,0.000238,0.000433,0.000286,0.000862,0.001507,0.001528,0.000051,0.004479,0.001319,0.000000,0.002903,0.000431,0.000018,0.000071,0.007169
2,2,9,"q9_case2",58,256,2304,589824,589824,1,14593,32768,2,1,589824,589556,0.000363,0.000000,0.000326,0.000026,0.000241,0.000438,0.000209,0.000910,0.001468,0.001714,0.000076,0.004559,0.001308,0.000000,0.002772,0.000457,0.000033,0.000110,0.007416
2,2,9,"q9_case2",59,256,2304,589824,589824,1,14849,32768,2,1,589824,589332,0.000361,0.000000,0.000280,0.000028,0.000239,0.000433,0.000221,0.000874,0.001430,0.001710,0.000064,0.004407,0.001293,0.000000,0.002636,0.000423,0.000017,0.000070,0.007149
2,2,9,"q9_case2",60,256,2304,589824,589824,1,15105,32768,2,1,589824,589319,0.000367,0.000000,0.000300,0.000037,0.000240,0.000431,0.000284,0.000855,0.001510,0.001440,0.000052,0.004244,0.001305,0.000000,0.002754,0.000418,0.000023,0.000077,0.006845
2,2,9,"q9_case2",61,256,2304,589824,589824,1,15361,32768,2,1,589824,589559,0.000366,0.000000,0.000307,0.000022,0.000258,0.000424,0.000249,0.000852,0.001479,0.001657,0.000056,0.004435,0.001307,0.000000,0.002723,0.000414,0.000016,0.000070,0.007150
2,2,9,"q9_case2",62,256,2304,589824,589824,1,15617,32768,2,1,589824,589333,0.000367,0.000000,0.000292,0.000024,0.000255,0.000430,0.000284,0.000903,0.001544,0.001569,0.000064,0.004358,0.001292,0.000000,0.002728,0.000466,0.000025,0.000084,0.007083
2,2,9,"q9_case2",63,256,2304,589824,589824,1,15873,32768,2,1,589824,589542,0.000367,0.000000,0.000334,0.000030,0.000286,0.000427,0.000185,0.000894,0.001430,0.001659,0.000055,0.004470,0.001315,0.000000,0.002759,0.000415,0.000014,0.000075,0.007211
2,2,9,"q9_case2",64,256,2304,589824,589824,1,16129,32768,2,1,589824,589327,0.000363,0.000000,0.000306,0.000023,0.000264,0.000425,0.000266,0.000880,0.001514,0.001734,0.000060,0.004483,0.001300,0.000000,0.002691,0.000429,0.000019,0.001395,0.008552
2,2,9,"q9_case2",65,256,2304,589824,589824,1,16385,65536,2,1,589824,589306,0.001380,0.000000,0.000623,0.000000,0.000261,0.000430,0.000250,0.000891,0.001499,0.001610,0.000059,0.005720,0.001286,0.000348,0.004086,0.000414,0.000016,0.000041,0.008755
2,2,9,"q9_case2",66,256,2304,589824,589824,1,16641,65536,2,1,589824,589329,0.000361,0.000000,0.000333,0.000019,0.000328,0.000419,0.000250,0.000931,0.001598,0.001610,0.000050,0.004487,0.001284,0.000000,0.002829,0.000422,0.000020,0.000047,0.007156
2,2,9,"q9_case2",67,256,2304,589824,589824,1,16897,65536,2,1,589824,589345,0.000365,0.000000,0.000319,0.000019,0.000290,0.000419,0.000239,0.000849,0.001449,0.001425,0.000042,0.004158,0.001282,0.000000,0.002694,0.000419,0.000018,0.000055,0.006705
2,2,9,"q9_case2",68,256,2304,589824,589824,1,17153,65536,2,1,589824,589558,0.000362,0.000000,0.000272,0.000021,0.000270,0.000419,0.000211,0.000917,0.001495,0.001634,0.000053,0.004368,0.001292,0.000000,0.002683,0.000429,0.000019,0.000051,0.007018
2,2,9,"q9_case2",69,256,2304,589824,589824,1,17409,65536,2,1,589824,589329,0.000359,0.000000,0.000312,0.000021,0.000267,0.000427,0.000273,0.000873,0.001517,0.001600,0.000047,0.004430,0.001279,0.000000,0.002785,0.000411,0.000013,0.000051,0.007063
2,2,9,"q9_case2",70,256,2304,589824,589824,1,17665,65536,2,1,589824,589382,0.000359,0.000000,0.000325,0.000016,0.000267,0.000423,0.000242,0.000866,0.001576,0.001491,0.000046,0.004312,0.001272,0.000000,0.002776,0.000414,0.000020,0.000058,0.006876
2,2,9,"q9_case2",71,256,2304,589824,589824,1,17921,65536,2,1,589824,589557,0.000368,0.000000,0.000254,0.000047,0.000252,0.000423,0.000206,0.000889,0.001437,0.001655,0.000059,0.004378,0.001287,0.000000,0.002666,0.000411,0.000021,0.000084,0.007104
2,2,9,"q9_case2",72,256,2304,589824,589824,1,18177,65536,2,1,589824,589329,0.000362,0.000000,0.000333,0.000017,0.000262,0.000428,0.000250,0.000910,0.001526,0.001615,0.000052,0.004461,0.001279,0.000000,0.002795,0.000418,0.000018,0.000059,0.007121
2,2,9,"q9_case2",73,256,2304,589824,589824,1,18433,65536,2,1,589824,589339,0.000359,0.000000,0.000294,0.000047,0.000278,0.000424,0.000258,0.000896,0.001536,0.001618,0.000048,0.004385,0.001278,0.000000,0.002721,0.000417,0.000014,0.000061,0.007055
2,2,9,"q9_case2",74,256,2304,589824,589824,1,18689,65536,2,1,589824,589454,0.000363,0.000000,0.000288,0.000020,0.000249,0.000424,0.000245,0.000797,0.001390,0.001426,0.000045,0.004023,0.001273,0.000000,0.002554,0.000422,0.000020,0.000066,0.006554
2,2,9,"q9_case2",75,256,2304,589824,589824,1,18945,65536,2,1,589824,589551,0.000359,0.000000,0.000315,0.000020,0.000278,0.000421,0.000290,0.000893,0.001521,0.001640,0.000052,0.004503,0.001282,0.000000,0.002813,0.000423,0.000015,0.000070,0.007202
2,2,9,"q9_case2",76,256,2304,589824,589824,1,19201,65536,2,1,589824,589331,0.000374,0.000000,0.000277,0.000019,0.000247,0.000424,0.000213,0.000840,0.001413,0.001413,0.000043,0.004086,0.001272,0.000000,0.002632,0.000410,0.000018,0.000059,0.006576
2,2,9,"q9_case2",77,256,2304,589824,589824,1,19457,65536,2,1,589824,589555,0.000358,0.000000,0.000299,0.000016,0.000246,0.000422,0.000253,0.000905,0.001508,0.001711,0.000065,0.004481,0.001279,0.000000,0.002707,0.000435,0.000016,0.000067,0.007208
2,2,9,"q9_case2",78,256,2304,589824,589824,1,19713,65536,2,1,589824,589334,0.000361,0.000000,0.000336,0.000021,0.000340,0.000421,0.000262,0.000831,0.001494,0.001354,0.000045,0.004184,0.001280,0.000000,0.002787,0.000405,0.000018,0.000060,0.006635
2,2,9,"q9_case2",79,256,2304,589824,589824,1,19969,65536,2,1,589824,589558,0.000357,0.000000,0.000344,0.000016,0.000268,0.000422,0.000212,0.000922,0.001508,0.001619,0.000051,0.004444,0.001285,0.000000,0.002775,0.000405,0.000015,0.000063,0.007136
2,2,9,"q9_case2",80,256,2304,589824,589824,1,20225,65536,2,1,589824,589335,0.000358,0.000000,0.000261,0.000063,0.000280,0.000424,0.000295,0.000869,0.001493,0.001425,0.000046,0.004181,0.001273,0.000000,0.002711,0.000409,0.000021,0.000069,0.006745
2,2,9,"q9_case2",81,256,2304,589824,589824,1,20481,65536,2,1,589824,589556,0.000358,0.000000,0.000376,0.000020,0.000263,0.000420,0.000236,0.000894,0.001490,0.001646,0.000050,0.004472,0.001278,0.000000,0.002778,0.000424,0.000013,0.000066,0.007153
2,2,9,"q9_case2",82,256,2304,589824,589824,1,20737,65536,2,1,589824,589331,0.000357,0.000000,0.000281,0.000019,0.000265,0.000424,0.000253,0.000831,0.001492,0.001439,0.000042,0.004154,0.001276,0.000000,0.002675,0.000407,0.000019,0.000060,0.006682
2,2,9,"q9_case2",83,256,2304,589824,589824,1,20993,65536,2,1,589824,589556,0.000363,0.000000,0.000291,0.000018,0.000269,0.000418,0.000262,0.000905,0.001554,0.001659,0.000054,0.004477,0.001267,0.000000,0.002767,0.000415,0.000015,0.000067,0.007159
2,2,9,"q9_case2",84,256,2304,589824,589824,1,21249,65536,2,1,589824,589329,0.000361,0.000000,0.001182,0.000041,0.000265,0.000424,0.000228,0.000887,0.001497,0.001614,0.000051,0.005255,0.001294,0.000000,0.003593,0.000445,0.000019,0.000067,0.007966
2,2,9,"q9_case2",85,256,2304,589824,589824,1,21505,65536,2,1,589824,589307,0.000358,0.000000,0.000285,0.000019,0.000255,0.000421,0.000250,0.000857,0.001474,0.001431,0.000042,0.004112,0.001269,0.000000,0.002642,0.000413,0.000013,0.000066,0.006653
2,2,9,"q9_case2",86,256,2304,589824,589824,1,21761,65536,2,1,589824,589418,0.000360,0.000000,0.000290,0.000042,0.000269,0.000423,0.000217,0.000856,0.001455,0.001645,0.000049,0.004398,0.001271,0.000000,0.002706,0.000444,0.000022,0.000073,0.007115
2,2,9,"q9_case2",87,256,2304,589824,589824,1,22017,65536,2,1,589824,589331,0.000362,0.000000,0.000347,0.000018,0.000277,0.000418,0.000218,0.000906,0.001525,0.001612,0.000043,0.004376,0.001266,0.000000,0.002723,0.000431,0.000013,0.000066,0.007065
2,2,9,"q9_case2",88,256,2304,589824,589824,1,22273,65536,2,1,589824,589331,0.000359,0.000000,0.000321,0.000018,0.000255,0.000422,0.000223,0.000918,0.001486,0.001583,0.000046,0.004387,0.001267,0.000000,0.002760,0.000415,0.000018,0.000063,0.007043
2,2,9,"q9_case2",89,256,2304,589824,589824,1,22529,65536,2,1,589824,589342,0.000358,0.000000,0.000341,0.000016,0.000255,0.000420,0.000247,0.000902,0.001514,0.001624,0.000048,0.004434,0.001273,0.000000,0.002763,0.000420,0.000014,0.000068,0.007107
2,2,9,"q9_case2",90,256,2304,589824,589824,1,22785,65536,2,1,589824,589387,0.000360,0.000000,0.000309,0.000023,0.000257,0.000418,0.000270,0.000875,0.001494,0.001479,0.000049,0.004205,0.001281,0.000000,0.002678,0.000422,0.000022,0.000077,0.006837
2,2,9,"q9_case2",91,256,2304,589824,589824,1,23041,65536,2,1,589824,589559,0.000357,0.000000,0.000310,0.000019,0.000258,0.000412,0.000292,0.000866,0.001505,0.001630,0.000058,0.004427,0.001268,0.000000,0.002742,0.000412,0.000013,0.000072,0.007089
2,2,9,"q9_case2",92,256,2304,589824,589824,1,23297,65536,2,1,589824,589341,0.000360,0.000000,0.000311,0.000019,0.000266,0.000416,0.000223,0.000860,0.001411,0.001517,0.000044,0.004232,0.001280,0.000000,0.002672,0.000418,0.000018,0.000068,0.006833
2,2,9,"q9_case2",93,256,2304,589824,589824,1,23553,65536,2,1,589824,589561,0.000356,0.000000,0.000287,0.000018,0.000261,0.000418,0.000256,0.000880,0.001500,0.001638,0.000048,0.004372,0.001272,0.000000,0.002688,0.000418,0.000013,0.000066,0.007055
2,2,9,"q9_case2",94,256,2304,589824,589824,1,23809,65536,2,1,589824,589333,0.000360,0.000000,0.000283,0.000018,0.000319,0.000416,0.000291,0.000855,0.001539,0.001409,0.000043,0.004229,0.001267,0.000000,0.002778,0.000409,0.000019,0.000067,0.006726
2,2,9,"q9_case2",95,256,2304,589824,589824,1,24065,65536,2,1,589824,589553,0.000358,0.000000,0.000324,0.000020,0.000261,0.000419,0.000182,0.000919,0.001477,0.001664,0.000056,0.004393,0.001280,0.000000,0.002676,0.000416,0.000026,0.000094,0.007147
2,2,9,"q9_case2",96,256,2304,589824,589824,1,24321,65536,2,1,589824,589357,0.000357,0.000000,0.000334,0.000021,0.000261,0.000418,0.000327,0.000864,0.001571,0.001486,0.000047,0.004356,0.001275,0.000000,0.002825,0.000408,0.000018,0.000068,0.006938
2,2,9,"q9_case2",97,256,2304,589824,589824,1,24577,65536,2,1,589824,589552,0.000359,0.000000,0.000330,0.000020,0.000259,0.000420,0.000272,0.000877,0.001525,0.001653,0.000049,0.004507,0.001278,0.000000,0.002806,0.000407,0.000013,0.000066,0.007185
2,2,9,"q9_case2",98,256,2304,589824,589824,1,24833,65536,2,1,589824,589331,0.000358,0.000000,0.000411,0.000019,0.000262,0.000416,0.000176,0.000842,0.001399,0.001523,0.000044,0.004249,0.001271,0.000000,0.002684,0.000416,0.000021,0.000070,0.006855
2,2,9,"q9_case2",99,256,2304,589824,589824,1,25089,65536,2,1,589824,589556,0.000357,0.000000,0.000477,0.000025,0.000269,0.000416,0.000248,0.000923,0.001547,0.001634,0.000051,0.004614,0.001273,0.000000,0.002930,0.000413,0.000018,0.000078,0.007376
2,2,9,"q9_case2",100,256,2304,589824,589824,1,25345,65536,2,1,589824,589332,0.000355,0.000000,0.000259,0.000021,0.000262,0.000418,0.000249,0.000893,0.001509,0.001401,0.000042,0.004129,0.001271,0.000000,0.002688,0.000407,0.000018,0.000068,0.006626
2,2,9,"q9_case2",101,256,2304,589824,589824,1,25601,65536,2,1,589824,589556,0.000356,0.000001,0.000295,0.000020,0.000267,0.000411,0.000187,0.000905,0.001447,0.001648,0.000062,0.004365,0.001274,0.000000,0.002657,0.000438,0.000014,0.000068,0.007102
2,2,9,"q9_case2",102,256,2304,589824,589824,1,25857,65536,2,1,589824,589357,0.000359,0.000000,0.000297,0.000023,0.000252,0.000415,0.000192,0.000861,0.001393,0.001430,0.000050,0.004147,0.001289,0.000000,0.002668,0.000424,0.000021,0.000073,0.006744
2,2,9,"q9_case2",103,256,2304,589824,589824,1,26113,65536,2,1,589824,589561,0.000356,0.000000,0.000267,0.000024,0.000258,0.000414,0.000190,0.000900,0.001418,0.001662,0.000055,0.004334,0.001277,0.000000,0.002620,0.000418,0.000017,0.000085,0.007067
2,2,9,"q9_case2",104,256,2304,589824,589824,1,26369,65536,2,1,589824,589344,0.000355,0.000000,0.000363,0.000023,0.000264,0.000416,0.000269,0.000903,0.001558,0.001655,0.000051,0.004463,0.001285,0.000000,0.002759,0.000406,0.000018,0.000071,0.007144
2,2,9,"q9_case2",105,256,2304,589824,589824,1,26625,65536,2,1,589824,589467,0.000361,0.000000,0.000333,0.000046,0.000310,0.000420,0.000221,0.000874,0.001479,0.001611,0.000046,0.004457,0.001276,0.000000,0.002802,0.000411,0.000013,0.000071,0.007137
2,2,9,"q9_case2",106,256,2304,589824,589824,1,26881,65536,2,1,589824,589446,0.000362,0.000000,0.000273,0.000030,0.000256,0.000414,0.000256,0.000867,0.001473,0.001407,0.000043,0.004133,0.001278,0.000000,0.002685,0.000411,0.000019,0.000070,0.006663
2,2,9,"q9_case2",107,256,2304,589824,589824,1,27137,65536,2,1,589824,589560,0.000355,0.000000,0.000376,0.000022,0.000264,0.000414,0.000296,0.000855,0.001483,0.001639,0.000067,0.004445,0.001272,0.000000,0.002742,0.000408,0.000016,0.000084,0.007238
2,2,9,"q9_case2",108,256,2304,589824,589824,1,27393,65536,2,1,589824,589347,0.000368,0.000000,0.000338,0.000023,0.000281,0.000418,0.000291,0.000844,0.001469,0.001422,0.000043,0.004306,0.001272,0.000000,0.002844,0.000399,0.000035,0.000070,0.006833
2,2,9,"q9_case2",109,256,2304,589824,589824,1,27649,65536,2,1,589824,589551,0.000356,0.000000,0.000260,0.000045,0.000273,0.000410,0.000247,0.000905,0.001507,0.001632,0.000045,0.004410,0.001272,0.000000,0.002734,0.000401,0.000013,0.000071,0.007080
2,2,9,"q9_case2",110,256,2304,589824,589824,1,27905,65536,2,1,589824,589345,0.000358,0.000000,0.001922,0.000020,0.000250,0.000417,0.000235,0.000902,0.001455,0.001614,0.000053,0.005967,0.001303,0.000000,0.004301,0.000426,0.000021,0.000074,0.008705
2,2,9,"q9_case2",111,256,2304,589824,589824,1,28161,65536,2,1,589824,589444,0.000357,0.000000,0.000289,0.000054,0.000268,0.000416,0.000253,0.000882,0.001513,0.001627,0.000053,0.004428,0.001274,0.000000,0.002750,0.000414,0.000018,0.000107,0.007155
2,2,9,"q9_case2",112,256,2304,589824,589824,1,28417,65536,2,1,589824,589401,0.000359,0.000000,0.000283,0.000022,0.000267,0.000412,0.000288,0.000857,0.001484,0.001401,0.000046,0.004169,0.001275,0.000000,0.002725,0.000423,0.000018,0.000071,0.006684
2,2,9,"q9_case2",113,256,2304,589824,589824,1,28673,65536,2,1,589824,589561,0.000356,0.000000,0.000287,0.000022,0.000239,0.000412,0.000270,0.000871,0.001490,0.001637,0.000055,0.004314,0.001288,0.000000,0.002623,0.000422,0.000014,0.000075,0.007028
2,2,9,"q9_case2",114,256,2304,589824,589824,1,28929,65536,2,1,589824,589357,0.000361,0.000000,0.000254,0.000028,0.000263,0.000414,0.000258,0.000879,0.001496,0.001669,0.000059,0.004415,0.001275,0.000000,0.002688,0.000415,0.000021,0.000078,0.007101
2,2,9,"q9_case2",115,256,2304,589824,589824,1,29185,65536,2,1,589824,589355,0.000360,0.000000,0.000483,0.000026,0.000245,0.000413,0.000288,0.000886,0.001514,0.001629,0.000051,0.004587,0.001284,0.000000,0.002910,0.000420,0.000016,0.000088,0.007295
2,2,9,"q9_case2",116,256,2304,589824,589824,1,29441,65536,2,1,589824,589405,0.000364,0.000000,0.000291,0.000022,0.000259,0.000414,0.000254,0.000827,0.001443,0.001356,0.000054,0.004108,0.001287,0.000000,0.002700,0.000423,0.000018,0.000074,0.006609
2,2,9,"q9_case2",117,256,2304,589824,589824,1,29697,65536,2,1,589824,589562,0.000360,0.000000,0.000247,0.000028,0.000242,0.000412,0.000259,0.000881,0.001462,0.001653,0.000067,0.004363,0.001297,0.000000,0.002646,0.000424,0.000017,0.000079,0.007087
2,2,9,"q9_case2",118,256,2304,589824,589824,1,29953,65536,2,1,589824,589365,0.000362,0.000000,0.000383,0.000028,0.000239,0.000413,0.000185,0.000853,0.001405,0.001444,0.000051,0.004196,0.001286,0.000000,0.002703,0.000434,0.000022,0.000077,0.006791
2,2,9,"q9_case2",119,256,2304,589824,589824,1,30209,65536,2,1,589824,589558,0.000358,0.000000,0.000280,0.000025,0.000268,0.000414,0.000298,0.000875,0.001506,0.001654,0.000064,0.004502,0.001287,0.000000,0.002785,0.000427,0.000016,0.000087,0.007248
2,2,9,"q9_case2",120,256,2304,589824,589824,1,30465,65536,2,1,589824,589353,0.000361,0.000000,0.000274,0.000026,0.000271,0.000412,0.000253,0.000902,0.001548,0.001656,0.000059,0.004449,0.001294,0.000000,0.002736,0.000430,0.000019,0.000071,0.007162
2,2,9,"q9_case2",121,256,2304,589824,589824,1,30721,65536,2,1,589824,589447,0.000362,0.000000,0.005358,0.000028,0.000268,0.000415,0.000233,0.000903,0.001472,0.001616,0.000058,0.009444,0.001282,0.000000,0.007772,0.000417,0.000015,0.000073,0.012130
2,2,9,"q9_case2",122,256,2304,589824,589824,1,30977,65536,2,1,589824,589408,0.000367,0.000000,0.000291,0.000020,0.000286,0.000414,0.000180,0.000888,0.001436,0.001621,0.000054,0.004298,0.001297,0.000000,0.002625,0.000419,0.000021,0.000085,0.006997
2,2,9,"q9_case2",123,256,2304,589824,589824,1,31233,65536,2,1,589824,589383,0.000373,0.000000,0.000457,0.000029,0.000291,0.000411,0.000246,0.000864,0.001456,0.001578,0.000052,0.004514,0.001284,0.000000,0.002888,0.000408,0.000013,0.000073,0.007140
2,2,9,"q9_case2",124,256,2304,589824,589824,1,31489,65536,2,1,589824,589384,0.000366,0.000000,0.000296,0.000045,0.000253,0.000410,0.000158,0.000912,0.001440,0.001548,0.000055,0.004279,0.001283,0.000000,0.002677,0.000411,0.000019,0.000074,0.006910
2,2,9,"q9_case2",125,256,2304,589824,589824,1,31745,65536,2,1,589824,589364,0.000367,0.000000,0.000290,0.000027,0.000270,0.000410,0.000216,0.000894,0.001450,0.001587,0.000064,0.004389,0.001271,0.000000,0.002739,0.000437,0.000015,0.000074,0.007047
2,2,9,"q9_case2",126,256,2304,589824,589824,1,32001,65536,2,1,589824,589367,0.000360,0.000000,0.000282,0.000028,0.000261,0.000436,0.000244,0.000846,0.001463,0.001424,0.000053,0.004094,0.001285,0.000000,0.002620,0.000411,0.000027,0.000109,0.006657
2,2,9,"q9_case2",127,256,2304,589824,589824,1,32257,65536,2,1,589824,589558,0.000362,0.000000,0.000324,0.000051,0.000242,0.000412,0.000268,0.000875,0.001501,0.001615,0.000067,0.004484,0.001295,0.000000,0.002805,0.000428,0.000015,0.000077,0.007166
2,2,9,"q9_case2",128,256,2304,589824,589824,1,32513,65536,2,1,589824,589349,0.000364,0.000000,0.000263,0.000029,0.000261,0.000413,0.000263,0.000869,0.001491,0.001450,0.000062,0.004169,0.001287,0.000000,0.002659,0.000416,0.000021,0.003018,0.009677
2,2,9,"q9_case2",129,256,2304,589824,589824,1,32769,131072,2,1,589824,589557,0.002583,0.000000,0.001090,0.000000,0.000268,0.000420,0.000316,0.000912,0.001541,0.001726,0.000096,0.007674,0.001297,0.000634,0.005904,0.000436,0.000023,0.000065,0.011243
2,2,9,"q9_case2",130,256,2304,589824,589824,1,33025,131072,2,1,589824,589340,0.000402,0.000000,0.000246,0.000021,0.000259,0.000411,0.000236,0.000876,0.001454,0.001406,0.000045,0.004158,0.001291,0.000000,0.002710,0.000408,0.000019,0.000057,0.006638
2,2,9,"q9_case2",131,256,2304,589824,589824,1,33281,131072,2,1,589824,589555,0.000361,0.000000,0.000472,0.000021,0.000257,0.000396,0.000244,0.000867,0.001441,0.001669,0.000077,0.004555,0.001295,0.000000,0.002811,0.000443,0.000019,0.000068,0.007385
2,2,9,"q9_case2",132,256,2304,589824,589824,1,33537,131072,2,1,589824,589330,0.000381,0.000000,0.000338,0.000022,0.000279,0.000416,0.000198,0.000859,0.001412,0.001477,0.000047,0.004288,0.001321,0.000000,0.002767,0.000437,0.000021,0.000063,0.006915
2,2,9,"q9_case2",133,256,2304,589824,589824,1,33793,131072,2,1,589824,589548,0.000359,0.000000,0.000274,0.000042,0.000264,0.000402,0.000331,0.000917,0.001590,0.001618,0.000049,0.004463,0.001286,0.000000,0.002798,0.000435,0.000015,0.000072,0.007158
2,2,9,"q9_case2",134,256,2304,589824,589824,1,34049,131072,2,1,589824,589338,0.000356,0.000000,0.004050,0.000018,0.000259,0.000410,0.000310,0.000869,0.001523,0.001523,0.000052,0.008057,0.001282,0.000000,0.006484,0.000427,0.000019,0.000068,0.010674
2,2,9,"q9_case2",135,256,2304,589824,589824,1,34305,131072,2,1,589824,589552,0.000355,0.000000,0.000437,0.000016,0.000517,0.000412,0.000276,0.000894,0.001504,0.001641,0.000053,0.004809,0.001282,0.000000,0.003117,0.000436,0.000015,0.000066,0.007518
2,2,9,"q9_case2",136,256,2304,589824,589824,1,34561,131072,2,1,589824,589327,0.000359,0.000000,0.000381,0.000053,0.000261,0.000414,0.000257,0.000889,0.001458,0.001552,0.000061,0.004406,0.001277,0.000000,0.002795,0.000416,0.000023,0.000069,0.007026
2,2,9,"q9_case2",137,256,2304,589824,589824,1,34817,131072,2,1,589824,589546,0.000358,0.000000,0.000348,0.000022,0.000255,0.000409,0.000231,0.000892,0.001444,0.001676,0.000067,0.004426,0.001320,0.000000,0.002685,0.000426,0.000015,0.000071,0.007183
2,2,9,"q9_case2",138,256,2304,589824,589824,1,35073,131072,2,1,589824,589324,0.000358,0.000000,0.000242,0.000020,0.000254,0.000409,0.000283,0.000891,0.001485,0.001679,0.000062,0.004463,0.001276,0.000000,0.002724,0.000419,0.000022,0.000070,0.007169
2,2,9,"q9_case2",139,256,2304,589824,589824,1,35329,131072,2,1,589824,589334,0.000361,0.000000,0.004277,0.000023,0.000256,0.000408,0.000285,0.000949,0.001576,0.001669,0.000073,0.008501,0.001299,0.000000,0.006762,0.000430,0.000019,0.000083,0.011256
2,2,9,"q9_case2",140,256,2304,589824,589824,1,35585,131072,2,1,589824,589342,0.000365,0.000000,0.000339,0.000021,0.000302,0.000409,0.000208,0.000897,0.001475,0.001621,0.000049,0.004513,0.001314,0.000000,0.002845,0.000424,0.000019,0.000068,0.007218
2,2,9,"q9_case2",141,256,2304,589824,589824,1,35841,131072,2,1,589824,589352,0.000364,0.000000,0.000332,0.000017,0.000274,0.000406,0.000254,0.000889,0.001478,0.001615,0.000064,0.004381,0.001292,0.000000,0.002704,0.000422,0.000015,0.000070,0.007067
2,2,9,"q9_case2",142,256,2304,589824,589824,1,36097,131072,2,1,589824,589328,0.000362,0.000000,0.000321,0.000020,0.000260,0.000407,0.000255,0.000949,0.001535,0.001575,0.000066,0.004443,0.001299,0.000000,0.002805,0.000423,0.000022,0.000067,0.007119
2,2,9,"q9_case2",143,256,2304,589824,589824,1,36353,131072,2,1,589824,589353,0.000359,0.000000,0.000346,0.000022,0.000258,0.000409,0.000239,0.000882,0.001468,0.001597,0.000061,0.004426,0.001298,0.000000,0.002770,0.000437,0.000021,0.000088,0.007149
2,2,9,"q9_case2",144,256,2304,589824,589824,1,36609,131072,2,1,589824,589386,0.000362,0.000000,0.000369,0.000021,0.000251,0.000409,0.000211,0.000914,0.001515,0.001579,0.000056,0.004414,0.001292,0.000000,0.002782,0.000408,0.000019,0.000066,0.007051
2,2,9,"q9_case2",145,256,2304,589824,589824,1,36865,131072,2,1,589824,589392,0.000360,0.000000,0.000313,0.000019,0.000275,0.000406,0.000284,0.000853,0.001513,0.001480,0.000050,0.004251,0.001290,0.000000,0.002723,0.000421,0.000015,0.000069,0.006845
2,2,9,"q9_case2",146,256,2304,589824,589824,1,37121,131072,2,1,589824,589557,0.000360,0.000000,0.000280,0.000026,0.000295,0.000406,0.000264,0.000863,0.001478,0.001663,0.000067,0.004497,0.001294,0.000000,0.002768,0.000431,0.000021,0.000067,0.007229
2,2,9,"q9_case2",147,256,2304,589824,589824,1,37377,131072,2,1,589824,589333,0.000364,0.000000,0.000290,0.000052,0.000270,0.000406,0.000294,0.000866,0.001510,0.001693,0.000055,0.004460,0.001292,0.000000,0.002715,0.000424,0.000016,0.000076,0.007210
2,2,9,"q9_case2",148,256,2304,589824,589824,1,37633,131072,2,1,589824,589439,0.000367,0.000000,0.000309,0.000018,0.000271,0.000407,0.000262,0.000930,0.001548,0.001650,0.000066,0.004470,0.001296,0.000000,0.002755,0.000432,0.000020,0.000074,0.007170
2,2,9,"q9_case2",149,256,2304,589824,589824,1,37889,131072,2,1,589824,589345,0.000362,0.000000,0.000336,0.000021,0.000286,0.000406,0.000283,0.000904,0.001560,0.001594,0.000058,0.004536,0.001302,0.000000,0.002887,0.000420,0.000015,0.000067,0.007220
2,2,9,"q9_case2",150,256,2304,589824,589824,1,38145,131072,2,1,589824,589365,0.000362,0.000000,0.000345,0.000019,0.000278,0.000407,0.000295,0.000909,0.001530,0.001585,0.000065,0.004475,0.001302,0.000000,0.002826,0.000434,0.000023,0.000068,0.007158
2,2,9,"q9_case2",151,256,2304,589824,589824,1,38401,131072,2,1,589824,589326,0.000367,0.000000,0.000300,0.000019,0.000300,0.000409,0.000258,0.000885,0.001502,0.001590,0.000060,0.004403,0.001296,0.000000,0.002754,0.000414,0.000014,0.000071,0.007077
2,2,9,"q9_case2",152,256,2304,589824,589824,1,38657,131072,2,1,589824,589319,0.000363,0.000000,0.000276,0.000020,0.000278,0.000408,0.000278,0.000893,0.001535,0.001469,0.000052,0.004286,0.001290,0.000000,0.002767,0.000415,0.000021,0.000071,0.006864
2,2,9,"q9_case2",153,256,2304,589824,589824,1,38913,131072,2,1,589824,589550,0.000360,0.000000,0.000266,0.000020,0.000280,0.000407,0.000195,0.000899,0.001442,0.001657,0.000067,0.004341,0.001291,0.000000,0.002619,0.000420,0.000016,0.000076,0.007078
2,2,9,"q9_case2",154,256,2304,589824,589824,1,39169,131072,2,1,589824,589322,0.000368,0.000000,0.000253,0.000019,0.000270,0.000408,0.000275,0.000879,0.001506,0.001692,0.000058,0.004414,0.001294,0.000000,0.002666,0.000416,0.000018,0.000069,0.007120
2,2,9,"q9_case2",155,256,2304,589824,589824,1,39425,131072,2,1,589824,589353,0.000365,0.000000,0.000352,0.000022,0.000274,0.000401,0.000260,0.000871,0.001503,0.001537,0.000054,0.004400,0.001301,0.000000,0.002811,0.000420,0.000020,0.000073,0.007054
2,2,9,"q9_case2",156,256,2304,589824,589824,1,39681,131072,2,1,589824,589558,0.000371,0.000000,0.000429,0.000021,0.000257,0.000409,0.000175,0.000957,0.001480,0.001671,0.000061,0.004598,0.001318,0.000000,0.002868,0.000425,0.000022,0.000070,0.007345
2,2,9,"q9_case2",157,256,2304,589824,589824,1,39937,131072,2,1,589824,589321,0.000357,0.000000,0.000272,0.000021,0.000254,0.000406,0.000249,0.000877,0.001466,0.001708,0.000058,0.004449,0.001294,0.000000,0.002685,0.000429,0.000016,0.000080,0.007214
2,2,9,"q9_case2",158,256,2304,589824,589824,1,40193,131072,2,1,589824,589323,0.000362,0.000000,0.000306,0.000022,0.000268,0.000406,0.000267,0.000885,0.001489,0.001600,0.000056,0.004336,0.001285,0.000000,0.002682,0.000409,0.000019,0.000070,0.007004
2,2,9,"q9_case2",159,256,2304,589824,589824,1,40449,131072,2,1,589824,589331,0.000365,0.000000,0.000424,0.000019,0.000274,0.000407,0.000277,0.000869,0.001516,0.001499,0.000047,0.004403,0.001282,0.000000,0.002858,0.000425,0.000014,0.000072,0.007031
2,2,9,"q9_case2",160,256,2304,589824,589824,1,40705,131072,2,1,589824,589551,0.000364,0.000000,0.000307,0.000018,0.000253,0.000402,0.000249,0.000934,0.001549,0.001689,0.000049,0.004553,0.001312,0.000000,0.002817,0.000420,0.000020,0.000066,0.007282
2,2,9,"q9_case2",161,256,2304,589824,589824,1,40961,131072,2,1,589824,589320,0.000361,0.000000,0.000268,0.000029,0.000258,0.000406,0.000273,0.000917,0.001563,0.001711,0.000071,0.004528,0.001298,0.000000,0.002748,0.000450,0.000017,0.000082,0.007321
2,2,9,"q9_case2",162,256,2304,589824,589824,1,41217,131072,2,1,589824,589322,0.000363,0.000000,0.004313,0.000028,0.000255,0.000403,0.000209,0.000893,0.001468,0.001548,0.000046,0.008316,0.001313,0.000000,0.006724,0.000417,0.000019,0.000069,0.010967
2,2,9,"q9_case2",163,256,2304,589824,589824,1,41473,131072,2,1,589824,589556,0.000360,0.000000,0.000309,0.000019,0.000262,0.000402,0.000232,0.000882,0.001467,0.001654,0.000048,0.004362,0.001277,0.000000,0.002661,0.000420,0.000014,0.000068,0.007089
2,2,9,"q9_case2",164,256,2304,589824,589824,1,41729,131072,2,1,589824,589320,0.000358,0.000000,0.000518,0.000018,0.000304,0.000404,0.000199,0.000867,0.001441,0.001682,0.000049,0.004587,0.001281,0.000000,0.002859,0.000424,0.000020,0.000071,0.007296
2,2,9,"q9_case2",165,256,2304,589824,589824,1,41985,131072,2,1,589824,589322,0.000355,0.000000,0.000337,0.000020,0.000271,0.000408,0.000229,0.000882,0.001513,0.001463,0.000043,0.004277,0.001281,0.000000,0.002774,0.000416,0.000016,0.000092,0.006915
2,2,9,"q9_case2",166,256,2304,589824,589824,1,42241,131072,2,1,589824,589557,0.000361,0.000000,0.000256,0.000047,0.000268,0.000400,0.000212,0.000892,0.001446,0.001529,0.000055,0.004237,0.001291,0.000000,0.002655,0.000411,0.000021,0.000070,0.006848
2,2,9,"q9_case2",167,256,2304,589824,589824,1,42497,131072,2,1,589824,589312,0.000357,0.000000,0.005247,0.000023,0.000255,0.000406,0.000265,0.000890,0.001504,0.001645,0.000063,0.009358,0.001280,0.000000,0.007651,0.000418,0.000016,0.000068,0.012124
2,2,9,"q9_case2",168,256,2304,589824,589824,1,42753,131072,2,1,589824,589311,0.000361,0.000000,0.000328,0.000019,0.000344,0.000404,0.000267,0.000923,0.001562,0.001711,0.000054,0.004606,0.001279,0.000000,0.002843,0.000413,0.000020,0.000071,0.007314
2,2,9,"q9_case2",169,256,2304,589824,589824,1,43009,131072,2,1,589824,589344,0.000361,0.000000,0.000426,0.000021,0.000262,0.000404,0.000221,0.000913,0.001472,0.001670,0.000056,0.004566,0.001278,0.000000,0.002842,0.000425,0.000017,0.000086,0.007287
2,2,9,"q9_case2",170,256,2304,589824,589824,1,43265,131072,2,1,589824,589349,0.000356,0.000000,0.000308,0.000021,0.000251,0.000406,0.000247,0.000898,0.001478,0.001634,0.000048,0.004341,0.001286,0.000000,0.002662,0.000402,0.000017,0.000068,0.007004
2,2,9,"q9_case2",171,256,2304,589824,589824,1,43521,131072,2,1,589824,589347,0.000358,0.000000,0.000356,0.000018,0.000272,0.000403,0.000271,0.000885,0.001551,0.001619,0.000056,0.004450,0.001282,0.000000,0.002777,0.000411,0.000014,0.000070,0.007133
2,2,9,"q9_case2",172,256,2304,589824,589824,1,43777,131072,2,1,589824,589394,0.000363,0.000000,0.004093,0.000022,0.000253,0.000406,0.000257,0.000898,0.001501,0.001498,0.000062,0.008101,0.001287,0.000000,0.006543,0.000430,0.000023,0.000081,0.010734
2,2,9,"q9_case2",173,256,2304,589824,589824,1,44033,131072,2,1,589824,589553,0.000358,0.000000,0.000295,0.000021,0.000273,0.000400,0.000266,0.000871,0.001509,0.001685,0.000075,0.004509,0.001292,0.000000,0.002751,0.000438,0.000017,0.000073,0.007251
2,2,9,"q9_case2",174,256,2304,589824,589824,1,44289,131072,2,1,589824,589318,0.000360,0.000000,0.000379,0.000023,0.000284,0.000404,0.000225,0.000890,0.001454,0.001694,0.000056,0.004546,0.001285,0.000000,0.002799,0.000419,0.000020,0.000076,0.007269
2,2,9,"q9_case2",175,256,2304,589824,589824,1,44545,131072,2,1,589824,589317,0.000360,0.000000,0.000306,0.000042,0.000288,0.000402,0.000288,0.000933,0.001581,0.001630,0.000049,0.004478,0.001283,0.000000,0.002801,0.000419,0.000015,0.000068,0.007166
2,2,9,"q9_case2",176,256,2304,589824,589824,1,44801,131072,2,1,589824,589341,0.000356,0.000000,0.000279,0.000019,0.000278,0.000405,0.000274,0.000908,0.001582,0.001647,0.000050,0.004519,0.001280,0.000000,0.002825,0.000422,0.000021,0.000086,0.007219
2,2,9,"q9_case2",177,256,2304,589824,589824,1,45057,131072,2,1,589824,589332,0.000361,0.000000,0.004363,0.000023,0.000294,0.000402,0.000288,0.000903,0.001564,0.001482,0.000043,0.008362,0.001283,0.000000,0.006838,0.000410,0.000014,0.000069,0.010950
2,2,9,"q9_case2",178,256,2304,589824,589824,1,45313,131072,2,1,589824,589559,0.000357,0.000000,0.000293,0.000022,0.000268,0.000406,0.000254,0.000864,0.001467,0.001651,0.000054,0.004371,0.001277,0.000000,0.002667,0.000417,0.000019,0.000071,0.007058
2,2,9,"q9_case2",179,256,2304,589824,589824,1,45569,131072,2,1,589824,589317,0.000354,0.000000,0.000348,0.000018,0.000260,0.000406,0.000228,0.000848,0.001436,0.001685,0.000046,0.004405,0.001274,0.000000,0.002677,0.000414,0.000013,0.000067,0.007081
2,2,9,"q9_case2",180,256,2304,589824,589824,1,45825,131072,2,1,589824,589325,0.000353,0.000000,0.000260,0.000028,0.000258,0.000406,0.000241,0.000887,0.001483,0.001608,0.000048,0.004335,0.001269,0.000000,0.002681,0.000464,0.000019,0.000088,0.007066
2,2,9,"q9_case2",181,256,2304,589824,589824,1,46081,131072,2,1,589824,589288,0.000358,0.000000,0.000281,0.000019,0.000258,0.000401,0.000313,0.000917,0.001541,0.001650,0.000061,0.004467,0.001270,0.000000,0.002758,0.000410,0.000020,0.000099,0.007166
2,2,9,"q9_case2",182,256,2304,589824,589824,1,46337,131072,2,1,589824,589299,0.000362,0.000000,0.004913,0.000023,0.000302,0.000403,0.000332,0.000888,0.001676,0.001587,0.000068,0.009092,0.001278,0.000000,0.007439,0.000400,0.000020,0.000073,0.011733
2,2,9,"q9_case2",183,256,2304,589824,589824,1,46593,131072,2,1,589824,589391,0.000358,0.000000,0.000286,0.000018,0.000275,0.000404,0.000273,0.000888,0.001523,0.001594,0.000051,0.004345,0.001277,0.000000,0.002703,0.000428,0.000013,0.000071,0.007004
2,2,9,"q9_case2",184,256,2304,589824,589824,1,46849,131072,2,1,589824,589351,0.000354,0.000000,0.000471,0.000019,0.000277,0.000402,0.000250,0.000888,0.001500,0.001568,0.000048,0.004464,0.001274,0.000000,0.002850,0.000414,0.000019,0.000067,0.007083
2,2,9,"q9_case2",185,256,2304,589824,589824,1,47105,131072,2,1,589824,589327,0.000360,0.000000,0.000185,0.000035,0.000276,0.000400,0.000289,0.000900,0.001555,0.001560,0.000052,0.004263,0.001375,0.000000,0.002653,0.000416,0.000015,0.000085,0.007016
2,2,9,"q9_case2",186,256,2304,589824,589824,1,47361,131072,2,1,589824,589335,0.000355,0.000000,0.000260,0.000019,0.000268,0.000398,0.000258,0.000891,0.001499,0.001526,0.000047,0.004290,0.001267,0.000000,0.002719,0.000422,0.000017,0.000071,0.006878
2,2,9,"q9_case2",187,256,2304,589824,589824,1,47617,131072,2,1,589824,589306,0.000354,0.000000,0.004971,0.000018,0.000290,0.000402,0.000284,0.000905,0.001574,0.001574,0.000066,0.009089,0.001273,0.000000,0.007451,0.000418,0.000015,0.000074,0.011710
2,2,9,"q9_case2",188,256,2304,589824,589824,1,47873,131072,2,1,589824,589312,0.000358,0.000000,0.000315,0.000023,0.000276,0.000406,0.000186,0.000863,0.001410,0.001558,0.000053,0.004219,0.001294,0.000000,0.002611,0.000425,0.000023,0.000080,0.006872
2,2,9,"q9_case2",189,256,2304,589824,589824,1,48129,131072,2,1,589824,589298,0.000363,0.000000,0.000402,0.000024,0.000266,0.000403,0.000275,0.000937,0.001586,0.001583,0.000064,0.004523,0.001277,0.000000,0.002878,0.000416,0.000020,0.000093,0.007173
2,2,9,"q9_case2",190,256,2304,589824,589824,1,48385,131072,2,1,589824,589287,0.000359,0.000000,0.000315,0.000022,0.000253,0.000403,0.000287,0.000892,0.001529,0.001533,0.000060,0.004359,0.001287,0.000000,0.002769,0.000413,0.000024,0.000074,0.006977
2,2,9,"q9_case2",191,256,2304,589824,589824,1,48641,131072,2,1,589824,589283,0.000358,0.000000,0.000260,0.000021,0.000253,0.000401,0.000211,0.000911,0.001454,0.001549,0.000065,0.004242,0.001297,0.000000,0.002630,0.000425,0.000017,0.000073,0.006892
2,2,9,"q9_case2",192,256,2304,589824,589824,1,48897,131072,2,1,589824,589271,0.000359,0.000000,0.005138,0.000025,0.000284,0.000398,0.000299,0.000901,0.001598,0.001567,0.000066,0.009287,0.001308,0.000000,0.007656,0.000429,0.000023,0.000075,0.011952
2,2,9,"q9_case2",193,256,2304,589824,589824,1,49153,131072,2,1,589824,589260,0.000360,0.000000,0.000301,0.000021,0.000282,0.000403,0.000256,0.000852,0.001480,0.001399,0.000044,0.004083,0.001286,0.000000,0.002642,0.000416,0.000014,0.000075,0.006598
2,2,9,"q9_case2",194,256,2304,589824,589824,1,49409,131072,2,1,589824,589554,0.000364,0.000000,0.000432,0.000019,0.000277,0.000398,0.000278,0.000880,0.001526,0.001607,0.000050,0.004515,0.001311,0.000000,0.002860,0.000421,0.000019,0.000075,0.007241
2,2,9,"q9_case2",195,256,2304,589824,589824,1,49665,131072,2,1,589824,589336,0.000361,0.000000,0.000334,0.000018,0.000261,0.000406,0.000260,0.000848,0.001460,0.001317,0.000052,0.004090,0.001275,0.000000,0.002723,0.000450,0.000020,0.000094,0.006625
2,2,9,"q9_case2",196,256,2304,589824,589824,1,49921,131072,2,1,589824,589554,0.000359,0.000000,0.000277,0.000022,0.000311,0.000398,0.000198,0.000899,0.001482,0.001634,0.000067,0.004429,0.001293,0.000000,0.002730,0.000412,0.000021,0.000074,0.007106
2,2,9,"q9_case2",197,256,2304,589824,589824,1,50177,131072,2,1,589824,589344,0.000363,0.000000,0.005439,0.000026,0.000254,0.000405,0.000292,0.000843,0.001481,0.001370,0.000060,0.009260,0.001311,0.000000,0.007833,0.000447,0.000018,0.000074,0.011825
2,2,9,"q9_case2",198,256,2304,589824,589824,1,50433,131072,2,1,589824,589552,0.000364,0.000000,0.000285,0.000023,0.000256,0.000399,0.000291,0.000916,0.001567,0.001672,0.000066,0.004534,0.001300,0.000000,0.002798,0.000435,0.000022,0.000082,0.007282
2,2,9,"q9_case2",199,256,2304,589824,589824,1,50689,131072,2,1,589824,589344,0.000365,0.000000,0.000287,0.000024,0.000279,0.000400,0.000293,0.000855,0.001480,0.001476,0.000050,0.004249,0.001293,0.000000,0.002726,0.000427,0.000018,0.000085,0.006868
2,2,9,"q9_case2",200,256,2304,589824,589824,1,50945,131072,2,1,589824,589554,0.000360,0.000000,0.000296,0.000021,0.000329,0.000403,0.000252,0.000875,0.001554,0.001652,0.000054,0.004484,0.001296,0.000000,0.002780,0.000439,0.000018,0.000074,0.007223
2,2,9,"q9_case2",201,256,2304,589824,589824,1,51201,131072,2,1,589824,589341,0.000362,0.000000,0.000312,0.000020,0.000276,0.000397,0.000283,0.000847,0.001523,0.001471,0.000051,0.004266,0.001302,0.000000,0.002746,0.000419,0.000016,0.000077,0.006913
2,2,9,"q9_case2",202,256,2304,589824,589824,1,51457,131072,2,1,589824,589553,0.000363,0.000000,0.005102,0.000025,0.000277,0.000399,0.000235,0.000886,0.001494,0.001689,0.000104,0.009329,0.001310,0.000000,0.007539,0.000447,0.000034,0.000091,0.012142
2,2,9,"q9_case2",203,256,2304,589824,589824,1,51713,131072,2,1,589824,589342,0.000359,0.000000,0.000337,0.000036,0.000275,0.000405,0.000208,0.000907,0.001547,0.001667,0.000052,0.004546,0.001292,0.000000,0.002831,0.000399,0.000016,0.000073,0.007237
2,2,9,"q9_case2",204,256,2304,589824,589824,1,51969,131072,2,1,589824,589347,0.000357,0.000000,0.000353,0.000021,0.000252,0.000403,0.000237,0.000898,0.001433,0.001468,0.000042,0.004211,0.001279,0.000000,0.002704,0.000422,0.000038,0.000074,0.006813
2,2,9,"q9_case2",205,256,2304,589824,589824,1,52225,131072,2,1,589824,589555,0.000357,0.000000,0.000298,0.000022,0.000258,0.000397,0.000186,0.000870,0.001397,0.001624,0.000046,0.004291,0.001286,0.000000,0.002622,0.000410,0.000015,0.000072,0.006989
2,2,9,"q9_case2",206,256,2304,589824,589824,1,52481,131072,2,1,589824,589338,0.000358,0.000000,0.000301,0.000024,0.000250,0.000397,0.000287,0.000878,0.001549,0.001458,0.000042,0.004263,0.001273,0.000000,0.002766,0.000412,0.000019,0.000088,0.006864
2,2,9,"q9_case2",207,256,2304,589824,589824,1,52737,131072,2,1,589824,589548,0.000355,0.000000,0.004911,0.000025,0.000277,0.000397,0.000286,0.000868,0.001489,0.001622,0.000055,0.008956,0.001282,0.000000,0.007281,0.000406,0.000017,0.000082,0.011645
2,2,9,"q9_case2",208,256,2304,589824,589824,1,52993,131072,2,1,589824,589333,0.000359,0.000000,0.000269,0.000045,0.000267,0.000398,0.000268,0.000889,0.001510,0.001647,0.000052,0.004355,0.001283,0.000000,0.002658,0.000412,0.000019,0.000076,0.007056
2,2,9,"q9_case2",209,256,2304,589824,589824,1,53249,131072,2,1,589824,589349,0.000356,0.000000,0.000323,0.000021,0.000270,0.000395,0.000182,0.000909,0.001461,0.001650,0.000050,0.004354,0.001268,0.000000,0.002657,0.000422,0.000015,0.000077,0.007036
2,2,9,"q9_case2",210,256,2304,589824,589824,1,53505,131072,2,1,589824,589327,0.000356,0.000000,0.000316,0.000023,0.000271,0.000399,0.000256,0.000902,0.001520,0.001616,0.000049,0.004434,0.001281,0.000000,0.002770,0.000415,0.000020,0.000086,0.007127
2,2,9,"q9_case2",211,256,2304,589824,589824,1,53761,131072,2,1,589824,589341,0.000355,0.000000,0.000305,0.000020,0.000249,0.000397,0.000220,0.000893,0.001440,0.001576,0.000045,0.004265,0.001277,0.000000,0.002646,0.000426,0.000013,0.000071,0.006920
2,2,9,"q9_case2",212,256,2304,589824,589824,1,54017,131072,2,1,589824,589355,0.000355,0.000000,0.003946,0.000028,0.000305,0.000398,0.000349,0.000928,0.001698,0.001592,0.000062,0.008143,0.001281,0.000000,0.006491,0.000427,0.000021,0.000075,0.010804
2,2,9,"q9_case2",213,256,2304,589824,589824,1,54273,131072,2,1,589824,589368,0.000360,0.000000,0.000306,0.000021,0.000249,0.000397,0.000268,0.000866,0.001474,0.001427,0.000044,0.004107,0.001280,0.000000,0.002638,0.000421,0.000015,0.000076,0.006673
2,2,9,"q9_case2",214,256,2304,589824,589824,1,54529,131072,2,1,589824,589546,0.000354,0.000000,0.000460,0.000022,0.000270,0.000396,0.000262,0.000866,0.001486,0.001629,0.000052,0.004543,0.001274,0.000000,0.002864,0.000416,0.000020,0.000088,0.007236
2,2,9,"q9_case2",215,256,2304,589824,589824,1,54785,131072,2,1,589824,589235,0.000359,0.000000,0.000582,0.000020,0.000278,0.000396,0.000299,0.000847,0.001514,0.001190,0.000044,0.004226,0.001276,0.000000,0.002995,0.000417,0.000014,0.000078,0.006557
2,2,9,"q9_case2",216,256,2304,589824,589824,1,55041,131072,2,1,589824,589528,0.000373,0.000000,0.000263,0.000019,0.000260,0.000396,0.000232,0.000833,0.001405,0.001461,0.000053,0.004100,0.001287,0.000000,0.002588,0.000408,0.000019,0.000075,0.006667
2,2,9,"q9_case2",217,256,2304,589824,589824,1,55297,131072,2,1,589824,589416,0.000353,0.000000,0.000295,0.000023,0.000250,0.000399,0.000285,0.000912,0.001556,0.001613,0.000048,0.004367,0.001278,0.000000,0.002708,0.000420,0.000014,0.000075,0.007048
2,2,9,"q9_case2",218,256,2304,589824,589824,1,55553,131072,2,1,589824,589226,0.000359,0.000000,0.000280,0.000021,0.000263,0.000394,0.000266,0.000875,0.001469,0.001484,0.000053,0.004184,0.001276,0.000000,0.002651,0.000433,0.000028,0.000103,0.006829
2,2,9,"q9_case2",219,256,2304,589824,589824,1,55809,131072,2,1,589824,589541,0.000357,0.000000,0.000324,0.000023,0.000273,0.000398,0.000349,0.000874,0.001598,0.001622,0.000053,0.004485,0.001288,0.000000,0.002811,0.000407,0.000015,0.000072,0.007162
2,2,9,"q9_case2",220,256,2304,589824,589824,1,56065,131072,2,1,589824,589326,0.000359,0.000000,0.000348,0.000034,0.000267,0.000415,0.000214,0.000870,0.001446,0.001469,0.000047,0.004191,0.001272,0.000000,0.002677,0.000442,0.000020,0.000072,0.006787
2,2,9,"q9_case2",221,256,2304,589824,589824,1,56321,131072,2,1,589824,589556,0.000361,0.000000,0.000365,0.000024,0.000267,0.000399,0.000280,0.000887,0.001526,0.001637,0.000063,0.004563,0.001281,0.000000,0.002864,0.000453,0.000015,0.000075,0.007287
2,2,9,"q9_case2",222,256,2304,589824,589824,1,56577,131072,2,1,589824,589327,0.000371,0.000000,0.000294,0.000025,0.000270,0.000396,0.000168,0.000861,0.001412,0.001506,0.000048,0.004153,0.001285,0.000000,0.002601,0.000435,0.000020,0.000074,0.006820
2,2,9,"q9_case2",223,256,2304,589824,589824,1,56833,131072,2,1,589824,589547,0.000358,0.000000,0.000413,0.000024,0.000275,0.000394,0.000262,0.000920,0.001537,0.001633,0.000050,0.004543,0.001282,0.000000,0.002863,0.000409,0.000014,0.000073,0.007226
2,2,9,"q9_case2",224,256,2304,589824,589824,1,57089,131072,2,1,589824,589325,0.000356,0.000000,0.000291,0.000022,0.000272,0.000395,0.000263,0.000848,0.001465,0.001479,0.000044,0.004155,0.001281,0.000000,0.002633,0.000417,0.000020,0.000091,0.006761
2,2,9,"q9_case2",225,256,2304,589824,589824,1,57345,131072,2,1,589824,589548,0.000362,0.000000,0.000284,0.000022,0.000260,0.000397,0.000272,0.000871,0.001469,0.001628,0.000060,0.004349,0.001288,0.000000,0.002664,0.000415,0.000014,0.000078,0.007052
2,2,9,"q9_case2",226,256,2304,589824,589824,1,57601,131072,2,1,589824,589326,0.000356,0.000000,0.000357,0.000025,0.000277,0.000398,0.000296,0.000871,0.001500,0.001523,0.000048,0.004343,0.001284,0.000000,0.002773,0.000420,0.000021,0.000089,0.007001
2,2,9,"q9_case2",227,256,2304,589824,589824,1,57857,131072,2,1,589824,589551,0.000354,0.000000,0.000329,0.000023,0.000277,0.000389,0.000243,0.000927,0.001570,0.001652,0.000049,0.004500,0.001288,0.000000,0.002800,0.000409,0.000016,0.000075,0.007241
2,2,9,"q9_case2",228,256,2304,589824,589824,1,58113,131072,2,1,589824,589323,0.000356,0.000000,0.001554,0.000022,0.000261,0.000393,0.000291,0.000883,0.001521,0.001523,0.000043,0.005489,0.001276,0.000000,0.003925,0.000410,0.000022,0.000101,0.008154
2,2,9,"q9_case2",229,256,2304,589824,589824,1,58369,131072,2,1,589824,589542,0.000362,0.000000,0.002485,0.000027,0.000247,0.000401,0.000247,0.000903,0.001500,0.001663,0.000071,0.006630,0.001280,0.000000,0.004902,0.000417,0.000014,0.000074,0.009316
2,2,9,"q9_case2",230,256,2304,589824,589824,1,58625,131072,2,1,589824,589324,0.000355,0.000000,0.000263,0.000024,0.000287,0.000396,0.000274,0.000868,0.001483,0.001545,0.000055,0.004298,0.001285,0.000000,0.002699,0.000418,0.000022,0.000077,0.006953
2,2,9,"q9_case2",231,256,2304,589824,589824,1,58881,131072,2,1,589824,589544,0.000353,0.000000,0.000332,0.000033,0.000249,0.000394,0.000261,0.000943,0.001566,0.001641,0.000053,0.004491,0.001289,0.000000,0.002800,0.000426,0.000015,0.000074,0.007206
2,2,9,"q9_case2",232,256,2304,589824,589824,1,59137,131072,2,1,589824,589324,0.000360,0.000000,0.000305,0.000024,0.000278,0.000396,0.000282,0.000880,0.001502,0.001733,0.000053,0.004545,0.001277,0.000000,0.002760,0.000420,0.000024,0.000113,0.007311
2,2,9,"q9_case2",233,256,2304,589824,589824,1,59393,131072,2,1,589824,589331,0.000360,0.000000,0.000259,0.000054,0.000252,0.000397,0.000268,0.000880,0.001481,0.001695,0.000057,0.004382,0.001282,0.000000,0.002632,0.000432,0.000014,0.000073,0.007103
2,2,9,"q9_case2",234,256,2304,589824,589824,1,59649,131072,2,1,589824,589370,0.000361,0.000000,0.000467,0.000021,0.000260,0.000398,0.000210,0.000898,0.001452,0.001610,0.000051,0.004448,0.001277,0.000000,0.002789,0.000416,0.000020,0.000078,0.007161
2,2,9,"q9_case2",235,256,2304,589824,589824,1,59905,131072,2,1,589824,589400,0.000359,0.000000,0.000287,0.000025,0.000285,0.000391,0.000267,0.000928,0.001553,0.001599,0.000047,0.004399,0.001280,0.000000,0.002756,0.000413,0.000015,0.000073,0.007060
2,2,9,"q9_case2",236,256,2304,589824,589824,1,60161,131072,2,1,589824,589365,0.000353,0.000000,0.000325,0.000023,0.000271,0.000396,0.000255,0.000850,0.001424,0.001593,0.000049,0.004316,0.001274,0.000000,0.002680,0.000453,0.000019,0.000076,0.007027
2,2,9,"q9_case2",237,256,2304,589824,589824,1,60417,131072,2,1,589824,589325,0.000354,0.000000,0.003108,0.000023,0.000287,0.000397,0.000264,0.000868,0.001520,0.001574,0.000047,0.007085,0.001277,0.000000,0.005467,0.000417,0.000013,0.000073,0.009718
2,2,9,"q9_case2",238,256,2304,589824,589824,1,60673,131072,2,1,589824,589326,0.000353,0.000000,0.000293,0.000020,0.000249,0.000398,0.000245,0.000888,0.001450,0.001572,0.000062,0.004333,0.001272,0.000000,0.002700,0.000416,0.000019,0.000084,0.006963
2,2,9,"q9_case2",239,256,2304,589824,589824,1,60929,131072,2,1,589824,589323,0.000358,0.000000,0.000575,0.000024,0.000270,0.000394,0.000208,0.000910,0.001468,0.001587,0.000053,0.004600,0.001284,0.000000,0.002962,0.000418,0.000019,0.000108,0.007303
2,2,9,"q9_case2",240,256,2304,589824,589824,1,61185,131072,2,1,589824,589345,0.000357,0.000000,0.000311,0.000045,0.000330,0.000393,0.000266,0.000888,0.001586,0.001569,0.000050,0.004452,0.001273,0.000000,0.002835,0.000413,0.000018,0.000077,0.007070
2,2,9,"q9_case2",241,256,2304,589824,589824,1,61441,131072,2,1,589824,589363,0.000356,0.000000,0.000379,0.000020,0.000281,0.000395,0.000257,0.000879,0.001550,0.001544,0.000051,0.004364,0.001275,0.000000,0.002770,0.000449,0.000014,0.000076,0.007021
2,2,9,"q9_case2",242,256,2304,589824,589824,1,61697,131072,2,1,589824,589343,0.000360,0.000000,0.000283,0.000047,0.000261,0.000399,0.000268,0.000873,0.001497,0.001450,0.000044,0.004209,0.001281,0.000000,0.002717,0.000406,0.000020,0.000078,0.006774
2,2,9,"q9_case2",243,256,2304,589824,589824,1,61953,131072,2,1,589824,589555,0.000368,0.000000,0.000292,0.000021,0.000257,0.000394,0.000258,0.000894,0.001491,0.001639,0.000049,0.004406,0.001292,0.000000,0.002720,0.000428,0.000015,0.000087,0.007129
2,2,9,"q9_case2",244,256,2304,589824,589824,1,62209,131072,2,1,589824,589331,0.000356,0.000000,0.000267,0.000026,0.000266,0.000394,0.000250,0.000849,0.001472,0.001700,0.000047,0.004334,0.001271,0.000000,0.002589,0.000427,0.000017,0.000073,0.007033
2,2,9,"q9_case2",245,256,2304,589824,589824,1,62465,131072,2,1,589824,589447,0.000358,0.000000,0.003752,0.000027,0.000252,0.000399,0.000265,0.000880,0.001482,0.001471,0.000051,0.007644,0.001279,0.000000,0.006124,0.000419,0.000016,0.000081,0.010286
2,2,9,"q9_case2",246,256,2304,589824,589824,1,62721,131072,2,1,589824,589547,0.000362,0.000000,0.000370,0.000025,0.000278,0.000397,0.000282,0.000874,0.001530,0.001591,0.000076,0.004560,0.001298,0.000000,0.002896,0.000424,0.000033,0.000112,0.007293
2,2,9,"q9_case2",247,256,2304,589824,589824,1,62977,131072,2,1,589824,589315,0.000389,0.000000,0.000384,0.000027,0.000254,0.000392,0.000221,0.000902,0.001452,0.001677,0.000071,0.004523,0.001330,0.000000,0.002778,0.000439,0.000024,0.000103,0.007348
2,2,9,"q9_case2",248,256,2304,589824,589824,1,63233,131072,2,1,589824,589317,0.000359,0.000000,0.000232,0.000032,0.000285,0.000396,0.000315,0.000868,0.001522,0.001549,0.000062,0.004262,0.001287,0.000000,0.002653,0.000427,0.000022,0.000081,0.006930
2,2,9,"q9_case2",249,256,2304,589824,589824,1,63489,131072,2,1,589824,589548,0.000364,0.000000,0.000266,0.000026,0.000293,0.000396,0.000307,0.000915,0.001558,0.001685,0.000083,0.004586,0.001303,0.000000,0.002820,0.000424,0.000020,0.000085,0.007357
2,2,9,"q9_case2",250,256,2304,589824,589824,1,63745,131072,2,1,589824,589330,0.000368,0.000000,0.000293,0.000022,0.000252,0.000409,0.000280,0.000841,0.001436,0.001541,0.000056,0.004282,0.001296,0.000000,0.002688,0.000418,0.000025,0.000077,0.006909
2,2,9,"q9_case2",251,256,2304,589824,589824,1,64001,131072,2,1,589824,589552,0.000361,0.000000,0.000268,0.000033,0.000259,0.000388,0.000263,0.000873,0.001475,0.001682,0.000062,0.004424,0.001319,0.000000,0.002682,0.000415,0.000018,0.000083,0.007178
2,2,9,"q9_case2",252,256,2304,589824,589824,1,64257,131072,2,1,589824,589333,0.000379,0.000000,0.000295,0.000027,0.000252,0.000389,0.000253,0.000896,0.001483,0.001696,0.000082,0.004531,0.001301,0.000000,0.002756,0.000454,0.000043,0.000103,0.007392
2,2,9,"q9_case2",253,256,2304,589824,589824,1,64513,131072,2,1,589824,589457,0.000369,0.000000,0.000365,0.000030,0.000270,0.000393,0.000312,0.000891,0.001528,0.001636,0.000068,0.004526,0.001307,0.000000,0.002826,0.000445,0.000019,0.000082,0.007294
2,2,9,"q9_case2",254,256,2304,589824,589824,1,64769,131072,2,1,589824,589430,0.000362,0.000000,0.000323,0.000027,0.000273,0.000392,0.000238,0.000920,0.001533,0.001641,0.000083,0.004428,0.001299,0.000000,0.002707,0.000429,0.000031,0.000088,0.007172
2,2,9,"q9_case2",255,256,2304,589824,589824,1,65025,131072,2,1,589824,589459,0.000363,0.000001,0.000222,0.000032,0.000257,0.000392,0.000255,0.000911,0.001476,0.001633,0.000062,0.004338,0.001304,0.000000,0.002646,0.000445,0.000018,0.000085,0.007098
2,2,9,"q9_case2",256,256,2304,589824,589824,1,65281,131072,2,1,589824,589439,0.000360,0.000000,0.000796,0.000029,0.000265,0.000392,0.000263,0.000864,0.001441,0.001660,0.000086,0.004889,0.001296,0.000000,0.003145,0.000437,0.000027,0.006257,0.013789
2,2,9,"q9_case2",257,256,2304,589824,589824,1,65537,262144,2,1,589824,589433,0.004762,0.000001,0.001617,0.000000,0.000277,0.000405,0.000266,0.000889,0.001484,0.001609,0.000098,0.010145,0.001306,0.001651,0.008591,0.000462,0.000023,0.000069,0.014709
2,2,9,"q9_case2",258,256,2304,589824,589824,1,65793,262144,2,1,589824,589417,0.000357,0.000000,0.000371,0.000022,0.000275,0.000398,0.000281,0.000918,0.001593,0.001577,0.000065,0.004540,0.001305,0.000000,0.002901,0.000412,0.000022,0.000067,0.007194
2,2,9,"q9_case2",259,256,2304,589824,589824,1,66049,262144,2,1,589824,589406,0.000374,0.000000,0.000316,0.000019,0.000264,0.000393,0.000613,0.000888,0.001856,0.001573,0.000053,0.004760,0.001291,0.000000,0.003135,0.000414,0.000016,0.000081,0.007458
2,2,9,"q9_case2",260,256,2304,589824,589824,1,66305,262144,2,1,589824,589411,0.000357,0.000000,0.000392,0.000015,0.000270,0.000392,0.000264,0.000891,0.001578,0.001462,0.000042,0.004386,0.001283,0.000000,0.002885,0.000431,0.000018,0.000064,0.007044
2,2,9,"q9_case2",261,256,2304,589824,589824,1,66561,262144,2,1,589824,589558,0.000357,0.000000,0.000270,0.000043,0.000269,0.000392,0.000218,0.000928,0.001465,0.001657,0.000052,0.004415,0.001278,0.000000,0.002708,0.000416,0.000015,0.000067,0.007169
2,2,9,"q9_case2",262,256,2304,589824,589824,1,66817,262144,2,1,589824,589329,0.000357,0.000000,0.000422,0.000019,0.000274,0.000396,0.000270,0.000907,0.001497,0.001643,0.000053,0.004497,0.001276,0.000000,0.002803,0.000449,0.000018,0.000071,0.007196
2,2,9,"q9_case2",263,256,2304,589824,589824,1,67073,262144,2,1,589824,589332,0.000361,0.000000,0.000293,0.000019,0.000296,0.000394,0.000264,0.000863,0.001496,0.001591,0.000072,0.004386,0.001287,0.000000,0.002725,0.000433,0.000018,0.000076,0.007040
2,2,9,"q9_case2",264,256,2304,589824,589824,1,67329,262144,2,1,589824,589353,0.000366,0.000000,0.000319,0.000033,0.000264,0.000395,0.000251,0.000891,0.001481,0.001659,0.000084,0.004464,0.001295,0.000000,0.002723,0.000440,0.000027,0.000087,0.007205
2,2,9,"q9_case2",265,256,2304,589824,589824,1,67585,262144,2,1,589824,589316,0.000372,0.000000,0.001871,0.000040,0.000304,0.000398,0.000304,0.000902,0.001572,0.001593,0.000068,0.006054,0.001290,0.000000,0.004395,0.000430,0.000020,0.000082,0.008739
2,2,9,"q9_case2",266,256,2304,589824,589824,1,67841,262144,2,1,589824,589517,0.000373,0.000000,0.000322,0.000022,0.000277,0.000392,0.000320,0.000925,0.001594,0.001686,0.000078,0.004643,0.001305,0.000000,0.002882,0.000445,0.000025,0.000075,0.007400
2,2,9,"q9_case2",267,256,2304,589824,589824,1,68097,262144,2,1,589824,589332,0.000364,0.000000,0.000380,0.000022,0.000267,0.000392,0.000249,0.000906,0.001466,0.001575,0.000063,0.004497,0.001309,0.000000,0.002862,0.000438,0.000018,0.000085,0.007228
2,2,9,"q9_case2",268,256,2304,589824,589824,1,68353,262144,2,1,589824,589536,0.000366,0.000000,0.000267,0.000023,0.000283,0.000396,0.000238,0.000932,0.001503,0.001710,0.000076,0.004534,0.001311,0.000000,0.002750,0.000409,0.000024,0.000077,0.007250
2,2,9,"q9_case2",269,256,2304,589824,589824,1,68609,262144,2,1,589824,589335,0.000377,0.000000,0.000354,0.000022,0.000264,0.000393,0.000211,0.000883,0.001403,0.001739,0.000079,0.004584,0.001304,0.000000,0.002769,0.000426,0.000020,0.000074,0.007319
2,2,9,"q9_case2",270,256,2304,589824,589824,1,68865,262144,2,1,589824,589331,0.000365,0.000000,0.000412,0.000028,0.000262,0.000395,0.000219,0.000941,0.001467,0.001524,0.000067,0.004434,0.001313,0.000000,0.002846,0.000446,0.000025,0.000072,0.007094
2,2,9,"q9_case2",271,256,2304,589824,589824,1,69121,262144,2,1,589824,589540,0.000363,0.000000,0.000310,0.000041,0.000282,0.000392,0.000237,0.000937,0.001523,0.001659,0.000082,0.004584,0.001320,0.000000,0.002844,0.000434,0.000019,0.000085,0.007339
2,2,9,"q9_case2",272,256,2304,589824,589824,1,69377,262144,2,1,589824,589334,0.000367,0.000000,0.000302,0.000019,0.000296,0.000400,0.000195,0.000866,0.001401,0.001582,0.000064,0.004285,0.001315,0.000000,0.002641,0.000425,0.000026,0.000072,0.006960
2,2,9,"q9_case2",273,256,2304,589824,589824,1,69633,262144,2,1,589824,589534,0.000364,0.000000,0.000435,0.000021,0.000264,0.000395,0.000257,0.000937,0.001517,0.001691,0.000090,0.004644,0.001316,0.000000,0.002867,0.000458,0.000022,0.000076,0.007444
2,2,9,"q9_case2",274,256,2304,589824,589824,1,69889,262144,2,1,589824,589334,0.000370,0.000000,0.000342,0.000024,0.000267,0.000395,0.000206,0.000919,0.001454,0.001745,0.000069,0.004519,0.001357,0.000000,0.002709,0.000433,0.000022,0.000077,0.007330
2,2,9,"q9_case2",275,256,2304,589824,589824,1,70145,262144,2,1,589824,589338,0.000368,0.000000,0.000162,0.000035,0.000260,0.000398,0.000257,0.000895,0.001480,0.001561,0.000063,0.004194,0.001309,0.000000,0.002573,0.000431,0.000019,0.000076,0.006858
2,2,9,"q9_case2",276,256,2304,589824,589824,1,70401,262144,2,1,589824,589550,0.000371,0.000000,0.000310,0.000027,0.000265,0.000395,0.000246,0.000903,0.001476,0.001658,0.000070,0.004548,0.001342,0.000000,0.002824,0.000431,0.000024,0.000074,0.007374
2,2,9,"q9_case2",277,256,2304,589824,589824,1,70657,262144,2,1,589824,589335,0.000363,0.000000,0.000281,0.000019,0.000265,0.000395,0.000251,0.000942,0.001515,0.001614,0.000069,0.004442,0.001301,0.000000,0.002761,0.000435,0.000019,0.000077,0.007149
2,2,9,"q9_case2",278,256,2304,589824,589824,1,70913,262144,2,1,589824,589536,0.000366,0.000000,0.003469,0.000040,0.000296,0.000399,0.000339,0.000939,0.001633,0.001703,0.000109,0.007876,0.001320,0.000000,0.006069,0.000450,0.000050,0.000102,0.010722
2,2,9,"q9_case2",279,256,2304,589824,589824,1,71169,262144,2,1,589824,589331,0.000362,0.000000,0.000346,0.000023,0.000309,0.000395,0.000263,0.000894,0.001527,0.001729,0.000082,0.004653,0.001316,0.000000,0.002846,0.000441,0.000021,0.000079,0.007450
2,2,9,"q9_case2",280,256,2304,589824,589824,1,71425,262144,2,1,589824,589335,0.000369,0.000000,0.000399,0.000035,0.000264,0.000403,0.000270,0.000872,0.001458,0.001524,0.000052,0.004361,0.001308,0.000000,0.002789,0.000413,0.000020,0.000071,0.006966
2,2,9,"q9_case2",281,256,2304,589824,589824,1,71681,262144,2,1,589824,589552,0.000380,0.000000,0.000299,0.000021,0.000264,0.000393,0.000253,0.000905,0.001528,0.001656,0.000076,0.004538,0.001319,0.000000,0.002808,0.000438,0.000018,0.000076,0.007291
2,2,9,"q9_case2",282,256,2304,589824,589824,1,71937,262144,2,1,589824,589329,0.000366,0.000000,0.000287,0.000026,0.000275,0.000392,0.000291,0.000886,0.001535,0.001722,0.000083,0.004607,0.001328,0.000000,0.002805,0.000420,0.000035,0.000105,0.007403
2,2,9,"q9_case2",283,256,2304,589824,589824,1,72193,262144,2,1,589824,589382,0.000363,0.000000,0.000227,0.000025,0.000265,0.000398,0.000587,0.000873,0.001802,0.001560,0.000054,0.004545,0.001315,0.000000,0.002935,0.000419,0.000016,0.000076,0.007211
2,2,9,"q9_case2",284,256,2304,589824,589824,1,72449,262144,2,1,589824,589548,0.000367,0.000000,0.000299,0.000021,0.000266,0.000393,0.000251,0.000907,0.001546,0.001686,0.000072,0.004619,0.001304,0.000000,0.002863,0.000430,0.000022,0.000074,0.007349
2,2,9,"q9_case2",285,256,2304,589824,589824,1,72705,262144,2,1,589824,589326,0.000371,0.000000,0.000335,0.000022,0.000264,0.000428,0.000197,0.000920,0.001483,0.001741,0.000075,0.004650,0.001303,0.000000,0.002836,0.000432,0.000019,0.000077,0.007404
2,2,9,"q9_case2",286,256,2304,589824,589824,1,72961,262144,2,1,589824,589328,0.000364,0.000000,0.000557,0.000021,0.000265,0.000397,0.000218,0.000916,0.001448,0.001655,0.000072,0.004700,0.001307,0.000000,0.002976,0.000421,0.000033,0.000101,0.007448
2,2,9,"q9_case2",287,256,2304,589824,589824,1,73217,262144,2,1,589824,589321,0.000369,0.000000,0.000268,0.000043,0.000286,0.000389,0.000297,0.000933,0.001549,0.001617,0.000058,0.004492,0.001311,0.000000,0.002819,0.000410,0.000016,0.000072,0.007174
2,2,9,"q9_case2",288,256,2304,589824,589824,1,73473,262144,2,1,589824,589398,0.000364,0.000000,0.000325,0.000022,0.000288,0.000393,0.000263,0.000929,0.001576,0.001643,0.000074,0.004483,0.001308,0.000000,0.002768,0.000423,0.000025,0.000074,0.007178
2,2,9,"q9_case2",289,256,2304,589824,589824,1,73729,262144,2,1,589824,589394,0.000386,0.000000,0.000389,0.000028,0.000263,0.000404,0.000241,0.000915,0.001532,0.001618,0.000079,0.004524,0.001314,0.000000,0.002830,0.000426,0.000020,0.000079,0.007240
2,2,9,"q9_case2",290,256,2304,589824,589824,1,73985,262144,2,1,589824,589423,0.000373,0.000000,0.000403,0.000027,0.000270,0.000392,0.000269,0.000925,0.001500,0.001628,0.000081,0.004561,0.001312,0.000000,0.002855,0.000436,0.000028,0.000082,0.007275
2,2,9,"q9_case2",291,256,2304,589824,589824,1,74241,262144,2,1,589824,589396,0.000367,0.000000,0.000643,0.000046,0.000396,0.000399,0.000272,0.000936,0.001665,0.001618,0.000080,0.005127,0.001320,0.000000,0.003432,0.000425,0.000021,0.000074,0.007821
2,2,9,"q9_case2",292,256,2304,589824,589824,1,74497,262144,2,1,589824,589357,0.000363,0.000000,0.000599,0.000042,0.000338,0.000413,0.000285,0.000869,0.001662,0.001491,0.000064,0.004762,0.001312,0.000000,0.003210,0.000433,0.000027,0.000108,0.007401
2,2,9,"q9_case2",293,256,2304,589824,589824,1,74753,262144,2,1,589824,589560,0.000360,0.000000,0.000356,0.000019,0.000266,0.000386,0.000274,0.000904,0.001502,0.001610,0.000060,0.004402,0.001305,0.000000,0.002733,0.000410,0.000015,0.000072,0.007075
2,2,9,"q9_case2",294,256,2304,589824,589824,1,75009,262144,2,1,589824,589327,0.000375,0.000000,0.000279,0.000021,0.000269,0.000393,0.000253,0.000897,0.001515,0.001518,0.000058,0.004343,0.001301,0.000000,0.002769,0.000413,0.000022,0.000072,0.006946
2,2,9,"q9_case2",295,256,2304,589824,589824,1,75265,262144,2,1,589824,589545,0.000361,0.000000,0.000347,0.000021,0.000274,0.000388,0.000290,0.000864,0.001520,0.001604,0.000060,0.004460,0.001308,0.000000,0.002797,0.000423,0.000014,0.000072,0.007156
2,2,9,"q9_case2",296,256,2304,589824,589824,1,75521,262144,2,1,589824,589320,0.000365,0.000000,0.000312,0.000021,0.000283,0.000389,0.000302,0.000884,0.001553,0.001669,0.000072,0.004548,0.001293,0.000000,0.002809,0.000413,0.000022,0.000083,0.007233
2,2,9,"q9_case2",297,256,2304,589824,589824,1,75777,262144,2,1,589824,589389,0.000363,0.000000,0.000263,0.000021,0.000261,0.000393,0.000229,0.000917,0.001478,0.001619,0.000064,0.004365,0.001307,0.000000,0.002684,0.000439,0.000016,0.000070,0.007117
2,2,9,"q9_case2",298,256,2304,589824,589824,1,76033,262144,2,1,589824,589367,0.000362,0.000000,0.004517,0.000021,0.000262,0.000394,0.000257,0.000877,0.001456,0.001486,0.000055,0.008472,0.001308,0.000000,0.006934,0.000426,0.000020,0.000074,0.011072
2,2,9,"q9_case2",299,256,2304,589824,589824,1,76289,262144,2,1,589824,589556,0.000360,0.000000,0.000315,0.000021,0.000268,0.000385,0.000284,0.000909,0.001562,0.001624,0.000063,0.004483,0.001313,0.000000,0.002798,0.000423,0.000021,0.000097,0.007210
2,2,9,"q9_case2",300,256,2304,589824,589824,1,76545,262144,2,1,589824,589324,0.000361,0.000000,0.000409,0.000021,0.000258,0.000391,0.000595,0.000840,0.001767,0.001425,0.000050,0.004566,0.001304,0.000000,0.003093,0.000406,0.000023,0.000072,0.007105
2,2,9,"q9_case2",301,256,2304,589824,589824,1,76801,262144,2,1,589824,589555,0.000358,0.000000,0.000292,0.000018,0.000264,0.000390,0.000270,0.000891,0.001483,0.001627,0.000061,0.004365,0.001299,0.000000,0.002679,0.000408,0.000015,0.000068,0.007054
2,2,9,"q9_case2",302,256,2304,589824,589824,1,77057,262144,2,1,589824,589336,0.000365,0.000000,0.000268,0.000017,0.000275,0.000392,0.000226,0.000977,0.001491,0.001832,0.000081,0.004636,0.001301,0.000000,0.002724,0.000411,0.000023,0.000079,0.007347
2,2,9,"q9_case2",303,256,2304,589824,589824,1,77313,262144,2,1,589824,589355,0.000362,0.000000,0.004552,0.000022,0.000266,0.000395,0.000246,0.000914,0.001507,0.001638,0.000077,0.008732,0.001322,0.000000,0.007020,0.000432,0.000020,0.000075,0.011476
2,2,9,"q9_case2",304,256,2304,589824,589824,1,77569,262144,2,1,589824,589369,0.000364,0.000000,0.000328,0.000020,0.000264,0.000391,0.000248,0.000854,0.001455,0.001423,0.000049,0.004181,0.001308,0.000000,0.002712,0.000421,0.000018,0.000074,0.006730
2,2,9,"q9_case2",305,256,2304,589824,589824,1,77825,262144,2,1,589824,589552,0.000360,0.000000,0.000360,0.000018,0.000293,0.000388,0.000279,0.000889,0.001529,0.001683,0.000064,0.004533,0.001301,0.000000,0.002788,0.000420,0.000018,0.000105,0.007290
2,2,9,"q9_case2",306,256,2304,589824,589824,1,78081,262144,2,1,589824,589330,0.000362,0.000000,0.000285,0.000020,0.000277,0.000388,0.000283,0.000855,0.001483,0.001661,0.000051,0.004390,0.001303,0.000000,0.002680,0.000418,0.000018,0.000068,0.007086
2,2,9,"q9_case2",307,256,2304,589824,589824,1,78337,262144,2,1,589824,589396,0.000372,0.000000,0.000329,0.000017,0.000295,0.000387,0.000296,0.000883,0.001511,0.001631,0.000052,0.004482,0.001304,0.000000,0.002801,0.000417,0.000014,0.000069,0.007169
2,2,9,"q9_case2",308,256,2304,589824,589824,1,78593,262144,2,1,589824,589372,0.000363,0.000000,0.004731,0.000017,0.000273,0.000388,0.000251,0.000877,0.001473,0.001597,0.000055,0.008736,0.001295,0.000000,0.007085,0.000411,0.000020,0.000072,0.011384
2,2,9,"q9_case2",309,256,2304,589824,589824,1,78849,262144,2,1,589824,589391,0.000363,0.000000,0.000298,0.000016,0.000287,0.000390,0.000292,0.000948,0.001615,0.001531,0.000049,0.004385,0.001295,0.000000,0.002807,0.000429,0.000014,0.000090,0.007029
2,2,9,"q9_case2",310,256,2304,589824,589824,1,79105,262144,2,1,589824,589560,0.000358,0.000000,0.000301,0.000026,0.000280,0.000384,0.000215,0.000899,0.001466,0.001664,0.000053,0.004358,0.001296,0.000000,0.002643,0.000429,0.000020,0.000073,0.007067
2,2,9,"q9_case2",311,256,2304,589824,589824,1,79361,262144,2,1,589824,589326,0.000360,0.000000,0.000311,0.000017,0.000269,0.000389,0.000257,0.000869,0.001478,0.001493,0.000044,0.004260,0.001283,0.000000,0.002725,0.000423,0.000016,0.000072,0.006846
2,2,9,"q9_case2",312,256,2304,589824,589824,1,79617,262144,2,1,589824,589548,0.000355,0.000000,0.000252,0.000018,0.000274,0.000387,0.000249,0.000873,0.001444,0.001639,0.000057,0.004311,0.001291,0.000000,0.002616,0.000427,0.000018,0.000070,0.006995
2,2,9,"q9_case2",313,256,2304,589824,589824,1,79873,262144,2,1,589824,589328,0.000357,0.000000,0.002180,0.000018,0.000275,0.000388,0.000197,0.000883,0.001435,0.001542,0.000060,0.006080,0.001284,0.000000,0.004481,0.000421,0.000017,0.000086,0.008721
2,2,9,"q9_case2",314,256,2304,589824,589824,1,80129,262144,2,1,589824,589540,0.000359,0.000000,0.000299,0.000019,0.000263,0.000386,0.000274,0.000871,0.001457,0.001640,0.000059,0.004371,0.001308,0.000000,0.002674,0.000421,0.000019,0.000071,0.007077
2,2,9,"q9_case2",315,256,2304,589824,589824,1,80385,262144,2,1,589824,589327,0.000362,0.000000,0.000282,0.000022,0.000305,0.000387,0.000281,0.000871,0.001498,0.001516,0.000045,0.004302,0.001287,0.000000,0.002743,0.000412,0.000014,0.000068,0.006893
2,2,9,"q9_case2",316,256,2304,589824,589824,1,80641,262144,2,1,589824,589544,0.000361,0.000000,0.000735,0.000018,0.000277,0.000386,0.000315,0.000897,0.001566,0.001679,0.000069,0.004933,0.001300,0.000000,0.003187,0.000419,0.000021,0.000072,0.007635
2,2,9,"q9_case2",317,256,2304,589824,589824,1,80897,262144,2,1,589824,589326,0.000363,0.000000,0.000302,0.000044,0.000296,0.000388,0.000235,0.000860,0.001468,0.001539,0.000050,0.004334,0.001293,0.000000,0.002747,0.000412,0.000015,0.000083,0.006948
2,2,9,"q9_case2",318,256,2304,589824,589824,1,81153,262144,2,1,589824,589545,0.000366,0.000000,0.000546,0.000019,0.000285,0.000390,0.000259,0.000935,0.001548,0.001638,0.000049,0.004676,0.001288,0.000000,0.002991,0.000412,0.000018,0.000070,0.007352
2,2,9,"q9_case2",319,256,2304,589824,589824,1,81409,262144,2,1,589824,589325,0.000363,0.000000,0.000308,0.000020,0.000275,0.000387,0.000255,0.000857,0.001493,0.001499,0.000045,0.004228,0.001280,0.000000,0.002687,0.000417,0.000017,0.000098,0.006832
2,2,9,"q9_case2",320,256,2304,589824,589824,1,81665,262144,2,1,589824,589546,0.000369,0.000000,0.000468,0.000022,0.000284,0.000386,0.000297,0.000887,0.001867,0.001657,0.000068,0.004762,0.001291,0.000000,0.003040,0.000422,0.000021,0.000072,0.007459
2,2,9,"q9_case2",321,256,2304,589824,589824,1,81921,262144,2,1,589824,589329,0.000358,0.000000,0.000370,0.000022,0.000262,0.000387,0.000263,0.000859,0.001487,0.001501,0.000048,0.004302,0.001303,0.000000,0.002755,0.000415,0.000016,0.000074,0.006901
2,2,9,"q9_case2",322,256,2304,589824,589824,1,82177,262144,2,1,589824,589543,0.000360,0.000000,0.000348,0.000021,0.000280,0.000384,0.000306,0.000876,0.001522,0.001650,0.000068,0.004544,0.001303,0.000000,0.002829,0.000433,0.000022,0.000075,0.007253
2,2,9,"q9_case2",323,256,2304,589824,589824,1,82433,262144,2,1,589824,589329,0.000361,0.000000,0.000350,0.000021,0.000285,0.000388,0.000278,0.000884,0.001518,0.001593,0.000059,0.004451,0.001309,0.000000,0.002805,0.000428,0.000018,0.000091,0.007218
2,2,9,"q9_case2",324,256,2304,589824,589824,1,82689,262144,2,1,589824,589540,0.000365,0.000000,0.004499,0.000024,0.000259,0.000381,0.000277,0.000926,0.001516,0.001670,0.000078,0.008718,0.001299,0.000000,0.006972,0.000428,0.000024,0.000075,0.011433
2,2,9,"q9_case2",325,256,2304,589824,589824,1,82945,262144,2,1,589824,589324,0.000363,0.000000,0.000245,0.000022,0.000263,0.000387,0.000260,0.000871,0.001440,0.001543,0.000053,0.004252,0.001309,0.000000,0.002658,0.000434,0.000017,0.000080,0.006997
2,2,9,"q9_case2",326,256,2304,589824,589824,1,83201,262144,2,1,589824,589543,0.000364,0.000000,0.000384,0.000023,0.000267,0.000385,0.000276,0.000921,0.001530,0.001679,0.000067,0.004586,0.001316,0.000000,0.002843,0.000423,0.000019,0.000070,0.007317
2,2,9,"q9_case2",327,256,2304,589824,589824,1,83457,262144,2,1,589824,589325,0.000366,0.000000,0.000364,0.000019,0.000280,0.000387,0.000274,0.000909,0.001537,0.001672,0.000070,0.004578,0.001321,0.000000,0.002838,0.000450,0.000019,0.000090,0.007431
2,2,9,"q9_case2",328,256,2304,589824,589824,1,83713,262144,2,1,589824,589297,0.000359,0.000000,0.000249,0.000023,0.000262,0.000388,0.000171,0.000892,0.001404,0.001632,0.000052,0.004295,0.001306,0.000000,0.002614,0.000412,0.000017,0.000073,0.006997
2,2,9,"q9_case2",329,256,2304,589824,589824,1,83969,262144,2,1,589824,589390,0.000356,0.000000,0.004280,0.000018,0.000269,0.000389,0.000290,0.000894,0.001606,0.001652,0.000045,0.008395,0.001286,0.000000,0.006701,0.000405,0.000014,0.000070,0.011090
2,2,9,"q9_case2",330,256,2304,589824,589824,1,84225,262144,2,1,589824,589390,0.000356,0.000000,0.000362,0.000018,0.000270,0.000385,0.000240,0.000867,0.001455,0.001541,0.000042,0.004242,0.001287,0.000000,0.002661,0.000417,0.000018,0.000084,0.006863
2,2,9,"q9_case2",331,256,2304,589824,589824,1,84481,262144,2,1,589824,589550,0.000356,0.000000,0.000325,0.000019,0.000280,0.000386,0.000254,0.000899,0.001505,0.001642,0.000050,0.004487,0.001309,0.000000,0.002798,0.000416,0.000024,0.000077,0.007246
2,2,9,"q9_case2",332,256,2304,589824,589824,1,84737,262144,2,1,589824,589328,0.000364,0.000000,0.000290,0.000052,0.000259,0.000379,0.000212,0.000869,0.001425,0.001459,0.000052,0.004190,0.001303,0.000000,0.002681,0.000415,0.000021,0.000078,0.006763
2,2,9,"q9_case2",333,256,2304,589824,589824,1,84993,262144,2,1,589824,589550,0.000364,0.000000,0.002529,0.000022,0.000273,0.000390,0.000263,0.000893,0.001477,0.001671,0.000072,0.006674,0.001310,0.000000,0.004933,0.000428,0.000017,0.000079,0.009470
2,2,9,"q9_case2",334,256,2304,589824,589824,1,85249,262144,2,1,589824,589330,0.000358,0.000000,0.000301,0.000024,0.000274,0.000384,0.000273,0.000907,0.001530,0.001730,0.000060,0.004527,0.001303,0.000000,0.002739,0.000426,0.000029,0.000103,0.007302
2,2,9,"q9_case2",335,256,2304,589824,589824,1,85505,262144,2,1,589824,589380,0.000360,0.000000,0.000416,0.000020,0.000282,0.000386,0.000298,0.000868,0.001483,0.001481,0.000052,0.004355,0.001299,0.000000,0.002823,0.000418,0.000017,0.000079,0.006993
2,2,9,"q9_case2",336,256,2304,589824,589824,1,85761,262144,2,1,589824,589543,0.000362,0.000000,0.000262,0.000022,0.000488,0.000384,0.000279,0.000897,0.001736,0.001670,0.000066,0.004651,0.001324,0.000000,0.002917,0.000442,0.000020,0.000079,0.007416
2,2,9,"q9_case2",337,256,2304,589824,589824,1,86017,262144,2,1,589824,589327,0.000358,0.000000,0.000290,0.000023,0.000260,0.000382,0.000238,0.000942,0.001485,0.001687,0.000056,0.004398,0.001303,0.000000,0.002657,0.000436,0.000016,0.000090,0.007203
2,2,9,"q9_case2",338,256,2304,589824,589824,1,86273,262144,2,1,589824,589353,0.000359,0.000000,0.004916,0.000022,0.000265,0.000379,0.000237,0.000889,0.001459,0.001651,0.000064,0.009039,0.001305,0.000000,0.007326,0.000432,0.000021,0.000071,0.011843
2,2,9,"q9_case2",339,256,2304,589824,589824,1,86529,262144,2,1,589824,589347,0.000357,0.000000,0.000319,0.000020,0.000261,0.000385,0.000282,0.000916,0.001529,0.001602,0.000053,0.004453,0.001290,0.000000,0.002800,0.000411,0.000015,0.000074,0.007158
2,2,9,"q9_case2",340,256,2304,589824,589824,1,86785,262144,2,1,589824,589390,0.000362,0.000000,0.000330,0.000018,0.000264,0.000381,0.000256,0.000912,0.001487,0.001607,0.000049,0.004353,0.001285,0.000000,0.002698,0.000425,0.000018,0.000083,0.007032
2,2,9,"q9_case2",341,256,2304,589824,589824,1,87041,262144,2,1,589824,589354,0.000361,0.000000,0.000258,0.000019,0.000343,0.000388,0.000277,0.000899,0.001582,0.001538,0.000059,0.004352,0.001285,0.000000,0.002757,0.000414,0.000015,0.000073,0.007014
2,2,9,"q9_case2",342,256,2304,589824,589824,1,87297,262144,2,1,589824,589557,0.000358,0.000000,0.000317,0.000020,0.000276,0.000393,0.000243,0.000897,0.001499,0.001638,0.000052,0.004454,0.001292,0.000000,0.002766,0.000428,0.000017,0.000072,0.007141
2,2,9,"q9_case2",343,256,2304,589824,589824,1,87553,262144,2,1,589824,589330,0.000356,0.000000,0.004571,0.000019,0.000267,0.000385,0.000268,0.000880,0.001483,0.001484,0.000050,0.008480,0.001284,0.000000,0.006947,0.000408,0.000017,0.000072,0.011104
2,2,9,"q9_case2",344,256,2304,589824,589824,1,87809,262144,2,1,589824,589548,0.000358,0.000000,0.000429,0.000024,0.000274,0.000377,0.000264,0.000907,0.001517,0.001631,0.000051,0.004516,0.001312,0.000000,0.002835,0.000434,0.000019,0.000072,0.007328
2,2,9,"q9_case2",345,256,2304,589824,589824,1,88065,262144,2,1,589824,589327,0.000357,0.000000,0.000287,0.000018,0.000278,0.000379,0.000267,0.000935,0.001539,0.001660,0.000046,0.004420,0.001275,0.000000,0.002716,0.000424,0.000013,0.000069,0.007116
2,2,9,"q9_case2",346,256,2304,589824,589824,1,88321,262144,2,1,589824,589340,0.000356,0.000000,0.000299,0.000016,0.000306,0.000378,0.000233,0.000883,0.001494,0.001653,0.000046,0.004379,0.001280,0.000000,0.002682,0.000421,0.000017,0.000073,0.007055
2,2,9,"q9_case2",347,256,2304,589824,589824,1,88577,262144,2,1,589824,589340,0.000356,0.000000,0.000274,0.000019,0.000283,0.000385,0.000279,0.000882,0.001483,0.001612,0.000046,0.004329,0.001291,0.000000,0.002672,0.000406,0.000013,0.000072,0.006994
2,2,9,"q9_case2",348,256,2304,589824,589824,1,88833,262144,2,1,589824,589371,0.000363,0.000000,0.004805,0.000020,0.000274,0.000381,0.000232,0.000933,0.001486,0.001601,0.000048,0.008844,0.001282,0.000000,0.007197,0.000413,0.000017,0.000071,0.011489
2,2,9,"q9_case2",349,256,2304,589824,589824,1,89089,262144,2,1,589824,589327,0.000360,0.000000,0.000278,0.000019,0.000273,0.000384,0.000255,0.000911,0.001517,0.001599,0.000056,0.004343,0.001290,0.000000,0.002690,0.000425,0.000014,0.000075,0.007018
2,2,9,"q9_case2",350,256,2304,589824,589824,1,89345,262144,2,1,589824,589325,0.000359,0.000000,0.000369,0.000020,0.000259,0.000386,0.000215,0.000871,0.001408,0.001600,0.000048,0.004337,0.001294,0.000000,0.002691,0.000416,0.000019,0.000098,0.007010
2,2,9,"q9_case2",351,256,2304,589824,589824,1,89601,262144,2,1,589824,589296,0.000358,0.000000,0.000334,0.000019,0.000280,0.000383,0.000298,0.000891,0.001542,0.001571,0.000049,0.004437,0.001324,0.000000,0.002818,0.000419,0.000014,0.000076,0.007120
2,2,9,"q9_case2",352,256,2304,589824,589824,1,89857,262144,2,1,589824,589287,0.000354,0.000000,0.000277,0.000018,0.000283,0.000385,0.000268,0.000896,0.001512,0.001579,0.000048,0.004375,0.001292,0.000000,0.002749,0.000412,0.000018,0.000075,0.007007
2,2,9,"q9_case2",353,256,2304,589824,589824,1,90113,262144,2,1,589824,589278,0.000357,0.000000,0.000287,0.000018,0.000283,0.000376,0.000229,0.000895,0.001460,0.001570,0.000051,0.004219,0.001287,0.000000,0.002600,0.000454,0.000013,0.000070,0.006900
2,2,9,"q9_case2",354,256,2304,589824,589824,1,90369,262144,2,1,589824,589236,0.000360,0.000000,0.000328,0.000019,0.000274,0.000379,0.000260,0.000894,0.001505,0.001565,0.000045,0.004365,0.001284,0.000000,0.002758,0.000412,0.000017,0.000080,0.006999
2,2,9,"q9_case2",355,256,2304,589824,589824,1,90625,262144,2,1,589824,589222,0.000354,0.000000,0.000294,0.000019,0.000284,0.000377,0.000274,0.000877,0.001500,0.001512,0.000046,0.004283,0.001282,0.000000,0.002727,0.000420,0.000014,0.000072,0.006878
2,2,9,"q9_case2",356,256,2304,589824,589824,1,90881,262144,2,1,589824,589548,0.000358,0.000000,0.002520,0.000021,0.000262,0.000378,0.000227,0.000895,0.001438,0.001650,0.000062,0.006544,0.001292,0.000000,0.004834,0.000408,0.000019,0.000073,0.009228
2,2,9,"q9_case2",357,256,2304,589824,589824,1,91137,262144,2,1,589824,589329,0.000359,0.000000,0.000369,0.000018,0.000285,0.000379,0.000267,0.000861,0.001469,0.001429,0.000046,0.004169,0.001288,0.000000,0.002696,0.000417,0.000015,0.000091,0.006713
2,2,9,"q9_case2",358,256,2304,589824,589824,1,91393,262144,2,1,589824,589543,0.000355,0.000000,0.000302,0.000018,0.000280,0.000375,0.000240,0.000866,0.001408,0.001627,0.000046,0.004318,0.001284,0.000000,0.002646,0.000425,0.000017,0.000074,0.006995
2,2,9,"q9_case2",359,256,2304,589824,589824,1,91649,262144,2,1,589824,589329,0.000357,0.000000,0.000268,0.000018,0.000274,0.000381,0.000278,0.000834,0.001460,0.001313,0.000042,0.004035,0.001288,0.000000,0.002681,0.000414,0.000013,0.000073,0.006480
2,2,9,"q9_case2",360,256,2304,589824,589824,1,91905,262144,2,1,589824,589550,0.000360,0.000000,0.000280,0.000019,0.000312,0.000382,0.000244,0.000908,0.001521,0.001645,0.000053,0.004372,0.001288,0.000000,0.002676,0.000436,0.000017,0.000069,0.007100
2,2,9,"q9_case2",361,256,2304,589824,589824,1,92161,262144,2,1,589824,589329,0.000358,0.000000,0.000361,0.000018,0.000283,0.000383,0.000299,0.000840,0.001473,0.001477,0.000052,0.004345,0.001284,0.000000,0.002817,0.000428,0.000024,0.000102,0.006952
2,2,9,"q9_case2",362,256,2304,589824,589824,1,92417,262144,2,1,589824,589537,0.000358,0.000000,0.000350,0.000020,0.000275,0.000377,0.000206,0.000892,0.001450,0.001640,0.000049,0.004431,0.001311,0.000000,0.002743,0.000401,0.000019,0.000072,0.007117
2,2,9,"q9_case2",363,256,2304,589824,589824,1,92673,262144,2,1,589824,589333,0.000356,0.000000,0.000275,0.000022,0.000282,0.000377,0.000302,0.000859,0.001460,0.001468,0.000059,0.004186,0.001288,0.000000,0.002663,0.000426,0.000017,0.000082,0.006784
2,2,9,"q9_case2",364,256,2304,589824,589824,1,92929,262144,2,1,589824,589552,0.000359,0.000000,0.000279,0.000025,0.000265,0.000383,0.000254,0.000881,0.001471,0.001622,0.000056,0.004377,0.001298,0.000000,0.002701,0.000405,0.000018,0.000074,0.007062
2,2,9,"q9_case2",365,256,2304,589824,589824,1,93185,262144,2,1,589824,589330,0.000355,0.000000,0.000298,0.000022,0.000270,0.000384,0.000262,0.000851,0.001446,0.001460,0.000046,0.004171,0.001280,0.000000,0.002667,0.000413,0.000014,0.000081,0.006728
2,2,9,"q9_case2",366,256,2304,589824,589824,1,93441,262144,2,1,589824,589550,0.000358,0.000000,0.000265,0.000019,0.000265,0.000377,0.000263,0.000874,0.001452,0.001612,0.000045,0.004311,0.001291,0.000000,0.002655,0.000418,0.000018,0.000075,0.006997
2,2,9,"q9_case2",367,256,2304,589824,589824,1,93697,262144,2,1,589824,589327,0.000358,0.000000,0.000269,0.000020,0.000284,0.000379,0.000279,0.000894,0.001531,0.001619,0.000051,0.004401,0.001280,0.000000,0.002733,0.000414,0.000013,0.000079,0.007100
2,2,9,"q9_case2",368,256,2304,589824,589824,1,93953,262144,2,1,589824,589330,0.000358,0.000000,0.000402,0.000022,0.000284,0.000380,0.000193,0.000933,0.001493,0.001656,0.000050,0.004471,0.001334,0.000000,0.002767,0.000412,0.000020,0.000072,0.007218
2,2,9,"q9_case2",369,256,2304,589824,589824,1,94209,262144,2,1,589824,589332,0.000356,0.000000,0.000358,0.000021,0.000271,0.000387,0.000259,0.000880,0.001523,0.001642,0.000049,0.004429,0.001278,0.000000,0.002739,0.000417,0.000014,0.000101,0.007139
2,2,9,"q9_case2",370,256,2304,589824,589824,1,94465,262144,2,1,589824,589398,0.000356,0.000000,0.000309,0.000022,0.000365,0.000377,0.000251,0.000844,0.001570,0.001540,0.000041,0.004357,0.001291,0.000000,0.002777,0.000410,0.000017,0.000071,0.006962
2,2,9,"q9_case2",371,256,2304,589824,589824,1,94721,262144,2,1,589824,589558,0.000355,0.000000,0.000386,0.000020,0.000270,0.000376,0.000248,0.000870,0.001468,0.001612,0.000047,0.004411,0.001287,0.000000,0.002754,0.000412,0.000015,0.000074,0.007070
2,2,9,"q9_case2",372,256,2304,589824,589824,1,94977,262144,2,1,589824,589327,0.000356,0.000000,0.000424,0.000039,0.000293,0.000379,0.000377,0.000890,0.001750,0.001544,0.000045,0.004549,0.001281,0.000000,0.002961,0.000407,0.000018,0.000072,0.007163
2,2,9,"q9_case2",373,256,2304,589824,589824,1,95233,262144,2,1,589824,589535,0.000353,0.000000,0.000294,0.000020,0.000267,0.000377,0.000249,0.000870,0.001460,0.001633,0.000046,0.004328,0.001282,0.000000,0.002651,0.000423,0.000013,0.000085,0.007026
2,2,9,"q9_case2",374,256,2304,589824,589824,1,95489,262144,2,1,589824,589331,0.000353,0.000000,0.001903,0.000020,0.000267,0.000379,0.000202,0.000874,0.001428,0.001483,0.000039,0.005706,0.001277,0.000000,0.004185,0.000413,0.000017,0.000073,0.008267
2,2,9,"q9_case2",375,256,2304,589824,589824,1,95745,262144,2,1,589824,589552,0.000354,0.000000,0.000306,0.000019,0.000285,0.000378,0.000261,0.000861,0.001469,0.001625,0.000050,0.004335,0.001303,0.000000,0.002661,0.000425,0.000014,0.000072,0.007047
2,2,9,"q9_case2",376,256,2304,589824,589824,1,96001,262144,2,1,589824,589325,0.000357,0.000000,0.000299,0.000020,0.000272,0.000379,0.000283,0.000915,0.001535,0.001655,0.000049,0.004439,0.001275,0.000000,0.002737,0.000414,0.000018,0.000074,0.007116
2,2,9,"q9_case2",377,256,2304,589824,589824,1,96257,262144,2,1,589824,589334,0.000354,0.000000,0.000313,0.000020,0.000280,0.000379,0.000245,0.000864,0.001446,0.001494,0.000070,0.004215,0.001276,0.000000,0.002653,0.000419,0.000013,0.000076,0.006803
2,2,9,"q9_case2",378,256,2304,589824,589824,1,96513,262144,2,1,589824,589548,0.000355,0.000000,0.000309,0.000020,0.000273,0.000375,0.000260,0.000885,0.001480,0.001624,0.000053,0.004414,0.001288,0.000000,0.002738,0.000413,0.000017,0.000082,0.007099
2,2,9,"q9_case2",379,256,2304,589824,589824,1,96769,262144,2,1,589824,589319,0.000369,0.000000,0.000345,0.000020,0.000265,0.000383,0.000260,0.000906,0.001541,0.001680,0.000056,0.004504,0.001278,0.000000,0.002770,0.000425,0.000016,0.000074,0.007226
2,2,9,"q9_case2",380,256,2304,589824,589824,1,97025,262144,2,1,589824,589323,0.000356,0.000000,0.000265,0.000029,0.000293,0.000388,0.000274,0.000857,0.001480,0.001604,0.000052,0.004346,0.001282,0.000000,0.002691,0.000421,0.000020,0.000076,0.006988
2,2,9,"q9_case2",381,256,2304,589824,589824,1,97281,262144,2,1,589824,589551,0.000356,0.000000,0.000370,0.000017,0.000316,0.000377,0.000306,0.000896,0.001654,0.001651,0.000061,0.004548,0.001299,0.000000,0.002838,0.000427,0.000016,0.000076,0.007261
2,2,9,"q9_case2",382,256,2304,589824,589824,1,97537,262144,2,1,589824,589328,0.000358,0.000000,0.000316,0.000019,0.000275,0.000380,0.000269,0.000867,0.001472,0.001540,0.000053,0.004234,0.001285,0.000000,0.002644,0.000411,0.000023,0.000103,0.006882
2,2,9,"q9_case2",383,256,2304,589824,589824,1,97793,262144,2,1,589824,589545,0.000356,0.000000,0.000293,0.000018,0.000309,0.000373,0.000264,0.000882,0.001503,0.001630,0.000061,0.004395,0.001297,0.000000,0.002706,0.000413,0.000015,0.000075,0.007103
2,2,9,"q9_case2",384,256,2304,589824,589824,1,98049,262144,2,1,589824,589332,0.000357,0.000000,0.000301,0.000020,0.000280,0.000380,0.000299,0.000861,0.001537,0.001683,0.000048,0.004500,0.001289,0.000000,0.002771,0.000403,0.000018,0.000075,0.007190
2,2,9,"q9_case2",385,256,2304,589824,589824,1,98305,262144,2,1,589824,589351,0.000363,0.000000,0.000605,0.000024,0.000277,0.000384,0.000194,0.000904,0.001589,0.001531,0.000067,0.004534,0.001306,0.000000,0.002937,0.000422,0.000019,0.000080,0.007154
2,2,9,"q9_case2",386,256,2304,589824,589824,1,98561,262144,2,1,589824,589547,0.000363,0.000000,0.000332,0.000029,0.000325,0.000376,0.000260,0.000892,0.001582,0.001639,0.000082,0.004510,0.001315,0.000000,0.002791,0.000426,0.000025,0.000092,0.007249
2,2,9,"q9_case2",387,256,2304,589824,589824,1,98817,262144,2,1,589824,589329,0.000358,0.000000,0.000272,0.000025,0.000260,0.000379,0.000261,0.000898,0.001462,0.001586,0.000056,0.004375,0.001293,0.000000,0.002736,0.000426,0.000017,0.000081,0.007106
2,2,9,"q9_case2",388,256,2304,589824,589824,1,99073,262144,2,1,589824,589547,0.000359,0.000000,0.000283,0.000024,0.000285,0.000373,0.000287,0.000893,0.001509,0.001642,0.000061,0.004475,0.001301,0.000000,0.002774,0.000415,0.000019,0.000077,0.007174
2,2,9,"q9_case2",389,256,2304,589824,589824,1,99329,262144,2,1,589824,589327,0.000360,0.000000,0.003801,0.000023,0.000259,0.000383,0.000294,0.000866,0.001494,0.001579,0.000055,0.007846,0.001296,0.000000,0.006214,0.000425,0.000017,0.000078,0.010560
2,2,9,"q9_case2",390,256,2304,589824,589824,1,99585,262144,2,1,589824,589550,0.000359,0.000000,0.000341,0.000019,0.000273,0.000376,0.000191,0.000888,0.001404,0.001656,0.000055,0.004366,0.001310,0.000000,0.002657,0.000416,0.000018,0.000077,0.007088
2,2,9,"q9_case2",391,256,2304,589824,589824,1,99841,262144,2,1,589824,589334,0.000362,0.000000,0.000450,0.000019,0.000266,0.000380,0.000260,0.000875,0.001477,0.001579,0.000051,0.004401,0.001307,0.000000,0.002772,0.000411,0.000016,0.000082,0.007108
2,2,9,"q9_case2",392,256,2304,589824,589824,1,100097,262144,2,1,589824,589547,0.000378,0.000000,0.000328,0.000023,0.000268,0.000376,0.000244,0.000867,0.001483,0.001657,0.000068,0.004496,0.001310,0.000000,0.002774,0.000422,0.000022,0.000087,0.007245
2,2,9,"q9_case2",393,256,2304,589824,589824,1,100353,262144,2,1,589824,589334,0.000379,0.000000,0.000338,0.000023,0.000260,0.000382,0.000285,0.000876,0.001494,0.001717,0.000064,0.004575,0.001307,0.000000,0.002796,0.000417,0.000018,0.000080,0.007375
2,2,9,"q9_case2",394,256,2304,589824,589824,1,100609,262144,2,1,589824,589342,0.000372,0.000000,0.004282,0.000023,0.000259,0.000381,0.000260,0.000890,0.001517,0.001520,0.000058,0.008285,0.001302,0.000000,0.006709,0.000411,0.000022,0.000077,0.010901
2,2,9,"q9_case2",395,256,2304,589824,589824,1,100865,262144,2,1,589824,589538,0.000365,0.000000,0.000500,0.000024,0.000260,0.000378,0.000269,0.000927,0.001707,0.001656,0.000074,0.004715,0.001324,0.000000,0.002987,0.000454,0.000017,0.000077,0.007528
2,2,9,"q9_case2",396,256,2304,589824,589824,1,101121,262144,2,1,589824,589323,0.000370,0.000000,0.000358,0.000026,0.000280,0.000413,0.000243,0.000904,0.001524,0.001705,0.000060,0.004542,0.001329,0.000000,0.002779,0.000457,0.000027,0.000103,0.007369
2,2,9,"q9_case2",397,256,2304,589824,589824,1,101377,262144,2,1,589824,589375,0.000366,0.000000,0.000307,0.000022,0.000262,0.000380,0.000256,0.000869,0.001457,0.001574,0.000053,0.004374,0.001314,0.000000,0.002749,0.000414,0.000016,0.000079,0.007084
2,2,9,"q9_case2",398,256,2304,589824,589824,1,101633,262144,2,1,589824,589543,0.000379,0.000000,0.000351,0.000029,0.000286,0.000403,0.000204,0.000911,0.001502,0.001690,0.000075,0.004541,0.001313,0.000000,0.002778,0.000448,0.000025,0.000082,0.007312
2,2,9,"q9_case2",399,256,2304,589824,589824,1,101889,262144,2,1,589824,589321,0.000369,0.000000,0.000269,0.000022,0.000261,0.000384,0.000304,0.000928,0.001561,0.001671,0.000070,0.004479,0.001327,0.000000,0.002740,0.000441,0.000023,0.000094,0.007326
2,2,9,"q9_case2",400,256,2304,589824,589824,1,102145,262144,2,1,589824,589541,0.000373,0.000000,0.000293,0.000029,0.000261,0.000381,0.000206,0.000904,0.001416,0.001671,0.000067,0.004374,0.001331,0.000000,0.002638,0.000431,0.000022,0.000079,0.007133
2,2,9,"q9_case2",401,256,2304,589824,589824,1,102401,262144,2,1,589824,589321,0.000372,0.000000,0.000279,0.000023,0.000278,0.000386,0.000242,0.000933,0.001528,0.001642,0.000054,0.004441,0.001322,0.000000,0.002746,0.000424,0.000017,0.000082,0.007293
2,2,9,"q9_case2",402,256,2304,589824,589824,1,102657,262144,2,1,589824,589539,0.000367,0.000000,0.003731,0.000023,0.000296,0.000379,0.000198,0.000895,0.001437,0.001648,0.000057,0.007781,0.001322,0.000000,0.006078,0.000416,0.000020,0.000082,0.010513
2,2,9,"q9_case2",403,256,2304,589824,589824,1,102913,262144,2,1,589824,589320,0.000364,0.000000,0.000290,0.000021,0.000257,0.000384,0.000212,0.000944,0.001473,0.001731,0.000061,0.004458,0.001300,0.000000,0.002668,0.000422,0.000015,0.000087,0.007235
2,2,9,"q9_case2",404,256,2304,589824,589824,1,103169,262144,2,1,589824,589298,0.000368,0.000000,0.000339,0.000022,0.000257,0.000384,0.000211,0.000905,0.001437,0.001607,0.000048,0.004321,0.001306,0.000000,0.002668,0.000424,0.000019,0.000076,0.007021
2,2,9,"q9_case2",405,256,2304,589824,589824,1,103425,262144,2,1,589824,589543,0.000361,0.000000,0.000312,0.000021,0.000279,0.000376,0.000252,0.000876,0.001458,0.001640,0.000053,0.004395,0.001319,0.000000,0.002704,0.000444,0.000015,0.000081,0.007165
2,2,9,"q9_case2",406,256,2304,589824,589824,1,103681,262144,2,1,589824,589321,0.000373,0.000000,0.000310,0.000020,0.000287,0.000373,0.000248,0.000912,0.001461,0.001693,0.000050,0.004528,0.001299,0.000000,0.002787,0.000427,0.000019,0.000075,0.007263
2,2,9,"q9_case2",407,256,2304,589824,589824,1,103937,262144,2,1,589824,589328,0.000360,0.000000,0.004350,0.000025,0.000277,0.000376,0.000306,0.000892,0.001524,0.001654,0.000056,0.008457,0.001296,0.000000,0.006749,0.000422,0.000015,0.000077,0.011169
2,2,9,"q9_case2",408,256,2304,589824,589824,1,104193,262144,2,1,589824,589392,0.000369,0.000000,0.000251,0.000028,0.000269,0.000373,0.000231,0.000929,0.001479,0.001641,0.000068,0.004384,0.001305,0.000000,0.002678,0.000420,0.000023,0.000079,0.007102
2,2,9,"q9_case2",409,256,2304,589824,589824,1,104449,262144,2,1,589824,589327,0.000382,0.000000,0.000393,0.000024,0.000258,0.000375,0.000280,0.000894,0.001475,0.001588,0.000051,0.004418,0.001321,0.000000,0.002781,0.000417,0.000016,0.000091,0.007126
2,2,9,"q9_case2",410,256,2304,589824,589824,1,104705,262144,2,1,589824,589537,0.000364,0.000000,0.000300,0.000022,0.000283,0.000373,0.000194,0.000882,0.001407,0.001666,0.000053,0.004344,0.001296,0.000000,0.002627,0.000416,0.000018,0.000075,0.007036
2,2,9,"q9_case2",411,256,2304,589824,589824,1,104961,262144,2,1,589824,589327,0.000358,0.000000,0.000273,0.000032,0.000279,0.000374,0.000263,0.000890,0.001465,0.001580,0.000069,0.004326,0.001301,0.000000,0.002679,0.000440,0.000019,0.000078,0.007018
2,2,9,"q9_case2",412,256,2304,589824,589824,1,105217,262144,2,1,589824,589539,0.000359,0.000000,0.002927,0.000028,0.000273,0.000379,0.000309,0.000875,0.001506,0.001639,0.000065,0.007023,0.001327,0.000000,0.005322,0.000422,0.000020,0.000080,0.009758
2,2,9,"q9_case2",413,256,2304,589824,589824,1,105473,262144,2,1,589824,589332,0.000362,0.000000,0.000252,0.000020,0.000396,0.000376,0.000262,0.000889,0.001491,0.001527,0.000045,0.004344,0.001301,0.000000,0.002774,0.000416,0.000014,0.000092,0.006971
2,2,9,"q9_case2",414,256,2304,589824,589824,1,105729,262144,2,1,589824,589547,0.000364,0.000000,0.000347,0.000027,0.000276,0.000375,0.000215,0.000879,0.001431,0.001670,0.000067,0.004371,0.001303,0.000000,0.002636,0.000421,0.000020,0.000076,0.007072
2,2,9,"q9_case2",415,256,2304,589824,589824,1,105985,262144,2,1,589824,589334,0.000382,0.000000,0.000381,0.000021,0.000261,0.000378,0.000254,0.000894,0.001476,0.001522,0.000049,0.004426,0.001301,0.000000,0.002856,0.000425,0.000015,0.000079,0.007054
2,2,9,"q9_case2",416,256,2304,589824,589824,1,106241,262144,2,1,589824,589540,0.000362,0.000000,0.000308,0.000023,0.000282,0.000378,0.000259,0.000865,0.001483,0.001645,0.000056,0.004411,0.001313,0.000000,0.002711,0.000427,0.000020,0.000076,0.007131
2,2,9,"q9_case2",417,256,2304,589824,589824,1,106497,262144,2,1,589824,589330,0.000360,0.000000,0.000275,0.000021,0.000261,0.000375,0.000286,0.000919,0.001560,0.001608,0.000068,0.004371,0.001303,0.000000,0.002696,0.000415,0.000014,0.000101,0.007190
2,2,9,"q9_case2",418,256,2304,589824,589824,1,106753,262144,2,1,589824,589537,0.000361,0.000000,0.000314,0.000021,0.000262,0.000379,0.000292,0.000900,0.001515,0.001662,0.000075,0.004566,0.001303,0.000000,0.002831,0.000452,0.000022,0.000080,0.007322
2,2,9,"q9_case2",419,256,2304,589824,589824,1,107009,262144,2,1,589824,589320,0.000368,0.000000,0.000312,0.000049,0.000286,0.000380,0.000275,0.000869,0.001491,0.001748,0.000051,0.004555,0.001311,0.000000,0.002758,0.000426,0.000014,0.000083,0.007326
2,2,9,"q9_case2",420,256,2304,589824,589824,1,107265,262144,2,1,589824,589332,0.000363,0.000000,0.005033,0.000020,0.000260,0.000379,0.000227,0.000885,0.001487,0.001637,0.000052,0.009090,0.001306,0.000000,0.007403,0.000409,0.000018,0.000079,0.011791
2,2,9,"q9_case2",421,256,2304,589824,589824,1,107521,262144,2,1,589824,589402,0.000367,0.000000,0.000294,0.000022,0.000271,0.000376,0.000242,0.000895,0.001473,0.001648,0.000058,0.004418,0.001286,0.000000,0.002714,0.000422,0.000015,0.000077,0.007123
2,2,9,"q9_case2",422,256,2304,589824,589824,1,107777,262144,2,1,589824,589365,0.000364,0.000000,0.000336,0.000027,0.000301,0.000377,0.000316,0.000958,0.001740,0.001650,0.000055,0.004642,0.001302,0.000000,0.002939,0.000421,0.000022,0.000109,0.007393
2,2,9,"q9_case2",423,256,2304,589824,589824,1,108033,262144,2,1,589824,589330,0.000358,0.000000,0.000364,0.000053,0.000273,0.000378,0.000226,0.000862,0.001486,0.001643,0.000050,0.004416,0.001297,0.000000,0.002724,0.000425,0.000013,0.000075,0.007107
2,2,9,"q9_case2",424,256,2304,589824,589824,1,108289,262144,2,1,589824,589321,0.000359,0.000000,0.000354,0.000018,0.000273,0.000377,0.000210,0.000894,0.001469,0.001619,0.000059,0.004407,0.001297,0.000000,0.002731,0.000416,0.000018,0.000080,0.007084
2,2,9,"q9_case2",425,256,2304,589824,589824,1,108545,262144,2,1,589824,589287,0.000364,0.000000,0.001742,0.000037,0.000278,0.000379,0.000209,0.000891,0.001439,0.001579,0.000049,0.005688,0.001300,0.000000,0.004062,0.000430,0.000014,0.000082,0.008364
2,2,9,"q9_case2",426,256,2304,589824,589824,1,108801,262144,2,1,589824,589544,0.000360,0.000000,0.000268,0.000020,0.000278,0.000377,0.000266,0.000914,0.001516,0.001659,0.000056,0.004432,0.001316,0.000000,0.002720,0.000420,0.000018,0.000089,0.007167
2,2,9,"q9_case2",427,256,2304,589824,589824,1,109057,262144,2,1,589824,589323,0.000360,0.000000,0.000294,0.000019,0.000279,0.000377,0.000223,0.000907,0.001460,0.001661,0.000053,0.004392,0.001301,0.000000,0.002679,0.000414,0.000015,0.000080,0.007112
2,2,9,"q9_case2",428,256,2304,589824,589824,1,109313,262144,2,1,589824,589540,0.000364,0.000000,0.000375,0.000024,0.000275,0.000375,0.000348,0.000862,0.001586,0.001644,0.000058,0.004577,0.001314,0.000000,0.002877,0.000412,0.000019,0.000080,0.007295
2,2,9,"q9_case2",429,256,2304,589824,589824,1,109569,262144,2,1,589824,589323,0.000360,0.000000,0.000312,0.000023,0.000273,0.000375,0.000274,0.000893,0.001503,0.001572,0.000048,0.004292,0.001299,0.000000,0.002674,0.000437,0.000014,0.000078,0.006992
2,2,9,"q9_case2",430,256,2304,589824,589824,1,109825,262144,2,1,589824,589542,0.000364,0.000000,0.000291,0.000021,0.000274,0.000378,0.000236,0.000868,0.001467,0.001660,0.000061,0.004373,0.001306,0.000000,0.002653,0.000423,0.000018,0.000097,0.007110
2,2,9,"q9_case2",431,256,2304,589824,589824,1,110081,262144,2,1,589824,589333,0.000360,0.000000,0.000576,0.000024,0.000306,0.000375,0.000219,0.000886,0.001429,0.001620,0.000042,0.004624,0.001293,0.000000,0.002963,0.000429,0.000050,0.000079,0.007354
2,2,9,"q9_case2",432,256,2304,589824,589824,1,110337,262144,2,1,589824,589545,0.000358,0.000000,0.000277,0.000019,0.000297,0.000376,0.000248,0.000896,0.001501,0.001638,0.000047,0.004390,0.001294,0.000000,0.002707,0.000420,0.000019,0.000079,0.007085
2,2,9,"q9_case2",433,256,2304,589824,589824,1,110593,262144,2,1,589824,589326,0.000357,0.000000,0.000282,0.000022,0.000272,0.000373,0.000201,0.000843,0.001374,0.001483,0.000040,0.004096,0.001285,0.000000,0.002575,0.000419,0.000013,0.000108,0.006728
2,2,9,"q9_case2",434,256,2304,589824,589824,1,110849,262144,2,1,589824,589544,0.000361,0.000000,0.000772,0.000023,0.000289,0.000373,0.000262,0.000868,0.001705,0.001630,0.000056,0.004891,0.001293,0.000000,0.003208,0.000418,0.000018,0.000078,0.007583
2,2,9,"q9_case2",435,256,2304,589824,589824,1,111105,262144,2,1,589824,589324,0.000373,0.000000,0.000290,0.000043,0.000278,0.000378,0.000222,0.000938,0.001541,0.001686,0.000050,0.004469,0.001291,0.000000,0.002735,0.000423,0.000014,0.000076,0.007190
2,2,9,"q9_case2",436,256,2304,589824,589824,1,111361,262144,2,1,589824,589336,0.000356,0.000000,0.000294,0.000021,0.000259,0.000374,0.000280,0.000890,0.001487,0.001642,0.000058,0.004395,0.001295,0.000000,0.002696,0.000432,0.000017,0.000080,0.007090
2,2,9,"q9_case2",437,256,2304,589824,589824,1,111617,262144,2,1,589824,589344,0.000357,0.000000,0.002555,0.000018,0.000277,0.000373,0.000300,0.000876,0.001543,0.001592,0.000060,0.006601,0.001303,0.000000,0.004951,0.000414,0.000016,0.000076,0.009277
2,2,9,"q9_case2",438,256,2304,589824,589824,1,111873,262144,2,1,589824,589536,0.000367,0.000000,0.000392,0.000025,0.000266,0.000378,0.000263,0.000901,0.001486,0.001679,0.000091,0.004574,0.001312,0.000000,0.002806,0.000421,0.000025,0.000085,0.007318
2,2,9,"q9_case2",439,256,2304,589824,589824,1,112129,262144,2,1,589824,589323,0.000377,0.000000,0.000469,0.000027,0.000481,0.000377,0.000289,0.000944,0.001541,0.001596,0.000050,0.004869,0.001308,0.000000,0.003226,0.000420,0.000017,0.000083,0.007579
2,2,9,"q9_case2",440,256,2304,589824,589824,1,112385,262144,2,1,589824,589533,0.000362,0.000000,0.000546,0.000023,0.000257,0.000378,0.000241,0.000891,0.001490,0.001674,0.000070,0.004660,0.001337,0.000000,0.002920,0.000420,0.000023,0.000099,0.007430
2,2,9,"q9_case2",441,256,2304,589824,589824,1,112641,262144,2,1,589824,589332,0.000371,0.000000,0.000604,0.000023,0.000278,0.000378,0.000379,0.000916,0.001916,0.001569,0.000046,0.004778,0.001309,0.000000,0.003166,0.000420,0.000014,0.000080,0.007466
2,2,9,"q9_case2",442,256,2304,589824,589824,1,112897,262144,2,1,589824,589542,0.000357,0.000000,0.005310,0.000026,0.000258,0.000373,0.000278,0.000892,0.001491,0.001643,0.000057,0.009355,0.001292,0.000000,0.007657,0.000442,0.000019,0.000080,0.012071
2,2,9,"q9_case2",443,256,2304,589824,589824,1,113153,262144,2,1,589824,589326,0.000356,0.000000,0.000287,0.000024,0.000283,0.000371,0.000210,0.000823,0.001397,0.001496,0.000046,0.004123,0.001289,0.000000,0.002583,0.000450,0.000014,0.000076,0.006749
2,2,9,"q9_case2",444,256,2304,589824,589824,1,113409,262144,2,1,589824,589544,0.000357,0.000000,0.000312,0.000025,0.000269,0.000371,0.000299,0.000876,0.001521,0.001646,0.000054,0.004422,0.001294,0.000000,0.002724,0.000413,0.000019,0.000093,0.007121
2,2,9,"q9_case2",445,256,2304,589824,589824,1,113665,262144,2,1,589824,589340,0.000356,0.000000,0.000292,0.000020,0.000258,0.000375,0.000275,0.000881,0.001488,0.001641,0.000048,0.004410,0.001301,0.000000,0.002723,0.000408,0.000013,0.000077,0.007106
2,2,9,"q9_case2",446,256,2304,589824,589824,1,113921,262144,2,1,589824,589334,0.000359,0.000000,0.000306,0.000024,0.000273,0.000376,0.000278,0.000904,0.001534,0.001623,0.000063,0.004435,0.001289,0.000000,0.002750,0.000408,0.000020,0.000076,0.007135
2,2,9,"q9_case2",447,256,2304,589824,589824,1,114177,262144,2,1,589824,589356,0.000357,0.000000,0.004835,0.000022,0.000259,0.000384,0.000225,0.000903,0.001473,0.001624,0.000059,0.008901,0.001296,0.000000,0.007221,0.000426,0.000016,0.000083,0.011609
2,2,9,"q9_case2",448,256,2304,589824,589824,1,114433,262144,2,1,589824,589331,0.000355,0.000000,0.000279,0.000024,0.000285,0.000372,0.000304,0.000893,0.001503,0.001607,0.000051,0.004384,0.001293,0.000000,0.002727,0.000416,0.000019,0.000082,0.007068
2,2,9,"q9_case2",449,256,2304,589824,589824,1,114689,262144,2,1,589824,589287,0.000357,0.000000,0.000334,0.000025,0.000259,0.000371,0.000218,0.000920,0.001454,0.001603,0.000054,0.004334,0.001289,0.000000,0.002679,0.000418,0.000015,0.000080,0.007006
2,2,9,"q9_case2",450,256,2304,589824,589824,1,114945,262144,2,1,589824,589265,0.000360,0.000000,0.000544,0.000019,0.000259,0.000374,0.000310,0.000901,0.001724,0.001599,0.000048,0.004675,0.001291,0.000000,0.003030,0.000425,0.000019,0.000090,0.007350
2,2,9,"q9_case2",451,256,2304,589824,589824,1,115201,262144,2,1,589824,589271,0.000355,0.000000,0.000254,0.000020,0.000268,0.000372,0.000257,0.000857,0.001438,0.001580,0.000047,0.004163,0.001289,0.000000,0.002537,0.000416,0.000014,0.000078,0.006850
2,2,9,"q9_case2",452,256,2304,589824,589824,1,115457,262144,2,1,589824,589269,0.000356,0.000000,0.000470,0.000021,0.000280,0.000375,0.000247,0.000869,0.001475,0.001573,0.000053,0.004436,0.001294,0.000000,0.002811,0.000408,0.000019,0.000079,0.007077
2,2,9,"q9_case2",453,256,2304,589824,589824,1,115713,262144,2,1,589824,589246,0.000363,0.000000,0.000352,0.000024,0.000263,0.000374,0.000352,0.000911,0.001682,0.001591,0.000057,0.004548,0.001304,0.000000,0.002903,0.000409,0.000015,0.000095,0.007215
2,2,9,"q9_case2",454,256,2304,589824,589824,1,115969,262144,2,1,589824,589205,0.000358,0.000000,0.000261,0.000021,0.000275,0.000375,0.000287,0.000925,0.001556,0.001605,0.000088,0.004431,0.001295,0.000000,0.002740,0.000431,0.000024,0.000097,0.007112
2,2,9,"q9_case2",455,256,2304,589824,589824,1,116225,262144,2,1,589824,589176,0.000357,0.000000,0.000325,0.000025,0.000292,0.000376,0.000326,0.000908,0.001625,0.001585,0.000059,0.004522,0.001303,0.000000,0.002880,0.000419,0.000016,0.000080,0.007203
2,2,9,"q9_case2",456,256,2304,589824,589824,1,116481,262144,2,1,589824,589177,0.000359,0.000000,0.000269,0.000053,0.000357,0.000374,0.000225,0.000918,0.001543,0.001602,0.000064,0.004458,0.001299,0.000000,0.002795,0.000416,0.000022,0.000079,0.007116
2,2,9,"q9_case2",457,256,2304,589824,589824,1,116737,262144,2,1,589824,589191,0.000361,0.000000,0.000271,0.000021,0.000265,0.000376,0.000220,0.000902,0.001426,0.001582,0.000061,0.004262,0.001308,0.000000,0.002621,0.000446,0.000016,0.000080,0.006963
2,2,9,"q9_case2",458,256,2304,589824,589824,1,116993,262144,2,1,589824,589205,0.000365,0.000000,0.000252,0.000023,0.000260,0.000374,0.000258,0.000930,0.001484,0.001598,0.000056,0.004279,0.001318,0.000000,0.002628,0.000412,0.000024,0.000116,0.006992
2,2,9,"q9_case2",459,256,2304,589824,589824,1,117249,262144,2,1,589824,589210,0.000363,0.000000,0.000283,0.000025,0.000278,0.000375,0.000261,0.000881,0.001488,0.001486,0.000056,0.004254,0.001314,0.000000,0.002714,0.000425,0.000016,0.000089,0.006893
2,2,9,"q9_case2",460,256,2304,589824,589824,1,117505,262144,2,1,589824,589539,0.000360,0.000000,0.000355,0.000024,0.000263,0.000373,0.000253,0.000905,0.001565,0.001640,0.000078,0.004595,0.001329,0.000000,0.002879,0.000442,0.000025,0.000089,0.007368
2,2,9,"q9_case2",461,256,2304,589824,589824,1,117761,262144,2,1,589824,589332,0.000369,0.000000,0.003461,0.000034,0.000262,0.000380,0.000304,0.000894,0.001501,0.001548,0.000066,0.007512,0.001319,0.000000,0.005901,0.000423,0.000019,0.000086,0.010191
2,2,9,"q9_case2",462,256,2304,589824,589824,1,118017,262144,2,1,589824,589531,0.000363,0.000000,0.000307,0.000024,0.000286,0.000372,0.000261,0.000910,0.001570,0.001647,0.000068,0.004500,0.001320,0.000000,0.002787,0.000420,0.000022,0.000095,0.007239
2,2,9,"q9_case2",463,256,2304,589824,589824,1,118273,262144,2,1,589824,589337,0.000364,0.000000,0.000483,0.000022,0.000260,0.000371,0.000266,0.000904,0.001496,0.001569,0.000065,0.004525,0.001322,0.000000,0.002893,0.000428,0.000017,0.000085,0.007223
2,2,9,"q9_case2",464,256,2304,589824,589824,1,118529,262144,2,1,589824,589526,0.000367,0.000000,0.000353,0.000027,0.000264,0.000367,0.000262,0.000899,0.001478,0.001633,0.000059,0.004459,0.001344,0.000000,0.002770,0.000419,0.000024,0.000087,0.007204
2,2,9,"q9_case2",465,256,2304,589824,589824,1,118785,262144,2,1,589824,589335,0.000366,0.000000,0.000274,0.000022,0.000277,0.000368,0.000257,0.001042,0.001521,0.001940,0.000073,0.004815,0.001308,0.000000,0.002804,0.000553,0.000019,0.000100,0.007993
2,2,9,"q9_case2",466,256,2304,589824,589824,1,119041,262144,2,1,589824,589194,0.000369,0.000000,0.000200,0.000043,0.000262,0.000367,0.000275,0.000898,0.001489,0.001615,0.000058,0.004286,0.001321,0.000000,0.002615,0.000415,0.000020,0.000078,0.006999
2,2,9,"q9_case2",467,256,2304,589824,589824,1,119297,262144,2,1,589824,589208,0.000368,0.000000,0.000290,0.000025,0.000258,0.000381,0.000216,0.000918,0.001471,0.001628,0.000055,0.004416,0.001309,0.000000,0.002735,0.000425,0.000015,0.000081,0.007138
2,2,9,"q9_case2",468,256,2304,589824,589824,1,119553,262144,2,1,589824,589232,0.000364,0.000000,0.000344,0.000021,0.000282,0.000368,0.000291,0.000909,0.001515,0.001550,0.000047,0.004515,0.001300,0.000000,0.002920,0.000416,0.000020,0.000096,0.007170
2,2,9,"q9_case2",469,256,2304,589824,589824,1,119809,262144,2,1,589824,589511,0.000358,0.000000,0.002214,0.000020,0.000271,0.000366,0.000309,0.000874,0.001681,0.001606,0.000043,0.006240,0.001305,0.000000,0.004592,0.000406,0.000013,0.000078,0.008906
2,2,9,"q9_case2",470,256,2304,589824,589824,1,120065,262144,2,1,589824,589327,0.000356,0.000000,0.000264,0.000024,0.000272,0.000367,0.000252,0.000909,0.001519,0.001534,0.000041,0.004256,0.001290,0.000000,0.002683,0.000411,0.000017,0.000083,0.006856
2,2,9,"q9_case2",471,256,2304,589824,589824,1,120321,262144,2,1,589824,589542,0.000356,0.000000,0.000328,0.000020,0.000274,0.000371,0.000224,0.000893,0.001423,0.001635,0.000044,0.004332,0.001290,0.000000,0.002655,0.000413,0.000013,0.000077,0.007013
2,2,9,"q9_case2",472,256,2304,589824,589824,1,120577,262144,2,1,589824,589334,0.000360,0.000000,0.000334,0.000022,0.000311,0.000368,0.000257,0.000908,0.001531,0.001675,0.000058,0.004511,0.001296,0.000000,0.002779,0.000410,0.000019,0.000092,0.007222
2,2,9,"q9_case2",473,256,2304,589824,589824,1,120833,262144,2,1,589824,589368,0.000356,0.000000,0.000252,0.000024,0.000277,0.000368,0.000264,0.000872,0.001471,0.001570,0.000042,0.004243,0.001291,0.000000,0.002632,0.000416,0.000013,0.000080,0.006914
2,2,9,"q9_case2",474,256,2304,589824,589824,1,121089,262144,2,1,589824,589526,0.000354,0.000000,0.000394,0.000020,0.000277,0.000365,0.000223,0.000905,0.001467,0.001632,0.000049,0.004415,0.001282,0.000000,0.002735,0.000411,0.000019,0.000076,0.007062
2,2,9,"q9_case2",475,256,2304,589824,589824,1,121345,262144,2,1,589824,589321,0.000354,0.000000,0.000260,0.000027,0.000280,0.000366,0.000277,0.000865,0.001475,0.001549,0.000042,0.004283,0.001300,0.000000,0.002694,0.000414,0.000014,0.000081,0.006949
2,2,9,"q9_case2",476,256,2304,589824,589824,1,121601,262144,2,1,589824,589541,0.000360,0.000000,0.000271,0.000019,0.000285,0.000367,0.000241,0.000898,0.001492,0.001654,0.000048,0.004370,0.001282,0.000000,0.002670,0.000419,0.000017,0.000092,0.007064
2,2,9,"q9_case2",477,256,2304,589824,589824,1,121857,262144,2,1,589824,589326,0.000358,0.000000,0.000308,0.000022,0.000302,0.000371,0.000223,0.000879,0.001427,0.001639,0.000052,0.004355,0.001293,0.000000,0.002669,0.000426,0.000014,0.000077,0.007065
2,2,9,"q9_case2",478,256,2304,589824,589824,1,122113,262144,2,1,589824,589390,0.000363,0.000000,0.000290,0.000023,0.000335,0.000370,0.000248,0.000935,0.001565,0.001626,0.000056,0.004444,0.001309,0.000000,0.002767,0.000424,0.000018,0.000093,0.007187
2,2,9,"q9_case2",479,256,2304,589824,589824,1,122369,262144,2,1,589824,589366,0.000362,0.000000,0.000279,0.000028,0.000280,0.000369,0.000288,0.000920,0.001553,0.001621,0.000048,0.004355,0.001293,0.000000,0.002687,0.000424,0.000013,0.000075,0.007042
2,2,9,"q9_case2",480,256,2304,589824,589824,1,122625,262144,2,1,589824,589375,0.000357,0.000000,0.002372,0.000023,0.000285,0.000367,0.000236,0.000916,0.001465,0.001626,0.000053,0.006437,0.001292,0.000000,0.004760,0.000431,0.000019,0.000079,0.009130
2,2,9,"q9_case2",481,256,2304,589824,589824,1,122881,262144,2,1,589824,589361,0.000359,0.000000,0.000285,0.000021,0.000280,0.000368,0.000245,0.000889,0.001486,0.001576,0.000045,0.004327,0.001299,0.000000,0.002708,0.000418,0.000019,0.000092,0.007010
2,2,9,"q9_case2",482,256,2304,589824,589824,1,123137,262144,2,1,589824,589348,0.000360,0.000000,0.000377,0.000024,0.000285,0.000372,0.000261,0.000868,0.001786,0.001616,0.000061,0.004520,0.001286,0.000000,0.002844,0.000410,0.000020,0.000085,0.007176
2,2,9,"q9_case2",483,256,2304,589824,589824,1,123393,262144,2,1,589824,589327,0.000401,0.000000,0.000264,0.000026,0.000315,0.000370,0.000263,0.000925,0.001546,0.001591,0.000059,0.004430,0.001304,0.000000,0.002782,0.000412,0.000017,0.000093,0.007164
2,2,9,"q9_case2",484,256,2304,589824,589824,1,123649,262144,2,1,589824,589328,0.000373,0.000000,0.000406,0.000023,0.000268,0.000370,0.000254,0.000844,0.001434,0.001517,0.000041,0.004315,0.001295,0.000000,0.002759,0.000415,0.000019,0.000082,0.006922
2,2,9,"q9_case2",485,256,2304,589824,589824,1,123905,262144,2,1,589824,589548,0.000359,0.000000,0.000390,0.000051,0.000390,0.000369,0.000263,0.000862,0.001627,0.001633,0.000054,0.004573,0.001294,0.000000,0.002887,0.000448,0.000014,0.000084,0.007313
2,2,9,"q9_case2",486,256,2304,589824,589824,1,124161,262144,2,1,589824,589224,0.000359,0.000000,0.000273,0.000026,0.000284,0.000365,0.000227,0.000906,0.001480,0.001637,0.000048,0.004373,0.001292,0.000000,0.002689,0.000416,0.000019,0.000082,0.007055
2,2,9,"q9_case2",487,256,2304,589824,589824,1,124417,262144,2,1,589824,589254,0.000359,0.000000,0.000293,0.000023,0.000286,0.000367,0.000304,0.000881,0.001546,0.001604,0.000048,0.004444,0.001292,0.000000,0.002794,0.000411,0.000013,0.000090,0.007137
2,2,9,"q9_case2",488,256,2304,589824,589824,1,124673,262144,2,1,589824,589260,0.000362,0.000000,0.003173,0.000020,0.000287,0.000367,0.000258,0.000906,0.001498,0.001588,0.000047,0.007173,0.001289,0.000000,0.005541,0.000409,0.000018,0.000082,0.009832
2,2,9,"q9_case2",489,256,2304,589824,589824,1,124929,262144,2,1,589824,589277,0.000371,0.000000,0.000307,0.000025,0.000272,0.000366,0.000168,0.000873,0.001377,0.001610,0.000059,0.004289,0.001294,0.000000,0.002621,0.000410,0.000015,0.000081,0.006954
2,2,9,"q9_case2",490,256,2304,589824,589824,1,125185,262144,2,1,589824,589274,0.000359,0.000000,0.000306,0.000024,0.000278,0.000367,0.000187,0.000873,0.001382,0.001530,0.000048,0.004234,0.001294,0.000000,0.002658,0.000424,0.000019,0.000084,0.006874
2,2,9,"q9_case2",491,256,2304,589824,589824,1,125441,262144,2,1,589824,589537,0.000362,0.000000,0.000344,0.000022,0.000285,0.000366,0.000263,0.000864,0.001487,0.001653,0.000071,0.004431,0.001294,0.000000,0.002709,0.000434,0.000058,0.000098,0.007208
2,2,9,"q9_case2",492,256,2304,589824,589824,1,125697,262144,2,1,589824,589220,0.000359,0.000000,0.000551,0.000023,0.000341,0.000369,0.000292,0.000895,0.001654,0.001537,0.000048,0.004709,0.001297,0.000000,0.003126,0.000426,0.000022,0.000079,0.007363
2,2,9,"q9_case2",493,256,2304,589824,589824,1,125953,262144,2,1,589824,589537,0.000362,0.000000,0.000489,0.000023,0.000315,0.000367,0.000253,0.000836,0.001391,0.001539,0.000044,0.004389,0.001294,0.000000,0.002807,0.000417,0.000014,0.000082,0.007010
2,2,9,"q9_case2",494,256,2304,589824,589824,1,126209,262144,2,1,589824,589494,0.000359,0.000000,0.000400,0.000028,0.000262,0.000375,0.000165,0.000892,0.001378,0.001608,0.000047,0.004316,0.001287,0.000000,0.002662,0.000427,0.000017,0.000079,0.006975
2,2,9,"q9_case2",495,256,2304,589824,589824,1,126465,262144,2,1,589824,589339,0.000360,0.000000,0.000278,0.000022,0.000262,0.000369,0.000215,0.000906,0.001421,0.001664,0.000073,0.004426,0.001292,0.000000,0.002690,0.000418,0.000015,0.000089,0.007131
2,2,9,"q9_case2",496,256,2304,589824,589824,1,126721,262144,2,1,589824,589314,0.000358,0.000000,0.000321,0.000021,0.000389,0.000369,0.000300,0.000881,0.001591,0.001592,0.000058,0.004505,0.001296,0.000000,0.002857,0.000415,0.000021,0.000089,0.007326
2,2,9,"q9_case2",497,256,2304,589824,589824,1,126977,262144,2,1,589824,589508,0.000361,0.000000,0.000471,0.000027,0.000345,0.000370,0.000353,0.000884,0.001576,0.001612,0.000052,0.004747,0.001297,0.000000,0.003085,0.000418,0.000014,0.000088,0.007429
2,2,9,"q9_case2",498,256,2304,589824,589824,1,127233,262144,2,1,589824,589327,0.000365,0.000000,0.000280,0.000022,0.000283,0.000370,0.000250,0.000856,0.001479,0.001565,0.000043,0.004280,0.001279,0.000000,0.002673,0.000413,0.000018,0.000079,0.006915
2,2,9,"q9_case2",499,256,2304,589824,589824,1,127489,262144,2,1,589824,589541,0.000373,0.000000,0.000295,0.000024,0.000275,0.000368,0.000276,0.000889,0.001562,0.001643,0.000064,0.004514,0.001292,0.000000,0.002809,0.000421,0.000014,0.000104,0.007250
2,2,9,"q9_case2",500,256,2304,589824,589824,1,127745,262144,2,1,589824,589332,0.000359,0.000000,0.000357,0.000028,0.000281,0.000370,0.000252,0.000858,0.001473,0.001564,0.000043,0.004330,0.001293,0.000000,0.002724,0.000406,0.000017,0.000077,0.006960
2,2,9,"q9_case2",501,256,2304,589824,589824,1,128001,262144,2,1,589824,589546,0.000354,0.000000,0.000302,0.000024,0.000290,0.000358,0.000259,0.000866,0.001453,0.001642,0.000052,0.004392,0.001288,0.000000,0.002700,0.000410,0.000014,0.000080,0.007079
2,2,9,"q9_case2",502,256,2304,589824,589824,1,128257,262144,2,1,589824,589336,0.000357,0.000000,0.000313,0.000026,0.000275,0.000370,0.000263,0.000885,0.001474,0.001573,0.000046,0.004327,0.001319,0.000000,0.002710,0.000418,0.000019,0.000081,0.007020
2,2,9,"q9_case2",503,256,2304,589824,589824,1,128513,262144,2,1,589824,589536,0.000358,0.000000,0.003024,0.000025,0.000300,0.000365,0.000327,0.000870,0.001524,0.001640,0.000058,0.007123,0.001299,0.000000,0.005428,0.000415,0.000015,0.000109,0.009859
2,2,9,"q9_case2",504,256,2304,589824,589824,1,128769,262144,2,1,589824,589333,0.000359,0.000000,0.000295,0.000027,0.000287,0.000363,0.000280,0.000884,0.001508,0.001561,0.000043,0.004288,0.001293,0.000000,0.002686,0.000414,0.000018,0.000076,0.006961
2,2,9,"q9_case2",505,256,2304,589824,589824,1,129025,262144,2,1,589824,589493,0.000354,0.000000,0.000476,0.000033,0.000282,0.000360,0.000280,0.000902,0.001514,0.001598,0.000047,0.004500,0.001283,0.000000,0.002856,0.000426,0.000014,0.000078,0.007158
2,2,9,"q9_case2",506,256,2304,589824,589824,1,129281,262144,2,1,589824,589327,0.000354,0.000000,0.000283,0.000026,0.000292,0.000367,0.000363,0.000905,0.001611,0.001663,0.000044,0.004455,0.001293,0.000000,0.002749,0.000411,0.000018,0.000075,0.007141
2,2,9,"q9_case2",507,256,2304,589824,589824,1,129537,262144,2,1,589824,589266,0.000354,0.000000,0.000254,0.000024,0.000280,0.000366,0.000183,0.000874,0.001398,0.001579,0.000043,0.004140,0.001286,0.000000,0.002520,0.000418,0.000016,0.000079,0.006807
2,2,9,"q9_case2",508,256,2304,589824,589824,1,129793,262144,2,1,589824,589500,0.000355,0.000000,0.000370,0.000024,0.000272,0.000362,0.000241,0.000868,0.001450,0.001584,0.000044,0.004332,0.001290,0.000000,0.002706,0.000406,0.000017,0.000078,0.006966
2,2,9,"q9_case2",509,256,2304,589824,589824,1,130049,262144,2,1,589824,589323,0.000355,0.000000,0.000294,0.000023,0.000277,0.000362,0.000266,0.000932,0.001516,0.001659,0.000059,0.004477,0.001287,0.000000,0.002759,0.000431,0.000014,0.000081,0.007211
2,2,9,"q9_case2",510,256,2304,589824,589824,1,130305,262144,2,1,589824,589256,0.000365,0.000000,0.000324,0.000033,0.000290,0.000370,0.000322,0.000869,0.001514,0.001654,0.000068,0.004514,0.001287,0.000000,0.002794,0.000458,0.000020,0.000093,0.007257
2,2,9,"q9_case2",511,256,2304,589824,589824,1,130561,262144,2,1,589824,589278,0.000361,0.000000,0.004386,0.000029,0.000282,0.000367,0.000373,0.000853,0.001672,0.001626,0.000055,0.008521,0.001298,0.000000,0.006841,0.000419,0.000015,0.000082,0.011230
2,2,9,"q9_case2",512,256,2304,589824,589824,1,130817,262144,2,1,589824,589329,0.000358,0.000000,0.000294,0.000022,0.000279,0.000368,0.000256,0.000886,0.001470,0.001612,0.000107,0.004412,0.001302,0.000000,0.002695,0.000420,0.000019,0.013118,0.020135
2,2,9,"q9_case2",513,256,2304,589824,589824,1,131073,524288,2,1,589824,589375,0.014859,0.000001,0.001256,0.000000,0.000284,0.000371,0.000264,0.000879,0.001475,0.001628,0.000093,0.019933,0.001301,0.004365,0.018461,0.000474,0.000023,0.000074,0.027364
2,2,9,"q9_case2",514,256,2304,589824,589824,1,131329,524288,2,1,589824,589341,0.000371,0.000000,0.000343,0.000030,0.000270,0.000372,0.000243,0.000910,0.001487,0.001606,0.000058,0.004394,0.001321,0.000000,0.002731,0.000424,0.000030,0.000096,0.007139
2,2,9,"q9_case2",515,256,2304,589824,589824,1,131585,524288,2,1,589824,589287,0.000366,0.000000,0.000401,0.000020,0.000290,0.000371,0.000229,0.000941,0.001588,0.001586,0.000053,0.004558,0.001307,0.000000,0.002920,0.000421,0.000015,0.000066,0.007281
2,2,9,"q9_case2",516,256,2304,589824,589824,1,131841,524288,2,1,589824,589272,0.000371,0.000000,0.000302,0.000022,0.000299,0.000367,0.000265,0.000977,0.001578,0.001617,0.000058,0.004484,0.001311,0.000000,0.002811,0.000425,0.000021,0.000068,0.007197
2,2,9,"q9_case2",517,256,2304,589824,589824,1,132097,524288,2,1,589824,589268,0.000362,0.000000,0.003688,0.000024,0.000272,0.000370,0.000214,0.000914,0.001454,0.001553,0.000054,0.007658,0.001305,0.000000,0.006054,0.000414,0.000019,0.000072,0.010375
2,2,9,"q9_case2",518,256,2304,589824,589824,1,132353,524288,2,1,589824,589434,0.000368,0.000000,0.000329,0.000020,0.000279,0.000359,0.000349,0.000895,0.001558,0.001605,0.000048,0.004450,0.001305,0.000000,0.002799,0.000411,0.000021,0.000079,0.007129
2,2,9,"q9_case2",519,256,2304,589824,589824,1,132609,524288,2,1,589824,589321,0.000356,0.000000,0.000307,0.000019,0.000265,0.000370,0.000233,0.000903,0.001473,0.001592,0.000041,0.004304,0.001299,0.000000,0.002672,0.000426,0.000014,0.000070,0.007052
2,2,9,"q9_case2",520,256,2304,589824,589824,1,132865,524288,2,1,589824,589457,0.000356,0.000000,0.000273,0.000018,0.000277,0.000367,0.000277,0.000887,0.001500,0.001609,0.000045,0.004334,0.001293,0.000000,0.002682,0.000427,0.000020,0.000084,0.007022
2,2,9,"q9_case2",521,256,2304,589824,589824,1,133121,524288,2,1,589824,589321,0.000363,0.000000,0.001239,0.000017,0.000276,0.000372,0.000237,0.000867,0.001446,0.001606,0.000050,0.005242,0.001291,0.000000,0.003588,0.000489,0.000015,0.000067,0.008004
2,2,9,"q9_case2",522,256,2304,589824,589824,1,133377,524288,2,1,589824,589456,0.000359,0.000000,0.000343,0.000019,0.000275,0.000361,0.000190,0.000887,0.001389,0.001603,0.000065,0.004343,0.001307,0.000000,0.002677,0.000417,0.000024,0.000073,0.007039
2,2,9,"q9_case2",523,256,2304,589824,589824,1,133633,524288,2,1,589824,589321,0.000361,0.000000,0.000306,0.000022,0.000267,0.000368,0.000243,0.000923,0.001480,0.001706,0.000062,0.004472,0.001305,0.000000,0.002707,0.000423,0.000017,0.000069,0.007242
2,2,9,"q9_case2",524,256,2304,589824,589824,1,133889,524288,2,1,589824,589246,0.000360,0.000000,0.000280,0.000035,0.000286,0.000370,0.000290,0.000896,0.001508,0.001679,0.000065,0.004453,0.001305,0.000000,0.002711,0.000429,0.000024,0.000086,0.007217
2,2,9,"q9_case2",525,256,2304,589824,589824,1,134145,524288,2,1,589824,589262,0.000361,0.000000,0.000303,0.000020,0.000301,0.000365,0.000226,0.000901,0.001541,0.001615,0.000050,0.004425,0.001309,0.000000,0.002763,0.000441,0.000016,0.000074,0.007154
2,2,9,"q9_case2",526,256,2304,589824,589824,1,134401,524288,2,1,589824,589464,0.000366,0.000000,0.000325,0.000021,0.000266,0.000366,0.000260,0.000875,0.001510,0.001609,0.000056,0.004419,0.001320,0.000000,0.002756,0.000445,0.000020,0.000075,0.007139
2,2,9,"q9_case2",527,256,2304,589824,589824,1,134657,524288,2,1,589824,589323,0.000362,0.000000,0.000200,0.000021,0.000287,0.000369,0.000251,0.000900,0.001480,0.001677,0.000069,0.004320,0.001311,0.000000,0.002576,0.000456,0.000024,0.000097,0.007146
2,2,9,"q9_case2",528,256,2304,589824,589824,1,134913,524288,2,1,589824,589230,0.000365,0.000000,0.000371,0.000021,0.000273,0.000372,0.000272,0.000884,0.001475,0.001716,0.000076,0.004589,0.001312,0.000000,0.002799,0.000421,0.000026,0.000076,0.007335
2,2,9,"q9_case2",529,256,2304,589824,589824,1,135169,524288,2,1,589824,589346,0.000370,0.000000,0.000449,0.000051,0.000268,0.000368,0.000272,0.000915,0.001507,0.001621,0.000065,0.004620,0.001310,0.000000,0.002937,0.000429,0.000022,0.000076,0.007391
2,2,9,"q9_case2",530,256,2304,589824,589824,1,135425,524288,2,1,589824,589355,0.000375,0.000000,0.000366,0.000020,0.000267,0.000366,0.000272,0.000919,0.001501,0.001634,0.000066,0.004504,0.001315,0.000000,0.002806,0.000468,0.000023,0.000073,0.007248
2,2,9,"q9_case2",531,256,2304,589824,589824,1,135681,524288,2,1,589824,589324,0.000365,0.000000,0.000245,0.000028,0.000294,0.000366,0.000275,0.000913,0.001482,0.001575,0.000049,0.004354,0.001322,0.000000,0.002732,0.000427,0.000016,0.000072,0.007072
2,2,9,"q9_case2",532,256,2304,589824,589824,1,135937,524288,2,1,589824,589551,0.000360,0.000000,0.000823,0.000020,0.000269,0.000363,0.000226,0.000878,0.001484,0.001662,0.000058,0.004953,0.001314,0.000000,0.003235,0.000427,0.000022,0.000077,0.007712
2,2,9,"q9_case2",533,256,2304,589824,589824,1,136193,524288,2,1,589824,589323,0.000367,0.000000,0.000329,0.000020,0.000268,0.000366,0.000209,0.000893,0.001426,0.001705,0.000058,0.004407,0.001335,0.000000,0.002646,0.000422,0.000019,0.000101,0.007234
2,2,9,"q9_case2",534,256,2304,589824,589824,1,136449,524288,2,1,589824,589318,0.000365,0.000000,0.000305,0.000021,0.000265,0.000375,0.000260,0.000902,0.001487,0.001674,0.000071,0.004416,0.001326,0.000000,0.002674,0.000452,0.000023,0.000078,0.007206
2,2,9,"q9_case2",535,256,2304,589824,589824,1,136705,524288,2,1,589824,589386,0.000369,0.000000,0.000375,0.000024,0.000271,0.000364,0.000262,0.000876,0.001511,0.001592,0.000051,0.004419,0.001321,0.000000,0.002779,0.000418,0.000016,0.000081,0.007131
2,2,9,"q9_case2",536,256,2304,589824,589824,1,136961,524288,2,1,589824,589461,0.000366,0.000000,0.000306,0.000019,0.000267,0.000364,0.000266,0.000886,0.001459,0.001617,0.000055,0.004374,0.001304,0.000000,0.002704,0.000421,0.000020,0.000071,0.007050
2,2,9,"q9_case2",537,256,2304,589824,589824,1,137217,524288,2,1,589824,589320,0.000367,0.000000,0.000291,0.000021,0.000267,0.000370,0.000233,0.000864,0.001431,0.001655,0.000059,0.004359,0.001308,0.000000,0.002647,0.000439,0.000019,0.000096,0.007142
2,2,9,"q9_case2",538,256,2304,589824,589824,1,137473,524288,2,1,589824,589395,0.000365,0.000000,0.000307,0.000043,0.000280,0.000361,0.000356,0.000912,0.001645,0.001586,0.000058,0.004530,0.001315,0.000000,0.002888,0.000422,0.000021,0.000072,0.007208
2,2,9,"q9_case2",539,256,2304,589824,589824,1,137729,524288,2,1,589824,589289,0.000372,0.000000,0.000477,0.000020,0.000288,0.000368,0.000242,0.000942,0.001799,0.001694,0.000071,0.004783,0.001331,0.000000,0.003020,0.000413,0.000019,0.000076,0.007576
2,2,9,"q9_case2",540,256,2304,589824,589824,1,137985,524288,2,1,589824,589261,0.000363,0.000000,0.000398,0.000020,0.000269,0.000361,0.000226,0.000888,0.001396,0.001706,0.000067,0.004482,0.001332,0.000000,0.002710,0.000422,0.000024,0.000077,0.007275
2,2,9,"q9_case2",541,256,2304,589824,589824,1,138241,524288,2,1,589824,589340,0.000363,0.000000,0.000314,0.000021,0.000268,0.000365,0.000288,0.000946,0.001542,0.001677,0.000089,0.004533,0.001326,0.000000,0.002769,0.000433,0.000022,0.000091,0.007326
2,2,9,"q9_case2",542,256,2304,589824,589824,1,138497,524288,2,1,589824,589333,0.000372,0.000000,0.000322,0.000027,0.000273,0.000375,0.000267,0.000898,0.001484,0.001598,0.000068,0.004510,0.001318,0.000000,0.002846,0.000433,0.000028,0.000083,0.007224
2,2,9,"q9_case2",543,256,2304,589824,589824,1,138753,524288,2,1,589824,589547,0.000388,0.000000,0.000332,0.000031,0.000268,0.000367,0.000251,0.000884,0.001430,0.001699,0.000094,0.004520,0.001338,0.000000,0.002730,0.000428,0.000022,0.000087,0.007336
2,2,9,"q9_case2",544,256,2304,589824,589824,1,139009,524288,2,1,589824,589324,0.000365,0.000000,0.000384,0.000035,0.000400,0.000371,0.000305,0.000932,0.001699,0.001613,0.000077,0.004748,0.001330,0.000000,0.003061,0.000455,0.000035,0.000096,0.007576
2,2,9,"q9_case2",545,256,2304,589824,589824,1,139265,524288,2,1,589824,589544,0.000369,0.000000,0.000373,0.000045,0.000270,0.000369,0.000206,0.000892,0.001409,0.001682,0.000077,0.004525,0.001345,0.000000,0.002770,0.000443,0.000020,0.000086,0.007350
2,2,9,"q9_case2",546,256,2304,589824,589824,1,139521,524288,2,1,589824,589324,0.000367,0.000000,0.000322,0.000022,0.000267,0.000366,0.000264,0.000897,0.001462,0.001674,0.000060,0.004454,0.001322,0.000000,0.002723,0.000432,0.000023,0.000079,0.007212
2,2,9,"q9_case2",547,256,2304,589824,589824,1,139777,524288,2,1,589824,589386,0.000364,0.000000,0.000303,0.000021,0.000296,0.000366,0.000295,0.000875,0.001467,0.001655,0.000080,0.004478,0.001329,0.000000,0.002746,0.000432,0.000021,0.000094,0.007258
2,2,9,"q9_case2",548,256,2304,589824,589824,1,140033,524288,2,1,589824,589491,0.000365,0.000000,0.000297,0.000022,0.000266,0.000366,0.000192,0.000890,0.001383,0.001593,0.000057,0.004309,0.001329,0.000000,0.002661,0.000421,0.000021,0.000078,0.007002
2,2,9,"q9_case2",549,256,2304,589824,589824,1,140289,524288,2,1,589824,589317,0.000360,0.000000,0.000291,0.000046,0.000276,0.000368,0.000174,0.000959,0.001413,0.001654,0.000052,0.004418,0.001313,0.000000,0.002714,0.000421,0.000015,0.000076,0.007170
2,2,9,"q9_case2",550,256,2304,589824,589824,1,140545,524288,2,1,589824,589228,0.000366,0.000000,0.000198,0.000023,0.000277,0.000368,0.000240,0.000911,0.001483,0.001652,0.000060,0.004291,0.001304,0.000000,0.002581,0.000434,0.000024,0.000074,0.007025
2,2,9,"q9_case2",551,256,2304,589824,589824,1,140801,524288,2,1,589824,589320,0.000360,0.000000,0.000530,0.000021,0.000276,0.000368,0.000257,0.000902,0.001531,0.001587,0.000044,0.004525,0.001305,0.000000,0.002897,0.000429,0.000066,0.000084,0.007288
2,2,9,"q9_case2",552,256,2304,589824,589824,1,141057,524288,2,1,589824,589547,0.000358,0.000000,0.000295,0.000019,0.000278,0.000361,0.000255,0.000882,0.001445,0.001608,0.000062,0.004326,0.001310,0.000000,0.002659,0.000418,0.000022,0.000078,0.007017
2,2,9,"q9_case2",553,256,2304,589824,589824,1,141313,524288,2,1,589824,589326,0.000361,0.000000,0.000339,0.000021,0.000269,0.000365,0.000248,0.000905,0.001474,0.001633,0.000055,0.004470,0.001307,0.000000,0.002784,0.000417,0.000020,0.000076,0.007205
2,2,9,"q9_case2",554,256,2304,589824,589824,1,141569,524288,2,1,589824,589398,0.000360,0.000000,0.000319,0.000028,0.000298,0.000366,0.000291,0.000896,0.001558,0.001594,0.000057,0.004423,0.001307,0.000000,0.002774,0.000411,0.000022,0.000071,0.007078
2,2,9,"q9_case2",555,256,2304,589824,589824,1,141825,524288,2,1,589824,589319,0.000368,0.000000,0.000293,0.000020,0.000318,0.000366,0.000220,0.000899,0.001502,0.001671,0.000068,0.004432,0.001310,0.000000,0.002695,0.000426,0.000018,0.000084,0.007215
2,2,9,"q9_case2",556,256,2304,589824,589824,1,142081,524288,2,1,589824,589215,0.000364,0.000000,0.000289,0.000024,0.000275,0.000364,0.000173,0.000924,0.001424,0.001622,0.000056,0.004364,0.001315,0.000000,0.002688,0.000420,0.000021,0.000079,0.007086
2,2,9,"q9_case2",557,256,2304,589824,589824,1,142337,524288,2,1,589824,589399,0.000364,0.000000,0.000299,0.000034,0.000311,0.000356,0.000274,0.000864,0.001469,0.001573,0.000049,0.004304,0.001316,0.000000,0.002684,0.000420,0.000015,0.000074,0.006986
2,2,9,"q9_case2",558,256,2304,589824,589824,1,142593,524288,2,1,589824,589322,0.000364,0.000000,0.000262,0.000019,0.000284,0.000364,0.000192,0.000893,0.001413,0.001731,0.000063,0.004416,0.001324,0.000000,0.002624,0.000426,0.000023,0.000072,0.007191
2,2,9,"q9_case2",559,256,2304,589824,589824,1,142849,524288,2,1,589824,589214,0.000369,0.000000,0.000363,0.000024,0.000301,0.000365,0.000378,0.000885,0.001596,0.001572,0.000049,0.004516,0.001324,0.000000,0.002897,0.000411,0.000020,0.000072,0.007214
2,2,9,"q9_case2",560,256,2304,589824,589824,1,143105,524288,2,1,589824,589535,0.000378,0.000000,0.000322,0.000018,0.000266,0.000365,0.000265,0.000913,0.001543,0.001635,0.000058,0.004465,0.001326,0.000000,0.002774,0.000418,0.000025,0.000074,0.007182
2,2,9,"q9_case2",561,256,2304,589824,589824,1,143361,524288,2,1,589824,589304,0.000365,0.000000,0.000271,0.000022,0.000336,0.000363,0.000276,0.000913,0.001576,0.001573,0.000050,0.004477,0.001315,0.000000,0.002857,0.000412,0.000016,0.000073,0.007150
2,2,9,"q9_case2",562,256,2304,589824,589824,1,143617,524288,2,1,589824,589263,0.000366,0.000000,0.000273,0.000021,0.000277,0.000361,0.000199,0.000929,0.001442,0.001682,0.000060,0.004368,0.001320,0.000000,0.002629,0.000422,0.000020,0.000076,0.007160
2,2,9,"q9_case2",563,256,2304,589824,589824,1,143873,524288,2,1,589824,589214,0.000364,0.000000,0.000325,0.000019,0.000286,0.000367,0.000286,0.000908,0.001527,0.001632,0.000053,0.004481,0.001306,0.000000,0.002798,0.000416,0.000014,0.000070,0.007176
2,2,9,"q9_case2",564,256,2304,589824,589824,1,144129,524288,2,1,589824,589379,0.000363,0.000000,0.000281,0.000019,0.000291,0.000362,0.000181,0.000867,0.001381,0.001604,0.000062,0.004246,0.001322,0.000000,0.002583,0.000423,0.000021,0.000076,0.006934
2,2,9,"q9_case2",565,256,2304,589824,589824,1,144385,524288,2,1,589824,589317,0.000368,0.000000,0.000241,0.000025,0.000496,0.000373,0.000263,0.000905,0.001707,0.001674,0.000071,0.004636,0.001331,0.000000,0.002894,0.000434,0.000020,0.000116,0.007490
2,2,9,"q9_case2",566,256,2304,589824,589824,1,144641,524288,2,1,589824,589200,0.000368,0.000000,0.000354,0.000024,0.000262,0.000368,0.000211,0.000895,0.001476,0.001676,0.000054,0.004499,0.001350,0.000000,0.002772,0.000415,0.000021,0.000072,0.007261
2,2,9,"q9_case2",567,256,2304,589824,589824,1,144897,524288,2,1,589824,589254,0.000374,0.000000,0.000297,0.000024,0.000268,0.000367,0.000219,0.000945,0.001494,0.001661,0.000066,0.004479,0.001316,0.000000,0.002753,0.000431,0.000016,0.000082,0.007250
2,2,9,"q9_case2",568,256,2304,589824,589824,1,145153,524288,2,1,589824,589284,0.000363,0.000000,0.000349,0.000021,0.000269,0.000367,0.000224,0.000904,0.001448,0.001557,0.000049,0.004304,0.001316,0.000000,0.002700,0.000412,0.000020,0.000070,0.006954
2,2,9,"q9_case2",569,256,2304,589824,589824,1,145409,524288,2,1,589824,589545,0.000362,0.000000,0.000276,0.000021,0.000282,0.000367,0.000202,0.000893,0.001414,0.001625,0.000049,0.004286,0.001311,0.000000,0.002614,0.000428,0.000015,0.000075,0.007017
2,2,9,"q9_case2",570,256,2304,589824,589824,1,145665,524288,2,1,589824,589324,0.000366,0.000000,0.000298,0.000017,0.000278,0.000364,0.000257,0.000904,0.001507,0.001575,0.000045,0.004322,0.001299,0.000000,0.002704,0.000427,0.000021,0.000074,0.007009
2,2,9,"q9_case2",571,256,2304,589824,589824,1,145921,524288,2,1,589824,589527,0.000361,0.000000,0.000298,0.000020,0.000263,0.000365,0.000285,0.000901,0.001524,0.001652,0.000050,0.004437,0.001311,0.000000,0.002737,0.000419,0.000016,0.000082,0.007181
2,2,9,"q9_case2",572,256,2304,589824,589824,1,146177,524288,2,1,589824,589323,0.000360,0.000000,0.000292,0.000019,0.000281,0.000363,0.000224,0.000900,0.001433,0.001616,0.000054,0.004309,0.001302,0.000000,0.002641,0.000439,0.000018,0.000069,0.007133
2,2,9,"q9_case2",573,256,2304,589824,589824,1,146433,524288,2,1,589824,589326,0.000361,0.000000,0.000348,0.000017,0.000276,0.000364,0.000350,0.000922,0.001624,0.001685,0.000063,0.004641,0.001292,0.000000,0.002895,0.000415,0.000017,0.000078,0.007358
2,2,9,"q9_case2",574,256,2304,589824,589824,1,146689,524288,2,1,589824,589436,0.000365,0.000000,0.000424,0.000019,0.000294,0.000359,0.000239,0.000883,0.001542,0.001536,0.000062,0.004436,0.001321,0.000000,0.002841,0.000421,0.000021,0.000074,0.007073
2,2,9,"q9_case2",575,256,2304,589824,589824,1,146945,524288,2,1,589824,589319,0.000361,0.000000,0.000372,0.000019,0.000273,0.000363,0.000255,0.000942,0.001577,0.001685,0.000052,0.004520,0.001305,0.000000,0.002785,0.000422,0.000014,0.000074,0.007280
2,2,9,"q9_case2",576,256,2304,589824,589824,1,147201,524288,2,1,589824,589166,0.000359,0.000000,0.000278,0.000030,0.000268,0.000361,0.000253,0.000888,0.001481,0.001628,0.000052,0.004320,0.001299,0.000000,0.002642,0.000425,0.000022,0.000083,0.007038
2,2,9,"q9_case2",577,256,2304,589824,589824,1,147457,524288,2,1,589824,589338,0.000357,0.000000,0.000316,0.000018,0.000290,0.000361,0.000247,0.000879,0.001463,0.001544,0.000050,0.004285,0.001297,0.000000,0.002692,0.000420,0.000015,0.000072,0.006901
2,2,9,"q9_case2",578,256,2304,589824,589824,1,147713,524288,2,1,589824,589319,0.000359,0.000000,0.000262,0.000021,0.000291,0.000360,0.000288,0.000918,0.001526,0.001629,0.000051,0.004488,0.001307,0.000000,0.002811,0.000416,0.000019,0.000071,0.007191
2,2,9,"q9_case2",579,256,2304,589824,589824,1,147969,524288,2,1,589824,589159,0.000361,0.000000,0.000344,0.000019,0.000316,0.000360,0.000251,0.000915,0.001553,0.001636,0.000051,0.004464,0.001297,0.000000,0.002778,0.000412,0.000015,0.000077,0.007211
2,2,9,"q9_case2",580,256,2304,589824,589824,1,148225,524288,2,1,589824,589247,0.000358,0.000000,0.000276,0.000021,0.000291,0.000359,0.000332,0.000918,0.001542,0.001609,0.000060,0.004456,0.001300,0.000000,0.002789,0.000434,0.000020,0.000087,0.007168
2,2,9,"q9_case2",581,256,2304,589824,589824,1,148481,524288,2,1,589824,589361,0.000360,0.000000,0.000317,0.000019,0.000295,0.000361,0.000264,0.000865,0.001505,0.001575,0.000055,0.004347,0.001321,0.000000,0.002719,0.000423,0.000015,0.000077,0.007066
2,2,9,"q9_case2",582,256,2304,589824,589824,1,148737,524288,2,1,589824,589432,0.000363,0.000000,0.000233,0.000023,0.000294,0.000358,0.000249,0.000888,0.001463,0.001560,0.000062,0.004213,0.001318,0.000000,0.002593,0.000434,0.000024,0.000077,0.006877
2,2,9,"q9_case2",583,256,2304,589824,589824,1,148993,524288,2,1,589824,589324,0.000362,0.000000,0.000320,0.000021,0.000274,0.000363,0.000280,0.000896,0.001490,0.001721,0.000060,0.004508,0.001320,0.000000,0.002729,0.000421,0.000016,0.000071,0.007276
2,2,9,"q9_case2",584,256,2304,589824,589824,1,149249,524288,2,1,589824,589156,0.000362,0.000000,0.000289,0.000022,0.000265,0.000360,0.000262,0.000877,0.001458,0.001626,0.000058,0.004373,0.001307,0.000000,0.002691,0.000423,0.000029,0.000112,0.007146
2,2,9,"q9_case2",585,256,2304,589824,589824,1,149505,524288,2,1,589824,589249,0.000363,0.000000,0.000358,0.000021,0.000293,0.000361,0.000269,0.000896,0.001499,0.001603,0.000056,0.004403,0.001324,0.000000,0.002746,0.000431,0.000015,0.000073,0.007128
2,2,9,"q9_case2",586,256,2304,589824,589824,1,149761,524288,2,1,589824,589259,0.000363,0.000000,0.000260,0.000021,0.000265,0.000361,0.000259,0.000904,0.001459,0.001622,0.000052,0.004342,0.001324,0.000000,0.002670,0.000417,0.000021,0.000073,0.007063
2,2,9,"q9_case2",587,256,2304,589824,589824,1,150017,524288,2,1,589824,589270,0.000364,0.000000,0.000299,0.000019,0.000284,0.000361,0.000258,0.000854,0.001429,0.001526,0.000056,0.004241,0.001320,0.000000,0.002661,0.000415,0.000018,0.000076,0.006894
2,2,9,"q9_case2",588,256,2304,589824,589824,1,150273,524288,2,1,589824,589523,0.000368,0.000000,0.000305,0.000030,0.000315,0.000363,0.000301,0.000901,0.001490,0.001640,0.000068,0.004488,0.001320,0.000000,0.002782,0.000434,0.000023,0.000084,0.007244
2,2,9,"q9_case2",589,256,2304,589824,589824,1,150529,524288,2,1,589824,589140,0.000359,0.000000,0.000326,0.000020,0.000279,0.000370,0.000181,0.000907,0.001433,0.001636,0.000049,0.004338,0.001315,0.000000,0.002655,0.000415,0.000014,0.000069,0.007039
2,2,9,"q9_case2",590,256,2304,589824,589824,1,150785,524288,2,1,589824,589159,0.000357,0.000000,0.000292,0.000018,0.000290,0.000363,0.000210,0.000865,0.001419,0.001571,0.000043,0.004263,0.001298,0.000000,0.002650,0.000436,0.000020,0.000073,0.006927
2,2,9,"q9_case2",591,256,2304,589824,589824,1,151041,524288,2,1,589824,589522,0.000359,0.000000,0.000327,0.000019,0.000273,0.000360,0.000216,0.000883,0.001428,0.001631,0.000049,0.004376,0.001303,0.000000,0.002697,0.000416,0.000014,0.000068,0.007088
2,2,9,"q9_case2",592,256,2304,589824,589824,1,151297,524288,2,1,589824,589141,0.000369,0.000000,0.000276,0.000019,0.000274,0.000362,0.000222,0.000886,0.001415,0.001623,0.000050,0.004335,0.001324,0.000000,0.002664,0.000430,0.000022,0.000091,0.007092
2,2,9,"q9_case2",593,256,2304,589824,589824,1,151553,524288,2,1,589824,589311,0.000358,0.000000,0.000307,0.000019,0.000278,0.000359,0.000319,0.000897,0.001579,0.001509,0.000055,0.004361,0.001314,0.000000,0.002799,0.000418,0.000016,0.000071,0.006980
2,2,9,"q9_case2",594,256,2304,589824,589824,1,151809,524288,2,1,589824,589324,0.000370,0.000000,0.000331,0.000020,0.000290,0.000361,0.000216,0.000915,0.001443,0.001661,0.000063,0.004471,0.001305,0.000000,0.002749,0.000437,0.000022,0.000075,0.007229
2,2,9,"q9_case2",595,256,2304,589824,589824,1,152065,524288,2,1,589824,589170,0.000364,0.000000,0.000575,0.000021,0.000282,0.000366,0.000284,0.000912,0.001556,0.001662,0.000055,0.004757,0.001306,0.000000,0.003042,0.000420,0.000016,0.000072,0.007488
2,2,9,"q9_case2",596,256,2304,589824,589824,1,152321,524288,2,1,589824,589355,0.000367,0.000000,0.000345,0.000023,0.000293,0.000357,0.000329,0.000898,0.001546,0.001546,0.000054,0.004498,0.001323,0.000000,0.002901,0.000419,0.000028,0.000106,0.007182
2,2,9,"q9_case2",597,256,2304,589824,589824,1,152577,524288,2,1,589824,589322,0.000370,0.000000,0.000266,0.000022,0.000298,0.000360,0.000281,0.000886,0.001501,0.001662,0.000057,0.004433,0.001320,0.000000,0.002716,0.000420,0.000015,0.000080,0.007196
2,2,9,"q9_case2",598,256,2304,589824,589824,1,152833,524288,2,1,589824,589164,0.000386,0.000000,0.004820,0.000021,0.000267,0.000359,0.000276,0.000888,0.001464,0.001705,0.000092,0.009048,0.001318,0.000000,0.007254,0.000433,0.000028,0.000077,0.011841
2,2,9,"q9_case2",599,256,2304,589824,589824,1,153089,524288,2,1,589824,589244,0.000364,0.000000,0.000303,0.000022,0.000467,0.000366,0.000274,0.000957,0.001752,0.001697,0.000080,0.004783,0.001321,0.000000,0.003010,0.000430,0.000020,0.000083,0.007562
2,2,9,"q9_case2",600,256,2304,589824,589824,1,153345,524288,2,1,589824,589262,0.000368,0.000000,0.000405,0.000023,0.000266,0.000361,0.000274,0.000896,0.001479,0.001625,0.000054,0.004495,0.001329,0.000000,0.002818,0.000426,0.000022,0.000079,0.007223
2,2,9,"q9_case2",601,256,2304,589824,589824,1,153601,524288,2,1,589824,589493,0.000363,0.000000,0.000278,0.000021,0.000265,0.000360,0.000272,0.000887,0.001478,0.001638,0.000056,0.004433,0.001318,0.000000,0.002742,0.000430,0.000016,0.000077,0.007159
2,2,9,"q9_case2",602,256,2304,589824,589824,1,153857,524288,2,1,589824,589323,0.000363,0.000000,0.000290,0.000019,0.000277,0.000363,0.000290,0.000916,0.001547,0.001657,0.000063,0.004497,0.001313,0.000000,0.002779,0.000415,0.000023,0.000094,0.007253
2,2,9,"q9_case2",603,256,2304,589824,589824,1,154113,524288,2,1,589824,589256,0.000363,0.000000,0.000287,0.000019,0.000332,0.000359,0.000275,0.000914,0.001540,0.001650,0.000057,0.004423,0.001308,0.000000,0.002719,0.000412,0.000016,0.000078,0.007134
2,2,9,"q9_case2",604,256,2304,589824,589824,1,154369,524288,2,1,589824,589315,0.000360,0.000000,0.000281,0.000030,0.000278,0.000363,0.000282,0.000919,0.001492,0.001588,0.000048,0.004327,0.001311,0.000000,0.002693,0.000416,0.000022,0.000074,0.007018
2,2,9,"q9_case2",605,256,2304,589824,589824,1,154625,524288,2,1,589824,589471,0.000364,0.000000,0.000270,0.000019,0.000271,0.000357,0.000250,0.000905,0.001475,0.001649,0.000063,0.004356,0.001328,0.000000,0.002646,0.000424,0.000016,0.000073,0.007078
2,2,9,"q9_case2",606,256,2304,589824,589824,1,154881,524288,2,1,589824,589319,0.000366,0.000000,0.001836,0.000020,0.000313,0.000361,0.000289,0.000870,0.001525,0.001627,0.000068,0.005979,0.001312,0.000000,0.004286,0.000431,0.000022,0.000076,0.008702
2,2,9,"q9_case2",607,256,2304,589824,589824,1,155137,524288,2,1,589824,589241,0.000360,0.000000,0.000266,0.000019,0.000286,0.000360,0.000264,0.000914,0.001500,0.001622,0.000057,0.004385,0.001340,0.000000,0.002708,0.000425,0.000016,0.000078,0.007164
2,2,9,"q9_case2",608,256,2304,589824,589824,1,155393,524288,2,1,589824,589205,0.000359,0.000000,0.000478,0.000022,0.000286,0.000357,0.000237,0.000904,0.001485,0.001604,0.000056,0.004478,0.001308,0.000000,0.002821,0.000418,0.000025,0.000078,0.007188
2,2,9,"q9_case2",609,256,2304,589824,589824,1,155649,524288,2,1,589824,589318,0.000360,0.000000,0.000295,0.000022,0.000279,0.000361,0.000259,0.000865,0.001461,0.001507,0.000050,0.004196,0.001314,0.000000,0.002640,0.000422,0.000021,0.000099,0.006842
2,2,9,"q9_case2",610,256,2304,589824,589824,1,155905,524288,2,1,589824,589295,0.000364,0.000000,0.000264,0.000018,0.000279,0.000359,0.000287,0.000885,0.001545,0.001617,0.000054,0.004436,0.001318,0.000000,0.002767,0.000420,0.000020,0.000074,0.007160
2,2,9,"q9_case2",611,256,2304,589824,589824,1,156161,524288,2,1,589824,589129,0.000407,0.000000,0.000361,0.000021,0.000292,0.000359,0.000290,0.000921,0.001570,0.001654,0.000063,0.004585,0.001293,0.000000,0.002870,0.000425,0.000017,0.000073,0.007358
2,2,9,"q9_case2",612,256,2304,589824,589824,1,156417,524288,2,1,589824,589181,0.000364,0.000000,0.000249,0.000020,0.000276,0.000360,0.000290,0.000897,0.001488,0.001616,0.000064,0.004384,0.001301,0.000000,0.002706,0.000489,0.000060,0.000082,0.007214
2,2,9,"q9_case2",613,256,2304,589824,589824,1,156673,524288,2,1,589824,589280,0.000361,0.000000,0.000302,0.000022,0.000261,0.000361,0.000280,0.000915,0.001509,0.001621,0.000060,0.004372,0.001308,0.000000,0.002694,0.000417,0.000018,0.000075,0.007159
2,2,9,"q9_case2",614,256,2304,589824,589824,1,156929,524288,2,1,589824,589287,0.000359,0.000000,0.003291,0.000020,0.000264,0.000356,0.000249,0.000918,0.001482,0.001630,0.000067,0.007339,0.001307,0.000000,0.005644,0.000420,0.000023,0.000074,0.010046
2,2,9,"q9_case2",615,256,2304,589824,589824,1,157185,524288,2,1,589824,589316,0.000381,0.000000,0.000266,0.000021,0.000298,0.000360,0.000284,0.000880,0.001497,0.001581,0.000049,0.004353,0.001309,0.000000,0.002724,0.000420,0.000021,0.000112,0.007088
2,2,9,"q9_case2",616,256,2304,589824,589824,1,157441,524288,2,1,589824,589434,0.000361,0.000000,0.000304,0.000020,0.000287,0.000355,0.000185,0.000877,0.001394,0.001550,0.000054,0.004192,0.001307,0.000000,0.002590,0.000410,0.000021,0.000072,0.006815
2,2,9,"q9_case2",617,256,2304,589824,589824,1,157697,524288,2,1,589824,589318,0.000361,0.000000,0.000288,0.000044,0.000303,0.000360,0.000231,0.000883,0.001434,0.001509,0.000054,0.004187,0.001310,0.000000,0.002627,0.000433,0.000016,0.000071,0.006808
2,2,9,"q9_case2",618,256,2304,589824,589824,1,157953,524288,2,1,589824,589228,0.000359,0.000000,0.000297,0.000022,0.000264,0.000358,0.000263,0.000927,0.001501,0.001685,0.000065,0.004503,0.001309,0.000000,0.002756,0.000419,0.000023,0.000077,0.007256
2,2,9,"q9_case2",619,256,2304,589824,589824,1,158209,524288,2,1,589824,589128,0.000369,0.000000,0.005009,0.000027,0.000264,0.000359,0.000220,0.000897,0.001409,0.001657,0.000071,0.009090,0.001321,0.000000,0.007365,0.000443,0.000017,0.000075,0.011855
2,2,9,"q9_case2",620,256,2304,589824,589824,1,158465,524288,2,1,589824,589217,0.000368,0.000000,0.000278,0.000022,0.000263,0.000354,0.000256,0.000890,0.001502,0.001611,0.000058,0.004396,0.001319,0.000000,0.002729,0.000424,0.000022,0.000075,0.007167
2,2,9,"q9_case2",621,256,2304,589824,589824,1,158721,524288,2,1,589824,589326,0.000365,0.000000,0.000399,0.000021,0.000308,0.000362,0.000247,0.000925,0.001469,0.001635,0.000080,0.004558,0.001305,0.000000,0.002845,0.000429,0.000020,0.000084,0.007313
2,2,9,"q9_case2",622,256,2304,589824,589824,1,158977,524288,2,1,589824,589335,0.000360,0.000000,0.000312,0.000036,0.000316,0.000364,0.000279,0.000872,0.001494,0.001625,0.000055,0.004438,0.001311,0.000000,0.002761,0.000426,0.000031,0.000105,0.007190
2,2,9,"q9_case2",623,256,2304,589824,589824,1,159233,524288,2,1,589824,589381,0.000366,0.000000,0.000261,0.000043,0.000286,0.000356,0.000267,0.000882,0.001453,0.001472,0.000048,0.004184,0.001313,0.000000,0.002666,0.000413,0.000016,0.000073,0.006778
2,2,9,"q9_case2",624,256,2304,589824,589824,1,159489,524288,2,1,589824,589330,0.000361,0.000000,0.004578,0.000023,0.000279,0.000361,0.000209,0.000896,0.001433,0.001637,0.000078,0.008619,0.001319,0.000000,0.006907,0.000424,0.000027,0.000078,0.011380
2,2,9,"q9_case2",625,256,2304,589824,589824,1,159745,524288,2,1,589824,589209,0.000364,0.000000,0.000336,0.000021,0.000304,0.000357,0.000317,0.000925,0.001552,0.001639,0.000059,0.004518,0.001315,0.000000,0.002821,0.000422,0.000017,0.000075,0.007246
2,2,9,"q9_case2",626,256,2304,589824,589824,1,160001,524288,2,1,589824,589192,0.000359,0.000000,0.000381,0.000021,0.000261,0.000357,0.000280,0.000887,0.001481,0.001613,0.000054,0.004437,0.001306,0.000000,0.002771,0.000429,0.000024,0.000090,0.007151
2,2,9,"q9_case2",627,256,2304,589824,589824,1,160257,524288,2,1,589824,589445,0.000365,0.000000,0.000283,0.000020,0.000295,0.000361,0.000230,0.000884,0.001501,0.001541,0.000049,0.004352,0.001310,0.000000,0.002763,0.000413,0.000015,0.000074,0.007008
2,2,9,"q9_case2",628,256,2304,589824,589824,1,160513,524288,2,1,589824,589327,0.000358,0.000000,0.000291,0.000019,0.000265,0.000360,0.000220,0.000910,0.001414,0.001574,0.000061,0.004262,0.001309,0.000000,0.002630,0.000424,0.000022,0.000076,0.006963
2,2,9,"q9_case2",629,256,2304,589824,589824,1,160769,524288,2,1,589824,589451,0.000361,0.000000,0.000655,0.000042,0.000296,0.000357,0.000266,0.000888,0.001473,0.001620,0.000055,0.004723,0.001327,0.000000,0.003050,0.000421,0.000016,0.000078,0.007458
2,2,9,"q9_case2",630,256,2304,589824,589824,1,161025,524288,2,1,589824,589310,0.000363,0.000000,0.000257,0.000028,0.000261,0.000360,0.000279,0.000880,0.001427,0.001578,0.000091,0.004288,0.001319,0.000000,0.002622,0.000457,0.000049,0.000119,0.007085
2,2,9,"q9_case2",631,256,2304,589824,589824,1,161281,524288,2,1,589824,589383,0.000368,0.000000,0.000320,0.000059,0.001016,0.000364,0.000186,0.000887,0.001389,0.001646,0.000075,0.005159,0.001327,0.000000,0.003441,0.000414,0.000018,0.000085,0.007907
2,2,9,"q9_case2",632,256,2304,589824,589824,1,161537,524288,2,1,589824,589316,0.000360,0.000000,0.000926,0.000021,0.000267,0.000361,0.000280,0.000891,0.001460,0.001470,0.000057,0.004821,0.001325,0.000000,0.003297,0.000412,0.000022,0.000088,0.007445
2,2,9,"q9_case2",633,256,2304,589824,589824,1,161793,524288,2,1,589824,589436,0.000360,0.000000,0.000297,0.000020,0.000287,0.000362,0.000284,0.000893,0.001542,0.001462,0.000046,0.004245,0.001317,0.000000,0.002739,0.000416,0.000016,0.000079,0.006837
2,2,9,"q9_case2",634,256,2304,589824,589824,1,162049,524288,2,1,589824,589322,0.000358,0.000000,0.000334,0.000020,0.000309,0.000357,0.000242,0.000894,0.001543,0.001627,0.000049,0.004415,0.001309,0.000000,0.002741,0.000420,0.000021,0.000074,0.007142
2,2,9,"q9_case2",635,256,2304,589824,589824,1,162305,524288,2,1,589824,589512,0.000356,0.000000,0.000342,0.000021,0.000262,0.000356,0.000266,0.000892,0.001474,0.001599,0.000049,0.004354,0.001313,0.000000,0.002708,0.000418,0.000015,0.000071,0.007065
2,2,9,"q9_case2",636,256,2304,589824,589824,1,162561,524288,2,1,589824,589317,0.000361,0.000000,0.000290,0.000019,0.000281,0.000359,0.000266,0.000855,0.001432,0.001599,0.000045,0.004332,0.001301,0.000000,0.002690,0.000414,0.000027,0.000111,0.007066
2,2,9,"q9_case2",637,256,2304,589824,589824,1,162817,524288,2,1,589824,589527,0.000358,0.000000,0.000301,0.000022,0.000280,0.000361,0.000257,0.000880,0.001450,0.001639,0.000057,0.004346,0.001303,0.000000,0.002651,0.000417,0.000016,0.000076,0.007067
2,2,9,"q9_case2",638,256,2304,589824,589824,1,163073,524288,2,1,589824,589312,0.000357,0.000000,0.000297,0.000021,0.000275,0.000357,0.000267,0.000898,0.001458,0.001566,0.000058,0.004316,0.001311,0.000000,0.002694,0.000424,0.000023,0.000076,0.007014
2,2,9,"q9_case2",639,256,2304,589824,589824,1,163329,524288,2,1,589824,589528,0.000361,0.000000,0.000365,0.000021,0.000263,0.000357,0.000293,0.000891,0.001496,0.001650,0.000062,0.004482,0.001314,0.000000,0.002772,0.000437,0.000016,0.000084,0.007246
2,2,9,"q9_case2",640,256,2304,589824,589824,1,163585,524288,2,1,589824,589307,0.000359,0.000000,0.004809,0.000023,0.000264,0.000357,0.000213,0.000894,0.001408,0.001569,0.000052,0.008732,0.001305,0.000000,0.007114,0.000420,0.000021,0.000073,0.011410
2,2,9,"q9_case2",641,256,2304,589824,589824,1,163841,524288,2,1,589824,589506,0.000356,0.000000,0.000289,0.000021,0.000270,0.000360,0.000244,0.000897,0.001465,0.001631,0.000048,0.004389,0.001303,0.000000,0.002711,0.000423,0.000015,0.000071,0.007086
2,2,9,"q9_case2",642,256,2304,589824,589824,1,164097,524288,2,1,589824,589304,0.000356,0.000000,0.000438,0.000022,0.000264,0.000361,0.000201,0.000925,0.001423,0.001643,0.000058,0.004447,0.001299,0.000000,0.002748,0.000440,0.000022,0.000074,0.007179
2,2,9,"q9_case2",643,256,2304,589824,589824,1,164353,524288,2,1,589824,589300,0.000360,0.000000,0.000362,0.000020,0.000263,0.000367,0.000296,0.000873,0.001507,0.001445,0.000072,0.004268,0.001312,0.000000,0.002753,0.000430,0.000017,0.000076,0.006878
2,2,9,"q9_case2",644,256,2304,589824,589824,1,164609,524288,2,1,589824,589318,0.000361,0.000000,0.000278,0.000022,0.000290,0.000359,0.000212,0.000868,0.001406,0.001690,0.000057,0.004372,0.001320,0.000000,0.002628,0.000428,0.000021,0.000076,0.007138
2,2,9,"q9_case2",645,256,2304,589824,589824,1,164865,524288,2,1,589824,589138,0.000360,0.000000,0.004944,0.000020,0.000262,0.000362,0.000255,0.000865,0.001428,0.001685,0.000073,0.009038,0.001313,0.000000,0.007284,0.000427,0.000019,0.000082,0.011814
2,2,9,"q9_case2",646,256,2304,589824,589824,1,165121,524288,2,1,589824,589397,0.000360,0.000000,0.000288,0.000023,0.000294,0.000357,0.000238,0.000867,0.001429,0.001456,0.000052,0.004179,0.001319,0.000000,0.002674,0.000447,0.000022,0.000077,0.006783
2,2,9,"q9_case2",647,256,2304,589824,589824,1,165377,524288,2,1,589824,589318,0.000376,0.000000,0.000302,0.000025,0.000298,0.000356,0.000191,0.000935,0.001453,0.001674,0.000065,0.004410,0.001318,0.000000,0.002673,0.000420,0.000016,0.000075,0.007172
2,2,9,"q9_case2",648,256,2304,589824,589824,1,165633,524288,2,1,589824,589134,0.000359,0.000000,0.000271,0.000021,0.000285,0.000359,0.000265,0.000911,0.001471,0.001635,0.000056,0.004370,0.001312,0.000000,0.002681,0.000418,0.000021,0.000081,0.007104
2,2,9,"q9_case2",649,256,2304,589824,589824,1,165889,524288,2,1,589824,589321,0.000361,0.000000,0.000277,0.000018,0.000273,0.000355,0.000285,0.000895,0.001518,0.001646,0.000054,0.004455,0.001306,0.000000,0.002757,0.000428,0.000016,0.000075,0.007193
2,2,9,"q9_case2",650,256,2304,589824,589824,1,166145,524288,2,1,589824,589332,0.000371,0.000000,0.000783,0.000061,0.000263,0.000358,0.000228,0.000920,0.001453,0.001631,0.000082,0.004919,0.001305,0.000000,0.003209,0.000427,0.000025,0.000091,0.007654
2,2,9,"q9_case2",651,256,2304,589824,589824,1,166401,524288,2,1,589824,589418,0.000359,0.000000,0.000477,0.000021,0.000275,0.000351,0.000281,0.000879,0.001590,0.001536,0.000057,0.004457,0.001316,0.000000,0.002865,0.000410,0.000016,0.000078,0.007109
2,2,9,"q9_case2",652,256,2304,589824,589824,1,166657,524288,2,1,589824,589270,0.000359,0.000000,0.000281,0.000023,0.000289,0.000361,0.000261,0.000876,0.001474,0.001549,0.000062,0.004302,0.001316,0.000000,0.002693,0.000430,0.000023,0.000079,0.006913
2,2,9,"q9_case2",653,256,2304,589824,589824,1,166913,524288,2,1,589824,589180,0.000360,0.000000,0.002851,0.000023,0.000267,0.000357,0.000267,0.000905,0.001504,0.001663,0.000063,0.007010,0.001321,0.000000,0.005286,0.000428,0.000016,0.000075,0.009769
2,2,9,"q9_case2",654,256,2304,589824,589824,1,167169,524288,2,1,589824,589310,0.000361,0.000000,0.000341,0.000020,0.000259,0.000358,0.000232,0.000895,0.001462,0.001468,0.000054,0.004258,0.001311,0.000000,0.002738,0.000418,0.000021,0.000094,0.006861
2,2,9,"q9_case2",655,256,2304,589824,589824,1,167425,524288,2,1,589824,589329,0.000366,0.000000,0.000463,0.000020,0.000283,0.000360,0.000248,0.000866,0.001453,0.001630,0.000054,0.004501,0.001311,0.000000,0.002820,0.000418,0.000016,0.000078,0.007238
2,2,9,"q9_case2",656,256,2304,589824,589824,1,167681,524288,2,1,589824,589328,0.000359,0.000000,0.000272,0.000023,0.000271,0.000362,0.000244,0.000850,0.001420,0.001507,0.000066,0.004186,0.001312,0.000000,0.002616,0.000437,0.000023,0.000076,0.006806
2,2,9,"q9_case2",657,256,2304,589824,589824,1,167937,524288,2,1,589824,589323,0.000360,0.000000,0.000294,0.000044,0.000301,0.000368,0.000242,0.000920,0.001526,0.001683,0.000071,0.004566,0.001325,0.000000,0.002814,0.000419,0.000017,0.000085,0.007348
2,2,9,"q9_case2",658,256,2304,589824,589824,1,168193,524288,2,1,589824,589228,0.000376,0.000000,0.004597,0.000025,0.000300,0.000354,0.000305,0.000887,0.001459,0.001708,0.000092,0.008852,0.001321,0.000000,0.007055,0.000427,0.000045,0.000134,0.011703
2,2,9,"q9_case2",659,256,2304,589824,589824,1,168449,524288,2,1,589824,589406,0.000368,0.000001,0.000255,0.000058,0.000261,0.000361,0.000262,0.000898,0.001447,0.001540,0.000073,0.004270,0.001328,0.000000,0.002660,0.000440,0.000021,0.000086,0.006966
2,2,9,"q9_case2",660,256,2304,589824,589824,1,168705,524288,2,1,589824,589321,0.000381,0.000000,0.000413,0.000030,0.000270,0.000366,0.000236,0.000894,0.001455,0.001681,0.000068,0.004556,0.001342,0.000000,0.002811,0.000431,0.000025,0.000083,0.007346
2,2,9,"q9_case2",661,256,2304,589824,589824,1,168961,524288,2,1,589824,589155,0.000367,0.000000,0.000254,0.000024,0.000267,0.000362,0.000263,0.000922,0.001516,0.001660,0.000062,0.004396,0.001322,0.000000,0.002677,0.000440,0.000017,0.000085,0.007160
2,2,9,"q9_case2",662,256,2304,589824,589824,1,169217,524288,2,1,589824,589293,0.000363,0.000000,0.000268,0.000022,0.000266,0.000360,0.000187,0.000868,0.001360,0.001542,0.000067,0.004207,0.001324,0.000000,0.002601,0.000423,0.000034,0.000116,0.006896
2,2,9,"q9_case2",663,256,2304,589824,589824,1,169473,524288,2,1,589824,589326,0.000385,0.000000,0.003049,0.000037,0.000276,0.000362,0.000241,0.000901,0.001459,0.001686,0.000080,0.007223,0.001338,0.000000,0.005461,0.000430,0.000019,0.000083,0.010054
2,2,9,"q9_case2",664,256,2304,589824,589824,1,169729,524288,2,1,589824,589200,0.000367,0.000000,0.000296,0.000024,0.000269,0.000386,0.000225,0.000946,0.001494,0.001674,0.000079,0.004562,0.001350,0.000000,0.002813,0.000440,0.000027,0.000083,0.007390
2,2,9,"q9_case2",665,256,2304,589824,589824,1,169985,524288,2,1,589824,589290,0.000364,0.000000,0.000463,0.000023,0.000266,0.000364,0.000275,0.000936,0.001520,0.001682,0.000064,0.004639,0.001327,0.000000,0.002896,0.000420,0.000018,0.000083,0.007425
2,2,9,"q9_case2",666,256,2304,589824,589824,1,170241,524288,2,1,589824,589290,0.000368,0.000000,0.000288,0.000021,0.000263,0.000353,0.000276,0.000917,0.001502,0.001649,0.000062,0.004468,0.001332,0.000000,0.002759,0.000437,0.000025,0.000092,0.007253
2,2,9,"q9_case2",667,256,2304,589824,589824,1,170497,524288,2,1,589824,589341,0.000361,0.000000,0.000295,0.000019,0.000291,0.000355,0.000260,0.000883,0.001487,0.001614,0.000053,0.004350,0.001313,0.000000,0.002685,0.000421,0.000015,0.000080,0.007072
2,2,9,"q9_case2",668,256,2304,589824,589824,1,170753,524288,2,1,589824,589382,0.000384,0.000000,0.000289,0.000020,0.000272,0.000355,0.000188,0.000916,0.001404,0.001598,0.000050,0.004265,0.001311,0.000000,0.002619,0.000418,0.000021,0.000077,0.006966
2,2,9,"q9_case2",669,256,2304,589824,589824,1,171009,524288,2,1,589824,589361,0.000362,0.000000,0.000278,0.000044,0.000274,0.000354,0.000262,0.000879,0.001453,0.001593,0.000048,0.004307,0.001304,0.000000,0.002668,0.000419,0.000015,0.000072,0.007011
2,2,9,"q9_case2",670,256,2304,589824,589824,1,171265,524288,2,1,589824,589304,0.000359,0.000000,0.000299,0.000035,0.000271,0.000355,0.000269,0.000879,0.001474,0.001590,0.000056,0.004386,0.001306,0.000000,0.002741,0.000436,0.000021,0.000074,0.007077
2,2,9,"q9_case2",671,256,2304,589824,589824,1,171521,524288,2,1,589824,589464,0.000363,0.000000,0.003746,0.000021,0.000274,0.000359,0.000259,0.000904,0.001474,0.001615,0.000066,0.007809,0.001332,0.000000,0.006130,0.000428,0.000016,0.000088,0.010554
2,2,9,"q9_case2",672,256,2304,589824,589824,1,171777,524288,2,1,589824,589191,0.000363,0.000000,0.000452,0.000037,0.000286,0.000356,0.000203,0.000920,0.001456,0.001622,0.000055,0.004496,0.001327,0.000000,0.002821,0.000415,0.000020,0.000080,0.007229
2,2,9,"q9_case2",673,256,2304,589824,589824,1,172033,524288,2,1,589824,589211,0.000361,0.000000,0.000490,0.000020,0.000319,0.000357,0.000376,0.000877,0.001685,0.001574,0.000061,0.004646,0.001320,0.000000,0.003013,0.000423,0.000019,0.000085,0.007303
2,2,9,"q9_case2",674,256,2304,589824,589824,1,172289,524288,2,1,589824,589317,0.000362,0.000000,0.000299,0.000024,0.000266,0.000352,0.000270,0.000872,0.001463,0.001528,0.000058,0.004270,0.001337,0.000000,0.002686,0.000419,0.000024,0.000081,0.006948
2,2,9,"q9_case2",675,256,2304,589824,589824,1,172545,524288,2,1,589824,589231,0.000367,0.000000,0.000379,0.000022,0.000290,0.000355,0.000218,0.000867,0.001397,0.001655,0.000070,0.004463,0.001316,0.000000,0.002740,0.000417,0.000018,0.000091,0.007267
2,2,9,"q9_case2",676,256,2304,589824,589824,1,172801,524288,2,1,589824,589157,0.000362,0.000000,0.000417,0.000025,0.000271,0.000357,0.000222,0.000853,0.001443,0.001556,0.000059,0.004422,0.001319,0.000000,0.002809,0.000429,0.000025,0.000082,0.007111
2,2,9,"q9_case2",677,256,2304,589824,589824,1,173057,524288,2,1,589824,589296,0.000362,0.000000,0.000305,0.000020,0.000291,0.000360,0.000291,0.000893,0.001553,0.001698,0.000069,0.004536,0.001331,0.000000,0.002771,0.000426,0.000020,0.000082,0.007344
2,2,9,"q9_case2",678,256,2304,589824,589824,1,173313,524288,2,1,589824,589104,0.000363,0.000000,0.000389,0.000021,0.000280,0.000360,0.000202,0.000912,0.001411,0.001670,0.000065,0.004450,0.001323,0.000000,0.002717,0.000431,0.000022,0.000080,0.007216
2,2,9,"q9_case2",679,256,2304,589824,589824,1,173569,524288,2,1,589824,589204,0.000363,0.000000,0.000310,0.000018,0.000263,0.000355,0.000217,0.000903,0.001409,0.001646,0.000050,0.004386,0.001325,0.000000,0.002692,0.000413,0.000017,0.000107,0.007165
2,2,9,"q9_case2",680,256,2304,589824,589824,1,173825,524288,2,1,589824,589273,0.000387,0.000000,0.000283,0.000019,0.000281,0.000353,0.000312,0.000868,0.001516,0.001535,0.000067,0.004324,0.001327,0.000000,0.002725,0.000407,0.000027,0.000084,0.006994
2,2,9,"q9_case2",681,256,2304,589824,589824,1,174081,524288,2,1,589824,589331,0.000376,0.000000,0.004543,0.000052,0.000280,0.000356,0.000290,0.000905,0.001521,0.001636,0.000069,0.008728,0.001335,0.000000,0.007025,0.000420,0.000019,0.000083,0.011480
2,2,9,"q9_case2",682,256,2304,589824,589824,1,174337,524288,2,1,589824,589285,0.000362,0.000000,0.000282,0.000024,0.000263,0.000358,0.000299,0.000900,0.001492,0.001566,0.000071,0.004326,0.001328,0.000000,0.002691,0.000432,0.000023,0.000078,0.007009
2,2,9,"q9_case2",683,256,2304,589824,589824,1,174593,524288,2,1,589824,589268,0.000372,0.000001,0.000293,0.000037,0.000270,0.000359,0.000252,0.000912,0.001451,0.001588,0.000102,0.004367,0.001341,0.000000,0.002680,0.000427,0.000027,0.000122,0.007123
2,2,9,"q9_case2",684,256,2304,589824,589824,1,174849,524288,2,1,589824,589192,0.000367,0.000000,0.000334,0.000041,0.000246,0.000371,0.000222,0.000929,0.001434,0.001709,0.000094,0.004520,0.001350,0.000000,0.002721,0.000442,0.000031,0.000104,0.007344
2,2,9,"q9_case2",685,256,2304,589824,589824,1,175105,524288,2,1,589824,589346,0.000369,0.000001,0.000586,0.000030,0.000287,0.000580,0.000332,0.000898,0.001921,0.001615,0.000071,0.004978,0.001370,0.000000,0.003295,0.000422,0.000020,0.000089,0.007765
2,2,9,"q9_case2",686,256,2304,589824,589824,1,175361,524288,2,1,589824,589259,0.000366,0.000000,0.000309,0.000022,0.000292,0.000355,0.000317,0.000887,0.001495,0.001571,0.000082,0.004378,0.001336,0.000000,0.002726,0.000452,0.000028,0.000094,0.007163
2,2,9,"q9_case2",687,256,2304,589824,589824,1,175617,524288,2,1,589824,589228,0.000370,0.000001,0.005538,0.000035,0.000287,0.000372,0.000215,0.000889,0.001421,0.001639,0.000060,0.009611,0.001355,0.000000,0.007914,0.000423,0.000017,0.000083,0.012381
2,2,9,"q9_case2",688,256,2304,589824,589824,1,175873,524288,2,1,589824,589154,0.000367,0.000000,0.004938,0.000030,0.000290,0.000359,0.000257,0.000904,0.001521,0.001592,0.000077,0.009017,0.001316,0.000000,0.007351,0.000442,0.000031,0.000089,0.011772
2,2,9,"q9_case2",689,256,2304,589824,589824,1,176129,524288,2,1,589824,589330,0.000370,0.000001,0.000283,0.000039,0.000260,0.000362,0.000215,0.000898,0.001388,0.001672,0.000096,0.004425,0.001337,0.000000,0.002661,0.000454,0.000022,0.000091,0.007258
2,2,9,"q9_case2",690,256,2304,589824,589824,1,176385,524288,2,1,589824,589187,0.000363,0.000001,0.000332,0.000029,0.000277,0.000359,0.000260,0.000902,0.001466,0.001598,0.000064,0.004382,0.001332,0.000000,0.002723,0.000413,0.000025,0.000104,0.007106
2,2,9,"q9_case2",691,256,2304,589824,589824,1,176641,524288,2,1,589824,589303,0.000361,0.000000,0.000287,0.000022,0.000274,0.000357,0.000261,0.000901,0.001527,0.001666,0.000070,0.004523,0.001335,0.000000,0.002789,0.000421,0.000017,0.000087,0.007311
2,2,9,"q9_case2",692,256,2304,589824,589824,1,176897,524288,2,1,589824,589127,0.000368,0.000000,0.000254,0.000029,0.000263,0.000780,0.000258,0.000911,0.002046,0.001664,0.000073,0.005062,0.001339,0.000000,0.003329,0.000439,0.000027,0.000088,0.007874
2,2,9,"q9_case2",693,256,2304,589824,589824,1,177153,524288,2,1,589824,589263,0.000365,0.000000,0.000339,0.000022,0.000264,0.000356,0.000236,0.000875,0.001400,0.001576,0.000053,0.004269,0.001329,0.000000,0.002643,0.000430,0.000017,0.000082,0.006976
2,2,9,"q9_case2",694,256,2304,589824,589824,1,177409,524288,2,1,589824,589328,0.000369,0.000000,0.000337,0.000029,0.000271,0.000355,0.000253,0.000905,0.001558,0.001691,0.000090,0.004575,0.001337,0.000000,0.002795,0.000445,0.000035,0.000135,0.007428
2,2,9,"q9_case2",695,256,2304,589824,589824,1,177665,524288,2,1,589824,589128,0.000366,0.000000,0.000454,0.000048,0.000272,0.000358,0.000254,0.000962,0.001579,0.001674,0.000079,0.004685,0.001330,0.000000,0.002936,0.000424,0.000020,0.000093,0.007480
2,2,9,"q9_case2",696,256,2304,589824,589824,1,177921,524288,2,1,589824,589250,0.000375,0.000001,0.000221,0.000028,0.000260,0.000362,0.000214,0.000913,0.001422,0.001603,0.000063,0.004245,0.001337,0.000000,0.002583,0.000424,0.000023,0.000090,0.006969
2,2,9,"q9_case2",697,256,2304,589824,589824,1,178177,524288,2,1,589824,589343,0.000364,0.000000,0.000242,0.000024,0.000270,0.000358,0.000389,0.000879,0.001548,0.001691,0.000095,0.004526,0.001335,0.000000,0.002743,0.000438,0.000018,0.000100,0.007339
2,2,9,"q9_case2",698,256,2304,589824,589824,1,178433,524288,2,1,589824,589129,0.000365,0.000000,0.000342,0.000023,0.000277,0.000390,0.000245,0.000974,0.001568,0.001679,0.000069,0.004568,0.001349,0.000000,0.002822,0.000439,0.000024,0.000082,0.007375
2,2,9,"q9_case2",699,256,2304,589824,589824,1,178689,524288,2,1,589824,589177,0.000362,0.000000,0.000270,0.000036,0.000297,0.000393,0.000218,0.000870,0.001442,0.001638,0.000058,0.004371,0.001328,0.000000,0.002676,0.000427,0.000020,0.000083,0.007143
2,2,9,"q9_case2",700,256,2304,589824,589824,1,178945,524288,2,1,589824,589289,0.000363,0.000000,0.000313,0.000020,0.000303,0.000391,0.000217,0.000921,0.001495,0.001649,0.000053,0.004468,0.001316,0.000000,0.002768,0.000430,0.000021,0.000094,0.007213
2,2,9,"q9_case2",701,256,2304,589824,589824,1,179201,524288,2,1,589824,589291,0.000363,0.000000,0.000265,0.000021,0.000272,0.000402,0.000227,0.000880,0.001473,0.001661,0.000051,0.004390,0.001320,0.000000,0.002680,0.000423,0.000015,0.000075,0.007070
2,2,9,"q9_case2",702,256,2304,589824,589824,1,179457,524288,2,1,589824,589371,0.000366,0.000000,0.000474,0.000018,0.000282,0.000400,0.000226,0.000844,0.001420,0.001506,0.000051,0.004328,0.001323,0.000000,0.002773,0.000415,0.000020,0.000075,0.006920
2,2,9,"q9_case2",703,256,2304,589824,589824,1,179713,524288,2,1,589824,589172,0.000359,0.000000,0.000258,0.000020,0.000286,0.000399,0.000253,0.000850,0.001547,0.001557,0.000050,0.004346,0.001322,0.000000,0.002741,0.000432,0.000015,0.000079,0.006987
2,2,9,"q9_case2",704,256,2304,589824,589824,1,179969,524288,2,1,589824,589156,0.000364,0.000000,0.000346,0.000020,0.000287,0.000424,0.000264,0.000870,0.001531,0.001620,0.000051,0.004427,0.001327,0.000000,0.002759,0.000424,0.000020,0.000079,0.007074
2,2,9,"q9_case2",705,256,2304,589824,589824,1,180225,524288,2,1,589824,589233,0.000363,0.000000,0.000291,0.000041,0.000270,0.000410,0.000259,0.000896,0.001532,0.001618,0.000063,0.004421,0.001314,0.000000,0.002742,0.000430,0.000015,0.000083,0.007085
2,2,9,"q9_case2",706,256,2304,589824,589824,1,180481,524288,2,1,589824,589303,0.000362,0.000000,0.000195,0.000271,0.000265,0.000418,0.000203,0.000853,0.001407,0.001619,0.000060,0.004504,0.001322,0.000000,0.002827,0.000435,0.000030,0.000117,0.007203
2,2,9,"q9_case2",707,256,2304,589824,589824,1,180737,524288,2,1,589824,589320,0.000361,0.000000,0.000226,0.000043,0.000566,0.000414,0.000227,0.000899,0.001794,0.001623,0.000062,0.004608,0.001321,0.000000,0.002925,0.000434,0.000018,0.000091,0.007328
2,2,9,"q9_case2",708,256,2304,589824,589824,1,180993,524288,2,1,589824,589338,0.000359,0.000000,0.000323,0.000027,0.000294,0.000411,0.000288,0.000884,0.001544,0.001581,0.000072,0.004507,0.001319,0.000000,0.002855,0.000413,0.000025,0.000091,0.007131
2,2,9,"q9_case2",709,256,2304,589824,589824,1,181249,524288,2,1,589824,589354,0.000376,0.000000,0.000324,0.000037,0.000548,0.000443,0.000246,0.000884,0.001703,0.001566,0.000062,0.004890,0.001337,0.000000,0.003264,0.000412,0.000018,0.000084,0.007576
2,2,9,"q9_case2",710,256,2304,589824,589824,1,181505,524288,2,1,589824,589340,0.000359,0.000000,0.000255,0.000021,0.000272,0.000413,0.000264,0.000902,0.001526,0.001574,0.000081,0.004339,0.001314,0.000000,0.002686,0.000414,0.000026,0.000095,0.006966
2,2,9,"q9_case2",711,256,2304,589824,589824,1,181761,524288,2,1,589824,589324,0.000365,0.000000,0.000233,0.000023,0.000281,0.000414,0.000286,0.000900,0.001540,0.001537,0.000054,0.004347,0.001320,0.000000,0.002759,0.000427,0.000028,0.000079,0.007028
2,2,9,"q9_case2",712,256,2304,589824,589824,1,182017,524288,2,1,589824,589331,0.000360,0.000000,0.000234,0.000030,0.000263,0.000413,0.000264,0.000930,0.001545,0.001587,0.000057,0.004291,0.001308,0.000000,0.002648,0.000432,0.000021,0.000087,0.006903
2,2,9,"q9_case2",713,256,2304,589824,589824,1,182273,524288,2,1,589824,589325,0.000377,0.000000,0.000410,0.000024,0.000289,0.000413,0.000262,0.000907,0.001649,0.001557,0.000060,0.004519,0.001317,0.000000,0.002905,0.000417,0.000021,0.000079,0.007150
2,2,9,"q9_case2",714,256,2304,589824,589824,1,182529,524288,2,1,589824,589286,0.000358,0.000000,0.000486,0.000025,0.000292,0.000405,0.000315,0.000907,0.001843,0.001567,0.000068,0.004694,0.001314,0.000000,0.003060,0.000420,0.000022,0.000090,0.007319
2,2,9,"q9_case2",715,256,2304,589824,589824,1,182785,524288,2,1,589824,589286,0.000363,0.000000,0.000261,0.000029,0.000266,0.000408,0.000279,0.000909,0.001570,0.001583,0.000060,0.004311,0.001317,0.000000,0.002671,0.000428,0.000016,0.000079,0.006942
2,2,9,"q9_case2",716,256,2304,589824,589824,1,183041,524288,2,1,589824,589325,0.000362,0.000000,0.000282,0.000022,0.000278,0.000662,0.000304,0.000906,0.001819,0.001492,0.000065,0.004520,0.001311,0.000000,0.002965,0.000432,0.000022,0.000084,0.007058
2,2,9,"q9_case2",717,256,2304,589824,589824,1,183297,524288,2,1,589824,589397,0.000362,0.000000,0.000189,0.000038,0.000270,0.000409,0.000245,0.000880,0.001478,0.001472,0.000060,0.004116,0.001337,0.000000,0.002587,0.000418,0.000019,0.000083,0.006670
2,2,9,"q9_case2",718,256,2304,589824,589824,1,183553,524288,2,1,589824,589358,0.000364,0.000000,0.000250,0.000022,0.000268,0.000408,0.000196,0.000874,0.001429,0.001458,0.000066,0.004118,0.001324,0.000000,0.002597,0.000448,0.000025,0.000083,0.006659
2,2,9,"q9_case2",719,256,2304,589824,589824,1,183809,524288,2,1,589824,589300,0.000362,0.000000,0.000300,0.000025,0.000294,0.000409,0.000296,0.000901,0.001555,0.001548,0.000066,0.004353,0.001320,0.000000,0.002742,0.000424,0.000017,0.000085,0.006950
2,2,9,"q9_case2",720,256,2304,589824,589824,1,184065,524288,2,1,589824,589217,0.000362,0.000000,0.000460,0.000022,0.000297,0.000412,0.000294,0.000890,0.001790,0.001629,0.000086,0.004780,0.001326,0.000000,0.003067,0.000416,0.000028,0.000103,0.007461
2,2,9,"q9_case2",721,256,2304,589824,589824,1,184321,524288,2,1,589824,589232,0.000367,0.000000,0.000399,0.000027,0.000295,0.000406,0.000231,0.000907,0.001498,0.001586,0.000068,0.004516,0.001324,0.000000,0.002865,0.000433,0.000018,0.000087,0.007181
2,2,9,"q9_case2",722,256,2304,589824,589824,1,184577,524288,2,1,589824,589213,0.000367,0.000000,0.000349,0.000027,0.000265,0.000401,0.000246,0.000901,0.001669,0.001606,0.000067,0.004492,0.001339,0.000000,0.002822,0.000418,0.000024,0.000086,0.007159
2,2,9,"q9_case2",723,256,2304,589824,589824,1,184833,524288,2,1,589824,589231,0.000373,0.000000,0.000224,0.000024,0.000268,0.000403,0.000245,0.000931,0.001534,0.001599,0.000068,0.004345,0.001336,0.000000,0.002679,0.000425,0.000017,0.000084,0.007033
2,2,9,"q9_case2",724,256,2304,589824,589824,1,185089,524288,2,1,589824,589168,0.000384,0.000000,0.000256,0.000035,0.000265,0.000406,0.000238,0.000914,0.001471,0.001631,0.000098,0.004455,0.001347,0.000000,0.002729,0.000473,0.000031,0.000109,0.007216
2,2,9,"q9_case2",725,256,2304,589824,589824,1,185345,524288,2,1,589824,589186,0.000368,0.000000,0.000315,0.000039,0.000299,0.000407,0.000275,0.000946,0.001812,0.001623,0.000083,0.004877,0.001336,0.000000,0.003173,0.000442,0.000021,0.000093,0.007595
2,2,9,"q9_case2",726,256,2304,589824,589824,1,185601,524288,2,1,589824,589185,0.000376,0.000000,0.000440,0.000026,0.000264,0.000401,0.000287,0.000897,0.001497,0.001595,0.000068,0.004571,0.001344,0.000000,0.002912,0.000436,0.000024,0.000086,0.007274
2,2,9,"q9_case2",727,256,2304,589824,589824,1,185857,524288,2,1,589824,589149,0.000370,0.000000,0.000280,0.000029,0.000408,0.000388,0.000288,0.000908,0.001697,0.001547,0.000069,0.004520,0.001326,0.000000,0.002906,0.000430,0.000019,0.000085,0.007167
2,2,9,"q9_case2",728,256,2304,589824,589824,1,186113,524288,2,1,589824,589153,0.000366,0.000000,0.000404,0.000032,0.000268,0.000367,0.000273,0.000881,0.001453,0.001358,0.000082,0.004271,0.001326,0.000000,0.002834,0.000425,0.000030,0.000103,0.006770
2,2,9,"q9_case2",729,256,2304,589824,589824,1,186369,524288,2,1,589824,589227,0.000376,0.000001,0.000253,0.000024,0.000287,0.000446,0.000285,0.000861,0.001537,0.001365,0.000069,0.004133,0.001328,0.000000,0.002701,0.000427,0.000019,0.000083,0.006631
2,2,9,"q9_case2",730,256,2304,589824,589824,1,186625,524288,2,1,589824,589319,0.000365,0.000000,0.000421,0.000024,0.000287,0.000538,0.000348,0.000922,0.001756,0.001460,0.000061,0.004623,0.001342,0.000000,0.003104,0.000423,0.000023,0.000092,0.007211
2,2,9,"q9_case2",731,256,2304,589824,589824,1,186881,524288,2,1,589824,589314,0.000366,0.000000,0.000293,0.000021,0.000267,0.000421,0.000245,0.000920,0.001543,0.001520,0.000072,0.004394,0.001335,0.000000,0.002804,0.000440,0.000018,0.000096,0.007002
2,2,9,"q9_case2",732,256,2304,589824,589824,1,187137,524288,2,1,589824,589266,0.000387,0.000000,0.000270,0.000038,0.000262,0.000433,0.000294,0.000888,0.001568,0.001479,0.000060,0.004298,0.001343,0.000000,0.002762,0.000423,0.000022,0.000083,0.006866
2,2,9,"q9_case2",733,256,2304,589824,589824,1,187393,524288,2,1,589824,589239,0.000369,0.000000,0.000282,0.000023,0.000264,0.000427,0.000252,0.000878,0.001508,0.001495,0.000048,0.004216,0.001340,0.000000,0.002675,0.000427,0.000015,0.000077,0.006844
2,2,9,"q9_case2",734,256,2304,589824,589824,1,187649,524288,2,1,589824,589196,0.000367,0.000000,0.000311,0.000022,0.000277,0.000409,0.000257,0.000910,0.001534,0.001535,0.000109,0.004425,0.001312,0.000000,0.002782,0.000436,0.000034,0.000112,0.007079
2,2,9,"q9_case2",735,256,2304,589824,589824,1,187905,524288,2,1,589824,589236,0.000368,0.000000,0.000405,0.000026,0.000258,0.000394,0.000284,0.000892,0.001528,0.001476,0.000064,0.004425,0.001348,0.000000,0.002888,0.000421,0.000018,0.000092,0.007037
2,2,9,"q9_case2",736,256,2304,589824,589824,1,188161,524288,2,1,589824,589238,0.000385,0.000000,0.000393,0.000025,0.000257,0.000374,0.000267,0.000878,0.001737,0.001300,0.000061,0.004216,0.001336,0.000000,0.002859,0.000415,0.000024,0.000086,0.006699
2,2,9,"q9_case2",737,256,2304,589824,589824,1,188417,524288,2,1,589824,589260,0.000368,0.000000,0.000249,0.000045,0.000292,0.000455,0.000314,0.000848,0.001552,0.001295,0.000053,0.004130,0.001322,0.000000,0.002783,0.000418,0.000016,0.000087,0.006582
2,2,9,"q9_case2",738,256,2304,589824,589824,1,188673,524288,2,1,589824,589285,0.000367,0.000000,0.000257,0.000023,0.000353,0.000429,0.000257,0.000918,0.001653,0.001408,0.000061,0.004315,0.001316,0.000000,0.002847,0.000424,0.000023,0.000094,0.006845
2,2,9,"q9_case2",739,256,2304,589824,589824,1,188929,524288,2,1,589824,589242,0.000366,0.000000,0.000358,0.000024,0.000288,0.000414,0.000239,0.000894,0.001520,0.001433,0.000059,0.004277,0.001320,0.000000,0.002786,0.000423,0.000015,0.000081,0.006842
2,2,9,"q9_case2",740,256,2304,589824,589824,1,189185,524288,2,1,589824,589251,0.000370,0.000000,0.000346,0.000026,0.000292,0.000390,0.000303,0.000920,0.001710,0.001491,0.000070,0.004483,0.001323,0.000000,0.002924,0.000428,0.000023,0.000085,0.007077
2,2,9,"q9_case2",741,256,2304,589824,589824,1,189441,524288,2,1,589824,589259,0.000368,0.000000,0.000314,0.000027,0.000274,0.000373,0.000293,0.000896,0.001490,0.001362,0.000062,0.004139,0.001346,0.000000,0.002718,0.000419,0.000017,0.000111,0.006724
2,2,9,"q9_case2",742,256,2304,589824,589824,1,189697,524288,2,1,589824,589279,0.000365,0.000000,0.000332,0.000020,0.000262,0.000458,0.000275,0.000851,0.001521,0.001188,0.000057,0.003995,0.001329,0.000000,0.002752,0.000432,0.000023,0.000093,0.006371
2,2,9,"q9_case2",743,256,2304,589824,589824,1,189953,524288,2,1,589824,589347,0.000363,0.000000,0.000279,0.000022,0.000260,0.000436,0.000213,0.000875,0.001465,0.001385,0.000046,0.004096,0.001320,0.000000,0.002666,0.000419,0.000016,0.000080,0.006578
2,2,9,"q9_case2",744,256,2304,589824,589824,1,190209,524288,2,1,589824,589396,0.000361,0.000000,0.000266,0.000021,0.000288,0.000392,0.000257,0.000862,0.001449,0.001280,0.000048,0.003999,0.001311,0.000000,0.002673,0.000425,0.000020,0.000078,0.006437
2,2,9,"q9_case2",745,256,2304,589824,589824,1,190465,524288,2,1,589824,589311,0.000367,0.000000,0.000310,0.000022,0.000274,0.000369,0.000193,0.000839,0.001373,0.001233,0.000051,0.003834,0.001334,0.000000,0.002552,0.000432,0.000016,0.000077,0.006326
2,2,9,"q9_case2",746,256,2304,589824,589824,1,190721,524288,2,1,589824,589335,0.000368,0.000000,0.000366,0.000025,0.000264,0.000370,0.000190,0.000894,0.001390,0.001169,0.000056,0.004115,0.001336,0.000000,0.002893,0.000440,0.000021,0.000084,0.006523
2,2,9,"q9_case2",747,256,2304,589824,589824,1,190977,524288,2,1,589824,589504,0.000376,0.000000,0.000281,0.000023,0.000261,0.000457,0.000212,0.000849,0.001452,0.001258,0.000063,0.003990,0.001325,0.000000,0.002672,0.000437,0.000018,0.000088,0.006457
2,2,9,"q9_case2",748,256,2304,589824,589824,1,191233,524288,2,1,589824,589384,0.000364,0.000000,0.000212,0.000029,0.000257,0.000435,0.000238,0.000896,0.001546,0.001587,0.000053,0.004322,0.001338,0.000000,0.002684,0.000424,0.000023,0.000084,0.007026
2,2,9,"q9_case2",749,256,2304,589824,589824,1,191489,524288,2,1,589824,589520,0.000362,0.000000,0.000290,0.000022,0.000273,0.000384,0.000222,0.000871,0.001439,0.001213,0.000047,0.003863,0.001322,0.000000,0.002604,0.000423,0.000015,0.000082,0.006277
2,2,9,"q9_case2",750,256,2304,589824,589824,1,191745,524288,2,1,589824,589432,0.000363,0.000000,0.000311,0.000019,0.000296,0.000382,0.000254,0.000899,0.001530,0.001181,0.000073,0.003976,0.001329,0.000000,0.002724,0.000433,0.000039,0.000114,0.006420
2,2,9,"q9_case2",751,256,2304,589824,589824,1,192001,524288,2,1,589824,589339,0.000367,0.000000,0.000284,0.000051,0.000271,0.000372,0.000258,0.000852,0.001438,0.001093,0.000051,0.003791,0.001331,0.000000,0.002649,0.000422,0.000015,0.000083,0.006124
2,2,9,"q9_case2",752,256,2304,589824,589824,1,192257,524288,2,1,589824,589328,0.000370,0.000000,0.000310,0.000020,0.000260,0.000453,0.000264,0.000858,0.001512,0.001184,0.000050,0.003975,0.001316,0.000000,0.002742,0.000416,0.000022,0.000080,0.006314
2,2,9,"q9_case2",753,256,2304,589824,589824,1,192513,524288,2,1,589824,589485,0.000362,0.000000,0.000252,0.000021,0.000262,0.000443,0.000260,0.000837,0.001487,0.001173,0.000049,0.003869,0.001317,0.000000,0.002648,0.000425,0.000015,0.000077,0.006220
2,2,9,"q9_case2",754,256,2304,589824,589824,1,192769,524288,2,1,589824,589401,0.000361,0.000000,0.000413,0.000019,0.000270,0.000444,0.000195,0.000868,0.001451,0.001187,0.000064,0.003983,0.001319,0.000000,0.002734,0.000429,0.000023,0.000091,0.006357
2,2,9,"q9_case2",755,256,2304,589824,589824,1,193025,524288,2,1,589824,589409,0.000368,0.000000,0.000327,0.000022,0.000259,0.000419,0.000259,0.000837,0.001458,0.001153,0.000065,0.003973,0.001374,0.000000,0.002758,0.000432,0.000017,0.000092,0.006411
2,2,9,"q9_case2",756,256,2304,589824,589824,1,193281,524288,2,1,589824,589499,0.000364,0.000000,0.000366,0.000021,0.000259,0.000393,0.000286,0.000861,0.001483,0.001170,0.000056,0.003936,0.001336,0.000000,0.002712,0.000416,0.000021,0.000083,0.006323
2,2,9,"q9_case2",757,256,2304,589824,589824,1,193537,524288,2,1,589824,589326,0.000364,0.000000,0.000456,0.000024,0.000293,0.000391,0.000258,0.000862,0.001496,0.001211,0.000063,0.004177,0.001324,0.000000,0.002905,0.000436,0.000019,0.000087,0.006597
2,2,9,"q9_case2",758,256,2304,589824,589824,1,193793,524288,2,1,589824,589241,0.000363,0.000000,0.000330,0.000019,0.000254,0.000379,0.000185,0.000896,0.001408,0.001221,0.000056,0.003943,0.001337,0.000000,0.002668,0.000421,0.000025,0.000095,0.006359
2,2,9,"q9_case2",759,256,2304,589824,589824,1,194049,524288,2,1,589824,589354,0.000362,0.000000,0.000279,0.000023,0.000293,0.000380,0.000271,0.000870,0.001483,0.001173,0.000044,0.003906,0.001324,0.000000,0.002691,0.000410,0.000015,0.000084,0.006282
2,2,9,"q9_case2",760,256,2304,589824,589824,1,194305,524288,2,1,589824,589334,0.000367,0.000000,0.000504,0.000019,0.000349,0.000377,0.000254,0.000861,0.001568,0.001143,0.000045,0.004174,0.001323,0.000000,0.002988,0.000411,0.000021,0.000077,0.006521
2,2,9,"q9_case2",761,256,2304,589824,589824,1,194561,524288,2,1,589824,589313,0.000361,0.000000,0.000293,0.000020,0.000273,0.000371,0.000233,0.000878,0.001468,0.001158,0.000049,0.003863,0.001315,0.000000,0.002658,0.000416,0.000015,0.000080,0.006237
2,2,9,"q9_case2",762,256,2304,589824,589824,1,194817,524288,2,1,589824,589323,0.000371,0.000000,0.000293,0.000025,0.000269,0.000376,0.000271,0.000852,0.001435,0.001165,0.000060,0.003896,0.001318,0.000000,0.002673,0.000427,0.000023,0.000097,0.006277
2,2,9,"q9_case2",763,256,2304,589824,589824,1,195073,524288,2,1,589824,589485,0.000361,0.000000,0.000346,0.000047,0.000275,0.000454,0.000317,0.000883,0.001683,0.001170,0.000044,0.004146,0.001328,0.000000,0.002934,0.000414,0.000016,0.000079,0.006498
2,2,9,"q9_case2",764,256,2304,589824,589824,1,195329,524288,2,1,589824,589389,0.000363,0.000000,0.000300,0.000022,0.000287,0.000449,0.000264,0.000842,0.001566,0.001195,0.000053,0.003959,0.001312,0.000000,0.002714,0.000425,0.000022,0.000075,0.006307
2,2,9,"q9_case2",765,256,2304,589824,589824,1,195585,524288,2,1,589824,589404,0.000360,0.000000,0.000249,0.000022,0.000271,0.000414,0.000202,0.000842,0.001442,0.001148,0.000062,0.003814,0.001319,0.000000,0.002606,0.000423,0.000016,0.000086,0.006174
2,2,9,"q9_case2",766,256,2304,589824,589824,1,195841,524288,2,1,589824,589527,0.000361,0.000000,0.000279,0.000024,0.000293,0.000388,0.000243,0.000861,0.001496,0.001143,0.000051,0.003859,0.001389,0.000000,0.002667,0.000416,0.000022,0.000094,0.006283
2,2,9,"q9_case2",767,256,2304,589824,589824,1,196097,524288,2,1,589824,589468,0.000359,0.000000,0.002915,0.000026,0.000261,0.000376,0.000311,0.000828,0.001474,0.001100,0.000045,0.006423,0.001312,0.000000,0.005280,0.000410,0.000015,0.000081,0.008731
2,2,9,"q9_case2",768,256,2304,589824,589824,1,196353,524288,2,1,589824,589451,0.000359,0.000000,0.000275,0.000021,0.000282,0.000374,0.000261,0.000821,0.001436,0.001061,0.000046,0.003705,0.001344,0.000000,0.002599,0.000409,0.000021,0.000078,0.006023
2,2,9,"q9_case2",769,256,2304,589824,589824,1,196609,524288,2,1,589824,589538,0.000357,0.000000,0.000288,0.000023,0.000281,0.000461,0.000272,0.000836,0.001547,0.001157,0.000049,0.003996,0.001316,0.000000,0.002792,0.000418,0.000015,0.000077,0.006329
2,2,9,"q9_case2",770,256,2304,589824,589824,1,196865,524288,2,1,589824,589559,0.000361,0.000000,0.000333,0.000022,0.000273,0.000451,0.000262,0.000839,0.001532,0.001122,0.000047,0.003888,0.001329,0.000000,0.002720,0.000423,0.000021,0.000091,0.006236
2,2,9,"q9_case2",771,256,2304,589824,589824,1,197121,524288,2,1,589824,589526,0.000360,0.000000,0.000254,0.000020,0.000275,0.000431,0.000266,0.000837,0.001479,0.001141,0.000045,0.003833,0.001328,0.000000,0.002649,0.000417,0.000017,0.000080,0.006301
2,2,9,"q9_case2",772,256,2304,589824,589824,1,197377,524288,2,1,589824,589555,0.000361,0.000000,0.000286,0.000020,0.000277,0.000387,0.000257,0.000839,0.001445,0.001113,0.000045,0.003748,0.001310,0.000000,0.002591,0.000419,0.000021,0.000075,0.006062
2,2,9,"q9_case2",773,256,2304,589824,589824,1,197633,524288,2,1,589824,589548,0.000360,0.000000,0.003110,0.000020,0.000255,0.000373,0.000306,0.000829,0.001453,0.001083,0.000044,0.006541,0.001306,0.000000,0.005416,0.000416,0.000015,0.000076,0.008847
2,2,9,"q9_case2",774,256,2304,589824,589824,1,197889,524288,2,1,589824,589557,0.000355,0.000000,0.000299,0.000019,0.000276,0.000450,0.000257,0.000818,0.001492,0.001101,0.000046,0.003798,0.001311,0.000000,0.002652,0.000428,0.000020,0.000086,0.006091
2,2,9,"q9_case2",775,256,2304,589824,589824,1,198145,524288,2,1,589824,589512,0.000354,0.000000,0.000263,0.000019,0.000277,0.000426,0.000241,0.000890,0.001549,0.001311,0.000050,0.004048,0.001303,0.000000,0.002688,0.000421,0.000015,0.000076,0.006504
2,2,9,"q9_case2",776,256,2304,589824,589824,1,198401,524288,2,1,589824,589544,0.000358,0.000000,0.000333,0.000023,0.000270,0.000383,0.000285,0.000846,0.001509,0.001227,0.000048,0.003965,0.001319,0.000000,0.002691,0.000418,0.000020,0.000080,0.006363
2,2,9,"q9_case2",777,256,2304,589824,589824,1,198657,524288,2,1,589824,589538,0.000356,0.000000,0.000301,0.000020,0.000260,0.000373,0.000225,0.000881,0.001459,0.001148,0.000044,0.003805,0.001313,0.000000,0.002615,0.000423,0.000015,0.000076,0.006149
2,2,9,"q9_case2",778,256,2304,589824,589824,1,198913,524288,2,1,589824,589549,0.000361,0.000000,0.000351,0.000022,0.000303,0.000453,0.000311,0.000867,0.001568,0.001168,0.000050,0.004092,0.001330,0.000000,0.002875,0.000413,0.000022,0.000076,0.006477
2,2,9,"q9_case2",779,256,2304,589824,589824,1,199169,524288,2,1,589824,589544,0.000358,0.000000,0.000291,0.000045,0.000287,0.000422,0.000253,0.000912,0.001524,0.001344,0.000049,0.004138,0.001311,0.000000,0.002747,0.000412,0.000015,0.000082,0.006621
2,2,9,"q9_case2",780,256,2304,589824,589824,1,199425,524288,2,1,589824,589557,0.000357,0.000000,0.000347,0.000022,0.000285,0.000385,0.000320,0.000864,0.001626,0.001207,0.000050,0.004134,0.001318,0.000000,0.002878,0.000412,0.000021,0.000077,0.006522
2,2,9,"q9_case2",781,256,2304,589824,589824,1,199681,524288,2,1,589824,589533,0.000358,0.000000,0.000313,0.000020,0.000278,0.000374,0.000263,0.000848,0.001455,0.001152,0.000047,0.003872,0.001316,0.000000,0.002674,0.000437,0.000015,0.000092,0.006224
2,2,9,"q9_case2",782,256,2304,589824,589824,1,199937,524288,2,1,589824,589521,0.000356,0.000000,0.000299,0.000021,0.000275,0.000453,0.000254,0.000881,0.001554,0.001144,0.000047,0.003918,0.001306,0.000000,0.002729,0.000408,0.000020,0.000079,0.006215
2,2,9,"q9_case2",783,256,2304,589824,589824,1,200193,524288,2,1,589824,589545,0.000361,0.000000,0.000268,0.000021,0.000282,0.000438,0.000277,0.000874,0.001569,0.001232,0.000050,0.004057,0.001312,0.000000,0.002777,0.000426,0.000018,0.000086,0.006452
2,2,9,"q9_case2",784,256,2304,589824,589824,1,200449,524288,2,1,589824,589555,0.000361,0.000000,0.000316,0.000042,0.000259,0.000419,0.000241,0.000890,0.001481,0.001225,0.000074,0.004062,0.001332,0.000000,0.002765,0.000425,0.000023,0.000101,0.006502
2,2,9,"q9_case2",785,256,2304,589824,589824,1,200705,524288,2,1,589824,589567,0.000363,0.000000,0.004955,0.000028,0.000266,0.000387,0.000266,0.000877,0.001716,0.001223,0.000068,0.008692,0.001350,0.000000,0.007404,0.000430,0.000021,0.000092,0.011138
2,2,9,"q9_case2",786,256,2304,589824,589824,1,200961,524288,2,1,589824,589491,0.000364,0.000000,0.000250,0.000023,0.000270,0.000370,0.000245,0.000856,0.001426,0.001068,0.000060,0.003769,0.001327,0.000000,0.002644,0.000417,0.000022,0.000087,0.006115
2,2,9,"q9_case2",787,256,2304,589824,589824,1,201217,524288,2,1,589824,589553,0.000368,0.000000,0.000297,0.000024,0.000276,0.000463,0.000251,0.000863,0.001558,0.001275,0.000051,0.004093,0.001336,0.000000,0.002768,0.000413,0.000017,0.000084,0.006531
2,2,9,"q9_case2",788,256,2304,589824,589824,1,201473,524288,2,1,589824,589540,0.000357,0.000000,0.000305,0.000052,0.000257,0.000418,0.000254,0.000877,0.001509,0.001253,0.000055,0.004083,0.001334,0.000000,0.002776,0.000441,0.000028,0.000114,0.006581
2,2,9,"q9_case2",789,256,2304,589824,589824,1,201729,524288,2,1,589824,589559,0.000363,0.000000,0.000271,0.000023,0.000260,0.000377,0.000257,0.000886,0.001538,0.001197,0.000058,0.004014,0.001339,0.000000,0.002761,0.000454,0.000018,0.000089,0.006468
2,2,9,"q9_case2",790,256,2304,589824,589824,1,201985,524288,2,1,589824,589557,0.000366,0.000000,0.000473,0.000024,0.000375,0.000382,0.000248,0.000881,0.001625,0.001185,0.000069,0.004256,0.001344,0.000000,0.003005,0.000445,0.000027,0.000087,0.006688
2,2,9,"q9_case2",791,256,2304,589824,589824,1,202241,524288,2,1,589824,589564,0.000377,0.000000,0.000361,0.000031,0.000267,0.000465,0.000211,0.000921,0.001557,0.001227,0.000073,0.004118,0.001349,0.000000,0.002821,0.000442,0.000023,0.000091,0.006582
2,2,9,"q9_case2",792,256,2304,589824,589824,1,202497,524288,2,1,589824,589563,0.000367,0.000000,0.000361,0.000031,0.001038,0.000418,0.000232,0.000909,0.002236,0.001332,0.000085,0.004977,0.001356,0.000000,0.003563,0.000421,0.000032,0.000110,0.007495
2,2,9,"q9_case2",793,256,2304,589824,589824,1,202753,524288,2,1,589824,589562,0.000366,0.000000,0.000325,0.000026,0.000265,0.000377,0.000260,0.000871,0.001442,0.001182,0.000049,0.003912,0.001350,0.000000,0.002684,0.000418,0.000017,0.000087,0.006331
2,2,9,"q9_case2",794,256,2304,589824,589824,1,203009,524288,2,1,589824,589564,0.000365,0.000000,0.000272,0.000025,0.000257,0.000390,0.000235,0.000815,0.001408,0.001058,0.000051,0.003740,0.001325,0.000000,0.002633,0.000416,0.000021,0.000081,0.006059
2,2,9,"q9_case2",795,256,2304,589824,589824,1,203265,524288,2,1,589824,589565,0.000369,0.000000,0.000278,0.000022,0.000280,0.000450,0.000212,0.000859,0.001473,0.001235,0.000048,0.003945,0.001319,0.000000,0.002664,0.000432,0.000016,0.000078,0.006364
2,2,9,"q9_case2",796,256,2304,589824,589824,1,203521,524288,2,1,589824,589560,0.000360,0.000000,0.000271,0.000022,0.000260,0.000423,0.000224,0.000859,0.001434,0.001212,0.000047,0.003890,0.001339,0.000000,0.002633,0.000420,0.000038,0.000108,0.006325
2,2,9,"q9_case2",797,256,2304,589824,589824,1,203777,524288,2,1,589824,589563,0.000369,0.000000,0.000277,0.000023,0.000277,0.000385,0.000214,0.000870,0.001455,0.001134,0.000069,0.003911,0.001324,0.000000,0.002711,0.000412,0.000017,0.000078,0.006258
2,2,9,"q9_case2",798,256,2304,589824,589824,1,204033,524288,2,1,589824,589548,0.000364,0.000000,0.000292,0.000021,0.000277,0.000378,0.000245,0.000838,0.001445,0.001087,0.000058,0.003794,0.001342,0.000000,0.002651,0.000437,0.000022,0.000085,0.006165
2,2,9,"q9_case2",799,256,2304,589824,589824,1,204289,524288,2,1,589824,589566,0.000371,0.000000,0.000289,0.000052,0.000260,0.000457,0.000227,0.000846,0.001459,0.001175,0.000054,0.003965,0.001350,0.000000,0.002738,0.000416,0.000019,0.000088,0.006369
2,2,9,"q9_case2",800,256,2304,589824,589824,1,204545,524288,2,1,589824,589534,0.000371,0.000000,0.000291,0.000054,0.000298,0.000434,0.000221,0.000852,0.001537,0.001208,0.000061,0.004118,0.001322,0.000000,0.002852,0.000420,0.000023,0.000094,0.006510
2,2,9,"q9_case2",801,256,2304,589824,589824,1,204801,524288,2,1,589824,589557,0.000366,0.000000,0.000314,0.000027,0.000290,0.000417,0.000198,0.000851,0.001428,0.001191,0.000048,0.003880,0.001334,0.000000,0.002643,0.000423,0.000016,0.000085,0.006297
2,2,9,"q9_case2",802,256,2304,589824,589824,1,205057,524288,2,1,589824,589554,0.000363,0.000000,0.000340,0.000024,0.000296,0.000382,0.000232,0.000851,0.001431,0.001164,0.000048,0.003889,0.001341,0.000000,0.002679,0.000439,0.000021,0.000079,0.006287
2,2,9,"q9_case2",803,256,2304,589824,589824,1,205313,524288,2,1,589824,589560,0.000363,0.000000,0.000303,0.000023,0.000273,0.000455,0.000266,0.000818,0.001514,0.001123,0.000044,0.003896,0.001319,0.000000,0.002732,0.000414,0.000015,0.000081,0.006274
2,2,9,"q9_case2",804,256,2304,589824,589824,1,205569,524288,2,1,589824,589566,0.000366,0.000000,0.001033,0.000033,0.000493,0.000422,0.000201,0.000878,0.001456,0.001290,0.000075,0.004970,0.001312,0.000000,0.003607,0.000447,0.000028,0.000107,0.007478
2,2,9,"q9_case2",805,256,2304,589824,589824,1,205825,524288,2,1,589824,589564,0.000369,0.000001,0.000362,0.000032,0.000268,0.000380,0.000245,0.000858,0.001550,0.001225,0.000064,0.004210,0.001350,0.000000,0.002924,0.000431,0.000020,0.000094,0.006686
2,2,9,"q9_case2",806,256,2304,589824,589824,1,206081,524288,2,1,589824,589562,0.000365,0.000000,0.000282,0.000024,0.000258,0.000374,0.000226,0.000828,0.001399,0.001110,0.000058,0.003708,0.001347,0.000000,0.002543,0.000423,0.000023,0.000099,0.006081
2,2,9,"q9_case2",807,256,2304,589824,589824,1,206337,524288,2,1,589824,589544,0.000365,0.000000,0.000718,0.000023,0.000281,0.000452,0.000275,0.000891,0.001599,0.001561,0.000061,0.004840,0.001338,0.000000,0.003219,0.000429,0.000019,0.000089,0.007522
2,2,9,"q9_case2",808,256,2304,589824,589824,1,206593,524288,2,1,589824,589540,0.000365,0.000000,0.000509,0.000023,0.000263,0.000426,0.000327,0.000951,0.001850,0.001300,0.000067,0.004469,0.001342,0.000000,0.003105,0.000425,0.000024,0.000084,0.006957
2,2,9,"q9_case2",809,256,2304,589824,589824,1,206849,524288,2,1,589824,589561,0.000370,0.000000,0.000303,0.000036,0.000257,0.000385,0.000282,0.000881,0.001493,0.001298,0.000052,0.004090,0.001342,0.000000,0.002743,0.000423,0.000019,0.000091,0.006560
2,2,9,"q9_case2",810,256,2304,589824,589824,1,207105,524288,2,1,589824,589566,0.000372,0.000000,0.000328,0.000022,0.000293,0.000450,0.000291,0.000846,0.001616,0.001272,0.000062,0.004160,0.001342,0.000000,0.002828,0.000427,0.000023,0.000084,0.006609
2,2,9,"q9_case2",811,256,2304,589824,589824,1,207361,524288,2,1,589824,589566,0.000375,0.000000,0.000294,0.000034,0.000264,0.000420,0.000222,0.000915,0.001502,0.001360,0.000063,0.004201,0.001353,0.000000,0.002781,0.000440,0.000018,0.000088,0.006733
2,2,9,"q9_case2",812,256,2304,589824,589824,1,207617,524288,2,1,589824,589560,0.000377,0.000000,0.000455,0.000050,0.000260,0.000375,0.000334,0.000923,0.001709,0.001291,0.000059,0.004349,0.001336,0.000000,0.003001,0.000446,0.000023,0.000089,0.006830
2,2,9,"q9_case2",813,256,2304,589824,589824,1,207873,524288,2,1,589824,589563,0.000369,0.000000,0.000395,0.000020,0.000375,0.000454,0.000219,0.000870,0.001700,0.001204,0.000058,0.004370,0.001354,0.000000,0.003111,0.000435,0.000021,0.000106,0.006826
2,2,9,"q9_case2",814,256,2304,589824,589824,1,208129,524288,2,1,589824,589565,0.000367,0.000000,0.000298,0.000023,0.000261,0.000440,0.000297,0.000857,0.001563,0.001323,0.000052,0.004110,0.001341,0.000000,0.002737,0.000412,0.000021,0.000080,0.006586
2,2,9,"q9_case2",815,256,2304,589824,589824,1,208385,524288,2,1,589824,589560,0.000364,0.000000,0.000306,0.000023,0.000275,0.000421,0.000273,0.000871,0.001535,0.001307,0.000067,0.004173,0.001346,0.000000,0.002802,0.000436,0.000019,0.000088,0.006654
2,2,9,"q9_case2",816,256,2304,589824,589824,1,208641,524288,2,1,589824,589562,0.000370,0.000000,0.000313,0.000052,0.000283,0.000384,0.000235,0.000861,0.001445,0.001244,0.000050,0.003984,0.001349,0.000000,0.002692,0.000422,0.000022,0.000081,0.006425
2,2,9,"q9_case2",817,256,2304,589824,589824,1,208897,524288,2,1,589824,589549,0.000365,0.000000,0.000281,0.000022,0.000279,0.000454,0.000284,0.000872,0.001581,0.001369,0.000057,0.004265,0.001341,0.000000,0.002841,0.000419,0.000018,0.000116,0.006818
2,2,9,"q9_case2",818,256,2304,589824,589824,1,209153,524288,2,1,589824,589524,0.000366,0.000000,0.000261,0.000034,0.000301,0.000417,0.000181,0.000909,0.001437,0.001306,0.000053,0.004076,0.001347,0.000000,0.002720,0.000429,0.000023,0.000083,0.006556
2,2,9,"q9_case2",819,256,2304,589824,589824,1,209409,524288,2,1,589824,589561,0.000371,0.000000,0.000302,0.000022,0.000257,0.000381,0.000359,0.000839,0.001509,0.001182,0.000050,0.004017,0.001347,0.000000,0.002788,0.000421,0.000016,0.000084,0.006426
2,2,9,"q9_case2",820,256,2304,589824,589824,1,209665,524288,2,1,589824,589563,0.000367,0.000000,0.000306,0.000024,0.000284,0.000451,0.000191,0.000848,0.001456,0.001196,0.000048,0.003925,0.001336,0.000000,0.002683,0.000429,0.000021,0.000081,0.006321
2,2,9,"q9_case2",821,256,2304,589824,589824,1,209921,524288,2,1,589824,589563,0.000364,0.000000,0.000338,0.000020,0.000280,0.000439,0.000264,0.000888,0.001555,0.001268,0.000058,0.004169,0.001337,0.000000,0.002844,0.000424,0.000021,0.000114,0.006637
2,2,9,"q9_case2",822,256,2304,589824,589824,1,210177,524288,2,1,589824,589566,0.000368,0.000000,0.000279,0.000022,0.000258,0.000417,0.000181,0.000889,0.001431,0.001236,0.000069,0.003892,0.001339,0.000000,0.002589,0.000429,0.000024,0.000091,0.006345
2,2,9,"q9_case2",823,256,2304,589824,589824,1,210433,524288,2,1,589824,589568,0.000364,0.000000,0.000309,0.000033,0.000261,0.000381,0.000252,0.000910,0.001516,0.001276,0.000053,0.004051,0.001353,0.000000,0.002724,0.000440,0.000016,0.000090,0.006542
2,2,9,"q9_case2",824,256,2304,589824,589824,1,210689,524288,2,1,589824,589568,0.000364,0.000000,0.000269,0.000020,0.000264,0.000457,0.000277,0.000851,0.001556,0.001165,0.000051,0.003962,0.001326,0.000000,0.002748,0.000414,0.000021,0.000087,0.006311
2,2,9,"q9_case2",825,256,2304,589824,589824,1,210945,524288,2,1,589824,589566,0.000375,0.000000,0.000325,0.000023,0.000273,0.000442,0.000201,0.000827,0.001459,0.001140,0.000047,0.003902,0.001345,0.000000,0.002718,0.000418,0.000016,0.000079,0.006261
2,2,9,"q9_case2",826,256,2304,589824,589824,1,211201,524288,2,1,589824,589540,0.000364,0.000000,0.003331,0.000022,0.000266,0.000438,0.000265,0.000876,0.001534,0.001239,0.000054,0.007013,0.001326,0.000000,0.005722,0.000431,0.000023,0.000080,0.009442
2,2,9,"q9_case2",827,256,2304,589824,589824,1,211457,524288,2,1,589824,589539,0.000363,0.000000,0.000270,0.000022,0.000277,0.000413,0.000267,0.000887,0.001553,0.001456,0.000051,0.004233,0.001332,0.000000,0.002728,0.000412,0.000016,0.000083,0.006814
2,2,9,"q9_case2",828,256,2304,589824,589824,1,211713,524288,2,1,589824,589546,0.000371,0.000000,0.000327,0.000024,0.000357,0.000382,0.000381,0.000890,0.001707,0.001294,0.000072,0.004396,0.001337,0.000000,0.003033,0.000414,0.000022,0.000100,0.006849
2,2,9,"q9_case2",829,256,2304,589824,589824,1,211969,524288,2,1,589824,589564,0.000368,0.000000,0.000289,0.000026,0.000282,0.000452,0.000249,0.000870,0.001581,0.001426,0.000071,0.004301,0.001343,0.000000,0.002807,0.000434,0.000017,0.000082,0.006901
2,2,9,"q9_case2",830,256,2304,589824,589824,1,212225,524288,2,1,589824,589554,0.000367,0.000000,0.000282,0.000047,0.000265,0.000415,0.000196,0.000899,0.001453,0.001350,0.000053,0.004137,0.001345,0.000000,0.002736,0.000420,0.000022,0.000083,0.006659
2,2,9,"q9_case2",831,256,2304,589824,589824,1,212481,524288,2,1,589824,589555,0.000364,0.000000,0.000305,0.000024,0.000270,0.000379,0.000248,0.000911,0.001522,0.001841,0.000094,0.004660,0.001332,0.000000,0.002727,0.000424,0.000024,0.000120,0.007421
2,2,9,"q9_case2",832,256,2304,589824,589824,1,212737,524288,2,1,589824,589562,0.000486,0.000000,0.000276,0.000034,0.000270,0.000481,0.000261,0.001133,0.001785,0.002011,0.000124,0.005324,0.001788,0.000000,0.003194,0.000592,0.000061,0.000167,0.009038
2,2,9,"q9_case2",833,256,2304,589824,589824,1,212993,524288,2,1,589824,589562,0.000561,0.000001,0.000794,0.000036,0.000318,0.000432,0.000263,0.001278,0.002177,0.002113,0.000141,0.006378,0.001945,0.000000,0.004133,0.000506,0.000034,0.000136,0.009874
2,2,9,"q9_case2",834,256,2304,589824,589824,1,213249,524288,2,1,589824,589566,0.000589,0.000001,0.000251,0.000048,0.000322,0.000402,0.000303,0.001275,0.002021,0.002091,0.000139,0.005855,0.001855,0.000000,0.003632,0.000592,0.000041,0.000149,0.009551
2,2,9,"q9_case2",835,256,2304,589824,589824,1,213505,524288,2,1,589824,589563,0.000606,0.000001,0.000906,0.000045,0.000335,0.000492,0.000268,0.001341,0.002054,0.001664,0.000127,0.006159,0.001982,0.000000,0.004377,0.000598,0.000038,0.000150,0.009712
2,2,9,"q9_case2",836,256,2304,589824,589824,1,213761,524288,2,1,589824,589567,0.000632,0.000000,0.000434,0.000024,0.000318,0.000484,0.000311,0.001197,0.002041,0.002027,0.000158,0.005932,0.001896,0.000000,0.003752,0.000558,0.000037,0.000129,0.009959
2,2,9,"q9_case2",837,256,2304,589824,589824,1,214017,524288,2,1,589824,589492,0.000525,0.000000,0.000300,0.000049,0.000306,0.000434,0.000256,0.001511,0.001895,0.001737,0.000122,0.005679,0.001848,0.000000,0.003828,0.000688,0.000021,0.000103,0.009476
2,2,9,"q9_case2",838,256,2304,589824,589824,1,214273,524288,2,1,589824,589538,0.000564,0.000000,0.000353,0.000037,0.000275,0.000400,0.000198,0.001275,0.001757,0.001677,0.000105,0.005150,0.001763,0.000000,0.003373,0.000519,0.000037,0.000135,0.008430
2,2,9,"q9_case2",839,256,2304,589824,589824,1,214529,524288,2,1,589824,589562,0.000438,0.000000,0.000293,0.000022,0.000277,0.000457,0.000225,0.001124,0.001679,0.001580,0.000099,0.004827,0.001713,0.000000,0.003152,0.000505,0.000024,0.000121,0.008044
2,2,9,"q9_case2",840,256,2304,589824,589824,1,214785,524288,2,1,589824,589561,0.000583,0.000000,0.000362,0.000239,0.000310,0.000456,0.000361,0.001099,0.001916,0.001793,0.000112,0.005599,0.001729,0.000000,0.003699,0.000494,0.000039,0.000144,0.009044
2,2,9,"q9_case2",841,256,2304,589824,589824,1,215041,524288,2,1,589824,589447,0.000480,0.000000,0.000260,0.000036,0.000325,0.000458,0.000277,0.001054,0.001780,0.002013,0.000119,0.005392,0.001793,0.000000,0.003268,0.000482,0.000036,0.000145,0.008947
2,2,9,"q9_case2",842,256,2304,589824,589824,1,215297,524288,2,1,589824,589522,0.000621,0.000000,0.000372,0.000047,0.000301,0.000412,0.000259,0.001116,0.001914,0.001716,0.000101,0.005384,0.001998,0.000000,0.003572,0.000493,0.000037,0.000127,0.008849
2,2,9,"q9_case2",843,256,2304,589824,589824,1,215553,524288,2,1,589824,589431,0.000468,0.000000,0.000764,0.000035,0.000281,0.000466,0.000222,0.001031,0.001591,0.001809,0.000109,0.005474,0.001631,0.000000,0.003560,0.000553,0.000031,0.000133,0.008866
2,2,9,"q9_case2",844,256,2304,589824,589824,1,215809,524288,2,1,589824,589528,0.000444,0.000000,0.000309,0.000024,0.000281,0.000446,0.000257,0.001007,0.001697,0.001620,0.000080,0.004826,0.001677,0.000000,0.003130,0.000494,0.000029,0.000119,0.008024
2,2,9,"q9_case2",845,256,2304,589824,589824,1,216065,524288,2,1,589824,589529,0.000504,0.000000,0.000350,0.000021,0.000269,0.000383,0.000198,0.000985,0.001492,0.001513,0.000071,0.004580,0.001603,0.000000,0.002999,0.000487,0.000023,0.000106,0.007604
2,2,9,"q9_case2",846,256,2304,589824,589824,1,216321,524288,2,1,589824,589558,0.000446,0.000000,0.000292,0.000032,0.000309,0.000441,0.000259,0.001253,0.001878,0.002148,0.000076,0.005587,0.001750,0.000000,0.003366,0.000540,0.000027,0.000105,0.009007
2,2,9,"q9_case2",847,256,2304,589824,589824,1,216577,524288,2,1,589824,589552,0.000579,0.000000,0.000859,0.000030,0.000301,0.000413,0.000258,0.001222,0.001807,0.001606,0.000097,0.005623,0.001899,0.000000,0.003924,0.000568,0.000032,0.000141,0.009263
2,2,9,"q9_case2",848,256,2304,589824,589824,1,216833,524288,2,1,589824,589566,0.000499,0.000000,0.000382,0.000038,0.000302,0.000453,0.000230,0.001209,0.001829,0.001859,0.000091,0.005313,0.001731,0.000000,0.003367,0.000484,0.000029,0.000107,0.008685
2,2,9,"q9_case2",849,256,2304,589824,589824,1,217089,524288,2,1,589824,589547,0.000439,0.000000,0.000268,0.000027,0.000284,0.000425,0.000244,0.001080,0.001630,0.001656,0.000068,0.004804,0.001649,0.000000,0.003083,0.000532,0.000022,0.000103,0.008144
2,2,9,"q9_case2",850,256,2304,589824,589824,1,217345,524288,2,1,589824,589552,0.000440,0.000000,0.000300,0.000027,0.000269,0.000393,0.000224,0.000983,0.001494,0.001470,0.000061,0.004394,0.001581,0.000000,0.002866,0.000498,0.000029,0.000099,0.007381
2,2,9,"q9_case2",851,256,2304,589824,589824,1,217601,524288,2,1,589824,589561,0.000495,0.000000,0.000273,0.000026,0.000271,0.000455,0.000288,0.001069,0.001752,0.001666,0.000060,0.004874,0.001576,0.000000,0.003152,0.000500,0.000019,0.000092,0.007935
2,2,9,"q9_case2",852,256,2304,589824,589824,1,217857,524288,2,1,589824,589560,0.000536,0.000000,0.000299,0.000028,0.000267,0.000441,0.000246,0.001201,0.001766,0.001753,0.000073,0.005168,0.001651,0.000000,0.003345,0.000566,0.000030,0.000111,0.008429
2,2,9,"q9_case2",853,256,2304,589824,589824,1,218113,524288,2,1,589824,589481,0.000463,0.000000,0.003499,0.000024,0.000271,0.000421,0.000261,0.001155,0.001702,0.002181,0.000078,0.008545,0.001638,0.000000,0.006290,0.000522,0.000027,0.000100,0.011957
2,2,9,"q9_case2",854,256,2304,589824,589824,1,218369,524288,2,1,589824,589378,0.000461,0.000000,0.000233,0.000027,0.000283,0.000386,0.000187,0.001141,0.001654,0.001606,0.000077,0.004635,0.001744,0.000000,0.002956,0.000482,0.000025,0.000107,0.007763
2,2,9,"q9_case2",855,256,2304,589824,589824,1,218625,524288,2,1,589824,589532,0.000485,0.000000,0.003506,0.000027,0.000355,0.000460,0.000250,0.001034,0.001726,0.001858,0.000094,0.008293,0.001583,0.000000,0.006345,0.000477,0.000025,0.000119,0.011514
2,2,9,"q9_case2",856,256,2304,589824,589824,1,218881,524288,2,1,589824,589518,0.000475,0.000000,0.000252,0.000029,0.000271,0.000443,0.000242,0.000997,0.001693,0.001533,0.000079,0.004660,0.001841,0.000000,0.003051,0.000475,0.000031,0.000124,0.007963
2,2,9,"q9_case2",857,256,2304,589824,589824,1,219137,524288,2,1,589824,589489,0.000427,0.000000,0.004118,0.000033,0.000304,0.000461,0.000257,0.001165,0.001872,0.002428,0.000116,0.009611,0.001572,0.000000,0.007070,0.000566,0.000034,0.000120,0.013295
2,2,9,"q9_case2",858,256,2304,589824,589824,1,219393,524288,2,1,589824,589367,0.000568,0.000000,0.000323,0.000032,0.000279,0.000392,0.000173,0.001247,0.001700,0.001859,0.000095,0.005240,0.001913,0.000000,0.003291,0.000589,0.000038,0.000139,0.008918
2,2,9,"q9_case2",859,256,2304,589824,589824,1,219649,524288,2,1,589824,589541,0.000425,0.000000,0.001648,0.000034,0.000273,0.000448,0.000220,0.001230,0.001782,0.002627,0.000101,0.007328,0.001652,0.000000,0.004604,0.000517,0.000032,0.000132,0.011081
2,2,9,"q9_case2",860,256,2304,589824,589824,1,219905,524288,2,1,589824,589380,0.000589,0.000000,0.000403,0.000030,0.000313,0.000414,0.000283,0.000989,0.001783,0.001695,0.000077,0.005174,0.001660,0.000000,0.003406,0.000497,0.000036,0.000113,0.008299
2,2,9,"q9_case2",861,256,2304,589824,589824,1,220161,524288,2,1,589824,589554,0.000583,0.000000,0.002032,0.000030,0.000313,0.000440,0.000295,0.001352,0.001976,0.002523,0.000121,0.007975,0.001635,0.000000,0.005335,0.000596,0.000029,0.000135,0.011714
2,2,9,"q9_case2",862,256,2304,589824,589824,1,220417,524288,2,1,589824,589386,0.000625,0.000000,0.000352,0.000042,0.000305,0.000423,0.000274,0.001129,0.001771,0.002049,0.000088,0.005593,0.002025,0.000000,0.003460,0.000567,0.000034,0.000129,0.009434
2,2,9,"q9_case2",863,256,2304,589824,589824,1,220673,524288,2,1,589824,589560,0.000602,0.000000,0.000351,0.000024,0.000270,0.000458,0.000220,0.001230,0.001802,0.002261,0.000118,0.005798,0.001924,0.000000,0.003423,0.000633,0.000030,0.000151,0.009759
2,2,9,"q9_case2",864,256,2304,589824,589824,1,220929,524288,2,1,589824,589509,0.000604,0.000000,0.000345,0.000056,0.000270,0.000427,0.000239,0.001257,0.001846,0.001860,0.000087,0.005544,0.002044,0.000000,0.003602,0.000560,0.000033,0.000112,0.009160
2,2,9,"q9_case2",865,256,2304,589824,589824,1,221185,524288,2,1,589824,589565,0.000478,0.000000,0.001684,0.000050,0.000291,0.000396,0.000213,0.001035,0.001562,0.001515,0.000068,0.005971,0.001600,0.000000,0.004392,0.000515,0.000021,0.000109,0.008939
2,2,9,"q9_case2",866,256,2304,589824,589824,1,221441,524288,2,1,589824,589567,0.000588,0.000000,0.000292,0.000039,0.000271,0.000435,0.000215,0.001061,0.001678,0.002164,0.000091,0.005463,0.001761,0.000000,0.003210,0.000497,0.000032,0.000129,0.008969
2,2,9,"q9_case2",867,256,2304,589824,589824,1,221697,524288,2,1,589824,589560,0.000566,0.000000,0.003177,0.000030,0.000270,0.000397,0.000209,0.001047,0.001630,0.001560,0.000082,0.007663,0.002036,0.000000,0.006025,0.000490,0.000026,0.000113,0.011223
2,2,9,"q9_case2",868,256,2304,589824,589824,1,221953,524288,2,1,589824,589568,0.000450,0.000000,0.000340,0.000031,0.000267,0.000464,0.000290,0.001280,0.001960,0.001862,0.000112,0.005515,0.001734,0.000000,0.003544,0.000565,0.000040,0.000157,0.008964
2,2,9,"q9_case2",869,256,2304,589824,589824,1,222209,524288,2,1,589824,589559,0.000558,0.000000,0.003016,0.000043,0.000287,0.000485,0.000223,0.001376,0.001934,0.002142,0.000128,0.008638,0.001832,0.000000,0.006374,0.000602,0.000035,0.000137,0.012332
2,2,9,"q9_case2",870,256,2304,589824,589824,1,222465,524288,2,1,589824,589418,0.000637,0.000000,0.000317,0.000031,0.000331,0.000413,0.000251,0.001313,0.001833,0.002112,0.000106,0.005875,0.002083,0.000000,0.003662,0.000656,0.000037,0.000142,0.009911
2,2,9,"q9_case2",871,256,2304,589824,589824,1,222721,524288,2,1,589824,589507,0.000575,0.000000,0.000697,0.000056,0.000309,0.000423,0.000203,0.001193,0.001739,0.001942,0.000116,0.005805,0.001772,0.000000,0.003754,0.000545,0.000061,0.000170,0.009559
2,2,9,"q9_case2",872,256,2304,589824,589824,1,222977,524288,2,1,589824,589394,0.000593,0.000001,0.000354,0.000049,0.000276,0.000487,0.000209,0.001136,0.001732,0.002058,0.000103,0.005548,0.001961,0.000000,0.003393,0.000536,0.000045,0.000177,0.009048
2,2,9,"q9_case2",873,256,2304,589824,589824,1,223233,524288,2,1,589824,589538,0.000554,0.000000,0.002172,0.000070,0.000524,0.000496,0.000493,0.001117,0.002549,0.002048,0.000101,0.008302,0.001949,0.000000,0.006159,0.000509,0.000029,0.000135,0.011980
2,2,9,"q9_case2",874,256,2304,589824,589824,1,223489,524288,2,1,589824,589552,0.000860,0.000000,0.000780,0.000063,0.000489,0.000481,0.000497,0.001180,0.002539,0.001491,0.000094,0.006717,0.001917,0.000000,0.005137,0.000564,0.000031,0.000148,0.010140
2,2,9,"q9_case2",875,256,2304,589824,589824,1,223745,524288,2,1,589824,589488,0.000446,0.000000,0.000876,0.000062,0.000402,0.000495,0.000450,0.001130,0.002476,0.001750,0.000069,0.006321,0.001783,0.000000,0.004504,0.000469,0.000020,0.000095,0.009576
2,2,9,"q9_case2",876,256,2304,589824,589824,1,224001,524288,2,1,589824,589544,0.000584,0.000000,0.000911,0.000070,0.000492,0.000466,0.000482,0.001390,0.002796,0.001761,0.000081,0.007002,0.001734,0.000000,0.005164,0.000609,0.000029,0.000119,0.010368
2,2,9,"q9_case2",877,256,2304,589824,589824,1,224257,524288,2,1,589824,589568,0.000442,0.000000,0.000785,0.000065,0.000416,0.000521,0.000445,0.001164,0.002518,0.001638,0.000086,0.006259,0.001601,0.000000,0.004540,0.000483,0.000025,0.000126,0.009305
2,2,9,"q9_case2",878,256,2304,589824,589824,1,224513,524288,2,1,589824,589557,0.000649,0.000000,0.000955,0.000062,0.000492,0.000482,0.000462,0.001188,0.002721,0.001732,0.000079,0.006842,0.001967,0.000000,0.005034,0.000467,0.000029,0.000110,0.010507
2,2,9,"q9_case2",879,256,2304,589824,589824,1,224769,524288,2,1,589824,589560,0.000466,0.000000,0.000890,0.000058,0.000494,0.000475,0.000457,0.001101,0.002593,0.001446,0.000073,0.006209,0.001754,0.000000,0.004694,0.000479,0.000026,0.000111,0.009429
2,2,9,"q9_case2",880,256,2304,589824,589824,1,225025,524288,2,1,589824,589568,0.000403,0.000000,0.000828,0.000056,0.000426,0.000491,0.000420,0.001120,0.002409,0.002083,0.000083,0.006519,0.001674,0.000000,0.004357,0.000558,0.000030,0.000114,0.010104
2,2,9,"q9_case2",881,256,2304,589824,589824,1,225281,524288,2,1,589824,589542,0.000506,0.000000,0.000840,0.000069,0.000388,0.000452,0.000445,0.001165,0.002132,0.001439,0.000072,0.005947,0.001908,0.000000,0.004439,0.000615,0.000025,0.000115,0.009538
2,2,9,"q9_case2",882,256,2304,589824,589824,1,225537,524288,2,1,589824,589567,0.000438,0.000000,0.000778,0.000048,0.000447,0.000501,0.000469,0.000992,0.002530,0.002148,0.000064,0.006580,0.001540,0.000000,0.004370,0.000497,0.000025,0.000090,0.009999
2,2,9,"q9_case2",883,256,2304,589824,589824,1,225793,524288,2,1,589824,589435,0.000475,0.000000,0.000847,0.000052,0.000391,0.000464,0.000463,0.001014,0.002296,0.001496,0.000048,0.005861,0.001715,0.000000,0.004321,0.000526,0.000016,0.000093,0.008918
2,2,9,"q9_case2",884,256,2304,589824,589824,1,226049,524288,2,1,589824,589561,0.000443,0.000000,0.000806,0.000055,0.000510,0.000510,0.000482,0.001139,0.002743,0.002293,0.000086,0.007156,0.001575,0.000000,0.004780,0.000556,0.000030,0.000123,0.010705
2,2,9,"q9_case2",885,256,2304,589824,589824,1,226305,524288,2,1,589824,589525,0.000468,0.000000,0.000832,0.000077,0.000443,0.000453,0.000444,0.001117,0.002383,0.001717,0.000066,0.006307,0.001638,0.000000,0.004528,0.000442,0.000019,0.000095,0.009415
2,2,9,"q9_case2",886,256,2304,589824,589824,1,226561,524288,2,1,589824,589551,0.000389,0.000000,0.000770,0.000053,0.000496,0.000493,0.000471,0.001168,0.002613,0.001714,0.000069,0.006395,0.001591,0.000000,0.004616,0.000570,0.000023,0.000098,0.009522
2,2,9,"q9_case2",887,256,2304,589824,589824,1,226817,524288,2,1,589824,589553,0.000485,0.000000,0.002260,0.000060,0.000431,0.000496,0.000464,0.001199,0.002632,0.002116,0.000099,0.008261,0.001659,0.000000,0.006050,0.000613,0.000024,0.000120,0.011768
2,2,9,"q9_case2",888,256,2304,589824,589824,1,227073,524288,2,1,589824,589419,0.000537,0.000000,0.000795,0.000058,0.000427,0.000463,0.000442,0.001286,0.002596,0.002314,0.000119,0.007190,0.001720,0.000000,0.004761,0.000651,0.000039,0.000149,0.010826
2,2,9,"q9_case2",889,256,2304,589824,589824,1,227329,524288,2,1,589824,589404,0.000429,0.000000,0.000358,0.000031,0.000266,0.000386,0.000239,0.001098,0.001611,0.001783,0.000090,0.004991,0.002038,0.000000,0.003124,0.000576,0.000026,0.000131,0.008738
2,2,9,"q9_case2",890,256,2304,589824,589824,1,227585,524288,2,1,589824,589542,0.000513,0.000000,0.000348,0.000030,0.000270,0.000456,0.000228,0.001180,0.001834,0.001917,0.000091,0.005347,0.001578,0.000000,0.003342,0.000554,0.000031,0.000109,0.008880
2,2,9,"q9_case2",891,256,2304,589824,589824,1,227841,524288,2,1,589824,589547,0.000535,0.000000,0.001194,0.000067,0.000316,0.000431,0.000273,0.001104,0.001775,0.002284,0.000113,0.006640,0.001681,0.000000,0.004246,0.000563,0.000027,0.000150,0.010327
2,2,9,"q9_case2",892,256,2304,589824,589824,1,228097,524288,2,1,589824,589405,0.000543,0.000000,0.000340,0.000054,0.000307,0.000387,0.000258,0.001132,0.001659,0.001721,0.000086,0.005123,0.001872,0.000000,0.003320,0.000547,0.000030,0.000128,0.008659
2,2,9,"q9_case2",893,256,2304,589824,589824,1,228353,524288,2,1,589824,589562,0.000441,0.000000,0.002149,0.000038,0.000305,0.000452,0.000285,0.001202,0.001843,0.002341,0.000071,0.007571,0.001687,0.000000,0.005163,0.000490,0.000019,0.000105,0.011173
2,2,9,"q9_case2",894,256,2304,589824,589824,1,228609,524288,2,1,589824,589510,0.000442,0.000000,0.000282,0.000031,0.000302,0.000431,0.000248,0.001182,0.001728,0.001782,0.000093,0.005019,0.001665,0.000000,0.003147,0.000512,0.000029,0.000125,0.008232
2,2,9,"q9_case2",895,256,2304,589824,589824,1,228865,524288,2,1,589824,589561,0.000598,0.000000,0.002205,0.000059,0.000274,0.000413,0.000275,0.001159,0.001857,0.001524,0.000101,0.006890,0.001765,0.000000,0.005270,0.000540,0.000029,0.000157,0.010219
2,2,9,"q9_case2",896,256,2304,589824,589824,1,229121,524288,2,1,589824,589568,0.000607,0.000001,0.000304,0.000034,0.000269,0.000451,0.000219,0.001092,0.001654,0.001967,0.000091,0.005327,0.001966,0.000000,0.003275,0.000461,0.000036,0.000123,0.008857
2,2,9,"q9_case2",897,256,2304,589824,589824,1,229377,524288,2,1,589824,589563,0.000547,0.000001,0.002965,0.000060,0.000346,0.000421,0.000229,0.001207,0.001827,0.001992,0.000080,0.008141,0.001937,0.000000,0.006074,0.000532,0.000028,0.000106,0.011879
2,2,9,"q9_case2",898,256,2304,589824,589824,1,229633,524288,2,1,589824,589424,0.000423,0.000000,0.000295,0.000022,0.000265,0.000385,0.000255,0.000999,0.001591,0.001520,0.000069,0.004508,0.001609,0.000000,0.002923,0.000477,0.000031,0.000134,0.007429
2,2,9,"q9_case2",899,256,2304,589824,589824,1,229889,524288,2,1,589824,589564,0.000428,0.000000,0.002332,0.000027,0.000267,0.000427,0.000209,0.001087,0.001606,0.002011,0.000076,0.007087,0.001683,0.000000,0.005004,0.000531,0.000026,0.000100,0.010794
2,2,9,"q9_case2",900,256,2304,589824,589824,1,230145,524288,2,1,589824,589343,0.000416,0.000000,0.000272,0.000025,0.000295,0.000383,0.000291,0.001058,0.001708,0.001635,0.000054,0.004749,0.001565,0.000000,0.003064,0.000554,0.000025,0.000097,0.007730
2,2,9,"q9_case2",901,256,2304,589824,589824,1,230401,524288,2,1,589824,589530,0.000562,0.000000,0.000372,0.000028,0.000276,0.000434,0.000221,0.001106,0.001691,0.002021,0.000065,0.005432,0.001768,0.000000,0.003351,0.000510,0.000017,0.000093,0.008930
2,2,9,"q9_case2",902,256,2304,589824,589824,1,230657,524288,2,1,589824,589364,0.000436,0.000000,0.005260,0.000054,0.000299,0.000391,0.000241,0.001026,0.001683,0.001464,0.000070,0.009517,0.001618,0.000000,0.007987,0.000479,0.000027,0.000109,0.012441
2,2,9,"q9_case2",903,256,2304,589824,589824,1,230913,524288,2,1,589824,589556,0.000467,0.000000,0.000293,0.000024,0.000271,0.000430,0.000168,0.001034,0.001595,0.002306,0.000088,0.005399,0.001623,0.000000,0.003009,0.000507,0.000025,0.000118,0.008865
2,2,9,"q9_case2",904,256,2304,589824,589824,1,231169,524288,2,1,589824,589329,0.000520,0.000000,0.000332,0.000026,0.000273,0.000380,0.000222,0.001076,0.001598,0.001469,0.000058,0.004570,0.001565,0.000000,0.003047,0.000510,0.000027,0.000115,0.007461
2,2,9,"q9_case2",905,256,2304,589824,589824,1,231425,524288,2,1,589824,589555,0.000412,0.000000,0.000293,0.000025,0.000269,0.000436,0.000280,0.001039,0.001670,0.001996,0.000076,0.005099,0.001446,0.000000,0.003030,0.000491,0.000021,0.000109,0.008273
2,2,9,"q9_case2",906,256,2304,589824,589824,1,231681,524288,2,1,589824,589340,0.000412,0.000000,0.000267,0.000026,0.000269,0.000380,0.000191,0.001102,0.001533,0.001655,0.000071,0.004572,0.001620,0.000000,0.002849,0.000560,0.000027,0.000109,0.007598
2,2,9,"q9_case2",907,256,2304,589824,589824,1,231937,524288,2,1,589824,589539,0.000524,0.000000,0.000287,0.000046,0.000272,0.000428,0.000170,0.000999,0.001488,0.001708,0.000075,0.004751,0.001879,0.000000,0.002970,0.000492,0.000026,0.000108,0.008138
2,2,9,"q9_case2",908,256,2304,589824,589824,1,232193,524288,2,1,589824,589336,0.000483,0.000000,0.000293,0.000028,0.000287,0.000386,0.000232,0.001027,0.001533,0.001442,0.000062,0.004476,0.001509,0.000000,0.002976,0.000481,0.000025,0.000096,0.007552
2,2,9,"q9_case2",909,256,2304,589824,589824,1,232449,524288,2,1,589824,589550,0.000419,0.000000,0.004945,0.000065,0.000414,0.000497,0.000659,0.001071,0.002533,0.001962,0.000082,0.010764,0.001805,0.000000,0.008724,0.000478,0.000021,0.000106,0.014319
2,2,9,"q9_case2",910,256,2304,589824,589824,1,232705,524288,2,1,589824,589329,0.000568,0.000000,0.000834,0.000064,0.000494,0.000472,0.000445,0.001152,0.002499,0.001646,0.000077,0.006507,0.001826,0.000000,0.004788,0.000470,0.000029,0.000123,0.009732
2,2,9,"q9_case2",911,256,2304,589824,589824,1,232961,524288,2,1,589824,589554,0.000470,0.000000,0.000730,0.000061,0.000514,0.000502,0.000393,0.001052,0.002332,0.002001,0.000072,0.006423,0.001658,0.000000,0.004353,0.000465,0.000019,0.000104,0.009831
2,2,9,"q9_case2",912,256,2304,589824,589824,1,233217,524288,2,1,589824,589507,0.000442,0.000000,0.000828,0.000057,0.000478,0.000498,0.000559,0.001146,0.002508,0.001695,0.000085,0.006458,0.001611,0.000000,0.004682,0.000504,0.000039,0.000121,0.009468
2,2,9,"q9_case2",913,256,2304,589824,589824,1,233473,524288,2,1,589824,589560,0.000556,0.000000,0.001038,0.000071,0.000510,0.000499,0.000456,0.001329,0.002720,0.001574,0.000080,0.006831,0.001674,0.000000,0.005182,0.000553,0.000031,0.000116,0.010039
2,2,9,"q9_case2",914,256,2304,589824,589824,1,233729,524288,2,1,589824,589565,0.000523,0.000000,0.000934,0.000125,0.000475,0.000536,0.000625,0.001260,0.002924,0.002280,0.000120,0.007689,0.001800,0.000000,0.005295,0.000622,0.000041,0.000138,0.011512
2,2,9,"q9_case2",915,256,2304,589824,589824,1,233985,524288,2,1,589824,589441,0.000696,0.000001,0.000753,0.000069,0.000440,0.000460,0.000440,0.001437,0.002632,0.001676,0.000087,0.006757,0.002038,0.000000,0.005000,0.000579,0.000033,0.000115,0.010476
2,2,9,"q9_case2",916,256,2304,589824,589824,1,234241,524288,2,1,589824,589562,0.000454,0.000000,0.000741,0.000069,0.000403,0.000528,0.000509,0.001284,0.002559,0.002952,0.000114,0.007959,0.001645,0.000000,0.004899,0.000651,0.000043,0.000135,0.011568
2,2,9,"q9_case2",917,256,2304,589824,589824,1,234497,524288,2,1,589824,589511,0.000618,0.000001,0.001089,0.000074,0.000503,0.000492,0.000525,0.001223,0.002625,0.002200,0.000115,0.007763,0.001780,0.000000,0.005457,0.000599,0.000042,0.000174,0.011310
2,2,9,"q9_case2",918,256,2304,589824,589824,1,234753,524288,2,1,589824,589553,0.000560,0.000001,0.005688,0.000082,0.000504,0.000466,0.000493,0.001242,0.002844,0.001912,0.000116,0.011996,0.002189,0.000000,0.009978,0.000584,0.000055,0.000155,0.015936
2,2,9,"q9_case2",919,256,2304,589824,589824,1,235009,524288,2,1,589824,589568,0.000559,0.000001,0.000827,0.000076,0.000514,0.000513,0.000554,0.001187,0.002706,0.002164,0.000104,0.007296,0.002044,0.000000,0.005035,0.000551,0.000028,0.000129,0.011277
2,2,9,"q9_case2",920,256,2304,589824,589824,1,235265,524288,2,1,589824,589546,0.000539,0.000001,0.001013,0.000076,0.000491,0.000484,0.000531,0.001133,0.002788,0.001626,0.000096,0.006938,0.002008,0.000000,0.005224,0.000579,0.000041,0.000158,0.010516
2,2,9,"q9_case2",921,256,2304,589824,589824,1,235521,524288,2,1,589824,589562,0.000560,0.000001,0.001100,0.000071,0.000426,0.000509,0.000543,0.001232,0.002704,0.002390,0.000158,0.007741,0.001952,0.000000,0.005201,0.000651,0.000034,0.000137,0.011984
2,2,9,"q9_case2",922,256,2304,589824,589824,1,235777,524288,2,1,589824,589347,0.000591,0.000001,0.001025,0.000081,0.000534,0.000488,0.000527,0.001239,0.002818,0.001839,0.000093,0.007365,0.001880,0.000000,0.005439,0.000702,0.000053,0.000162,0.011247
2,2,9,"q9_case2",923,256,2304,589824,589824,1,236033,524288,2,1,589824,589544,0.000513,0.000000,0.000960,0.000076,0.000435,0.000520,0.000509,0.001377,0.002883,0.002289,0.000125,0.007567,0.001864,0.000000,0.005157,0.000566,0.000028,0.000146,0.011563
2,2,9,"q9_case2",924,256,2304,589824,589824,1,236289,524288,2,1,589824,589334,0.000606,0.000000,0.000905,0.000056,0.000439,0.000467,0.000463,0.001216,0.002667,0.001568,0.000077,0.006575,0.001978,0.000000,0.004934,0.000580,0.000029,0.000115,0.010114
2,2,9,"q9_case2",925,256,2304,589824,589824,1,236545,524288,2,1,589824,589538,0.000444,0.000000,0.001010,0.000067,0.000532,0.000483,0.000509,0.001162,0.002802,0.002155,0.000117,0.007232,0.001724,0.000000,0.004963,0.000489,0.000024,0.000110,0.010775
2,2,9,"q9_case2",926,256,2304,589824,589824,1,236801,524288,2,1,589824,589337,0.000436,0.000000,0.000918,0.000072,0.000497,0.000457,0.000490,0.001148,0.002684,0.001607,0.000080,0.006474,0.001664,0.000000,0.004793,0.000527,0.000030,0.000117,0.009748
2,2,9,"q9_case2",927,256,2304,589824,589824,1,237057,524288,2,1,589824,589539,0.000595,0.000000,0.000900,0.000072,0.000492,0.000537,0.000480,0.001168,0.002674,0.002450,0.000134,0.007597,0.001803,0.000000,0.005019,0.000554,0.000039,0.000145,0.011578
2,2,9,"q9_case2",928,256,2304,589824,589824,1,237313,524288,2,1,589824,589325,0.000652,0.000000,0.000663,0.000057,0.000488,0.000542,0.000471,0.001136,0.002594,0.001530,0.000088,0.006372,0.001981,0.000000,0.004758,0.000536,0.000032,0.000128,0.009819
2,2,9,"q9_case2",929,256,2304,589824,589824,1,237569,524288,2,1,589824,589498,0.000612,0.000000,0.000980,0.000064,0.000496,0.000503,0.000485,0.001139,0.002654,0.002067,0.000107,0.007197,0.001883,0.000000,0.005028,0.000494,0.000033,0.000108,0.010908
2,2,9,"q9_case2",930,256,2304,589824,589824,1,237825,524288,2,1,589824,589312,0.000500,0.000000,0.000646,0.000062,0.000408,0.000517,0.000431,0.001033,0.002282,0.001831,0.000079,0.006178,0.001600,0.000000,0.004272,0.000487,0.000029,0.000108,0.009387
2,2,9,"q9_case2",931,256,2304,589824,589824,1,238081,524288,2,1,589824,589479,0.000451,0.000000,0.000873,0.000068,0.000398,0.000488,0.000401,0.001117,0.002451,0.001937,0.000089,0.006484,0.001718,0.000000,0.004462,0.000508,0.000024,0.000116,0.009994
2,2,9,"q9_case2",932,256,2304,589824,589824,1,238337,524288,2,1,589824,589322,0.000445,0.000000,0.000865,0.000067,0.000428,0.000451,0.000433,0.001176,0.002372,0.001667,0.000078,0.006340,0.001563,0.000000,0.004600,0.000593,0.000029,0.000121,0.009475
2,2,9,"q9_case2",933,256,2304,589824,589824,1,238593,524288,2,1,589824,589563,0.000534,0.000000,0.000661,0.000064,0.000481,0.000514,0.000395,0.001140,0.002389,0.002015,0.000085,0.006705,0.001722,0.000000,0.004609,0.000504,0.000022,0.000108,0.010305
2,2,9,"q9_case2",934,256,2304,589824,589824,1,238849,524288,2,1,589824,589497,0.000553,0.000000,0.000868,0.000065,0.000411,0.000495,0.000471,0.001139,0.002383,0.001732,0.000081,0.006541,0.001735,0.000000,0.004733,0.000484,0.000033,0.000128,0.009828
2,2,9,"q9_case2",935,256,2304,589824,589824,1,239105,524288,2,1,589824,589445,0.000431,0.000000,0.000893,0.000060,0.000422,0.000446,0.000471,0.000988,0.002464,0.001496,0.000066,0.005928,0.001602,0.000000,0.004369,0.000446,0.000021,0.000106,0.008929
2,2,9,"q9_case2",936,256,2304,589824,589824,1,239361,524288,2,1,589824,589564,0.000465,0.000000,0.000781,0.000058,0.000448,0.000535,0.000428,0.001153,0.002612,0.002261,0.000094,0.006981,0.001659,0.000000,0.004629,0.000465,0.000037,0.000128,0.010456
2,2,9,"q9_case2",937,256,2304,589824,589824,1,239617,524288,2,1,589824,589505,0.000455,0.000000,0.000832,0.000063,0.000466,0.000511,0.000458,0.001253,0.002668,0.001886,0.000092,0.006819,0.001780,0.000000,0.004845,0.000509,0.000030,0.000144,0.010229
2,2,9,"q9_case2",938,256,2304,589824,589824,1,239873,524288,2,1,589824,589473,0.000491,0.000000,0.000854,0.000074,0.000479,0.000451,0.000448,0.001184,0.002376,0.001608,0.000083,0.006388,0.001599,0.000000,0.004700,0.000538,0.000028,0.000114,0.009419
2,2,9,"q9_case2",939,256,2304,589824,589824,1,240129,524288,2,1,589824,589566,0.000467,0.000000,0.000259,0.000028,0.000310,0.000437,0.000268,0.001045,0.001720,0.001937,0.000076,0.005114,0.001552,0.000000,0.003104,0.000485,0.000021,0.000097,0.008460
2,2,9,"q9_case2",940,256,2304,589824,589824,1,240385,524288,2,1,589824,589319,0.000404,0.000000,0.000358,0.000022,0.000269,0.000452,0.000236,0.001005,0.001652,0.001709,0.000076,0.004775,0.001584,0.000000,0.002992,0.000451,0.000030,0.000162,0.007791
2,2,9,"q9_case2",941,256,2304,589824,589824,1,240641,524288,2,1,589824,589517,0.000504,0.000000,0.000295,0.000030,0.000269,0.000441,0.000237,0.001125,0.001682,0.002113,0.000107,0.005443,0.001683,0.000000,0.003228,0.000565,0.000030,0.000136,0.008918
2,2,9,"q9_case2",942,256,2304,589824,589824,1,240897,524288,2,1,589824,589510,0.000389,0.000000,0.000423,0.000031,0.000271,0.000425,0.000217,0.001019,0.001629,0.001450,0.000071,0.004537,0.001448,0.000000,0.003019,0.000466,0.000035,0.000127,0.007297
2,2,9,"q9_case2",943,256,2304,589824,589824,1,241153,524288,2,1,589824,589568,0.000621,0.000001,0.000294,0.000056,0.000321,0.000399,0.000235,0.001203,0.001848,0.001715,0.000100,0.005217,0.001698,0.000000,0.003408,0.000579,0.000031,0.000134,0.008570
2,2,9,"q9_case2",944,256,2304,589824,589824,1,241409,524288,2,1,589824,589563,0.000631,0.000000,0.000289,0.000062,0.000361,0.000443,0.000279,0.001369,0.001980,0.002314,0.000114,0.006147,0.002061,0.000000,0.003723,0.000604,0.000047,0.000148,0.010358
2,2,9,"q9_case2",945,256,2304,589824,589824,1,241665,524288,2,1,589824,589336,0.000594,0.000001,0.000355,0.000035,0.000268,0.000395,0.000228,0.001318,0.001846,0.001722,0.000114,0.005343,0.001975,0.000000,0.003513,0.000659,0.000035,0.000158,0.009088
2,2,9,"q9_case2",946,256,2304,589824,589824,1,241921,524288,2,1,589824,589568,0.000594,0.000001,0.000328,0.000066,0.000272,0.000484,0.000175,0.001242,0.001787,0.002472,0.000114,0.006061,0.002100,0.000000,0.003481,0.000553,0.000042,0.000144,0.009993
2,2,9,"q9_case2",947,256,2304,589824,589824,1,242177,524288,2,1,589824,589509,0.000651,0.000000,0.000417,0.000037,0.000276,0.000426,0.000236,0.001355,0.001944,0.002043,0.000109,0.005905,0.001998,0.000000,0.003758,0.000566,0.000033,0.000132,0.009725
2,2,9,"q9_case2",948,256,2304,589824,589824,1,242433,524288,2,1,589824,589475,0.000613,0.000001,0.000460,0.000041,0.000282,0.000906,0.000295,0.000927,0.002210,0.001383,0.000085,0.005360,0.001985,0.000000,0.003898,0.000426,0.000039,0.000128,0.008540
2,2,9,"q9_case2",949,256,2304,589824,589824,1,242689,524288,2,1,589824,589566,0.000380,0.000001,0.001218,0.000034,0.000267,0.000456,0.000234,0.001069,0.001674,0.001654,0.000053,0.005599,0.001421,0.000000,0.003896,0.000452,0.000020,0.000096,0.008466
2,2,9,"q9_case2",950,256,2304,589824,589824,1,242945,524288,2,1,589824,589546,0.000508,0.000000,0.000247,0.000028,0.000267,0.000417,0.000204,0.001110,0.001579,0.001697,0.000068,0.004780,0.001513,0.000000,0.003019,0.000604,0.000032,0.000130,0.007778
2,2,9,"q9_case2",951,256,2304,589824,589824,1,243201,524288,2,1,589824,589554,0.000517,0.000000,0.000375,0.000056,0.000280,0.000392,0.000205,0.001116,0.001576,0.001697,0.000086,0.004986,0.001861,0.000000,0.003207,0.000567,0.000028,0.000131,0.008388
2,2,9,"q9_case2",952,256,2304,589824,589824,1,243457,524288,2,1,589824,589562,0.000591,0.000000,0.000347,0.000039,0.000281,0.000459,0.000245,0.001138,0.001871,0.001792,0.000066,0.005373,0.001978,0.000000,0.003519,0.000461,0.000036,0.000134,0.008824
2,2,9,"q9_case2",953,256,2304,589824,589824,1,243713,524288,2,1,589824,589452,0.000580,0.000000,0.000326,0.000031,0.000296,0.000442,0.000202,0.001195,0.001794,0.001702,0.000087,0.005175,0.001711,0.000000,0.003390,0.000483,0.000024,0.000132,0.008424
2,2,9,"q9_case2",954,256,2304,589824,589824,1,243969,524288,2,1,589824,589331,0.000499,0.000000,0.000805,0.000056,0.000427,0.000454,0.000538,0.001216,0.002652,0.001350,0.000066,0.006311,0.001616,0.000000,0.004900,0.000476,0.000029,0.000116,0.009175
2,2,9,"q9_case2",955,256,2304,589824,589824,1,244225,524288,2,1,589824,589538,0.000471,0.000000,0.000291,0.000037,0.000305,0.000463,0.000276,0.001110,0.001974,0.002255,0.000189,0.005854,0.001722,0.000000,0.003415,0.000576,0.000031,0.000134,0.009577
2,2,9,"q9_case2",956,256,2304,589824,589824,1,244481,524288,2,1,589824,589328,0.000581,0.000000,0.000435,0.000032,0.000265,0.000385,0.000216,0.001150,0.001654,0.001669,0.000141,0.005135,0.001876,0.000000,0.003328,0.000545,0.000036,0.000145,0.008504
2,2,9,"q9_case2",957,256,2304,589824,589824,1,244737,524288,2,1,589824,589558,0.000563,0.000000,0.000328,0.000025,0.000303,0.000458,0.000375,0.000984,0.001759,0.002318,0.000169,0.005813,0.001827,0.000000,0.003329,0.000498,0.000026,0.000147,0.009406
2,2,9,"q9_case2",958,256,2304,589824,589824,1,244993,524288,2,1,589824,589509,0.000572,0.000000,0.002276,0.000101,0.000310,0.000430,0.000270,0.001182,0.001953,0.001728,0.000157,0.007499,0.001547,0.000000,0.005620,0.000484,0.000063,0.000192,0.010605
2,2,9,"q9_case2",959,256,2304,589824,589824,1,245249,524288,2,1,589824,589551,0.000618,0.000000,0.000352,0.000045,0.000270,0.000399,0.000219,0.001302,0.001801,0.001605,0.000171,0.005297,0.001691,0.000000,0.003527,0.000566,0.000026,0.000104,0.008677
2,2,9,"q9_case2",960,256,2304,589824,589824,1,245505,524288,2,1,589824,589567,0.000383,0.000000,0.003449,0.000044,0.000267,0.000428,0.000272,0.000981,0.001651,0.001729,0.000126,0.007930,0.001673,0.000000,0.006079,0.000457,0.000026,0.000112,0.011211
2,2,9,"q9_case2",961,256,2304,589824,589824,1,245761,524288,2,1,589824,589457,0.000367,0.000000,0.000323,0.000027,0.000280,0.000386,0.000227,0.001115,0.001598,0.001478,0.000068,0.004529,0.001396,0.000000,0.002987,0.000531,0.000020,0.000116,0.007464
2,2,9,"q9_case2",962,256,2304,589824,589824,1,246017,524288,2,1,589824,589562,0.000443,0.000000,0.000941,0.000031,0.000288,0.000445,0.000209,0.000973,0.001608,0.002079,0.000114,0.005749,0.001518,0.000000,0.003559,0.000477,0.000033,0.000139,0.008897
2,2,9,"q9_case2",963,256,2304,589824,589824,1,246273,524288,2,1,589824,589337,0.000390,0.000000,0.000295,0.000030,0.000296,0.000412,0.000212,0.001138,0.001744,0.001457,0.000079,0.004684,0.001575,0.000000,0.003152,0.000461,0.000024,0.000124,0.007581
2,2,9,"q9_case2",964,256,2304,589824,589824,1,246529,524288,2,1,589824,589559,0.000550,0.000000,0.000347,0.000033,0.000276,0.000429,0.000270,0.001177,0.001808,0.002264,0.000107,0.005802,0.001724,0.000000,0.003435,0.000553,0.000065,0.000133,0.009424
2,2,9,"q9_case2",965,256,2304,589824,589824,1,246785,524288,2,1,589824,589368,0.000443,0.000001,0.000342,0.000028,0.000271,0.000447,0.000275,0.001145,0.001786,0.001965,0.000092,0.005316,0.001890,0.000000,0.003264,0.000557,0.000025,0.000133,0.008835
2,2,9,"q9_case2",966,256,2304,589824,589824,1,247041,524288,2,1,589824,589516,0.000592,0.000000,0.000371,0.000039,0.000293,0.000471,0.000238,0.001305,0.001875,0.002083,0.000112,0.005843,0.001975,0.000000,0.003654,0.000586,0.000037,0.000141,0.009814
2,2,9,"q9_case2",967,256,2304,589824,589824,1,247297,524288,2,1,589824,589508,0.000596,0.000000,0.000488,0.000034,0.000292,0.000420,0.000224,0.001232,0.001730,0.001780,0.000076,0.005396,0.002001,0.000000,0.003545,0.000559,0.000019,0.000099,0.009104
2,2,9,"q9_case2",968,256,2304,589824,589824,1,247553,524288,2,1,589824,589342,0.000448,0.000000,0.000345,0.000044,0.000292,0.000391,0.000218,0.001051,0.001595,0.001392,0.000087,0.004492,0.001727,0.000000,0.003018,0.000426,0.000031,0.000128,0.007480
2,2,9,"q9_case2",969,256,2304,589824,589824,1,247809,524288,2,1,589824,589553,0.000566,0.000000,0.000293,0.000038,0.000269,0.000455,0.000178,0.001071,0.001639,0.001679,0.000064,0.004893,0.001514,0.000000,0.003153,0.000527,0.000019,0.000101,0.007875
2,2,9,"q9_case2",970,256,2304,589824,589824,1,248065,524288,2,1,589824,589291,0.000363,0.000000,0.001641,0.000033,0.000265,0.000462,0.000194,0.000915,0.001531,0.001702,0.000058,0.005866,0.001360,0.000000,0.004109,0.000460,0.000026,0.000100,0.008527
2,2,9,"q9_case2",971,256,2304,589824,589824,1,248321,524288,2,1,589824,589320,0.000364,0.000000,0.000278,0.000050,0.000286,0.000445,0.000249,0.001062,0.001687,0.001663,0.000092,0.004736,0.001632,0.000000,0.002984,0.000536,0.000023,0.000151,0.007816
2,2,9,"q9_case2",972,256,2304,589824,589824,1,248577,524288,2,1,589824,589297,0.000497,0.000000,0.000414,0.000027,0.000268,0.000415,0.000233,0.001217,0.001755,0.001698,0.000060,0.005052,0.001436,0.000000,0.003298,0.000589,0.000023,0.000089,0.008122
2,2,9,"q9_case2",973,256,2304,589824,589824,1,248833,524288,2,1,589824,589297,0.000364,0.000000,0.000309,0.000027,0.000267,0.000379,0.000225,0.000995,0.001574,0.001393,0.000048,0.004223,0.001352,0.000000,0.002784,0.000431,0.000016,0.000095,0.006716
2,2,9,"q9_case2",974,256,2304,589824,589824,1,249089,524288,2,1,589824,589559,0.000436,0.000000,0.000349,0.000025,0.000297,0.000471,0.000209,0.001099,0.001749,0.001716,0.000062,0.005014,0.001368,0.000000,0.003239,0.000438,0.000024,0.000090,0.007832
2,2,9,"q9_case2",975,256,2304,589824,589824,1,249345,524288,2,1,589824,589325,0.000568,0.000000,0.003013,0.000040,0.000268,0.000454,0.000253,0.000895,0.001518,0.001513,0.000065,0.007267,0.001475,0.000000,0.005692,0.000413,0.000029,0.000122,0.009930
2,2,9,"q9_case2",976,256,2304,589824,589824,1,249601,524288,2,1,589824,589491,0.000365,0.000000,0.000324,0.000024,0.000272,0.000440,0.000181,0.000928,0.001592,0.001557,0.000049,0.004492,0.001360,0.000000,0.002888,0.000464,0.000023,0.000089,0.007247
2,2,9,"q9_case2",977,256,2304,589824,589824,1,249857,524288,2,1,589824,589505,0.000375,0.000000,0.000410,0.000027,0.000291,0.000413,0.000252,0.000969,0.001553,0.001434,0.000076,0.004469,0.001570,0.000000,0.002964,0.000433,0.000016,0.000092,0.007350
2,2,9,"q9_case2",978,256,2304,589824,589824,1,250113,524288,2,1,589824,589365,0.000472,0.000000,0.000396,0.000027,0.000314,0.000380,0.000303,0.000923,0.001570,0.001312,0.000050,0.004404,0.001506,0.000000,0.003044,0.000420,0.000022,0.000093,0.006980
2,2,9,"q9_case2",979,256,2304,589824,589824,1,250369,524288,2,1,589824,589561,0.000409,0.000000,0.000289,0.000024,0.000259,0.000418,0.000220,0.000892,0.001469,0.001868,0.000066,0.004713,0.001401,0.000000,0.002782,0.000419,0.000024,0.000138,0.007550
2,2,9,"q9_case2",980,256,2304,589824,589824,1,250625,524288,2,1,589824,589321,0.000385,0.000000,0.004003,0.000025,0.000273,0.000451,0.000232,0.001238,0.001869,0.001776,0.000091,0.008856,0.001476,0.000000,0.006992,0.000555,0.000037,0.000136,0.011995
2,2,9,"q9_case2",981,256,2304,589824,589824,1,250881,524288,2,1,589824,589483,0.000378,0.000000,0.000350,0.000027,0.000265,0.000416,0.000202,0.001207,0.001672,0.001812,0.000091,0.004987,0.001532,0.000000,0.003089,0.000487,0.000024,0.000130,0.008165
2,2,9,"q9_case2",982,256,2304,589824,589824,1,251137,524288,2,1,589824,589320,0.000583,0.000000,0.003500,0.000035,0.000268,0.000468,0.000217,0.000974,0.001657,0.001583,0.000075,0.008023,0.001561,0.000000,0.006369,0.000469,0.000031,0.000129,0.010926
2,2,9,"q9_case2",983,256,2304,589824,589824,1,251393,524288,2,1,589824,589493,0.000426,0.000000,0.000314,0.000026,0.000269,0.000419,0.000255,0.000974,0.001608,0.001866,0.000084,0.004967,0.001464,0.000000,0.003021,0.000442,0.000020,0.000117,0.008068
2,2,9,"q9_case2",984,256,2304,589824,589824,1,251649,524288,2,1,589824,589326,0.000373,0.000000,0.004662,0.000075,0.000304,0.000464,0.000239,0.000957,0.001563,0.001592,0.000064,0.008951,0.001438,0.000000,0.007299,0.000554,0.000027,0.000101,0.011776
2,2,9,"q9_case2",985,256,2304,589824,589824,1,251905,524288,2,1,589824,589548,0.000379,0.000000,0.000257,0.000026,0.000264,0.000441,0.000191,0.000916,0.001497,0.001530,0.000054,0.004327,0.001538,0.000000,0.002746,0.000476,0.000021,0.000125,0.007249
2,2,9,"q9_case2",986,256,2304,589824,589824,1,252161,524288,2,1,589824,589504,0.000426,0.000000,0.005514,0.000034,0.000306,0.000419,0.000307,0.000967,0.001721,0.001686,0.000079,0.010027,0.001512,0.000000,0.008266,0.000478,0.000036,0.000109,0.012779
2,2,9,"q9_case2",987,256,2304,589824,589824,1,252417,524288,2,1,589824,589562,0.000531,0.000000,0.000321,0.000033,0.000269,0.000403,0.000208,0.001145,0.001720,0.001473,0.000087,0.004807,0.001516,0.000000,0.003251,0.000470,0.000026,0.000134,0.007607
2,2,9,"q9_case2",988,256,2304,589824,589824,1,252673,524288,2,1,589824,589568,0.000585,0.000000,0.000312,0.000027,0.000270,0.000421,0.000259,0.000987,0.001586,0.001588,0.000068,0.004809,0.001756,0.000000,0.003157,0.000500,0.000026,0.000097,0.007999
2,2,9,"q9_case2",989,256,2304,589824,589824,1,252929,524288,2,1,589824,589467,0.000431,0.000000,0.000551,0.000027,0.000270,0.000398,0.000235,0.001052,0.001651,0.001283,0.000059,0.004547,0.001409,0.000000,0.003208,0.000434,0.000019,0.000109,0.007137
2,2,9,"q9_case2",990,256,2304,589824,589824,1,253185,524288,2,1,589824,589568,0.000363,0.000000,0.000330,0.000025,0.000271,0.000419,0.000220,0.000882,0.001515,0.002093,0.000082,0.004937,0.001382,0.000000,0.002767,0.000438,0.000029,0.000121,0.007770
2,2,9,"q9_case2",991,256,2304,589824,589824,1,253441,524288,2,1,589824,589330,0.000554,0.000000,0.000300,0.000038,0.000271,0.000453,0.000200,0.000918,0.001604,0.001533,0.000057,0.004609,0.001941,0.000000,0.003022,0.000424,0.000020,0.000101,0.007798
2,2,9,"q9_case2",992,256,2304,589824,589824,1,253697,524288,2,1,589824,589487,0.000403,0.000000,0.004463,0.000029,0.000300,0.000422,0.000215,0.000888,0.001563,0.001541,0.000061,0.008620,0.001401,0.000000,0.007020,0.000433,0.000025,0.000098,0.011331
2,2,9,"q9_case2",993,256,2304,589824,589824,1,253953,524288,2,1,589824,589324,0.000429,0.000000,0.000313,0.000031,0.000271,0.000445,0.000227,0.001041,0.001706,0.001557,0.000068,0.004716,0.001443,0.000000,0.003094,0.000409,0.000022,0.000113,0.007534
2,2,9,"q9_case2",994,256,2304,589824,589824,1,254209,524288,2,1,589824,589490,0.000481,0.000000,0.005060,0.000029,0.000267,0.000419,0.000226,0.000894,0.001468,0.001716,0.000058,0.009391,0.001760,0.000000,0.007620,0.000412,0.000023,0.000092,0.012543
2,2,9,"q9_case2",995,256,2304,589824,589824,1,254465,524288,2,1,589824,589330,0.000362,0.000000,0.000313,0.000027,0.000264,0.000450,0.000224,0.000882,0.001511,0.001571,0.000069,0.004379,0.001350,0.000000,0.002742,0.000484,0.000023,0.000134,0.007186
2,2,9,"q9_case2",996,256,2304,589824,589824,1,254721,524288,2,1,589824,589486,0.000362,0.000000,0.000388,0.000025,0.000268,0.000438,0.000261,0.000987,0.001618,0.001639,0.000045,0.004596,0.001428,0.000000,0.002913,0.000439,0.000022,0.000088,0.007400
2,2,9,"q9_case2",997,256,2304,589824,589824,1,254977,524288,2,1,589824,589498,0.000361,0.000000,0.000347,0.000025,0.000264,0.000412,0.000261,0.000868,0.001491,0.001362,0.000050,0.004168,0.001342,0.000000,0.002759,0.000423,0.000016,0.000084,0.006734
2,2,9,"q9_case2",998,256,2304,589824,589824,1,255233,524288,2,1,589824,589328,0.000382,0.000000,0.000270,0.000026,0.000259,0.000389,0.000186,0.000877,0.001398,0.001196,0.000052,0.003850,0.001364,0.000000,0.002604,0.000468,0.000027,0.000098,0.006409
2,2,9,"q9_case2",999,256,2304,589824,589824,1,255489,524288,2,1,589824,589560,0.000603,0.000000,0.000336,0.000053,0.000271,0.000450,0.000237,0.000945,0.001595,0.002026,0.000063,0.005255,0.001851,0.000000,0.003170,0.000545,0.000021,0.000115,0.008755
2,2,9,"q9_case2",1000,256,2304,589824,589824,1,255745,524288,2,1,589824,589414,0.000377,0.000000,0.000286,0.000032,0.000272,0.000410,0.000196,0.001069,0.001521,0.001443,0.000069,0.004368,0.001460,0.000000,0.002859,0.000439,0.000026,0.000113,0.007202
2,2,9,"q9_case2",1001,256,2304,589824,589824,1,256001,524288,2,1,589824,589321,0.000366,0.000000,0.000534,0.000048,0.000445,0.000444,0.000398,0.000909,0.002134,0.001203,0.000045,0.004953,0.001407,0.000000,0.003708,0.000589,0.000019,0.000095,0.007729
2,2,9,"q9_case2",1002,256,2304,589824,589824,1,256257,524288,2,1,589824,589560,0.000380,0.000000,0.000729,0.000045,0.000392,0.000470,0.000376,0.000909,0.002250,0.001433,0.000050,0.005404,0.001463,0.000000,0.003924,0.000420,0.000023,0.000088,0.008368
2,2,9,"q9_case2",1003,256,2304,589824,589824,1,256513,524288,2,1,589824,589328,0.000367,0.000000,0.000558,0.000053,0.000329,0.000498,0.000398,0.000875,0.002013,0.001286,0.000079,0.005045,0.001337,0.000000,0.003682,0.000429,0.000018,0.000191,0.007684
2,2,9,"q9_case2",1004,256,2304,589824,589824,1,256769,524288,2,1,589824,589496,0.000573,0.000000,0.004688,0.000057,0.000394,0.000456,0.000465,0.001053,0.002432,0.001741,0.000070,0.010134,0.001875,0.000000,0.008326,0.000440,0.000023,0.000092,0.013681
2,2,9,"q9_case2",1005,256,2304,589824,589824,1,257025,524288,2,1,589824,589351,0.000378,0.000000,0.000727,0.000055,0.000357,0.000487,0.000413,0.000986,0.002236,0.001777,0.000069,0.005844,0.001457,0.000000,0.004000,0.000568,0.000017,0.000091,0.009628
2,2,9,"q9_case2",1006,256,2304,589824,589824,1,257281,524288,2,1,589824,589512,0.000366,0.000000,0.000777,0.000026,0.000268,0.000417,0.000231,0.000985,0.001593,0.001677,0.000066,0.005040,0.001364,0.000000,0.003300,0.000434,0.000027,0.000114,0.007658
2,2,9,"q9_case2",1007,256,2304,589824,589824,1,257537,524288,2,1,589824,589331,0.000371,0.000000,0.000307,0.000029,0.000275,0.000393,0.000208,0.001214,0.001718,0.001621,0.000062,0.004773,0.001649,0.000000,0.003093,0.000533,0.000019,0.000116,0.007895
2,2,9,"q9_case2",1008,256,2304,589824,589824,1,257793,524288,2,1,589824,589554,0.000376,0.000000,0.000476,0.000024,0.000267,0.000425,0.000214,0.000961,0.001536,0.001475,0.000056,0.004523,0.001542,0.000000,0.002995,0.000445,0.000023,0.000113,0.007459
2,2,9,"q9_case2",1009,256,2304,589824,589824,1,258049,524288,2,1,589824,589329,0.000430,0.000000,0.000702,0.000055,0.000480,0.000512,0.000438,0.000931,0.002321,0.001271,0.000057,0.005557,0.001340,0.000000,0.004232,0.000429,0.000018,0.000096,0.008044
2,2,9,"q9_case2",1010,256,2304,589824,589824,1,258305,524288,2,1,589824,589491,0.000574,0.000000,0.000718,0.000067,0.000473,0.000468,0.000398,0.000978,0.002291,0.001705,0.000057,0.006034,0.001503,0.000000,0.004275,0.000421,0.000023,0.000087,0.009031
2,2,9,"q9_case2",1011,256,2304,589824,589824,1,258561,524288,2,1,589824,589355,0.000465,0.000000,0.000562,0.000047,0.000322,0.000477,0.000354,0.000880,0.001867,0.002197,0.000046,0.005761,0.001352,0.000000,0.003521,0.000421,0.000016,0.000087,0.008484
2,2,9,"q9_case2",1012,256,2304,589824,589824,1,258817,524288,2,1,589824,589516,0.000395,0.000000,0.000677,0.000064,0.000401,0.000434,0.000363,0.000999,0.002026,0.001565,0.000054,0.005457,0.001381,0.000000,0.003841,0.000527,0.000023,0.000100,0.008179
2,2,9,"q9_case2",1013,256,2304,589824,589824,1,259073,524288,2,1,589824,589324,0.000360,0.000000,0.000596,0.000056,0.000444,0.000493,0.000386,0.000878,0.002147,0.001445,0.000043,0.005322,0.001357,0.000000,0.003836,0.000417,0.000016,0.000084,0.007892
2,2,9,"q9_case2",1014,256,2304,589824,589824,1,259329,524288,2,1,589824,589482,0.000361,0.000000,0.000601,0.000051,0.000379,0.000461,0.000427,0.001088,0.002316,0.001649,0.000071,0.005712,0.001540,0.000000,0.003994,0.000414,0.000025,0.000097,0.008732
2,2,9,"q9_case2",1015,256,2304,589824,589824,1,259585,524288,2,1,589824,589352,0.000635,0.000000,0.000883,0.000056,0.000427,0.000486,0.000422,0.000905,0.002281,0.001778,0.000047,0.006200,0.001433,0.000000,0.004376,0.000436,0.000016,0.000090,0.009000
2,2,9,"q9_case2",1016,256,2304,589824,589824,1,259841,524288,2,1,589824,589517,0.000390,0.000000,0.000648,0.000053,0.000365,0.000484,0.000438,0.000974,0.002194,0.001631,0.000072,0.005688,0.001366,0.000000,0.003987,0.000434,0.000029,0.000146,0.008504
2,2,9,"q9_case2",1017,256,2304,589824,589824,1,260097,524288,2,1,589824,589315,0.000366,0.000000,0.000631,0.000051,0.000405,0.000512,0.000418,0.000942,0.002210,0.001697,0.000050,0.005630,0.001484,0.000000,0.003886,0.000418,0.000016,0.000085,0.008592
2,2,9,"q9_case2",1018,256,2304,589824,589824,1,260353,524288,2,1,589824,589486,0.000370,0.000000,0.000572,0.000053,0.000353,0.000434,0.000355,0.000892,0.001930,0.002004,0.000049,0.005647,0.001371,0.000000,0.003596,0.000405,0.000021,0.000089,0.008429
2,2,9,"q9_case2",1019,256,2304,589824,589824,1,260609,524288,2,1,589824,589351,0.000386,0.000000,0.002467,0.000052,0.000353,0.000494,0.000384,0.000887,0.001995,0.001522,0.000041,0.007127,0.001385,0.000000,0.005565,0.000407,0.000015,0.000081,0.009890
2,2,9,"q9_case2",1020,256,2304,589824,589824,1,260865,524288,2,1,589824,589513,0.000365,0.000000,0.000522,0.000054,0.000371,0.000453,0.000366,0.000998,0.002085,0.001562,0.000046,0.005328,0.001341,0.000000,0.003722,0.000411,0.000021,0.000093,0.007961
2,2,9,"q9_case2",1021,256,2304,589824,589824,1,261121,524288,2,1,589824,589324,0.000394,0.000000,0.005247,0.000052,0.000652,0.000506,0.000418,0.000984,0.002516,0.001470,0.000067,0.010345,0.001350,0.000000,0.008811,0.000449,0.000020,0.000106,0.013028
2,2,9,"q9_case2",1022,256,2304,589824,589824,1,261377,524288,2,1,589824,589488,0.000363,0.000000,0.000640,0.000051,0.000463,0.000461,0.000606,0.000913,0.002120,0.001794,0.000060,0.005879,0.001392,0.000000,0.004028,0.000416,0.000022,0.000086,0.008819
2,2,9,"q9_case2",1023,256,2304,589824,589824,1,261633,524288,2,1,589824,589312,0.000366,0.000000,0.000590,0.000051,0.000343,0.000491,0.000402,0.000958,0.002125,0.001755,0.000057,0.005579,0.001345,0.000000,0.003770,0.000610,0.000016,0.000089,0.008611
2,2,9,"q9_case2",1024,256,2304,589824,589824,1,261889,524288,2,1,589824,589255,0.000398,0.000000,0.000606,0.000053,0.000386,0.000463,0.000364,0.001275,0.002331,0.002401,0.000151,0.006731,0.001453,0.000000,0.004183,0.000568,0.000031,0.036613,0.046674
2,2,9,"q9_case2",1025,256,2304,589824,589824,1,262145,1048576,2,1,589824,589338,0.037521,0.000001,0.002099,0.000000,0.000302,0.000437,0.000258,0.001190,0.001783,0.001967,0.000135,0.044248,0.001743,0.018620,0.042676,0.000557,0.000029,0.000114,0.067075
2,2,9,"q9_case2",1026,256,2304,589824,589824,1,262401,1048576,2,1,589824,589327,0.000465,0.000000,0.003227,0.000021,0.000281,0.000456,0.000272,0.001182,0.001824,0.001981,0.000147,0.008305,0.001663,0.000000,0.006181,0.000534,0.000034,0.000101,0.011823
2,2,9,"q9_case2",1027,256,2304,589824,589824,1,262657,1048576,2,1,589824,589484,0.000502,0.000000,0.000794,0.000067,0.000323,0.000425,0.000283,0.001111,0.001853,0.001722,0.000094,0.005625,0.001681,0.000000,0.003814,0.000507,0.000025,0.000109,0.008905
2,2,9,"q9_case2",1028,256,2304,589824,589824,1,262913,1048576,2,1,589824,589345,0.000439,0.000000,0.000328,0.000022,0.000343,0.000460,0.000265,0.001085,0.001779,0.001904,0.000084,0.005199,0.001626,0.000000,0.003215,0.000547,0.000033,0.000121,0.008402
2,2,9,"q9_case2",1029,256,2304,589824,589824,1,263169,1048576,2,1,589824,589489,0.000441,0.000000,0.003454,0.000042,0.000290,0.000447,0.000209,0.001115,0.001729,0.002078,0.000097,0.008438,0.001672,0.000000,0.006269,0.000541,0.000029,0.000131,0.012087
2,2,9,"q9_case2",1030,256,2304,589824,589824,1,263425,1048576,2,1,589824,589459,0.000478,0.000000,0.000353,0.000036,0.000330,0.000455,0.000232,0.001018,0.001788,0.001856,0.000092,0.005218,0.001801,0.000000,0.003274,0.000543,0.000033,0.000118,0.008592
2,2,9,"q9_case2",1031,256,2304,589824,589824,1,263681,1048576,2,1,589824,589316,0.000468,0.000000,0.002504,0.000035,0.000264,0.000420,0.000205,0.001029,0.001640,0.001814,0.000093,0.007188,0.001770,0.000000,0.005285,0.000481,0.000028,0.000115,0.010498
2,2,9,"q9_case2",1032,256,2304,589824,589824,1,263937,1048576,2,1,589824,589295,0.000436,0.000000,0.000304,0.000022,0.000266,0.000457,0.000160,0.000987,0.001517,0.001611,0.000071,0.004631,0.001656,0.000000,0.002952,0.000489,0.000031,0.000097,0.007728
2,2,9,"q9_case2",1033,256,2304,589824,589824,1,264193,1048576,2,1,589824,589473,0.000419,0.000000,0.000343,0.000026,0.000261,0.000435,0.000214,0.001041,0.001594,0.001785,0.000074,0.004826,0.001560,0.000000,0.002970,0.000500,0.000024,0.000109,0.007959
2,2,9,"q9_case2",1034,256,2304,589824,589824,1,264449,1048576,2,1,589824,589503,0.000555,0.000000,0.000427,0.000027,0.000307,0.000415,0.000239,0.001256,0.001857,0.001793,0.000081,0.005431,0.001846,0.000000,0.003561,0.000484,0.000029,0.000095,0.008731
2,2,9,"q9_case2",1035,256,2304,589824,589824,1,264705,1048576,2,1,589824,589472,0.000429,0.000000,0.000283,0.000052,0.000264,0.000452,0.000198,0.001019,0.001601,0.001592,0.000065,0.004642,0.001750,0.000000,0.002989,0.000523,0.000020,0.000093,0.007881
2,2,9,"q9_case2",1036,256,2304,589824,589824,1,264961,1048576,2,1,589824,589518,0.000578,0.000000,0.000348,0.000021,0.000286,0.000463,0.000292,0.001062,0.001753,0.001879,0.000103,0.005283,0.001761,0.000000,0.003305,0.000541,0.000034,0.000125,0.008654
2,2,9,"q9_case2",1037,256,2304,589824,589824,1,265217,1048576,2,1,589824,589474,0.000572,0.000000,0.000385,0.000026,0.000346,0.000428,0.000208,0.001087,0.001850,0.001866,0.000091,0.005421,0.001780,0.000000,0.003469,0.000502,0.000027,0.000116,0.008818
2,2,9,"q9_case2",1038,256,2304,589824,589824,1,265473,1048576,2,1,589824,589318,0.000427,0.000000,0.002064,0.000024,0.000305,0.000457,0.000248,0.001024,0.001759,0.001869,0.000076,0.006792,0.001562,0.000000,0.004851,0.000481,0.000038,0.000098,0.009891
2,2,9,"q9_case2",1039,256,2304,589824,589824,1,265729,1048576,2,1,589824,589463,0.000420,0.000000,0.000317,0.000026,0.000274,0.000418,0.000184,0.001096,0.001636,0.002050,0.000085,0.005224,0.001603,0.000000,0.003093,0.000535,0.000025,0.000114,0.008536
2,2,9,"q9_case2",1040,256,2304,589824,589824,1,265985,1048576,2,1,589824,589320,0.000437,0.000000,0.003377,0.000029,0.000295,0.000453,0.000269,0.001064,0.001833,0.001941,0.000092,0.008347,0.001668,0.000000,0.006319,0.000539,0.000042,0.000124,0.011786
2,2,9,"q9_case2",1041,256,2304,589824,589824,1,266241,1048576,2,1,589824,589468,0.000444,0.000000,0.000300,0.000057,0.000282,0.000422,0.000256,0.001194,0.001831,0.002207,0.000095,0.005576,0.001646,0.000000,0.003280,0.000495,0.000034,0.000114,0.009019
2,2,9,"q9_case2",1042,256,2304,589824,589824,1,266497,1048576,2,1,589824,589347,0.000469,0.000000,0.002198,0.000028,0.000268,0.000456,0.000291,0.001078,0.001785,0.001985,0.000095,0.007180,0.001806,0.000000,0.005105,0.000479,0.000036,0.000112,0.010686
2,2,9,"q9_case2",1043,256,2304,589824,589824,1,266753,1048576,2,1,589824,589507,0.000541,0.000001,0.001350,0.000035,0.000300,0.000417,0.000364,0.001148,0.002109,0.001791,0.000088,0.006551,0.001716,0.000000,0.004677,0.000512,0.000029,0.000106,0.009895
2,2,9,"q9_case2",1044,256,2304,589824,589824,1,267009,1048576,2,1,589824,589351,0.000539,0.000000,0.001530,0.000032,0.000291,0.000463,0.000232,0.001130,0.001745,0.002028,0.000103,0.006677,0.001650,0.000000,0.004550,0.000509,0.000047,0.000136,0.009996
2,2,9,"q9_case2",1045,256,2304,589824,589824,1,267265,1048576,2,1,589824,589508,0.000440,0.000000,0.000298,0.000022,0.000306,0.000415,0.000253,0.001061,0.001679,0.001944,0.000092,0.005141,0.001758,0.000000,0.003108,0.000502,0.000026,0.000111,0.008597
2,2,9,"q9_case2",1046,256,2304,589824,589824,1,267521,1048576,2,1,589824,589414,0.000413,0.000000,0.002975,0.000036,0.000299,0.000478,0.000277,0.001250,0.001912,0.001797,0.000084,0.007890,0.001640,0.000000,0.006014,0.000520,0.000039,0.000111,0.011062
2,2,9,"q9_case2",1047,256,2304,589824,589824,1,267777,1048576,2,1,589824,589511,0.000523,0.000000,0.000337,0.000025,0.000306,0.000414,0.000238,0.001110,0.001760,0.001762,0.000071,0.005131,0.001603,0.000000,0.003304,0.000488,0.000022,0.000099,0.008382
2,2,9,"q9_case2",1048,256,2304,589824,589824,1,268033,1048576,2,1,589824,589426,0.000466,0.000000,0.003259,0.000055,0.000273,0.000485,0.000316,0.001049,0.001801,0.001698,0.000078,0.007950,0.001711,0.000000,0.006177,0.000514,0.000036,0.000116,0.011187
2,2,9,"q9_case2",1049,256,2304,589824,589824,1,268289,1048576,2,1,589824,589512,0.000448,0.000000,0.000390,0.000023,0.000319,0.000443,0.000278,0.001207,0.001893,0.001892,0.000091,0.005346,0.001670,0.000000,0.003367,0.000585,0.000028,0.000096,0.008876
2,2,9,"q9_case2",1050,256,2304,589824,589824,1,268545,1048576,2,1,589824,589410,0.000465,0.000000,0.003064,0.000027,0.000306,0.000478,0.000238,0.001007,0.001794,0.001717,0.000085,0.007732,0.001764,0.000000,0.005935,0.000493,0.000031,0.000116,0.011053
2,2,9,"q9_case2",1051,256,2304,589824,589824,1,268801,1048576,2,1,589824,589509,0.000518,0.000000,0.000260,0.000033,0.000266,0.000417,0.000218,0.001097,0.001613,0.001930,0.000077,0.005069,0.001770,0.000000,0.003066,0.000500,0.000038,0.000123,0.008468
2,2,9,"q9_case2",1052,256,2304,589824,589824,1,269057,1048576,2,1,589824,589316,0.000464,0.000000,0.003591,0.000027,0.000271,0.000487,0.000208,0.001205,0.001871,0.002307,0.000100,0.008939,0.001625,0.000000,0.006536,0.000484,0.000036,0.000117,0.012316
2,2,9,"q9_case2",1053,256,2304,589824,589824,1,269313,1048576,2,1,589824,589456,0.000460,0.000001,0.000314,0.000022,0.000262,0.000413,0.000200,0.001064,0.001568,0.001883,0.000087,0.005023,0.001680,0.000000,0.003057,0.000540,0.000024,0.000113,0.008389
2,2,9,"q9_case2",1054,256,2304,589824,589824,1,269569,1048576,2,1,589824,589319,0.000568,0.000000,0.002284,0.000054,0.000270,0.000458,0.000267,0.001269,0.001860,0.002055,0.000097,0.007574,0.001907,0.000000,0.005427,0.000575,0.000028,0.000098,0.011451
2,2,9,"q9_case2",1055,256,2304,589824,589824,1,269825,1048576,2,1,589824,589467,0.000588,0.000000,0.000377,0.000032,0.000262,0.000433,0.000247,0.000950,0.001600,0.001779,0.000094,0.005011,0.001981,0.000000,0.003142,0.000459,0.000035,0.000115,0.008789
2,2,9,"q9_case2",1056,256,2304,589824,589824,1,270081,1048576,2,1,589824,589318,0.000563,0.000000,0.000323,0.000025,0.000270,0.000447,0.000258,0.001354,0.001866,0.001983,0.000068,0.005592,0.001667,0.000000,0.003546,0.000544,0.000026,0.000096,0.009052
2,2,9,"q9_case2",1057,256,2304,589824,589824,1,270337,1048576,2,1,589824,589456,0.000380,0.000000,0.000269,0.000043,0.000278,0.000415,0.000252,0.000959,0.001595,0.001713,0.000059,0.004593,0.001528,0.000000,0.002824,0.000427,0.000019,0.000085,0.007485
2,2,9,"q9_case2",1058,256,2304,589824,589824,1,270593,1048576,2,1,589824,589317,0.000526,0.000000,0.000432,0.000027,0.000306,0.000455,0.000291,0.001174,0.001821,0.002168,0.000087,0.005765,0.001578,0.000000,0.003514,0.000539,0.000033,0.000115,0.009245
2,2,9,"q9_case2",1059,256,2304,589824,589824,1,270849,1048576,2,1,589824,589463,0.000581,0.000000,0.000388,0.000022,0.000268,0.000408,0.000276,0.000908,0.001538,0.001601,0.000065,0.004773,0.001898,0.000000,0.003111,0.000487,0.000022,0.000100,0.008367
2,2,9,"q9_case2",1060,256,2304,589824,589824,1,271105,1048576,2,1,589824,589317,0.000367,0.000000,0.004508,0.000020,0.000274,0.000439,0.000268,0.000941,0.001721,0.001742,0.000059,0.008819,0.001410,0.000000,0.007021,0.000450,0.000023,0.000084,0.011741
2,2,9,"q9_case2",1061,256,2304,589824,589824,1,271361,1048576,2,1,589824,589457,0.000566,0.000000,0.000334,0.000026,0.000303,0.000421,0.000187,0.001256,0.001772,0.001422,0.000048,0.004862,0.001553,0.000000,0.003396,0.000591,0.000016,0.000077,0.007816
2,2,9,"q9_case2",1062,256,2304,589824,589824,1,271617,1048576,2,1,589824,589316,0.000582,0.000000,0.004346,0.000025,0.000322,0.000459,0.000232,0.001168,0.001846,0.002233,0.000110,0.009786,0.001655,0.000000,0.007447,0.000520,0.000039,0.000135,0.013303
2,2,9,"q9_case2",1063,256,2304,589824,589824,1,271873,1048576,2,1,589824,589469,0.000390,0.000001,0.000387,0.000033,0.000266,0.000419,0.000180,0.001298,0.001749,0.002047,0.000096,0.005410,0.001592,0.000000,0.003272,0.000568,0.000027,0.000115,0.008797
2,2,9,"q9_case2",1064,256,2304,589824,589824,1,272129,1048576,2,1,589824,589316,0.000541,0.000000,0.001262,0.000063,0.000265,0.000444,0.000183,0.001172,0.001726,0.001998,0.000096,0.006278,0.001880,0.000000,0.004189,0.000552,0.000034,0.000111,0.010098
2,2,9,"q9_case2",1065,256,2304,589824,589824,1,272385,1048576,2,1,589824,589466,0.000488,0.000000,0.000312,0.000050,0.000264,0.000418,0.000235,0.001058,0.001676,0.001634,0.000087,0.004870,0.001556,0.000000,0.003154,0.000509,0.000022,0.000106,0.007948
2,2,9,"q9_case2",1066,256,2304,589824,589824,1,272641,1048576,2,1,589824,589316,0.000477,0.000000,0.004080,0.000036,0.000301,0.000454,0.000268,0.001011,0.001699,0.001840,0.000082,0.008759,0.001513,0.000000,0.006840,0.000495,0.000029,0.000114,0.011953
2,2,9,"q9_case2",1067,256,2304,589824,589824,1,272897,1048576,2,1,589824,589471,0.000476,0.000000,0.000336,0.000021,0.000259,0.000410,0.000162,0.001020,0.001478,0.001605,0.000069,0.004556,0.001503,0.000000,0.002886,0.000486,0.000020,0.000101,0.007570
2,2,9,"q9_case2",1068,256,2304,589824,589824,1,273153,1048576,2,1,589824,589314,0.000579,0.000000,0.004227,0.000049,0.000321,0.000447,0.000261,0.001267,0.001899,0.002504,0.000108,0.009997,0.001614,0.000000,0.007388,0.000563,0.000043,0.000134,0.013636
2,2,9,"q9_case2",1069,256,2304,589824,589824,1,273409,1048576,2,1,589824,589463,0.000605,0.000000,0.000326,0.000038,0.000268,0.000425,0.000233,0.001377,0.001932,0.002126,0.000110,0.005876,0.001999,0.000000,0.003645,0.000593,0.000030,0.000120,0.009743
2,2,9,"q9_case2",1070,256,2304,589824,589824,1,273665,1048576,2,1,589824,589315,0.000628,0.000000,0.000393,0.000029,0.000267,0.000446,0.000227,0.001244,0.001861,0.002004,0.000076,0.005711,0.001961,0.000000,0.003637,0.000527,0.000042,0.000117,0.009483
2,2,9,"q9_case2",1071,256,2304,589824,589824,1,273921,1048576,2,1,589824,589468,0.000423,0.000000,0.000288,0.000022,0.000270,0.000406,0.000162,0.001206,0.001670,0.001573,0.000061,0.004760,0.001703,0.000000,0.003130,0.000540,0.000020,0.000088,0.007924
2,2,9,"q9_case2",1072,256,2304,589824,589824,1,274177,1048576,2,1,589824,589315,0.000559,0.000000,0.003275,0.000020,0.000284,0.000449,0.000232,0.000900,0.001525,0.001917,0.000060,0.007874,0.001492,0.000000,0.005900,0.000431,0.000024,0.000084,0.010798
2,2,9,"q9_case2",1073,256,2304,589824,589824,1,274433,1048576,2,1,589824,589470,0.000375,0.000000,0.000266,0.000019,0.000260,0.000404,0.000222,0.001310,0.001784,0.001652,0.000077,0.004865,0.001354,0.000000,0.003139,0.000547,0.000024,0.000109,0.007779
2,2,9,"q9_case2",1074,256,2304,589824,589824,1,274689,1048576,2,1,589824,589316,0.000583,0.000000,0.004081,0.000052,0.000285,0.000446,0.000257,0.000934,0.001601,0.001774,0.000075,0.008703,0.001885,0.000000,0.006856,0.000456,0.000027,0.000114,0.012116
2,2,9,"q9_case2",1075,256,2304,589824,589824,1,274945,1048576,2,1,589824,589461,0.000585,0.000000,0.000342,0.000052,0.000306,0.000445,0.000255,0.001273,0.001906,0.001827,0.000046,0.005447,0.001647,0.000000,0.003577,0.000562,0.000016,0.000081,0.008717
2,2,9,"q9_case2",1076,256,2304,589824,589824,1,275201,1048576,2,1,589824,589317,0.000368,0.000000,0.000357,0.000021,0.000254,0.000404,0.000242,0.000918,0.001475,0.001385,0.000048,0.004197,0.001358,0.000000,0.002767,0.000420,0.000021,0.000077,0.006742
2,2,9,"q9_case2",1077,256,2304,589824,589824,1,275457,1048576,2,1,589824,589315,0.000493,0.000000,0.000351,0.000019,0.000286,0.000415,0.000232,0.001086,0.001662,0.002057,0.000077,0.005382,0.001392,0.000000,0.003251,0.000436,0.000025,0.000123,0.008208
2,2,9,"q9_case2",1078,256,2304,589824,589824,1,275713,1048576,2,1,589824,589312,0.000512,0.000000,0.000355,0.000023,0.000268,0.000425,0.000232,0.001134,0.001777,0.002218,0.000096,0.005522,0.001714,0.000000,0.003213,0.000520,0.000032,0.000107,0.008926
2,2,9,"q9_case2",1079,256,2304,589824,589824,1,275969,1048576,2,1,589824,589107,0.000399,0.000000,0.000328,0.000020,0.000278,0.000418,0.000196,0.000930,0.001516,0.001885,0.000091,0.004825,0.001479,0.000000,0.002853,0.000438,0.000029,0.000109,0.007911
2,2,9,"q9_case2",1080,256,2304,589824,589824,1,276225,1048576,2,1,589824,589151,0.000374,0.000000,0.000274,0.000033,0.000268,0.000414,0.000222,0.001254,0.001786,0.001901,0.000072,0.005072,0.001594,0.000000,0.003103,0.000439,0.000026,0.000098,0.008202
2,2,9,"q9_case2",1081,256,2304,589824,589824,1,276481,1048576,2,1,589824,589258,0.000585,0.000000,0.003183,0.000027,0.000273,0.000418,0.000270,0.001110,0.001850,0.002000,0.000100,0.008324,0.001728,0.000000,0.006228,0.000588,0.000026,0.000112,0.011799
2,2,9,"q9_case2",1082,256,2304,589824,589824,1,276737,1048576,2,1,589824,589337,0.000604,0.000000,0.000307,0.000056,0.000294,0.000423,0.000236,0.001061,0.001683,0.001880,0.000086,0.005243,0.001926,0.000000,0.003282,0.000466,0.000029,0.000112,0.008744
2,2,9,"q9_case2",1083,256,2304,589824,589824,1,276993,1048576,2,1,589824,589417,0.000568,0.000000,0.000433,0.000028,0.000311,0.000418,0.000254,0.001090,0.001779,0.001981,0.000087,0.005464,0.001496,0.000000,0.003399,0.000458,0.000032,0.000121,0.008662
2,2,9,"q9_case2",1084,256,2304,589824,589824,1,277249,1048576,2,1,589824,589385,0.000589,0.000000,0.000321,0.000052,0.000283,0.000431,0.000234,0.000962,0.001625,0.001805,0.000086,0.005123,0.001910,0.000000,0.003237,0.000492,0.000034,0.000115,0.008928
2,2,9,"q9_case2",1085,256,2304,589824,589824,1,277505,1048576,2,1,589824,589389,0.000486,0.000000,0.005043,0.000021,0.000284,0.000420,0.000193,0.000993,0.001544,0.001680,0.000069,0.009400,0.001493,0.000000,0.007654,0.000438,0.000020,0.000085,0.012364
2,2,9,"q9_case2",1086,256,2304,589824,589824,1,277761,1048576,2,1,589824,589381,0.000365,0.000000,0.000308,0.000020,0.000281,0.000444,0.000209,0.000890,0.001551,0.001689,0.000046,0.004534,0.001356,0.000000,0.002802,0.000429,0.000021,0.000078,0.007280
2,2,9,"q9_case2",1087,256,2304,589824,589824,1,278017,1048576,2,1,589824,589488,0.000363,0.000000,0.000417,0.000019,0.000266,0.000408,0.000184,0.000872,0.001418,0.001386,0.000047,0.004172,0.001340,0.000000,0.002742,0.000416,0.000015,0.000093,0.006732
2,2,9,"q9_case2",1088,256,2304,589824,589824,1,278273,1048576,2,1,589824,589319,0.000360,0.000000,0.000277,0.000018,0.000282,0.000443,0.000164,0.000876,0.001462,0.001755,0.000047,0.004409,0.001323,0.000000,0.002610,0.000460,0.000022,0.000078,0.007118
2,2,9,"q9_case2",1089,256,2304,589824,589824,1,278529,1048576,2,1,589824,589448,0.000367,0.000000,0.000278,0.000022,0.000261,0.000409,0.000194,0.001266,0.001723,0.001749,0.000071,0.004860,0.001376,0.000000,0.003045,0.000524,0.000021,0.000107,0.007595
2,2,9,"q9_case2",1090,256,2304,589824,589824,1,278785,1048576,2,1,589824,589315,0.000573,0.000000,0.000321,0.000026,0.000277,0.000456,0.000257,0.001155,0.001798,0.001749,0.000050,0.005214,0.001892,0.000000,0.003419,0.000554,0.000024,0.000076,0.008809
2,2,9,"q9_case2",1091,256,2304,589824,589824,1,279041,1048576,2,1,589824,589472,0.000365,0.000000,0.000298,0.000021,0.000278,0.000439,0.000231,0.000963,0.001613,0.001612,0.000054,0.004549,0.001367,0.000000,0.002886,0.000452,0.000018,0.000114,0.007373
2,2,9,"q9_case2",1092,256,2304,589824,589824,1,279297,1048576,2,1,589824,589449,0.000372,0.000000,0.000246,0.000024,0.000271,0.000418,0.000204,0.001138,0.001702,0.001767,0.000086,0.004837,0.001411,0.000000,0.002988,0.000509,0.000042,0.000111,0.007619
2,2,9,"q9_case2",1093,256,2304,589824,589824,1,279553,1048576,2,1,589824,589312,0.000378,0.000000,0.000326,0.000034,0.000259,0.000450,0.000199,0.000944,0.001539,0.001760,0.000076,0.004656,0.001545,0.000000,0.002823,0.000485,0.000023,0.000133,0.007697
2,2,9,"q9_case2",1094,256,2304,589824,589824,1,279809,1048576,2,1,589824,589455,0.000395,0.000000,0.000278,0.000020,0.000259,0.000438,0.000151,0.000967,0.001480,0.001543,0.000047,0.004355,0.001710,0.000000,0.002769,0.000444,0.000024,0.000077,0.007369
2,2,9,"q9_case2",1095,256,2304,589824,589824,1,280065,1048576,2,1,589824,589324,0.000389,0.000000,0.000275,0.000027,0.000342,0.000411,0.000260,0.001058,0.001752,0.001445,0.000046,0.004540,0.001384,0.000000,0.003052,0.000419,0.000016,0.000079,0.007162
2,2,9,"q9_case2",1096,256,2304,589824,589824,1,280321,1048576,2,1,589824,589274,0.000552,0.000000,0.001505,0.000022,0.000295,0.000451,0.000318,0.000918,0.001647,0.001546,0.000048,0.005885,0.001353,0.000000,0.004294,0.000416,0.000021,0.000087,0.008569
2,2,9,"q9_case2",1097,256,2304,589824,589824,1,280577,1048576,2,1,589824,589474,0.000379,0.000000,0.000262,0.000020,0.000255,0.000412,0.000256,0.000891,0.001515,0.001444,0.000048,0.004217,0.001613,0.000000,0.002728,0.000433,0.000019,0.000099,0.007081
2,2,9,"q9_case2",1098,256,2304,589824,589824,1,280833,1048576,2,1,589824,589324,0.000356,0.000000,0.000286,0.000020,0.000270,0.000442,0.000235,0.000872,0.001525,0.001481,0.000049,0.004216,0.001321,0.000000,0.002689,0.000432,0.000022,0.000074,0.006898
2,2,9,"q9_case2",1099,256,2304,589824,589824,1,281089,1048576,2,1,589824,589481,0.000403,0.000000,0.000350,0.000022,0.000265,0.000416,0.000259,0.000972,0.001522,0.001425,0.000051,0.004409,0.001434,0.000000,0.002936,0.000429,0.000022,0.000083,0.007088
2,2,9,"q9_case2",1100,256,2304,589824,589824,1,281345,1048576,2,1,589824,589322,0.000374,0.000000,0.000304,0.000017,0.000276,0.000438,0.000183,0.000996,0.001540,0.001930,0.000072,0.004805,0.001385,0.000000,0.002807,0.000557,0.000026,0.000106,0.008049
2,2,9,"q9_case2",1101,256,2304,589824,589824,1,281601,1048576,2,1,589824,589454,0.000382,0.000000,0.000319,0.000019,0.000290,0.000407,0.000271,0.000927,0.001569,0.001457,0.000053,0.004357,0.001630,0.000000,0.002850,0.000438,0.000017,0.000092,0.007269
2,2,9,"q9_case2",1102,256,2304,589824,589824,1,281857,1048576,2,1,589824,589318,0.000361,0.000000,0.000372,0.000022,0.000264,0.000442,0.000184,0.000977,0.001584,0.001826,0.000062,0.004754,0.001401,0.000000,0.002870,0.000425,0.000026,0.000086,0.007800
2,2,9,"q9_case2",1103,256,2304,589824,589824,1,282113,1048576,2,1,589824,589442,0.000581,0.000000,0.000282,0.000022,0.000260,0.000406,0.000274,0.001264,0.001825,0.001965,0.000073,0.005432,0.001478,0.000000,0.003397,0.000576,0.000023,0.000109,0.008581
2,2,9,"q9_case2",1104,256,2304,589824,589824,1,282369,1048576,2,1,589824,589289,0.000369,0.000000,0.000261,0.000020,0.000260,0.000445,0.000299,0.000986,0.001664,0.002041,0.000067,0.004914,0.001664,0.000000,0.002808,0.000448,0.000020,0.000091,0.008018
2,2,9,"q9_case2",1105,256,2304,589824,589824,1,282625,1048576,2,1,589824,589467,0.000363,0.000000,0.000360,0.000020,0.000265,0.000411,0.000240,0.000918,0.001538,0.001517,0.000057,0.004430,0.001681,0.000000,0.002858,0.000433,0.000033,0.000099,0.007505
2,2,9,"q9_case2",1106,256,2304,589824,589824,1,282881,1048576,2,1,589824,589292,0.000362,0.000000,0.000331,0.000044,0.000296,0.000440,0.000238,0.000901,0.001523,0.001676,0.000045,0.004521,0.001410,0.000000,0.002803,0.000418,0.000022,0.000074,0.007326
2,2,9,"q9_case2",1107,256,2304,589824,589824,1,283137,1048576,2,1,589824,589463,0.000389,0.000000,0.000299,0.000019,0.000281,0.000403,0.000258,0.000897,0.001521,0.001391,0.000043,0.004157,0.001333,0.000000,0.002726,0.000429,0.000015,0.000078,0.006693
2,2,9,"q9_case2",1108,256,2304,589824,589824,1,283393,1048576,2,1,589824,589320,0.000356,0.000000,0.000289,0.000018,0.000269,0.000445,0.000176,0.000892,0.001510,0.001597,0.000042,0.004310,0.001322,0.000000,0.002672,0.000436,0.000021,0.000078,0.007052
2,2,9,"q9_case2",1109,256,2304,589824,589824,1,283649,1048576,2,1,589824,589468,0.000362,0.000000,0.003194,0.000020,0.000273,0.000403,0.000193,0.000916,0.001511,0.001422,0.000044,0.007039,0.001324,0.000000,0.005575,0.000418,0.000015,0.000087,0.009615
2,2,9,"q9_case2",1110,256,2304,589824,589824,1,283905,1048576,2,1,589824,589318,0.000471,0.000000,0.000343,0.000018,0.000276,0.000441,0.000221,0.000952,0.001639,0.001776,0.000049,0.004913,0.001359,0.000000,0.003090,0.000455,0.000023,0.000075,0.007783
2,2,9,"q9_case2",1111,256,2304,589824,589824,1,284161,1048576,2,1,589824,589469,0.000379,0.000000,0.000299,0.000023,0.000284,0.000402,0.000298,0.000908,0.001530,0.001363,0.000045,0.004223,0.001395,0.000000,0.002818,0.000472,0.000020,0.000076,0.006885
2,2,9,"q9_case2",1112,256,2304,589824,589824,1,284417,1048576,2,1,589824,589316,0.000373,0.000000,0.000277,0.000023,0.000261,0.000451,0.000238,0.000932,0.001604,0.001762,0.000047,0.004607,0.001329,0.000000,0.002800,0.000442,0.000020,0.000079,0.007378
2,2,9,"q9_case2",1113,256,2304,589824,589824,1,284673,1048576,2,1,589824,589440,0.000374,0.000000,0.000291,0.000018,0.000315,0.000402,0.000248,0.001151,0.001743,0.001923,0.000083,0.005074,0.001427,0.000000,0.003071,0.000566,0.000022,0.000121,0.008150
2,2,9,"q9_case2",1114,256,2304,589824,589824,1,284929,1048576,2,1,589824,589316,0.000368,0.000000,0.000362,0.000029,0.000284,0.000452,0.000211,0.000901,0.001524,0.001723,0.000050,0.004580,0.001670,0.000000,0.002811,0.000435,0.000022,0.000082,0.007709
2,2,9,"q9_case2",1115,256,2304,589824,589824,1,285185,1048576,2,1,589824,589434,0.000634,0.000000,0.000891,0.000050,0.000465,0.000448,0.000420,0.000992,0.002171,0.001568,0.000052,0.006152,0.001690,0.000000,0.004536,0.000414,0.000018,0.000082,0.009285
2,2,9,"q9_case2",1116,256,2304,589824,589824,1,285441,1048576,2,1,589824,589311,0.000466,0.000000,0.000721,0.000043,0.000423,0.000495,0.000432,0.000914,0.002272,0.001922,0.000057,0.006092,0.001414,0.000000,0.004116,0.000417,0.000023,0.000084,0.008962
2,2,9,"q9_case2",1117,256,2304,589824,589824,1,285697,1048576,2,1,589824,589465,0.000361,0.000000,0.000671,0.000042,0.000424,0.000451,0.000397,0.001009,0.002216,0.001551,0.000051,0.005507,0.001526,0.000000,0.003908,0.000432,0.000016,0.000082,0.008354
2,2,9,"q9_case2",1118,256,2304,589824,589824,1,285953,1048576,2,1,589824,589314,0.000559,0.000000,0.000873,0.000049,0.000480,0.000509,0.000462,0.001383,0.002809,0.002502,0.000058,0.007525,0.001362,0.000000,0.004968,0.000580,0.000025,0.000098,0.010958
2,2,9,"q9_case2",1119,256,2304,589824,589824,1,286209,1048576,2,1,589824,589436,0.000393,0.000000,0.003394,0.000041,0.000377,0.000463,0.000433,0.001190,0.002407,0.001713,0.000061,0.008676,0.001427,0.000000,0.006905,0.000481,0.000024,0.000108,0.011626
2,2,9,"q9_case2",1120,256,2304,589824,589824,1,286465,1048576,2,1,589824,589314,0.000440,0.000000,0.000620,0.000060,0.000409,0.000460,0.000412,0.001002,0.002134,0.001754,0.000067,0.005873,0.001408,0.000000,0.004057,0.000443,0.000023,0.000085,0.008773
2,2,9,"q9_case2",1121,256,2304,589824,589824,1,286721,1048576,2,1,589824,589117,0.000362,0.000000,0.000603,0.000046,0.000514,0.000485,0.000393,0.000914,0.002221,0.001714,0.000057,0.005652,0.001359,0.000000,0.003883,0.000416,0.000016,0.000082,0.008464
2,2,9,"q9_case2",1122,256,2304,589824,589824,1,286977,1048576,2,1,589824,589349,0.000368,0.000000,0.000702,0.000057,0.000401,0.000465,0.000432,0.000961,0.002209,0.001712,0.000056,0.005711,0.001543,0.000000,0.003946,0.000461,0.000022,0.000098,0.008818
2,2,9,"q9_case2",1123,256,2304,589824,589824,1,287233,1048576,2,1,589824,589327,0.000360,0.000000,0.000611,0.000050,0.000362,0.000470,0.000363,0.000986,0.001971,0.001795,0.000049,0.005521,0.001347,0.000000,0.003681,0.000410,0.000017,0.000082,0.008346
2,2,9,"q9_case2",1124,256,2304,589824,589824,1,287489,1048576,2,1,589824,589356,0.000395,0.000000,0.000694,0.000054,0.000540,0.000445,0.000381,0.001012,0.002412,0.002114,0.000093,0.006370,0.001364,0.000000,0.004165,0.000504,0.000033,0.000095,0.009636
2,2,9,"q9_case2",1125,256,2304,589824,589824,1,287745,1048576,2,1,589824,589333,0.000388,0.000000,0.000586,0.000069,0.000378,0.000471,0.000422,0.001121,0.002285,0.001706,0.000075,0.005864,0.001504,0.000000,0.004086,0.000441,0.000023,0.000089,0.008983
2,2,9,"q9_case2",1126,256,2304,589824,589824,1,288001,1048576,2,1,589824,589330,0.000390,0.000000,0.000635,0.000042,0.000350,0.000455,0.000372,0.000974,0.002076,0.001864,0.000123,0.005753,0.001542,0.000000,0.003769,0.000425,0.000033,0.000132,0.008800
2,2,9,"q9_case2",1127,256,2304,589824,589824,1,288257,1048576,2,1,589824,589303,0.000372,0.000000,0.000599,0.000051,0.000379,0.000485,0.000438,0.001276,0.002832,0.001826,0.000061,0.006518,0.001600,0.000000,0.004634,0.000416,0.000020,0.000089,0.009742
2,2,9,"q9_case2",1128,256,2304,589824,589824,1,288513,1048576,2,1,589824,589304,0.000360,0.000000,0.000567,0.000046,0.000351,0.000459,0.000401,0.000967,0.002042,0.001758,0.000049,0.005496,0.001521,0.000000,0.003691,0.000457,0.000023,0.000085,0.008461
2,2,9,"q9_case2",1129,256,2304,589824,589824,1,288769,1048576,2,1,589824,589284,0.000365,0.000000,0.000525,0.000047,0.000375,0.000474,0.000378,0.001071,0.002207,0.001900,0.000172,0.005896,0.001407,0.000000,0.003827,0.000413,0.000032,0.000145,0.008953
2,2,9,"q9_case2",1130,256,2304,589824,589824,1,289025,1048576,2,1,589824,589289,0.000571,0.000000,0.000333,0.000031,0.000267,0.000414,0.000233,0.001044,0.001656,0.001937,0.000089,0.005203,0.001833,0.000000,0.003180,0.000584,0.000029,0.000091,0.009005
2,2,9,"q9_case2",1131,256,2304,589824,589824,1,289281,1048576,2,1,589824,589334,0.000583,0.000000,0.000352,0.000020,0.000281,0.000443,0.000242,0.001335,0.001701,0.002291,0.000087,0.005969,0.001614,0.000000,0.003597,0.000572,0.000047,0.000122,0.009752
2,2,9,"q9_case2",1132,256,2304,589824,589824,1,289537,1048576,2,1,589824,589341,0.000364,0.000000,0.003495,0.000044,0.000393,0.000470,0.000424,0.001378,0.002541,0.001750,0.000074,0.009168,0.001444,0.000000,0.007348,0.000586,0.000026,0.000092,0.012276
2,2,9,"q9_case2",1133,256,2304,589824,589824,1,289793,1048576,2,1,589824,589313,0.000385,0.000000,0.000861,0.000064,0.000490,0.000476,0.000430,0.001173,0.002687,0.002253,0.000111,0.006996,0.001445,0.000000,0.004636,0.000457,0.000027,0.000119,0.010059
2,2,9,"q9_case2",1134,256,2304,589824,589824,1,290049,1048576,2,1,589824,589309,0.000625,0.000000,0.000732,0.000056,0.000421,0.000499,0.000449,0.001026,0.002365,0.001814,0.000062,0.006313,0.002011,0.000000,0.004440,0.000424,0.000029,0.000104,0.009773
2,2,9,"q9_case2",1135,256,2304,589824,589824,1,290305,1048576,2,1,589824,589280,0.000568,0.000000,0.000714,0.000053,0.000481,0.000492,0.000422,0.001067,0.002318,0.001843,0.000089,0.006392,0.001766,0.000000,0.004465,0.000497,0.000025,0.000136,0.009720
2,2,9,"q9_case2",1136,256,2304,589824,589824,1,290561,1048576,2,1,589824,589280,0.000523,0.000000,0.000895,0.000052,0.000470,0.000478,0.000439,0.000927,0.002321,0.001653,0.000061,0.006093,0.001708,0.000000,0.004382,0.000421,0.000023,0.000094,0.009253
2,2,9,"q9_case2",1137,256,2304,589824,589824,1,290817,1048576,2,1,589824,589235,0.000519,0.000000,0.000692,0.000055,0.000480,0.000484,0.000459,0.000935,0.002321,0.001612,0.000055,0.005873,0.001392,0.000000,0.004208,0.000423,0.000017,0.000090,0.008638
2,2,9,"q9_case2",1138,256,2304,589824,589824,1,291073,1048576,2,1,589824,589240,0.000363,0.000000,0.000632,0.000042,0.000346,0.000501,0.000403,0.001006,0.002284,0.001723,0.000074,0.005683,0.001348,0.000000,0.003889,0.000497,0.000029,0.000105,0.008579
2,2,9,"q9_case2",1139,256,2304,589824,589824,1,291329,1048576,2,1,589824,589432,0.000472,0.000000,0.000888,0.000051,0.000461,0.000487,0.000526,0.001025,0.002539,0.001544,0.000078,0.006263,0.001734,0.000000,0.004645,0.000436,0.000025,0.000115,0.009244
2,2,9,"q9_case2",1140,256,2304,589824,589824,1,291585,1048576,2,1,589824,589373,0.000373,0.000000,0.005636,0.000048,0.000476,0.000508,0.000438,0.001308,0.002931,0.001741,0.000084,0.011475,0.001401,0.000000,0.009655,0.000425,0.000027,0.000090,0.014116
2,2,9,"q9_case2",1141,256,2304,589824,589824,1,291841,1048576,2,1,589824,589472,0.000373,0.000000,0.000600,0.000052,0.000373,0.000497,0.000376,0.000954,0.002159,0.001393,0.000048,0.005369,0.001474,0.000000,0.003931,0.000416,0.000016,0.000103,0.008048
2,2,9,"q9_case2",1142,256,2304,589824,589824,1,292097,1048576,2,1,589824,589452,0.000385,0.000000,0.000709,0.000066,0.000350,0.000465,0.000411,0.001374,0.002288,0.001319,0.000046,0.005727,0.001347,0.000000,0.004365,0.000467,0.000021,0.000082,0.008281
2,2,9,"q9_case2",1143,256,2304,589824,589824,1,292353,1048576,2,1,589824,589392,0.000368,0.000000,0.000583,0.000046,0.000389,0.000505,0.000422,0.000852,0.002119,0.001450,0.000059,0.005187,0.001327,0.000000,0.003680,0.000425,0.000016,0.000097,0.007773
2,2,9,"q9_case2",1144,256,2304,589824,589824,1,292609,1048576,2,1,589824,589456,0.000585,0.000000,0.000757,0.000047,0.000390,0.000499,0.000401,0.001118,0.002208,0.001968,0.000086,0.006407,0.001520,0.000000,0.004357,0.000590,0.000030,0.000114,0.009554
2,2,9,"q9_case2",1145,256,2304,589824,589824,1,292865,1048576,2,1,589824,589471,0.000562,0.000001,0.000719,0.000010,0.000486,0.000480,0.000470,0.001150,0.002615,0.001469,0.000073,0.006379,0.001942,0.000000,0.004841,0.000441,0.000020,0.000101,0.009648
2,2,9,"q9_case2",1146,256,2304,589824,589824,1,293121,1048576,2,1,589824,589366,0.000389,0.000000,0.000766,0.000055,0.000392,0.000505,0.000446,0.000915,0.002240,0.001414,0.000060,0.005498,0.001413,0.000000,0.004027,0.000419,0.000025,0.000089,0.008075
2,2,9,"q9_case2",1147,256,2304,589824,589824,1,293377,1048576,2,1,589824,589434,0.000364,0.000000,0.000602,0.000044,0.000368,0.000509,0.000396,0.000917,0.002077,0.001342,0.000044,0.005108,0.001363,0.000000,0.003725,0.000415,0.000015,0.000085,0.007612
2,2,9,"q9_case2",1148,256,2304,589824,589824,1,293633,1048576,2,1,589824,589459,0.000381,0.000000,0.000481,0.000035,0.000332,0.000427,0.000320,0.000906,0.001817,0.001325,0.000043,0.004633,0.001387,0.000000,0.003268,0.000419,0.000021,0.000084,0.007448
2,2,9,"q9_case2",1149,256,2304,589824,589824,1,293889,1048576,2,1,589824,589326,0.000363,0.000000,0.000533,0.000044,0.000357,0.000497,0.000474,0.000999,0.002280,0.001508,0.000068,0.005464,0.001327,0.000000,0.003891,0.000464,0.000021,0.000132,0.008310
2,2,9,"q9_case2",1150,256,2304,589824,589824,1,294145,1048576,2,1,589824,589470,0.000469,0.000000,0.000577,0.000046,0.000379,0.000461,0.000406,0.001104,0.002137,0.001409,0.000055,0.005515,0.001757,0.000000,0.004054,0.000626,0.000024,0.000084,0.008860
2,2,9,"q9_case2",1151,256,2304,589824,589824,1,294401,1048576,2,1,589824,589332,0.000366,0.000000,0.001618,0.000049,0.000332,0.000490,0.000389,0.000925,0.001999,0.001437,0.000047,0.006197,0.001351,0.000000,0.004716,0.000658,0.000016,0.000077,0.008993
2,2,9,"q9_case2",1152,256,2304,589824,589824,1,294657,1048576,2,1,589824,589497,0.000369,0.000000,0.000589,0.000044,0.000337,0.000448,0.000399,0.000894,0.002009,0.001315,0.000044,0.004937,0.001333,0.000000,0.003580,0.000425,0.000020,0.000085,0.007422
2,2,9,"q9_case2",1153,256,2304,589824,589824,1,294913,1048576,2,1,589824,589362,0.000379,0.000000,0.000636,0.000048,0.000424,0.000521,0.000478,0.000929,0.002499,0.001757,0.000077,0.006087,0.001379,0.000000,0.004256,0.000483,0.000030,0.000129,0.009051
2,2,9,"q9_case2",1154,256,2304,589824,589824,1,295169,1048576,2,1,589824,589477,0.000496,0.000000,0.000375,0.000024,0.000285,0.000411,0.000284,0.001134,0.001812,0.001746,0.000082,0.005239,0.001851,0.000000,0.003416,0.000487,0.000031,0.000103,0.008671
2,2,9,"q9_case2",1155,256,2304,589824,589824,1,295425,1048576,2,1,589824,589334,0.000440,0.000000,0.000444,0.000025,0.000315,0.000453,0.000245,0.001028,0.001711,0.001554,0.000056,0.004867,0.001643,0.000000,0.003260,0.000449,0.000021,0.000097,0.007805
2,2,9,"q9_case2",1156,256,2304,589824,589824,1,295681,1048576,2,1,589824,589490,0.000400,0.000000,0.000374,0.000042,0.000330,0.000409,0.000281,0.000951,0.001712,0.001612,0.000078,0.004724,0.001476,0.000000,0.003037,0.000435,0.000023,0.000096,0.007578
2,2,9,"q9_case2",1157,256,2304,589824,589824,1,295937,1048576,2,1,589824,589342,0.000437,0.000000,0.000337,0.000043,0.000305,0.000450,0.000202,0.000960,0.001612,0.001609,0.000066,0.004726,0.001666,0.000000,0.003054,0.000473,0.000018,0.000102,0.007860
2,2,9,"q9_case2",1158,256,2304,589824,589824,1,296193,1048576,2,1,589824,589478,0.000588,0.000000,0.000460,0.000023,0.000270,0.000419,0.000223,0.001282,0.001798,0.001441,0.000074,0.005045,0.001841,0.000000,0.003533,0.000489,0.000027,0.000090,0.008247
2,2,9,"q9_case2",1159,256,2304,589824,589824,1,296449,1048576,2,1,589824,589347,0.000390,0.000000,0.000341,0.000038,0.000280,0.000454,0.000225,0.001204,0.001831,0.002145,0.000082,0.005493,0.001478,0.000000,0.003270,0.000528,0.000028,0.000116,0.008730
2,2,9,"q9_case2",1160,256,2304,589824,589824,1,296705,1048576,2,1,589824,589474,0.000595,0.000000,0.000334,0.000027,0.000268,0.000417,0.000194,0.001249,0.001827,0.001734,0.000070,0.005250,0.001695,0.000000,0.003452,0.000599,0.000027,0.000100,0.008659
2,2,9,"q9_case2",1161,256,2304,589824,589824,1,296961,1048576,2,1,589824,589335,0.000393,0.000000,0.000390,0.000026,0.000272,0.000453,0.000211,0.000980,0.001665,0.001422,0.000078,0.004472,0.001418,0.000000,0.002975,0.000446,0.000025,0.000142,0.007138
2,2,9,"q9_case2",1162,256,2304,589824,589824,1,297217,1048576,2,1,589824,589505,0.000442,0.000000,0.000317,0.000023,0.000271,0.000406,0.000187,0.000963,0.001564,0.001958,0.000083,0.004998,0.001556,0.000000,0.002960,0.000525,0.000031,0.000111,0.008167
2,2,9,"q9_case2",1163,256,2304,589824,589824,1,297473,1048576,2,1,589824,589333,0.000500,0.000000,0.001794,0.000041,0.000312,0.000486,0.000201,0.000913,0.001613,0.001926,0.000125,0.006536,0.001945,0.000000,0.004489,0.000449,0.000029,0.000120,0.009873
2,2,9,"q9_case2",1164,256,2304,589824,589824,1,297729,1048576,2,1,589824,589487,0.000380,0.000000,0.000653,0.000048,0.000382,0.000464,0.000381,0.000937,0.002141,0.001495,0.000054,0.005451,0.001447,0.000000,0.003905,0.000466,0.000022,0.000087,0.008319
2,2,9,"q9_case2",1165,256,2304,589824,589824,1,297985,1048576,2,1,589824,589341,0.000366,0.000000,0.000625,0.000044,0.000375,0.000500,0.000397,0.000980,0.002109,0.001800,0.000063,0.005657,0.001350,0.000000,0.003796,0.000617,0.000025,0.000091,0.008651
2,2,9,"q9_case2",1166,256,2304,589824,589824,1,298241,1048576,2,1,589824,589485,0.000540,0.000000,0.000794,0.000065,0.000491,0.000479,0.000430,0.001292,0.002528,0.001965,0.000072,0.006951,0.001697,0.000000,0.004919,0.000521,0.000033,0.000136,0.010150
2,2,9,"q9_case2",1167,256,2304,589824,589824,1,298497,1048576,2,1,589824,589341,0.000473,0.000000,0.000679,0.000059,0.000381,0.000505,0.000458,0.000920,0.002116,0.001379,0.000054,0.005508,0.001480,0.000000,0.004078,0.000414,0.000019,0.000110,0.008236
2,2,9,"q9_case2",1168,256,2304,589824,589824,1,298753,1048576,2,1,589824,589491,0.000389,0.000000,0.000570,0.000047,0.000406,0.000506,0.000419,0.000946,0.002167,0.001675,0.000055,0.005589,0.001551,0.000000,0.003862,0.000513,0.000029,0.000096,0.008649
2,2,9,"q9_case2",1169,256,2304,589824,589824,1,299009,1048576,2,1,589824,589403,0.000549,0.000000,0.000699,0.000054,0.000471,0.000541,0.000442,0.000938,0.002278,0.001722,0.000082,0.006088,0.001523,0.000000,0.004288,0.000432,0.000023,0.000108,0.008824
2,2,9,"q9_case2",1170,256,2304,589824,589824,1,299265,1048576,2,1,589824,589271,0.000473,0.000000,0.000606,0.000052,0.000363,0.000461,0.000395,0.001007,0.002069,0.001482,0.000059,0.005424,0.001756,0.000000,0.003886,0.000435,0.000024,0.000103,0.008528
2,2,9,"q9_case2",1171,256,2304,589824,589824,1,299521,1048576,2,1,589824,589275,0.000430,0.000000,0.000750,0.000046,0.000420,0.000495,0.000361,0.001103,0.002082,0.001763,0.000097,0.006016,0.001414,0.000000,0.004161,0.000440,0.000026,0.000114,0.008731
2,2,9,"q9_case2",1172,256,2304,589824,589824,1,299777,1048576,2,1,589824,589490,0.000442,0.000000,0.001828,0.000060,0.000452,0.000514,0.000484,0.001014,0.002347,0.001756,0.000090,0.007265,0.001858,0.000000,0.005422,0.000434,0.000034,0.000119,0.010427
2,2,9,"q9_case2",1173,256,2304,589824,589824,1,300033,1048576,2,1,589824,589344,0.000378,0.000000,0.000680,0.000052,0.000463,0.000524,0.000484,0.001030,0.002485,0.001625,0.000057,0.005950,0.001428,0.000000,0.004271,0.000413,0.000018,0.000096,0.008691
2,2,9,"q9_case2",1174,256,2304,589824,589824,1,300289,1048576,2,1,589824,589489,0.000535,0.000000,0.000868,0.000048,0.000353,0.000500,0.000414,0.001006,0.002303,0.001462,0.000053,0.005837,0.001486,0.000000,0.004326,0.000460,0.000029,0.000129,0.008645
2,2,9,"q9_case2",1175,256,2304,589824,589824,1,300545,1048576,2,1,589824,589332,0.000363,0.000000,0.000599,0.000042,0.000363,0.000477,0.000372,0.000923,0.002014,0.001816,0.000068,0.005554,0.001398,0.000000,0.003672,0.000556,0.000021,0.000115,0.008798
2,2,9,"q9_case2",1176,256,2304,589824,589824,1,300801,1048576,2,1,589824,589488,0.000529,0.000000,0.000625,0.000053,0.000385,0.000466,0.000391,0.001074,0.002173,0.001336,0.000056,0.005521,0.001786,0.000000,0.004132,0.000448,0.000022,0.000083,0.008598
2,2,9,"q9_case2",1177,256,2304,589824,589824,1,301057,1048576,2,1,589824,589342,0.000363,0.000000,0.000531,0.000047,0.000362,0.000455,0.000387,0.000916,0.001993,0.001443,0.000046,0.005090,0.001336,0.000000,0.003604,0.000414,0.000016,0.000082,0.007699
2,2,9,"q9_case2",1178,256,2304,589824,589824,1,301313,1048576,2,1,589824,589165,0.000371,0.000000,0.000724,0.000049,0.000468,0.000488,0.000452,0.001026,0.002346,0.001960,0.000095,0.006289,0.001510,0.000000,0.004237,0.000432,0.000025,0.000121,0.009253
2,2,9,"q9_case2",1179,256,2304,589824,589824,1,301569,1048576,2,1,589824,589021,0.000585,0.000000,0.000851,0.000134,0.000496,0.000490,0.000385,0.000976,0.002411,0.001762,0.000068,0.006446,0.001935,0.000000,0.004619,0.000475,0.000019,0.000086,0.009932
2,2,9,"q9_case2",1180,256,2304,589824,589824,1,301825,1048576,2,1,589824,589044,0.000392,0.000000,0.000593,0.000065,0.000350,0.000471,0.000364,0.001074,0.002194,0.001880,0.000162,0.005987,0.001675,0.000000,0.003947,0.000429,0.000025,0.000091,0.009085
2,2,9,"q9_case2",1181,256,2304,589824,589824,1,302081,1048576,2,1,589824,589062,0.000631,0.000001,0.000405,0.000039,0.000308,0.000424,0.000264,0.001282,0.001975,0.001886,0.000105,0.005702,0.002126,0.000000,0.003717,0.000579,0.000028,0.000129,0.009713
2,2,9,"q9_case2",1182,256,2304,589824,589824,1,302337,1048576,2,1,589824,589076,0.000615,0.000000,0.000393,0.000041,0.000288,0.000416,0.000279,0.001042,0.001823,0.002010,0.000173,0.005575,0.001931,0.000000,0.003395,0.000428,0.000027,0.000100,0.008994
2,2,9,"q9_case2",1183,256,2304,589824,589824,1,302593,1048576,2,1,589824,589120,0.000474,0.000001,0.001313,0.000029,0.000316,0.000416,0.000225,0.001261,0.001821,0.002008,0.000123,0.006502,0.001486,0.000000,0.004377,0.000550,0.000028,0.000121,0.009952
2,2,9,"q9_case2",1184,256,2304,589824,589824,1,302849,1048576,2,1,589824,589189,0.000467,0.000000,0.000501,0.000021,0.000326,0.000454,0.000204,0.000949,0.001766,0.001606,0.000075,0.004848,0.001980,0.000000,0.003171,0.000479,0.000028,0.000092,0.008242
2,2,9,"q9_case2",1185,256,2304,589824,589824,1,303105,1048576,2,1,589824,589271,0.000409,0.000001,0.000353,0.000022,0.000266,0.000409,0.000195,0.000917,0.001448,0.001614,0.000061,0.004478,0.001398,0.000000,0.002806,0.000420,0.000018,0.000085,0.007283
2,2,9,"q9_case2",1186,256,2304,589824,589824,1,303361,1048576,2,1,589824,589333,0.000499,0.000000,0.000333,0.000020,0.000270,0.000460,0.000199,0.001058,0.001725,0.001762,0.000075,0.004984,0.001562,0.000000,0.003150,0.000509,0.000039,0.000131,0.008120
2,2,9,"q9_case2",1187,256,2304,589824,589824,1,303617,1048576,2,1,589824,589386,0.000387,0.000000,0.000280,0.000021,0.000269,0.000406,0.000196,0.001186,0.001677,0.002076,0.000068,0.005160,0.001664,0.000000,0.003020,0.000544,0.000021,0.000112,0.008756
2,2,9,"q9_case2",1188,256,2304,589824,589824,1,303873,1048576,2,1,589824,589329,0.000420,0.000000,0.000335,0.000022,0.000261,0.000456,0.000254,0.000869,0.001529,0.001428,0.000058,0.004340,0.001363,0.000000,0.002857,0.000444,0.000023,0.000094,0.006976
2,2,9,"q9_case2",1189,256,2304,589824,589824,1,304129,1048576,2,1,589824,589393,0.000390,0.000000,0.000297,0.000051,0.000322,0.000414,0.000190,0.000893,0.001534,0.002195,0.000089,0.005086,0.001383,0.000000,0.002804,0.000526,0.000029,0.000126,0.008497
2,2,9,"q9_case2",1190,256,2304,589824,589824,1,304385,1048576,2,1,589824,589304,0.000367,0.000000,0.000363,0.000023,0.000265,0.000407,0.000223,0.001169,0.001663,0.001858,0.000075,0.005005,0.001409,0.000000,0.003075,0.000544,0.000028,0.000111,0.008217
2,2,9,"q9_case2",1191,256,2304,589824,589824,1,304641,1048576,2,1,589824,589175,0.000586,0.000000,0.000359,0.000026,0.000272,0.000405,0.000204,0.000998,0.001578,0.001968,0.000086,0.005149,0.001927,0.000000,0.003098,0.000487,0.000022,0.000113,0.008743
2,2,9,"q9_case2",1192,256,2304,589824,589824,1,304897,1048576,2,1,589824,589136,0.000438,0.000000,0.000342,0.000023,0.000315,0.000448,0.000293,0.000986,0.001776,0.001572,0.000061,0.004805,0.001393,0.000000,0.003175,0.000432,0.000024,0.000094,0.007564
2,2,9,"q9_case2",1193,256,2304,589824,589824,1,305153,1048576,2,1,589824,589302,0.000363,0.000000,0.000310,0.000020,0.000318,0.000452,0.000234,0.000852,0.001566,0.001206,0.000046,0.004015,0.001419,0.000000,0.002766,0.000503,0.000016,0.000076,0.006693
2,2,9,"q9_case2",1194,256,2304,589824,589824,1,305409,1048576,2,1,589824,589371,0.000372,0.000000,0.000266,0.000031,0.000266,0.000444,0.000180,0.000889,0.001512,0.001259,0.000047,0.003993,0.001343,0.000000,0.002689,0.000434,0.000028,0.000111,0.006446
2,2,9,"q9_case2",1195,256,2304,589824,589824,1,305665,1048576,2,1,589824,589368,0.000361,0.000000,0.000311,0.000017,0.000282,0.000398,0.000252,0.001029,0.001651,0.001957,0.000079,0.004924,0.001336,0.000000,0.002890,0.000427,0.000022,0.000113,0.007742
2,2,9,"q9_case2",1196,256,2304,589824,589824,1,305921,1048576,2,1,589824,589306,0.000603,0.000000,0.000339,0.000022,0.000263,0.000410,0.000273,0.000880,0.001527,0.001441,0.000055,0.004549,0.001705,0.000000,0.003055,0.000421,0.000021,0.000091,0.007509
2,2,9,"q9_case2",1197,256,2304,589824,589824,1,306177,1048576,2,1,589824,589242,0.000371,0.000000,0.000254,0.000033,0.000265,0.000453,0.000292,0.000955,0.001612,0.001772,0.000071,0.004701,0.001372,0.000000,0.002860,0.000534,0.000022,0.000103,0.007655
2,2,9,"q9_case2",1198,256,2304,589824,589824,1,306433,1048576,2,1,589824,589494,0.000394,0.000000,0.001857,0.000020,0.000305,0.000403,0.000246,0.000923,0.001593,0.001499,0.000053,0.005999,0.001828,0.000000,0.004449,0.000419,0.000027,0.000103,0.009165
2,2,9,"q9_case2",1199,256,2304,589824,589824,1,306689,1048576,2,1,589824,589323,0.000371,0.000000,0.000322,0.000021,0.000261,0.000409,0.000183,0.000882,0.001434,0.001475,0.000051,0.004250,0.001377,0.000000,0.002726,0.000415,0.000016,0.000076,0.006947
2,2,9,"q9_case2",1200,256,2304,589824,589824,1,306945,1048576,2,1,589824,589305,0.000360,0.000000,0.000304,0.000019,0.000295,0.000444,0.000250,0.000983,0.001626,0.001563,0.000054,0.004547,0.001392,0.000000,0.002933,0.000468,0.000021,0.000079,0.007267
2,2,9,"q9_case2",1201,256,2304,589824,589824,1,307201,1048576,2,1,589824,589382,0.000397,0.000000,0.000301,0.000020,0.000275,0.000396,0.000269,0.000994,0.001570,0.001486,0.000050,0.004362,0.001397,0.000000,0.002830,0.000439,0.000016,0.000083,0.007174
2,2,9,"q9_case2",1202,256,2304,589824,589824,1,307457,1048576,2,1,589824,589318,0.000363,0.000000,0.000302,0.000018,0.000279,0.000404,0.000217,0.000878,0.001468,0.001488,0.000057,0.004246,0.001317,0.000000,0.002704,0.000422,0.000506,0.000106,0.007379
2,2,9,"q9_case2",1203,256,2304,589824,589824,1,307713,1048576,2,1,589824,589311,0.000366,0.000000,0.000306,0.000046,0.000283,0.000410,0.000231,0.001301,0.001865,0.002250,0.000083,0.005552,0.001921,0.000000,0.003223,0.000575,0.000028,0.000135,0.009515
2,2,9,"q9_case2",1204,256,2304,589824,589824,1,307969,1048576,2,1,589824,589316,0.000430,0.000000,0.000319,0.000023,0.000274,0.000448,0.000263,0.000950,0.001595,0.001726,0.000056,0.004807,0.001885,0.000000,0.003027,0.000428,0.000028,0.000107,0.008114
2,2,9,"q9_case2",1205,256,2304,589824,589824,1,308225,1048576,2,1,589824,589420,0.000538,0.000000,0.000342,0.000021,0.000265,0.000407,0.000264,0.001014,0.001628,0.001830,0.000066,0.005037,0.001699,0.000000,0.003144,0.000446,0.000019,0.000096,0.008425
2,2,9,"q9_case2",1206,256,2304,589824,589824,1,308481,1048576,2,1,589824,589442,0.000591,0.000000,0.000322,0.000042,0.000383,0.000448,0.000267,0.001084,0.001876,0.001739,0.000088,0.005252,0.001747,0.000000,0.003428,0.000461,0.000029,0.000117,0.008414
2,2,9,"q9_case2",1207,256,2304,589824,589824,1,308737,1048576,2,1,589824,589463,0.000378,0.000000,0.000322,0.000021,0.000274,0.000405,0.000280,0.001121,0.001769,0.001523,0.000060,0.004675,0.001526,0.000000,0.003095,0.000510,0.000019,0.000132,0.007662
2,2,9,"q9_case2",1208,256,2304,589824,589824,1,308993,1048576,2,1,589824,589328,0.000371,0.000000,0.001319,0.000025,0.000272,0.000458,0.000218,0.000866,0.001525,0.001437,0.000065,0.005293,0.001437,0.000000,0.003794,0.000415,0.000023,0.000081,0.007859
2,2,9,"q9_case2",1209,256,2304,589824,589824,1,309249,1048576,2,1,589824,589416,0.000363,0.000000,0.000353,0.000022,0.000270,0.000397,0.000193,0.001208,0.001740,0.001556,0.000061,0.004739,0.001359,0.000000,0.003126,0.000586,0.000017,0.000085,0.007855
2,2,9,"q9_case2",1210,256,2304,589824,589824,1,309505,1048576,2,1,589824,589318,0.000533,0.000000,0.000306,0.000021,0.000283,0.000465,0.000254,0.001007,0.001618,0.001572,0.000099,0.004872,0.001524,0.000000,0.003206,0.000495,0.000031,0.000112,0.007633
2,2,9,"q9_case2",1211,256,2304,589824,589824,1,309761,1048576,2,1,589824,589296,0.000363,0.000000,0.000365,0.000027,0.000299,0.000405,0.000287,0.001037,0.001747,0.001979,0.000103,0.005125,0.001789,0.000000,0.003047,0.000437,0.000027,0.000142,0.008480
2,2,9,"q9_case2",1212,256,2304,589824,589824,1,310017,1048576,2,1,589824,589276,0.000549,0.000000,0.000295,0.000028,0.000318,0.000431,0.000218,0.001117,0.001733,0.002022,0.000074,0.005344,0.001781,0.000000,0.003252,0.000462,0.000026,0.000089,0.008665
2,2,9,"q9_case2",1213,256,2304,589824,589824,1,310273,1048576,2,1,589824,589389,0.000439,0.000000,0.000344,0.000028,0.000295,0.000412,0.000262,0.001014,0.001596,0.001856,0.000058,0.004929,0.001607,0.000000,0.003019,0.000451,0.000023,0.000117,0.008129
2,2,9,"q9_case2",1214,256,2304,589824,589824,1,310529,1048576,2,1,589824,589378,0.000384,0.000000,0.000335,0.000019,0.000268,0.000439,0.000201,0.000958,0.001584,0.001532,0.000062,0.004454,0.001429,0.000000,0.002863,0.000439,0.000023,0.000103,0.007206
2,2,9,"q9_case2",1215,256,2304,589824,589824,1,310785,1048576,2,1,589824,589499,0.000375,0.000000,0.000361,0.000021,0.000274,0.000398,0.000239,0.000892,0.001607,0.001579,0.000051,0.004476,0.001437,0.000000,0.002848,0.000427,0.000016,0.000089,0.007232
2,2,9,"q9_case2",1216,256,2304,589824,589824,1,311041,1048576,2,1,589824,589386,0.000392,0.000000,0.000296,0.000021,0.000327,0.000412,0.000257,0.000994,0.001624,0.001670,0.000079,0.004646,0.001355,0.000000,0.002899,0.000438,0.000025,0.000109,0.007455
2,2,9,"q9_case2",1217,256,2304,589824,589824,1,311297,1048576,2,1,589824,589341,0.000392,0.000000,0.000289,0.000022,0.000273,0.000463,0.000220,0.000912,0.001573,0.001392,0.000045,0.004223,0.001339,0.000000,0.002789,0.000417,0.000015,0.000079,0.006741
2,2,9,"q9_case2",1218,256,2304,589824,589824,1,311553,1048576,2,1,589824,589490,0.000361,0.000000,0.000521,0.000021,0.000388,0.000408,0.000266,0.000933,0.001647,0.001468,0.000048,0.004588,0.001333,0.000000,0.003075,0.000444,0.000022,0.000103,0.007342
2,2,9,"q9_case2",1219,256,2304,589824,589824,1,311809,1048576,2,1,589824,589387,0.000364,0.000000,0.000289,0.000019,0.000269,0.000455,0.000263,0.001039,0.001646,0.001977,0.000071,0.005000,0.001440,0.000000,0.002955,0.000572,0.000024,0.000133,0.008085
2,2,9,"q9_case2",1220,256,2304,589824,589824,1,312065,1048576,2,1,589824,589468,0.000571,0.000000,0.000284,0.000033,0.000307,0.000408,0.000194,0.001075,0.001691,0.001575,0.000059,0.004765,0.001916,0.000000,0.003134,0.000409,0.000021,0.000079,0.007977
2,2,9,"q9_case2",1221,256,2304,589824,589824,1,312321,1048576,2,1,589824,589337,0.000379,0.000000,0.000328,0.000018,0.000289,0.000453,0.000288,0.000921,0.001655,0.001630,0.000046,0.004612,0.001370,0.000000,0.002939,0.000414,0.000016,0.000080,0.007306
2,2,9,"q9_case2",1222,256,2304,589824,589824,1,312577,1048576,2,1,589824,589405,0.000364,0.000000,0.000326,0.000026,0.000266,0.000405,0.000280,0.001024,0.001598,0.001669,0.000057,0.004670,0.001428,0.000000,0.002948,0.000420,0.000025,0.000092,0.007438
2,2,9,"q9_case2",1223,256,2304,589824,589824,1,312833,1048576,2,1,589824,589371,0.000538,0.000000,0.000272,0.000022,0.000277,0.000455,0.000162,0.000898,0.001487,0.001632,0.000067,0.004567,0.001348,0.000000,0.002870,0.000495,0.000027,0.000085,0.007373
2,2,9,"q9_case2",1224,256,2304,589824,589824,1,313089,1048576,2,1,589824,589510,0.000366,0.000000,0.000330,0.000019,0.000301,0.000402,0.000274,0.000975,0.001631,0.001548,0.000046,0.004522,0.001350,0.000000,0.002931,0.000469,0.000021,0.000076,0.007258
2,2,9,"q9_case2",1225,256,2304,589824,589824,1,313345,1048576,2,1,589824,589338,0.000359,0.000000,0.000302,0.000022,0.000263,0.000461,0.000266,0.000892,0.001584,0.001593,0.000045,0.004404,0.001353,0.000000,0.002768,0.000440,0.000015,0.000081,0.007177
2,2,9,"q9_case2",1226,256,2304,589824,589824,1,313601,1048576,2,1,589824,589489,0.000371,0.000000,0.000456,0.000020,0.000269,0.000453,0.000234,0.000892,0.001548,0.001143,0.000043,0.004098,0.001429,0.000000,0.002914,0.000431,0.000021,0.000101,0.006607
2,2,9,"q9_case2",1227,256,2304,589824,589824,1,313857,1048576,2,1,589824,589407,0.000356,0.000000,0.000276,0.000021,0.000283,0.000396,0.000280,0.000882,0.001540,0.001490,0.000045,0.004273,0.001324,0.000000,0.002740,0.000418,0.000020,0.000080,0.006922
2,2,9,"q9_case2",1228,256,2304,589824,589824,1,314113,1048576,2,1,589824,589327,0.000458,0.000000,0.000363,0.000022,0.000277,0.000464,0.000202,0.000998,0.001601,0.001480,0.000072,0.004637,0.001430,0.000000,0.003089,0.000498,0.000025,0.000100,0.007351
2,2,9,"q9_case2",1229,256,2304,589824,589824,1,314369,1048576,2,1,589824,589481,0.000357,0.000000,0.000478,0.000045,0.000325,0.000403,0.000234,0.000907,0.001643,0.001616,0.000066,0.004645,0.001332,0.000000,0.002966,0.000431,0.000019,0.000080,0.007344
2,2,9,"q9_case2",1230,256,2304,589824,589824,1,314625,1048576,2,1,589824,589364,0.000400,0.000000,0.000316,0.000021,0.000289,0.000447,0.000247,0.001227,0.001817,0.001752,0.000067,0.005040,0.001520,0.000000,0.003224,0.000551,0.000028,0.000123,0.008265
2,2,9,"q9_case2",1231,256,2304,589824,589824,1,314881,1048576,2,1,589824,589356,0.000398,0.000000,0.000287,0.000024,0.000291,0.000395,0.000204,0.000916,0.001554,0.001525,0.000049,0.004423,0.001512,0.000000,0.002851,0.000413,0.000017,0.000079,0.007254
2,2,9,"q9_case2",1232,256,2304,589824,589824,1,315137,1048576,2,1,589824,589327,0.000395,0.000000,0.000432,0.000022,0.000335,0.000406,0.000205,0.000905,0.001627,0.001576,0.000048,0.004569,0.001376,0.000000,0.002948,0.000430,0.000023,0.000088,0.007408
2,2,9,"q9_case2",1233,256,2304,589824,589824,1,315393,1048576,2,1,589824,589268,0.000360,0.000000,0.000457,0.000020,0.000262,0.000447,0.000229,0.000938,0.001727,0.001618,0.000050,0.004618,0.001591,0.000000,0.002953,0.000412,0.000017,0.000093,0.007596
2,2,9,"q9_case2",1234,256,2304,589824,589824,1,315649,1048576,2,1,589824,589329,0.000398,0.000000,0.000419,0.000017,0.000264,0.000396,0.000227,0.000896,0.001509,0.001528,0.000049,0.004407,0.001417,0.000000,0.002832,0.000423,0.000023,0.000078,0.007104
2,2,9,"q9_case2",1235,256,2304,589824,589824,1,315905,1048576,2,1,589824,589329,0.000365,0.000000,0.000306,0.000019,0.000261,0.000404,0.000185,0.000909,0.001460,0.001728,0.000044,0.004447,0.001334,0.000000,0.002678,0.000502,0.000015,0.000076,0.007313
2,2,9,"q9_case2",1236,256,2304,589824,589824,1,316161,1048576,2,1,589824,589113,0.000362,0.000000,0.000306,0.000022,0.000419,0.000406,0.000202,0.001148,0.001909,0.001805,0.000058,0.005035,0.001338,0.000000,0.003175,0.000509,0.000025,0.000098,0.007881
2,2,9,"q9_case2",1237,256,2304,589824,589824,1,316417,1048576,2,1,589824,589117,0.000566,0.000000,0.001464,0.000021,0.000306,0.000408,0.000222,0.001314,0.001888,0.001858,0.000092,0.006507,0.001500,0.000000,0.004560,0.000538,0.000031,0.000124,0.009799
2,2,9,"q9_case2",1238,256,2304,589824,589824,1,316673,1048576,2,1,589824,589214,0.000602,0.000000,0.000365,0.000064,0.000282,0.000414,0.000209,0.000927,0.001537,0.001750,0.000083,0.005022,0.001584,0.000000,0.003192,0.000503,0.000027,0.000109,0.008333
2,2,9,"q9_case2",1239,256,2304,589824,589824,1,316929,1048576,2,1,589824,589291,0.000634,0.000000,0.000466,0.000028,0.000275,0.000410,0.000216,0.001129,0.001647,0.001670,0.000067,0.005132,0.001951,0.000000,0.003397,0.000514,0.000029,0.000100,0.008588
2,2,9,"q9_case2",1240,256,2304,589824,589824,1,317185,1048576,2,1,589824,589441,0.000374,0.000000,0.000305,0.000023,0.000285,0.000461,0.000246,0.000909,0.001585,0.001866,0.000079,0.004824,0.001375,0.000000,0.002883,0.000434,0.000028,0.000116,0.007461
2,2,9,"q9_case2",1241,256,2304,589824,589824,1,317441,1048576,2,1,589824,589476,0.000505,0.000000,0.000429,0.000024,0.000320,0.000461,0.000216,0.001284,0.002015,0.001923,0.000082,0.005584,0.001885,0.000000,0.003583,0.000558,0.000025,0.000114,0.009081
2,2,9,"q9_case2",1242,256,2304,589824,589824,1,317697,1048576,2,1,589824,589380,0.000571,0.000000,0.000385,0.000025,0.000280,0.000401,0.000234,0.001246,0.001826,0.002005,0.000079,0.005480,0.001910,0.000000,0.003400,0.000559,0.000029,0.000116,0.009142
2,2,9,"q9_case2",1243,256,2304,589824,589824,1,317953,1048576,2,1,589824,589416,0.000581,0.000000,0.000345,0.000030,0.000315,0.000478,0.000266,0.001249,0.002003,0.002117,0.000070,0.005746,0.001908,0.000000,0.003562,0.000570,0.000024,0.000116,0.009473
2,2,9,"q9_case2",1244,256,2304,589824,589824,1,318209,1048576,2,1,589824,589510,0.000577,0.000000,0.000338,0.000023,0.000287,0.000470,0.000217,0.001230,0.001808,0.001550,0.000107,0.005051,0.001922,0.000000,0.003398,0.000571,0.000030,0.000149,0.008610
2,2,9,"q9_case2",1245,256,2304,589824,589824,1,318465,1048576,2,1,589824,589324,0.000496,0.000000,0.000342,0.000041,0.000324,0.000408,0.000210,0.001123,0.001726,0.002024,0.000096,0.005370,0.001722,0.000000,0.003256,0.000544,0.000027,0.000124,0.008916
2,2,9,"q9_case2",1246,256,2304,589824,589824,1,318721,1048576,2,1,589824,589343,0.000577,0.000000,0.000986,0.000037,0.000298,0.000456,0.000223,0.001243,0.001855,0.002246,0.000109,0.006469,0.001950,0.000000,0.004118,0.000573,0.000039,0.000129,0.010392
2,2,9,"q9_case2",1247,256,2304,589824,589824,1,318977,1048576,2,1,589824,589501,0.000580,0.000001,0.000355,0.000046,0.000319,0.000468,0.000256,0.001174,0.001801,0.001785,0.000100,0.005372,0.001949,0.000000,0.003493,0.000604,0.000027,0.000142,0.009036
2,2,9,"q9_case2",1248,256,2304,589824,589824,1,319233,1048576,2,1,589824,589337,0.000625,0.000000,0.000237,0.000029,0.000280,0.000458,0.000191,0.001084,0.001659,0.001860,0.000096,0.005071,0.001984,0.000000,0.003119,0.000576,0.000032,0.000135,0.008731
2,2,9,"q9_case2",1249,256,2304,589824,589824,1,319489,1048576,2,1,589824,589323,0.000619,0.000000,0.000430,0.000026,0.000272,0.000402,0.000217,0.001346,0.001853,0.001755,0.000079,0.005496,0.001968,0.000000,0.003666,0.000580,0.000019,0.000098,0.009387
2,2,9,"q9_case2",1250,256,2304,589824,589824,1,319745,1048576,2,1,589824,589366,0.000378,0.000001,0.000576,0.000027,0.000271,0.000406,0.000210,0.000898,0.001423,0.001400,0.000053,0.004436,0.001510,0.000000,0.002986,0.000413,0.000022,0.000092,0.007185
2,2,9,"q9_case2",1251,256,2304,589824,589824,1,320001,1048576,2,1,589824,589492,0.000374,0.000000,0.000282,0.000019,0.000267,0.000444,0.000241,0.000925,0.001556,0.001662,0.000065,0.004530,0.001487,0.000000,0.002806,0.000438,0.000023,0.000133,0.007433
2,2,9,"q9_case2",1252,256,2304,589824,589824,1,320257,1048576,2,1,589824,589508,0.000366,0.000000,0.000262,0.000020,0.000265,0.000401,0.000230,0.000913,0.001520,0.001780,0.000068,0.004543,0.001407,0.000000,0.002699,0.000432,0.000026,0.000121,0.007321
2,2,9,"q9_case2",1253,256,2304,589824,589824,1,320513,1048576,2,1,589824,589399,0.000567,0.000000,0.001258,0.000023,0.000277,0.000411,0.000221,0.001230,0.001804,0.001483,0.000051,0.005788,0.001834,0.000000,0.004257,0.000515,0.000017,0.000085,0.009062
2,2,9,"q9_case2",1254,256,2304,589824,589824,1,320769,1048576,2,1,589824,589415,0.000521,0.000000,0.000286,0.000023,0.000268,0.000458,0.000236,0.001120,0.001710,0.001298,0.000047,0.004546,0.001354,0.000000,0.003203,0.000467,0.000022,0.000079,0.007104
2,2,9,"q9_case2",1255,256,2304,589824,589824,1,321025,1048576,2,1,589824,589502,0.000361,0.000000,0.000328,0.000021,0.000323,0.000392,0.000274,0.000880,0.001564,0.001527,0.000051,0.004416,0.001321,0.000000,0.002840,0.000443,0.000018,0.000086,0.007121
2,2,9,"q9_case2",1256,256,2304,589824,589824,1,321281,1048576,2,1,589824,589387,0.000535,0.000000,0.000295,0.000024,0.000305,0.000449,0.000219,0.000949,0.001583,0.001552,0.000048,0.004604,0.001599,0.000000,0.003007,0.000432,0.000022,0.000086,0.007532
2,2,9,"q9_case2",1257,256,2304,589824,589824,1,321537,1048576,2,1,589824,589348,0.000380,0.000000,0.000288,0.000020,0.000270,0.000400,0.000235,0.000926,0.001542,0.001445,0.000046,0.004274,0.001365,0.000000,0.002784,0.000427,0.000017,0.000087,0.007087
2,2,9,"q9_case2",1258,256,2304,589824,589824,1,321793,1048576,2,1,589824,589406,0.000496,0.000000,0.000514,0.000021,0.000275,0.000462,0.000250,0.000827,0.001524,0.001394,0.000064,0.004527,0.001394,0.000000,0.003072,0.000410,0.000026,0.000101,0.007088
2,2,9,"q9_case2",1259,256,2304,589824,589824,1,322049,1048576,2,1,589824,589444,0.000362,0.000000,0.000300,0.000019,0.000279,0.000398,0.000153,0.000907,0.001454,0.001602,0.000046,0.004329,0.001571,0.000000,0.002684,0.000425,0.000015,0.000079,0.007168
2,2,9,"q9_case2",1260,256,2304,589824,589824,1,322305,1048576,2,1,589824,589343,0.000376,0.000000,0.000293,0.000021,0.000294,0.000402,0.000306,0.000841,0.001507,0.001342,0.000047,0.004164,0.001369,0.000000,0.002778,0.000415,0.000021,0.000082,0.006726
2,2,9,"q9_case2",1261,256,2304,589824,589824,1,322561,1048576,2,1,589824,589491,0.000359,0.000000,0.000349,0.000018,0.000291,0.000476,0.000190,0.000892,0.001527,0.001524,0.000045,0.004348,0.001352,0.000000,0.002781,0.000428,0.000015,0.000097,0.007026
2,2,9,"q9_case2",1262,256,2304,589824,589824,1,322817,1048576,2,1,589824,589505,0.000422,0.000000,0.000298,0.000019,0.000299,0.000423,0.000299,0.000960,0.001686,0.001636,0.000062,0.004678,0.001343,0.000000,0.002983,0.000467,0.000023,0.000085,0.007430
2,2,9,"q9_case2",1263,256,2304,589824,589824,1,323073,1048576,2,1,589824,589334,0.000390,0.000000,0.000327,0.000022,0.000324,0.000476,0.000248,0.001172,0.001855,0.001729,0.000055,0.005121,0.001336,0.000000,0.003341,0.000553,0.000017,0.000085,0.008228
2,2,9,"q9_case2",1264,256,2304,589824,589824,1,323329,1048576,2,1,589824,589448,0.000413,0.000000,0.000345,0.000030,0.000296,0.000430,0.000200,0.000977,0.001599,0.001443,0.000075,0.004464,0.001567,0.000000,0.002949,0.000449,0.000022,0.000091,0.007337
2,2,9,"q9_case2",1265,256,2304,589824,589824,1,323585,1048576,2,1,589824,589336,0.000368,0.000000,0.000313,0.000022,0.000270,0.000403,0.000235,0.000902,0.001466,0.001783,0.000076,0.004645,0.001389,0.000000,0.002788,0.000470,0.000023,0.000131,0.007549
2,2,9,"q9_case2",1266,256,2304,589824,589824,1,323841,1048576,2,1,589824,589226,0.000392,0.000000,0.000331,0.000022,0.000267,0.000450,0.000228,0.000988,0.001627,0.001825,0.000061,0.004806,0.001510,0.000000,0.002923,0.000503,0.000023,0.000083,0.008101
2,2,9,"q9_case2",1267,256,2304,589824,589824,1,324097,1048576,2,1,589824,589397,0.000377,0.000000,0.000309,0.000021,0.000267,0.000425,0.000188,0.000917,0.001487,0.001451,0.000044,0.004210,0.001375,0.000000,0.002717,0.000427,0.000016,0.000082,0.006832
2,2,9,"q9_case2",1268,256,2304,589824,589824,1,324353,1048576,2,1,589824,589383,0.000387,0.000000,0.000299,0.000019,0.000288,0.000400,0.000290,0.000937,0.001560,0.001544,0.000048,0.004438,0.001345,0.000000,0.002849,0.000462,0.000021,0.000082,0.007117
2,2,9,"q9_case2",1269,256,2304,589824,589824,1,324609,1048576,2,1,589824,589346,0.000422,0.000000,0.000346,0.000019,0.000262,0.000450,0.000185,0.000898,0.001454,0.001378,0.000077,0.004262,0.001332,0.000000,0.002810,0.000469,0.000025,0.000126,0.006889
2,2,9,"q9_case2",1270,256,2304,589824,589824,1,324865,1048576,2,1,589824,589449,0.000371,0.000000,0.000377,0.000020,0.000260,0.000420,0.000239,0.000894,0.001526,0.001683,0.000056,0.004547,0.001364,0.000000,0.002810,0.000539,0.000022,0.000084,0.007378
2,2,9,"q9_case2",1271,256,2304,589824,589824,1,325121,1048576,2,1,589824,589347,0.000369,0.000000,0.000389,0.000026,0.000274,0.000459,0.000264,0.000977,0.001692,0.001492,0.000060,0.004591,0.001837,0.000000,0.003042,0.000434,0.000023,0.000102,0.007803
2,2,9,"q9_case2",1272,256,2304,589824,589824,1,325377,1048576,2,1,589824,589492,0.000371,0.000000,0.000296,0.000020,0.000277,0.000423,0.000192,0.000850,0.001436,0.001661,0.000060,0.004407,0.001495,0.000000,0.002688,0.000465,0.000024,0.000083,0.007312
2,2,9,"q9_case2",1273,256,2304,589824,589824,1,325633,1048576,2,1,589824,589369,0.000397,0.000000,0.000369,0.000022,0.000275,0.000466,0.000226,0.000834,0.001567,0.001344,0.000056,0.004219,0.001343,0.000000,0.002821,0.000436,0.000020,0.000101,0.006657
2,2,9,"q9_case2",1274,256,2304,589824,589824,1,325889,1048576,2,1,589824,589379,0.000557,0.000000,0.000283,0.000049,0.000272,0.000406,0.000217,0.000915,0.001517,0.002111,0.000060,0.005128,0.001366,0.000000,0.002959,0.000442,0.000026,0.000084,0.007973
2,2,9,"q9_case2",1275,256,2304,589824,589824,1,326145,1048576,2,1,589824,589388,0.000427,0.000000,0.000313,0.000021,0.000266,0.000455,0.000260,0.000918,0.001582,0.001718,0.000051,0.004704,0.001355,0.000000,0.002938,0.000424,0.000016,0.000083,0.007469
2,2,9,"q9_case2",1276,256,2304,589824,589824,1,326401,1048576,2,1,589824,589439,0.000376,0.000000,0.000349,0.000048,0.000300,0.000397,0.000157,0.000979,0.001538,0.002004,0.000073,0.004907,0.001546,0.000000,0.002834,0.000423,0.000022,0.000086,0.007948
2,2,9,"q9_case2",1277,256,2304,589824,589824,1,326657,1048576,2,1,589824,589321,0.000423,0.000000,0.000425,0.000027,0.000267,0.000452,0.000190,0.001062,0.001620,0.001497,0.000086,0.004820,0.001551,0.000000,0.003240,0.000522,0.000036,0.000128,0.007810
2,2,9,"q9_case2",1278,256,2304,589824,589824,1,326913,1048576,2,1,589824,589339,0.000382,0.000000,0.000393,0.000025,0.000296,0.000523,0.000277,0.001062,0.001812,0.001494,0.000081,0.004792,0.001648,0.000000,0.003223,0.000462,0.000025,0.000093,0.007672
2,2,9,"q9_case2",1279,256,2304,589824,589824,1,327169,1048576,2,1,589824,589345,0.000403,0.000000,0.000284,0.000026,0.000300,0.000411,0.000265,0.000948,0.001626,0.001574,0.000058,0.004564,0.001546,0.000000,0.002935,0.000456,0.000020,0.000096,0.007624
2,2,9,"q9_case2",1280,256,2304,589824,589824,1,327425,1048576,2,1,589824,589287,0.000551,0.000001,0.000307,0.000065,0.000313,0.000452,0.000242,0.001180,0.001816,0.002045,0.000089,0.005560,0.001714,0.000000,0.003431,0.000561,0.000032,0.000115,0.008995
2,2,9,"q9_case2",1281,256,2304,589824,589824,1,327681,1048576,2,1,589824,589460,0.000603,0.000000,0.000328,0.000026,0.000299,0.000401,0.000233,0.000915,0.001572,0.001452,0.000057,0.004679,0.001897,0.000000,0.003174,0.000440,0.000018,0.000089,0.007915
2,2,9,"q9_case2",1282,256,2304,589824,589824,1,327937,1048576,2,1,589824,589375,0.000361,0.000000,0.000256,0.000021,0.000298,0.000458,0.000210,0.000832,0.001482,0.001296,0.000050,0.004002,0.001365,0.000000,0.002658,0.000438,0.000021,0.000088,0.006493
2,2,9,"q9_case2",1283,256,2304,589824,589824,1,328193,1048576,2,1,589824,589420,0.000553,0.000000,0.000281,0.000049,0.000295,0.000402,0.000195,0.001035,0.001555,0.001640,0.000067,0.004814,0.001581,0.000000,0.003111,0.000476,0.000021,0.000127,0.007886
2,2,9,"q9_case2",1284,256,2304,589824,589824,1,328449,1048576,2,1,589824,589368,0.000471,0.000000,0.000287,0.000020,0.000266,0.000463,0.000164,0.000965,0.001524,0.001370,0.000055,0.004279,0.001493,0.000000,0.002857,0.000443,0.000026,0.000096,0.006979
2,2,9,"q9_case2",1285,256,2304,589824,589824,1,328705,1048576,2,1,589824,589429,0.000471,0.000000,0.000400,0.000022,0.000272,0.000400,0.000227,0.000993,0.001696,0.001563,0.000054,0.004771,0.001479,0.000000,0.003157,0.000458,0.000018,0.000095,0.007593
2,2,9,"q9_case2",1286,256,2304,589824,589824,1,328961,1048576,2,1,589824,589362,0.000468,0.000000,0.000520,0.000020,0.000270,0.000456,0.000208,0.001002,0.001570,0.001591,0.000058,0.004801,0.001479,0.000000,0.003156,0.000450,0.000022,0.000100,0.007629
2,2,9,"q9_case2",1287,256,2304,589824,589824,1,329217,1048576,2,1,589824,589385,0.000374,0.000000,0.000375,0.000021,0.000266,0.000453,0.000235,0.001007,0.001553,0.001401,0.000069,0.004485,0.001522,0.000000,0.003018,0.000531,0.000016,0.000110,0.007424
2,2,9,"q9_case2",1288,256,2304,589824,589824,1,329473,1048576,2,1,589824,589425,0.000557,0.000000,0.000352,0.000022,0.000272,0.000456,0.000200,0.001128,0.001689,0.001505,0.000092,0.004816,0.001602,0.000000,0.003223,0.000538,0.000032,0.000115,0.007812
2,2,9,"q9_case2",1289,256,2304,589824,589824,1,329729,1048576,2,1,589824,589346,0.000569,0.000000,0.000367,0.000029,0.000292,0.000506,0.000264,0.001109,0.001764,0.001574,0.000072,0.004987,0.001588,0.000000,0.003346,0.000568,0.000024,0.000100,0.008191
2,2,9,"q9_case2",1290,256,2304,589824,589824,1,329985,1048576,2,1,589824,589340,0.000396,0.000000,0.000286,0.000025,0.000291,0.000463,0.000177,0.001204,0.001746,0.001571,0.000066,0.004750,0.001427,0.000000,0.003116,0.000433,0.000025,0.000108,0.007587
2,2,9,"q9_case2",1291,256,2304,589824,589824,1,330241,1048576,2,1,589824,589432,0.000564,0.000000,0.000504,0.000021,0.000270,0.000500,0.000206,0.001256,0.001888,0.002000,0.000085,0.005669,0.001508,0.000000,0.003588,0.000528,0.000024,0.000120,0.008950
2,2,9,"q9_case2",1292,256,2304,589824,589824,1,330497,1048576,2,1,589824,589317,0.000377,0.000000,0.000303,0.000023,0.000266,0.000431,0.000216,0.000938,0.001545,0.001763,0.000067,0.004670,0.001737,0.000000,0.002843,0.000429,0.000023,0.000092,0.007882
2,2,9,"q9_case2",1293,256,2304,589824,589824,1,330753,1048576,2,1,589824,589482,0.000430,0.000000,0.000318,0.000021,0.000273,0.000485,0.000251,0.000891,0.001613,0.001710,0.000058,0.004689,0.001474,0.000000,0.002924,0.000453,0.000018,0.000091,0.007631
2,2,9,"q9_case2",1294,256,2304,589824,589824,1,331009,1048576,2,1,589824,589335,0.000367,0.000000,0.000364,0.000021,0.000290,0.000421,0.000233,0.000888,0.001552,0.001547,0.000049,0.004383,0.001334,0.000000,0.002790,0.000436,0.000021,0.000088,0.007115
2,2,9,"q9_case2",1295,256,2304,589824,589824,1,331265,1048576,2,1,589824,589438,0.000365,0.000000,0.000329,0.000020,0.000262,0.000425,0.000266,0.000901,0.001612,0.001402,0.000046,0.004265,0.001316,0.000000,0.002820,0.000423,0.000015,0.000082,0.006821
2,2,9,"q9_case2",1296,256,2304,589824,589824,1,331521,1048576,2,1,589824,589333,0.000363,0.000000,0.000285,0.000021,0.000278,0.000452,0.000271,0.000942,0.001681,0.001234,0.000062,0.004222,0.001423,0.000000,0.002929,0.000429,0.000033,0.000104,0.006841
2,2,9,"q9_case2",1297,256,2304,589824,589824,1,331777,1048576,2,1,589824,589523,0.000420,0.000000,0.000380,0.000031,0.000316,0.000416,0.000241,0.001139,0.001746,0.001674,0.000058,0.004950,0.001510,0.000000,0.003221,0.000552,0.000017,0.000090,0.008056
2,2,9,"q9_case2",1298,256,2304,589824,589824,1,332033,1048576,2,1,589824,589335,0.000401,0.000000,0.000354,0.000023,0.000318,0.000462,0.000226,0.000857,0.001685,0.001294,0.000069,0.004337,0.001638,0.000000,0.002977,0.000421,0.000026,0.000111,0.007043
2,2,9,"q9_case2",1299,256,2304,589824,589824,1,332289,1048576,2,1,589824,589541,0.000363,0.000000,0.003018,0.000022,0.000268,0.000447,0.000200,0.000937,0.001526,0.001330,0.000060,0.006852,0.001517,0.000000,0.005466,0.000438,0.000019,0.000086,0.009544
2,2,9,"q9_case2",1300,256,2304,589824,589824,1,332545,1048576,2,1,589824,589390,0.000565,0.000000,0.000358,0.000025,0.000282,0.000466,0.000186,0.001210,0.001787,0.001839,0.000072,0.005245,0.001624,0.000000,0.003338,0.000550,0.000029,0.000139,0.008429
2,2,9,"q9_case2",1301,256,2304,589824,589824,1,332801,1048576,2,1,589824,589398,0.000440,0.000000,0.000268,0.000049,0.000314,0.000460,0.000217,0.001034,0.001616,0.001435,0.000078,0.004549,0.001632,0.000000,0.003038,0.000524,0.000022,0.000116,0.007488
2,2,9,"q9_case2",1302,256,2304,589824,589824,1,333057,1048576,2,1,589824,589345,0.000543,0.000000,0.000343,0.000029,0.000278,0.000516,0.000209,0.001247,0.001864,0.001629,0.000073,0.005150,0.001724,0.000000,0.003453,0.000549,0.000027,0.000093,0.008216
2,2,9,"q9_case2",1303,256,2304,589824,589824,1,333313,1048576,2,1,589824,589374,0.000573,0.000000,0.000404,0.000025,0.000285,0.000458,0.000180,0.000885,0.001550,0.001411,0.000081,0.004575,0.001943,0.000000,0.003086,0.000505,0.000021,0.000106,0.007829
2,2,9,"q9_case2",1304,256,2304,589824,589824,1,333569,1048576,2,1,589824,589348,0.000524,0.000000,0.000445,0.000045,0.000268,0.000488,0.000206,0.000913,0.001597,0.001373,0.000054,0.004578,0.001378,0.000000,0.003154,0.000463,0.000023,0.000113,0.007137
2,2,9,"q9_case2",1305,256,2304,589824,589824,1,333825,1048576,2,1,589824,589363,0.000459,0.000000,0.000294,0.000020,0.000264,0.000457,0.000236,0.000875,0.001528,0.001482,0.000061,0.004368,0.001635,0.000000,0.002828,0.000471,0.000024,0.000105,0.007200
2,2,9,"q9_case2",1306,256,2304,589824,589824,1,334081,1048576,2,1,589824,589362,0.000366,0.000000,0.000383,0.000023,0.000265,0.000478,0.000252,0.001118,0.001720,0.001253,0.000052,0.004405,0.001435,0.000000,0.003103,0.000524,0.000023,0.000086,0.007111
2,2,9,"q9_case2",1307,256,2304,589824,589824,1,334337,1048576,2,1,589824,589357,0.000362,0.000000,0.000318,0.000021,0.000263,0.000412,0.000247,0.000879,0.001494,0.001554,0.000048,0.004300,0.001361,0.000000,0.002700,0.000424,0.000015,0.000088,0.007000
2,2,9,"q9_case2",1308,256,2304,589824,589824,1,334593,1048576,2,1,589824,589313,0.000381,0.000000,0.000362,0.000020,0.000277,0.000459,0.000218,0.000945,0.001609,0.002042,0.000060,0.005008,0.001387,0.000000,0.002910,0.000430,0.000031,0.000099,0.007838
2,2,9,"q9_case2",1309,256,2304,589824,589824,1,334849,1048576,2,1,589824,589439,0.000379,0.000000,0.000315,0.000019,0.000275,0.000495,0.000251,0.000987,0.001686,0.001496,0.000050,0.004581,0.001371,0.000000,0.003038,0.000437,0.000016,0.000092,0.007212
2,2,9,"q9_case2",1310,256,2304,589824,589824,1,335105,1048576,2,1,589824,589377,0.000384,0.000000,0.000293,0.000054,0.000306,0.000448,0.000168,0.000836,0.001446,0.001414,0.000048,0.004182,0.001383,0.000000,0.002723,0.000425,0.000021,0.000091,0.006647
2,2,9,"q9_case2",1311,256,2304,589824,589824,1,335361,1048576,2,1,589824,589286,0.000396,0.000000,0.000281,0.000025,0.000301,0.000475,0.000204,0.000991,0.001619,0.001397,0.000078,0.004457,0.001372,0.000000,0.002985,0.000442,0.000028,0.000131,0.007038
2,2,9,"q9_case2",1312,256,2304,589824,589824,1,335617,1048576,2,1,589824,589390,0.000410,0.000000,0.000371,0.000024,0.000310,0.000415,0.000231,0.001002,0.001595,0.001492,0.000075,0.004526,0.001681,0.000000,0.002963,0.000477,0.000027,0.000089,0.007627
2,2,9,"q9_case2",1313,256,2304,589824,589824,1,335873,1048576,2,1,589824,589343,0.000364,0.000000,0.000452,0.000020,0.000263,0.000458,0.000331,0.000902,0.001773,0.001374,0.000058,0.004445,0.001353,0.000000,0.003016,0.000470,0.000016,0.000092,0.006997
2,2,9,"q9_case2",1314,256,2304,589824,589824,1,336129,1048576,2,1,589824,589504,0.000382,0.000000,0.000320,0.000023,0.000291,0.000466,0.000218,0.000868,0.001523,0.001560,0.000082,0.004416,0.001377,0.000000,0.002777,0.000420,0.000032,0.000098,0.006894
2,2,9,"q9_case2",1315,256,2304,589824,589824,1,336385,1048576,2,1,589824,589377,0.000399,0.000000,0.000323,0.000022,0.000301,0.000461,0.000243,0.000890,0.001689,0.001645,0.000091,0.004737,0.001675,0.000000,0.003004,0.000458,0.000024,0.000133,0.007607
2,2,9,"q9_case2",1316,256,2304,589824,589824,1,336641,1048576,2,1,589824,589397,0.000466,0.000000,0.000258,0.000022,0.000292,0.000675,0.000195,0.000914,0.001764,0.001456,0.000055,0.004577,0.001563,0.000000,0.003068,0.000446,0.000026,0.000097,0.007377
2,2,9,"q9_case2",1317,256,2304,589824,589824,1,336897,1048576,2,1,589824,589322,0.000619,0.000000,0.000323,0.000038,0.000306,0.000458,0.000179,0.001263,0.001756,0.001552,0.000080,0.005050,0.001915,0.000000,0.003421,0.000559,0.000022,0.000111,0.008543
2,2,9,"q9_case2",1318,256,2304,589824,589824,1,337153,1048576,2,1,589824,589515,0.000472,0.000000,0.000295,0.000024,0.000304,0.000453,0.000247,0.001124,0.001710,0.001698,0.000064,0.004952,0.001468,0.000000,0.003194,0.000567,0.000024,0.000100,0.007951
2,2,9,"q9_case2",1319,256,2304,589824,589824,1,337409,1048576,2,1,589824,589390,0.000385,0.000000,0.000293,0.000024,0.000273,0.000574,0.000223,0.001058,0.001861,0.001420,0.000056,0.004669,0.001387,0.000000,0.003196,0.000462,0.000023,0.000112,0.007291
2,2,9,"q9_case2",1320,256,2304,589824,589824,1,337665,1048576,2,1,589824,589271,0.000371,0.000000,0.000272,0.000048,0.000268,0.000648,0.000223,0.000979,0.001765,0.001470,0.000061,0.004522,0.001343,0.000000,0.002994,0.000429,0.000022,0.000108,0.007111
2,2,9,"q9_case2",1321,256,2304,589824,589824,1,337921,1048576,2,1,589824,589297,0.000393,0.000000,0.000282,0.000021,0.000295,0.000681,0.000255,0.000882,0.001803,0.001428,0.000051,0.004560,0.001329,0.000000,0.003083,0.000426,0.000016,0.000084,0.007125
2,2,9,"q9_case2",1322,256,2304,589824,589824,1,338177,1048576,2,1,589824,589292,0.000371,0.000000,0.000318,0.000040,0.000300,0.000451,0.000184,0.000835,0.001450,0.001226,0.000045,0.003963,0.001322,0.000000,0.002695,0.000409,0.000020,0.000096,0.006383
2,2,9,"q9_case2",1323,256,2304,589824,589824,1,338433,1048576,2,1,589824,589378,0.000360,0.000000,0.000335,0.000021,0.000266,0.000457,0.000240,0.000883,0.001579,0.001411,0.000045,0.004199,0.001332,0.000000,0.002745,0.000420,0.000015,0.000077,0.006783
2,2,9,"q9_case2",1324,256,2304,589824,589824,1,338689,1048576,2,1,589824,589380,0.000360,0.000000,0.000279,0.000023,0.000264,0.000559,0.000223,0.000881,0.001637,0.001508,0.000045,0.004353,0.001330,0.000000,0.002802,0.000417,0.000021,0.000085,0.006840
2,2,9,"q9_case2",1325,256,2304,589824,589824,1,338945,1048576,2,1,589824,589227,0.000493,0.000000,0.000454,0.000022,0.000266,0.000566,0.000263,0.000896,0.001704,0.001525,0.000049,0.004747,0.001549,0.000000,0.003176,0.000491,0.000016,0.000081,0.007680
2,2,9,"q9_case2",1326,256,2304,589824,589824,1,339201,1048576,2,1,589824,589223,0.000434,0.000000,0.000304,0.000022,0.000285,0.000650,0.000251,0.000837,0.001741,0.001729,0.000067,0.004843,0.001384,0.000000,0.003050,0.000443,0.000031,0.000106,0.007553
2,2,9,"q9_case2",1327,256,2304,589824,589824,1,339457,1048576,2,1,589824,589381,0.000370,0.000000,0.000279,0.000020,0.000265,0.000683,0.000290,0.000919,0.001847,0.001423,0.000053,0.004524,0.001639,0.000000,0.003049,0.000466,0.000015,0.000091,0.007436
2,2,9,"q9_case2",1328,256,2304,589824,589824,1,339713,1048576,2,1,589824,589382,0.000509,0.000000,0.001732,0.000030,0.000276,0.000466,0.000250,0.000886,0.001599,0.001709,0.000075,0.006148,0.001456,0.000000,0.004366,0.000564,0.000028,0.000113,0.009125
2,2,9,"q9_case2",1329,256,2304,589824,589824,1,339969,1048576,2,1,589824,589470,0.000571,0.000000,0.000338,0.000024,0.000286,0.000473,0.000232,0.001240,0.001886,0.001886,0.000070,0.005471,0.001755,0.000000,0.003519,0.000566,0.000024,0.000111,0.008628
2,2,9,"q9_case2",1330,256,2304,589824,589824,1,340225,1048576,2,1,589824,589397,0.000445,0.000000,0.000305,0.000057,0.000281,0.000634,0.000186,0.000868,0.001599,0.001465,0.000071,0.004517,0.001929,0.000000,0.002984,0.000513,0.000028,0.000108,0.007655
2,2,9,"q9_case2",1331,256,2304,589824,589824,1,340481,1048576,2,1,589824,589302,0.000389,0.000000,0.000329,0.000027,0.000298,0.000456,0.000210,0.000856,0.001532,0.001302,0.000049,0.004122,0.001429,0.000000,0.002772,0.000457,0.000022,0.000097,0.006661
2,2,9,"q9_case2",1332,256,2304,589824,589824,1,340737,1048576,2,1,589824,589416,0.000420,0.000000,0.000290,0.000021,0.000300,0.000491,0.000223,0.000949,0.001695,0.001488,0.000047,0.004476,0.001396,0.000000,0.002949,0.000506,0.000021,0.000082,0.007174
2,2,9,"q9_case2",1333,256,2304,589824,589824,1,340993,1048576,2,1,589824,589344,0.000363,0.000000,0.000366,0.000020,0.000287,0.000590,0.000233,0.000959,0.001693,0.001397,0.000048,0.004455,0.001366,0.000000,0.003014,0.000469,0.000015,0.000098,0.007047
2,2,9,"q9_case2",1334,256,2304,589824,589824,1,341249,1048576,2,1,589824,589281,0.000369,0.000000,0.000339,0.000018,0.000305,0.000670,0.000235,0.000902,0.001891,0.001248,0.000048,0.004456,0.001394,0.000000,0.003162,0.000435,0.000025,0.000077,0.006929
2,2,9,"q9_case2",1335,256,2304,589824,589824,1,341505,1048576,2,1,589824,589396,0.000360,0.000000,0.000286,0.000018,0.000277,0.000457,0.000273,0.000901,0.001515,0.001326,0.000043,0.004150,0.001317,0.000000,0.002785,0.000540,0.000015,0.000090,0.006803
2,2,9,"q9_case2",1336,256,2304,589824,589824,1,341761,1048576,2,1,589824,589501,0.000379,0.000000,0.004864,0.000022,0.000266,0.000464,0.000172,0.000787,0.001379,0.001215,0.000083,0.008446,0.001353,0.000000,0.007151,0.000532,0.000023,0.000110,0.011124
2,2,9,"q9_case2",1337,256,2304,589824,589824,1,342017,1048576,2,1,589824,589548,0.000371,0.000000,0.000277,0.000049,0.000292,0.000463,0.000178,0.000830,0.001489,0.001212,0.000048,0.003976,0.001641,0.000000,0.002719,0.000441,0.000021,0.000122,0.006715
2,2,9,"q9_case2",1338,256,2304,589824,589824,1,342273,1048576,2,1,589824,589373,0.000360,0.000000,0.000435,0.000019,0.000294,0.000457,0.000266,0.000854,0.001559,0.001164,0.000046,0.004124,0.001385,0.000000,0.002916,0.000416,0.000022,0.000077,0.006555
2,2,9,"q9_case2",1339,256,2304,589824,589824,1,342529,1048576,2,1,589824,589548,0.000524,0.000000,0.000300,0.000018,0.000329,0.000452,0.000280,0.000952,0.001662,0.000000,0.000000,0.003072,0.001333,0.000000,0.003075,0.000508,0.000024,0.000000,0.005572
