id,total_dist,state_hex,state_perm,mode,astar_steps,astar_path,strong_astar_steps,strong_astar_path,beam_steps,beam_path,batcher_swaps,batcher_path,batcher_ok
0,40,0x230769F8CDE541AB,"11 10 1 4 5 14 13 12 8 15 9 6 7 0 3 2",parallel_methods,21,"0-1 0-2 1-3 0-1 5-7 4-5 6-14 10-11 2-10 2-6 9-11 11-15 3-11 2-3 12-14 12-13 4-12 0-4 14-15 7-15 14-15",21,"0-1 0-2 12-14 1-3 0-1 4-5 4-6 4-12 6-14 6-7 4-6 10-11 2-10 2-6 9-11 11-15 3-11 2-3 12-13 4-12 0-4",21,"5-7 4-5 4-12 10-11 9-11 11-15 4-6 6-7 10-14 6-14 0-2 10-11 2-10 1-3 3-11 10-11 4-12 12-13 4-12 0-1 0-4",43,"0-1 2-3 12-13 0-2 1-3 4-6 9-11 12-14 0-1 4-5 6-7 8-9 12-13 14-15 3-7 8-12 4-6 5-7 8-10 9-11 2-3 4-5 6-7 8-9 10-11 3-11 4-12 5-13 6-14 7-15 1-5 2-6 3-7 8-12 1-3 4-6 8-10 12-14 0-1 4-5 10-11 12-13 14-15",1
1,36,0x0EC45D21A8736F9B,"11 9 15 6 3 7 8 10 1 2 13 5 4 12 14 0",parallel_methods,18,"0-8 1-9 0-1 2-3 3-11 3-7 4-6 2-6 2-3 4-12 5-7 8-10 8-12 11-15 10-11 2-10 0-2 12-13",18,"0-8 1-9 0-1 2-3 3-11 3-7 4-6 2-6 2-3 4-12 5-7 8-10 8-12 11-15 10-11 2-10 0-2 12-13",18,"8-9 1-9 4-6 4-12 8-10 8-12 12-13 2-3 3-11 3-7 5-7 2-6 11-15 3-11 2-3 0-2 2-10 10-11",42,"0-1 6-7 1-3 4-6 5-7 12-14 0-1 2-3 6-7 10-11 1-5 2-6 3-7 8-12 9-13 1-3 9-11 12-14 0-1 4-5 10-11 3-11 4-12 5-13 6-14 7-15 1-5 2-6 3-7 8-12 9-13 10-14 0-2 1-3 5-7 9-11 12-14 0-1 2-3 6-7 8-9 10-11",1
2,38,0x4AB3952FD8C071E6,"6 14 1 7 0 12 8 13 15 2 5 9 3 11 10 4",parallel_methods,20,"0-2 10-14 1-9 0-1 6-14 7-15 6-7 9-13 9-11 12-13 5-13 5-7 3-7 12-14 8-12 12-13 13-15 2-6 0-2 0-4",20,"0-1 0-2 0-1 0-4 13-15 4-6 4-12 4-5 5-7 3-7 5-13 8-9 8-10 2-10 8-12 4-12 4-5 9-11 10-14 11-15",20,"1-9 9-13 9-11 0-4 4-6 4-12 8-12 10-14 13-15 14-15 5-13 12-13 7-15 13-15 4-5 5-7 3-7 1-3 2-3 1-3",38,"2-3 6-7 8-9 10-11 1-3 4-6 9-11 12-14 0-1 6-7 12-13 14-15 3-7 8-12 9-13 1-3 4-6 9-11 12-14 0-1 2-3 8-9 10-11 12-13 14-15 4-12 5-13 6-14 7-15 2-6 3-7 8-12 9-11 12-14 2-3 4-5 12-13 14-15",1
3,34,0xCBF913D5280E64A7,"7 10 4 6 14 0 8 2 5 13 3 1 9 15 11 12",parallel_methods,18,"3-7 0-2 2-6 2-10 2-3 6-7 8-12 4-12 4-5 0-4 14-15 12-14 9-11 1-9 8-9 8-10 11-15 13-15",18,"13-15 0-2 2-3 2-6 2-10 3-7 2-3 8-12 4-12 4-5 0-4 12-14 12-13 9-13 9-11 1-9 8-9 8-10",18,"8-12 4-12 4-5 0-4 2-6 4-6 3-7 6-7 2-10 2-3 14-15 12-14 9-11 1-9 8-9 8-10 11-15 13-15",46,"2-3 4-5 14-15 0-2 1-3 4-6 8-10 9-11 12-14 0-1 4-5 6-7 8-9 12-13 14-15 2-6 3-7 8-12 9-13 10-14 0-2 1-3 4-6 9-11 12-14 13-15 0-1 6-7 10-11 12-13 14-15 5-13 6-14 7-15 2-6 3-7 8-12 9-13 10-14 1-3 4-6 12-14 2-3 6-7 8-9 14-15",1
4,32,0xA47D90861B3FC25E,"14 5 2 12 15 3 11 1 6 8 0 9 13 7 4 10",parallel_methods,18,"1-5 3-7 1-3 8-10 0-8 6-14 4-6 6-7 10-14 6-14 13-15 7-15 12-13 8-12 12-14 9-11 10-11 8-10",18,"8-10 0-8 1-5 3-7 1-3 6-14 4-6 14-15 10-14 6-14 11-15 8-9 13-15 7-15 9-13 12-13 14-15 12-14",18,"3-7 5-7 5-13 12-13 6-14 4-6 8-10 10-14 6-14 0-8 14-15 9-11 10-11 8-10 10-14 1-3 3-7 5-7",44,"0-1 2-3 4-5 10-11 12-13 14-15 1-3 4-6 9-11 12-14 0-1 4-5 8-9 10-11 12-13 2-6 3-7 8-12 9-13 1-3 4-6 12-14 0-1 4-5 6-7 10-11 14-15 4-12 5-13 6-14 7-15 3-7 8-12 1-3 4-6 5-7 8-10 9-11 0-1 2-3 6-7 8-9 10-11 12-13",1
5,24,0xAD1F329B6CE57480,"0 8 4 7 5 14 12 6 11 9 2 3 15 1 13 10",parallel_methods,17,"4-5 14-15 2-10 10-14 12-14 4-12 9-13 1-9 8-9 6-7 3-7 3-11 9-11 9-13 12-14 12-13 13-15",17,"6-14 6-7 12-14 14-15 5-7 2-10 3-7 3-11 5-13 8-10 10-11 10-14 1-9 8-9 1-9 1-5 4-5",17,"4-5 2-6 4-6 2-10 12-14 8-10 3-11 11-15 10-11 6-7 7-15 14-15 9-13 1-9 12-13 8-12 8-9",41,"2-3 8-9 10-11 12-13 1-3 4-6 8-10 9-11 12-14 4-5 6-7 8-9 12-13 14-15 2-6 3-7 8-12 9-13 10-14 4-6 5-7 12-14 2-3 6-7 10-11 5-13 6-14 7-15 1-5 2-6 3-7 8-12 9-13 1-3 4-6 12-14 4-5 6-7 8-9 10-11 14-15",1
6,32,0x3C498FA62E710D5B,"11 5 13 0 1 7 14 2 6 10 15 8 9 4 12 3",parallel_methods,16,"10-11 8-12 2-3 0-2 3-7 2-3 5-7 5-13 4-5 1-5 8-9 8-10 11-15 3-11 12-14 6-14",16,"10-11 2-3 0-2 3-7 2-3 5-7 5-13 4-5 1-5 8-12 8-9 8-10 11-15 3-11 12-14 6-14",16,"8-12 12-14 6-14 2-3 3-7 5-7 5-13 4-5 1-5 0-2 2-3 10-11 11-15 3-11 8-9 8-10",34,"0-1 12-13 1-3 4-6 9-11 12-14 0-1 2-3 6-7 10-11 2-6 3-7 8-12 9-13 1-3 4-6 9-11 4-5 6-7 8-9 12-13 5-13 6-14 7-15 3-7 8-12 9-13 4-6 5-7 9-11 12-14 6-7 12-13 14-15",1
7,36,0x39801CD5EFA64B27,"7 2 11 4 6 10 15 14 5 13 12 1 0 8 9 3",parallel_methods,19,"10-14 1-3 1-5 0-1 2-3 3-11 1-3 6-7 7-15 3-7 8-12 0-8 8-10 9-13 8-9 12-14 6-14 4-6 4-5",19,"0-1 8-12 7-15 2-3 0-2 4-6 3-11 1-3 3-7 4-5 0-4 0-8 8-10 12-13 5-13 8-12 14-15 13-15 9-13",19,"1-3 2-3 3-11 9-13 1-5 0-1 1-3 8-12 0-8 10-14 8-10 8-9 6-7 6-14 4-6 4-12 4-5 7-15 3-7",39,"0-1 1-3 4-6 5-7 9-11 12-14 2-3 6-7 8-9 14-15 3-7 8-12 9-13 4-6 5-7 8-10 9-11 12-14 2-3 6-7 8-9 12-13 4-12 5-13 6-14 7-15 1-5 2-6 3-7 8-12 9-13 0-2 1-3 8-10 9-11 0-1 4-5 8-9 12-13",1
8,28,0xB6D80E5A137FC942,"2 4 9 12 15 7 3 1 10 5 14 0 8 13 6 11",parallel_methods,17,"3-11 2-3 0-2 1-5 1-3 1-9 4-5 5-7 1-5 6-14 10-14 10-11 8-10 8-12 11-15 7-15 3-7",17,"3-11 10-14 2-10 2-6 2-3 0-2 5-7 1-5 4-5 10-11 8-10 8-12 13-15 9-13 5-13 9-11 13-15",17,"3-11 2-3 0-2 5-7 6-14 10-14 10-11 8-10 8-12 1-5 4-5 9-13 5-13 13-15 9-13 3-11 9-11",41,"2-3 4-5 8-9 14-15 9-11 12-14 2-3 4-5 8-9 10-11 12-13 2-6 3-7 8-12 9-13 1-3 4-6 9-11 12-14 13-15 0-1 4-5 6-7 8-9 10-11 14-15 5-13 6-14 7-15 3-7 8-12 9-13 1-3 4-6 5-7 12-14 0-1 2-3 4-5 6-7 10-11",1
9,34,0x5E38A96B40C7D12F,"15 2 1 13 7 12 0 4 11 6 9 10 8 3 14 5",parallel_methods,17,"4-6 0-4 1-3 2-3 4-5 5-13 1-5 1-3 6-7 8-9 8-12 4-12 4-6 10-11 9-11 13-15 5-13",17,"13-15 0-2 0-1 2-6 0-2 4-5 6-7 7-15 3-7 5-7 5-13 8-9 8-12 4-12 4-6 10-11 9-11",17,"8-10 10-11 8-9 8-12 4-5 4-12 4-6 0-4 5-7 4-5 5-13 13-15 1-3 1-5 5-13 2-3 1-3",33,"0-1 2-3 6-7 8-9 10-11 12-13 1-3 9-11 12-14 0-1 4-5 14-15 2-6 3-7 8-12 1-3 9-11 0-1 2-3 4-5 12-13 5-13 6-14 7-15 3-7 8-12 4-6 5-7 9-11 12-14 4-5 6-7 12-13",1
10,34,0xCFA4597E0B3681D2,"2 13 1 8 6 3 11 0 14 7 9 5 4 10 15 12",parallel_methods,18,"0-2 8-10 6-7 3-11 3-7 4-6 5-7 9-11 3-11 3-7 8-9 13-15 14-15 10-14 0-1 0-4 4-12 12-13",18,"0-2 0-1 3-11 10-11 6-7 3-7 4-6 0-4 4-12 5-7 8-10 9-11 3-11 3-7 12-13 14-15 12-14 10-14",18,"9-11 1-9 9-13 1-5 14-15 3-11 3-7 0-2 1-3 8-10 8-9 4-6 4-12 12-14 10-14 10-11 8-10 0-1",38,"2-3 4-5 8-9 1-3 4-6 9-11 12-14 13-15 0-1 8-9 14-15 2-6 3-7 8-12 9-13 10-14 1-3 4-6 9-11 12-14 0-1 2-3 4-5 10-11 5-13 6-14 7-15 8-12 9-13 10-14 4-6 5-7 12-14 13-15 4-5 8-9 10-11 14-15",1
11,28,0xF5E2198B0AC736D4,"4 13 6 3 7 12 10 0 11 8 9 1 2 14 5 15",parallel_methods,16,"2-6 4-5 4-12 0-4 5-7 1-5 8-9 9-11 2-10 0-2 0-1 1-9 13-15 14-15 13-15 5-13",16,"12-14 4-5 4-12 5-7 4-5 0-4 6-14 2-6 8-9 9-11 1-9 13-15 10-14 14-15 13-15 9-13",16,"12-14 6-14 2-6 8-9 12-13 5-13 9-11 1-9 10-14 12-14 12-13 9-13 6-7 4-6 0-4 6-7",36,"8-9 14-15 1-3 4-6 9-11 12-14 0-1 4-5 8-9 14-15 3-7 8-12 9-13 1-3 4-6 12-14 0-1 2-3 10-11 12-13 14-15 5-13 6-14 7-15 2-6 3-7 8-12 9-13 1-3 4-6 9-11 12-14 13-15 6-7 10-11 14-15",1
12,44,0x0AE174628BF35DC9,"9 12 13 5 3 15 11 8 2 6 4 7 1 14 10 0",parallel_methods,22,"0-1 0-4 0-2 0-8 1-9 1-3 2-3 10-14 6-7 2-6 0-2 7-15 5-7 1-5 8-12 0-8 0-1 11-15 7-15 12-13 12-14 4-12",22,"0-1 0-4 0-2 0-8 1-9 1-3 2-3 10-14 8-12 6-7 2-6 0-2 0-8 7-15 5-7 1-5 0-1 11-15 7-15 12-13 12-14 4-12",24,"3-7 5-7 11-15 7-15 10-14 0-8 8-9 2-3 0-2 8-12 0-8 0-1 12-14 6-14 0-4 4-12 3-11 14-15 11-15 13-15 14-15 2-3 0-2 2-3",42,"10-11 1-3 4-6 9-11 12-14 0-1 2-3 4-5 6-7 10-11 12-13 2-6 3-7 8-12 9-13 1-3 4-6 0-1 4-5 6-7 10-11 12-13 2-10 3-11 4-12 5-13 6-14 7-15 1-5 2-6 3-7 8-12 0-2 1-3 8-10 9-11 12-14 0-1 2-3 6-7 10-11 12-13",1
13,32,0xD729E80FBA1C4536,"6 3 5 4 12 1 10 11 15 0 8 14 9 2 7 13",parallel_methods,18,"0-2 8-10 3-7 6-14 6-7 10-11 10-14 12-13 4-12 4-6 2-6 1-3 1-9 0-1 1-5 11-15 9-11 9-13",18,"0-2 1-3 0-1 1-5 2-6 8-10 10-11 13-15 14-15 7-15 10-14 2-10 11-15 9-13 12-13 4-12 0-4 9-13",18,"2-3 1-3 1-5 13-15 14-15 7-15 11-15 6-14 0-2 2-6 8-12 8-9 12-14 14-15 4-12 0-4 0-8 8-10",48,"0-1 4-5 6-7 8-9 10-11 12-13 14-15 1-3 4-6 9-11 12-14 4-5 6-7 14-15 3-7 8-12 9-13 1-3 4-6 5-7 8-10 9-11 12-14 0-1 2-3 4-5 6-7 8-9 12-13 14-15 5-13 6-14 7-15 2-6 3-7 8-12 9-13 10-14 1-3 4-6 5-7 9-11 12-14 13-15 0-1 10-11 12-13 14-15",1
14,24,0xB8EA917CD25F3640,"0 4 6 3 15 5 2 13 12 7 1 9 10 14 8 11",parallel_methods,15,"2-6 9-11 11-15 7-15 10-14 12-14 4-12 12-13 13-15 0-1 0-4 0-1 10-14 12-14 8-12",15,"9-11 2-6 8-12 4-12 8-10 11-15 7-15 12-13 12-14 13-15 4-12 0-1 0-4 0-8 0-1",15,"2-6 9-11 11-15 8-12 7-15 4-12 12-13 13-15 12-14 8-10 8-12 4-12 0-1 0-4 0-1",41,"4-5 6-7 8-9 10-11 14-15 1-3 4-6 9-11 12-14 2-3 4-5 8-9 12-13 3-7 8-12 9-13 10-14 1-3 4-6 5-7 9-11 12-14 13-15 2-3 6-7 10-11 14-15 6-14 7-15 3-7 8-12 9-13 1-3 5-7 12-14 2-3 4-5 6-7 8-9 10-11 12-13",1
15,26,0x1DB590A47CFE3682,"2 8 6 3 14 15 12 7 4 10 0 9 5 11 13 1",parallel_methods,15,"4-6 4-12 8-9 8-10 9-13 5-13 4-5 9-11 14-15 6-14 2-6 0-2 0-1 0-8 13-15",15,"4-6 4-12 14-15 6-14 2-6 0-2 0-1 8-9 8-10 0-8 9-13 5-13 4-5 9-11 13-15",15,"9-13 9-11 12-13 8-12 4-6 4-12 5-13 8-10 14-15 6-14 2-6 0-2 0-1 0-8 13-15",29,"10-11 1-3 9-11 12-14 4-5 8-9 3-7 8-12 9-13 4-6 5-7 12-14 4-5 6-7 10-11 14-15 4-12 5-13 6-14 7-15 2-6 3-7 8-12 0-2 1-3 9-11 0-1 4-5 12-13",1
16,36,0x649BC7A38F1025DE,"14 13 5 2 0 1 15 8 3 10 7 12 11 9 4 6",parallel_methods,18,"10-11 0-4 2-3 6-7 4-6 8-9 1-9 1-3 1-5 8-10 9-13 12-14 4-12 8-12 14-15 6-14 11-15 7-15",18,"10-11 0-4 6-7 2-3 4-6 8-9 1-9 1-3 1-5 8-10 9-13 12-14 4-12 8-12 14-15 6-14 11-15 7-15",18,"8-9 1-9 9-13 2-3 1-3 0-4 12-14 4-12 10-14 10-11 8-10 7-15 6-7 14-15 12-14 8-12 7-15 1-5",38,"0-1 10-11 12-13 14-15 0-2 1-3 4-6 5-7 9-11 0-1 6-7 10-11 12-13 2-6 3-7 8-12 9-13 0-2 1-3 4-6 9-11 12-14 0-1 4-5 6-7 8-9 12-13 14-15 4-12 5-13 6-14 7-15 3-7 8-12 4-6 5-7 9-11 6-7",1
17,30,0x98762EFDB13CA045,"5 4 0 10 12 3 1 11 13 15 14 2 6 7 8 9",parallel_methods,17,"0-1 1-5 3-11 4-12 4-6 0-4 10-14 13-15 7-15 9-13 8-10 10-11 11-15 13-15 1-3 0-1 0-2",17,"0-1 1-5 3-11 4-12 4-6 0-4 10-14 13-15 0-1 0-2 2-3 7-15 8-9 8-10 9-13 10-11 11-15",17,"13-15 9-13 10-14 7-15 4-12 3-11 8-10 10-11 11-15 13-15 4-6 1-5 4-5 0-2 2-3 1-3 1-5",45,"0-1 2-3 4-5 6-7 14-15 1-3 4-6 9-11 12-14 13-15 0-1 2-3 4-5 8-9 14-15 2-6 3-7 8-12 1-3 4-6 5-7 8-10 9-11 12-14 6-7 8-9 10-11 12-13 14-15 5-13 6-14 7-15 3-7 8-12 9-13 10-14 5-7 9-11 12-14 13-15 2-3 4-5 10-11 12-13 14-15",1
18,26,0xB96FA7D4E53C1208,"8 0 2 1 12 3 5 14 4 13 7 10 15 6 9 11",parallel_methods,14,"0-8 12-14 10-11 11-15 7-15 12-13 4-12 4-6 9-13 14-15 1-5 1-3 4-5 0-4",14,"10-11 0-8 0-1 1-5 1-3 11-15 7-15 12-13 4-12 4-6 4-5 14-15 13-15 9-13",14,"12-13 4-12 10-11 4-6 0-8 4-5 0-4 0-1 1-3 11-15 7-15 14-15 13-15 9-13",34,"0-1 4-5 6-7 10-11 12-13 14-15 1-3 4-6 9-11 12-14 6-7 12-13 14-15 3-7 8-12 9-13 4-6 5-7 9-11 12-14 6-7 10-11 14-15 5-13 6-14 7-15 8-12 9-13 5-7 12-14 4-5 8-9 10-11 14-15",1
19,34,0x8954A67B0DE2FC13,"3 1 12 15 2 14 13 0 11 7 6 10 4 5 9 8",parallel_methods,17,"0-2 0-4 3-7 2-3 0-2 4-12 5-13 10-14 6-14 8-10 10-11 13-15 9-13 8-9 14-15 13-15 7-15",17,"0-2 0-4 3-7 2-3 0-2 4-12 5-13 10-14 6-14 8-10 10-11 13-15 9-13 8-9 14-15 13-15 7-15",17,"0-2 0-4 4-12 3-7 2-3 0-2 10-14 6-14 5-13 13-15 14-15 9-13 13-15 7-15 8-9 10-11 9-11",35,"0-1 2-3 8-9 10-11 4-6 9-11 12-14 13-15 2-3 4-5 8-9 14-15 2-6 3-7 8-12 9-13 1-3 4-6 8-10 9-11 0-1 8-9 12-13 4-12 5-13 6-14 7-15 4-6 5-7 8-10 9-11 4-5 6-7 8-9 10-11",1
20,32,0x9EF58D01C23B6A47,"7 4 10 6 11 3 2 12 1 0 13 8 5 15 14 9",parallel_methods,17,"10-11 5-7 3-7 4-5 1-5 4-12 4-5 8-9 1-9 9-11 13-15 9-13 2-10 0-2 0-8 2-6 6-7",17,"9-11 5-7 3-7 4-5 1-5 4-12 4-5 8-9 1-9 10-11 2-10 0-2 2-6 6-7 9-11 13-15 9-13",17,"5-7 4-5 4-12 1-5 4-5 8-9 1-9 3-7 10-11 9-11 0-8 8-10 2-10 2-6 6-7 13-15 9-13",45,"0-1 4-5 6-7 8-9 1-3 4-6 12-14 2-3 10-11 12-13 14-15 2-6 3-7 8-12 9-13 10-14 0-2 1-3 4-6 5-7 12-14 13-15 0-1 6-7 10-11 14-15 5-13 6-14 7-15 2-6 3-7 8-12 9-13 10-14 0-2 1-3 4-6 9-11 12-14 13-15 0-1 6-7 10-11 12-13 14-15",1
21,36,0xA50F8D713E4BC629,"9 2 6 12 11 4 14 3 1 7 13 8 15 0 5 10",parallel_methods,20,"12-14 0-8 1-3 0-1 9-11 8-9 12-13 4-12 0-4 14-15 10-14 12-14 6-14 2-6 2-3 3-11 3-7 5-13 12-13 4-12",20,"0-1 12-13 3-7 4-5 6-14 6-7 5-7 9-11 8-9 1-9 11-15 7-15 10-11 11-15 13-15 0-2 0-4 4-6 4-12 0-4",20,"9-11 0-8 8-9 4-5 14-15 10-14 3-7 0-1 7-15 5-7 12-14 12-13 14-15 12-14 6-14 2-6 0-2 7-15 11-15 7-15",40,"0-1 2-3 4-5 12-13 14-15 1-3 4-6 12-14 2-3 10-11 12-13 14-15 2-6 3-7 8-12 9-13 1-3 4-6 9-11 12-14 6-7 10-11 12-13 4-12 5-13 6-14 7-15 2-6 3-7 8-12 9-13 0-2 1-3 4-6 9-11 12-14 0-1 6-7 8-9 14-15",1
22,34,0xE3B6904D582A7C1F,"15 1 12 7 10 2 8 5 13 4 0 9 6 11 3 14",parallel_methods,18,"0-2 0-4 9-13 5-7 3-7 6-14 2-6 2-3 9-11 12-14 6-14 8-12 12-13 4-12 14-15 8-10 0-8 8-10",18,"0-1 1-5 0-1 0-2 0-4 4-12 4-6 5-7 8-9 0-8 0-4 8-10 0-8 9-13 9-11 14-15 7-15 3-7",18,"8-9 9-13 9-11 5-7 6-14 6-7 3-7 2-6 12-14 6-14 0-8 8-12 12-14 14-15 0-4 0-8 8-10 0-8",38,"0-1 4-5 8-9 10-11 14-15 1-3 4-6 9-11 12-14 4-5 6-7 8-9 2-6 3-7 8-12 9-13 1-3 9-11 12-14 4-5 10-11 14-15 4-12 5-13 6-14 7-15 2-6 3-7 8-12 9-13 1-3 4-6 9-11 12-14 0-1 2-3 4-5 10-11",1
23,30,0xC2A95E1086BD37F4,"4 15 7 3 13 11 6 8 0 1 14 5 9 10 2 12",parallel_methods,17,"10-14 1-9 5-7 4-5 0-4 0-8 13-15 11-15 7-15 12-13 9-13 2-10 10-11 11-15 13-15 5-13 5-7",17,"10-14 1-9 5-7 4-5 0-4 0-8 9-11 13-15 11-15 12-13 9-13 5-13 2-6 6-7 2-6 2-10 10-11",17,"1-5 1-9 9-11 13-15 12-13 9-13 5-7 4-5 5-13 0-4 0-8 6-14 2-6 6-7 6-14 14-15 10-14",37,"4-5 6-7 14-15 1-3 12-14 0-1 4-5 10-11 3-7 8-12 9-13 10-14 4-6 9-11 12-14 13-15 2-3 8-9 10-11 14-15 4-12 5-13 6-14 7-15 1-5 2-6 3-7 8-12 9-13 0-2 1-3 9-11 12-14 0-1 2-3 4-5 12-13",1
24,30,0xC23BF910DE8675A4,"4 10 5 7 6 8 14 13 0 1 9 15 11 3 2 12",parallel_methods,16,"1-9 13-15 6-14 2-6 4-6 4-5 0-4 0-8 7-15 3-7 12-13 13-15 11-15 10-11 9-11 10-11",16,"0-1 6-14 0-8 1-5 1-9 2-6 4-6 4-5 8-10 8-9 13-15 7-15 3-7 12-13 13-15 11-15",16,"13-15 7-15 3-7 12-13 13-15 11-15 6-14 2-6 4-6 4-5 0-4 0-8 1-9 10-11 9-11 10-11",42,"2-3 10-11 12-13 14-15 1-3 4-6 5-7 12-14 6-7 10-11 3-7 8-12 9-13 4-6 5-7 9-11 12-14 13-15 2-3 6-7 8-9 10-11 14-15 4-12 5-13 6-14 7-15 0-4 1-5 2-6 3-7 8-12 9-13 0-2 1-3 9-11 12-14 0-1 2-3 10-11 12-13 14-15",1
25,32,0xBAF08463D5CE9172,"2 7 1 9 14 12 5 13 3 6 4 8 0 15 10 11",parallel_methods,18,"0-2 8-10 8-12 4-12 10-11 3-11 9-11 11-15 7-15 6-7 13-15 1-5 0-1 0-8 5-7 8-10 10-14 12-14",18,"0-2 10-14 4-6 4-5 4-12 6-14 9-11 8-9 11-15 7-15 13-15 1-3 0-4 1-9 4-6 6-7 3-7 1-3",18,"9-11 11-15 7-15 13-15 10-14 4-12 12-14 8-9 6-7 0-2 0-4 4-5 4-12 1-3 1-9 5-7 3-7 1-3",42,"2-3 4-5 6-7 10-11 14-15 1-3 4-6 9-11 12-14 0-1 2-3 4-5 10-11 12-13 14-15 3-7 8-12 9-13 10-14 4-6 5-7 12-14 2-3 4-5 6-7 4-12 5-13 6-14 7-15 2-6 3-7 8-12 1-3 4-6 9-11 12-14 0-1 2-3 4-5 8-9 12-13 14-15",1
26,24,0x9C7A83F15640BED2,"2 13 14 11 0 4 6 5 1 15 3 8 10 7 12 9",parallel_methods,15,"2-10 9-11 8-9 1-9 12-14 10-14 13-15 9-13 0-2 0-4 4-5 5-7 3-11 3-7 7-15",15,"12-14 2-10 4-5 1-5 5-13 5-7 10-14 13-15 9-13 3-11 2-3 0-2 0-8 0-1 13-15",15,"12-14 2-10 10-14 3-11 2-3 0-2 0-8 0-1 0-4 4-5 5-13 5-7 13-15 9-13 13-15",39,"10-11 12-13 1-3 4-6 5-7 9-11 12-14 2-3 6-7 14-15 1-5 2-6 3-7 8-12 9-13 10-14 1-3 9-11 12-14 13-15 0-1 8-9 10-11 14-15 5-13 6-14 7-15 2-6 3-7 8-12 9-13 1-3 4-6 5-7 9-11 12-14 2-3 12-13 14-15",1
27,28,0xFC348D09267AB1E5,"5 14 1 11 10 7 6 2 9 0 13 8 4 3 12 15",parallel_methods,15,"0-1 10-11 0-4 8-9 0-8 4-12 8-10 12-14 3-11 3-7 2-3 5-7 5-13 1-5 1-3",15,"0-1 10-11 0-4 3-11 3-7 2-3 4-12 5-7 5-13 1-5 1-3 8-9 0-8 8-10 12-14",15,"4-12 12-14 1-9 9-11 10-11 10-14 8-9 3-11 3-7 5-7 5-13 0-1 1-5 2-3 1-3",43,"2-3 4-5 8-9 12-13 14-15 1-3 9-11 12-14 13-15 0-1 4-5 10-11 14-15 2-6 3-7 8-12 9-13 1-3 9-11 12-14 2-3 4-5 10-11 12-13 14-15 5-13 6-14 7-15 2-6 3-7 8-12 9-13 10-14 1-3 4-6 9-11 12-14 0-1 2-3 4-5 6-7 10-11 14-15",1
28,36,0x1FE50836A92CD7B4,"4 11 7 13 12 2 9 10 6 3 8 0 5 14 15 1",parallel_methods,19,"1-3 13-15 1-9 2-6 3-11 1-3 4-12 4-5 0-4 0-2 0-1 6-7 8-10 9-13 1-9 14-15 10-14 6-14 10-14",19,"11-15 1-3 1-9 3-11 1-3 4-12 4-5 0-4 6-7 2-6 7-15 6-7 8-10 2-10 2-6 0-2 13-15 9-13 14-15",19,"13-15 14-15 4-12 4-5 8-10 2-6 6-7 2-10 2-6 0-4 10-11 2-10 1-9 9-11 0-2 1-3 5-13 1-5 5-13",45,"2-3 4-5 6-7 8-9 1-3 4-6 9-11 12-14 2-3 4-5 6-7 8-9 10-11 2-6 3-7 8-12 9-13 1-3 4-6 12-14 0-1 2-3 4-5 10-11 14-15 3-11 4-12 5-13 6-14 7-15 1-5 2-6 3-7 8-12 9-13 0-2 1-3 8-10 9-11 12-14 13-15 0-1 4-5 6-7 14-15",1
29,32,0x89065A437EFDBC21,"1 2 12 11 13 15 14 7 3 4 10 5 6 0 9 8",parallel_methods,16,"0-1 0-2 9-13 5-13 4-5 8-9 0-8 9-11 3-11 12-14 6-14 8-12 13-15 9-13 5-13 8-9",16,"0-1 0-2 14-15 5-13 4-5 0-4 8-9 9-11 3-11 12-14 6-14 8-12 4-12 13-15 9-13 5-13",16,"12-14 6-14 8-9 9-11 3-11 0-1 5-13 13-15 0-2 4-5 9-13 5-13 0-8 8-12 8-9 0-4",34,"12-13 4-6 12-14 13-15 2-3 4-5 10-11 14-15 3-7 8-12 9-13 10-14 4-6 5-7 9-11 12-14 2-3 4-5 6-7 8-9 10-11 3-11 4-12 5-13 6-14 7-15 2-6 3-7 1-3 8-10 0-1 2-3 4-5 6-7",1
30,28,0xF5DEB1A639807C24,"4 2 12 7 0 8 9 3 6 10 1 11 14 13 5 15",parallel_methods,16,"3-7 6-14 12-14 8-12 8-9 8-10 0-8 0-1 0-2 0-4 4-12 4-6 4-5 0-4 0-8 0-4",16,"0-4 2-6 3-7 6-14 8-10 2-10 8-9 8-10 12-14 1-3 2-6 2-3 1-3 1-5 1-9 8-9",16,"3-7 6-14 12-14 8-10 2-10 8-9 8-10 8-12 1-5 1-9 8-9 4-5 4-6 2-6 4-5 0-4",40,"0-1 10-11 12-13 14-15 4-6 9-11 12-14 2-3 6-7 8-9 10-11 2-6 3-7 8-12 9-13 10-14 1-3 4-6 12-14 0-1 14-15 5-13 6-14 7-15 3-7 8-12 9-13 10-14 1-3 4-6 5-7 8-10 12-14 13-15 2-3 4-5 6-7 8-9 12-13 14-15",1
31,30,0xB479F1D8A036CE25,"5 2 14 12 6 3 0 10 8 13 1 15 9 7 4 11",parallel_methods,17,"11-15 2-6 3-7 5-7 5-13 6-14 4-6 12-13 9-13 0-2 2-3 2-10 3-7 5-7 0-2 0-1 0-2",17,"0-1 3-7 2-6 0-2 5-7 5-13 6-14 4-6 11-15 12-13 9-13 1-5 2-3 2-10 2-3 1-3 3-7",17,"11-15 0-1 2-6 0-2 6-14 4-6 3-7 5-7 5-13 12-13 9-13 3-11 10-11 3-11 5-7 1-5 1-3",39,"0-1 4-5 6-7 10-11 12-13 14-15 4-6 9-11 12-14 2-3 8-9 10-11 2-6 3-7 8-12 9-13 1-3 8-10 9-11 12-14 0-1 4-5 8-9 12-13 14-15 5-13 6-14 7-15 3-7 8-12 9-13 1-3 4-6 5-7 9-11 12-14 2-3 10-11 14-15",1
32,36,0x792D081F45C3EB6A,"10 6 11 14 3 12 5 4 15 1 8 0 13 2 9 7",parallel_methods,19,"4-6 5-13 1-5 4-5 6-7 3-7 4-6 7-15 8-10 10-11 2-10 0-2 12-13 14-15 11-15 1-9 9-11 10-11 2-10",19,"0-1 0-4 1-9 8-10 4-6 5-13 5-7 3-7 4-5 7-15 10-11 2-10 0-2 2-3 12-13 14-15 11-15 9-11 10-11",19,"4-6 6-7 3-7 8-10 7-15 4-5 10-14 14-15 12-13 4-12 4-6 10-11 0-2 0-1 1-9 9-11 2-10 0-2 2-6",51,"0-1 2-3 8-9 12-13 4-6 9-11 12-14 2-3 4-5 6-7 8-9 12-13 14-15 1-5 2-6 3-7 8-12 9-13 0-2 1-3 4-6 9-11 12-14 13-15 0-1 2-3 4-5 8-9 10-11 14-15 4-12 5-13 6-14 7-15 1-5 2-6 3-7 8-12 9-13 0-2 1-3 4-6 8-10 9-11 12-14 0-1 2-3 4-5 6-7 8-9 14-15",1
33,26,0xE748A2DB6C0519F3,"3 15 9 1 5 0 12 6 11 13 2 10 8 4 7 14",parallel_methods,15,"2-10 1-5 0-1 1-3 5-13 4-5 6-14 6-7 10-11 8-12 12-14 14-15 11-15 13-15 9-13",15,"0-1 8-9 1-3 2-10 4-5 0-4 4-6 6-7 8-12 10-11 9-11 12-13 4-12 14-15 7-15",15,"6-14 6-7 1-5 0-1 1-3 2-10 8-10 10-11 5-13 4-5 14-15 13-15 12-13 9-13 8-9",37,"4-5 10-11 12-13 14-15 1-3 4-6 5-7 8-10 9-11 12-14 0-1 6-7 8-9 14-15 2-6 3-7 8-12 1-3 4-6 9-11 12-14 0-1 2-3 4-5 12-13 14-15 5-13 6-14 7-15 3-7 8-12 9-13 4-6 5-7 12-14 2-3 10-11",1
34,30,0xF54B827AE39D60C1,"1 12 0 6 13 9 3 14 10 7 2 8 11 4 5 15",parallel_methods,17,"0-1 5-13 4-5 6-7 3-7 6-14 6-7 9-13 5-13 5-7 0-8 0-2 2-10 8-12 10-11 8-10 10-11",17,"0-1 5-13 4-5 6-7 3-7 6-14 6-7 9-13 5-13 5-7 10-11 0-8 0-2 8-12 8-10 10-11 2-10",17,"6-7 6-14 3-7 6-7 12-13 9-13 5-13 5-7 9-11 4-12 0-1 2-10 8-10 0-8 8-9 9-13 12-13",39,"2-3 4-5 6-7 8-9 10-11 12-13 14-15 1-3 4-6 9-11 12-14 0-1 8-9 14-15 3-7 8-12 9-13 4-6 5-7 12-14 2-3 6-7 10-11 12-13 14-15 4-12 5-13 6-14 7-15 3-7 8-12 4-6 9-11 12-14 2-3 6-7 8-9 12-13 14-15",1
35,24,0xD295B6C830AF7E14,"4 1 14 7 15 10 0 3 8 12 6 11 5 9 2 13",parallel_methods,12,"2-6 3-7 4-5 0-4 0-2 2-10 6-14 2-6 9-13 12-13 5-13 13-15",12,"2-6 3-7 4-5 0-4 0-2 2-10 6-14 2-6 9-13 12-13 5-13 13-15",12,"9-13 4-12 12-13 13-15 4-5 4-6 0-4 3-7 6-14 2-6 10-14 6-14",34,"0-1 4-5 6-7 10-11 14-15 9-11 12-14 2-3 4-5 8-9 2-6 3-7 8-12 9-13 1-3 4-6 9-11 0-1 6-7 12-13 5-13 6-14 7-15 3-7 8-12 9-13 4-6 5-7 9-11 2-3 4-5 6-7 10-11 12-13",1
36,24,0xF7BC523DAE681094,"4 9 0 1 8 6 14 10 13 3 2 5 12 11 7 15",parallel_methods,14,"0-4 6-14 6-7 8-9 0-8 0-2 9-13 9-11 1-9 1-5 1-3 2-3 2-6 2-10",14,"0-4 6-14 6-7 8-9 0-8 0-2 9-13 9-11 1-9 1-5 1-3 2-3 2-6 2-10",14,"0-4 8-9 9-13 0-8 9-11 1-9 0-2 6-14 3-7 2-3 2-10 5-7 6-7 1-5",42,"2-3 4-5 8-9 10-11 12-13 14-15 0-2 1-3 4-6 5-7 9-11 12-14 0-1 6-7 8-9 3-7 8-12 9-13 10-14 4-6 5-7 9-11 12-14 13-15 6-7 10-11 12-13 14-15 4-12 5-13 6-14 7-15 2-6 3-7 8-12 9-13 10-14 4-6 12-14 2-3 6-7 14-15",1
37,32,0x0DEBA83754F962C1,"1 12 2 6 9 15 4 5 7 3 8 10 11 14 13 0",parallel_methods,16,"8-12 1-9 4-12 4-6 5-7 7-15 3-7 1-3 0-1 6-7 8-10 10-11 12-13 9-13 12-14 12-13",16,"8-12 1-9 4-12 4-6 5-7 7-15 3-7 1-3 0-1 6-7 8-10 10-11 12-13 9-13 12-14 12-13",16,"8-12 8-10 10-11 5-7 4-12 4-6 7-15 3-7 6-7 1-9 1-3 0-1 12-13 12-14 9-13 12-13",32,"2-3 6-7 8-9 10-11 1-3 12-14 4-5 10-11 12-13 2-6 3-7 8-12 9-13 10-14 4-6 12-14 2-3 6-7 5-13 6-14 7-15 2-6 3-7 8-12 9-13 1-3 4-6 5-7 12-14 0-1 2-3 10-11",1
38,28,0x5AD43F82C19E6B07,"7 0 11 6 14 9 1 12 2 8 15 3 4 13 10 5",parallel_methods,16,"0-1 1-5 2-3 2-6 3-11 4-12 7-15 5-7 10-14 14-15 12-14 0-8 0-2 1-9 0-1 0-8",16,"0-1 1-5 2-3 2-6 3-11 4-12 7-15 5-7 10-14 14-15 12-14 8-10 2-10 8-10 8-9 1-9",16,"2-3 3-11 0-1 1-5 7-15 5-7 2-6 10-14 14-15 0-8 0-2 8-9 1-9 0-1 4-12 12-14",40,"0-1 4-5 6-7 1-3 4-6 9-11 12-14 2-3 4-5 10-11 12-13 14-15 3-7 8-12 9-13 1-3 4-6 5-7 9-11 12-14 13-15 2-3 6-7 8-9 10-11 14-15 4-12 5-13 6-14 7-15 2-6 3-7 8-12 9-13 9-11 12-14 2-3 4-5 8-9 14-15",1
39,30,0xB9C5DF812340A7E6,"6 14 7 10 0 4 3 2 1 8 15 13 5 12 9 11",parallel_methods,17,"0-4 2-3 6-7 3-7 8-9 1-9 9-11 10-11 11-15 4-12 4-5 12-14 12-13 9-13 2-10 2-6 6-14",17,"0-4 2-3 6-7 3-7 8-9 1-9 11-15 12-13 10-14 2-10 2-6 4-6 4-5 5-13 9-13 13-15 14-15",17,"8-9 1-9 9-11 10-11 11-15 2-6 2-3 10-14 6-7 12-13 2-10 0-2 0-4 4-5 5-13 9-13 2-6",39,"2-3 14-15 1-3 4-6 12-14 4-5 6-7 10-11 12-13 14-15 0-4 1-5 2-6 3-7 8-12 9-13 0-2 1-3 8-10 9-11 12-14 0-1 2-3 8-9 14-15 6-14 7-15 3-7 8-12 9-13 10-14 1-3 4-6 5-7 12-14 2-3 4-5 8-9 14-15",1
40,36,0x829BC4E760FA3D51,"1 5 13 3 10 15 0 6 7 14 4 12 11 9 2 8",parallel_methods,19,"10-14 2-10 9-13 8-12 8-10 10-11 12-13 5-13 12-14 4-12 8-12 8-10 13-15 12-13 8-12 6-7 5-7 1-5 0-1",19,"9-13 2-6 4-6 6-14 10-14 12-13 12-14 4-12 13-15 5-13 1-5 0-1 0-8 0-2 2-6 6-7 11-15 13-15 12-13",19,"8-12 8-9 9-11 9-13 12-13 2-6 6-7 5-13 5-7 8-10 10-14 13-15 5-13 1-5 0-1 0-8 0-4 0-2 2-10",35,"6-7 10-11 12-13 14-15 1-3 9-11 2-3 4-5 8-9 12-13 3-7 8-12 9-13 1-3 4-6 8-10 9-11 12-14 0-1 2-3 6-7 8-9 5-13 6-14 7-15 3-7 8-12 9-13 4-6 5-7 9-11 12-14 2-3 10-11 12-13",1
41,30,0xDC601A7B42F95E83,"3 8 14 5 9 15 2 4 11 7 10 1 0 6 12 13",parallel_methods,16,"0-1 1-3 2-6 9-11 5-7 4-5 1-5 1-9 13-15 8-12 0-8 12-14 14-15 6-14 11-15 7-15",16,"0-1 13-15 1-3 2-6 5-7 4-5 1-5 7-15 8-9 8-12 0-8 9-11 1-9 12-14 6-14 6-7",16,"5-7 4-5 0-1 1-3 1-5 9-11 1-9 2-6 13-15 8-12 0-8 12-14 14-15 6-14 11-15 7-15",38,"6-7 8-9 14-15 1-3 9-11 12-14 13-15 2-3 4-5 8-9 14-15 2-6 3-7 8-12 9-13 1-3 4-6 12-14 0-1 6-7 10-11 12-13 4-12 5-13 6-14 7-15 2-6 3-7 8-12 9-13 0-2 1-3 4-6 5-7 0-1 6-7 10-11 12-13",1
42,36,0x5169FA48C03B27ED,"13 14 7 2 11 3 0 12 8 4 10 15 9 6 1 5",parallel_methods,19,"0-1 0-4 1-5 7-15 2-6 0-2 2-3 12-13 4-12 9-13 5-13 14-15 11-15 3-11 1-3 12-14 6-7 4-6 4-5",19,"0-1 0-2 0-4 1-5 2-6 0-2 2-3 7-15 14-15 11-15 3-11 1-3 12-13 9-13 5-13 4-5 5-7 12-14 6-14",19,"7-15 5-7 2-3 3-7 1-9 0-1 4-6 0-4 13-15 12-13 14-15 11-15 9-11 1-9 9-13 6-14 10-11 10-14 10-11",39,"4-5 6-7 8-9 10-11 12-13 14-15 0-2 1-3 4-6 0-1 10-11 12-13 2-6 3-7 8-12 1-3 8-10 9-11 12-14 0-1 4-5 8-9 12-13 4-12 5-13 6-14 7-15 3-7 8-12 1-3 4-6 8-10 9-11 12-14 2-3 8-9 10-11 12-13 14-15",1
43,40,0xA063517D9F24BCE8,"8 14 12 11 4 2 15 9 13 7 1 5 3 6 0 10",parallel_methods,20,"1-5 2-10 3-11 1-3 2-3 5-7 1-5 1-9 1-3 6-7 12-14 8-12 0-8 12-13 14-15 7-15 3-7 10-14 12-14 6-14",20,"1-5 2-10 3-11 1-3 2-3 5-7 1-5 1-9 1-3 6-7 12-14 8-12 0-8 12-13 14-15 7-15 3-7 10-14 12-14 6-14",20,"9-11 3-11 3-7 1-3 1-9 1-5 8-12 0-8 6-14 14-15 12-13 2-10 10-14 12-14 2-3 2-6 6-14 0-2 1-3 2-3",46,"4-5 8-9 10-11 14-15 1-3 4-6 5-7 8-10 9-11 12-14 6-7 8-9 1-5 2-6 3-7 8-12 9-13 0-2 1-3 4-6 9-11 12-14 0-1 4-5 6-7 8-9 12-13 2-10 3-11 4-12 5-13 6-14 7-15 1-5 2-6 3-7 8-12 0-2 1-3 8-10 9-11 0-1 4-5 6-7 10-11 12-13",1
44,32,0xB342E0695C781FDA,"10 13 15 1 8 7 12 5 9 6 0 14 2 4 3 11",parallel_methods,17,"1-9 1-3 2-10 0-2 4-12 4-6 5-7 10-11 10-14 2-10 2-3 2-6 11-15 9-13 8-9 8-12 4-12",17,"4-12 8-12 1-9 1-3 2-10 0-2 4-6 5-7 10-11 10-14 2-10 2-3 2-6 11-15 12-13 4-12 9-13",17,"2-10 10-11 11-15 5-7 10-14 0-2 2-10 1-9 4-12 8-9 8-12 12-13 4-6 4-12 1-3 2-3 2-6",41,"4-5 8-9 10-11 14-15 1-3 4-6 9-11 12-14 0-1 2-3 8-9 10-11 14-15 1-5 2-6 3-7 8-12 1-3 9-11 12-14 4-5 8-9 12-13 14-15 3-11 4-12 5-13 6-14 7-15 1-5 2-6 3-7 8-12 1-3 8-10 9-11 12-14 0-1 6-7 8-9 12-13",1
45,44,0x81530C427DBA69EF,"15 14 9 6 10 11 13 7 2 4 12 0 3 5 1 8",parallel_methods,23,"0-1 8-10 0-4 1-9 1-5 2-3 4-6 4-5 5-13 6-14 2-6 0-2 2-10 8-12 9-11 1-9 0-1 11-15 9-11 8-9 3-11 9-11 3-11",23,"0-1 0-2 0-1 0-4 0-8 1-9 1-5 4-5 5-13 6-14 2-6 14-15 2-3 1-3 3-11 8-10 12-14 6-14 2-6 2-3 0-2 8-12 13-15",23,"5-13 9-13 9-11 12-13 4-12 8-10 2-10 8-12 1-9 0-1 9-13 6-14 13-15 14-15 1-9 9-13 13-15 2-6 2-3 1-3 2-6 8-10 8-9",43,"0-1 14-15 0-2 1-3 4-6 9-11 12-14 0-1 8-9 10-11 2-6 3-7 8-12 9-13 1-3 9-11 12-14 2-3 4-5 8-9 10-11 14-15 2-10 3-11 4-12 5-13 6-14 7-15 0-4 1-5 2-6 3-7 8-12 0-2 1-3 4-6 5-7 8-10 0-1 2-3 4-5 8-9 10-11",1
46,32,0x0FBE96C2DA358147,"7 4 1 8 5 3 10 13 2 12 6 9 14 11 15 0",parallel_methods,17,"0-1 9-13 1-5 2-3 1-3 2-10 2-6 7-15 5-7 4-5 0-4 8-10 2-10 9-11 13-15 14-15 12-14",17,"0-1 7-15 1-5 2-3 1-3 2-10 2-6 5-7 4-5 0-4 8-10 2-10 9-11 13-15 11-15 14-15 12-14",17,"9-13 9-11 2-3 2-10 8-10 2-6 2-10 0-1 1-3 5-7 3-7 14-15 12-14 5-13 4-5 4-12 0-4",43,"0-1 2-3 4-5 6-7 10-11 12-13 1-3 4-6 5-7 9-11 12-14 0-1 2-3 6-7 2-6 3-7 8-12 9-13 10-14 1-3 4-6 5-7 12-14 2-3 6-7 10-11 5-13 6-14 7-15 2-6 3-7 8-12 9-13 10-14 1-3 4-6 5-7 12-14 13-15 0-1 6-7 8-9 14-15",1
47,34,0xD7906CF142E38BA5,"5 10 11 8 3 14 2 4 1 15 12 6 0 9 7 13",parallel_methods,19,"0-1 0-8 9-13 5-7 4-5 1-5 1-3 0-1 8-10 8-12 0-8 13-15 2-10 10-11 2-10 2-6 7-15 14-15 7-15",19,"0-1 0-8 3-11 2-3 2-6 5-7 4-5 1-5 8-10 8-12 9-13 13-15 6-14 3-11 1-3 0-1 0-8 6-7 6-14",19,"9-13 13-15 0-4 0-1 0-8 8-10 1-3 0-1 8-12 0-8 5-7 4-5 2-3 3-11 6-7 6-14 3-7 6-7 2-3",43,"6-7 14-15 1-3 4-6 9-11 12-14 2-3 4-5 14-15 1-5 2-6 3-7 8-12 9-13 0-2 1-3 4-6 9-11 12-14 0-1 2-3 4-5 6-7 8-9 4-12 5-13 6-14 7-15 2-6 3-7 8-12 9-13 10-14 0-2 1-3 4-6 5-7 9-11 12-14 0-1 6-7 10-11 14-15",1
48,36,0x7096FD45A38C21EB,"11 14 1 2 12 8 3 10 5 4 13 15 6 9 0 7",parallel_methods,18,"0-1 0-2 1-9 0-1 2-6 2-3 7-15 11-15 10-11 9-11 9-13 12-14 6-14 8-12 4-12 4-5 0-4 0-8",18,"0-1 0-2 1-9 0-1 2-6 2-3 7-15 11-15 10-11 9-11 9-13 12-14 6-14 8-12 4-12 4-5 0-4 0-8",20,"2-3 1-3 6-7 3-7 4-12 7-15 6-14 10-14 4-6 8-9 0-8 0-4 9-13 5-13 14-15 13-15 11-15 9-11 8-9 9-11",42,"2-3 4-5 6-7 8-9 10-11 14-15 0-2 1-3 4-6 12-14 0-1 4-5 10-11 12-13 2-6 3-7 8-12 9-13 4-6 8-10 9-11 12-14 2-3 4-5 8-9 3-11 4-12 5-13 6-14 7-15 3-7 8-12 9-13 1-3 4-6 8-10 9-11 12-14 0-1 2-3 8-9 14-15",1
49,32,0xC5A927B1D6E843F0,"0 15 3 4 8 14 6 13 1 11 7 2 9 10 5 12",parallel_methods,17,"12-13 12-14 4-12 4-5 10-14 14-15 7-15 3-11 2-3 9-11 8-9 1-9 8-12 4-12 9-13 12-14 13-15",17,"12-13 12-14 3-11 2-3 4-12 4-5 9-11 8-9 1-9 8-12 4-12 9-13 10-14 14-15 7-15 12-14 13-15",19,"1-3 3-11 2-3 12-13 12-14 10-14 14-15 7-15 11-15 9-11 9-13 4-12 4-5 0-8 0-1 0-4 0-8 8-12 12-14",29,"2-3 6-7 14-15 1-3 4-6 9-11 12-14 4-5 3-7 8-12 9-13 10-14 4-6 9-11 12-14 13-15 10-11 14-15 4-12 5-13 6-14 7-15 2-6 3-7 8-12 1-3 4-6 9-11 6-7",1
50,34,0x659F723BC1EAD840,"0 4 8 13 10 14 1 12 11 3 2 7 15 9 5 6",parallel_methods,18,"2-10 3-11 4-6 4-5 1-5 7-15 8-10 9-11 9-13 12-14 4-12 4-5 14-15 12-14 6-7 3-7 3-11 10-11",18,"4-6 7-15 2-10 3-11 4-5 1-5 6-7 3-7 8-10 9-11 3-11 9-13 10-11 12-14 4-12 4-5 14-15 12-14",18,"3-11 9-11 9-13 2-10 4-6 4-5 1-5 8-10 12-14 4-12 4-5 14-15 6-7 3-7 3-11 10-11 6-14 12-14",40,"2-3 6-7 8-9 10-11 12-13 14-15 4-6 9-11 2-3 4-5 8-9 12-13 3-7 8-12 9-13 1-3 4-6 9-11 12-14 13-15 2-3 6-7 10-11 14-15 3-11 4-12 5-13 6-14 7-15 2-6 3-7 8-12 4-6 8-10 9-11 12-14 2-3 8-9 12-13 14-15",1
51,32,0x406D31ECFAB72859,"9 5 8 2 7 11 10 15 12 14 1 3 13 6 0 4",parallel_methods,17,"1-5 2-10 2-3 1-3 3-11 7-15 12-13 12-14 6-14 8-12 0-8 8-9 8-10 10-14 6-7 4-6 6-7",17,"12-13 4-12 1-5 2-10 2-3 1-3 3-11 7-15 12-14 6-14 6-7 4-6 8-12 0-8 8-9 8-10 10-14",17,"12-13 12-14 8-12 0-8 8-9 6-14 2-10 8-10 10-14 1-5 2-3 1-3 3-11 7-15 6-7 4-6 6-7",43,"0-1 6-7 10-11 12-13 14-15 1-3 4-6 8-10 9-11 0-1 6-7 8-9 12-13 3-7 8-12 9-13 4-6 5-7 9-11 12-14 2-3 4-5 6-7 8-9 3-11 4-12 5-13 6-14 7-15 1-5 2-6 3-7 8-12 9-13 10-14 0-2 1-3 9-11 12-14 0-1 6-7 8-9 10-11",1
52,26,0xB67408DC219E3AF5,"5 15 10 3 14 9 1 2 12 13 8 0 4 7 6 11",parallel_methods,16,"1-5 5-13 4-12 6-7 5-7 9-13 9-11 1-9 0-1 1-5 11-15 2-6 6-14 8-10 10-14 12-14",16,"0-1 4-12 5-13 6-7 5-7 1-5 9-13 8-12 0-8 8-10 10-11 2-10 0-2 2-6 6-14 11-15",16,"1-9 9-11 11-15 1-9 0-1 6-7 5-13 5-7 1-5 4-12 8-12 8-10 6-14 10-14 2-10 9-13",42,"4-5 6-7 14-15 1-3 8-10 9-11 12-14 0-1 4-5 8-9 14-15 2-6 3-7 8-12 0-2 1-3 4-6 8-10 9-11 12-14 0-1 4-5 8-9 12-13 14-15 4-12 5-13 6-14 7-15 3-7 8-12 9-13 1-3 4-6 5-7 9-11 0-1 2-3 6-7 8-9 10-11 12-13",1
53,34,0xD2BEC843A019567F,"15 7 6 5 9 1 0 10 3 4 8 12 14 11 2 13",parallel_methods,19,"0-4 0-8 1-3 1-5 2-6 0-2 3-7 2-3 8-9 13-15 11-15 10-14 2-10 12-14 8-12 4-12 12-13 13-15 12-13",19,"13-15 0-8 1-3 1-5 2-6 0-2 3-7 2-3 8-10 10-11 10-14 2-10 11-15 12-14 1-9 0-1 0-4 0-1 1-9",19,"1-3 1-5 3-7 2-6 0-8 0-2 2-3 8-10 10-14 2-10 14-15 12-14 9-13 12-13 9-11 4-12 12-13 9-13 12-13",37,"0-1 4-5 6-7 10-11 12-13 14-15 0-2 1-3 4-6 12-14 0-1 10-11 12-13 2-6 3-7 8-12 9-13 10-14 0-2 1-3 4-6 12-14 0-1 10-11 5-13 6-14 7-15 2-6 3-7 8-12 9-13 10-14 4-6 12-14 2-3 4-5 6-7",1
54,34,0xA0172836B59CEFD4,"4 13 15 14 12 9 5 11 6 3 8 2 7 1 0 10",parallel_methods,18,"1-5 1-9 3-7 3-11 2-3 12-14 4-12 0-4 5-13 6-7 8-10 14-15 10-14 6-14 1-3 1-5 5-7 7-15",18,"12-14 1-5 1-9 2-3 2-6 3-7 3-11 2-3 1-3 4-12 0-4 5-13 1-5 8-10 14-15 7-15 10-14 6-14",18,"12-14 4-12 0-4 1-5 5-13 3-7 3-11 2-3 1-9 8-10 14-15 1-3 1-5 6-7 5-7 7-15 10-14 6-14",38,"4-5 6-7 8-9 12-13 14-15 4-6 9-11 12-14 2-3 4-5 8-9 10-11 1-5 2-6 3-7 8-12 9-13 1-3 9-11 10-11 12-13 2-10 3-11 4-12 5-13 6-14 7-15 0-4 1-5 2-6 3-7 0-2 1-3 8-10 0-1 2-3 6-7 8-9",1
55,30,0xEF321BAC097586D4,"4 13 6 8 5 7 9 0 12 10 11 1 2 3 15 14",parallel_methods,17,"2-6 2-3 5-7 4-5 0-4 8-12 9-11 1-9 9-13 10-11 14-15 9-11 3-11 9-11 0-2 0-8 0-2",17,"2-6 2-3 5-7 4-5 0-4 8-12 9-11 1-9 9-13 10-11 14-15 1-9 0-2 0-8 0-2 1-3 1-9",17,"5-7 4-5 0-4 14-15 9-11 1-9 2-6 8-12 9-13 2-3 2-10 8-10 10-11 3-11 9-11 2-3 3-11",39,"2-3 8-9 1-3 4-6 9-11 12-14 13-15 8-9 14-15 2-6 3-7 8-12 9-13 1-3 4-6 12-14 0-1 4-5 10-11 12-13 14-15 5-13 6-14 7-15 1-5 2-6 3-7 8-12 9-13 10-14 1-3 4-6 8-10 12-14 13-15 4-5 6-7 8-9 14-15",1
56,28,0x8F942B37C60DEA15,"5 1 10 14 13 0 6 12 7 3 11 2 4 9 15 8",parallel_methods,15,"3-11 4-5 0-4 11-15 9-11 8-9 9-13 5-13 5-7 4-5 4-12 14-15 3-11 10-11 2-10",15,"4-5 0-4 2-10 3-11 2-3 11-15 9-11 3-11 8-9 9-13 5-13 5-7 4-5 4-12 14-15",15,"3-11 11-15 9-11 8-9 9-13 4-5 5-13 5-7 0-4 4-5 4-12 14-15 2-10 2-3 3-11",45,"0-1 2-3 4-5 6-7 8-9 4-6 9-11 12-14 2-3 4-5 6-7 8-9 10-11 14-15 2-6 3-7 8-12 9-13 10-14 1-3 4-6 9-11 12-14 13-15 0-1 2-3 10-11 14-15 4-12 5-13 6-14 7-15 2-6 3-7 8-12 4-6 8-10 9-11 12-14 2-3 4-5 6-7 8-9 12-13 14-15",1
57,36,0x368BD4CE0FA92571,"1 7 5 2 9 10 15 0 14 12 4 13 11 8 6 3",parallel_methods,18,"12-13 2-3 1-3 5-7 1-5 0-1 6-7 6-14 7-15 3-7 8-10 8-12 4-12 9-13 9-11 10-14 12-13 9-13",18,"12-13 2-3 1-3 8-12 5-7 1-5 0-1 6-7 6-14 7-15 3-7 9-13 9-11 10-14 12-14 4-12 12-13 9-13",18,"5-7 1-5 0-1 2-3 6-7 7-15 3-7 5-7 6-14 12-13 8-12 10-14 12-14 4-12 9-13 9-11 12-13 9-13",34,"8-9 10-11 12-13 1-3 4-6 9-11 8-9 12-13 3-7 8-12 1-3 4-6 5-7 8-10 9-11 12-14 0-1 2-3 4-5 6-7 8-9 10-11 12-13 5-13 6-14 7-15 3-7 8-12 9-13 10-14 4-6 5-7 12-14 6-7",1
58,32,0x75D1F04E2A69C3B8,"8 11 3 12 9 6 10 2 14 4 0 15 1 13 5 7",parallel_methods,18,"4-5 1-9 2-3 2-6 2-10 6-14 6-7 8-12 0-8 0-1 12-14 5-7 7-15 11-15 9-11 4-6 0-4 0-2",18,"8-10 0-8 1-9 3-7 2-3 4-12 4-5 1-5 6-14 4-6 4-5 7-15 10-14 8-12 11-15 9-11 8-9 8-12",18,"8-10 6-14 10-14 0-8 4-12 4-5 4-6 1-9 1-5 4-5 3-7 2-3 7-15 13-15 12-13 9-13 13-15 11-15",48,"2-3 4-5 8-9 10-11 14-15 1-3 4-6 9-11 12-14 0-1 2-3 8-9 10-11 12-13 14-15 2-6 3-7 8-12 9-13 1-3 8-10 9-11 12-14 0-1 4-5 8-9 14-15 3-11 4-12 5-13 6-14 7-15 2-6 3-7 8-12 9-13 10-14 0-2 1-3 9-11 12-14 13-15 0-1 4-5 8-9 10-11 12-13 14-15",1
59,32,0x538D9CE26047F1AB,"11 10 1 15 7 4 0 6 2 14 12 9 13 8 3 5",parallel_methods,18,"12-13 0-2 0-1 0-8 4-5 9-11 10-14 10-11 3-11 2-6 0-2 6-7 7-15 5-7 11-15 12-14 10-14 8-10",18,"12-13 0-2 0-1 4-5 8-10 2-10 8-12 9-11 10-11 10-14 2-3 2-6 0-2 2-10 2-3 6-7 7-15 5-7",18,"12-13 0-1 0-8 8-10 8-12 4-5 0-2 9-11 6-7 3-7 7-15 5-7 1-3 0-1 11-15 14-15 11-15 3-11",38,"0-1 2-3 4-5 6-7 12-13 14-15 1-3 4-6 9-11 0-1 2-3 4-5 12-13 1-5 2-6 3-7 8-12 1-3 9-11 12-14 0-1 8-9 12-13 14-15 5-13 6-14 7-15 2-6 3-7 8-12 9-13 10-14 4-6 9-11 12-14 2-3 6-7 10-11",1
60,32,0x48E016D527F93ACB,"11 12 10 3 9 15 7 2 5 13 6 1 0 14 8 4",parallel_methods,18,"13-15 5-13 2-10 4-5 1-5 6-7 2-6 8-12 0-8 14-15 13-15 9-13 8-9 9-11 1-9 4-5 4-12 4-5",18,"0-1 2-10 0-8 4-12 0-4 6-7 2-6 12-13 9-13 12-14 8-12 3-11 1-3 3-11 5-7 7-15 5-7 4-5",18,"2-10 6-7 2-6 8-12 13-15 4-12 12-13 9-13 0-1 0-8 4-5 4-12 12-14 8-12 9-11 1-9 9-11 14-15",40,"0-2 1-3 9-11 12-14 0-1 4-5 8-9 12-13 14-15 1-5 2-6 3-7 8-12 9-13 1-3 4-6 9-11 12-14 0-1 4-5 6-7 10-11 12-13 3-11 4-12 5-13 6-14 7-15 2-6 3-7 8-12 9-13 0-2 1-3 8-10 9-11 12-14 0-1 4-5 6-7",1
61,36,0x92F716ECD08B453A,"10 3 5 4 11 8 0 13 12 14 6 1 7 15 2 9",parallel_methods,19,"0-2 13-15 4-5 4-12 4-6 0-4 5-7 3-7 3-11 1-3 6-7 8-12 9-13 10-14 2-10 5-13 4-5 4-6 6-14",19,"0-2 13-15 4-6 0-4 5-7 2-10 6-7 3-7 3-11 1-3 6-14 2-6 9-13 12-13 5-13 5-7 4-5 12-14 8-12",19,"4-5 4-12 8-12 2-6 0-2 13-15 10-14 2-10 9-13 5-7 3-7 3-11 1-3 5-13 4-5 4-6 6-14 5-7 4-5",41,"0-1 4-5 6-7 14-15 1-3 4-6 8-10 9-11 12-14 8-9 12-13 3-7 8-12 9-13 1-3 4-6 5-7 9-11 12-14 0-1 2-3 6-7 14-15 4-12 5-13 6-14 7-15 2-6 3-7 8-12 9-13 10-14 1-3 4-6 5-7 9-11 12-14 13-15 6-7 10-11 14-15",1
62,36,0x308164BED792ACF5,"5 15 12 10 2 9 7 13 14 11 4 6 1 8 0 3",parallel_methods,20,"0-4 0-2 1-5 3-11 5-7 7-15 3-7 6-7 8-12 0-8 12-14 8-12 10-11 9-11 9-13 5-13 4-5 0-8 8-9 1-9",20,"0-4 0-2 1-5 3-11 5-7 7-15 3-7 6-7 12-13 5-13 8-12 12-14 0-4 4-12 0-4 10-11 9-11 1-9 1-5 4-5",20,"12-13 8-12 5-13 1-5 5-7 7-15 3-11 3-7 6-7 0-4 10-14 2-10 0-2 10-11 9-11 12-14 9-13 4-12 12-13 5-13",40,"6-7 8-9 10-11 14-15 1-3 4-6 8-10 9-11 12-14 6-7 8-9 12-13 1-5 2-6 3-7 8-12 1-3 4-6 8-10 9-11 0-1 4-5 8-9 3-11 4-12 5-13 6-14 7-15 1-5 2-6 3-7 8-12 0-2 1-3 8-10 9-11 12-14 0-1 6-7 12-13",1
63,32,0x9B350FC26A1D78E4,"4 14 8 7 13 1 10 6 2 12 15 0 5 3 11 9",parallel_methods,18,"1-5 10-14 4-12 5-13 10-11 8-10 2-10 13-15 9-13 12-13 14-15 5-7 3-7 4-5 4-6 0-4 0-8 8-10",18,"1-5 10-14 4-12 10-11 5-13 13-15 9-13 12-13 14-15 0-2 0-8 2-6 2-10 0-2 4-5 4-6 6-7 3-7",18,"1-5 10-14 5-13 13-15 14-15 9-13 4-12 12-13 6-7 3-7 10-11 4-5 0-4 2-10 0-2 8-10 2-3 2-10",42,"4-5 12-13 1-3 4-6 9-11 12-14 13-15 4-5 6-7 8-9 10-11 14-15 2-6 3-7 8-12 9-13 1-3 4-6 8-10 9-11 12-14 13-15 0-1 8-9 14-15 4-12 5-13 6-14 7-15 1-5 2-6 3-7 8-12 9-13 1-3 9-11 12-14 0-1 4-5 10-11 12-13 14-15",1
64,32,0xDB19508246C3EA7F,"15 7 10 14 3 12 6 4 2 8 0 5 9 1 11 13",parallel_methods,18,"8-10 0-8 2-10 3-11 5-13 1-5 5-7 4-5 8-9 12-13 9-13 13-15 14-15 11-15 14-15 3-7 5-7 3-7",18,"0-8 2-10 0-2 3-11 5-13 1-5 5-7 4-5 8-9 12-13 9-13 13-15 3-7 5-7 3-7 10-11 10-14 10-11",18,"8-10 2-10 0-8 8-12 5-13 12-13 13-15 1-5 5-7 4-5 3-11 11-15 14-15 11-15 1-5 1-3 1-5 8-9",44,"0-1 2-3 10-11 12-13 14-15 1-3 4-6 9-11 12-14 13-15 4-5 6-7 8-9 14-15 1-5 2-6 3-7 8-12 9-13 10-14 0-2 1-3 12-14 0-1 2-3 4-5 14-15 4-12 5-13 6-14 7-15 1-5 2-6 3-7 8-12 0-2 1-3 8-10 9-11 0-1 2-3 4-5 8-9 12-13",1
65,30,0xB425F6E93CD708A1,"1 10 8 0 7 13 12 3 9 14 6 15 5 2 4 11",parallel_methods,16,"11-15 2-10 4-6 9-13 1-9 1-3 0-1 8-9 8-10 12-13 5-13 12-14 4-12 6-7 2-6 2-3",16,"0-1 0-2 11-15 2-10 2-3 3-7 4-6 6-7 8-9 12-13 5-13 8-12 0-8 0-2 12-14 4-12",16,"9-13 12-13 5-13 11-15 6-14 12-14 1-9 8-9 1-3 0-1 2-10 8-10 2-3 3-7 4-6 6-7",36,"10-11 12-13 14-15 1-3 4-6 9-11 12-14 0-1 4-5 8-9 10-11 14-15 2-6 3-7 8-12 4-6 5-7 8-10 9-11 2-3 6-7 8-9 4-12 5-13 6-14 7-15 3-7 8-12 9-13 4-6 9-11 12-14 13-15 2-3 10-11 14-15",1
66,36,0x018E73CA426BFD95,"5 9 13 15 11 6 2 4 10 12 3 7 14 8 1 0",parallel_methods,19,"12-14 2-6 3-11 4-5 4-6 4-12 0-4 5-7 3-7 4-5 9-13 11-15 10-11 3-11 8-10 12-13 0-8 8-9 1-9",19,"0-1 2-6 3-11 4-5 1-5 9-13 6-14 6-7 3-7 1-3 4-6 11-15 10-11 3-11 8-10 0-8 8-9 12-14 12-13",19,"2-6 6-14 12-14 9-13 12-13 5-7 0-4 4-5 3-11 11-15 6-7 10-11 8-10 0-8 3-7 8-9 1-9 1-3 3-11",41,"2-3 4-5 6-7 10-11 12-13 8-10 9-11 2-3 4-5 8-9 12-13 1-5 2-6 3-7 8-12 9-13 0-2 1-3 9-11 0-1 4-5 12-13 4-12 5-13 6-14 7-15 1-5 2-6 3-7 8-12 9-13 0-2 1-3 4-6 9-11 12-14 0-1 4-5 6-7 8-9 12-13",1
67,34,0x864253F079C1DEBA,"10 11 14 13 1 12 9 7 0 15 3 5 2 4 6 8",parallel_methods,18,"0-8 1-3 4-5 1-5 4-12 4-6 2-6 5-13 4-5 6-14 9-11 11-15 10-11 3-11 8-10 5-13 9-13 5-13",18,"0-2 9-11 0-8 1-3 1-9 4-5 1-5 6-14 8-12 11-15 10-11 3-11 8-10 2-10 12-14 12-13 4-12 9-13",18,"9-11 11-15 0-8 10-11 8-10 1-3 3-11 4-5 4-12 4-6 2-6 6-14 1-5 5-13 4-5 1-9 1-5 1-9",44,"10-11 14-15 4-6 9-11 12-14 13-15 2-3 4-5 6-7 14-15 1-5 2-6 3-7 8-12 9-13 0-2 1-3 9-11 12-14 0-1 2-3 4-5 8-9 10-11 14-15 2-10 3-11 4-12 5-13 6-14 7-15 1-5 2-6 3-7 8-12 1-3 5-7 8-10 12-14 0-1 8-9 10-11 12-13 14-15",1
68,34,0x4A3B8E76D15FC092,"2 9 0 12 15 5 1 13 6 7 14 8 11 3 10 4",parallel_methods,17,"0-2 10-14 7-15 6-7 8-12 4-12 4-6 9-11 3-11 3-7 8-9 9-11 9-13 1-9 1-3 12-13 13-15",17,"0-2 10-14 7-15 6-7 8-12 4-12 4-6 9-11 3-11 3-7 8-9 9-11 9-13 1-9 1-3 12-13 13-15",17,"0-2 10-14 8-12 9-11 8-9 3-11 9-11 7-15 9-13 6-7 4-12 4-6 3-7 1-9 1-3 12-13 13-15",39,"2-3 4-5 6-7 12-13 1-3 4-6 12-14 0-1 2-3 4-5 10-11 12-13 14-15 2-6 3-7 8-12 9-13 1-3 4-6 5-7 9-11 2-3 6-7 8-9 10-11 12-13 4-12 5-13 6-14 7-15 3-7 8-12 4-6 5-7 9-11 12-14 6-7 8-9 12-13",1
69,36,0xC97E25B30F186D4A,"10 4 13 6 8 1 15 0 3 11 5 2 14 7 9 12",parallel_methods,19,"10-14 0-8 1-5 2-3 3-11 6-7 2-6 0-2 2-3 8-10 9-11 12-14 4-12 4-5 13-15 7-15 9-13 8-9 8-12",19,"0-1 0-4 0-8 0-1 0-2 12-14 3-7 1-3 0-1 1-5 6-7 10-11 2-10 9-11 13-15 7-15 12-13 9-13 5-13",19,"14-15 12-14 0-2 10-11 2-10 9-11 3-7 6-7 13-15 7-15 0-1 1-9 1-5 0-4 0-8 2-3 0-2 2-3 9-13",43,"0-1 4-5 12-13 14-15 1-3 4-6 9-11 12-14 2-3 8-9 12-13 14-15 2-6 3-7 8-12 9-13 10-14 0-2 1-3 4-6 12-14 13-15 0-1 4-5 6-7 10-11 12-13 14-15 4-12 5-13 6-14 7-15 2-6 3-7 8-12 9-13 4-6 9-11 12-14 2-3 6-7 10-11 12-13",1
70,40,0x0BE1473D85F2C69A,"10 9 6 12 2 15 5 8 13 3 7 4 1 14 11 0",parallel_methods,20,"1-9 1-3 4-6 2-6 5-7 1-5 4-5 10-14 8-12 0-8 0-1 10-11 8-10 0-8 12-13 14-15 7-15 12-14 4-12 0-4",20,"1-9 1-3 4-6 2-6 5-7 1-5 4-5 10-14 8-12 0-8 0-1 10-11 8-10 0-8 12-13 14-15 7-15 12-14 4-12 0-4",20,"4-6 2-6 1-9 1-3 10-14 10-11 13-15 14-15 7-15 5-13 13-15 1-5 4-5 8-12 0-8 8-10 12-13 8-12 4-12 0-1",44,"0-1 2-3 6-7 8-9 1-3 4-6 9-11 12-14 0-1 2-3 4-5 6-7 12-13 1-5 2-6 3-7 8-12 9-13 0-2 1-3 4-6 9-11 0-1 4-5 6-7 10-11 12-13 3-11 4-12 5-13 6-14 7-15 1-5 2-6 3-7 8-12 9-13 0-2 1-3 9-11 12-14 0-1 8-9 10-11",1
71,32,0xE1BC6430D957A28F,"15 8 2 10 7 5 9 13 0 3 4 6 12 11 1 14",parallel_methods,17,"10-14 0-8 6-14 4-6 8-10 14-15 11-15 7-15 6-7 9-11 3-11 10-11 13-15 11-15 0-1 0-8 0-1",17,"0-1 0-8 1-3 1-9 10-14 6-14 4-6 14-15 11-15 7-15 6-7 9-11 10-11 3-11 1-3 13-15 11-15",17,"10-14 6-14 14-15 11-15 9-11 0-8 3-11 7-15 13-15 8-10 10-11 11-15 4-6 6-7 0-1 0-8 0-1",43,"0-1 2-3 4-5 6-7 10-11 12-13 14-15 1-3 4-6 5-7 12-14 0-1 6-7 10-11 2-6 3-7 8-12 9-13 10-14 1-3 4-6 12-14 4-5 14-15 3-11 4-12 5-13 6-14 7-15 1-5 2-6 3-7 8-12 9-13 0-2 1-3 9-11 12-14 0-1 6-7 8-9 10-11 12-13",1
72,34,0xC5837BDE69A042F1,"1 15 2 4 0 10 9 6 14 13 11 7 3 8 5 12",parallel_methods,17,"1-3 0-1 0-4 3-11 6-7 3-7 14-15 12-13 8-12 12-14 13-15 5-13 9-13 11-15 3-11 9-11 10-11",17,"1-3 0-1 0-4 3-11 6-7 3-7 14-15 12-13 8-12 12-14 13-15 5-13 9-13 11-15 3-11 9-11 10-11",17,"1-3 0-1 0-4 12-13 8-12 14-15 12-14 5-13 9-13 6-7 7-15 11-15 9-11 10-11 5-7 3-7 7-15",33,"2-3 8-9 14-15 1-3 4-6 8-10 9-11 12-14 4-5 6-7 8-9 14-15 3-7 8-12 1-3 4-6 8-10 9-11 0-1 2-3 8-9 12-13 5-13 6-14 7-15 3-7 8-12 9-13 10-14 4-6 5-7 12-14 4-5",1
73,28,0xA98DBFE623C41570,"0 7 5 1 4 12 3 2 6 14 15 11 13 8 9 10",parallel_methods,16,"1-3 2-6 6-7 9-13 14-15 10-14 13-15 14-15 8-9 9-13 5-13 5-7 12-13 3-7 2-3 2-6",16,"1-3 2-6 3-7 2-3 9-13 10-14 8-10 8-9 12-13 14-15 10-14 12-14 4-5 4-12 4-6 4-5",16,"1-3 6-7 3-7 10-14 8-10 8-9 14-15 12-13 2-10 2-6 8-10 10-14 8-12 5-13 12-13 5-13",32,"12-13 14-15 1-3 9-11 12-14 4-5 10-11 12-13 14-15 2-6 3-7 8-12 4-6 8-10 9-11 12-14 2-3 4-5 6-7 8-9 12-13 14-15 7-15 8-12 9-13 10-14 8-10 12-14 13-15 6-7 12-13 14-15",1
74,28,0xB0917F8E2CA436D5,"5 13 6 3 4 10 12 2 14 8 15 7 1 9 0 11",parallel_methods,17,"11-15 10-14 8-10 6-7 2-6 5-7 7-15 14-15 10-14 0-8 8-12 8-9 1-9 9-13 12-13 5-13 12-13",17,"0-1 1-5 0-1 6-14 2-6 0-2 8-12 8-9 1-9 9-13 11-15 12-14 10-11 7-15 11-15 10-11 2-10",17,"8-12 6-14 12-14 8-9 1-9 9-13 4-6 0-4 4-5 4-6 6-7 2-6 11-15 7-15 10-11 11-15 10-11",37,"8-9 14-15 1-3 4-6 9-11 12-14 0-1 8-9 10-11 2-6 3-7 8-12 9-13 1-3 4-6 8-10 9-11 0-1 8-9 12-13 5-13 6-14 7-15 2-6 3-7 8-12 9-13 0-2 1-3 4-6 5-7 9-11 12-14 13-15 0-1 10-11 14-15",1
75,32,0xC6A1B375FE2840D9,"9 13 0 4 8 2 14 15 5 7 3 11 1 10 6 12",parallel_methods,17,"0-8 0-4 1-5 1-3 6-14 9-13 8-9 13-15 7-15 12-13 5-13 1-5 4-5 0-8 0-2 2-10 2-3",17,"12-13 8-12 1-5 0-1 2-10 2-3 0-2 0-4 6-14 8-10 0-8 9-13 1-9 13-15 7-15 12-13 5-13",17,"9-13 13-15 7-15 6-14 12-13 1-5 5-13 1-3 0-1 0-4 8-9 8-10 0-8 0-2 2-3 1-9 1-5",41,"2-3 4-5 6-7 10-11 14-15 0-2 1-3 4-6 5-7 9-11 12-14 0-1 6-7 8-9 10-11 14-15 2-6 3-7 8-12 9-13 1-3 4-6 5-7 9-11 12-14 2-3 6-7 10-11 3-11 4-12 5-13 6-14 7-15 2-6 3-7 8-12 1-3 4-6 9-11 2-3 8-9",1
76,32,0x7D9423EB0F8CA165,"5 6 1 10 12 8 15 0 11 14 3 2 4 9 13 7",parallel_methods,18,"0-1 0-2 1-5 0-1 4-12 6-7 2-6 7-15 9-13 10-11 3-11 0-2 2-10 8-10 10-11 12-13 12-14 12-13",18,"0-1 0-2 1-5 0-1 3-11 4-12 6-7 2-6 7-15 9-13 10-11 13-15 0-8 0-2 2-3 3-11 14-15 13-15",18,"6-7 7-15 4-12 0-1 0-2 2-6 1-5 0-1 0-8 0-2 2-10 10-11 9-13 14-15 13-15 14-15 2-3 2-10",40,"2-3 4-5 1-3 4-6 8-10 9-11 12-14 0-1 2-3 8-9 14-15 3-7 8-12 9-13 1-3 4-6 5-7 9-11 12-14 13-15 0-1 2-3 6-7 8-9 14-15 4-12 5-13 6-14 7-15 2-6 3-7 8-12 9-13 4-6 9-11 12-14 2-3 4-5 6-7 10-11",1
77,28,0xFC960245B1D7EA38,"8 3 10 14 7 13 1 11 5 4 2 0 6 9 12 15",parallel_methods,14,"0-8 2-10 3-7 3-11 1-3 0-1 4-6 6-7 9-13 5-13 4-5 1-5 12-14 6-14",14,"0-8 2-10 3-7 3-11 1-3 0-1 4-6 6-7 9-13 5-13 4-5 1-5 12-14 6-14",14,"4-6 3-7 6-7 12-14 6-14 3-11 0-8 1-3 0-4 0-1 2-10 9-13 5-13 4-5",46,"0-1 2-3 6-7 8-9 14-15 4-6 8-10 9-11 12-14 13-15 2-3 4-5 8-9 14-15 2-6 3-7 8-12 9-13 10-14 11-15 1-3 4-6 12-14 13-15 0-1 12-13 14-15 3-11 4-12 5-13 6-14 7-15 2-6 3-7 8-12 9-13 1-3 8-10 9-11 12-14 0-1 4-5 6-7 8-9 12-13 14-15",1
78,36,0xC9F2D864A1B7035E,"14 5 3 0 7 11 1 10 4 6 8 13 2 15 9 12",parallel_methods,18,"0-8 1-5 1-3 4-6 0-4 0-1 6-7 8-10 9-11 3-11 2-3 2-6 12-14 10-14 2-10 13-15 12-13 9-13",18,"0-8 1-5 1-3 4-6 0-4 0-1 6-7 8-10 9-11 3-11 2-3 2-6 12-14 10-14 2-10 13-15 12-13 9-13",18,"14-15 11-15 13-15 12-14 1-5 1-9 9-11 0-8 8-10 4-6 0-4 1-3 0-1 10-14 3-7 2-3 2-10 6-7",38,"0-1 6-7 10-11 14-15 0-2 1-3 4-6 12-14 0-1 4-5 10-11 12-13 14-15 3-7 8-12 9-13 10-14 1-3 4-6 9-11 12-14 2-3 10-11 5-13 6-14 7-15 3-7 8-12 9-13 10-14 4-6 5-7 9-11 12-14 2-3 6-7 10-11 14-15",1
79,34,0x926F0D38A157ECB4,"4 11 12 14 7 5 1 10 8 3 13 0 15 6 2 9",parallel_methods,18,"1-9 2-6 2-3 1-3 4-6 6-7 2-6 6-14 10-11 2-10 9-11 12-13 4-12 13-15 9-13 0-2 2-6 4-6",18,"0-2 1-9 3-7 3-11 1-3 4-6 0-4 0-1 6-7 6-14 2-6 10-11 9-11 12-13 4-12 4-6 13-15 9-13",18,"3-7 4-6 6-7 6-14 9-11 3-11 12-13 13-15 0-4 10-11 1-9 9-11 9-13 2-6 4-6 4-12 4-6 0-1",42,"2-3 4-5 6-7 8-9 12-13 14-15 4-6 9-11 12-14 2-3 8-9 10-11 12-13 1-5 2-6 3-7 8-12 9-13 1-3 9-11 12-14 0-1 10-11 14-15 4-12 5-13 6-14 7-15 1-5 2-6 3-7 8-12 9-13 1-3 4-6 8-10 9-11 12-14 0-1 4-5 8-9 14-15",1
80,40,0x0746DB5E89A21CF3,"3 15 12 1 2 10 9 8 14 5 11 13 6 4 7 0",parallel_methods,21,"0-2 0-4 1-3 3-7 2-3 0-2 4-12 4-6 5-13 4-5 11-15 10-11 8-10 0-8 13-15 14-15 7-15 10-14 5-13 9-13 5-13",21,"0-1 0-2 0-4 1-3 7-15 6-14 6-7 2-6 0-2 11-15 10-11 8-10 12-14 6-14 12-13 4-12 9-13 5-13 13-15 14-15 10-14",21,"1-5 0-1 1-3 14-15 7-15 11-15 10-11 8-10 10-14 0-2 2-10 0-4 0-2 4-12 4-6 4-5 5-13 9-13 4-5 5-13 13-15",37,"8-9 10-11 12-13 1-3 4-6 9-11 12-14 0-1 4-5 6-7 2-6 3-7 8-12 1-3 8-10 9-11 2-3 4-5 8-9 10-11 12-13 3-11 4-12 5-13 6-14 7-15 3-7 8-12 9-13 1-3 4-6 9-11 12-14 0-1 2-3 8-9 10-11",1
81,38,0x76C1350B9A2D84EF,"15 14 4 8 13 2 10 9 11 0 5 3 1 12 6 7",parallel_methods,19,"0-1 0-2 1-3 1-9 2-6 2-10 3-7 3-11 4-5 0-4 0-2 0-1 6-14 7-15 8-9 9-11 12-13 5-13 1-5",19,"0-1 0-2 1-3 1-9 2-6 2-10 3-7 3-11 4-5 0-4 0-2 0-1 6-14 7-15 8-9 9-11 12-13 5-13 1-5",21,"8-9 0-8 3-11 6-14 9-11 7-15 12-13 8-9 10-14 9-13 1-9 13-15 9-13 4-12 12-13 12-14 4-12 4-5 0-4 0-2 0-4",45,"0-1 2-3 4-5 8-9 14-15 0-2 1-3 4-6 9-11 12-14 0-1 4-5 6-7 12-13 14-15 2-6 3-7 8-12 9-13 10-14 1-3 9-11 12-14 0-1 2-3 4-5 10-11 14-15 2-10 3-11 4-12 5-13 6-14 7-15 1-5 2-6 3-7 8-12 0-2 1-3 8-10 9-11 0-1 4-5 6-7",1
82,28,0x8F526AB9C3D04E71,"1 7 14 4 0 13 3 12 9 11 10 6 2 5 15 8",parallel_methods,15,"1-3 0-1 0-4 11-15 5-13 6-7 3-7 9-11 8-9 14-15 6-14 12-14 2-6 6-14 2-6",15,"0-1 0-4 2-6 2-3 5-13 11-15 7-15 9-11 8-9 14-15 12-14 6-14 2-6 4-6 6-7",15,"5-13 1-3 0-1 0-4 11-15 9-11 8-9 7-15 6-7 3-7 14-15 12-14 10-14 2-10 10-14",33,"6-7 1-3 4-6 9-11 12-14 13-15 2-3 4-5 6-7 8-9 14-15 2-6 3-7 8-12 1-3 4-6 9-11 0-1 12-13 5-13 6-14 7-15 3-7 8-12 4-6 5-7 9-11 12-14 2-3 4-5 6-7 12-13 14-15",1
83,34,0x7D5B6C3492E810AF,"15 10 0 1 8 14 2 9 4 3 12 6 11 5 13 7",parallel_methods,17,"0-1 0-2 1-9 1-3 5-7 5-13 7-15 8-12 4-12 8-10 8-12 9-13 10-11 2-10 2-6 14-15 13-15",17,"0-1 0-2 1-9 1-3 5-7 5-13 7-15 8-12 4-12 8-10 8-12 9-13 10-11 2-10 2-6 14-15 13-15",17,"1-9 1-3 7-15 0-2 5-13 11-15 14-15 13-15 2-6 6-14 14-15 8-12 4-12 8-9 8-10 8-12 9-11",39,"0-1 2-3 6-7 8-9 12-13 0-2 1-3 4-6 12-14 0-1 4-5 10-11 14-15 2-6 3-7 8-12 9-13 10-14 4-6 9-11 12-14 13-15 2-3 4-5 10-11 14-15 3-11 4-12 5-13 6-14 7-15 3-7 8-12 9-13 4-6 9-11 8-9 10-11 12-13",1
84,40,0x01C7D23FE5B9846A,"10 6 4 8 9 11 5 14 15 3 2 13 7 12 1 0",parallel_methods,20,"0-2 0-4 1-3 0-1 1-9 2-10 6-7 5-7 3-7 11-15 3-11 1-3 12-14 6-14 6-7 8-12 0-8 0-1 12-13 13-15",20,"0-2 0-4 1-3 0-1 1-9 2-10 6-7 5-7 3-7 11-15 3-11 1-3 12-14 6-14 6-7 8-12 0-8 0-1 12-13 13-15",22,"0-2 2-10 12-13 5-13 6-7 5-7 9-11 3-11 0-4 13-15 9-13 8-9 0-8 9-11 8-9 11-15 6-14 6-7 3-7 1-3 3-7 6-7",44,"0-1 2-3 6-7 8-9 10-11 1-3 4-6 9-11 0-1 8-9 12-13 3-7 8-12 9-13 1-3 4-6 5-7 8-10 9-11 2-3 6-7 8-9 12-13 3-11 4-12 5-13 6-14 7-15 0-4 1-5 2-6 3-7 8-12 9-13 10-14 0-2 1-3 9-11 12-14 0-1 2-3 8-9 10-11 14-15",1
85,36,0x25B3AD97CF614E08,"8 0 14 4 1 6 15 12 7 9 13 10 3 11 5 2",parallel_methods,18,"0-8 0-1 1-3 4-5 1-5 10-11 7-15 6-7 2-6 6-14 4-6 4-5 13-15 11-15 12-13 13-15 7-15 3-7",18,"0-8 0-1 1-3 4-5 1-5 10-11 7-15 6-7 2-6 6-14 4-6 4-5 13-15 11-15 12-13 13-15 7-15 3-7",18,"0-8 0-4 0-1 10-11 7-15 13-15 11-15 12-13 13-15 6-7 7-15 3-7 2-6 6-14 6-7 4-6 5-7 6-7",30,"0-1 1-3 4-6 5-7 12-14 2-3 6-7 10-11 12-13 2-6 3-7 8-12 1-3 4-6 9-11 2-3 6-7 8-9 4-12 5-13 6-14 7-15 2-6 3-7 8-12 4-6 9-11 2-3 6-7 12-13",1
86,30,0xB0F639C24E187DA5,"5 10 13 7 8 1 14 4 2 12 9 3 6 15 0 11",parallel_methods,16,"0-1 6-14 0-8 1-5 2-6 0-2 4-12 6-7 4-6 8-10 8-9 8-12 11-15 7-15 3-7 13-15",16,"0-1 6-14 0-8 1-5 2-3 2-6 0-2 3-11 4-12 6-7 4-6 8-10 8-9 8-12 11-15 13-15",16,"12-14 6-14 0-1 1-5 0-8 8-10 8-9 8-12 3-7 2-3 3-11 11-15 13-15 0-2 0-4 0-8",40,"4-5 14-15 1-3 4-6 9-11 12-14 2-3 6-7 12-13 2-6 3-7 8-12 9-13 0-2 1-3 4-6 9-11 12-14 0-1 4-5 6-7 10-11 4-12 5-13 6-14 7-15 1-5 2-6 3-7 8-12 9-13 1-3 4-6 9-11 12-14 0-1 4-5 10-11 12-13 14-15",1
87,36,0xFD3A6127CE8549B0,"0 11 9 4 5 8 14 12 7 2 1 6 10 3 13 15",parallel_methods,18,"12-14 5-13 5-7 3-7 8-9 8-10 2-10 9-13 5-13 5-7 4-5 8-9 1-9 10-11 9-11 10-14 6-14 12-13",18,"12-14 8-9 5-13 5-7 3-7 8-10 2-10 9-13 5-13 5-7 4-5 8-9 1-9 10-11 9-11 10-14 6-14 12-13",20,"12-14 10-11 10-14 6-14 5-13 12-13 8-9 1-9 9-11 5-7 2-3 1-3 1-9 3-7 4-5 8-12 4-12 0-2 0-4 0-2",42,"8-9 10-11 12-13 14-15 1-3 4-6 5-7 9-11 12-14 13-15 6-7 8-9 14-15 2-6 3-7 8-12 9-13 10-14 4-6 5-7 12-14 13-15 2-3 6-7 14-15 3-11 4-12 5-13 6-14 7-15 1-5 2-6 3-7 8-12 9-13 1-3 4-6 9-11 12-14 4-5 8-9 14-15",1
88,32,0x14C6EB7AD3892F05,"5 0 15 2 9 8 3 13 10 7 11 14 6 12 4 1",parallel_methods,17,"0-1 10-11 2-6 2-3 4-12 6-14 4-6 7-15 12-13 9-13 5-13 5-7 1-5 13-15 14-15 10-14 8-10",17,"0-1 12-14 4-12 2-3 5-7 6-7 3-7 6-14 7-15 10-11 10-14 8-10 12-13 9-13 5-13 5-7 1-5",17,"2-6 2-3 12-14 4-12 12-13 9-13 13-15 7-15 6-14 10-11 5-13 13-15 14-15 10-14 8-10 0-1 1-5",31,"0-1 4-5 6-7 8-9 10-11 1-3 4-6 2-3 10-11 12-13 3-7 8-12 4-6 9-11 2-3 8-9 4-12 5-13 6-14 7-15 3-7 8-12 9-13 1-3 4-6 5-7 12-14 2-3 6-7 10-11 12-13",1
89,38,0x4C3865DF297A01BE,"14 11 1 0 10 7 9 2 15 13 5 6 8 3 12 4",parallel_methods,19,"0-2 1-3 0-1 2-6 2-10 10-11 8-12 9-13 9-11 3-11 12-14 14-15 6-14 4-6 2-6 2-10 6-7 2-6 5-7",19,"0-2 1-3 0-1 2-6 2-10 10-11 8-12 9-13 9-11 3-11 12-14 14-15 6-14 4-6 2-6 2-10 6-7 2-6 5-7",19,"9-13 1-9 2-3 1-3 8-12 0-2 12-14 14-15 2-6 6-14 2-10 10-11 9-11 4-6 2-6 2-10 6-7 2-6 5-7",39,"0-1 4-5 8-9 10-11 12-13 0-2 1-3 4-6 8-10 9-11 12-14 0-1 4-5 8-9 14-15 2-6 3-7 8-12 9-13 8-10 9-11 2-3 4-5 8-9 12-13 4-12 5-13 6-14 7-15 3-7 8-12 9-13 10-14 4-6 9-11 12-14 8-9 10-11 14-15",1
90,40,0x19A257F06D4BC83E,"14 3 8 12 11 4 13 6 0 15 7 5 2 10 9 1",parallel_methods,21,"0-2 0-8 1-3 2-10 4-6 2-6 4-5 6-7 9-11 1-9 9-13 11-15 9-11 12-14 10-14 2-10 10-11 12-13 9-13 5-13 1-5",21,"0-2 0-4 0-8 1-3 2-10 4-12 4-6 2-6 4-5 6-7 9-11 1-9 8-9 8-12 10-14 13-15 5-13 1-5 11-15 10-11 9-11",21,"11-15 3-11 1-3 4-5 0-2 0-8 6-7 7-15 5-7 13-15 12-14 10-14 2-10 14-15 10-14 7-15 9-11 11-15 8-9 8-12 8-9",43,"0-1 2-3 4-5 1-3 4-6 9-11 12-14 6-7 12-13 2-6 3-7 8-12 9-13 1-3 4-6 9-11 12-14 4-5 8-9 10-11 12-13 14-15 3-11 4-12 5-13 6-14 7-15 1-5 2-6 3-7 8-12 0-2 1-3 8-10 9-11 12-14 0-1 2-3 4-5 8-9 10-11 12-13 14-15",1
91,32,0x7EA35D821FC9B046,"6 4 0 11 9 12 15 1 2 8 13 5 3 10 14 7",parallel_methods,18,"0-2 8-10 8-12 8-9 9-11 3-11 5-13 5-7 1-5 4-5 6-7 2-6 2-10 7-15 12-13 5-13 9-13 5-13",18,"12-13 0-4 0-8 0-2 3-11 3-7 5-13 1-5 1-3 8-9 8-10 4-5 5-7 6-7 7-15 8-12 8-10 12-13",18,"0-4 0-8 8-9 0-2 3-11 3-7 12-13 5-13 1-5 4-5 5-7 6-7 7-15 1-3 10-14 12-14 12-13 10-14",36,"0-1 2-3 1-3 4-6 9-11 12-14 0-1 2-3 10-11 14-15 3-7 8-12 9-13 1-3 4-6 5-7 9-11 12-14 2-3 6-7 10-11 14-15 4-12 5-13 6-14 7-15 2-6 3-7 8-12 9-13 4-6 9-11 12-14 2-3 6-7 8-9",1
92,26,0x2EFD6CA81579304B,"11 4 0 3 9 7 5 1 8 10 12 6 13 15 14 2",parallel_methods,16,"11-15 5-7 1-5 13-15 12-13 4-12 4-6 4-5 0-8 8-10 8-12 8-9 10-11 0-8 0-2 2-10",16,"11-15 0-2 10-11 2-10 5-7 1-5 4-5 9-11 10-11 14-15 6-14 14-15 13-15 5-13 9-13 12-13",16,"5-7 11-15 13-15 12-13 4-12 4-6 1-5 4-5 8-10 8-12 0-2 8-9 10-11 2-10 10-11 8-10",36,"0-1 2-3 4-5 0-2 1-3 9-11 12-14 0-1 4-5 8-9 10-11 12-13 3-7 8-12 9-13 10-14 1-3 4-6 12-14 2-3 6-14 7-15 3-7 8-12 9-13 10-14 11-15 5-7 8-10 12-14 13-15 2-3 4-5 8-9 12-13 14-15",1
93,36,0xA0BD1E728F5349C6,"6 12 9 4 3 5 15 8 2 7 14 1 13 11 0 10",parallel_methods,19,"0-2 6-14 0-8 1-9 3-7 1-3 4-6 6-7 3-7 9-13 9-11 1-9 8-9 12-13 14-15 10-14 2-6 0-2 0-4",19,"4-6 0-2 3-7 0-8 1-9 1-3 6-7 3-7 4-6 6-14 2-6 0-2 9-13 9-11 1-9 8-9 12-13 14-15 10-14",19,"1-9 9-13 12-13 9-11 2-3 1-3 1-9 3-7 0-2 0-4 6-14 2-6 0-2 2-3 8-10 2-10 14-15 8-10 10-14",43,"12-13 14-15 1-3 4-6 5-7 9-11 0-1 6-7 8-9 10-11 12-13 2-6 3-7 8-12 9-13 10-14 1-3 4-6 9-11 12-14 0-1 4-5 6-7 8-9 10-11 4-12 5-13 6-14 7-15 1-5 2-6 3-7 8-12 9-13 0-2 1-3 4-6 12-14 0-1 2-3 4-5 6-7 10-11",1
94,30,0x3279A8F1EC4D0B65,"5 6 11 0 13 4 12 14 1 15 8 10 9 7 2 3",parallel_methods,19,"1-3 2-3 12-13 4-12 4-6 6-7 6-14 2-6 0-4 0-8 0-1 4-5 10-11 9-11 11-15 3-11 9-13 12-13 8-12",19,"4-5 1-3 5-13 2-3 0-8 0-1 6-14 2-6 8-12 8-9 8-10 10-11 11-15 3-11 5-7 4-5 4-12 4-5 12-14",19,"1-3 6-14 2-3 2-6 0-1 10-11 9-11 11-15 3-11 8-9 4-5 13-15 7-15 12-14 14-15 13-15 5-13 1-5 1-9",45,"4-5 6-7 10-11 12-13 14-15 1-3 4-6 9-11 0-1 2-3 6-7 12-13 3-7 8-12 1-3 4-6 5-7 8-10 9-11 12-14 2-3 4-5 6-7 8-9 12-13 14-15 4-12 5-13 6-14 7-15 1-5 2-6 3-7 8-12 1-3 4-6 8-10 9-11 12-14 4-5 6-7 8-9 10-11 12-13 14-15",1
95,26,0xD840FBA569EC3712,"2 1 7 3 12 14 9 6 5 10 11 15 0 4 8 13",parallel_methods,14,"2-6 0-2 0-8 4-12 0-4 5-13 4-5 6-7 8-9 13-15 14-15 11-15 10-11 8-10",14,"12-14 5-13 6-14 2-6 0-2 6-7 8-12 4-12 4-5 13-15 14-15 11-15 9-11 10-11",14,"2-6 6-7 8-12 12-13 4-12 5-13 13-15 0-2 0-8 14-15 11-15 8-9 10-11 8-10",32,"0-1 10-11 14-15 12-14 13-15 2-3 4-5 10-11 14-15 3-7 8-12 4-6 5-7 9-11 4-5 6-7 8-9 12-13 5-13 6-14 7-15 3-7 8-12 9-13 1-3 4-6 12-14 0-1 2-3 6-7 10-11 14-15",1
96,26,0xC0D1E798F42AB356,"6 5 3 11 10 2 4 15 8 9 7 14 1 13 0 12",parallel_methods,14,"4-12 0-4 1-5 0-1 4-6 10-14 14-15 7-15 12-14 10-11 3-11 2-3 0-2 10-14",14,"4-12 0-4 10-11 1-5 0-1 3-11 4-6 14-15 7-15 3-7 2-3 0-2 12-14 10-14",14,"10-14 14-15 7-15 4-12 4-5 0-4 4-6 12-14 2-3 2-10 0-2 10-11 10-14 1-5",44,"0-1 2-3 4-5 6-7 10-11 14-15 1-3 4-6 9-11 12-14 0-1 2-3 6-7 8-9 10-11 12-13 2-6 3-7 8-12 9-13 1-3 4-6 9-11 0-1 6-7 8-9 10-11 12-13 5-13 6-14 7-15 2-6 3-7 8-12 9-13 10-14 0-2 1-3 4-6 5-7 9-11 12-14 0-1 10-11",1
97,32,0x7FACE03D81B46925,"5 2 9 6 4 11 1 8 13 3 0 14 12 10 15 7",parallel_methods,18,"0-1 3-7 2-3 2-10 0-2 6-7 5-7 1-5 7-15 11-15 14-15 8-9 9-13 8-9 8-10 1-3 1-9 1-3",18,"0-1 7-15 1-5 1-9 2-3 1-3 2-6 0-2 11-15 9-11 8-9 9-13 14-15 2-10 1-9 0-1 0-2 2-10",18,"5-7 7-15 11-15 14-15 0-1 2-10 0-2 1-5 1-9 8-9 9-13 8-10 8-9 8-10 2-6 2-3 1-3 2-6",44,"0-1 6-7 8-9 10-11 12-13 4-6 9-11 12-14 2-3 4-5 8-9 10-11 2-6 3-7 8-12 9-13 1-3 4-6 9-11 12-14 13-15 0-1 6-7 14-15 5-13 6-14 7-15 2-6 3-7 8-12 9-13 10-14 11-15 1-3 4-6 5-7 8-10 12-14 13-15 0-1 2-3 8-9 12-13 14-15",1
98,30,0xE8B9427F56D30C1A,"10 1 12 0 3 13 6 5 15 7 2 4 9 11 8 14",parallel_methods,16,"0-2 0-4 2-10 8-12 12-14 9-13 5-13 5-7 9-11 8-9 8-12 4-12 14-15 0-1 1-3 0-1",16,"0-2 0-4 0-1 1-3 0-1 2-10 8-12 12-14 9-13 5-13 5-7 9-11 8-9 8-12 4-12 14-15",16,"9-13 5-13 5-7 8-12 12-14 14-15 9-11 8-9 0-8 0-4 0-2 2-3 2-10 8-10 0-8 8-12",44,"0-1 8-9 10-11 14-15 1-3 4-6 8-10 9-11 12-14 0-1 2-3 4-5 6-7 8-9 2-6 3-7 8-12 9-13 10-14 4-6 9-11 12-14 13-15 2-3 4-5 6-7 8-9 10-11 12-13 14-15 5-13 6-14 7-15 3-7 8-12 9-13 4-6 5-7 9-11 12-14 13-15 2-3 10-11 14-15",1
99,32,0x0741BAF6C2583DE9,"9 14 13 3 8 5 2 12 6 15 10 11 1 4 7 0",parallel_methods,17,"12-13 0-8 0-4 2-6 6-14 6-7 4-6 4-12 9-13 1-9 13-15 9-13 8-9 0-8 13-15 14-15 13-15",17,"0-1 0-2 0-1 0-8 0-4 2-6 6-14 6-7 4-6 12-13 4-12 9-13 1-9 13-15 9-13 8-9 0-8",17,"0-1 12-13 9-13 1-9 0-2 2-6 6-14 6-7 0-8 0-4 4-6 4-12 13-15 9-13 8-9 0-8 9-13",37,"4-5 6-7 10-11 1-3 4-6 9-11 12-14 0-1 1-5 2-6 3-7 8-12 1-3 8-10 9-11 0-1 4-5 8-9 10-11 3-11 4-12 5-13 6-14 7-15 2-6 3-7 8-12 0-2 1-3 4-6 9-11 12-14 0-1 4-5 8-9 12-13 14-15",1
100,34,0x9BC8FD4320A75E61,"1 6 14 5 7 10 0 2 3 4 13 15 8 12 11 9",parallel_methods,17,"4-6 1-3 1-5 1-9 0-1 0-4 3-7 6-7 8-10 2-10 2-3 8-12 10-14 11-15 9-11 10-11 12-13",17,"4-6 1-3 1-5 1-9 0-1 0-4 3-7 6-7 8-10 2-10 2-3 8-12 10-14 11-15 9-11 10-11 12-13",17,"8-10 8-12 12-13 1-3 1-5 1-9 0-1 11-15 4-6 0-4 2-10 10-14 9-11 10-11 6-7 2-3 2-6",33,"6-7 10-11 1-3 12-14 2-3 4-5 10-11 12-13 14-15 2-6 3-7 8-12 9-13 1-3 4-6 8-10 9-11 12-14 13-15 0-1 8-9 14-15 6-14 7-15 3-7 8-12 9-13 10-14 4-6 5-7 12-14 8-9 14-15",1
101,24,0x3E5D6709F28C1AB4,"4 11 10 1 12 8 2 15 9 0 7 6 13 5 14 3",parallel_methods,13,"1-3 2-10 2-6 3-11 5-13 7-15 3-7 6-7 8-9 12-13 4-12 0-4 0-8",13,"0-4 1-3 2-10 2-6 3-11 5-13 7-15 3-7 6-7 8-9 0-8 12-13 8-12",13,"10-11 11-15 7-15 2-10 2-6 1-3 3-11 4-12 4-5 0-4 8-9 0-8 5-13",39,"4-5 6-7 8-9 12-13 1-3 4-6 9-11 12-14 0-1 2-6 3-7 8-12 9-13 1-3 4-6 5-7 12-14 2-3 6-7 10-11 12-13 14-15 3-11 4-12 5-13 6-14 7-15 2-6 3-7 8-12 9-13 1-3 4-6 8-10 9-11 12-14 0-1 2-3 8-9",1
102,30,0xE43057C816FBA2D9,"9 13 2 10 11 15 6 1 8 12 7 5 0 3 4 14",parallel_methods,16,"3-11 3-7 4-12 5-7 9-13 1-9 1-3 10-11 12-14 14-15 11-15 7-15 0-4 4-12 12-13 9-13",16,"0-1 5-7 3-11 4-12 0-4 9-13 1-9 1-3 1-5 10-11 12-14 4-12 12-13 14-15 11-15 7-15",16,"9-13 9-11 3-11 10-11 4-12 12-14 14-15 11-15 5-7 7-15 1-9 1-5 0-4 4-12 12-13 9-13",36,"2-3 14-15 1-3 8-10 9-11 12-14 13-15 0-1 4-5 8-9 14-15 2-6 3-7 8-12 1-3 4-6 9-11 0-1 6-7 3-11 4-12 5-13 6-14 7-15 2-6 3-7 8-12 9-13 1-3 8-10 9-11 12-14 0-1 2-3 4-5 12-13",1
103,34,0x26139ADCE58B047F,"15 7 4 0 11 8 5 14 12 13 10 9 3 1 6 2",parallel_methods,18,"9-13 1-3 0-1 1-5 1-9 7-15 6-7 2-6 4-6 5-7 6-14 8-12 8-9 9-11 14-15 3-11 11-15 7-15",18,"0-1 0-2 0-4 8-12 0-8 1-5 2-3 0-2 6-7 5-7 6-14 7-15 3-7 2-3 9-13 1-9 8-9 9-11",18,"6-7 6-14 4-5 5-13 9-13 9-11 4-12 8-12 1-3 0-1 1-5 5-7 7-15 6-7 2-6 4-6 6-7 3-7",34,"0-1 4-5 6-7 12-13 0-2 1-3 4-6 8-10 9-11 12-14 0-1 8-9 14-15 3-7 4-6 8-10 9-11 2-3 8-9 10-11 4-12 5-13 6-14 7-15 1-5 2-6 3-7 8-12 9-13 1-3 4-6 9-11 4-5 12-13",1
104,32,0xACE326FB4D975081,"1 8 0 5 7 9 13 4 11 15 6 2 3 14 12 10",parallel_methods,19,"0-1 4-6 4-12 6-7 4-6 12-13 12-14 8-10 0-8 0-2 2-6 3-11 2-3 9-11 11-15 10-11 1-9 1-5 1-9",19,"0-1 12-13 12-14 5-13 5-7 3-7 4-5 5-7 6-14 9-13 14-15 10-14 6-14 13-15 8-10 0-2 10-11 2-10 8-10",19,"12-13 5-13 5-7 3-7 4-5 5-7 0-1 0-8 0-2 9-13 10-14 6-14 14-15 13-15 10-11 2-10 10-11 10-14 12-14",39,"2-3 1-3 4-6 8-10 9-11 12-14 0-1 8-9 12-13 14-15 3-7 8-12 9-13 4-6 5-7 9-11 12-14 2-3 6-7 8-9 10-11 14-15 5-13 6-14 7-15 2-6 3-7 8-12 9-13 10-14 4-6 5-7 8-10 12-14 13-15 2-3 6-7 8-9 14-15",1
105,36,0x94A7CB1E65830DF2,"2 15 13 0 3 8 5 6 14 1 11 12 7 10 4 9",parallel_methods,18,"0-2 13-15 1-3 0-1 1-9 4-5 6-7 5-7 3-7 9-13 10-11 8-10 12-14 4-12 8-12 14-15 7-15 10-14",18,"0-2 12-13 1-3 0-1 1-9 4-5 6-7 5-7 3-7 8-12 10-11 8-10 12-14 4-12 8-12 13-15 7-15 9-13",18,"2-3 0-2 4-6 4-5 1-9 12-14 4-12 8-12 6-7 3-7 11-15 14-15 12-14 7-15 13-15 9-11 11-15 10-11",38,"6-7 8-9 10-11 14-15 1-3 4-6 9-11 12-14 0-1 4-5 6-7 12-13 2-6 3-7 8-12 8-10 9-11 12-14 2-3 4-5 8-9 10-11 12-13 14-15 5-13 6-14 7-15 3-7 8-12 9-13 1-3 4-6 5-7 12-14 2-3 8-9 10-11 12-13",1
106,32,0x61E7A38D4F0CB529,"9 2 5 11 12 0 15 4 13 8 3 10 7 14 1 6",parallel_methods,16,"0-1 0-2 4-12 4-5 0-4 5-7 4-5 10-11 3-11 8-9 14-15 6-14 13-15 9-13 1-9 14-15",16,"0-1 0-2 4-12 4-5 0-4 5-7 4-5 10-11 3-11 8-9 14-15 6-14 13-15 9-13 1-9 14-15",16,"10-11 3-11 14-15 6-14 13-15 14-15 8-9 9-13 0-1 1-9 4-12 4-5 5-7 0-2 0-4 4-5",40,"0-1 2-3 4-5 8-9 10-11 14-15 1-3 4-6 9-11 2-3 6-7 8-9 12-13 2-6 3-7 8-12 1-3 4-6 5-7 9-11 12-14 0-1 6-7 12-13 4-12 5-13 6-14 7-15 2-6 3-7 8-12 9-13 1-3 4-6 5-7 9-11 12-14 2-3 6-7 8-9",1
107,36,0xA9F85261EDB7C403,"3 0 4 12 7 11 13 14 1 6 2 5 8 15 9 10",parallel_methods,19,"0-1 1-3 1-5 4-6 4-5 6-7 8-9 1-9 8-12 4-12 9-11 14-15 13-15 9-13 5-13 10-14 6-14 2-6 4-6",19,"0-1 8-9 1-3 1-5 1-9 2-6 2-10 4-5 8-12 4-12 4-6 10-14 11-15 7-15 5-7 10-11 9-11 14-15 13-15",19,"11-15 13-15 5-13 0-2 2-3 2-10 4-6 6-7 10-14 10-11 8-9 8-12 12-14 6-14 0-4 0-1 1-9 9-13 9-11",41,"0-1 2-3 6-7 10-11 14-15 4-6 5-7 9-11 12-14 2-3 6-7 12-13 14-15 3-7 8-12 9-13 10-14 11-15 4-6 5-7 12-14 13-15 6-7 12-13 14-15 4-12 5-13 6-14 7-15 2-6 3-7 8-12 1-3 4-6 8-10 9-11 12-14 8-9 10-11 12-13 14-15",1
108,32,0xF43CE58D972B60A1,"1 10 0 6 11 2 7 9 13 8 5 14 12 3 4 15",parallel_methods,17,"10-11 3-7 1-3 3-11 6-7 8-9 9-13 1-9 1-3 1-5 0-1 0-2 4-6 6-14 4-6 10-14 10-11",17,"0-1 0-2 8-9 2-10 2-3 3-7 3-11 4-5 5-7 3-7 6-7 6-14 4-6 2-6 9-13 9-11 3-11",17,"3-7 6-7 8-9 9-13 10-11 9-11 1-9 1-5 0-1 0-2 3-11 12-14 4-12 12-14 10-14 9-11 10-11",39,"2-3 4-5 6-7 8-9 10-11 12-13 14-15 1-3 4-6 9-11 12-14 0-1 4-5 6-7 8-9 10-11 14-15 3-7 8-12 9-13 4-6 9-11 2-3 6-7 12-13 5-13 6-14 7-15 3-7 8-12 9-13 10-14 11-15 4-6 12-14 13-15 6-7 12-13 14-15",1
109,30,0xDE3F925C0BA48761,"1 6 7 8 4 10 11 0 12 5 2 9 15 3 14 13",parallel_methods,16,"9-13 1-3 1-9 2-3 2-6 2-10 3-7 1-3 0-1 5-13 12-13 8-12 13-15 8-9 9-11 10-11",16,"0-1 0-2 6-7 2-6 0-2 2-3 2-10 3-7 9-13 5-13 9-11 3-11 12-13 8-12 8-10 13-15",16,"5-13 12-13 13-15 8-12 2-3 2-10 8-10 1-5 5-7 6-7 3-7 9-11 3-11 1-3 1-5 0-1",40,"2-3 8-9 10-11 12-13 4-6 9-11 12-14 2-3 8-9 12-13 14-15 2-6 3-7 8-12 9-13 10-14 1-3 4-6 5-7 12-14 0-1 6-7 14-15 5-13 6-14 7-15 2-6 3-7 8-12 9-13 10-14 11-15 4-6 12-14 13-15 2-3 6-7 8-9 12-13 14-15",1
110,36,0xA581C497B62ED0F3,"3 15 0 13 14 2 6 11 7 9 4 12 1 8 5 10",parallel_methods,19,"11-15 1-3 1-5 0-1 0-2 3-7 8-10 10-11 3-11 12-13 5-13 8-12 4-12 14-15 7-15 12-14 3-7 1-3 1-5",19,"0-1 14-15 0-8 1-3 1-5 0-1 0-2 7-15 8-10 10-11 10-14 11-15 12-13 5-13 1-5 5-7 8-12 4-12 12-14",19,"1-5 0-1 0-2 1-3 12-13 8-12 5-13 1-5 14-15 7-15 11-15 13-15 12-13 5-13 5-7 10-14 6-14 4-6 6-14",41,"2-3 4-5 6-7 10-11 14-15 1-3 4-6 9-11 12-14 0-1 4-5 6-7 8-9 10-11 14-15 2-6 3-7 8-12 9-13 1-3 4-6 9-11 12-14 2-3 4-5 8-9 12-13 4-12 5-13 6-14 7-15 3-7 8-12 1-3 4-6 8-10 9-11 2-3 6-7 8-9 10-11",1
111,32,0xB2317AF065D9C8E4,"4 14 8 12 9 13 5 6 0 15 10 7 1 3 2 11",parallel_methods,18,"0-4 11-15 6-7 9-13 1-9 1-3 0-1 0-8 8-12 8-9 1-9 10-14 2-10 8-10 10-14 7-15 13-15 5-13",18,"0-4 0-1 5-13 0-8 3-11 6-7 5-7 3-7 8-12 9-11 8-9 1-9 11-15 0-2 12-14 8-12 0-8 0-2",18,"3-11 9-11 11-15 0-4 9-13 12-13 6-7 0-1 0-2 0-8 1-9 5-13 10-14 2-10 10-14 5-7 3-7 1-3",38,"2-3 6-7 14-15 1-3 9-11 12-14 4-5 14-15 2-6 3-7 8-12 1-3 4-6 9-11 12-14 4-5 8-9 12-13 14-15 3-11 4-12 5-13 6-14 7-15 0-4 1-5 2-6 3-7 8-12 0-2 1-3 9-11 12-14 0-1 2-3 8-9 12-13 14-15",1
112,28,0x37D9C2BE1A6850F4,"4 15 0 5 8 6 10 1 14 11 2 12 9 13 7 3",parallel_methods,17,"9-11 1-3 3-7 7-15 8-12 8-9 12-14 4-12 4-5 8-12 4-6 0-4 0-2 2-10 1-3 3-7 5-7",17,"11-15 0-4 0-2 1-3 2-10 3-11 5-7 1-5 6-14 6-7 8-10 10-14 14-15 12-14 14-15 11-15 9-11",17,"6-14 5-7 6-7 0-4 1-5 0-8 0-2 2-10 10-14 11-15 3-11 9-11 12-13 9-13 5-13 13-15 12-13",33,"2-3 4-5 8-9 10-11 1-3 4-6 9-11 0-1 8-9 12-13 3-7 8-12 1-3 4-6 9-11 12-14 2-3 8-9 12-13 14-15 5-13 6-14 7-15 2-6 3-7 8-12 9-13 10-14 4-6 5-7 12-14 2-3 8-9",1
113,38,0x2C70456BDA18EF39,"9 3 15 14 8 1 10 13 11 6 5 4 0 7 12 2",parallel_methods,20,"2-3 2-6 2-10 8-9 7-15 3-7 2-3 1-3 1-5 8-12 0-8 9-11 8-9 12-14 6-14 13-15 7-15 0-4 0-8 0-4",20,"0-1 7-15 2-3 2-6 2-10 0-2 0-4 3-7 2-3 8-9 8-12 0-8 9-11 1-9 1-5 4-5 12-14 6-14 13-15 7-15",20,"2-6 2-10 2-3 1-3 1-5 7-15 13-15 6-7 7-15 2-6 8-9 8-12 12-14 6-14 0-8 9-11 8-9 0-8 0-4 0-8",38,"0-1 4-5 6-7 8-9 4-6 5-7 8-10 9-11 12-14 2-3 6-7 8-9 14-15 2-6 3-7 8-12 9-13 1-3 9-11 0-1 4-5 10-11 12-13 2-10 3-11 4-12 5-13 6-14 7-15 2-6 3-7 8-12 1-3 8-10 9-11 0-1 4-5 6-7",1
114,26,0x9D8CA4FB71E06352,"2 5 3 6 0 14 1 7 11 15 4 10 12 8 13 9",parallel_methods,14,"2-3 2-6 0-2 8-10 10-11 5-13 1-5 0-1 0-8 0-4 13-15 9-13 14-15 13-15",14,"2-3 2-6 0-2 5-13 1-5 0-1 8-10 0-8 0-4 10-11 13-15 9-13 14-15 13-15",14,"5-13 13-15 14-15 9-13 13-15 1-5 8-10 10-11 2-3 2-6 0-2 0-1 0-8 0-4",40,"2-3 6-7 10-11 12-13 1-3 4-6 8-10 9-11 12-14 2-3 4-5 6-7 8-9 14-15 2-6 3-7 8-12 9-13 0-2 1-3 4-6 5-7 9-11 12-14 0-1 6-7 8-9 10-11 12-13 14-15 7-15 8-12 9-13 10-14 5-7 8-10 12-14 4-5 6-7 14-15",1
115,34,0xF76A450C39D28E1B,"11 1 14 8 2 13 9 3 12 0 5 4 10 6 7 15",parallel_methods,17,"2-6 0-2 2-3 10-11 3-11 3-7 5-13 5-7 6-14 6-7 8-12 8-10 0-8 0-4 0-2 8-9 0-8",17,"2-6 0-2 2-3 10-11 3-11 3-7 5-13 5-7 6-14 6-7 8-12 8-10 0-8 0-4 0-2 8-9 0-8",17,"8-12 8-10 5-13 0-8 0-4 4-5 3-11 3-7 2-6 0-2 8-9 9-11 0-8 8-9 6-14 6-7 4-6",43,"0-1 8-9 12-13 14-15 1-3 4-6 9-11 12-14 2-3 4-5 6-7 14-15 2-6 3-7 8-12 9-13 10-14 1-3 4-6 9-11 12-14 13-15 4-5 10-11 12-13 14-15 3-11 4-12 5-13 6-14 7-15 3-7 8-12 9-13 1-3 4-6 9-11 12-14 0-1 2-3 8-9 12-13 14-15",1
116,38,0x2174086AEBF95D3C,"12 3 13 5 9 15 11 14 10 6 8 0 4 7 1 2",parallel_methods,19,"0-4 9-11 4-12 5-13 6-7 3-7 3-11 2-3 1-3 1-9 0-1 5-7 8-10 14-15 6-14 2-6 13-15 9-13 1-9",19,"0-4 9-11 6-7 3-7 3-11 2-3 1-3 1-9 0-1 4-12 5-7 8-10 14-15 6-14 2-6 13-15 7-15 9-13 1-9",19,"0-4 4-12 8-10 6-7 3-7 5-13 5-7 3-11 14-15 13-15 6-14 2-3 1-3 1-9 9-13 0-1 1-9 0-2 2-6",41,"0-1 6-7 8-9 14-15 1-3 4-6 9-11 2-3 4-5 6-7 8-9 12-13 2-6 3-7 8-12 4-6 5-7 8-10 9-11 12-14 2-3 6-7 8-9 12-13 14-15 2-10 3-11 4-12 5-13 6-14 7-15 1-5 2-6 3-7 0-2 1-3 8-10 0-1 2-3 6-7 8-9",1
117,30,0xC8F25694EB70AD13,"3 1 13 10 0 7 11 14 4 9 6 5 2 15 8 12",parallel_methods,16,"0-2 0-4 3-11 6-7 3-7 5-7 8-12 4-12 10-14 6-14 8-10 13-15 12-13 10-11 3-11 2-3",16,"11-15 0-2 0-4 2-3 2-10 6-7 7-15 5-7 11-15 12-14 6-14 2-6 8-12 4-12 13-15 12-13",16,"0-2 0-8 0-4 2-3 12-14 10-14 2-10 6-14 14-15 11-15 7-15 5-7 8-12 12-14 14-15 13-15",38,"0-1 6-7 14-15 4-6 5-7 9-11 12-14 2-3 6-7 12-13 14-15 2-6 3-7 8-12 9-13 10-14 1-3 4-6 12-14 0-1 2-3 6-7 10-11 4-12 5-13 6-14 7-15 3-7 8-12 9-13 4-6 8-10 9-11 12-14 2-3 8-9 12-13 14-15",1
118,34,0xFA27D0C51B36E489,"9 8 4 14 6 3 11 1 5 12 0 13 7 2 10 15",parallel_methods,19,"0-1 12-13 2-6 2-3 2-10 4-6 5-7 8-9 8-12 0-8 0-2 10-14 9-13 9-11 3-11 3-7 1-9 1-5 5-13",19,"0-1 0-8 2-6 2-3 2-10 4-6 5-7 9-13 1-9 0-1 0-2 1-5 10-14 12-13 7-15 11-15 3-11 13-15 7-15",19,"2-6 2-3 2-10 10-14 4-6 9-13 9-11 3-11 12-13 0-1 0-8 9-13 1-9 1-5 5-7 0-1 1-5 0-2 2-3",45,"0-1 2-3 4-5 10-11 12-13 14-15 1-3 4-6 9-11 12-14 13-15 0-1 2-3 8-9 10-11 14-15 1-5 2-6 3-7 8-12 9-13 0-2 1-3 4-6 9-11 12-14 0-1 4-5 14-15 4-12 5-13 6-14 7-15 2-6 3-7 8-12 9-13 10-14 1-3 4-6 12-14 0-1 6-7 10-11 14-15",1
119,30,0xE4FB2D6A31789C50,"0 5 12 9 8 7 1 3 10 6 13 2 11 15 4 14",parallel_methods,16,"12-14 3-11 4-12 9-11 10-11 2-10 2-6 2-3 8-10 8-12 14-15 11-15 13-15 5-7 1-5 1-3",16,"1-5 3-11 12-14 4-12 9-11 10-11 2-10 2-6 2-3 1-3 3-7 8-10 8-12 14-15 11-15 13-15",16,"12-14 14-15 3-11 9-11 4-12 11-15 8-10 8-12 2-3 3-7 7-15 6-7 5-7 1-5 13-15 12-13",38,"4-5 6-7 8-9 14-15 9-11 12-14 2-3 4-5 8-9 10-11 12-13 2-6 3-7 8-12 9-13 10-14 1-3 12-14 4-5 10-11 14-15 5-13 6-14 7-15 3-7 8-12 9-13 10-14 4-6 5-7 8-10 12-14 13-15 2-3 6-7 8-9 12-13 14-15",1
120,32,0xB8E713205F96AD4C,"12 4 13 10 6 9 15 5 0 2 3 1 7 14 8 11",parallel_methods,17,"0-8 1-5 1-9 2-3 2-10 3-11 1-3 2-3 11-15 12-14 6-14 8-12 13-15 14-15 4-5 5-7 6-7",17,"4-12 0-8 1-5 1-9 2-3 2-10 3-11 1-3 2-3 4-5 5-7 11-15 12-14 6-14 8-12 13-15 14-15",17,"1-5 9-11 1-9 0-8 12-14 8-12 10-11 3-11 2-10 10-11 4-5 5-7 6-14 6-7 11-15 13-15 14-15",43,"0-1 14-15 1-3 4-6 9-11 12-14 2-3 10-11 12-13 14-15 1-5 2-6 3-7 8-12 9-13 10-14 11-15 1-3 4-6 12-14 13-15 4-5 6-7 12-13 14-15 3-11 4-12 5-13 6-14 7-15 0-4 1-5 2-6 3-7 8-12 0-2 1-3 8-10 9-11 12-14 0-1 2-3 12-13",1
121,34,0x0AE19F4B2D586C37,"7 3 12 6 8 5 13 2 11 4 15 9 1 14 10 0",parallel_methods,17,"0-2 0-4 2-3 6-7 2-6 4-12 7-15 3-7 1-3 8-9 0-8 0-4 0-1 9-11 10-14 13-15 14-15",17,"0-2 0-4 2-3 6-7 2-6 4-12 7-15 3-7 1-3 8-9 0-8 0-4 0-1 9-11 10-14 13-15 14-15",17,"8-9 9-11 6-7 7-15 13-15 10-14 14-15 4-12 8-12 0-2 0-4 4-12 2-3 3-7 1-3 0-1 2-6",39,"0-1 4-5 8-9 1-3 4-6 9-11 12-14 2-3 10-11 12-13 2-6 3-7 8-12 9-13 1-3 4-6 9-11 0-1 6-7 8-9 12-13 5-13 6-14 7-15 2-6 3-7 8-12 9-13 0-2 1-3 4-6 12-14 13-15 0-1 4-5 6-7 8-9 10-11 14-15",1
122,36,0x76C0E5A294B381DF,"15 13 1 8 3 11 4 9 2 10 5 14 0 12 6 7",parallel_methods,19,"0-2 1-5 1-3 0-1 7-15 4-6 2-6 6-14 8-10 8-12 0-8 11-15 9-11 12-13 5-13 14-15 2-10 10-11 3-11",19,"4-5 0-2 1-5 1-3 0-1 4-6 2-6 6-14 7-15 8-10 2-10 8-12 0-8 11-15 9-11 10-11 12-13 5-13 14-15",19,"8-10 8-12 12-13 1-5 5-13 7-15 0-4 4-6 6-14 11-15 14-15 1-3 0-1 0-8 9-11 2-10 10-11 3-11 1-3",41,"0-1 2-3 6-7 10-11 14-15 0-2 1-3 4-6 9-11 12-14 0-1 4-5 6-7 10-11 12-13 14-15 2-6 3-7 8-12 9-13 1-3 9-11 12-14 4-5 8-9 3-11 4-12 5-13 6-14 7-15 2-6 3-7 8-12 9-13 1-3 4-6 9-11 12-14 0-1 8-9 12-13",1
123,36,0x605A7DF382E419CB,"11 12 9 1 4 14 2 8 3 15 13 7 10 5 0 6",parallel_methods,19,"0-1 0-8 0-2 1-3 3-11 12-14 5-7 5-13 7-15 8-12 0-8 9-13 8-9 10-14 14-15 13-15 3-7 2-3 2-6",19,"0-1 12-14 1-3 0-8 0-2 2-6 3-11 5-7 5-13 6-7 3-7 8-12 0-8 9-13 8-9 10-14 14-15 6-14 13-15",19,"5-13 0-1 1-3 0-8 8-12 10-14 2-10 8-10 3-11 7-15 13-15 9-13 8-9 14-15 13-15 6-7 3-7 0-2 2-3",41,"6-7 12-13 14-15 0-2 1-3 4-6 9-11 12-14 0-1 4-5 12-13 1-5 2-6 3-7 8-12 1-3 4-6 8-10 9-11 12-14 4-5 6-7 8-9 12-13 3-11 4-12 5-13 6-14 7-15 2-6 3-7 8-12 9-13 1-3 4-6 9-11 12-14 0-1 2-3 8-9 14-15",1
124,38,0xD4102965B3A7ECF8,"8 15 12 14 7 10 3 11 5 6 9 2 0 1 4 13",parallel_methods,20,"8-9 1-5 1-9 3-7 3-11 5-13 1-5 6-7 6-14 4-6 8-10 2-10 8-9 8-10 8-12 0-8 13-15 2-3 3-7 6-7",20,"0-2 0-8 1-5 0-1 0-2 3-7 10-11 2-10 5-13 1-5 6-7 6-14 4-6 8-12 0-8 9-11 3-11 3-7 6-7 13-15",20,"8-12 0-8 5-13 1-5 12-13 5-13 13-15 10-11 9-11 2-6 6-14 4-6 3-7 3-11 2-3 12-14 6-7 6-14 2-6 2-10",38,"2-3 6-7 14-15 1-3 4-6 9-11 12-14 13-15 8-9 10-11 14-15 1-5 2-6 3-7 8-12 0-2 1-3 9-11 0-1 12-13 2-10 3-11 4-12 5-13 6-14 7-15 1-5 2-6 3-7 8-12 0-2 1-3 5-7 8-10 0-1 2-3 10-11 12-13",1
125,34,0x0C2A593FB7DE4681,"1 8 6 4 14 13 7 11 15 3 9 5 10 2 12 0",parallel_methods,17,"0-1 3-7 13-15 6-7 4-6 8-10 9-11 3-11 9-13 5-13 8-9 0-8 12-14 10-14 14-15 6-14 2-6",17,"0-1 3-7 11-15 6-7 4-6 8-10 9-11 3-11 8-9 0-8 12-14 10-14 13-15 5-13 14-15 6-14 2-6",17,"8-12 8-10 1-9 8-9 1-3 0-1 7-15 11-15 6-7 12-13 12-14 4-6 6-14 2-6 0-4 13-15 5-13",35,"4-5 6-7 8-9 12-13 1-3 9-11 12-14 4-5 3-7 8-12 9-13 4-6 5-7 9-11 4-5 6-7 8-9 10-11 12-13 4-12 5-13 6-14 7-15 1-5 2-6 3-7 8-12 9-13 1-3 9-11 12-14 0-1 4-5 12-13 14-15",1
126,28,0xAF18EB094CD35726,"6 2 7 5 3 13 12 4 9 0 11 14 8 1 15 10",parallel_methods,15,"10-11 1-3 2-3 4-6 5-13 1-5 6-7 3-7 8-9 14-15 10-14 8-12 4-12 0-4 4-6",15,"10-11 4-6 0-4 1-3 2-3 5-13 1-5 6-7 3-7 4-6 8-9 0-8 8-12 14-15 10-14",15,"5-13 1-3 1-5 4-6 2-6 2-3 11-15 14-15 6-7 4-12 0-4 4-6 10-11 8-9 0-8",41,"0-1 8-9 10-11 12-13 1-3 4-6 12-14 13-15 2-3 4-5 6-7 10-11 14-15 2-6 3-7 8-12 9-13 1-3 4-6 5-7 9-11 12-14 6-7 12-13 14-15 6-14 7-15 2-6 3-7 8-12 9-13 0-2 1-3 4-6 5-7 12-14 13-15 0-1 8-9 10-11 14-15",1
127,40,0xAC870E65B1394F2D,"13 2 15 4 9 3 1 11 5 6 14 0 7 8 12 10",parallel_methods,21,"0-1 9-11 2-6 0-2 3-7 3-11 5-7 3-7 4-5 1-5 6-7 8-9 9-13 5-13 12-14 14-15 7-15 10-14 0-8 8-9 1-9",21,"0-1 0-2 0-4 0-8 1-5 8-9 3-7 3-11 1-3 0-1 4-6 12-13 5-13 5-7 4-5 1-5 8-12 12-14 6-14 14-15 10-14",21,"12-14 14-15 10-14 0-1 2-6 0-2 7-15 1-5 1-3 0-1 0-4 9-11 8-9 0-8 9-13 5-13 8-9 11-15 6-14 14-15 6-14",45,"0-1 4-5 6-7 1-3 4-6 9-11 12-14 13-15 2-3 8-9 10-11 14-15 2-6 3-7 8-12 9-13 10-14 1-3 9-11 12-14 13-15 0-1 4-5 8-9 10-11 12-13 14-15 4-12 5-13 6-14 7-15 3-7 8-12 9-13 1-3 4-6 5-7 9-11 12-14 0-1 2-3 4-5 6-7 8-9 12-13",1
128,34,0xA5C18E7F246390BD,"13 11 0 9 3 6 4 2 15 7 14 8 1 12 5 10",parallel_methods,17,"0-4 0-2 1-3 12-13 4-5 4-6 9-11 3-11 3-7 2-3 8-9 9-13 1-9 14-15 10-14 13-15 5-13",17,"0-4 0-2 1-3 12-13 4-5 4-6 9-11 3-11 3-7 2-3 8-9 9-13 1-9 14-15 10-14 13-15 5-13",17,"0-4 4-5 4-6 0-2 12-13 1-9 9-11 8-9 1-3 3-7 9-13 1-9 2-3 14-15 13-15 5-13 10-14",39,"0-1 2-3 8-9 14-15 0-2 1-3 4-6 9-11 12-14 0-1 4-5 12-13 14-15 1-5 2-6 3-7 8-12 9-13 1-3 8-10 9-11 8-9 12-13 5-13 6-14 7-15 3-7 8-12 9-13 10-14 1-3 4-6 5-7 12-14 13-15 2-3 4-5 10-11 14-15",1
129,34,0x198F0B4DCE25736A,"10 6 3 7 5 2 14 12 13 4 11 0 15 8 9 1",parallel_methods,19,"1-5 4-5 7-15 3-7 1-3 2-3 8-9 0-8 9-13 14-15 12-14 11-15 14-15 6-14 4-6 0-4 8-9 9-11 10-11",19,"1-5 4-5 7-15 3-7 1-3 2-3 8-9 14-15 10-11 12-13 8-12 13-15 9-13 4-12 0-2 2-10 0-2 12-14 6-14",19,"7-15 5-7 3-7 2-3 1-5 4-5 12-14 8-12 8-9 12-13 14-15 6-14 4-6 10-11 0-8 8-10 8-12 4-12 0-4",43,"0-1 2-3 4-5 8-9 12-13 1-3 4-6 5-7 9-11 12-14 0-1 6-7 8-9 12-13 2-6 3-7 8-12 9-13 1-3 4-6 5-7 9-11 12-14 0-1 6-7 14-15 5-13 6-14 7-15 2-6 3-7 8-12 9-13 0-2 1-3 4-6 9-11 12-14 0-1 4-5 6-7 10-11 14-15",1
130,32,0xC6B248AF97D013E5,"5 14 3 1 0 13 7 9 15 10 8 4 2 11 6 12",parallel_methods,18,"13-15 0-4 1-3 3-7 6-7 6-14 8-12 8-10 11-15 12-13 13-15 5-13 4-5 2-3 2-10 8-9 8-10 8-9",18,"13-15 0-4 1-3 3-7 6-7 6-14 8-12 8-10 11-15 12-13 13-15 5-13 4-5 2-10 3-11 9-11 10-11 3-11",18,"13-15 8-12 12-13 0-4 11-15 13-15 5-13 4-5 1-3 2-3 6-7 6-14 8-10 2-10 10-14 8-10 8-9 8-10",40,"6-7 8-9 14-15 0-2 1-3 4-6 8-10 9-11 12-14 0-1 4-5 6-7 8-9 14-15 3-7 8-12 9-13 1-3 4-6 9-11 12-14 0-1 2-3 8-9 10-11 12-13 5-13 6-14 7-15 3-7 8-12 9-13 4-6 5-7 12-14 2-3 6-7 10-11 12-13 14-15",1
131,22,0x1E7CA9D8F3B45062,"2 6 0 5 4 11 3 15 8 13 9 10 12 7 14 1",parallel_methods,12,"0-2 1-3 5-13 7-15 3-7 6-7 9-13 10-11 9-11 3-7 5-7 1-5",12,"0-1 0-2 1-3 1-5 2-6 2-3 10-11 13-15 7-15 9-13 1-9 9-11",12,"13-15 5-13 9-13 10-11 9-11 0-2 1-5 5-7 6-7 3-7 5-7 7-15",34,"2-3 6-7 10-11 12-13 1-3 4-6 9-11 12-14 0-1 2-6 3-7 8-12 9-13 4-6 5-7 9-11 2-3 6-7 10-11 12-13 6-14 7-15 3-7 8-12 9-13 10-14 1-3 5-7 12-14 2-3 4-5 6-7 8-9 10-11",1
132,38,0x51FC0B674A23E8D9,"9 13 8 14 3 2 10 4 7 6 11 0 12 15 1 5",parallel_methods,19,"0-8 0-2 1-5 2-3 2-6 6-14 4-6 6-7 3-7 8-9 0-8 0-4 0-1 4-6 10-11 2-10 0-2 13-15 5-13",19,"0-8 0-2 1-5 2-3 2-6 6-14 4-6 6-7 3-7 8-9 0-8 0-4 0-1 4-6 10-11 2-10 0-2 13-15 5-13",19,"13-15 1-5 5-13 3-11 10-11 6-14 10-14 0-8 8-9 0-2 0-8 2-6 6-7 0-4 4-6 0-2 2-3 0-1 0-2",47,"2-3 4-5 8-9 14-15 1-3 4-6 5-7 9-11 0-1 2-3 6-7 8-9 10-11 12-13 1-5 2-6 3-7 8-12 9-13 0-2 1-3 12-14 0-1 2-3 4-5 10-11 12-13 14-15 3-11 4-12 5-13 6-14 7-15 2-6 3-7 8-12 9-13 0-2 1-3 4-6 9-11 12-14 0-1 8-9 10-11 12-13 14-15",1
133,36,0xB32C954D71806FAE,"14 10 15 6 0 8 1 7 13 4 5 9 12 2 3 11",parallel_methods,19,"8-9 2-3 2-6 0-2 2-10 9-13 9-11 3-11 2-3 1-3 1-5 0-1 0-8 0-4 10-14 11-15 2-10 2-3 2-10",19,"0-1 2-10 0-2 8-9 9-13 1-9 0-1 1-5 9-11 10-11 10-14 2-10 2-3 2-6 0-2 0-1 0-8 0-4 11-15",19,"8-9 0-8 0-4 8-10 10-14 9-13 2-10 2-3 2-6 8-9 1-9 9-11 10-11 11-15 1-5 0-1 0-8 0-2 0-1",41,"0-1 6-7 8-9 10-11 12-13 14-15 1-3 4-6 9-11 12-14 0-1 2-3 4-5 6-7 12-13 14-15 1-5 2-6 3-7 8-12 9-13 0-2 1-3 9-11 0-1 8-9 10-11 12-13 4-12 5-13 6-14 7-15 2-6 3-7 8-12 9-13 9-11 2-3 4-5 10-11 12-13",1
134,30,0x9B356F8C04E27AD1,"1 13 10 7 2 14 4 0 12 8 15 6 5 3 11 9",parallel_methods,16,"3-7 4-6 5-13 1-5 1-3 0-1 10-14 10-11 2-10 2-6 12-13 5-13 14-15 12-14 8-12 8-9",16,"4-6 8-12 3-7 5-13 1-5 1-3 0-1 8-9 10-11 2-10 2-6 13-15 9-13 5-13 14-15 11-15",16,"5-13 12-13 1-5 5-13 3-7 1-3 0-1 4-6 10-14 14-15 12-14 8-12 8-9 10-11 2-10 2-6",40,"8-9 12-13 1-3 4-6 9-11 12-14 13-15 4-5 8-9 10-11 14-15 1-5 2-6 3-7 8-12 9-13 1-3 4-6 8-10 9-11 0-1 4-5 6-7 8-9 12-13 5-13 6-14 7-15 3-7 8-12 9-13 4-6 5-7 9-11 12-14 4-5 6-7 10-11 12-13 14-15",1
135,34,0x06A5CF391D7E84B2,"2 11 4 8 14 7 13 1 9 3 15 12 5 10 6 0",parallel_methods,19,"0-2 13-15 5-7 6-14 9-11 3-11 8-9 10-11 12-13 4-12 0-4 14-15 1-5 5-13 13-15 11-15 10-14 12-14 8-12",19,"0-2 9-11 3-11 4-6 4-12 5-7 6-14 8-9 10-11 11-15 12-13 8-12 8-10 1-9 0-4 9-11 1-9 0-1 1-5",19,"0-2 6-14 1-9 9-11 5-7 1-3 8-9 13-15 12-13 4-12 0-4 14-15 1-5 5-13 10-14 13-15 14-15 12-14 8-12",39,"2-3 4-5 8-9 1-3 4-6 12-14 4-5 10-11 12-13 2-6 3-7 8-12 1-3 4-6 5-7 8-10 9-11 12-14 0-1 2-3 6-7 8-9 12-13 4-12 5-13 6-14 7-15 2-6 3-7 8-12 9-13 1-3 4-6 9-11 12-14 0-1 2-3 12-13 14-15",1
136,34,0x39BC56E842A01D7F,"15 7 13 1 0 10 2 4 8 14 6 5 12 11 9 3",parallel_methods,17,"0-2 0-4 1-3 2-6 4-5 6-7 4-6 7-15 3-7 9-11 9-13 5-13 10-14 6-14 10-11 9-11 10-14",17,"0-2 0-4 1-3 2-6 4-5 6-7 4-6 7-15 3-7 9-11 9-13 5-13 10-14 6-14 10-11 9-11 10-14",17,"0-4 1-3 4-5 5-7 7-15 3-7 2-6 4-6 4-5 10-14 9-11 9-13 10-11 9-11 5-13 6-14 10-14",39,"0-1 6-7 12-13 1-3 4-6 8-10 9-11 0-1 4-5 6-7 8-9 12-13 1-5 2-6 3-7 8-12 9-13 10-14 1-3 9-11 12-14 0-1 4-5 8-9 10-11 5-13 6-14 7-15 3-7 8-12 9-13 4-6 5-7 9-11 12-14 4-5 6-7 10-11 12-13",1
137,34,0x627D1B3980A4CEF5,"5 15 14 12 4 10 0 8 9 3 11 1 13 7 2 6",parallel_methods,18,"3-11 1-5 0-1 2-6 0-2 5-13 5-7 1-5 1-9 1-3 8-9 10-11 10-14 2-10 13-15 12-13 12-14 6-14",18,"0-1 1-5 7-15 1-3 1-9 2-6 0-2 3-11 1-3 6-14 2-6 6-7 8-9 10-11 13-15 7-15 12-13 8-12",18,"1-9 1-3 1-5 5-13 12-13 5-7 0-1 1-5 9-11 1-9 8-9 2-6 0-2 10-14 2-10 14-15 6-14 11-15",38,"6-7 8-9 12-13 14-15 1-3 4-6 9-11 4-5 8-9 10-11 12-13 1-5 2-6 3-7 8-12 9-13 0-2 1-3 9-11 12-14 0-1 14-15 3-11 4-12 5-13 6-14 7-15 1-5 2-6 3-7 8-12 1-3 4-6 8-10 9-11 4-5 8-9 12-13",1
138,30,0xF0827A4D61B53C9E,"14 9 12 3 5 11 1 6 13 4 10 7 2 8 0 15",parallel_methods,17,"8-12 0-8 0-2 1-9 6-7 5-7 1-5 4-5 12-13 8-12 12-14 11-15 7-15 11-15 0-4 4-12 0-4",17,"8-12 0-8 0-2 1-9 6-7 5-7 1-5 4-5 12-13 8-12 12-14 0-4 3-7 3-11 3-7 4-12 0-4",17,"8-12 12-13 6-7 1-9 0-8 8-12 12-14 0-2 0-4 4-12 0-1 0-4 5-7 3-7 3-11 3-7 1-5",37,"0-1 6-7 8-9 14-15 1-3 4-6 9-11 12-14 0-1 4-5 1-5 2-6 3-7 8-12 9-13 1-3 9-11 0-1 4-5 12-13 4-12 5-13 6-14 7-15 2-6 3-7 8-12 9-13 1-3 4-6 9-11 12-14 0-1 4-5 6-7 8-9 14-15",1
139,36,0x438F970BD2E6C5A1,"1 10 5 12 6 14 2 13 11 0 7 9 15 8 3 4",parallel_methods,18,"0-1 12-13 2-3 0-2 2-10 2-6 8-9 0-8 8-12 9-11 14-15 7-15 3-7 5-7 6-7 6-14 4-6 13-15",18,"0-1 12-13 2-3 0-2 2-10 2-6 8-9 0-8 8-12 9-11 14-15 7-15 3-7 5-7 6-7 6-14 4-6 13-15",18,"8-9 9-11 1-3 0-1 0-8 12-13 8-12 2-3 2-10 2-6 14-15 7-15 13-15 3-7 5-7 6-7 6-14 4-6",44,"2-3 6-7 8-9 10-11 12-13 14-15 1-3 4-6 9-11 2-3 4-5 12-13 2-6 3-7 8-12 9-13 1-3 4-6 5-7 9-11 12-14 2-3 6-7 12-13 14-15 4-12 5-13 6-14 7-15 2-6 3-7 8-12 1-3 4-6 8-10 9-11 12-14 0-1 2-3 4-5 6-7 8-9 12-13 14-15",1
140,36,0x7B2F53AE8C0194D6,"6 13 4 9 1 0 12 8 14 10 3 5 15 2 11 7",parallel_methods,19,"0-2 0-4 1-5 0-1 7-15 11-15 10-11 3-11 8-10 9-11 13-15 5-13 14-15 6-14 2-6 12-14 11-15 14-15 10-14",19,"0-2 0-4 8-9 1-5 0-1 7-15 11-15 10-11 3-11 8-10 9-11 13-15 5-13 14-15 6-14 2-6 11-15 12-14 14-15",19,"9-11 1-9 4-5 1-5 10-11 3-11 9-13 0-2 0-4 7-15 9-11 14-15 12-14 11-15 14-15 6-14 2-6 8-12 12-14",43,"2-3 4-5 8-9 10-11 12-13 1-3 4-6 5-7 8-10 9-11 12-14 0-1 6-7 8-9 12-13 14-15 2-6 3-7 8-12 9-13 0-2 1-3 4-6 9-11 12-14 0-1 4-5 10-11 4-12 5-13 6-14 7-15 2-6 3-7 8-12 9-13 4-6 12-14 13-15 2-3 6-7 10-11 14-15",1
141,38,0x427FC380B1AE5D69,"9 6 13 5 14 10 1 11 0 8 3 12 15 7 2 4",parallel_methods,20,"4-6 0-8 6-14 7-15 5-7 3-7 2-3 1-3 2-10 2-3 2-6 4-5 1-5 8-9 11-15 13-15 12-13 7-15 13-15 5-13",20,"0-1 0-2 0-1 0-8 3-7 4-6 4-5 1-5 5-13 5-7 8-9 10-11 3-11 10-14 12-14 14-15 6-14 4-6 2-6 2-10",20,"10-11 3-7 3-11 0-8 8-9 5-13 5-7 12-13 13-15 2-6 6-14 12-14 12-13 4-12 10-14 12-14 1-3 2-3 2-6 1-3",42,"0-1 4-5 6-7 10-11 12-13 14-15 1-3 4-6 9-11 0-1 2-3 4-5 10-11 12-13 3-7 8-12 9-13 1-3 4-6 9-11 12-14 0-1 2-3 6-7 14-15 3-11 4-12 5-13 6-14 7-15 1-5 2-6 3-7 8-12 9-13 1-3 8-10 9-11 12-14 0-1 12-13 14-15",1
142,30,0x4FC8E5BD02A71396,"6 9 3 1 7 10 2 0 13 11 5 14 8 12 15 4",parallel_methods,17,"8-12 5-7 12-13 7-15 10-11 9-11 1-9 1-5 14-15 10-14 2-3 0-2 0-1 2-6 5-7 4-5 5-7",17,"8-12 5-7 7-15 10-11 9-11 1-9 1-5 12-13 14-15 10-14 6-7 0-1 1-3 2-3 4-6 6-7 2-6",17,"8-12 12-13 3-7 2-3 0-2 2-6 10-11 9-11 1-9 5-7 1-5 14-15 6-14 4-6 6-7 6-14 10-14",37,"8-9 10-11 0-2 1-3 9-11 12-14 0-1 4-5 8-9 10-11 2-6 3-7 8-12 9-13 1-3 4-6 9-11 12-14 0-1 6-7 12-13 6-14 7-15 8-12 9-13 10-14 11-15 4-6 5-7 8-10 12-14 13-15 4-5 8-9 10-11 12-13 14-15",1
143,32,0x48BAD3067591F2CE,"14 12 2 15 1 9 5 7 6 0 3 13 10 11 8 4",parallel_methods,17,"0-4 13-15 1-5 1-9 0-1 5-13 12-14 8-12 4-12 4-6 4-5 10-11 3-11 10-14 11-15 12-14 12-13",17,"0-1 0-4 8-12 4-12 1-9 0-1 4-6 9-11 10-11 3-11 10-14 8-10 13-15 5-13 4-5 9-13 11-15",17,"1-5 1-9 0-4 0-1 13-15 5-13 4-6 4-5 12-14 8-12 10-11 3-11 11-15 10-14 12-14 12-13 6-14",43,"0-1 2-3 6-7 8-9 10-11 1-3 4-6 9-11 0-1 2-3 4-5 6-7 10-11 12-13 1-5 2-6 3-7 8-12 9-13 10-14 1-3 9-11 12-14 13-15 0-1 8-9 10-11 14-15 4-12 5-13 6-14 7-15 2-6 3-7 8-12 1-3 4-6 9-11 0-1 2-3 4-5 8-9 12-13",1
144,28,0x8125F39D760CBA4E,"14 4 10 11 12 0 6 7 13 9 3 15 5 2 1 8",parallel_methods,15,"1-5 12-13 8-12 0-8 11-15 10-11 3-11 8-10 10-14 2-10 0-2 0-1 4-12 4-5 5-13",15,"0-1 1-5 2-10 13-15 11-15 3-11 2-3 12-13 5-13 8-12 12-13 12-14 4-12 0-4 0-1",15,"11-15 10-11 3-11 12-13 8-12 0-8 8-10 10-14 2-10 0-2 1-5 0-1 5-13 12-13 4-12",45,"0-1 2-3 4-5 6-7 8-9 10-11 12-13 14-15 1-3 4-6 9-11 12-14 4-5 6-7 8-9 10-11 1-5 2-6 3-7 8-12 1-3 4-6 8-10 9-11 0-1 4-5 8-9 10-11 12-13 4-12 5-13 6-14 7-15 1-5 2-6 3-7 8-12 9-13 1-3 8-10 9-11 12-14 4-5 8-9 14-15",1
145,34,0x67B2839D45E0A1CF,"15 12 1 10 0 14 5 4 13 9 3 8 2 11 7 6",parallel_methods,19,"0-1 0-4 2-3 1-3 6-7 5-7 8-12 10-11 3-11 8-10 2-10 13-15 11-15 12-13 4-12 4-6 6-7 6-14 6-7",19,"10-11 0-2 0-1 0-4 3-11 4-12 4-6 2-6 4-5 6-7 4-6 6-14 7-15 6-7 10-11 8-9 9-13 9-11 8-9",19,"0-4 6-7 4-6 14-15 6-14 5-7 7-15 10-11 8-12 8-10 2-3 2-10 14-15 1-9 9-13 12-13 9-11 1-9 1-3",43,"0-1 2-3 8-9 10-11 0-2 1-3 4-6 8-10 9-11 12-14 0-1 4-5 6-7 8-9 12-13 14-15 1-5 2-6 3-7 8-12 1-3 4-6 9-11 12-14 0-1 4-5 8-9 12-13 4-12 5-13 6-14 7-15 2-6 3-7 8-12 4-6 5-7 8-10 9-11 2-3 6-7 8-9 12-13",1
146,36,0x293F0A8C146BE5D7,"7 13 5 14 11 6 4 1 12 8 10 0 15 3 9 2",parallel_methods,18,"0-2 3-11 4-5 1-5 1-3 0-1 4-6 5-13 1-5 11-15 3-11 2-3 3-7 1-3 12-14 8-12 8-9 14-15",18,"0-2 4-5 1-5 4-6 3-11 1-3 0-1 5-13 1-5 11-15 3-11 2-3 3-7 1-3 12-14 8-12 8-9 14-15",18,"4-5 4-6 12-14 8-12 8-9 3-11 11-15 14-15 1-5 2-3 1-3 3-11 5-13 1-5 0-2 2-3 3-7 1-3",42,"2-3 4-5 8-9 12-13 1-3 9-11 12-14 0-1 2-3 4-5 8-9 12-13 1-5 2-6 3-7 8-12 9-13 0-2 1-3 9-11 12-14 0-1 4-5 12-13 14-15 5-13 6-14 7-15 1-5 2-6 3-7 8-12 9-13 1-3 4-6 9-11 12-14 0-1 4-5 6-7 12-13 14-15",1
147,42,0x782045B1E9CA6DF3,"3 15 13 6 10 12 9 14 1 11 5 4 0 2 8 7",parallel_methods,21,"0-2 0-4 0-8 2-3 4-5 4-12 5-13 6-7 5-7 1-5 9-11 1-9 0-1 0-4 10-14 6-14 6-7 2-6 5-7 7-15 8-10",21,"0-2 0-4 0-8 2-3 4-5 4-12 5-13 6-7 5-7 1-5 9-11 1-9 0-1 0-4 10-14 6-14 6-7 2-6 5-7 7-15 8-10",21,"9-11 8-9 1-9 7-15 10-14 14-15 0-2 2-3 9-13 13-15 2-6 0-8 0-4 5-13 8-12 12-13 0-2 0-8 8-9 8-10 2-10",37,"6-7 1-3 4-6 9-11 12-14 13-15 14-15 2-6 3-7 8-12 9-13 4-6 9-11 12-14 2-3 4-5 8-9 10-11 12-13 2-10 3-11 4-12 5-13 6-14 7-15 1-5 2-6 3-7 0-2 1-3 5-7 8-10 0-1 2-3 6-7 8-9 10-11",1
148,28,0x1AF4B789E30D5C62,"2 6 12 5 13 0 3 14 9 8 7 11 4 15 10 1",parallel_methods,14,"0-2 1-3 4-5 0-4 4-12 6-7 3-7 8-9 10-14 6-14 6-7 13-15 5-13 1-5",14,"0-2 1-3 4-5 0-4 4-12 6-7 3-7 8-9 10-14 6-14 6-7 13-15 5-13 1-5",14,"0-2 4-5 0-4 4-12 10-14 6-7 6-14 1-3 3-7 6-7 8-9 13-15 5-13 1-5",38,"4-5 6-7 8-9 10-11 1-3 4-6 9-11 12-14 2-3 6-7 8-9 10-11 12-13 2-6 3-7 8-12 9-13 1-3 4-6 5-7 9-11 0-1 6-7 10-11 12-13 5-13 6-14 7-15 3-7 8-12 1-3 4-6 5-7 9-11 12-14 2-3 12-13 14-15",1
149,38,0x28B049637DEAF15C,"12 5 1 15 10 14 13 7 3 6 9 4 0 11 8 2",parallel_methods,20,"9-11 0-8 0-2 3-11 2-3 4-6 2-6 4-5 4-12 9-13 5-13 11-15 10-11 2-10 9-11 12-14 8-12 0-1 0-4 4-5",20,"4-6 8-9 0-8 0-2 0-1 2-6 4-5 4-12 0-4 9-11 3-11 9-13 5-13 4-5 11-15 10-11 2-10 9-11 12-14 8-12",20,"3-11 11-15 8-10 8-9 8-12 0-8 12-14 8-12 4-6 2-3 2-6 4-5 4-6 6-14 5-13 1-5 1-3 3-11 2-10 2-3",34,"0-1 2-3 1-3 4-6 9-11 12-14 0-1 2-3 4-5 10-11 12-13 14-15 2-6 3-7 8-12 9-13 4-6 9-11 2-3 10-11 12-13 3-11 4-12 5-13 6-14 7-15 1-5 2-6 3-7 1-3 8-10 0-1 6-7 10-11",1
150,24,0x865EA09473B1F2DC,"12 13 2 15 1 11 3 7 4 9 0 10 14 5 6 8",parallel_methods,14,"1-5 0-8 0-4 5-13 6-14 14-15 12-14 8-12 10-11 3-11 1-3 0-1 11-15 3-11",14,"1-5 0-8 0-4 5-13 6-14 10-11 3-11 1-3 0-1 14-15 11-15 3-11 12-14 8-12",14,"1-5 5-13 10-11 3-11 0-4 1-3 0-1 6-14 14-15 11-15 3-11 12-14 8-12 4-12",44,"2-3 6-7 10-11 12-13 14-15 1-3 4-6 9-11 12-14 0-1 2-3 4-5 6-7 8-9 10-11 12-13 14-15 1-5 2-6 3-7 8-12 9-13 1-3 9-11 12-14 13-15 0-1 14-15 4-12 5-13 6-14 7-15 3-7 8-12 1-3 4-6 8-10 9-11 12-14 0-1 2-3 8-9 10-11 12-13",1
151,24,0x725CB31AF80469DE,"14 13 9 6 4 0 8 15 10 1 3 11 12 5 2 7",parallel_methods,12,"0-2 1-5 0-1 1-9 2-6 2-10 2-3 5-13 6-14 2-6 7-15 8-10",12,"0-2 1-5 0-1 1-9 2-6 2-10 2-3 5-13 6-14 2-6 7-15 8-10",12,"0-2 2-6 2-10 8-10 1-5 5-13 6-14 2-3 2-6 7-15 0-1 1-9",44,"0-1 4-5 6-7 8-9 10-11 12-13 14-15 0-2 1-3 4-6 5-7 9-11 12-14 0-1 6-7 10-11 12-13 1-5 2-6 3-7 8-12 9-13 0-2 1-3 4-6 9-11 12-14 0-1 4-5 6-7 14-15 3-11 4-12 5-13 6-14 7-15 1-5 2-6 3-7 8-12 1-3 9-11 4-5 8-9",1
152,24,0xB4358A9ED6F0C712,"2 1 7 12 0 15 6 13 14 9 10 8 5 3 4 11",parallel_methods,13,"2-3 0-2 0-4 5-13 5-7 3-7 11-15 13-15 12-13 5-13 8-12 12-14 4-12",13,"11-15 2-3 0-2 0-4 5-13 5-7 3-7 13-15 12-13 5-13 8-12 12-14 4-12",13,"5-13 5-7 2-3 3-7 11-15 13-15 12-13 8-12 12-14 0-2 0-4 4-12 5-13",35,"0-1 2-3 6-7 8-9 12-13 14-15 4-6 9-11 12-14 2-3 4-5 6-7 8-9 14-15 2-6 3-7 8-12 1-3 4-6 5-7 9-11 0-1 2-3 6-7 8-9 5-13 6-14 7-15 3-7 8-12 4-6 9-11 12-14 6-7 12-13",1
153,34,0x6A85F7034E9B2DC1,"1 12 13 2 11 9 14 4 3 0 7 15 5 8 10 6",parallel_methods,19,"0-1 8-9 0-8 2-10 2-3 4-12 10-14 12-13 8-12 14-15 6-14 9-13 5-13 5-7 3-7 4-5 11-15 9-11 9-13",19,"10-14 1-5 2-3 4-5 4-12 5-7 4-5 6-14 7-15 6-7 8-9 1-9 1-3 11-15 12-13 0-1 0-8 8-12 12-13",19,"1-5 1-9 0-1 2-10 10-14 14-15 6-14 4-12 12-13 13-15 11-15 2-3 8-12 4-12 4-5 5-7 3-7 4-12 4-5",41,"4-5 8-9 10-11 1-3 4-6 12-14 2-3 10-11 14-15 2-6 3-7 8-12 9-13 4-6 9-11 12-14 13-15 2-3 4-5 6-7 8-9 10-11 14-15 3-11 4-12 5-13 6-14 7-15 2-6 3-7 8-12 1-3 4-6 8-10 9-11 12-14 0-1 2-3 10-11 12-13 14-15",1
154,34,0x9B42FCA35E87016D,"13 6 1 0 7 8 14 5 3 10 12 15 2 4 11 9",parallel_methods,18,"10-14 0-8 0-1 1-3 4-5 0-4 5-7 8-12 0-8 0-2 0-1 11-15 9-11 10-11 12-13 6-14 4-6 4-12",18,"0-1 0-2 12-13 4-5 4-12 5-7 8-9 1-9 1-3 0-1 8-10 8-12 13-15 9-13 14-15 6-14 2-6 11-15",18,"4-5 5-7 11-15 9-11 10-14 10-11 0-4 0-8 2-3 0-2 1-3 4-12 12-13 12-14 6-14 4-6 2-3 2-6",36,"0-1 10-11 0-2 1-3 4-6 12-14 13-15 0-1 10-11 14-15 3-7 8-12 4-6 8-10 9-11 12-14 2-3 6-7 8-9 12-13 5-13 6-14 7-15 2-6 3-7 8-12 9-13 4-6 12-14 2-3 4-5 6-7 8-9 10-11 12-13 14-15",1
155,36,0xE7AB8041D52F96C3,"3 12 6 9 15 2 5 13 1 4 0 8 11 10 7 14",parallel_methods,19,"0-1 14-15 1-3 4-5 4-6 2-6 5-7 7-15 9-13 5-13 4-5 8-9 1-9 8-10 0-8 8-12 8-9 9-11 8-9",19,"0-1 9-13 0-8 1-3 0-1 4-5 4-6 2-6 5-7 5-13 4-5 8-12 8-9 8-10 0-8 9-11 8-9 14-15 7-15",19,"14-15 4-5 5-7 7-15 4-6 2-6 9-13 5-13 0-1 1-3 8-9 1-9 8-10 0-8 8-12 8-10 10-11 8-10 4-5",45,"2-3 4-5 6-7 10-11 12-13 14-15 1-3 4-6 9-11 12-14 4-5 6-7 8-9 10-11 2-6 3-7 8-12 9-13 10-14 1-3 4-6 5-7 12-14 13-15 0-1 6-7 12-13 14-15 4-12 5-13 6-14 7-15 2-6 3-7 8-12 0-2 1-3 4-6 9-11 12-14 0-1 4-5 6-7 8-9 12-13",1
156,34,0x0E14B73268FACD59,"9 5 13 12 10 15 8 6 2 3 7 11 4 1 14 0",parallel_methods,19,"4-6 2-3 2-10 2-6 5-13 6-7 8-10 2-10 13-15 0-1 0-4 1-9 1-3 1-5 5-13 4-5 0-4 4-12 8-12",19,"0-8 4-6 2-6 2-10 2-3 0-2 0-4 4-12 5-13 1-5 6-7 7-15 3-7 13-15 8-9 0-8 0-1 1-3 0-1",19,"2-3 2-6 4-6 4-12 5-13 1-5 2-10 8-10 2-6 2-10 6-7 9-11 3-11 13-15 9-11 9-13 1-9 0-1 1-9",39,"0-1 10-11 12-13 12-14 2-3 4-5 10-11 2-6 3-7 8-12 9-13 1-3 4-6 9-11 4-5 6-7 12-13 2-10 3-11 4-12 5-13 6-14 7-15 0-4 1-5 2-6 3-7 8-12 0-2 1-3 5-7 8-10 9-11 12-14 0-1 2-3 4-5 6-7 12-13",1
157,32,0xF49E213758DBA06C,"12 6 0 10 11 13 8 5 7 3 1 2 14 9 4 15",parallel_methods,17,"0-4 0-1 0-2 3-11 2-6 2-10 2-3 1-3 8-10 10-11 3-11 12-14 4-12 9-13 5-13 5-7 3-7",17,"0-1 0-2 1-9 2-6 2-10 2-3 1-3 8-9 9-13 5-13 5-7 12-14 4-12 8-12 8-10 10-11 2-10",17,"6-14 12-14 0-8 8-12 0-1 0-2 4-6 2-6 10-11 2-10 5-13 1-5 5-7 9-11 1-9 3-11 10-11",43,"0-1 2-3 8-9 10-11 12-13 14-15 1-3 8-10 9-11 12-14 0-1 4-5 8-9 2-6 3-7 8-12 9-13 10-14 1-3 4-6 12-14 13-15 2-3 6-7 12-13 14-15 3-11 4-12 5-13 6-14 7-15 1-5 2-6 3-7 8-12 9-13 1-3 8-10 9-11 12-14 13-15 8-9 14-15",1
158,34,0x74DF1306ACB2E589,"9 8 5 14 2 11 12 10 6 0 3 1 15 13 4 7",parallel_methods,17,"0-1 0-8 0-2 12-14 1-9 0-1 1-5 3-7 3-11 1-3 4-6 2-6 4-12 7-15 10-11 3-11 14-15",17,"0-1 0-8 0-2 12-14 1-9 0-1 1-5 3-7 3-11 1-3 4-6 2-6 4-12 7-15 10-11 3-11 14-15",17,"0-8 0-4 0-2 8-9 6-14 4-6 0-1 0-8 1-5 3-11 1-3 10-11 3-11 12-14 7-15 14-15 10-14",43,"0-1 2-3 8-9 12-13 14-15 1-3 4-6 9-11 0-1 2-3 6-7 12-13 3-7 8-12 9-13 10-14 1-3 4-6 12-14 13-15 0-1 2-3 12-13 14-15 2-10 3-11 4-12 5-13 6-14 7-15 1-5 2-6 3-7 8-12 9-13 0-2 1-3 8-10 9-11 12-14 0-1 6-7 14-15",1
159,34,0xB5EC03A71482D6F9,"9 15 6 13 2 8 4 1 7 10 3 0 12 14 5 11",parallel_methods,17,"0-8 9-11 1-5 0-1 4-6 2-6 5-7 1-5 8-9 0-8 10-11 3-11 11-15 13-15 14-15 7-15 5-7",17,"0-8 10-11 8-9 1-5 0-1 3-11 4-6 2-6 5-7 1-5 8-10 0-8 11-15 13-15 14-15 7-15 5-7",17,"9-11 10-11 3-11 11-15 13-15 4-6 14-15 1-5 5-7 7-15 8-9 1-9 1-5 5-7 0-8 8-9 2-6",39,"2-3 14-15 1-3 4-6 8-10 9-11 0-1 4-5 8-9 12-13 1-5 2-6 3-7 8-12 9-13 10-14 0-2 1-3 12-14 13-15 0-1 2-3 14-15 4-12 5-13 6-14 7-15 2-6 3-7 8-12 9-13 1-3 4-6 12-14 0-1 2-3 6-7 10-11 12-13",1
160,32,0x2B746A1FD0C853E9,"9 14 3 5 8 12 0 13 15 1 10 6 4 7 11 2",parallel_methods,18,"4-12 1-3 8-12 3-11 5-13 7-15 3-7 2-3 12-13 13-15 6-7 5-7 1-5 0-1 1-9 10-11 10-14 10-11",18,"0-1 1-9 4-12 5-13 7-15 3-7 2-3 5-7 8-12 12-13 13-15 4-6 0-4 4-6 10-11 10-14 6-14 10-11",18,"4-12 8-12 5-13 12-13 7-15 13-15 3-7 2-3 5-7 0-1 1-9 2-6 0-2 14-15 11-15 2-6 14-15 6-14",38,"2-3 6-7 8-9 0-2 1-3 4-6 9-11 12-14 0-1 2-6 3-7 8-12 9-13 1-3 4-6 9-11 12-14 0-1 2-3 8-9 12-13 14-15 3-11 4-12 5-13 6-14 7-15 2-6 3-7 8-12 1-3 4-6 9-11 12-14 4-5 8-9 12-13 14-15",1
161,36,0x29458C61E370FDBA,"10 11 13 15 0 7 3 14 1 6 12 8 5 4 9 2",parallel_methods,20,"0-2 0-4 14-15 10-14 2-10 9-11 8-9 1-9 11-15 7-15 6-7 3-7 9-11 12-14 14-15 7-15 5-7 5-13 4-5 5-13",20,"12-13 2-6 6-7 5-7 5-13 9-11 3-11 2-3 8-9 1-9 14-15 6-14 2-6 11-15 9-11 8-10 0-4 4-12 8-12 8-10",20,"14-15 10-14 0-2 2-10 0-4 9-11 8-9 1-9 3-11 11-15 9-11 4-12 5-7 5-13 12-13 12-14 4-5 6-7 3-7 6-7",36,"2-3 6-7 12-13 4-6 12-14 2-3 6-7 10-11 1-5 2-6 3-7 8-12 0-2 1-3 4-6 9-11 12-14 0-1 2-3 4-5 8-9 12-13 14-15 3-11 4-12 5-13 6-14 7-15 2-6 3-7 8-12 1-3 8-10 4-5 6-7 10-11",1
162,28,0x9C521AB80D74E36F,"15 6 3 14 4 7 13 0 8 11 10 1 2 5 12 9",parallel_methods,15,"0-1 12-14 6-14 3-11 1-3 3-7 2-3 0-2 2-6 11-15 9-11 14-15 13-15 7-15 5-7",15,"0-1 0-2 3-7 1-3 0-1 3-11 1-3 6-7 5-7 5-13 11-15 9-11 12-14 6-14 2-6",15,"3-7 6-7 5-7 5-13 12-14 6-14 1-3 2-3 2-6 0-1 9-11 1-9 11-15 9-11 11-15",31,"0-1 2-3 1-3 4-6 9-11 12-14 13-15 0-1 8-9 14-15 2-6 3-7 8-12 9-13 1-3 9-11 12-14 0-1 4-5 12-13 14-15 5-13 6-14 7-15 2-6 3-7 8-12 1-3 4-6 9-11 6-7",1
163,34,0xE12AC9D4B73680F5,"5 15 0 8 6 3 7 11 4 13 9 12 10 2 1 14",parallel_methods,18,"1-3 0-1 1-5 3-7 8-12 8-10 9-13 8-9 0-8 0-2 14-15 11-15 3-11 1-3 7-15 6-7 4-6 4-12",18,"9-13 1-3 0-1 3-7 1-5 3-11 8-12 8-10 8-9 0-8 0-2 14-15 7-15 3-7 1-3 6-7 4-6 4-12",18,"9-13 1-9 0-1 0-2 1-5 14-15 11-15 3-11 1-3 8-12 10-11 8-10 7-15 6-7 4-6 4-12 9-11 11-15",38,"2-3 4-5 6-7 10-11 12-13 14-15 1-3 4-6 5-7 9-11 12-14 0-1 6-7 2-6 3-7 8-12 9-13 1-3 4-6 9-11 2-3 4-5 12-13 5-13 6-14 7-15 2-6 3-7 8-12 9-13 10-14 1-3 4-6 12-14 4-5 6-7 8-9 10-11",1
164,34,0x1A3F7684CE2095BD,"13 11 5 9 0 2 14 12 4 8 6 7 15 3 10 1",parallel_methods,18,"10-14 0-8 0-4 3-11 5-7 3-7 2-3 1-3 5-13 1-5 6-14 8-9 12-13 13-15 9-13 1-3 1-9 9-11",18,"0-1 10-14 0-8 0-4 3-11 5-7 3-7 2-3 5-13 1-5 1-3 6-14 8-9 9-11 12-13 13-15 5-13 1-5",18,"0-8 0-4 10-14 6-14 1-3 3-11 8-9 7-15 5-7 3-7 9-13 1-9 2-3 1-3 1-5 12-14 14-15 12-14",42,"0-1 2-3 10-11 12-13 0-2 1-3 4-6 5-7 9-11 12-14 0-1 6-7 12-13 2-6 3-7 8-12 9-13 0-2 1-3 4-6 0-1 6-7 10-11 12-13 3-11 4-12 5-13 6-14 7-15 2-6 3-7 8-12 1-3 4-6 8-10 9-11 12-14 2-3 4-5 10-11 12-13 14-15",1
165,26,0x9FEC8A14BD625703,"3 0 7 5 2 6 13 11 4 1 10 8 12 14 15 9",parallel_methods,16,"13-15 3-7 4-6 5-7 14-15 3-11 2-3 0-2 0-8 0-4 0-1 1-9 9-13 3-7 2-3 2-6",16,"0-1 13-15 1-3 14-15 4-6 2-6 5-7 1-5 1-9 6-7 9-11 9-13 4-12 12-13 8-12 4-12",16,"3-7 5-7 4-6 2-6 6-7 13-15 14-15 8-12 4-12 0-1 1-3 1-9 9-11 9-13 12-13 8-12",36,"0-1 8-9 4-6 5-7 12-14 2-3 6-7 10-11 3-7 8-12 9-13 10-14 1-3 4-6 5-7 12-14 13-15 2-3 6-7 12-13 14-15 6-14 7-15 3-7 8-12 9-13 10-14 1-3 4-6 5-7 12-14 13-15 2-3 8-9 10-11 14-15",1
166,22,0x6ED4C198523BFA70,"0 7 10 15 11 3 2 5 8 9 1 12 4 13 14 6",parallel_methods,13,"1-5 5-7 4-12 10-11 3-11 1-3 10-14 12-14 14-15 11-15 6-14 10-14 2-10",13,"1-5 5-7 4-12 10-11 3-11 1-3 12-14 2-6 14-15 6-14 10-14 11-15 12-14",13,"11-15 10-11 2-10 2-6 3-11 1-3 4-12 5-7 12-13 13-15 11-15 3-7 12-13",39,"2-3 4-5 6-7 10-11 4-6 9-11 12-14 2-3 4-5 8-9 10-11 14-15 1-5 2-6 3-7 8-12 9-13 1-3 4-6 12-14 4-5 10-11 12-13 14-15 5-13 6-14 7-15 3-7 8-12 9-13 10-14 1-3 4-6 5-7 9-11 12-14 2-3 6-7 10-11",1
167,24,0x6FDC79024E5A1B83,"3 8 11 1 10 5 14 4 2 0 9 7 12 13 15 6",parallel_methods,15,"0-1 8-10 1-3 2-10 8-9 0-8 6-7 4-6 6-7 7-15 11-15 10-11 6-14 6-7 7-15",15,"0-1 14-15 6-14 1-3 6-7 4-6 8-10 2-10 8-9 0-8 2-6 10-11 2-10 2-6 6-7",15,"1-9 8-10 8-9 0-1 1-3 6-14 6-7 4-6 2-6 2-10 7-15 6-7 3-7 3-11 3-7",37,"4-5 8-9 1-3 4-6 12-14 0-1 2-3 10-11 2-6 3-7 8-12 9-13 10-14 4-6 12-14 13-15 2-3 6-7 14-15 4-12 5-13 6-14 7-15 2-6 3-7 8-12 9-13 10-14 1-3 4-6 5-7 9-11 12-14 0-1 6-7 10-11 14-15",1
168,34,0x93068FA1D2E7B4C5,"5 12 4 11 7 14 2 13 1 10 15 8 6 0 3 9",parallel_methods,18,"0-1 10-14 2-6 8-9 5-13 4-5 0-4 4-12 4-6 5-7 10-11 3-11 8-10 13-15 14-15 1-9 9-13 5-13",18,"0-1 10-14 0-8 5-7 2-6 4-6 5-13 1-5 0-1 6-7 9-11 10-11 3-11 14-15 12-14 6-14 8-12 8-9",18,"10-14 9-11 10-11 3-11 2-6 4-5 5-7 4-12 4-6 5-13 0-1 1-5 14-15 12-14 0-8 8-12 8-9 0-1",46,"2-3 6-7 12-13 14-15 1-3 4-6 9-11 12-14 0-1 4-5 10-11 14-15 2-6 3-7 8-12 1-3 4-6 5-7 8-10 9-11 12-14 0-1 2-3 6-7 8-9 12-13 4-12 5-13 6-14 7-15 1-5 2-6 3-7 8-12 0-2 1-3 4-6 8-10 9-11 12-14 0-1 4-5 8-9 10-11 12-13 14-15",1
169,34,0x0DA8FE36CB251479,"9 7 4 1 5 2 11 12 6 3 14 15 8 10 13 0",parallel_methods,17,"13-15 11-15 1-5 0-1 0-2 1-9 1-3 5-7 4-5 8-12 12-14 6-14 10-14 10-11 12-13 4-12 0-4",17,"13-15 1-5 0-1 0-2 1-9 1-3 5-7 4-5 8-12 11-15 12-14 6-14 10-14 10-11 12-13 4-12 0-4",17,"1-5 0-1 1-9 1-3 8-12 5-7 4-5 14-15 13-15 6-14 10-14 11-15 10-11 4-12 0-2 4-6 0-4",45,"0-1 4-5 6-7 8-9 10-11 0-2 1-3 4-6 5-7 12-14 0-1 6-7 10-11 2-6 3-7 8-12 9-13 1-3 4-6 5-7 8-10 9-11 12-14 2-3 6-7 8-9 5-13 6-14 7-15 2-6 3-7 8-12 9-13 10-14 1-3 4-6 5-7 12-14 13-15 0-1 2-3 6-7 10-11 12-13 14-15",1
170,34,0x82E06D14A7C59BF3,"3 15 11 9 5 12 7 10 4 1 13 6 0 14 2 8",parallel_methods,18,"13-15 1-9 3-11 2-3 4-5 6-7 2-6 8-12 4-12 9-13 10-14 2-10 14-15 13-15 0-8 8-9 9-11 3-11",18,"0-1 0-8 1-3 1-9 4-5 4-12 0-4 6-7 6-14 10-11 2-10 2-6 11-15 10-11 8-10 10-14 13-15 14-15",18,"4-5 8-12 4-12 6-7 13-15 10-14 14-15 1-9 9-13 13-15 0-8 8-9 3-11 9-11 2-3 3-11 2-6 2-10",40,"6-7 8-9 14-15 1-3 4-6 12-14 4-5 6-7 10-11 12-13 14-15 2-6 3-7 8-12 9-13 1-3 4-6 9-11 12-14 4-5 10-11 12-13 3-11 4-12 5-13 6-14 7-15 1-5 2-6 3-7 8-12 9-13 0-2 1-3 8-10 9-11 12-14 0-1 2-3 6-7",1
171,26,0xCEF67A0931D285B4,"4 11 5 8 2 13 1 3 9 0 10 7 6 15 14 12",parallel_methods,15,"13-15 1-3 1-9 3-11 3-7 4-6 2-6 8-9 4-5 4-12 4-6 12-13 4-5 0-4 0-1",15,"0-4 13-15 1-3 1-9 2-6 0-2 0-1 3-11 3-7 8-9 12-13 4-6 5-13 4-5 4-6",15,"1-3 1-9 8-9 4-6 0-4 0-1 3-11 3-7 13-15 2-6 12-13 5-13 5-7 6-7 5-7",43,"2-3 6-7 8-9 1-3 4-6 9-11 12-14 4-5 10-11 12-13 14-15 1-5 2-6 3-7 8-12 9-13 10-14 0-2 1-3 4-6 12-14 0-1 2-3 4-5 6-7 14-15 5-13 6-14 7-15 3-7 8-12 9-13 10-14 1-3 5-7 12-14 13-15 0-1 2-3 4-5 8-9 10-11 14-15",1
172,36,0xEFA795642B031CD8,"8 13 12 1 3 0 11 2 4 6 5 9 7 10 15 14",parallel_methods,18,"0-8 14-15 1-9 1-3 2-6 2-3 4-6 2-6 4-12 4-5 0-4 9-13 9-11 10-11 3-11 3-7 2-3 5-7",18,"0-8 14-15 1-9 1-3 2-6 2-3 4-6 2-6 4-12 4-5 0-4 9-13 9-11 10-11 3-11 3-7 2-3 5-7",18,"14-15 1-9 9-13 9-11 1-3 6-7 2-6 4-6 4-12 10-11 3-7 6-7 3-11 3-7 4-5 5-7 0-8 0-4",38,"4-5 10-11 1-3 4-6 9-11 12-14 13-15 0-1 6-7 10-11 14-15 1-5 2-6 3-7 8-12 9-13 10-14 1-3 12-14 13-15 0-1 4-5 12-13 14-15 4-12 5-13 6-14 7-15 8-12 9-13 4-6 5-7 9-11 12-14 13-15 4-5 6-7 14-15",1
173,36,0x89BF7251CDEA6043,"3 4 0 6 10 14 13 12 1 5 2 7 15 11 9 8",parallel_methods,20,"12-14 0-2 2-3 4-6 2-6 2-10 5-7 4-5 13-15 11-15 7-15 12-13 9-13 5-13 14-15 8-12 4-12 0-4 0-1 0-4",20,"12-14 0-2 2-3 4-6 2-6 2-10 5-7 9-13 5-13 11-15 7-15 9-11 8-9 12-13 14-15 0-1 0-4 0-1 1-9 9-13",20,"0-2 2-3 4-6 2-6 2-10 14-15 13-15 11-15 9-13 5-7 7-15 4-5 5-13 12-14 14-15 0-8 0-1 4-12 0-4 0-8",40,"2-3 10-11 12-13 1-3 4-6 9-11 0-1 2-3 4-5 6-7 10-11 12-13 8-12 9-13 10-14 11-15 4-6 5-7 12-14 13-15 4-5 6-7 12-13 14-15 4-12 5-13 6-14 7-15 2-6 3-7 8-12 1-3 4-6 8-10 9-11 12-14 6-7 8-9 12-13 14-15",1
174,32,0x285AF01DE7B9436C,"12 6 3 4 9 11 7 14 13 1 0 15 10 5 8 2",parallel_methods,18,"12-14 1-3 1-5 1-9 2-3 4-5 5-13 7-15 6-7 2-6 8-9 8-10 0-8 8-12 9-13 14-15 11-15 10-11",18,"11-15 1-5 1-3 3-11 2-3 4-5 1-5 1-9 6-7 4-6 4-5 5-13 8-12 8-10 0-8 12-13 12-14 8-12",18,"1-3 2-3 7-15 6-7 2-6 1-5 4-5 5-13 1-9 8-12 8-10 14-15 11-15 0-8 9-11 8-9 9-13 12-13",44,"0-1 2-3 6-7 8-9 10-11 12-13 0-2 1-3 4-6 9-11 12-14 0-1 8-9 10-11 12-13 3-7 8-12 9-13 4-6 8-10 9-11 12-14 13-15 6-7 8-9 14-15 4-12 5-13 6-14 7-15 1-5 2-6 3-7 8-12 9-13 0-2 1-3 9-11 12-14 0-1 2-3 4-5 8-9 14-15",1
175,32,0xAF3BE18D46297C05,"5 0 12 7 9 2 6 4 13 8 1 14 11 3 15 10",parallel_methods,17,"0-1 14-15 2-10 5-7 3-7 2-3 4-5 1-5 8-9 9-13 1-9 1-3 10-14 12-14 10-14 10-11 10-14",17,"0-1 12-14 2-10 5-7 3-7 2-3 4-5 1-5 8-9 9-13 1-9 1-3 10-14 10-11 12-14 14-15 10-14",17,"0-4 5-7 4-5 3-7 11-15 14-15 2-10 2-3 0-1 8-12 8-10 10-11 12-13 8-12 8-9 1-9 1-3",41,"0-1 4-5 8-9 10-11 12-13 4-6 9-11 12-14 2-3 4-5 6-7 8-9 10-11 14-15 2-6 3-7 8-12 9-13 1-3 4-6 9-11 12-14 4-5 14-15 6-14 7-15 2-6 3-7 8-12 9-13 10-14 1-3 4-6 5-7 8-10 12-14 13-15 2-3 8-9 12-13 14-15",1
176,34,0xEC7140A6985DF32B,"11 2 3 15 13 5 8 9 6 10 0 4 1 7 12 14",parallel_methods,18,"0-1 3-7 1-3 3-11 2-3 0-2 8-12 4-12 4-6 0-4 8-9 1-9 8-10 0-8 14-15 13-15 7-15 12-13",18,"0-1 8-12 3-7 1-3 3-11 2-3 0-2 4-6 0-4 8-9 1-9 8-10 0-8 12-14 6-14 14-15 13-15 7-15",18,"3-7 1-3 2-3 8-12 0-8 8-9 9-11 1-9 4-12 4-6 8-10 0-1 13-15 7-15 0-4 0-8 12-13 12-14",46,"0-1 2-3 4-5 6-7 10-11 14-15 1-3 4-6 8-10 9-11 12-14 13-15 2-3 4-5 6-7 8-9 14-15 2-6 3-7 8-12 9-13 10-14 4-6 12-14 2-3 4-5 10-11 14-15 3-11 4-12 5-13 6-14 7-15 2-6 3-7 8-12 9-13 0-2 1-3 4-6 9-11 12-14 0-1 4-5 8-9 12-13",1
177,34,0xA0ED62489517CF3B,"11 3 15 12 7 1 5 9 8 4 2 6 13 14 0 10",parallel_methods,18,"1-3 0-1 1-9 1-5 2-10 4-5 12-13 11-15 7-15 6-7 5-7 10-11 11-15 9-11 12-14 0-8 8-12 0-8",18,"0-1 12-13 1-9 0-1 1-3 1-5 2-10 4-5 11-15 7-15 6-7 5-7 10-11 11-15 9-11 12-14 4-12 0-4",18,"12-13 2-10 1-3 12-14 1-5 11-15 7-15 4-6 6-7 4-5 10-11 11-15 8-12 0-8 8-9 9-11 8-12 4-12",36,"0-1 4-5 6-7 8-9 10-11 14-15 4-6 9-11 2-3 6-7 8-9 12-13 1-5 2-6 3-7 8-12 9-13 10-14 1-3 12-14 0-1 4-12 5-13 6-14 7-15 2-6 3-7 8-12 9-13 1-3 4-6 9-11 12-14 0-1 4-5 8-9",1
178,30,0x3FC6ADBE09421857,"7 5 8 1 2 4 9 0 14 11 13 10 6 12 15 3",parallel_methods,17,"0-4 4-5 5-7 1-5 14-15 10-14 2-10 8-10 12-14 6-14 10-14 10-11 9-11 12-13 1-3 2-3 0-2",17,"0-4 0-2 4-5 5-7 1-5 10-11 9-11 14-15 12-14 6-14 8-12 0-8 0-1 1-3 12-14 12-13 9-13",19,"0-4 4-5 10-11 5-7 9-11 0-2 14-15 6-14 12-14 12-13 9-13 1-5 0-8 0-1 1-3 6-7 3-7 6-7 6-14",37,"0-1 8-9 1-3 4-6 9-11 12-14 0-1 2-3 8-9 1-5 2-6 3-7 8-12 9-13 1-3 4-6 9-11 0-1 4-5 6-7 12-13 6-14 7-15 3-7 8-12 9-13 10-14 11-15 5-7 8-10 9-11 12-14 13-15 4-5 10-11 12-13 14-15",1
179,30,0x85FCED24169B730A,"10 0 3 7 11 9 6 1 4 2 13 14 12 15 5 8",parallel_methods,15,"0-8 0-4 0-1 1-9 3-7 1-3 2-3 8-10 11-15 9-11 8-9 14-15 13-15 5-13 9-13",15,"0-8 0-4 0-1 1-9 3-7 1-3 2-3 8-10 11-15 9-11 8-9 14-15 13-15 5-13 9-13",15,"0-8 11-15 10-11 8-10 14-15 13-15 5-13 9-11 9-13 3-7 0-4 0-1 1-3 3-11 2-3",37,"0-1 2-3 4-5 8-9 10-11 14-15 1-3 4-5 10-11 12-13 2-6 3-7 8-12 9-13 1-3 4-6 9-11 12-14 13-15 2-3 6-7 14-15 5-13 6-14 7-15 3-7 8-12 9-13 10-14 11-15 4-6 12-14 13-15 2-3 6-7 12-13 14-15",1
180,36,0x478E5C329B6D0FA1,"1 10 15 0 13 6 11 9 2 3 12 5 14 8 7 4",parallel_methods,19,"0-1 0-8 2-3 0-2 6-14 5-7 6-7 8-10 9-11 3-11 9-13 5-13 14-15 11-15 12-14 4-12 9-13 12-13 8-12",19,"0-1 11-15 0-8 2-3 0-2 6-14 7-15 5-7 6-7 8-10 11-15 9-11 3-11 14-15 11-15 12-14 4-12 12-13 8-12",19,"14-15 12-14 4-12 12-13 8-10 8-12 2-6 2-10 5-7 6-7 7-15 1-9 9-11 10-11 1-3 1-9 1-5 1-9 0-1",37,"4-5 12-13 1-3 4-6 0-1 2-3 4-5 6-7 10-11 12-13 2-6 3-7 8-12 9-13 10-14 4-6 9-11 12-14 13-15 2-3 10-11 14-15 3-11 4-12 5-13 6-14 7-15 2-6 3-7 8-12 9-13 8-10 9-11 12-14 2-3 4-5 12-13",1
181,30,0xB5C1D98EA04F7623,"3 2 6 7 15 4 0 10 14 8 9 13 1 12 5 11",parallel_methods,17,"11-15 2-6 3-7 4-5 8-12 12-14 12-13 5-13 13-15 0-8 0-1 0-2 8-10 8-9 2-10 2-3 2-10",17,"0-1 2-6 0-2 3-7 4-5 8-12 8-9 11-15 12-14 12-13 5-13 13-15 10-11 1-3 1-9 9-11 10-11",17,"8-12 12-14 12-13 2-6 11-15 4-5 5-13 13-15 3-7 8-10 8-9 0-2 2-3 2-10 2-3 1-3 2-3",41,"0-1 2-3 4-5 6-7 8-9 10-11 14-15 4-6 9-11 12-14 2-3 4-5 12-13 14-15 2-6 3-7 8-12 9-13 1-3 4-6 5-7 8-10 9-11 0-1 2-3 6-7 8-9 12-13 6-14 7-15 3-7 8-12 9-13 10-14 1-3 4-6 5-7 12-14 2-3 4-5 8-9",1
182,36,0x64378DC50291FEBA,"10 11 14 15 1 9 2 0 5 12 13 8 7 3 4 6",parallel_methods,19,"0-8 0-4 2-6 3-7 1-3 0-1 7-15 6-14 8-10 9-13 9-11 3-11 8-9 12-13 5-13 9-13 6-7 5-7 4-5",19,"13-15 0-8 0-4 2-6 3-7 1-3 0-1 5-13 4-5 6-14 4-6 9-13 10-11 8-10 11-15 3-11 12-13 13-15 7-15",19,"10-11 0-8 8-10 2-6 6-14 9-13 1-9 9-11 12-13 3-7 1-3 5-13 9-13 0-4 0-1 4-5 4-6 7-15 6-7",37,"2-3 12-13 14-15 4-6 9-11 12-14 2-3 4-5 10-11 12-13 14-15 0-4 1-5 2-6 3-7 8-12 0-2 1-3 8-10 9-11 0-1 2-3 8-9 10-11 12-13 3-11 4-12 5-13 6-14 7-15 3-7 8-12 9-13 4-6 8-10 9-11 12-13",1
183,34,0xD13E79B628F05C4A,"10 4 12 5 0 15 8 2 6 11 9 7 14 3 1 13",parallel_methods,19,"0-2 0-4 3-7 6-14 5-13 1-5 12-14 8-12 4-12 4-6 4-5 13-15 2-3 3-11 10-11 9-11 1-3 1-5 5-7",19,"0-2 0-4 5-13 1-5 1-3 6-14 12-14 8-12 4-12 4-6 4-5 1-5 13-15 6-7 10-11 2-10 2-6 6-7 9-11",19,"12-14 2-6 0-2 0-8 0-4 4-6 4-12 5-13 1-5 4-5 1-3 1-5 10-11 9-11 13-15 2-10 6-7 2-6 6-7",39,"0-1 12-13 14-15 1-3 4-6 9-11 12-14 2-3 4-5 6-7 12-13 2-6 3-7 8-12 9-13 0-2 1-3 4-6 0-1 4-5 6-7 10-11 12-13 4-12 5-13 6-14 7-15 2-6 3-7 8-12 9-13 1-3 4-6 5-7 9-11 12-14 2-3 6-7 10-11",1
184,34,0xA2C9F63B40185DE7,"7 14 13 5 8 1 0 4 11 3 6 15 9 12 2 10",parallel_methods,18,"11-15 0-4 1-9 1-3 1-5 4-6 6-7 8-9 10-14 2-10 10-11 9-11 12-13 9-13 0-8 0-4 4-6 6-14",18,"4-6 0-2 0-1 0-4 1-9 1-3 1-5 2-6 2-10 6-7 4-6 6-14 2-6 8-10 11-15 10-11 12-13 9-13",18,"1-9 1-3 1-5 11-15 2-10 8-10 10-11 8-12 12-13 0-4 4-6 6-7 8-9 0-8 0-4 4-6 6-14 2-6",42,"4-5 6-7 8-9 10-11 14-15 1-3 4-6 9-11 12-14 0-1 4-5 10-11 12-13 1-5 2-6 3-7 8-12 9-13 0-2 1-3 9-11 12-14 0-1 2-3 4-5 8-9 5-13 6-14 7-15 2-6 3-7 8-12 9-13 4-6 5-7 12-14 2-3 6-7 8-9 10-11 12-13 14-15",1
185,34,0x4C1D8E572390AF6B,"11 6 15 10 0 9 3 2 7 5 14 8 13 1 12 4",parallel_methods,19,"0-1 0-4 1-9 1-5 2-3 6-7 3-7 9-11 8-9 9-13 1-9 13-15 7-15 12-13 4-12 12-14 2-6 6-14 10-14",19,"0-1 0-4 1-9 1-5 6-7 2-6 9-11 8-9 9-13 1-9 12-13 3-7 6-7 7-15 12-14 6-14 6-7 4-6 10-14",19,"0-1 9-13 1-9 9-11 8-9 5-13 9-13 2-6 6-7 13-15 7-15 2-3 2-10 2-6 0-4 12-13 4-12 12-14 6-14",41,"0-1 8-9 12-13 1-3 4-6 12-14 2-3 4-5 6-7 10-11 12-13 14-15 1-5 2-6 3-7 8-12 9-13 0-2 1-3 9-11 0-1 2-3 8-9 10-11 12-13 4-12 5-13 6-14 7-15 3-7 8-12 9-13 10-14 1-3 4-6 9-11 12-14 2-3 6-7 8-9 10-11",1
186,36,0xF7629480A1BCD5E3,"3 14 5 13 12 11 1 10 0 8 4 9 2 6 7 15",parallel_methods,20,"4-12 1-3 1-5 2-6 3-7 2-3 1-3 2-10 4-6 2-6 5-13 4-5 4-6 0-8 8-9 9-11 3-11 14-15 7-15 14-15",20,"0-1 4-12 4-6 0-8 1-3 1-5 2-6 5-13 6-7 5-7 6-14 6-7 8-10 10-14 1-9 0-1 0-8 0-4 0-1 9-11",20,"4-12 6-7 3-7 0-1 1-3 0-8 6-14 8-10 10-14 5-13 5-7 6-7 8-9 9-13 9-11 0-4 0-2 0-4 5-13 4-5",40,"2-3 4-5 6-7 10-11 14-15 1-3 9-11 12-14 13-15 4-5 10-11 14-15 2-6 3-7 8-12 9-13 1-3 9-11 12-14 0-1 2-3 4-5 14-15 3-11 4-12 5-13 6-14 7-15 2-6 3-7 8-12 1-3 4-6 8-10 12-14 0-1 4-5 10-11 12-13 14-15",1
187,34,0x78EB0DF952A3C416,"6 1 4 12 3 10 2 5 9 15 13 0 11 14 8 7",parallel_methods,17,"0-2 10-14 2-6 4-5 0-4 5-7 3-7 7-15 9-11 8-9 0-8 8-10 12-13 12-14 13-15 11-15 12-13",17,"0-2 12-13 2-6 4-5 0-4 5-7 3-7 7-15 9-11 8-9 0-8 8-10 12-14 8-12 13-15 11-15 12-13",17,"0-2 2-6 4-5 0-4 5-7 3-7 7-15 9-11 8-9 12-14 14-15 11-15 0-8 8-10 8-12 12-13 12-14",39,"0-1 2-3 6-7 1-3 4-6 9-11 2-3 4-5 8-9 12-13 2-6 3-7 8-12 9-13 1-3 4-6 9-11 12-14 4-5 8-9 12-13 14-15 6-14 7-15 3-7 8-12 9-13 10-14 1-3 5-7 12-14 13-15 0-1 2-3 4-5 6-7 8-9 12-13 14-15",1
188,36,0x14B9AD06F5E283C7,"7 12 3 8 2 14 5 15 6 0 13 10 9 11 4 1",parallel_methods,19,"13-15 0-4 2-3 0-2 4-6 5-13 1-5 4-5 8-12 8-9 0-8 10-11 11-15 12-14 4-12 13-15 14-15 7-15 6-7",19,"0-1 0-4 8-12 2-3 0-2 4-12 4-6 8-9 0-8 10-11 13-15 5-13 1-5 11-15 13-15 14-15 7-15 5-7 4-5",19,"10-11 1-9 9-13 12-13 9-11 9-13 2-3 0-4 0-2 7-15 5-7 6-7 6-14 0-8 0-1 1-5 4-6 5-7 6-7",37,"2-3 6-7 8-9 1-3 4-6 0-1 6-7 10-11 12-13 2-6 3-7 8-12 9-13 1-3 4-6 5-7 9-11 12-14 0-1 6-7 8-9 12-13 14-15 4-12 5-13 6-14 7-15 2-6 3-7 8-12 0-2 1-3 4-6 9-11 0-1 4-5 12-13",1
189,34,0x43697C58EA20FD1B,"11 1 13 15 0 2 10 14 8 5 12 7 9 6 3 4",parallel_methods,18,"0-2 0-4 3-11 10-14 2-10 7-15 5-7 3-7 2-3 4-5 12-13 9-13 5-13 12-14 6-14 10-14 14-15 11-15",18,"11-15 2-6 6-7 5-7 3-7 7-15 10-14 10-11 2-10 0-2 0-4 2-3 3-11 12-13 9-13 5-13 12-14 6-14",18,"12-13 9-13 0-2 0-4 4-5 5-13 14-15 6-14 10-14 4-6 3-11 11-15 3-7 2-3 3-11 12-14 2-6 6-14",34,"0-1 2-3 6-7 8-9 12-13 14-15 4-6 5-7 9-11 2-3 6-7 10-11 12-13 1-5 2-6 3-7 8-12 1-3 4-6 9-11 0-1 4-5 8-9 12-13 3-11 4-12 5-13 6-14 7-15 3-7 8-12 4-6 8-10 10-11",1
190,38,0x147D5630E82A9BCF,"15 12 11 9 10 2 8 14 0 3 6 5 13 7 4 1",parallel_methods,19,"11-15 0-4 0-8 1-5 1-3 1-9 2-3 3-11 1-3 5-13 6-14 4-6 6-7 7-15 5-7 10-14 6-14 8-10 12-13",19,"11-15 0-4 0-8 1-5 1-3 1-9 2-3 3-11 1-3 5-13 6-14 4-6 6-7 7-15 5-7 10-14 6-14 8-10 12-13",19,"1-5 5-13 12-13 0-8 11-15 7-15 5-7 1-3 2-3 9-11 3-11 6-14 4-6 10-14 6-14 8-10 10-14 14-15 1-9",43,"0-1 4-5 6-7 12-13 0-2 1-3 4-6 0-1 6-7 10-11 12-13 1-5 2-6 3-7 8-12 9-13 0-2 1-3 4-6 12-14 0-1 4-5 10-11 14-15 1-9 2-10 3-11 4-12 5-13 6-14 7-15 1-5 2-6 3-7 8-12 0-2 1-3 5-7 8-10 0-1 8-9 10-11 12-13",1
191,32,0x4AB08D1F5762CE39,"9 3 14 12 2 6 7 5 15 1 13 8 0 11 10 4",parallel_methods,17,"1-3 10-14 1-9 5-7 6-7 8-9 8-12 0-8 9-11 8-9 14-15 13-15 11-15 6-14 4-6 2-6 6-14",17,"4-5 1-3 1-9 5-7 6-7 2-6 8-9 8-12 0-8 9-11 8-9 10-14 14-15 6-14 4-6 13-15 11-15",17,"5-7 6-7 1-3 0-1 1-9 8-10 8-12 10-11 13-15 12-13 0-4 4-12 11-15 0-8 8-10 2-10 10-14",37,"0-1 8-9 4-6 9-11 12-14 2-3 6-7 12-13 14-15 1-5 2-6 3-7 8-12 9-13 1-3 8-10 9-11 12-14 0-1 8-9 12-13 5-13 6-14 7-15 2-6 3-7 8-12 9-13 0-2 1-3 4-6 12-14 0-1 4-5 6-7 10-11 14-15",1
192,34,0xD6840253AF19CB7E,"14 7 11 12 9 1 15 10 3 5 2 0 4 8 6 13",parallel_methods,19,"0-4 9-13 1-5 2-3 2-10 4-12 6-7 6-14 8-9 9-11 3-11 10-14 12-14 13-15 7-15 5-7 0-8 8-9 0-8",19,"4-12 1-3 1-9 1-5 2-10 3-7 6-14 8-9 8-12 9-11 3-11 8-9 0-8 10-11 8-12 12-13 8-12 13-15 14-15",19,"3-7 2-3 2-10 1-5 5-7 4-12 12-13 9-13 5-13 0-8 8-12 6-14 12-14 12-13 13-15 3-11 1-3 0-1 1-3",45,"0-1 2-3 4-5 14-15 1-3 4-6 5-7 8-10 9-11 12-14 6-7 8-9 14-15 1-5 2-6 3-7 8-12 9-13 10-14 1-3 4-6 12-14 13-15 0-1 4-5 6-7 12-13 14-15 2-10 3-11 4-12 5-13 6-14 7-15 1-5 2-6 3-7 8-12 1-3 5-7 8-10 0-1 8-9 10-11 12-13",1
193,34,0x37EBAF1C80265D49,"9 4 13 5 6 2 0 8 12 1 15 10 11 14 7 3",parallel_methods,18,"12-13 1-5 0-1 1-9 2-6 0-2 6-7 6-14 7-15 3-7 10-11 12-14 8-12 13-15 11-15 4-5 5-7 6-7",18,"0-1 12-14 1-9 2-6 4-6 4-5 0-4 0-2 7-15 3-7 10-11 12-13 5-13 5-7 14-15 11-15 12-14 8-12",18,"1-5 0-1 1-9 4-6 0-2 0-4 4-5 7-15 3-7 14-15 12-14 8-12 5-13 5-7 7-15 10-14 14-15 10-11",40,"0-1 4-5 6-7 8-9 1-3 4-6 9-11 2-3 10-11 12-13 2-6 3-7 8-12 9-13 0-2 1-3 9-11 12-14 0-1 4-5 8-9 12-13 14-15 5-13 6-14 7-15 2-6 3-7 8-12 9-13 10-14 1-3 4-6 5-7 8-10 12-14 13-15 2-3 8-9 14-15",1
194,32,0xF678CEB50D31492A,"10 2 9 4 1 3 13 0 5 11 14 12 8 7 6 15",parallel_methods,17,"0-2 0-1 9-11 6-7 5-7 3-7 5-13 5-7 4-5 8-9 1-9 1-5 8-12 2-6 0-2 6-14 10-14",17,"9-11 0-2 0-1 2-10 6-7 2-6 0-2 5-7 3-7 5-13 5-7 4-5 6-14 8-9 1-9 1-5 8-12",17,"9-11 8-9 8-12 6-7 5-7 3-7 5-13 5-7 0-2 6-14 10-14 2-10 0-1 0-2 4-5 1-9 1-5",31,"0-1 12-13 14-15 1-3 4-6 12-14 10-11 1-5 2-6 3-7 8-12 0-2 1-3 4-6 9-11 12-14 0-1 4-5 6-7 12-13 14-15 5-13 6-14 7-15 8-12 9-13 10-14 5-7 12-14 13-15 14-15",1
195,32,0x7485CBE0A916FD32,"2 3 13 15 6 1 9 10 0 14 11 12 5 8 4 7",parallel_methods,17,"0-2 0-8 10-11 6-7 3-7 1-3 6-14 4-6 7-15 8-9 8-10 10-14 12-13 8-12 1-5 5-13 9-13",17,"0-2 7-15 0-8 1-3 1-5 4-6 8-9 11-15 10-11 12-13 5-13 8-12 12-14 4-12 13-15 12-13 9-13",17,"6-7 6-14 4-6 3-7 7-15 1-3 0-2 9-11 10-11 10-14 9-13 12-13 0-8 8-9 9-13 1-9 1-5",43,"2-3 4-5 6-7 10-11 14-15 4-6 5-7 9-11 12-14 2-3 6-7 12-13 2-6 3-7 8-12 1-3 8-10 9-11 12-14 0-1 2-3 4-5 8-9 10-11 12-13 14-15 4-12 5-13 6-14 7-15 3-7 8-12 9-13 1-3 4-6 9-11 12-14 0-1 2-3 6-7 8-9 10-11 12-13",1
196,38,0x146B702DCA53F8E9,"9 14 8 15 3 5 10 12 13 2 0 7 11 6 4 1",parallel_methods,20,"7-15 3-7 1-3 3-11 6-14 4-6 8-12 8-10 0-8 8-9 10-11 10-14 13-15 7-15 6-7 3-7 12-13 0-2 0-8 0-2",20,"0-1 0-2 0-4 1-9 0-1 2-6 2-10 0-2 3-11 6-14 7-15 3-7 1-3 12-13 4-12 4-6 8-12 13-15 11-15 12-13",20,"8-9 8-10 2-10 0-8 13-15 9-13 1-9 6-14 4-6 8-9 8-10 7-15 6-7 3-11 3-7 10-14 12-13 13-15 11-15 12-13",44,"2-3 6-7 8-9 10-11 12-13 1-3 4-6 5-7 9-11 0-1 2-3 6-7 8-9 12-13 2-6 3-7 8-12 9-13 0-2 1-3 9-11 12-14 0-1 4-5 8-9 14-15 2-10 3-11 4-12 5-13 6-14 7-15 1-5 2-6 3-7 8-12 0-2 1-3 8-10 9-11 0-1 2-3 6-7 12-13",1
197,42,0x3C01E9A75B824D6F,"15 6 13 4 2 8 11 5 7 10 9 14 1 0 12 3",parallel_methods,22,"0-1 0-2 0-4 11-15 2-6 2-3 0-2 3-11 4-5 0-4 5-13 1-5 5-7 8-12 8-9 8-10 12-14 14-15 7-15 1-9 8-9 0-8",22,"0-1 0-2 0-1 0-4 1-5 2-6 2-3 0-2 4-12 0-4 0-1 8-9 8-10 9-13 5-13 5-7 8-9 0-8 11-15 3-11 12-14 14-15",22,"8-9 8-10 1-5 1-9 8-9 5-7 6-7 7-15 11-15 1-3 3-7 0-4 0-2 12-13 4-12 12-14 14-15 0-4 4-5 5-13 1-5 4-5",38,"0-1 10-11 12-13 1-3 4-6 9-11 12-14 13-15 0-1 6-7 10-11 14-15 2-6 3-7 8-12 1-3 9-11 0-1 4-5 8-9 4-12 5-13 6-14 7-15 1-5 2-6 3-7 8-12 9-13 0-2 1-3 4-6 9-11 12-14 0-1 4-5 6-7 12-13",1
198,32,0x7D486209F5B3CAE1,"1 14 10 12 3 11 5 15 9 0 2 6 8 4 13 7",parallel_methods,18,"0-1 8-9 0-8 2-10 4-6 5-13 4-5 8-12 6-7 3-7 7-15 13-15 11-15 14-15 6-14 12-14 12-13 13-15",18,"4-6 5-13 1-9 0-1 2-10 3-11 4-5 7-15 9-13 9-11 8-9 8-12 3-7 6-7 3-7 12-13 12-14 12-13",18,"1-9 0-1 7-15 2-10 4-6 5-13 4-5 8-9 8-12 3-11 6-7 3-7 6-7 12-14 13-15 11-15 13-15 12-13",40,"2-3 6-7 8-9 10-11 12-13 1-3 4-6 9-11 12-14 6-7 14-15 2-6 3-7 8-12 9-13 10-14 1-3 4-6 9-11 12-14 13-15 4-5 6-7 10-11 14-15 3-11 4-12 5-13 6-14 7-15 2-6 3-7 8-12 1-3 4-6 8-10 0-1 4-5 10-11 12-13",1
199,36,0x9631E472BCFAD085,"5 8 0 13 10 15 12 11 2 7 4 14 1 3 6 9",parallel_methods,19,"4-12 0-4 0-1 0-8 0-2 3-7 5-13 5-7 6-14 11-15 9-11 3-11 3-7 12-14 10-14 14-15 13-15 5-13 4-5",19,"0-1 11-15 0-8 0-2 3-7 4-6 4-12 5-7 5-13 6-14 9-11 3-11 10-14 14-15 7-15 5-7 3-7 4-5 1-5",19,"4-6 4-12 0-4 0-1 0-8 0-2 11-15 9-11 6-14 10-14 3-11 3-7 14-15 13-15 5-13 4-5 11-15 13-15 3-11",39,"2-3 10-11 14-15 1-3 4-6 9-11 12-14 13-15 0-1 2-3 4-5 6-7 10-11 14-15 3-7 8-12 9-13 4-6 9-11 12-14 6-7 8-9 12-13 2-10 3-11 4-12 5-13 6-14 7-15 1-5 2-6 3-7 8-12 1-3 8-10 12-14 6-7 10-11 12-13",1
200,32,0x6EB0CD193FA28574,"4 7 5 8 2 10 15 3 9 1 13 12 0 11 14 6",parallel_methods,18,"0-4 0-2 1-3 0-1 1-5 1-9 3-7 9-11 8-9 8-12 0-8 10-14 14-15 6-14 13-15 11-15 14-15 10-14",18,"0-4 0-2 1-3 0-1 1-5 1-9 3-7 8-9 10-11 8-10 8-12 0-8 6-7 7-15 6-7 9-11 9-13 9-11",18,"0-4 1-5 1-9 2-3 0-2 9-11 8-9 8-12 0-8 3-7 5-7 10-11 13-15 11-15 13-15 6-7 7-15 6-7",38,"2-3 8-9 1-3 4-6 12-14 2-3 6-7 10-11 14-15 2-6 3-7 8-12 9-13 0-2 1-3 4-6 5-7 9-11 12-14 0-1 6-7 12-13 5-13 6-14 7-15 2-6 3-7 8-12 9-13 10-14 0-2 1-3 4-6 5-7 12-14 0-1 6-7 8-9",1
201,30,0xB19CA2876430D5FE,"14 15 5 13 0 3 4 6 7 8 2 10 12 9 1 11",parallel_methods,16,"0-2 0-4 1-3 1-5 2-10 8-9 9-13 5-13 10-14 10-11 3-11 1-3 11-15 5-7 4-5 4-6",16,"0-2 0-1 0-4 1-5 1-3 2-10 4-6 6-7 8-9 10-14 10-11 9-11 1-9 9-13 11-15 7-15",16,"0-2 2-10 10-14 8-10 8-9 1-5 1-3 1-9 9-13 0-4 10-11 4-5 4-6 6-7 11-15 7-15",38,"2-3 6-7 10-11 12-13 14-15 0-2 1-3 4-6 5-7 9-11 12-14 0-1 6-7 8-9 10-11 12-13 1-5 2-6 3-7 8-12 9-13 10-14 0-2 1-3 12-14 0-1 2-3 10-11 5-13 6-14 7-15 2-6 3-7 8-12 1-3 4-6 5-7 9-11",1
202,32,0x46BA9C2850E1D73F,"15 3 7 13 1 14 0 5 8 2 12 9 10 11 6 4",parallel_methods,17,"0-4 1-3 1-9 0-1 2-6 0-2 4-5 5-7 7-15 6-7 4-6 6-14 9-13 9-11 8-12 8-10 8-12",17,"14-15 0-4 1-3 1-9 0-1 2-6 0-2 4-5 5-7 7-15 6-7 9-13 9-11 12-14 4-12 10-14 12-14",17,"1-3 1-9 9-13 9-11 0-4 0-1 2-6 0-2 4-5 5-7 14-15 7-15 12-14 4-12 10-14 12-14 6-7",35,"0-1 2-3 6-7 8-9 1-3 4-6 4-5 10-11 12-13 1-5 2-6 3-7 8-12 9-13 0-2 1-3 4-6 9-11 12-14 0-1 4-5 8-9 10-11 12-13 14-15 5-13 6-14 7-15 3-7 8-12 4-6 5-7 9-11 2-3 6-7",1
203,26,0xF794A2831D560ECB,"11 12 14 0 6 5 13 1 3 8 2 10 4 9 7 15",parallel_methods,15,"8-9 1-9 4-6 4-12 9-13 12-13 2-3 0-2 2-10 3-7 1-3 10-11 14-15 7-15 14-15",15,"4-6 2-10 4-12 8-9 1-9 1-3 0-1 9-13 12-13 10-14 1-3 10-11 3-11 3-7 1-3",15,"4-6 2-10 10-14 10-11 0-1 1-3 3-11 0-8 0-1 3-7 1-3 4-12 12-13 8-12 8-9",43,"4-5 10-11 14-15 1-3 4-6 9-11 12-14 0-1 2-3 8-9 10-11 14-15 1-5 2-6 3-7 8-12 9-13 1-3 4-6 9-11 12-14 13-15 4-5 10-11 14-15 4-12 5-13 6-14 7-15 2-6 3-7 8-12 4-6 8-10 9-11 12-14 2-3 4-5 6-7 8-9 10-11 12-13 14-15",1
204,38,0xD8B3E4570F1A29C6,"6 12 9 2 10 1 15 0 7 5 4 14 3 11 8 13",parallel_methods,19,"0-2 0-1 0-4 0-8 1-9 1-5 4-12 0-4 13-15 10-14 6-14 4-6 6-7 2-6 0-2 2-3 8-10 11-15 14-15",19,"0-2 0-1 0-4 0-8 1-9 1-5 4-12 0-4 10-14 6-14 4-6 6-7 2-6 0-2 2-3 8-10 13-15 11-15 14-15",21,"13-15 11-15 10-14 6-14 14-15 2-3 0-4 4-6 8-12 0-8 8-10 0-1 1-3 1-9 1-5 0-4 4-12 6-7 4-6 0-4 6-7",39,"4-5 8-9 10-11 14-15 1-3 4-6 9-11 12-14 0-1 8-9 10-11 14-15 2-6 3-7 8-12 9-13 10-14 0-2 1-3 4-6 9-11 12-14 0-1 6-7 8-9 10-11 4-12 5-13 6-14 7-15 3-7 8-12 9-13 4-6 9-11 12-14 6-7 8-9 10-11",1
205,32,0x07E5B1CF648AD392,"2 9 3 13 10 8 4 6 15 12 1 11 5 14 7 0",parallel_methods,18,"4-6 8-10 12-13 5-13 9-13 8-9 1-9 14-15 6-14 10-14 3-7 2-3 2-6 0-2 7-15 13-15 14-15 12-14",18,"4-6 6-14 6-7 12-13 5-13 8-10 8-9 1-9 10-14 14-15 12-14 8-12 9-13 2-3 0-2 0-8 8-9 9-13",18,"4-6 8-10 6-14 10-14 13-15 14-15 6-7 9-13 12-13 5-13 2-3 0-2 0-8 8-9 9-13 8-9 1-9 0-1",40,"2-3 4-5 6-7 8-9 10-11 1-3 8-10 9-11 12-14 2-3 4-5 8-9 12-13 2-6 3-7 8-12 4-6 9-11 12-14 2-3 4-5 8-9 12-13 4-12 5-13 6-14 7-15 2-6 3-7 8-12 9-13 10-14 0-2 1-3 4-6 12-14 13-15 0-1 6-7 14-15",1
206,38,0x70A156B29D3E8FC4,"4 12 15 8 14 3 13 9 2 11 6 5 1 10 0 7",parallel_methods,20,"4-6 2-3 2-10 4-12 0-4 0-1 0-8 5-7 3-7 6-14 2-6 0-2 7-15 9-11 12-13 8-12 8-10 1-5 1-9 1-5",20,"0-1 0-8 1-5 10-14 2-3 0-2 3-7 1-3 4-6 4-5 6-14 7-15 8-12 9-11 9-13 5-13 8-9 1-9 8-10 0-8",20,"2-3 3-7 7-15 3-11 9-11 4-12 0-4 0-1 10-14 6-14 12-14 12-13 0-8 8-12 8-10 0-2 0-8 5-7 3-7 5-7",40,"4-5 14-15 1-3 4-6 9-11 12-14 2-3 4-5 6-7 12-13 2-6 3-7 8-12 9-13 1-3 4-6 9-11 0-1 2-3 8-9 10-11 12-13 2-10 3-11 4-12 5-13 6-14 7-15 1-5 2-6 3-7 0-2 1-3 8-10 9-11 0-1 2-3 4-5 6-7 10-11",1
207,30,0x539E6BFA71248C0D,"13 0 12 8 4 2 1 7 10 15 11 6 14 9 3 5",parallel_methods,15,"0-1 1-5 2-6 2-3 1-3 6-14 9-13 10-11 2-10 2-6 2-3 8-10 12-14 13-15 5-13",15,"0-1 1-5 2-6 2-3 1-3 6-14 9-13 10-11 2-10 2-6 2-3 8-10 12-14 13-15 5-13",15,"10-11 2-6 10-14 2-3 2-10 8-10 0-1 1-5 1-3 2-3 6-14 12-14 9-13 13-15 5-13",33,"0-1 4-5 6-7 12-13 14-15 1-3 4-6 9-11 8-9 12-13 1-5 2-6 3-7 8-12 1-3 9-11 8-9 12-13 5-13 6-14 7-15 3-7 8-12 9-13 4-6 5-7 12-14 13-15 4-5 6-7 8-9 10-11 14-15",1
208,30,0xB9048EF2A637DC51,"1 5 12 13 7 3 6 10 2 15 14 8 4 0 9 11",parallel_methods,17,"10-14 9-11 8-10 2-10 8-9 11-15 5-7 3-7 4-5 4-12 5-7 5-13 1-5 0-1 8-10 8-12 8-10",17,"10-14 3-7 5-7 5-13 1-5 0-1 8-10 9-11 8-9 11-15 6-7 2-6 2-3 2-10 4-6 4-12 6-7",17,"10-14 10-11 9-11 11-15 8-10 5-7 3-7 2-10 4-5 5-7 5-13 1-5 0-1 4-12 12-14 10-14 12-14",41,"2-3 4-5 6-7 12-13 14-15 4-6 9-11 12-14 13-15 2-3 6-7 14-15 2-6 3-7 8-12 9-13 1-3 8-10 9-11 12-14 2-3 4-5 8-9 12-13 5-13 6-14 7-15 2-6 3-7 8-12 9-13 1-3 4-6 9-11 12-14 13-15 0-1 4-5 6-7 10-11 14-15",1
209,36,0xE7A53942801FDCB6,"6 11 12 13 15 1 0 8 2 4 9 3 5 10 7 14",parallel_methods,18,"0-2 0-8 1-3 1-5 2-6 0-2 3-11 4-12 12-13 8-12 8-10 14-15 7-15 13-15 9-13 5-13 4-5 8-9",18,"0-2 0-8 1-3 1-5 2-6 0-2 3-11 4-12 12-13 8-12 8-10 14-15 7-15 13-15 9-13 5-13 4-5 8-9",18,"14-15 3-11 0-2 2-6 7-15 0-8 0-2 1-9 1-5 4-5 12-13 5-13 11-15 13-15 8-12 10-11 8-10 9-11",44,"2-3 4-5 6-7 14-15 4-6 9-11 12-14 2-3 4-5 10-11 14-15 1-5 2-6 3-7 8-12 9-13 10-14 0-2 1-3 4-6 12-14 13-15 0-1 4-5 6-7 10-11 12-13 14-15 3-11 4-12 5-13 6-14 7-15 2-6 3-7 8-12 8-10 9-11 12-14 2-3 4-5 8-9 10-11 12-13",1
210,32,0xB5039A4C1E26DF78,"8 7 15 13 6 2 14 1 12 4 10 9 3 0 5 11",parallel_methods,16,"1-3 1-5 3-7 1-3 2-3 5-13 6-14 4-6 4-5 8-12 8-9 0-8 0-4 9-11 3-11 11-15",16,"1-3 1-5 3-7 1-3 2-3 5-13 6-14 4-6 4-5 8-12 8-9 0-8 0-4 9-11 3-11 11-15",16,"12-13 8-12 0-8 6-14 1-3 1-9 9-13 4-6 5-7 1-5 4-5 9-11 3-7 2-3 3-11 11-15",36,"0-1 4-5 8-9 12-13 14-15 4-6 9-11 12-14 13-15 2-3 14-15 1-5 2-6 3-7 8-12 0-2 1-3 4-6 9-11 0-1 2-3 4-5 8-9 12-13 4-12 5-13 6-14 7-15 2-6 3-7 8-12 1-3 9-11 0-1 2-3 4-5",1
211,30,0x28F6A0B547C1D39E,"14 9 3 13 1 12 7 4 5 11 0 10 6 15 8 2",parallel_methods,18,"12-14 4-5 8-12 4-12 5-7 3-7 4-5 7-15 6-7 13-15 2-10 0-2 2-6 6-14 10-11 1-9 1-3 3-11",18,"8-10 0-8 4-5 4-12 6-7 4-6 10-11 11-15 3-11 2-3 9-11 13-15 5-13 8-10 9-13 1-9 10-14 8-10",18,"4-5 4-12 6-7 4-6 8-10 0-8 10-14 8-10 14-15 13-15 10-14 2-3 2-10 10-11 9-11 9-13 1-9 1-5",38,"0-1 2-3 10-11 1-3 4-6 9-11 12-14 0-1 4-5 6-7 8-9 12-13 1-5 2-6 3-7 8-12 9-13 1-3 9-11 12-14 0-1 4-5 14-15 4-12 5-13 6-14 7-15 2-6 3-7 8-12 1-3 4-6 9-11 12-14 0-1 8-9 12-13 14-15",1
212,32,0x7DAB4901E3562CF8,"8 15 12 2 6 5 3 14 1 0 9 4 11 10 13 7",parallel_methods,17,"0-8 1-9 0-1 2-6 2-3 7-15 9-13 10-11 9-11 12-14 10-14 6-14 4-6 10-11 13-15 12-13 12-14",17,"0-2 0-8 1-9 0-1 7-15 8-12 8-10 14-15 9-13 8-9 10-11 2-10 2-6 2-3 4-6 8-10 13-15",17,"8-9 0-8 7-15 12-14 14-15 11-15 1-9 9-13 13-15 12-13 2-6 4-6 4-12 8-10 8-9 8-10 2-3",37,"4-5 6-7 8-9 12-13 1-3 4-6 12-14 0-1 10-11 1-5 2-6 3-7 8-12 9-13 10-14 1-3 4-6 12-14 13-15 4-5 12-13 14-15 4-12 5-13 6-14 7-15 2-6 3-7 8-12 0-2 1-3 4-6 9-11 0-1 4-5 6-7 12-13",1
213,32,0x36092B5478FCE1AD,"13 10 1 14 12 15 8 7 4 5 11 2 9 0 6 3",parallel_methods,18,"0-1 0-2 1-9 3-11 5-13 1-5 0-1 6-14 8-12 4-12 11-15 14-15 13-15 9-13 8-9 2-10 2-3 3-11",18,"9-13 3-11 2-3 1-3 5-13 6-14 8-12 4-12 8-9 0-8 11-15 3-11 10-11 10-14 8-10 10-14 14-15 13-15",18,"8-12 4-12 3-11 10-11 6-14 10-14 0-1 1-9 9-13 8-9 0-8 8-10 2-3 1-5 1-3 3-7 7-15 3-7",40,"0-1 2-3 12-13 1-3 9-11 12-14 0-1 2-3 4-5 8-9 10-11 12-13 14-15 2-6 3-7 8-12 9-13 1-3 4-6 9-11 12-14 4-5 6-7 8-9 10-11 12-13 2-10 3-11 4-12 5-13 6-14 7-15 1-5 2-6 3-7 1-3 5-7 8-10 0-1 10-11",1
214,32,0x23E8071F4C59B6DA,"10 13 6 11 9 5 12 4 15 1 7 0 8 14 3 2",parallel_methods,17,"1-9 3-11 8-12 12-14 4-12 12-13 9-13 14-15 10-14 6-14 6-7 4-6 2-6 2-3 0-2 2-10 12-14",17,"3-11 1-9 8-12 12-14 4-12 12-13 9-13 14-15 10-14 6-14 6-7 4-6 2-6 2-3 0-2 2-10 12-14",19,"3-11 6-14 2-6 2-3 8-12 0-2 12-14 14-15 10-14 2-10 5-7 4-5 1-5 1-9 13-15 14-15 5-7 7-15 13-15",45,"2-3 4-5 8-9 1-3 4-6 9-11 0-1 8-9 12-13 1-5 2-6 3-7 8-12 9-13 0-2 1-3 4-6 9-11 12-14 13-15 0-1 4-5 8-9 10-11 14-15 3-11 4-12 5-13 6-14 7-15 0-4 1-5 2-6 3-7 8-12 9-13 0-2 1-3 8-10 9-11 12-14 13-15 0-1 2-3 14-15",1
215,36,0x58AF710E693B24DC,"12 13 4 2 11 3 9 6 14 0 1 7 15 10 8 5",parallel_methods,19,"0-4 0-2 1-5 2-3 3-11 6-7 3-7 1-3 12-14 8-10 8-9 1-9 13-15 5-13 14-15 10-14 0-8 8-12 4-12",19,"0-2 0-4 0-2 1-5 2-3 3-11 6-7 3-7 1-3 1-9 8-10 0-8 0-1 10-14 12-13 8-12 8-10 13-15 5-13",19,"12-13 8-12 12-14 8-10 13-15 8-9 0-8 8-12 1-5 5-13 2-6 4-6 6-7 2-3 3-11 3-7 3-11 1-3 1-9",43,"4-5 8-9 10-11 12-13 0-2 1-3 4-6 9-11 0-1 4-5 6-7 12-13 2-6 3-7 8-12 9-13 10-14 1-3 9-11 12-14 13-15 2-3 4-5 10-11 14-15 4-12 5-13 6-14 7-15 2-6 3-7 8-12 9-13 0-2 1-3 4-6 9-11 12-14 13-15 0-1 6-7 8-9 14-15",1
216,34,0xD9F54C3127BA860E,"14 0 6 8 10 11 7 2 1 3 12 4 5 15 9 13",parallel_methods,18,"0-4 0-8 0-1 3-11 3-7 4-12 5-7 4-5 8-10 9-11 12-14 8-12 8-9 13-15 3-7 3-11 6-7 2-6",18,"0-1 1-3 1-9 4-12 3-11 1-3 1-5 4-5 6-7 2-6 8-9 1-9 10-14 10-11 9-11 12-14 10-14 13-15",18,"0-8 0-1 6-7 2-6 10-14 4-12 12-14 9-11 3-11 10-11 8-10 10-14 9-13 5-13 4-5 9-11 13-15 11-15",38,"0-1 2-3 14-15 1-3 12-14 4-5 10-11 12-13 14-15 2-6 3-7 8-12 9-13 10-14 1-3 4-6 12-14 13-15 2-3 10-11 12-13 14-15 4-12 5-13 6-14 7-15 2-6 3-7 8-12 9-13 10-14 1-3 9-11 12-14 2-3 4-5 10-11 14-15",1
217,30,0xDF1A8E056CB29473,"3 7 4 9 2 11 12 6 5 0 14 8 10 1 15 13",parallel_methods,18,"0-2 5-13 1-3 4-6 8-9 1-9 1-5 13-15 11-15 14-15 12-14 10-14 2-3 2-6 6-7 0-8 8-12 4-12",18,"6-14 1-5 1-9 0-1 1-3 6-7 9-11 8-9 9-13 1-9 12-14 10-14 13-15 0-2 0-4 0-2 7-15 5-7",18,"8-9 9-13 1-3 1-9 5-13 13-15 11-15 14-15 12-14 10-14 0-2 0-8 8-12 4-6 4-12 2-3 2-6 6-7",44,"2-3 8-9 12-13 1-3 4-6 12-14 13-15 2-3 6-7 10-11 14-15 2-6 3-7 8-12 9-13 10-14 1-3 4-6 5-7 9-11 12-14 0-1 2-3 6-7 10-11 14-15 5-13 6-14 7-15 2-6 3-7 8-12 9-13 10-14 0-2 1-3 4-6 12-14 13-15 0-1 6-7 10-11 12-13 14-15",1
218,30,0x9BA12FD360547CE8,"8 14 12 7 4 5 0 6 3 13 15 2 1 10 11 9",parallel_methods,17,"10-11 2-6 11-15 12-13 9-13 1-9 8-9 8-12 9-11 6-14 6-7 3-7 3-11 12-14 0-8 0-2 2-10",17,"0-8 12-13 9-13 1-9 10-11 2-10 10-14 11-15 9-11 10-11 12-14 10-14 0-1 6-7 3-7 1-3 0-1",17,"12-13 9-13 1-9 10-11 2-10 11-15 8-9 8-10 10-14 8-12 6-7 3-7 9-11 3-11 10-11 8-10 0-8",39,"6-7 1-3 4-6 9-11 12-14 0-1 8-9 10-11 14-15 0-4 1-5 2-6 3-7 8-12 9-13 0-2 1-3 8-10 9-11 12-14 0-1 2-3 8-9 5-13 6-14 7-15 1-5 2-6 3-7 8-12 9-13 1-3 4-6 12-14 4-5 6-7 8-9 10-11 14-15",1
219,38,0xA13DEF45B702C869,"9 6 8 12 2 0 7 11 5 4 15 14 13 3 1 10",parallel_methods,20,"10-14 0-8 0-4 0-2 4-5 8-9 0-8 0-4 10-11 3-11 1-3 11-15 13-15 7-15 3-7 6-7 12-13 14-15 10-14 10-11",20,"0-1 0-2 9-13 0-8 0-1 1-5 0-1 1-9 3-7 6-7 4-6 2-6 10-11 10-14 11-15 10-11 3-11 1-3 12-13 4-12",20,"11-15 14-15 10-11 13-15 7-15 11-15 1-3 3-7 6-7 9-13 1-9 0-8 8-9 0-4 0-2 4-5 0-8 0-4 12-13 4-12",46,"0-1 2-3 4-5 6-7 8-9 12-13 14-15 1-3 4-6 5-7 12-14 2-3 6-7 10-11 12-13 1-5 2-6 3-7 8-12 9-13 0-2 1-3 4-6 8-10 9-11 0-1 4-5 8-9 12-13 4-12 5-13 6-14 7-15 2-6 3-7 8-12 9-13 10-14 1-3 12-14 13-15 2-3 4-5 10-11 12-13 14-15",1
220,28,0xAF930B2DCE657814,"4 1 8 7 5 6 14 12 13 2 11 0 3 9 15 10",parallel_methods,16,"10-11 2-10 5-7 4-5 4-12 0-4 0-2 8-9 8-10 9-13 14-15 10-14 6-14 6-7 3-7 2-3",16,"10-11 5-7 4-5 4-12 0-4 8-9 9-13 14-15 0-2 0-8 2-6 2-10 0-2 6-7 3-7 10-14",16,"8-9 9-13 10-11 14-15 4-5 10-14 12-14 6-14 6-7 3-7 4-6 0-4 0-8 0-2 8-12 0-8",40,"0-1 8-9 4-6 5-7 9-11 12-14 13-15 2-3 6-7 8-9 14-15 2-6 3-7 8-12 9-13 4-6 5-7 9-11 12-14 13-15 2-3 6-7 14-15 5-13 6-14 7-15 1-5 2-6 3-7 8-12 9-13 1-3 4-6 12-14 0-1 4-5 6-7 8-9 10-11 14-15",1
221,36,0x490ADF5168BEC237,"7 3 2 12 14 11 8 6 1 5 15 13 10 0 9 4",parallel_methods,18,"1-3 10-14 1-9 1-5 4-6 0-4 8-9 1-9 8-12 8-10 9-11 9-13 8-9 0-8 14-15 6-14 4-6 6-7",18,"1-3 12-14 1-5 1-9 4-6 0-4 0-8 5-13 1-5 0-1 9-11 10-14 12-13 9-13 14-15 6-14 4-6 6-7",18,"12-14 10-14 14-15 4-6 6-14 0-4 4-6 6-7 1-3 1-5 5-13 12-13 1-9 9-11 9-13 0-8 1-5 0-1",38,"0-1 2-3 4-5 12-13 1-3 12-14 0-1 2-3 4-5 10-11 12-13 14-15 3-7 8-12 9-13 4-6 8-10 9-11 12-14 2-3 6-7 8-9 12-13 4-12 5-13 6-14 7-15 2-6 3-7 8-12 9-13 0-2 1-3 9-11 12-14 0-1 4-5 14-15",1
222,44,0x2B0375A6D8C194EF,"15 14 4 9 1 12 8 13 6 10 5 7 3 0 11 2",parallel_methods,23,"0-1 0-2 0-4 5-13 1-5 0-1 2-6 2-10 8-10 10-14 6-14 11-15 3-11 2-3 9-11 10-11 12-13 5-13 5-7 3-7 5-7 7-15 13-15",23,"0-1 0-2 0-4 0-1 0-8 2-6 0-2 3-11 7-15 3-7 10-14 9-11 10-11 12-14 6-14 2-6 2-3 12-13 5-13 8-12 0-8 12-13 13-15",23,"3-11 9-11 4-5 1-5 10-11 8-12 4-12 4-6 7-15 3-7 5-13 13-15 14-15 0-2 2-3 3-11 11-15 0-4 0-8 1-5 0-1 1-3 1-5",37,"0-1 2-3 6-7 10-11 12-13 0-2 1-3 4-6 9-11 12-14 0-1 6-7 8-9 14-15 2-6 3-7 8-12 1-3 9-11 0-1 4-5 2-10 3-11 4-12 5-13 6-14 7-15 1-5 2-6 3-7 1-3 8-10 9-11 0-1 4-5 6-7 10-11",1
223,34,0x6DAF58E7B203149C,"12 9 4 1 3 0 2 11 7 14 8 5 15 10 13 6",parallel_methods,17,"0-4 12-13 2-6 7-15 8-12 4-12 4-6 6-7 8-10 9-11 1-9 1-5 0-1 1-3 11-15 14-15 13-15",17,"0-4 12-14 2-6 7-15 9-11 1-9 1-5 0-1 1-3 11-15 12-13 8-12 4-12 4-6 6-7 8-10 14-15",17,"2-6 4-6 7-15 6-7 9-11 1-9 1-5 11-15 0-8 0-1 1-3 3-7 12-14 12-13 8-12 8-10 14-15",39,"0-1 4-5 6-7 12-13 0-2 1-3 4-6 9-11 12-14 0-1 6-7 8-9 12-13 1-5 2-6 3-7 8-12 9-13 10-14 1-3 4-6 9-11 12-14 0-1 4-5 10-11 14-15 5-13 6-14 7-15 8-12 9-13 10-14 5-7 12-14 13-15 10-11 12-13 14-15",1
224,26,0x3F8A6E1954BC207D,"13 7 0 2 12 11 4 5 9 1 14 6 10 8 15 3",parallel_methods,15,"1-5 1-9 5-7 11-15 14-15 0-2 2-3 3-11 9-11 9-13 8-9 12-14 4-12 4-6 10-14",15,"0-1 0-2 1-9 2-3 4-6 5-7 3-7 11-15 3-11 9-13 8-9 14-15 6-14 12-14 10-14",15,"1-5 5-7 11-15 14-15 1-3 3-11 0-1 1-9 9-13 8-9 12-14 10-14 4-12 4-6 0-2",39,"0-1 2-3 4-5 6-7 8-9 12-13 0-2 1-3 9-11 12-14 0-1 4-5 10-11 2-6 3-7 8-12 9-13 4-6 9-11 12-14 2-3 10-11 14-15 5-13 6-14 7-15 2-6 3-7 8-12 9-13 1-3 4-6 5-7 9-11 12-14 13-15 2-3 6-7 14-15",1
225,34,0x56A4920387D1ECBF,"15 11 12 14 1 13 7 8 3 0 2 9 4 10 6 5",parallel_methods,18,"13-15 0-8 0-2 0-4 3-7 1-3 0-1 4-12 5-13 6-7 6-14 8-9 0-8 9-11 11-15 10-11 3-11 2-3",18,"0-1 0-2 0-4 1-9 0-1 2-3 2-10 4-12 6-7 6-14 9-11 10-14 8-10 13-15 5-13 11-15 10-11 3-11",18,"1-9 9-11 0-4 0-1 4-12 12-13 13-15 5-13 3-7 6-7 6-14 2-10 8-10 10-11 3-11 8-12 10-11 8-10",44,"0-1 2-3 6-7 8-9 10-11 1-3 4-6 9-11 12-14 4-5 6-7 10-11 12-13 14-15 1-5 2-6 3-7 8-12 9-13 10-14 0-2 1-3 9-11 12-14 13-15 0-1 2-3 4-5 10-11 12-13 14-15 2-10 3-11 4-12 5-13 6-14 7-15 1-5 2-6 3-7 1-3 5-7 8-10 0-1",1
226,30,0xA648912C73F0ED5B,"11 5 13 14 0 15 3 7 12 2 1 9 8 4 6 10",parallel_methods,17,"8-12 2-3 2-6 5-13 6-14 9-11 3-11 2-3 11-15 10-11 13-15 4-5 1-5 0-1 9-11 1-9 9-11",17,"9-11 2-6 2-3 2-10 0-2 5-13 6-14 8-12 14-15 10-14 13-15 0-1 0-4 2-3 3-11 2-3 4-5",17,"2-6 6-14 5-13 14-15 13-15 8-12 2-3 2-10 10-14 4-5 1-5 0-2 0-1 9-11 2-3 3-11 2-3",45,"0-1 2-3 6-7 8-9 10-11 12-13 14-15 4-6 9-11 12-14 2-3 4-5 6-7 8-9 14-15 1-5 2-6 3-7 8-12 9-13 0-2 1-3 4-6 9-11 12-14 13-15 0-1 4-5 6-7 8-9 14-15 4-12 5-13 6-14 7-15 2-6 3-7 8-12 1-3 4-6 8-10 9-11 4-5 8-9 10-11",1
227,34,0xF23DA9C5418706EB,"11 14 6 0 7 8 1 4 5 12 9 10 13 3 2 15",parallel_methods,17,"0-1 8-9 1-3 4-6 0-4 0-1 6-7 4-6 6-14 2-6 9-13 5-13 10-11 9-11 3-11 12-13 8-12",17,"0-1 8-9 1-3 4-6 0-4 0-1 6-7 4-6 6-14 2-6 9-13 5-13 10-11 9-11 3-11 12-13 8-12",17,"8-9 9-13 5-13 12-13 8-12 10-11 9-11 6-7 4-6 1-3 3-7 6-7 6-14 2-6 0-1 1-3 3-11",33,"6-7 10-11 12-13 14-15 0-2 1-3 9-11 12-14 0-1 4-5 2-6 3-7 8-12 9-13 1-3 4-5 10-11 12-13 5-13 6-14 7-15 2-6 3-7 8-12 9-13 10-14 4-6 12-14 2-3 6-7 8-9 10-11 14-15",1
228,36,0x3029C4BE1F58D76A,"10 6 7 13 8 5 15 1 14 11 4 12 9 2 0 3",parallel_methods,18,"1-3 9-11 3-7 6-7 7-15 8-10 0-8 0-4 9-13 1-9 1-3 2-3 3-7 10-14 8-10 0-8 12-13 9-13",18,"1-3 9-11 3-7 6-7 7-15 8-10 0-8 0-4 9-13 1-9 1-3 2-3 3-7 10-14 8-10 0-8 12-13 9-13",18,"9-11 8-10 8-12 8-9 4-12 8-12 3-7 7-15 13-15 1-3 2-3 3-7 6-14 2-6 14-15 10-14 0-2 2-10",42,"0-1 2-3 4-5 8-9 10-11 12-13 14-15 1-3 4-6 9-11 12-14 2-3 8-9 12-13 2-6 3-7 8-12 0-2 1-3 4-6 8-10 9-11 0-1 4-5 6-7 8-9 10-11 4-12 5-13 6-14 7-15 1-5 2-6 3-7 8-12 9-13 1-3 9-11 12-14 0-1 10-11 12-13",1
229,38,0x68AF432D05B7EC91,"1 9 12 14 7 11 5 0 13 2 3 4 15 10 8 6",parallel_methods,20,"1-9 0-1 12-14 3-11 6-7 2-6 0-2 5-7 3-7 8-12 10-11 3-11 12-13 14-15 6-14 12-14 10-14 5-7 4-5 5-7",20,"0-1 2-10 2-3 12-14 6-7 2-6 5-7 7-15 8-9 0-8 0-2 9-13 8-9 8-10 8-12 11-15 14-15 6-14 4-6 6-7",20,"12-14 8-12 14-15 12-13 1-9 4-6 6-7 2-6 6-14 12-14 3-11 1-3 1-5 4-5 10-11 10-14 0-2 2-3 1-3 3-11",38,"2-3 8-9 10-11 12-13 9-11 2-3 4-5 12-13 1-5 2-6 3-7 8-12 9-13 10-14 1-3 9-11 12-14 13-15 0-1 4-5 10-11 12-13 14-15 4-12 5-13 6-14 7-15 2-6 3-7 8-12 9-13 4-6 9-11 12-14 2-3 4-5 8-9 14-15",1
230,32,0x8E60B9A73524F1CD,"13 12 1 15 4 2 5 3 7 10 9 11 0 6 14 8",parallel_methods,18,"8-12 0-8 1-5 3-7 5-13 8-9 8-10 12-13 13-15 7-15 9-13 8-9 0-1 0-2 0-1 4-5 4-6 4-5",18,"13-15 8-9 1-9 1-5 0-1 0-2 3-7 7-15 6-7 5-7 8-10 8-9 8-12 8-9 1-9 0-1 9-13 8-9",18,"0-8 8-9 8-10 13-15 9-13 8-9 3-7 7-15 0-2 1-5 0-1 6-7 4-5 4-12 0-2 0-4 4-5 5-7",34,"0-1 2-3 4-5 10-11 1-3 4-6 9-11 12-14 13-15 0-1 2-3 6-7 10-11 14-15 1-5 2-6 3-7 8-12 1-3 9-11 12-13 5-13 6-14 7-15 3-7 8-12 1-3 5-7 9-11 12-14 0-1 2-3 4-5 12-13",1
231,28,0xEF9B06D834C1A527,"7 2 5 10 1 12 4 3 8 13 6 0 11 9 15 14",parallel_methods,16,"0-1 0-2 0-4 3-11 1-3 0-1 3-7 4-5 9-13 14-15 12-14 10-14 10-11 12-14 4-12 4-6",16,"0-1 0-2 0-4 3-11 1-3 0-1 3-7 4-5 9-13 14-15 12-14 4-6 10-14 6-14 10-11 12-14",16,"14-15 9-13 0-2 0-4 3-11 1-3 0-1 4-5 4-12 4-6 2-6 2-10 10-11 6-7 2-6 2-3",46,"0-1 2-3 12-13 1-3 4-6 8-10 9-11 12-14 13-15 2-3 4-5 6-7 8-9 14-15 1-5 2-6 3-7 8-12 9-13 10-14 1-3 4-6 12-14 13-15 0-1 4-5 6-7 10-11 12-13 14-15 6-14 7-15 3-7 8-12 9-13 10-14 1-3 5-7 12-14 13-15 0-1 2-3 4-5 8-9 12-13 14-15",1
232,40,0x54A0ED7613B98CF2,"2 15 12 8 9 11 3 1 6 7 13 14 0 10 4 5",parallel_methods,20,"1-9 2-6 2-3 0-2 0-8 4-12 0-4 4-6 5-7 1-5 7-15 5-7 10-11 9-11 11-15 12-13 9-13 12-14 4-12 10-14",20,"4-12 1-9 2-6 2-3 0-2 0-8 0-4 4-6 5-7 1-5 7-15 5-7 10-11 9-11 11-15 12-13 9-13 12-14 4-12 10-14",20,"2-6 2-3 0-2 8-12 0-8 12-14 4-12 6-14 12-13 12-14 10-11 10-14 1-9 9-11 9-13 5-7 1-5 7-15 5-7 11-15",32,"10-11 14-15 1-3 12-14 4-5 10-11 12-13 14-15 2-6 3-7 8-12 1-3 8-10 9-11 0-1 4-5 8-9 3-11 4-12 5-13 6-14 7-15 3-7 8-12 9-13 1-3 4-6 9-11 12-14 0-1 2-3 8-9",1
233,34,0x419E0DBFC2865A37,"7 3 10 5 6 8 2 12 15 11 13 0 14 9 1 4",parallel_methods,17,"1-3 1-5 7-15 8-10 9-11 1-9 8-9 9-13 10-14 2-10 0-2 0-1 2-6 6-7 4-6 14-15 12-14",17,"1-3 1-5 7-15 8-10 9-11 1-9 8-9 9-13 10-14 2-10 0-2 0-1 2-6 6-7 4-6 14-15 12-14",17,"7-15 14-15 12-14 10-11 2-10 0-2 2-6 6-7 4-6 1-3 1-5 11-15 9-11 1-9 8-9 9-13 13-15",43,"0-1 6-7 8-9 12-13 14-15 1-3 4-6 9-11 2-3 8-9 12-13 2-6 3-7 8-12 1-3 4-6 9-11 12-14 0-1 2-3 6-7 8-9 12-13 14-15 5-13 6-14 7-15 2-6 3-7 8-12 9-13 10-14 0-2 1-3 4-6 12-14 13-15 0-1 4-5 6-7 8-9 12-13 14-15",1
234,36,0x905A6723BDF4EC81,"1 8 12 14 4 15 13 11 3 2 7 6 10 5 0 9",parallel_methods,19,"0-1 0-8 0-2 2-3 5-13 11-15 7-15 6-7 9-11 10-11 2-10 11-15 7-15 12-14 10-14 13-15 4-12 0-4 4-12",19,"0-1 0-2 0-8 0-2 2-3 5-13 12-14 8-12 0-8 11-15 7-15 6-7 9-11 10-11 2-10 10-14 11-15 7-15 13-15",19,"0-1 5-13 8-9 11-15 9-11 0-8 3-7 3-11 12-14 10-14 6-14 6-7 14-15 13-15 6-14 0-2 0-4 4-12 0-4",35,"2-3 8-9 12-13 14-15 4-6 12-14 2-3 4-5 6-7 10-11 12-13 2-6 3-7 8-12 9-13 1-3 4-6 12-14 2-3 6-7 10-11 2-10 3-11 4-12 5-13 6-14 7-15 1-5 2-6 3-7 1-3 8-10 0-1 4-5 6-7",1
235,34,0xAE6450C327B91F8D,"13 8 15 1 9 11 7 2 3 12 0 5 4 6 14 10",parallel_methods,19,"0-1 0-8 11-15 2-10 0-2 4-12 10-11 13-15 5-13 9-13 12-13 1-3 3-7 2-3 7-15 6-7 11-15 9-11 9-13",19,"4-12 2-10 5-13 6-7 8-9 1-9 1-3 8-12 8-9 11-15 10-11 13-15 11-15 1-5 0-1 0-2 1-5 2-6 5-13",19,"0-4 4-12 6-7 2-6 0-1 8-10 0-8 11-15 13-15 5-13 9-13 12-13 10-11 6-14 14-15 6-14 1-3 3-11 9-11",41,"0-1 10-11 1-3 9-11 12-14 13-15 0-1 2-3 4-5 8-9 14-15 2-6 3-7 8-12 9-13 10-14 1-3 9-11 12-14 13-15 4-5 10-11 14-15 3-11 4-12 5-13 6-14 7-15 2-6 3-7 8-12 9-13 1-3 9-11 12-14 0-1 2-3 4-5 6-7 8-9 12-13",1
236,36,0x2B937FCE05AD4816,"6 1 8 4 13 10 5 0 14 12 15 7 3 9 11 2",parallel_methods,19,"9-13 4-12 4-6 5-7 3-7 3-11 4-5 0-4 6-7 3-7 4-6 12-13 14-15 10-14 2-10 8-10 14-15 10-14 10-11",19,"0-2 0-8 3-7 6-7 4-12 4-6 2-6 2-3 0-2 5-7 9-13 10-14 11-15 7-15 10-11 2-10 12-13 14-15 10-14",19,"9-13 4-12 12-13 11-15 10-11 2-10 8-10 5-7 7-15 11-15 10-14 10-11 0-4 4-6 4-5 0-2 2-3 0-2 0-4",39,"0-1 4-5 8-9 1-3 9-11 12-14 2-3 4-5 8-9 10-11 2-6 3-7 8-12 1-3 4-6 5-7 8-10 9-11 0-1 2-3 6-7 8-9 10-11 12-13 5-13 6-14 7-15 2-6 3-7 8-12 9-13 10-14 4-6 5-7 12-14 13-15 2-3 8-9 14-15",1
237,36,0xE934C752FA801D6B,"11 6 13 1 0 8 10 15 2 5 7 12 4 3 9 14",parallel_methods,18,"0-1 0-2 0-4 1-3 2-6 4-5 4-12 9-13 5-13 9-11 3-11 10-14 8-10 2-10 8-9 8-12 14-15 7-15",18,"0-1 0-2 0-4 1-3 2-6 10-11 3-11 4-5 4-12 8-10 2-10 8-12 14-15 13-15 7-15 3-7 9-13 5-13",18,"10-14 14-15 7-15 9-13 5-13 0-1 0-4 1-9 1-3 2-6 4-6 4-12 9-11 9-13 12-13 8-10 2-10 8-9",46,"0-1 6-7 10-11 12-13 14-15 1-3 4-6 5-7 12-14 13-15 0-1 2-3 6-7 10-11 14-15 2-6 3-7 8-12 9-13 1-3 4-6 9-11 12-14 0-1 2-3 4-5 6-7 10-11 12-13 14-15 3-11 4-12 5-13 6-14 7-15 2-6 3-7 8-12 9-13 8-10 9-11 12-14 2-3 4-5 8-9 12-13",1
238,30,0x1FEC265A9873B04D,"13 4 0 11 3 7 8 9 10 5 6 2 12 14 15 1",parallel_methods,16,"0-1 0-4 0-2 1-9 3-11 2-3 5-7 1-5 13-15 9-13 1-9 14-15 2-10 2-6 2-10 8-10",16,"0-1 0-2 1-9 2-6 2-10 3-11 4-6 2-6 2-3 5-7 1-5 8-10 13-15 9-13 1-9 14-15",16,"7-15 5-7 0-1 1-9 1-5 0-4 0-2 3-11 2-3 13-15 9-13 6-14 10-14 8-10 6-14 14-15",36,"0-1 2-3 6-7 8-9 1-3 4-6 5-7 9-11 12-14 0-1 6-7 8-9 2-6 3-7 8-12 9-13 10-14 1-3 12-14 2-3 4-5 4-12 5-13 6-14 7-15 2-6 3-7 8-12 9-13 10-14 1-3 4-6 12-14 13-15 10-11 14-15",1
239,44,0x0D3B92F7C1A8456E,"14 6 5 4 8 10 1 12 7 15 2 9 11 3 13 0",parallel_methods,23,"0-2 0-1 0-4 0-8 1-5 1-3 0-1 2-10 6-7 4-6 9-11 12-14 10-14 13-15 11-15 3-11 10-11 12-13 4-12 0-4 5-7 1-5 5-7",23,"0-1 0-2 0-1 0-4 0-8 1-5 0-1 1-3 2-6 0-2 0-1 2-10 14-15 9-11 12-14 4-12 0-4 13-15 7-15 3-7 14-15 11-15 12-14",23,"9-11 11-15 0-2 2-10 12-14 10-14 10-11 5-13 12-13 0-1 1-5 1-3 8-12 4-12 4-6 6-7 0-4 4-6 0-1 8-10 4-12 0-4 0-8",41,"0-1 6-7 10-11 12-13 0-2 1-3 4-6 9-11 12-14 0-1 8-9 3-7 8-12 9-13 1-3 4-6 9-11 12-14 0-1 2-3 8-9 10-11 12-13 4-12 5-13 6-14 7-15 1-5 2-6 3-7 8-12 9-13 1-3 4-6 9-11 12-14 0-1 4-5 6-7 10-11 14-15",1
240,32,0x82AC76B5413EF9D0,"0 13 9 15 14 3 1 4 5 11 6 7 12 10 2 8",parallel_methods,17,"1-5 2-10 3-11 6-7 3-7 1-3 4-6 6-14 2-6 11-15 9-11 8-9 9-13 5-13 8-9 8-10 8-9",17,"4-6 1-9 2-10 3-11 5-7 3-7 4-5 6-14 2-6 9-13 8-9 1-9 1-5 8-10 11-15 9-11 8-9",17,"6-7 4-6 10-14 6-14 2-10 13-15 3-11 11-15 10-11 9-11 5-7 1-5 8-12 12-13 5-13 3-7 8-12",37,"2-3 4-5 6-7 10-11 12-13 14-15 1-3 4-6 9-11 2-3 4-5 12-13 1-5 2-6 3-7 8-12 9-13 10-14 1-3 4-6 9-11 12-14 4-5 10-11 4-12 5-13 6-14 7-15 3-7 8-12 4-6 5-7 9-11 2-3 4-5 6-7 8-9",1
241,32,0x715BE24C3D60F9A8,"8 10 9 15 0 6 13 3 12 4 2 14 11 5 1 7",parallel_methods,17,"1-9 2-10 3-7 12-14 7-15 8-12 0-8 0-1 0-4 10-11 9-11 10-14 10-11 5-7 6-7 5-7 5-13",17,"4-5 1-9 1-5 2-10 3-7 4-6 4-5 5-13 7-15 8-12 8-9 10-11 9-11 10-14 8-10 0-8 0-1",17,"3-7 7-15 8-12 2-10 1-9 8-10 8-9 10-11 10-14 8-10 0-8 6-7 5-7 5-13 0-1 0-4 6-7",45,"2-3 8-9 10-11 12-13 14-15 1-3 4-6 9-11 12-14 2-3 6-7 8-9 10-11 12-13 1-5 2-6 3-7 8-12 9-13 0-2 1-3 4-6 8-10 9-11 12-14 0-1 2-3 4-5 8-9 3-11 4-12 5-13 6-14 7-15 2-6 3-7 8-12 9-13 1-3 9-11 12-14 4-5 8-9 10-11 12-13",1
242,32,0xBE8071452AD6CF93,"3 9 15 12 6 13 10 2 5 4 1 7 0 8 14 11",parallel_methods,17,"9-13 2-3 2-6 2-10 0-2 3-7 2-3 4-6 4-12 5-13 8-9 1-9 11-15 7-15 1-5 0-1 0-4",17,"0-1 0-8 11-15 2-3 2-6 2-10 3-7 2-3 1-3 4-6 4-12 0-4 7-15 9-13 5-13 4-5 8-9",17,"2-3 2-6 4-6 11-15 4-12 9-13 5-13 8-9 2-10 3-7 0-2 2-3 1-9 0-1 0-4 4-5 7-15",37,"8-9 10-11 4-6 9-11 12-14 13-15 2-3 4-5 8-9 10-11 14-15 2-6 3-7 8-12 9-13 10-14 1-3 4-6 12-14 0-1 4-5 3-11 4-12 5-13 6-14 7-15 2-6 3-7 8-12 0-2 1-3 8-10 9-11 12-14 0-1 4-5 12-13",1
243,36,0xC108F6EA237B459D,"13 9 5 4 11 7 3 2 10 14 6 15 8 0 1 12",parallel_methods,18,"10-14 2-3 2-6 3-7 2-3 4-6 5-7 6-14 8-10 0-8 8-9 8-12 9-13 1-9 0-1 14-15 11-15 12-14",18,"10-14 2-3 2-6 3-7 2-3 4-6 5-7 6-14 8-10 0-8 8-9 8-12 9-13 1-9 0-1 14-15 11-15 12-14",18,"2-6 6-7 5-7 2-3 2-6 4-6 10-14 6-14 9-13 13-15 14-15 11-15 8-10 8-9 1-9 0-8 8-12 12-13",44,"0-1 4-5 10-11 12-13 14-15 0-2 1-3 9-11 12-14 0-1 4-5 8-9 10-11 14-15 2-6 3-7 8-12 0-2 1-3 4-6 8-10 9-11 0-1 4-5 8-9 12-13 5-13 6-14 7-15 2-6 3-7 8-12 9-13 10-14 0-2 1-3 4-6 5-7 12-14 13-15 0-1 6-7 10-11 14-15",1
244,20,0x081C3BFA765492DE,"14 13 2 9 4 5 6 7 10 15 11 3 12 1 8 0",parallel_methods,12,"3-11 9-11 11-15 10-11 8-10 0-8 1-9 9-13 1-9 12-14 8-12 12-14",12,"3-11 9-11 11-15 10-11 8-10 0-8 12-14 1-5 5-13 1-5 8-12 12-14",12,"3-11 9-11 11-15 10-11 0-2 2-10 10-14 8-10 0-2 1-9 9-13 1-9",40,"0-1 2-3 6-7 12-13 0-2 1-3 4-6 5-7 9-11 12-14 0-1 6-7 8-9 12-13 1-5 2-6 3-7 8-12 1-3 9-11 8-9 12-13 5-13 6-14 7-15 1-5 2-6 3-7 8-12 9-13 0-2 1-3 4-6 12-14 0-1 4-5 6-7 10-11 12-13 14-15",1
245,32,0xED425C36B01FA798,"8 9 7 10 15 1 0 11 6 3 12 5 2 4 13 14",parallel_methods,17,"0-8 1-9 2-3 3-7 3-11 1-3 1-5 12-14 10-14 2-10 12-13 4-12 12-14 14-15 4-6 0-4 4-6",17,"0-8 0-2 1-9 2-6 0-2 2-3 3-7 3-11 1-3 1-5 12-14 10-14 2-10 12-13 4-12 12-14 14-15",17,"9-11 1-9 1-5 12-14 12-13 4-12 10-14 12-14 14-15 2-3 2-10 3-7 3-11 0-8 0-2 2-6 0-2",45,"2-3 4-5 6-7 8-9 14-15 1-3 4-6 9-11 12-14 13-15 0-1 2-3 4-5 10-11 14-15 2-6 3-7 8-12 9-13 0-2 1-3 4-6 5-7 12-14 0-1 6-7 10-11 12-13 3-11 4-12 5-13 6-14 7-15 2-6 3-7 8-12 9-13 10-14 9-11 12-14 2-3 4-5 6-7 8-9 10-11",1
246,34,0x3B0AE6879F1D25C4,"4 12 5 2 13 1 15 9 7 8 6 14 10 0 11 3",parallel_methods,18,"1-5 2-3 3-7 4-5 5-13 8-12 4-12 4-5 0-4 5-7 10-14 6-14 11-15 3-11 14-15 9-11 10-11 8-10",18,"12-14 1-5 2-3 3-7 4-5 5-13 8-12 4-12 4-5 0-4 5-7 8-9 10-14 6-14 11-15 3-11 9-11 14-15",18,"1-5 5-13 4-5 0-4 8-12 12-13 5-13 2-3 7-15 3-7 5-7 10-14 11-15 9-11 10-11 8-10 6-14 14-15",42,"4-5 10-11 12-13 1-3 4-6 9-11 12-14 0-1 6-7 8-9 10-11 14-15 3-7 8-12 9-13 1-3 4-6 5-7 9-11 0-1 2-3 6-7 8-9 10-11 12-13 4-12 5-13 6-14 7-15 2-6 3-7 8-12 1-3 4-6 5-7 9-11 12-14 0-1 2-3 6-7 8-9 12-13",1
247,30,0x53DFABC48260E917,"7 1 9 14 0 6 2 8 4 12 11 10 15 13 3 5",parallel_methods,16,"0-2 0-8 0-4 7-15 2-6 5-7 6-7 8-9 10-11 14-15 12-14 8-12 3-11 11-15 3-11 14-15",16,"12-13 0-2 0-8 0-4 2-3 2-6 5-7 6-14 6-7 3-7 8-9 10-11 13-15 5-13 12-13 8-12",16,"10-11 7-15 5-7 0-2 0-8 8-9 14-15 12-14 8-12 2-6 6-7 11-15 3-11 11-15 14-15 0-4",34,"0-1 2-3 6-7 12-13 14-15 4-6 9-11 2-3 6-7 12-13 1-5 2-6 3-7 8-12 9-13 1-3 12-14 0-1 4-5 10-11 12-13 5-13 6-14 7-15 3-7 8-12 9-13 10-14 4-6 8-10 12-14 6-7 8-9 14-15",1
248,30,0xC356DB1A240879FE,"14 15 9 7 8 0 4 2 10 1 11 13 6 5 3 12",parallel_methods,17,"1-5 0-4 3-7 4-12 4-6 5-13 14-15 11-15 12-14 13-15 0-8 0-2 0-1 1-9 2-3 3-11 10-11",17,"14-15 0-4 3-7 2-3 1-3 1-9 4-6 12-14 6-14 11-15 3-11 5-13 13-15 11-15 10-11 8-10 0-8",17,"0-2 1-5 0-1 1-9 4-12 4-6 5-13 13-15 10-11 8-10 8-12 12-13 2-6 6-14 6-7 2-6 3-7",39,"4-5 8-9 10-11 12-13 14-15 0-2 1-3 4-6 12-14 0-1 4-5 6-7 10-11 1-5 2-6 3-7 8-12 0-2 1-3 9-11 12-14 0-1 2-3 8-9 12-13 14-15 4-12 5-13 6-14 7-15 2-6 3-7 8-12 9-13 1-3 4-6 2-3 10-11 12-13",1
249,34,0x19CBAE6D8F073524,"4 2 5 3 7 0 15 8 13 6 14 10 11 12 9 1",parallel_methods,18,"4-5 0-4 6-7 8-9 7-15 5-7 8-12 12-14 6-14 10-14 8-10 10-11 12-13 9-13 1-3 2-3 1-3 1-5",18,"0-1 0-2 0-1 8-9 4-5 0-4 6-7 7-15 5-7 1-5 8-12 12-14 6-14 10-14 8-10 10-11 12-13 9-13",18,"12-14 10-14 10-11 8-12 12-13 8-9 6-7 4-6 0-4 0-8 7-15 0-2 6-7 2-6 0-1 1-5 0-2 0-1",38,"0-1 4-5 8-9 1-3 4-6 5-7 9-11 2-3 6-7 10-11 12-13 3-7 8-12 9-13 1-3 4-6 5-7 8-10 9-11 12-14 0-1 2-3 4-5 6-7 8-9 12-13 6-14 7-15 3-7 8-12 9-13 10-14 1-3 5-7 8-10 12-14 2-3 4-5",1
250,32,0x9B1A3084D5CFE627,"7 2 6 14 15 12 5 13 4 8 0 3 10 1 11 9",parallel_methods,19,"0-1 4-5 5-7 5-13 8-12 4-12 2-6 2-3 1-3 1-5 2-10 0-2 14-15 10-14 8-10 8-9 7-15 3-7 3-11",19,"3-11 0-4 4-5 5-7 5-13 8-12 4-12 8-10 0-8 8-9 11-15 9-11 14-15 11-15 1-5 4-5 4-6 2-6 4-5",19,"4-5 8-12 4-12 3-11 5-7 5-13 0-1 1-5 11-15 14-15 6-7 5-7 2-6 2-10 0-2 10-11 11-15 8-10 8-9",39,"0-1 2-3 4-5 6-7 10-11 12-13 1-3 4-6 8-10 9-11 12-14 2-3 4-5 8-9 14-15 3-7 8-12 9-13 10-14 1-3 4-6 12-14 2-3 6-7 14-15 4-12 5-13 6-14 7-15 1-5 2-6 3-7 0-2 1-3 8-10 9-11 0-1 8-9 10-11",1
251,30,0xD3120CEAB754F968,"8 6 9 15 4 5 7 11 10 14 12 0 2 1 3 13",parallel_methods,15,"3-7 3-11 1-3 9-13 8-10 8-12 0-8 0-2 0-1 1-9 13-15 14-15 7-15 3-7 6-7",15,"3-7 3-11 1-3 9-13 8-10 8-12 0-8 0-2 0-1 1-9 13-15 14-15 7-15 3-7 6-7",15,"3-11 2-3 1-3 9-13 1-9 13-15 14-15 7-15 3-7 6-7 8-10 8-12 0-8 0-2 11-15",45,"0-1 2-3 6-7 12-13 14-15 4-6 5-7 9-11 12-14 13-15 2-3 6-7 8-9 14-15 1-5 2-6 3-7 8-12 0-2 1-3 4-6 9-11 12-14 0-1 4-5 8-9 12-13 14-15 4-12 5-13 6-14 7-15 0-4 1-5 2-6 3-7 8-12 9-13 10-14 0-2 1-3 12-14 0-1 2-3 10-11",1
252,36,0x8B74E35109D6CF2A,"10 2 15 12 6 13 9 0 1 5 3 14 4 7 11 8",parallel_methods,19,"13-15 1-3 2-6 0-2 0-1 6-7 4-6 0-4 4-12 7-15 9-13 5-13 8-9 1-9 10-11 10-14 3-11 10-11 2-10",19,"0-1 1-3 13-15 2-6 0-2 0-1 6-7 4-6 0-4 4-12 7-15 9-13 5-13 8-9 1-9 10-11 3-11 10-14 10-11",19,"3-7 6-7 4-6 4-12 5-13 5-7 0-8 0-1 2-10 2-3 0-2 14-15 10-14 8-10 11-15 1-5 1-9 1-5 14-15",41,"0-1 10-11 4-6 9-11 12-14 13-15 2-3 4-5 10-11 14-15 1-5 2-6 3-7 8-12 9-13 10-14 1-3 4-6 9-11 12-14 13-15 0-1 4-5 8-9 10-11 14-15 3-11 4-12 5-13 6-14 7-15 2-6 3-7 8-12 1-3 8-10 9-11 12-14 2-3 4-5 12-13",1
253,24,0xF6D5E7210C94BA38,"8 3 10 11 4 9 12 0 1 2 7 14 5 13 6 15",parallel_methods,14,"0-8 10-11 3-11 3-7 1-3 0-1 6-14 12-13 5-13 9-13 12-13 12-14 10-14 2-10",14,"0-8 10-11 3-11 3-7 1-3 0-1 6-14 12-13 5-13 9-13 12-13 12-14 10-14 2-10",14,"9-11 3-11 2-10 2-3 3-7 0-8 1-3 0-1 5-13 9-13 6-14 12-13 12-14 5-13",42,"0-1 2-3 10-11 14-15 4-6 12-14 2-3 10-11 14-15 2-6 3-7 8-12 9-13 1-3 4-6 9-11 12-14 13-15 0-1 4-5 6-7 10-11 14-15 3-11 4-12 5-13 6-14 7-15 2-6 3-7 8-12 9-13 10-14 1-3 4-6 9-11 12-14 13-15 8-9 10-11 12-13 14-15",1
254,26,0x6F9825DE1C307AB4,"4 11 10 7 0 3 12 1 14 13 5 2 8 9 15 6",parallel_methods,14,"0-4 2-10 3-7 1-3 3-11 2-3 8-12 9-13 14-15 6-14 12-14 3-7 5-7 3-7",14,"0-4 1-3 1-5 2-10 3-11 2-3 1-3 5-7 1-5 8-12 9-13 14-15 6-14 12-14",14,"14-15 8-12 6-14 12-14 0-4 9-13 3-7 1-3 10-11 3-11 5-7 3-7 5-7 2-10",42,"8-9 1-3 4-6 8-10 9-11 12-14 6-7 8-9 1-5 2-6 3-7 8-12 9-13 0-2 1-3 4-6 9-11 12-14 13-15 0-1 2-3 4-5 6-7 14-15 5-13 6-14 7-15 3-7 8-12 9-13 10-14 4-6 5-7 9-11 12-14 13-15 2-3 4-5 6-7 10-11 12-13 14-15",1
255,32,0x21EA79FD458C6B30,"0 3 11 6 12 8 5 4 13 15 9 7 10 14 1 2",parallel_methods,19,"8-12 11-15 10-11 2-10 9-11 12-13 12-14 4-12 3-7 1-3 6-7 5-7 7-15 11-15 10-11 8-10 4-5 1-5 4-5",19,"6-7 5-7 8-12 11-15 7-15 10-11 2-10 9-11 11-15 10-11 8-10 12-13 12-14 4-12 4-6 2-3 2-6 2-3 1-3",19,"14-15 11-15 2-3 3-11 1-3 8-12 12-13 12-14 4-12 6-7 4-6 2-6 8-10 5-13 9-13 8-9 13-15 5-13 5-7",35,"4-5 14-15 8-10 9-11 2-3 4-5 8-9 12-13 2-6 3-7 8-12 9-13 4-6 9-11 2-3 6-7 8-9 12-13 5-13 6-14 7-15 2-6 3-7 8-12 9-13 10-14 1-3 4-6 5-7 12-14 13-15 8-9 10-11 12-13 14-15",1
256,30,0x6F83D219AEB5C470,"0 7 4 12 5 11 14 10 9 1 2 13 3 8 15 6",parallel_methods,16,"3-7 1-5 1-9 7-15 9-11 9-13 8-9 14-15 12-14 6-14 2-6 2-3 2-10 4-5 4-6 6-7",16,"0-2 1-3 1-5 1-9 3-7 4-5 4-12 0-4 0-2 2-3 2-10 9-11 9-13 8-9 14-15 6-14",16,"1-5 1-9 9-11 9-13 8-9 7-15 14-15 2-10 10-14 12-14 6-14 6-7 3-7 5-7 4-5 4-12",38,"2-3 8-9 10-11 1-3 4-6 9-11 12-14 2-3 6-7 10-11 14-15 3-7 8-12 9-13 4-6 9-11 12-14 13-15 2-3 6-7 14-15 4-12 5-13 6-14 7-15 1-5 2-6 3-7 8-12 9-13 1-3 4-6 8-10 9-11 12-14 4-5 8-9 14-15",1
257,26,0x48D51A30E7CFB269,"9 6 2 11 15 12 7 14 0 3 10 1 5 13 8 4",parallel_methods,14,"0-1 1-9 3-11 1-3 4-12 4-5 6-7 12-14 14-15 6-14 8-12 4-12 0-4 4-6",14,"0-1 3-11 0-8 1-9 1-3 4-12 4-5 6-7 12-14 8-12 4-12 14-15 6-14 4-6",14,"7-15 4-12 12-14 14-15 9-11 0-1 1-9 6-7 4-5 4-12 0-4 4-6 3-11 0-8",46,"0-1 2-3 4-5 6-7 1-3 4-6 9-11 12-14 0-1 2-3 4-5 10-11 12-13 3-7 8-12 9-13 10-14 4-6 5-7 9-11 12-14 13-15 2-3 4-5 6-7 10-11 12-13 14-15 3-11 4-12 5-13 6-14 7-15 1-5 2-6 3-7 8-12 0-2 1-3 5-7 8-10 9-11 0-1 6-7 10-11 12-13",1
258,26,0xFB18A3476C95E2D0,"0 13 2 14 5 9 12 6 7 4 3 10 8 1 11 15",parallel_methods,15,"1-5 1-9 5-13 1-5 4-5 8-12 10-11 3-11 4-6 4-12 4-6 6-7 10-14 10-11 10-14",15,"1-5 10-11 3-11 5-13 8-9 1-9 1-5 8-12 6-7 5-7 4-5 4-12 10-11 10-14 10-11",15,"1-9 1-5 4-5 9-13 1-9 10-11 3-11 8-10 10-14 6-14 6-7 10-11 12-14 10-14 8-10",41,"2-3 8-9 10-11 12-13 14-15 1-3 4-6 9-11 12-14 13-15 2-3 6-7 8-9 10-11 14-15 2-6 3-7 8-12 9-13 10-14 12-14 2-3 4-5 10-11 4-12 5-13 6-14 7-15 2-6 3-7 8-12 1-3 4-6 9-11 12-14 2-3 4-5 6-7 8-9 12-13 14-15",1
259,34,0x6CE8451372B9F0AD,"13 10 0 15 9 11 2 7 3 1 5 4 8 14 12 6",parallel_methods,19,"3-11 0-8 0-1 0-2 1-3 1-5 1-9 4-5 8-12 12-13 12-14 11-15 10-11 2-10 2-6 9-11 9-13 5-13 9-13",19,"0-1 0-2 1-5 1-9 8-10 2-10 8-12 4-12 9-11 12-13 9-13 5-13 4-5 12-14 11-15 3-11 2-3 2-6 11-15",19,"0-4 0-1 1-9 8-10 8-12 12-13 12-14 0-2 5-13 2-10 11-15 3-11 2-3 13-15 11-15 2-6 12-13 4-12 12-13",41,"0-1 2-3 6-7 8-9 1-3 12-14 0-1 2-3 4-5 10-11 12-13 1-5 2-6 3-7 8-12 9-13 10-14 11-15 1-3 12-14 13-15 4-5 12-13 14-15 3-11 4-12 5-13 6-14 7-15 2-6 3-7 8-12 9-13 1-3 8-10 9-11 12-14 2-3 4-5 6-7 12-13",1
260,34,0x05CD4F8B9A3E1726,"6 2 7 1 14 3 10 9 11 8 15 4 13 12 5 0",parallel_methods,17,"1-3 2-3 12-13 6-14 4-6 7-15 5-7 3-7 4-5 0-4 8-9 10-11 10-14 6-14 4-6 11-15 9-11",17,"1-3 2-3 12-13 6-14 4-6 7-15 5-7 3-7 4-5 0-4 8-9 10-11 10-14 6-14 4-6 11-15 9-11",17,"12-13 1-3 2-3 14-15 7-15 5-7 3-7 10-11 6-14 10-14 4-6 6-14 0-4 4-6 8-9 11-15 9-11",41,"0-1 4-5 8-9 12-13 1-3 4-6 9-11 0-1 2-3 4-5 6-7 8-9 10-11 12-13 3-7 8-12 9-13 4-6 5-7 9-11 12-14 2-3 4-5 6-7 8-9 10-11 12-13 5-13 6-14 7-15 3-7 8-12 9-13 10-14 1-3 4-6 12-14 0-1 2-3 6-7 14-15",1
261,30,0xBFCD317425E960A8,"8 10 0 6 9 14 5 2 4 7 1 3 13 12 15 11",parallel_methods,16,"0-8 0-4 0-1 0-2 1-9 2-10 2-3 1-3 6-7 2-6 5-7 12-13 3-7 3-11 11-15 14-15",16,"12-13 0-8 0-4 0-1 0-2 1-9 1-5 2-10 2-3 1-3 3-11 6-7 2-6 5-7 11-15 14-15",16,"12-13 3-7 6-7 0-8 5-7 0-4 9-11 11-15 7-15 14-15 0-1 0-2 2-10 2-3 1-9 1-3",40,"2-3 10-11 12-13 0-2 1-3 8-10 9-11 12-14 0-1 4-5 8-9 2-6 3-7 8-12 9-13 10-14 11-15 1-3 4-6 12-14 13-15 6-7 12-13 14-15 4-12 5-13 6-14 7-15 2-6 3-7 8-12 9-13 10-14 1-3 4-6 12-14 2-3 4-5 6-7 14-15",1
262,32,0x2E560AB98431D7CF,"15 12 7 13 1 3 4 8 9 11 10 0 6 5 14 2",parallel_methods,17,"0-1 0-4 1-3 1-5 3-7 1-3 0-1 4-12 4-6 5-13 7-15 9-11 8-9 0-8 2-3 3-7 2-3",17,"0-1 0-4 4-12 1-3 1-5 0-1 3-7 2-3 0-2 4-6 5-13 7-15 3-7 2-3 9-11 8-9 0-8",17,"0-1 0-4 4-12 4-6 9-11 8-9 1-5 5-13 3-7 7-15 13-15 2-3 3-7 1-3 0-1 0-2 0-8",37,"0-1 2-3 6-7 12-13 1-3 4-6 5-7 9-11 12-14 0-1 6-7 8-9 1-5 2-6 3-7 8-12 0-2 1-3 9-11 12-14 0-1 2-3 12-13 14-15 4-12 5-13 6-14 7-15 2-6 3-7 8-12 1-3 4-6 9-11 12-14 0-1 12-13",1
263,34,0xA0193E8F52CB6D47,"7 4 13 6 11 12 2 5 15 8 14 3 9 1 0 10",parallel_methods,18,"0-1 0-4 0-2 2-3 2-6 3-11 5-13 1-5 5-7 10-14 8-10 0-8 8-9 12-13 9-13 14-15 10-14 14-15",18,"0-1 0-2 0-4 0-2 2-3 2-6 3-11 4-5 5-13 1-5 5-7 8-12 8-9 12-14 4-12 0-4 14-15 10-14",18,"5-13 0-1 1-5 5-7 0-4 2-3 2-6 12-13 3-11 10-14 8-10 0-8 8-9 9-11 9-13 10-11 11-15 10-11",40,"0-1 6-7 8-9 12-13 14-15 1-3 9-11 12-14 2-3 4-5 8-9 2-6 3-7 8-12 9-13 1-3 4-6 8-10 9-11 0-1 8-9 12-13 5-13 6-14 7-15 1-5 2-6 3-7 8-12 9-13 0-2 1-3 4-6 9-11 12-14 13-15 0-1 4-5 6-7 14-15",1
264,24,0x784FB6EA5CD21093,"3 9 0 1 2 13 12 5 10 14 6 11 15 4 8 7",parallel_methods,14,"0-2 4-6 10-14 8-10 12-13 4-12 1-9 1-3 2-3 2-6 6-14 13-15 5-13 5-7",14,"1-9 0-1 0-2 1-3 2-10 4-6 2-6 4-12 5-13 4-5 5-7 7-15 10-14 8-10",14,"10-14 8-10 12-13 4-6 4-12 5-13 5-7 7-15 1-9 0-1 1-3 0-2 2-6 6-14",34,"2-3 10-11 12-13 0-2 1-3 4-6 9-11 12-14 0-1 4-5 6-7 8-9 12-13 14-15 3-7 8-12 4-6 5-7 9-11 12-14 2-3 6-7 12-13 5-13 6-14 7-15 8-12 9-13 5-7 12-14 13-15 4-5 10-11 14-15",1
265,34,0x714AE5C0DB6839F2,"2 15 9 3 8 6 11 13 0 12 5 14 10 4 1 7",parallel_methods,18,"0-2 0-8 5-7 5-13 6-7 7-15 8-9 12-14 4-12 4-5 1-5 8-12 10-11 10-14 11-15 5-7 7-15 5-7",18,"0-2 0-1 0-4 0-8 5-7 12-14 6-7 7-15 10-11 10-14 11-15 12-13 4-12 9-13 1-9 12-13 13-15 5-13",18,"5-7 6-7 7-15 0-2 0-8 5-13 8-9 10-14 12-14 4-12 8-12 4-5 10-11 10-14 9-11 1-9 9-11 11-15",42,"4-5 6-7 10-11 12-13 14-15 1-3 4-6 5-7 9-11 12-14 6-7 10-11 12-13 2-6 3-7 8-12 9-13 4-6 8-10 9-11 12-14 2-3 8-9 12-13 14-15 3-11 4-12 5-13 6-14 7-15 2-6 3-7 8-12 9-13 0-2 1-3 9-11 12-14 0-1 4-5 8-9 12-13",1
266,32,0x40EB38175FCD62A9,"9 10 2 6 13 12 15 5 7 1 8 3 11 14 0 4",parallel_methods,18,"0-1 0-8 1-9 8-10 12-14 4-12 0-4 4-5 5-7 12-13 14-15 6-14 3-11 11-15 14-15 4-12 4-6 6-14",18,"0-1 0-8 1-9 4-5 12-13 8-10 12-14 4-12 0-4 13-15 5-13 4-5 5-7 6-7 3-7 3-11 6-7 11-15",18,"0-1 0-8 8-10 1-9 13-15 5-13 4-5 12-13 6-14 5-13 5-7 3-7 3-11 14-15 0-4 4-6 6-7 0-4",38,"2-3 4-5 8-9 14-15 0-2 1-3 4-6 9-11 0-1 10-11 12-13 3-7 8-12 9-13 1-3 4-6 5-7 12-14 2-3 4-5 6-7 10-11 3-11 4-12 5-13 6-14 7-15 1-5 2-6 3-7 8-12 0-2 1-3 8-10 9-11 12-14 0-1 12-13",1
267,36,0x2A35D9467C81EF0B,"11 0 15 14 1 8 12 7 6 4 9 13 5 3 10 2",parallel_methods,18,"9-13 0-8 0-4 0-1 2-3 4-6 4-12 5-13 4-5 8-10 9-11 3-11 9-13 8-9 11-15 10-11 2-10 10-14",18,"9-13 0-8 0-4 0-1 2-3 4-6 4-12 5-13 4-5 8-10 9-11 3-11 9-13 8-9 11-15 10-11 2-10 10-14",18,"0-8 0-4 0-1 4-6 4-12 9-13 5-13 4-5 9-11 9-13 8-10 8-9 2-3 3-11 11-15 10-11 2-10 10-14",34,"0-1 8-9 10-11 12-13 4-6 12-14 2-3 6-7 10-11 1-5 2-6 3-7 8-12 1-3 9-11 4-5 8-9 12-13 3-11 4-12 5-13 6-14 7-15 2-6 3-7 8-12 8-10 9-11 2-3 4-5 6-7 8-9 10-11 12-13",1
268,30,0x691CB32FE8A470D5,"5 13 0 7 4 10 8 14 15 2 3 11 12 1 9 6",parallel_methods,16,"5-13 1-9 0-1 0-2 1-5 14-15 6-14 13-15 9-13 10-14 8-10 14-15 7-15 3-7 10-14 14-15",16,"1-5 0-1 0-2 5-13 1-5 7-15 10-14 6-14 6-7 3-7 8-10 8-9 10-14 8-10 2-10 14-15",16,"1-9 0-1 0-2 1-5 9-13 1-9 10-14 14-15 7-15 3-7 6-14 8-10 10-14 14-15 8-9 8-10",40,"2-3 6-7 8-9 10-11 12-13 1-3 4-6 9-11 12-14 0-1 6-7 12-13 14-15 3-7 8-12 9-13 1-3 4-6 9-11 12-14 2-3 6-7 8-9 4-12 5-13 6-14 7-15 1-5 2-6 3-7 8-12 9-13 1-3 4-6 9-11 12-14 4-5 10-11 12-13 14-15",1
269,34,0xE4A631D29C8B70F5,"5 15 0 7 11 8 12 9 2 13 1 3 6 10 4 14",parallel_methods,19,"0-4 9-13 12-14 1-5 0-1 0-8 0-2 3-7 3-11 6-14 9-11 10-11 4-5 4-12 12-14 14-15 3-11 1-3 3-11",19,"4-12 1-5 0-1 0-8 0-2 3-7 3-11 4-6 9-13 9-11 10-11 12-14 4-12 14-15 3-11 1-5 1-3 3-11 11-15",19,"1-5 0-1 0-8 0-2 3-7 3-11 9-13 9-11 10-11 6-14 4-6 12-14 6-14 14-15 11-15 13-15 5-13 1-5 13-15",37,"2-3 4-5 10-11 14-15 1-3 4-6 9-11 12-14 0-1 6-7 8-9 3-7 8-12 9-13 10-14 4-6 9-11 12-14 13-15 10-11 12-13 14-15 3-11 4-12 5-13 6-14 7-15 1-5 2-6 3-7 8-12 9-13 1-3 9-11 12-14 6-7 8-9",1
270,32,0x5810CA7E6B9DF423,"3 2 4 15 13 9 11 6 14 7 10 12 0 1 8 5",parallel_methods,18,"0-1 0-2 4-12 0-4 5-13 6-7 3-7 7-15 9-11 3-11 9-13 12-13 1-3 1-5 5-7 8-10 10-14 8-10",18,"0-1 0-2 4-12 0-4 5-13 6-7 3-7 7-15 9-11 3-11 9-13 12-13 12-14 1-3 1-5 5-7 8-12 12-14",18,"0-1 0-2 4-12 0-4 6-7 5-13 9-13 3-7 13-15 7-15 3-11 1-3 1-5 5-13 12-13 12-14 8-12 12-14",36,"0-1 2-3 4-5 8-9 10-11 4-6 9-11 12-14 13-15 2-3 4-5 14-15 3-7 8-12 4-6 8-10 9-11 8-9 10-11 4-12 5-13 6-14 7-15 2-6 3-7 8-12 9-13 0-2 1-3 4-6 9-11 12-14 0-1 6-7 8-9 12-13",1
271,38,0xE10B6FA539748DC2,"2 12 13 8 4 7 9 3 5 10 15 6 11 0 1 14",parallel_methods,20,"12-13 2-3 0-2 3-7 8-12 0-8 14-15 11-15 7-15 6-7 5-7 9-11 1-9 9-13 10-11 12-13 5-13 9-13 13-15 11-15",20,"0-1 0-8 0-1 0-2 3-11 3-7 6-7 5-7 1-5 8-12 8-9 9-11 10-14 8-10 0-8 8-9 9-13 1-9 0-1 14-15",20,"10-14 14-15 3-11 3-7 6-7 2-10 0-2 0-1 5-7 0-8 8-12 8-9 8-10 9-11 8-9 5-13 9-13 1-5 0-1 1-5",36,"12-13 14-15 1-3 4-6 9-11 12-14 2-3 10-11 14-15 1-5 2-6 3-7 8-12 9-13 1-3 9-11 4-5 8-9 10-11 12-13 4-12 5-13 6-14 7-15 2-6 3-7 8-12 9-13 0-2 1-3 4-6 12-14 13-15 0-1 10-11 14-15",1
272,36,0x7F6B04CAE91D8523,"3 2 5 8 13 1 9 14 10 12 4 0 11 6 15 7",parallel_methods,19,"0-1 0-2 1-3 6-7 7-15 8-10 8-12 4-12 8-9 9-11 1-9 0-1 1-5 13-15 14-15 6-14 12-13 8-12 8-9",19,"0-1 0-2 0-4 1-3 0-1 1-5 5-13 4-5 4-6 7-15 8-10 8-12 4-12 8-9 8-12 9-11 8-9 0-8 14-15",19,"0-2 0-1 1-5 7-15 14-15 2-3 2-10 8-10 12-13 9-13 4-12 12-13 4-6 9-11 0-2 0-4 0-8 8-9 0-8",45,"0-1 2-3 4-5 6-7 12-13 4-6 8-10 9-11 12-14 2-3 6-7 8-9 14-15 3-7 8-12 9-13 1-3 4-6 5-7 9-11 12-14 13-15 0-1 2-3 4-5 6-7 10-11 14-15 4-12 5-13 6-14 7-15 3-7 8-12 9-13 1-3 4-6 5-7 12-14 0-1 2-3 6-7 10-11 12-13 14-15",1
273,32,0x0F6C258D1EA4B937,"7 3 9 11 4 10 14 1 13 8 5 2 12 6 15 0",parallel_methods,16,"13-15 3-11 2-3 1-3 5-7 7-15 8-9 9-13 1-9 0-1 1-5 14-15 10-14 6-14 6-7 5-7",16,"13-15 3-11 2-3 1-3 5-7 7-15 8-9 9-13 1-9 0-1 1-5 14-15 10-14 6-14 6-7 5-7",16,"13-15 14-15 6-14 8-9 10-11 3-11 9-13 5-7 3-7 2-3 1-3 1-9 0-1 1-5 5-7 2-10",38,"0-1 2-3 8-9 12-13 4-6 8-10 9-11 12-14 2-3 8-9 2-6 3-7 8-12 9-13 1-3 4-6 9-11 12-14 0-1 6-7 10-11 4-12 5-13 6-14 7-15 2-6 3-7 8-12 9-13 10-14 1-3 4-6 9-11 12-14 0-1 8-9 10-11 14-15",1
274,28,0x78BE9F52CD0136A4,"4 10 6 3 1 0 13 12 2 5 15 9 14 11 8 7",parallel_methods,16,"0-4 0-1 0-8 10-14 7-15 8-10 9-13 9-11 14-15 12-14 4-6 4-5 5-13 0-2 0-4 4-6",16,"0-4 1-9 1-5 0-1 6-7 7-15 9-11 10-11 12-14 13-15 11-15 2-6 0-2 0-8 0-2 8-12",16,"7-15 10-14 14-15 12-14 4-5 0-4 8-10 1-9 9-11 2-6 2-10 10-11 9-13 9-11 9-13 1-5",40,"4-5 12-13 1-3 4-6 5-7 0-1 6-7 10-11 12-13 2-6 3-7 8-12 9-13 0-2 1-3 4-6 5-7 9-11 12-14 13-15 0-1 6-7 8-9 10-11 14-15 5-13 6-14 7-15 3-7 8-12 9-13 4-6 5-7 9-11 12-14 13-15 2-3 4-5 10-11 14-15",1
275,26,0x4F73CEB920D56A18,"8 1 10 6 5 13 0 2 9 11 14 12 3 7 15 4",parallel_methods,15,"3-7 5-13 9-11 8-9 8-12 0-8 14-15 10-14 2-10 2-6 0-2 2-3 4-5 4-6 6-7",15,"9-11 8-9 8-12 0-8 13-15 5-13 4-5 2-10 2-3 2-6 0-2 3-7 2-3 7-15 14-15",15,"13-15 5-13 4-5 9-11 8-9 8-12 0-8 2-10 2-6 0-2 3-7 2-3 6-14 6-7 7-15",31,"0-1 6-7 1-3 12-14 2-3 4-5 10-11 14-15 1-5 2-6 3-7 8-12 1-3 4-6 9-11 0-1 4-5 6-7 5-13 6-14 7-15 3-7 8-12 9-13 10-14 4-6 5-7 12-14 13-15 8-9 14-15",1
276,38,0xC05B4A7F928316ED,"13 14 6 1 3 8 2 9 15 7 10 4 11 5 0 12",parallel_methods,20,"0-1 0-4 12-14 1-9 1-5 0-1 1-3 2-6 5-7 5-13 8-12 0-8 9-13 14-15 11-15 12-14 14-15 4-12 12-14 4-12",20,"0-1 0-2 0-4 12-14 1-9 1-5 0-1 1-3 2-6 5-7 5-13 8-12 0-8 9-13 14-15 11-15 12-14 14-15 6-14 4-6",20,"2-6 4-5 1-5 1-3 5-13 12-13 12-14 9-13 9-11 13-15 7-15 8-12 12-13 13-15 0-8 8-9 9-13 8-12 4-12 8-12",38,"6-7 8-9 12-13 14-15 0-2 1-3 4-6 9-11 12-14 0-1 8-9 2-6 3-7 8-12 9-13 1-3 9-11 12-14 4-5 8-9 10-11 12-13 4-12 5-13 6-14 7-15 3-7 8-12 9-13 1-3 4-6 12-14 0-1 2-3 6-7 10-11 12-13 14-15",1
277,38,0x03D1A7EB825946CF,"15 12 6 4 9 5 2 8 11 14 7 10 1 13 3 0",parallel_methods,19,"0-1 0-4 1-3 0-1 2-6 3-7 4-12 0-4 10-11 3-11 9-11 8-9 11-15 9-11 1-9 0-1 14-15 7-15 3-7",19,"0-1 0-4 1-3 0-1 2-6 3-7 4-12 0-4 10-11 3-11 9-11 8-9 11-15 9-11 1-9 0-1 14-15 7-15 3-7",21,"2-6 10-14 10-11 3-7 3-11 9-11 8-9 11-15 9-11 0-4 0-1 1-9 4-12 0-4 0-1 12-14 14-15 4-12 4-5 5-7 4-5",39,"0-1 4-5 6-7 10-11 0-2 1-3 4-6 8-10 9-11 12-14 0-1 4-5 8-9 12-13 2-6 3-7 8-12 1-3 9-11 0-1 4-5 8-9 4-12 5-13 6-14 7-15 1-5 2-6 3-7 8-12 9-13 0-2 1-3 4-6 12-14 0-1 4-5 6-7 10-11",1
278,28,0x862ABC345D7F9E10,"0 1 14 9 15 7 13 5 4 3 12 11 10 2 6 8",parallel_methods,16,"4-6 5-7 6-14 8-12 4-12 12-13 14-15 12-14 10-14 2-10 1-9 1-3 1-9 8-12 12-14 10-14",16,"4-6 5-7 6-14 8-12 4-12 12-13 14-15 12-14 10-14 2-10 8-12 1-3 1-9 1-3 12-14 10-14",16,"5-7 3-11 9-11 3-11 8-12 4-12 6-14 12-14 14-15 12-13 12-14 10-14 2-10 10-14 8-10 8-12",34,"4-5 8-9 12-13 14-15 4-6 12-14 2-3 4-5 10-11 12-13 14-15 2-6 3-7 8-12 9-13 4-6 8-10 9-11 12-14 2-3 6-7 8-9 4-12 5-13 6-14 7-15 2-6 3-7 8-12 4-6 9-11 2-3 4-5 8-9",1
279,32,0x731CE9F286A54B0D,"13 0 11 4 5 10 6 8 2 15 9 14 12 1 3 7",parallel_methods,16,"0-1 1-5 1-3 2-3 5-13 1-5 4-5 7-15 8-10 2-10 11-15 9-11 8-9 14-15 11-15 3-11",16,"0-1 1-5 1-3 2-3 5-13 1-5 4-5 7-15 8-10 2-10 11-15 9-11 8-9 14-15 11-15 3-11",16,"0-1 7-15 1-5 5-13 1-3 1-5 4-5 2-3 11-15 10-11 8-10 2-10 14-15 9-11 11-15 3-11",42,"0-1 6-7 10-11 12-13 14-15 1-3 4-6 9-11 12-14 4-5 6-7 12-13 14-15 2-6 3-7 8-12 8-10 9-11 12-14 2-3 4-5 8-9 12-13 4-12 5-13 6-14 7-15 1-5 2-6 3-7 8-12 9-13 10-14 1-3 4-6 9-11 12-14 13-15 4-5 6-7 10-11 14-15",1
280,34,0x94A86DC3E7B150F2,"2 15 0 5 1 11 7 14 3 12 13 6 8 10 4 9",parallel_methods,19,"0-2 11-15 1-5 1-3 8-10 8-9 8-12 9-13 9-11 10-11 3-11 14-15 7-15 5-7 4-5 1-5 6-14 14-15 7-15",19,"0-2 1-3 1-5 3-11 6-7 6-14 8-9 1-9 8-12 13-15 11-15 10-11 9-11 9-13 3-7 4-6 6-7 3-7 1-3",19,"0-2 9-13 8-9 8-10 8-12 12-13 1-3 1-5 3-11 11-15 1-9 9-11 6-7 6-14 1-3 0-1 0-4 4-6 0-1",33,"2-3 6-7 14-15 1-3 4-6 9-11 12-14 0-1 6-7 10-11 12-13 3-7 8-12 9-13 1-3 4-6 8-10 9-11 12-14 2-3 8-9 14-15 5-13 6-14 7-15 3-7 8-12 9-13 4-6 5-7 9-11 6-7 12-13",1
281,30,0x75DE4A8239BC106F,"15 6 0 1 12 11 9 3 2 8 10 4 14 13 5 7",parallel_methods,16,"12-14 0-8 0-2 1-5 1-3 3-11 3-7 4-12 4-5 6-7 4-6 7-15 8-9 11-15 9-11 11-15",16,"0-1 0-2 0-8 1-3 2-6 0-2 0-8 8-9 3-11 3-7 5-7 7-15 11-15 12-14 4-12 4-5",16,"0-8 0-2 1-3 3-7 6-7 5-7 7-15 8-9 9-11 11-15 12-14 4-12 1-9 1-5 4-5 1-9",34,"0-1 2-3 4-5 12-13 14-15 0-2 1-3 9-11 0-1 4-5 10-11 12-13 3-7 8-12 9-13 4-6 12-14 13-15 2-3 10-11 14-15 4-12 5-13 6-14 7-15 3-7 8-12 9-13 4-6 9-11 12-14 2-3 6-7 8-9",1
282,34,0x92B356DE4CAF0718,"8 1 7 0 15 10 12 4 14 13 6 5 3 11 2 9",parallel_methods,18,"2-3 11-15 4-6 6-7 7-15 5-7 3-7 8-12 0-8 0-2 2-3 9-13 9-11 10-14 2-10 6-14 12-14 4-12",18,"0-8 2-3 0-2 2-10 4-5 4-6 2-6 4-12 5-7 4-5 9-13 10-14 2-10 11-15 7-15 5-7 3-7 9-11",18,"10-14 6-14 8-12 12-14 0-8 2-3 0-2 9-13 5-7 3-7 2-3 2-10 4-5 5-13 13-15 9-11 9-13 5-13",38,"0-1 4-5 8-9 14-15 1-3 4-6 8-10 9-11 12-14 0-1 4-5 8-9 12-13 3-7 8-12 9-13 4-6 5-7 8-10 9-11 2-3 4-5 6-7 8-9 12-13 4-12 5-13 6-14 7-15 2-6 3-7 8-12 9-13 4-6 9-11 12-14 2-3 10-11",1
283,30,0x32DE6F745B90A18C,"12 8 1 10 0 9 11 5 4 7 15 6 14 13 2 3",parallel_methods,17,"11-15 0-8 0-4 1-9 1-5 2-3 5-7 10-14 2-10 14-15 6-14 12-14 8-12 8-9 9-11 1-9 1-3",17,"10-14 0-8 0-4 1-9 1-5 2-3 2-10 5-7 1-3 11-15 3-11 14-15 6-14 12-14 8-12 8-9 9-11",17,"2-3 10-11 10-14 2-10 0-8 0-4 6-14 1-9 1-3 12-14 8-12 8-9 5-7 7-15 11-15 9-11 3-7",43,"0-1 2-3 12-13 14-15 1-3 4-6 9-11 0-1 6-7 10-11 12-13 2-6 3-7 8-12 9-13 1-3 4-6 9-11 0-1 4-5 8-9 10-11 12-13 3-11 4-12 5-13 6-14 7-15 2-6 3-7 8-12 9-13 10-14 4-6 9-11 12-14 13-15 2-3 4-5 8-9 10-11 12-13 14-15",1
284,32,0xA8B6EDC930254F17,"7 1 15 4 5 2 0 3 9 12 13 14 6 11 8 10",parallel_methods,18,"2-3 0-2 12-14 4-5 4-6 0-4 8-9 8-12 10-11 11-15 13-15 3-11 2-3 3-7 11-15 2-10 2-6 6-14",18,"11-15 2-6 3-7 4-5 0-4 0-2 9-13 10-11 9-11 12-14 6-14 14-15 12-13 4-5 5-7 4-5 9-13 8-9",18,"3-7 5-7 4-5 8-9 12-14 8-12 2-6 0-2 6-7 2-6 10-11 11-15 13-15 6-7 6-14 14-15 10-14 10-11",32,"0-1 4-5 6-7 10-11 14-15 1-3 4-6 12-14 2-3 4-5 10-11 12-13 14-15 1-5 2-6 3-7 8-12 1-3 8-10 9-11 0-1 4-5 8-9 10-11 12-13 7-15 8-12 9-13 10-14 8-10 12-14 6-7",1
285,36,0xAF3BD5219E47C086,"6 8 0 12 7 4 14 9 1 2 5 13 11 3 15 10",parallel_methods,19,"0-2 14-15 3-7 4-5 5-7 5-13 9-11 10-11 12-13 9-13 9-11 1-9 1-5 1-3 8-9 1-9 6-14 2-6 2-10",19,"0-1 0-8 14-15 1-3 1-9 0-1 0-2 3-7 4-5 9-13 9-11 3-11 10-14 6-14 6-7 5-7 12-13 9-13 9-11",19,"14-15 10-14 6-14 4-6 4-5 1-9 8-9 0-2 1-3 1-9 9-13 2-6 2-3 3-7 9-11 3-11 12-13 9-13 9-11",41,"2-3 4-5 10-11 12-13 1-3 4-6 5-7 12-14 0-1 2-3 6-7 10-11 14-15 2-6 3-7 8-12 9-13 10-14 1-3 4-6 9-11 12-14 13-15 2-3 6-7 10-11 14-15 4-12 5-13 6-14 7-15 1-5 2-6 3-7 8-12 9-13 1-3 12-14 4-5 10-11 14-15",1
286,28,0xA2D6C91E7FB84053,"3 5 0 4 8 11 15 7 14 1 9 12 6 13 2 10",parallel_methods,14,"0-2 1-5 1-9 2-3 4-12 6-14 2-6 4-6 8-10 9-11 8-9 8-12 14-15 10-14",14,"0-2 1-5 1-9 2-3 4-12 6-14 2-6 4-6 8-10 9-11 8-9 8-12 14-15 10-14",14,"1-5 1-9 10-11 9-11 0-2 2-3 6-14 2-6 4-12 4-6 8-12 14-15 10-14 12-14",36,"2-3 8-9 10-11 14-15 1-3 4-6 9-11 12-14 0-1 12-13 8-12 9-13 4-6 5-7 9-11 12-14 4-5 6-7 8-9 12-13 14-15 5-13 6-14 7-15 2-6 3-7 8-12 9-13 10-14 1-3 4-6 5-7 12-14 6-7 8-9 10-11",1
287,32,0x1CD5BAE38079426F,"15 6 2 4 9 7 0 8 3 14 10 11 5 13 12 1",parallel_methods,16,"8-9 0-4 0-1 1-9 1-3 4-6 0-4 6-7 4-6 4-12 7-15 5-7 1-5 4-5 8-12 12-14",16,"8-9 0-4 0-1 1-9 1-3 4-6 0-4 6-7 4-6 4-12 7-15 5-7 1-5 4-5 8-12 12-14",16,"0-4 4-6 6-7 7-15 5-7 0-1 0-4 4-6 8-9 1-9 1-3 1-5 4-12 4-5 8-12 12-14",40,"0-1 2-3 4-5 6-7 10-11 0-2 1-3 4-6 9-11 12-14 0-1 4-5 12-13 3-7 8-12 9-13 1-3 4-6 9-11 12-14 0-1 2-3 8-9 10-11 12-13 5-13 6-14 7-15 2-6 3-7 8-12 9-13 10-14 1-3 4-6 8-10 12-14 2-3 6-7 8-9",1
288,30,0x715E9A4F62C38B0D,"13 0 11 8 3 12 2 6 15 4 10 9 14 5 1 7",parallel_methods,17,"12-14 0-4 0-1 1-3 1-9 4-12 4-5 1-5 8-9 9-11 2-6 6-7 7-15 11-15 4-5 5-13 12-13",17,"0-1 12-14 8-9 4-5 1-5 1-3 5-13 8-12 4-12 9-11 1-9 2-6 6-7 7-15 8-9 1-9 11-15",17,"12-14 5-13 8-12 12-13 0-4 2-3 0-2 0-8 0-1 9-11 3-11 2-3 2-6 4-6 6-7 7-15 13-15",37,"0-1 6-7 8-9 12-13 14-15 1-3 4-6 9-11 12-14 4-5 12-13 1-5 2-6 3-7 8-12 1-3 4-6 9-11 12-14 4-5 8-9 12-13 4-12 5-13 6-14 7-15 3-7 8-12 9-13 1-3 4-6 9-11 12-14 13-15 2-3 6-7 14-15",1
289,34,0x79562DCB14EA0F83,"3 8 15 0 10 14 4 1 11 12 13 2 6 5 9 7",parallel_methods,19,"0-1 10-14 2-3 3-7 1-3 4-12 4-6 5-13 7-15 8-9 8-12 10-11 9-11 0-8 0-2 2-10 14-15 13-15 14-15",19,"0-1 2-3 3-7 1-3 4-6 5-13 7-15 12-14 6-14 10-14 12-13 9-13 12-14 12-13 2-10 8-10 0-8 10-11 2-10",19,"8-10 10-11 4-6 2-6 2-10 5-7 7-15 12-14 6-14 14-15 0-1 1-3 0-8 0-1 12-13 9-13 1-5 12-13 5-13",39,"12-13 1-3 9-11 12-14 13-15 0-1 2-3 4-5 8-9 10-11 14-15 2-6 3-7 8-12 1-3 4-6 8-10 9-11 12-14 2-3 8-9 10-11 12-13 14-15 4-12 5-13 6-14 7-15 3-7 8-12 9-13 4-6 5-7 9-11 2-3 4-5 6-7 10-11 12-13",1
290,32,0xE2B8D5301FA4C679,"9 7 6 12 4 10 15 1 0 3 5 13 8 11 2 14",parallel_methods,16,"0-8 1-3 9-11 5-7 3-7 3-11 6-14 2-6 9-13 10-11 9-11 1-9 1-5 8-9 8-12 14-15",16,"0-8 1-3 5-7 3-7 6-14 2-6 9-11 3-11 9-13 10-11 9-11 1-9 1-5 8-9 8-12 14-15",16,"9-11 9-13 3-11 0-8 9-11 8-9 8-12 5-7 6-7 6-14 2-6 10-14 14-15 1-5 7-15 5-7",40,"0-1 2-3 10-11 14-15 1-3 4-6 12-14 0-1 2-3 10-11 2-6 3-7 8-12 9-13 10-14 0-2 1-3 4-6 9-11 12-14 0-1 6-7 10-11 14-15 4-12 5-13 6-14 7-15 1-5 2-6 3-7 8-12 9-13 1-3 9-11 12-14 0-1 4-5 8-9 10-11",1
291,36,0xE5A7064CB9F32D18,"8 1 13 2 3 15 9 11 12 4 6 0 7 10 5 14",parallel_methods,18,"12-14 4-6 2-10 2-6 2-3 4-12 8-12 9-13 5-13 4-5 8-9 10-11 8-10 0-8 14-15 7-15 11-15 13-15",18,"12-14 9-13 2-10 4-6 2-6 2-3 4-12 5-13 4-5 8-12 8-9 10-11 8-10 0-8 14-15 7-15 11-15 13-15",18,"4-6 2-10 2-6 2-3 12-14 14-15 7-15 4-12 8-12 9-13 9-11 10-11 11-15 5-13 13-15 8-9 0-8 4-5",40,"0-1 6-7 8-9 14-15 1-3 4-6 9-11 12-14 2-3 4-5 6-7 8-9 3-7 8-12 9-13 10-14 4-6 9-11 12-14 13-15 2-3 6-7 10-11 14-15 3-11 4-12 5-13 6-14 7-15 3-7 8-12 9-13 1-3 4-6 9-11 12-14 0-1 2-3 8-9 12-13",1
292,34,0x60E8DFA712CB9453,"3 5 4 9 11 12 2 1 7 10 15 13 8 14 0 6",parallel_methods,18,"0-2 9-11 4-5 10-11 8-12 12-13 5-13 5-7 1-5 9-13 12-14 4-12 0-4 11-15 3-11 2-3 2-6 9-11",18,"11-15 0-2 3-11 2-3 2-6 4-5 5-7 1-5 8-12 9-11 10-11 12-13 12-14 4-12 0-4 13-15 7-15 11-15",18,"8-12 12-13 5-13 5-7 1-5 12-14 9-11 10-11 4-12 12-13 9-13 11-15 3-11 0-2 2-3 2-6 9-11 0-4",36,"2-3 14-15 1-3 2-3 4-5 10-11 12-13 2-6 3-7 8-12 0-2 1-3 4-6 5-7 9-11 0-1 6-7 8-9 12-13 5-13 6-14 7-15 3-7 8-12 9-13 10-14 1-3 5-7 12-14 13-15 0-1 2-3 4-5 10-11 12-13 14-15",1
293,36,0x71F396A5E02D48BC,"12 11 8 4 13 2 0 14 5 10 6 9 3 15 1 7",parallel_methods,18,"0-8 1-3 0-1 7-15 2-10 2-6 4-5 0-4 0-2 8-12 8-9 8-10 9-11 3-11 14-15 13-15 5-13 1-5",18,"0-8 1-3 0-1 9-11 2-10 2-6 4-5 0-4 0-2 7-15 8-12 8-10 10-11 3-11 14-15 13-15 5-13 1-5",18,"2-10 8-9 8-10 7-15 14-15 13-15 4-5 5-13 1-9 1-5 0-4 4-12 4-6 2-6 2-3 0-2 0-4 9-11",42,"0-1 4-5 6-7 10-11 14-15 0-2 1-3 4-6 9-11 12-14 0-1 12-13 2-6 3-7 8-12 9-13 0-2 1-3 4-6 5-7 9-11 0-1 6-7 12-13 3-11 4-12 5-13 6-14 7-15 2-6 3-7 8-12 1-3 4-6 8-10 9-11 12-14 2-3 8-9 10-11 12-13 14-15",1
294,26,0x68F5EA1C237B90D4,"4 13 0 9 11 7 3 2 12 1 10 14 5 15 8 6",parallel_methods,17,"0-4 0-2 1-9 12-13 12-14 8-12 7-15 6-7 11-15 14-15 3-7 5-7 5-13 9-13 10-11 2-10 10-11",17,"0-4 0-2 1-9 3-7 2-3 5-7 12-13 5-13 9-13 12-14 8-12 14-15 2-6 3-11 2-3 2-6 6-14",17,"4-12 5-7 4-5 0-4 0-2 12-14 8-12 14-15 11-15 6-14 14-15 13-15 9-13 1-9 1-3 9-13 1-9",39,"2-3 4-5 8-9 10-11 1-3 9-11 12-14 0-1 4-5 10-11 12-13 14-15 2-6 3-7 8-12 1-3 4-6 9-11 12-14 4-5 12-13 14-15 5-13 6-14 7-15 3-7 8-12 9-13 10-14 1-3 4-6 5-7 12-14 13-15 2-3 4-5 6-7 10-11 14-15",1
295,30,0x14A8B6390F257EDC,"12 13 14 7 5 2 15 0 9 3 6 11 8 10 4 1",parallel_methods,16,"4-5 0-4 1-9 2-10 6-7 2-6 0-2 7-15 3-7 1-3 9-13 8-9 10-14 8-10 8-12 4-12",16,"12-14 1-9 2-10 4-5 0-4 4-12 6-7 2-6 0-2 7-15 3-7 1-3 9-13 8-9 10-14 8-10",16,"2-10 5-7 6-7 2-6 7-15 3-7 1-9 1-3 9-13 8-9 10-14 8-10 0-8 8-12 4-5 0-4",40,"4-5 8-9 10-11 1-3 4-6 9-11 0-1 2-3 10-11 12-13 1-5 2-6 3-7 8-12 9-13 0-2 1-3 4-6 9-11 12-14 0-1 2-3 4-5 6-7 8-9 12-13 4-12 5-13 6-14 7-15 2-6 3-7 1-3 4-6 8-10 9-11 2-3 4-5 8-9 10-11",1
296,30,0xAEB97104DCF58362,"2 6 3 8 5 15 12 13 4 0 1 7 9 11 14 10",parallel_methods,17,"11-15 10-11 3-11 5-7 7-15 8-12 1-5 1-9 4-5 4-6 4-12 9-13 9-11 8-9 2-3 0-2 0-1",17,"11-15 2-3 0-2 7-15 8-12 8-9 0-8 10-11 13-15 11-15 5-7 7-15 5-7 1-5 4-5 4-6 4-12",17,"11-15 5-7 7-15 2-3 0-2 5-13 1-5 4-5 4-6 8-12 4-12 10-11 1-9 9-11 1-9 8-9 0-8",43,"2-3 6-7 8-9 10-11 1-3 4-6 9-11 12-14 2-3 4-5 6-7 10-11 14-15 3-7 8-12 9-13 10-14 11-15 4-6 5-7 12-14 13-15 2-3 4-5 6-7 12-13 14-15 4-12 5-13 6-14 7-15 2-6 3-7 8-12 0-2 1-3 4-6 9-11 12-14 0-1 4-5 6-7 12-13",1
297,30,0xFC4156B0E83D792A,"10 2 9 7 13 3 8 14 0 11 6 5 1 4 12 15",parallel_methods,16,"0-2 0-1 2-10 2-6 0-2 0-8 9-11 12-13 4-12 9-13 1-9 5-7 3-7 5-13 12-13 12-14",16,"9-11 0-2 0-1 1-9 2-10 2-6 0-2 0-8 4-12 5-7 3-7 4-5 1-5 12-13 4-12 12-14",16,"0-2 2-10 2-6 0-1 0-2 0-8 9-11 5-7 3-7 12-13 9-13 1-9 4-12 5-13 12-13 12-14",44,"0-1 4-5 6-7 14-15 1-3 4-6 9-11 12-14 13-15 6-7 14-15 2-6 3-7 8-12 9-13 1-3 4-6 5-7 12-14 2-3 6-7 10-11 12-13 14-15 3-11 4-12 5-13 6-14 7-15 2-6 3-7 8-12 9-13 0-2 1-3 9-11 12-14 0-1 4-5 6-7 8-9 10-11 12-13 14-15",1
298,38,0x2F1C40EB8DA95673,"3 7 6 5 9 10 13 8 11 14 0 4 12 1 15 2",parallel_methods,19,"1-3 1-5 9-13 1-9 6-7 2-6 7-15 3-7 8-10 10-11 2-10 0-2 0-4 0-8 2-3 8-9 8-10 13-15 14-15",19,"1-3 1-5 8-10 6-7 2-6 7-15 3-7 9-13 1-9 10-11 2-10 0-2 0-4 0-8 2-3 8-9 8-10 13-15 14-15",19,"6-7 5-7 5-13 14-15 2-6 1-3 1-5 3-7 8-10 10-11 2-10 0-2 0-4 0-8 8-9 8-10 10-14 2-3 2-10",37,"10-11 12-13 1-3 4-6 8-10 9-11 12-14 8-9 14-15 8-12 9-13 4-6 5-7 9-11 12-14 4-5 6-7 10-11 12-13 14-15 4-12 5-13 6-14 7-15 1-5 2-6 3-7 8-12 9-13 10-14 0-2 1-3 12-14 13-15 0-1 2-3 14-15",1
299,32,0x6D8C5B7F0EA94213,"3 1 2 4 9 10 14 0 15 7 11 5 12 8 13 6",parallel_methods,18,"3-7 9-13 5-7 4-5 8-9 9-11 14-15 6-14 13-15 7-15 11-15 10-11 1-9 1-5 1-9 0-1 1-3 0-1",18,"9-11 5-7 3-7 3-11 4-5 9-13 5-13 8-9 9-13 10-11 14-15 6-14 13-15 0-1 3-7 1-3 0-1 0-4",18,"14-15 6-14 9-13 8-9 5-13 9-13 9-11 10-11 13-15 5-7 4-5 1-5 1-9 0-1 0-4 1-3 1-5 4-5",34,"0-1 2-3 8-9 12-13 1-3 4-6 9-11 12-14 2-3 8-9 3-7 8-12 9-13 1-3 4-6 5-7 9-11 12-14 0-1 2-3 4-5 6-7 8-9 10-11 14-15 5-13 6-14 7-15 8-12 9-13 10-14 5-7 12-14 14-15",1
300,36,0xD813A24B095FC67E,"14 7 6 12 15 5 9 0 11 4 2 10 3 1 8 13",parallel_methods,19,"1-3 9-13 1-9 3-7 4-12 4-6 2-6 2-3 0-2 2-10 10-14 8-10 10-11 12-13 4-12 13-15 12-13 9-13 12-13",19,"0-2 1-3 1-9 4-12 0-4 0-1 2-10 3-7 1-3 4-6 0-4 0-1 9-13 1-9 10-14 8-10 10-11 12-13 13-15",19,"2-6 0-2 2-10 10-14 8-10 10-11 9-13 1-3 0-1 1-9 4-12 0-4 12-13 4-12 13-15 3-7 0-1 1-3 0-1",41,"0-1 2-3 4-5 8-9 10-11 12-13 14-15 1-3 4-6 9-11 12-14 13-15 0-1 4-5 8-9 14-15 2-6 3-7 8-12 9-13 0-2 1-3 4-6 9-11 12-14 0-1 4-5 6-7 12-13 4-12 5-13 6-14 7-15 1-5 2-6 3-7 8-12 1-3 9-11 8-9 12-13",1
301,42,0xC128ED45AB30976F,"15 6 7 9 0 3 11 10 5 4 13 14 8 2 1 12",parallel_methods,21,"0-1 0-4 1-5 1-3 2-6 6-7 6-14 4-6 9-13 5-13 4-5 8-9 1-9 1-5 8-10 2-10 8-12 10-11 10-14 13-15 12-13",21,"0-1 0-4 1-5 1-3 2-6 6-7 6-14 4-6 9-13 5-13 4-5 8-9 1-9 1-5 8-10 2-10 8-12 10-11 10-14 13-15 12-13",21,"1-3 1-9 8-12 0-1 0-4 13-15 12-13 3-7 6-7 1-5 5-13 11-15 14-15 3-11 2-3 10-11 7-15 11-15 13-15 3-7 1-3",39,"0-1 2-3 8-9 10-11 12-13 14-15 1-3 4-6 5-7 12-14 6-7 10-11 2-6 3-7 8-12 9-13 0-2 1-3 4-6 8-10 9-11 0-1 8-9 12-13 4-12 5-13 6-14 7-15 2-6 3-7 8-12 9-13 10-14 1-3 9-11 12-14 4-5 8-9 10-11",1
302,30,0x26C41E30B5D7A98F,"15 8 9 10 7 13 5 11 0 3 14 1 4 12 6 2",parallel_methods,17,"0-1 0-8 1-9 2-3 1-3 4-6 7-15 6-7 9-11 1-9 11-15 4-12 12-13 5-13 10-14 2-10 2-6",17,"4-6 0-2 0-1 0-8 1-9 3-11 1-3 10-11 4-5 4-12 7-15 6-7 2-6 6-14 11-15 12-13 14-15",17,"0-2 9-11 0-1 1-9 0-8 7-15 4-6 6-7 12-13 5-13 4-5 2-6 3-11 6-14 10-11 11-15 14-15",47,"0-1 2-3 6-7 1-3 4-6 9-11 12-14 4-5 10-11 12-13 2-6 3-7 8-12 9-13 10-14 0-2 1-3 4-6 9-11 12-14 13-15 0-1 8-9 10-11 14-15 2-10 3-11 4-12 5-13 6-14 7-15 0-4 1-5 2-6 3-7 8-12 9-13 0-2 1-3 5-7 8-10 9-11 12-14 0-1 2-3 4-5 12-13",1
303,28,0x9A3B8DC15764F2E0,"0 14 2 15 4 6 7 5 1 12 13 8 11 3 10 9",parallel_methods,15,"5-7 6-7 8-9 1-9 8-12 8-9 13-15 10-11 8-10 10-14 11-15 3-11 11-15 9-11 9-13",15,"0-1 0-8 0-1 5-7 6-7 8-10 8-9 8-12 9-13 9-11 3-11 8-9 10-14 11-15 9-11",15,"10-14 9-13 12-14 12-13 5-7 6-7 1-9 9-11 11-15 14-15 8-9 9-11 3-11 11-15 1-3",35,"2-3 12-13 1-3 4-6 9-11 12-14 2-3 6-7 10-11 12-13 14-15 2-6 3-7 8-12 9-13 8-10 9-11 12-14 2-3 4-5 8-9 14-15 6-14 7-15 2-6 3-7 8-12 9-13 1-3 4-6 5-7 2-3 8-9 10-11 12-13",1
304,40,0x832B0C7E41D95AF6,"6 15 10 5 9 13 1 4 14 7 12 0 11 2 3 8",parallel_methods,20,"0-4 1-3 3-11 4-6 8-10 8-12 9-13 5-13 5-7 4-5 1-5 8-9 0-8 10-14 2-10 2-3 0-2 11-15 9-11 8-9",20,"0-4 1-3 3-11 4-6 8-10 8-12 9-13 5-13 5-7 4-5 1-5 8-9 0-8 10-14 2-10 2-3 0-2 11-15 9-11 8-9",20,"6-7 0-4 4-6 8-10 10-14 2-10 9-13 5-13 5-7 1-3 1-5 8-12 9-11 3-11 11-15 8-9 9-11 0-8 8-9 2-3",46,"6-7 8-9 12-13 14-15 1-3 9-11 12-14 0-1 4-5 8-9 12-13 14-15 2-6 3-7 8-12 9-13 0-2 1-3 4-6 8-10 9-11 12-14 0-1 4-5 8-9 12-13 14-15 4-12 5-13 6-14 7-15 1-5 2-6 3-7 8-12 9-13 1-3 4-6 9-11 12-14 0-1 4-5 6-7 8-9 10-11 12-13",1
305,30,0x6C0A4E837B512F9D,"13 9 15 2 1 5 11 7 3 8 14 4 10 0 12 6",parallel_methods,17,"0-8 2-6 2-3 3-11 8-9 9-13 1-9 0-1 1-3 12-14 10-14 4-5 1-5 4-5 6-14 14-15 6-14",17,"0-8 2-6 2-3 3-11 8-9 9-13 1-9 0-1 1-3 12-14 10-14 7-15 0-1 0-4 0-1 6-7 7-15",17,"8-9 9-11 9-13 1-9 0-4 0-1 12-14 10-14 2-3 14-15 6-14 14-15 3-11 11-15 12-13 4-12 12-13",41,"0-1 12-13 1-3 4-6 5-7 9-11 12-14 0-1 2-3 6-7 10-11 14-15 1-5 2-6 3-7 8-12 9-13 1-3 9-11 12-14 0-1 4-5 8-9 10-11 4-12 5-13 6-14 7-15 2-6 3-7 8-12 9-13 1-3 4-6 9-11 12-14 0-1 2-3 4-5 8-9 12-13",1
306,34,0x971F0458ECAD6B23,"3 2 11 6 13 10 12 14 8 5 4 0 15 1 7 9",parallel_methods,19,"5-13 2-3 3-11 6-14 6-7 12-13 12-14 10-14 6-14 13-15 9-13 1-5 4-5 4-6 2-6 5-13 0-2 2-3 0-2",19,"0-1 2-3 3-11 1-3 4-5 4-6 2-6 2-10 0-2 9-13 5-13 14-15 7-15 12-14 4-12 0-4 0-1 1-9 14-15",19,"5-13 6-14 12-13 12-14 10-14 6-7 6-14 13-15 9-13 0-1 1-3 1-5 4-5 5-13 4-6 10-11 2-10 0-2 10-11",43,"0-1 4-5 6-7 8-9 12-13 14-15 4-6 8-10 9-11 12-14 2-3 6-7 8-9 12-13 14-15 3-7 8-12 9-13 10-14 4-6 5-7 12-14 4-5 6-7 10-11 14-15 3-11 4-12 5-13 6-14 7-15 2-6 3-7 8-12 0-2 1-3 8-10 12-14 0-1 4-5 10-11 12-13 14-15",1
307,30,0xE31D4A895B0F276C,"12 6 7 2 15 0 11 5 9 8 10 4 13 1 3 14",parallel_methods,15,"8-9 2-3 4-5 0-4 5-13 1-5 5-7 6-7 3-7 14-15 11-15 3-11 13-15 12-13 4-12",15,"2-3 4-5 0-4 5-13 1-5 5-7 6-7 3-7 8-9 14-15 11-15 3-11 13-15 12-13 4-12",15,"8-9 6-14 2-6 2-3 14-15 11-15 4-5 5-13 13-15 12-13 0-4 4-12 1-5 5-7 6-7",39,"0-1 4-5 8-9 12-13 14-15 1-3 4-6 9-11 12-14 0-1 4-5 6-7 8-9 10-11 14-15 2-6 3-7 8-12 9-13 1-3 4-6 0-1 6-7 10-11 12-13 5-13 6-14 7-15 2-6 3-7 8-12 9-13 1-3 4-6 9-11 12-14 2-3 4-5 6-7",1
308,32,0x4C6AE17F2058B39D,"13 9 3 11 8 5 0 2 15 7 1 14 10 6 12 4",parallel_methods,18,"0-4 1-9 8-12 8-10 0-8 12-13 4-12 4-6 11-15 3-11 1-3 0-1 0-4 3-7 2-3 13-15 12-13 12-14",18,"10-11 1-9 3-11 1-3 3-7 2-3 8-12 12-13 4-12 4-6 0-4 13-15 10-14 4-5 5-13 4-5 8-10 8-12",18,"10-11 9-11 1-9 3-11 3-7 2-3 8-12 12-13 13-15 0-4 4-12 12-13 10-14 8-10 4-6 0-8 0-4 4-12",44,"0-1 2-3 4-5 6-7 8-9 10-11 12-13 1-3 9-11 12-14 0-1 4-5 8-9 1-5 2-6 3-7 8-12 9-13 0-2 1-3 8-10 9-11 12-14 0-1 8-9 12-13 14-15 4-12 5-13 6-14 7-15 3-7 8-12 9-13 10-14 1-3 4-6 5-7 12-14 13-15 2-3 6-7 10-11 14-15",1
309,32,0x7D428CA61FB50E93,"3 9 14 0 5 11 15 1 6 10 12 8 2 4 13 7",parallel_methods,18,"12-14 5-13 4-5 9-11 10-14 2-10 8-9 1-9 1-3 0-1 3-7 1-3 6-7 7-15 12-13 12-14 10-14 10-11",18,"9-11 5-13 4-5 12-14 10-14 2-10 12-13 8-9 1-9 1-3 0-1 3-7 1-3 6-7 7-15 12-14 10-14 10-11",18,"5-13 4-5 9-11 8-9 1-9 1-3 0-1 3-7 1-3 12-14 10-14 12-13 12-14 2-10 10-14 10-11 6-7 7-15",32,"1-3 4-6 9-11 12-14 13-15 0-1 2-3 10-11 14-15 2-6 3-7 8-12 1-3 4-6 9-11 2-3 6-7 12-13 4-12 5-13 6-14 7-15 3-7 8-12 9-13 4-6 5-7 9-11 2-3 6-7 8-9 12-13",1
310,30,0xB758D9C6EF210A43,"3 4 10 0 1 2 15 14 6 12 9 13 8 5 7 11",parallel_methods,16,"0-1 0-4 1-3 0-1 6-7 6-14 8-10 2-10 8-9 8-12 11-15 13-15 7-15 5-7 6-7 2-6",16,"0-1 0-4 8-10 1-3 0-1 2-10 5-7 5-13 6-7 2-6 8-9 8-12 11-15 13-15 14-15 7-15",16,"0-1 1-3 0-4 0-1 6-14 6-7 8-10 2-10 11-15 5-13 13-15 14-15 6-14 2-6 8-9 8-12",34,"10-11 12-13 14-15 1-3 4-6 5-7 9-11 12-14 0-1 2-3 6-7 10-11 14-15 2-6 3-7 8-12 1-3 4-6 5-7 8-10 9-11 12-14 6-7 8-9 12-13 5-13 6-14 7-15 8-12 9-13 5-7 9-11 10-11 12-13",1
311,30,0x8CD62370A49F1E5B,"11 5 14 1 15 9 4 10 0 7 3 2 6 13 12 8",parallel_methods,15,"0-8 1-5 1-9 1-3 2-10 3-7 2-3 4-6 12-14 6-14 14-15 10-14 8-10 10-11 2-10",15,"0-8 1-5 1-9 1-3 2-10 3-7 2-3 4-6 12-14 6-14 14-15 10-14 8-10 10-11 2-10",15,"4-12 4-6 12-14 14-15 1-5 1-9 1-3 2-10 10-14 0-8 8-10 10-11 3-7 2-3 2-10",43,"0-1 4-5 6-7 1-3 4-6 9-11 12-14 0-1 2-3 4-5 12-13 14-15 2-6 3-7 8-12 9-13 10-14 1-3 4-6 12-14 13-15 2-3 4-5 6-7 12-13 14-15 3-11 4-12 5-13 6-14 7-15 1-5 2-6 3-7 8-12 9-13 1-3 4-6 8-10 9-11 0-1 4-5 12-13",1
312,26,0xC2DBF85EA0469317,"7 1 3 9 6 4 0 10 14 5 8 15 11 13 2 12",parallel_methods,16,"4-6 8-10 10-14 0-1 1-3 1-9 3-7 2-3 2-10 12-13 13-15 11-15 12-13 0-1 0-4 4-5",16,"14-15 4-6 0-4 4-5 8-10 11-15 3-11 2-3 12-14 10-14 5-7 1-5 1-9 1-5 9-11 10-11",16,"14-15 11-15 3-11 2-3 4-6 0-4 8-10 12-14 4-5 9-11 14-15 11-15 7-15 5-7 14-15 10-14",46,"0-1 2-3 4-5 6-7 8-9 10-11 14-15 1-3 4-6 9-11 12-14 2-3 10-11 12-13 2-6 3-7 8-12 9-13 1-3 4-6 8-10 9-11 12-14 0-1 2-3 4-5 6-7 8-9 6-14 7-15 3-7 8-12 9-13 10-14 11-15 4-6 5-7 8-10 12-14 13-15 2-3 4-5 8-9 10-11 12-13 14-15",1
313,28,0xB854E0FC379A216D,"13 6 1 2 10 9 7 3 12 15 0 14 4 5 8 11",parallel_methods,16,"4-12 2-3 1-3 3-7 5-13 6-7 8-12 8-10 0-8 9-13 11-15 14-15 13-15 8-9 9-13 8-9",16,"11-15 2-3 1-3 3-7 4-12 5-13 6-7 8-12 8-10 0-8 9-13 10-14 8-10 10-14 14-15 13-15",16,"2-3 1-3 3-7 6-7 4-12 8-12 10-11 10-14 8-10 9-11 11-15 0-1 1-5 5-13 1-9 0-1",40,"0-1 2-3 4-5 10-11 14-15 0-2 1-3 9-11 12-14 13-15 0-1 4-5 8-9 14-15 3-7 8-12 4-6 8-10 9-11 12-14 2-3 8-9 10-11 12-13 14-15 5-13 6-14 7-15 3-7 8-12 9-13 10-14 1-3 4-6 12-14 13-15 0-1 2-3 6-7 14-15",1
314,38,0x29365F1D80EB7A4C,"12 4 10 7 11 14 0 8 13 1 15 5 6 3 9 2",parallel_methods,20,"0-4 0-1 1-9 5-7 4-12 4-6 0-4 5-13 10-14 11-15 7-15 5-7 3-7 10-11 2-10 9-11 14-15 9-13 8-9 9-13",20,"0-1 12-14 1-9 3-7 4-5 4-6 0-4 6-14 8-9 8-12 11-15 10-11 2-10 13-15 5-13 9-13 11-15 3-11 9-11 8-9",20,"0-4 4-12 4-6 0-1 0-4 3-7 1-3 3-11 1-9 8-9 14-15 5-13 13-15 9-13 10-14 14-15 1-5 1-3 1-5 2-10",42,"0-1 6-7 8-9 12-13 1-3 9-11 12-14 4-5 10-11 2-6 3-7 8-12 9-13 1-3 4-6 8-10 9-11 12-14 0-1 2-3 6-7 8-9 12-13 14-15 3-11 4-12 5-13 6-14 7-15 1-5 2-6 3-7 8-12 9-13 1-3 8-10 9-11 12-14 4-5 6-7 8-9 14-15",1
315,34,0xE81A57C32B6D9F40,"0 4 15 9 13 6 11 2 3 12 7 5 10 1 8 14",parallel_methods,18,"2-6 12-14 3-11 3-7 2-3 4-5 5-13 1-5 8-9 8-12 9-11 3-11 10-14 6-14 14-15 4-5 5-7 6-7",18,"3-11 1-3 2-3 2-6 3-7 2-3 4-5 4-6 5-13 1-5 8-9 8-12 9-11 3-11 10-14 8-10 14-15 7-15",18,"2-10 12-14 10-14 14-15 8-9 8-12 3-11 9-11 4-5 5-13 6-7 3-7 3-11 2-6 6-7 4-6 1-5 4-5",36,"4-5 12-13 14-15 4-6 9-11 12-14 2-3 4-5 14-15 2-6 3-7 8-12 9-13 10-14 1-3 4-6 9-11 12-14 2-3 10-11 4-12 5-13 6-14 7-15 2-6 3-7 8-12 9-13 1-3 4-6 9-11 12-14 2-3 6-7 8-9 12-13",1
316,40,0x89E7C3AF1B42056D,"13 6 5 0 2 4 11 1 15 10 3 12 7 14 9 8",parallel_methods,22,"0-4 0-2 1-3 0-1 4-5 8-9 9-11 14-15 13-15 9-13 12-13 5-13 5-7 1-5 10-14 6-14 8-10 14-15 11-15 2-3 2-6 2-3",22,"0-1 0-2 0-4 2-6 2-3 0-2 4-5 8-9 11-15 12-14 10-11 3-11 8-10 12-13 9-13 14-15 12-14 5-7 1-5 5-7 7-15 13-15",22,"2-3 0-4 0-2 4-12 4-5 3-7 5-7 1-3 11-15 13-15 12-13 10-11 8-10 3-11 10-11 10-14 6-14 14-15 11-15 8-10 8-9 8-10",38,"0-1 8-9 10-11 0-2 1-3 4-6 9-11 12-14 0-1 8-9 12-13 14-15 1-5 2-6 3-7 8-12 1-3 4-6 9-11 12-14 4-5 8-9 12-13 14-15 6-14 7-15 3-7 8-12 9-13 10-14 5-7 12-14 13-15 4-5 6-7 8-9 10-11 14-15",1
317,32,0xD96EA3B5CF104827,"7 2 8 4 0 1 15 12 5 11 3 10 14 6 9 13",parallel_methods,17,"12-14 0-4 1-3 1-5 2-10 2-3 6-7 4-6 8-12 4-12 4-5 13-15 7-15 6-7 8-9 8-10 10-11",17,"0-1 0-2 10-14 0-8 0-4 1-3 1-5 4-5 6-7 6-14 10-11 9-11 12-14 13-15 7-15 6-7 3-7",17,"2-10 1-3 2-3 12-14 13-15 0-4 6-7 7-15 4-6 6-7 8-12 8-9 8-10 10-11 1-5 4-12 4-5",41,"0-1 10-11 12-13 14-15 1-3 4-6 5-7 9-11 12-14 2-3 6-7 8-9 12-13 14-15 2-6 3-7 8-12 9-13 0-2 1-3 4-6 5-7 12-14 13-15 0-1 6-7 10-11 14-15 5-13 6-14 7-15 3-7 8-12 9-13 4-6 5-7 12-14 4-5 6-7 8-9 10-11",1
318,34,0x61DAB07E843C592F,"15 2 9 5 12 3 4 8 14 7 0 11 10 13 1 6",parallel_methods,19,"3-7 0-2 0-1 1-9 1-3 2-10 0-2 5-7 3-7 8-12 10-14 8-10 14-15 6-14 12-14 4-12 8-9 1-9 8-9",19,"8-10 0-8 1-3 2-3 5-7 1-5 1-9 1-3 3-7 8-12 10-14 8-10 8-9 1-9 14-15 4-6 6-14 12-14 14-15",19,"8-12 12-14 8-10 4-12 3-7 1-3 2-3 5-7 1-9 1-3 3-7 0-4 4-6 14-15 6-14 14-15 0-1 0-8 8-9",41,"0-1 4-5 6-7 8-9 10-11 14-15 1-3 4-6 9-11 4-5 6-7 8-9 12-13 2-6 3-7 8-12 9-13 1-3 4-6 9-11 12-14 4-5 8-9 12-13 14-15 4-12 5-13 6-14 7-15 2-6 3-7 8-12 9-13 0-2 1-3 4-6 5-7 12-14 0-1 6-7 10-11",1
319,28,0x5C7948DFAE2631B0,"0 11 1 3 6 2 14 10 15 13 8 4 9 7 12 5",parallel_methods,17,"7-15 5-7 8-10 3-11 3-7 2-3 1-3 3-11 12-13 9-13 12-14 6-14 6-7 4-6 11-15 10-11 11-15",17,"5-13 7-15 5-7 8-10 10-11 11-15 12-13 9-13 12-14 10-14 6-14 4-6 2-3 1-3 2-3 2-10 10-11",17,"8-12 12-14 13-15 7-15 14-15 9-13 1-9 9-11 8-9 8-10 10-14 6-14 4-6 1-5 1-3 2-3 1-3",37,"2-3 4-5 8-9 12-13 1-3 4-6 5-7 8-10 9-11 12-14 6-7 8-9 3-7 8-12 9-13 4-6 8-10 9-11 12-14 2-3 6-7 8-9 12-13 14-15 5-13 6-14 7-15 8-12 9-13 10-14 4-6 5-7 9-11 12-14 4-5 10-11 14-15",1
320,32,0x1B738690FE42DCA5,"5 10 12 13 2 4 14 15 0 9 6 8 3 7 11 1",parallel_methods,18,"10-14 0-4 0-2 0-8 4-5 6-14 7-15 3-7 1-3 8-12 10-11 8-10 10-11 3-11 10-11 13-15 7-15 13-15",18,"10-14 0-4 0-2 0-8 4-5 6-14 7-15 3-7 1-3 8-12 10-11 8-10 2-3 2-10 2-3 5-7 5-13 5-7",18,"10-14 6-14 10-11 7-15 0-1 0-2 0-4 4-12 4-5 5-7 1-5 8-10 2-10 0-2 3-7 7-15 13-15 7-15",38,"2-3 6-7 10-11 4-6 5-7 9-11 12-14 2-3 6-7 2-6 3-7 8-12 9-13 0-2 1-3 4-6 5-7 9-11 12-14 0-1 6-7 12-13 14-15 3-11 4-12 5-13 6-14 7-15 1-5 2-6 3-7 0-2 1-3 4-6 8-10 0-1 4-5 10-11",1
321,34,0x364F087B95CAED12,"2 1 13 14 10 12 5 9 11 7 8 0 15 4 6 3",parallel_methods,18,"4-6 2-3 2-6 6-14 7-15 3-7 8-10 10-11 2-10 0-2 12-13 13-15 9-13 5-13 5-7 5-13 4-5 4-12",18,"0-2 0-1 1-9 7-15 4-6 3-11 1-3 0-1 3-7 4-5 6-14 8-10 10-11 10-14 12-13 4-12 13-15 9-13",18,"8-10 10-11 2-10 0-2 5-13 4-6 4-5 6-14 10-14 12-14 12-13 7-15 3-7 9-11 11-15 7-15 14-15 9-11",38,"0-1 2-3 6-7 8-9 12-13 9-11 12-14 2-3 4-5 8-9 12-13 2-6 3-7 8-12 9-11 12-14 2-3 4-5 12-13 14-15 3-11 4-12 5-13 6-14 7-15 2-6 3-7 8-12 1-3 4-6 8-10 9-11 12-14 0-1 2-3 4-5 12-13 14-15",1
322,32,0xA643BEFD29871C05,"5 0 12 1 7 8 9 2 13 15 14 11 3 4 6 10",parallel_methods,17,"0-1 5-13 4-5 6-7 2-6 6-14 9-13 8-9 12-14 14-15 7-15 10-14 13-15 9-13 1-3 3-7 5-7",17,"0-1 6-14 1-5 2-6 4-6 6-7 2-6 12-13 4-12 9-13 1-9 1-3 8-9 14-15 10-14 13-15 9-13",17,"4-6 6-7 2-6 0-1 6-14 12-13 4-12 5-13 1-5 1-3 12-13 9-13 14-15 10-14 13-15 8-12 12-13",33,"0-1 14-15 1-3 4-6 9-11 12-14 13-15 2-3 8-9 14-15 3-7 4-6 8-10 9-11 2-3 8-9 10-11 5-13 6-14 7-15 3-7 8-12 9-13 10-14 4-6 5-7 8-10 12-14 13-15 6-7 8-9 12-13 14-15",1
323,32,0x79F645AB0DCE1238,"8 3 2 1 14 12 13 0 11 10 5 4 6 15 9 7",parallel_methods,17,"1-3 8-10 0-8 4-12 6-7 4-6 0-4 4-5 7-15 10-11 10-14 12-14 4-12 13-15 8-9 8-10 8-9",17,"13-15 1-3 4-6 4-5 4-12 5-13 5-7 8-9 9-11 10-14 6-14 4-6 4-5 8-10 8-9 0-8 0-4",17,"1-3 6-7 7-15 13-15 8-9 9-11 10-14 8-10 8-9 0-8 4-6 0-4 6-14 4-6 4-5 4-12 4-6",41,"0-1 4-5 8-9 0-2 1-3 4-6 8-10 9-11 12-14 0-1 4-5 8-9 12-13 14-15 3-7 8-12 9-13 1-3 4-6 5-7 9-11 12-14 13-15 0-1 2-3 4-5 6-7 14-15 4-12 5-13 6-14 7-15 8-12 4-6 5-7 9-11 12-14 4-5 6-7 12-13 14-15",1
324,36,0x8D296BA0C7E1534F,"15 4 3 5 1 14 7 12 0 10 11 6 9 2 13 8",parallel_methods,18,"10-11 0-8 5-7 5-13 1-5 1-3 2-3 4-5 1-5 6-7 8-9 12-13 9-13 14-15 10-14 6-14 8-10 13-15",18,"11-15 0-8 5-7 5-13 1-5 1-3 2-3 4-5 1-5 6-7 8-9 10-11 8-10 12-13 9-13 14-15 6-14 13-15",18,"11-15 9-11 10-11 0-8 8-12 8-9 6-7 12-14 5-13 12-13 14-15 1-5 1-3 2-3 6-14 12-14 4-5 1-5",36,"0-1 2-3 6-7 12-13 1-3 4-6 9-11 12-14 0-1 4-5 6-7 10-11 14-15 3-7 8-12 9-13 1-3 4-6 9-11 12-14 0-1 2-3 14-15 5-13 6-14 7-15 2-6 3-7 8-12 1-3 4-6 5-7 9-11 0-1 6-7 12-13",1
325,36,0x328140E5DCB6FA97,"7 9 10 15 6 11 12 13 5 14 0 4 1 8 2 3",parallel_methods,18,"2-10 0-2 3-11 2-3 5-7 3-7 6-14 2-6 4-6 8-9 1-9 11-15 3-11 12-13 5-13 1-5 8-12 12-14",18,"2-10 0-2 3-11 2-3 5-7 3-7 6-14 2-6 4-6 8-9 1-9 11-15 3-11 12-13 5-13 1-5 8-12 12-14",20,"12-13 9-13 1-9 8-12 3-11 11-15 4-6 2-10 0-2 5-7 2-3 3-7 3-11 12-13 5-13 6-14 2-6 6-14 12-14 4-12",48,"2-3 6-7 10-11 14-15 4-6 5-7 8-10 9-11 12-14 2-3 6-7 8-9 12-13 14-15 3-7 8-12 1-3 4-6 9-11 12-14 0-1 2-3 8-9 12-13 14-15 2-10 3-11 4-12 5-13 6-14 7-15 0-4 1-5 2-6 3-7 8-12 0-2 1-3 4-6 5-7 8-10 12-14 0-1 2-3 4-5 8-9 10-11 12-13",1
326,42,0x0CA3175F842D6BE9,"9 14 11 6 13 2 4 8 15 5 7 1 3 10 12 0",parallel_methods,21,"0-1 1-9 1-5 2-3 3-11 1-3 4-12 0-4 4-6 7-15 12-13 8-12 12-14 14-15 10-14 6-14 6-7 2-6 0-2 2-3 8-10",21,"0-1 1-9 1-5 2-3 3-11 1-3 4-12 0-4 4-6 7-15 12-13 8-12 12-14 14-15 10-14 6-14 6-7 2-6 0-2 2-3 8-10",21,"4-5 4-6 2-3 2-6 9-13 5-13 9-11 10-11 8-12 12-14 1-9 11-15 7-15 9-11 8-9 11-15 9-11 3-11 0-8 8-9 14-15",45,"4-5 6-7 8-9 1-3 4-6 9-11 12-14 0-1 4-5 6-7 8-9 1-5 2-6 3-7 8-12 9-13 0-2 1-3 4-6 9-11 12-14 0-1 4-5 8-9 10-11 12-13 3-11 4-12 5-13 6-14 7-15 1-5 2-6 3-7 8-12 9-13 0-2 1-3 9-11 12-14 0-1 4-5 8-9 12-13 14-15",1
327,30,0xFA40EDCB31278659,"9 5 6 8 7 2 1 3 11 12 13 14 0 4 10 15",parallel_methods,16,"8-10 4-5 4-6 2-6 8-12 0-8 8-9 10-11 10-14 12-13 3-7 5-7 4-5 1-5 4-12 8-12",16,"4-6 3-7 4-5 1-5 6-7 4-6 2-6 8-10 8-12 0-8 8-9 10-11 10-14 12-13 4-12 8-12",16,"8-10 10-11 10-14 4-6 4-5 1-5 8-12 0-8 8-9 3-7 6-7 12-13 4-6 4-12 8-12 2-6",42,"0-1 2-3 4-5 6-7 10-11 14-15 1-3 4-6 12-14 13-15 4-5 10-11 14-15 1-5 2-6 3-7 8-12 0-2 1-3 9-11 0-1 2-3 4-5 6-14 7-15 3-7 8-12 9-13 10-14 11-15 1-3 4-6 5-7 8-10 9-11 12-14 13-15 0-1 2-3 10-11 12-13 14-15",1
328,32,0x26B39485DEA07F1C,"12 1 15 7 0 10 14 13 5 8 4 9 3 11 6 2",parallel_methods,18,"0-4 8-12 4-12 4-5 7-15 3-7 2-3 8-9 9-11 3-11 13-15 11-15 4-6 6-14 10-14 6-14 4-6 6-14",18,"0-4 8-12 4-12 4-5 6-14 7-15 3-7 2-3 8-9 9-11 3-11 13-15 11-15 4-6 2-6 2-10 2-6 4-6",18,"6-14 5-7 3-7 8-12 8-9 9-11 3-11 0-4 2-10 10-11 4-12 13-15 11-15 5-13 4-5 2-6 4-6 2-6",34,"0-1 10-11 1-3 4-6 5-7 9-11 12-14 2-3 6-7 8-9 10-11 12-13 2-6 3-7 8-12 9-13 1-3 4-6 9-11 0-1 2-3 12-13 3-11 4-12 5-13 6-14 7-15 2-6 3-7 8-10 2-3 4-5 6-7 10-11",1
329,34,0x91B5EC30628FA47D,"13 7 4 10 15 8 2 6 0 3 12 14 5 11 1 9",parallel_methods,19,"0-8 11-15 2-6 4-6 6-7 9-11 3-11 14-15 13-15 5-13 1-5 12-13 8-10 8-12 10-11 11-15 7-15 5-7 5-13",19,"11-15 1-5 0-1 0-8 2-6 4-6 6-7 9-11 3-11 14-15 7-15 5-7 1-5 8-10 12-13 5-13 8-12 8-10 10-11",19,"4-5 0-4 0-8 2-6 11-15 14-15 9-11 3-11 13-15 5-13 1-5 10-11 11-15 13-15 4-12 12-13 5-7 4-5 4-6",43,"0-1 2-3 4-5 6-7 10-11 14-15 1-3 12-14 0-1 4-5 10-11 12-13 2-6 3-7 8-12 9-13 1-3 4-6 8-10 9-11 12-14 0-1 4-5 6-7 8-9 14-15 4-12 5-13 6-14 7-15 1-5 2-6 3-7 8-12 9-13 0-2 1-3 9-11 12-14 0-1 4-5 10-11 12-13",1
330,40,0x4306CF598DEB71A2,"2 10 1 7 11 14 13 8 9 5 15 12 6 0 3 4",parallel_methods,20,"0-2 0-1 3-7 4-5 4-6 4-12 14-15 6-14 4-6 9-13 5-13 8-9 0-8 11-15 3-11 10-11 8-10 13-15 11-15 12-13",20,"0-2 0-1 3-7 4-5 4-6 4-12 14-15 6-14 4-6 9-13 5-13 8-9 0-8 11-15 3-11 10-11 8-10 13-15 11-15 12-13",20,"3-7 2-3 1-3 9-13 8-9 0-2 0-8 5-13 14-15 11-15 3-11 12-14 6-14 4-12 14-15 12-14 10-14 10-11 13-15 14-15",42,"2-3 8-9 12-13 14-15 1-3 4-6 12-14 0-1 4-5 10-11 12-13 14-15 3-7 8-12 4-6 5-7 8-10 9-11 4-5 6-7 8-9 10-11 3-11 4-12 5-13 6-14 7-15 2-6 3-7 8-12 9-13 1-3 8-10 9-11 12-14 0-1 2-3 4-5 6-7 8-9 12-13 14-15",1
331,30,0x2CF967E35D48AB10,"0 1 11 10 8 4 13 5 3 14 7 6 9 15 12 2",parallel_methods,17,"2-3 2-10 3-11 8-12 4-12 4-5 5-7 3-7 6-7 7-15 8-9 8-12 12-14 13-15 3-7 2-3 3-7",17,"2-3 8-9 8-12 11-15 10-11 2-10 12-14 4-5 5-7 7-15 6-7 11-15 7-15 9-11 3-11 8-9 13-15",17,"11-15 2-3 3-11 2-10 13-15 12-13 9-13 2-3 4-12 4-6 8-12 4-12 4-5 5-7 3-7 12-13 12-14",37,"4-5 4-6 9-11 12-14 2-3 6-7 12-13 2-6 3-7 8-12 9-13 10-14 4-6 9-11 12-14 2-3 4-5 6-7 10-11 4-12 5-13 6-14 7-15 2-6 3-7 8-12 9-13 10-14 4-6 5-7 9-11 12-14 13-15 2-3 6-7 10-11 14-15",1
332,32,0xC49D06E3F28A175B,"11 5 7 1 10 8 2 15 3 14 6 0 13 9 4 12",parallel_methods,19,"0-8 1-5 8-9 2-6 9-11 1-9 0-1 1-3 6-14 4-6 14-15 7-15 10-14 6-14 8-10 10-14 8-12 8-9 9-13",19,"1-5 0-1 9-13 1-3 2-6 8-10 10-11 3-11 12-13 12-14 4-12 8-12 8-10 0-8 6-7 6-14 14-15 12-14 6-14",19,"9-13 13-15 12-13 1-5 0-1 1-3 3-11 0-8 2-3 0-2 6-14 4-6 6-14 10-14 7-15 3-7 2-3 2-6 6-14",43,"0-1 4-5 6-7 12-13 14-15 1-3 4-6 9-11 12-14 0-1 8-9 12-13 3-7 8-12 9-13 10-14 1-3 4-6 9-11 12-14 13-15 2-3 6-7 8-9 10-11 14-15 4-12 5-13 6-14 7-15 2-6 3-7 8-12 9-13 10-14 1-3 4-6 9-11 12-14 0-1 2-3 4-5 10-11",1
333,32,0x369271F8A05B4EDC,"12 13 14 4 11 5 0 10 8 15 1 7 2 9 6 3",parallel_methods,16,"11-15 4-6 0-4 3-7 3-11 4-12 6-7 4-6 2-6 6-14 7-15 10-11 9-11 1-9 9-13 11-15",16,"11-15 4-6 0-4 3-7 3-11 4-12 6-7 4-6 2-6 6-14 7-15 10-11 9-11 1-9 9-13 11-15",16,"7-15 3-7 4-6 0-4 4-12 11-15 10-11 6-7 7-15 9-11 11-15 4-6 2-6 6-14 1-9 9-13",42,"4-5 6-7 10-11 1-3 4-6 8-10 9-11 12-14 0-1 2-3 4-5 8-9 12-13 14-15 1-5 2-6 3-7 8-12 1-3 9-11 12-14 0-1 8-9 12-13 14-15 3-11 4-12 5-13 6-14 7-15 1-5 2-6 3-7 8-12 1-3 4-6 8-10 12-14 4-5 10-11 12-13 14-15",1
334,28,0xC76D921B8F50A43E,"14 3 4 10 0 5 15 8 11 1 2 9 13 6 7 12",parallel_methods,15,"0-2 0-4 2-10 6-7 6-14 10-14 8-10 13-15 7-15 6-7 12-13 9-11 3-11 1-3 10-11",15,"0-2 0-4 1-3 1-9 2-10 6-7 6-14 8-9 9-11 10-14 8-10 13-15 7-15 6-7 12-13",15,"12-13 6-14 6-7 0-4 4-12 2-6 4-6 2-10 8-10 9-11 3-11 10-11 1-3 14-15 12-14",43,"0-1 2-3 8-9 10-11 12-13 14-15 1-3 4-6 5-7 9-11 12-14 6-7 12-13 14-15 2-6 3-7 8-12 9-13 1-3 4-6 12-14 13-15 0-1 2-3 4-5 6-7 10-11 14-15 4-12 5-13 6-14 7-15 2-6 3-7 8-12 9-13 1-3 4-6 5-7 9-11 6-7 10-11 12-13",1
335,36,0xE8B05C6AD923F174,"4 7 1 15 3 2 9 13 10 6 12 5 0 11 8 14",parallel_methods,19,"4-5 1-5 4-6 4-12 0-4 5-7 9-11 3-11 2-3 1-3 2-6 9-13 5-13 10-14 8-10 12-14 14-15 11-15 9-11",19,"4-12 0-4 1-5 3-11 1-3 2-3 5-7 8-10 9-13 12-13 5-13 1-5 1-3 12-14 6-14 8-12 14-15 11-15 9-11",19,"10-14 8-10 0-4 1-5 5-7 0-2 0-1 9-11 9-13 5-13 3-11 2-3 12-14 6-14 2-6 0-2 14-15 11-15 9-11",41,"2-3 4-5 6-7 8-9 14-15 1-3 4-6 5-7 9-11 12-14 0-1 2-3 6-7 8-9 10-11 14-15 2-6 3-7 8-12 9-13 1-3 4-6 9-11 12-14 10-11 5-13 6-14 7-15 3-7 8-12 9-13 1-3 4-6 5-7 12-14 0-1 2-3 4-5 6-7 10-11 12-13",1
336,28,0xF3A5EDC90786B241,"1 4 2 11 6 8 7 0 9 12 13 14 5 10 3 15",parallel_methods,14,"0-1 6-7 4-6 0-4 8-9 10-14 10-11 3-11 12-13 5-13 12-14 10-14 12-13 8-12",14,"0-1 6-7 4-6 0-4 8-9 10-14 10-11 3-11 12-13 5-13 12-14 10-14 12-13 8-12",14,"6-7 4-6 10-11 10-14 9-13 9-11 10-11 3-11 0-1 0-4 12-13 5-13 9-13 8-9",32,"2-3 10-11 14-15 1-3 4-6 12-14 2-3 4-5 10-11 3-7 8-12 1-3 4-6 9-11 0-1 2-3 12-13 6-14 7-15 3-7 8-12 9-13 10-14 11-15 4-6 5-7 8-10 12-14 13-15 4-5 12-13 14-15",1
337,26,0x6EA87FC9D053B421,"1 2 4 11 3 5 0 13 9 12 15 7 8 10 14 6",parallel_methods,14,"0-1 0-2 8-9 4-6 0-4 7-15 6-7 8-12 13-15 11-15 10-11 11-15 3-11 3-7",14,"0-1 0-2 10-11 4-6 0-4 7-15 6-7 8-9 8-12 13-15 11-15 10-11 3-11 3-7",14,"8-9 8-12 3-11 2-6 4-6 7-15 6-7 3-7 13-15 10-14 14-15 10-14 0-1 0-2",32,"2-3 6-7 4-6 9-11 12-14 2-3 8-9 10-11 2-6 3-7 8-12 9-13 1-3 4-6 9-11 12-14 0-1 2-3 6-7 8-9 12-13 6-14 7-15 8-12 9-13 10-14 12-14 13-15 6-7 8-9 10-11 14-15",1
338,36,0x6D1352498EB7AFC0,"0 12 15 10 7 11 14 8 9 4 2 5 3 1 13 6",parallel_methods,18,"1-5 1-9 2-3 2-10 3-7 3-11 5-13 1-5 4-5 7-15 9-11 8-9 12-14 6-14 6-7 3-7 5-7 12-13",18,"1-5 1-9 2-3 2-10 3-7 3-11 5-13 1-5 4-5 7-15 9-11 8-9 12-14 6-14 6-7 3-7 5-7 12-13",18,"14-15 6-14 2-3 2-10 9-13 1-9 5-13 4-5 9-13 12-13 13-15 7-15 11-15 9-11 8-9 3-7 7-15 5-7",38,"8-9 10-11 12-13 1-3 4-6 9-11 12-14 13-15 2-3 6-7 8-9 14-15 2-6 3-7 8-12 9-13 1-3 4-6 9-11 12-14 4-5 10-11 12-13 2-10 3-11 4-12 5-13 6-14 7-15 1-5 2-6 3-7 8-12 1-3 5-7 8-10 10-11 12-13",1
339,32,0x46D0AC3F98125B7E,"14 7 11 5 2 1 8 9 15 3 12 10 0 13 6 4",parallel_methods,17,"0-4 1-3 1-5 7-15 4-6 4-12 6-14 8-10 8-12 10-11 11-15 9-11 3-7 2-3 0-2 0-4 3-11",17,"4-6 0-4 1-3 1-5 2-3 2-6 7-15 6-7 4-6 6-14 8-10 8-12 0-8 10-11 11-15 9-11 3-11",17,"6-14 10-14 8-10 10-11 0-4 4-12 12-14 7-15 11-15 1-5 9-11 2-3 3-11 0-2 5-7 0-4 4-5",41,"0-1 4-5 6-7 8-9 1-3 4-6 5-7 9-11 12-14 0-1 6-7 12-13 14-15 2-6 3-7 8-12 0-2 1-3 9-11 12-14 0-1 4-5 8-9 12-13 4-12 5-13 6-14 7-15 2-6 3-7 8-12 9-13 10-14 1-3 4-6 12-14 0-1 2-3 4-5 10-11 14-15",1
340,34,0x895ACED0172B43F6,"6 15 3 4 11 2 7 1 0 13 14 12 10 5 9 8",parallel_methods,18,"0-4 0-8 14-15 1-5 3-7 1-3 2-3 5-13 6-7 4-6 10-14 8-10 10-11 13-15 9-13 10-14 12-14 10-14",18,"12-14 0-4 0-8 1-5 3-7 1-3 2-3 5-13 6-7 4-6 8-9 8-12 9-11 8-9 10-14 13-15 12-13 8-12",18,"12-14 10-14 5-7 6-7 2-3 0-2 2-6 1-5 5-13 0-4 0-8 13-15 9-13 8-9 9-11 9-13 12-13 9-13",42,"2-3 4-5 12-13 0-2 1-3 4-6 9-11 12-14 0-1 4-5 10-11 12-13 14-15 2-6 3-7 8-12 0-2 1-3 4-6 8-10 9-11 12-14 0-1 8-9 10-11 12-13 14-15 6-14 7-15 3-7 8-12 9-13 10-14 1-3 4-6 5-7 12-14 0-1 2-3 4-5 8-9 10-11",1
341,24,0x3F0EAD21765C9B84,"4 8 11 9 12 5 6 7 1 2 13 10 14 0 15 3",parallel_methods,13,"1-9 1-3 2-3 8-9 1-9 10-11 11-15 3-11 12-14 12-13 4-12 0-4 13-15",13,"11-15 1-9 1-3 2-3 3-11 8-9 1-9 14-15 10-14 12-14 12-13 4-12 0-4",13,"14-15 10-14 12-14 12-13 4-12 0-4 2-10 10-11 1-9 8-9 1-3 1-9 2-3",41,"4-5 6-7 12-13 4-6 12-14 2-3 4-5 6-7 10-11 14-15 1-5 2-6 3-7 8-12 9-13 1-3 4-6 12-14 4-5 6-7 10-11 4-12 5-13 6-14 7-15 0-4 1-5 2-6 3-7 8-12 9-13 10-14 0-2 1-3 12-14 13-15 0-1 2-3 10-11 12-13 14-15",1
342,34,0x4D0195AB372CF6E8,"8 14 6 15 12 2 7 3 11 10 5 9 1 0 13 4",parallel_methods,19,"9-11 3-7 4-12 7-15 5-7 6-7 2-6 8-10 0-8 0-1 0-4 10-11 4-12 12-14 12-13 4-12 1-5 0-1 0-4",19,"9-11 3-7 7-15 5-7 6-7 2-6 8-10 8-12 0-8 0-1 10-11 12-13 4-12 0-4 14-15 4-5 5-13 13-15 14-15",19,"8-9 9-11 3-7 7-15 5-7 6-7 2-6 8-10 8-12 0-8 12-13 4-12 0-1 0-4 4-12 12-14 4-5 5-13 12-13",39,"2-3 4-5 8-9 10-11 12-13 1-3 4-6 8-10 9-11 12-14 13-15 0-1 2-3 4-5 6-7 8-9 14-15 1-5 2-6 3-7 8-12 0-2 1-3 9-11 0-1 4-5 4-12 5-13 6-14 7-15 2-6 3-7 8-12 0-2 1-3 9-11 0-1 4-5 12-13",1
343,28,0xEF05CA2164D7938B,"11 8 3 9 7 13 4 6 1 2 10 12 5 0 15 14",parallel_methods,14,"0-1 0-8 1-3 9-11 3-11 2-3 4-6 6-7 9-13 1-9 0-1 12-13 5-13 14-15",14,"0-1 0-8 1-3 9-11 3-11 2-3 4-6 6-7 9-13 1-9 0-1 12-13 5-13 14-15",14,"9-11 3-11 2-3 14-15 4-6 6-7 0-8 8-9 9-11 12-13 5-13 0-1 8-12 0-8",42,"0-1 2-3 6-7 10-11 12-13 1-3 12-14 13-15 0-1 4-5 10-11 14-15 1-5 2-6 3-7 8-12 9-13 1-3 4-6 12-14 4-5 6-7 10-11 4-12 5-13 6-14 7-15 1-5 2-6 3-7 8-12 9-13 10-14 0-2 1-3 12-14 13-15 0-1 2-3 4-5 10-11 14-15",1
344,28,0x36F9081BD5CA724E,"14 4 2 7 10 12 5 13 11 1 8 0 9 15 6 3",parallel_methods,15,"0-4 4-6 4-5 6-14 7-15 3-7 13-15 1-9 8-9 8-12 4-12 9-11 8-9 0-8 8-10",15,"1-9 0-4 4-6 4-5 6-14 7-15 3-7 8-9 8-12 4-12 9-11 8-9 0-8 8-10 13-15",15,"7-15 13-15 3-7 4-6 1-5 4-5 1-9 8-9 9-11 8-12 8-9 6-14 0-8 8-10 10-14",39,"0-1 2-3 6-7 8-9 1-3 4-6 9-11 0-1 8-9 12-13 3-7 8-12 9-13 4-6 9-11 12-14 13-15 2-3 10-11 14-15 4-12 5-13 6-14 7-15 1-5 2-6 3-7 8-12 0-2 1-3 4-6 8-10 9-11 12-14 0-1 4-5 8-9 12-13 14-15",1
345,30,0xF80E917CD2A564B3,"3 11 4 6 5 10 2 13 12 7 1 9 14 0 8 15",parallel_methods,15,"12-14 1-9 1-5 0-1 0-2 2-10 2-3 1-3 2-6 5-7 5-13 4-5 0-4 8-12 9-11",15,"12-14 1-9 1-5 0-1 0-2 2-10 2-3 1-3 2-6 5-7 5-13 4-5 0-4 8-12 9-11",15,"12-14 8-12 1-9 1-5 5-7 5-13 4-5 0-1 0-2 2-10 2-3 2-6 0-4 9-11 1-3",41,"2-3 6-7 8-9 10-11 12-13 14-15 1-3 4-6 9-11 12-14 8-9 14-15 2-6 3-7 8-12 9-13 1-3 4-6 12-14 0-1 2-3 6-7 10-11 5-13 6-14 7-15 2-6 3-7 8-12 9-13 10-14 0-2 1-3 4-6 5-7 9-11 12-14 13-15 0-1 10-11 14-15",1
346,36,0xAF43C9B210E87D65,"5 6 13 7 8 14 0 1 2 11 9 12 3 4 15 10",parallel_methods,18,"0-1 0-2 0-4 0-8 2-6 0-2 3-7 4-5 4-12 5-13 4-5 1-5 1-3 10-11 9-11 14-15 10-14 12-14",18,"0-1 0-2 0-4 0-8 2-6 0-2 3-7 4-5 4-12 5-13 4-5 1-5 1-3 10-11 9-11 14-15 10-14 12-14",18,"11-15 10-11 9-11 14-15 0-4 0-8 12-14 2-6 0-2 5-7 1-5 6-7 6-14 5-7 6-7 3-7 5-13 4-5",38,"6-7 10-11 9-11 12-14 13-15 2-3 4-5 10-11 14-15 2-6 3-7 8-12 9-13 0-2 1-3 4-6 9-11 12-14 0-1 6-7 12-13 14-15 5-13 6-14 7-15 2-6 3-7 8-12 9-13 4-6 12-14 2-3 4-5 6-7 8-9 10-11 12-13 14-15",1
347,32,0xC29E03D587B6A1F4,"4 15 1 10 6 11 7 8 5 13 3 0 14 9 2 12",parallel_methods,18,"9-13 6-7 3-11 1-3 4-6 0-4 0-8 0-1 1-5 2-3 1-3 2-10 10-14 14-15 12-14 3-11 2-3 2-10",18,"1-5 2-3 1-3 2-10 3-11 2-3 6-7 6-14 9-13 12-14 8-12 13-15 0-2 2-6 4-6 12-13 5-13 13-15",18,"1-5 2-3 1-3 10-11 3-11 9-13 6-7 6-14 12-14 8-12 2-10 12-13 5-13 13-15 12-13 0-4 0-2 2-6",42,"2-3 6-7 12-13 14-15 1-3 4-6 8-10 9-11 12-14 0-1 4-5 6-7 8-9 12-13 2-6 3-7 8-12 9-13 10-14 4-6 9-11 12-14 2-3 4-5 10-11 14-15 4-12 5-13 6-14 7-15 1-5 2-6 3-7 8-12 9-13 10-14 1-3 9-11 12-14 0-1 4-5 10-11",1
348,34,0xD742CE598A3BF160,"0 6 1 15 11 3 10 8 9 5 14 12 2 4 7 13",parallel_methods,18,"1-5 3-7 1-3 1-9 4-5 5-13 8-9 13-15 11-15 14-15 7-15 12-14 6-14 10-14 2-6 4-6 4-5 1-5",18,"0-1 0-2 0-1 2-6 5-7 3-7 5-13 4-5 9-13 5-13 8-9 13-15 11-15 14-15 7-15 12-14 10-14 2-10",18,"4-12 12-13 13-15 11-15 3-7 14-15 7-15 1-3 1-9 8-9 1-5 2-3 1-3 6-14 4-6 2-6 10-14 4-12",34,"2-3 4-5 8-9 14-15 1-3 4-6 12-14 13-15 2-3 4-5 6-7 10-11 14-15 3-7 8-12 4-6 9-11 2-3 8-9 12-13 4-12 5-13 6-14 7-15 3-7 8-12 9-13 10-14 4-6 9-11 12-14 2-3 6-7 10-11",1
349,36,0x45F3C6D8A92710BE,"14 11 0 1 7 2 9 10 8 13 6 12 3 15 5 4",parallel_methods,18,"0-2 1-3 2-6 2-10 4-5 6-14 4-6 2-6 7-15 5-7 4-5 11-15 10-11 13-15 12-13 9-13 9-11 3-11",18,"0-2 1-3 2-6 2-10 4-5 6-14 4-6 2-6 7-15 5-7 4-5 11-15 10-11 13-15 12-13 9-13 9-11 3-11",18,"4-5 0-4 0-2 1-3 14-15 7-15 5-7 11-15 13-15 12-13 9-13 6-14 4-6 10-14 6-14 10-11 9-11 3-11",36,"0-1 2-3 4-5 6-7 10-11 0-2 1-3 4-6 5-7 9-11 12-14 0-1 6-7 8-9 12-13 14-15 2-6 3-7 8-12 9-11 2-3 4-5 4-12 5-13 6-14 7-15 3-7 8-12 9-13 10-14 4-6 9-11 12-14 8-9 10-11 14-15",1
350,34,0x487F2A05BDC931E6,"6 14 1 3 9 12 13 11 5 0 10 2 15 7 8 4",parallel_methods,19,"0-2 0-1 7-15 4-5 5-13 5-7 8-9 0-8 9-13 12-14 8-12 11-15 14-15 6-14 2-6 12-14 12-13 4-12 4-5",19,"12-14 0-4 0-1 0-2 1-9 0-1 4-6 4-5 5-13 7-15 5-7 8-12 4-12 4-5 2-6 11-15 14-15 6-14 2-6",19,"12-14 8-12 4-5 4-12 1-5 1-9 4-5 0-2 0-1 7-15 6-7 4-6 11-15 14-15 6-14 2-6 5-7 5-13 5-7",39,"2-3 8-9 12-13 0-2 1-3 4-6 9-11 12-14 0-1 6-7 10-11 12-13 3-7 8-12 9-13 10-14 4-6 9-11 12-14 13-15 10-11 14-15 3-11 4-12 5-13 6-14 7-15 2-6 3-7 8-12 1-3 8-10 9-11 12-14 0-1 4-5 10-11 12-13 14-15",1
351,38,0x1B6829C75FAE0D43,"3 4 13 0 14 10 15 5 7 12 9 2 8 6 11 1",parallel_methods,21,"10-11 1-5 1-3 0-1 2-10 8-9 8-12 9-11 10-14 11-15 3-11 1-3 10-11 4-5 5-13 5-7 6-7 7-15 12-14 12-13 12-14",21,"8-10 2-3 0-2 3-11 2-3 8-9 8-12 13-15 5-13 1-5 14-15 6-14 11-15 13-15 14-15 10-14 14-15 4-5 5-7 7-15 14-15",21,"8-10 8-9 8-12 5-7 10-14 10-11 6-14 6-7 2-6 2-10 13-15 14-15 4-6 6-14 4-5 5-13 1-5 4-5 2-3 0-2 2-3",33,"4-5 12-13 1-3 4-6 9-11 12-14 0-1 2-3 8-9 3-7 8-12 9-13 4-6 5-7 9-11 12-14 6-7 8-9 12-13 4-12 5-13 6-14 7-15 2-6 3-7 8-12 1-3 4-6 5-7 8-10 9-11 6-7 8-9",1
352,32,0xD1E387A0526C9BF4,"4 15 11 9 12 6 2 5 0 10 7 8 3 14 1 13",parallel_methods,18,"12-13 2-10 2-6 5-7 6-7 9-11 10-11 12-14 4-12 0-4 8-9 1-9 0-1 9-13 13-15 1-3 1-9 1-3",18,"1-3 2-10 2-6 13-15 5-7 6-7 9-11 10-11 12-14 4-12 0-4 14-15 1-9 0-1 0-8 3-7 7-15 3-7",18,"13-15 14-15 4-12 4-5 5-7 1-3 3-7 10-11 11-15 7-15 9-11 1-9 8-10 2-10 10-11 2-6 4-6 0-4",40,"4-5 6-7 10-11 14-15 1-3 9-11 12-14 4-5 12-13 1-5 2-6 3-7 8-12 9-13 1-3 4-6 12-14 0-1 4-5 10-11 12-13 14-15 4-12 5-13 6-14 7-15 1-5 2-6 3-7 8-12 9-13 0-2 1-3 4-6 9-11 12-14 0-1 4-5 6-7 8-9",1
353,32,0x4657B903CAF1D2E8,"8 14 2 13 1 15 10 12 3 0 9 11 7 5 6 4",parallel_methods,18,"7-15 1-3 5-7 4-5 1-5 5-13 6-14 8-10 8-9 0-8 10-14 14-15 7-15 3-7 12-14 14-15 7-15 14-15",18,"0-8 0-1 0-4 1-3 1-9 0-1 5-7 5-13 6-14 12-13 13-15 7-15 10-14 4-12 12-14 12-13 4-12 9-13",18,"8-10 8-9 0-8 5-7 4-5 4-12 1-3 1-5 5-13 7-15 6-7 4-6 3-7 6-7 6-14 2-3 2-10 2-3",44,"2-3 6-7 8-9 10-11 12-13 1-3 4-6 12-14 0-1 4-5 6-7 10-11 12-13 2-6 3-7 8-12 9-13 1-3 4-6 8-10 9-11 12-14 13-15 0-1 2-3 4-5 6-7 8-9 14-15 2-10 3-11 4-12 5-13 6-14 7-15 2-6 3-7 1-3 8-10 0-1 2-3 4-5 6-7 10-11",1
354,32,0x152D8F36CE74A09B,"11 9 0 10 4 7 14 12 6 3 15 8 13 2 5 1",parallel_methods,17,"0-2 1-9 2-3 5-7 10-11 8-10 2-10 11-15 3-11 1-3 12-13 12-14 6-14 2-6 4-12 4-5 4-12",17,"12-13 0-2 1-9 7-15 2-3 3-7 1-3 8-12 10-11 8-10 2-10 14-15 7-15 5-7 11-15 12-14 6-14",17,"6-14 6-7 5-7 0-2 10-11 11-15 9-11 1-9 2-3 3-11 12-13 8-10 10-14 6-14 12-14 10-14 2-10",39,"0-1 2-3 8-9 12-13 1-3 4-6 5-7 12-14 0-1 6-7 10-11 12-13 2-6 3-7 8-12 1-3 4-6 5-7 9-11 6-7 8-9 12-13 3-11 4-12 5-13 6-14 7-15 1-5 2-6 3-7 8-12 9-13 1-3 8-10 9-11 12-14 4-5 6-7 14-15",1
355,32,0x17E2AD4C368F905B,"11 5 0 9 15 8 6 3 12 4 13 10 2 14 7 1",parallel_methods,18,"10-11 4-5 8-12 0-8 0-2 8-9 11-15 3-11 9-11 13-15 14-15 1-3 3-7 5-7 7-15 8-12 4-12 8-12",18,"10-11 1-5 0-1 1-3 1-9 8-12 0-8 0-2 11-15 3-11 13-15 14-15 0-1 0-4 0-1 1-3 3-7 7-15",18,"8-12 1-5 0-1 0-8 0-2 10-11 11-15 1-3 3-11 1-9 1-3 3-7 6-7 4-6 6-14 6-7 13-15 14-15",36,"0-1 2-3 4-5 8-9 1-3 9-11 12-14 0-1 4-5 10-11 12-13 2-6 3-7 8-12 1-3 4-6 9-11 2-3 4-5 6-7 12-13 4-12 5-13 6-14 7-15 2-6 3-7 8-12 9-13 10-14 1-3 4-6 12-14 4-5 6-7 10-11",1
356,28,0xC856D0FE97B13A24,"4 2 10 3 1 11 7 9 14 15 0 13 6 5 8 12",parallel_methods,15,"0-4 0-1 2-10 0-2 9-11 5-13 12-14 8-12 13-15 11-15 6-7 6-14 12-14 12-13 9-13",15,"12-14 0-4 0-1 2-10 0-2 5-7 5-13 6-7 6-14 8-12 9-11 9-13 14-15 11-15 12-14",15,"0-4 0-1 2-10 0-2 12-14 8-12 6-14 14-15 12-14 5-7 7-15 11-15 5-13 9-13 13-15",49,"0-1 6-7 10-11 12-13 14-15 1-3 4-6 8-10 9-11 12-14 13-15 2-3 4-5 6-7 8-9 14-15 3-7 8-12 1-3 4-6 8-10 9-11 12-14 0-1 2-3 6-7 8-9 10-11 12-13 14-15 5-13 6-14 7-15 3-7 8-12 9-13 10-14 11-15 1-3 4-6 5-7 12-14 13-15 0-1 2-3 4-5 6-7 12-13 14-15",1
357,38,0x152FE4D9A8036B7C,"12 7 11 6 3 0 8 10 9 13 4 14 15 2 5 1",parallel_methods,19,"0-4 1-5 0-1 2-3 6-14 6-7 2-6 5-7 9-13 8-9 8-10 2-10 11-15 3-11 1-3 12-14 8-12 4-12 14-15",19,"0-4 1-5 0-1 2-3 6-14 6-7 2-6 10-14 5-7 9-13 8-9 8-10 2-10 11-15 3-11 1-3 12-14 4-12 14-15",19,"11-15 2-3 3-11 1-3 3-7 9-13 4-6 2-6 2-3 2-10 8-9 12-14 4-12 4-5 0-8 0-2 0-4 14-15 8-12",41,"0-1 4-5 6-7 10-11 12-13 1-3 4-6 5-7 9-11 12-14 0-1 6-7 8-9 10-11 12-13 2-6 3-7 8-12 0-2 1-3 9-11 0-1 4-5 12-13 4-12 5-13 6-14 7-15 2-6 3-7 8-12 9-13 10-14 1-3 9-11 12-14 13-15 4-5 10-11 12-13 14-15",1
358,32,0xDB20A764381CFE59,"9 5 14 15 12 1 8 3 4 6 7 10 0 2 11 13",parallel_methods,17,"0-8 1-5 2-6 2-10 3-7 4-12 0-4 8-9 8-10 10-14 6-14 10-11 13-15 7-15 2-3 3-7 2-3",17,"0-1 1-9 0-1 1-5 2-6 0-2 0-8 3-7 4-12 0-4 10-11 13-15 14-15 6-14 2-6 11-15 7-15",17,"2-10 10-14 10-11 1-5 3-7 9-13 13-15 7-15 2-6 6-7 8-12 4-12 8-9 0-8 0-2 8-9 0-8",39,"0-1 2-3 4-5 10-11 14-15 4-6 12-14 13-15 2-3 4-5 6-7 10-11 14-15 1-5 2-6 3-7 8-12 9-13 0-2 1-3 0-1 4-5 10-11 12-13 3-11 4-12 5-13 6-14 7-15 2-6 3-7 8-12 1-3 4-6 9-11 0-1 4-5 8-9 12-13",1
359,26,0xF19DA2CBE3768405,"5 0 4 8 6 7 3 14 11 12 2 10 13 9 1 15",parallel_methods,14,"0-1 9-13 6-7 6-14 2-6 2-3 2-10 4-6 8-10 10-11 12-13 1-5 1-3 3-7",14,"0-1 9-13 1-5 12-13 6-7 6-14 2-6 2-3 1-3 2-10 3-7 4-6 8-10 10-11",14,"9-13 12-13 6-7 6-14 2-6 4-6 2-3 2-10 8-10 10-11 0-1 5-7 1-5 1-3",36,"0-1 2-3 6-7 10-11 12-13 14-15 1-3 4-6 8-10 9-11 12-14 2-3 8-9 3-7 8-12 9-13 1-3 4-6 12-14 2-3 6-7 10-11 12-13 6-14 7-15 2-6 3-7 8-12 9-13 10-14 1-3 4-6 5-7 8-10 12-14 14-15",1
360,34,0xC1B9DE764A8F2305,"5 0 3 2 15 8 10 4 6 7 14 13 9 11 1 12",parallel_methods,18,"0-1 9-11 2-3 4-5 5-7 6-14 8-12 4-12 4-6 4-5 1-5 10-14 13-15 11-15 7-15 8-9 8-12 12-13",18,"0-1 0-8 1-5 9-13 2-3 6-14 4-6 0-4 0-1 0-8 6-7 4-6 9-11 10-14 13-15 7-15 12-13 9-13",18,"2-3 13-15 12-13 11-15 9-13 13-15 10-14 4-5 0-4 0-8 5-7 7-15 4-5 2-10 0-2 0-1 2-6 2-10",32,"0-1 4-5 14-15 1-3 4-6 12-14 4-5 10-11 3-7 8-12 9-13 4-6 5-7 8-10 9-11 12-14 4-5 6-7 8-9 5-13 6-14 7-15 3-7 8-12 9-13 10-14 1-3 5-7 12-14 2-3 4-5 8-9",1
361,28,0xDAB1395E248076FC,"12 15 6 7 0 8 4 2 14 5 9 3 1 11 10 13",parallel_methods,16,"0-4 1-5 1-9 13-15 4-12 8-10 8-9 10-14 6-7 2-6 5-7 4-5 1-5 11-15 7-15 3-7",16,"0-4 3-7 4-12 8-10 10-14 13-15 4-6 1-5 1-9 1-5 2-6 2-3 1-3 3-11 8-9 11-15",16,"8-10 10-14 0-4 4-12 3-7 4-6 2-6 2-3 13-15 1-3 3-11 5-13 9-13 8-9 11-15 5-13",42,"2-3 8-9 14-15 0-2 1-3 4-6 9-11 12-14 0-1 4-5 6-7 8-9 14-15 1-5 2-6 3-7 8-12 9-13 10-14 0-2 1-3 9-11 12-14 0-1 2-3 4-5 8-9 10-11 5-13 6-14 7-15 2-6 3-7 8-12 9-13 1-3 4-6 12-14 2-3 6-7 8-9 10-11",1
362,28,0xFD74819C5BA6E023,"3 2 0 14 6 10 11 5 12 9 1 8 4 7 13 15",parallel_methods,16,"0-1 0-2 5-13 5-7 10-11 3-11 1-3 12-14 6-14 4-6 12-13 8-12 8-10 10-14 10-11 10-14",16,"0-1 0-2 5-7 10-11 6-7 3-7 3-11 1-3 14-15 4-6 4-12 8-12 8-10 13-15 7-15 14-15",16,"0-2 2-3 2-6 4-6 4-12 12-14 5-13 12-13 8-12 2-10 10-11 8-10 5-7 2-3 1-3 2-3",38,"0-1 2-3 8-9 10-11 14-15 1-3 4-6 8-10 9-11 12-14 13-15 0-1 2-3 8-9 14-15 3-7 8-12 9-13 4-6 12-14 10-11 12-13 14-15 5-13 6-14 7-15 3-7 8-12 9-13 10-14 1-3 4-6 5-7 9-11 12-14 2-3 10-11 14-15",1
363,30,0x3BCD09F16AE54782,"2 8 7 4 5 14 10 6 1 15 9 0 13 12 11 3",parallel_methods,17,"2-3 12-13 2-6 4-5 4-6 10-11 2-10 0-2 9-11 11-15 6-14 6-7 3-7 3-11 8-9 1-9 8-9",17,"2-3 10-11 2-6 2-10 0-2 4-5 4-6 9-11 11-15 12-13 1-9 6-14 6-7 3-7 3-11 8-9 1-9",17,"2-3 10-11 2-6 2-10 0-2 12-13 4-5 4-6 9-11 8-9 1-9 8-9 14-15 11-15 6-14 6-7 3-7",41,"12-13 1-3 4-6 9-11 4-5 6-7 8-9 12-13 2-6 3-7 8-12 9-13 10-14 4-6 5-7 9-11 12-14 13-15 2-3 6-7 8-9 10-11 14-15 5-13 6-14 7-15 1-5 2-6 3-7 8-12 9-13 10-14 0-2 1-3 4-6 12-14 0-1 4-5 6-7 8-9 14-15",1
364,30,0xFB1D9E60AC872543,"3 4 5 2 7 8 12 10 0 6 14 9 13 1 11 15",parallel_methods,17,"0-1 2-3 1-3 10-14 9-11 4-6 5-13 1-5 6-7 10-11 12-13 6-14 10-14 6-14 8-12 4-12 0-4",17,"2-3 3-7 5-13 1-5 4-5 5-7 9-11 3-11 10-14 10-11 12-13 2-3 2-6 0-2 0-8 2-3 8-12",17,"0-2 2-3 9-13 12-13 4-6 6-7 4-12 0-1 1-5 1-9 10-14 4-6 0-4 0-8 8-10 8-9 9-11",41,"12-13 14-15 1-3 4-6 5-7 12-14 0-1 2-3 6-7 10-11 14-15 8-12 9-13 10-14 4-6 5-7 9-11 12-14 4-5 6-7 10-11 14-15 5-13 6-14 7-15 2-6 3-7 8-12 9-13 10-14 0-2 1-3 4-6 5-7 12-14 13-15 0-1 6-7 8-9 12-13 14-15",1
365,32,0xBA69E3817042C5FD,"13 15 5 12 2 4 0 7 1 8 3 14 9 6 10 11",parallel_methods,16,"0-4 0-2 1-3 8-9 1-9 10-11 3-11 10-14 11-15 12-13 4-12 4-6 0-4 4-5 9-13 12-13",16,"0-4 0-2 1-3 10-11 3-11 8-9 1-9 10-14 11-15 12-13 4-12 4-6 0-4 4-5 9-13 12-13",16,"10-11 10-14 8-9 4-6 2-6 0-4 3-11 1-9 12-13 4-12 4-6 4-5 9-11 9-13 12-13 11-15",44,"2-3 6-7 10-11 12-13 14-15 0-2 1-3 4-6 9-11 12-14 13-15 0-1 10-11 14-15 1-5 2-6 3-7 8-12 9-13 10-14 0-2 1-3 9-11 12-14 13-15 0-1 2-3 8-9 10-11 14-15 5-13 6-14 7-15 2-6 3-7 8-12 1-3 4-6 5-7 9-11 12-14 2-3 6-7 12-13",1
366,36,0x1DF2C937584BEA06,"6 0 10 14 11 4 8 5 7 3 9 12 2 15 13 1",parallel_methods,19,"0-4 11-15 0-8 4-6 0-4 4-5 5-7 8-10 9-11 3-11 10-11 12-14 10-14 2-10 13-15 12-13 8-9 0-8 0-1",19,"0-1 4-5 1-5 1-9 5-7 12-14 6-14 11-15 3-11 1-3 10-11 9-11 10-14 8-10 2-10 2-6 6-7 13-15 12-13",19,"11-15 14-15 13-15 12-14 4-5 5-7 8-10 2-10 2-3 3-7 9-11 3-11 2-6 0-2 8-9 0-8 0-1 6-14 2-6",39,"0-1 2-3 4-5 8-9 10-11 4-6 12-14 2-3 4-5 6-7 10-11 12-13 2-6 3-7 8-12 9-13 1-3 4-6 4-5 10-11 12-13 4-12 5-13 6-14 7-15 1-5 2-6 3-7 8-12 9-13 10-14 1-3 4-6 9-11 12-14 4-5 6-7 10-11 14-15",1
367,32,0x8A03BFC249D7E651,"1 5 6 14 7 13 9 4 2 12 15 11 3 0 10 8",parallel_methods,18,"4-6 9-13 10-14 12-13 5-13 5-7 3-7 4-5 1-5 1-9 0-1 6-7 14-15 10-14 8-10 10-14 6-14 2-6",18,"6-7 3-7 4-6 6-7 9-13 10-14 12-13 5-13 1-5 1-3 1-9 0-1 14-15 0-8 6-14 2-6 0-2 0-8",18,"5-13 1-5 0-1 6-7 4-6 10-14 3-7 6-7 14-15 8-12 12-14 6-14 2-6 8-9 8-12 1-9 1-3 1-9",38,"2-3 12-13 4-6 9-11 12-14 13-15 2-3 4-5 10-11 14-15 3-7 8-12 1-3 4-6 8-10 9-11 12-14 2-3 8-9 10-11 12-13 5-13 6-14 7-15 1-5 2-6 3-7 8-12 9-13 1-3 4-6 12-14 0-1 4-5 6-7 10-11 12-13 14-15",1
368,34,0xBE23790F8C41D65A,"10 5 6 13 1 4 12 8 15 0 9 7 3 2 14 11",parallel_methods,19,"4-5 1-5 3-11 11-15 12-13 8-12 0-8 8-10 8-9 13-15 6-7 2-6 0-2 0-8 7-15 3-7 14-15 12-14 14-15",19,"4-5 1-5 3-11 3-7 8-12 8-9 0-8 8-10 9-11 3-11 9-13 9-11 8-9 6-14 11-15 12-14 14-15 6-14 2-6",19,"4-5 1-5 8-9 0-8 3-11 11-15 12-13 13-15 7-15 3-7 8-10 4-6 4-12 4-6 2-6 9-13 13-15 9-13 8-9",47,"0-1 2-3 8-9 12-13 1-3 4-6 5-7 9-11 12-14 13-15 2-3 6-7 14-15 2-6 3-7 8-12 9-13 0-2 1-3 4-6 9-11 12-14 0-1 4-5 8-9 10-11 12-13 14-15 4-12 5-13 6-14 7-15 1-5 2-6 3-7 8-12 9-13 1-3 4-6 9-11 12-14 13-15 0-1 4-5 6-7 10-11 14-15",1
369,26,0xDFE31C945278B06A,"10 6 0 11 8 7 2 5 4 9 12 1 3 14 15 13",parallel_methods,13,"0-2 3-11 1-3 13-15 5-7 8-12 4-12 8-10 2-10 2-3 2-6 8-12 14-15",13,"0-2 3-11 1-3 13-15 5-7 8-12 4-12 8-10 2-10 2-3 2-6 8-12 14-15",13,"13-15 14-15 5-7 8-12 0-8 0-1 0-2 2-6 8-10 4-12 8-12 3-11 1-3",41,"0-1 2-3 4-5 6-7 1-3 9-11 12-14 0-1 2-3 4-5 8-9 10-11 14-15 2-6 3-7 8-12 9-13 10-14 1-3 12-14 4-5 14-15 5-13 6-14 7-15 2-6 3-7 8-12 9-13 10-14 11-15 1-3 4-6 12-14 13-15 2-3 4-5 6-7 8-9 12-13 14-15",1
370,34,0xB605AE4F29C1D837,"7 3 8 13 1 12 9 2 15 4 14 10 5 0 6 11",parallel_methods,18,"0-2 1-3 1-9 6-14 4-5 1-5 4-12 4-5 9-13 8-9 0-8 10-14 10-11 9-11 11-15 6-7 2-6 6-7",18,"0-1 0-2 1-3 1-9 3-7 2-3 4-5 1-5 4-12 4-5 6-14 9-13 8-9 0-8 10-14 10-11 9-11 11-15",18,"6-14 10-14 8-10 10-11 11-15 8-9 0-4 4-5 4-12 3-7 5-7 5-13 1-3 0-1 4-5 0-2 0-8 0-4",40,"0-1 2-3 8-9 12-13 14-15 4-6 9-11 12-14 13-15 2-3 4-5 6-7 14-15 2-6 3-7 8-12 0-2 1-3 4-6 8-10 9-11 12-14 0-1 8-9 12-13 4-12 5-13 6-14 7-15 3-7 8-12 9-13 1-3 4-6 12-14 13-15 0-1 2-3 10-11 14-15",1
371,34,0xE53128D74C90FB6A,"10 6 11 15 0 9 12 4 7 13 8 2 1 3 5 14",parallel_methods,18,"3-11 14-15 2-3 8-12 0-8 0-1 0-4 4-6 4-12 8-10 13-15 5-13 9-13 11-15 3-11 4-5 5-7 4-5",18,"13-15 0-8 0-1 0-4 1-5 3-11 2-3 4-6 5-7 8-10 11-15 3-11 12-13 9-13 1-9 12-14 4-12 4-5",18,"8-12 0-8 8-10 5-13 9-13 0-1 0-4 6-14 4-6 5-7 4-5 3-11 2-3 3-11 3-7 12-14 14-15 7-15",38,"0-1 2-3 14-15 4-6 9-11 12-14 13-15 2-3 6-7 8-9 14-15 1-5 2-6 3-7 8-12 0-2 1-3 4-6 9-11 12-14 0-1 4-5 12-13 3-11 4-12 5-13 6-14 7-15 1-5 2-6 3-7 8-12 9-13 1-3 8-10 9-11 12-14 4-5",1
372,28,0xCDA70B98162E345F,"15 5 4 3 14 2 6 1 8 9 11 0 7 10 13 12",parallel_methods,15,"0-2 13-15 4-12 4-5 0-4 5-7 1-5 10-11 2-10 0-2 14-15 10-14 12-13 13-15 14-15",15,"12-13 0-2 13-15 4-5 0-4 5-7 1-5 7-15 10-11 2-10 0-2 12-14 10-14 12-13 14-15",15,"14-15 4-12 12-14 4-5 5-7 1-5 10-11 0-2 0-4 2-10 0-2 13-15 14-15 10-14 14-15",39,"0-1 4-5 0-2 1-3 4-6 9-11 12-14 13-15 0-1 4-5 8-9 10-11 14-15 2-6 3-7 8-12 9-13 10-14 0-2 1-3 4-6 12-14 0-1 10-11 14-15 6-14 7-15 3-7 8-12 9-13 1-3 5-7 0-1 2-3 4-5 6-7 8-9 10-11 12-13",1
373,28,0x96E582D0BFA731C4,"4 12 1 3 7 10 15 11 0 13 2 8 5 14 6 9",parallel_methods,16,"12-13 4-5 0-4 0-2 0-1 0-8 2-10 6-14 5-7 5-13 9-13 9-11 14-15 12-14 8-12 8-9",16,"13-15 4-5 0-4 0-2 0-1 0-8 2-10 6-14 14-15 12-13 5-7 5-13 8-12 9-13 9-11 8-9",16,"4-5 0-4 0-2 2-10 12-13 5-7 5-13 6-14 0-1 0-8 13-15 11-15 14-15 12-14 8-12 9-13",38,"2-3 10-11 14-15 0-2 1-3 4-6 5-7 9-11 12-14 0-1 6-7 12-13 14-15 3-7 8-12 9-13 4-6 9-11 12-14 13-15 6-7 10-11 14-15 4-12 5-13 6-14 7-15 2-6 3-7 8-12 9-13 1-3 4-6 8-10 9-11 12-14 0-1 8-9",1
374,32,0xADF3064975C1EB82,"2 8 11 14 1 12 5 7 9 4 6 0 3 15 13 10",parallel_methods,16,"1-9 2-3 2-10 3-11 4-5 1-5 4-12 8-9 4-6 2-6 2-3 0-2 4-5 14-15 10-14 13-15",16,"1-9 2-3 2-10 3-11 4-5 1-5 4-12 8-9 4-6 2-6 2-3 0-2 4-5 14-15 10-14 13-15",16,"14-15 13-15 4-5 1-9 1-5 4-12 4-6 4-5 2-10 2-6 3-11 2-3 0-2 10-11 10-14 8-9",40,"2-3 6-7 8-9 4-6 9-11 12-14 2-3 4-5 6-7 8-9 12-13 14-15 1-5 2-6 3-7 8-12 9-13 10-14 1-3 4-6 12-14 0-1 4-5 14-15 4-12 5-13 6-14 7-15 2-6 3-7 8-12 9-13 1-3 4-6 9-11 12-14 0-1 2-3 4-5 14-15",1
375,32,0xEC48207DBF3915A6,"6 10 5 1 9 3 15 11 13 7 0 2 8 4 12 14",parallel_methods,19,"8-12 0-4 1-3 3-11 2-3 3-7 5-7 12-13 4-6 4-12 12-14 14-15 10-11 9-11 3-11 3-7 8-9 0-8 8-9",19,"8-12 0-4 0-1 0-2 1-9 1-3 2-10 3-7 3-11 4-6 12-13 4-12 12-14 14-15 4-5 0-4 0-2 2-3 4-5",19,"1-3 2-3 3-7 5-7 8-12 2-10 0-2 3-11 2-3 3-7 12-13 4-12 6-7 12-13 9-13 12-13 12-14 14-15 7-15",49,"4-5 8-9 10-11 12-13 14-15 0-2 1-3 4-6 5-7 8-10 9-11 12-14 13-15 0-1 6-7 8-9 14-15 3-7 8-12 9-13 10-14 1-3 4-6 5-7 9-11 12-14 13-15 2-3 6-7 10-11 14-15 4-12 5-13 6-14 7-15 2-6 3-7 8-12 9-13 10-14 1-3 4-6 9-11 12-14 0-1 4-5 6-7 8-9 10-11",1
376,38,0x1D24EF73806A5B9C,"12 9 11 5 10 6 0 8 3 7 15 14 4 2 13 1",parallel_methods,20,"4-6 0-4 1-9 1-3 4-12 7-15 5-7 1-5 14-15 10-14 8-10 2-10 10-11 13-15 14-15 6-14 10-14 6-7 3-7 2-3",20,"0-4 9-13 0-8 1-9 0-1 1-3 2-6 0-2 4-12 7-15 5-7 1-5 6-7 10-11 14-15 10-14 8-10 13-15 7-15 11-15",20,"4-6 0-4 4-12 7-15 11-15 14-15 13-15 9-11 8-9 1-9 1-3 5-7 1-5 2-6 6-7 11-15 10-11 2-10 7-15 11-15",40,"0-1 4-5 6-7 12-13 1-3 4-6 12-14 0-1 4-5 10-11 1-5 2-6 3-7 8-12 1-3 8-10 9-11 0-1 4-5 8-9 12-13 3-11 4-12 5-13 6-14 7-15 1-5 2-6 3-7 8-12 9-13 10-14 1-3 9-11 12-14 13-15 8-9 10-11 12-13 14-15",1
377,26,0x9D25B7F8AE0C3416,"6 1 4 3 12 0 14 10 8 15 7 11 5 2 13 9",parallel_methods,13,"0-2 4-12 4-5 0-4 13-15 7-15 9-13 14-15 10-14 6-14 6-7 2-6 13-15",13,"0-2 4-12 4-5 0-4 13-15 7-15 9-13 14-15 10-14 6-14 6-7 2-6 13-15",13,"13-15 7-15 14-15 10-14 6-14 6-7 2-6 4-12 4-5 0-4 4-6 9-13 13-15",39,"0-1 4-5 10-11 12-13 1-3 4-6 9-11 12-14 13-15 6-7 8-9 14-15 3-7 8-12 9-13 1-3 4-6 5-7 9-11 0-1 2-3 4-5 6-7 8-9 12-13 5-13 6-14 7-15 3-7 8-12 9-13 4-6 5-7 9-11 12-14 2-3 4-5 10-11 14-15",1
378,28,0x3CD9B0674AE512F8,"8 15 2 1 5 14 10 4 7 6 0 11 9 13 12 3",parallel_methods,15,"8-12 1-3 5-7 4-5 7-15 3-7 8-9 8-10 0-8 12-14 6-14 10-14 7-15 6-7 6-14",15,"11-15 1-3 3-11 4-5 8-12 8-9 8-10 0-8 11-15 12-14 6-14 6-7 4-6 10-14 6-14",15,"8-12 8-9 8-10 0-8 5-7 4-5 12-14 6-14 10-14 6-7 6-14 1-3 7-15 3-7 7-15",39,"8-9 10-11 0-2 1-3 4-6 9-11 12-14 0-1 4-5 8-9 10-11 12-13 2-6 3-7 8-12 9-13 10-14 4-6 12-14 2-3 10-11 14-15 4-12 5-13 6-14 7-15 2-6 3-7 8-12 9-13 1-3 4-6 5-7 9-11 0-1 2-3 6-7 10-11 12-13",1
379,28,0x60F7AD91CE483B25,"5 2 11 3 8 4 14 12 1 9 13 10 7 15 0 6",parallel_methods,14,"0-4 0-8 0-1 4-5 7-15 10-14 2-10 0-2 10-11 12-14 6-14 6-7 13-15 12-13",14,"10-14 0-4 0-8 0-1 2-10 0-2 4-5 7-15 10-11 12-14 6-14 6-7 13-15 12-13",14,"0-4 0-8 0-1 10-14 2-10 0-2 12-14 14-15 6-14 10-11 4-5 7-15 13-15 12-13",36,"0-1 4-5 14-15 1-3 4-6 5-7 2-3 6-7 10-11 12-13 3-7 8-12 4-6 5-7 9-11 12-14 2-3 6-7 12-13 4-12 5-13 6-14 7-15 2-6 3-7 8-12 9-13 0-2 1-3 4-6 5-7 9-11 12-14 0-1 6-7 14-15",1
380,30,0x8D6EF9A035B7C412,"2 1 4 12 7 11 5 3 0 10 9 15 14 6 13 8",parallel_methods,17,"0-2 3-7 4-6 11-15 6-7 10-11 9-11 12-14 12-13 4-5 0-4 0-8 8-10 10-11 6-14 12-14 6-14",17,"0-2 3-7 4-6 5-7 4-5 12-14 13-15 7-15 6-7 11-15 12-13 0-4 0-8 8-9 8-10 8-9 8-12",17,"14-15 5-13 13-15 11-15 3-7 0-2 12-14 5-7 6-7 0-8 8-12 4-5 4-12 10-11 9-11 10-11 5-7",39,"0-1 2-3 10-11 12-13 9-11 12-14 2-3 4-5 10-11 12-13 14-15 3-7 8-12 9-13 4-6 9-11 12-14 2-3 8-9 10-11 12-13 14-15 6-14 7-15 3-7 8-12 9-13 10-14 1-3 5-7 12-14 13-15 0-1 2-3 4-5 8-9 10-11 12-13 14-15",1
381,24,0xA3D49C10EF78B265,"5 6 2 11 8 7 15 14 0 1 12 9 4 13 3 10",parallel_methods,15,"0-4 0-8 6-7 14-15 7-15 10-14 1-3 1-9 3-7 9-11 12-14 6-14 4-6 6-7 5-7",15,"5-7 0-4 0-8 4-5 4-12 6-14 14-15 10-14 12-14 9-11 2-6 3-11 1-3 2-3 2-6",15,"0-4 0-8 1-9 9-11 14-15 11-15 3-11 5-7 4-5 10-14 4-12 6-14 14-15 6-14 12-14",37,"2-3 4-5 14-15 1-3 4-6 5-7 12-14 0-1 2-3 6-7 10-11 12-13 3-7 8-12 9-13 4-6 5-7 9-11 12-14 13-15 6-7 10-11 14-15 4-12 5-13 6-14 7-15 1-5 2-6 3-7 8-12 9-13 0-2 1-3 9-11 0-1 12-13",1
382,34,0xDC876A13502BF4E9,"9 14 4 15 11 2 0 5 3 1 10 6 7 8 12 13",parallel_methods,17,"0-1 12-13 0-8 0-2 1-9 3-11 2-3 2-6 4-5 0-4 0-2 5-7 8-12 12-14 13-15 7-15 11-15",17,"0-1 5-7 0-8 0-2 1-9 3-7 2-3 4-12 4-6 0-4 12-13 8-12 12-14 13-15 11-15 7-15 6-7",17,"1-9 9-13 13-15 0-8 8-9 12-14 14-15 4-5 5-7 3-7 7-15 3-11 0-2 2-3 2-6 0-4 0-2",45,"2-3 4-5 6-7 8-9 14-15 1-3 4-6 12-14 13-15 0-1 2-3 4-5 10-11 14-15 1-5 2-6 3-7 8-12 9-13 10-14 0-2 1-3 12-14 13-15 0-1 4-5 10-11 12-13 14-15 4-12 5-13 6-14 7-15 2-6 3-7 8-12 9-13 1-3 4-6 5-7 9-11 2-3 6-7 8-9 12-13",1
383,30,0xBF4DE6A1803527C9,"9 12 7 2 5 3 0 8 1 10 6 14 13 4 15 11",parallel_methods,17,"0-1 11-15 2-3 5-7 3-7 4-5 8-9 1-9 12-13 14-15 8-10 0-8 0-4 4-6 8-12 0-8 0-4",17,"0-1 11-15 2-3 8-9 1-9 5-7 3-7 4-5 0-4 12-13 4-12 14-15 4-6 8-10 0-8 0-4 4-6",17,"2-3 5-7 3-7 11-15 14-15 12-13 8-9 1-9 4-5 8-10 0-8 0-4 4-6 0-4 4-12 8-9 8-12",43,"4-5 6-7 10-11 12-13 0-2 1-3 4-6 9-11 12-14 0-1 10-11 14-15 1-5 2-6 3-7 8-12 9-13 10-14 1-3 9-11 12-14 0-1 4-5 10-11 14-15 5-13 6-14 7-15 3-7 8-12 9-13 10-14 1-3 4-6 5-7 8-10 12-14 13-15 2-3 6-7 8-9 12-13 14-15",1
384,38,0x093762CD1AB54EF8,"8 15 14 4 5 11 10 1 13 12 2 6 7 3 9 0",parallel_methods,19,"1-3 1-5 2-6 2-10 3-7 1-3 3-11 4-5 8-9 12-14 6-14 8-12 13-15 7-15 3-7 6-7 9-13 8-9 0-8",19,"1-3 1-5 2-6 2-10 3-7 1-3 3-11 4-5 8-9 12-14 6-14 8-12 13-15 7-15 3-7 6-7 9-13 8-9 0-8",19,"1-3 1-5 4-5 2-6 2-10 8-9 9-13 12-14 8-12 6-14 3-11 11-15 3-7 6-7 1-9 9-11 8-9 0-8 1-3",41,"8-9 10-11 12-13 1-3 4-6 8-10 9-11 12-14 0-1 4-5 8-9 2-6 3-7 8-12 9-13 1-3 8-10 9-11 12-14 0-1 4-5 8-9 12-13 3-11 4-12 5-13 6-14 7-15 1-5 2-6 3-7 8-12 9-13 1-3 4-6 8-10 9-11 0-1 4-5 8-9 12-13",1
385,22,0x865CAB03FE4D9712,"2 1 7 9 13 4 14 15 3 0 11 10 12 5 6 8",parallel_methods,14,"4-5 5-13 6-14 8-9 3-11 2-3 9-11 11-15 7-15 3-7 10-11 2-10 0-2 0-8",14,"3-11 4-5 5-13 6-14 8-9 9-11 3-11 10-11 7-15 2-3 3-7 2-3 0-2 0-8",14,"4-5 5-13 6-14 10-11 2-3 0-2 8-9 0-8 11-15 9-11 8-9 7-15 3-7 3-11",40,"0-1 2-3 4-5 6-7 8-9 12-13 14-15 4-6 5-7 12-14 2-3 6-7 10-11 12-13 14-15 3-7 8-12 9-13 4-6 5-7 9-11 12-14 13-15 2-3 4-5 6-7 14-15 4-12 5-13 6-14 7-15 2-6 3-7 8-12 1-3 4-6 9-11 0-1 2-3 8-9",1
386,32,0x318DB5EC6079AF42,"2 4 15 10 9 7 0 6 12 14 5 11 13 8 1 3",parallel_methods,18,"2-3 2-10 0-2 0-1 9-13 12-13 12-14 4-12 8-12 8-9 4-6 0-4 6-7 3-7 7-15 1-3 3-7 5-7",18,"2-3 2-10 9-13 2-6 0-2 6-7 5-7 12-13 12-14 4-12 8-12 8-9 4-5 1-5 3-7 4-5 7-15 3-7",18,"2-3 2-10 2-6 0-2 9-13 12-13 12-14 4-12 8-12 8-9 3-7 7-15 3-7 5-7 4-5 1-5 4-6 4-5",34,"4-5 6-7 10-11 12-13 14-15 8-10 9-11 2-3 4-5 8-9 12-13 2-6 3-7 8-12 1-3 9-11 0-1 2-3 4-5 8-9 12-13 5-13 6-14 7-15 2-6 3-7 8-12 9-13 10-14 1-3 4-6 12-14 2-3 6-7",1
387,30,0xEF7A3469D028BC15,"5 1 12 11 8 2 0 13 9 6 4 3 10 7 15 14",parallel_methods,17,"0-4 14-15 2-10 2-6 3-11 5-13 5-7 9-13 5-13 4-5 4-6 8-9 8-10 8-12 8-10 0-8 0-2",17,"2-10 3-11 5-7 5-13 8-9 8-12 4-12 4-6 0-4 8-10 8-12 14-15 2-3 3-7 2-3 5-7 4-5",17,"14-15 8-9 8-12 2-10 8-10 4-12 8-12 4-6 0-4 5-7 5-13 3-7 2-3 3-7 5-7 4-5 3-11",41,"0-1 4-5 6-7 8-9 12-13 4-6 8-10 9-11 12-14 13-15 2-3 8-9 14-15 2-6 3-7 8-12 9-13 10-14 1-3 4-6 12-14 13-15 0-1 4-5 6-7 12-13 14-15 4-12 5-13 6-14 7-15 3-7 8-12 9-13 4-6 5-7 9-11 12-14 13-15 6-7 14-15",1
388,28,0xE9C8A3604D71FB52,"2 5 11 15 1 7 13 4 0 6 3 10 8 12 9 14",parallel_methods,16,"5-7 4-5 1-5 10-11 3-11 0-2 0-8 8-9 8-12 12-14 6-14 12-13 14-15 13-15 11-15 9-11",16,"5-7 4-5 1-5 10-11 3-11 14-15 11-15 9-11 10-11 2-10 2-6 0-2 0-8 8-12 10-11 12-13",16,"10-11 3-11 0-2 0-8 14-15 11-15 8-9 9-11 8-12 4-5 1-5 4-6 4-12 12-13 6-7 4-6",40,"2-3 10-11 14-15 4-6 9-11 12-14 2-3 6-7 10-11 14-15 2-6 3-7 8-12 9-13 10-14 1-3 4-6 12-14 13-15 0-1 4-5 10-11 12-13 14-15 5-13 6-14 7-15 2-6 3-7 8-12 9-13 1-3 4-6 5-7 9-11 12-14 0-1 2-3 6-7 12-13",1
389,36,0x2D36780FC5E14B9A,"10 9 11 4 1 14 5 12 15 0 8 7 6 3 13 2",parallel_methods,19,"12-14 2-3 3-11 4-5 7-15 6-7 2-6 4-6 6-14 8-9 0-8 8-10 9-13 1-9 13-15 12-13 1-5 5-7 3-7",19,"0-2 1-9 0-1 1-3 3-11 4-5 1-5 4-6 4-5 14-15 8-10 10-14 2-10 13-15 7-15 3-7 14-15 12-14 6-14",19,"1-9 2-3 0-2 0-4 0-1 14-15 13-15 11-15 3-11 8-10 10-14 2-10 6-7 5-7 7-15 14-15 12-14 6-14 12-14",43,"0-1 6-7 8-9 12-13 1-3 4-6 9-11 12-14 0-1 2-3 4-5 6-7 2-6 3-7 8-12 1-3 4-6 5-7 9-11 12-14 0-1 6-7 8-9 12-13 14-15 3-11 4-12 5-13 6-14 7-15 1-5 2-6 3-7 8-12 9-13 1-3 4-6 8-10 9-11 12-14 0-1 4-5 14-15",1
390,34,0x6182904D7CB5EAF3,"3 15 10 14 5 11 12 7 13 4 0 9 2 8 1 6",parallel_methods,18,"1-5 14-15 2-10 0-2 2-3 6-14 9-13 5-13 4-5 8-9 12-14 13-15 9-13 1-9 9-11 2-6 6-14 2-6",18,"0-1 2-10 0-2 9-13 5-13 4-5 6-14 2-6 2-3 1-3 8-9 9-13 9-11 12-14 6-14 2-6 14-15 6-14",18,"1-9 1-5 4-5 9-13 8-9 2-10 14-15 13-15 9-13 1-9 9-11 6-14 12-14 0-2 2-3 2-6 6-14 2-6",40,"2-3 8-9 10-11 14-15 1-3 4-6 9-11 12-14 6-7 8-9 12-13 2-6 3-7 8-12 9-13 1-3 8-10 9-11 12-14 4-5 8-9 12-13 14-15 3-11 4-12 5-13 6-14 7-15 1-5 2-6 3-7 8-12 0-2 1-3 8-10 0-1 2-3 6-7 10-11 12-13",1
391,28,0xF38CD75E9A41B026,"6 2 0 11 1 4 10 9 14 5 7 13 12 8 3 15",parallel_methods,16,"0-2 9-13 4-5 6-14 2-6 8-9 9-11 10-11 3-11 3-7 1-3 2-3 10-14 5-13 9-13 1-9",16,"10-14 0-4 0-1 0-2 6-14 4-5 5-7 6-7 8-10 9-13 5-13 8-9 9-11 3-11 9-13 10-14",16,"10-11 3-11 3-7 0-2 2-6 8-10 10-14 2-10 1-3 2-3 4-5 1-9 1-5 8-12 12-13 8-12",38,"0-1 2-3 8-9 10-11 12-13 14-15 1-3 4-6 5-7 9-11 12-14 0-1 2-3 6-7 2-6 3-7 8-12 9-13 1-3 4-6 9-11 12-14 2-3 5-13 6-14 7-15 3-7 8-12 9-13 10-14 11-15 4-6 5-7 12-14 13-15 4-5 12-13 14-15",1
392,28,0xB6D4CE2097815A3F,"15 3 10 5 1 8 7 9 0 2 14 12 4 13 6 11",parallel_methods,15,"9-11 0-8 1-3 4-5 1-5 4-12 8-9 8-12 6-7 6-14 10-14 10-11 2-10 9-11 11-15",15,"9-11 0-8 1-3 4-5 1-5 4-12 6-7 6-14 8-9 8-12 10-14 10-11 2-10 9-11 11-15",15,"0-8 8-9 9-11 11-15 1-3 4-5 4-12 6-7 6-14 10-14 8-10 2-10 8-9 8-12 1-5",37,"0-1 6-7 14-15 1-3 4-6 12-14 6-7 10-11 12-13 14-15 2-6 3-7 8-12 9-13 1-3 9-11 12-14 13-15 0-1 2-3 4-5 8-9 14-15 4-12 5-13 6-14 7-15 2-6 3-7 8-12 9-13 10-14 1-3 4-6 12-14 0-1 4-5",1
393,36,0x1DFB95E2A708C364,"4 6 3 12 8 0 7 10 2 14 5 9 11 15 13 1",parallel_methods,19,"0-4 0-8 9-11 1-5 2-3 2-10 0-2 0-1 7-15 5-7 1-5 6-7 11-15 12-14 10-14 10-11 14-15 13-15 12-13",19,"12-13 0-4 0-8 1-3 1-5 2-3 6-7 2-6 2-10 0-2 0-1 9-11 12-14 13-15 5-13 1-5 11-15 12-13 14-15",19,"6-7 13-15 1-3 2-3 2-6 0-4 8-10 2-10 9-13 1-9 8-12 8-9 9-11 12-13 12-14 5-13 12-13 8-12 0-8",39,"2-3 4-5 6-7 10-11 1-3 4-6 9-11 12-14 0-1 2-3 6-7 12-13 3-7 8-12 9-13 10-14 1-3 4-6 9-11 12-14 0-1 2-3 10-11 5-13 6-14 7-15 2-6 3-7 8-12 9-13 10-14 1-3 4-6 12-14 13-15 6-7 8-9 12-13 14-15",1
394,24,0xF49EC730D285BA16,"6 1 10 11 5 8 2 13 0 3 7 12 14 9 4 15",parallel_methods,13,"2-10 2-6 4-5 0-4 0-8 9-11 3-11 9-13 12-14 6-7 4-6 4-12 12-13",13,"4-5 0-4 0-8 2-10 2-6 6-7 4-6 9-11 3-11 9-13 12-14 4-12 12-13",13,"2-10 2-6 4-5 12-14 0-4 6-7 4-6 4-12 9-11 9-13 12-13 3-11 0-8",43,"0-1 2-3 6-7 10-11 12-13 14-15 4-6 12-14 2-3 10-11 2-6 3-7 8-12 9-13 10-14 1-3 4-6 12-14 13-15 4-5 6-7 10-11 14-15 4-12 5-13 6-14 7-15 2-6 3-7 8-12 9-13 10-14 1-3 4-6 9-11 12-14 13-15 0-1 2-3 4-5 6-7 10-11 14-15",1
395,32,0xFBD275E8916AC340,"0 4 3 12 10 6 1 9 8 14 5 7 2 13 11 15",parallel_methods,17,"4-6 3-7 3-11 5-7 4-5 1-5 4-12 9-11 10-14 6-14 4-6 4-5 10-11 10-14 2-6 6-7 3-7",17,"4-6 1-5 3-11 3-7 1-3 2-3 2-6 4-5 10-11 9-11 1-9 1-5 10-14 10-11 12-14 10-14 2-10",17,"3-7 3-11 9-11 10-14 10-11 6-7 4-6 6-14 10-14 3-7 1-3 2-3 4-12 4-6 4-5 2-6 4-6",39,"2-3 4-5 6-7 10-11 14-15 1-3 4-6 8-10 9-11 12-14 2-3 4-5 8-9 14-15 3-7 8-12 9-13 10-14 1-3 4-6 9-11 12-14 2-3 10-11 5-13 6-14 7-15 3-7 8-12 9-13 10-14 4-6 5-7 12-14 13-15 2-3 4-5 12-13 14-15",1
396,40,0x86B01FC34DA9E527,"7 2 5 14 9 10 13 4 3 12 15 1 0 11 6 8",parallel_methods,20,"0-1 0-2 0-4 0-8 1-5 0-1 3-11 1-3 5-7 4-5 6-14 8-9 8-12 0-8 10-11 14-15 10-14 8-10 13-15 11-15",20,"0-1 0-2 0-4 0-8 1-5 0-1 3-11 1-3 5-7 4-5 6-14 8-9 8-12 0-8 10-11 14-15 10-14 8-10 13-15 11-15",20,"8-9 8-12 0-1 0-2 1-5 5-7 6-14 0-4 4-5 0-1 0-8 1-9 3-11 14-15 10-14 8-10 13-15 11-15 14-15 1-3",42,"0-1 2-3 14-15 1-3 4-6 9-11 12-14 2-3 8-9 10-11 12-13 14-15 3-7 8-12 9-13 1-3 4-6 8-10 9-11 12-14 2-3 8-9 4-12 5-13 6-14 7-15 1-5 2-6 3-7 8-12 9-13 0-2 1-3 4-6 9-11 12-14 0-1 4-5 8-9 10-11 12-13 14-15",1
397,30,0x7C14980356FA2DEB,"11 14 13 2 10 15 6 5 3 0 8 9 4 1 12 7",parallel_methods,16,"0-1 0-2 1-9 0-1 4-12 5-13 1-5 8-10 2-10 2-3 9-11 12-14 10-14 5-7 7-15 13-15",16,"0-1 0-2 0-1 8-10 1-9 0-1 2-10 2-3 4-12 5-7 7-15 9-13 1-9 9-11 12-14 10-14",16,"5-7 7-15 8-10 2-10 2-3 1-9 0-1 9-13 1-9 9-11 4-12 12-14 10-14 13-15 14-15 13-15",36,"8-9 10-11 12-13 1-3 12-14 13-15 0-1 4-5 10-11 14-15 1-5 2-6 3-7 8-12 9-13 1-3 4-6 9-11 12-14 4-5 6-7 14-15 3-11 4-12 5-13 6-14 7-15 1-5 2-6 3-7 8-12 0-2 1-3 8-10 0-1 10-11",1
398,34,0x342A6B80E9517CFD,"13 15 12 7 1 5 9 14 0 8 11 6 10 2 4 3",parallel_methods,19,"0-4 10-11 2-10 6-14 7-15 3-7 12-14 12-13 4-12 4-6 2-6 0-1 0-8 8-10 10-14 14-15 8-9 9-13 12-13",19,"0-4 12-14 4-12 6-7 7-15 3-7 10-11 2-10 10-14 12-13 12-14 6-14 2-6 11-15 0-1 0-8 8-9 9-11 11-15",19,"7-15 3-7 12-14 0-4 4-12 10-11 12-13 2-10 10-14 12-14 6-14 2-6 14-15 8-9 1-9 11-15 9-11 11-15 0-1",41,"6-7 12-13 0-2 1-3 4-6 5-7 9-11 12-14 0-1 6-7 10-11 12-13 14-15 1-5 2-6 3-7 8-12 0-2 1-3 4-6 9-11 12-14 0-1 4-5 8-9 12-13 14-15 3-11 4-12 5-13 6-14 7-15 1-5 2-6 3-7 1-3 8-10 9-11 0-1 6-7 10-11",1
399,30,0xD7930E546A1CF82B,"11 2 8 15 12 1 10 6 4 5 14 0 3 9 7 13",parallel_methods,17,"0-1 0-2 0-8 1-9 1-5 3-11 4-12 0-4 6-14 6-7 10-14 11-15 9-11 9-13 2-3 0-2 2-3",17,"0-1 0-2 1-9 1-5 6-14 6-7 8-12 4-12 9-11 8-9 0-8 10-14 13-15 3-11 11-15 9-11 3-11",17,"0-1 1-9 1-5 8-12 4-12 6-14 10-14 6-7 3-11 9-11 9-13 13-15 8-10 2-10 2-3 0-2 8-10",45,"0-1 2-3 4-5 14-15 1-3 4-6 9-11 12-14 2-3 4-5 6-7 8-9 10-11 14-15 2-6 3-7 8-12 9-13 10-14 1-3 4-6 9-11 12-14 0-1 4-5 8-9 10-11 14-15 3-11 4-12 5-13 6-14 7-15 2-6 3-7 8-12 9-13 1-3 8-10 9-11 12-14 0-1 2-3 4-5 8-9",1
400,30,0x78D32FC65BE4091A,"10 1 9 0 4 14 11 5 6 12 15 2 3 13 8 7",parallel_methods,16,"0-2 10-11 2-10 5-7 6-7 7-15 8-12 0-8 8-9 11-15 12-14 6-14 8-12 2-3 0-2 2-3",16,"0-2 0-1 5-7 6-7 7-15 8-12 8-9 1-9 1-3 0-1 10-11 2-10 11-15 12-14 6-14 8-12",16,"8-12 12-14 8-9 8-12 6-14 2-3 0-2 5-7 10-11 2-10 7-15 14-15 11-15 1-3 1-9 1-3",42,"0-1 1-3 4-6 9-11 12-14 0-1 4-5 6-7 8-9 10-11 12-13 14-15 2-6 3-7 8-12 9-13 4-6 5-7 9-11 12-14 2-3 6-7 8-9 14-15 4-12 5-13 6-14 7-15 2-6 3-7 8-12 9-13 10-14 4-6 5-7 9-11 12-14 2-3 6-7 8-9 10-11 14-15",1
401,34,0x8EB9C1372F60A5D4,"4 13 5 10 0 6 15 2 7 3 1 12 9 11 14 8",parallel_methods,18,"0-4 1-9 9-13 6-7 2-6 10-11 3-11 1-3 8-10 8-12 10-11 11-15 7-15 9-11 8-9 4-6 4-5 4-6",18,"0-2 0-4 1-9 4-5 6-7 2-6 4-6 13-15 9-13 10-11 3-11 1-3 8-10 8-12 8-9 10-11 11-15 7-15",18,"0-4 2-3 2-10 3-7 2-3 1-9 1-3 9-13 9-11 8-12 8-9 5-7 6-7 12-13 13-15 7-15 12-13 8-12",42,"2-3 8-9 10-11 1-3 4-6 9-11 12-14 6-7 8-9 10-11 2-6 3-7 8-12 9-13 10-14 0-2 1-3 4-6 9-11 12-14 13-15 0-1 4-5 6-7 10-11 12-13 14-15 5-13 6-14 7-15 2-6 3-7 8-12 9-13 1-3 4-6 5-7 9-11 12-14 2-3 10-11 12-13",1
402,42,0x021C647BDA8395EF,"15 14 5 9 3 8 10 13 11 7 4 6 12 1 2 0",parallel_methods,21,"0-1 0-2 0-4 7-15 1-5 0-1 1-3 1-9 2-6 5-13 1-5 5-7 4-5 6-14 8-10 0-8 0-4 10-11 2-10 2-6 13-15",21,"0-1 0-2 0-4 4-5 2-6 2-10 0-2 0-4 3-11 2-3 6-14 2-6 9-13 1-9 13-15 7-15 9-13 8-9 0-8 9-11 13-15",23,"1-3 1-9 1-5 5-7 5-13 0-1 1-5 8-10 0-8 0-4 3-11 11-15 10-11 2-6 2-10 0-2 2-3 6-14 2-6 14-15 13-15 5-13 13-15",41,"0-1 2-3 6-7 8-9 10-11 12-13 0-2 1-3 4-6 5-7 8-10 9-11 12-14 0-1 6-7 8-9 12-13 2-6 3-7 8-12 1-3 9-11 0-1 4-5 2-10 3-11 4-12 5-13 6-14 7-15 1-5 2-6 3-7 8-12 0-2 1-3 8-10 9-11 0-1 2-3 6-7",1
403,38,0x31B65C7FAE92084D,"13 4 8 0 2 9 14 10 15 7 12 5 6 11 1 3",parallel_methods,19,"0-1 0-4 0-2 1-5 1-9 1-3 3-7 12-14 6-14 8-10 8-12 0-8 0-1 11-15 3-11 10-11 13-15 5-13 11-15",19,"0-1 0-4 0-2 1-5 1-9 1-3 3-7 11-15 3-11 10-14 8-10 0-8 0-1 10-11 12-14 6-14 13-15 5-13 11-15",19,"10-14 12-14 6-14 0-1 0-4 2-10 8-10 0-2 7-15 11-15 10-11 13-15 1-9 1-3 0-1 11-15 5-13 9-13 3-7",39,"0-1 8-9 14-15 1-3 4-6 5-7 9-11 0-1 6-7 8-9 12-13 3-7 8-12 1-3 4-6 8-10 9-11 2-3 6-7 8-9 12-13 3-11 4-12 5-13 6-14 7-15 2-6 3-7 8-12 9-13 1-3 4-6 9-11 12-14 2-3 8-9 10-11 12-13 14-15",1
404,30,0xD6E9370A5481BC2F,"15 2 12 11 1 8 4 5 10 0 7 3 9 14 6 13",parallel_methods,17,"0-1 0-2 3-11 1-9 4-5 0-4 12-13 9-13 13-15 8-10 0-8 0-1 1-5 5-7 4-12 4-6 6-14",17,"13-15 2-10 3-11 4-5 0-4 4-6 6-14 8-10 8-12 8-9 0-8 14-15 5-7 1-3 2-3 3-7 1-3",17,"3-11 2-10 8-10 8-12 8-9 4-5 0-4 0-8 13-15 4-6 6-14 14-15 1-3 2-3 1-5 5-7 3-7",39,"0-1 6-7 8-9 14-15 1-3 4-6 9-11 12-14 4-5 6-7 12-13 1-5 2-6 3-7 8-12 9-13 10-14 1-3 12-14 13-15 0-1 10-11 14-15 4-12 5-13 6-14 7-15 2-6 3-7 8-12 9-13 1-3 4-6 5-7 9-11 12-14 0-1 2-3 6-7",1
405,32,0x58EDB132F046C9A7,"7 10 9 12 6 4 0 15 2 3 1 11 13 14 8 5",parallel_methods,16,"12-13 1-3 1-9 2-3 1-3 4-6 0-4 4-5 7-15 5-7 8-10 2-10 8-9 1-9 12-14 8-12",16,"12-13 12-14 1-3 1-9 2-3 1-3 4-6 0-4 4-5 7-15 5-7 8-10 2-10 8-9 1-9 8-12",16,"4-6 0-4 7-15 4-5 5-7 2-3 1-3 1-9 2-10 2-3 1-3 12-13 10-14 12-14 8-10 2-10",44,"2-3 4-5 6-7 10-11 1-3 4-6 9-11 2-3 8-9 10-11 12-13 1-5 2-6 3-7 8-12 9-13 10-14 0-2 1-3 4-6 12-14 13-15 0-1 2-3 4-5 6-7 10-11 12-13 14-15 4-12 5-13 6-14 7-15 1-5 2-6 3-7 8-12 9-13 1-3 9-11 12-14 4-5 8-9 10-11",1
406,36,0x49038C165FBEA7D2,"2 13 7 10 14 11 15 5 6 1 12 8 3 0 9 4",parallel_methods,20,"1-5 1-9 12-14 6-14 2-6 2-3 8-12 4-12 9-11 8-9 13-15 5-13 14-15 10-14 2-10 0-2 12-14 6-7 4-6 4-5",20,"1-5 1-9 2-3 12-13 5-13 5-7 3-7 8-10 8-12 10-14 6-14 10-11 9-11 14-15 6-14 0-2 0-8 4-6 6-14 8-10",20,"10-14 4-12 12-14 1-5 1-9 5-13 10-11 9-11 4-5 5-7 2-3 3-7 8-10 2-10 6-7 7-15 6-7 2-6 0-2 0-4",36,"2-3 4-5 8-9 12-13 1-3 4-6 12-14 13-15 10-11 14-15 3-7 8-12 1-3 4-6 5-7 9-11 12-14 2-3 6-7 8-9 12-13 3-11 4-12 5-13 6-14 7-15 1-5 2-6 3-7 8-12 0-2 1-3 8-10 0-1 6-7 10-11",1
407,34,0x8A1426EDCB90357F,"15 7 5 3 0 9 11 12 13 14 6 2 4 1 10 8",parallel_methods,17,"0-2 0-4 1-5 5-7 2-10 2-6 4-5 4-12 8-9 9-13 1-9 10-11 2-10 11-15 10-11 8-10 10-14",17,"0-2 0-4 1-5 8-9 2-10 2-6 5-7 4-5 4-12 9-13 1-9 10-11 2-10 11-15 10-11 8-10 10-14",17,"0-2 0-4 5-13 1-5 5-7 4-5 4-12 2-10 10-11 11-15 9-11 8-9 9-13 2-6 2-10 10-11 10-14",41,"0-1 6-7 12-13 0-2 1-3 4-6 5-7 8-10 9-11 12-14 13-15 0-1 6-7 8-9 14-15 3-7 8-12 9-13 1-3 4-6 8-10 9-11 12-14 0-1 2-3 8-9 12-13 4-12 5-13 6-14 7-15 2-6 3-7 8-12 9-13 1-3 4-6 9-11 12-14 4-5 8-9",1
408,28,0x3F6DBC407AE25189,"9 8 1 5 2 14 10 7 0 4 12 11 13 6 15 3",parallel_methods,17,"0-1 0-8 1-9 13-15 5-13 12-13 14-15 6-14 10-14 12-14 1-3 1-5 2-3 1-3 0-4 0-2 0-4",17,"0-1 13-15 0-8 1-9 5-13 1-5 1-3 12-13 14-15 6-14 10-14 12-14 4-6 2-6 4-6 4-5 1-5",17,"13-15 14-15 6-14 10-14 0-8 5-13 12-13 12-14 1-3 1-5 2-3 1-3 8-9 0-8 0-4 0-2 0-8",39,"0-1 2-3 12-13 0-2 1-3 4-6 12-14 0-1 4-5 6-7 10-11 2-6 3-7 8-12 9-13 1-3 4-6 5-7 12-14 2-3 6-7 10-11 14-15 4-12 5-13 6-14 7-15 2-6 3-7 8-12 9-13 10-14 1-3 4-6 12-14 0-1 2-3 4-5 14-15",1
409,22,0xA6902BE8F7D5314C,"12 4 1 3 5 13 7 15 8 14 11 2 0 9 6 10",parallel_methods,14,"9-13 11-15 10-11 13-15 5-13 4-5 0-4 0-2 0-1 4-12 0-4 7-15 6-7 6-14",14,"9-13 6-7 6-14 10-11 14-15 4-12 0-2 0-1 0-4 2-10 10-14 12-13 5-13 12-14",14,"10-11 6-7 6-14 14-15 0-2 2-10 10-14 9-13 12-13 5-13 1-5 0-1 12-14 4-5",38,"0-1 2-3 6-7 14-15 0-2 1-3 4-6 9-11 12-14 0-1 6-7 8-9 14-15 3-7 8-12 9-13 4-6 5-7 8-10 9-11 12-14 6-7 8-9 12-13 5-13 6-14 7-15 2-6 3-7 8-12 1-3 4-6 5-7 9-11 12-14 0-1 6-7 12-13",1
410,30,0x7D42306AF18CBE59,"9 5 14 11 12 8 1 15 10 6 0 3 2 4 13 7",parallel_methods,16,"12-14 3-11 5-13 7-15 8-10 0-8 8-9 12-13 8-12 4-12 4-6 4-5 1-5 2-6 6-14 2-6",16,"0-1 1-9 0-1 1-5 2-6 0-2 0-1 3-11 7-15 8-10 0-8 12-14 6-14 2-6 12-13 4-12",16,"7-15 3-11 12-14 12-13 8-10 2-6 6-14 1-5 1-9 0-1 0-2 2-6 8-9 1-9 0-1 4-12",42,"0-1 4-5 6-7 8-9 10-11 4-6 8-10 9-11 12-14 13-15 2-3 8-9 14-15 2-6 3-7 8-12 9-13 1-3 4-6 9-11 12-14 0-1 6-7 10-11 14-15 2-10 3-11 4-12 5-13 6-14 7-15 1-5 2-6 3-7 8-12 1-3 8-10 9-11 0-1 6-7 10-11 12-13",1
411,24,0x5684FACB701ED329,"9 2 3 13 14 1 0 7 11 12 10 15 4 8 6 5",parallel_methods,14,"9-13 1-3 2-3 4-6 6-14 8-9 11-15 9-11 1-9 1-5 0-4 4-12 12-13 9-13",14,"1-3 1-5 2-3 4-6 6-14 11-15 0-4 4-12 8-9 8-12 9-11 9-13 5-13 8-9",14,"1-3 2-3 4-6 6-14 0-4 4-12 9-13 12-13 8-9 9-11 9-13 1-5 13-15 5-13",40,"0-1 2-3 4-5 6-7 10-11 1-3 4-6 9-11 12-14 2-3 4-5 8-9 10-11 12-13 14-15 2-6 3-7 0-2 1-3 4-6 8-10 9-11 0-1 4-5 6-7 8-9 10-11 5-13 6-14 7-15 8-12 9-13 4-6 5-7 12-14 4-5 6-7 10-11 12-13 14-15",1
412,28,0xDFA982C463B5E170,"0 7 1 14 5 11 3 6 4 12 2 8 9 10 15 13",parallel_methods,16,"13-15 2-3 1-3 2-10 6-7 3-7 8-12 14-15 10-14 5-13 9-13 9-11 8-9 4-5 4-12 12-13",16,"13-15 2-3 1-3 2-10 6-7 3-7 8-12 8-9 14-15 10-14 10-11 4-5 4-12 8-12 8-10 10-11",16,"13-15 14-15 2-3 2-10 10-14 6-7 1-3 3-7 5-13 9-13 9-11 8-12 8-9 4-12 12-13 5-13",38,"2-3 6-7 10-11 1-3 4-6 9-11 12-14 13-15 2-3 4-5 8-9 14-15 2-6 3-7 8-12 9-13 10-14 4-6 12-14 13-15 2-3 4-5 10-11 12-13 14-15 6-14 7-15 3-7 8-12 9-13 10-14 4-6 5-7 12-14 2-3 8-9 10-11 14-15",1
413,28,0xFDC6491E0B583A27,"7 2 10 3 8 5 11 0 14 1 9 4 6 12 13 15",parallel_methods,16,"0-1 8-10 12-14 6-14 10-14 10-11 2-10 0-2 0-4 12-13 5-7 1-5 5-7 1-9 8-9 0-8",16,"10-11 2-10 0-2 2-6 4-12 6-7 4-6 0-4 8-12 12-14 12-13 0-1 0-2 0-1 1-9 9-11",16,"4-12 8-12 12-14 12-13 10-11 2-10 0-1 0-2 6-7 4-6 0-4 1-3 3-7 1-9 9-11 3-11",44,"0-1 4-5 8-9 14-15 1-3 4-6 9-11 12-14 13-15 2-3 14-15 2-6 3-7 8-12 9-13 10-14 1-3 4-6 9-11 12-14 13-15 0-1 2-3 6-7 10-11 14-15 5-13 6-14 7-15 3-7 8-12 9-13 10-14 11-15 1-3 4-6 5-7 12-14 13-15 2-3 6-7 8-9 12-13 14-15",1
414,26,0xB61C5E923F4A08D7,"7 13 8 0 10 4 15 3 2 9 14 5 12 1 6 11",parallel_methods,14,"0-2 0-8 2-3 0-2 3-7 6-14 11-15 4-5 5-13 1-5 13-15 5-13 14-15 10-14",14,"4-6 0-2 0-8 2-3 0-2 3-7 4-5 5-13 1-5 6-14 10-14 11-15 13-15 5-13",14,"11-15 4-5 5-13 1-5 6-14 13-15 5-13 14-15 10-14 0-2 0-8 2-3 0-2 3-7",36,"4-5 12-13 14-15 1-3 4-6 9-11 12-14 0-1 10-11 12-13 14-15 2-6 3-7 8-12 9-13 1-3 4-6 9-11 12-14 6-7 8-9 10-11 4-12 5-13 6-14 7-15 2-6 3-7 8-12 9-13 1-3 4-6 9-11 12-14 10-11 12-13",1
415,38,0x2713FD9E85A6C40B,"11 0 4 12 6 10 5 8 14 9 13 15 3 1 7 2",parallel_methods,20,"0-1 1-3 8-10 5-7 5-13 1-5 6-7 2-6 4-6 12-13 5-13 5-7 8-12 12-13 14-15 10-14 2-10 7-15 11-15 3-11",20,"0-1 7-15 1-3 6-14 5-13 1-5 6-7 2-6 4-6 8-10 8-12 14-15 10-14 8-10 13-15 5-13 11-15 10-11 3-11 12-13",20,"7-15 6-7 2-6 4-6 5-7 14-15 3-7 7-15 0-1 12-14 8-12 14-15 12-14 11-15 3-11 10-11 9-13 1-9 9-11 9-13",42,"0-1 2-3 6-7 8-9 10-11 12-13 1-3 4-6 9-11 12-14 2-3 4-5 10-11 14-15 2-6 3-7 8-10 9-11 2-3 4-5 8-9 10-11 4-12 5-13 6-14 7-15 1-5 2-6 3-7 8-12 9-13 10-14 1-3 4-6 9-11 12-14 13-15 4-5 6-7 10-11 12-13 14-15",1
416,32,0xA20B9C86E43DF175,"5 7 1 15 13 3 4 14 6 8 12 9 11 0 2 10",parallel_methods,20,"8-12 4-12 4-6 8-10 12-13 8-12 14-15 7-15 3-11 1-3 3-7 2-3 8-9 1-9 0-1 1-5 1-3 11-15 10-11 10-14",20,"1-5 10-14 8-12 4-12 4-6 8-9 9-11 0-1 0-2 5-7 5-13 1-5 0-1 12-13 12-14 11-15 2-3 2-10 10-11 11-15",20,"8-10 8-12 8-9 9-11 4-5 4-6 5-13 1-5 0-1 6-7 3-7 14-15 10-14 6-14 7-15 5-7 1-5 1-3 2-3 1-3",36,"2-3 4-5 6-7 12-13 14-15 1-3 4-6 12-14 0-1 2-3 6-7 10-11 12-13 14-15 2-6 3-7 8-12 9-13 1-3 4-6 9-11 8-9 10-11 12-13 5-13 6-14 7-15 2-6 3-7 8-12 1-3 4-6 5-7 9-11 0-1 6-7",1
417,38,0x8501CE2DAB697F34,"4 3 15 7 9 6 11 10 13 2 14 12 1 0 5 8",parallel_methods,20,"9-11 2-6 3-7 3-11 2-3 4-5 5-13 6-14 4-6 4-5 0-4 8-9 8-12 9-13 14-15 10-14 8-10 10-11 3-11 1-3",20,"0-4 13-15 6-14 6-7 2-6 5-7 6-7 7-15 3-7 1-3 0-1 8-9 9-13 10-14 10-11 8-10 2-10 8-12 8-9 1-9",20,"6-14 10-14 10-11 0-4 6-7 5-7 2-6 6-7 8-9 9-13 8-10 2-10 7-15 3-7 1-3 8-12 0-1 0-8 1-9 0-1",42,"0-1 4-5 8-9 12-13 14-15 4-6 5-7 9-11 12-14 13-15 2-3 6-7 10-11 14-15 3-7 8-12 4-6 8-10 9-11 2-3 8-9 10-11 12-13 4-12 5-13 6-14 7-15 1-5 2-6 3-7 8-12 9-13 10-14 0-2 1-3 9-11 12-14 0-1 2-3 4-5 8-9 10-11",1
418,36,0x2743019BF68DCEA5,"5 10 14 12 13 8 6 15 11 9 1 0 3 4 7 2",parallel_methods,19,"4-5 0-4 2-10 2-3 1-3 5-13 4-5 14-15 7-15 10-14 2-10 8-10 8-12 10-11 8-10 0-8 2-3 2-10 2-3",19,"0-1 0-2 1-5 8-10 14-15 3-11 4-12 0-4 0-1 0-8 1-3 0-1 7-15 10-11 10-14 2-10 12-13 4-12 12-14",19,"14-15 7-15 4-12 12-13 0-4 4-5 0-1 1-3 8-10 10-11 0-8 0-1 0-4 4-12 8-10 0-8 6-14 2-6 6-14",41,"4-5 6-7 8-9 4-6 8-10 9-11 12-14 2-3 8-9 2-6 3-7 8-12 9-13 1-3 4-6 8-10 9-11 12-14 13-15 6-7 8-9 14-15 2-10 3-11 4-12 5-13 6-14 7-15 0-4 1-5 2-6 3-7 0-2 1-3 5-7 8-10 0-1 2-3 4-5 6-7 10-11",1
419,26,0xF264AD08597EB13C,"12 3 1 11 14 7 9 5 8 0 13 10 4 6 2 15",parallel_methods,16,"10-14 4-12 5-7 12-14 12-13 4-12 4-6 0-4 4-12 0-1 0-2 1-9 0-1 10-11 3-11 2-3",16,"10-14 2-3 1-3 2-10 4-6 4-12 5-7 10-11 12-13 12-14 6-14 8-9 0-8 8-9 9-13 12-13",16,"5-7 6-14 10-14 10-11 9-11 3-11 2-3 1-3 4-12 12-14 12-13 0-4 4-12 0-4 0-2 2-6",38,"0-1 2-3 4-5 8-9 14-15 1-3 4-6 12-14 0-1 4-5 10-11 2-6 3-7 8-12 4-6 9-11 12-14 2-3 4-5 6-7 12-13 14-15 4-12 5-13 6-14 7-15 2-6 3-7 8-12 9-13 1-3 4-6 9-11 12-14 0-1 4-5 8-9 14-15",1
420,30,0x5031DB89F7E6A4C2,"2 12 4 10 6 14 7 15 9 8 11 13 1 3 0 5",parallel_methods,16,"0-2 7-15 5-7 6-7 6-14 4-6 0-4 8-9 1-9 9-13 9-11 3-11 10-11 12-13 9-13 1-9",16,"1-9 0-2 7-15 5-7 6-7 6-14 4-6 0-4 9-13 9-11 3-11 10-11 12-13 9-13 1-9 8-9",16,"8-9 7-15 5-7 6-7 6-14 4-6 0-2 1-9 9-13 9-11 3-11 10-11 12-13 9-13 1-9 0-4",36,"2-3 6-7 8-9 10-11 14-15 1-3 4-6 12-14 6-7 10-11 2-6 3-7 4-6 5-7 8-10 9-11 2-3 6-7 8-9 10-11 4-12 5-13 6-14 7-15 1-5 2-6 3-7 8-12 0-2 1-3 8-10 9-11 0-1 4-5 8-9 12-13",1
421,26,0x69B81EDAFC432570,"0 7 5 2 3 4 12 15 10 13 14 1 8 11 9 6",parallel_methods,15,"2-3 14-15 4-5 1-5 1-3 6-14 13-15 9-13 11-15 7-15 5-7 1-5 8-10 8-12 12-14",15,"2-3 4-5 7-15 9-13 9-11 10-14 8-10 6-7 1-3 1-5 3-7 1-3 1-9 8-9 8-12",15,"14-15 13-15 9-13 2-3 4-5 1-5 1-3 6-14 11-15 7-15 5-7 1-5 8-10 8-12 12-14",35,"6-7 1-3 4-6 5-7 9-11 12-14 6-7 8-9 10-11 12-13 2-6 3-7 8-12 4-6 5-7 8-10 9-11 12-14 2-3 6-7 8-9 12-13 14-15 6-14 7-15 3-7 8-12 9-13 1-3 5-7 12-14 2-3 4-5 8-9 10-11",1
422,36,0xC085DB426371A9EF,"15 14 9 10 1 7 3 6 2 4 11 13 5 8 0 12",parallel_methods,19,"12-13 0-8 0-2 0-1 0-4 1-9 0-1 6-7 8-12 12-14 4-12 0-4 14-15 12-14 3-11 3-7 5-7 5-13 10-11",19,"12-13 0-8 0-2 0-1 0-4 1-9 0-1 3-11 6-7 3-7 5-7 5-13 8-12 10-11 12-14 4-12 0-4 14-15 12-14",19,"1-9 9-11 10-11 10-14 6-7 2-10 0-2 2-3 8-10 2-10 3-7 7-15 5-7 4-5 1-5 4-12 4-5 9-13 8-9",41,"0-1 2-3 6-7 10-11 14-15 0-2 1-3 4-6 12-14 0-1 4-5 6-7 10-11 0-4 1-5 2-6 3-7 8-12 9-13 0-2 1-3 9-11 12-14 0-1 2-3 8-9 4-12 5-13 6-14 7-15 2-6 3-7 8-12 9-13 1-3 9-11 0-1 4-5 8-9 10-11 12-13",1
423,28,0xC054B6A127FE9D38,"8 3 13 9 14 15 7 2 1 10 6 11 4 5 0 12",parallel_methods,14,"10-14 1-3 4-12 5-13 6-7 2-6 6-14 8-9 1-9 8-10 0-8 12-14 13-15 12-13",14,"10-14 1-3 4-12 5-13 6-7 2-6 6-14 8-9 1-9 8-10 0-8 12-14 13-15 12-13",14,"1-3 8-9 1-9 6-7 5-13 2-6 10-14 4-6 6-14 13-15 4-12 12-13 8-10 0-8",34,"0-1 10-11 14-15 9-11 12-14 2-3 4-5 10-11 2-6 3-7 8-12 1-3 4-6 5-7 9-11 12-14 0-1 6-7 12-13 3-11 4-12 5-13 6-14 7-15 2-6 3-7 8-12 0-2 1-3 9-11 0-1 4-5 6-7 8-9",1
424,34,0x2DA0E75861BC439F,"15 9 3 4 12 11 1 6 8 5 7 14 0 10 13 2",parallel_methods,17,"1-9 10-11 2-3 0-2 4-12 0-4 6-7 5-7 1-5 14-15 10-14 2-10 13-15 11-15 7-15 10-11 11-15",17,"1-9 14-15 2-3 0-2 4-12 0-4 6-7 5-7 1-5 10-11 10-14 2-10 13-15 11-15 7-15 10-11 11-15",17,"1-9 6-7 5-7 1-5 11-15 14-15 2-3 13-15 10-11 0-2 2-10 11-15 7-15 10-11 11-15 4-12 0-4",41,"0-1 2-3 4-5 6-7 8-9 10-11 0-2 1-3 9-11 12-14 0-1 4-5 10-11 14-15 2-6 3-7 8-12 9-13 1-3 4-6 9-11 0-1 2-3 8-9 10-11 12-13 4-12 5-13 6-14 7-15 2-6 3-7 8-12 9-13 1-3 4-6 9-11 12-14 0-1 6-7 8-9",1
425,36,0xA138594DFB2E670C,"12 0 7 6 14 2 11 15 13 4 9 5 8 3 1 10",parallel_methods,19,"11-15 6-14 4-6 0-4 0-1 7-15 5-7 3-7 2-3 8-9 8-12 4-12 9-13 10-11 9-11 6-14 6-7 3-7 3-11",19,"4-5 0-4 2-3 8-9 8-12 4-12 9-13 11-15 7-15 5-7 6-7 3-7 6-14 2-6 0-2 0-1 10-11 9-11 3-11",19,"11-15 10-11 8-9 9-13 7-15 5-7 9-11 6-7 2-6 3-7 3-11 6-7 4-12 12-14 0-8 8-12 0-4 0-8 0-1",37,"0-1 4-5 6-7 8-9 12-13 14-15 1-3 4-6 9-11 12-14 6-7 3-7 8-12 9-13 1-3 4-6 5-7 9-11 2-3 6-7 8-9 12-13 4-12 5-13 6-14 7-15 2-6 3-7 8-12 1-3 8-10 9-11 2-3 4-5 8-9 10-11 12-13",1
426,32,0x5789B3F1C62AD04E,"14 4 0 13 10 2 6 12 1 15 3 11 9 8 7 5",parallel_methods,16,"12-13 0-8 0-1 0-4 0-2 2-10 7-15 5-7 3-7 2-3 8-12 9-13 14-15 7-15 12-14 13-15",16,"12-13 0-8 0-1 0-4 0-2 2-10 7-15 5-7 3-7 2-3 8-12 9-13 14-15 7-15 12-14 13-15",16,"0-8 0-1 12-13 9-13 7-15 5-7 8-12 3-7 14-15 7-15 13-15 12-14 0-4 0-2 2-10 2-3",42,"0-1 2-3 4-5 6-7 10-11 12-13 1-3 4-6 9-11 0-1 6-7 12-13 2-6 3-7 8-12 9-13 1-3 8-10 9-11 12-14 13-15 2-3 4-5 8-9 14-15 4-12 5-13 6-14 7-15 2-6 3-7 8-12 1-3 4-6 8-10 9-11 12-14 2-3 6-7 8-9 12-13 14-15",1
427,32,0xA9F1D85CEB024736,"6 3 7 4 2 0 11 14 12 5 8 13 1 15 9 10",parallel_methods,19,"8-12 1-3 1-5 14-15 13-15 9-13 4-6 2-6 4-5 5-13 6-7 0-8 0-1 8-10 10-14 6-14 9-11 9-13 9-11",19,"4-12 0-4 1-3 1-5 0-1 2-6 6-7 8-12 8-10 2-10 11-15 10-11 13-15 6-14 1-9 4-6 4-5 1-5 1-9",19,"2-3 0-2 0-4 14-15 13-15 9-13 6-7 3-7 3-11 1-3 1-5 5-13 8-12 0-8 0-1 6-14 2-6 8-10 2-10",43,"0-1 4-5 6-7 8-9 10-11 14-15 1-3 4-6 5-7 9-11 12-14 2-3 6-7 10-11 12-13 14-15 2-6 3-7 8-12 9-13 0-2 1-3 4-6 5-7 9-11 12-14 0-1 6-7 6-14 7-15 3-7 8-12 9-13 10-14 1-3 4-6 5-7 12-14 2-3 4-5 8-9 10-11 14-15",1
428,32,0xD1E07286C43FAB95,"5 9 11 10 15 3 4 12 6 8 2 7 0 14 1 13",parallel_methods,16,"2-3 2-10 3-11 13-15 4-12 0-4 5-7 3-7 4-5 12-14 8-12 4-12 4-6 8-9 1-9 14-15",16,"2-3 2-10 3-11 5-7 3-7 4-12 0-4 4-5 12-13 12-14 8-12 4-12 4-6 8-9 1-9 13-15",16,"4-12 12-13 13-15 12-14 8-12 8-9 1-9 3-11 5-7 3-7 2-10 10-11 0-4 4-5 4-12 4-6",44,"4-5 6-7 10-11 14-15 4-6 9-11 12-14 2-3 4-5 6-7 8-9 12-13 14-15 2-6 3-7 8-12 9-13 0-2 1-3 4-6 5-7 0-1 6-7 10-11 12-13 3-11 4-12 5-13 6-14 7-15 1-5 2-6 3-7 8-12 9-13 0-2 1-3 4-6 8-10 9-11 12-14 0-1 2-3 4-5",1
429,38,0x2A39EB4681057CFD,"13 15 12 7 5 0 1 8 6 4 11 14 9 3 10 2",parallel_methods,20,"0-8 0-2 8-9 0-8 2-6 4-5 0-4 7-15 3-7 2-3 1-3 8-12 10-11 10-14 13-15 9-13 8-9 11-15 3-11 11-15",20,"0-1 0-2 0-8 1-5 2-6 0-2 0-1 10-11 8-12 7-15 6-7 2-6 10-14 13-15 7-15 3-7 9-13 5-13 4-5 8-9",20,"10-11 10-14 1-5 5-7 7-15 3-7 0-1 4-5 2-6 2-3 9-13 1-9 1-3 12-13 9-13 4-12 8-12 4-6 4-12 4-6",38,"4-5 6-7 8-9 10-11 12-13 0-2 1-3 4-6 12-14 0-1 6-7 10-11 1-5 2-6 3-7 8-12 9-13 0-2 1-3 8-10 9-11 0-1 2-3 8-9 12-13 4-12 5-13 6-14 7-15 2-6 3-7 8-12 4-6 9-11 12-14 2-3 4-5 12-13",1
430,36,0xED3B17AC9280654F,"15 4 5 6 0 8 2 9 12 10 7 1 11 3 13 14",parallel_methods,18,"0-1 0-4 1-5 2-3 2-6 3-7 5-7 8-12 9-11 1-9 8-9 10-11 3-11 9-11 14-15 13-15 7-15 3-7",18,"0-1 0-4 1-5 2-3 2-6 3-7 5-7 8-12 14-15 9-11 1-9 8-9 10-11 3-11 9-11 13-15 7-15 3-7",18,"2-3 2-6 0-1 0-4 14-15 3-7 3-11 1-3 9-11 10-11 5-13 5-7 12-13 13-15 3-11 11-15 3-7 8-12",42,"0-1 2-3 6-7 8-9 12-13 14-15 1-3 4-6 8-10 9-11 12-14 13-15 6-7 8-9 14-15 2-6 3-7 8-12 9-13 10-14 0-2 1-3 4-6 12-14 0-1 10-11 14-15 5-13 6-14 7-15 2-6 3-7 8-12 9-13 10-14 1-3 4-6 5-7 8-10 12-14 2-3 8-9",1
431,34,0x03F7B64CD9125EA8,"8 10 14 5 2 1 9 13 12 4 6 11 7 15 3 0",parallel_methods,17,"1-3 1-5 2-10 6-14 2-6 2-3 12-14 8-12 8-9 0-8 0-4 14-15 7-15 10-14 2-10 0-2 13-15",17,"1-3 1-5 2-10 6-14 2-6 2-3 12-14 8-12 8-9 0-8 0-4 14-15 7-15 10-14 2-10 0-2 13-15",17,"1-3 1-5 7-15 13-15 6-14 12-14 8-12 8-9 2-6 6-14 6-7 0-8 4-6 0-4 2-3 2-10 2-6",43,"4-5 6-7 8-9 10-11 1-3 4-6 5-7 9-11 0-1 2-3 6-7 12-13 2-6 3-7 8-12 9-13 0-2 1-3 4-6 9-11 0-1 4-5 12-13 3-11 4-12 5-13 6-14 7-15 2-6 3-7 8-12 9-13 1-3 4-6 9-11 12-14 0-1 2-3 4-5 8-9 10-11 12-13 14-15",1
432,40,0xB637E52DC10A849F,"15 9 4 8 10 0 1 12 13 2 5 14 7 3 6 11",parallel_methods,21,"0-2 0-4 11-15 2-6 0-2 2-10 2-3 6-7 6-14 8-9 9-13 1-9 1-3 1-5 0-1 12-14 14-15 7-15 0-8 0-2 0-8",21,"0-1 1-3 0-1 4-12 2-6 4-6 6-7 6-14 8-9 0-8 0-2 9-13 1-9 10-11 3-11 1-3 1-5 0-1 11-15 12-14 10-14",21,"11-15 8-9 9-13 4-6 6-14 1-9 10-14 1-3 12-14 14-15 0-4 0-1 0-8 4-12 4-5 0-2 0-4 7-15 14-15 12-14 14-15",45,"0-1 2-3 4-5 6-7 8-9 10-11 12-13 14-15 0-2 1-3 4-6 9-11 12-14 0-1 6-7 10-11 14-15 2-6 3-7 8-12 9-13 0-2 1-3 4-6 8-10 9-11 12-14 0-1 8-9 14-15 3-11 4-12 5-13 6-14 7-15 2-6 3-7 8-12 9-13 4-6 9-11 12-14 2-3 8-9 10-11",1
433,36,0x1D62AC9384EF075B,"11 5 7 0 15 14 4 8 3 9 12 10 2 6 13 1",parallel_methods,19,"4-6 2-3 3-7 8-10 8-12 0-8 0-2 10-11 3-11 13-15 5-13 1-5 14-15 6-14 13-15 14-15 8-10 10-11 8-10",19,"0-1 1-3 0-1 4-5 4-6 5-7 5-13 7-15 5-7 1-5 8-10 10-11 3-11 12-14 6-14 2-6 6-7 12-13 8-12",19,"0-8 8-10 10-11 4-6 6-7 7-15 5-7 1-5 2-3 0-2 12-14 12-13 6-14 12-14 8-12 2-6 6-7 6-14 3-7",31,"0-1 4-5 6-7 1-3 12-14 0-1 4-5 10-11 3-7 8-12 1-3 4-6 5-7 9-11 2-3 6-7 12-13 4-12 5-13 6-14 7-15 1-5 2-6 3-7 8-12 9-13 1-3 4-6 9-11 4-5 12-13",1
434,34,0xA35C618F27B904DE,"14 13 4 0 9 11 7 2 15 8 1 6 12 5 3 10",parallel_methods,17,"0-2 0-4 1-5 1-3 0-1 6-7 2-6 5-13 8-10 8-9 1-9 10-11 10-14 6-14 11-15 10-11 3-11",17,"0-2 0-4 1-5 1-3 0-1 6-7 2-6 5-13 10-11 8-9 9-11 1-9 10-14 6-14 11-15 10-11 3-11",17,"1-5 5-13 6-7 0-2 0-4 2-6 1-3 0-1 8-10 8-9 1-9 11-15 14-15 6-14 10-11 11-15 3-11",43,"0-1 8-9 10-11 12-13 14-15 0-2 1-3 8-10 9-11 12-14 0-1 4-5 8-9 12-13 2-6 3-7 8-12 9-13 1-3 9-11 12-14 2-3 4-5 8-9 10-11 12-13 14-15 4-12 5-13 6-14 7-15 2-6 3-7 8-12 9-13 1-3 4-6 9-11 12-14 2-3 8-9 12-13 14-15",1
435,32,0x713D48CBEAF59062,"2 6 0 9 5 15 10 14 11 12 8 4 13 3 1 7",parallel_methods,17,"0-2 8-10 6-14 6-7 5-7 1-5 4-5 7-15 9-13 10-11 10-14 6-14 4-6 12-13 1-9 1-3 1-9",17,"12-13 0-2 6-14 6-7 5-7 1-5 4-5 7-15 8-9 8-12 8-10 10-11 3-11 9-11 10-14 6-14 4-6",17,"0-2 8-10 10-11 6-14 10-14 6-7 6-14 5-7 1-5 4-5 4-6 7-15 9-13 12-13 1-9 1-3 1-9",41,"2-3 6-7 12-13 14-15 1-3 4-6 8-10 9-11 12-14 0-1 2-3 4-5 6-7 8-9 12-13 3-7 8-12 4-6 5-7 9-11 2-3 4-5 6-7 12-13 4-12 5-13 6-14 7-15 2-6 3-7 8-12 9-13 1-3 4-6 9-11 2-3 4-5 6-7 8-9 10-11 12-13",1
436,28,0xE6DB40953AC278F1,"1 15 8 7 2 12 10 3 5 9 0 4 11 13 6 14",parallel_methods,15,"2-10 3-7 6-14 8-12 8-10 10-11 10-14 0-1 0-4 0-2 4-12 4-5 12-14 4-12 14-15",15,"0-1 0-2 0-8 0-4 2-10 0-2 3-7 4-5 6-14 10-11 10-14 12-14 4-12 14-15 11-15",15,"8-12 2-10 8-10 6-14 10-11 10-14 0-1 0-4 0-2 4-12 12-14 14-15 4-5 4-12 3-7",35,"10-11 14-15 1-3 4-6 8-10 9-11 12-14 4-5 6-7 8-9 2-6 3-7 8-12 9-13 10-14 1-3 4-6 12-14 13-15 12-13 14-15 4-12 5-13 6-14 7-15 3-7 8-12 9-13 1-3 4-6 9-11 12-14 0-1 2-3 10-11",1
437,26,0xB7D21E903A648FC5,"5 12 15 8 4 6 10 3 0 9 14 1 2 13 7 11",parallel_methods,15,"0-1 0-8 2-3 8-12 3-11 6-14 10-14 11-15 1-3 3-7 5-7 6-7 2-10 8-10 2-10",15,"0-1 0-8 2-3 8-12 3-11 6-14 10-14 11-15 8-10 1-3 2-10 3-7 5-7 6-7 8-10",15,"6-14 5-7 6-7 10-14 2-3 3-11 11-15 0-1 0-8 8-12 0-2 0-8 0-2 1-5 1-3",43,"14-15 1-3 4-6 9-11 12-14 2-3 10-11 12-13 14-15 1-5 2-6 3-7 8-12 9-13 0-2 1-3 9-11 12-14 13-15 0-1 4-5 8-9 10-11 14-15 4-12 5-13 6-14 7-15 1-5 2-6 3-7 8-12 9-13 0-2 1-3 4-6 9-11 12-14 0-1 2-3 4-5 6-7 10-11",1
438,32,0xA072C895D4BE31F6,"6 15 1 3 14 11 4 13 5 9 8 12 2 7 0 10",parallel_methods,17,"0-2 1-5 4-6 5-7 12-14 6-14 2-6 8-12 11-15 13-15 7-15 12-13 5-13 0-1 0-8 8-10 10-11",17,"0-2 0-1 4-6 5-7 6-14 2-6 0-2 8-12 8-10 2-10 11-15 10-11 13-15 7-15 11-15 12-13 5-13",17,"4-6 11-15 1-5 5-13 13-15 5-7 12-14 8-12 12-13 5-13 6-14 0-2 0-1 0-8 8-10 10-11 2-6",35,"2-3 4-5 6-7 10-11 14-15 0-2 1-3 4-6 9-11 12-14 0-1 4-5 10-11 3-7 8-12 4-6 9-11 2-3 8-9 12-13 4-12 5-13 6-14 7-15 2-6 3-7 8-12 1-3 4-6 8-10 9-11 0-1 6-7 8-9 10-11",1
439,30,0x2BDC0174F96E3A85,"5 8 10 3 14 6 9 15 4 7 1 0 12 13 11 2",parallel_methods,16,"0-1 0-8 4-6 4-5 1-5 10-11 2-10 9-11 1-9 14-15 6-14 11-15 7-15 2-6 4-6 0-4",16,"0-1 0-8 1-5 2-10 4-6 0-4 0-1 0-2 9-11 1-9 0-1 14-15 6-14 2-6 11-15 7-15",16,"9-11 14-15 11-15 7-15 0-1 0-8 4-6 4-5 1-5 6-14 1-9 2-10 4-6 0-4 0-2 0-1",40,"4-5 6-7 1-3 4-6 8-10 9-11 0-1 2-3 6-7 8-9 12-13 3-7 8-12 9-13 10-14 4-6 5-7 12-14 13-15 2-3 6-7 14-15 3-11 4-12 5-13 6-14 7-15 1-5 2-6 3-7 8-12 9-13 0-2 1-3 9-11 0-1 2-3 8-9 10-11 12-13",1
440,34,0x40562A19C83FEBD7,"7 13 11 14 15 3 8 12 9 1 10 2 6 5 0 4",parallel_methods,18,"4-12 1-9 2-3 6-14 2-6 0-2 3-11 2-3 5-7 3-7 5-13 12-14 14-15 6-14 4-6 8-9 8-12 12-13",18,"12-14 7-15 1-9 2-3 2-6 0-2 3-11 2-3 5-7 3-7 4-5 5-13 6-14 8-9 8-12 0-8 13-15 12-13",18,"7-15 5-7 4-5 5-13 13-15 2-3 3-11 1-9 6-14 12-14 2-6 6-14 0-2 2-3 3-7 8-12 12-13 9-13",42,"2-3 4-5 6-7 8-9 12-13 14-15 1-3 4-6 9-11 2-3 4-5 6-7 10-11 12-13 2-6 3-7 8-12 9-13 1-3 4-6 8-10 9-11 12-14 0-1 4-5 6-7 8-9 2-10 3-11 4-12 5-13 6-14 7-15 1-5 2-6 3-7 0-2 1-3 5-7 8-10 0-1 2-3",1
441,30,0xD679E2F304CBA518,"8 1 5 10 11 12 4 0 3 15 2 14 9 7 6 13",parallel_methods,17,"4-6 2-6 2-10 5-13 6-7 5-7 10-11 12-13 9-13 13-15 6-14 10-14 8-10 0-8 2-10 2-3 2-10",17,"0-8 4-6 5-13 6-7 2-6 0-2 2-3 2-10 12-13 9-13 13-15 3-11 3-7 3-11 6-7 5-7 6-14",17,"4-6 2-6 6-7 5-13 5-7 12-13 9-13 13-15 2-10 10-11 0-8 2-6 0-2 2-3 10-14 2-10 2-6",45,"0-1 2-3 10-11 12-13 14-15 1-3 9-11 12-14 2-3 4-5 8-9 2-6 3-7 8-12 9-13 1-3 4-6 5-7 8-10 9-11 12-14 13-15 0-1 6-7 8-9 14-15 4-12 5-13 6-14 7-15 2-6 3-7 8-12 9-13 10-14 4-6 5-7 9-11 12-14 13-15 2-3 6-7 10-11 12-13 14-15",1
442,32,0xA753EB42D0C6F189,"9 8 1 15 6 12 0 13 2 4 11 14 3 5 7 10",parallel_methods,17,"0-1 0-8 0-2 1-9 0-1 4-6 0-4 5-13 10-11 12-13 14-15 7-15 10-14 13-15 3-7 7-15 3-7",17,"0-1 12-14 0-8 0-2 1-9 0-1 4-6 0-4 5-13 10-11 12-13 14-15 7-15 3-7 10-14 13-15 7-15",17,"11-15 10-11 0-8 0-2 14-15 4-6 5-13 1-9 0-1 0-4 7-15 12-13 13-15 11-15 3-11 11-15 8-9",39,"0-1 2-3 6-7 10-11 14-15 1-3 4-6 12-14 13-15 0-1 2-3 10-11 14-15 2-6 3-7 8-12 9-13 1-3 4-6 8-10 9-11 12-14 0-1 8-9 14-15 3-11 4-12 5-13 6-14 7-15 2-6 3-7 8-12 9-11 12-14 2-3 4-5 8-9 12-13",1
443,32,0x7F42018EA659DBC3,"3 12 11 13 9 5 6 10 14 8 1 0 2 4 15 7",parallel_methods,17,"0-1 0-4 2-10 3-7 2-3 1-3 7-15 8-12 0-8 8-9 10-11 2-10 0-2 13-15 14-15 12-14 4-12",17,"0-1 0-4 12-13 2-10 3-7 2-3 1-3 4-12 7-15 10-11 8-10 0-8 8-9 13-15 14-15 10-14 2-10",17,"2-10 10-11 7-15 14-15 8-10 10-14 4-12 0-1 0-4 12-13 4-12 1-3 8-9 1-9 9-13 0-2 0-1",43,"2-3 4-5 6-7 8-9 1-3 4-6 8-10 9-11 12-14 13-15 2-3 6-7 8-9 14-15 1-5 2-6 3-7 8-12 9-13 1-3 9-11 12-14 13-15 14-15 3-11 4-12 5-13 6-14 7-15 1-5 2-6 3-7 8-12 9-13 0-2 1-3 8-10 9-11 12-14 13-15 0-1 2-3 14-15",1
444,22,0xA6EC98BFD3247510,"0 1 5 7 4 2 3 13 15 11 8 9 12 14 6 10",parallel_methods,12,"2-6 5-7 3-7 2-3 8-10 9-11 6-14 14-15 10-14 13-15 5-13 14-15",12,"9-11 2-6 14-15 7-15 6-7 5-7 3-7 2-3 8-10 10-14 13-15 14-15",12,"9-11 8-10 2-6 6-14 14-15 10-14 13-15 14-15 5-7 3-7 2-3 5-13",34,"2-3 4-5 6-7 8-9 10-11 14-15 4-6 8-10 9-11 2-3 6-7 8-9 12-13 2-6 3-7 8-12 9-13 4-6 9-11 12-14 2-3 4-5 6-7 8-9 10-11 7-15 8-12 9-13 10-14 8-10 12-14 13-15 6-7 14-15",1
445,32,0xE98543A6D70CF1B2,"2 11 1 15 12 0 7 13 6 10 3 4 5 8 9 14",parallel_methods,17,"0-2 3-11 1-3 12-13 1-5 0-1 8-12 4-12 14-15 11-15 9-11 10-11 3-11 4-6 4-5 5-7 5-13",17,"0-2 10-11 12-13 3-11 8-9 1-9 1-5 0-1 5-7 5-13 6-7 8-10 8-12 4-12 14-15 11-15 9-11",17,"14-15 11-15 9-11 7-15 6-7 12-13 8-12 4-12 4-6 10-11 0-2 1-3 1-5 0-1 3-11 5-13 13-15",43,"2-3 4-5 6-7 10-11 14-15 1-3 4-6 8-10 9-11 12-14 13-15 0-1 2-3 6-7 8-9 14-15 2-6 3-7 8-12 9-13 10-14 1-3 4-6 9-11 12-14 13-15 0-1 2-3 10-11 14-15 4-12 5-13 6-14 7-15 3-7 8-12 4-6 8-10 9-11 12-14 8-9 10-11 12-13",1
446,30,0x42EA308D5BC679F1,"1 15 9 7 6 12 11 5 13 8 0 3 10 14 2 4",parallel_methods,18,"2-10 8-12 8-10 8-9 5-13 12-13 1-5 0-1 0-2 5-7 7-15 6-7 3-7 3-11 4-6 2-10 10-14 2-10",18,"1-5 0-1 2-10 5-7 7-15 6-7 3-7 3-11 4-6 8-12 8-10 8-9 12-13 6-14 0-2 2-6 6-14 12-14",18,"13-15 8-12 5-13 12-13 2-10 8-10 8-9 0-1 0-2 6-14 2-6 4-5 5-7 6-7 14-15 11-15 7-15 3-7",34,"8-9 10-11 14-15 1-3 4-6 8-10 9-11 4-5 8-9 12-13 2-6 3-7 8-12 9-13 1-3 4-6 9-11 12-14 10-11 14-15 4-12 5-13 6-14 7-15 1-5 2-6 3-7 8-12 9-13 1-3 9-11 12-14 0-1 8-9",1
447,36,0xA8E235410F967DBC,"12 11 13 7 6 9 15 0 1 4 5 3 2 14 8 10",parallel_methods,20,"0-8 12-14 2-10 3-7 1-3 0-1 3-11 6-14 2-6 4-6 14-15 10-14 12-13 9-13 5-13 4-5 12-14 8-9 9-13 12-13",20,"0-8 10-14 3-7 1-3 0-1 3-11 8-12 8-10 2-10 14-15 10-14 13-15 5-13 9-13 14-15 5-13 4-6 4-5 5-13 13-15",20,"3-7 2-3 3-11 11-15 10-11 13-15 1-9 9-11 1-5 1-9 12-14 6-14 14-15 0-8 8-12 2-6 4-6 0-4 4-5 1-5",42,"0-1 14-15 1-3 4-6 9-11 12-14 0-1 2-3 10-11 12-13 14-15 1-5 2-6 3-7 8-12 9-13 10-14 0-2 1-3 4-6 12-14 0-1 4-5 6-7 14-15 3-11 4-12 5-13 6-14 7-15 1-5 2-6 3-7 8-12 1-3 5-7 8-10 9-11 12-14 6-7 10-11 12-13",1
448,26,0x5B1AF3C924D0E678,"8 7 6 14 0 13 4 2 9 12 3 15 10 1 11 5",parallel_methods,15,"3-7 5-13 1-5 7-15 5-7 8-9 8-12 14-15 11-15 4-6 2-6 2-10 2-3 8-10 0-8",15,"4-12 3-7 4-6 2-6 2-10 2-3 5-13 1-5 7-15 5-7 8-9 8-12 0-8 14-15 11-15",15,"5-13 1-5 3-7 7-15 5-7 14-15 11-15 8-9 8-12 8-10 0-8 4-6 2-6 0-2 2-3",47,"0-1 2-3 10-11 12-13 1-3 4-6 9-11 12-14 0-1 2-3 4-5 6-7 8-9 10-11 14-15 1-5 2-6 3-7 8-12 9-13 0-2 1-3 4-6 8-10 9-11 12-14 0-1 2-3 4-5 8-9 12-13 5-13 6-14 7-15 2-6 3-7 8-12 9-13 1-3 4-6 12-14 2-3 6-7 8-9 10-11 12-13 14-15",1
449,32,0x0BD13C7AE429F685,"5 8 6 15 9 2 4 14 10 7 12 3 1 13 11 0",parallel_methods,17,"3-11 0-4 0-1 1-9 1-5 7-15 5-7 4-5 8-10 8-12 0-8 0-1 14-15 11-15 2-6 0-2 0-4",17,"0-1 13-15 3-11 4-5 1-5 4-6 2-6 8-10 8-12 0-8 9-13 1-9 0-1 13-15 7-15 14-15 11-15",17,"7-15 14-15 3-11 11-15 8-10 8-12 0-4 0-1 0-8 1-9 1-5 0-1 5-7 4-5 2-6 0-2 0-4",41,"2-3 4-5 6-7 8-9 1-3 4-6 9-11 12-14 2-3 6-7 8-9 10-11 12-13 2-6 3-7 8-12 9-13 0-2 1-3 4-6 9-11 0-1 10-11 12-13 4-12 5-13 6-14 7-15 1-5 2-6 3-7 8-12 9-13 0-2 1-3 4-6 0-1 4-5 6-7 10-11 12-13",1
450,38,0x25EF3786B4A90DC1,"1 12 13 0 9 10 4 11 6 8 7 3 15 14 5 2",parallel_methods,20,"0-1 0-4 0-8 2-10 2-3 0-2 3-7 3-11 8-9 12-14 4-12 4-5 4-6 2-6 14-15 10-14 2-10 12-14 12-13 12-14",20,"0-1 0-2 0-4 0-8 2-10 2-3 0-2 3-7 3-11 4-5 4-6 2-6 8-9 12-13 14-15 10-14 2-10 12-14 13-15 5-13",20,"0-1 0-4 0-8 8-9 12-13 12-14 4-12 4-5 0-4 4-6 2-3 3-11 11-15 13-15 0-2 10-11 2-10 11-15 7-15 11-15",34,"6-7 12-13 1-3 4-6 9-11 0-1 2-3 8-9 12-13 2-6 3-7 8-12 9-13 12-14 2-3 4-5 10-11 12-13 3-11 4-12 5-13 6-14 7-15 2-6 3-7 8-12 9-13 4-6 8-10 9-11 12-14 13-15 2-3 14-15",1
451,34,0xF621958ECDB370A4,"4 10 0 7 3 11 13 12 14 8 5 9 1 2 6 15",parallel_methods,18,"8-10 4-6 4-12 0-4 0-1 0-2 5-13 5-7 6-7 3-7 8-9 9-13 5-13 9-11 12-13 6-14 10-14 2-10",18,"0-1 0-2 1-5 2-10 4-6 2-6 4-5 5-13 6-7 5-7 3-7 2-3 6-14 8-12 8-9 1-9 9-11 12-14",18,"5-13 4-5 5-7 3-7 0-4 0-2 6-14 8-12 8-9 1-9 9-11 10-11 12-14 9-13 9-11 9-13 5-13 12-13",40,"2-3 8-9 10-11 14-15 1-3 4-6 5-7 9-11 12-14 13-15 0-1 6-7 8-9 14-15 3-7 8-12 1-3 4-6 5-7 9-11 2-3 4-5 6-7 12-13 4-12 5-13 6-14 7-15 2-6 3-7 8-12 9-13 1-3 4-6 8-10 9-11 12-14 13-15 8-9 14-15",1
452,38,0xCB024F5A813ED697,"7 9 6 13 14 3 1 8 10 5 15 4 2 0 11 12",parallel_methods,20,"1-9 10-11 2-6 4-12 0-4 0-2 5-7 3-7 4-5 5-7 5-13 1-5 0-1 8-10 14-15 11-15 12-14 8-12 4-12 8-12",20,"0-1 1-3 1-5 2-6 3-7 1-3 0-1 1-9 4-12 5-13 1-5 10-11 8-10 0-8 0-4 0-2 0-1 14-15 11-15 12-14",20,"10-14 14-15 4-12 12-14 4-6 2-6 10-11 9-13 1-9 0-4 0-1 5-7 3-7 4-5 5-7 5-13 8-10 8-12 4-12 8-12",46,"2-3 4-5 6-7 8-9 12-13 14-15 1-3 4-6 9-11 12-14 13-15 0-1 2-3 4-5 8-9 10-11 14-15 2-6 3-7 8-12 9-13 0-2 1-3 4-6 9-11 0-1 4-5 6-7 8-9 10-11 12-13 4-12 5-13 6-14 7-15 2-6 3-7 8-12 9-13 1-3 12-14 0-1 4-5 10-11 12-13 14-15",1
453,38,0x5C6E0137B94DA82F,"15 2 8 10 13 4 9 11 7 3 1 0 14 6 12 5",parallel_methods,20,"0-1 9-11 2-10 2-3 1-3 3-7 3-11 4-5 5-13 7-15 5-7 8-10 2-10 2-6 0-2 6-7 12-14 0-1 1-9 0-1",20,"0-1 0-2 0-8 0-1 3-11 1-3 0-1 1-9 4-5 5-13 7-15 5-7 6-7 3-7 1-3 10-11 9-11 1-9 11-15 12-14",20,"12-14 4-5 13-15 5-13 0-1 0-2 9-11 8-9 0-8 3-11 10-11 9-11 1-9 7-15 11-15 6-7 7-15 9-13 13-15 9-13",48,"0-1 2-3 4-5 6-7 8-9 12-13 1-3 4-6 8-10 9-11 12-14 4-5 6-7 8-9 12-13 2-6 3-7 8-12 9-13 10-14 1-3 4-6 12-14 13-15 2-3 10-11 12-13 14-15 2-10 3-11 4-12 5-13 6-14 7-15 1-5 2-6 3-7 8-12 9-13 0-2 1-3 8-10 9-11 12-14 0-1 4-5 6-7 12-13",1
454,28,0x1FEC40B6D25A3789,"9 8 7 3 10 5 2 13 6 11 0 4 12 14 15 1",parallel_methods,15,"0-1 0-8 0-4 2-6 11-15 7-15 6-7 4-6 9-11 1-9 13-15 14-15 0-2 2-10 0-2",15,"0-1 0-4 0-8 0-4 2-6 8-10 0-8 11-15 7-15 6-7 4-6 9-11 1-9 13-15 14-15",15,"11-15 7-15 13-15 14-15 9-11 0-1 1-9 0-8 4-6 2-6 2-10 6-7 4-6 0-2 2-6",41,"0-1 4-5 6-7 10-11 0-2 1-3 4-6 8-10 9-11 12-14 0-1 8-9 2-6 3-7 8-12 9-13 10-14 1-3 4-6 5-7 12-14 0-1 6-7 14-15 4-12 5-13 6-14 7-15 2-6 3-7 8-12 9-13 10-14 0-2 1-3 4-6 12-14 13-15 0-1 4-5 14-15",1
455,30,0xA571863C9DF4BE02,"2 0 14 11 4 15 13 9 12 3 6 8 1 7 5 10",parallel_methods,16,"2-10 5-7 5-13 9-11 3-11 8-12 8-9 14-15 7-15 5-7 10-14 2-6 0-2 0-1 1-9 9-13",16,"9-11 2-10 2-6 0-2 0-1 3-11 5-7 1-5 5-13 8-12 8-9 1-9 14-15 7-15 5-7 10-14",16,"9-11 3-11 8-12 8-9 14-15 5-13 13-15 10-14 5-7 5-13 2-6 0-2 0-1 1-9 9-13 6-14",36,"0-1 8-9 10-11 14-15 4-6 9-11 12-14 2-3 4-5 6-7 14-15 2-6 3-7 8-12 9-13 4-6 9-11 12-14 2-3 6-7 8-9 12-13 3-11 4-12 5-13 6-14 7-15 2-6 3-7 8-12 1-3 4-6 8-10 9-11 2-3 10-11",1
456,32,0xCF210EDB58A67493,"3 9 4 7 6 10 8 5 11 13 14 0 1 2 15 12",parallel_methods,17,"0-2 4-6 4-12 0-4 5-13 5-7 3-7 2-3 9-13 8-9 9-11 1-9 0-1 14-15 12-14 10-14 8-10",17,"0-1 2-6 4-6 5-7 3-7 3-11 1-3 0-1 12-13 9-13 1-9 14-15 12-14 10-14 2-10 8-10 10-11",17,"2-6 4-6 13-15 14-15 10-14 12-13 2-10 5-13 9-13 8-9 8-10 9-11 1-9 0-1 1-5 5-7 3-7",45,"2-3 1-3 4-6 9-11 12-14 13-15 4-5 8-9 10-11 14-15 2-6 3-7 8-12 9-13 4-6 9-11 12-14 2-3 6-7 12-13 14-15 5-13 6-14 7-15 1-5 2-6 3-7 8-12 9-13 10-14 11-15 0-2 1-3 4-6 8-10 12-14 13-15 0-1 2-3 4-5 6-7 8-9 10-11 12-13 14-15",1
457,30,0xCED523067AB1489F,"15 9 8 4 1 11 10 7 6 0 3 2 5 13 14 12",parallel_methods,16,"0-2 0-8 0-4 1-9 0-1 2-3 2-6 2-10 3-11 2-3 4-6 13-15 12-13 5-13 13-15 11-15",16,"12-13 0-2 0-8 0-4 1-9 0-1 2-3 2-6 2-10 3-11 2-3 4-6 5-13 13-15 11-15 12-13",16,"0-2 0-8 2-3 0-2 0-4 1-9 0-1 2-6 3-11 5-13 13-15 11-15 12-13 5-13 2-10 2-3",42,"0-1 8-9 0-2 1-3 4-6 9-11 12-14 0-1 4-5 6-7 14-15 2-6 3-7 8-12 9-13 10-14 1-3 4-6 12-14 13-15 0-1 12-13 14-15 3-11 4-12 5-13 6-14 7-15 1-5 2-6 3-7 8-12 9-13 10-14 1-3 9-11 12-14 0-1 4-5 6-7 8-9 10-11",1
458,34,0xCFA954820617EDB3,"3 11 13 14 7 1 6 0 2 8 4 5 9 10 15 12",parallel_methods,19,"0-2 0-8 8-12 3-11 1-3 1-5 8-9 13-15 11-15 12-13 14-15 10-11 3-11 3-7 2-3 0-2 4-5 5-7 4-5",19,"12-13 3-7 1-3 0-1 3-11 1-3 1-5 8-10 2-10 8-12 8-10 8-9 9-13 14-15 4-12 6-7 12-14 6-14 6-7",19,"13-15 14-15 8-10 2-3 2-10 10-14 8-12 8-9 1-3 1-5 3-11 4-5 4-12 3-7 5-7 12-13 1-3 0-1 1-3",37,"2-3 4-5 10-11 4-6 9-11 12-14 13-15 2-3 4-5 14-15 1-5 2-6 3-7 8-12 9-13 10-14 11-15 0-2 1-3 12-14 13-15 0-1 12-13 14-15 5-13 6-14 7-15 3-7 8-12 9-13 4-6 9-11 12-14 2-3 6-7 12-13 14-15",1
459,32,0x1F30AD6C4E7825B9,"9 11 5 2 8 7 14 4 12 6 13 10 0 3 15 1",parallel_methods,17,"1-9 0-1 0-2 0-4 5-7 4-5 8-12 0-8 10-11 9-11 13-15 9-13 1-9 14-15 6-14 2-6 2-3",17,"0-1 0-2 0-4 8-12 0-8 2-3 5-7 4-5 9-13 1-9 10-11 11-15 3-11 1-3 13-15 14-15 6-14",17,"9-13 13-15 14-15 6-14 10-11 5-7 2-3 1-9 9-11 9-13 1-3 4-12 4-5 1-5 0-1 1-9 8-12",37,"4-5 8-9 0-2 1-3 4-6 9-11 12-14 0-1 10-11 14-15 2-6 3-7 8-12 1-3 4-6 9-11 2-3 4-5 6-7 4-12 5-13 6-14 7-15 1-5 2-6 3-7 8-12 9-13 10-14 0-2 1-3 4-6 12-14 0-1 4-5 10-11 14-15",1
460,32,0x9FEAC6274D1835B0,"0 11 5 3 8 1 13 4 7 2 6 12 10 14 15 9",parallel_methods,18,"11-15 8-9 1-9 1-5 5-7 9-11 14-15 12-14 10-14 6-14 0-2 0-4 0-8 0-2 4-5 14-15 13-15 14-15",18,"11-15 6-7 8-9 1-9 1-5 5-7 9-11 14-15 12-14 10-14 5-13 0-2 0-4 0-8 0-2 4-5 4-6 6-14",18,"8-9 11-15 1-9 9-11 14-15 12-14 1-5 6-7 5-7 10-14 0-4 0-8 0-2 0-4 5-13 4-5 4-6 6-14",38,"4-5 8-9 10-11 1-3 4-6 9-11 12-14 6-7 10-11 2-6 3-7 8-12 9-13 10-14 1-3 4-6 12-14 13-15 2-3 6-7 10-11 12-13 14-15 5-13 6-14 7-15 3-7 8-12 9-13 10-14 5-7 12-14 13-15 2-3 4-5 8-9 10-11 14-15",1
461,32,0xA9F0BDC21473E586,"6 8 5 14 3 7 4 1 2 12 13 11 0 15 9 10",parallel_methods,16,"0-2 0-1 10-14 4-6 2-6 2-3 5-7 1-5 8-10 2-10 8-9 8-12 0-8 14-15 10-14 13-15",16,"0-2 0-1 14-15 4-6 2-6 2-3 5-7 1-5 8-10 2-10 8-9 8-12 0-8 10-14 13-15 9-13",16,"5-7 0-2 0-1 1-5 4-6 2-6 10-14 8-10 8-9 8-12 0-8 2-3 2-10 14-15 10-14 13-15",38,"2-3 14-15 1-3 4-6 9-11 12-14 0-1 2-3 4-5 10-11 12-13 14-15 1-5 2-6 3-7 8-12 0-2 1-3 9-11 12-14 0-1 2-3 4-5 12-13 6-14 7-15 2-6 3-7 8-12 9-13 10-14 1-3 4-6 5-7 8-10 12-14 0-1 14-15",1
462,30,0x391D5EC4F067B82A,"10 2 8 11 7 6 0 15 4 12 14 5 13 1 9 3",parallel_methods,17,"9-13 3-11 4-5 4-6 7-15 3-7 5-7 10-14 12-13 0-1 0-2 0-8 0-4 1-9 9-11 10-11 9-11",17,"11-15 0-8 3-11 4-5 4-6 0-4 7-15 5-7 9-13 10-14 8-10 12-13 0-8 0-1 0-2 0-8 1-9",17,"0-2 0-8 4-5 4-6 0-4 10-14 9-13 12-13 3-11 1-3 2-10 2-3 7-15 1-3 1-9 3-7 5-7",41,"0-1 2-3 4-5 6-7 12-13 1-3 4-6 9-11 12-14 2-3 10-11 12-13 14-15 1-5 2-6 3-7 8-12 9-13 1-3 4-6 9-11 0-1 4-5 6-7 8-9 12-13 4-12 5-13 6-14 7-15 2-6 3-7 8-12 9-13 10-14 1-3 9-11 12-14 2-3 4-5 10-11",1
463,24,0x86EC5BF930D72A41,"1 4 10 2 7 13 0 3 9 15 11 5 12 14 6 8",parallel_methods,15,"0-1 4-6 0-4 13-15 9-13 8-9 10-11 2-10 2-3 3-7 6-14 14-15 5-7 7-15 13-15",15,"0-1 10-11 2-10 2-3 3-7 4-6 0-4 13-15 5-7 6-7 6-14 9-13 8-9 14-15 13-15",15,"11-15 13-15 5-13 9-11 8-9 0-1 11-15 10-11 10-14 2-10 2-3 3-7 4-6 6-7 0-4",33,"6-7 14-15 1-3 9-11 2-3 4-5 8-9 12-13 2-6 3-7 8-12 9-13 1-3 4-6 9-11 12-14 0-1 2-3 6-7 8-9 10-11 12-13 14-15 6-14 7-15 8-12 9-13 10-14 5-7 12-14 13-15 8-9 14-15",1
464,36,0x23BD567FA8904E1C,"12 1 14 4 0 9 8 10 15 7 6 5 13 11 3 2",parallel_methods,20,"0-4 2-6 2-10 3-7 6-14 2-6 2-3 8-10 9-11 11-15 10-11 2-10 7-15 13-15 11-15 12-13 4-12 5-13 9-13 5-13",20,"0-4 2-6 2-10 3-7 8-10 6-14 2-6 2-3 11-15 10-11 2-10 13-15 5-13 9-13 11-15 6-7 12-13 4-12 4-6 6-7",20,"0-4 2-10 2-6 14-15 7-15 3-7 10-14 2-10 9-13 5-13 5-7 8-10 11-15 10-11 9-11 9-13 13-15 4-5 5-13 12-13",40,"0-1 6-7 8-9 12-13 1-3 4-6 8-10 9-11 2-3 6-7 8-9 12-13 2-6 3-7 8-12 9-13 1-3 9-11 0-1 2-3 4-5 8-9 10-11 12-13 3-11 4-12 5-13 6-14 7-15 2-6 3-7 8-12 9-13 4-6 9-11 12-14 2-3 8-9 10-11 14-15",1
465,32,0x6F57A843CD129E0B,"11 0 14 9 2 1 13 12 3 4 8 10 7 5 15 6",parallel_methods,16,"0-1 1-3 1-9 1-5 4-6 2-6 4-5 5-13 7-15 8-10 10-11 3-11 14-15 12-14 6-14 6-7",16,"0-1 1-3 1-9 1-5 4-6 2-6 4-5 5-13 7-15 8-10 10-11 3-11 14-15 12-14 6-14 6-7",16,"0-8 8-10 10-11 7-15 14-15 12-14 4-6 2-6 6-14 6-7 0-1 1-3 1-9 1-5 4-5 5-13",36,"0-1 4-5 10-11 12-13 1-3 4-6 5-7 12-14 2-3 6-7 10-11 14-15 2-6 3-7 8-12 9-13 1-3 4-6 9-11 12-14 13-15 14-15 3-11 4-12 5-13 6-14 7-15 3-7 8-12 4-6 8-10 9-11 12-14 10-11 12-13 14-15",1
466,32,0x16E90A2C3DB587F4,"4 15 7 8 5 11 13 3 12 2 10 0 9 14 6 1",parallel_methods,17,"1-3 1-9 3-11 1-3 2-3 3-7 6-14 8-12 8-9 13-15 5-13 14-15 13-15 11-15 4-5 0-4 0-1",17,"0-4 1-3 0-1 8-12 8-9 0-8 3-11 2-3 0-2 3-7 6-14 13-15 5-13 1-5 14-15 13-15 11-15",17,"9-11 3-11 2-3 3-7 6-14 8-12 1-5 1-9 9-11 8-9 13-15 14-15 5-13 13-15 1-5 4-5 0-4",35,"2-3 8-9 1-3 4-6 9-11 8-9 12-13 2-6 3-7 8-12 9-13 1-3 4-6 9-11 12-14 0-1 14-15 4-12 5-13 6-14 7-15 1-5 2-6 3-7 8-12 9-13 0-2 1-3 4-6 9-11 12-14 0-1 2-3 4-5 12-13",1
467,30,0xE906327A5C148BFD,"13 15 11 8 4 1 12 5 10 7 2 3 6 0 9 14",parallel_methods,17,"9-13 1-9 0-1 1-5 2-3 2-10 3-11 8-10 14-15 13-15 9-13 4-6 4-12 4-6 13-15 5-13 5-7",17,"12-14 9-13 1-9 0-1 1-5 2-3 2-10 3-11 5-13 5-7 6-14 8-10 12-14 9-11 14-15 11-15 9-11",17,"9-13 1-9 0-1 1-5 2-10 5-13 5-7 12-14 6-14 3-11 9-11 8-12 8-9 11-15 10-11 12-14 10-14",49,"4-5 8-9 10-11 12-13 14-15 0-2 1-3 4-6 5-7 8-10 9-11 12-14 13-15 0-1 6-7 8-9 14-15 1-5 2-6 3-7 8-12 9-13 0-2 1-3 9-11 12-14 0-1 2-3 4-5 10-11 3-11 4-12 5-13 6-14 7-15 1-5 2-6 3-7 8-12 1-3 4-6 8-10 9-11 12-14 0-1 4-5 8-9 10-11 12-13",1
468,36,0xC6B29D4578AFE103,"3 0 1 14 15 10 8 7 5 4 13 9 2 11 6 12",parallel_methods,18,"0-1 2-3 1-3 2-6 4-5 6-14 8-9 8-12 4-12 8-10 2-10 8-12 8-10 9-13 5-13 9-11 13-15 12-13",18,"0-1 2-3 1-3 2-6 4-5 6-14 8-9 8-12 4-12 8-10 2-10 8-12 8-10 9-13 5-13 9-11 13-15 12-13",18,"0-2 0-1 9-13 9-11 6-14 12-14 8-12 12-13 5-13 2-3 10-14 2-10 13-15 14-15 10-14 4-12 12-13 13-15",32,"0-1 2-3 4-5 8-9 14-15 1-3 12-14 2-3 4-5 10-11 14-15 3-7 8-12 9-13 4-6 9-11 12-14 6-7 8-9 10-11 4-12 5-13 6-14 7-15 3-7 8-12 9-13 4-6 9-11 2-3 10-11 12-13",1
469,26,0x2B75389D4CE61AF0,"0 15 10 1 6 14 12 4 13 9 8 3 5 7 11 2",parallel_methods,15,"1-3 3-11 4-6 4-12 5-13 5-7 4-5 14-15 11-15 8-10 10-14 2-10 12-13 12-14 12-13",15,"1-3 3-11 4-6 4-12 5-13 5-7 4-5 14-15 11-15 8-10 10-14 2-10 12-13 12-14 12-13",15,"14-15 10-14 2-10 1-3 3-11 11-15 5-13 5-7 12-13 12-14 4-6 8-12 5-13 12-13 4-12",31,"8-9 1-3 4-6 8-10 9-11 12-14 4-5 8-9 2-6 3-7 8-12 4-6 9-11 12-14 2-3 8-9 12-13 4-12 5-13 6-14 7-15 2-6 3-7 8-12 4-6 8-10 9-11 2-3 6-7 8-9 12-13",1
470,36,0x61F47032E5BDC8A9,"9 10 8 12 13 11 5 14 2 3 0 7 4 15 1 6",parallel_methods,18,"0-1 0-2 0-8 1-9 14-15 2-10 0-2 3-11 4-12 6-7 5-7 3-7 6-14 11-15 3-11 1-3 13-15 12-13",18,"0-1 0-2 0-8 1-9 14-15 2-10 0-2 3-11 4-12 6-7 5-7 3-7 6-14 11-15 3-11 1-3 13-15 12-13",18,"7-15 6-7 14-15 5-7 4-12 3-11 3-7 13-15 9-11 3-11 9-13 12-13 0-8 0-2 1-9 8-9 8-10 0-8",52,"2-3 4-5 6-7 10-11 14-15 1-3 4-6 9-11 12-14 0-1 2-3 8-9 10-11 12-13 3-7 8-12 9-13 10-14 1-3 4-6 5-7 9-11 12-14 0-1 2-3 6-7 10-11 14-15 1-9 2-10 3-11 4-12 5-13 6-14 7-15 0-4 1-5 2-6 3-7 8-12 0-2 1-3 5-7 8-10 12-14 0-1 2-3 4-5 8-9 10-11 12-13 14-15",1
471,36,0xC071EA63529BFD48,"8 4 13 15 11 9 2 5 3 6 10 14 1 7 0 12",parallel_methods,19,"0-8 5-13 0-2 4-12 0-4 0-1 5-7 9-13 12-13 12-14 4-12 0-4 13-15 11-15 12-13 2-3 2-6 6-14 14-15",19,"4-12 8-9 0-8 0-2 0-1 0-4 1-5 1-9 2-6 5-13 5-7 14-15 11-15 3-11 1-3 0-1 12-14 14-15 11-15",19,"13-15 12-13 5-13 9-13 2-6 1-5 4-6 4-5 5-13 5-7 6-7 3-7 7-15 8-10 10-11 3-11 10-14 8-10 0-8",39,"0-1 2-3 4-5 6-7 10-11 14-15 12-14 2-3 4-5 10-11 2-6 3-7 8-12 9-13 1-3 9-11 0-1 4-5 8-9 12-13 3-11 4-12 5-13 6-14 7-15 1-5 2-6 3-7 8-12 9-13 0-2 1-3 4-6 9-11 12-14 0-1 4-5 8-9 12-13",1
472,32,0x523910DCB4A6F7E8,"8 14 7 15 6 10 4 11 12 13 0 1 9 3 2 5",parallel_methods,17,"13-15 3-7 3-11 1-3 2-3 2-10 4-6 5-13 7-15 3-7 8-12 9-13 8-9 10-14 0-8 0-2 2-10",17,"4-6 10-14 1-5 3-7 3-11 1-3 2-3 2-10 5-13 7-15 5-7 3-7 12-13 9-13 12-14 8-12 0-8",17,"4-6 8-12 13-15 5-13 9-13 8-9 8-10 0-8 3-7 7-15 3-11 1-3 3-7 6-14 2-6 6-7 6-14",49,"2-3 6-7 10-11 12-13 14-15 1-3 4-6 8-10 9-11 12-14 0-1 2-3 8-9 12-13 2-6 3-7 8-12 9-13 0-2 1-3 8-10 9-11 12-14 13-15 0-1 4-5 8-9 14-15 3-11 4-12 5-13 6-14 7-15 0-4 1-5 2-6 3-7 8-12 9-13 0-2 1-3 5-7 8-10 9-11 0-1 2-3 6-7 8-9 12-13",1
473,36,0xE9B87023D5A614CF,"15 12 4 1 6 10 5 13 3 2 0 7 8 11 9 14",parallel_methods,19,"0-1 0-8 0-2 1-3 4-6 4-5 0-4 8-12 14-15 11-15 7-15 9-11 3-11 2-3 13-15 11-15 0-8 8-10 0-8",19,"0-1 0-2 1-3 2-10 4-6 4-5 0-4 0-2 8-9 8-10 2-10 8-12 14-15 11-15 7-15 9-11 3-11 13-15 11-15",19,"0-1 0-8 8-12 14-15 4-6 4-5 13-15 11-15 7-15 1-9 9-13 13-15 0-1 0-2 0-4 8-10 0-8 8-10 1-3",45,"0-1 6-7 8-9 10-11 14-15 0-2 1-3 4-6 9-11 12-14 0-1 8-9 10-11 14-15 2-6 3-7 8-12 9-13 10-14 11-15 4-6 12-14 13-15 2-3 4-5 12-13 14-15 4-12 5-13 6-14 7-15 1-5 2-6 3-7 8-12 1-3 4-6 8-10 9-11 12-14 0-1 4-5 6-7 8-9 12-13",1
474,36,0x256EDA73148BCF90,"0 9 15 12 11 8 4 1 3 7 10 13 14 6 5 2",parallel_methods,18,"11-15 3-11 2-3 3-7 4-5 5-13 9-11 8-9 1-9 1-3 12-14 4-12 4-5 4-6 8-12 13-15 11-15 7-15",18,"11-15 3-11 2-3 3-7 4-5 5-13 9-11 8-9 1-9 1-3 12-14 4-12 4-5 4-6 8-12 13-15 11-15 7-15",20,"12-14 12-13 4-12 4-6 5-13 1-9 3-7 1-3 7-15 3-7 2-3 12-13 13-15 8-12 12-13 11-15 13-15 11-15 3-11 11-15",30,"4-5 10-11 12-13 2-3 4-5 10-11 12-13 1-5 2-6 3-7 8-12 1-3 9-11 12-14 4-5 12-13 3-11 4-12 5-13 6-14 7-15 2-6 3-7 8-12 9-13 4-6 9-11 12-14 2-3 8-9",1
475,32,0xE71AFC4682DB5309,"9 0 3 5 11 13 2 8 6 4 12 15 10 1 7 14",parallel_methods,16,"0-1 1-9 3-7 2-3 5-13 1-5 4-5 5-7 8-10 2-10 2-6 8-12 8-10 14-15 7-15 11-15",16,"0-1 1-9 3-7 2-3 5-13 1-5 4-5 5-7 8-10 2-10 2-6 8-12 8-10 14-15 7-15 11-15",16,"0-1 9-13 1-9 8-10 8-12 3-7 2-3 2-10 2-6 8-10 5-13 4-5 14-15 5-7 7-15 11-15",40,"0-1 2-3 6-7 8-9 10-11 12-13 14-15 1-3 12-14 4-5 10-11 14-15 3-7 8-12 9-13 1-3 4-6 5-7 9-11 12-14 2-3 6-7 8-9 4-12 5-13 6-14 7-15 3-7 8-12 9-13 10-14 1-3 4-6 5-7 12-14 13-15 2-3 6-7 10-11 14-15",1
476,30,0xBA73E6F1C5D89042,"2 4 0 9 8 13 5 12 1 15 6 14 3 7 10 11",parallel_methods,17,"0-2 11-15 5-13 6-7 5-7 10-14 6-14 12-14 14-15 9-11 11-15 3-11 9-11 0-1 0-4 0-8 0-1",17,"0-2 11-15 5-13 6-7 5-7 10-14 6-14 12-14 14-15 11-15 0-1 0-4 0-8 0-1 3-11 9-11 11-15",17,"5-13 6-7 5-7 0-2 10-14 6-14 12-14 0-1 0-4 0-8 0-1 10-14 10-11 3-11 9-11 11-15 10-14",41,"2-3 6-7 10-11 14-15 1-3 4-6 9-11 12-14 13-15 0-1 2-3 4-5 14-15 3-7 8-12 9-13 4-6 5-7 8-10 9-11 12-14 6-7 8-9 14-15 4-12 5-13 6-14 7-15 2-6 3-7 8-12 9-13 1-3 4-6 5-7 12-14 13-15 2-3 6-7 10-11 14-15",1
477,28,0x6B9F1A8CE243D507,"7 0 5 13 3 4 2 14 12 8 10 1 15 9 11 6",parallel_methods,15,"0-1 14-15 2-6 3-11 1-3 4-5 6-7 5-7 3-7 6-14 11-15 9-13 12-13 8-12 13-15",15,"0-1 12-14 1-3 2-6 4-5 6-7 5-7 3-7 8-12 8-9 9-11 1-9 9-13 14-15 6-14",15,"0-4 0-1 3-11 1-3 7-15 14-15 2-6 11-15 6-7 8-12 8-9 9-13 13-15 4-5 5-7",39,"0-1 2-3 6-7 8-9 12-13 1-3 4-6 9-11 12-14 2-3 8-9 12-13 1-5 2-6 3-7 8-12 9-13 1-3 4-6 9-11 12-14 4-5 6-7 10-11 14-15 6-14 7-15 3-7 8-12 9-13 1-3 5-7 12-14 2-3 4-5 8-9 10-11 12-13 14-15",1
478,30,0x82D41EA675BFC309,"9 0 3 12 15 11 5 7 6 10 14 1 4 13 2 8",parallel_methods,17,"0-1 2-3 4-6 6-14 2-6 14-15 4-5 4-12 8-12 8-9 9-11 1-9 12-14 6-14 12-14 10-14 8-10",17,"0-1 2-3 4-6 6-14 9-11 1-9 14-15 10-14 8-10 2-10 2-6 4-5 4-12 8-10 8-12 8-10 10-11",17,"2-3 0-8 0-2 4-6 6-14 2-6 14-15 10-14 9-11 4-5 0-4 4-12 0-1 1-9 8-9 8-10 10-11",39,"0-1 2-3 4-5 6-7 14-15 1-3 9-11 12-14 2-3 4-5 8-9 10-11 12-13 2-6 3-7 8-12 9-13 4-6 9-11 12-14 2-3 6-7 8-9 12-13 14-15 4-12 5-13 6-14 7-15 2-6 3-7 8-12 9-13 1-3 4-6 9-11 12-14 4-5 8-9",1
479,32,0x71B0A94CFDE38256,"6 5 2 8 3 14 13 15 12 4 9 10 0 11 1 7",parallel_methods,18,"4-5 1-5 1-3 4-6 4-12 0-4 6-14 4-6 7-15 9-13 10-11 9-11 12-13 0-4 0-1 0-4 4-12 8-12",18,"4-5 1-5 1-3 6-14 4-6 0-4 0-1 7-15 8-12 0-8 9-13 10-11 9-11 5-13 6-14 4-6 4-5 5-13",18,"7-15 10-11 9-13 9-11 0-4 6-14 4-6 5-13 4-5 1-5 8-12 0-2 2-3 0-2 0-8 12-14 12-13 12-14",40,"0-1 2-3 6-7 8-9 10-11 14-15 1-3 4-6 9-11 12-14 0-1 2-3 6-7 12-13 14-15 3-7 8-12 1-3 4-6 5-7 9-11 2-3 4-5 6-7 8-9 12-13 4-12 5-13 6-14 7-15 2-6 3-7 8-12 0-2 1-3 4-6 9-11 0-1 4-5 6-7",1
480,38,0xA86BC9EDF0234517,"7 1 5 4 3 2 0 15 13 14 9 12 11 6 8 10",parallel_methods,21,"0-2 10-11 2-3 2-6 4-5 0-4 0-2 8-9 8-10 12-14 8-12 14-15 10-14 5-13 4-5 4-6 9-13 9-11 3-11 11-15 7-15",21,"0-2 0-4 2-3 0-2 4-5 4-6 0-4 8-9 11-15 10-11 13-15 7-15 12-13 9-13 9-11 12-14 2-3 2-6 6-7 8-12 12-14",21,"11-15 13-15 7-15 12-14 8-12 12-13 2-6 6-7 5-7 10-11 0-2 9-11 2-3 3-7 14-15 11-15 14-15 0-2 0-4 0-2 2-3",35,"0-1 4-5 6-7 10-11 12-13 14-15 1-3 4-6 8-10 9-11 12-14 8-9 12-13 14-15 1-5 2-6 3-7 8-12 1-3 4-6 8-10 9-11 0-1 4-5 6-7 8-9 10-11 12-13 7-15 8-12 9-13 10-14 8-10 12-14 6-7",1
481,26,0x67BEF92C8D153A40,"0 4 10 3 5 1 13 8 12 2 9 15 14 11 7 6",parallel_methods,14,"1-5 4-5 6-14 7-15 6-7 11-15 9-11 10-11 2-10 12-14 8-12 8-9 9-13 9-11",14,"10-11 1-5 4-5 6-7 6-14 7-15 6-7 9-11 10-11 2-10 12-14 8-12 13-15 11-15",14,"1-5 4-5 6-7 7-15 13-15 11-15 8-10 8-9 6-14 10-14 8-10 2-10 6-7 12-14",38,"4-5 8-9 10-11 12-13 1-3 4-6 5-7 9-11 2-3 6-7 10-11 12-13 3-7 8-12 9-13 1-3 4-6 9-11 12-14 2-3 6-7 8-9 12-13 14-15 5-13 6-14 7-15 3-7 8-12 9-13 10-14 5-7 12-14 13-15 2-3 4-5 8-9 14-15",1
482,32,0x4C0F5A12E9D367B8,"8 11 7 6 3 13 9 14 2 1 10 5 15 0 12 4",parallel_methods,18,"0-8 1-9 2-6 2-3 3-11 5-13 4-5 7-15 5-7 3-7 9-11 12-14 14-15 5-7 6-7 0-4 4-6 2-6",18,"0-8 1-9 2-3 2-6 0-2 5-13 4-5 7-15 5-7 3-7 9-11 12-14 14-15 8-9 0-8 0-4 4-5 8-9",18,"12-14 0-8 14-15 5-13 2-6 6-7 6-14 4-6 2-3 3-11 1-3 1-5 2-6 0-2 0-1 1-9 9-11 3-11",44,"6-7 8-9 12-13 0-2 1-3 4-6 12-14 0-1 6-7 10-11 12-13 14-15 3-7 8-12 9-13 1-3 4-6 5-7 12-14 0-1 2-3 6-7 10-11 3-11 4-12 5-13 6-14 7-15 1-5 2-6 3-7 8-12 9-13 0-2 1-3 5-7 9-11 12-14 0-1 2-3 6-7 8-9 12-13 14-15",1
483,38,0x83EA14795FC20D6B,"11 6 13 0 2 12 15 5 9 7 4 1 10 14 3 8",parallel_methods,21,"10-14 2-3 0-2 2-10 6-14 4-6 9-11 3-11 11-15 10-11 13-15 14-15 1-5 1-9 5-7 8-9 8-12 8-10 6-7 3-7 2-3",21,"10-14 2-3 0-2 2-10 3-11 1-3 2-3 6-14 4-6 2-6 13-15 9-13 5-13 5-7 8-9 14-15 12-14 10-11 10-14 12-14 12-13",21,"0-2 0-4 2-3 0-2 3-11 1-3 13-15 9-13 8-9 10-14 12-14 4-5 4-12 5-13 10-14 6-14 14-15 5-7 2-6 2-3 2-6",41,"0-1 8-9 14-15 1-3 4-6 8-10 9-11 0-1 2-3 6-7 8-9 12-13 2-6 3-7 8-12 9-13 10-14 1-3 4-6 12-14 6-7 10-11 14-15 4-12 5-13 6-14 7-15 2-6 3-7 8-12 1-3 4-6 8-10 9-11 12-14 2-3 4-5 6-7 8-9 10-11 12-13",1
484,32,0xC2DB6915783E0A4F,"15 4 10 0 14 3 8 7 5 1 9 6 11 13 2 12",parallel_methods,16,"10-11 10-14 1-5 1-3 0-1 1-9 2-10 6-14 9-11 12-14 8-12 4-12 4-5 14-15 11-15 12-14",16,"10-11 10-14 1-5 1-3 0-1 1-9 2-10 6-14 9-11 12-14 8-12 4-12 4-5 14-15 11-15 12-14",16,"10-11 10-14 2-10 6-14 12-14 8-12 4-12 1-5 4-5 14-15 12-14 1-3 0-1 1-9 9-11 11-15",36,"0-1 4-5 8-9 14-15 1-3 4-6 12-14 0-1 4-5 6-7 10-11 12-13 2-6 3-7 8-12 9-13 10-14 1-3 4-6 12-14 2-3 4-5 14-15 4-12 5-13 6-14 7-15 2-6 3-7 8-12 9-13 1-3 4-6 9-11 10-11 12-13",1
485,34,0xBF459D2081ACE637,"7 3 6 14 12 10 1 8 0 2 13 9 5 4 15 11",parallel_methods,17,"2-6 0-2 2-3 3-7 1-3 0-1 0-8 4-12 5-13 4-5 9-11 10-11 2-10 11-15 13-15 14-15 10-14",17,"2-6 0-2 2-3 3-7 1-3 0-1 0-8 4-12 5-13 4-5 9-11 10-11 2-10 11-15 13-15 14-15 10-14",17,"12-13 4-12 5-13 6-7 2-6 9-11 0-2 0-8 3-11 10-11 11-15 13-15 14-15 10-14 2-3 3-7 1-3",39,"0-1 2-3 4-5 6-7 12-13 1-3 12-14 13-15 2-3 4-5 10-11 14-15 3-7 8-12 9-13 1-3 4-6 9-11 12-14 13-15 0-1 2-3 10-11 14-15 4-12 5-13 6-14 7-15 2-6 3-7 8-12 9-13 1-3 9-11 12-14 0-1 4-5 10-11 14-15",1
486,30,0xA2C15F39BE0D7864,"4 6 8 7 13 0 14 11 9 3 15 5 1 12 2 10",parallel_methods,16,"9-11 3-7 3-11 4-5 0-4 10-14 2-10 12-13 9-13 5-13 14-15 1-9 8-9 8-10 10-14 6-14",16,"1-9 3-7 3-11 1-3 1-5 4-12 0-4 0-1 8-9 10-14 2-10 8-10 12-13 14-15 10-14 6-14",16,"3-7 9-11 3-11 4-5 0-4 12-13 10-14 2-10 5-13 1-9 8-9 8-10 14-15 10-14 6-14 1-5",40,"4-5 8-9 14-15 4-6 9-11 12-14 2-3 6-7 10-11 12-13 14-15 3-7 8-12 9-13 1-3 4-6 5-7 9-11 0-1 2-3 4-5 6-7 8-9 10-11 12-13 4-12 5-13 6-14 7-15 1-5 2-6 3-7 8-12 9-13 1-3 9-11 12-14 4-5 12-13 14-15",1
487,32,0x3DB0F2AE9146C785,"5 8 7 12 6 4 1 9 14 10 2 15 0 11 13 3",parallel_methods,18,"0-1 2-3 2-10 4-6 4-5 1-5 7-15 3-7 8-10 8-12 0-8 9-13 13-15 14-15 10-14 9-11 9-13 13-15",18,"0-1 2-3 2-10 3-7 4-6 4-5 1-5 8-10 8-12 0-8 11-15 3-11 9-11 11-15 14-15 10-14 13-15 11-15",18,"2-3 7-15 3-7 4-6 0-4 4-5 2-10 0-1 8-10 8-12 0-8 11-15 9-11 14-15 13-15 10-11 11-15 14-15",48,"2-3 4-5 6-7 8-9 10-11 1-3 4-6 9-11 12-14 2-3 8-9 10-11 14-15 1-5 2-6 3-7 8-12 9-13 0-2 1-3 4-6 8-10 9-11 12-14 0-1 4-5 8-9 12-13 5-13 6-14 7-15 1-5 2-6 3-7 8-12 9-13 10-14 1-3 4-6 8-10 12-14 13-15 0-1 4-5 6-7 8-9 12-13 14-15",1
488,24,0xF5D13208946C7ABE,"14 11 10 7 12 6 4 9 8 0 2 3 1 13 5 15",parallel_methods,13,"1-9 2-10 3-7 3-11 4-12 0-4 0-1 4-6 6-14 9-11 4-5 4-6 4-5",13,"4-12 0-4 1-3 2-10 3-11 4-6 5-7 1-5 1-9 0-1 6-14 6-7 5-7",13,"4-12 1-9 0-4 0-1 2-10 3-7 3-11 9-11 12-14 4-12 4-5 4-6 12-14",49,"0-1 4-5 6-7 8-9 10-11 14-15 0-2 1-3 4-6 9-11 12-14 0-1 4-5 14-15 1-5 2-6 3-7 8-12 9-13 10-14 0-2 1-3 4-6 12-14 0-1 4-5 10-11 14-15 3-11 4-12 5-13 6-14 7-15 0-4 1-5 2-6 3-7 8-12 9-13 0-2 1-3 5-7 8-10 9-11 12-14 0-1 2-3 6-7 14-15",1
489,26,0xF5946B2C3D781E0A,"10 0 14 1 8 7 13 3 12 2 11 6 4 9 5 15",parallel_methods,15,"4-12 10-11 8-12 2-6 0-2 0-1 1-9 1-3 2-10 6-14 9-13 3-7 6-7 2-6 5-7",15,"4-12 10-11 2-10 8-12 2-6 0-2 0-1 1-9 1-3 9-13 10-14 2-10 2-3 3-7 5-7",15,"4-12 8-12 2-6 0-2 0-1 1-9 9-13 6-14 1-3 2-3 3-11 3-7 6-7 5-7 10-11",35,"0-1 4-5 8-9 14-15 1-3 4-6 9-11 12-14 2-3 14-15 2-6 3-7 8-12 9-13 4-6 9-11 12-14 2-3 4-5 12-13 14-15 4-12 5-13 6-14 7-15 3-7 8-12 9-13 4-6 9-11 12-14 2-3 10-11 12-13 14-15",1
490,24,0xF95783D426ACBE10,"0 1 14 11 12 10 6 2 4 13 3 8 7 5 9 15",parallel_methods,13,"12-14 5-13 8-12 4-12 9-13 8-9 10-11 3-11 8-10 6-14 6-7 2-6 6-14",13,"12-14 2-6 5-13 6-14 6-7 2-6 8-12 4-12 9-13 8-9 10-11 3-11 8-10",13,"5-13 12-13 8-12 4-12 9-13 9-11 3-11 3-7 2-10 2-3 10-14 8-10 8-9",37,"4-5 10-11 12-13 14-15 9-11 12-14 13-15 2-3 4-5 8-9 14-15 2-6 3-7 8-12 9-13 4-6 9-11 12-14 13-15 2-3 4-5 10-11 14-15 4-12 5-13 6-14 7-15 3-7 8-12 9-13 4-6 8-10 9-11 12-14 6-7 8-9 14-15",1
491,28,0x1F742C965DBE8A30,"0 3 10 8 14 11 13 5 6 9 12 2 4 7 15 1",parallel_methods,17,"4-12 3-11 5-7 8-10 2-10 13-15 7-15 11-15 14-15 12-14 8-12 2-6 2-3 1-3 5-13 1-5 5-13",17,"4-12 1-3 5-7 13-15 7-15 8-10 2-10 11-15 14-15 6-14 2-6 12-14 1-9 8-9 9-13 1-9 12-13",17,"5-13 5-7 4-12 13-15 3-11 11-15 14-15 8-10 10-14 6-14 12-14 12-13 8-12 8-10 2-10 2-3 1-3",37,"4-5 4-6 9-11 12-14 2-3 4-5 8-9 10-11 3-7 8-12 9-13 4-6 5-7 9-11 12-14 2-3 4-5 6-7 12-13 3-11 4-12 5-13 6-14 7-15 2-6 3-7 8-12 9-13 1-3 4-6 8-10 9-11 12-14 4-5 8-9 12-13 14-15",1
492,36,0x9CE2104B37AD85F6,"6 15 5 8 13 10 7 3 11 4 0 1 2 14 12 9",parallel_methods,19,"4-12 0-4 1-3 1-9 1-5 3-11 1-3 2-3 2-10 0-2 3-7 8-9 11-15 9-11 12-13 12-14 6-7 4-6 4-5",19,"0-2 8-9 1-3 0-1 0-8 1-5 2-6 3-11 1-3 2-3 2-10 3-7 4-12 0-4 0-2 11-15 9-11 12-13 12-14",19,"8-9 8-12 4-12 12-13 12-14 2-3 3-7 5-7 6-7 9-11 1-9 0-2 2-6 2-10 9-11 11-15 9-11 0-8 0-2",43,"2-3 4-5 8-9 10-11 1-3 8-10 9-11 12-14 0-1 4-5 8-9 12-13 14-15 2-6 3-7 8-12 9-13 10-14 1-3 4-6 12-14 13-15 0-1 2-3 10-11 14-15 4-12 5-13 6-14 7-15 1-5 2-6 3-7 8-12 9-13 0-2 1-3 9-11 12-14 0-1 2-3 10-11 12-13",1
493,36,0x5702A96E1F843DCB,"11 12 13 3 4 8 15 1 14 6 9 10 2 0 7 5",parallel_methods,19,"1-9 0-2 1-5 0-1 5-7 1-5 6-7 7-15 8-12 8-10 2-10 9-13 8-9 0-8 10-11 12-14 12-13 5-13 5-7",19,"0-1 14-15 1-9 1-5 5-7 6-7 7-15 8-12 0-8 0-2 0-1 1-5 10-11 9-11 12-14 12-13 5-13 8-12 0-8",19,"8-12 0-8 0-2 8-10 10-11 5-13 9-13 8-9 6-14 1-5 5-13 5-7 6-7 14-15 12-14 0-1 1-5 12-13 5-13",41,"8-9 10-11 12-13 1-3 4-6 9-11 12-14 13-15 0-1 2-3 14-15 1-5 2-6 3-7 8-12 1-3 4-6 8-10 9-11 0-1 4-5 6-7 8-9 10-11 3-11 4-12 5-13 6-14 7-15 2-6 3-7 8-12 1-3 4-6 8-10 9-11 12-14 0-1 8-9 10-11 12-13",1
494,34,0x10E27B9643CDA85F,"15 5 8 10 13 12 3 4 6 9 11 7 2 14 0 1",parallel_methods,18,"0-2 0-8 13-15 3-11 4-5 4-12 5-13 1-5 6-7 3-7 4-6 2-6 6-14 10-11 14-15 0-4 4-6 0-4",18,"0-1 11-15 3-11 1-3 4-12 0-4 0-2 0-8 4-5 6-7 3-7 7-15 10-11 12-13 12-14 4-12 0-4 4-6",18,"3-11 10-11 6-7 3-7 13-15 5-13 1-5 8-12 0-8 0-2 12-14 8-12 0-8 6-14 12-14 14-15 4-12 12-13",38,"0-1 2-3 4-5 6-7 14-15 1-3 9-11 4-5 10-11 12-13 2-6 3-7 8-12 0-2 1-3 4-6 9-11 0-1 3-11 4-12 5-13 6-14 7-15 1-5 2-6 3-7 8-12 0-2 1-3 4-6 8-10 9-11 12-14 0-1 2-3 4-5 8-9 12-13",1
495,30,0xBAE67C8F3409D125,"5 2 1 13 9 0 4 3 15 8 12 7 6 14 10 11",parallel_methods,15,"0-1 0-2 1-5 0-1 3-7 4-12 4-6 8-9 10-14 11-15 7-15 12-13 9-13 12-14 13-15",15,"0-1 0-2 1-5 0-1 3-7 4-12 4-6 8-9 10-14 11-15 7-15 12-13 9-13 12-14 13-15",15,"0-1 0-2 1-5 0-1 4-12 4-6 8-9 3-11 3-7 9-11 11-15 12-13 9-13 10-14 12-14",39,"0-1 2-3 4-5 8-9 14-15 1-3 4-6 9-11 12-14 0-1 2-3 4-5 6-7 8-9 12-13 14-15 2-6 3-7 8-12 9-13 1-3 4-6 9-11 12-14 0-1 2-3 4-5 8-9 6-14 7-15 8-12 9-13 10-14 8-10 12-14 13-15 6-7 8-9 14-15",1
496,36,0xDB2F4783A6E0C159,"9 5 1 12 0 14 6 10 3 8 7 4 15 2 11 13",parallel_methods,19,"2-3 2-10 5-13 1-5 1-3 2-3 3-7 10-14 10-11 8-10 0-8 0-4 8-9 12-13 12-14 13-15 2-10 2-3 2-10",19,"0-1 0-4 2-3 2-10 4-5 8-9 10-14 9-11 9-13 1-9 1-3 2-3 3-7 3-11 10-11 12-13 4-12 12-14 13-15",19,"0-8 8-9 5-13 12-13 13-15 1-5 0-2 0-1 10-11 3-11 3-7 2-3 2-10 0-2 0-4 11-15 14-15 12-14 11-15",43,"0-1 2-3 6-7 12-13 14-15 1-3 4-6 9-11 12-14 0-1 2-3 4-5 6-7 12-13 14-15 2-6 3-7 8-12 9-13 10-14 1-3 4-6 12-14 0-1 2-3 6-7 4-12 5-13 6-14 7-15 2-6 3-7 8-12 9-13 4-6 9-11 12-14 2-3 4-5 6-7 8-9 10-11 14-15",1
497,36,0x60485FE1A92D73BC,"12 11 3 7 13 2 9 10 1 14 15 5 8 4 0 6",parallel_methods,18,"10-14 3-7 2-3 2-10 4-5 0-4 0-2 8-9 1-9 8-12 9-11 14-15 6-14 12-14 12-13 4-12 9-13 5-13",18,"10-14 3-7 2-3 2-10 4-5 0-4 0-2 8-9 1-9 8-12 9-11 14-15 6-14 12-14 12-13 4-12 9-13 5-13",18,"7-15 6-7 5-7 3-7 2-3 8-9 1-9 9-11 5-13 9-13 4-5 5-13 10-14 14-15 8-10 10-14 0-8 8-12",50,"0-1 2-3 4-5 6-7 12-13 14-15 0-2 1-3 4-6 9-11 12-14 0-1 4-5 6-7 10-11 12-13 2-6 3-7 8-12 9-13 1-3 4-6 8-10 9-11 12-14 0-1 2-3 4-5 6-7 8-9 12-13 3-11 4-12 5-13 6-14 7-15 2-6 3-7 8-12 9-13 0-2 1-3 8-10 9-11 12-14 13-15 0-1 4-5 6-7 14-15",1
498,30,0xEC29D704AF53B681,"1 8 6 11 3 5 15 10 4 0 7 13 9 2 12 14",parallel_methods,17,"0-1 0-8 0-4 6-7 2-6 12-13 12-14 10-14 2-10 14-15 7-15 9-11 3-11 9-13 2-3 0-2 2-3",17,"0-1 0-8 0-4 6-7 2-6 12-13 12-14 10-14 2-10 14-15 7-15 8-9 0-8 8-9 9-11 3-11 9-13",17,"12-13 12-14 6-7 6-14 10-14 14-15 7-15 2-6 9-11 9-13 0-1 0-8 0-4 3-11 1-3 0-1 1-3",43,"2-3 8-9 10-11 12-13 14-15 1-3 4-6 5-7 12-14 13-15 2-3 6-7 10-11 14-15 2-6 3-7 8-12 9-13 10-14 1-3 4-6 9-11 12-14 6-7 10-11 14-15 4-12 5-13 6-14 7-15 2-6 3-7 8-12 9-13 10-14 1-3 4-6 9-11 12-14 0-1 4-5 6-7 10-11",1
499,32,0x608CE2D19BA457F3,"3 15 7 5 4 10 11 9 1 13 2 14 12 8 0 6",parallel_methods,17,"1-3 1-5 0-1 0-8 2-6 2-10 3-7 1-3 7-15 6-7 9-13 10-11 10-14 8-10 8-9 1-9 0-1",17,"0-1 0-8 1-3 1-5 0-1 7-15 6-14 2-6 0-2 2-10 6-7 9-13 8-9 11-15 9-11 14-15 11-15",17,"1-5 5-7 7-15 2-6 6-7 2-10 10-11 10-14 0-1 1-3 0-8 8-10 9-13 1-5 8-9 1-9 0-1",39,"10-11 12-13 14-15 1-3 4-6 9-11 6-7 10-11 12-13 3-7 8-12 9-13 1-3 4-6 8-10 9-11 12-14 2-3 8-9 4-12 5-13 6-14 7-15 1-5 2-6 3-7 8-12 9-13 10-14 0-2 1-3 4-6 9-11 12-14 0-1 2-3 4-5 8-9 10-11",1
500,24,0x34D850C1FEB6729A,"10 9 2 7 6 11 14 15 1 12 0 5 8 13 4 3",parallel_methods,13,"11-15 6-14 4-6 7-15 5-7 3-7 3-11 8-9 1-9 8-12 8-10 0-8 8-10",13,"0-2 2-10 0-2 6-14 4-6 11-15 7-15 5-7 3-7 3-11 8-9 1-9 8-12",13,"6-14 4-6 11-15 7-15 5-7 3-7 3-11 8-9 8-12 2-10 0-2 2-10 1-9",45,"0-1 2-3 6-7 10-11 0-2 1-3 4-6 5-7 9-11 0-1 6-7 8-9 12-13 3-7 8-12 9-13 1-3 4-6 5-7 9-11 12-14 13-15 2-3 4-5 6-7 10-11 14-15 3-11 4-12 5-13 6-14 7-15 1-5 2-6 3-7 8-12 9-13 0-2 1-3 5-7 8-10 9-11 0-1 6-7 12-13",1
501,32,0x6397CFEBD045A821,"1 2 8 10 5 4 0 13 11 14 15 12 7 9 3 6",parallel_methods,18,"0-1 0-2 4-5 14-15 9-13 11-15 3-11 12-13 13-15 7-15 6-14 10-14 8-10 0-8 10-11 12-14 12-13 13-15",18,"0-1 0-2 4-5 7-15 9-13 10-11 8-10 13-15 14-15 11-15 3-11 10-11 12-14 6-14 6-7 12-14 8-12 0-8",18,"4-5 10-11 10-14 12-14 9-13 0-1 2-10 8-10 2-3 14-15 7-15 13-15 2-6 0-2 6-14 10-14 14-15 11-15",34,"2-3 4-5 6-7 14-15 4-6 9-11 2-3 10-11 12-13 2-6 3-7 1-3 4-6 8-10 9-11 0-1 2-3 4-5 6-7 8-9 10-11 5-13 6-14 7-15 3-7 8-12 9-13 10-14 5-7 12-14 13-15 4-5 8-9 14-15",1
502,36,0x01D39FEA78B24C56,"6 5 12 4 2 11 8 7 10 14 15 9 3 13 1 0",parallel_methods,19,"0-2 0-4 1-5 10-14 4-12 8-10 8-9 1-9 9-11 14-15 6-14 4-6 2-6 2-3 0-2 0-4 12-14 8-12 12-14",19,"0-2 0-4 0-2 1-5 1-3 4-12 0-4 0-1 4-6 0-4 9-11 10-11 10-14 8-10 0-8 11-15 3-11 1-3 0-1",19,"9-11 1-5 10-11 10-14 2-10 8-10 8-12 11-15 2-3 1-3 0-2 0-4 2-6 3-11 0-8 0-2 2-3 0-8 0-2",41,"0-1 1-3 4-6 9-11 0-1 2-3 4-5 6-7 8-9 10-11 12-13 3-7 8-12 1-3 4-6 8-10 9-11 0-1 2-3 8-9 5-13 6-14 7-15 1-5 2-6 3-7 8-12 9-13 10-14 0-2 1-3 4-6 12-14 13-15 0-1 4-5 6-7 8-9 10-11 12-13 14-15",1
503,30,0xBD9C0F42781AE536,"6 3 5 14 10 1 8 7 2 4 15 0 12 9 13 11",parallel_methods,17,"3-11 0-4 0-8 0-2 1-3 0-1 1-5 4-6 11-15 14-15 8-10 8-9 9-13 13-15 0-8 0-4 0-8",17,"4-6 0-4 0-8 2-3 1-3 1-5 2-6 9-13 10-11 2-10 0-2 11-15 4-6 4-12 12-14 12-13 4-12",17,"2-3 1-3 1-5 10-11 11-15 2-10 0-2 2-6 10-14 8-10 8-9 9-13 8-12 4-12 8-12 2-10 8-10",45,"0-1 2-3 4-5 12-13 1-3 4-6 9-11 12-14 2-3 4-5 6-7 8-9 10-11 14-15 3-7 8-12 9-13 10-14 1-3 4-6 9-11 12-14 13-15 0-1 2-3 8-9 10-11 12-13 14-15 5-13 6-14 7-15 2-6 3-7 8-12 9-13 10-14 1-3 4-6 12-14 0-1 4-5 6-7 8-9 14-15",1
504,30,0x145D20A8B37ECF96,"6 9 15 12 14 7 3 11 8 10 0 2 13 5 4 1",parallel_methods,17,"3-7 2-10 0-2 2-6 5-7 5-13 10-11 11-15 9-11 1-9 12-13 10-11 3-11 2-3 12-14 4-12 12-14",17,"3-7 5-7 2-10 0-2 2-6 5-13 10-11 11-15 9-11 1-9 12-13 4-6 2-3 2-10 6-14 4-6 10-11",17,"2-10 10-11 11-15 9-11 1-9 3-7 5-7 5-13 12-13 0-2 6-14 4-6 6-14 2-6 2-3 2-10 10-11",41,"4-5 6-7 10-11 12-13 4-6 8-10 9-11 2-3 4-5 8-9 12-13 2-6 3-7 8-12 9-13 1-3 4-6 9-11 12-14 0-1 4-5 14-15 3-11 4-12 5-13 6-14 7-15 1-5 2-6 3-7 8-12 0-2 1-3 5-7 8-10 9-11 0-1 2-3 6-7 10-11 12-13",1
505,34,0xA36ED0CB27F14589,"9 8 5 4 1 15 7 2 11 12 0 13 14 6 3 10",parallel_methods,19,"3-7 2-3 5-7 4-5 8-10 0-8 8-9 14-15 11-15 13-15 7-15 6-7 1-3 1-5 3-11 10-11 8-10 10-14 12-14",19,"3-7 2-3 5-7 4-5 8-10 0-8 8-9 11-15 10-11 13-15 7-15 6-7 0-1 12-14 8-12 0-8 0-1 1-3 1-5",19,"11-15 8-10 10-11 5-13 13-15 3-7 5-7 6-7 0-8 4-5 8-9 12-14 8-12 0-1 0-8 0-2 2-3 0-1 1-5",45,"0-1 10-11 12-13 14-15 0-2 1-3 4-6 9-11 12-14 0-1 4-5 6-7 8-9 10-11 12-13 2-6 3-7 8-12 0-2 1-3 4-6 9-11 12-14 0-1 4-5 6-7 12-13 14-15 5-13 6-14 7-15 2-6 3-7 8-12 9-13 10-14 1-3 4-6 5-7 8-10 12-14 0-1 2-3 6-7 8-9",1
506,34,0xF5E34C6128D9BA70,"0 7 10 11 9 13 8 2 1 6 12 4 3 14 5 15",parallel_methods,18,"3-11 1-3 3-7 12-13 5-13 1-5 8-9 8-10 2-10 2-6 12-14 4-12 4-5 8-12 2-3 1-3 1-9 8-9",18,"0-4 0-8 3-11 1-3 0-1 0-4 3-7 12-14 6-14 8-9 8-10 2-10 2-6 2-3 12-13 5-13 12-14 8-12",18,"12-13 6-14 10-14 12-14 3-11 5-13 8-9 8-10 3-7 5-7 4-5 1-5 1-9 2-10 2-3 3-7 6-7 5-7",40,"2-3 14-15 9-11 12-14 2-3 4-5 10-11 14-15 2-6 3-7 8-12 9-13 1-3 4-6 12-14 2-3 4-5 6-7 10-11 14-15 3-11 4-12 5-13 6-14 7-15 2-6 3-7 8-12 9-13 10-14 1-3 9-11 12-14 13-15 2-3 4-5 6-7 8-9 10-11 14-15",1
507,28,0x2F01BCA8ED697354,"4 5 3 7 9 6 13 14 8 10 12 11 1 0 15 2",parallel_methods,16,"4-5 4-6 7-15 3-7 2-3 5-13 4-5 0-4 14-15 8-9 8-10 8-12 8-9 1-5 1-9 9-13",16,"4-5 12-13 4-6 4-12 0-4 5-13 1-5 7-15 3-7 2-3 14-15 9-13 8-10 12-13 8-12 8-10",16,"4-5 4-6 5-13 4-5 0-4 7-15 3-7 2-3 14-15 8-9 8-10 8-12 8-9 9-13 5-13 1-5",40,"2-3 4-5 6-7 12-13 1-3 4-6 5-7 12-14 13-15 0-1 2-3 6-7 10-11 14-15 3-7 8-12 4-6 5-7 9-11 4-5 6-7 5-13 6-14 7-15 1-5 2-6 3-7 8-12 9-13 0-2 1-3 4-6 12-14 0-1 2-3 4-5 6-7 10-11 12-13 14-15",1
508,26,0xF8E179A032D456CB,"11 12 6 5 4 13 2 3 0 10 9 7 1 14 8 15",parallel_methods,14,"0-1 0-8 1-3 2-6 3-11 3-7 12-13 5-13 1-5 12-14 8-12 10-11 9-11 10-11",14,"0-1 10-14 0-8 1-3 2-6 3-11 3-7 12-13 5-13 1-5 12-14 8-12 8-9 8-10",14,"2-6 12-13 12-14 0-1 0-8 8-12 5-13 1-3 1-5 9-11 10-11 9-11 3-11 3-7",40,"6-7 14-15 0-2 1-3 9-11 12-14 0-1 4-5 14-15 1-5 2-6 3-7 8-12 9-13 0-2 1-3 4-6 12-14 0-1 2-3 4-5 6-7 10-11 14-15 5-13 6-14 7-15 2-6 3-7 8-12 9-13 0-2 1-3 4-6 5-7 9-11 12-14 13-15 0-1 14-15",1
509,24,0x74F6B58AE9D132C0,"0 12 2 3 1 13 9 14 10 8 5 11 6 15 4 7",parallel_methods,13,"6-7 12-14 6-14 7-15 8-10 8-9 13-15 9-13 5-13 0-1 0-4 0-1 4-12",13,"0-1 0-4 0-1 4-12 6-7 6-14 4-6 7-15 8-10 8-9 13-15 9-13 5-13",13,"12-14 6-7 6-14 8-10 8-9 7-15 1-5 4-5 4-12 1-9 1-5 13-15 9-13",37,"2-3 6-7 8-9 10-11 14-15 1-3 4-6 9-11 12-14 6-7 8-9 10-11 12-13 3-7 8-12 1-3 4-6 5-7 9-11 12-14 2-3 6-7 12-13 4-12 5-13 6-14 7-15 8-12 4-6 5-7 9-11 12-14 4-5 6-7 8-9 12-13 14-15",1
510,30,0x1AD780962B4F3EC5,"5 12 14 3 15 4 11 2 6 9 0 8 7 13 10 1",parallel_methods,17,"0-1 0-8 2-6 2-10 0-2 10-11 4-6 4-12 4-5 6-7 2-6 7-15 5-7 1-5 12-14 8-12 8-10",17,"0-1 0-8 2-10 0-2 10-14 4-12 4-5 6-7 2-6 7-15 5-7 1-5 8-12 8-9 9-11 8-9 11-15",17,"8-10 2-10 6-7 2-6 4-12 4-5 7-15 5-7 0-1 1-5 10-14 0-8 8-12 8-9 9-11 11-15 8-9",41,"4-5 10-11 1-3 4-6 9-11 12-14 0-1 2-3 4-5 8-9 12-13 2-6 3-7 8-12 9-13 1-3 4-6 12-14 0-1 4-5 6-7 10-11 14-15 4-12 5-13 6-14 7-15 2-6 3-7 8-12 0-2 1-3 4-6 5-7 8-10 9-11 0-1 6-7 8-9 10-11 12-13",1
511,36,0x94072FEC51BD8A63,"3 6 10 8 13 11 1 5 12 14 15 2 7 0 4 9",parallel_methods,20,"0-1 12-13 3-11 4-12 0-4 5-7 10-11 13-15 7-15 9-13 11-15 12-13 2-6 2-3 1-3 6-14 4-6 10-14 12-14 8-12",20,"0-1 1-3 4-12 10-11 2-10 5-13 4-5 0-4 4-6 5-7 9-13 11-15 9-11 12-13 12-14 4-12 0-1 8-12 0-8 0-1",20,"12-14 4-12 10-11 11-15 12-13 8-12 9-11 1-5 5-7 1-3 0-1 0-8 6-7 3-11 3-7 1-3 2-10 6-14 6-7 6-14",44,"4-5 6-7 12-13 14-15 9-11 12-14 2-3 4-5 8-9 10-11 14-15 2-6 3-7 8-12 1-3 4-6 5-7 8-10 9-11 12-14 0-1 6-7 8-9 10-11 12-13 4-12 5-13 6-14 7-15 2-6 3-7 8-12 9-13 10-14 1-3 4-6 9-11 12-14 13-15 0-1 4-5 6-7 10-11 14-15",1
512,32,0x69F8DEC52BA04317,"7 1 3 4 0 10 11 2 5 12 14 13 8 15 9 6",parallel_methods,18,"0-4 2-3 4-5 6-7 2-6 4-6 8-9 8-12 14-15 6-14 10-14 9-11 11-15 7-15 5-7 9-13 9-11 11-15",18,"0-4 2-3 4-5 6-7 2-6 4-6 8-9 8-12 14-15 6-14 10-14 11-15 13-15 9-11 3-7 3-11 3-7 5-7",18,"6-7 7-15 11-15 13-15 2-3 10-14 0-2 2-6 6-7 8-9 8-12 1-9 1-5 1-9 9-11 10-11 9-11 0-4",32,"0-1 2-3 1-3 4-6 12-14 6-7 10-11 12-13 2-6 3-7 8-12 1-3 4-6 5-7 9-11 12-14 0-1 6-7 12-13 14-15 6-14 7-15 8-12 9-13 10-14 11-15 5-7 12-14 13-15 8-9 12-13 14-15",1
513,34,0xD8B174A29FE5036C,"12 6 3 0 5 14 15 9 2 10 4 7 1 11 8 13",parallel_methods,17,"0-8 13-15 2-3 0-2 5-7 1-5 4-5 6-7 8-12 8-9 1-9 10-14 6-14 4-6 8-10 11-15 7-15",17,"0-8 10-14 2-3 0-2 5-7 1-5 4-5 6-7 6-14 4-6 8-12 8-9 1-9 8-10 13-15 11-15 7-15",17,"2-3 0-8 0-2 8-12 8-9 10-14 8-10 5-7 1-5 4-5 6-14 4-6 1-9 13-15 11-15 7-15 14-15",35,"0-1 10-11 14-15 0-2 1-3 4-6 9-11 12-14 0-1 6-7 14-15 3-7 8-12 9-13 10-14 4-6 5-7 12-14 2-3 6-7 10-11 4-12 5-13 6-14 7-15 2-6 3-7 8-12 1-3 4-6 9-11 4-5 6-7 8-9 12-13",1
514,30,0x721BAE4D350F968C,"12 8 6 9 15 0 5 3 13 4 14 10 11 1 2 7",parallel_methods,17,"4-6 4-5 0-4 6-14 2-6 9-13 1-9 8-9 12-13 4-12 3-7 7-15 13-15 9-13 14-15 10-14 10-11",17,"4-6 4-5 0-4 6-14 2-6 10-11 3-7 7-15 8-9 8-12 4-12 9-13 1-9 8-9 11-15 9-11 14-15",17,"4-6 6-14 2-6 4-5 8-9 0-8 0-4 9-13 10-14 10-11 1-9 8-12 8-9 11-15 3-11 9-11 3-7",45,"0-1 2-3 4-5 8-9 12-13 14-15 1-3 4-6 9-11 12-14 0-1 4-5 6-7 10-11 12-13 14-15 1-5 2-6 3-7 8-12 0-2 1-3 4-6 8-10 9-11 0-1 2-3 4-5 6-7 8-9 12-13 4-12 5-13 6-14 7-15 2-6 3-7 8-12 9-13 1-3 4-6 12-14 4-5 6-7 10-11",1
515,36,0x07BFE64A2C135D89,"9 8 13 5 3 1 12 2 10 4 6 14 15 11 7 0",parallel_methods,18,"0-1 1-9 1-5 4-5 3-7 2-3 5-7 3-7 14-15 7-15 10-14 6-14 8-10 0-8 12-14 13-15 11-15 14-15",18,"0-1 1-9 1-5 4-5 3-7 2-3 5-7 3-7 14-15 7-15 10-14 6-14 8-10 0-8 12-14 13-15 11-15 14-15",18,"13-15 11-15 6-14 12-14 14-15 2-10 8-10 1-9 8-9 9-13 0-1 1-9 0-4 0-1 1-3 1-5 6-7 2-6",44,"0-1 4-5 8-9 10-11 12-13 1-3 4-6 9-11 0-1 2-3 6-7 10-11 12-13 1-5 2-6 3-7 8-12 9-13 0-2 1-3 4-6 9-11 12-14 0-1 2-3 4-5 10-11 4-12 5-13 6-14 7-15 3-7 8-12 9-13 1-3 4-6 5-7 12-14 13-15 0-1 2-3 6-7 10-11 14-15",1
516,34,0xBA3F4E512689C70D,"13 0 7 12 9 8 6 2 1 5 14 4 15 3 10 11",parallel_methods,18,"0-1 1-5 1-9 10-14 3-7 2-3 8-9 11-15 13-15 7-15 3-7 12-13 4-12 13-15 12-13 5-13 1-5 1-9",18,"0-1 12-14 1-5 1-9 3-7 2-3 5-13 5-7 3-7 4-5 1-5 8-9 1-9 11-15 14-15 12-14 4-12 10-14",18,"10-14 4-5 0-4 0-8 0-1 9-13 5-13 9-11 9-13 12-13 4-12 3-11 11-15 13-15 12-13 2-3 3-7 2-3",38,"0-1 2-3 4-5 12-13 14-15 1-3 9-11 12-14 4-5 10-11 12-13 14-15 2-6 3-7 8-12 9-13 10-14 1-3 9-11 12-14 4-5 10-11 14-15 4-12 5-13 6-14 7-15 2-6 3-7 8-12 9-13 1-3 12-14 13-15 2-3 4-5 10-11 14-15",1
517,36,0x56E32C7840AF91DB,"11 13 1 9 15 10 0 4 8 7 12 2 3 14 6 5",parallel_methods,19,"0-2 12-13 1-9 3-11 2-3 4-5 4-6 5-7 6-14 7-15 9-13 9-11 3-11 10-14 12-14 4-5 1-5 0-1 5-7",19,"0-1 1-3 1-9 4-12 12-13 3-11 2-3 1-3 4-5 4-6 0-4 5-7 3-7 4-5 6-14 10-14 12-14 13-15 5-13",19,"3-11 9-11 0-2 2-3 3-11 4-5 4-6 6-14 10-14 12-13 5-13 5-7 3-7 12-14 0-4 4-5 13-15 1-5 5-13",41,"2-3 4-5 6-7 8-9 0-2 1-3 9-11 12-14 0-1 4-5 8-9 10-11 12-13 14-15 2-6 3-7 8-12 1-3 4-6 9-11 12-14 0-1 4-5 6-7 12-13 14-15 3-11 4-12 5-13 6-14 7-15 2-6 3-7 8-12 9-13 4-6 8-10 9-11 12-14 2-3 12-13",1
518,30,0xAFE09B31D26C8547,"7 4 5 8 12 6 2 13 1 3 11 9 0 14 15 10",parallel_methods,16,"9-11 5-7 2-3 0-2 0-8 0-1 2-6 4-12 0-4 6-7 3-11 11-15 10-11 13-15 5-13 14-15",16,"9-11 2-3 0-2 0-8 0-1 2-6 3-7 3-11 4-12 0-4 5-7 6-7 11-15 10-11 13-15 14-15",16,"4-12 2-3 0-2 0-8 0-1 0-4 2-6 5-7 6-7 9-11 3-11 11-15 13-15 5-13 10-11 14-15",42,"0-1 2-3 4-5 6-7 1-3 4-6 12-14 2-3 10-11 14-15 2-6 3-7 8-12 9-13 10-14 1-3 4-6 5-7 12-14 0-1 2-3 6-7 10-11 5-13 6-14 7-15 1-5 2-6 3-7 8-12 9-13 0-2 1-3 4-6 12-14 13-15 0-1 4-5 6-7 8-9 10-11 14-15",1
519,24,0xBD89F641C75E2A30,"0 3 10 2 14 5 7 12 1 4 6 15 9 8 13 11",parallel_methods,14,"11-15 6-7 4-6 9-13 8-9 12-14 10-14 6-14 12-13 4-12 2-10 2-3 1-3 1-9",14,"2-10 6-7 12-13 9-13 11-15 8-12 4-6 12-14 6-14 2-6 2-3 1-3 12-13 4-12",14,"11-15 6-7 12-14 12-13 8-9 8-12 4-12 10-14 6-14 2-10 2-3 1-3 1-9 12-14",42,"4-5 6-7 10-11 12-13 1-3 4-6 12-14 13-15 2-3 4-5 6-7 10-11 14-15 3-7 8-12 9-13 10-14 4-6 5-7 9-11 12-14 13-15 6-7 8-9 10-11 12-13 14-15 5-13 6-14 7-15 3-7 8-12 9-13 1-3 4-6 5-7 9-11 12-14 2-3 6-7 10-11 14-15",1
520,34,0x1AEC47BFD3082569,"9 6 5 2 8 0 3 13 15 11 7 4 12 14 10 1",parallel_methods,17,"0-1 0-2 0-4 2-6 2-3 4-5 10-11 8-10 0-8 0-4 10-14 11-15 7-15 9-11 1-9 13-15 14-15",17,"0-1 0-2 0-4 2-6 2-3 4-5 10-11 8-10 0-8 0-4 10-14 11-15 7-15 9-11 1-9 13-15 14-15",17,"2-6 2-3 10-14 13-15 14-15 9-11 7-15 8-9 9-13 13-15 0-1 0-4 0-8 4-6 4-5 0-4 1-9",41,"0-1 4-5 6-7 8-9 0-2 1-3 4-6 8-10 9-11 0-1 6-7 8-9 12-13 2-6 3-7 8-12 9-13 1-3 4-6 9-11 12-14 0-1 6-7 8-9 10-11 5-13 6-14 7-15 3-7 8-12 9-13 10-14 1-3 4-6 5-7 8-10 12-14 13-15 2-3 8-9 14-15",1
521,28,0xCF90582D741A6EB3,"3 11 14 6 10 1 4 7 13 2 8 5 0 9 15 12",parallel_methods,15,"4-12 8-9 8-10 2-10 9-13 14-15 12-14 10-14 1-3 0-1 0-4 3-11 1-3 1-5 4-6",15,"4-12 14-15 1-3 0-1 0-4 3-11 1-3 1-5 4-6 8-9 8-10 2-10 9-13 12-14 10-14",15,"14-15 8-9 8-10 2-10 4-12 12-14 10-14 1-3 3-11 0-1 1-3 1-5 9-13 0-4 4-6",39,"4-5 6-7 8-9 1-3 4-6 9-11 12-14 13-15 2-3 4-5 6-7 14-15 2-6 3-7 8-12 9-13 10-14 1-3 9-11 12-14 0-1 4-5 10-11 5-13 6-14 7-15 2-6 3-7 8-12 9-13 10-14 1-3 4-6 9-11 12-14 0-1 6-7 10-11 14-15",1
522,36,0x87936E2D5C104BAF,"15 10 11 4 0 1 12 5 13 2 14 6 3 9 7 8",parallel_methods,18,"0-1 8-9 0-8 1-5 2-3 0-2 0-4 3-11 5-7 6-14 9-13 12-14 14-15 7-15 3-7 6-7 10-14 8-10",18,"0-1 11-15 1-5 2-3 0-2 0-4 5-7 6-14 7-15 6-7 8-9 9-13 12-14 10-14 10-11 3-11 8-10 2-10",18,"11-15 9-11 8-9 9-13 0-4 1-3 1-5 4-5 5-7 14-15 7-15 6-14 12-14 10-14 3-11 2-3 10-11 3-11",44,"0-1 8-9 14-15 1-3 4-6 5-7 9-11 12-14 0-1 6-7 10-11 12-13 14-15 1-5 2-6 3-7 8-12 9-13 0-2 1-3 4-6 8-10 9-11 12-14 0-1 4-5 8-9 14-15 4-12 5-13 6-14 7-15 2-6 3-7 8-12 9-13 4-6 5-7 8-10 9-11 12-14 2-3 6-7 8-9",1
523,40,0xA3125F7DE96B48C0,"0 12 8 4 11 6 9 14 13 7 15 5 2 1 3 10",parallel_methods,20,"1-9 8-12 4-5 1-5 9-13 1-9 10-14 2-10 2-3 2-6 4-6 8-10 2-10 11-15 7-15 5-7 10-11 9-11 12-13 14-15",20,"1-9 11-15 4-5 1-5 7-15 5-7 8-9 8-12 9-13 1-9 10-14 2-10 2-3 2-6 4-6 8-10 2-10 10-11 9-11 14-15",22,"14-15 10-14 7-15 14-15 3-7 5-7 6-7 4-5 1-9 1-5 5-7 8-9 5-13 9-13 8-12 8-10 2-10 8-10 1-3 3-11 1-3 1-5",38,"4-5 6-7 8-9 12-13 14-15 1-3 4-6 9-11 12-14 13-15 6-7 8-9 10-11 14-15 3-7 8-12 4-6 8-10 9-11 2-3 6-7 8-9 3-11 4-12 5-13 6-14 7-15 1-5 2-6 3-7 8-12 9-13 1-3 9-11 12-14 4-5 8-9 14-15",1
524,38,0xA47E5D6B892031FC,"12 15 1 3 0 2 9 8 11 6 13 5 14 7 4 10",parallel_methods,20,"12-14 1-5 5-13 6-7 5-7 8-9 0-8 0-2 0-1 2-6 0-2 11-15 10-11 9-11 13-15 5-13 9-13 8-12 0-8 0-4",20,"0-2 1-5 0-1 0-2 0-4 5-7 5-13 6-14 8-9 10-14 11-15 7-15 5-7 10-11 9-11 12-14 12-13 8-12 4-12 4-6",20,"0-4 12-14 4-12 9-11 11-15 7-15 6-7 13-15 7-15 10-11 1-9 9-11 11-15 9-13 1-5 0-2 0-1 0-2 8-9 9-11",36,"2-3 8-9 12-13 14-15 0-2 1-3 4-6 5-7 9-11 12-14 0-1 6-7 8-9 10-11 12-13 2-6 3-7 8-12 9-13 1-3 9-11 12-14 0-1 4-5 4-12 5-13 6-14 7-15 8-12 9-13 4-6 5-7 12-14 4-5 6-7 10-11",1
525,24,0xFE19A3DB6472C805,"5 0 8 12 2 7 4 6 11 13 3 10 9 1 14 15",parallel_methods,13,"0-1 2-10 2-3 4-6 2-6 8-10 10-11 6-7 5-7 5-13 1-5 12-13 9-13",13,"0-1 3-7 2-10 2-3 4-6 2-6 5-7 5-13 1-5 8-10 10-11 12-13 9-13",13,"2-10 8-10 10-11 4-6 6-7 3-7 5-7 5-13 12-13 9-13 0-1 1-5 2-3",41,"0-1 2-3 6-7 10-11 12-13 14-15 4-6 8-10 9-11 12-14 13-15 2-3 4-5 6-7 8-9 14-15 2-6 3-7 8-12 9-13 1-3 12-14 4-5 10-11 12-13 6-14 7-15 2-6 3-7 8-12 9-13 10-14 1-3 4-6 5-7 8-10 12-14 13-15 2-3 12-13 14-15",1
526,32,0x54D3EB9F80A712C6,"6 12 2 1 7 10 0 8 15 9 11 14 3 13 4 5",parallel_methods,16,"10-11 4-5 0-4 4-6 7-15 5-7 8-12 0-8 0-1 0-4 1-3 12-14 4-12 14-15 10-14 8-10",16,"10-11 4-5 0-4 4-6 7-15 5-7 8-12 0-8 0-1 0-4 1-3 12-14 4-12 14-15 10-14 8-10",16,"5-7 7-15 11-15 10-11 4-5 5-7 4-12 8-12 12-14 14-15 0-4 0-1 1-3 4-6 0-4 4-12",36,"6-7 8-9 10-11 14-15 0-2 1-3 4-6 9-11 12-14 0-1 4-5 12-13 14-15 3-7 8-12 1-3 4-6 8-10 9-11 0-1 2-3 8-9 5-13 6-14 7-15 3-7 8-12 9-13 10-14 4-6 12-14 13-15 6-7 8-9 12-13 14-15",1
527,32,0xEC9A74F61DB20835,"5 3 8 0 2 11 13 1 6 15 4 7 10 9 12 14",parallel_methods,18,"9-13 12-14 2-10 8-10 10-14 6-14 14-15 13-15 0-1 0-2 0-4 1-5 1-3 3-11 3-7 0-2 0-1 1-3",18,"9-13 1-3 0-1 2-10 4-6 2-6 5-7 1-5 8-12 4-12 4-6 8-10 7-15 11-15 7-15 12-13 12-14 14-15",18,"1-3 0-1 5-7 1-5 2-10 8-12 8-10 4-6 2-6 4-12 4-6 12-14 14-15 11-15 7-15 11-15 9-13 13-15",42,"0-1 10-11 12-13 14-15 1-3 4-6 9-11 12-14 13-15 0-1 2-3 8-9 14-15 2-6 3-7 8-12 9-13 10-14 1-3 4-6 5-7 9-11 12-14 13-15 6-7 8-9 10-11 12-13 14-15 5-13 6-14 7-15 8-12 9-13 10-14 5-7 12-14 13-15 4-5 8-9 10-11 14-15",1
528,34,0x18702AB5F94DC3E6,"6 14 3 12 13 4 9 15 5 11 10 2 0 7 8 1",parallel_methods,17,"7-15 3-11 2-3 4-12 0-4 4-6 4-5 1-5 5-13 5-7 9-11 8-9 1-9 1-5 12-13 12-14 8-12",17,"13-15 7-15 3-11 2-3 4-12 0-4 4-6 4-5 1-5 5-13 9-11 8-9 1-9 1-5 12-13 12-14 8-12",17,"13-15 7-15 4-12 0-4 4-6 4-5 3-11 9-11 8-9 9-13 5-13 1-9 9-13 12-13 12-14 8-12 2-3",39,"2-3 4-5 6-7 1-3 4-6 9-11 12-14 0-1 6-7 8-9 14-15 2-6 3-7 8-12 9-13 1-3 4-6 8-10 9-11 2-3 6-7 8-9 12-13 3-11 4-12 5-13 6-14 7-15 1-5 2-6 3-7 0-2 1-3 8-10 9-11 0-1 2-3 4-5 10-11",1
529,30,0xCF93B02E6A18547D,"13 7 4 5 8 1 10 6 14 2 0 11 3 9 15 12",parallel_methods,16,"8-10 0-8 1-3 1-5 8-9 9-13 14-15 12-14 6-14 6-7 3-7 10-14 0-8 0-2 0-4 0-8",16,"0-1 0-2 0-4 2-6 1-9 1-3 1-5 2-10 6-7 8-12 0-8 0-2 2-3 9-13 14-15 12-14",16,"1-3 1-5 14-15 8-12 12-14 0-8 8-9 9-13 0-2 0-4 0-8 2-6 2-10 0-2 6-7 3-7",46,"0-1 2-3 4-5 8-9 10-11 0-2 1-3 4-6 9-11 12-14 13-15 0-1 6-7 8-9 14-15 2-6 3-7 8-12 9-13 1-3 4-6 9-11 12-14 13-15 0-1 2-3 10-11 14-15 5-13 6-14 7-15 1-5 2-6 3-7 8-12 9-13 10-14 1-3 4-6 12-14 13-15 0-1 4-5 6-7 8-9 14-15",1
530,34,0x456E27A9C03DFB81,"1 8 11 15 13 3 0 12 9 10 7 2 14 6 5 4",parallel_methods,18,"0-1 2-10 2-6 12-14 4-12 5-7 3-7 4-5 7-15 6-7 8-9 10-11 12-13 4-12 4-6 0-2 2-10 8-10",18,"0-1 9-11 2-10 2-6 5-7 3-7 4-5 5-13 7-15 5-7 6-7 8-9 0-8 0-2 10-11 12-14 4-12 4-5",18,"2-10 10-11 12-14 5-7 3-7 7-15 0-1 2-6 6-7 8-9 12-13 4-12 4-6 0-8 0-2 2-10 5-13 12-13",36,"2-3 4-5 6-7 12-13 4-6 8-10 9-11 2-3 4-5 8-9 12-13 2-6 3-7 8-12 1-3 4-6 9-11 12-14 0-1 12-13 14-15 3-11 4-12 5-13 6-14 7-15 3-7 8-12 4-6 8-10 9-11 12-14 2-3 8-9 10-11 12-13",1
531,30,0x2FCE3B71A48D0596,"6 9 5 0 13 8 4 10 1 7 11 3 14 12 15 2",parallel_methods,17,"0-2 1-9 1-3 0-1 1-5 3-7 3-11 10-11 14-15 12-14 4-12 4-6 2-6 12-13 1-9 8-9 1-9",17,"4-5 0-4 0-8 1-9 1-3 0-1 3-7 3-11 4-6 10-11 14-15 2-10 10-14 2-10 12-14 12-13 5-13",17,"1-9 1-3 3-7 3-11 10-11 14-15 0-2 0-1 4-5 4-6 6-14 2-6 12-14 8-12 12-13 5-13 1-5",39,"4-5 6-7 12-13 0-2 1-3 4-6 9-11 12-14 0-1 4-5 10-11 3-7 8-12 9-13 10-14 1-3 4-6 5-7 12-14 2-3 6-7 14-15 4-12 5-13 6-14 7-15 1-5 2-6 3-7 8-12 9-13 10-14 1-3 4-6 12-14 13-15 4-5 6-7 14-15",1
532,32,0x62A9D30BEFC75184,"4 8 1 5 7 12 15 14 11 0 3 13 9 10 2 6",parallel_methods,18,"1-9 4-5 6-7 6-14 7-15 8-9 9-11 12-13 9-13 4-12 0-4 0-2 0-1 2-10 3-7 2-3 2-6 5-7",18,"1-9 12-13 6-7 6-14 7-15 8-9 9-11 9-13 4-5 6-7 3-7 4-12 0-4 0-2 0-1 2-10 2-3 5-7",18,"1-9 8-9 9-11 12-13 9-13 6-7 7-15 4-5 4-12 0-4 0-2 0-1 2-10 3-7 5-7 2-3 6-14 2-6",38,"2-3 8-9 10-11 14-15 1-3 4-6 5-7 9-11 0-1 6-7 10-11 12-13 3-7 8-12 9-13 4-6 5-7 8-10 9-11 12-14 4-5 6-7 8-9 14-15 4-12 5-13 6-14 7-15 1-5 2-6 3-7 8-12 1-3 4-6 9-11 0-1 4-5 12-13",1
533,36,0x2BA0C965F1DE8374,"4 7 3 8 14 13 1 15 5 6 9 12 0 10 11 2",parallel_methods,18,"1-3 1-9 7-15 4-12 0-4 6-7 3-7 1-3 2-3 2-6 8-9 9-13 5-13 10-11 9-11 10-14 10-11 12-14",18,"1-3 1-9 10-11 4-12 0-4 7-15 6-7 3-7 1-3 2-3 2-6 8-9 9-13 5-13 9-11 10-14 10-11 12-14",18,"8-9 9-13 5-13 7-15 1-3 3-7 2-3 8-12 4-12 4-6 0-4 0-1 0-8 10-11 10-14 12-14 9-11 10-11",36,"2-3 4-5 6-7 10-11 1-3 4-6 12-14 0-1 2-3 10-11 14-15 3-7 8-12 9-13 1-3 4-6 5-7 9-11 0-1 2-3 4-5 6-7 8-9 10-11 12-13 4-12 5-13 6-14 7-15 2-6 3-7 8-12 1-3 4-6 9-11 0-1",1
534,36,0x73D4026EF5AB81C9,"9 12 1 8 11 10 5 15 14 6 2 0 4 13 3 7",parallel_methods,18,"4-6 1-5 4-5 1-9 0-1 0-2 2-6 2-3 2-10 4-12 7-15 8-10 9-11 1-9 0-1 10-14 10-11 3-11",18,"4-6 1-5 1-9 0-1 0-2 2-6 2-3 2-10 4-5 4-12 7-15 8-10 9-11 1-9 0-1 10-14 10-11 3-11",20,"0-1 0-4 4-12 7-15 3-11 2-3 0-2 1-9 2-10 10-11 8-10 10-14 1-5 1-3 2-3 2-10 2-3 4-5 4-6 4-5",44,"2-3 4-5 6-7 8-9 14-15 0-2 1-3 4-6 8-10 9-11 12-14 0-1 8-9 12-13 3-7 8-12 9-13 1-3 4-6 9-11 12-14 13-15 2-3 6-7 8-9 10-11 14-15 2-10 3-11 4-12 5-13 6-14 7-15 1-5 2-6 3-7 8-12 9-13 1-3 8-10 9-11 12-14 0-1 6-7",1
535,38,0x4BD378E6920A15CF,"15 12 5 1 10 0 2 9 6 14 8 7 3 13 11 4",parallel_methods,20,"0-1 0-4 0-2 1-3 3-7 3-11 14-15 8-10 2-10 2-6 9-11 11-15 12-14 4-12 14-15 7-15 3-7 1-5 0-1 1-5",20,"0-1 0-2 0-4 0-2 14-15 1-3 3-7 3-11 4-5 0-4 8-10 2-10 2-6 9-11 11-15 12-14 4-12 14-15 7-15 3-7",20,"4-12 8-12 8-10 1-5 0-1 2-6 1-3 4-6 4-5 4-12 3-7 3-11 9-11 14-15 11-15 7-15 6-7 3-7 6-14 4-6",38,"0-1 4-5 6-7 0-2 1-3 4-6 9-11 12-14 0-1 4-5 6-7 12-13 14-15 2-6 3-7 8-12 9-13 1-3 9-11 0-1 4-5 8-9 10-11 12-13 4-12 5-13 6-14 7-15 3-7 8-12 9-13 4-6 5-7 9-11 12-14 6-7 8-9 10-11",1
536,32,0xFA560BE748329C1D,"13 1 12 9 2 3 8 4 7 14 11 0 6 5 10 15",parallel_methods,18,"4-6 0-4 0-8 0-2 3-11 2-3 5-7 3-7 4-5 5-13 9-11 10-11 10-14 0-4 4-12 4-6 0-4 0-2",18,"10-11 0-8 0-2 0-4 2-6 0-2 4-12 6-7 4-6 8-9 8-10 0-8 10-14 9-13 1-3 1-9 1-5 1-3",18,"9-11 10-11 10-14 2-6 4-6 4-12 0-8 0-2 2-6 8-9 0-8 6-7 4-6 5-13 9-13 9-11 3-11 9-11",40,"0-1 12-13 14-15 1-3 4-6 5-7 9-11 12-14 13-15 6-7 8-9 14-15 1-5 2-6 3-7 8-12 9-13 1-3 9-11 12-14 12-13 14-15 4-12 5-13 6-14 7-15 3-7 8-12 9-13 1-3 4-6 5-7 12-14 13-15 0-1 2-3 4-5 6-7 10-11 14-15",1
537,28,0xF38D21BA7C65094E,"14 4 9 0 5 6 12 7 10 11 1 2 13 8 3 15",parallel_methods,15,"12-13 2-3 4-5 3-11 6-14 8-10 0-8 0-1 8-12 9-11 12-14 0-2 2-6 2-3 4-6",15,"4-5 2-3 8-10 0-8 0-1 0-2 3-11 6-14 2-6 2-3 4-6 9-11 12-13 8-12 12-14",15,"8-10 12-13 0-8 8-12 6-14 12-14 0-1 4-5 2-3 0-2 2-6 3-11 2-3 4-6 9-11",39,"0-1 10-11 12-13 14-15 1-3 4-6 5-7 8-10 9-11 12-14 0-1 6-7 8-9 2-6 3-7 8-12 9-13 4-6 12-14 13-15 2-3 4-5 10-11 14-15 5-13 6-14 7-15 1-5 2-6 3-7 8-12 9-13 1-3 4-6 12-14 4-5 6-7 10-11 14-15",1
538,32,0x9D85EA3B10C74F62,"2 6 15 4 7 12 0 1 11 3 10 14 5 8 13 9",parallel_methods,18,"12-13 3-7 1-3 2-3 4-6 5-13 6-7 11-15 9-11 3-11 14-15 8-12 12-13 13-15 11-15 2-6 0-2 0-4",18,"1-3 2-3 2-6 0-2 11-15 4-5 4-12 5-7 1-5 4-5 9-11 3-11 14-15 8-10 13-15 11-15 10-11 8-10",18,"3-7 1-3 2-3 2-6 0-2 11-15 9-11 4-5 5-7 3-11 12-13 8-12 12-14 14-15 11-15 5-13 12-13 4-12",34,"6-7 8-9 10-11 1-3 9-11 12-14 13-15 2-3 4-5 10-11 14-15 2-6 3-7 8-12 0-2 1-3 4-6 9-11 12-14 0-1 8-9 12-13 14-15 6-14 7-15 3-7 8-12 9-13 4-6 5-7 12-14 4-5 8-9 10-11",1
539,32,0x95B8C40A1FD376E2,"2 14 6 7 3 13 15 1 10 0 4 12 8 11 5 9",parallel_methods,18,"13-15 3-7 1-3 6-14 4-6 2-6 2-3 2-10 0-2 11-15 14-15 9-13 5-13 4-5 0-4 12-14 10-14 8-10",18,"8-10 3-7 1-3 6-14 4-6 2-6 2-3 8-12 13-15 0-2 9-13 5-13 4-5 0-4 4-12 11-15 14-15 12-14",18,"3-7 1-3 6-14 4-6 2-6 13-15 11-15 2-3 14-15 9-13 5-13 4-5 2-10 0-2 0-4 10-14 8-10 8-12",34,"2-3 8-9 10-11 14-15 1-3 4-6 9-11 12-14 10-11 12-13 2-6 3-7 8-12 9-13 1-3 4-6 9-11 12-14 13-15 0-1 6-7 8-9 14-15 5-13 6-14 7-15 3-7 8-12 1-3 4-6 9-11 0-1 2-3 6-7",1
540,26,0xB6FA1C4027D8E395,"5 9 3 14 8 13 7 2 0 4 12 1 10 15 6 11",parallel_methods,15,"3-7 1-9 0-1 0-4 0-8 2-3 6-7 6-14 11-15 13-15 5-13 1-5 12-14 10-14 12-14",15,"3-7 1-9 0-1 0-4 0-8 2-3 6-7 6-14 10-14 11-15 12-14 10-14 13-15 5-13 1-5",15,"3-7 6-7 6-14 11-15 13-15 5-13 1-9 0-1 1-5 2-3 0-4 8-12 8-10 8-12 0-8",43,"2-3 14-15 1-3 9-11 12-14 0-1 2-3 4-5 10-11 12-13 2-6 3-7 8-12 9-13 10-14 1-3 4-6 9-11 12-14 13-15 0-1 2-3 4-5 10-11 12-13 14-15 4-12 5-13 6-14 7-15 2-6 3-7 8-12 9-13 0-2 1-3 4-6 12-14 0-1 4-5 10-11 12-13 14-15",1
541,30,0xC87B3A250E4D1F96,"6 9 15 1 13 4 14 0 5 2 10 3 11 7 8 12",parallel_methods,17,"1-9 1-3 2-3 4-5 3-11 5-13 12-14 8-12 14-15 11-15 12-14 6-14 6-7 5-7 4-6 0-4 4-6",17,"1-9 1-3 2-3 12-14 3-11 4-5 5-13 5-7 8-12 14-15 11-15 12-14 0-4 6-14 4-6 4-5 0-4",17,"12-14 8-12 4-12 4-5 1-9 1-3 2-3 3-11 14-15 11-15 12-13 12-14 6-14 6-7 0-2 2-6 0-2",37,"4-5 8-9 12-13 14-15 1-3 4-6 9-11 12-14 0-1 2-3 10-11 14-15 2-6 3-7 8-12 9-13 10-14 1-3 4-6 12-14 13-15 0-1 10-11 12-13 14-15 4-12 5-13 6-14 7-15 2-6 3-7 8-12 4-6 9-11 2-3 6-7 8-9",1
542,24,0xA0DE9B78364F152C,"12 2 5 1 15 4 6 3 8 7 11 9 14 13 0 10",parallel_methods,13,"1-3 2-3 3-7 4-5 5-7 9-11 11-15 7-15 10-11 12-14 8-12 0-8 8-12",13,"4-5 0-4 1-3 2-3 3-7 5-7 9-11 11-15 7-15 10-11 12-14 4-12 0-4",13,"1-3 2-3 3-7 4-5 5-7 9-11 11-15 7-15 10-11 12-14 8-12 0-8 8-12",35,"0-1 4-5 8-9 12-13 14-15 1-3 4-6 0-1 4-5 10-11 12-13 2-6 3-7 8-12 9-13 10-14 4-6 12-14 2-3 6-7 10-11 6-14 7-15 3-7 8-12 9-13 1-3 5-7 12-14 0-1 2-3 4-5 6-7 8-9 10-11",1
543,34,0x682EAD05937F14BC,"12 11 4 1 15 7 3 9 5 0 13 10 14 2 8 6",parallel_methods,18,"0-8 10-11 1-9 0-1 2-6 4-6 5-7 1-5 9-11 9-13 1-9 1-3 2-3 12-14 8-12 6-14 14-15 6-14",18,"4-12 0-8 2-6 1-9 0-1 4-6 5-7 1-5 10-11 9-11 9-13 1-9 1-3 2-3 12-14 8-12 14-15 6-14",18,"12-14 8-9 0-8 8-12 10-11 1-3 7-15 13-15 11-15 3-11 2-6 2-3 4-6 9-13 6-7 5-13 13-15 7-15",40,"0-1 4-5 6-7 8-9 12-13 0-2 1-3 4-6 12-14 0-1 4-5 10-11 12-13 14-15 2-6 3-7 8-12 9-13 1-3 4-6 9-11 12-14 2-3 4-5 6-7 14-15 4-12 5-13 6-14 7-15 2-6 3-7 8-12 9-13 1-3 4-6 9-11 12-14 0-1 8-9",1
544,26,0xB2937AF8C64D510E,"14 0 1 5 13 4 6 12 8 15 10 7 3 9 2 11",parallel_methods,15,"0-2 0-1 4-5 9-13 11-15 7-15 13-15 12-13 5-13 2-10 10-14 2-10 5-7 3-7 5-7",15,"11-15 4-12 0-4 0-2 0-1 7-15 9-13 13-15 12-13 6-14 2-3 2-6 4-6 4-5 6-14",15,"9-13 11-15 7-15 13-15 4-12 12-13 0-4 0-2 0-1 4-6 6-14 2-3 2-6 4-6 4-5",33,"0-1 2-3 4-5 6-7 14-15 1-3 4-6 9-11 12-14 4-5 6-7 8-9 3-7 8-12 9-13 4-6 9-11 2-3 8-9 12-13 5-13 6-14 7-15 2-6 3-7 8-12 4-6 5-7 9-11 12-14 2-3 12-13 14-15",1
545,32,0xB34ACF5E2D609781,"1 8 7 9 0 6 13 2 14 5 15 12 10 4 3 11",parallel_methods,19,"10-14 1-9 8-12 11-15 14-15 12-14 2-3 2-10 3-7 2-3 8-10 8-9 1-5 0-1 0-4 4-6 12-13 4-12 12-13",19,"11-15 0-4 1-9 6-7 2-6 5-7 5-13 4-5 1-5 6-7 8-12 10-14 14-15 12-14 1-3 8-10 8-9 1-9 1-3",19,"10-11 11-15 6-14 8-12 12-14 0-1 12-13 8-10 0-4 4-12 8-12 2-6 3-7 5-7 6-7 2-3 9-13 5-13 9-13",39,"2-3 8-9 12-13 14-15 1-3 4-6 9-11 12-14 2-3 6-7 10-11 1-5 2-6 3-7 8-12 1-3 4-6 8-10 9-11 0-1 4-5 6-7 8-9 10-11 12-13 5-13 6-14 7-15 3-7 8-12 9-13 10-14 4-6 8-10 12-14 13-15 6-7 8-9 14-15",1
546,26,0x1A3DB28C7F05694E,"14 4 9 6 5 0 15 7 12 8 2 11 13 3 10 1",parallel_methods,15,"0-2 0-1 2-10 4-5 0-4 10-14 13-15 6-7 7-15 3-7 6-7 12-13 8-12 8-9 1-9",15,"0-2 0-1 2-10 4-5 0-4 10-14 13-15 7-15 3-7 6-7 7-15 8-9 9-13 1-9 12-13",15,"0-2 2-10 10-14 1-5 4-5 13-15 12-13 8-12 0-8 8-9 6-7 7-15 3-7 6-7 0-1",39,"0-1 4-5 8-9 10-11 12-13 1-3 4-6 5-7 9-11 12-14 6-7 8-9 12-13 2-6 3-7 8-12 9-13 1-3 4-6 9-11 12-14 0-1 4-5 6-7 12-13 5-13 6-14 7-15 1-5 2-6 3-7 8-12 9-13 1-3 4-6 4-5 6-7 10-11 12-13",1
547,40,0x53CB701649E2AD8F,"15 8 13 10 2 14 9 4 6 1 0 7 11 12 3 5",parallel_methods,21,"0-1 0-8 0-2 0-4 1-9 4-5 6-7 4-6 6-14 2-6 2-3 2-10 0-2 12-13 13-15 5-13 11-15 7-15 9-11 11-15 9-11",21,"0-1 0-2 0-4 0-2 1-9 3-11 4-5 4-6 6-14 6-7 3-7 8-12 4-12 4-6 8-10 0-8 10-11 12-13 9-13 13-15 5-13",21,"2-3 2-10 12-13 0-4 0-2 1-9 3-11 13-15 11-15 5-13 13-15 14-15 4-6 6-7 7-15 3-7 0-8 0-4 4-6 0-8 8-9",43,"0-1 8-9 10-11 14-15 1-3 4-6 9-11 4-5 6-7 8-9 10-11 12-13 1-5 2-6 3-7 8-12 9-13 0-2 1-3 4-6 12-14 13-15 0-1 4-5 10-11 14-15 2-10 3-11 4-12 5-13 6-14 7-15 1-5 2-6 3-7 8-12 0-2 1-3 8-10 9-11 0-1 4-5 6-7",1
548,38,0xAB824037DF9156CE,"14 12 6 5 1 9 15 13 7 3 0 4 2 8 11 10",parallel_methods,21,"8-10 0-8 1-5 1-9 1-3 4-5 1-5 4-12 10-11 10-14 6-14 4-6 2-6 11-15 7-15 10-11 13-15 14-15 12-14 8-12 12-14",21,"8-10 0-8 1-5 1-9 1-3 4-5 1-5 4-12 10-11 10-14 6-14 4-6 2-6 11-15 7-15 10-11 13-15 8-10 14-15 10-14 8-10",21,"1-5 1-9 1-3 4-5 1-5 8-12 8-10 0-8 12-13 8-12 11-15 14-15 12-14 4-12 2-6 2-10 10-11 11-15 5-13 5-7 5-13",39,"0-1 8-9 10-11 0-2 1-3 4-6 5-7 9-11 12-14 13-15 0-1 6-7 8-9 14-15 2-6 3-7 8-12 9-13 10-14 1-3 4-6 12-14 0-1 2-3 6-7 14-15 3-11 4-12 5-13 6-14 7-15 1-5 2-6 3-7 1-3 8-10 9-11 0-1 10-11",1
549,26,0x921CF5A8BED76043,"3 4 0 6 7 13 14 11 8 10 5 15 12 1 2 9",parallel_methods,14,"11-15 0-2 10-14 3-7 5-13 1-5 4-5 6-14 6-7 5-7 9-11 2-3 2-10 10-11",14,"0-1 0-2 3-7 5-13 6-14 2-6 4-6 6-7 11-15 9-11 10-11 3-11 1-3 1-5",14,"11-15 5-13 0-2 6-14 9-11 10-11 3-7 3-11 2-3 2-6 6-7 1-5 4-5 5-7",38,"2-3 10-11 12-13 14-15 1-3 4-6 9-11 12-14 0-1 2-3 6-7 8-9 10-11 12-13 14-15 8-12 9-13 4-6 5-7 9-11 4-5 6-7 8-9 12-13 5-13 6-14 7-15 2-6 3-7 8-12 9-13 1-3 4-6 9-11 12-14 6-7 12-13 14-15",1
550,30,0x64B35D1872F9EAC0,"0 12 10 14 9 15 2 7 8 1 13 5 3 11 4 6",parallel_methods,15,"1-9 12-14 4-12 9-13 9-11 10-14 2-10 2-3 2-6 12-13 9-13 5-13 14-15 6-14 13-15",15,"1-9 12-14 4-12 9-13 9-11 10-14 2-10 2-3 2-6 12-13 9-13 5-13 14-15 6-14 13-15",15,"12-14 10-14 2-10 2-3 2-6 14-15 6-14 1-9 4-12 9-13 9-11 12-13 9-13 5-13 13-15",41,"2-3 6-7 8-9 14-15 1-3 9-11 12-14 2-3 4-5 10-11 12-13 14-15 1-5 2-6 3-7 8-12 9-13 1-3 4-6 9-11 12-14 4-5 6-7 8-9 12-13 14-15 3-11 4-12 5-13 6-14 7-15 2-6 3-7 8-12 1-3 8-10 9-11 2-3 4-5 6-7 12-13",1
551,26,0x7FB942E8DC6A3051,"1 5 0 3 10 6 12 13 8 14 2 4 9 11 15 7",parallel_methods,15,"4-6 9-13 7-15 9-11 12-13 9-13 1-5 0-1 0-2 2-6 2-10 14-15 12-14 12-13 4-12",15,"7-15 13-15 11-15 14-15 6-14 4-6 8-12 1-5 0-1 0-2 2-6 2-10 8-9 8-12 12-14",15,"0-4 0-2 2-10 7-15 4-5 4-6 9-11 9-13 12-13 4-12 13-15 11-15 14-15 9-11 1-5",39,"2-3 4-5 6-7 10-11 1-3 4-6 5-7 8-10 9-11 12-14 0-1 6-7 8-9 8-12 9-13 10-14 4-6 5-7 9-11 12-14 13-15 4-5 6-7 10-11 14-15 5-13 6-14 7-15 3-7 8-12 9-13 4-6 5-7 9-11 12-14 13-15 2-3 10-11 14-15",1
552,30,0x4D8A1E6CB2F05793,"3 9 7 5 0 15 2 11 12 6 14 1 10 8 13 4",parallel_methods,15,"1-9 0-1 0-4 3-7 2-6 3-11 1-3 5-7 7-15 6-7 4-6 12-14 10-14 12-13 8-12",15,"1-9 0-1 0-4 3-7 2-6 3-11 1-3 5-7 7-15 6-7 4-6 12-14 10-14 12-13 8-12",15,"12-14 12-13 8-12 1-9 3-7 3-11 0-1 1-3 5-7 0-4 2-6 7-15 6-7 4-6 10-14",39,"6-7 8-9 12-13 1-3 4-6 9-11 12-14 4-5 6-7 8-9 10-11 2-6 3-7 8-12 9-13 0-2 1-3 4-6 5-7 9-11 12-14 0-1 6-7 8-9 14-15 5-13 6-14 7-15 3-7 8-12 9-13 10-14 1-3 4-6 5-7 12-14 2-3 6-7 10-11",1
553,30,0x5A108DFBE326749C,"12 9 4 7 6 2 3 14 11 15 13 8 0 1 10 5",parallel_methods,17,"2-6 4-6 7-15 5-7 3-7 2-3 9-13 1-9 10-14 14-15 13-15 0-8 8-12 0-8 8-10 10-11 8-10",17,"2-6 4-6 7-15 5-7 3-7 2-3 9-13 1-9 10-14 14-15 13-15 10-11 0-4 4-12 0-4 8-10 10-11",17,"7-15 5-7 6-7 3-7 9-13 1-9 2-6 4-6 8-10 8-12 0-8 10-11 8-10 10-14 13-15 12-13 12-14",43,"0-1 2-3 4-5 6-7 0-2 1-3 4-6 9-11 12-14 13-15 0-1 6-7 8-9 14-15 1-5 2-6 3-7 8-12 0-2 1-3 4-6 8-10 9-11 0-1 4-5 6-7 8-9 10-11 5-13 6-14 7-15 2-6 3-7 8-12 9-13 0-2 1-3 4-6 12-14 0-1 6-7 10-11 14-15",1
554,40,0x8309B52C1D6A47FE,"14 15 7 4 10 6 13 1 12 2 5 11 9 0 3 8",parallel_methods,21,"6-14 2-3 0-2 0-4 2-10 0-2 5-7 1-5 5-13 6-7 3-7 8-12 8-9 14-15 10-14 8-10 2-10 13-15 0-1 1-5 0-1",21,"0-2 0-4 1-9 1-3 2-10 0-2 0-1 4-5 4-6 5-7 1-5 10-14 2-10 2-3 12-13 4-12 0-4 9-13 13-15 12-13 8-12",21,"5-7 1-5 6-14 6-7 8-12 2-3 3-7 14-15 5-13 13-15 0-2 0-4 8-9 2-10 10-14 0-8 8-10 0-2 1-5 0-1 1-5",39,"4-5 8-9 10-11 12-13 14-15 0-2 1-3 4-6 9-11 12-14 0-1 12-13 14-15 2-6 3-7 8-12 9-13 1-3 8-10 9-11 12-14 0-1 4-5 8-9 12-13 4-12 5-13 6-14 7-15 1-5 2-6 3-7 8-12 1-3 8-10 9-11 0-1 4-5 8-9",1
555,38,0x68A314C72EBD5F09,"9 0 15 5 13 11 14 2 7 12 4 1 3 10 8 6",parallel_methods,19,"0-1 2-10 3-7 12-14 5-7 6-14 2-6 2-3 7-15 8-12 4-12 4-6 6-7 9-13 9-11 1-9 10-11 11-15 12-13",19,"0-1 2-10 3-7 12-14 5-7 6-14 2-6 2-3 7-15 8-12 4-12 4-6 6-7 9-13 9-11 1-9 10-11 11-15 12-13",19,"10-14 12-14 4-12 0-1 12-13 14-15 6-14 8-9 8-12 8-10 1-9 1-3 3-7 2-3 3-11 11-15 1-5 1-3 3-11",37,"0-1 4-5 1-3 4-6 8-10 9-11 12-14 2-3 8-9 12-13 14-15 3-7 8-12 9-13 1-3 4-6 9-11 12-14 2-3 8-9 10-11 14-15 3-11 4-12 5-13 6-14 7-15 2-6 3-7 8-12 1-3 4-6 8-10 9-11 2-3 4-5 10-11",1
556,30,0x16B73EFC9524AD08,"8 0 13 10 4 2 5 9 12 15 14 3 7 11 6 1",parallel_methods,17,"2-3 3-7 3-11 5-7 6-7 9-11 13-15 5-13 11-15 8-12 0-8 0-1 1-5 5-7 10-14 2-10 2-6",17,"2-3 3-7 3-11 7-15 9-11 13-15 11-15 8-12 0-8 0-1 10-14 2-10 5-7 1-5 6-7 2-6 5-7",17,"8-12 0-8 3-11 0-1 7-15 5-7 1-5 6-7 5-7 2-6 13-15 9-13 6-14 14-15 13-15 10-14 10-11",39,"0-1 4-5 6-7 4-6 5-7 9-11 2-3 6-7 8-9 12-13 1-5 2-6 3-7 8-12 1-3 8-10 9-11 12-14 4-5 8-9 10-11 12-13 4-12 5-13 6-14 7-15 2-6 3-7 8-12 9-13 10-14 1-3 4-6 5-7 12-14 13-15 2-3 6-7 14-15",1
557,28,0xE6DA4B3570982C1F,"15 1 12 2 8 9 0 7 5 3 11 4 10 13 6 14",parallel_methods,17,"9-11 0-4 4-6 6-14 8-9 8-12 14-15 10-11 2-10 2-3 8-10 9-13 5-13 9-13 4-12 8-12 0-8",17,"10-11 0-2 0-4 2-6 6-14 8-12 4-12 4-5 8-10 0-8 0-4 14-15 2-3 0-1 1-9 1-3 0-1",17,"2-6 0-2 6-14 2-3 9-11 8-9 8-12 4-12 3-11 8-12 12-14 10-14 14-15 11-15 9-13 5-13 9-13",33,"0-1 6-7 8-9 14-15 1-3 9-11 12-14 4-5 10-11 2-6 3-7 8-12 9-13 10-14 1-3 12-14 13-15 0-1 2-3 4-5 10-11 12-13 14-15 4-12 5-13 6-14 7-15 3-7 8-12 9-13 4-6 12-14 10-11",1
558,36,0xB549162A3D708CEF,"15 14 12 8 0 7 13 3 10 2 6 1 9 4 5 11",parallel_methods,20,"3-11 1-9 0-1 0-2 0-4 9-11 11-15 12-13 4-12 10-14 6-14 8-10 8-9 1-9 9-13 14-15 13-15 1-3 3-7 5-7",20,"3-11 0-4 1-3 2-10 3-7 6-7 5-7 5-13 6-14 4-6 4-5 8-10 8-12 9-11 8-9 3-11 2-6 2-3 3-11 11-15",20,"3-11 1-3 0-4 3-7 6-7 5-7 5-13 6-14 4-6 4-5 2-10 8-10 8-12 8-9 2-6 8-10 2-10 10-11 11-15 8-10",42,"0-1 8-9 12-13 14-15 0-2 1-3 4-6 9-11 12-14 0-1 6-7 8-9 14-15 1-5 2-6 3-7 8-12 9-13 0-2 1-3 9-11 12-14 13-15 0-1 2-3 4-5 10-11 14-15 3-11 4-12 5-13 6-14 7-15 2-6 3-7 1-3 8-10 9-11 4-5 6-7 8-9 10-11",1
559,30,0x9D48327A0CE61B5F,"15 5 11 1 6 14 12 0 10 7 2 3 8 4 13 9",parallel_methods,18,"2-10 4-6 5-7 1-5 0-1 1-3 3-11 11-15 9-11 8-12 12-14 12-13 4-12 10-11 10-14 7-15 14-15 7-15",18,"8-12 2-10 4-6 5-7 1-5 0-1 1-3 3-11 11-15 9-11 12-14 12-13 4-12 6-7 10-11 10-14 6-14 6-7",18,"4-6 8-12 12-14 12-13 4-12 5-7 1-5 0-1 1-3 3-11 11-15 2-10 9-11 10-11 10-14 6-7 6-14 6-7",44,"0-1 8-9 10-11 12-13 1-3 4-6 8-10 9-11 12-14 13-15 0-1 4-5 8-9 14-15 2-6 3-7 8-12 9-13 10-14 1-3 4-6 9-11 12-14 13-15 0-1 2-3 10-11 14-15 4-12 5-13 6-14 7-15 2-6 3-7 8-12 4-6 8-10 9-11 2-3 4-5 6-7 8-9 10-11 12-13",1
560,36,0x2914A36D87BC0E5F,"15 5 14 0 12 11 7 8 13 6 3 10 4 1 9 2",parallel_methods,18,"1-5 1-3 0-1 10-11 3-11 4-12 7-15 6-7 2-6 9-13 1-9 13-15 9-13 8-9 14-15 6-14 13-15 9-13",18,"1-5 1-3 0-1 10-11 3-11 4-12 7-15 6-7 2-6 9-13 1-9 13-15 9-13 8-9 14-15 6-14 13-15 9-13",18,"10-11 1-5 1-3 3-11 4-12 7-15 6-7 2-6 9-13 13-15 14-15 6-14 0-1 1-9 9-13 13-15 8-9 9-13",38,"0-1 4-5 6-7 8-9 10-11 12-13 1-3 9-11 12-14 0-1 4-5 8-9 14-15 2-6 3-7 8-12 8-10 9-11 2-3 4-5 8-9 12-13 3-11 4-12 5-13 6-14 7-15 1-5 2-6 3-7 8-12 1-3 8-10 9-11 6-7 8-9 10-11 12-13",1
561,28,0xC8ADE210B946F753,"3 5 7 15 6 4 9 11 0 1 2 14 13 10 8 12",parallel_methods,16,"13-15 3-7 4-6 4-5 1-5 1-9 11-15 12-13 2-10 10-14 14-15 7-15 0-8 8-10 10-11 3-11",16,"3-7 4-6 4-5 1-5 1-9 13-15 12-13 2-10 0-8 10-11 10-14 8-10 11-15 7-15 10-11 3-11",16,"13-15 12-13 4-6 4-5 2-10 10-11 10-14 3-11 3-7 1-5 11-15 0-8 8-10 10-11 3-11 1-9",46,"2-3 4-5 6-7 10-11 12-13 14-15 4-6 5-7 12-14 2-3 6-7 10-11 12-13 2-6 3-7 8-12 9-13 10-14 1-3 4-6 9-11 12-14 13-15 2-3 8-9 10-11 12-13 14-15 5-13 6-14 7-15 1-5 2-6 3-7 8-12 9-13 10-14 0-2 1-3 4-6 12-14 0-1 2-3 4-5 6-7 10-11",1
562,34,0x60352D91BC48F7EA,"10 14 7 15 8 4 12 11 1 9 13 2 5 3 0 6",parallel_methods,17,"0-8 0-1 0-4 3-7 3-11 2-3 4-6 4-12 4-5 10-14 8-10 0-8 14-15 6-14 13-15 7-15 3-7",17,"0-8 0-1 0-4 3-7 3-11 2-3 4-6 4-12 4-5 10-14 8-10 0-8 14-15 6-14 13-15 7-15 3-7",17,"0-8 0-1 10-14 8-10 0-4 0-8 3-7 3-11 2-3 14-15 13-15 7-15 3-7 4-6 4-12 4-5 6-14",43,"2-3 4-5 12-13 14-15 1-3 4-6 5-7 9-11 12-14 0-1 2-3 6-7 10-11 2-6 3-7 8-12 9-13 1-3 8-10 9-11 12-14 0-1 4-5 8-9 2-10 3-11 4-12 5-13 6-14 7-15 0-4 1-5 2-6 3-7 8-12 0-2 1-3 5-7 8-10 0-1 2-3 10-11 12-13",1
563,30,0x187DA0942BC53E6F,"15 6 14 3 5 12 11 2 4 9 0 10 13 7 8 1",parallel_methods,16,"13-15 0-8 6-7 2-10 5-13 1-5 4-5 7-15 10-14 8-10 10-11 11-15 12-13 0-4 0-2 2-6",16,"13-15 0-8 0-1 2-10 0-2 5-13 1-5 4-5 6-7 2-6 7-15 10-14 8-10 10-11 11-15 12-13",16,"2-10 10-14 0-8 8-10 10-11 6-7 7-15 11-15 5-13 12-13 5-7 1-5 4-5 4-6 0-4 0-2",40,"0-1 10-11 12-13 1-3 4-6 9-11 12-14 0-1 4-5 8-9 10-11 12-13 2-6 3-7 8-12 9-13 1-3 9-11 12-14 0-1 4-5 14-15 4-12 5-13 6-14 7-15 2-6 3-7 8-12 0-2 1-3 4-6 8-10 9-11 0-1 4-5 6-7 8-9 10-11 12-13",1
564,28,0x57C9D3842F10BEA6,"6 10 14 11 0 1 15 2 4 8 3 13 9 12 7 5",parallel_methods,16,"0-4 12-13 6-7 2-6 6-14 7-15 8-9 1-9 1-5 9-11 9-13 10-11 3-11 4-6 4-5 5-7",16,"0-4 12-13 8-9 1-9 1-5 4-5 6-7 2-6 6-14 7-15 5-7 6-7 9-11 9-13 10-11 3-11",16,"12-13 6-7 7-15 2-6 6-14 8-9 1-9 9-11 10-11 3-11 0-4 1-5 4-5 5-7 6-7 9-13",40,"10-11 4-6 5-7 9-11 2-3 6-7 8-9 10-11 12-13 1-5 2-6 3-7 8-12 9-13 0-2 1-3 4-6 9-11 12-14 13-15 0-1 2-3 4-5 6-7 8-9 10-11 14-15 4-12 5-13 6-14 7-15 3-7 8-12 9-13 4-6 8-10 9-11 6-7 8-9 12-13",1
565,34,0x075123C9ED48FBA6,"6 10 11 15 8 4 13 14 9 12 3 2 1 5 7 0",parallel_methods,17,"0-4 2-10 4-6 4-5 5-13 7-15 3-7 1-3 2-3 8-9 8-12 0-8 0-1 10-11 2-10 14-15 7-15",17,"0-4 2-10 4-6 4-5 5-13 7-15 3-7 1-3 2-3 8-9 8-12 0-8 0-1 10-11 2-10 14-15 7-15",17,"8-9 4-12 8-12 7-15 14-15 3-7 7-15 10-11 2-10 1-3 3-11 10-11 0-4 0-1 4-6 4-5 5-13",41,"2-3 4-5 6-7 4-6 5-7 8-10 9-11 12-14 2-3 6-7 8-9 2-6 3-7 8-12 9-13 1-3 4-6 8-10 9-11 0-1 8-9 12-13 2-10 3-11 4-12 5-13 6-14 7-15 0-4 1-5 2-6 3-7 8-12 0-2 1-3 5-7 8-10 0-1 2-3 6-7 10-11",1
566,38,0x95FA64C7E18D032B,"11 2 3 0 13 8 1 14 7 12 4 6 10 15 5 9",parallel_methods,19,"12-14 0-8 1-3 2-3 4-5 0-4 4-6 6-7 8-10 0-8 0-4 0-1 10-11 10-14 6-14 13-15 9-13 12-13 5-13",19,"13-15 0-8 1-3 2-3 4-5 0-4 4-6 6-7 8-10 0-8 0-4 0-1 9-13 10-11 12-14 10-14 6-14 12-13 5-13",19,"13-15 9-13 12-14 4-12 12-13 1-3 2-3 4-5 0-8 8-10 10-11 0-4 4-6 6-7 10-14 6-14 0-8 0-4 0-1",39,"0-1 4-5 6-7 10-11 14-15 1-3 4-6 8-10 9-11 0-1 8-9 12-13 3-7 8-12 9-13 10-14 1-3 4-6 5-7 9-11 12-14 2-3 6-7 10-11 14-15 4-12 5-13 6-14 7-15 8-12 9-13 4-6 5-7 9-11 12-14 4-5 6-7 12-13 14-15",1
567,32,0xA76C1DF4E8930B52,"2 5 11 0 3 9 8 14 4 15 13 1 12 6 7 10",parallel_methods,17,"5-13 2-3 0-2 3-11 4-5 1-5 1-3 4-6 9-13 14-15 7-15 10-14 14-15 13-15 0-8 0-4 0-8",17,"8-12 2-3 0-2 3-11 5-13 4-5 1-5 1-3 4-6 4-12 8-12 9-13 14-15 7-15 10-14 14-15 13-15",17,"2-3 0-2 3-11 5-13 4-5 1-5 1-3 14-15 10-14 9-13 7-15 14-15 13-15 4-6 0-4 0-8 0-4",41,"6-7 12-13 14-15 1-3 4-6 9-11 12-14 0-1 2-3 6-7 8-9 12-13 14-15 3-7 8-12 9-13 4-6 8-10 9-11 12-14 13-15 2-3 6-7 8-9 14-15 4-12 5-13 6-14 7-15 3-7 8-12 9-13 10-14 1-3 4-6 5-7 12-14 2-3 6-7 10-11 14-15",1
568,32,0x80A1934B625CFED7,"7 13 14 15 12 5 2 6 11 4 3 9 1 10 0 8",parallel_methods,17,"1-9 4-12 0-4 0-1 2-6 6-14 4-6 0-4 6-7 9-13 9-11 10-11 3-11 11-15 8-9 9-11 8-9",17,"11-15 1-9 2-6 4-12 0-4 0-1 6-14 4-6 0-4 6-7 9-13 8-9 10-11 3-11 8-10 11-15 9-11",17,"4-12 2-6 1-9 0-4 0-1 6-14 4-6 0-4 13-15 9-13 8-9 11-15 10-11 3-11 11-15 9-11 6-7",39,"2-3 4-5 6-7 8-9 10-11 14-15 4-6 9-11 12-14 2-3 4-5 8-9 12-13 1-5 2-6 3-7 8-12 9-13 0-2 1-3 9-11 0-1 2-3 8-9 12-13 4-12 5-13 6-14 7-15 1-5 2-6 3-7 0-2 1-3 8-10 9-11 0-1 8-9 10-11",1
569,32,0xBE5719D6A483CF02,"2 0 15 12 3 8 4 10 6 13 9 1 7 5 14 11",parallel_methods,17,"2-3 0-2 0-4 0-1 3-11 1-3 4-12 4-6 5-13 6-7 8-10 9-13 8-9 11-15 2-10 2-6 2-10",17,"8-12 2-3 0-2 0-4 0-1 3-7 3-11 1-3 4-12 4-6 5-13 8-10 9-13 8-9 10-11 11-15 7-15",17,"2-3 3-11 11-15 5-13 9-13 8-10 8-9 0-2 0-4 0-1 1-3 4-12 4-6 6-7 10-14 6-14 10-14",37,"0-1 6-7 12-13 4-6 9-11 12-14 13-15 2-3 6-7 8-9 14-15 2-6 3-7 8-12 9-13 9-11 12-14 2-3 4-5 10-11 14-15 4-12 5-13 6-14 7-15 3-7 8-12 9-13 1-3 4-6 5-7 9-11 12-14 2-3 4-5 6-7 10-11",1
570,38,0x8D0742F1C59A3E6B,"11 6 14 3 10 9 5 12 1 15 2 4 7 0 13 8",parallel_methods,20,"9-13 0-8 1-5 2-10 6-7 5-7 8-9 9-11 1-9 0-1 0-4 0-8 12-14 6-14 6-7 13-15 12-13 8-12 12-14 10-14",20,"0-1 0-2 9-13 0-8 1-9 0-1 4-6 2-6 2-10 9-11 13-15 12-13 5-13 5-7 4-5 8-12 9-13 12-14 12-13 4-12",20,"5-13 9-13 14-15 13-15 0-8 0-1 2-10 10-14 8-10 4-12 4-5 5-7 10-11 0-4 4-6 12-14 10-14 12-14 4-5 4-12",44,"0-1 4-5 6-7 10-11 12-13 1-3 4-6 9-11 12-14 13-15 0-1 2-3 14-15 2-6 3-7 8-12 9-13 10-14 1-3 4-6 9-11 12-14 2-3 4-5 8-9 10-11 3-11 4-12 5-13 6-14 7-15 1-5 2-6 3-7 8-12 9-13 0-2 1-3 8-10 9-11 12-14 0-1 2-3 14-15",1
571,32,0xDF78453E6C1209BA,"10 11 9 0 2 1 12 6 14 3 5 4 8 7 15 13",parallel_methods,18,"0-2 1-3 0-1 1-9 2-10 8-12 4-6 2-6 6-7 13-15 11-15 3-11 14-15 12-14 4-12 5-7 3-7 1-3",18,"0-2 1-3 0-1 1-9 2-10 3-11 8-12 2-3 1-3 1-5 13-15 14-15 0-2 0-4 0-2 6-14 6-7 12-14",18,"2-3 0-2 2-10 1-9 1-3 9-11 4-6 2-6 1-9 1-5 6-7 4-5 5-13 5-7 8-12 14-15 12-14 12-13",46,"4-5 8-9 12-13 0-2 1-3 4-6 5-7 9-11 12-14 13-15 0-1 6-7 14-15 1-5 2-6 3-7 8-12 9-13 10-14 1-3 4-6 9-11 12-14 13-15 4-5 6-7 10-11 12-13 14-15 4-12 5-13 6-14 7-15 3-7 8-12 9-13 10-14 4-6 9-11 12-14 13-15 6-7 8-9 10-11 12-13 14-15",1
572,34,0xA9406218CFE3D75B,"11 5 7 13 3 14 15 12 8 1 2 6 0 4 9 10",parallel_methods,18,"11-15 4-5 1-5 1-3 1-9 4-12 6-7 7-15 12-14 12-13 9-13 4-6 2-6 0-2 2-10 4-12 6-7 10-11",18,"11-15 0-2 2-10 4-5 1-5 1-3 1-9 4-12 0-4 6-7 4-6 7-15 6-7 10-11 12-14 12-13 4-12 9-13",18,"4-5 1-5 1-3 4-12 12-14 1-9 12-13 9-13 11-15 6-7 2-6 0-2 2-10 10-11 7-15 6-7 0-4 4-12",38,"0-1 2-3 8-9 10-11 14-15 1-3 4-6 9-11 12-14 13-15 2-3 6-7 14-15 3-7 8-12 9-13 1-3 4-6 5-7 12-14 0-1 2-3 6-7 10-11 3-11 4-12 5-13 6-14 7-15 1-5 2-6 3-7 0-2 1-3 8-10 0-1 2-3 6-7",1
573,28,0x94C0FD1E7A6328B5,"5 11 8 2 3 6 10 7 14 1 13 15 0 12 4 9",parallel_methods,14,"0-4 0-2 1-9 2-3 4-5 6-14 4-6 8-10 8-12 0-8 10-14 11-15 9-11 12-13",14,"0-4 0-2 1-9 2-3 4-5 6-14 4-6 8-10 8-12 0-8 10-14 11-15 9-11 12-13",14,"11-15 1-9 9-11 8-10 8-12 12-13 0-4 4-5 6-14 4-6 10-14 0-2 0-8 2-3",46,"8-9 10-11 14-15 1-3 4-6 5-7 9-11 12-14 0-1 6-7 10-11 12-13 14-15 2-6 3-7 8-12 1-3 4-6 8-10 9-11 12-14 2-3 4-5 8-9 10-11 12-13 5-13 6-14 7-15 2-6 3-7 8-12 9-13 10-14 11-15 0-2 1-3 4-6 12-14 13-15 0-1 4-5 6-7 8-9 12-13 14-15",1
574,32,0x8F3B795D1EC2A460,"0 6 4 10 2 12 14 1 13 5 9 7 11 3 15 8",parallel_methods,17,"3-11 3-7 1-3 13-15 8-12 8-10 9-13 5-13 8-9 10-11 12-13 14-15 6-14 2-6 2-3 4-6 2-6",17,"12-13 3-11 3-7 1-3 9-13 5-13 10-11 9-11 14-15 12-14 6-14 2-6 2-3 4-6 2-6 8-12 12-13",17,"13-15 9-13 5-13 8-12 12-13 8-10 8-9 3-11 10-11 14-15 6-14 3-7 1-3 2-6 2-3 4-6 2-6",33,"2-3 8-9 12-13 1-3 4-6 9-11 12-14 2-3 14-15 2-6 3-7 8-12 9-13 1-3 4-6 5-7 9-11 12-14 6-7 10-11 5-13 6-14 7-15 3-7 8-12 9-13 4-6 5-7 9-11 12-14 4-5 10-11 14-15",1
575,30,0x064FA9B2573EC8D1,"1 13 8 12 14 3 7 5 2 11 9 10 15 4 6 0",parallel_methods,17,"1-5 1-3 0-1 0-8 0-2 5-13 10-11 9-11 12-14 4-12 14-15 12-14 8-12 0-8 4-6 4-5 5-7",17,"12-13 4-12 5-7 3-7 6-7 6-14 10-11 9-11 12-14 13-15 0-8 0-2 0-8 1-5 5-13 1-5 0-1",17,"10-11 9-11 5-7 3-7 6-7 6-14 12-13 4-12 12-14 13-15 5-13 1-5 0-1 8-10 2-10 8-10 5-13",37,"2-3 4-5 10-11 12-13 1-3 4-6 9-11 12-14 4-5 6-7 12-13 1-5 2-6 3-7 8-12 1-3 4-6 9-11 12-14 4-5 6-7 12-13 4-12 5-13 6-14 7-15 2-6 3-7 8-12 1-3 4-6 9-11 12-14 0-1 4-5 12-13 14-15",1
576,36,0xF164CD83A092EB75,"5 7 11 14 2 9 0 10 3 8 13 12 4 6 1 15",parallel_methods,19,"0-4 8-10 5-13 4-5 8-9 9-13 10-11 10-14 2-10 2-3 1-3 2-6 0-2 3-7 3-11 10-11 4-6 4-12 12-14",19,"12-13 0-4 5-13 4-5 8-9 9-11 9-13 10-14 2-10 2-3 1-3 2-6 0-2 3-7 3-11 10-11 12-14 6-14 12-13",19,"8-10 8-9 5-13 9-13 4-6 0-4 4-5 2-3 2-10 10-14 10-11 3-11 1-3 3-7 2-3 2-10 2-6 4-6 4-12",35,"2-3 6-7 14-15 4-6 12-14 2-3 10-11 2-6 3-7 8-12 0-2 1-3 9-11 12-14 0-1 4-5 12-13 4-12 5-13 6-14 7-15 2-6 3-7 8-12 9-13 10-14 1-3 4-6 9-11 12-14 2-3 4-5 8-9 10-11 14-15",1
577,40,0x4C2605AEB9D183F7,"7 15 3 8 1 13 9 11 14 10 5 0 6 2 12 4",parallel_methods,21,"0-4 1-3 0-1 3-7 3-11 2-3 4-6 4-12 8-10 7-15 6-7 4-6 8-9 12-13 9-13 5-13 12-14 10-14 0-8 0-2 2-10",21,"0-1 0-4 1-3 0-1 3-7 3-11 2-3 8-10 8-9 4-12 9-13 5-13 12-14 14-15 6-14 4-6 10-14 8-10 8-9 0-8 0-2",21,"5-13 12-14 6-14 8-10 10-14 9-11 10-11 1-9 9-11 2-3 7-15 11-15 0-4 0-1 4-5 5-7 0-8 0-4 4-5 0-2 0-8",43,"2-3 6-7 8-9 12-13 1-3 4-6 8-10 9-11 12-14 0-1 4-5 6-7 8-9 14-15 3-7 8-12 9-13 1-3 4-6 9-11 12-14 0-1 2-3 8-9 12-13 14-15 3-11 4-12 5-13 6-14 7-15 2-6 3-7 8-12 9-13 1-3 9-11 12-14 0-1 4-5 6-7 8-9 12-13",1
578,40,0x476B0192CDAF53E8,"8 14 3 5 15 10 13 12 2 9 1 0 11 6 7 4",parallel_methods,20,"0-8 1-3 1-5 14-15 3-11 1-3 2-3 2-10 0-2 0-1 4-6 6-14 7-15 12-13 4-12 4-6 13-15 11-15 12-13 14-15",20,"0-8 1-3 1-5 14-15 3-11 1-3 2-3 2-10 0-2 0-1 4-6 6-14 7-15 12-13 4-12 4-6 13-15 11-15 12-13 14-15",22,"1-3 1-5 2-3 8-10 2-10 0-8 14-15 12-14 4-12 10-14 10-11 6-7 7-15 12-13 13-15 0-1 2-10 0-2 2-10 6-14 12-14 6-14",42,"2-3 4-5 12-13 0-2 1-3 4-6 8-10 9-11 12-14 0-1 4-5 6-7 8-9 12-13 3-7 8-12 9-13 10-14 4-6 9-11 12-14 13-15 6-7 10-11 12-13 14-15 2-10 3-11 4-12 5-13 6-14 7-15 1-5 2-6 3-7 0-2 1-3 8-10 0-1 2-3 6-7 10-11",1
579,28,0xE54DAF83169B27C0,"0 12 7 2 11 9 6 1 3 8 15 10 13 4 5 14",parallel_methods,15,"1-5 2-3 4-5 5-7 8-9 1-9 10-11 12-13 4-12 14-15 7-15 11-15 1-5 5-7 3-7",15,"4-12 1-5 2-3 3-7 4-5 5-13 8-9 1-9 1-3 10-11 12-14 4-12 4-5 14-15 11-15",15,"1-5 5-13 12-13 2-3 14-15 10-11 3-7 8-9 4-5 11-15 9-11 1-9 1-5 1-3 3-11",35,"4-5 12-13 14-15 1-3 12-14 4-5 10-11 14-15 2-6 3-7 8-12 9-13 1-3 4-6 9-11 12-14 2-3 8-9 10-11 12-13 14-15 5-13 6-14 7-15 3-7 8-12 9-13 10-14 4-6 12-14 13-15 6-7 10-11 12-13 14-15",1
580,28,0x7EB86A5D02419CF3,"3 15 12 9 1 4 2 0 13 5 10 6 8 11 14 7",parallel_methods,16,"4-5 1-5 2-6 3-11 3-7 8-12 9-13 5-13 9-11 6-7 7-15 13-15 12-13 0-2 2-3 0-2",16,"0-2 9-13 3-11 2-3 2-6 4-5 1-5 5-7 7-15 8-12 9-11 12-13 0-4 4-12 4-5 0-4",16,"3-11 0-2 2-3 2-6 4-5 1-9 1-5 7-15 13-15 9-13 8-9 0-8 8-12 11-15 13-15 9-13",28,"8-9 1-3 4-6 9-11 12-14 4-5 1-5 2-6 3-7 8-12 9-13 0-2 1-3 9-11 12-14 13-15 0-1 2-3 10-11 14-15 5-13 6-14 7-15 8-12 9-13 5-7 12-14 10-11",1
581,26,0xE9C76A3B2D54F180,"0 8 1 15 4 5 13 2 11 3 10 6 7 12 9 14",parallel_methods,14,"1-9 3-7 2-3 1-3 8-9 12-13 14-15 11-15 7-15 6-7 9-11 5-7 5-13 5-7",14,"12-13 2-3 1-9 1-3 6-7 2-6 8-9 14-15 11-15 7-15 6-7 9-11 13-15 7-15",14,"1-9 8-9 14-15 11-15 9-11 3-7 2-3 1-3 7-15 12-13 6-7 13-15 7-15 13-15",32,"2-3 8-9 14-15 1-3 4-6 9-11 12-14 2-3 14-15 2-6 3-7 8-12 9-13 4-6 12-14 13-15 2-3 4-5 10-11 14-15 5-13 6-14 7-15 3-7 8-12 9-13 5-7 12-14 4-5 8-9 10-11 12-13",1
582,32,0x0C19AD524F673E8B,"11 8 14 3 7 6 15 4 2 5 13 10 9 1 12 0",parallel_methods,17,"9-13 0-8 1-9 6-7 4-6 7-15 6-7 2-6 0-2 8-10 8-12 8-9 10-11 5-13 12-13 12-14 6-14",17,"0-1 0-8 9-13 1-9 5-13 6-7 4-6 7-15 6-7 2-6 0-2 10-11 9-11 12-13 9-13 12-14 6-14",17,"6-7 7-15 4-6 6-7 2-6 0-8 0-2 8-10 10-11 8-12 9-13 5-13 12-13 12-14 6-14 1-9 8-9",37,"0-1 4-5 12-13 1-3 4-6 12-14 0-1 2-3 10-11 1-5 2-6 3-7 8-12 9-13 1-3 4-6 9-11 4-5 6-7 8-9 12-13 4-12 5-13 6-14 7-15 1-5 2-6 3-7 8-12 9-13 0-2 1-3 9-11 0-1 2-3 4-5 12-13",1
583,34,0x53429D180AFCE76B,"11 6 7 14 12 15 10 0 8 1 13 9 2 4 3 5",parallel_methods,18,"10-14 2-6 2-10 2-3 5-7 1-5 0-1 1-9 7-15 5-7 6-7 9-11 12-14 12-13 4-12 6-14 2-6 6-14",18,"0-1 0-2 1-9 2-6 3-7 4-12 0-4 5-13 4-5 7-15 5-7 9-11 10-14 2-10 2-3 0-2 14-15 13-15",18,"0-1 1-9 9-11 6-14 2-6 2-3 6-7 2-6 0-2 5-13 13-15 10-14 12-14 6-14 2-6 5-13 12-13 4-12",40,"0-1 2-3 8-9 14-15 1-3 12-14 2-3 4-5 10-11 14-15 2-6 3-7 8-12 1-3 4-6 8-10 9-11 12-14 0-1 2-3 6-7 8-9 10-11 12-13 14-15 3-11 4-12 5-13 6-14 7-15 1-5 2-6 3-7 8-12 1-3 5-7 8-10 6-7 10-11 12-13",1
584,34,0x94DF6C7E10835B2A,"10 2 11 5 3 8 0 1 14 7 12 6 15 13 4 9",parallel_methods,19,"1-3 12-14 2-3 4-5 1-5 4-12 11-15 9-11 3-11 3-7 1-3 14-15 6-14 10-14 8-10 0-8 10-14 8-10 8-12",19,"1-3 12-14 2-3 4-5 1-5 4-12 8-10 8-12 11-15 9-11 3-11 3-7 1-3 14-15 2-6 0-2 2-6 6-14 10-14",19,"3-7 1-3 11-15 9-11 2-3 4-5 5-7 3-11 3-7 12-14 14-15 0-8 0-4 4-6 6-14 8-10 0-8 0-4 4-12",37,"0-1 6-7 8-9 12-13 14-15 1-3 9-11 2-3 4-5 8-9 12-13 1-5 2-6 3-7 8-12 9-13 0-2 1-3 9-11 12-14 0-1 4-5 10-11 5-13 6-14 7-15 8-12 9-13 10-14 11-15 5-7 12-14 13-15 4-5 8-9 12-13 14-15",1
585,32,0xAE869D074BCF5132,"2 3 1 5 15 12 11 4 7 0 13 9 6 8 14 10",parallel_methods,17,"0-2 1-3 4-12 6-7 4-6 8-9 9-11 11-15 7-15 10-11 11-15 12-13 13-15 1-5 0-1 0-8 8-12",17,"0-2 9-13 1-3 4-5 4-12 5-13 1-5 0-1 6-7 4-6 8-9 9-11 11-15 7-15 10-11 11-15 13-15",17,"8-9 9-11 11-15 10-11 6-7 7-15 11-15 4-12 12-13 13-15 0-2 1-3 1-5 0-1 0-8 8-12 4-6",35,"2-3 4-5 8-9 1-3 12-14 13-15 0-1 2-3 4-5 10-11 14-15 3-7 8-12 9-13 4-6 5-7 9-11 12-14 4-5 6-7 10-11 14-15 5-13 6-14 7-15 3-7 8-12 9-13 1-3 5-7 9-11 12-14 0-1 2-3 4-5",1
586,36,0x1C0BA32F98574ED6,"6 13 14 4 7 5 8 9 15 2 3 10 11 0 12 1",parallel_methods,19,"12-14 2-10 4-6 0-4 7-15 3-7 6-7 4-6 8-9 0-8 9-13 1-9 10-14 10-11 13-15 9-13 0-2 0-1 1-3",19,"1-9 2-10 3-7 1-3 2-3 4-6 0-4 6-7 4-6 8-9 9-13 8-9 0-8 12-14 10-14 10-11 13-15 9-13 1-9",19,"12-14 2-10 10-14 10-11 7-15 3-7 4-6 6-7 0-4 4-6 1-9 1-3 2-3 9-13 8-9 0-8 9-13 13-15 9-13",43,"4-5 6-7 8-9 10-11 12-13 1-3 4-6 5-7 9-11 12-14 0-1 2-3 6-7 14-15 2-6 3-7 8-12 9-13 1-3 9-11 2-3 4-5 8-9 10-11 12-13 4-12 5-13 6-14 7-15 0-4 1-5 2-6 3-7 8-12 9-13 0-2 1-3 12-14 0-1 2-3 10-11 12-13 14-15",1
587,30,0x1DF08E394672C5BA,"10 11 5 12 2 7 6 4 9 3 14 8 0 15 13 1",parallel_methods,17,"0-2 5-7 1-3 0-1 0-4 4-12 9-11 3-11 8-9 14-15 10-14 2-10 0-2 13-15 0-1 0-4 4-5",17,"0-2 0-4 5-7 4-5 9-11 3-11 8-9 11-15 14-15 13-15 9-11 1-9 9-11 12-14 10-14 2-10 0-2",17,"5-7 0-2 0-4 4-5 9-11 8-9 3-11 11-15 14-15 12-14 10-14 2-10 0-2 13-15 3-11 1-3 3-11",45,"2-3 8-9 1-3 4-6 9-11 12-14 0-1 2-3 4-5 6-7 10-11 12-13 14-15 1-5 2-6 3-7 8-12 9-13 0-2 1-3 9-11 0-1 10-11 12-13 5-13 6-14 7-15 1-5 2-6 3-7 8-12 9-13 10-14 0-2 1-3 4-6 9-11 12-14 13-15 0-1 4-5 6-7 10-11 12-13 14-15",1
588,28,0xDC6F72A594E3B810,"0 1 8 11 3 14 4 9 5 10 2 7 15 6 12 13",parallel_methods,15,"2-10 3-11 4-5 4-6 5-7 3-7 8-9 8-10 12-13 12-14 6-14 13-15 1-9 1-5 1-9",15,"12-14 2-10 3-11 3-7 1-3 4-5 4-6 8-9 1-9 1-5 1-3 8-10 13-15 14-15 6-14",15,"12-13 13-15 2-10 8-9 8-10 4-5 4-6 12-14 6-14 3-11 3-7 1-3 1-9 1-5 1-3",41,"2-3 6-7 10-11 12-13 14-15 4-6 9-11 12-14 2-3 4-5 6-7 8-9 12-13 14-15 2-6 3-7 8-12 9-13 10-14 4-6 12-14 13-15 2-3 6-7 14-15 4-12 5-13 6-14 7-15 3-7 8-12 9-13 10-14 4-6 5-7 12-14 2-3 4-5 6-7 10-11 14-15",1
589,36,0x08C46923AD71FE5B,"11 5 14 15 1 7 13 10 3 2 9 6 4 12 8 0",parallel_methods,19,"0-8 3-7 7-15 8-10 6-7 2-6 0-2 2-3 5-7 8-9 10-11 10-14 6-14 8-10 2-10 4-5 1-5 4-12 12-13",19,"11-15 4-6 0-8 3-7 4-12 7-15 6-7 5-7 1-5 8-9 10-11 2-10 0-2 2-3 9-11 10-14 8-10 2-10 12-13",19,"3-7 7-15 5-7 8-10 2-10 10-14 8-9 1-5 0-8 8-10 10-11 2-3 2-10 4-6 4-12 12-13 2-6 0-2 0-1",35,"0-1 2-3 8-9 4-6 5-7 12-14 2-3 6-7 10-11 12-13 1-5 2-6 3-7 8-12 9-13 1-3 9-11 12-14 0-1 4-5 10-11 3-11 4-12 5-13 6-14 7-15 1-5 2-6 3-7 8-12 1-3 8-10 0-1 6-7 10-11",1
590,26,0x9A54B2E7F1D8306C,"12 6 0 3 8 13 1 15 7 14 2 11 4 5 10 9",parallel_methods,15,"8-9 5-13 4-6 0-4 0-1 0-2 2-6 2-10 4-12 8-10 10-14 9-11 11-15 7-15 9-11",15,"8-9 5-13 9-13 4-6 0-4 0-1 0-2 2-6 2-10 4-12 8-10 10-14 13-15 7-15 9-13",15,"4-6 0-4 4-12 0-1 0-2 2-6 2-10 8-9 8-10 10-14 13-15 9-13 7-15 5-13 5-7",39,"0-1 2-3 6-7 10-11 0-2 1-3 4-6 9-11 12-14 13-15 0-1 8-9 14-15 3-7 8-12 9-13 1-3 4-6 5-7 8-10 9-11 12-14 2-3 6-7 8-9 12-13 14-15 4-12 5-13 6-14 7-15 3-7 8-12 4-6 9-11 12-14 2-3 6-7 12-13",1
591,34,0x73C1F462A5D8E09B,"11 9 0 14 8 13 5 10 2 6 4 15 1 12 3 7",parallel_methods,19,"12-13 0-8 5-13 1-9 1-5 3-7 7-15 8-10 14-15 11-15 3-11 10-11 0-4 0-8 4-6 4-5 0-2 2-6 4-6",19,"0-2 8-10 2-3 2-10 7-15 8-12 4-12 8-9 1-9 8-12 10-14 11-15 10-11 3-11 4-6 4-5 4-12 4-6 12-13",19,"0-8 0-2 12-13 5-13 1-9 1-5 6-7 5-7 6-14 6-7 3-7 7-15 8-10 0-4 0-8 0-4 14-15 11-15 10-11",45,"0-1 2-3 6-7 10-11 14-15 1-3 4-6 9-11 12-14 0-1 2-3 4-5 10-11 12-13 14-15 2-6 3-7 8-12 9-13 1-3 4-6 9-11 12-14 4-5 8-9 10-11 12-13 2-10 3-11 4-12 5-13 6-14 7-15 1-5 2-6 3-7 8-12 9-13 1-3 8-10 9-11 12-14 6-7 12-13 14-15",1
592,26,0x6AD47853FE0B291C,"12 1 9 2 11 0 14 15 3 5 8 7 4 13 10 6",parallel_methods,15,"8-10 2-3 3-11 4-5 0-4 4-12 7-15 10-14 6-14 6-7 3-7 5-13 9-13 5-13 9-11",15,"7-15 4-5 0-4 4-12 8-10 2-10 2-3 9-13 5-13 9-13 10-11 9-11 10-14 6-14 6-7",15,"14-15 11-15 7-15 6-14 0-4 4-12 0-8 0-2 2-3 8-10 1-9 1-5 0-1 1-9 10-11",35,"0-1 4-5 6-7 1-3 4-6 5-7 12-14 6-7 10-11 12-13 14-15 3-7 8-12 9-13 1-3 4-6 5-7 12-14 0-1 2-3 6-7 10-11 14-15 3-11 4-12 5-13 6-14 7-15 3-7 8-12 4-6 8-10 9-11 10-11 12-13",1
593,26,0xEBA79804D35F621C,"12 1 2 6 15 5 3 13 4 0 8 9 7 10 11 14",parallel_methods,15,"14-15 8-12 4-12 8-9 0-8 9-11 11-15 7-15 12-13 8-12 8-10 13-15 2-3 2-6 2-3",15,"0-8 4-12 12-13 8-12 8-10 14-15 9-11 11-15 7-15 6-7 3-7 4-6 0-4 6-7 13-15",15,"8-12 8-9 0-8 4-12 14-15 12-13 8-12 8-10 9-11 11-15 7-15 13-15 2-6 2-3 2-6",39,"0-1 2-3 4-5 6-7 8-9 10-11 14-15 1-3 4-6 12-14 13-15 4-5 10-11 14-15 2-6 3-7 8-12 9-13 10-14 4-6 5-7 12-14 13-15 2-3 6-7 14-15 5-13 6-14 7-15 3-7 8-12 1-3 4-6 5-7 9-11 12-14 0-1 2-3 12-13",1
594,40,0x19A735E284FDC0B6,"6 11 0 12 13 15 4 8 2 14 5 3 7 10 9 1",parallel_methods,20,"0-2 1-3 3-11 4-12 4-6 8-10 6-7 2-6 2-10 8-9 1-9 8-10 13-15 5-13 1-5 14-15 10-14 13-15 9-13 12-13",20,"0-2 1-3 3-11 4-12 4-6 13-15 5-13 1-5 6-7 2-6 8-10 2-10 8-9 8-10 14-15 10-14 13-15 9-13 5-13 12-13",20,"1-3 3-11 4-12 4-6 6-7 10-14 8-10 8-9 0-2 2-6 2-10 13-15 14-15 5-13 13-15 1-5 5-13 12-13 8-10 10-14",40,"2-3 6-7 1-3 9-11 12-14 0-1 2-3 4-5 12-13 2-6 3-7 8-12 9-13 10-14 1-3 4-6 5-7 9-11 12-14 2-3 6-7 8-9 10-11 3-11 4-12 5-13 6-14 7-15 1-5 2-6 3-7 8-12 1-3 8-10 9-11 12-14 4-5 8-9 10-11 12-13",1
595,26,0xAFD91C584273EB06,"6 0 11 14 3 7 2 4 8 5 12 1 9 13 15 10",parallel_methods,16,"5-7 3-11 4-5 11-15 14-15 0-2 0-1 1-9 1-5 1-3 2-6 10-11 9-11 8-9 8-12 8-9",16,"3-11 0-4 0-1 1-3 2-10 2-6 4-6 5-7 10-11 14-15 10-14 9-13 4-5 5-13 12-13 9-13",16,"0-2 2-6 0-1 5-7 4-5 1-9 1-5 3-11 1-3 14-15 10-14 12-14 11-15 14-15 11-15 9-11",40,"0-1 2-3 6-7 8-9 4-6 9-11 12-14 2-3 4-5 8-9 10-11 14-15 1-5 2-6 3-7 8-12 9-13 10-14 1-3 12-14 13-15 4-5 10-11 12-13 14-15 6-14 7-15 3-7 8-12 9-13 10-14 1-3 4-6 5-7 12-14 2-3 4-5 8-9 10-11 14-15",1
596,36,0xA91E6B83C5420D7F,"15 7 13 0 2 4 5 12 3 8 11 6 14 1 9 10",parallel_methods,19,"0-2 0-4 10-11 4-5 5-13 1-5 6-7 5-7 10-14 6-14 8-10 2-10 2-3 0-2 8-9 12-14 14-15 10-14 14-15",19,"0-1 0-2 12-14 11-15 4-6 2-6 4-5 7-15 6-7 8-9 1-9 1-3 0-1 9-13 1-9 10-11 13-15 12-13 9-13",19,"11-15 10-11 4-6 4-5 1-3 0-1 12-14 8-9 7-15 1-9 9-13 13-15 12-13 3-7 2-3 1-3 1-9 9-13 2-6",39,"0-1 6-7 12-13 14-15 1-3 4-6 5-7 9-11 12-14 0-1 6-7 10-11 12-13 14-15 1-5 2-6 3-7 8-12 9-13 10-14 1-3 9-11 12-14 4-5 10-11 5-13 6-14 7-15 2-6 3-7 8-12 1-3 4-6 5-7 9-11 12-14 2-3 6-7 12-13",1
597,34,0x15D4E367FC8029BA,"10 11 9 2 0 8 12 15 7 6 3 14 4 13 5 1",parallel_methods,17,"0-2 0-8 0-4 1-9 1-5 2-10 2-3 4-5 4-6 4-12 11-15 9-11 1-9 8-9 14-15 7-15 5-7",17,"0-2 0-8 0-4 1-9 1-5 2-10 2-3 4-5 4-6 4-12 11-15 9-11 1-9 8-9 14-15 7-15 5-7",17,"2-10 2-3 11-15 14-15 0-8 0-4 7-15 1-9 9-11 8-10 1-5 4-5 5-7 1-9 8-9 4-6 4-12",43,"6-7 8-9 10-11 0-2 1-3 4-6 5-7 9-11 12-14 0-1 6-7 8-9 10-11 12-13 2-6 3-7 8-12 1-3 4-6 5-7 9-11 12-14 0-1 6-7 8-9 12-13 2-10 3-11 4-12 5-13 6-14 7-15 2-6 3-7 8-12 9-13 1-3 8-10 9-11 12-14 2-3 4-5 6-7",1
598,38,0x032BF5AD97E614C8,"8 12 4 1 6 14 7 9 13 10 5 15 11 2 3 0",parallel_methods,19,"5-7 1-5 5-13 6-7 6-14 2-6 4-6 8-9 8-10 0-8 11-15 12-13 9-13 9-11 1-9 0-1 1-5 1-3 2-3",19,"5-7 1-5 5-13 6-7 6-14 2-6 4-6 8-9 8-10 0-8 11-15 12-13 9-13 9-11 1-9 0-1 1-5 1-3 2-3",19,"11-15 9-11 8-9 0-8 5-7 6-7 6-14 2-6 4-6 10-11 1-5 5-13 12-13 9-13 9-11 1-9 1-5 1-3 2-3",39,"6-7 8-9 10-11 12-13 0-2 1-3 4-6 9-11 12-14 0-1 4-5 6-7 8-9 10-11 12-13 2-6 3-7 8-12 4-6 8-10 9-11 2-3 6-7 8-9 4-12 5-13 6-14 7-15 1-5 2-6 3-7 8-12 9-13 1-3 12-14 0-1 4-5 10-11 14-15",1
599,36,0x130B5FC6278DEA94,"4 9 10 14 13 8 7 2 6 12 15 5 11 0 3 1",parallel_methods,19,"4-5 0-4 0-8 6-7 9-13 1-9 10-14 2-10 11-15 3-11 12-13 13-15 5-13 11-15 14-15 0-1 1-3 2-3 2-6",19,"12-13 8-9 1-9 3-7 4-5 0-4 8-12 0-8 10-14 2-10 2-3 13-15 5-13 1-5 11-15 7-15 5-7 6-7 14-15",19,"3-11 10-11 10-14 2-10 11-15 3-7 2-3 4-5 0-4 12-13 8-12 0-8 9-13 9-11 12-13 5-13 5-7 6-7 1-9",43,"2-3 4-5 12-13 9-11 12-14 2-3 4-5 8-9 10-11 12-13 14-15 1-5 2-6 3-7 8-12 1-3 4-6 8-10 9-11 0-1 4-5 8-9 3-11 4-12 5-13 6-14 7-15 1-5 2-6 3-7 8-12 9-13 0-2 1-3 9-11 12-14 0-1 4-5 6-7 8-9 10-11 12-13 14-15",1
600,26,0x8E5D302AC6F7941B,"11 1 4 9 7 15 6 12 10 2 0 3 13 5 14 8",parallel_methods,16,"0-2 2-10 5-7 5-13 12-13 11-15 7-15 9-11 3-11 0-4 0-2 2-3 3-7 9-11 10-11 8-10",16,"2-6 3-11 4-6 5-13 6-7 8-10 0-8 8-9 9-11 13-15 12-13 0-8 2-6 0-2 0-8 8-12",16,"8-10 0-8 3-11 8-9 9-11 5-13 13-15 2-6 4-6 6-7 12-13 2-6 8-10 2-10 8-10 8-12",42,"0-1 2-3 6-7 8-9 10-11 12-13 1-3 4-6 9-11 12-14 4-5 8-9 14-15 2-6 3-7 8-12 9-13 10-14 4-6 5-7 12-14 13-15 2-3 6-7 10-11 12-13 14-15 4-12 5-13 6-14 7-15 1-5 2-6 3-7 8-12 9-13 1-3 9-11 12-14 0-1 4-5 8-9",1
601,32,0x6A039B824E1F5CD7,"7 13 12 5 15 1 14 4 2 8 11 9 3 0 10 6",parallel_methods,17,"4-12 1-5 5-13 4-5 0-4 5-7 3-7 4-5 5-7 9-11 10-11 8-10 2-10 10-14 12-14 14-15 6-14",17,"4-12 10-11 1-5 5-13 4-5 0-4 5-7 3-7 4-5 5-7 8-10 2-10 8-9 10-14 12-14 14-15 6-14",17,"9-11 10-11 8-10 2-10 10-14 4-12 12-14 14-15 6-14 1-5 5-13 4-5 5-7 3-7 0-4 4-5 5-7",39,"4-5 12-13 1-3 4-6 12-14 13-15 0-1 4-5 6-7 10-11 14-15 2-6 3-7 8-12 0-2 1-3 4-6 5-7 9-11 12-14 0-1 6-7 8-9 12-13 4-12 5-13 6-14 7-15 1-5 2-6 3-7 1-3 4-6 8-10 9-11 0-1 4-5 8-9 10-11",1
602,40,0x10462CF5ABE89D37,"7 3 13 9 8 14 11 10 5 15 12 2 6 4 0 1",parallel_methods,20,"0-2 0-4 0-8 5-13 2-6 3-11 2-3 4-12 6-7 6-14 4-6 0-4 4-5 9-11 10-14 11-15 3-11 1-3 12-13 12-14",20,"0-2 0-4 0-8 4-12 2-6 3-11 2-3 5-13 6-7 6-14 4-6 0-4 4-5 9-11 10-14 11-15 3-11 1-3 12-13 12-14",20,"3-11 9-11 11-15 2-6 2-3 3-11 1-3 0-4 0-8 4-6 6-7 6-14 10-14 4-5 5-13 4-12 12-14 4-6 0-4 4-5",40,"0-1 12-13 14-15 4-6 9-11 2-3 4-5 6-7 8-9 12-13 3-7 8-12 4-6 8-10 9-11 2-3 6-7 8-9 12-13 2-10 3-11 4-12 5-13 6-14 7-15 1-5 2-6 3-7 8-12 9-13 0-2 1-3 5-7 8-10 9-11 12-14 0-1 2-3 12-13 14-15",1
603,26,0xFB6D59083AE427C1,"1 12 7 2 4 14 10 3 8 0 9 5 13 6 11 15",parallel_methods,16,"12-13 2-3 3-7 10-11 10-14 12-14 6-14 1-5 1-9 0-1 9-11 10-11 10-14 12-13 5-13 12-13",16,"11-15 1-9 0-1 2-3 3-7 13-15 5-13 12-13 14-15 6-14 11-15 8-10 8-9 8-10 10-14 12-14",16,"2-3 3-7 1-9 0-1 5-13 9-13 12-13 10-11 9-11 10-14 10-11 6-14 10-14 5-7 6-7 5-7",38,"8-9 12-13 14-15 1-3 4-6 9-11 12-14 4-5 10-11 14-15 2-6 3-7 8-12 9-13 10-14 4-6 12-14 13-15 2-3 6-7 14-15 5-13 6-14 7-15 3-7 8-12 9-13 1-3 4-6 5-7 9-11 12-14 0-1 2-3 4-5 6-7 10-11 14-15",1
604,32,0x5602DAB17FE849C3,"3 12 9 4 8 14 15 7 1 11 10 13 2 0 6 5",parallel_methods,18,"6-14 2-3 0-2 0-4 0-8 5-13 1-5 0-1 12-13 13-15 5-13 11-15 3-11 2-3 9-11 14-15 12-14 12-13",18,"0-1 0-4 0-8 1-3 0-1 4-12 0-4 0-2 5-13 6-14 9-11 13-15 14-15 5-13 0-1 9-13 1-9 0-1",18,"6-14 5-13 13-15 14-15 9-11 0-2 2-3 0-8 0-1 5-13 9-13 8-9 4-12 0-4 0-2 0-8 8-12 4-12",40,"10-11 12-13 1-3 4-6 9-11 12-14 13-15 10-11 14-15 2-6 3-7 8-12 4-6 5-7 8-10 9-11 12-14 2-3 6-7 8-9 10-11 12-13 3-11 4-12 5-13 6-14 7-15 1-5 2-6 3-7 8-12 0-2 1-3 9-11 0-1 2-3 4-5 6-7 8-9 12-13",1
605,34,0x45B6A2ED189370FC,"12 15 0 7 3 9 8 1 13 14 2 10 6 11 5 4",parallel_methods,19,"0-4 0-2 3-7 1-3 4-12 6-14 4-6 8-9 13-15 5-13 4-5 9-13 2-3 2-10 10-14 8-10 14-15 10-14 10-11",19,"0-4 0-2 3-7 1-3 4-12 6-14 4-6 8-9 13-15 5-13 4-5 9-13 11-15 2-3 2-10 10-14 8-10 14-15 10-14",19,"14-15 0-4 12-14 4-12 6-14 3-7 0-2 9-13 13-15 5-13 1-3 2-3 2-10 10-14 14-15 8-9 9-13 8-10 10-11",33,"2-3 10-11 0-2 1-3 4-6 8-10 9-11 0-1 4-5 8-9 12-13 2-6 3-7 8-12 1-3 8-10 9-11 12-14 4-5 8-9 12-13 14-15 4-12 5-13 6-14 7-15 3-7 8-12 9-13 4-6 12-14 2-3 10-11",1
606,36,0x63BA0D45CEF29817,"7 1 8 9 2 15 14 12 5 4 13 0 10 11 3 6",parallel_methods,19,"0-2 14-15 3-11 2-3 6-14 7-15 3-7 8-12 8-10 8-9 0-8 0-4 0-2 13-15 12-13 5-13 13-15 9-13 9-11",19,"0-1 1-3 1-9 0-1 0-4 0-2 14-15 8-12 6-14 7-15 3-7 10-11 8-10 0-8 13-15 11-15 12-13 5-13 13-15",19,"9-13 3-11 9-11 14-15 6-14 0-2 0-8 5-7 7-15 0-4 2-3 0-2 3-7 5-13 8-10 8-12 12-13 4-5 8-10",43,"0-1 2-3 8-9 14-15 4-6 9-11 2-3 4-5 6-7 8-9 10-11 12-13 3-7 8-12 9-13 10-14 1-3 4-6 5-7 9-11 12-14 2-3 4-5 6-7 8-9 10-11 14-15 3-11 4-12 5-13 6-14 7-15 2-6 3-7 8-12 1-3 9-11 0-1 2-3 4-5 6-7 8-9 12-13",1
607,34,0x0912BCA734D8EF56,"6 5 15 14 8 13 4 3 7 10 12 11 2 1 9 0",parallel_methods,17,"0-4 12-14 2-3 3-7 4-6 5-13 1-5 8-10 8-12 8-9 10-14 2-10 14-15 7-15 10-14 8-10 0-8",17,"0-4 12-14 2-3 3-7 4-6 5-13 1-5 8-10 8-12 8-9 10-14 2-10 14-15 7-15 10-14 8-10 0-8",17,"5-13 1-5 0-4 4-6 8-10 8-12 10-14 8-10 2-10 8-9 14-15 10-14 8-10 0-8 3-7 7-15 14-15",33,"0-1 12-13 12-14 2-3 4-5 10-11 2-6 3-7 8-12 0-2 1-3 8-10 9-11 0-1 4-5 8-9 10-11 4-12 5-13 6-14 7-15 1-5 2-6 3-7 8-12 0-2 1-3 4-6 9-11 0-1 2-3 4-5 6-7",1
608,38,0x82376E0F9B1C4D5A,"10 5 13 4 12 1 11 9 15 0 14 6 7 3 2 8",parallel_methods,20,"0-2 1-5 3-7 3-11 4-12 6-7 4-6 8-9 0-8 10-14 2-10 13-15 7-15 3-7 6-7 9-13 8-9 9-11 11-15 13-15",20,"0-2 0-1 1-9 0-1 1-5 3-7 3-11 4-12 6-7 3-7 4-6 6-7 10-14 2-10 13-15 9-13 8-9 9-11 11-15 3-11",20,"1-5 10-14 4-12 2-10 8-9 0-8 3-7 6-7 4-6 11-15 7-15 6-7 9-11 11-15 8-10 8-9 9-13 1-9 1-3 1-9",46,"0-1 4-5 8-9 12-13 14-15 1-3 4-6 9-11 12-14 0-1 2-3 4-5 6-7 2-6 3-7 8-12 9-13 1-3 4-6 8-10 9-11 12-14 0-1 2-3 8-9 12-13 14-15 3-11 4-12 5-13 6-14 7-15 1-5 2-6 3-7 8-12 9-13 1-3 4-6 8-10 9-11 12-14 13-15 0-1 4-5 14-15",1
609,34,0xE83A042B6FD5C917,"7 1 9 12 5 13 15 6 11 2 4 0 10 3 8 14",parallel_methods,18,"0-2 2-3 5-13 8-9 0-8 0-2 9-11 8-9 0-8 8-12 10-14 6-14 8-10 14-15 4-6 6-7 5-7 3-7",18,"3-11 0-2 2-3 5-13 4-5 8-9 0-8 0-2 9-11 8-9 8-12 10-14 6-14 4-6 6-7 3-7 8-10 14-15",18,"12-14 10-14 6-14 14-15 5-13 3-11 9-11 2-3 8-9 8-12 3-11 9-11 4-5 0-4 4-6 6-7 0-2 2-3",40,"0-1 2-3 8-9 12-13 14-15 4-6 9-11 12-14 2-3 6-7 8-9 14-15 2-6 3-7 8-12 9-13 10-14 1-3 4-6 5-7 9-11 12-14 13-15 6-7 10-11 14-15 4-12 5-13 6-14 7-15 1-5 2-6 3-7 8-12 1-3 9-11 12-14 0-1 8-9 12-13",1
610,34,0x209A638B751FDCE4,"4 14 12 13 15 1 5 7 11 8 3 6 10 9 0 2",parallel_methods,18,"11-15 1-5 2-10 3-11 2-3 4-6 4-5 8-9 9-11 9-13 12-14 4-12 0-4 10-14 12-14 6-7 7-15 6-7",18,"0-1 11-15 1-5 2-10 3-11 2-3 12-14 4-12 0-4 4-6 4-5 8-9 9-11 9-13 10-14 12-14 14-15 6-14",18,"10-11 3-11 8-9 9-11 9-13 4-6 6-14 14-15 1-5 2-6 6-14 12-14 10-14 4-5 4-6 6-14 0-4 0-2",44,"2-3 4-5 6-7 8-9 10-11 12-13 14-15 1-3 4-6 8-10 9-11 4-5 6-7 8-9 12-13 1-5 2-6 3-7 8-12 9-13 1-3 4-6 9-11 0-1 4-5 6-7 8-9 10-11 12-13 4-12 5-13 6-14 7-15 1-5 2-6 3-7 1-3 4-6 8-10 9-11 0-1 4-5 8-9 10-11",1
611,40,0x8341752D6ACBE9F0,"0 15 9 14 11 12 10 6 13 2 5 7 1 4 3 8",parallel_methods,20,"1-9 2-3 1-3 2-6 2-10 2-3 4-5 6-14 12-13 4-12 6-7 3-7 5-7 11-15 7-15 9-11 8-9 9-13 1-9 11-15",20,"1-9 2-3 1-3 2-6 2-10 2-3 4-5 12-13 4-12 6-14 6-7 3-7 5-7 11-15 7-15 9-11 8-9 9-13 1-9 11-15",22,"5-13 4-12 8-12 12-13 4-5 6-14 6-7 1-5 3-11 3-7 2-10 8-10 8-9 11-15 10-11 8-10 2-10 10-14 14-15 7-15 5-7 7-15",36,"2-3 8-9 10-11 14-15 1-3 9-11 12-14 4-5 14-15 2-6 3-7 8-12 1-3 9-11 12-14 2-3 4-5 8-9 12-13 2-10 3-11 4-12 5-13 6-14 7-15 1-5 2-6 3-7 8-12 1-3 5-7 8-10 6-7 8-9 10-11 12-13",1
612,34,0x1302F6ACB7D8E549,"9 4 5 14 8 13 7 11 12 10 6 15 2 0 3 1",parallel_methods,18,"0-1 0-4 3-7 5-13 6-7 8-12 0-8 0-2 10-14 6-14 11-15 9-11 1-9 10-11 3-11 0-4 4-5 0-4",18,"0-1 0-2 0-4 3-7 5-13 4-5 6-7 11-15 9-11 1-9 8-12 0-8 0-2 0-4 10-14 6-14 10-11 3-11",18,"3-7 6-7 10-14 6-14 11-15 9-11 10-11 3-11 0-1 1-9 8-12 5-13 0-2 0-4 4-5 0-8 0-2 0-4",44,"0-1 2-3 6-7 8-9 10-11 12-13 1-3 4-6 9-11 12-14 2-3 4-5 8-9 10-11 14-15 2-6 3-7 4-6 8-10 9-11 2-3 8-9 10-11 3-11 4-12 5-13 6-14 7-15 0-4 1-5 2-6 3-7 8-12 9-13 0-2 1-3 9-11 12-14 0-1 2-3 6-7 8-9 12-13 14-15",1
613,40,0x892E6715A3CFD40B,"11 0 4 13 15 12 3 10 5 1 7 6 14 2 9 8",parallel_methods,20,"0-1 1-3 1-9 2-6 3-11 5-13 3-7 2-3 2-10 4-5 4-6 2-6 6-7 12-14 8-12 12-13 5-13 13-15 9-13 8-9",20,"0-1 1-3 1-9 2-6 3-11 5-13 3-7 2-3 2-10 4-5 4-6 2-6 6-7 12-14 8-12 12-13 5-13 13-15 9-13 8-9",20,"12-14 0-1 1-9 11-15 9-11 5-13 12-13 8-9 9-13 6-7 3-7 5-7 5-13 2-6 4-6 2-10 6-7 2-6 7-15 6-7",38,"0-1 2-3 4-5 6-7 8-9 12-13 1-3 12-14 2-3 4-5 10-11 12-13 14-15 2-6 3-7 8-12 9-13 10-14 1-3 4-6 12-14 2-3 6-7 14-15 3-11 4-12 5-13 6-14 7-15 2-6 3-7 8-12 1-3 4-6 8-10 12-14 10-11 12-13",1
614,26,0xB69DCA80453271FE,"14 15 1 7 2 3 5 4 0 8 10 12 13 9 6 11",parallel_methods,14,"0-2 11-15 4-6 2-6 5-7 3-7 4-5 6-14 8-9 1-9 0-1 9-13 13-15 12-13",14,"0-2 0-1 0-8 4-6 2-6 5-7 3-7 4-5 6-14 8-9 9-11 9-13 11-15 12-13",14,"6-7 5-7 3-7 11-15 0-2 0-1 0-8 8-9 9-13 13-15 12-13 4-6 2-6 6-14",36,"2-3 10-11 12-13 14-15 0-2 1-3 4-6 5-7 12-14 0-1 6-7 10-11 12-13 1-5 2-6 3-7 8-12 9-13 1-3 9-11 12-14 10-11 14-15 6-14 7-15 3-7 8-12 9-13 1-3 5-7 0-1 2-3 4-5 8-9 10-11 12-13",1
615,32,0x894FE7165ABD203C,"12 3 0 2 13 11 10 5 6 1 7 14 15 4 9 8",parallel_methods,18,"0-8 0-2 10-14 6-14 10-11 10-14 12-13 4-12 13-15 12-13 8-12 1-5 1-9 5-7 9-11 3-7 6-7 2-6",18,"0-8 0-2 2-6 2-10 2-3 5-7 3-7 12-13 4-12 13-15 12-13 8-12 1-3 1-9 10-11 10-14 10-11 9-11",18,"5-13 4-5 13-15 11-15 14-15 0-8 0-2 12-13 8-12 2-6 2-10 13-15 9-13 5-13 2-3 3-7 1-3 1-5",42,"0-1 2-3 4-5 8-9 10-11 12-13 0-2 1-3 12-14 0-1 4-5 10-11 12-13 14-15 3-7 8-12 9-13 10-14 4-6 9-11 12-14 6-7 10-11 14-15 4-12 5-13 6-14 7-15 3-7 8-12 9-13 1-3 4-6 5-7 8-10 9-11 12-14 13-15 2-3 6-7 8-9 14-15",1
616,22,0xF65CD819074BEA32,"2 3 10 14 11 4 7 0 9 1 8 13 12 5 6 15",parallel_methods,14,"3-7 6-7 4-5 5-13 6-14 1-9 9-11 9-13 2-3 0-2 3-11 10-11 9-11 8-9",14,"4-5 5-13 2-10 0-2 3-7 1-3 6-7 6-14 1-9 8-9 0-8 9-11 9-13 9-11",14,"3-7 6-7 6-14 4-5 5-13 9-11 9-13 2-10 0-2 1-3 9-11 1-9 8-9 0-8",44,"2-3 4-5 8-9 10-11 12-13 14-15 4-6 9-11 12-14 2-3 4-5 10-11 14-15 2-6 3-7 8-12 9-13 1-3 4-6 9-11 12-14 0-1 2-3 4-5 10-11 12-13 14-15 5-13 6-14 7-15 3-7 8-12 9-13 10-14 1-3 4-6 5-7 9-11 12-14 2-3 4-5 6-7 10-11 14-15",1
617,34,0x8BA1F923DEC40765,"5 6 7 0 4 12 14 13 3 2 9 15 1 10 11 8",parallel_methods,19,"0-1 2-3 0-2 8-9 8-10 13-15 14-15 11-15 9-13 5-13 5-7 3-7 8-9 12-13 5-13 1-5 10-14 6-14 2-6",19,"0-1 2-3 0-2 8-9 8-10 11-15 9-11 8-9 2-6 2-10 5-13 5-7 3-7 3-11 10-14 10-11 12-13 5-13 1-5",21,"1-3 0-1 11-15 12-13 5-13 1-5 10-11 9-11 8-10 2-10 10-14 10-11 2-3 2-6 2-10 12-14 10-14 12-13 5-13 5-7 5-13",39,"8-9 10-11 1-3 4-6 5-7 12-14 0-1 2-3 6-7 10-11 14-15 3-7 8-12 9-13 1-3 4-6 5-7 9-11 12-14 2-3 4-5 6-7 8-9 10-11 5-13 6-14 7-15 1-5 2-6 3-7 8-12 1-3 4-6 9-11 12-14 4-5 6-7 12-13 14-15",1
618,26,0xDF0178BC9E6A3245,"5 4 2 3 10 6 14 9 12 11 8 7 1 0 15 13",parallel_methods,15,"0-1 0-4 5-7 8-12 0-8 5-13 1-5 0-1 8-10 9-11 9-13 13-15 6-14 6-7 7-15",15,"0-1 4-12 4-5 1-5 8-12 8-10 11-15 9-11 7-15 13-15 9-13 14-15 6-14 4-6 0-4",15,"12-13 4-12 8-12 8-10 0-1 0-4 5-7 1-5 13-15 11-15 14-15 6-14 6-7 9-11 1-9",39,"0-1 2-3 4-5 8-9 12-13 0-2 1-3 4-6 8-10 9-11 12-14 13-15 0-1 6-7 8-9 14-15 8-12 9-13 4-6 5-7 4-5 6-7 10-11 12-13 5-13 6-14 7-15 2-6 3-7 8-12 9-13 10-14 0-2 1-3 4-6 5-7 12-14 0-1 14-15",1
619,28,0xF96BE85D1234A7C0,"0 12 7 10 4 3 2 1 13 5 8 14 11 6 9 15",parallel_methods,16,"1-5 5-13 2-6 5-7 6-7 8-12 8-10 10-11 10-14 12-13 1-3 1-9 1-5 8-9 8-10 8-9",16,"5-7 2-3 1-9 1-5 3-7 8-9 8-12 8-10 10-11 10-14 10-11 9-13 9-11 10-11 2-10 2-6",16,"2-3 3-7 1-9 1-5 1-3 8-12 12-13 8-10 10-11 12-14 10-14 2-10 2-6 8-12 8-9 8-12",32,"2-3 4-5 8-9 10-11 12-13 14-15 1-3 9-11 12-14 4-5 10-11 14-15 1-5 2-6 3-7 8-12 9-13 1-3 9-11 12-14 14-15 6-14 7-15 8-12 9-13 10-14 5-7 12-14 13-15 8-9 12-13 14-15",1
620,26,0xCE713B2D6495F0A8,"8 10 0 15 5 9 4 6 13 2 11 3 1 7 14 12",parallel_methods,15,"1-9 3-11 5-13 8-12 0-8 0-1 0-2 9-11 9-13 10-11 13-15 12-13 5-7 4-5 4-6",15,"3-11 5-13 8-9 0-8 0-2 4-5 4-6 6-7 13-15 11-15 12-13 9-13 1-9 9-11 10-11",15,"8-12 8-9 0-8 0-2 3-11 1-9 11-15 9-11 10-11 5-13 5-7 4-5 4-6 9-13 12-13",37,"2-3 6-7 8-9 1-3 4-6 9-11 12-14 13-15 0-1 2-3 4-5 14-15 1-5 2-6 3-7 8-12 9-13 1-3 9-11 12-14 4-5 10-11 4-12 5-13 6-14 7-15 1-5 2-6 3-7 8-12 9-13 10-14 1-3 4-6 12-14 4-5 6-7",1
621,34,0x67E3F08295CAD1B4,"4 11 1 13 10 12 5 9 2 8 0 15 3 14 7 6",parallel_methods,20,"0-4 12-13 1-3 5-13 1-5 7-15 6-7 11-15 8-9 9-11 3-11 2-3 1-3 12-14 12-13 5-13 5-7 0-2 2-10 0-2",20,"1-3 0-4 0-2 1-5 0-1 0-8 2-10 0-2 8-12 8-9 14-15 7-15 11-15 9-11 3-11 13-15 6-14 14-15 13-15 5-13",20,"0-4 0-8 8-10 14-15 3-7 7-15 0-2 12-13 13-15 0-8 8-9 11-15 3-11 1-9 9-11 6-14 12-14 4-12 4-5 4-12",44,"2-3 6-7 10-11 1-3 9-11 12-14 0-1 2-3 4-5 8-9 10-11 12-13 14-15 2-6 3-7 8-12 9-13 4-6 9-11 12-14 13-15 2-3 4-5 8-9 14-15 3-11 4-12 5-13 6-14 7-15 1-5 2-6 3-7 8-12 9-13 1-3 4-6 8-10 9-11 12-14 13-15 0-1 4-5 14-15",1
622,32,0x287E1C69A430BFD5,"5 13 15 11 0 3 4 10 9 6 12 1 14 7 8 2",parallel_methods,18,"0-4 1-5 3-11 1-3 8-9 8-10 12-14 8-12 13-15 5-13 4-5 4-6 2-6 6-7 7-15 2-10 2-6 2-10",18,"0-4 1-5 3-11 1-3 5-13 7-15 8-9 8-10 2-10 12-14 8-12 4-5 4-6 6-7 2-6 10-11 11-15 10-11",18,"10-14 12-14 3-11 1-9 0-1 1-5 1-3 0-4 4-6 13-15 7-15 9-13 8-9 8-10 2-10 14-15 10-14 14-15",42,"6-7 8-9 12-13 1-3 4-6 5-7 9-11 12-14 2-3 6-7 8-9 10-11 12-13 1-5 2-6 3-7 8-12 9-13 0-2 1-3 9-11 12-14 0-1 2-3 14-15 4-12 5-13 6-14 7-15 2-6 3-7 8-12 9-13 1-3 4-6 5-7 8-10 9-11 12-14 6-7 8-9 12-13",1
623,40,0x35AB29CF80ED4176,"6 7 1 4 13 14 0 8 15 12 9 2 11 10 5 3",parallel_methods,21,"0-2 1-3 0-1 8-9 4-5 4-6 0-4 7-15 3-7 8-12 8-10 10-11 13-15 9-13 8-9 14-15 13-15 5-13 10-14 6-14 2-6",21,"0-2 0-1 2-6 0-2 3-7 2-3 5-7 4-5 7-15 3-7 8-9 8-12 8-10 9-13 8-9 10-11 2-10 8-10 14-15 13-15 5-13",21,"2-3 1-3 7-15 3-7 8-10 8-9 8-12 14-15 10-14 8-10 10-11 4-5 13-15 5-13 4-6 0-4 14-15 10-14 6-14 2-6 4-6",43,"2-3 6-7 8-9 12-13 0-2 1-3 8-10 9-11 0-1 4-5 8-9 12-13 3-7 8-12 9-13 1-3 4-6 5-7 8-10 9-11 12-14 0-1 2-3 4-5 6-7 8-9 12-13 14-15 5-13 6-14 7-15 2-6 3-7 8-12 9-13 4-6 12-14 2-3 6-7 8-9 10-11 12-13 14-15",1
624,34,0x1C04ED73F2A59B68,"8 6 11 9 5 10 2 15 3 7 13 14 4 0 12 1",parallel_methods,17,"0-8 11-15 1-3 2-3 2-6 3-11 4-5 4-12 9-13 1-9 0-1 1-3 12-14 10-14 14-15 13-15 7-15",17,"0-8 9-13 1-3 1-9 0-1 2-3 2-6 4-5 4-12 10-11 11-15 3-11 1-3 12-14 10-14 13-15 7-15",17,"4-5 4-12 12-14 10-11 10-14 9-11 11-15 7-15 9-13 8-9 0-8 3-11 1-3 9-11 2-3 3-11 2-6",39,"0-1 6-7 10-11 12-13 4-6 12-14 2-3 10-11 14-15 2-6 3-7 8-12 0-2 1-3 4-6 8-10 9-11 0-1 6-7 8-9 12-13 3-11 4-12 5-13 6-14 7-15 1-5 2-6 3-7 8-12 9-13 10-14 0-2 1-3 9-11 12-14 0-1 8-9 10-11",1
625,28,0x6A1FE78043CD9B52,"2 5 11 9 13 12 3 4 0 8 7 14 15 1 10 6",parallel_methods,17,"10-11 3-11 10-14 5-7 4-5 5-13 1-5 7-15 6-7 3-7 0-2 0-8 8-9 9-11 13-15 12-13 13-15",17,"0-2 0-8 5-13 1-5 6-7 8-9 10-11 3-11 3-7 9-11 10-14 12-13 7-15 4-6 6-7 7-15 13-15",17,"2-10 10-11 10-14 5-13 1-5 2-6 2-3 0-2 0-8 8-9 5-7 4-5 12-13 13-15 5-13 5-7 6-7",43,"4-5 6-7 10-11 12-13 9-11 12-14 2-3 4-5 10-11 12-13 14-15 2-6 3-7 8-12 9-13 1-3 4-6 5-7 9-11 12-14 6-7 10-11 12-13 14-15 4-12 5-13 6-14 7-15 2-6 3-7 8-12 9-13 0-2 1-3 4-6 5-7 9-11 12-14 13-15 0-1 6-7 8-9 14-15",1
626,32,0x82B394CD5A7E1F06,"6 0 15 1 14 7 10 5 13 12 4 9 3 11 2 8",parallel_methods,16,"2-6 2-10 0-2 4-12 0-4 0-1 1-3 5-7 6-14 2-6 8-9 9-13 9-11 14-15 12-14 8-12",16,"2-6 2-10 0-2 4-12 0-4 0-1 1-3 5-7 6-14 2-6 8-9 9-13 9-11 14-15 12-14 8-12",16,"5-7 4-12 0-4 0-1 1-3 9-13 9-11 10-14 6-14 4-6 2-10 10-14 14-15 12-14 8-12 12-13",36,"0-1 4-5 8-9 10-11 14-15 1-3 4-6 8-10 9-11 12-14 2-3 4-5 8-9 12-13 3-7 8-12 4-6 8-10 9-11 2-3 8-9 12-13 5-13 6-14 7-15 2-6 3-7 8-12 9-13 4-6 9-11 2-3 4-5 6-7 10-11 12-13",1
627,36,0x8260E15AB49F3DC7,"7 12 13 3 15 9 4 11 10 5 1 14 0 6 2 8",parallel_methods,19,"4-6 0-2 6-14 2-6 8-10 0-8 0-1 8-12 0-8 13-15 7-15 6-7 11-15 12-13 8-12 14-15 5-13 9-13 5-13",19,"0-1 8-12 0-8 1-5 4-6 6-14 2-6 8-12 8-10 13-15 7-15 6-7 5-7 9-13 5-13 8-9 1-9 11-15 14-15",19,"5-13 4-5 4-6 9-13 10-11 10-14 5-13 2-10 8-10 13-15 0-1 8-12 0-8 12-13 8-12 1-3 3-7 3-11 1-3",49,"4-5 6-7 8-9 10-11 14-15 1-3 4-6 9-11 12-14 0-1 2-3 4-5 8-9 10-11 14-15 2-6 3-7 8-12 9-13 1-3 4-6 8-10 9-11 12-14 2-3 4-5 6-7 8-9 12-13 3-11 4-12 5-13 6-14 7-15 1-5 2-6 3-7 8-12 0-2 1-3 8-10 9-11 12-14 0-1 2-3 4-5 6-7 10-11 12-13",1
628,24,0xBADE7F296C130458,"8 5 4 0 3 1 12 6 9 2 15 7 14 13 10 11",parallel_methods,14,"1-5 4-6 2-6 2-3 8-9 0-8 0-2 10-14 11-15 4-12 4-6 14-15 6-14 6-7",14,"1-5 8-9 0-8 0-2 0-4 10-14 11-15 6-14 0-1 1-3 0-1 6-7 7-15 12-14",14,"1-5 8-9 0-8 4-6 2-6 2-3 0-2 11-15 10-14 7-15 14-15 4-6 6-14 12-14",44,"0-1 4-5 8-9 12-13 14-15 0-2 1-3 4-6 5-7 9-11 0-1 6-7 10-11 12-13 2-6 3-7 8-12 9-13 10-14 1-3 4-6 9-11 12-14 13-15 6-7 8-9 10-11 12-13 14-15 6-14 7-15 3-7 8-12 9-13 10-14 5-7 8-10 12-14 13-15 2-3 4-5 6-7 12-13 14-15",1
629,36,0x3B51FE7280A6D94C,"12 4 9 13 6 10 0 8 2 7 14 15 1 5 11 3",parallel_methods,19,"0-8 0-2 0-1 1-9 1-3 1-5 3-7 1-3 4-6 0-4 5-13 8-12 10-14 11-15 3-11 10-11 8-9 1-9 8-9",19,"0-1 1-5 1-3 1-9 2-3 1-3 3-7 4-6 0-4 5-13 10-14 11-15 3-11 10-11 8-10 2-10 12-13 9-13 1-9",19,"0-8 8-12 0-2 4-6 0-1 0-4 10-14 5-13 7-15 11-15 10-11 9-13 8-9 1-9 8-10 3-7 13-15 7-15 13-15",41,"0-1 2-3 6-7 10-11 1-3 4-6 12-14 2-3 4-5 10-11 14-15 1-5 2-6 3-7 8-12 1-3 8-10 9-11 12-14 0-1 4-5 8-9 12-13 3-11 4-12 5-13 6-14 7-15 1-5 2-6 3-7 8-12 9-13 1-3 9-11 12-14 13-15 4-5 8-9 10-11 14-15",1
630,32,0x02F4AE36751BC89D,"13 9 8 12 11 1 5 7 6 3 14 10 4 15 2 0",parallel_methods,17,"13-15 1-9 1-3 0-1 0-8 0-2 1-5 4-6 2-6 5-13 4-5 10-14 2-10 10-11 4-12 8-12 0-8",17,"0-1 0-8 0-2 10-14 1-9 1-3 1-5 13-15 4-6 2-6 2-10 4-5 4-12 9-13 8-9 0-8 10-11",17,"1-9 1-3 0-1 1-5 13-15 10-14 5-13 0-8 4-6 0-2 2-6 2-10 10-11 4-5 0-4 4-12 8-12",41,"0-1 2-3 4-5 6-7 8-9 1-3 4-6 0-1 4-5 6-7 10-11 12-13 1-5 2-6 3-7 8-12 0-2 1-3 9-11 0-1 2-3 4-5 12-13 3-11 4-12 5-13 6-14 7-15 1-5 2-6 3-7 8-12 9-13 1-3 9-11 12-14 13-15 0-1 6-7 8-9 14-15",1
631,28,0x2BD817C634F0EA95,"5 9 10 14 0 15 4 3 6 12 7 1 8 13 11 2",parallel_methods,16,"10-14 3-11 8-12 10-11 14-15 10-14 2-10 1-9 0-1 0-4 4-12 4-6 3-7 5-7 1-5 7-15",16,"0-4 14-15 3-7 8-12 10-14 2-10 11-15 1-9 7-15 5-7 1-5 4-5 4-12 4-6 14-15 7-15",16,"8-9 8-12 9-11 1-9 0-4 14-15 10-14 2-10 3-11 11-15 4-5 4-6 6-14 14-15 3-7 6-7",42,"2-3 4-6 9-11 12-14 2-3 4-5 6-7 8-9 12-13 1-5 2-6 3-7 8-12 9-13 10-14 0-2 1-3 4-6 9-11 12-14 0-1 2-3 4-5 6-7 10-11 14-15 4-12 5-13 6-14 7-15 2-6 3-7 8-12 9-13 1-3 4-6 5-7 9-11 6-7 8-9 10-11 12-13",1
632,30,0x97B4582D3C1AE6F0,"0 15 6 14 10 1 12 3 13 2 8 5 4 11 7 9",parallel_methods,15,"1-5 3-7 4-6 2-6 4-12 8-9 8-10 2-10 9-13 11-15 7-15 5-7 9-11 14-15 7-15",15,"1-5 3-7 4-6 2-6 4-12 8-9 8-10 2-10 9-13 11-15 7-15 5-7 9-11 14-15 7-15",15,"4-6 4-12 13-15 8-9 9-13 8-10 2-6 2-10 11-15 3-7 7-15 14-15 1-5 5-7 7-15",35,"2-3 4-5 8-9 14-15 1-3 4-6 9-11 12-14 6-7 12-13 14-15 2-6 3-7 8-12 9-13 1-3 9-11 12-14 4-5 8-9 10-11 14-15 4-12 5-13 6-14 7-15 3-7 8-12 4-6 8-10 9-11 2-3 6-7 8-9 12-13",1
633,32,0xF4B16E0A8D9523C7,"7 12 3 2 5 9 13 8 10 0 14 6 1 11 4 15",parallel_methods,17,"1-9 0-1 1-5 2-3 6-7 5-7 6-14 9-13 10-14 8-10 12-13 5-13 9-11 1-9 1-5 4-5 4-6",17,"1-9 0-1 1-5 2-3 6-7 5-7 6-14 9-13 9-11 1-9 10-14 8-10 12-13 5-13 1-5 4-5 4-6",17,"2-3 6-7 6-14 10-14 8-10 1-5 4-5 4-12 0-4 4-6 1-9 11-15 7-15 6-7 0-1 13-15 11-15",39,"8-9 14-15 0-2 1-3 4-6 9-11 12-14 0-1 6-7 10-11 14-15 3-7 8-12 9-13 4-6 9-11 12-14 2-3 6-7 10-11 12-13 14-15 4-12 5-13 6-14 7-15 2-6 3-7 8-12 9-13 0-2 1-3 4-6 12-14 13-15 0-1 4-5 10-11 14-15",1
634,28,0xF867019EA45B32DC,"12 13 2 3 11 5 4 10 14 9 1 0 7 6 8 15",parallel_methods,15,"4-12 4-6 6-7 10-11 8-10 0-8 12-13 12-14 6-14 8-12 10-14 9-13 9-11 1-9 9-13",15,"10-11 1-9 4-12 4-6 6-7 8-10 0-8 12-13 9-13 9-11 1-9 12-14 6-14 8-12 10-14",15,"4-12 12-13 12-14 8-10 0-8 8-12 4-6 6-7 6-14 10-14 1-9 9-13 9-11 1-9 0-1",47,"2-3 4-5 6-7 8-9 12-13 14-15 0-2 1-3 4-6 8-10 9-11 12-14 13-15 0-1 4-5 8-9 14-15 2-6 3-7 8-12 9-13 9-11 12-14 13-15 2-3 4-5 14-15 4-12 5-13 6-14 7-15 2-6 3-7 8-12 9-13 0-2 1-3 4-6 5-7 8-10 9-11 12-14 13-15 0-1 6-7 8-9 14-15",1
635,40,0x31EB856A907FDC24,"4 2 12 13 15 7 0 9 10 6 5 8 11 14 1 3",parallel_methods,21,"2-6 7-15 10-11 3-11 3-7 5-7 8-10 9-11 11-15 12-14 4-12 0-4 0-1 0-2 12-13 14-15 6-14 12-14 9-13 9-11 11-15",21,"0-1 0-2 3-7 4-6 0-4 5-7 9-11 11-15 3-11 8-10 8-12 4-12 8-9 9-11 14-15 6-14 13-15 5-13 1-5 4-5 14-15",21,"10-11 8-10 11-15 3-11 7-15 5-7 12-13 12-14 4-12 0-4 0-1 2-6 0-2 9-13 9-11 12-13 4-12 4-6 4-12 13-15 9-13",39,"0-1 2-3 4-5 6-7 8-9 10-11 14-15 4-6 9-11 2-3 4-5 8-9 12-13 2-6 3-7 8-12 9-13 1-3 4-6 0-1 2-3 4-5 6-7 10-11 12-13 4-12 5-13 6-14 7-15 2-6 3-7 8-12 1-3 4-6 9-11 12-14 2-3 8-9 12-13",1
636,36,0x80BE1C34AF972D65,"5 6 13 2 7 9 15 10 4 3 12 1 14 11 0 8",parallel_methods,19,"0-1 0-2 0-8 1-5 6-14 4-6 0-4 6-7 2-6 14-15 10-14 12-14 8-9 8-10 2-10 2-3 9-13 9-11 1-9",19,"0-1 0-2 6-14 0-8 1-5 4-6 0-4 6-7 2-6 8-9 8-10 2-10 2-3 9-13 9-11 1-9 14-15 12-14 8-12",21,"6-7 6-14 10-14 12-14 2-3 9-11 1-5 1-9 3-11 4-5 4-6 0-4 13-15 11-15 12-13 8-12 7-15 5-7 4-12 12-13 5-13",39,"8-9 12-13 14-15 1-3 4-6 5-7 9-11 0-1 2-3 6-7 8-9 10-11 12-13 3-7 8-12 9-13 10-14 4-6 9-11 12-14 6-7 10-11 4-12 5-13 6-14 7-15 1-5 2-6 3-7 8-12 9-13 0-2 1-3 9-11 12-14 0-1 8-9 10-11 12-13",1
637,40,0x41B35D9E86A2C7F0,"0 15 7 12 2 10 6 8 14 9 13 5 3 11 1 4",parallel_methods,22,"1-5 1-3 3-11 7-15 10-11 13-15 11-15 12-13 5-13 1-5 1-3 8-12 13-15 6-14 4-6 2-6 4-5 1-5 6-7 4-6 6-14 12-14",22,"13-15 1-5 2-3 3-7 3-11 1-3 8-12 10-11 8-10 2-10 2-3 11-15 12-14 12-13 5-13 1-5 13-15 2-10 0-2 0-4 0-2 4-12",22,"8-12 12-14 13-15 11-15 1-3 3-7 7-15 5-7 2-3 3-7 8-10 2-10 2-3 8-12 12-13 0-8 0-1 0-4 4-12 2-10 0-2 0-8",34,"2-3 6-7 8-9 14-15 1-3 4-6 9-11 12-14 4-5 6-7 8-9 12-13 2-6 3-7 8-12 1-3 8-10 9-11 4-5 8-9 4-12 5-13 6-14 7-15 2-6 3-7 8-12 9-13 1-3 9-11 12-14 2-3 4-5 10-11",1
638,38,0xC04B5628A1ED793F,"15 3 9 7 13 14 1 10 8 2 6 5 11 4 0 12",parallel_methods,19,"12-14 4-5 3-7 2-3 1-3 4-12 0-4 4-6 5-13 4-5 9-11 1-9 1-5 10-14 6-14 10-11 2-10 14-15 12-14",19,"12-14 10-14 3-7 2-3 1-3 4-5 4-12 0-4 4-6 5-13 4-5 6-14 9-11 1-9 1-5 10-11 2-10 14-15 12-14",19,"6-7 3-7 1-3 5-13 4-5 10-14 6-14 13-15 12-13 2-10 0-2 9-11 10-11 9-13 9-11 5-13 2-10 10-14 14-15",33,"0-1 6-7 8-9 12-13 14-15 1-3 9-11 12-14 4-5 3-7 8-12 9-13 1-3 4-6 12-14 0-1 2-3 10-11 12-13 3-11 4-12 5-13 6-14 7-15 2-6 3-7 8-12 1-3 8-10 9-11 0-1 4-5 6-7",1
639,28,0x3A49CB6EF25018D7,"7 13 8 1 0 5 2 15 14 6 11 12 9 4 10 3",parallel_methods,15,"0-2 1-9 1-3 2-3 2-6 7-15 3-7 12-13 9-13 10-11 8-10 10-14 4-12 8-12 0-8",15,"0-1 0-4 1-3 7-15 3-7 9-11 10-11 2-10 2-6 8-10 10-14 12-13 4-12 9-13 12-13",15,"1-9 12-13 9-13 10-11 8-10 10-14 0-1 0-2 2-6 0-4 4-12 8-12 1-3 7-15 3-7",37,"6-7 8-9 10-11 12-13 1-3 4-6 9-11 12-14 0-1 6-7 1-5 2-6 3-7 8-12 1-3 4-6 8-10 9-11 0-1 4-5 6-7 8-9 10-11 12-13 5-13 6-14 7-15 3-7 8-12 9-13 4-6 5-7 12-14 6-7 8-9 10-11 12-13",1
640,36,0x3B790DF6E2A1485C,"12 5 8 4 1 10 2 14 6 15 13 0 9 7 11 3",parallel_methods,18,"7-15 0-8 0-2 2-6 3-7 5-7 4-5 1-5 8-12 9-11 8-9 0-8 10-14 14-15 13-15 7-15 11-15 10-11",18,"9-11 0-8 0-2 2-6 5-13 7-15 3-7 5-7 4-5 1-5 8-12 8-9 0-8 10-14 14-15 13-15 11-15 10-11",18,"7-15 14-15 9-11 11-15 3-7 0-8 0-2 2-6 5-13 5-7 4-5 1-5 12-13 8-12 8-10 8-9 0-8 9-13",42,"0-1 6-7 12-13 1-3 4-6 9-11 12-14 0-1 6-7 8-9 2-6 3-7 8-12 9-13 0-2 1-3 4-6 8-10 9-11 12-14 0-1 6-7 8-9 14-15 4-12 5-13 6-14 7-15 2-6 3-7 8-12 9-13 1-3 4-6 5-7 9-11 12-14 0-1 2-3 6-7 10-11 14-15",1
641,40,0xEB23190F8D4AC657,"7 5 6 12 10 4 13 8 15 0 9 1 3 2 11 14",parallel_methods,21,"4-6 3-11 4-5 5-13 1-5 0-1 1-3 3-7 8-9 10-11 9-11 10-14 12-14 6-14 2-6 2-3 0-2 0-8 14-15 11-15 10-11",21,"0-1 0-4 14-15 3-11 1-3 4-5 6-7 2-6 0-2 8-12 8-10 2-10 8-9 0-8 11-15 13-15 7-15 3-7 2-3 12-13 13-15",21,"14-15 8-9 9-11 11-15 0-4 0-8 8-10 4-6 4-5 5-13 5-7 1-5 1-9 8-9 3-7 6-7 4-6 4-12 4-6 2-6 2-3",47,"0-1 2-3 4-5 8-9 12-13 14-15 1-3 4-6 9-11 12-14 13-15 2-3 6-7 14-15 3-7 8-12 9-13 1-3 4-6 9-11 12-14 13-15 0-1 2-3 6-7 8-9 10-11 14-15 4-12 5-13 6-14 7-15 0-4 1-5 2-6 3-7 8-12 9-13 0-2 1-3 9-11 12-14 13-15 0-1 2-3 10-11 14-15",1
642,30,0xD4AEF7C019B56328,"8 2 3 6 5 11 9 1 0 12 7 15 14 10 4 13",parallel_methods,16,"0-8 5-7 3-7 6-7 12-14 13-15 11-15 10-11 3-11 3-7 1-3 2-3 1-9 1-5 4-5 4-12",16,"12-14 0-8 5-7 3-7 6-7 13-15 11-15 10-11 3-11 3-7 1-3 1-9 1-5 2-3 4-5 4-12",16,"13-15 11-15 10-11 5-7 3-7 3-11 6-7 3-7 1-3 2-3 0-8 1-9 1-5 4-5 12-14 4-12",46,"0-1 2-3 10-11 12-13 14-15 1-3 4-6 9-11 12-14 4-5 10-11 12-13 2-6 3-7 8-12 9-13 1-3 4-6 5-7 9-11 12-14 0-1 2-3 6-7 8-9 10-11 14-15 5-13 6-14 7-15 3-7 8-12 9-13 10-14 11-15 1-3 4-6 5-7 8-10 12-14 13-15 0-1 2-3 8-9 12-13 14-15",1
643,34,0x079BA5D3F1C624E8,"8 14 4 2 6 12 1 15 3 13 5 10 11 9 7 0",parallel_methods,17,"0-8 0-1 0-2 2-6 2-3 1-3 9-13 14-15 7-15 12-14 10-14 6-14 4-6 4-5 4-12 0-4 10-11",17,"0-8 0-1 0-2 2-6 2-3 1-3 9-13 14-15 7-15 12-14 10-14 6-14 4-6 4-5 4-12 0-4 10-11",19,"9-13 14-15 7-15 4-6 0-8 12-14 10-14 10-11 0-2 2-3 0-4 0-1 8-12 0-8 8-12 12-14 4-12 4-5 4-12",35,"6-7 10-11 12-13 0-2 1-3 4-6 9-11 0-1 12-13 2-6 3-7 8-12 9-13 1-3 4-6 9-11 12-14 0-1 2-3 6-7 8-9 4-12 5-13 6-14 7-15 2-6 3-7 8-12 1-3 4-6 9-11 0-1 2-3 6-7 12-13",1
644,40,0x5FA74D6308E92B1C,"12 1 11 2 9 14 8 0 3 6 13 4 7 10 15 5",parallel_methods,21,"8-9 2-3 4-12 4-6 6-7 8-12 4-12 4-6 0-4 9-11 3-11 9-13 5-13 8-9 8-10 8-12 13-15 14-15 5-13 12-13 4-12",21,"0-4 0-1 1-9 0-1 2-3 10-11 4-12 4-6 0-4 6-7 4-6 8-10 0-8 0-4 13-15 5-13 11-15 10-11 3-11 13-15 14-15",21,"13-15 14-15 2-3 4-5 5-13 10-14 9-11 3-11 9-13 4-12 12-14 12-13 3-7 4-6 6-7 0-4 4-12 0-8 2-3 0-2 2-3",35,"0-1 1-3 9-11 12-14 4-5 10-11 2-6 3-7 8-12 9-13 10-14 1-3 4-6 9-11 12-14 13-15 0-1 2-3 4-5 6-7 10-11 14-15 3-11 4-12 5-13 6-14 7-15 3-7 8-12 9-13 4-6 9-11 12-14 8-9 14-15",1
645,30,0x64289B5D70F1CA3E,"14 3 10 12 1 15 0 7 13 5 11 9 8 2 4 6",parallel_methods,16,"0-4 1-3 0-1 4-6 0-4 6-14 8-12 9-13 5-13 9-11 10-11 2-10 13-15 12-13 4-12 4-6",16,"4-5 1-3 1-5 4-6 0-4 6-14 4-6 8-12 9-13 5-13 9-11 10-11 2-10 12-13 14-15 6-14",16,"1-3 1-9 8-9 8-12 9-13 9-11 10-11 2-10 4-5 4-6 0-4 6-14 4-6 14-15 6-14 1-5",40,"0-1 2-3 6-7 8-9 12-13 14-15 1-3 4-6 9-11 12-14 4-5 12-13 14-15 1-5 2-6 3-7 8-12 0-2 1-3 4-6 8-10 9-11 0-1 4-5 6-7 8-9 10-11 12-13 4-12 5-13 6-14 7-15 3-7 8-12 4-6 8-10 9-11 2-3 8-9 12-13",1
646,34,0xB07C1EA325864DF9,"9 15 13 4 6 8 5 2 3 10 14 1 12 7 0 11",parallel_methods,17,"0-8 9-11 1-3 10-14 1-5 1-9 2-10 0-2 3-7 2-3 4-6 4-5 8-9 10-11 11-15 13-15 7-15",17,"0-8 8-9 1-3 0-1 3-7 2-3 3-11 1-3 4-6 4-5 0-4 10-14 8-10 0-8 11-15 13-15 7-15",17,"6-7 2-6 4-6 10-14 4-5 5-13 5-7 8-9 8-10 1-3 0-1 3-11 11-15 0-4 0-8 1-9 1-3",39,"12-13 14-15 1-3 9-11 12-14 0-1 4-5 8-9 10-11 12-13 1-5 2-6 3-7 8-12 9-13 1-3 9-11 12-14 0-1 8-9 10-11 4-12 5-13 6-14 7-15 1-5 2-6 3-7 8-12 9-13 0-2 1-3 4-6 12-14 0-1 4-5 6-7 10-11 12-13",1
647,28,0xBEF03D2814A9567C,"12 7 6 5 9 10 4 1 8 2 13 3 0 15 14 11",parallel_methods,16,"4-5 1-3 1-5 1-9 3-7 1-3 4-6 2-6 2-3 3-11 10-11 11-15 13-15 8-12 0-8 8-12",16,"0-4 1-3 1-5 3-7 1-3 3-11 4-12 10-11 11-15 13-15 4-6 0-1 1-9 0-1 2-6 0-2",16,"10-11 11-15 13-15 4-5 4-6 2-6 1-5 1-9 2-10 3-7 1-3 2-3 5-7 0-8 8-12 0-8",40,"0-1 8-9 0-2 1-3 9-11 12-14 0-1 4-5 10-11 12-13 14-15 2-6 3-7 8-12 9-13 10-14 0-2 1-3 4-6 12-14 0-1 10-11 5-13 6-14 7-15 1-5 2-6 3-7 8-12 9-13 10-14 1-3 4-6 12-14 13-15 0-1 4-5 6-7 12-13 14-15",1
648,30,0x1837CBD965FE02A4,"4 10 2 0 14 15 5 6 9 13 11 12 7 3 8 1",parallel_methods,17,"1-3 4-6 13-15 5-13 11-15 3-11 10-11 12-14 6-14 6-7 13-15 1-5 4-5 0-4 8-12 12-13 9-13",17,"1-3 9-13 4-12 6-7 5-7 7-15 9-11 3-11 8-9 10-11 12-14 8-12 5-7 0-1 1-5 4-5 5-7",17,"4-12 4-6 6-7 5-13 13-15 9-13 1-9 8-9 10-11 10-14 8-10 4-5 0-4 0-2 2-3 0-2 12-14",31,"6-7 10-11 12-13 0-2 1-3 9-11 12-14 0-1 4-5 3-7 4-6 5-7 8-10 9-11 6-7 8-9 10-11 5-13 6-14 7-15 2-6 3-7 8-12 9-13 1-3 4-6 5-7 9-11 2-3 10-11 12-13",1
649,36,0x8B2E49FAC5317D06,"6 0 13 7 1 3 5 12 10 15 9 4 14 2 11 8",parallel_methods,19,"0-2 14-15 5-7 3-7 4-5 8-10 9-11 8-9 0-8 11-15 12-14 8-12 12-13 4-12 4-6 2-6 1-5 4-5 0-4",19,"0-1 1-5 4-5 4-6 8-10 9-11 13-15 7-15 3-7 2-3 1-3 1-5 9-13 5-13 4-5 8-9 14-15 11-15 12-14",19,"0-4 0-1 5-7 3-7 4-6 10-11 9-11 4-5 10-14 12-14 4-12 13-15 11-15 10-11 2-10 8-10 12-13 8-12 12-13",39,"0-1 6-7 12-13 4-6 5-7 8-10 9-11 12-14 2-3 6-7 8-9 12-13 14-15 1-5 2-6 3-7 8-12 9-13 1-3 4-6 9-11 12-14 4-5 8-9 10-11 12-13 6-14 7-15 3-7 8-12 9-13 4-6 5-7 12-14 13-15 2-3 8-9 10-11 14-15",1
650,34,0x1D9B07A83F2C54E6,"6 14 4 5 12 2 15 3 8 10 7 0 11 9 13 1",parallel_methods,18,"0-2 1-3 3-7 6-7 7-15 5-7 1-5 9-11 12-14 10-14 6-14 6-7 2-6 10-11 9-13 12-13 4-12 0-4",18,"11-15 0-2 9-11 1-9 3-7 5-7 6-7 2-6 9-13 10-11 12-13 12-14 13-15 11-15 7-15 12-13 4-12 0-4",18,"3-7 5-7 0-2 6-7 2-6 9-11 1-9 9-13 10-11 12-13 13-15 11-15 7-15 12-14 12-13 4-12 0-4 0-1",38,"2-3 4-5 12-13 0-2 1-3 4-6 8-10 9-11 12-14 0-1 6-7 8-9 2-6 3-7 8-12 9-13 10-14 0-2 1-3 4-6 12-14 0-1 6-7 10-11 14-15 5-13 6-14 7-15 2-6 3-7 8-12 0-2 1-3 4-6 5-7 9-11 0-1 12-13",1
651,22,0x7C5F14D83692AEB0,"0 11 14 10 2 9 6 3 8 13 4 1 15 5 12 7",parallel_methods,14,"2-10 5-13 9-13 12-14 3-7 7-15 14-15 10-14 4-6 2-6 4-6 3-11 1-3 3-11",14,"3-7 2-10 5-13 7-15 9-13 12-14 14-15 10-14 0-4 0-2 0-4 1-3 3-11 1-3",14,"5-13 9-13 2-3 3-7 12-14 7-15 14-15 2-10 2-6 4-6 2-6 9-11 1-9 9-11",40,"12-13 1-3 4-6 8-10 9-11 12-14 2-3 4-5 6-7 8-9 12-13 14-15 1-5 2-6 3-7 8-12 9-13 1-3 9-11 12-14 13-15 10-11 14-15 4-12 5-13 6-14 7-15 3-7 8-12 9-13 10-14 1-3 4-6 9-11 12-14 2-3 6-7 8-9 10-11 14-15",1
652,30,0xAE524B07D61938FC,"12 15 8 3 9 1 6 13 7 0 11 4 2 5 14 10",parallel_methods,16,"0-4 0-8 1-5 4-12 0-4 0-2 5-7 5-13 8-9 0-8 11-15 7-15 10-11 5-7 4-5 5-7",16,"0-2 8-12 0-8 0-2 0-4 1-9 0-1 4-12 9-11 1-9 1-5 4-5 5-7 5-13 11-15 10-11",16,"8-9 1-9 1-5 5-7 5-13 11-15 10-11 4-12 0-4 0-2 0-8 12-13 9-13 13-15 12-13 4-12",40,"4-5 6-7 8-9 0-2 1-3 4-6 9-11 12-14 13-15 0-1 6-7 10-11 14-15 2-6 3-7 8-12 9-13 1-3 4-6 9-11 12-14 0-1 4-5 10-11 14-15 3-11 4-12 5-13 6-14 7-15 2-6 3-7 8-12 1-3 9-11 12-14 0-1 4-5 8-9 12-13",1
653,32,0xA8429503E7DC16FB,"11 15 6 1 12 13 7 14 3 0 5 9 2 4 8 10",parallel_methods,16,"0-8 8-10 1-9 0-1 1-3 5-13 6-7 9-11 11-15 10-11 12-14 6-14 2-6 8-12 4-12 4-5",16,"0-8 12-14 1-9 0-1 1-3 5-13 6-7 6-14 2-6 8-10 8-12 4-12 4-5 9-11 11-15 10-11",16,"5-13 10-14 12-14 4-12 4-5 1-3 8-9 9-11 0-8 3-11 8-10 11-15 10-11 6-7 6-14 2-6",34,"6-7 8-9 10-11 14-15 0-2 1-3 4-6 12-14 13-15 0-1 10-11 14-15 3-7 8-12 9-13 4-6 9-11 12-14 2-3 10-11 14-15 3-11 4-12 5-13 6-14 7-15 1-5 2-6 3-7 1-3 5-7 8-10 0-1 6-7",1
654,32,0x984F051BE3AC76D2,"2 13 6 7 12 10 3 14 11 1 5 0 15 4 8 9",parallel_methods,17,"12-14 1-9 5-13 6-7 3-7 8-10 8-12 4-12 4-5 10-11 13-15 9-13 14-15 10-14 6-14 2-6 0-2",17,"4-12 1-9 4-5 5-13 6-7 3-7 10-14 6-14 4-6 2-6 4-5 8-10 10-11 2-10 0-2 13-15 9-13",17,"1-9 5-13 13-15 9-13 6-7 3-7 10-14 8-10 12-14 4-12 4-5 10-11 2-10 0-2 14-15 10-14 6-14",43,"2-3 4-5 6-7 8-9 12-13 14-15 1-3 4-6 9-11 12-14 8-9 12-13 14-15 3-7 8-12 9-13 10-14 1-3 4-6 9-11 12-14 13-15 2-3 6-7 10-11 14-15 4-12 5-13 6-14 7-15 2-6 3-7 8-12 0-2 1-3 8-10 9-11 12-14 0-1 4-5 8-9 12-13 14-15",1
655,32,0x987E305DB421A6CF,"15 12 6 10 1 2 4 11 13 5 0 3 14 7 8 9",parallel_methods,17,"12-14 13-15 1-9 3-11 4-5 1-5 4-6 2-6 7-15 8-9 8-12 9-13 2-10 0-2 2-10 10-11 11-15",17,"0-1 8-10 0-8 1-9 3-11 4-5 1-5 4-6 2-6 10-11 9-11 12-14 8-12 13-15 7-15 9-13 11-15",17,"13-15 1-9 8-9 9-13 12-14 8-12 4-5 1-5 3-11 7-15 0-2 2-10 10-11 11-15 4-6 0-2 2-6",53,"0-1 2-3 6-7 8-9 10-11 12-13 14-15 0-2 1-3 4-6 5-7 8-10 9-11 12-14 0-1 6-7 8-9 12-13 14-15 1-5 2-6 3-7 8-12 9-13 10-14 0-2 1-3 9-11 12-14 13-15 0-1 2-3 4-5 10-11 12-13 14-15 4-12 5-13 6-14 7-15 2-6 3-7 8-12 9-13 1-3 4-6 8-10 9-11 12-14 0-1 2-3 6-7 8-9",1
656,34,0x5C803D61EFA7249B,"11 9 4 2 7 10 15 14 1 6 13 3 0 8 12 5",parallel_methods,18,"0-2 4-5 0-4 0-8 2-3 3-11 6-7 7-15 5-7 8-10 8-9 8-12 9-13 12-14 6-14 8-9 1-9 0-1",18,"12-13 0-2 4-5 0-4 0-8 2-3 3-11 6-7 7-15 5-7 8-10 8-9 8-12 9-13 1-9 0-1 12-14 6-14",18,"0-2 2-3 3-11 6-7 7-15 4-5 5-7 0-4 0-8 8-10 8-9 8-12 12-14 6-14 9-13 0-1 0-8 8-9",40,"0-1 0-2 1-3 4-6 5-7 9-11 12-14 0-1 6-7 10-11 14-15 3-7 8-12 9-13 4-6 5-7 9-11 12-14 2-3 6-7 8-9 10-11 3-11 4-12 5-13 6-14 7-15 1-5 2-6 3-7 8-12 9-13 0-2 1-3 8-10 9-11 0-1 4-5 6-7 12-13",1
657,30,0x2C8D947F5AB3E610,"0 1 6 14 3 11 10 5 15 7 4 9 13 8 12 2",parallel_methods,16,"12-13 5-7 8-12 9-11 12-14 14-15 10-14 6-14 4-6 2-6 2-3 2-10 10-14 3-7 3-11 3-7",16,"0-4 2-6 2-10 0-2 0-4 5-7 3-7 7-15 9-11 3-11 3-7 2-3 12-13 8-12 12-14 14-15",16,"12-13 8-12 12-14 14-15 10-14 6-14 4-6 2-6 2-3 2-10 10-14 5-7 9-11 7-15 11-15 7-15",36,"2-3 8-9 10-11 12-13 4-6 9-11 12-14 2-3 4-5 6-7 8-9 12-13 2-6 3-7 8-12 9-13 4-6 9-11 12-14 2-3 8-9 10-11 5-13 6-14 7-15 3-7 8-12 9-13 10-14 4-6 5-7 9-11 12-14 2-3 10-11 14-15",1
658,40,0x8D19B5370C2F64EA,"10 14 4 6 15 2 12 0 7 3 5 11 9 1 13 8",parallel_methods,20,"0-2 8-12 1-9 2-10 2-3 1-3 4-5 0-4 5-13 1-5 8-9 12-14 6-14 6-7 2-6 0-2 13-15 12-13 8-12 12-14",20,"0-2 8-12 1-9 2-10 2-3 1-3 4-5 0-4 5-13 1-5 8-9 12-14 6-14 6-7 2-6 0-2 13-15 12-13 8-12 12-14",20,"0-2 4-5 0-4 2-10 0-2 1-9 3-7 1-3 0-1 5-13 1-5 8-12 12-14 6-14 6-7 13-15 12-13 8-9 8-12 12-14",42,"2-3 4-5 8-9 10-11 12-13 0-2 1-3 4-6 9-11 12-14 0-1 4-5 10-11 14-15 2-6 3-7 8-12 9-13 10-14 0-2 1-3 4-6 9-11 12-14 0-1 6-7 10-11 4-12 5-13 6-14 7-15 2-6 3-7 8-12 1-3 4-6 8-10 9-11 2-3 6-7 8-9 12-13",1
659,30,0x72D83C06EB4195FA,"10 15 5 9 1 4 11 14 6 0 12 3 8 13 2 7",parallel_methods,15,"0-2 0-4 1-3 1-9 0-1 3-11 4-5 6-7 6-14 7-15 8-10 2-10 2-6 8-12 11-15",15,"0-2 0-4 1-3 1-9 0-1 3-11 4-5 6-7 6-14 7-15 8-10 2-10 2-6 8-12 11-15",15,"8-10 8-12 3-11 7-15 1-9 9-11 0-2 0-1 4-5 1-5 10-14 6-14 14-15 11-15 2-10",43,"2-3 6-7 8-9 14-15 0-2 1-3 4-6 5-7 9-11 0-1 6-7 10-11 12-13 2-6 3-7 8-12 9-13 10-14 0-2 1-3 4-6 9-11 12-14 0-1 10-11 14-15 3-11 4-12 5-13 6-14 7-15 1-5 2-6 3-7 8-12 9-13 1-3 4-6 8-10 9-11 0-1 4-5 12-13",1
660,24,0x7ECB85D9F41326A0,"0 10 6 2 3 1 4 15 9 13 5 8 11 12 14 7",parallel_methods,12,"4-6 2-6 2-3 7-15 10-11 12-13 9-13 9-11 1-9 1-5 8-9 8-10",12,"4-6 2-6 2-3 7-15 10-11 12-13 9-13 9-11 1-9 1-5 8-9 8-10",12,"12-13 9-13 10-11 9-11 1-9 1-5 8-9 8-10 7-15 4-6 2-6 2-3",34,"4-5 6-7 10-11 1-3 4-6 5-7 8-10 9-11 12-14 6-7 8-9 2-6 3-7 8-12 9-13 10-14 1-3 4-6 9-11 12-14 2-3 4-5 6-7 10-11 14-15 6-14 7-15 8-12 9-13 10-14 5-7 12-14 6-7 8-9",1
661,30,0x629FAD875C0E14B3,"3 11 4 1 14 0 12 5 7 8 13 10 15 9 2 6",parallel_methods,15,"8-9 1-9 1-5 0-1 1-3 5-7 6-14 2-6 4-6 10-11 9-11 9-13 12-14 14-15 6-14",15,"10-11 6-14 2-6 4-6 8-9 1-9 1-5 0-1 1-3 5-7 9-11 9-13 12-14 14-15 6-14",15,"10-11 8-9 1-9 9-11 9-13 6-14 2-6 4-6 12-14 14-15 6-14 1-5 0-1 1-3 5-7",33,"4-5 12-13 14-15 1-3 4-6 0-1 4-5 6-7 10-11 12-13 3-7 8-12 9-13 1-3 4-6 5-7 9-11 0-1 2-3 6-7 12-13 5-13 6-14 7-15 3-7 8-12 9-13 5-7 9-11 12-14 2-3 4-5 14-15",1
662,30,0x50EAFCD9432167B8,"8 11 7 6 1 2 3 4 9 13 12 15 10 14 0 5",parallel_methods,18,"2-3 2-6 5-7 3-7 2-3 4-5 13-15 1-5 5-13 9-13 14-15 11-15 9-11 8-9 0-8 12-14 10-14 12-14",18,"12-13 2-3 2-6 5-7 3-7 2-3 4-5 9-13 8-9 8-10 12-14 8-12 0-8 13-15 1-5 5-13 13-15 11-15",18,"5-7 3-7 6-7 10-14 12-14 4-5 9-13 8-9 8-10 0-8 10-14 2-3 11-15 3-11 1-3 1-5 3-11 3-7",42,"6-7 10-11 14-15 0-2 1-3 4-6 5-7 9-11 0-1 6-7 10-11 12-13 0-4 1-5 2-6 3-7 8-12 0-2 1-3 9-11 0-1 2-3 8-9 12-13 6-14 7-15 3-7 8-12 9-13 10-14 11-15 1-3 4-6 5-7 8-10 12-14 13-15 0-1 2-3 4-5 12-13 14-15",1
663,30,0xFAC3D9480BE57126,"6 2 1 7 5 14 11 0 8 4 9 13 3 12 10 15",parallel_methods,17,"12-13 4-5 6-7 3-7 4-6 0-4 9-11 9-13 10-11 9-11 3-11 10-14 6-14 4-6 0-1 0-2 0-1",17,"0-2 0-1 2-6 3-7 2-3 0-2 12-13 9-13 5-13 4-5 9-11 3-11 8-10 9-13 8-9 8-10 10-14",17,"3-7 2-3 0-2 12-13 2-6 1-3 2-3 9-11 9-13 10-11 9-11 3-11 4-5 10-14 4-12 12-14 4-12",39,"0-1 2-3 8-9 10-11 14-15 1-3 4-6 12-14 0-1 2-3 4-5 10-11 14-15 2-6 3-7 8-12 9-13 10-14 1-3 4-6 5-7 9-11 12-14 0-1 2-3 6-7 10-11 6-14 7-15 3-7 8-12 9-13 10-14 4-6 5-7 12-14 8-9 10-11 14-15",1
664,34,0x7DB5183649F20AEC,"12 14 10 0 2 15 9 4 6 3 8 1 5 11 13 7",parallel_methods,18,"0-4 8-10 1-9 1-3 2-10 2-6 0-2 0-1 4-12 5-7 4-5 7-15 9-13 9-11 1-9 12-13 12-14 12-13",18,"0-1 0-4 1-9 1-3 5-7 4-12 4-5 7-15 8-10 2-10 2-6 0-2 0-1 9-13 9-11 1-9 12-14 12-13",18,"5-7 7-15 8-10 2-10 2-6 9-11 2-3 3-11 1-9 9-13 9-11 0-4 0-2 4-12 4-5 12-14 12-13 12-14",40,"8-9 0-2 1-3 4-6 9-11 12-14 0-1 4-5 6-7 8-9 10-11 14-15 1-5 2-6 3-7 8-12 9-13 10-14 1-3 4-6 12-14 13-15 4-5 6-7 10-11 14-15 3-11 4-12 5-13 6-14 7-15 2-6 3-7 8-12 1-3 4-6 8-10 9-11 2-3 12-13",1
665,26,0x16AEF97BDC583042,"2 4 0 3 8 5 12 13 11 7 9 15 14 10 6 1",parallel_methods,16,"0-2 6-14 8-10 9-13 11-15 9-11 10-11 12-14 0-1 0-4 8-9 0-8 0-1 13-15 7-15 13-15",16,"11-15 0-2 5-7 6-14 8-10 9-13 5-13 5-7 9-11 10-11 12-14 4-12 1-9 8-9 8-12 4-12",16,"0-2 6-14 12-14 9-13 13-15 7-15 11-15 9-11 10-11 9-13 0-1 0-4 0-8 0-1 1-9 9-11",38,"2-3 4-5 6-7 8-9 10-11 12-13 1-3 4-6 5-7 9-11 0-1 6-7 10-11 12-13 8-12 9-13 4-6 5-7 9-11 4-5 6-7 8-9 12-13 5-13 6-14 7-15 3-7 8-12 9-13 1-3 5-7 12-14 13-15 2-3 4-5 8-9 10-11 14-15",1
666,22,0xB6CDA95FE2703184,"4 8 1 3 0 7 2 14 15 5 9 10 13 12 6 11",parallel_methods,12,"0-4 1-9 8-9 10-11 9-11 11-15 12-13 2-6 6-7 5-7 1-5 6-14",12,"0-4 1-9 8-10 2-6 6-7 5-7 1-5 6-14 8-9 10-11 11-15 12-13",12,"12-13 8-10 10-11 11-15 2-6 6-7 6-14 5-7 1-9 1-5 0-4 8-9",36,"2-3 6-7 8-9 10-11 12-13 14-15 0-2 1-3 4-6 9-11 0-1 6-7 12-13 2-6 3-7 8-12 9-13 10-14 1-3 4-6 9-11 12-14 0-1 6-7 8-9 10-11 14-15 6-14 7-15 8-12 9-13 10-14 5-7 8-10 12-14 14-15",1
667,26,0x9C5E6847DABF3210,"0 1 2 3 15 11 10 13 7 4 8 6 14 5 12 9",parallel_methods,15,"8-9 5-13 9-13 11-15 9-11 8-12 4-12 8-10 12-14 14-15 6-14 10-14 13-15 7-15 13-15",15,"5-7 5-13 8-9 11-15 7-15 9-11 11-15 12-14 2-6 8-10 2-10 2-6 4-6 6-7 7-15",15,"12-14 5-13 13-15 11-15 8-9 9-13 7-15 4-6 6-7 13-15 7-15 0-8 0-4 0-8 8-10",37,"2-3 4-5 6-7 8-9 12-13 4-6 9-11 12-14 2-3 4-5 10-11 12-13 14-15 8-12 9-13 10-14 4-6 5-7 12-14 4-5 6-7 14-15 4-12 5-13 6-14 7-15 8-12 9-13 4-6 5-7 8-10 9-11 12-14 4-5 6-7 8-9 12-13",1
668,28,0x10DC5496B37EF2A8,"8 10 2 15 14 7 3 11 6 9 4 5 12 13 0 1",parallel_methods,16,"3-11 3-7 5-7 8-10 0-8 10-14 11-15 3-11 4-6 0-4 0-1 1-3 6-14 8-10 0-8 8-10",16,"3-11 1-3 7-15 5-7 1-5 8-10 0-8 10-14 11-15 4-6 0-4 0-2 2-3 2-10 0-2 6-14",16,"3-11 3-7 5-7 10-14 8-10 0-8 6-14 4-6 10-14 6-14 11-15 1-9 9-11 10-11 3-11 1-9",40,"2-3 4-5 6-7 10-11 14-15 1-3 4-6 8-10 9-11 0-1 2-3 4-5 8-9 12-13 2-6 3-7 8-12 9-13 1-3 4-6 10-11 12-13 3-11 4-12 5-13 6-14 7-15 2-6 3-7 8-12 9-13 0-2 1-3 8-10 9-11 0-1 4-5 6-7 8-9 12-13",1
669,36,0x3A61E02FDC4B5789,"9 8 7 5 11 4 12 13 15 2 0 14 1 6 10 3",parallel_methods,19,"0-1 1-9 1-3 2-3 4-5 5-7 3-7 12-13 5-13 1-5 8-10 0-8 10-11 10-14 11-15 3-11 12-14 6-14 12-14",19,"0-1 10-14 1-9 1-3 2-3 4-5 5-7 3-7 11-15 3-11 12-13 5-13 1-5 12-14 6-14 8-12 0-8 12-14 14-15",19,"8-10 10-11 10-14 0-1 0-8 4-6 4-12 1-9 11-15 2-6 1-3 2-3 3-11 4-5 1-5 5-7 5-13 5-7 6-7",51,"0-1 4-5 6-7 8-9 10-11 0-2 1-3 4-6 5-7 9-11 12-14 0-1 6-7 8-9 14-15 3-7 8-12 9-13 1-3 4-6 5-7 8-10 9-11 12-14 0-1 2-3 4-5 6-7 8-9 14-15 3-11 4-12 5-13 6-14 7-15 0-4 1-5 2-6 3-7 8-12 9-13 0-2 1-3 9-11 12-14 13-15 0-1 2-3 6-7 8-9 14-15",1
670,38,0x167F8542ACED093B,"11 3 9 0 13 14 12 10 2 4 5 8 15 7 6 1",parallel_methods,19,"0-2 13-15 1-3 0-1 1-9 5-13 1-5 4-5 6-14 7-15 10-11 8-10 2-10 11-15 10-11 12-13 12-14 13-15 5-13",19,"0-2 10-11 1-3 0-1 1-9 5-13 6-14 7-15 5-7 1-5 4-5 8-10 2-10 11-15 10-11 12-13 12-14 13-15 5-13",19,"1-3 6-14 5-13 12-13 12-14 7-15 5-7 0-1 1-9 1-5 4-5 10-11 11-15 13-15 5-13 8-10 2-10 10-11 9-11",37,"0-1 10-11 12-13 1-3 0-1 4-5 10-11 12-13 3-7 8-12 9-13 10-14 4-6 5-7 9-11 12-14 4-5 6-7 10-11 2-10 3-11 4-12 5-13 6-14 7-15 2-6 3-7 8-12 1-3 8-10 12-14 4-5 6-7 8-9 10-11 12-13 14-15",1
671,34,0xA3EC0267195DBF48,"8 4 15 11 13 5 9 1 7 6 2 0 12 14 3 10",parallel_methods,19,"0-8 0-1 2-10 9-11 3-11 3-7 1-3 14-15 10-14 4-6 0-4 6-7 7-15 3-7 13-15 14-15 0-1 1-9 0-1",19,"0-8 0-1 2-10 6-14 9-11 3-11 3-7 1-3 6-7 3-7 14-15 10-14 13-15 14-15 1-9 0-4 0-1 1-9 9-13",19,"2-10 6-14 14-15 10-14 13-15 14-15 9-11 8-9 0-8 9-13 3-11 5-7 1-5 4-5 6-7 3-7 6-7 5-13 5-7",41,"0-1 4-5 8-9 14-15 4-6 8-10 9-11 2-3 4-5 8-9 12-13 2-6 3-7 8-12 9-13 10-14 1-3 4-6 12-14 13-15 0-1 4-5 14-15 3-11 4-12 5-13 6-14 7-15 1-5 2-6 3-7 8-12 9-13 1-3 4-6 9-11 12-14 0-1 4-5 8-9 12-13",1
672,34,0x8B503D2F1E4A796C,"12 6 9 7 10 4 14 1 15 2 13 3 0 5 11 8",parallel_methods,19,"10-14 3-7 1-3 2-3 3-11 8-9 0-8 8-12 9-11 11-15 10-11 6-14 4-6 2-6 4-5 5-13 2-10 0-2 0-8",19,"0-4 14-15 3-7 1-3 2-3 3-11 4-12 8-9 9-11 11-15 0-2 0-4 10-14 6-14 4-6 4-5 5-13 8-10 2-10",19,"8-12 0-8 14-15 12-14 8-12 3-7 1-3 2-3 3-11 9-11 10-11 2-6 2-10 11-15 4-5 5-13 13-15 14-15 10-14",39,"0-1 4-5 8-9 1-3 4-6 9-11 12-14 13-15 14-15 2-6 3-7 8-12 9-13 0-2 1-3 4-6 8-10 9-11 12-14 0-1 6-7 8-9 4-12 5-13 6-14 7-15 1-5 2-6 3-7 8-12 9-13 1-3 9-11 12-14 0-1 4-5 8-9 10-11 14-15",1
673,32,0xD3BF87C541E6A092,"2 9 0 10 6 14 1 4 5 12 7 8 15 11 3 13",parallel_methods,18,"0-2 4-6 5-7 4-5 10-14 9-13 9-11 8-9 1-9 1-5 12-13 13-15 6-7 6-14 6-7 2-10 2-3 2-10",18,"0-2 4-6 5-7 4-5 8-9 1-9 1-5 10-11 13-15 11-15 7-15 14-15 3-11 8-12 8-10 10-11 11-15 3-11",18,"0-2 6-7 4-6 8-9 1-9 5-7 1-5 10-14 10-11 3-11 8-12 8-10 10-11 13-15 11-15 6-7 6-14 6-7",36,"2-3 6-7 10-11 12-13 14-15 1-3 9-11 12-14 0-1 2-3 4-5 12-13 2-6 3-7 8-12 9-13 10-14 1-3 4-6 12-14 2-3 4-5 6-7 10-11 5-13 6-14 7-15 3-7 8-12 9-13 10-14 4-6 5-7 12-14 4-5 14-15",1
674,38,0xDA265C831FB049E7,"7 14 9 4 0 11 15 1 3 8 12 5 6 2 10 13",parallel_methods,20,"0-1 0-2 8-9 1-3 0-1 0-4 5-7 9-11 1-9 1-5 10-14 12-14 13-15 7-15 6-7 2-6 6-14 3-11 11-15 7-15",20,"0-1 0-2 0-1 0-4 3-7 5-7 4-5 8-9 1-9 1-3 10-14 12-14 13-15 7-15 6-7 2-6 6-14 11-15 7-15 5-7",20,"2-3 0-2 0-4 10-14 12-14 6-14 13-15 8-9 1-5 1-3 3-11 1-9 5-7 7-15 14-15 3-7 2-3 5-7 3-7 1-3",36,"12-13 14-15 1-3 4-6 9-11 12-14 13-15 0-1 6-7 10-11 14-15 2-6 3-7 8-12 9-13 0-2 1-3 4-6 9-11 12-14 0-1 6-7 10-11 4-12 5-13 6-14 7-15 2-6 3-7 8-12 9-13 4-6 9-11 2-3 8-9 12-13",1
675,32,0x65A01C8D7F432BE9,"9 14 11 2 3 4 15 7 13 8 12 1 0 10 5 6",parallel_methods,16,"8-12 0-8 2-3 3-11 4-5 1-5 1-3 8-9 14-15 6-14 13-15 5-13 12-13 14-15 10-14 12-14",16,"8-12 0-8 2-3 3-11 4-5 1-5 1-3 8-9 14-15 6-14 13-15 5-13 12-13 14-15 10-14 12-14",16,"8-12 0-8 8-9 2-3 3-11 4-5 1-5 1-3 14-15 13-15 5-13 12-13 6-14 14-15 10-14 12-14",40,"8-9 14-15 1-3 4-6 5-7 9-11 12-14 0-1 6-7 8-9 12-13 14-15 1-5 2-6 3-7 8-12 1-3 4-6 8-10 9-11 12-14 4-5 6-7 8-9 12-13 4-12 5-13 6-14 7-15 2-6 3-7 8-12 9-13 0-2 1-3 4-6 9-11 0-1 8-9 12-13",1
676,34,0xD92FC5A06348E7B1,"1 11 7 14 8 4 3 6 0 10 5 12 15 2 9 13",parallel_methods,17,"2-3 9-11 2-10 6-7 3-7 9-13 1-9 0-1 0-2 0-4 0-8 4-5 10-14 10-11 9-11 12-13 13-15",17,"2-3 9-11 2-10 6-7 3-7 9-13 1-9 0-1 0-2 0-4 0-8 4-5 10-14 10-11 9-11 12-13 13-15",17,"9-11 9-13 12-13 13-15 1-9 0-1 2-6 2-3 2-10 0-2 0-4 0-8 4-5 10-14 10-11 9-11 6-7",41,"2-3 4-5 6-7 10-11 12-13 14-15 1-3 4-6 9-11 12-14 2-3 4-5 10-11 12-13 14-15 1-5 2-6 3-7 8-12 9-13 1-3 12-14 4-5 10-11 14-15 5-13 6-14 7-15 2-6 3-7 8-12 9-13 10-14 1-3 4-6 12-14 0-1 6-7 8-9 10-11 14-15",1
677,30,0xD5B0AF836E92C417,"7 1 4 12 2 9 14 6 3 8 15 10 0 11 5 13",parallel_methods,16,"0-2 13-15 6-14 4-6 2-6 6-7 8-9 10-11 11-15 1-5 1-9 1-3 1-5 4-5 4-12 0-4",16,"0-1 10-11 1-5 6-14 6-7 5-7 8-9 1-9 1-3 0-1 0-4 0-2 4-12 0-4 13-15 11-15",16,"13-15 10-11 11-15 0-4 0-2 8-9 6-14 6-7 1-5 1-9 1-3 1-5 4-5 4-12 0-4 5-7",38,"0-1 2-3 14-15 1-3 4-6 12-14 2-3 6-7 10-11 14-15 2-6 3-7 8-12 9-13 1-3 4-6 9-11 12-14 2-3 6-7 8-9 10-11 12-13 5-13 6-14 7-15 2-6 3-7 8-12 9-13 1-3 4-6 12-14 0-1 2-3 6-7 10-11 14-15",1
678,38,0x683BF1A0D9E2C457,"7 5 4 12 2 14 9 13 0 10 1 15 11 3 8 6",parallel_methods,20,"0-2 0-4 7-15 2-6 2-10 0-2 5-13 1-5 1-3 0-1 0-8 6-7 12-13 12-14 8-12 13-15 11-15 8-10 8-9 8-10",20,"12-14 0-2 0-4 0-8 2-3 5-7 5-13 1-5 6-7 3-7 1-3 8-10 2-10 8-9 1-9 8-10 8-12 14-15 6-14 11-15",20,"5-7 5-13 0-2 0-4 2-3 0-2 0-8 8-12 1-5 7-15 6-7 3-7 1-3 8-10 8-9 1-9 10-11 10-14 8-10 14-15",48,"0-1 2-3 6-7 10-11 12-13 1-3 4-6 9-11 12-14 0-1 2-3 4-5 6-7 10-11 12-13 14-15 3-7 8-12 9-13 1-3 4-6 5-7 9-11 12-14 13-15 0-1 2-3 6-7 8-9 14-15 4-12 5-13 6-14 7-15 1-5 2-6 3-7 8-12 0-2 1-3 4-6 9-11 12-14 0-1 4-5 8-9 12-13 14-15",1
679,38,0x7340D156F9B82CEA,"10 14 12 2 8 11 9 15 6 5 1 13 0 4 3 7",parallel_methods,19,"0-2 0-4 0-8 2-10 0-2 0-1 4-12 0-4 4-6 5-13 4-5 6-14 2-6 2-3 7-15 9-13 5-13 9-11 9-13",19,"0-2 0-4 0-8 2-10 0-2 0-1 4-12 0-4 4-6 5-13 4-5 6-14 2-6 2-3 7-15 9-13 5-13 9-11 9-13",19,"7-15 8-10 10-14 6-14 2-10 2-3 1-9 1-5 8-9 1-9 9-11 8-12 12-14 12-13 9-13 0-8 8-10 4-12 8-12",43,"6-7 8-9 10-11 14-15 1-3 4-6 9-11 12-14 0-1 6-7 8-9 10-11 14-15 2-6 3-7 8-12 1-3 4-6 9-11 12-14 4-5 6-7 8-9 12-13 1-9 2-10 3-11 4-12 5-13 6-14 7-15 1-5 2-6 3-7 8-12 0-2 1-3 5-7 8-10 0-1 8-9 10-11 12-13",1
680,38,0x5692401B3DE8C7AF,"15 10 7 12 8 14 13 3 11 1 0 4 2 9 6 5",parallel_methods,19,"0-1 1-3 1-9 3-7 4-12 4-6 2-6 9-13 7-15 5-7 6-7 6-14 8-10 0-8 10-11 8-10 8-12 4-12 12-13",19,"0-1 1-3 1-9 3-7 4-12 4-6 2-6 8-10 0-8 7-15 5-7 6-7 6-14 9-13 10-11 8-10 8-12 4-12 12-13",19,"2-3 3-7 0-1 1-9 9-13 13-15 5-13 6-14 8-10 0-8 12-14 12-13 10-11 10-14 12-14 2-10 8-10 4-12 8-12",43,"0-1 2-3 8-9 10-11 1-3 4-6 9-11 12-14 0-1 4-5 8-9 12-13 14-15 2-6 3-7 8-12 9-13 10-14 1-3 4-6 9-11 12-14 13-15 0-1 8-9 10-11 14-15 2-10 3-11 4-12 5-13 6-14 7-15 1-5 2-6 3-7 0-2 1-3 5-7 8-10 0-1 2-3 10-11",1
681,42,0xC4036571AF2BDE98,"8 9 14 13 11 2 15 10 1 7 5 6 3 0 4 12",parallel_methods,21,"0-8 1-9 1-3 1-5 2-10 3-7 2-3 1-3 4-12 5-13 1-5 0-1 6-14 4-6 14-15 12-14 10-14 10-11 2-10 2-6 2-3",21,"0-8 1-9 1-3 1-5 2-10 3-7 2-3 1-3 4-12 5-13 1-5 0-1 6-14 4-6 14-15 12-14 10-14 10-11 2-10 2-6 2-3",21,"3-11 9-11 9-13 1-9 0-8 0-1 6-14 14-15 12-14 4-6 2-10 10-14 2-3 2-6 3-7 5-7 3-11 3-7 2-3 10-11 3-11",41,"4-5 10-11 12-13 14-15 4-6 9-11 12-14 13-15 2-3 6-7 14-15 2-6 3-7 8-12 1-3 4-6 9-11 12-14 0-1 2-3 4-5 6-7 12-13 1-9 2-10 3-11 4-12 5-13 6-14 7-15 1-5 2-6 3-7 8-12 0-2 1-3 5-7 8-10 0-1 8-9 10-11",1
682,42,0x1024D98763BACFE5,"5 14 15 12 10 11 3 6 7 8 9 13 4 2 0 1",parallel_methods,22,"0-1 0-4 8-10 4-12 6-7 3-7 5-7 8-9 10-14 2-10 0-2 13-15 5-13 1-5 14-15 7-15 10-14 2-10 11-15 14-15 12-14 12-13",22,"0-1 0-2 0-4 0-8 1-5 1-3 0-1 2-6 6-14 4-6 0-4 4-12 6-7 8-10 8-9 11-15 3-11 1-3 13-15 7-15 3-7 2-3",22,"8-9 6-7 9-11 3-11 3-7 9-13 10-11 9-11 4-12 10-14 12-14 2-10 0-1 0-2 10-11 2-10 10-14 11-15 1-5 3-11 1-3 3-11",34,"6-7 10-11 12-13 14-15 1-3 2-3 4-5 10-11 12-13 1-5 2-6 3-7 1-3 8-10 9-11 0-1 8-9 10-11 3-11 4-12 5-13 6-14 7-15 1-5 2-6 3-7 8-12 0-2 1-3 8-10 0-1 2-3 10-11 12-13",1
683,30,0xACB4365F92E8071D,"13 1 7 0 8 14 2 9 15 5 6 3 4 11 12 10",parallel_methods,17,"0-4 2-3 3-7 3-11 4-5 4-12 9-13 5-13 9-11 12-14 0-2 2-10 2-6 8-10 10-11 11-15 10-11",17,"9-13 2-3 3-7 3-11 4-12 5-13 8-12 9-11 12-14 14-15 10-14 12-13 0-2 2-6 6-14 12-14 12-13",17,"4-12 8-12 9-13 5-13 12-13 12-14 2-3 3-7 3-11 0-2 2-10 2-6 9-11 11-15 10-11 11-15 13-15",35,"0-1 6-7 8-9 1-3 4-6 9-11 12-14 0-1 4-5 8-9 14-15 3-7 8-12 9-13 10-14 4-6 9-11 12-14 2-3 6-7 8-9 10-11 14-15 4-12 5-13 6-14 7-15 3-7 8-12 9-13 4-6 12-14 10-11 12-13 14-15",1
684,30,0xE675FC0B91A483D2,"2 13 3 8 4 10 1 9 11 0 12 15 5 7 6 14",parallel_methods,17,"8-9 2-3 0-2 0-8 5-13 5-7 1-5 12-13 5-13 6-14 14-15 11-15 9-11 1-9 8-10 8-12 8-10",17,"8-9 2-3 0-2 0-8 5-13 5-7 1-5 12-13 5-13 11-15 6-14 10-14 10-11 9-11 1-9 12-14 10-14",17,"5-13 5-7 12-13 1-5 5-13 2-3 1-9 0-2 6-14 10-14 8-10 0-8 0-1 12-14 10-14 14-15 11-15",41,"2-3 6-7 8-9 10-11 14-15 1-3 4-6 12-14 4-5 10-11 14-15 2-6 3-7 8-12 1-3 4-6 9-11 12-14 0-1 2-3 8-9 12-13 14-15 4-12 5-13 6-14 7-15 3-7 8-12 9-13 10-14 1-3 4-6 5-7 12-14 13-15 0-1 2-3 4-5 6-7 14-15",1
685,34,0x41A2B5F06CE873D9,"9 13 3 7 8 14 12 6 0 15 5 11 2 10 1 4",parallel_methods,18,"0-8 4-12 4-6 9-13 8-9 8-10 8-12 13-15 5-13 12-13 12-14 4-12 4-5 1-5 5-13 2-6 6-7 3-7",18,"9-13 0-8 2-3 4-12 4-6 2-6 6-7 8-9 8-10 8-12 13-15 5-13 12-13 12-14 4-12 4-5 1-5 5-13",18,"0-8 9-13 8-9 8-10 13-15 4-12 8-12 5-13 12-13 6-14 12-14 4-6 2-6 6-7 3-7 4-5 1-5 5-13",44,"2-3 10-11 14-15 0-2 1-3 4-6 9-11 12-14 0-1 4-5 12-13 2-6 3-7 8-12 1-3 4-6 8-10 9-11 12-14 2-3 6-7 8-9 12-13 14-15 3-11 4-12 5-13 6-14 7-15 1-5 2-6 3-7 8-12 0-2 1-3 5-7 9-11 12-14 0-1 2-3 6-7 8-9 12-13 14-15",1
686,32,0x9A152E0CD3FB6487,"7 8 4 6 11 15 3 13 12 0 14 2 5 1 10 9",parallel_methods,18,"4-12 0-2 1-9 2-6 2-3 5-7 5-13 8-12 8-9 10-14 11-15 7-15 6-7 2-6 9-11 1-5 4-5 0-4",18,"10-14 1-9 0-1 2-6 2-3 4-6 2-6 5-13 1-5 5-7 13-15 12-13 2-3 3-11 2-3 5-13 8-12 8-9",18,"10-14 1-9 0-1 5-7 5-13 1-5 4-12 8-12 8-9 7-15 3-7 3-11 9-11 2-6 2-3 5-7 4-5 4-6",46,"2-3 6-7 8-9 12-13 0-2 1-3 4-6 9-11 12-14 13-15 0-1 4-5 10-11 14-15 3-7 8-12 9-13 1-3 4-6 5-7 8-10 9-11 12-14 0-1 2-3 4-5 6-7 8-9 14-15 4-12 5-13 6-14 7-15 1-5 2-6 3-7 8-12 9-13 0-2 1-3 9-11 12-14 0-1 2-3 4-5 12-13",1
687,26,0xB948EC70AFD52613,"3 1 6 2 5 13 15 10 0 7 12 14 8 4 9 11",parallel_methods,15,"5-13 4-5 6-7 2-6 10-14 10-11 9-11 11-15 7-15 0-2 0-8 2-3 8-10 8-12 12-14",15,"5-13 4-5 6-7 2-6 11-15 14-15 13-15 0-2 0-8 2-3 8-10 8-12 9-13 13-15 7-15",15,"10-14 10-11 9-11 11-15 6-7 7-15 5-13 4-5 8-12 12-14 6-14 10-14 2-6 0-2 2-3",39,"0-1 10-11 12-13 14-15 1-3 4-6 12-14 13-15 2-3 6-7 10-11 14-15 3-7 8-12 9-13 4-6 5-7 8-10 9-11 12-14 4-5 6-7 8-9 14-15 5-13 6-14 7-15 3-7 8-12 9-13 1-3 4-6 5-7 9-11 12-14 0-1 2-3 10-11 12-13",1
688,36,0x5DFA764E293B01C8,"8 12 1 0 11 3 9 2 14 4 6 7 10 15 13 5",parallel_methods,20,"1-5 13-15 5-13 8-12 12-14 12-13 2-10 2-6 2-3 3-11 3-7 8-10 8-9 0-8 0-4 0-2 2-3 3-11 1-3 1-9",20,"1-5 13-15 2-3 1-3 4-5 12-14 6-7 5-7 5-13 9-13 10-14 12-13 4-12 0-8 0-2 2-6 3-7 3-11 3-7 6-14",20,"1-9 2-3 1-5 1-3 4-6 4-5 13-15 5-13 9-13 12-14 12-13 10-14 6-7 11-15 7-15 11-15 0-8 0-2 2-6 6-14",38,"4-5 8-9 10-11 0-2 1-3 4-6 9-11 12-14 0-1 4-5 12-13 2-6 3-7 8-12 9-13 10-14 4-6 9-11 12-14 2-3 10-11 14-15 4-12 5-13 6-14 7-15 8-12 9-13 10-14 4-6 5-7 12-14 13-15 4-5 6-7 10-11 12-13 14-15",1
689,30,0x0A73CB981ED645F2,"2 15 5 4 6 13 14 1 8 9 11 12 3 7 10 0",parallel_methods,16,"0-2 13-15 3-7 1-3 5-13 10-11 10-14 12-14 6-14 6-7 3-7 4-6 7-15 4-5 0-4 4-5",16,"0-2 0-1 3-7 13-15 5-13 1-5 0-1 1-3 10-11 10-14 12-14 6-14 6-7 3-7 4-6 7-15",16,"10-11 10-14 12-14 2-3 0-2 14-15 6-14 4-6 0-4 5-13 1-5 5-7 7-15 3-7 1-5 5-7",26,"10-11 1-3 4-6 12-14 10-11 3-7 8-12 1-3 4-6 8-10 9-11 0-1 2-3 8-9 5-13 6-14 7-15 2-6 3-7 8-12 1-3 4-6 5-7 9-11 0-1 2-3",1
690,36,0x572036ECD18AB9F4,"4 15 9 11 10 8 1 13 12 14 6 3 0 2 7 5",parallel_methods,19,"9-13 1-5 1-9 3-11 4-6 0-4 0-1 0-2 5-7 8-12 0-8 8-9 13-15 5-13 14-15 7-15 2-10 2-6 2-10",19,"0-2 8-12 0-8 3-11 4-6 2-6 2-10 5-13 4-5 1-5 4-6 2-6 5-7 9-13 8-9 13-15 5-13 14-15 7-15",19,"3-11 7-15 1-5 5-7 13-15 8-12 14-15 7-15 4-6 0-4 0-1 0-8 10-14 2-10 6-14 8-10 8-9 8-10 10-14",41,"2-3 4-5 6-7 1-3 4-6 8-10 9-11 12-14 13-15 8-9 14-15 2-6 3-7 8-12 1-3 4-6 8-10 9-11 0-1 4-5 8-9 12-13 2-10 3-11 4-12 5-13 6-14 7-15 1-5 2-6 3-7 8-12 9-13 1-3 8-10 9-11 12-14 0-1 4-5 6-7 12-13",1
691,30,0x5F378EADC946B021,"1 2 0 11 6 4 9 12 13 10 14 8 7 3 15 5",parallel_methods,16,"0-1 0-2 9-11 7-15 8-9 9-13 14-15 12-14 6-14 10-14 10-11 9-11 3-11 5-7 6-7 4-6",16,"0-1 0-2 8-9 4-5 7-15 5-7 9-13 9-11 3-11 14-15 12-14 6-14 6-7 10-14 8-10 8-9",16,"4-6 4-12 4-5 7-15 5-7 0-1 0-2 8-9 9-13 9-11 3-11 8-10 8-12 8-9 14-15 12-14",36,"2-3 4-5 6-7 8-9 12-13 1-3 4-6 5-7 9-11 12-14 0-1 2-3 6-7 8-9 10-11 14-15 3-7 8-12 4-6 9-11 6-7 5-13 6-14 7-15 3-7 8-12 9-13 10-14 4-6 5-7 12-14 13-15 4-5 10-11 12-13 14-15",1
692,26,0xC358E4BA70DF1269,"9 6 2 1 15 13 0 7 10 11 4 14 8 5 3 12",parallel_methods,15,"1-3 4-6 5-13 6-14 8-10 0-8 0-4 14-15 9-11 8-9 8-12 12-14 6-7 3-7 6-7",15,"0-1 14-15 5-13 8-10 8-12 4-12 11-15 12-14 14-15 9-11 0-2 1-9 1-3 2-6 0-2",15,"0-1 4-6 0-4 10-14 6-14 4-6 5-13 10-11 9-11 1-9 1-3 14-15 12-14 10-14 8-10",37,"0-1 4-5 6-7 10-11 12-13 14-15 0-2 1-3 9-11 12-14 0-1 4-5 8-9 10-11 3-7 8-12 1-3 4-6 5-7 9-11 12-14 0-1 2-3 6-7 8-9 12-13 5-13 6-14 7-15 3-7 8-12 9-13 4-6 12-14 6-7 10-11 12-13",1
693,42,0x71F8452EC9ABD306,"6 0 3 13 11 10 9 12 14 2 5 4 8 15 1 7",parallel_methods,21,"0-4 0-1 1-3 1-5 1-9 8-12 4-6 7-15 9-11 10-11 3-11 1-3 2-3 12-14 4-12 13-15 12-13 9-13 5-13 4-5 1-5",21,"0-4 0-1 1-3 1-5 1-9 8-12 4-6 7-15 9-11 10-11 3-11 1-3 2-3 12-14 4-12 13-15 12-13 9-13 5-13 4-5 1-5",21,"5-7 3-7 7-15 13-15 2-3 0-4 0-1 4-6 8-12 12-14 4-5 4-12 9-11 1-9 10-11 9-11 1-5 1-9 4-5 1-5 2-10",35,"0-1 2-3 4-5 6-7 8-9 14-15 1-3 4-6 9-11 2-3 12-13 3-7 8-12 9-13 10-14 4-6 9-11 12-14 10-11 3-11 4-12 5-13 6-14 7-15 2-6 3-7 8-12 9-13 1-3 8-10 9-11 12-14 13-15 4-5 14-15",1
694,36,0x0A3F7BE25916C84D,"13 4 8 12 6 1 9 5 2 14 11 7 15 3 10 0",parallel_methods,19,"0-1 4-6 0-4 0-8 0-2 3-11 9-11 9-13 1-9 10-11 10-14 12-13 13-15 9-13 8-9 0-8 3-7 1-3 1-5",19,"0-1 0-2 0-8 1-5 2-6 2-3 3-11 4-6 5-13 5-7 3-7 9-11 11-15 10-11 2-10 0-2 10-14 12-14 14-15",19,"11-15 9-11 10-11 10-14 0-8 0-2 1-5 8-9 0-8 4-6 4-5 5-13 9-13 5-7 3-7 7-15 12-14 14-15 12-14",39,"0-1 2-3 4-5 12-13 1-3 4-6 9-11 12-14 6-7 12-13 1-5 2-6 3-7 8-12 9-13 1-3 9-11 12-14 0-1 4-5 12-13 4-12 5-13 6-14 7-15 1-5 2-6 3-7 8-12 9-13 1-3 4-6 12-14 13-15 0-1 4-5 6-7 10-11 14-15",1
695,40,0x5DA3B7418E290CF6,"6 15 12 0 9 2 14 8 1 4 7 11 3 10 13 5",parallel_methods,21,"4-12 0-4 1-3 2-10 3-7 2-3 0-2 0-8 0-1 7-15 5-7 3-7 2-3 12-13 9-13 12-14 10-14 12-13 4-12 12-14 6-14",21,"0-2 0-4 0-1 0-8 12-13 5-7 8-9 9-13 1-9 1-3 0-1 12-14 10-14 6-14 6-7 2-6 13-15 5-13 12-13 8-12 4-12",21,"13-15 14-15 10-14 6-14 1-5 5-13 13-15 6-7 0-4 4-6 0-1 0-2 0-4 4-12 0-8 1-9 0-1 0-4 1-3 0-1 1-3",35,"4-5 10-11 1-3 4-6 12-14 0-1 6-7 10-11 14-15 2-6 3-7 8-12 9-13 1-3 4-6 9-11 12-14 2-3 4-5 10-11 14-15 3-11 4-12 5-13 6-14 7-15 2-6 3-7 8-12 1-3 9-11 2-3 4-5 8-9 12-13",1
696,32,0xA1F7CED9658B4302,"2 0 3 4 11 8 5 6 9 13 14 12 7 15 1 10",parallel_methods,17,"2-3 10-14 4-6 2-6 2-10 0-2 0-1 11-15 10-11 13-15 12-13 5-13 9-13 8-9 5-7 4-5 4-6",17,"0-1 1-3 1-5 2-3 4-5 6-7 5-7 12-14 14-15 7-15 10-14 11-15 13-15 12-13 9-13 1-9 8-9",17,"12-14 14-15 10-14 2-3 0-2 4-6 6-7 4-5 7-15 11-15 13-15 12-13 0-4 9-13 1-9 8-9 0-8",35,"0-1 2-3 4-5 6-7 14-15 9-11 12-14 2-3 4-5 10-11 12-13 8-12 4-6 5-7 9-11 4-5 6-7 12-13 6-14 7-15 3-7 8-12 9-13 10-14 11-15 1-3 5-7 8-10 12-14 13-15 2-3 4-5 6-7 12-13 14-15",1
697,32,0xA4CD1F85E93B7062,"2 6 0 7 11 3 9 14 5 8 15 1 13 12 4 10",parallel_methods,18,"0-2 1-5 12-13 6-14 4-6 6-7 3-7 3-11 1-3 10-14 14-15 8-10 8-9 10-14 6-14 4-6 4-5 4-6",18,"0-2 1-5 4-5 12-13 6-7 3-7 1-3 6-14 4-6 8-9 1-9 1-5 10-11 1-3 11-15 10-11 3-11 1-3",18,"12-13 4-6 6-7 3-7 3-11 1-5 1-3 6-14 4-5 4-6 0-2 10-11 11-15 10-11 8-9 9-13 5-13 9-13",42,"2-3 4-5 6-7 12-13 14-15 1-3 4-6 9-11 0-1 2-3 6-7 8-9 10-11 12-13 3-7 8-12 9-13 10-14 4-6 5-7 9-11 12-14 2-3 4-5 6-7 8-9 10-11 14-15 5-13 6-14 7-15 3-7 8-12 9-13 10-14 1-3 4-6 12-14 2-3 6-7 10-11 14-15",1
698,38,0x2C8E693705DBA14F,"15 4 1 10 11 13 5 0 7 3 9 6 14 8 12 2",parallel_methods,21,"11-15 0-2 0-1 0-4 3-11 6-7 2-6 0-2 2-3 10-11 9-11 3-11 12-14 8-12 12-13 5-13 5-7 8-12 6-7 7-15 6-7",21,"0-1 0-4 0-2 1-9 2-3 9-13 8-9 11-15 10-11 2-10 9-11 3-11 3-7 1-3 0-1 12-14 7-15 5-13 6-7 5-7 7-15",21,"12-14 0-1 6-7 4-6 0-4 1-9 2-3 1-3 9-13 8-9 11-15 10-11 2-10 9-11 7-15 6-7 7-15 11-15 13-15 5-13 5-7",39,"0-1 2-3 8-9 12-13 1-3 9-11 12-14 0-1 4-5 10-11 12-13 2-6 3-7 8-12 9-13 10-14 1-3 4-6 12-14 0-1 2-3 10-11 4-12 5-13 6-14 7-15 2-6 3-7 8-12 9-13 4-6 5-7 8-10 9-11 12-14 2-3 6-7 8-9 12-13",1
699,30,0xB80AC41E325F967D,"13 7 6 9 15 5 2 3 14 1 4 12 10 0 8 11",parallel_methods,16,"1-3 1-9 2-6 3-7 8-10 0-8 8-12 12-13 4-12 0-4 11-15 12-14 14-15 8-12 12-14 10-14",16,"12-14 0-4 1-3 1-9 2-6 3-7 8-10 0-8 8-12 10-14 11-15 12-13 4-12 0-4 13-15 12-13",16,"1-3 3-7 1-9 10-14 12-14 4-12 11-15 12-13 8-12 0-8 13-15 8-10 10-14 12-14 12-13 2-6",46,"0-1 2-3 4-5 6-7 8-9 10-11 12-13 14-15 1-3 9-11 12-14 0-1 4-5 14-15 1-5 2-6 3-7 8-12 9-13 0-2 1-3 4-6 8-10 9-11 12-14 0-1 2-3 4-5 6-7 8-9 5-13 6-14 7-15 2-6 3-7 8-12 9-13 0-2 1-3 4-6 12-14 0-1 4-5 6-7 10-11 12-13",1
700,30,0x38EC67B9405FD1A2,"2 10 1 13 15 5 0 4 9 11 7 6 12 14 8 3",parallel_methods,17,"10-14 3-11 2-3 1-3 4-6 6-7 11-15 3-11 13-15 14-15 7-15 9-11 8-9 8-10 4-6 2-6 0-2",17,"10-14 3-11 2-3 1-3 2-6 0-2 11-15 3-11 13-15 14-15 4-6 6-7 4-6 7-15 8-9 8-10 10-11",17,"3-11 11-15 13-15 2-3 1-3 10-14 4-6 6-14 14-15 6-7 2-6 0-2 0-4 3-11 8-9 8-10 10-11",35,"2-3 4-5 6-7 1-3 8-10 9-11 0-1 2-3 4-5 8-9 12-13 2-6 3-7 8-12 9-13 1-3 4-6 12-14 0-1 2-3 4-5 6-7 10-11 5-13 6-14 7-15 3-7 8-12 9-13 5-7 9-11 12-14 4-5 10-11 12-13",1
701,26,0xBE158F0AC432769D,"13 9 6 7 2 3 4 12 10 0 15 8 5 1 14 11",parallel_methods,13,"10-11 1-9 0-1 4-6 2-6 5-7 3-7 5-13 1-5 8-10 11-15 12-13 5-13",13,"4-6 1-9 0-1 2-6 5-7 3-7 5-13 1-5 10-11 8-10 11-15 12-13 5-13",13,"10-11 11-15 5-7 5-13 12-13 1-9 0-1 1-5 5-13 3-7 8-10 4-6 2-6",49,"0-1 2-3 6-7 8-9 12-13 0-2 1-3 4-6 5-7 9-11 12-14 13-15 0-1 6-7 10-11 14-15 1-5 2-6 3-7 8-12 9-13 0-2 1-3 4-6 9-11 12-14 0-1 2-3 4-5 8-9 10-11 12-13 14-15 5-13 6-14 7-15 2-6 3-7 8-12 9-13 0-2 1-3 4-6 12-14 13-15 0-1 6-7 10-11 14-15",1
702,36,0x92F6CD5713A8B4E0,"0 14 4 11 8 10 3 1 7 5 13 12 6 15 2 9",parallel_methods,18,"1-5 1-9 4-12 5-7 1-5 6-7 6-14 2-6 4-6 8-9 8-10 8-12 9-11 3-11 3-7 13-15 9-13 12-13",18,"1-5 1-9 4-12 5-7 1-5 6-7 6-14 2-6 4-6 8-9 8-10 8-12 9-11 3-11 3-7 13-15 9-13 12-13",18,"2-6 4-12 4-6 13-15 1-9 9-13 8-10 8-12 12-13 10-11 10-14 12-14 3-11 5-7 3-7 2-3 2-10 1-5",34,"2-3 8-9 14-15 1-3 12-14 4-5 10-11 12-13 2-6 3-7 8-12 9-13 1-3 9-11 12-14 4-5 12-13 4-12 5-13 6-14 7-15 3-7 8-12 9-13 10-14 4-6 5-7 9-11 12-14 2-3 4-5 6-7 10-11 14-15",1
703,26,0x8F36C09D5E741B2A,"10 2 11 1 4 7 14 5 13 9 0 12 6 3 15 8",parallel_methods,15,"1-3 2-3 5-7 13-15 11-15 3-11 14-15 12-14 6-14 8-12 12-13 8-12 8-10 0-8 8-10",15,"1-3 13-15 2-10 0-2 5-7 11-15 14-15 12-14 6-14 3-11 8-9 9-13 8-9 10-11 2-10",15,"5-7 14-15 12-14 6-14 1-3 8-12 2-10 0-2 10-11 12-13 12-14 10-14 2-10 2-3 12-14",43,"0-1 8-9 10-11 12-13 1-3 4-6 9-11 12-14 13-15 0-1 2-3 6-7 8-9 14-15 2-6 3-7 8-12 4-6 9-11 12-14 2-3 4-5 6-7 12-13 14-15 5-13 6-14 7-15 2-6 3-7 8-12 9-13 10-14 1-3 4-6 5-7 9-11 12-14 0-1 2-3 6-7 10-11 14-15",1
704,44,0x70C32546B18F9DAE,"14 10 13 9 15 8 1 11 6 4 5 2 3 12 0 7",parallel_methods,23,"10-11 0-8 1-3 1-9 1-5 2-3 2-10 3-7 3-11 4-12 0-4 0-1 1-3 4-6 4-5 1-5 7-15 12-14 8-12 0-8 12-14 12-13 13-15",23,"0-1 0-2 0-1 12-13 1-9 2-10 3-11 2-3 3-7 4-5 0-4 0-8 4-6 0-4 0-1 5-7 6-14 4-6 0-4 7-15 9-13 9-11 3-11",23,"7-15 10-11 11-15 0-2 2-10 10-14 4-12 12-13 13-15 0-1 1-5 5-13 0-8 8-10 0-4 0-1 0-8 1-3 4-6 1-9 0-4 0-1 0-4",43,"0-1 4-5 6-7 8-9 14-15 1-3 4-6 9-11 12-14 0-1 4-5 8-9 12-13 2-6 3-7 8-12 9-13 0-2 1-3 4-6 12-14 0-1 4-5 6-7 10-11 12-13 1-9 2-10 3-11 4-12 5-13 6-14 7-15 1-5 2-6 3-7 8-12 1-3 5-7 8-10 0-1 8-9 10-11",1
705,30,0xF0D3E9AC1762485B,"11 5 8 4 2 6 7 1 12 10 9 14 3 13 0 15",parallel_methods,16,"0-2 2-3 5-7 1-5 6-7 8-12 8-10 8-9 10-11 3-11 10-14 8-10 0-8 0-4 0-2 0-4",16,"0-1 0-4 0-2 1-3 8-12 8-9 5-7 1-5 4-5 6-7 10-11 9-11 3-11 10-14 8-10 0-8",16,"5-7 6-7 1-5 10-11 12-14 10-14 2-10 2-3 0-2 0-4 8-12 0-8 8-10 2-10 9-11 10-11",40,"0-1 8-9 10-11 14-15 1-3 4-6 9-11 12-14 0-1 8-9 10-11 2-6 3-7 8-12 9-13 0-2 1-3 9-11 0-1 4-5 10-11 12-13 6-14 7-15 2-6 3-7 8-12 9-13 10-14 11-15 1-3 4-6 5-7 8-10 12-14 13-15 0-1 2-3 12-13 14-15",1
706,36,0x2C7F564D018E9A3B,"11 3 10 9 14 8 1 0 13 4 6 5 15 7 12 2",parallel_methods,18,"1-3 8-9 0-8 2-10 4-6 0-4 5-13 5-7 9-13 8-9 9-11 1-9 1-5 0-1 12-14 14-15 6-14 2-6",18,"1-3 8-9 0-8 2-10 4-6 0-4 5-13 5-7 9-13 8-9 9-11 1-9 1-5 0-1 12-14 14-15 6-14 2-6",18,"12-14 14-15 2-10 1-3 8-9 5-13 9-13 5-7 0-8 8-9 4-6 4-5 0-4 9-11 1-9 1-5 6-14 2-6",40,"0-1 4-5 8-9 12-13 1-3 9-11 12-14 4-5 12-13 1-5 2-6 3-7 8-12 9-13 10-14 0-2 1-3 4-6 9-11 12-14 0-1 4-5 6-7 10-11 3-11 4-12 5-13 6-14 7-15 3-7 8-12 9-13 10-14 4-6 9-11 12-14 2-3 8-9 10-11 14-15",1
707,30,0x6B9F387C0E4AD125,"5 2 1 13 10 4 14 0 12 7 8 3 15 9 11 6",parallel_methods,16,"0-1 0-2 3-11 9-11 9-13 14-15 6-14 11-15 4-12 4-5 5-7 1-5 0-1 7-15 8-12 8-10",16,"0-1 0-2 9-13 3-11 4-5 5-13 5-7 1-5 0-1 12-13 8-12 8-10 14-15 6-14 11-15 13-15",16,"14-15 6-14 3-11 11-15 0-1 0-2 9-13 4-5 5-13 5-7 12-13 13-15 8-12 8-10 1-5 0-1",40,"0-1 2-3 4-5 8-9 12-13 1-3 4-6 9-11 12-14 0-1 2-3 8-9 12-13 2-6 3-7 8-12 9-13 10-14 1-3 4-6 9-11 12-14 0-1 2-3 6-7 10-11 14-15 5-13 6-14 7-15 3-7 8-12 9-13 5-7 9-11 12-14 4-5 10-11 12-13 14-15",1
708,30,0x6A8B51DE97CF3402,"2 0 4 3 15 12 7 9 14 13 1 5 11 8 10 6",parallel_methods,17,"0-2 4-5 7-15 6-7 8-10 10-14 11-15 12-13 13-15 5-13 0-8 0-1 8-12 4-12 13-15 9-13 9-11",17,"0-2 4-5 5-7 7-15 6-7 8-10 10-14 12-13 9-13 9-11 4-12 0-4 0-1 1-9 1-5 8-9 1-9",17,"8-10 10-14 4-5 5-7 7-15 6-7 12-13 9-13 9-11 1-9 1-5 8-9 1-9 0-2 0-8 8-12 4-12",39,"0-1 4-5 6-7 8-9 10-11 12-13 8-10 9-11 12-14 2-3 4-5 8-9 12-13 8-12 9-13 4-6 5-7 8-10 9-11 12-14 13-15 4-5 6-7 8-9 14-15 5-13 6-14 7-15 3-7 8-12 9-13 1-3 4-6 5-7 12-14 2-3 4-5 6-7 10-11",1
709,32,0xB41A30276D5E9CF8,"8 15 12 9 14 5 13 6 7 2 0 3 10 1 4 11",parallel_methods,17,"3-11 12-14 2-10 4-12 6-7 8-9 0-8 0-2 9-13 1-9 9-11 10-14 11-15 12-14 5-7 5-13 5-7",17,"12-14 0-8 1-3 1-9 0-1 1-5 2-10 0-2 3-11 4-12 6-7 5-7 5-13 1-5 10-14 11-15 12-14",17,"1-3 3-11 11-15 8-9 0-8 2-10 0-2 9-13 1-9 6-14 12-14 10-14 12-13 4-12 12-14 4-6 6-7",45,"4-5 8-9 10-11 12-13 14-15 1-3 4-6 9-11 12-14 4-5 6-7 8-9 14-15 2-6 3-7 8-12 9-13 10-14 0-2 1-3 4-6 12-14 0-1 10-11 14-15 2-10 3-11 4-12 5-13 6-14 7-15 0-4 1-5 2-6 3-7 0-2 1-3 5-7 8-10 9-11 0-1 2-3 4-5 6-7 10-11",1
710,30,0x087D2A95F6134BCE,"14 12 11 4 3 1 6 15 5 9 10 2 13 7 8 0",parallel_methods,16,"0-4 0-1 0-8 1-3 0-1 1-5 13-15 7-15 12-13 4-12 0-4 12-14 8-12 10-11 2-10 10-11",16,"0-1 0-4 13-15 2-3 0-2 1-5 3-11 2-3 5-13 7-15 12-13 12-14 8-12 4-12 4-5 0-4",16,"0-8 0-1 1-5 13-15 12-13 8-12 0-8 12-14 8-12 7-15 2-3 3-11 2-6 4-6 2-6 2-3",44,"0-1 4-5 6-7 12-13 0-2 1-3 4-6 5-7 9-11 12-14 0-1 6-7 8-9 10-11 12-13 1-5 2-6 3-7 8-12 9-13 0-2 1-3 4-6 9-11 12-14 0-1 4-5 6-7 4-12 5-13 6-14 7-15 2-6 3-7 8-12 1-3 4-6 8-10 9-11 0-1 6-7 8-9 10-11 12-13",1
711,32,0x34E7F508B9CD1A26,"6 2 10 1 13 12 9 11 8 0 5 15 7 14 4 3",parallel_methods,18,"12-13 2-10 0-2 0-1 2-6 0-2 4-5 5-13 11-15 12-14 4-12 5-7 1-5 1-9 0-1 1-3 3-11 9-11",18,"1-3 2-10 0-2 4-12 4-6 0-4 4-5 7-15 11-15 12-13 12-14 4-12 0-8 2-3 3-7 6-7 8-9 0-8",18,"7-15 11-15 12-13 12-14 2-10 4-5 4-12 5-13 2-6 0-2 0-1 1-9 3-7 5-7 2-6 0-2 0-1 1-5",42,"0-1 4-5 6-7 8-9 10-11 1-3 9-11 0-1 2-3 4-5 10-11 12-13 3-7 8-12 9-13 4-6 5-7 9-11 12-14 4-5 6-7 8-9 12-13 14-15 3-11 4-12 5-13 6-14 7-15 2-6 3-7 8-12 9-13 1-3 8-10 9-11 12-14 13-15 0-1 2-3 4-5 14-15",1
712,26,0xE78DB1C603F45A92,"2 9 10 5 4 15 3 0 6 12 1 11 13 8 7 14",parallel_methods,13,"12-13 3-7 5-7 8-10 2-10 2-6 2-3 0-2 8-9 1-9 8-12 14-15 7-15",13,"12-13 3-7 5-7 8-10 2-10 2-6 2-3 0-2 8-9 1-9 8-12 14-15 7-15",13,"3-7 5-7 14-15 7-15 8-10 2-10 2-6 2-3 0-2 9-13 8-9 1-9 12-13",35,"10-11 12-13 14-15 1-3 9-11 12-14 2-3 4-5 8-9 1-5 2-6 3-7 8-12 9-13 1-3 4-6 12-14 13-15 0-1 4-5 6-7 10-11 14-15 5-13 6-14 7-15 3-7 8-12 9-13 10-14 1-3 5-7 12-14 2-3 4-5",1
713,32,0x5637AFEB4291DC08,"8 0 12 13 1 9 2 4 11 14 15 10 7 3 6 5",parallel_methods,18,"2-6 5-13 5-7 10-11 4-5 6-14 9-13 12-13 12-14 13-15 0-8 0-1 1-3 1-5 5-13 3-7 7-15 11-15",18,"2-6 13-15 5-13 6-14 8-9 10-11 11-15 3-11 9-11 9-13 12-14 6-7 0-8 0-4 0-1 4-6 6-14 6-7",18,"2-6 6-14 5-13 9-13 12-13 12-14 5-7 4-5 10-11 0-8 0-1 1-3 1-5 3-11 3-7 7-15 5-13 5-7",38,"0-1 2-3 6-7 12-13 4-6 9-11 12-14 2-3 4-5 6-7 8-9 10-11 12-13 14-15 1-5 2-6 3-7 1-3 8-10 9-11 4-5 8-9 10-11 4-12 5-13 6-14 7-15 3-7 8-12 9-13 4-6 5-7 12-14 13-15 4-5 6-7 10-11 14-15",1
714,32,0xB31F2EC8509AD467,"7 6 4 13 10 9 0 5 8 12 14 2 15 1 3 11",parallel_methods,16,"0-1 0-2 0-4 5-13 1-5 2-6 0-2 3-11 5-7 9-13 10-14 2-10 2-3 11-15 12-13 13-15",16,"0-1 0-2 0-4 10-14 1-5 2-6 0-2 2-10 3-11 2-3 5-7 9-13 1-9 11-15 12-13 13-15",16,"5-13 0-1 1-5 5-7 9-13 3-11 11-15 12-13 13-15 2-6 4-6 0-2 6-14 2-6 2-3 10-14",42,"0-1 2-3 4-5 6-7 12-13 14-15 1-3 9-11 12-14 0-1 2-3 4-5 8-9 10-11 12-13 14-15 2-6 3-7 8-12 9-13 1-3 4-6 9-11 12-14 0-1 12-13 5-13 6-14 7-15 1-5 2-6 3-7 8-12 9-13 10-14 1-3 4-6 12-14 13-15 4-5 6-7 14-15",1
715,34,0xD9E041237AB8F65C,"12 5 6 15 8 11 10 7 3 2 1 4 0 14 9 13",parallel_methods,17,"0-4 0-8 1-5 1-9 0-1 2-6 2-10 0-2 3-11 1-3 0-1 4-12 0-4 13-15 14-15 11-15 9-11",17,"0-4 0-8 1-5 1-9 0-1 2-6 2-10 0-2 3-11 1-3 0-1 4-12 0-4 13-15 14-15 11-15 9-11",17,"13-15 14-15 3-11 11-15 9-11 2-6 1-5 0-4 4-12 0-8 10-11 1-3 3-11 0-1 0-4 1-3 2-10",45,"0-1 2-3 8-9 10-11 14-15 1-3 4-6 9-11 12-14 2-3 4-5 8-9 10-11 12-13 14-15 2-6 3-7 8-12 9-13 10-14 12-14 2-3 4-5 3-11 4-12 5-13 6-14 7-15 0-4 1-5 2-6 3-7 8-12 9-13 0-2 1-3 5-7 8-10 9-11 12-14 0-1 2-3 4-5 6-7 8-9",1
716,32,0x53DFB9A42701C86E,"14 6 8 12 1 0 7 2 4 10 9 11 15 13 3 5",parallel_methods,17,"1-5 0-8 0-4 0-1 3-7 7-15 5-7 6-7 8-10 8-9 10-14 2-10 2-3 8-10 12-14 14-15 12-14",17,"1-5 0-4 0-1 3-7 12-14 7-15 5-7 6-7 8-12 4-12 8-10 2-10 2-3 8-9 8-10 14-15 12-14",17,"4-5 0-8 0-4 8-10 10-14 2-10 3-7 2-3 1-5 7-15 5-7 6-7 8-9 8-10 13-15 12-13 13-15",37,"0-1 2-3 4-5 10-11 12-13 14-15 1-3 4-6 5-7 9-11 6-7 10-11 12-13 1-5 2-6 3-7 8-12 9-13 0-2 1-3 12-14 0-1 2-3 10-11 12-13 5-13 6-14 7-15 3-7 8-12 9-13 4-6 12-14 6-7 8-9 10-11 14-15",1
717,32,0x7E6F34C51B8A209D,"13 9 0 2 10 8 11 1 5 12 4 3 15 6 14 7",parallel_methods,17,"0-8 0-4 0-2 2-10 2-6 2-3 3-11 4-5 8-9 12-13 4-12 4-6 8-12 7-15 13-15 9-13 1-9",17,"12-13 5-13 0-4 0-2 2-10 2-6 2-3 3-11 4-12 4-6 5-7 7-15 8-9 1-9 1-5 12-13 8-12",17,"5-13 9-13 8-9 1-9 5-7 1-5 0-4 0-2 2-10 2-6 2-3 3-11 4-6 6-7 7-15 12-13 13-15",43,"0-1 2-3 4-5 12-13 0-2 1-3 4-6 8-10 9-11 12-14 0-1 8-9 12-13 14-15 2-6 3-7 8-12 9-13 10-14 1-3 4-6 12-14 13-15 2-3 10-11 12-13 14-15 3-11 4-12 5-13 6-14 7-15 3-7 8-12 9-13 10-14 4-6 9-11 12-14 13-15 8-9 10-11 14-15",1
718,32,0x024596D173FE8BAC,"12 10 11 8 14 15 3 7 1 13 6 9 5 4 2 0",parallel_methods,18,"12-13 5-13 2-10 2-6 2-3 13-15 9-13 8-9 1-9 9-11 10-11 0-4 0-2 0-8 4-12 2-10 10-14 2-10",18,"0-8 12-13 5-13 2-10 2-6 2-3 4-12 13-15 9-13 1-9 0-1 9-11 10-11 12-14 0-2 8-12 0-8 0-2",18,"12-13 5-13 13-15 9-13 8-9 1-9 9-11 2-10 10-11 2-6 0-4 4-12 2-3 0-2 0-8 2-6 6-14 2-6",42,"0-1 6-7 10-11 12-13 1-3 9-11 0-1 4-5 12-13 2-6 3-7 8-12 0-2 1-3 4-6 5-7 8-10 9-11 12-14 0-1 6-7 8-9 10-11 12-13 2-10 3-11 4-12 5-13 6-14 7-15 1-5 2-6 3-7 8-12 0-2 1-3 5-7 8-10 0-1 2-3 10-11 12-13",1
719,30,0x9B613ECADF207485,"5 8 4 7 0 2 15 13 10 12 14 3 1 6 11 9",parallel_methods,18,"13-15 0-4 5-7 6-7 2-6 7-15 9-13 10-14 12-13 5-13 1-3 1-5 3-11 10-11 8-10 6-7 5-7 4-5",18,"14-15 0-4 5-7 5-13 4-5 6-7 2-6 4-6 10-14 8-10 8-9 8-12 0-1 0-8 0-1 3-7 3-11 11-15",18,"5-7 5-13 0-4 4-5 6-7 2-6 4-6 10-14 3-7 3-11 11-15 10-11 8-10 8-9 8-12 8-9 1-9 8-9",42,"2-3 1-3 4-6 5-7 9-11 12-14 13-15 0-1 6-7 8-9 10-11 14-15 2-6 3-7 8-12 0-2 1-3 4-6 5-7 8-10 9-11 12-14 0-1 6-7 8-9 12-13 5-13 6-14 7-15 2-6 3-7 8-12 9-13 1-3 4-6 5-7 12-14 2-3 6-7 8-9 10-11 12-13",1
720,34,0x298F5ACE4B0316D7,"7 13 6 1 3 0 11 4 14 12 10 5 15 8 9 2",parallel_methods,18,"0-4 1-5 0-1 1-3 6-7 4-6 7-15 6-7 2-6 11-15 12-13 8-12 12-14 13-15 5-13 12-13 9-13 12-13",18,"11-15 1-5 0-1 1-3 8-12 6-7 3-7 3-11 4-6 2-6 2-3 8-9 9-13 12-14 8-12 8-9 13-15 5-13",18,"6-7 4-6 1-5 0-1 2-6 1-3 7-15 3-7 2-3 12-13 8-12 12-14 9-13 12-13 9-11 9-13 5-13 11-15",40,"4-5 8-9 12-13 0-2 1-3 4-6 5-7 8-10 9-11 12-14 0-1 6-7 8-9 12-13 1-5 2-6 3-7 8-12 1-3 4-6 9-11 12-14 0-1 4-5 12-13 6-14 7-15 3-7 8-12 9-13 10-14 4-6 5-7 12-14 13-15 2-3 4-5 8-9 10-11 14-15",1
721,32,0xBF1A0E6C843D7925,"5 2 9 7 13 3 4 8 12 6 14 0 10 1 15 11",parallel_methods,18,"0-1 0-2 9-11 5-7 3-7 4-5 5-13 1-5 8-12 11-15 14-15 4-6 6-14 10-14 8-10 1-9 0-1 1-9",18,"0-1 0-2 9-11 5-7 3-7 4-5 5-13 1-5 8-12 11-15 14-15 1-9 0-1 1-9 4-6 6-14 10-14 8-10",18,"9-11 11-15 7-15 14-15 8-12 10-14 8-10 4-6 6-7 5-7 5-13 0-1 1-5 0-2 8-9 0-8 8-9 3-7",44,"0-1 4-5 6-7 8-9 12-13 4-6 9-11 12-14 13-15 2-3 4-5 6-7 8-9 10-11 14-15 2-6 3-7 8-12 9-13 1-3 4-6 9-11 12-14 6-7 14-15 5-13 6-14 7-15 2-6 3-7 8-12 9-13 10-14 0-2 1-3 4-6 5-7 8-10 12-14 13-15 0-1 6-7 8-9 14-15",1
722,30,0x69D83E5C402B7FA1,"1 10 15 7 11 2 0 4 12 5 14 3 8 13 9 6",parallel_methods,16,"4-6 1-9 5-7 3-7 2-3 3-11 8-12 14-15 6-14 10-14 11-15 9-11 10-11 0-1 0-4 4-5",16,"4-6 0-4 1-9 5-7 3-7 2-3 3-11 4-5 1-5 8-12 14-15 6-14 10-14 11-15 9-11 10-11",16,"8-12 5-7 3-7 2-3 3-11 14-15 11-15 1-9 9-11 4-6 6-14 10-14 10-11 0-1 0-4 4-5",40,"4-5 6-7 8-9 1-3 4-6 9-11 12-14 2-3 4-5 8-9 10-11 12-13 1-5 2-6 3-7 8-12 9-13 1-3 4-6 9-11 12-14 13-15 0-1 4-5 8-9 14-15 5-13 6-14 7-15 3-7 8-12 9-13 10-14 4-6 5-7 9-11 12-14 4-5 6-7 10-11",1
723,28,0x75D86A2C1930BEF4,"4 15 14 11 0 3 9 1 12 2 10 6 8 13 5 7",parallel_methods,16,"0-4 8-12 3-11 3-7 6-7 5-7 1-5 1-9 1-3 2-3 3-7 7-15 14-15 5-13 13-15 5-13",16,"0-4 8-12 2-6 3-11 2-3 1-3 1-9 3-7 1-3 6-14 7-15 4-6 4-5 4-6 2-6 2-3",16,"0-4 8-12 3-11 3-7 6-7 5-7 1-5 1-9 1-3 2-3 3-7 7-15 14-15 13-15 5-13 13-15",34,"8-9 14-15 1-3 4-6 9-11 6-7 12-13 1-5 2-6 3-7 8-12 9-13 0-2 1-3 9-11 12-14 0-1 2-3 14-15 4-12 5-13 6-14 7-15 3-7 8-12 9-13 4-6 5-7 9-11 2-3 4-5 6-7 8-9 12-13",1
724,32,0x6D97E0BF352481AC,"12 10 1 8 4 2 5 3 15 11 0 14 7 9 13 6",parallel_methods,19,"8-12 0-8 0-1 0-2 1-5 0-1 2-10 0-2 12-14 14-15 3-11 3-7 6-7 5-7 6-14 9-11 8-12 8-9 9-13",19,"4-12 1-3 4-6 4-5 0-4 0-2 0-1 4-12 8-10 0-8 10-14 3-7 6-7 10-11 9-11 9-13 14-15 6-14 10-14",19,"11-15 14-15 3-11 9-11 8-9 9-13 13-15 3-7 6-7 0-4 4-12 4-5 5-7 0-4 0-1 0-2 2-10 0-1 0-2",41,"0-1 2-3 4-5 8-9 10-11 0-2 1-3 4-6 9-11 12-14 0-1 6-7 8-9 1-5 2-6 3-7 8-12 1-3 8-10 9-11 12-14 8-9 12-13 14-15 5-13 6-14 7-15 3-7 8-12 9-13 10-14 1-3 5-7 12-14 13-15 0-1 2-3 4-5 8-9 12-13 14-15",1
725,28,0x92CF8A5DE637410B,"11 0 1 4 7 3 6 14 13 5 10 8 15 12 2 9",parallel_methods,15,"0-1 12-13 1-9 1-5 9-11 2-3 1-3 8-9 13-15 9-13 6-14 2-6 4-6 6-7 6-14",15,"0-1 12-13 1-9 1-5 2-3 1-3 2-6 4-6 6-7 6-14 2-6 9-11 8-9 13-15 9-13",15,"0-1 1-9 1-5 2-3 1-3 9-11 12-13 6-7 6-14 2-6 4-6 6-7 8-9 13-15 9-13",35,"0-1 2-3 4-5 6-7 8-9 12-13 14-15 1-3 4-6 9-11 6-7 12-13 3-7 8-12 9-13 4-6 9-11 12-14 2-3 6-7 10-11 6-14 7-15 3-7 8-12 9-13 10-14 4-6 5-7 12-14 2-3 4-5 8-9 10-11 14-15",1
726,26,0x4CBE3F56D7A01298,"8 9 2 1 0 10 7 13 6 5 15 3 14 11 12 4",parallel_methods,13,"0-8 0-4 1-9 1-5 1-3 3-11 7-15 6-7 4-6 10-11 12-14 13-15 11-15",13,"0-8 0-4 1-9 1-5 1-3 3-11 7-15 6-7 4-6 10-11 12-14 13-15 11-15",13,"1-9 1-5 1-3 3-11 10-11 7-15 13-15 11-15 0-8 0-4 6-7 4-6 12-14",41,"6-7 8-9 12-13 0-2 1-3 4-6 9-11 12-14 0-1 6-7 8-9 10-11 12-13 2-6 3-7 8-12 9-13 10-14 1-3 4-6 5-7 9-11 12-14 0-1 2-3 6-7 8-9 10-11 14-15 4-12 5-13 6-14 7-15 3-7 8-12 9-13 10-14 4-6 12-14 13-15 14-15",1
727,28,0x8A35BE0C4196F2D7,"7 13 2 15 6 9 1 4 12 0 14 11 5 3 10 8",parallel_methods,14,"1-5 1-9 0-1 13-15 6-7 3-7 1-3 4-6 7-15 3-7 10-14 12-13 5-13 8-12",14,"1-5 1-9 0-1 13-15 6-7 3-7 1-3 4-6 7-15 3-7 10-14 12-13 5-13 8-12",14,"13-15 1-5 12-13 5-13 10-14 6-7 4-6 1-9 0-1 3-7 1-3 7-15 3-7 8-12",42,"2-3 6-7 8-9 12-13 1-3 9-11 12-14 13-15 0-1 2-3 4-5 10-11 14-15 1-5 2-6 3-7 8-12 1-3 8-10 9-11 12-14 0-1 4-5 8-9 10-11 12-13 14-15 5-13 6-14 7-15 2-6 3-7 8-12 9-13 1-3 4-6 12-14 0-1 2-3 6-7 10-11 12-13",1
728,34,0x26439CA7BF5810ED,"13 14 0 1 8 5 15 11 7 10 12 9 3 4 6 2",parallel_methods,18,"9-11 0-8 0-2 1-3 3-7 7-15 6-7 2-6 8-12 8-10 10-11 3-11 12-13 4-12 8-12 7-15 6-7 6-14",18,"0-1 0-2 7-15 1-3 6-7 2-6 6-14 8-9 8-10 9-11 3-11 11-15 12-13 4-12 8-12 13-15 7-15 3-7",18,"6-14 14-15 12-13 4-12 8-9 8-10 8-12 0-1 1-9 9-13 1-3 9-11 3-7 3-11 0-2 2-6 6-14 2-6",36,"2-3 4-5 0-2 1-3 4-6 5-7 9-11 12-14 0-1 6-7 10-11 2-6 3-7 4-6 8-10 9-11 2-3 4-5 6-7 8-9 10-11 3-11 4-12 5-13 6-14 7-15 2-6 3-7 8-12 4-6 8-10 9-11 2-3 4-5 8-9 10-11",1
729,34,0xB302FDCA617584E9,"9 14 4 8 5 7 1 6 10 12 13 15 2 0 3 11",parallel_methods,18,"0-1 0-2 6-7 5-7 9-13 1-9 10-14 2-10 2-3 11-15 12-14 10-14 2-10 8-10 12-13 0-4 0-1 1-5",18,"0-1 0-2 0-4 10-14 2-10 2-3 6-7 5-7 9-13 1-9 0-1 1-5 11-15 12-14 10-14 2-10 8-10 12-13",18,"11-15 10-14 12-14 9-13 12-13 6-7 5-7 0-1 0-2 2-10 10-14 2-3 2-10 8-10 4-5 0-4 1-9 0-1",42,"2-3 6-7 10-11 12-13 14-15 0-2 1-3 4-6 12-14 13-15 0-1 4-5 10-11 14-15 1-5 2-6 3-7 8-12 1-3 8-10 9-11 0-1 8-9 10-11 5-13 6-14 7-15 1-5 2-6 3-7 8-12 9-13 10-14 1-3 4-6 8-10 12-14 0-1 4-5 6-7 8-9 14-15",1
730,42,0x2A37014FC8BED596,"6 9 5 13 14 11 8 12 15 4 1 0 7 3 10 2",parallel_methods,22,"0-2 1-9 0-1 4-6 4-12 5-7 3-7 4-5 5-7 5-13 1-5 10-11 3-11 1-3 8-10 10-14 14-15 6-14 2-6 0-4 0-8 8-12",22,"0-2 0-1 1-5 1-3 1-9 0-1 4-6 0-4 3-11 7-15 8-10 0-8 9-13 1-9 1-3 0-1 10-14 14-15 12-14 6-14 6-7 2-6",22,"0-2 2-6 2-10 8-10 10-14 7-15 14-15 1-9 4-12 12-14 1-5 4-5 3-7 5-7 5-13 1-3 0-1 1-5 3-11 1-3 0-2 0-1",50,"2-3 4-5 6-7 8-9 12-13 1-3 4-6 8-10 9-11 12-14 0-1 2-3 4-5 8-9 3-7 8-12 9-13 4-6 9-11 12-14 13-15 2-3 6-7 8-9 10-11 14-15 2-10 3-11 4-12 5-13 6-14 7-15 0-4 1-5 2-6 3-7 8-12 0-2 1-3 5-7 8-10 9-11 12-14 0-1 2-3 4-5 6-7 10-11 12-13 14-15",1
731,24,0xF4173A98C6DBE520,"0 2 5 14 11 13 6 12 8 9 10 3 7 1 4 15",parallel_methods,13,"2-3 1-3 5-13 1-5 12-14 6-14 6-7 4-6 2-6 2-3 3-11 4-12 6-14",13,"12-14 2-3 1-3 2-6 5-13 1-5 6-14 6-7 4-6 2-6 2-3 3-11 4-12",13,"5-13 2-3 1-3 1-5 12-14 6-14 6-7 4-6 2-6 2-3 3-11 4-12 6-14",37,"2-3 6-7 12-13 14-15 4-6 9-11 12-14 2-3 4-5 8-9 10-11 14-15 3-7 8-12 4-6 9-11 12-14 12-13 4-12 5-13 6-14 7-15 2-6 3-7 8-12 1-3 4-6 8-10 9-11 12-14 2-3 4-5 6-7 8-9 10-11 12-13 14-15",1
732,34,0xBEF749653C81AD02,"2 0 13 10 1 8 12 3 5 6 9 4 7 15 14 11",parallel_methods,18,"10-11 2-3 2-10 0-2 3-7 4-5 4-12 4-6 8-12 4-12 9-11 11-15 7-15 6-7 13-15 1-5 4-5 0-4",18,"0-1 4-5 3-11 1-3 1-5 2-3 3-7 4-12 4-6 8-12 4-12 4-5 10-11 9-11 11-15 7-15 6-7 13-15",18,"2-3 3-7 10-11 2-10 0-2 9-11 11-15 4-5 7-15 4-12 4-6 6-7 13-15 8-12 4-12 0-4 0-1 1-5",38,"0-1 4-6 9-11 12-14 2-3 6-7 8-9 10-11 12-13 14-15 2-6 3-7 8-12 9-13 10-14 1-3 4-6 12-14 13-15 2-3 4-5 12-13 14-15 4-12 5-13 6-14 7-15 8-12 9-13 4-6 5-7 9-11 12-14 13-15 4-5 6-7 10-11 14-15",1
733,30,0x5BD2A083946EFC71,"1 7 12 15 14 6 4 9 3 8 0 10 2 13 11 5",parallel_methods,17,"2-10 3-7 1-3 4-6 7-15 5-7 8-9 1-9 10-14 10-11 12-14 6-14 6-7 3-7 0-1 0-2 2-3",17,"2-10 3-7 4-6 7-15 5-7 8-9 10-14 10-11 12-14 6-14 6-7 0-2 1-3 1-9 3-7 2-3 1-3",17,"2-10 10-14 10-11 4-6 8-9 12-14 5-7 1-5 1-9 6-14 0-1 0-2 2-6 6-7 3-7 7-15 5-7",37,"2-3 4-5 6-7 10-11 4-6 9-11 12-14 2-3 4-5 8-9 10-11 12-13 14-15 2-6 3-7 8-12 9-13 1-3 4-6 12-14 4-5 10-11 14-15 4-12 5-13 6-14 7-15 1-5 2-6 3-7 8-12 1-3 9-11 0-1 4-5 8-9 12-13",1
734,40,0x803F65421EA79BDC,"12 13 11 9 7 10 14 1 2 4 5 6 15 3 0 8",parallel_methods,21,"4-5 0-4 5-7 8-10 2-10 9-13 1-9 1-3 10-11 10-14 6-14 12-13 4-12 13-15 9-13 8-9 1-9 1-5 0-8 8-10 0-8",21,"0-4 1-5 0-1 0-8 1-3 1-9 2-10 0-2 0-1 3-7 5-13 1-5 1-3 11-15 10-11 8-10 12-14 4-12 0-4 14-15 6-14",21,"8-10 2-10 10-11 10-14 6-14 1-9 1-5 4-5 5-7 9-13 1-9 1-3 8-9 1-9 1-5 8-10 0-8 14-15 12-14 8-12 14-15",43,"10-11 12-13 14-15 0-2 1-3 4-6 12-14 0-1 10-11 12-13 1-5 2-6 3-7 8-12 9-13 0-2 1-3 4-6 12-14 0-1 4-5 6-7 10-11 12-13 2-10 3-11 4-12 5-13 6-14 7-15 1-5 2-6 3-7 8-12 1-3 5-7 8-10 12-14 0-1 8-9 10-11 12-13 14-15",1
735,32,0xD42B69EC7018AF35,"5 3 15 10 8 1 0 7 12 14 9 6 11 2 4 13",parallel_methods,17,"10-11 2-3 2-10 2-6 9-11 12-14 4-12 8-12 13-15 11-15 3-11 14-15 11-15 1-3 0-1 0-2 1-5",17,"0-1 1-5 2-3 13-15 12-14 4-12 8-12 10-11 2-10 2-6 0-2 9-11 11-15 3-11 2-3 14-15 11-15",17,"9-13 12-13 12-14 4-12 8-12 13-15 10-11 9-11 2-3 3-11 11-15 2-10 2-6 2-3 1-3 0-1 1-5",37,"0-1 4-5 6-7 12-13 14-15 4-6 8-10 9-11 12-14 2-3 4-5 8-9 14-15 2-6 3-7 8-12 9-13 0-2 1-3 9-11 0-1 4-5 8-9 12-13 5-13 6-14 7-15 3-7 8-12 9-13 10-14 4-6 5-7 12-14 2-3 6-7 8-9",1
736,36,0x15B468A3E0F79DC2,"2 12 13 9 7 15 0 14 3 10 8 6 4 11 5 1",parallel_methods,19,"7-15 3-11 2-3 2-6 0-2 5-7 1-5 4-5 4-12 8-9 8-10 9-11 3-11 14-15 7-15 5-7 9-13 9-11 9-13",19,"0-1 7-15 1-3 2-3 3-7 4-6 0-4 4-12 5-7 8-9 1-9 1-3 8-10 14-15 13-15 5-13 11-15 7-15 6-7",19,"8-9 8-10 0-2 4-6 6-7 0-4 13-15 11-15 14-15 6-14 5-13 1-5 13-15 5-13 4-12 12-13 9-11 3-11 9-11",33,"6-7 1-3 4-6 9-11 12-14 2-3 4-5 12-13 2-6 3-7 8-12 1-3 4-6 5-7 9-11 12-14 0-1 6-7 12-13 3-11 4-12 5-13 6-14 7-15 2-6 3-7 1-3 8-10 9-11 2-3 4-5 6-7 10-11",1
737,34,0x46853E209DBAFC71,"1 7 12 15 10 11 13 9 0 2 14 3 5 8 6 4",parallel_methods,17,"1-5 1-9 0-1 0-2 0-8 3-7 3-11 4-6 4-12 6-14 7-15 5-7 4-5 9-11 10-14 12-13 8-12",17,"1-5 1-9 0-1 0-2 0-8 3-7 3-11 4-6 4-12 6-14 7-15 5-7 4-5 9-11 10-14 12-13 8-12",17,"4-6 6-14 10-14 3-7 7-15 1-5 5-7 1-9 0-1 0-2 0-8 4-12 4-5 12-13 8-12 3-11 9-11",39,"2-3 4-6 12-14 2-3 10-11 12-13 2-6 3-7 8-12 9-13 10-14 4-6 9-11 12-14 13-15 2-3 4-5 8-9 10-11 12-13 14-15 2-10 3-11 4-12 5-13 6-14 7-15 1-5 2-6 3-7 8-12 1-3 5-7 8-10 12-14 0-1 8-9 10-11 12-13",1
738,30,0x3E9BA758D621C04F,"15 4 0 12 1 2 6 13 8 5 7 10 11 9 14 3",parallel_methods,15,"0-1 0-4 1-3 10-11 1-5 0-1 0-2 3-11 7-15 3-7 9-13 5-13 12-13 13-15 11-15",15,"0-1 0-4 1-3 10-11 1-5 0-1 0-2 3-11 7-15 3-7 9-13 5-13 12-13 13-15 11-15",15,"1-5 0-1 0-2 10-11 4-5 9-13 1-3 1-5 5-13 12-13 7-15 3-7 13-15 11-15 7-15",35,"0-1 2-3 6-7 8-9 10-11 12-13 1-3 4-6 5-7 9-11 12-14 0-1 6-7 10-11 2-6 3-7 8-12 9-13 10-14 1-3 4-6 12-14 4-5 10-11 5-13 6-14 7-15 3-7 8-12 4-6 5-7 9-11 12-14 4-5 12-13",1
739,36,0x5904EF76CB2813DA,"10 13 3 1 8 2 11 12 6 7 15 14 4 0 9 5",parallel_methods,18,"0-8 0-4 1-5 1-3 2-3 6-7 4-6 4-12 7-15 9-13 5-13 5-7 10-11 10-14 8-10 8-9 0-8 11-15",18,"0-8 0-4 1-5 1-3 2-3 6-7 4-6 4-12 7-15 9-13 5-13 5-7 10-11 10-14 8-10 8-9 0-8 11-15",18,"1-5 1-3 2-3 9-13 13-15 5-13 6-7 7-15 10-11 11-15 0-8 0-4 4-6 4-12 10-14 8-10 8-9 0-8",40,"4-5 6-7 12-13 0-2 1-3 4-6 5-7 12-14 13-15 0-1 6-7 10-11 14-15 2-6 3-7 8-12 1-3 4-6 8-10 9-11 2-3 8-9 3-11 4-12 5-13 6-14 7-15 3-7 8-12 9-13 1-3 4-6 8-10 9-11 12-14 13-15 0-1 2-3 8-9 14-15",1
740,32,0x05F682EC9A14BD37,"7 3 13 11 4 1 10 9 12 14 2 8 6 15 5 0",parallel_methods,18,"2-10 14-15 7-15 12-14 6-14 8-12 10-14 13-15 9-13 3-11 1-3 0-1 0-8 1-5 5-7 12-13 12-14 12-13",18,"2-10 10-11 9-11 11-15 3-11 1-3 0-1 1-5 5-7 14-15 13-15 5-13 9-13 4-6 4-12 4-6 8-12 8-10",18,"9-11 11-15 3-11 1-3 0-1 1-5 14-15 2-10 13-15 8-12 8-10 8-9 5-7 5-13 9-13 6-14 10-14 6-14",38,"0-1 4-5 10-11 4-6 5-7 8-10 9-11 2-3 6-7 8-9 12-13 2-6 3-7 8-12 1-3 9-11 12-14 0-1 4-5 12-13 4-12 5-13 6-14 7-15 2-6 3-7 8-12 9-13 10-14 1-3 4-6 9-11 12-14 13-15 0-1 8-9 10-11 14-15",1
741,40,0x93670C2DB8AF541E,"14 1 4 5 15 10 8 11 13 2 12 0 7 6 3 9",parallel_methods,20,"0-2 2-6 3-7 3-11 4-5 0-4 0-2 5-7 8-9 0-8 10-14 2-10 2-3 0-2 12-13 12-14 6-14 13-15 7-15 9-13",20,"0-2 2-6 3-7 3-11 4-5 0-4 0-2 5-7 8-9 0-8 10-14 2-10 2-3 0-2 12-13 12-14 6-14 13-15 7-15 9-13",20,"13-15 8-9 9-13 3-7 3-11 5-7 6-14 2-6 2-3 0-2 4-12 4-6 6-7 12-14 14-15 2-6 6-14 8-10 2-10 8-12",42,"0-1 2-3 4-5 6-7 8-9 12-13 14-15 1-3 4-6 9-11 12-14 4-5 8-9 3-7 8-12 9-13 4-6 8-10 9-11 12-14 13-15 6-7 8-9 14-15 3-11 4-12 5-13 6-14 7-15 1-5 2-6 3-7 8-12 9-13 1-3 4-6 8-10 9-11 0-1 4-5 8-9 12-13",1
742,32,0x597E08DF42631BCA,"10 12 11 1 3 6 2 4 15 13 8 0 14 7 9 5",parallel_methods,18,"13-15 5-7 4-5 1-5 1-3 5-13 8-10 10-11 12-14 12-13 9-13 2-6 6-7 7-15 11-15 8-10 0-8 8-10",18,"13-15 5-7 4-5 1-5 1-3 5-13 8-10 10-11 12-14 12-13 9-13 11-15 2-10 0-2 10-11 2-10 2-6 6-7",18,"5-7 4-5 13-15 1-5 5-13 12-14 12-13 9-13 1-3 8-10 10-11 2-10 0-2 10-11 2-10 2-6 6-7 7-15",42,"6-7 8-9 12-13 1-3 4-6 8-10 9-11 12-14 0-1 4-5 8-9 12-13 1-5 2-6 3-7 8-12 9-13 1-3 9-11 12-14 8-9 12-13 14-15 5-13 6-14 7-15 3-7 8-12 9-13 10-14 1-3 4-6 5-7 9-11 12-14 13-15 0-1 2-3 4-5 10-11 12-13 14-15",1
743,26,0xE549C8F0721D6B3A,"10 3 11 6 13 1 2 7 0 15 8 12 9 4 5 14",parallel_methods,14,"0-8 2-3 2-6 8-10 9-11 12-13 4-12 9-13 12-13 14-15 11-15 3-11 1-3 1-5",14,"9-11 0-8 2-3 2-6 8-10 12-13 4-12 9-13 12-13 14-15 11-15 3-11 1-3 1-5",14,"12-13 4-12 9-11 9-13 12-13 0-8 8-10 2-3 2-6 14-15 11-15 3-11 1-3 1-5",46,"0-1 4-5 6-7 10-11 12-13 14-15 1-3 4-6 9-11 12-14 2-3 4-5 6-7 14-15 2-6 3-7 8-12 9-13 0-2 1-3 4-6 9-11 12-14 0-1 4-5 6-7 8-9 12-13 14-15 5-13 6-14 7-15 3-7 8-12 9-13 10-14 1-3 4-6 9-11 12-14 13-15 0-1 2-3 6-7 10-11 14-15",1
744,30,0xD6E935FB07A8241C,"12 1 4 2 8 10 7 0 11 15 5 3 9 14 6 13",parallel_methods,16,"0-4 5-7 6-7 12-13 6-14 9-13 10-14 12-14 4-12 4-5 13-15 0-8 0-2 0-4 2-3 3-11",16,"12-13 0-4 0-8 0-2 2-3 3-11 5-7 6-7 6-14 9-13 10-14 12-14 4-12 4-5 0-4 13-15",16,"12-13 9-13 13-15 5-7 6-7 6-14 10-14 0-8 0-2 2-3 3-11 12-14 4-12 4-5 0-4 8-12",38,"0-1 14-15 1-3 8-10 9-11 12-14 4-5 8-9 12-13 3-7 8-12 9-13 1-3 4-6 9-11 12-14 13-15 0-1 2-3 8-9 10-11 14-15 5-13 6-14 7-15 3-7 8-12 9-13 10-14 4-6 5-7 12-14 13-15 4-5 6-7 8-9 12-13 14-15",1
745,30,0x8D1A347BF6905E2C,"12 2 14 5 0 9 6 15 11 7 4 3 10 1 13 8",parallel_methods,16,"0-4 1-3 1-5 14-15 9-13 1-9 8-10 13-15 7-15 12-14 8-12 4-12 10-11 2-10 2-3 10-14",16,"12-14 0-4 1-3 1-5 2-3 3-11 8-10 9-13 1-9 10-11 10-14 13-15 7-15 12-13 8-12 4-12",16,"5-13 9-13 14-15 13-15 7-15 8-10 0-8 0-4 8-12 10-11 2-10 10-14 8-10 1-3 2-3 1-5",42,"0-1 6-7 8-9 12-13 1-3 4-6 8-10 9-11 12-14 2-3 6-7 8-9 14-15 2-6 3-7 8-12 9-13 10-14 1-3 4-6 9-11 12-14 0-1 2-3 4-5 6-7 10-11 4-12 5-13 6-14 7-15 2-6 3-7 8-12 1-3 4-6 9-11 2-3 4-5 6-7 8-9 12-13",1
746,32,0x52F4B637CD90E18A,"10 8 1 14 0 9 13 12 7 3 6 11 4 15 2 5",parallel_methods,18,"0-2 0-1 0-8 0-4 4-6 4-12 7-15 10-14 2-10 13-15 12-13 5-7 3-7 6-7 6-14 1-9 1-3 1-9",18,"0-2 0-1 0-8 0-4 2-10 4-6 4-12 6-7 6-14 2-6 13-15 5-13 9-11 3-11 9-11 9-13 12-13 12-14",18,"0-2 10-14 2-10 0-1 0-8 0-4 6-7 4-6 4-12 13-15 3-7 6-7 6-14 5-13 1-9 1-3 1-9 9-13",42,"0-1 2-3 8-9 10-11 14-15 1-3 4-6 5-7 9-11 12-14 0-1 2-3 6-7 10-11 12-13 2-6 3-7 8-12 1-3 4-6 9-11 12-14 0-1 2-3 12-13 2-10 3-11 4-12 5-13 6-14 7-15 2-6 3-7 8-12 8-10 9-11 12-14 2-3 4-5 6-7 12-13 14-15",1
747,34,0xB87329D640EFAC51,"1 5 12 10 15 14 0 4 6 13 9 2 3 7 8 11",parallel_methods,20,"2-6 3-11 4-6 10-11 6-7 8-12 12-14 1-5 0-1 0-8 0-2 2-3 8-12 13-15 7-15 9-13 9-11 6-14 12-14 4-12",20,"0-1 5-13 5-7 10-11 2-10 12-13 9-13 9-11 3-11 12-14 8-12 4-12 4-6 0-4 4-5 11-15 10-14 12-14 14-15 10-14",20,"5-13 12-13 12-14 8-12 4-12 4-6 5-7 9-13 10-11 2-10 1-5 0-1 0-4 9-11 3-11 10-11 11-15 14-15 12-14 14-15",38,"4-5 6-7 14-15 9-11 12-14 13-15 2-3 4-5 8-9 14-15 2-6 3-7 8-12 9-13 1-3 4-6 5-7 9-11 12-14 0-1 6-7 8-9 14-15 4-12 5-13 6-14 7-15 2-6 3-7 8-12 4-6 5-7 8-10 9-11 2-3 6-7 8-9 12-13",1
748,38,0x3D248751AC6BE0F9,"9 15 0 14 11 6 12 10 1 5 7 8 4 2 13 3",parallel_methods,20,"0-8 1-9 4-5 1-5 7-15 3-7 9-13 1-9 0-1 0-2 9-11 8-9 14-15 10-14 6-14 6-7 13-15 6-14 4-6 4-12",20,"0-1 0-2 2-3 2-10 4-5 4-6 4-12 7-15 9-13 5-13 9-11 3-11 2-3 3-7 8-9 1-9 14-15 10-14 13-15 11-15",20,"4-5 4-6 4-12 9-13 8-9 0-8 0-2 1-9 9-11 8-9 5-13 7-15 14-15 13-15 10-14 3-11 11-15 14-15 3-7 7-15",38,"2-3 4-5 10-11 12-13 1-3 4-6 12-14 0-1 6-7 10-11 14-15 2-6 3-7 8-12 1-3 9-11 12-14 2-3 4-5 12-13 14-15 2-10 3-11 4-12 5-13 6-14 7-15 1-5 2-6 3-7 8-12 1-3 5-7 8-10 6-7 8-9 10-11 12-13",1
749,36,0x318406AF972CDE5B,"11 5 14 13 12 2 7 9 15 10 6 0 4 8 1 3",parallel_methods,19,"4-12 2-10 7-15 3-7 5-7 6-7 2-6 8-9 9-13 10-14 10-11 8-10 0-8 8-9 9-11 13-15 1-9 9-13 5-13",19,"0-1 1-3 9-11 1-9 0-1 2-10 4-12 5-7 1-5 6-7 2-6 9-13 8-9 10-14 10-11 9-11 1-9 11-15 3-11",19,"5-7 6-7 2-10 2-6 4-12 10-14 8-10 10-11 11-15 3-11 9-11 9-13 1-5 8-9 1-9 0-2 2-10 10-11 0-2",45,"0-1 4-5 6-7 8-9 14-15 4-6 8-10 9-11 2-3 4-5 6-7 8-9 12-13 1-5 2-6 3-7 8-12 1-3 8-10 9-11 12-14 0-1 4-5 8-9 12-13 14-15 3-11 4-12 5-13 6-14 7-15 1-5 2-6 3-7 8-12 0-2 1-3 8-10 9-11 12-14 0-1 6-7 10-11 12-13 14-15",1
750,30,0x785F926E340DCBA1,"1 10 11 12 13 0 4 3 14 6 2 9 15 5 8 7",parallel_methods,15,"4-5 3-7 1-9 0-1 0-4 2-10 4-6 5-13 7-15 9-11 10-11 12-14 8-12 14-15 12-14",15,"4-5 12-14 1-9 0-1 0-4 2-10 3-7 4-6 5-13 7-15 8-12 9-11 10-11 14-15 12-14",15,"2-10 1-9 9-11 10-11 4-5 5-13 0-1 0-4 4-6 12-14 8-12 3-7 7-15 14-15 12-14",45,"2-3 4-5 8-9 10-11 12-13 4-6 9-11 12-14 2-3 4-5 6-7 8-9 12-13 14-15 1-5 2-6 3-7 8-12 9-13 1-3 4-6 9-11 12-14 0-1 4-5 6-7 14-15 4-12 5-13 6-14 7-15 3-7 8-12 9-13 4-6 5-7 8-10 9-11 12-14 13-15 2-3 4-5 6-7 8-9 14-15",1
751,38,0x01D93CF7482AEB56,"6 5 11 14 10 2 8 4 7 15 12 3 9 13 1 0",parallel_methods,21,"0-4 10-14 1-5 2-10 0-2 0-1 3-11 8-12 12-14 6-14 6-7 4-6 9-11 8-9 11-15 10-11 2-10 0-2 8-12 12-14 8-12",21,"0-4 0-8 1-5 0-1 6-14 6-7 3-7 1-3 4-6 7-15 3-7 2-3 0-2 3-11 10-14 8-10 12-14 9-11 14-15 11-15 9-11",21,"3-11 8-10 8-12 11-15 14-15 1-5 9-11 11-15 8-9 2-10 2-6 0-2 0-8 6-7 4-6 2-6 10-11 2-10 1-3 2-3 1-3",41,"0-1 2-3 4-5 4-6 9-11 2-3 4-5 6-7 8-9 12-13 2-6 3-7 8-12 9-13 0-2 1-3 9-11 0-1 4-5 8-9 12-13 4-12 5-13 6-14 7-15 1-5 2-6 3-7 8-12 9-13 10-14 0-2 1-3 4-6 9-11 12-14 0-1 4-5 6-7 10-11 14-15",1
752,30,0x098CA2E375B6F4D1,"1 13 4 15 6 11 5 7 3 14 2 10 12 8 9 0",parallel_methods,17,"1-5 4-6 14-15 1-9 0-1 0-2 2-10 10-14 8-10 10-11 3-11 11-15 9-11 5-13 4-5 0-4 0-8",17,"9-13 4-6 8-9 13-15 5-13 1-5 0-1 14-15 2-10 10-11 9-11 3-11 9-13 5-13 4-5 11-15 9-11",17,"9-13 13-15 14-15 8-9 5-13 1-9 13-15 9-13 10-11 3-11 11-15 2-3 1-3 1-5 0-1 4-6 4-5",37,"2-3 6-7 10-11 12-13 1-3 4-6 9-11 12-14 2-3 4-5 8-9 12-13 2-6 3-7 8-12 9-13 9-11 12-14 2-3 4-5 8-9 5-13 6-14 7-15 1-5 2-6 3-7 8-12 9-13 1-3 4-6 9-11 12-14 0-1 4-5 6-7 12-13",1
753,28,0xBF237E8C9015A6D4,"4 13 6 10 5 1 0 9 12 8 14 7 3 2 15 11",parallel_methods,16,"1-5 2-6 11-15 7-15 13-15 14-15 10-14 4-5 4-12 0-4 0-2 2-3 2-10 12-13 8-12 8-9",16,"1-5 2-6 3-11 3-7 5-13 4-5 0-4 0-2 8-12 8-9 14-15 1-3 1-9 1-3 10-14 10-11",16,"1-5 5-13 4-5 2-6 0-4 0-2 3-11 3-7 8-12 8-9 9-11 3-11 9-11 10-14 10-11 11-15",38,"2-3 4-5 6-7 8-9 12-13 1-3 4-6 9-11 12-14 13-15 8-9 10-11 14-15 1-5 2-6 3-7 8-12 9-13 0-2 1-3 9-11 0-1 4-5 12-13 5-13 6-14 7-15 2-6 3-7 8-12 9-13 10-14 4-6 5-7 12-14 13-15 2-3 14-15",1
754,30,0xBDF713C2E86450A9,"9 10 0 5 4 6 8 14 2 12 3 1 7 15 13 11",parallel_methods,18,"1-3 12-14 1-5 0-1 0-2 2-6 2-10 2-3 8-10 2-10 9-11 1-9 11-15 13-15 12-13 14-15 7-15 14-15",18,"12-14 0-8 0-2 6-7 3-7 3-11 1-3 5-7 6-14 6-7 8-9 2-3 2-10 2-3 11-15 13-15 12-13 8-12",18,"13-15 9-13 12-14 12-13 0-8 0-2 9-11 1-9 8-9 6-14 10-14 8-10 6-7 6-14 5-7 6-7 3-7 5-7",44,"2-3 6-7 0-2 1-3 4-6 5-7 9-11 12-14 0-1 6-7 8-9 12-13 14-15 2-6 3-7 8-12 9-13 10-14 1-3 4-6 12-14 13-15 2-3 4-5 6-7 10-11 12-13 14-15 4-12 5-13 6-14 7-15 1-5 2-6 3-7 8-12 9-13 10-14 1-3 4-6 12-14 4-5 6-7 14-15",1
755,34,0x4C275ED639F81BA0,"0 10 11 1 8 15 9 3 6 13 14 5 7 2 12 4",parallel_methods,17,"1-3 2-3 3-11 3-7 4-12 4-6 5-7 7-15 6-7 8-12 4-12 4-6 12-13 9-13 12-14 10-14 2-10",17,"1-3 2-3 3-11 3-7 4-12 4-6 5-7 7-15 6-7 8-12 4-12 4-6 12-13 9-13 12-14 10-14 2-10",17,"1-3 2-3 3-11 3-7 5-7 7-15 4-12 8-12 4-6 6-7 4-12 4-6 12-13 9-13 12-14 10-14 2-10",37,"12-13 1-3 4-6 9-11 12-14 2-3 4-5 8-9 10-11 14-15 2-6 3-7 8-12 9-13 4-6 8-10 9-11 2-3 4-5 6-7 8-9 12-13 3-11 4-12 5-13 6-14 7-15 3-7 8-12 9-13 10-14 4-6 9-11 12-14 2-3 8-9 10-11",1
756,30,0x061A498C7ED253BF,"15 11 3 5 2 13 14 7 12 8 9 4 10 1 6 0",parallel_methods,15,"8-12 1-3 5-13 1-5 6-14 10-11 8-10 0-8 0-4 8-9 9-11 11-15 3-11 2-3 0-2",15,"8-12 1-3 5-13 1-5 6-14 10-11 8-10 0-8 0-4 8-9 9-11 11-15 3-11 2-3 0-2",15,"8-12 10-11 8-10 0-8 8-9 0-4 9-11 11-15 1-3 3-11 2-3 0-2 6-14 5-13 1-5",39,"0-1 2-3 8-9 12-13 0-2 1-3 4-6 9-11 12-14 0-1 6-7 8-9 12-13 2-6 3-7 8-12 1-3 4-6 9-11 0-1 2-3 8-9 12-13 4-12 5-13 6-14 7-15 2-6 3-7 8-12 0-2 1-3 4-6 8-10 9-11 0-1 4-5 8-9 10-11",1
757,30,0x5B89264CDE7A031F,"15 1 3 0 10 7 14 13 12 4 6 2 9 8 11 5",parallel_methods,16,"0-4 2-3 0-2 8-12 5-7 9-13 5-13 4-5 8-9 10-14 6-14 10-11 2-10 13-15 5-13 13-15",16,"0-1 10-14 1-9 0-1 0-4 2-3 0-2 5-7 6-14 8-12 9-13 8-9 10-11 2-10 13-15 5-13",16,"7-15 5-7 8-12 2-3 8-9 0-8 0-4 0-2 10-14 10-11 2-10 8-12 12-13 13-15 8-12 6-14",34,"0-1 4-5 8-9 12-13 1-3 4-6 5-7 9-11 12-14 0-1 6-7 8-9 3-7 8-12 9-13 10-14 4-6 9-11 12-14 13-15 8-9 10-11 14-15 4-12 5-13 6-14 7-15 3-7 8-12 4-6 8-10 9-11 2-3 8-9",1
758,30,0xB80CD6241735EF9A,"10 9 15 14 5 3 7 1 4 2 6 13 12 0 8 11",parallel_methods,17,"0-8 1-9 11-15 3-7 1-3 2-3 6-7 10-14 6-14 8-10 5-13 4-5 0-4 13-15 11-15 3-11 11-15",17,"0-8 10-14 5-7 3-7 6-7 6-14 8-10 9-11 9-13 1-9 10-11 0-1 1-5 2-10 4-5 10-11 11-15",17,"10-14 0-8 8-10 3-7 6-7 6-14 1-9 1-3 5-13 4-5 0-4 2-3 11-15 13-15 11-15 3-11 11-15",43,"0-1 4-5 8-9 10-11 12-13 14-15 4-6 12-14 2-3 10-11 12-13 14-15 0-4 1-5 2-6 3-7 8-12 9-13 10-14 0-2 1-3 9-11 12-14 0-1 2-3 8-9 10-11 4-12 5-13 6-14 7-15 2-6 3-7 8-12 9-13 1-3 4-6 9-11 0-1 4-5 8-9 10-11 12-13",1
759,24,0xFB4ED1C86705932A,"10 2 3 9 5 0 7 6 8 12 1 13 14 4 11 15",parallel_methods,16,"1-3 2-3 6-7 12-14 12-13 9-13 9-11 8-10 0-8 8-10 1-9 1-5 0-1 12-13 5-13 4-5",16,"1-3 2-3 6-7 10-11 1-5 5-13 4-5 9-13 10-14 12-14 12-13 0-1 1-3 3-11 1-3 10-11",16,"1-3 2-3 6-7 0-8 8-10 8-9 1-9 5-13 4-5 12-14 8-12 8-9 9-11 9-13 8-9 0-8",44,"0-1 2-3 4-5 10-11 12-13 14-15 1-3 4-6 5-7 9-11 12-14 6-7 8-9 10-11 14-15 2-6 3-7 8-12 9-13 1-3 12-14 0-1 2-3 4-5 10-11 14-15 6-14 7-15 3-7 8-12 9-13 10-14 11-15 1-3 4-6 5-7 8-10 12-14 13-15 2-3 8-9 10-11 12-13 14-15",1
760,34,0x743CB9268D51E0AF,"15 10 0 14 1 5 13 8 6 2 9 11 12 3 4 7",parallel_methods,18,"3-7 0-8 0-4 6-7 6-14 4-6 7-15 8-9 8-10 9-13 1-9 1-3 0-1 8-9 13-15 0-2 2-10 8-10",18,"0-1 0-2 8-10 1-9 2-10 3-7 1-3 6-7 6-14 4-6 2-6 2-3 7-15 9-13 1-9 1-3 8-9 13-15",18,"1-9 0-4 0-1 0-2 8-10 8-9 7-15 6-14 14-15 10-14 8-10 13-15 4-6 3-7 6-7 6-14 7-15 3-7",40,"0-1 2-3 8-9 10-11 12-13 14-15 1-3 4-6 5-7 12-14 0-1 6-7 10-11 12-13 14-15 1-5 2-6 3-7 8-12 9-13 1-3 9-11 12-14 4-5 12-13 14-15 3-11 4-12 5-13 6-14 7-15 2-6 3-7 8-12 4-6 8-10 9-11 2-3 4-5 8-9",1
761,38,0xD50AE126B937F48C,"12 8 4 15 7 3 9 11 6 2 1 14 10 0 5 13",parallel_methods,21,"0-8 3-7 1-9 2-6 0-2 0-1 8-12 8-10 8-9 1-9 5-13 4-5 13-15 11-15 3-11 14-15 7-15 5-7 2-6 0-2 0-4",21,"0-8 0-2 12-14 4-6 0-4 0-1 10-11 9-11 1-9 10-14 12-13 8-12 0-8 3-11 2-3 3-7 5-13 6-7 13-15 11-15 3-11",21,"10-11 12-14 10-14 0-8 12-13 8-12 9-11 1-9 2-6 0-2 0-8 8-9 4-6 3-7 13-15 7-15 5-7 6-7 2-6 3-11 2-3",49,"0-1 2-3 4-5 6-7 8-9 10-11 12-13 14-15 1-3 4-6 5-7 9-11 12-14 0-1 2-3 6-7 8-9 10-11 14-15 2-6 3-7 8-12 9-13 1-3 9-11 12-14 0-1 4-5 8-9 10-11 3-11 4-12 5-13 6-14 7-15 1-5 2-6 3-7 8-12 9-13 0-2 1-3 9-11 12-14 0-1 2-3 4-5 6-7 8-9",1
762,32,0x457A1086DF3CBE29,"9 2 14 11 12 3 15 13 6 8 0 1 10 7 5 4",parallel_methods,17,"12-14 3-11 1-3 4-12 5-7 8-10 0-8 8-9 10-14 6-14 13-15 5-13 4-5 2-3 3-7 7-15 14-15",17,"0-1 12-14 2-10 0-2 3-11 4-12 5-7 5-13 8-9 1-9 1-3 3-7 6-7 7-15 5-7 4-5 10-14",17,"2-10 12-14 10-14 0-8 8-9 3-11 1-3 7-15 13-15 6-7 7-15 4-12 4-5 0-4 4-6 0-2 2-3",39,"0-1 4-5 10-11 12-13 4-6 5-7 8-10 9-11 2-3 6-7 8-9 12-13 3-7 8-12 9-13 1-3 4-6 9-11 12-14 13-15 2-3 6-7 10-11 14-15 2-10 3-11 4-12 5-13 6-14 7-15 2-6 3-7 0-2 1-3 8-10 0-1 4-5 6-7 8-9",1
763,30,0x934BA0CEF216578D,"13 8 7 5 6 1 2 15 14 12 0 10 11 4 3 9",parallel_methods,18,"8-10 2-6 12-13 13-15 9-13 6-7 6-14 4-6 0-4 0-1 0-8 1-3 1-5 4-12 12-13 10-11 11-15 14-15",18,"0-1 13-15 1-5 2-6 7-15 6-7 4-6 8-10 0-8 9-13 10-14 10-11 12-13 3-11 9-11 9-13 5-13 9-11",18,"2-6 13-15 7-15 6-7 4-6 0-1 8-10 0-8 1-5 9-13 10-14 12-13 5-13 3-7 5-7 3-7 10-11 3-11",50,"0-1 4-5 6-7 8-9 10-11 12-13 14-15 0-2 1-3 4-6 8-10 9-11 12-14 0-1 6-7 8-9 12-13 1-5 2-6 3-7 8-12 0-2 1-3 4-6 8-10 9-11 12-14 0-1 4-5 6-7 8-9 12-13 14-15 5-13 6-14 7-15 2-6 3-7 8-12 9-13 1-3 4-6 12-14 0-1 2-3 4-5 6-7 8-9 10-11 12-13",1
764,28,0x0A6E72C8315DF4B9,"9 11 4 15 13 5 1 3 8 12 2 7 14 6 10 0",parallel_methods,17,"2-6 11-15 3-11 2-3 1-3 0-2 2-10 10-14 12-14 12-13 4-12 4-6 9-13 12-13 7-15 11-15 3-11",17,"13-15 3-7 2-10 7-15 6-7 9-13 1-9 0-1 10-14 12-14 4-12 12-13 1-9 1-3 3-11 3-7 1-3",17,"3-11 3-7 11-15 9-13 1-9 9-11 0-1 1-9 2-6 0-2 0-1 4-12 12-13 4-6 2-10 10-14 6-14",45,"2-3 4-5 6-7 10-11 12-13 1-3 8-10 9-11 12-14 0-1 2-3 4-5 8-9 12-13 1-5 2-6 3-7 8-12 9-13 0-2 1-3 4-6 9-11 12-14 0-1 4-5 10-11 12-13 4-12 5-13 6-14 7-15 2-6 3-7 8-12 9-13 1-3 4-6 5-7 9-11 12-14 0-1 6-7 8-9 12-13",1
765,38,0x837AC40F1D2E9B56,"6 5 11 9 14 2 13 1 15 0 4 12 10 7 3 8",parallel_methods,20,"11-15 4-6 4-5 0-4 5-13 5-7 1-5 8-9 9-11 14-15 11-15 3-11 12-14 10-14 6-14 4-6 0-2 0-8 8-9 9-11",20,"0-2 14-15 4-6 4-5 5-13 5-7 1-5 8-9 0-8 9-11 8-9 8-12 10-14 6-14 4-6 2-6 8-10 11-15 3-11 9-11",20,"4-6 4-5 5-13 5-7 1-5 11-15 14-15 12-14 10-14 6-14 0-4 4-6 8-9 2-3 0-2 0-8 9-11 8-9 11-15 3-11",46,"0-1 4-5 8-9 10-11 12-13 14-15 4-6 9-11 12-14 2-3 4-5 12-13 2-6 3-7 8-12 9-13 0-2 1-3 4-6 5-7 8-10 9-11 12-14 0-1 6-7 8-9 14-15 4-12 5-13 6-14 7-15 2-6 3-7 8-12 9-13 1-3 4-6 9-11 12-14 0-1 2-3 4-5 6-7 8-9 12-13 14-15",1
766,26,0xA28E3F1CB57D6904,"4 0 9 6 13 7 5 11 12 1 15 3 14 8 2 10",parallel_methods,15,"3-7 3-11 6-7 5-7 12-14 4-12 0-4 0-2 0-1 1-9 12-13 8-12 10-14 14-15 10-14",15,"3-7 3-11 6-7 5-7 0-2 0-1 1-9 10-14 2-10 14-15 10-14 12-14 4-12 12-13 8-12",15,"3-7 3-11 12-14 4-12 12-13 8-12 6-7 5-7 0-4 0-2 0-1 1-9 14-15 10-14 14-15",41,"0-1 4-5 6-7 8-9 12-13 14-15 4-6 9-11 12-14 2-3 4-5 10-11 12-13 3-7 8-12 9-13 4-6 5-7 9-11 12-14 2-3 6-7 8-9 14-15 5-13 6-14 7-15 1-5 2-6 3-7 8-12 9-13 10-14 1-3 4-6 12-14 13-15 4-5 6-7 10-11 14-15",1
767,34,0xE14FB0C5D23968A7,"7 10 8 6 9 3 2 13 5 12 0 11 15 4 1 14",parallel_methods,17,"12-13 0-2 2-3 2-6 4-12 5-7 3-7 8-9 1-9 8-12 8-9 8-10 0-8 14-15 13-15 5-13 1-5",17,"12-14 0-2 2-3 2-6 4-12 5-7 3-7 5-13 4-5 8-9 1-9 1-5 8-12 8-9 8-10 0-8 14-15",17,"2-10 0-2 5-7 3-7 2-6 6-7 5-13 4-5 8-9 1-9 1-5 12-14 8-12 8-9 1-9 8-10 14-15",41,"4-5 6-7 10-11 12-13 14-15 1-3 4-6 9-11 12-14 0-1 8-9 12-13 2-6 3-7 8-12 9-13 0-2 1-3 4-6 12-14 0-1 6-7 10-11 12-13 14-15 4-12 5-13 6-14 7-15 2-6 3-7 8-12 9-13 10-14 0-2 1-3 12-14 13-15 0-1 4-5 14-15",1
768,34,0x720F6C351BEDA894,"4 9 8 10 13 14 11 1 5 3 12 6 15 0 2 7",parallel_methods,18,"1-9 3-11 3-7 1-3 4-5 6-7 7-15 10-14 2-10 12-13 4-12 0-4 12-14 8-10 10-11 11-15 13-15 5-13",18,"10-14 1-9 2-10 3-11 3-7 1-3 4-5 5-13 6-7 7-15 8-12 4-12 4-5 0-4 8-10 10-11 11-15 12-14",18,"1-9 3-11 3-7 1-3 12-13 4-12 0-4 6-7 10-14 2-10 8-10 10-11 7-15 11-15 13-15 5-13 12-13 12-14",44,"2-3 8-9 12-13 14-15 1-3 12-14 2-3 4-5 10-11 12-13 14-15 3-7 8-12 9-13 1-3 4-6 5-7 9-11 0-1 2-3 4-5 6-7 10-11 12-13 2-10 3-11 4-12 5-13 6-14 7-15 1-5 2-6 3-7 8-12 9-13 1-3 8-10 9-11 12-14 0-1 4-5 6-7 12-13 14-15",1
769,36,0x018FB4CD2563E79A,"10 9 7 14 3 6 5 2 13 12 4 11 15 8 1 0",parallel_methods,19,"2-3 2-10 12-14 3-7 4-6 2-6 2-3 4-5 4-6 8-9 8-12 0-8 9-13 14-15 10-14 8-10 1-9 0-1 0-8",19,"0-2 0-4 2-10 0-2 2-3 4-5 14-15 6-7 2-6 5-7 6-14 4-6 0-4 8-9 12-13 8-12 13-15 9-13 1-9",19,"9-13 12-14 12-13 8-9 9-13 1-9 14-15 4-6 2-6 2-3 4-5 2-10 10-14 0-2 2-10 6-7 0-4 0-2 2-6",41,"0-1 2-3 8-9 10-11 12-13 1-3 4-6 8-10 9-11 0-1 2-3 4-5 8-9 12-13 0-4 1-5 2-6 3-7 8-12 0-2 1-3 9-11 0-1 2-3 12-13 5-13 6-14 7-15 2-6 3-7 8-12 9-13 10-14 0-2 1-3 4-6 12-14 0-1 4-5 6-7 14-15",1
770,36,0xB1F782C50D3AE496,"6 9 4 14 10 3 13 0 5 12 2 8 7 15 1 11",parallel_methods,20,"0-2 0-4 12-14 6-14 6-7 2-6 8-9 1-9 1-5 8-12 0-8 3-11 1-3 0-1 11-15 14-15 13-15 0-8 0-2 2-10",20,"0-2 0-4 3-7 6-7 8-9 1-9 1-5 1-3 6-14 2-6 0-2 0-1 2-10 10-11 8-12 8-10 10-11 11-15 7-15 13-15",20,"8-9 1-9 1-5 3-7 1-3 12-14 6-14 6-7 4-12 12-14 0-2 0-4 0-1 11-15 13-15 12-13 8-12 2-10 10-14 6-14",40,"2-3 4-5 10-11 14-15 1-3 4-6 9-11 12-14 0-1 2-3 8-9 12-13 2-6 3-7 8-12 9-13 0-2 1-3 4-6 9-11 12-14 0-1 10-11 4-12 5-13 6-14 7-15 2-6 3-7 8-12 9-13 1-3 4-6 9-11 12-14 6-7 8-9 10-11 12-13 14-15",1
771,32,0xB3EDFC61A2049587,"7 8 5 9 4 0 2 10 1 6 12 15 13 14 3 11",parallel_methods,16,"0-1 0-8 1-3 1-9 10-14 11-15 3-7 2-3 1-3 1-5 0-1 2-10 2-3 2-6 12-13 12-14",16,"0-1 0-8 1-3 1-9 10-14 11-15 3-7 2-3 1-3 1-5 0-1 2-10 2-3 2-6 12-13 12-14",16,"11-15 2-6 0-1 0-8 1-3 1-9 1-5 0-1 6-7 5-7 6-14 6-7 3-7 10-14 12-13 12-14",50,"2-3 4-5 6-7 10-11 14-15 1-3 4-6 0-1 2-3 6-7 10-11 12-13 1-5 2-6 3-7 8-12 9-13 0-2 1-3 4-6 9-11 12-14 0-1 2-3 4-5 6-7 8-9 10-11 14-15 5-13 6-14 7-15 2-6 3-7 8-12 9-13 10-14 11-15 1-3 4-6 5-7 8-10 12-14 13-15 2-3 6-7 8-9 10-11 12-13 14-15",1
772,36,0xA81F0752D9BC346E,"14 6 4 3 12 11 9 13 2 5 7 0 15 1 8 10",parallel_methods,20,"0-2 1-5 1-9 9-11 5-7 10-14 6-14 6-7 8-10 2-10 12-14 14-15 10-14 9-13 12-13 4-12 0-4 9-13 5-13 1-5",20,"0-2 1-5 1-9 10-14 5-7 5-13 1-5 6-14 6-7 8-10 2-10 9-11 12-14 14-15 10-14 0-4 0-8 8-12 8-9 0-8",20,"5-13 1-5 9-13 5-7 5-13 12-14 14-15 0-8 0-2 6-7 10-11 8-10 10-14 8-12 4-12 0-4 3-7 3-11 9-11 3-7",42,"0-1 4-5 6-7 12-13 14-15 0-2 1-3 4-6 9-11 12-14 0-1 8-9 10-11 12-13 14-15 3-7 8-12 9-13 10-14 4-6 12-14 14-15 3-11 4-12 5-13 6-14 7-15 1-5 2-6 3-7 8-12 0-2 1-3 8-10 9-11 12-14 0-1 2-3 4-5 10-11 12-13 14-15",1
773,28,0xA705B39CDE2864F1,"1 15 4 6 8 2 14 13 12 9 3 11 5 0 7 10",parallel_methods,16,"12-13 4-12 5-7 3-7 5-13 8-12 14-15 0-1 0-2 0-4 2-10 2-3 10-14 6-7 7-15 14-15",16,"1-5 0-1 0-2 0-4 5-7 14-15 7-15 12-13 5-13 8-12 0-8 2-10 2-3 2-6 2-10 10-14",16,"14-15 1-5 5-7 7-15 0-1 0-2 12-13 4-12 0-4 5-13 8-12 10-14 6-14 2-3 2-6 2-3",38,"2-3 4-5 8-9 10-11 12-13 14-15 1-3 4-6 5-7 9-11 12-14 13-15 6-7 8-9 14-15 3-7 8-12 1-3 4-6 8-10 9-11 12-14 2-3 8-9 12-13 4-12 5-13 6-14 7-15 2-6 3-7 8-12 1-3 4-6 9-11 0-1 2-3 6-7",1
774,26,0xF26CA9EB14D35078,"8 7 0 5 3 13 4 1 11 14 9 10 12 6 2 15",parallel_methods,15,"1-3 8-10 4-6 5-13 5-7 1-5 8-9 10-11 0-8 0-2 2-6 6-14 3-7 2-3 2-6",15,"1-3 3-7 5-13 4-5 1-5 1-3 4-6 8-9 10-11 9-11 0-8 0-2 2-6 6-14 2-6",15,"5-13 4-6 3-7 5-7 6-7 1-3 3-7 8-9 8-10 10-14 0-2 2-10 8-10 10-11 9-11",39,"0-1 2-3 10-11 12-13 14-15 0-2 1-3 4-6 8-10 9-11 12-14 0-1 4-5 8-9 1-5 2-6 3-7 8-12 9-13 1-3 4-6 9-11 4-5 6-7 10-11 12-13 6-14 7-15 3-7 8-12 9-13 10-14 5-7 8-10 12-14 13-15 2-3 4-5 14-15",1
775,40,0x1B630DE794FA285C,"12 5 8 2 10 15 4 9 7 14 13 0 3 6 11 1",parallel_methods,21,"0-4 0-2 0-8 4-12 0-4 4-6 5-7 1-5 10-14 10-11 2-10 0-2 2-3 13-15 7-15 6-7 9-13 1-9 13-15 14-15 13-15",21,"0-2 0-8 0-2 4-12 0-4 2-3 5-7 1-5 7-15 3-7 9-11 1-9 0-1 1-3 10-14 10-11 12-14 10-14 12-13 4-12 4-6",21,"12-13 0-4 4-12 4-6 0-2 0-8 10-14 10-11 2-10 0-2 2-3 7-15 3-7 5-13 1-5 1-3 13-15 9-13 13-15 14-15 13-15",39,"0-1 6-7 1-3 9-11 12-14 0-1 4-5 8-9 3-7 8-12 1-3 4-6 8-10 9-11 12-14 2-3 6-7 8-9 12-13 14-15 3-11 4-12 5-13 6-14 7-15 1-5 2-6 3-7 8-12 9-13 0-2 1-3 4-6 9-11 12-14 0-1 4-5 8-9 10-11",1
776,32,0x8B7AE5D960F21C43,"3 4 12 1 2 15 0 6 9 13 5 14 10 7 11 8",parallel_methods,16,"0-1 0-4 13-15 1-3 2-6 0-2 9-13 8-9 10-14 6-14 6-7 5-7 7-15 10-11 12-14 10-14",16,"0-1 0-4 10-14 1-3 2-6 0-2 5-13 6-14 6-7 5-7 10-11 12-14 10-14 13-15 9-13 8-9",16,"0-1 4-6 0-4 1-3 13-15 9-13 8-9 2-10 2-6 6-7 5-7 7-15 10-14 10-11 12-14 10-14",36,"6-7 10-11 12-13 1-3 4-6 9-11 12-14 0-1 2-3 4-5 8-9 10-11 14-15 2-6 3-7 8-12 9-13 1-3 4-6 8-10 9-11 12-14 0-1 6-7 8-9 12-13 14-15 6-14 7-15 8-12 9-13 5-7 12-14 6-7 8-9 10-11",1
777,30,0xC8425FBE173D6A09,"9 0 10 6 13 3 7 1 14 11 15 5 2 4 8 12",parallel_methods,16,"0-1 3-7 6-7 8-12 9-11 1-9 1-5 1-3 10-14 8-10 2-10 14-15 12-14 4-5 5-13 4-5",16,"0-1 1-5 3-7 1-3 5-13 4-5 6-7 8-12 9-11 9-13 5-13 10-14 8-10 2-10 14-15 12-14",16,"3-7 6-7 0-1 9-11 1-9 1-5 1-3 10-14 14-15 8-10 12-14 10-14 2-10 4-5 5-13 4-5",38,"0-1 4-5 8-9 14-15 1-3 4-6 9-11 12-14 13-15 2-3 4-5 8-9 10-11 14-15 2-6 3-7 8-12 1-3 4-6 8-10 9-11 4-5 6-7 8-9 12-13 5-13 6-14 7-15 3-7 8-12 9-13 10-14 4-6 12-14 13-15 2-3 6-7 14-15",1
778,28,0xBE7FA65D1824C309,"9 0 3 12 4 2 8 1 13 5 6 10 15 7 14 11",parallel_methods,17,"0-1 1-9 1-5 3-7 1-3 2-3 10-11 11-15 7-15 13-15 6-14 12-14 8-12 12-13 7-15 14-15 6-14",17,"0-1 2-3 5-7 1-9 1-5 2-6 2-10 8-10 10-11 11-15 13-15 12-14 6-7 2-6 7-15 14-15 12-14",17,"5-7 3-7 2-3 0-1 10-11 11-15 7-15 13-15 12-13 6-7 7-15 13-15 9-13 8-9 1-5 5-13 9-13",37,"0-1 2-3 4-5 8-9 10-11 12-13 1-3 4-6 9-11 12-14 2-3 12-13 14-15 2-6 3-7 8-12 9-13 10-14 1-3 12-14 13-15 4-5 10-11 14-15 5-13 6-14 7-15 8-12 9-13 10-14 5-7 8-10 12-14 13-15 8-9 12-13 14-15",1
779,32,0x2C64FBEA8D710935,"5 3 9 0 1 7 13 8 10 14 11 15 4 6 12 2",parallel_methods,16,"0-4 1-3 0-1 5-7 11-15 5-13 4-5 4-6 4-12 9-13 10-11 2-10 8-10 8-9 12-13 12-14",16,"0-4 1-3 0-1 5-7 11-15 5-13 4-5 4-6 4-12 9-13 10-11 2-10 8-10 8-9 12-13 12-14",16,"1-3 0-4 0-1 5-7 5-13 4-5 4-6 4-12 9-13 12-13 12-14 11-15 10-11 2-10 8-10 8-9",36,"0-1 10-11 1-3 4-6 5-7 9-11 12-14 0-1 2-3 6-7 10-11 3-7 8-12 1-3 4-6 8-10 9-11 2-3 6-7 8-9 5-13 6-14 7-15 3-7 8-12 9-13 10-14 4-6 5-7 8-10 12-14 13-15 2-3 6-7 8-9 14-15",1
780,22,0x3EFD90B1A6745C28,"8 2 12 5 4 7 6 10 1 11 0 9 13 15 14 3",parallel_methods,13,"0-8 0-1 2-10 0-2 9-11 7-15 3-7 5-7 13-15 12-13 10-14 12-14 10-14",13,"0-8 0-1 2-10 0-2 9-11 7-15 3-7 5-7 10-14 12-13 12-14 14-15 10-14",13,"7-15 3-7 5-7 0-8 0-1 2-10 0-2 9-11 14-15 10-14 13-15 12-13 12-14",43,"0-1 6-7 10-11 1-3 4-6 9-11 12-14 2-3 6-7 8-9 12-13 2-6 3-7 8-12 9-13 10-14 1-3 4-6 12-14 13-15 2-3 4-5 14-15 5-13 6-14 7-15 1-5 2-6 3-7 8-12 9-13 10-14 0-2 1-3 4-6 12-14 13-15 0-1 4-5 6-7 8-9 12-13 14-15",1
781,38,0x4613D9B0E5A28CF7,"7 15 12 8 2 10 5 14 0 11 9 13 3 1 6 4",parallel_methods,19,"0-2 0-4 4-12 2-3 0-2 0-8 4-6 5-13 1-5 6-7 3-7 6-14 13-15 5-13 4-5 11-15 10-11 9-11 13-15",19,"0-2 0-4 6-7 2-3 0-2 0-8 4-12 5-13 1-5 6-14 13-15 5-13 4-5 5-7 3-7 11-15 10-11 9-11 13-15",19,"7-15 6-7 4-6 2-6 6-14 9-11 9-13 12-14 14-15 1-5 5-7 7-15 0-1 1-3 3-7 1-9 0-8 8-10 8-9",43,"6-7 10-11 12-13 1-3 4-6 9-11 12-14 13-15 6-7 10-11 14-15 2-6 3-7 8-12 0-2 1-3 4-6 8-10 9-11 12-14 0-1 4-5 8-9 10-11 12-13 14-15 3-11 4-12 5-13 6-14 7-15 1-5 2-6 3-7 8-12 0-2 1-3 8-10 9-11 0-1 6-7 8-9 12-13",1
782,26,0xF20B95EC764DA831,"1 3 8 10 13 4 6 7 12 14 5 9 11 0 2 15",parallel_methods,13,"2-10 2-3 1-3 4-5 5-13 1-5 0-1 8-12 8-9 8-10 9-11 10-14 2-10",13,"2-10 2-3 1-3 4-5 5-13 1-5 0-1 8-12 8-9 8-10 9-11 10-14 2-10",13,"9-11 10-11 10-14 2-10 8-12 8-10 3-11 10-11 1-3 4-5 5-13 1-5 0-1",41,"2-3 4-5 6-7 10-11 12-13 14-15 4-6 8-10 9-11 12-14 2-3 4-5 6-7 8-9 14-15 2-6 3-7 8-12 9-13 4-6 9-11 2-3 4-5 6-7 12-13 5-13 6-14 7-15 2-6 3-7 8-12 9-13 10-14 1-3 4-6 12-14 13-15 0-1 6-7 8-9 14-15",1
783,26,0x3BFC96AE085274D1,"1 13 4 7 2 5 8 0 14 10 6 9 12 15 11 3",parallel_methods,15,"2-6 2-10 4-6 2-6 8-10 9-11 10-14 10-11 5-7 1-5 0-1 7-15 3-7 13-15 5-13",15,"2-6 2-10 3-7 4-6 2-6 8-10 9-11 10-14 10-11 13-15 1-5 5-13 1-5 1-3 0-1",15,"2-6 4-6 2-10 2-6 9-11 8-10 10-14 10-11 3-7 1-3 3-11 11-15 13-15 0-1 3-11",33,"2-3 8-9 10-11 1-3 4-6 8-10 9-11 8-9 12-13 2-6 3-7 8-12 9-13 10-14 1-3 4-6 9-11 12-14 0-1 4-5 10-11 6-14 7-15 3-7 8-12 9-13 10-14 5-7 8-10 12-14 13-15 4-5 14-15",1
784,32,0x1C03A2EB95F876D4,"4 13 6 7 8 15 5 9 11 14 2 10 3 0 12 1",parallel_methods,18,"0-4 12-13 8-9 5-13 1-5 8-12 0-8 12-14 13-15 5-13 6-7 2-6 2-10 10-11 9-11 5-7 3-7 1-3",18,"3-7 4-12 4-6 2-6 5-13 4-5 0-4 8-9 8-12 12-14 13-15 1-3 2-3 2-10 10-11 9-11 9-13 1-9",18,"8-9 4-12 8-12 12-14 5-7 1-5 5-13 4-6 4-5 0-4 2-6 7-15 2-10 10-11 3-7 3-11 9-11 1-9",38,"2-3 6-7 10-11 12-13 1-3 4-6 8-10 9-11 12-14 4-5 8-9 14-15 3-7 8-12 1-3 4-6 9-11 2-3 6-7 8-9 12-13 4-12 5-13 6-14 7-15 0-4 1-5 2-6 3-7 8-12 9-13 0-2 1-3 12-14 0-1 2-3 10-11 12-13",1
785,30,0x4CB09F56D82E7A31,"1 3 10 7 14 2 8 13 6 5 15 9 0 11 12 4",parallel_methods,18,"9-13 7-15 8-12 4-12 9-11 12-14 2-10 2-6 6-7 4-6 1-3 1-5 0-1 0-2 0-8 5-13 13-15 7-15",18,"9-13 5-7 3-7 5-13 8-12 9-11 12-14 6-14 10-14 8-10 2-10 14-15 2-3 1-3 0-1 4-6 6-14 4-6",18,"4-12 12-14 9-13 9-11 5-7 5-13 6-7 3-7 1-3 0-1 0-8 0-4 10-14 14-15 2-6 6-14 4-6 10-14",38,"4-5 6-7 8-9 4-6 12-14 2-3 4-5 6-7 10-11 14-15 3-7 8-12 9-13 1-3 4-6 5-7 9-11 2-3 6-7 8-9 10-11 12-13 4-12 5-13 6-14 7-15 3-7 8-12 9-13 1-3 4-6 9-11 12-14 0-1 2-3 10-11 12-13 14-15",1
786,32,0x2CE48B617FA9035D,"13 5 3 0 9 10 15 7 1 6 11 8 4 14 12 2",parallel_methods,17,"0-4 0-8 1-5 0-1 2-3 0-2 4-12 12-13 9-11 8-9 11-15 10-11 2-10 12-14 7-15 6-7 7-15",17,"9-13 0-4 0-8 1-5 0-1 2-3 0-2 4-12 8-9 10-11 8-10 12-13 12-14 6-14 14-15 10-14 2-10",17,"4-12 12-13 12-14 1-5 1-3 0-1 9-11 8-9 11-15 3-11 10-11 2-3 14-15 6-14 14-15 1-9 9-13",33,"0-1 0-2 1-3 4-6 12-14 0-1 10-11 12-13 3-7 8-12 9-13 4-6 12-14 6-7 10-11 12-13 14-15 4-12 5-13 6-14 7-15 2-6 3-7 8-12 9-13 1-3 4-6 9-11 12-14 4-5 8-9 10-11 12-13",1
787,42,0x05A3F2618B97ECD4,"4 13 12 14 7 9 11 8 1 6 2 15 3 10 5 0",parallel_methods,21,"1-5 1-9 2-6 2-3 2-10 4-6 12-13 5-13 1-5 5-7 6-7 11-15 3-11 1-3 12-14 4-12 4-5 0-4 0-8 0-1 10-14",21,"1-5 1-9 2-6 2-3 2-10 4-6 12-13 5-13 1-5 5-7 6-7 11-15 3-11 1-3 12-14 4-12 4-5 0-4 0-8 0-1 10-14",21,"8-9 1-5 1-9 11-15 2-6 2-10 10-11 12-13 5-13 5-7 3-7 8-12 8-10 4-6 6-7 4-12 6-14 4-6 4-5 0-4 0-8",41,"2-3 10-11 1-3 4-6 9-11 12-14 2-3 6-7 10-11 12-13 1-5 2-6 3-7 8-12 9-13 1-3 9-11 12-14 8-9 2-10 3-11 4-12 5-13 6-14 7-15 0-4 1-5 2-6 3-7 8-12 0-2 1-3 5-7 8-10 9-11 12-14 0-1 2-3 10-11 12-13 14-15",1
788,30,0x08C964FAB5D23E17,"7 1 14 3 2 13 5 11 10 15 4 6 9 12 8 0",parallel_methods,16,"0-4 2-10 0-2 4-6 10-14 8-10 12-13 9-13 13-15 5-13 4-5 0-4 7-15 11-15 7-15 6-7",16,"11-15 9-11 0-4 12-13 2-10 0-2 4-6 7-15 6-7 9-13 5-13 4-5 0-4 10-14 8-10 11-15",16,"12-13 9-13 13-15 5-13 4-6 4-5 2-10 0-2 0-4 10-14 8-10 3-7 3-11 2-3 2-6 3-7",38,"0-1 6-7 10-11 1-3 4-6 8-10 9-11 2-3 4-5 6-7 8-9 12-13 2-6 3-7 8-12 9-13 1-3 4-6 9-11 12-14 2-3 8-9 5-13 6-14 7-15 3-7 8-12 9-13 1-3 4-6 5-7 9-11 12-14 0-1 2-3 6-7 12-13 14-15",1
789,30,0xAD286C30EF791B54,"4 5 11 1 9 7 15 14 0 3 12 6 8 2 13 10",parallel_methods,17,"0-4 0-8 6-7 11-15 14-15 6-14 1-9 1-3 9-13 8-9 8-10 2-10 8-12 10-11 5-7 5-13 13-15",17,"0-4 0-8 14-15 10-14 13-15 1-5 1-3 6-7 7-15 3-7 2-3 9-11 3-11 8-9 8-12 12-14 6-14",17,"1-9 1-3 0-4 0-8 9-13 8-9 8-10 2-10 11-15 10-11 8-12 7-15 6-7 14-15 5-7 5-13 13-15",39,"4-5 12-13 1-3 4-6 5-7 12-14 13-15 0-1 2-3 6-7 10-11 14-15 3-7 8-12 9-13 10-14 4-6 5-7 9-11 12-14 6-7 10-11 14-15 4-12 5-13 6-14 7-15 1-5 2-6 3-7 8-12 9-13 1-3 4-6 9-11 0-1 4-5 8-9 12-13",1
790,34,0xFB79C1320E8A64D5,"5 13 4 6 10 8 14 0 2 3 1 12 9 7 11 15",parallel_methods,19,"0-4 0-2 1-9 2-10 3-7 1-3 4-5 0-4 0-8 0-2 0-1 14-15 11-15 13-15 12-13 9-13 7-15 14-15 6-14",19,"0-4 0-2 1-5 9-11 5-13 5-7 4-5 0-4 8-10 2-10 8-9 1-9 8-12 8-9 14-15 3-11 11-15 14-15 6-14",19,"5-13 5-7 10-11 9-11 1-9 12-13 9-13 0-4 0-8 8-10 8-12 6-14 2-6 2-3 3-11 4-5 4-6 2-6 0-2",47,"2-3 4-5 10-11 12-13 14-15 1-3 4-6 9-11 12-14 13-15 0-1 8-9 10-11 14-15 3-7 8-12 9-13 10-14 1-3 4-6 9-11 12-14 13-15 0-1 2-3 6-7 10-11 12-13 14-15 4-12 5-13 6-14 7-15 1-5 2-6 3-7 8-12 9-13 1-3 4-6 9-11 12-14 4-5 6-7 10-11 12-13 14-15",1
791,26,0x67EFADB8035C2941,"1 4 9 2 12 5 3 0 8 11 13 10 15 14 7 6",parallel_methods,15,"0-1 2-3 6-7 10-11 9-11 12-13 14-15 3-7 7-15 13-15 9-13 4-12 4-6 0-4 6-14",15,"0-1 2-3 10-11 9-11 12-13 7-15 6-7 3-7 14-15 7-15 12-14 4-12 0-4 13-15 9-13",15,"7-15 6-7 2-3 0-1 10-11 13-15 12-13 4-12 0-4 14-15 3-11 9-11 3-7 7-15 13-15",31,"4-5 12-13 1-3 9-11 2-3 4-5 10-11 12-13 2-6 3-7 8-12 9-13 1-3 4-6 0-1 2-3 6-7 10-11 12-13 6-14 7-15 8-12 9-13 10-14 8-10 12-14 13-15 6-7 8-9 12-13 14-15",1
792,34,0x107B9D5C2864F3AE,"14 10 3 15 4 6 8 2 12 5 13 9 11 7 0 1",parallel_methods,18,"1-9 3-7 2-3 7-15 5-7 1-5 12-13 12-14 6-14 6-7 8-12 0-8 8-10 8-9 9-13 9-11 10-14 8-10",18,"13-15 5-13 1-9 1-5 3-7 2-3 7-15 12-13 12-14 6-14 8-12 0-8 8-10 8-9 9-13 9-11 10-14 8-10",20,"3-7 2-3 1-9 9-11 12-14 8-12 0-8 8-10 10-14 10-11 13-15 7-15 4-5 4-6 4-5 1-5 1-9 8-9 9-13 1-9",38,"0-1 2-3 8-9 12-13 14-15 1-3 4-6 9-11 0-1 2-3 10-11 12-13 1-5 2-6 3-7 8-12 1-3 8-10 9-11 0-1 8-9 12-13 4-12 5-13 6-14 7-15 2-6 3-7 8-12 9-13 0-2 1-3 4-6 9-11 0-1 6-7 10-11 12-13",1
793,26,0x5AC9DEF1028736B4,"4 11 6 3 7 8 2 0 1 15 14 13 9 12 10 5",parallel_methods,15,"2-6 4-5 0-4 0-8 5-7 10-14 12-13 9-13 13-15 1-5 0-1 5-13 9-13 9-11 9-13",15,"2-6 4-5 0-4 0-8 5-7 10-14 12-13 9-13 13-15 9-11 1-5 0-1 5-13 9-13 9-11",15,"10-14 2-6 4-5 5-7 0-4 0-8 1-9 9-11 1-5 0-1 12-13 9-13 7-15 5-7 7-15",37,"1-3 9-11 12-14 0-1 4-5 12-13 2-6 3-7 8-12 0-2 1-3 4-6 8-10 9-11 12-14 0-1 8-9 10-11 12-13 14-15 6-14 7-15 3-7 8-12 9-13 10-14 11-15 1-3 4-6 5-7 8-10 12-14 13-15 2-3 4-5 12-13 14-15",1
794,36,0xC8FB274EA93D5106,"6 0 1 5 13 3 9 10 14 4 7 2 11 15 8 12",parallel_methods,18,"0-2 0-1 2-6 2-10 3-7 2-3 5-7 3-7 8-10 8-9 8-12 4-12 10-14 8-10 10-11 2-10 13-15 12-13",18,"0-2 0-1 2-6 2-10 3-7 2-3 5-7 3-7 8-10 8-9 8-12 4-12 10-14 8-10 10-11 2-10 13-15 12-13",18,"0-2 0-1 2-6 10-11 2-10 8-10 8-9 13-15 12-14 8-12 4-12 12-13 3-7 5-7 3-11 3-7 10-14 10-11",42,"0-1 2-3 4-5 6-7 8-9 14-15 1-3 4-6 9-11 12-14 4-5 6-7 8-9 12-13 3-7 8-12 9-13 10-14 4-6 5-7 9-11 12-14 13-15 2-3 4-5 6-7 10-11 12-13 14-15 5-13 6-14 7-15 3-7 8-12 9-13 10-14 4-6 5-7 12-14 13-15 2-3 14-15",1
795,40,0x130BEF74D68AC925,"5 2 9 12 10 8 6 13 4 7 15 14 11 0 3 1",parallel_methods,21,"10-11 11-15 1-3 1-9 1-5 5-7 5-13 8-12 4-12 8-9 8-12 9-11 1-9 10-14 2-10 2-3 8-10 8-9 4-5 0-4 4-5",21,"0-1 0-2 0-1 0-4 0-8 1-9 5-13 4-5 0-4 11-15 3-11 1-3 10-11 8-10 12-13 8-12 14-15 7-15 3-7 13-15 11-15",21,"12-13 7-15 13-15 10-11 11-15 10-14 0-1 1-5 2-10 2-3 0-2 4-12 0-4 8-12 8-10 1-9 8-9 5-7 1-5 5-7 4-12",39,"0-1 2-3 4-5 6-7 12-13 4-6 12-14 2-3 10-11 12-13 14-15 2-6 3-7 8-12 4-6 8-10 9-11 2-3 6-7 8-9 3-11 4-12 5-13 6-14 7-15 1-5 2-6 3-7 8-12 9-13 0-2 1-3 9-11 12-14 13-15 0-1 8-9 10-11 14-15",1
796,34,0x17A4CF523EB9D806,"6 0 8 13 9 11 14 3 2 5 15 12 4 10 7 1",parallel_methods,19,"9-13 10-11 3-7 4-12 6-14 8-10 2-10 8-12 8-9 8-10 11-15 0-1 1-5 5-7 5-13 6-7 1-3 3-11 1-3",19,"9-13 3-7 4-12 5-7 5-13 6-14 7-15 10-11 8-10 2-10 8-12 8-9 8-10 11-15 3-7 0-1 1-3 3-7 6-7",19,"3-7 10-11 8-10 2-10 6-14 4-12 8-12 9-13 8-9 8-10 5-7 7-15 11-15 0-1 1-5 5-7 6-7 1-5 5-13",35,"0-1 2-3 4-6 12-14 2-3 10-11 12-13 3-7 8-12 9-13 1-3 4-6 8-10 9-11 12-14 2-3 6-7 8-9 12-13 3-11 4-12 5-13 6-14 7-15 2-6 3-7 8-12 9-13 1-3 9-11 12-14 4-5 8-9 12-13 14-15",1
797,32,0x9FB7804CED5A2163,"3 6 1 2 10 5 13 14 12 4 0 8 7 11 15 9",parallel_methods,18,"0-1 13-15 0-4 2-3 1-3 4-6 9-13 8-12 8-10 0-8 10-11 8-10 11-15 7-15 14-15 12-13 4-12 12-13",18,"0-1 9-13 0-4 2-3 1-3 4-6 9-11 12-13 4-12 13-15 7-15 14-15 8-10 0-8 8-10 8-9 9-13 12-13",18,"9-13 12-13 13-15 7-15 14-15 0-2 2-3 9-11 0-1 0-4 4-6 0-8 8-10 0-8 4-12 8-9 9-13 12-13",44,"2-3 4-5 6-7 8-9 10-11 0-2 1-3 4-6 5-7 9-11 12-14 0-1 6-7 8-9 14-15 3-7 8-12 9-13 10-14 4-6 5-7 9-11 12-14 13-15 4-5 6-7 10-11 14-15 5-13 6-14 7-15 3-7 8-12 9-13 1-3 4-6 5-7 9-11 12-14 0-1 2-3 10-11 12-13 14-15",1
798,26,0x07CE8259BF1DA634,"4 3 6 10 13 1 15 11 9 5 2 8 14 12 7 0",parallel_methods,15,"6-14 14-15 12-14 4-12 0-4 12-13 1-3 1-9 1-5 9-11 8-9 6-7 2-6 2-10 10-11",15,"9-11 2-3 2-10 3-7 3-11 1-3 1-5 6-7 8-9 14-15 7-15 12-14 4-12 0-4 12-13",15,"1-9 1-5 6-14 14-15 12-14 4-12 12-13 9-11 8-9 3-11 6-7 2-6 2-10 10-11 0-4",41,"0-1 2-3 4-5 8-9 10-11 12-13 4-6 9-11 2-3 6-7 8-9 12-13 3-7 8-12 9-13 1-3 4-6 5-7 12-14 0-1 2-3 4-5 6-7 10-11 4-12 5-13 6-14 7-15 2-6 3-7 8-12 9-13 1-3 4-6 8-10 9-11 12-14 0-1 6-7 8-9 12-13",1
799,34,0x31E50BDAC8269F74,"4 7 15 9 6 2 8 12 10 13 11 0 5 14 1 3",parallel_methods,18,"1-3 2-6 5-7 10-11 2-10 6-7 7-15 3-7 8-10 12-13 5-13 12-14 12-13 9-13 1-9 2-6 4-6 0-4",18,"0-4 1-3 2-6 0-2 5-7 6-7 2-6 7-15 3-7 10-11 8-10 0-8 12-13 5-13 12-14 12-13 9-13 1-9",18,"4-6 0-4 10-11 8-10 0-8 7-15 14-15 13-15 9-13 1-5 1-3 1-9 12-14 14-15 2-3 3-7 7-15 5-7",36,"4-5 6-7 14-15 4-6 5-7 9-11 2-3 6-7 8-9 12-13 2-6 3-7 8-12 1-3 4-6 9-11 12-14 0-1 4-5 12-13 14-15 4-12 5-13 6-14 7-15 1-5 2-6 3-7 8-12 9-13 0-2 1-3 12-14 0-1 4-5 10-11",1
800,36,0x5F71ED046328C9BA,"10 11 9 12 8 2 3 6 4 0 13 14 1 7 15 5",parallel_methods,20,"13-15 0-8 1-9 4-12 4-5 0-4 0-2 0-1 6-7 3-7 7-15 10-11 9-11 14-15 1-9 1-5 5-13 8-12 12-14 10-14",20,"0-2 13-15 10-11 1-9 0-1 6-7 3-7 5-7 5-13 9-11 12-13 9-13 1-9 4-12 7-15 8-12 4-12 14-15 10-14 2-10",20,"0-8 8-10 6-7 4-12 8-12 4-5 0-4 0-2 1-3 1-5 13-15 5-13 12-13 7-15 11-15 14-15 3-11 0-8 8-9 0-8",48,"2-3 4-5 6-7 8-9 10-11 1-3 4-6 12-14 0-1 2-3 4-5 6-7 10-11 14-15 0-4 1-5 2-6 3-7 8-12 9-13 0-2 1-3 9-11 12-14 0-1 2-3 14-15 3-11 4-12 5-13 6-14 7-15 2-6 3-7 8-12 9-13 10-14 0-2 1-3 9-11 12-14 13-15 0-1 4-5 8-9 10-11 12-13 14-15",1
801,34,0x372C0B51ED968A4F,"15 4 10 8 6 9 13 14 1 5 11 0 12 2 7 3",parallel_methods,18,"9-13 0-8 1-5 4-6 4-5 5-13 8-9 9-11 1-9 0-1 11-15 3-11 10-11 8-10 2-10 6-7 6-14 6-7",18,"0-1 0-4 1-3 1-9 1-5 6-7 6-14 7-15 3-7 8-9 1-9 10-11 2-10 0-2 13-15 7-15 6-7 2-6",18,"4-6 1-5 4-5 9-13 5-13 8-9 1-9 10-11 2-10 0-2 7-15 2-3 3-7 14-15 7-15 0-2 0-8 0-2",44,"0-1 6-7 12-13 1-3 4-6 5-7 9-11 12-14 6-7 8-9 10-11 12-13 14-15 2-6 3-7 8-12 9-13 1-3 4-6 9-11 12-14 13-15 2-3 10-11 14-15 2-10 3-11 4-12 5-13 6-14 7-15 0-4 1-5 2-6 3-7 8-12 0-2 1-3 5-7 8-10 9-11 0-1 2-3 6-7",1
802,28,0x6F4DCBEA17893502,"2 0 5 3 9 8 7 1 10 14 11 12 13 4 15 6",parallel_methods,16,"0-2 0-1 5-13 4-5 9-11 9-13 12-13 5-7 1-5 7-15 6-7 11-15 14-15 9-11 10-11 8-10",16,"0-2 0-1 4-5 1-5 10-11 8-10 12-13 4-12 8-12 14-15 5-7 1-9 1-5 5-7 6-7 6-14",16,"0-2 12-13 4-12 10-11 8-10 0-1 8-12 5-7 1-5 7-15 6-7 9-11 11-15 14-15 9-11 8-9",36,"0-1 4-5 10-11 12-13 9-11 12-14 2-3 4-5 14-15 3-7 8-12 9-13 1-3 4-6 5-7 9-11 2-3 4-5 6-7 10-11 12-13 6-14 7-15 8-12 9-13 10-14 11-15 5-7 8-10 9-11 12-14 13-15 4-5 10-11 12-13 14-15",1
803,28,0x30EC4789F215ABD6,"6 13 11 10 5 1 2 15 9 8 7 4 12 14 0 3",parallel_methods,14,"1-5 2-3 11-15 3-11 8-9 10-14 2-10 0-2 2-6 13-15 5-13 4-5 14-15 7-15",14,"1-5 2-3 11-15 3-11 8-9 10-14 2-10 0-2 2-6 13-15 5-13 4-5 14-15 7-15",14,"2-3 11-15 3-11 8-9 10-14 13-15 14-15 7-15 1-5 5-13 4-5 2-10 0-2 2-6",44,"4-5 6-7 8-9 14-15 1-3 4-6 8-10 9-11 6-7 8-9 12-13 1-5 2-6 3-7 8-12 9-13 0-2 1-3 4-6 0-1 2-3 4-5 6-7 10-11 12-13 4-12 5-13 6-14 7-15 2-6 3-7 8-12 9-13 1-3 4-6 8-10 9-11 12-14 0-1 2-3 4-5 6-7 8-9 12-13",1
804,32,0xEAB176839245C0DF,"15 13 0 12 5 4 2 9 3 8 6 7 1 11 10 14",parallel_methods,17,"0-2 10-14 2-6 3-11 3-7 4-5 6-14 8-9 9-11 3-11 9-13 9-11 12-13 14-15 1-5 5-13 1-5",17,"11-15 0-2 2-3 2-10 2-6 3-7 4-5 7-15 8-10 8-12 8-9 1-9 9-13 10-11 3-11 9-11 10-14",17,"4-5 8-9 3-11 3-7 0-2 9-11 3-11 9-13 9-11 2-10 10-14 14-15 12-13 9-13 1-9 9-13 2-6",37,"0-1 2-3 4-5 6-7 10-11 14-15 0-2 1-3 4-6 9-11 12-14 0-1 14-15 1-5 2-6 3-7 8-12 9-13 10-14 1-3 12-14 4-12 5-13 6-14 7-15 2-6 3-7 8-12 1-3 4-6 5-7 9-11 12-14 2-3 6-7 8-9 12-13",1
805,28,0x5FC097A2E138B6D4,"4 13 6 11 8 3 1 14 2 10 7 9 0 12 15 5",parallel_methods,16,"0-4 0-8 1-5 9-11 6-7 10-11 3-11 3-7 1-3 13-15 5-13 14-15 12-14 6-14 2-6 0-2",16,"0-4 0-8 2-6 0-2 7-15 5-7 9-11 10-11 3-11 3-7 14-15 12-13 1-5 5-13 1-5 0-1",16,"9-11 10-11 3-11 7-15 5-7 3-7 14-15 2-6 0-8 0-2 0-1 0-8 8-12 12-13 0-4 0-8",38,"2-3 4-5 6-7 10-11 1-3 4-6 9-11 12-14 14-15 2-6 3-7 8-12 9-13 0-2 1-3 4-6 12-14 0-1 4-5 6-7 10-11 12-13 4-12 5-13 6-14 7-15 2-6 3-7 8-12 9-13 1-3 4-6 9-11 12-14 0-1 6-7 12-13 14-15",1
806,36,0xAB374680F91CD52E,"14 2 5 13 12 1 9 15 0 8 6 4 7 3 11 10",parallel_methods,19,"0-2 0-1 1-5 2-6 0-2 0-8 3-11 4-12 8-9 10-14 6-14 11-15 10-11 13-15 7-15 3-7 6-7 4-6 6-7",19,"0-1 0-2 0-1 10-14 1-5 3-11 4-12 4-6 0-4 0-8 8-9 11-15 10-11 13-15 7-15 3-7 6-7 4-6 6-14",19,"0-2 0-1 1-5 4-12 2-10 2-6 0-2 0-8 8-9 14-15 10-14 3-11 11-15 13-15 7-15 3-7 5-7 4-5 5-7",41,"0-1 2-3 4-5 6-7 12-13 1-3 4-6 9-11 12-14 13-15 6-7 14-15 2-6 3-7 8-12 9-13 10-14 1-3 4-6 12-14 0-1 2-3 4-5 6-7 10-11 14-15 3-11 4-12 5-13 6-14 7-15 2-6 3-7 1-3 4-6 8-10 9-11 0-1 2-3 4-5 10-11",1
807,34,0x5748A96F01BC2ED3,"3 13 14 2 12 11 1 0 15 6 9 10 8 4 7 5",parallel_methods,18,"6-7 2-6 0-2 2-3 5-7 1-5 7-15 8-12 10-11 9-11 11-15 12-13 4-12 14-15 6-14 13-15 5-13 5-7",18,"0-1 2-6 2-3 1-3 6-14 5-13 6-7 8-9 8-12 4-12 4-6 0-4 4-5 9-13 10-11 9-11 13-15 5-13",18,"8-12 12-13 4-12 10-11 13-15 6-7 2-6 0-2 2-3 5-7 1-5 5-13 9-11 14-15 7-15 11-15 14-15 6-14",40,"4-5 8-9 10-11 12-13 1-3 9-11 12-14 0-1 2-3 4-5 12-13 14-15 2-6 3-7 8-12 0-2 1-3 8-10 9-11 0-1 4-5 8-9 10-11 12-13 4-12 5-13 6-14 7-15 8-12 4-6 5-7 8-10 9-11 12-14 4-5 6-7 8-9 10-11 12-13 14-15",1
808,40,0xA531C67B908EFD42,"2 4 13 15 14 8 0 9 11 7 6 12 1 3 5 10",parallel_methods,21,"0-2 0-1 14-15 3-7 4-6 0-4 5-13 7-15 5-7 9-11 3-11 3-7 8-9 9-11 10-14 6-14 12-13 8-12 1-5 5-13 1-5",21,"0-1 2-6 3-7 9-11 3-11 4-6 4-5 0-4 5-13 8-9 8-12 0-8 0-1 0-2 9-11 14-15 7-15 5-7 3-7 10-14 6-14",21,"2-10 2-6 0-2 9-13 9-11 3-11 11-15 10-11 5-13 5-7 9-13 8-9 9-11 12-13 5-13 9-13 1-5 6-14 4-6 4-5 6-14",39,"2-3 4-5 6-7 8-9 10-11 14-15 4-6 9-11 12-14 13-15 2-3 4-5 8-9 10-11 14-15 2-6 3-7 8-12 1-3 4-6 8-10 9-11 0-1 2-3 4-5 8-9 3-11 4-12 5-13 6-14 7-15 2-6 3-7 8-12 1-3 4-6 9-11 2-3 8-9",1
809,36,0xEF20C351D89B467A,"10 7 6 4 11 9 8 13 1 5 3 12 0 2 15 14",parallel_methods,18,"0-8 1-3 0-1 0-4 2-6 0-2 2-10 5-13 5-7 3-7 2-3 9-13 5-13 10-11 8-10 8-12 0-8 14-15",18,"0-8 1-3 0-1 0-4 2-6 0-2 2-10 5-13 5-7 3-7 2-3 9-13 5-13 10-11 8-10 8-12 0-8 14-15",18,"1-5 5-7 9-13 5-13 14-15 4-6 2-6 2-10 10-11 1-9 1-3 2-3 0-8 8-10 4-12 8-12 0-1 0-4",46,"0-1 4-5 6-7 10-11 0-2 1-3 4-6 9-11 12-14 13-15 0-1 10-11 14-15 3-7 8-12 9-13 4-6 5-7 12-14 6-7 10-11 12-13 3-11 4-12 5-13 6-14 7-15 0-4 1-5 2-6 3-7 8-12 9-13 10-14 0-2 1-3 5-7 9-11 12-14 13-15 0-1 2-3 6-7 8-9 10-11 14-15",1
